tree
version=v4
num_class=1
num_tree_per_iteration=1
label_index=0
max_feature_idx=57
objective=binary sigmoid:1
feature_names=Column_0 Column_1 Column_2 Column_3 Column_4 Column_5 Column_6 Column_7 Column_8 Column_9 Column_10 Column_11 Column_12 Column_13 Column_14 Column_15 Column_16 Column_17 Column_18 Column_19 Column_20 Column_21 Column_22 Column_23 Column_24 Column_25 Column_26 Column_27 Column_28 Column_29 Column_30 Column_31 Column_32 Column_33 Column_34 Column_35 Column_36 Column_37 Column_38 Column_39 Column_40 Column_41 Column_42 Column_43 Column_44 Column_45 Column_46 Column_47 Column_48 Column_49 Column_50 Column_51 Column_52 Column_53 Column_54 Column_55 Column_56 Column_57
feature_infos=[-3:3] [-2.1418586472986632:3] [-1.1549499306106261:3] [-1.2514111269761041:3] [-3:3] [-3:3] [-1.3424599716480721:3] [-3:1.3450827284360256] [-3:3] [-3:3] [-3:3] [-3:3] [-3:3] [-3:3] [-3:3] [-3:3] [-3:3] [-3:3] [-1.6914693270263619:3] [-2.0224509901515266:3] [-1.8351572547576507:3] [-1.6103689148784923:3] [-1.6523655192621225:3] [-1.6311875062968288:3] [-2.5918546365129895:3] [-1.5381454999381257:3] [-1.910726165479931:3] [-1.763278563135664:3] [-1.2780115011455202:3] [-3:1.3795350000349771] [-1.3047777938654461:3] [-3:1.5183263635006992] [-1.4886661662281593:3] [-3:1.4815763801197335] [-1.5525739096585447:3] [-3:1.6408608900809478] [-1.9710954737405009:3] [-3:2.4826000729458038] [-1.4051890822496751:1.6291337772074235] [-1.5169657867606794:2.1053421562906691] [-1.7583286950167532:2.514817784181699] [-1.9194882540549927:2.5751850201738193] [-2.3335251480788015:3] [-2.0234722784297863:2.0234722784297863] [-2.0234722784297863:2.0234722784297863] [-3:3] [-2.6979630379063817:3] [-3:2.6979630379063817] [-2.6979630379063808:3] [-3:3] [-3:3] [-3:3] [-3:3] [-3:3] [-3:3] [-3:2.697963037906383] [-3:3] [-3:3]
tree_sizes=988 1007 999 996 1000 995 996 999 1003 994 1000 1007 983 1007 975 995 1005 999 1005 997 978 994 1006 993 1003 1004 994 980 986 1005 1003 997 1006 1004 1004 1002 1004 1003 992 1010 999 1004 1007 995 1002 1002 1004 995 1009 992 1009 1005 1000 1010 1000 990 991 998 1002 992 1006 995 1003 1003 1002 1000 978 949 999 985 998 1005 1005 1002 997 987 986 999 995 988 1003 994 1006 1002 995 1005 993 1001 1007 1005 992 1001 1011 1002 1000 1002 1001 1013 995 999 993 1002 1005 1004 991 990 1002 1001 1003 1010 987 983 1005 976 1003 1003 1013 974 1004 974 999 1007 994 985 1001 1002 1002 1004 1001 1006 978 1015 1005 1010 1009 1006 993 1001 989 1007 1002 1002 995 1005 894 989 1001 1014 1003 992 989 996 1000 1004 1000 1007 1007 996 998 998 977 982 976 997 1006 1001 978 1000 993 989 997 1002 1001 1003 1004 1000 1003 1000 977 982 981 999 983 999 996 1008 1007 991 1004 997 1006 1000 985 992 1007 850 988 1008 978 1003

Tree=0
num_leaves=8
num_cat=0
split_feature=13 56 5 26 13 44 35
split_gain=19.7038 15.68 12.0209 10.6578 8.88565 8.13728 9.85432
threshold=1.2924006513151391 -1.3489815189531889 -1.6602835659818578 2.6196765648581675 1.5793608936707308 0.67449075947659554 1.2219248084729704
decision_type=2 2 2 2 2 2 2
left_child=1 2 -1 -3 -2 -6 -7
right_child=4 3 -4 -5 5 6 -8
leaf_value=-0.06615236346483766 -0.0542781234026911 -0.078965480204982785 -0.098109524427924352 -0.062809230189389165 -0.081298968087420487 -0.056374497275405749 -0.087935419731023381
leaf_weight=11.483111113309858 36.196763291954994 673.25979723036289 60.411149770021439 37.694560393691063 42.687217399477959 37.195294693112373 10.234946861863135
leaf_count=46 145 2697 242 151 171 149 41
internal_value=-0.0776614 -0.0794533 -0.0927251 -0.0780695 -0.0667391 -0.0720998 -0.0635865
internal_weight=909.163 782.849 71.8943 710.954 126.314 90.1175 47.4302
internal_count=3642 3136 288 2848 506 361 190
is_linear=0
shrinkage=1


Tree=1
num_leaves=8
num_cat=0
split_feature=34 30 35 1 25 7 12
split_gain=18.7933 10.6637 9.02725 8.95435 7.98598 10.1567 9.78713
threshold=0.49500278066900949 -1.1124902652129807 -0.61107310327271769 -0.2311293119501506 -0.052987320646668529 -1.3936593585933024 0.42341677090926111
decision_type=2 2 2 2 2 2 2
left_child=1 -1 3 -3 -2 -6 -7
right_child=4 2 -4 -5 5 6 -8
leaf_value=0.019498461027992166 0.012050623220802336 -0.022296660798733828 -0.0018246552305928275 -0.006531921418069451 -0.016809316664844663 0.0077949602501706837 -0.0071625829175053432
leaf_weight=15.476263806223868 96.613197788596153 40.931470602750778 354.44781330227852 177.46497610211372 22.717346206307411 150.03605559468269 51.421122118830681
leaf_count=62 387 164 1420 711 91 601 206
internal_value=-0.000948768 -0.00414538 -0.00484316 -0.00964305 0.00486183 0.00165728 0.0038865
internal_weight=909.108 588.321 572.844 218.396 320.788 224.175 201.457
internal_count=3642 2357 2295 875 1285 898 807
is_linear=0
shrinkage=0.03


Tree=2
num_leaves=8
num_cat=0
split_feature=13 30 16 42 4 41 35
split_gain=18.1439 11.0643 12.4308 9.82331 9.20835 8.4484 9.85823
threshold=1.2924006513151391 -1.1124902652129807 -0.62814068178312366 -1.0078933444645191 1.6145960141445033 0.041110700917880799 1.2219248084729704
decision_type=2 2 2 2 2 2 2
left_child=1 -1 4 -2 -3 6 -5
right_child=3 2 -4 5 -6 -7 -8
leaf_value=0.019884092414656565 -0.003813723860193258 -0.012677779170109794 -0.00088327306698926945 0.023811515809191778 0.0032255869335264275 -0.00042552431892631037 -0.010244828510627189
leaf_weight=17.983384653925896 33.967119440436363 164.166762560606 561.85890436172485 61.689635872840881 38.680529683828354 23.219311982393265 7.4875657111406317
leaf_count=72 136 658 2251 247 155 93 30
internal_value=-0.000921402 -0.00264218 -0.00321679 0.00955627 -0.00957067 0.0146202 0.0198181
internal_weight=909.053 782.69 764.706 126.364 202.847 92.3965 69.1772
internal_count=3642 3136 3064 506 813 370 277
is_linear=0
shrinkage=0.03


Tree=3
num_leaves=8
num_cat=0
split_feature=13 56 5 7 12 12 13
split_gain=17.0434 14.3991 11.211 10.7781 8.90873 10.7638 7.16344
threshold=1.2924006513151391 -1.3489815189531889 -1.6602835659818578 -1.3666430514157553 1.5430558280541715 -1.0788969614879258 1.5793608936707308
decision_type=2 2 2 2 2 2 2
left_child=1 2 -1 -2 5 -3 -5
right_child=3 4 -4 6 -6 -7 -8
leaf_value=0.010337020999186205 -0.018823255671088533 0.0073559576435281004 -0.020501334210077223 0.023592411029630458 0.012130910937379707 -0.0036249475083319441 0.0067755460519532632
leaf_weight=11.485376328229902 9.9895944446325284 91.623294204473495 60.318032965064049 33.735478684306145 40.924728184938431 578.23304228484631 82.666862979531288
leaf_count=46 40 367 242 135 164 2317 331
internal_value=-0.000893747 -0.00256234 -0.0152883 0.009259 -0.00123601 -0.00209189 0.0119366
internal_weight=908.976 782.584 71.8034 126.392 710.781 669.856 116.402
internal_count=3642 3136 288 506 2848 2684 466
is_linear=0
shrinkage=0.03


Tree=4
num_leaves=8
num_cat=0
split_feature=34 3 26 2 0 26 30
split_gain=16.7129 11.1119 9.84 8.91088 9.26767 8.70393 7.27915
threshold=0.49500278066900949 1.1209547590272673 -0.85044151633506615 -0.79232042681026038 0.88844588039508243 2.3142939305315324 -1.0622047064407691
decision_type=2 2 2 2 2 2 2
left_child=1 2 -1 5 -5 -2 -4
right_child=3 -3 6 4 -6 -7 -8
leaf_value=0.0082381348832360392 -0.011901118871420252 -0.011977127915038993 0.01444924935457406 0.0092090638617151523 -0.0059835888759015889 0.020869993679029121 -0.0045690006337944225
leaf_weight=73.108361035585403 44.19006758928299 120.73764882981777 17.732048943638802 228.22202368080616 40.935238778591156 7.4935831427574149 376.46153736114502
leaf_count=293 177 484 71 914 164 30 1509
internal_value=-0.00086502 -0.00388176 -0.00173701 0.00461236 0.00682934 -0.00655899 -0.00364115
internal_weight=908.881 588.04 467.302 320.841 269.157 51.6837 394.194
internal_count=3642 2357 1873 1285 1078 207 1580
is_linear=0
shrinkage=0.03


Tree=5
num_leaves=8
num_cat=0
split_feature=12 8 6 5 45 22 4
split_gain=13.3489 11.0862 10.8474 11.8461 10.4179 10.2017 7.96942
threshold=0.488928116327002 -1.8644308788689641 0.4623083265514864 1.5527447234181311 1.8548495885606371 -0.74195527435332786 1.4713576279314522
decision_type=2 2 2 2 2 2 2
left_child=2 -2 -1 5 6 -4 -3
right_child=1 4 3 -5 -6 -7 -8
leaf_value=0.00089083745980575403 0.021944194097380434 -0.0088728877722812367 -0.007192727036844539 -0.0032721106323958878 0.019992152106036911 0.015754856591553439 0.0051820900073414238
leaf_weight=409.25588583946228 12.984531611204146 224.19224721193314 18.220798075199127 49.944534495472908 12.722240954637526 147.28248198330402 41.176537826657295
leaf_count=1640 52 899 73 200 51 590 165
internal_value=0.00132351 -0.00394873 0.00380643 0.00924575 -0.00528575 0.0131104 -0.00662444
internal_weight=915.779 291.076 624.704 215.448 278.091 165.503 265.369
internal_count=3670 1167 2503 863 1115 663 1064
is_linear=0
shrinkage=0.03


Tree=6
num_leaves=8
num_cat=0
split_feature=54 4 4 41 26 4 25
split_gain=10.8539 8.40492 10.8699 9.31897 7.50661 9.08136 9.0614
threshold=0.42717748100184361 -0.14413912792609998 1.7540701300474963 -0.41836292165355399 -0.90286019911657178 1.0950004262353097 -0.80202118679403656
decision_type=2 2 2 2 2 2 2
left_child=4 -2 3 -3 -1 -6 -7
right_child=1 2 -4 -5 5 6 -8
leaf_value=0.013379375982167756 0.0029500444827274771 0.0094076468546166192 0.0079623499006996577 -0.012650281627139007 0.004074404328507239 0.0080968929026043034 -0.014371221273393736
leaf_weight=64.14450204372406 123.95584408938885 17.968011870980263 34.700027883052826 147.82847441732883 455.3120916634798 21.964275449514389 49.908959224820137
leaf_count=257 497 72 139 593 1824 88 200
internal_value=0.00128571 -0.0030923 -0.00689849 -0.0101278 0.00371433 0.00248685 -0.0072823
internal_weight=915.782 324.452 200.497 165.796 591.33 527.185 71.8732
internal_count=3670 1301 804 665 2369 2112 288
is_linear=0
shrinkage=0.03


Tree=7
num_leaves=8
num_cat=0
split_feature=12 36 42 33 6 1 22
split_gain=12.3148 12.1378 10.4654 10.3839 9.97216 13.4642 12.5224
threshold=0.488928116327002 0.28159498259640542 -0.017347587055144484 -0.59582152919938169 0.4623083265514864 1.0403832686572521 -0.65834274926464453
decision_type=2 2 2 2 2 2 2
left_child=4 2 -2 -4 -1 6 -6
right_child=1 -3 3 -5 5 -7 -8
leaf_value=0.00083667316980092789 -0.032930100925221369 0.012025587799609033 -0.010025158697854466 0.002390238266202274 -0.0053765206076981228 -0.0015796277435440459 0.018010431833635609
leaf_weight=409.26993097364902 11.725602135062216 36.441875144839287 139.57461959123611 103.2390056848526 23.215931490063667 71.669989138841629 120.64478108286858
leaf_count=1640 47 146 560 414 93 287 483
internal_value=0.00124918 -0.00381505 -0.0061798 -0.00469673 0.00363398 0.0088481 0.0141217
internal_weight=915.782 290.981 254.539 242.814 624.801 215.531 143.861
internal_count=3670 1167 1021 974 2503 863 576
is_linear=0
shrinkage=0.03


Tree=8
num_leaves=8
num_cat=0
split_feature=16 28 2 37 7 9 14
split_gain=11.3679 11.1611 16.5401 10.2958 9.09546 8.97275 13.9192
threshold=-0.79774947777062277 -0.83043983354449635 1.394343436918698 -0.13761379057042653 -0.92626638459508548 0.33244552599868465 0.30212107210250388
decision_type=2 2 2 2 2 2 2
left_child=1 -1 3 -3 -2 6 -6
right_child=4 2 -4 -5 5 -7 -8
leaf_value=0.010263742377457542 -0.0034502555965740746 -0.019268053534929004 0.0033305251029971798 0.014888036112833094 -0.0039564203486224759 0.011873936909286854 0.0068563544846932606
leaf_weight=32.686643645167351 154.43783603608608 88.931084007024765 61.315899446606636 7.4824570268392554 172.19638121128082 123.00787989795208 275.70291289687157
leaf_count=131 619 357 246 30 690 493 1104
internal_value=0.00121066 -0.00526713 -0.00862452 -0.0163377 0.00293675 0.00469376 0.00266638
internal_weight=915.761 190.416 157.729 96.4135 725.345 570.907 447.899
internal_count=3670 764 633 387 2906 2287 1794
is_linear=0
shrinkage=0.03


Tree=9
num_leaves=8
num_cat=0
split_feature=55 3 3 36 14 26 11
split_gain=11.4011 10.3619 9.8556 8.42409 7.61245 7.54674 7.43954
threshold=0.59017941454201905 2.0965761377932668 -0.40366760765623083 -1.012852519307945 2.1671634571615974 -0.77532034726922239 -0.55639742611773879
decision_type=2 2 2 2 2 2 2
left_child=1 6 3 -2 -4 -5 -1
right_child=2 -3 4 5 -6 -7 -8
leaf_value=3.91043183651845e-05 0.014054414267518474 -0.0079400055099089536 -0.0013534331374547382 0.012808782024581949 0.032955548192532616 -0.019459221774720231 0.007183982691919711
leaf_weight=209.0646279156208 7.9785772264003745 63.866232171654701 188.66175712645054 5.9885863512754431 4.997548595070838 63.853568583726883 371.3231289088726
leaf_count=837 32 256 757 24 20 256 1488
internal_value=0.00117548 0.00335982 -0.00394648 -0.0128938 -0.000226252 -0.0163389 0.00464058
internal_weight=915.734 644.254 271.48 77.8207 193.659 69.8422 580.388
internal_count=3670 2581 1089 312 777 280 2325
is_linear=0
shrinkage=0.03


Tree=10
num_leaves=8
num_cat=0
split_feature=12 37 5 27 3 21 37
split_gain=12.6201 9.45206 9.28888 10.7962 7.74409 6.99056 4.51979
threshold=0.50269744677229222 -2.1764402816096777 2.541282403070571 -0.14924825401850042 1.9694223954005687 -0.27285931604702734 -0.55433013504217488
decision_type=2 2 2 2 2 2 2
left_child=1 5 3 -3 -2 -1 -6
right_child=4 2 -4 -5 6 -7 -8
leaf_value=0.0042876461500616896 -0.0033749331254512784 0.0083629030293115181 -0.019454471163678998 7.6045418713439661e-05 -0.021598224870232295 -0.03436635724986898 0.0029769184830896714
leaf_weight=5.4895345270633706 247.77572931349277 230.40817134082317 15.485886901617048 373.77210855484009 35.346740052103996 9.9739296287298167 6.7262685298919669
leaf_count=22 994 923 62 1497 142 40 27
internal_value=-0.000316331 0.00203372 0.00264719 0.00326968 -0.00550673 -0.0203061 -0.0173432
internal_weight=924.978 635.13 619.666 604.18 289.849 15.4635 42.073
internal_count=3707 2544 2482 2420 1163 62 169
is_linear=0
shrinkage=0.03


Tree=11
num_leaves=8
num_cat=0
split_feature=17 14 27 19 52 0 39
split_gain=12.6724 8.7746 7.07551 10.3454 7.75692 8.94498 8.10731
threshold=-0.7197671946316061 -2.5858484530648735 -0.12557751776091189 -0.83991451035820763 0.39345294302801398 0.88844588039508243 1.2046838039993715
decision_type=2 2 2 2 2 2 2
left_child=1 -1 3 -2 5 -4 -6
right_child=2 -3 4 -5 6 -7 -8
leaf_value=0.010019590033235678 -0.009325388224580235 -0.0093181359001945577 0.0029176922578961003 0.0075447484437413696 -0.011287412959905607 -0.011321494432947601 0.024386174660082617
leaf_weight=22.422075510025024 36.196290194988251 176.08715595304966 317.39305844902992 241.87773272395134 81.801570445299149 44.152689814567566 4.9907265454530707
leaf_count=90 145 707 1271 969 328 177 20
internal_value=-0.000308459 -0.00701944 0.00151198 0.0052695 -0.000791715 0.00111097 -0.00881085
internal_weight=924.921 198.509 726.412 278.074 448.338 361.546 86.7923
internal_count=3707 797 2910 1114 1796 1448 348
is_linear=0
shrinkage=0.03


Tree=12
num_leaves=8
num_cat=0
split_feature=17 3 8 13 2 2 55
split_gain=11.92 13.8521 10.9735 9.66448 7.97961 9.8072 9.21951
threshold=-0.7197671946316061 1.9694223954005687 0.77836846651560276 0.086305808261077685 0.035829658979617873 -0.1756161418239405 0.67449075947659465
decision_type=2 2 2 2 2 2 2
left_child=1 2 3 -1 5 -2 -6
right_child=4 -3 -4 -5 6 -7 -8
leaf_value=-0.020494430532884814 0.0007628555241249586 -0.023364205962791124 0.004935667031478747 0 0.0073324963799955437 -0.011551208193551651 -0.0050344387794620873
leaf_weight=41.821890592575073 321.22740013897419 36.275316223502159 79.211027160286903 41.115527421236038 269.96417221426964 69.639506787061691 65.58753015100956
leaf_count=168 1287 146 318 165 1081 279 263
internal_value=-0.000298667 -0.00680949 -0.00289347 -0.0105193 0.00146608 -0.0014167 0.00486289
internal_weight=924.842 198.424 162.148 82.9374 726.419 390.867 335.552
internal_count=3707 797 651 333 2910 1566 1344
is_linear=0
shrinkage=0.03


Tree=13
num_leaves=8
num_cat=0
split_feature=17 13 53 4 2 2 17
split_gain=11.2374 9.40615 12.7834 10.7692 7.50509 9.2409 6.84507
threshold=-0.7197671946316061 -1.9553076597564412 -1.0117361392148929 -0.1252870876381488 0.035829658979617873 -0.1756161418239405 -0.48904168227483164
decision_type=2 2 2 2 2 2 2
left_child=1 2 -1 -3 5 6 -2
right_child=4 3 -4 -5 -6 -7 -8
leaf_value=-0.0084260818818949635 0.014122261981268281 -0.0011095358281171446 0.025321157978298311 -0.016944244780135918 0.0047153805303544851 -0.011214407623483885 -0.00063960900036290238
leaf_weight=21.417999386787415 30.17531056702137 73.198130220174789 16.950006484985352 86.752394989132881 335.58513170480728 69.609533876180649 291.06048774719238
leaf_count=86 121 294 68 349 1344 279 1166
internal_value=-0.000291505 -0.00661556 0.00636606 -0.00984292 0.00142109 -0.00137397 0.000740021
internal_weight=924.749 198.319 38.368 159.951 726.43 390.845 321.236
internal_count=3707 797 154 643 2910 1566 1287
is_linear=0
shrinkage=0.03


Tree=14
num_leaves=8
num_cat=0
split_feature=12 11 12 27 18 2 29
split_gain=10.6043 12.7866 10.2974 9.3702 7.68745 7.61544 5.82828
threshold=0.50269744677229222 1.6215744618808554 0.11506792145691321 2.6191963630680033 2.998390359188341 -1.0639298601611762 0.11478442762263789
decision_type=2 2 2 2 2 2 2
left_child=1 2 5 -4 -2 -1 -3
right_child=4 6 3 -5 -6 -7 -8
leaf_value=-0.021580269654433142 -0.0065715816423442229 -0.03554161262818472 0.012715021925967129 -0.015912631442397334 0.010540455800319509 0.0012505052260461998 0
leaf_weight=12.481714606285093 265.10528591275215 10.714565545320513 116.01807476580143 9.9861183166503888 24.41167514026165 480.45350085198879 5.4900438338518134
leaf_count=50 1065 43 465 40 98 1924 22
internal_value=-0.000283136 0.00186875 0.00259572 0.0102207 -0.00504577 0.000599514 -0.0235633
internal_weight=924.661 635.144 618.939 126.004 289.517 492.935 16.2046
internal_count=3707 2544 2479 505 1163 1974 65
is_linear=0
shrinkage=0.03


Tree=15
num_leaves=8
num_cat=0
split_feature=56 26 15 56 6 25 56
split_gain=12.6958 10.4372 10.0127 8.46937 6.14461 6.0677 5.3819
threshold=0.89932101263546083 -0.5151490957021333 0.8649541877454755 -1.6862268986914886 -0.98273987558607123 -1.0279968280923193 1.0117361392148936
decision_type=2 2 2 2 2 2 2
left_child=1 2 5 -3 -2 -1 -6
right_child=4 3 -4 -5 6 -7 -8
leaf_value=-0.013198155084456006 -0.013246981990288282 -0.02271221337314356 0.025418651963612631 -0.0023550032185660117 0.022116728442123122 0.0041217946289781419 0.0071132908337350111
leaf_weight=18.717140182852745 9.4777698665857297 18.375736132264137 17.989289790391922 492.94009783864021 27.726766109466553 201.81905718147755 122.37340058386326
leaf_count=75 38 74 72 1977 111 809 490
internal_value=0.000894389 -0.000725673 0.00441886 -0.00315879 0.00855743 0.00253118 0.0101121
internal_weight=909.419 749.841 238.525 511.316 159.578 220.536 150.1
internal_count=3646 3007 956 2051 639 884 601
is_linear=0
shrinkage=0.03


Tree=16
num_leaves=8
num_cat=0
split_feature=57 10 18 2 2 2 3
split_gain=12.4321 9.95408 14.4395 9.76613 8.03759 7.94332 7.63818
threshold=-0.77887623415749674 0.67946760930924299 0.11730293742763698 -0.60206932428007043 0.27323242130989339 2.9999972753497208 1.3423327597529158
decision_type=2 2 2 2 2 2 2
left_child=3 5 4 -1 -3 -2 -5
right_child=1 2 -4 6 -6 -7 -8
leaf_value=-0.0035051312298343676 0.0020188816291772829 -0.026808653760103301 -0.00064781815303386085 0.015278337387901046 -0.0054882326149251707 -0.018093311939924816 -0.0016690293958106081
leaf_weight=49.18003648519516 498.83543191850185 37.814338877797127 135.12255494296551 111.40866783261299 31.587826281785965 17.222481936216354 28.213828563690186
leaf_count=197 1999 152 543 446 127 69 113
internal_value=0.000867306 -0.000912146 -0.00650818 0.00770681 -0.0175337 0.00128497 0.0117596
internal_weight=909.385 720.583 204.525 188.803 69.4022 516.058 139.622
internal_count=3646 2890 822 756 279 2068 559
is_linear=0
shrinkage=0.03


Tree=17
num_leaves=8
num_cat=0
split_feature=16 26 8 24 20 0 6
split_gain=10.6364 10.0989 10.3176 9.93061 9.89178 6.16075 5.06245
threshold=-0.61354965211131873 -0.80195138800615207 1.6359323103578871 1.141977211198548 1.0025944530066415 -0.46006241709144835 -0.92341767608261616
decision_type=2 2 2 2 2 2 2
left_child=1 5 3 -3 -4 -1 -2
right_child=6 2 4 -5 -6 -7 -8
leaf_value=-0.015766118402571916 -0.0055540584666794787 -0.016494833322197588 0.020954242877488618 0.00048541261189661997 -0.0050268710250273288 0.015283158609846435 0.0035962217581678997
leaf_weight=5.7358601689338675 57.610176518559456 102.67535734176636 18.424468904733658 41.730898126959801 38.811860710382462 30.421332359313965 613.9271415323019
leaf_count=23 231 413 74 168 156 122 2459
internal_value=0.000837535 -0.00457894 -0.00724166 -0.0115151 0.00329512 0.00966216 0.00278184
internal_weight=909.337 237.8 201.643 144.406 57.2363 36.1572 671.537
internal_count=3646 956 811 581 230 145 2690
is_linear=0
shrinkage=0.03


Tree=18
num_leaves=8
num_cat=0
split_feature=57 33 13 9 6 12 19
split_gain=11.5873 10.9213 15.5702 9.33679 8.83304 7.55872 12.0057
threshold=-0.77887623415749674 -0.63785726568421419 -0.98329071949754521 0.11527064211771679 1.2593848619513748 -0.74875309104395671 0.65109202030676239
decision_type=2 2 2 2 2 2 2
left_child=-1 2 3 -2 -4 6 -3
right_child=1 5 4 -5 -6 -7 -8
leaf_value=0.0074150678390112216 -0.027093517858906298 -0.014331910552009906 -0.017513329361969251 0.0056846687426359644 -0.00014323052295475518 0.0032185594917891985 0.013113752418207746
leaf_weight=188.81386877596378 7.4696637094020835 54.18927863240242 97.877131506800652 90.131289213895798 38.334184110164642 414.48000884056091 17.984315574169159
leaf_count=756 30 217 394 362 154 1661 72
internal_value=0.000811832 -0.000905779 -0.00623359 0.0027746 -0.0127708 0.00163074 -0.00720222
internal_weight=909.28 720.466 233.812 97.601 136.211 486.654 72.1736
internal_count=3646 2890 940 392 548 1950 289
is_linear=0
shrinkage=0.03


Tree=19
num_leaves=8
num_cat=0
split_feature=12 0 38 12 37 24 23
split_gain=11.1605 9.15365 9.87041 8.88357 6.80201 6.23819 6.89663
threshold=0.50269744677229222 -2.271314465941733 -1.0257031634604936 1.5430558280541715 -2.1764402816096777 1.0669761659637416 -0.74868860529254488
decision_type=2 2 2 2 2 2 2
left_child=1 -1 -3 -2 -4 6 -5
right_child=3 2 4 5 -6 -7 -8
leaf_value=-0.016339377442344292 -0.0070816723314080718 0.01648274198092425 -0.016834611940959192 0.0152437605073434 0.0031119021940251373 0.017292478415284501 -0.010006214742179678
leaf_weight=19.972193345427513 216.93070636689663 49.465487435460091 14.649179339408873 13.418205127120016 542.55747796595097 23.885149836540222 28.336940035223961
leaf_count=80 872 198 59 54 2173 96 114
internal_value=0.000786006 0.00303068 0.00371888 -0.00413213 0.00253141 0.00535054 -0.00137443
internal_weight=909.215 626.644 606.672 282.571 557.207 65.6403 41.7551
internal_count=3646 2510 2430 1136 2232 264 168
is_linear=0
shrinkage=0.03


Tree=20
num_leaves=8
num_cat=0
split_feature=13 56 35 7 38 7 44
split_gain=13.1568 9.73725 9.54215 10.5408 7.63634 12.0648 7.56064
threshold=1.3281156119223347 -1.067943702504609 1.1395541403120306 -1.1345455193971736 0.61935854019636205 0.10937725701976238 1.0000000180025095e-35
decision_type=2 2 2 2 2 2 2
left_child=1 -1 3 -2 -3 -6 -5
right_child=2 4 -4 6 5 -7 -8
leaf_value=-0.010833318543103746 -0.01030528003631488 -0.002465810355368398 -0.0088946417521982429 0 0.00095465485983054702 0.019897841998404619 0.021521624524653404
leaf_weight=90.086425691843033 13.72048383951187 483.96729458868504 20.487670138478279 19.222732692956924 174.30927681922913 36.17582793533802 66.921768173575401
leaf_count=363 55 1940 82 77 699 145 268
internal_value=-0.000168392 -0.00160467 0.00900666 0.0128797 -0.000372073 0.00436002 0.0168204
internal_weight=904.891 784.539 120.353 99.865 694.452 210.485 86.1445
internal_count=3629 3147 482 400 2784 844 345
is_linear=0
shrinkage=0.03


Tree=21
num_leaves=8
num_cat=0
split_feature=55 9 14 26 35 28 9
split_gain=9.77718 10.8846 13.6197 7.92169 6.46419 5.68031 6.56505
threshold=-1.0117361392148936 -2.7358434109851242 2.0930290305817802 -0.5151490957021333 1.0871148828058663 1.7295339640075362 -1.3061915313313577
decision_type=2 2 2 2 2 2 2
left_child=5 -2 3 -3 -4 6 -1
right_child=1 2 4 -5 -6 -7 -8
leaf_value=-0.013993318842034726 -0.028390405928777292 0.0028077815114927419 0.031132300102783932 -0.0037455089738404096 -0.0017044008728338011 0.022169748233878829 0.0078255783373234206
leaf_weight=13.235609650611876 12.238909050822256 242.21559526026249 16.233305454254154 511.47348040342331 6.496004492044448 20.224277496337891 82.673425763845444
leaf_count=53 49 971 65 2053 26 81 331
internal_value=-0.000162922 -0.0013787 -0.00089764 -0.00161865 0.0214392 0.0079066 0.00454642
internal_weight=904.791 788.657 776.418 753.689 22.7293 116.133 95.909
internal_count=3629 3164 3115 3024 91 465 384
is_linear=0
shrinkage=0.03


Tree=22
num_leaves=8
num_cat=0
split_feature=13 28 29 13 13 11 4
split_gain=12.1245 8.9629 9.12212 12.9486 8.85632 7.72549 7.60931
threshold=1.3281156119223347 -0.65166284645063499 -0.1298090289082707 -1.5154646807233865 2.0330428175666904 0.68807574893493151 0.13142572363586696
decision_type=2 2 2 2 2 2 2
left_child=1 2 3 -1 -2 -3 -7
right_child=4 5 -4 -5 -6 6 -8
leaf_value=0.013391145903228163 0.015612279241543544 -0.0012795493417695357 0.016626658204628216 -0.0058854378083416379 -0.00050947002396186563 -0.0032399770870005099 -0.017097385627961752
leaf_weight=46.163407981395721 68.898053556680679 452.67731475830078 40.664222806692123 92.22920760512352 51.419932216405869 89.737323626875877 62.922441750764847
leaf_count=185 276 1814 163 370 206 361 254
internal_value=-0.000157026 -0.00153653 0.00430761 0.000486951 0.00865133 -0.0032942 -0.00912336
internal_weight=904.712 784.394 179.057 138.393 120.318 605.337 152.66
internal_count=3629 3147 718 555 482 2429 615
is_linear=0
shrinkage=0.03


Tree=23
num_leaves=8
num_cat=0
split_feature=55 9 14 24 25 24 20
split_gain=9.11367 10.3176 12.8915 5.77639 5.05657 5.02042 6.6051
threshold=-1.0117361392148936 -2.7358434109851242 2.3334756579028553 2.5430996045736607 0.50881972307921675 0.56655347855826987 0.40933664806863607
decision_type=2 2 2 2 2 2 2
left_child=3 -2 -3 5 -4 -1 -7
right_child=1 2 4 -5 -6 6 -8
leaf_value=0.010599832438178879 -0.02763496280959445 -0.0014736030951783389 0.036600243355026145 0.028717815450612926 0.0014493726336194659 0.013478935713969617 -0.010806298590083998
leaf_weight=63.44207289814949 12.229887157678602 759.00149016082287 10.241164639592172 9.9885119050741178 6.9881285279989234 13.987803414463995 28.707881420850754
leaf_count=254 49 3046 41 40 28 56 115
internal_value=-0.00015229 -0.00132691 -0.000858089 0.00763816 0.0240277 0.00526483 -0.00238039
internal_weight=904.587 788.461 776.231 116.126 17.2293 106.138 42.6957
internal_count=3629 3164 3115 465 69 425 171
is_linear=0
shrinkage=0.03


Tree=24
num_leaves=8
num_cat=0
split_feature=8 9 28 4 10 23 1
split_gain=9.05285 13.5455 6.78552 11.563 13.8934 8.45702 6.31883
threshold=-1.7015943671245275 -2.7358434109851242 -0.65166284645063499 0.26094540053268461 0.064973761159442214 -0.94326719801063941 0.55267274491592533
decision_type=2 2 2 2 2 2 2
left_child=1 -1 -2 5 -5 -4 -3
right_child=2 6 3 4 -6 -7 -8
leaf_value=-0.019560965573764324 0.004183794749761007 0.005760895405808977 -0.015465956505880342 -0.00032237620743687131 -0.015937416713490249 0.0013498507893355846 0.028315928083807028
leaf_weight=9.4749589562416059 179.06618478894234 24.69678159058094 27.671467587351799 104.52894930541515 103.70571999251842 430.92049258947372 24.454432740807533
leaf_count=38 718 99 111 419 418 1728 98
internal_value=-0.000144558 0.0111344 -0.000956204 -0.00236313 -0.00820972 0.000271103 0.0176228
internal_weight=904.519 58.6262 845.893 666.827 208.235 458.592 49.1512
internal_count=3629 235 3394 2676 837 1839 197
is_linear=0
shrinkage=0.03


Tree=25
num_leaves=8
num_cat=0
split_feature=55 3 42 39 14 24 21
split_gain=5.82044 6.32889 5.31424 10.5798 8.7995 6.14103 6.72596
threshold=-0.47776428796258835 1.9694223954005687 -0.68202308675869416 -0.97393244985851346 0.84040683350253442 -0.29913468068400406 -0.60498346708273953
decision_type=2 2 2 2 2 2 2
left_child=2 -2 5 -4 -5 -1 -7
right_child=1 -3 3 4 -6 6 -8
leaf_value=-0.012670610231211535 -0.00033018587809796672 -0.010081659981422684 0.036191077918891333 0.0081855454918264604 -0.01308532796429903 0.017442832996169062 -0.0010178943369699633
leaf_weight=28.731230169534683 569.13017018139362 66.499740943312645 9.9843129962682706 124.76661778986454 18.947700962424278 21.224182978272438 82.164945632219315
leaf_count=115 2284 268 40 500 76 85 329
internal_value=0.000193516 -0.00138818 0.00375591 0.00753711 0.00520644 -0.000553734 0.0027589
internal_weight=921.449 635.63 285.819 153.699 143.714 132.12 103.389
internal_count=3697 2552 1145 616 576 529 414
is_linear=0
shrinkage=0.03


Tree=26
num_leaves=8
num_cat=0
split_feature=34 41 12 11 42 42 45
split_gain=5.86095 7.44998 6.88439 8.13342 6.08852 7.12257 5.736
threshold=-1.1789048151224957 1.0011261122280526 1.5430558280541715 1.6215744618808554 0.44483019205592345 0.7190870571946173 0.50586806960744657
decision_type=2 2 2 2 2 2 2
left_child=6 2 3 -2 -3 -6 -1
right_child=1 4 -4 -5 5 -7 -8
leaf_value=0.033759518129035056 0.00069688389454696821 0.0088462209644847023 0.012208480672374379 -0.01506217264399163 -0.034892242218796554 -0.0075337492571247227 0.003184478551370462
leaf_weight=7.9769335836172131 723.49205656349659 14.682420805096625 43.439803272485733 29.719086393713951 9.4413283765315992 74.204425036907196 18.43998396396637
leaf_count=32 2900 59 175 120 38 299 74
internal_value=0.00018705 -0.00021477 0.000733069 3.60518e-05 -0.0079752 -0.0111747 0.0138587
internal_weight=921.396 894.979 796.651 753.211 98.3282 83.6458 26.4169
internal_count=3697 3591 3195 3020 396 337 106
is_linear=0
shrinkage=0.03


Tree=27
num_leaves=8
num_cat=0
split_feature=13 35 13 20 35 19 6
split_gain=8.54228 10.2456 8.78848 9.29297 8.65525 8.12289 7.86102
threshold=0.83769357555448587 1.1965177069049837 -1.8622374109694662 0.75990896644153827 0.72431677207200362 0.5563438141932604 0.087045444714719242
decision_type=2 2 2 2 2 2 2
left_child=2 5 -1 -4 -5 -2 -3
right_child=1 6 3 4 -6 -7 -8
leaf_value=0.0092562198884482121 0.012746339210990694 0.017965213273681307 -0.0005806893687994465 -0.0063702385686640354 -0.029803108296937619 0 -0.020241095820464936
leaf_weight=61.807440191507339 116.51649141311646 4.9963177889585522 508.18874670565128 117.83678390085697 15.983732536435125 75.302186846733093 20.72170589864254
leaf_count=248 467 20 2039 474 64 302 83
internal_value=0.000181932 0.0053781 -0.00140818 -0.00247099 -0.00948065 0.00781698 -0.0118626
internal_weight=921.353 217.537 703.817 642.009 133.821 191.819 25.718
internal_count=3697 872 2825 2577 538 769 103
is_linear=0
shrinkage=0.03


Tree=28
num_leaves=8
num_cat=0
split_feature=18 20 31 35 26 35 11
split_gain=8.41065 11.1002 10.6282 7.21292 7.19845 6.66451 6.01247
threshold=0.72403692030649969 0.3843479877569364 1.0558263478146566 1.1587901321189988 0.76810248827886929 -2.1530135479217356 -0.86720173315513305
decision_type=2 2 2 2 2 2 2
left_child=1 2 4 5 -1 -2 -7
right_child=3 -3 -4 -5 -6 6 -8
leaf_value=-0.0021363581701228812 -0.0045315923858777396 -0.0086119945198194284 0.022702419630722392 -0.011985682619263254 0.0072149491233305212 0 0.011407112137416742
leaf_weight=386.26567336916924 41.977583453059196 156.03097392618656 17.724165663123131 20.214696854352951 90.438390269875526 57.64776137471199 151.00007684528828
leaf_count=1549 169 627 71 81 363 231 606
internal_value=0.000175242 -0.00165763 0.00051969 0.00462223 -0.000319476 0.00606369 0.00827834
internal_weight=921.299 650.459 494.428 270.84 476.704 250.625 208.648
internal_count=3697 2610 1983 1087 1912 1006 837
is_linear=0
shrinkage=0.03


Tree=29
num_leaves=8
num_cat=0
split_feature=18 16 26 31 16 10 11
split_gain=7.89955 11.4961 11.2069 8.14972 8.90929 7.87392 7.2898
threshold=0.72403692030649969 -0.62814068178312366 -0.80195138800615207 1.0558263478146566 0.96565086295381375 1.8605426904746363 0.38930914382257681
decision_type=2 2 2 2 2 2 2
left_child=1 2 -1 6 -5 -4 -3
right_child=-2 3 5 4 -6 -7 -8
leaf_value=0.0098849625402446916 0.0044793154620144512 -0.0021388982644944651 -0.017872681786936101 0.032797849969351221 -0.0056372651574729937 0.0021510711817265731 0.0072161087834507528
leaf_weight=20.177333682775497 270.87146946787834 415.60690724849701 83.467200070619583 12.981276080012323 7.492088094353675 20.466760337352753 90.194059073925018
leaf_count=81 1087 1665 337 52 30 83 362
internal_value=0.000169504 -0.00160653 -0.00978442 0.000308511 0.0184267 -0.0138037 -0.000430176
internal_weight=921.257 650.386 124.111 526.274 20.4734 103.934 505.801
internal_count=3697 2610 501 2109 82 420 2027
is_linear=0
shrinkage=0.03


Tree=30
num_leaves=8
num_cat=0
split_feature=16 29 11 19 56 27 9
split_gain=8.95982 7.59416 9.81012 6.36439 7.39767 8.56689 6.28523
threshold=-0.79774947777062277 -1.933400412323109 0.89963623112996871 0.83239699325132477 -0.1967264715140068 2.0956408866375367 0.58137287510877844
decision_type=2 2 2 2 2 2 2
left_child=1 2 -1 6 -5 -6 -2
right_child=3 -3 -4 4 5 -7 -8
leaf_value=0.018535657974227113 -0.0021315599302096917 -0.011233092057282961 -0.0057580241234418267 0.013566453909608603 -0.0027515826244344397 0.017563650301813779 0.0067907049490896522
leaf_weight=19.942615568637848 462.7173682898283 114.7661247998476 50.684676378965378 67.009648188948631 96.874277159571648 21.976408213376999 82.529733434319496
leaf_count=80 1855 464 204 269 388 88 331
internal_value=-0.000609431 -0.00649072 0.00105523 0.00086828 0.00565604 0.000994908 -0.000743648
internal_weight=916.501 185.393 70.6273 731.107 185.86 118.851 545.247
internal_count=3679 748 284 2931 745 476 2186
is_linear=0
shrinkage=0.03


Tree=31
num_leaves=8
num_cat=0
split_feature=7 42 13 1 33 55 55
split_gain=8.29655 8.88977 6.75368 8.16523 6.7406 6.18696 9.22947
threshold=0.48484544284290965 1.9010257327806366 -1.8622374109694662 0.42705350385241375 -2.7127945976487911 -1.4164305949008511 -1.0679437025046092
decision_type=2 2 2 2 2 2 2
left_child=1 2 3 -1 -4 -2 -7
right_child=5 -3 4 -5 -6 6 -8
leaf_value=0.038128745011155679 -0.013709396821622272 -0.02153129339015597 -0.019592935749672295 0.0033205287534741864 -0.0020599898932030509 0.024647964946247478 0.0032812814181888837
leaf_weight=6.2415025979280463 15.483487099409102 20.323046296834946 19.764493837952614 48.372939318418503 559.06559373438358 19.224644556641579 227.92869821190834
leaf_count=25 62 82 80 194 2245 77 914
internal_value=-0.00058963 -0.0024125 -0.00174249 0.00818229 -0.00271729 0.00388298 0.00509635
internal_weight=916.404 653.768 633.445 54.6144 578.83 262.637 247.153
internal_count=3679 2626 2544 219 2325 1053 991
is_linear=0
shrinkage=0.03


Tree=32
num_leaves=8
num_cat=0
split_feature=16 28 7 7 7 30 33
split_gain=8.22395 8.46892 6.77593 6.2361 5.44093 8.5347 4.72367
threshold=-0.79774947777062277 -1.1366481248272839 0.11784617609856458 -0.67497125335883779 0.83792977403564928 -0.57096967087765982 -2.0022577850893915
decision_type=2 2 2 2 2 2 2
left_child=1 -1 3 -3 6 -6 -2
right_child=4 2 -4 -5 5 -7 -8
leaf_value=0.026438091756052922 0.022468259586066953 -0.0065517299409225916 0.0017693529766702886 -0.021495456899491377 -0.022772378381624731 0.010885163338878807 -0.00038480419556683311
leaf_weight=5.7399821728467932 7.2400269359350196 93.544373601675034 48.844829648733139 37.063918307423592 6.2325415909290305 77.866596862673759 639.76345804333687
leaf_count=23 29 378 197 150 25 312 2565
internal_value=-0.000571136 -0.00620992 -0.00747805 -0.0110375 0.000843248 0.00797627 -7.16499e-05
internal_weight=916.296 185.193 179.453 130.608 731.103 84.0991 647.003
internal_count=3679 748 725 528 2931 337 2594
is_linear=0
shrinkage=0.03


Tree=33
num_leaves=8
num_cat=0
split_feature=7 56 35 28 12 32 28
split_gain=7.45601 7.58128 7.9962 13.1793 7.06444 9.41674 7.79152
threshold=0.48484544284290965 0.95552857592517626 -1.1161864091187652 -0.62890013824413182 -1.0174881574475989 1.0000000180025095e-35 -0.32454884494558112
decision_type=2 2 2 2 2 2 2
left_child=1 2 3 -1 6 -6 -3
right_child=-2 4 -4 -5 5 -7 -8
leaf_value=0.0053194410163006746 0.0036852828274614212 0.030813513109785123 -0.00155839393916802 -0.015488042151149047 0.012770146447424203 -0.012492316871732115 0.0044386117407445606
leaf_weight=35.57621143758297 262.64590913057327 14.987728118896483 415.65188397467136 101.18227481842041 20.968172714114189 31.953635469079018 33.193579167127609
leaf_count=143 1053 60 1668 410 84 128 133
internal_value=-0.000553292 -0.00228271 -0.00368144 -0.009967 0.00517398 -0.00215368 0.0134077
internal_weight=916.159 653.513 552.41 136.758 101.103 52.9218 48.1813
internal_count=3679 2626 2221 553 405 212 193
is_linear=0
shrinkage=0.03


Tree=34
num_leaves=8
num_cat=0
split_feature=3 13 21 26 26 56 12
split_gain=8.76425 11.2956 12.0628 10.5169 9.38832 9.04324 8.51118
threshold=1.0972946708228457 0.79217316912954827 -0.16760890560137071 -1.077749511342327 1.1263519874631407 1.0117361392148927 0.50269744677229222
decision_type=2 2 2 2 2 2 2
left_child=3 2 -2 -1 6 -6 -5
right_child=1 -3 -4 4 5 -7 -8
leaf_value=0.017919507451863052 -0.0017109918136455991 0.005186041791303486 -0.019005856005873699 0.00097910278667300878 0.0027508379496450921 0.02145527454501852 -0.0070647725580126816
leaf_weight=30.712540373206139 75.997541397809982 56.530562698841095 72.776852458715439 383.95657254755497 96.446633473038673 30.951490268111229 168.61525103449821
leaf_count=123 306 227 294 1539 387 124 679
internal_value=-0.000534466 -0.00598909 -0.0103418 0.00102641 0.000216172 0.00754363 -0.00145669
internal_weight=915.987 205.305 148.774 710.682 679.97 127.398 552.572
internal_count=3679 827 600 2852 2729 511 2218
is_linear=0
shrinkage=0.03


Tree=35
num_leaves=8
num_cat=0
split_feature=12 26 20 11 31 26 52
split_gain=10.6439 12.0871 11.6811 12.8901 13.5658 10.1883 8.99978
threshold=0.51449168461624228 1.7884607374136461 -0.67207432238254594 -0.53461674484166755 0.75613550781589411 -0.90286019911657178 1.2365663923737582
decision_type=2 2 2 2 2 2 2
left_child=2 5 -1 -4 -5 -2 -3
right_child=1 6 3 4 -6 -7 -8
leaf_value=-0.0065726207428109217 0.011224659406029687 0.021232133812263673 -0.0019313952871594889 0.0047830502403849885 0.023254466807441709 -0.0095296121107536109 -0.018937055722031811
leaf_weight=131.5430698543787 21.913669869303703 22.387004137039188 225.67121781408787 248.6353313177824 41.904929548501968 235.49226875603199 5.1721386313438407
leaf_count=527 88 90 904 998 168 950 21
internal_value=-0.000770044 -0.00560141 0.00133764 0.00339118 0.00756928 -0.0076681 0.0127691
internal_weight=932.72 284.965 647.755 516.211 290.54 257.406 27.5591
internal_count=3746 1149 2597 2070 1166 1038 111
is_linear=0
shrinkage=0.03


Tree=36
num_leaves=8
num_cat=0
split_feature=57 32 47 13 3 57 8
split_gain=7.88746 8.50221 8.48291 7.32029 10.5453 6.91429 6.43809
threshold=-1.1016682404784384 -1.3204435981663531 0.6744907594765952 0.8724853432125822 2.5579945140416807 0.82625118035882927 -0.11708864443159873
decision_type=2 2 2 2 2 2 2
left_child=2 -2 6 4 -3 -5 -1
right_child=1 3 -4 5 -6 -7 -8
leaf_value=0.028528714250503948 0.027415756215031634 -0.0026745220145109267 -0.00021380521443941936 0.0062669116781524474 -0.018695010976013195 -0.0095603693407599871 0.0064102636927696856
leaf_weight=19.459622323513031 7.7370056360959998 586.99276040494442 79.590996816754341 134.94662328064442 39.01546174287796 28.859451323747635 35.954634010791779
leaf_count=78 31 2359 319 541 158 116 144
internal_value=-0.000745873 -0.00189676 0.00590672 -0.00223718 -0.00372513 0.00334635 0.0148114
internal_weight=932.557 797.551 135.005 789.814 626.008 163.806 55.4143
internal_count=3746 3205 541 3174 2517 657 222
is_linear=0
shrinkage=0.03


Tree=37
num_leaves=8
num_cat=0
split_feature=12 20 11 31 18 12 18
split_gain=9.76536 10.9338 12.2755 12.6471 10.3452 7.85262 7.63876
threshold=0.51449168461624228 -0.67207432238254594 -0.53461674484166755 0.75613550781589411 -1.0274565636699775 1.5430558280541715 1.8583335066043964
decision_type=2 2 2 2 2 2 2
left_child=1 4 -3 -4 -1 6 -2
right_child=5 2 3 -5 -6 -7 -8
leaf_value=0.010853790863852851 -0.010162198018358317 -0.0019102384012413109 0.0046682825357423144 0.022515403045601887 -0.010393441865650893 0.0033617822570453037 0.0072747478725249063
leaf_weight=23.954363629221916 193.01064844429493 225.64941631257534 248.64094904065132 41.878598049283028 107.55278907716274 67.855231508612633 23.845305100083351
leaf_count=96 779 904 998 168 431 274 96
internal_value=-0.000721966 0.00129569 0.00328301 0.00736082 -0.0063573 -0.0053528 -0.0081514
internal_weight=932.387 647.676 516.169 290.52 131.507 284.711 216.856
internal_count=3746 2597 2070 1166 527 1149 875
is_linear=0
shrinkage=0.03


Tree=38
num_leaves=8
num_cat=0
split_feature=57 51 6 27 34 3 3
split_gain=7.42272 8.97789 7.69839 7.44645 6.91055 5.88155 8.06158
threshold=-1.1016682404784384 -1.2365663923737575 -0.7748857098281895 1.687560296163648 1.757265665072103 -1.055059882476493 -0.7609083593836804
decision_type=2 2 2 2 2 2 2
left_child=1 3 -3 4 -1 -2 -7
right_child=5 2 -4 -5 -6 6 -8
leaf_value=-0.017916954978114717 -0.014540828705191647 -0.0093211359207520349 0.016655946296411282 0.017734237724442846 0.0040670952377658805 0.0066313900981949244 -0.0024731670625155987
leaf_weight=27.200090140104294 30.630682453513145 10.733783528208731 64.107536450028419 11.490933835506437 21.457798361778259 99.1287911683321 667.47675320506096
leaf_count=109 123 43 257 46 86 398 2684
internal_value=-0.000698166 0.0057552 0.0126587 -0.00265589 -0.0080334 -0.0018155 -0.00126922
internal_weight=932.226 134.99 74.8413 60.1488 48.6579 797.236 766.606
internal_count=3746 541 300 241 195 3205 3082
is_linear=0
shrinkage=0.03


Tree=39
num_leaves=8
num_cat=0
split_feature=12 36 20 7 42 12 36
split_gain=9.06101 10.9554 10.9151 10.4355 8.56877 7.4115 12.4241
threshold=0.51449168461624228 -0.57112528100141302 -0.67207432238254594 -1.1345455193971736 0.17210218467032348 1.5430558280541715 -0.39555155925576369
decision_type=2 2 2 2 2 2 2
left_child=1 -1 4 -4 -3 -2 -7
right_child=5 2 3 -5 -6 6 -8
leaf_value=0.01111509848160337 -0.0078618882770199582 -0.0047756280926285911 -0.006895325969895256 0.0042165312871968912 -0.027846286791448099 -0.0071513235608383543 0.018410182350881679
leaf_weight=86.931602939963341 216.66579587757587 95.087768703699112 95.169848039746284 353.48753316700459 16.921566471457481 39.780703648924828 28.078594967722893
leaf_count=349 875 381 382 1417 68 161 113
internal_value=-0.000676794 0.00126585 -0.00025165 0.00181602 -0.00860928 -0.00513986 0.00332136
internal_weight=932.123 647.598 560.667 448.657 112.009 284.525 67.8593
internal_count=3746 2597 2248 1799 449 1149 274
is_linear=0
shrinkage=0.03


Tree=40
num_leaves=8
num_cat=0
split_feature=4 2 16 15 23 8 2
split_gain=7.13278 7.40833 10.8871 10.7459 9.90267 8.88078 5.8913
threshold=-0.16062098123500587 0.4848343526628896 -1.0651949019247999 -0.21609008321703888 1.3767447461986786 -1.7015943671245275 -0.40209022899101882
decision_type=2 2 2 2 2 2 2
left_child=1 2 -1 -4 5 -3 -2
right_child=6 4 3 -5 -6 -7 -8
leaf_value=-0.025202169258286281 0.0022968244747727413 0.026833297589021001 0.015502134668216339 -0.0016474943843131449 0.024716452502875356 0.0024322248875359655 -0.0042457651389563667
leaf_weight=13.576076447963713 196.07875357568264 14.174019232392309 39.590328752994537 167.87796670198441 26.673235654830933 140.87350264191628 324.13572554290295
leaf_count=55 788 57 159 673 107 566 1305
internal_value=0.00054881 0.00355376 -7.35777e-05 0.00161181 0.00802438 0.00491669 -0.00175128
internal_weight=922.98 402.765 221.044 207.468 181.721 155.048 520.214
internal_count=3710 1617 887 832 730 623 2093
is_linear=0
shrinkage=0.03


Tree=41
num_leaves=8
num_cat=0
split_feature=13 56 39 38 56 39 26
split_gain=7.10005 5.94518 8.25191 5.94711 5.85307 8.67193 7.0061
threshold=0.8724853432125822 -1.6862268986914886 -0.029701072692522496 -0.58762210979026175 0.6744907594765962 -0.91431172880659728 -0.50360299459225744
decision_type=2 2 2 2 2 2 2
left_child=4 -2 -3 -4 6 -6 -1
right_child=1 2 3 -5 5 -7 -8
leaf_value=0.0020147449580938726 -0.023678018340119209 0.0046360648582009492 0.045313378839291034 0.00039480248297767519 -0.020247536524313724 0.0070539595118864372 -0.0047265898592222097
leaf_weight=219.11756718158722 4.947822391986846 187.44328045845032 7.2177647799253464 4.9646685868501645 10.234127148985861 124.25881996750832 364.71649292111397
leaf_count=880 20 752 29 20 41 498 1470
internal_value=0.000534179 0.00546049 0.00637189 0.0295643 -0.000853581 0.00473167 -0.00217175
internal_weight=922.901 204.574 199.626 12.1824 718.327 134.493 583.834
internal_count=3710 821 801 49 2889 539 2350
is_linear=0
shrinkage=0.03


Tree=42
num_leaves=8
num_cat=0
split_feature=4 45 39 1 56 11 56
split_gain=6.58299 7.89997 7.87517 8.38207 5.69061 7.18501 5.65898
threshold=-0.16062098123500587 -1.1803588290840412 0.68166749287986927 2.8157946079259517 1.3489815189531902 -1.0000000180025095e-35 -1.2646701740186137
decision_type=2 2 2 2 2 2 2
left_child=1 4 3 -3 5 -1 -2
right_child=6 2 -4 -5 -6 -7 -8
leaf_value=0.00058628790016222276 -0.010723704728591986 0.00097608597504813524 0.013177811629179815 -0.022106783969720215 0.037554507913938641 0.024459466911297335 -0.00057096363586095857
leaf_weight=33.913412287831306 54.912095591425896 285.5347016453743 44.948308482766151 13.885739564895628 7.2178968936204901 17.195037707686424 465.18222069740295
leaf_count=136 223 1146 181 56 29 69 1870
internal_value=0.000519032 0.00340662 0.00161018 -0.000114484 0.0135543 0.00922135 -0.00169021
internal_weight=922.789 402.695 344.369 299.42 58.3263 51.1084 520.094
internal_count=3710 1617 1383 1202 234 205 2093
is_linear=0
shrinkage=0.03


Tree=43
num_leaves=8
num_cat=0
split_feature=13 55 5 9 11 26 5
split_gain=6.56188 6.48404 9.1481 7.69282 10.9764 6.32768 6.05574
threshold=0.85343526832650618 -0.59017941454202072 1.1910906163871615 0.37474433578875416 1.1727912101999405 -0.50360299459225744 1.5736559369724969
decision_type=2 2 2 2 2 2 2
left_child=1 3 5 -1 -5 -3 -4
right_child=-2 2 6 4 -6 -7 -8
leaf_value=-0.00012073802702941426 0.0052130165849460083 0.0027606561995402153 -0.03090030072016501 0.016860206560345425 -0.021509806867272926 -0.004286768242259942 -0.0034990940131047559
leaf_weight=142.19810543954372 206.5264143794775 182.6912335306406 15.650938451290132 55.589438393712044 6.422365501523017 297.77967098355293 15.851713657379149
leaf_count=570 829 734 63 223 26 1201 64
internal_value=0.000505385 -0.000836619 -0.00265545 0.00364099 0.01237 -0.00157578 -0.0181057
internal_weight=922.71 716.183 511.974 204.21 62.0118 480.471 31.5027
internal_count=3710 2881 2062 819 249 1935 127
is_linear=0
shrinkage=0.03


Tree=44
num_leaves=8
num_cat=0
split_feature=12 12 27 19 42 2 56
split_gain=6.77716 9.73164 11.185 9.4545 8.66407 8.21601 6.72051
threshold=0.52375315185781424 0.12613009584692966 0.62295166842255578 -0.78839855907769074 0.36645019939460483 -1.0639298601611762 -0.59017941454202016
decision_type=2 2 2 2 2 2 2
left_child=1 5 3 -3 -4 -1 -7
right_child=-2 2 4 -5 -6 6 -8
leaf_value=-0.021479651486931397 -0.0033762494701842635 -0.0085750652350423933 0.002892352606157261 0.018600029884078967 -0.030489521255742228 -0.0092520544208006868 0.0021501454886499009
leaf_weight=14.186557173728941 280.28277483582497 11.943592250347136 37.673007145524025 83.12412266433239 7.4366001933813086 50.789408281445503 437.14628626406193
leaf_count=57 1133 48 151 334 30 204 1753
internal_value=0.000487649 0.0021997 0.00916115 0.0149761 -0.00282744 0.000212111 0.000916112
internal_weight=922.582 642.3 140.177 95.0677 45.1096 502.122 487.936
internal_count=3710 2577 563 382 181 2014 1957
is_linear=0
shrinkage=0.03


Tree=45
num_leaves=8
num_cat=0
split_feature=35 8 9 26 50 21 17
split_gain=7.88907 6.40506 8.13235 6.68791 6.36261 5.40184 5.14582
threshold=1.2763031008252217 -1.7015943671245275 -2.3501276906310236 -0.90286019911657178 -0.33724537973829749 1.3675182764591043 -0.33334189183814106
decision_type=2 2 2 2 2 2 2
left_child=1 2 -1 6 -5 -4 -3
right_child=-2 3 5 4 -6 -7 -8
leaf_value=-0.01001837545079612 -0.019695058121585757 0.017733289993011801 0.024952309966618253 -0.004365284353172974 0.0012279752262885249 0.00099964943350256785 0.0018103737796674197
leaf_weight=11.702411308884619 16.721632599830627 29.891865253448486 26.112357914447784 304.4453759342432 449.90758754312992 14.413846790790556 51.429309099912643
leaf_count=47 67 120 105 1229 1807 58 206
internal_value=0.000103483 0.000514955 0.0106083 -0.000109865 -0.00101231 0.0170236 0.00798982
internal_weight=904.624 887.903 52.2286 835.674 754.353 40.5262 81.3212
internal_count=3639 3572 210 3362 3036 163 326
is_linear=0
shrinkage=0.03


Tree=46
num_leaves=8
num_cat=0
split_feature=3 39 34 57 17 3 37
split_gain=5.84453 11.6232 7.02568 5.42998 8.86373 8.06303 7.01327
threshold=2.7507814258722552 0.45205008385204182 0.57148806653186923 0.39505887340772011 -1.4719951584537043 -0.41632992121416651 0.50304993311344359
decision_type=2 2 2 2 2 2 2
left_child=3 2 -2 6 -5 -6 -1
right_child=1 -3 -4 4 5 -7 -8
leaf_value=0.0051758643046231874 0.018666079521523622 -0.025556928117206227 -0.0096361226373903042 0.010424272429094879 -0.012009455479082156 -0.00067353254838547105 -0.001639999137361643
leaf_weight=338.9763216227293 12.857716575264933 22.157577902078629 16.881829351186752 39.19177457690239 87.21659491956234 165.95837125182152 221.28172065317631
leaf_count=1362 52 90 68 159 351 670 887
internal_value=0.000101307 -0.00955588 0.00232137 0.000717194 -0.00256646 -0.00466956 0.00245899
internal_weight=904.522 51.8971 29.7395 852.625 292.367 253.175 560.258
internal_count=3639 210 120 3429 1180 1021 2249
is_linear=0
shrinkage=0.03


Tree=47
num_leaves=8
num_cat=0
split_feature=56 35 13 37 30 45 3
split_gain=8.23312 7.92404 8.80308 14.8559 10.991 7.45032 6.95435
threshold=-1.5457079904671971 1.2763031008252217 0.85343526832650618 -0.2090542260200853 0.72887507896633963 1.0000000180025095e-35 -0.0058366902263178883
decision_type=2 2 2 2 2 2 2
left_child=5 2 4 -4 -2 6 -1
right_child=1 -3 3 -5 -6 -7 -8
leaf_value=0.017093741096994134 0.0013583265184780185 -0.019101579572319487 0.019389087426193618 0.00091552329520369483 -0.0085862550859187297 -0.027096808525717869 -0.017087672611640303
leaf_weight=9.4076772183179873 549.06184165179729 16.715636491775513 57.984901547431946 122.59950262308121 121.06024105846882 17.637490287423134 10.020402938127516
leaf_count=38 2209 67 233 492 487 72 41
internal_value=9.62187e-05 0.000711115 0.00114 0.00700402 -0.000425968 -0.0135404 0
internal_weight=904.488 867.422 850.706 180.584 670.122 37.0656 19.4281
internal_count=3639 3488 3421 725 2696 151 79
is_linear=0
shrinkage=0.03


Tree=48
num_leaves=8
num_cat=0
split_feature=22 18 56 26 24 26 26
split_gain=7.84397 8.62515 7.80693 7.64593 7.56311 6.70041 8.61096
threshold=-0.67397615288498114 -0.93485715851892159 -1.5457079904671971 -0.56616779080658797 -0.69043251486564039 0.87657157678168429 -0.79226137043907341
decision_type=2 2 2 2 2 2 2
left_child=1 -1 -2 -4 -5 6 -3
right_child=2 5 3 4 -6 -7 -8
leaf_value=0.0069363269445979906 -0.012417004084887162 0.00011513749921601092 0.0083278244002926195 0.01704833330945912 -0.00017298506699597519 0.0083042720672664334 -0.016586298965831463
leaf_weight=37.34086337685585 33.310231193900108 38.177152916789055 144.19860465824604 22.935225918889046 526.16634115576744 16.145401999354362 86.110278144478798
leaf_count=150 136 153 579 92 2118 65 346
internal_value=9.16964e-05 -0.00552095 0.00149121 0.00219797 0.000548742 -0.00896501 -0.0113765
internal_weight=904.384 177.774 726.61 693.3 549.102 140.433 124.287
internal_count=3639 714 2925 2789 2210 564 499
is_linear=0
shrinkage=0.03


Tree=49
num_leaves=8
num_cat=0
split_feature=56 43 11 33 40 11 2
split_gain=7.4192 7.2223 5.86349 8.73494 8.06364 8.48685 7.05016
threshold=-1.5457079904671971 1.0000000180025095e-35 -0.12259043509938304 -1.9495013211380521 -0.14194786157229097 0.19737717439992525 -0.80495423355868712
decision_type=2 2 2 2 2 2 2
left_child=1 -1 3 -2 5 -4 -5
right_child=2 -3 4 6 -6 -7 -8
leaf_value=0 0.022904998944824239 -0.026794299085023451 -0.00015970807914987743 -0.012273118817575451 0.00050573769053199446 0.015467546884160176 -0.0010056581098250965
leaf_weight=20.122633695602417 11.210915014147757 16.816099256277084 48.582270935177803 58.817027926445007 339.49612708389759 78.133333191275597 331.12996743619442
leaf_count=82 45 69 195 236 1370 314 1328
internal_value=8.97941e-05 -0.0128768 0.000673471 -0.00196057 0.00297142 0.00940433 -0.00277058
internal_weight=904.308 36.9387 867.37 401.158 466.212 126.716 389.947
internal_count=3639 151 3488 1609 1879 509 1564
is_linear=0
shrinkage=0.03


Tree=50
num_leaves=8
num_cat=0
split_feature=57 8 8 57 14 10 3
split_gain=6.32132 9.60061 13.7708 8.26064 6.57179 10.0928 6.30716
threshold=-0.62631284808540966 -0.65711972816881803 -0.85004589480478943 -0.46571981011479185 0.30212107210250388 -0.64155112095547695 2.8297967986458263
decision_type=2 2 2 2 2 2 2
left_child=1 2 -1 -2 5 -5 -6
right_child=3 -3 -4 4 6 -7 -8
leaf_value=0.0017456070049005278 -0.021611829307445339 0.0076255514680913031 -0.025713442278631558 -0.016819450934436864 0.0018689816536401514 -0.0016821956974872555 0.02780402450908263
leaf_weight=75.940874844789505 17.414260759949684 185.75442019104958 19.679730534553528 44.346039116382599 208.09931348264217 349.00028842687607 7.9526463150978079
leaf_count=305 70 745 79 178 836 1409 32
internal_value=-7.48372e-05 0.00363583 -0.00395815 -0.00176758 -0.00114145 -0.00346514 0.00301643
internal_weight=908.188 281.375 95.6206 626.813 609.398 393.346 216.052
internal_count=3654 1129 384 2525 2455 1587 868
is_linear=0
shrinkage=0.03


Tree=51
num_leaves=8
num_cat=0
split_feature=55 8 8 41 51 14 30
split_gain=6.00871 8.07931 15.816 6.21286 5.26336 4.8465 8.59882
threshold=-0.59017941454202072 -0.65711972816881803 -0.84040371423662619 -1.0935170633436384 -1.7424344619812038 0.12919686935039046 -0.031661971232819684
decision_type=2 2 2 2 2 2 2
left_child=1 2 -1 -3 -5 -2 -7
right_child=5 3 -4 4 -6 6 -8
leaf_value=0.002360533266971959 -0.0039716785681626213 0.027422289682482875 -0.028674077137531864 -0.011750154413554864 0.0071689377022146443 -0.013317838157391007 0.0032769713909524814
leaf_weight=75.188415855169296 362.48973745107651 12.232054352760313 17.18566806614399 12.984028443694113 157.78063462674618 30.641641840338707 239.60982260107994
leaf_count=302 1463 49 69 52 633 123 963
internal_value=-7.30118e-05 0.00360101 -0.00349789 0.00726549 0.00558307 -0.00169879 0.00129796
internal_weight=908.112 275.371 92.3741 182.997 170.765 632.741 270.251
internal_count=3654 1105 371 734 685 2549 1086
is_linear=0
shrinkage=0.03


Tree=52
num_leaves=8
num_cat=0
split_feature=26 34 13 55 7 25 13
split_gain=6.12638 6.50346 6.201 5.9343 5.87141 14.5408 9.18845
threshold=-1.077749511342327 -0.8733689776845811 0.79217316912954827 1.7424344619812056 -1.056271760569895 0.2884616174180174 -1.5154646807233865
decision_type=2 2 2 2 2 2 2
left_child=1 -1 4 -4 5 -2 -6
right_child=2 -3 3 -5 6 -7 -8
leaf_value=-0.0069801373880728152 -0.0024106963261897093 0.018438023854173417 0.004706567456105923 -0.022343878761258644 0.020160478610420678 -0.024076000717645235 -0.0011824814086776054
leaf_weight=11.207856714725493 147.34845651686192 29.692554518580437 209.93174523115158 6.4159704744815818 17.89108282327652 34.119092121720314 451.38687217235565
leaf_count=45 595 119 843 26 72 138 1816
internal_value=-7.09308e-05 0.0111144 -0.000628012 0.00373624 -0.00210548 -0.00667598 -0.000295752
internal_weight=907.994 40.9004 867.093 216.348 650.746 181.468 469.278
internal_count=3654 164 3490 869 2621 733 1888
is_linear=0
shrinkage=0.03


Tree=53
num_leaves=8
num_cat=0
split_feature=50 23 26 26 1 20 13
split_gain=7.55067 6.54016 5.71412 5.29834 8.69784 6.56351 4.57405
threshold=-1.3489815189531893 0.26706126938964891 -1.077749511342327 0.32095087919229676 1.3876728174580681 0.78466294003666459 -0.69243612403296384
decision_type=2 2 2 2 2 2 2
left_child=1 -1 -2 4 -4 -5 -3
right_child=2 6 3 5 -6 -7 -8
leaf_value=-0.002829489319764106 0.012930528628786256 0.00019497800659521694 -0.00018184640328171008 0.0069188016946857486 -0.013696301804412198 -0.0018796475497723313 -0.025901462679391085
leaf_weight=86.684843450784683 33.413548439741135 6.664728835225108 399.48617188632488 189.09621223807335 47.357516974210739 123.23316127061844 21.909544453024864
leaf_count=351 134 27 1606 760 191 496 89
internal_value=-6.97994e-05 -0.00722524 0.000959647 0.000396722 -0.00167502 0.00340448 -0.0195067
internal_weight=907.846 115.259 792.587 759.173 446.844 312.329 28.5743
internal_count=3654 467 3187 3053 1797 1256 116
is_linear=0
shrinkage=0.03


Tree=54
num_leaves=8
num_cat=0
split_feature=50 23 24 11 33 7 24
split_gain=7.12053 6.17342 6.11283 9.42539 7.76054 6.45384 5.41542
threshold=-1.3489815189531893 0.26706126938964891 2.3192100615574325 2.6355405352001529 -1.0011954534761609 -0.69543492855863376 2.857298388310276
decision_type=2 2 2 2 2 2 2
left_child=1 -1 3 4 -2 6 -4
right_child=2 -3 5 -5 -6 -7 -8
leaf_value=-0.0027462255058760951 -0.0082657615064588037 -0.018969363795304076 0.014421234695643164 0.028809753957712642 0.0008979283122491793 0.016256207421711074 -0.012088822325853213
leaf_weight=86.66432312130928 94.955031663179398 28.517707347869873 9.9543752521276492 9.141048923134802 617.12334209680557 44.0625259578228 17.334517285227776
leaf_count=351 384 116 40 37 2479 177 70
internal_value=-6.90499e-05 -0.00702069 0.000929884 7.4839e-05 -0.000312884 0.00924486 -0.00172036
internal_weight=907.753 115.182 792.571 721.219 712.078 71.3514 27.2889
internal_count=3654 467 3187 2900 2863 287 110
is_linear=0
shrinkage=0.03


Tree=55
num_leaves=8
num_cat=0
split_feature=55 18 25 45 47 1 48
split_gain=13.1663 6.28884 8.35279 7.64715 6.30042 5.7101 6.89067
threshold=-1.0679437025046092 0.735591800213789 -1.0418450704097524 -0.50586806960744635 2.0234722784297863 2.4991285477565142 -1.5176042088223387
decision_type=2 2 2 2 2 2 2
left_child=5 2 3 -2 -4 6 -1
right_child=1 -3 4 -5 -6 -7 -8
leaf_value=-0.0051325359147777029 0.0092223027489662154 0.0029473172698384724 -0.002427886482965561 -0.029087740456860689 0.023490332597160338 -0.01761973202297706 0.015485848256167866
leaf_weight=15.93619145452976 4.9782643020153072 242.31328232586384 536.4979994893074 18.106863841414452 7.489284172654151 4.9732967466115943 82.487730160355568
leaf_count=64 20 976 2161 73 30 20 331
internal_value=0.000215167 -0.0010601 -0.00280107 -0.0201636 -0.00200109 0.0102561 0.0119785
internal_weight=912.783 809.386 567.072 23.0851 543.987 103.397 98.4239
internal_count=3675 3260 2284 93 2191 415 395
is_linear=0
shrinkage=0.03


Tree=56
num_leaves=8
num_cat=0
split_feature=12 18 41 12 16 23 39
split_gain=6.75382 5.86306 10.4114 5.87457 5.86579 5.53176 5.29823
threshold=-2.9939327617668634 1.1004052776395461 -1.1952995651178695 -0.93871225220821997 -0.79774947777062277 0.30317143707945909 -1.1153032244923
decision_type=2 2 2 2 2 2 2
left_child=-1 2 5 -3 -4 -2 -5
right_child=1 3 4 6 -6 -7 -8
leaf_value=0.030182356861526427 0.03076947113154703 -0.0055807553865834881 -0.0087062091052140817 -0.010047931688648469 -0.00090329521802191219 0.0044112803683699171 0.0088221813074566505
leaf_weight=5.7159020751714698 11.729967355728148 39.079199284315109 102.69259315729141 13.177189037203787 572.71990537643433 21.19456958770752 146.35471595823765
leaf_count=23 47 157 419 53 2301 85 590
internal_value=0.00020813 0 -0.00129192 0.00452814 -0.00212298 0.0148742 0.00711721
internal_weight=912.664 906.948 708.337 198.611 675.412 32.9245 159.532
internal_count=3675 3652 2852 800 2720 132 643
is_linear=0
shrinkage=0.03


Tree=57
num_leaves=8
num_cat=0
split_feature=55 46 47 24 48 18 55
split_gain=12.3102 9.58675 7.71589 7.56075 7.15873 6.40591 6.00721
threshold=-1.0679437025046092 -1.6862268986914879 1.6862268986914881 2.6125568679509272 -0.50586806960744635 1.1004052776395461 -1.3489815189531911
decision_type=2 2 2 2 2 2 2
left_child=3 -2 5 4 6 -3 -1
right_child=1 2 -4 -5 -6 -7 -8
leaf_value=-0.0075199213058668229 0.018714089738630278 -0.0026944163382104044 -0.029322143505653459 0.037668599977334599 0.016793875005758623 0.0038452216763905549 0.012216063556189373
leaf_weight=34.154365226626396 20.436560168862343 610.25108218193054 7.9728175699710837 7.4466706663370124 39.847300961613655 170.56842304766178 21.907550901174545
leaf_count=137 82 2459 32 30 160 687 88
internal_value=0.000203 -0.00102956 -0.00158314 0.00991454 0.00723839 -0.00124357 8.44762e-06
internal_weight=912.585 809.229 788.792 103.356 95.9092 780.82 56.0619
internal_count=3675 3260 3178 415 385 3146 225
is_linear=0
shrinkage=0.03


Tree=58
num_leaves=8
num_cat=0
split_feature=52 46 47 29 5 5 39
split_gain=5.07805 5.40575 6.68807 5.32608 4.18184 4.38867 5.88133
threshold=-1.9110571518503523 -1.6862268986914879 1.6862268986914881 -1.933400412323109 -0.53245552067612478 0.9825197470160647 0.19157353575492306
decision_type=2 2 2 2 2 2 2
left_child=4 -2 3 -3 -1 6 -6
right_child=1 2 -4 -5 5 -7 -8
leaf_value=-0.008142329703177624 0.012641858805894034 0.0058243225062733243 -0.02620292606816986 -0.0013964532834276377 0.025050815581864339 -0.0027263737749680821 -0.0061891466780308645
leaf_weight=8.2163395732641202 26.896570697426796 103.91604281961918 8.2246223986148816 724.82099114358425 25.432119846343998 9.4686475098133069 5.4877926111221305
leaf_count=33 108 419 33 2920 102 38 22
internal_value=0.000199078 -0.000319772 -0.000768797 -0.000467028 0.00954358 0.0136137 0.0190161
internal_weight=912.463 863.858 836.962 828.737 48.6049 40.3886 30.9199
internal_count=3675 3480 3372 3339 195 162 124
is_linear=0
shrinkage=0.03


Tree=59
num_leaves=8
num_cat=0
split_feature=57 15 46 0 25 25 18
split_gain=11.5174 7.73686 7.57647 6.86063 9.4114 6.30175 5.60033
threshold=-1.1016682404784384 0.16031743831581244 -1.6862268986914879 0.27569177774692333 -0.26836074414620031 -0.38118990664993485 1.1004052776395461
decision_type=2 2 2 2 2 2 2
left_child=1 -1 -2 5 -5 -3 -4
right_child=2 3 6 4 -6 -7 -8
leaf_value=0.019279889386847913 0.0171532108047498 -0.0064880681496277586 -0.0030047706726802166 0.014040703742051009 -0.025511589984975502 0.013475205712169269 0.0032101272016405707
leaf_weight=40.317337840795517 18.67842797935009 17.890010699629784 600.91845716536045 7.2381443828344372 13.702130824327467 50.054448351264 163.63269537687302
leaf_count=162 75 72 2422 29 55 201 659
internal_value=0.000191597 0.00846836 -0.00116367 0.00323753 -0.0111396 0.00798338 -0.00165258
internal_weight=912.432 129.202 783.23 88.8847 20.9403 67.9445 764.551
internal_count=3675 519 3156 357 84 273 3081
is_linear=0
shrinkage=0.03


Tree=60
num_leaves=8
num_cat=0
split_feature=4 28 21 20 16 26 29
split_gain=5.86989 9.93513 7.26509 9.44797 7.92434 7.17796 4.8765
threshold=-0.20945954076863008 -0.53674036122541502 -0.66263823519518794 -0.8255129362138941 -0.64186060093401365 2.9981212237989032 -0.25334122928299657
decision_type=2 2 2 2 2 2 2
left_child=6 5 3 -3 -4 -2 -1
right_child=1 2 4 -5 -6 -7 -8
leaf_value=0.0077916682433374447 0.0012280066117675826 -0.029820756257640513 -0.016894549708533716 0.0093447529636102884 -0.0047621183345699291 0.027809427912320103 0.00018960877599774912
leaf_weight=105.17561595141888 200.0235593765974 5.207102730870246 64.900342702865601 44.885906606912613 213.45660242438316 8.7045726329088193 282.14754877984524
leaf_count=424 805 21 266 181 858 35 1134
internal_value=-0.000484303 -0.00252555 -0.0057852 0.00447599 -0.0076949 0.00253536 0.00230729
internal_weight=924.501 537.178 328.45 50.093 278.357 208.728 387.323
internal_count=3724 2166 1326 202 1124 840 1558
is_linear=0
shrinkage=0.03


Tree=61
num_leaves=8
num_cat=0
split_feature=16 9 23 30 24 16 2
split_gain=4.98845 12.8279 6.51227 9.46142 6.35069 8.16957 5.64183
threshold=-0.64186060093401365 0.7924773558512811 -0.84623328381480045 0.51543424566249163 2.4412800221413806 2.997304260861799 1.5569566646753541
decision_type=2 2 2 2 2 2 2
left_child=6 4 -3 -4 -2 -6 -1
right_child=1 2 3 -5 5 -7 -8
leaf_value=-0.0072281840454803499 -0.0012514354534343868 -0.0066323647760466878 0.025400869500371948 -0.011568724525426611 0.020015394430945299 -0.004229562030069931 0.0029376634432654765
leaf_weight=166.53205151855946 590.44293864071369 8.9599721878766996 37.540226861834526 6.2206328511238089 28.601256340742111 19.66123953461647 66.405284240841866
leaf_count=677 2372 36 151 25 115 79 269
internal_value=-0.00046861 0.000793303 0.01488 0.0196695 -0.00036745 0.0099486 -0.00426584
internal_weight=924.364 691.426 52.7208 43.7609 638.705 48.2625 232.937
internal_count=3724 2778 212 176 2566 194 946
is_linear=0
shrinkage=0.03


Tree=62
num_leaves=8
num_cat=0
split_feature=3 48 21 19 42 24 36
split_gain=5.61437 8.3049 7.86655 8.24463 7.09734 7.29666 7.13953
threshold=2.4617091655332461 0.84311344934574417 -0.71668319687028526 -0.49807613946290152 0.98836749791305212 2.3192100615574325 -0.44336341280573738
decision_type=2 2 2 2 2 2 2
left_child=1 4 -2 -4 5 -1 -6
right_child=2 -3 3 -5 6 -7 -8
leaf_value=-0.0011306034638261515 0.010263496229271909 0.0065850592402373022 -0.03545543008376402 -0.0070138569112303158 -0.013353187052783429 0.010310620695803503 0.017720394809735036
leaf_weight=578.9424292743206 14.326923757791517 150.81642156839371 11.588282912969587 45.111868277192116 63.400625482201576 53.882588416337967 6.162283167243003
leaf_count=2328 58 609 47 183 257 217 25
internal_value=-0.00045455 0.000207062 -0.00850287 -0.0136004 -0.00114851 -0.000118032 -0.0101758
internal_weight=924.231 853.204 71.0271 56.7002 702.388 632.825 69.5629
internal_count=3724 3436 288 230 2827 2545 282
is_linear=0
shrinkage=0.03


Tree=63
num_leaves=8
num_cat=0
split_feature=4 28 38 40 50 37 31
split_gain=5.44652 9.33074 9.04827 7.46091 8.38578 5.20123 10.3821
threshold=-0.20945954076863008 -0.53674036122541502 0.61935854019636205 1.1359203393258512 -2.0234722784297845 0.73546865123825278 0.40619444487323347
decision_type=2 2 2 2 2 2 2
left_child=2 5 -1 4 -3 -2 -7
right_child=1 3 -4 -5 -6 6 -8
leaf_value=0.00094062192672912204 0.0010504335635631817 0.020099722411878657 0.018919305724627508 -0.022716602397756934 -0.005310379797478078 0.040027626385008029 -0.0065688608823351565
leaf_weight=360.96738958358765 193.72544302046299 10.981481090188025 26.334870740771294 20.798934668302536 296.37662839889526 8.2254087030887586 6.7333590388298026
leaf_count=1452 780 45 106 85 1196 33 27
internal_value=-0.000440912 -0.00240877 0.0022473 -0.00557046 -0.00429163 0.00249431 0.019016
internal_weight=924.144 536.841 387.302 328.157 307.358 208.684 14.9588
internal_count=3724 2166 1558 1326 1241 840 60
is_linear=0
shrinkage=0.03


Tree=64
num_leaves=8
num_cat=0
split_feature=4 28 13 13 38 26 37
split_gain=5.12656 8.79777 11.0659 13.3769 8.52641 6.591 5.76198
threshold=-0.20945954076863008 -0.53674036122541502 0.76232059966935017 1.9692534169615405 0.61935854019636205 2.9981212237989032 0.73546865123825278
decision_type=2 2 2 2 2 2 2
left_child=4 5 -3 -4 -1 6 -2
right_child=1 2 3 -5 -6 -7 -8
leaf_value=0.00091247338948476022 -0.00024179972828183337 -0.0081865763464653504 0.011650199176467833 -0.023112689862868217 0.018363035695813674 0.026660296257507547 0.01847796032706411
leaf_weight=360.97046886384487 185.04158371686935 262.13310167193413 54.939227685332298 10.957428276538847 26.348718613386154 8.6932884156703931 14.960580557584761
leaf_count=1452 745 1061 221 44 106 35 60
internal_value=-0.000424812 -0.00233477 -0.00540627 0.00538644 0.00218247 0.00242428 0.00116881
internal_weight=924.044 536.725 328.03 65.8967 387.319 208.695 200.002
internal_count=3724 2166 1326 265 1558 840 805
is_linear=0
shrinkage=0.03


Tree=65
num_leaves=8
num_cat=0
split_feature=12 1 1 40 18 40 20
split_gain=6.55784 5.53637 11.6692 7.0084 5.64376 11.0083 9.66784
threshold=-2.9939327617668634 1.3591245412918342 1.5173015980570785 -0.27264531083225974 0.21907886461332368 -1.1659017104940046 0.52563859251597478
decision_type=2 2 2 2 2 2 2
left_child=-1 4 -3 -4 6 -6 -2
right_child=1 2 3 -5 5 -7 -8
leaf_value=0.026809914545279395 0.0010994519667070579 -0.027337075496927113 0.0088154163856639864 -0.0060314829673794547 -0.015325230158962359 0.006474360902097704 -0.010575765510919183
leaf_weight=7.4077629148960105 410.21856613457203 17.556563407182693 38.258948728442192 101.3652333766222 21.410910755395889 253.66042044758797 74.352855876088142
leaf_count=30 1651 71 154 410 86 1022 301
internal_value=0.000424014 0.0001655 -0.0049223 -0.0018228 0.00124304 0.00467383 -0.000679198
internal_weight=924.231 916.823 157.181 139.624 759.643 275.071 484.571
internal_count=3725 3695 635 564 3060 1108 1952
is_linear=0
shrinkage=0.03


Tree=66
num_leaves=8
num_cat=0
split_feature=26 16 26 3 3 7 6
split_gain=8.16984 6.39903 5.86918 5.4514 6.62542 5.43451 6.55259
threshold=2.5603597276986423 -0.80994961331601256 -1.4149627213980205 1.0030066115684544 -0.91458279430354894 -0.9442030272187828 -0.15296945839600237
decision_type=2 2 2 2 2 2 2
left_child=2 -2 -1 4 -3 6 -4
right_child=1 3 5 -5 -6 -7 -8
leaf_value=0.023802285233429019 -0.015225989475734785 -0.0056001609023577283 -0.00066755006715148353 0 0.026754118557440996 0.00082088461036253007 -0.011531024605791047
leaf_weight=7.9703834652900687 5.9089098423719397 5.7074061334133104 143.64037908613682 15.15851655602455 30.079708263278011 637.16552333533764 78.513684973120689
leaf_count=32 24 23 580 61 121 2565 319
internal_value=0.000410302 0.0113326 -0.000300652 0.0149355 0.0211745 -0.000569054 -0.00460861
internal_weight=924.145 56.8545 867.29 50.9456 35.7871 859.32 222.154
internal_count=3725 229 3496 205 144 3464 899
is_linear=0
shrinkage=0.03


Tree=67
num_leaves=8
num_cat=0
split_feature=35 26 14 5 20 54 20
split_gain=8.00452 7.84991 7.39813 9.54329 7.30606 7.6105 6.7674
threshold=1.2763031008252217 2.5603597276986423 1.6028454438283799 2.541282403070571 2.8806565909379391 0.19672647151400693 1.942527607520556
decision_type=2 2 2 2 2 2 2
left_child=1 2 3 -1 5 -3 -4
right_child=-2 4 6 -5 -6 -7 -8
leaf_value=-0.00023899321462335596 -0.020630052769082429 0.025300060544297221 0.020040359159993439 -0.025117858983290088 -0.013148217162869843 0 0
leaf_weight=781.22225724160671 14.96143454313278 29.533964619040489 29.776818066835403 13.162633463740347 7.6758557558059684 17.368406102061272 30.328234046697617
leaf_count=3150 60 119 120 53 31 70 122
internal_value=0.000397556 0.000782399 5.41016e-05 -0.000701146 0.0117088 0.0162795 0.0101295
internal_weight=924.03 909.068 854.49 794.385 54.5782 46.9024 60.1051
internal_count=3725 3665 3445 3203 220 189 242
is_linear=0
shrinkage=0.03


Tree=68
num_leaves=8
num_cat=0
split_feature=35 14 17 14 15 22 45
split_gain=7.56282 6.26357 6.97628 9.70944 6.91201 6.89415 6.48839
threshold=1.2763031008252217 1.6028454438283799 1.9265061087701463 0.61462715512287602 2.9959922192414701 1.6832295518310161 -1.1803588290840412
decision_type=2 2 2 2 2 2 2
left_child=1 2 5 -4 6 -1 -3
right_child=-2 4 3 -5 -6 -7 -8
leaf_value=0.00021102218592144328 -0.020058765466489471 0.029144315812395755 0.022825465009130887 -0.0052360907746183448 -0.0073256736348115753 -0.0098523499698864436 0.0064029844993160404
leaf_weight=729.60225866734982 14.954499602317808 17.553123354911804 26.30694805085659 16.936267033219337 15.664326146245001 65.661904886364937 37.242724314332008
leaf_count=2940 60 71 106 68 63 267 150
internal_value=0.000384092 0.00075858 1.40258e-05 0.0116261 0.00928501 -0.000612364 0.0143485
internal_weight=923.922 908.968 838.507 43.2432 70.4602 795.264 54.7958
internal_count=3725 3665 3381 174 284 3207 221
is_linear=0
shrinkage=0.03


Tree=69
num_leaves=8
num_cat=0
split_feature=35 27 28 35 15 27 30
split_gain=7.14798 7.75661 6.61702 8.62906 7.72827 4.76034 6.84677
threshold=1.2763031008252217 -0.7574547206816451 -0.62890013824413182 -1.2392415318570587 0.75665075470595122 -0.79378871302487297 -0.39899891392798587
decision_type=2 2 2 2 2 2 2
left_child=1 5 3 -3 -4 -1 -7
right_child=-2 2 4 -5 -6 6 -8
leaf_value=-0.0034514248945261587 -0.019506835533544122 0.025166219931335186 -0.0016433958923046616 0.0044489501968677262 0.0055953107752754446 -0.038294234793224809 0
leaf_weight=128.64251260459423 14.944733202457426 21.039732843637466 427.56442216038704 125.10460093617439 190.6181605309248 8.1671460121870023 7.6979143172502509
leaf_count=520 60 85 1726 503 767 33 31
internal_value=0.000372681 0.000737144 0.00195805 0.00768422 0.000569884 -0.00558647 -0.020778
internal_weight=923.779 908.834 764.327 146.144 618.183 144.508 15.8651
internal_count=3725 3665 3081 588 2493 584 64
is_linear=0
shrinkage=0.03


Tree=70
num_leaves=8
num_cat=0
split_feature=26 53 29 26 31 0 28
split_gain=5.89102 9.03033 8.49061 8.01315 6.44173 9.39594 6.01645
threshold=0.99762563529381398 -0.78690588605602774 0.38885734228190977 1.3070601757547222 0.91083191433143551 0.5329516385088412 -1.0941025261933368
decision_type=2 2 2 2 2 2 2
left_child=6 2 3 -2 5 -3 -1
right_child=1 4 -4 -5 -6 -7 -8
leaf_value=0.014408951447129541 0.0046421351338046691 0.015016908975594505 0.01629596577550757 -0.030397640448714524 -0.0082903177233607586 -1.0732165036207639e-05 -0.0012755601643800367
leaf_weight=21.653597012162209 7.6569899469614091 102.28211626410484 7.1800868660211554 15.692499592900274 18.612325519323349 55.628095924854279 676.77311143279076
leaf_count=87 31 412 29 64 75 224 2729
internal_value=0.000552389 0.00499324 -0.00963931 -0.0185723 0.00764848 0.00966187 -0.000747935
internal_weight=905.479 207.052 30.5296 23.3495 176.523 157.91 698.427
internal_count=3651 835 124 95 711 636 2816
is_linear=0
shrinkage=0.03


Tree=71
num_leaves=8
num_cat=0
split_feature=52 1 23 29 23 0 1
split_gain=5.97282 5.64282 4.81276 5.79079 4.38084 5.88533 4.76161
threshold=-1.7424344619812049 0.30139906810120698 2.4772844656369517 0.81105016634802862 0.80745173628140943 0.88844588039508243 2.8157946079259517
decision_type=2 2 2 2 2 2 2
left_child=1 -1 4 -4 6 -6 -2
right_child=2 -3 3 -5 5 -7 -8
leaf_value=0.017457269412974482 0.0010730900997412895 -0.0029621685906155012 0.012266448404792022 -0.0099357755147308352 -0.0029159538004515477 -0.021165220128087046 -0.0093332332404369583
leaf_weight=33.643430933356285 599.05596786737442 16.640213057398796 51.526918083429337 11.686923637986181 133.82401302456856 17.742897987365723 41.249055534601212
leaf_count=135 2415 67 208 47 540 72 167
internal_value=0.000535705 0.0104814 -4.31966e-05 0.00783732 -0.000700295 -0.00527531 0.000365807
internal_weight=905.369 50.2836 855.086 63.2138 791.872 151.567 640.305
internal_count=3651 202 3449 255 3194 612 2582
is_linear=0
shrinkage=0.03


Tree=72
num_leaves=8
num_cat=0
split_feature=52 18 23 9 27 26 17
split_gain=5.62277 5.51788 6.21167 9.87041 5.2564 5.14394 6.77865
threshold=-1.7424344619812049 -0.58903669427396577 -0.49757969605950875 0.71760481253948816 0.93719278159544972 0.99762563529381398 1.6899992260990921
decision_type=2 2 2 2 2 2 2
left_child=-1 2 4 -4 -2 6 -3
right_child=1 5 3 -5 -6 -7 -8
leaf_value=0.010168482669868278 -0.00020182067467451199 0.00040923147886107593 -0.01110118842517197 0.01169074947207345 0.024057406215219786 0.0057988898091087728 -0.017116292445687346
leaf_weight=50.274894163012505 35.577489793300629 489.31565335392952 118.94624224305153 18.488914489746094 8.962935194373129 164.08905640244484 19.671609178185463
leaf_count=202 143 1975 479 75 36 662 79
internal_value=0.000517635 -4.35032e-05 -0.00468044 -0.00786437 0.00477159 0.00119299 -0.000270926
internal_weight=905.327 855.052 181.976 137.435 44.5404 673.076 508.987
internal_count=3651 3449 733 554 179 2716 2054
is_linear=0
shrinkage=0.03


Tree=73
num_leaves=8
num_cat=0
split_feature=52 18 20 9 26 21 17
split_gain=5.29707 5.1805 7.71795 6.17715 4.8428 7.73547 6.39798
threshold=-1.7424344619812049 -0.58903669427396577 0.39765239622662313 0.83599693030533584 0.99762563529381398 -0.892021965297639 1.6899992260990921
decision_type=2 2 2 2 2 2 2
left_child=-1 2 3 -2 6 -6 -3
right_child=1 4 -4 -5 5 -7 -8
leaf_value=0.0098717001983548852 -0.0038749035405331606 0.00039697175887389128 -0.021200758932841152 0.018043135829647467 0.026797316996737632 0.0034774130011365747 -0.016630230949111122
leaf_weight=50.263006374239922 149.33490934967995 489.32516229152679 21.196142196655273 11.390427336096762 13.417206376790999 150.67719829082489 19.668435320258141
leaf_count=202 601 1975 86 46 54 608 79
internal_value=0.0005034 -4.06947e-05 -0.00453499 -0.00212688 0.00115669 0.00562579 -0.000262897
internal_weight=905.272 855.009 181.921 160.725 673.088 164.094 508.994
internal_count=3651 3449 733 647 2716 662 2054
is_linear=0
shrinkage=0.03


Tree=74
num_leaves=8
num_cat=0
split_feature=26 5 31 23 20 43 28
split_gain=4.92967 7.76657 7.81064 6.9291 5.7887 5.65797 5.62203
threshold=0.99762563529381398 -0.53245552067612478 1.0316514279613023 -0.49757969605950875 0.68365764571467469 -1.0000000180025095e-35 -1.0941025261933368
decision_type=2 2 2 2 2 2 2
left_child=6 3 -3 4 -2 -5 -1
right_child=1 2 -4 5 -6 -7 -8
leaf_value=0.013951390518180923 0.017635859251768037 0.010946100483451416 -0.012050618188178664 -0.033859183946908379 -0.0107243386226829 -0.0051885027483288323 -0.0012094471139040229
leaf_weight=21.65621529519558 17.654457986354831 126.87765492498875 13.402165740728377 7.4193135350942603 8.4188177883625013 33.149472653865814 676.61366201937199
leaf_count=87 71 512 54 30 34 134 2729
internal_value=0.000489384 0.00455425 0.0085731 -0.00368526 0.00786668 -0.0114811 -0.000698517
internal_weight=905.192 206.922 140.28 66.6421 26.0733 40.5688 698.27
internal_count=3651 835 566 269 105 164 2816
is_linear=0
shrinkage=0.03


Tree=75
num_leaves=8
num_cat=0
split_feature=3 12 35 23 10 55 13
split_gain=6.52038 6.64981 9.91043 5.24473 7.23982 6.80881 5.76194
threshold=2.7507814258722552 -0.081705789921172708 -0.42822060357724062 1.9480885049214294 1.2809469876331923 1.067943702504609 1.0948709047633625
decision_type=2 2 2 2 2 2 2
left_child=3 -2 -3 6 5 -5 -1
right_child=1 2 -4 4 -6 -7 -8
leaf_value=-0.0013015427012344634 -0.020984485073725686 -0.010623552520460752 0.02825668973815949 0.0066275006198037636 0.031404716312575014 -0.021360010763155652 0.0057244471139448298
leaf_weight=626.50143145024776 24.790845856070518 20.100934445858005 7.1883827149868003 92.657725274562836 9.0721704512834531 7.3692283630371085 125.07121714949608
leaf_count=2526 100 83 29 373 37 30 504
internal_value=0.000125016 -0.0100602 0 0.000769703 0.0068871 0.0042261 -0.000106344
internal_weight=912.752 52.0802 27.2893 860.672 109.099 100.027 751.573
internal_count=3682 212 112 3470 440 403 3030
is_linear=0
shrinkage=0.03


Tree=76
num_leaves=8
num_cat=0
split_feature=3 12 15 4 4 2 2
split_gain=6.14427 6.2904 15.4284 4.80446 5.05375 5.17135 4.41141
threshold=2.7507814258722552 -0.081705789921172708 -0.60177060126914894 -2.9847739096269215 -2.0715350999066993 -1.0049182117242903 0.045915659443018321
decision_type=2 2 2 2 2 2 2
left_child=3 -2 6 -1 -5 -6 -3
right_child=1 2 -4 4 5 -7 -8
leaf_value=0.020808300766383424 -0.020401803671993655 0.00064885814714014814 0.026201920793988118 -0.01303298328504709 -0.010394456980453408 0.0013986577430611642 -0.029025685077914243
leaf_weight=9.6481521129608137 24.762890964746475 5.8339410722255769 11.098218336701391 23.07519955933094 33.730745941400528 794.16359056532383 10.331948012113569
leaf_count=39 100 24 45 93 136 3202 43
internal_value=0.000121334 -0.00977042 0 0.000747376 0.000478166 0.000888116 -0.018029
internal_weight=912.645 52.027 27.2641 860.618 850.97 827.894 16.1659
internal_count=3682 212 112 3470 3431 3338 67
is_linear=0
shrinkage=0.03


Tree=77
num_leaves=8
num_cat=0
split_feature=3 13 0 7 14 6 6
split_gain=5.79348 4.8106 8.23937 7.65312 5.18891 4.38857 4.29141
threshold=2.7507814258722552 1.0948709047633625 -1.0126695133018961 0.86952766820896821 1.9152972531577241 -0.56089455943480127 0.54337590350932319
decision_type=2 2 2 2 2 2 2
left_child=1 2 3 -1 -4 -2 -7
right_child=5 -3 4 -5 -6 6 -8
leaf_value=-0.017294135672311355 0.0057323652523174808 0.0057262437730847557 0.0010151449289672989 0.0053176662160153987 -0.024109899413553702 -0.021744440643135802 -0.00081693077453378411
leaf_weight=44.144159868359566 11.326643571257589 143.33647064864635 649.31278817355633 17.390358597040176 6.4488083422183982 24.739253208041191 15.889563441276549
leaf_count=178 46 578 2618 70 26 101 65
internal_value=0.000116376 0.000724372 -0.000260845 -0.0106811 0.00070889 -0.0094952 -0.0141364
internal_weight=912.588 860.633 717.296 61.5345 655.762 51.9555 40.6288
internal_count=3682 3470 2892 248 2644 212 166
is_linear=0
shrinkage=0.03


Tree=78
num_leaves=8
num_cat=0
split_feature=3 37 36 2 7 13 42
split_gain=5.46611 4.8531 5.53799 5.31431 7.90703 6.83639 4.57892
threshold=2.7507814258722552 1.1262676139090397 2.553610244617162 0.86284047690865562 -1.027308239698461 -1.5154646807233865 -0.66502417581575812
decision_type=2 2 2 2 2 2 2
left_child=1 3 -3 5 -5 -1 -2
right_child=6 2 -4 4 -6 -7 -8
leaf_value=0.0091828900431057004 -0.02523144594727042 0.019787856046255523 -0.0024404324478010525 -0.0055979712799979599 0.0074278850664711536 -0.0022457728501791485 -0.0037367617986411822
leaf_weight=50.167203918099403 11.647230654954909 23.65036703646183 14.896138578653334 53.77484455704689 166.92988961935043 551.17249488830566 40.253359124064445
leaf_count=202 47 95 60 218 673 2222 165
internal_value=0.000110857 0.000701643 0.010974 0.000188987 0.00417554 -0.00125376 -0.0092298
internal_weight=912.492 860.591 38.5465 822.044 220.705 601.34 51.9006
internal_count=3682 3470 155 3315 891 2424 212
is_linear=0
shrinkage=0.03


Tree=79
num_leaves=8
num_cat=0
split_feature=3 12 15 14 28 0 24
split_gain=5.17364 5.74054 14.6232 4.90629 4.84073 9.03866 9.11342
threshold=2.7507814258722552 -0.081705789921172708 -0.61676786951336837 -1.4882026757130584 -0.34085750631773765 0.42137773715611643 -0.23991765112346206
decision_type=2 2 2 2 2 2 2
left_child=4 -2 3 -3 -1 -6 -7
right_child=1 2 -4 -5 5 6 -8
leaf_value=0.0038106580724907566 -0.019163804687060547 0 0.024935115078936788 -0.034187736112628354 0.0010790945809266842 0.0046111210275207428 -0.013010617313906953
leaf_weight=293.62461115419865 24.686107367277145 8.2397724241018278 11.605640992522238 7.3325324803590801 441.15843266248703 34.978346213698387 90.772891372442245
leaf_count=1183 100 34 47 31 1778 141 368
internal_value=0.000105958 -0.00898419 8.17163e-05 -0.0179227 0.000681021 -0.000917383 -0.00799299
internal_weight=912.398 51.8641 27.1779 15.5723 860.534 566.91 125.751
internal_count=3682 212 112 65 3470 2287 509
is_linear=0
shrinkage=0.03


Tree=80
num_leaves=8
num_cat=0
split_feature=21 21 2 9 31 17 11
split_gain=5.30289 8.76044 8.00657 7.00022 12.0145 10.1552 4.7127
threshold=1.1947863610664609 0.93009469051179339 -0.37516517951140677 0.57130626577882082 -1.1517844023274599 0.53670621639213911 0.81518786182302472
decision_type=2 2 2 2 2 2 2
left_child=1 3 6 4 -1 -5 -2
right_child=2 -3 -4 5 -6 -7 -8
leaf_value=-0.021195808310968192 0.0076148828373974091 0.014054733270362104 -0.0096388696700392164 0.0020390146395782576 -0.00081398123012733339 0.022737479353742554 -0.013738553297023193
leaf_weight=26.782267302274704 50.203571677207947 41.172326117753983 115.42877247929573 185.14900599420071 454.0490744560957 23.557487308979034 10.047423988580702
leaf_count=108 202 166 467 751 1828 95 41
internal_value=-0.000328106 0.000780893 -0.00500401 -9.17127e-06 -0.00202201 0.00454414 0.00364294
internal_weight=906.39 730.71 175.68 689.538 480.831 208.706 60.251
internal_count=3658 2948 710 2782 1936 846 243
is_linear=0
shrinkage=0.03


Tree=81
num_leaves=8
num_cat=0
split_feature=55 42 4 4 55 29 42
split_gain=5.77404 9.16257 8.55021 6.43408 7.00958 9.16951 6.01709
threshold=-1.0117361392148936 0.18837260972830602 1.2014940333161346 1.4468822878483951 1.34898151895319 -1.3380136137158671 0.44483019205592345
decision_type=2 2 2 2 2 2 2
left_child=1 2 -1 6 5 -5 -2
right_child=3 -3 -4 4 -6 -7 -8
leaf_value=0.0061622235760494387 -0.00017175522703780709 0.028474487728355247 -0.018645705695898122 -0.007238416605518533 0.024483806666714521 0.01417559073352017 -0.0060358700196676586
leaf_weight=87.083681702613831 465.78039726614952 13.365283980965613 13.414581120014189 39.167714625597 14.982994899153708 31.170515537261963 241.35545015335083
leaf_count=351 1873 54 54 158 61 126 981
internal_value=-0.000317774 0.00594676 0.00255198 -0.00124315 0.00644812 0.00210666 -0.00220014
internal_weight=906.321 113.864 100.498 792.457 85.3212 70.3382 707.136
internal_count=3658 459 405 3199 345 284 2854
is_linear=0
shrinkage=0.03


Tree=82
num_leaves=8
num_cat=0
split_feature=10 27 10 17 4 4 17
split_gain=4.19675 6.78372 6.08761 6.01985 12.519 10.3177 6.25053
threshold=1.7450501970233299 -0.64772746140330983 2.0003513649698319 -0.61653724447899505 1.5023316984756765 -0.28986604423961976 -0.19649420830569145
decision_type=2 2 2 2 2 2 2
left_child=3 2 -2 4 5 -1 -5
right_child=1 -3 -4 6 -6 -7 -8
leaf_value=0.00061216407736378248 0.021583035135066563 0.015410955994919781 -0.010361054857856142 0.0059290758859269063 0.014416842062374305 -0.015518517229846249 -0.0011275555135147987
leaf_weight=55.978466257452965 5.6765702068805721 36.681114763021469 24.208171278238297 142.14681881666183 21.990800201892853 89.398014798760414 530.10679619014263
leaf_count=226 23 150 99 573 89 366 2132
internal_value=-0.000306456 0.00686174 -0.00330528 -0.000900087 -0.00597805 -0.00924304 0.000348867
internal_weight=906.187 66.5659 29.8847 839.621 167.367 145.376 672.254
internal_count=3658 272 122 3386 681 592 2705
is_linear=0
shrinkage=0.03


Tree=83
num_leaves=8
num_cat=0
split_feature=33 33 28 33 28 13 28
split_gain=4.22446 8.91291 8.01605 7.32727 6.48643 5.9914 6.61423
threshold=-2.0022577850893915 -2.2060239370786356 -0.65166284645063499 -0.57666444448273968 0.67385658871055387 1.6760681602374257 0.36835746833576327
decision_type=2 2 2 2 2 2 2
left_child=1 2 -1 5 -4 6 -2
right_child=3 -3 4 -5 -6 -7 -8
leaf_value=0.019083314490414675 -0.0035890644715104517 0.031209944441201211 -0.012450108818052438 0.00058197479970874114 0.0070036264310431679 0.01755690577543054 -0.016475591800364231
leaf_weight=18.114988639950752 135.83740450441837 10.064678609371184 31.401115953922272 624.55117677152157 27.62174466252327 7.9443934112787238 50.567180246114731
leaf_count=73 551 41 129 2513 113 32 206
internal_value=-0.000294854 0.00592006 0.00207116 -0.000981372 -0.00313116 -0.00605932 -0.00723418
internal_weight=906.103 87.2025 77.1378 818.9 59.0229 194.349 186.405
internal_count=3658 356 315 3302 242 789 757
is_linear=0
shrinkage=0.03


Tree=84
num_leaves=8
num_cat=0
split_feature=21 21 19 2 18 3 9
split_gain=4.94715 8.28311 7.51225 7.41428 7.92989 11.6904 6.61152
threshold=1.1947863610664609 0.93009469051179339 -0.98245987481316643 -0.37516517951140677 0.55871416854466605 -0.46369604454884467 0.57130626577882082
decision_type=2 2 2 2 2 2 2
left_child=1 2 -1 4 5 -2 -4
right_child=3 -3 6 -5 -6 -7 -8
leaf_value=-0.0087531303664045053 0.019506024637410455 0.013695157621427001 -0.00091968162030891837 -0.0092677634313168677 0.0181801473413605 -0.01490079626886179 0.0058219041149223444
leaf_weight=77.288665503263474 11.669866994023321 41.164919897913933 425.58099421858788 115.30159813165665 20.805899441242218 27.759046420454979 186.41401542723179
leaf_count=312 47 166 1714 467 84 112 756
internal_value=-0.000283183 0.00078744 0 -0.00480249 0.00351174 -0.00411572 0.00111549
internal_weight=905.985 730.449 689.284 175.536 60.2348 39.4289 611.995
internal_count=3658 2948 2782 710 243 159 2470
is_linear=0
shrinkage=0.03


Tree=85
num_leaves=8
num_cat=0
split_feature=15 36 8 9 16 13 9
split_gain=4.28307 12.5131 8.34271 8.97924 8.96379 8.8581 7.81752
threshold=0.88217706080454006 0.22902144994093929 -0.4649388821236759 -0.29843853722542213 1.1436564100547681 0.6056076189381614 -0.22317152744742821
decision_type=2 2 2 2 2 2 2
left_child=2 -2 5 4 -4 -1 -7
right_child=1 -3 3 -5 -6 6 -8
leaf_value=-0.015672386158868262 0.022377722664295555 0.00052401996927763106 0.010869481959785428 -0.0013845848306595684 -0.025173987859884703 -0.010443812727292232 0.0069850410798328027
leaf_weight=66.771540090441704 26.561101511120796 174.94756089150906 93.628105983138084 475.24232865869999 5.4848182052373877 42.770362496376038 47.686784252524376
leaf_count=270 107 705 377 1923 22 172 192
internal_value=-0.000266917 0.00357493 -0.00134903 0.000305745 0.00849351 -0.00745245 -0.00111583
internal_weight=933.093 201.509 731.584 574.355 99.1129 157.229 90.4571
internal_count=3768 812 2956 2322 399 634 364
is_linear=0
shrinkage=0.03


Tree=86
num_leaves=8
num_cat=0
split_feature=7 38 53 32 35 3 46
split_gain=6.73347 7.85988 6.92058 12.2857 7.54124 4.27191 7.10562
threshold=0.41264612904961639 0.60461423668868652 -0.56207563289716256 1.6070179083597544 -0.40630969172583992 -1.055059882476493 1.3489815189531904
decision_type=2 2 2 2 2 2 2
left_child=5 2 3 -2 -4 6 -1
right_child=1 -3 4 -5 -6 -7 -8
leaf_value=-0.024658856565375212 -0.011114481832635539 0.019157011860598538 0.018375305457313487 0.02629397394430032 0.0021272070530521429 -0.0015068671487856325 0.010604783029413293
leaf_weight=16.527528420090679 60.47891329228878 25.33106592297554 29.973306238651276 7.9263067692518225 173.9432287812233 612.90726499259472 5.9211321473121634
leaf_count=67 244 102 121 32 699 2479 24
internal_value=-0.00025886 0.00343915 0.00185747 -0.00624734 0.0046667 -0.00201756 -0.0146623
internal_weight=933.009 297.653 272.322 68.4052 203.917 635.356 22.4487
internal_count=3768 1198 1096 276 820 2570 91
is_linear=0
shrinkage=0.03


Tree=87
num_leaves=8
num_cat=0
split_feature=15 17 41 12 8 41 24
split_gain=3.99857 10.4714 10.0579 8.16254 7.82808 9.14835 7.75545
threshold=0.88217706080454006 0.93012491320364699 -1.0160149416843398 0.25135545939855136 -0.4649388821236759 -1.0814400441613536 1.93877338237441
decision_type=2 2 2 2 2 2 2
left_child=4 2 3 -2 -1 -6 -3
right_child=1 6 -4 -5 5 -7 -8
leaf_value=-0.0072091742040986196 0.0095328087679049812 -0.0084050203272168673 0.018739112758460446 -0.023402586240009952 0.033292696562295665 -0.00010020452212490796 0.0069882469661066192
leaf_weight=157.13582202792168 15.672295928001406 71.559567838907242 56.204376965761185 10.166692450642584 6.4721155911684027 567.80591185390949 47.874328911304474
leaf_count=634 63 288 227 41 26 2296 193
internal_value=-0.000248438 0.00346333 0.0116754 -0.0032563 -0.0012947 0.000307277 -0.00210338
internal_weight=932.891 201.477 82.0434 25.839 731.414 574.278 119.434
internal_count=3768 812 331 104 2956 2322 481
is_linear=0
shrinkage=0.03


Tree=88
num_leaves=8
num_cat=0
split_feature=15 17 8 28 8 14 23
split_gain=3.76213 9.87339 7.37362 10.1306 9.58874 7.23764 5.85377
threshold=0.88217706080454006 0.84628137085836064 -0.4649388821236759 0.39336896946273858 -0.67374737282327701 0.25323468423980994 1.7698673370776874
decision_type=2 2 2 2 2 2 2
left_child=2 -2 3 -1 -5 6 -4
right_child=1 -3 5 4 -6 -7 -8
leaf_value=-0.019079327891965567 0.011950575698741467 -0.0016491493627013489 -0.0018885381352635076 -0.0063260680708551193 0.015683166357481709 0.0093887981084233244 0.010034020486157379
leaf_weight=44.003385469317436 74.797532469034195 126.6456967741251 466.63528126478195 92.251311033964157 20.838693425059319 68.606479316949844 39.027902200818062
leaf_count=178 302 510 1888 372 84 276 158
internal_value=-0.000239575 0.00336053 -0.00125489 -0.00699617 -0.00203711 0.000299016 -0.000920742
internal_weight=932.806 201.443 731.363 157.093 113.09 574.27 505.663
internal_count=3768 812 2956 634 456 2322 2046
is_linear=0
shrinkage=0.03


Tree=89
num_leaves=8
num_cat=0
split_feature=34 40 4 21 35 1 23
split_gain=7.2085 9.82043 7.96963 7.54416 5.60257 10.2321 7.93834
threshold=-1.1789048151224957 1.5695227757278798 -0.28986604423961976 -0.3798694298692028 -0.38642922946330921 0.65384974493032688 -0.84623328381480045
decision_type=2 2 2 2 2 2 2
left_child=1 -1 -2 -3 6 -6 -4
right_child=2 3 4 -5 5 -7 -8
leaf_value=0.03049669087213823 0.0026501828898578455 0.020012134281749576 -0.020399748098557064 -0.020925638578513425 -0.0030673910015008052 0.010758897485808097 -0.004203603036873573
leaf_weight=14.89461523294449 367.19579453766346 5.9786999076604834 33.122387051582336 8.3810294568538648 283.71776084601879 56.824563652276993 162.57641725242138
leaf_count=60 1480 24 135 34 1141 229 665
internal_value=-0.000231379 0.0141496 -0.000728768 -0.00271133 -0.00307108 -0.000691604 -0.00711086
internal_weight=932.691 29.2543 903.437 14.3597 536.241 340.542 195.699
internal_count=3768 118 3650 58 2170 1370 800
is_linear=0
shrinkage=0.03


Tree=90
num_leaves=8
num_cat=0
split_feature=55 49 41 27 24 46 23
split_gain=6.02128 8.47686 8.46584 6.37482 4.84423 4.43236 5.6219
threshold=-1.0117361392148936 -1.3489815189531893 -0.47041204726378721 1.7139660367242153 -1.040052124263809 -1.6862268986914879 0.22385082881019999
decision_type=2 2 2 2 2 2 2
left_child=1 2 3 -1 -3 6 -2
right_child=5 4 -4 -5 -6 -7 -8
leaf_value=-0.0017511380752399017 0.026230829657425386 -0.011179870089439877 -0.026856467430250681 0.029562742608002963 0.0157926517031278 -0.0009418112259892466 -0.0011508495883647486
leaf_weight=32.191176533699036 11.443733841180803 5.2335288226604453 9.4423991739749891 5.9631494134664527 63.851366713643074 781.7025338113308 12.43738681077957
leaf_count=130 46 21 38 24 258 3159 50
internal_value=0.000379689 0.00672804 -0.00273102 0.00338985 0.013405 -0.000528418 0.0118944
internal_weight=922.265 116.682 47.5967 38.1543 69.0849 805.584 23.8811
internal_count=3726 471 192 154 279 3255 96
is_linear=0
shrinkage=0.03


Tree=91
num_leaves=8
num_cat=0
split_feature=40 39 47 40 22 22 22
split_gain=3.98873 6.62717 5.12383 4.90005 3.30908 7.38007 6.41985
threshold=1.5695227757278798 1.2919359582622965 -1.6862268986914877 0.89115535862593898 -0.67397615288498114 -0.73205296137841191 -0.45732426628935258
decision_type=2 2 2 2 2 2 2
left_child=1 4 -2 -3 5 -1 -6
right_child=2 3 -4 -5 6 -7 -8
leaf_value=-0.00075815277600701039 0.0088317858947449847 -0.0015049441624254381 -0.019022496043839491 0.025252445054555903 0.0090273239461496745 -0.018734802953701758 0.000114000923182348
leaf_weight=139.60406224429607 6.9206899404525783 7.9466372281312969 19.000701516866684 15.87467201054096 81.828043594956398 23.569717332720757 627.40179499983788
leaf_count=562 28 32 77 64 330 95 2538
internal_value=0.000367871 0.000724577 -0.0109768 0.016021 0.000271863 -0.00354446 0.00117477
internal_weight=922.146 896.225 25.9214 23.8213 872.404 163.174 709.23
internal_count=3726 3621 105 96 3525 657 2868
is_linear=0
shrinkage=0.03


Tree=92
num_leaves=8
num_cat=0
split_feature=55 9 22 22 18 54 28
split_gain=5.67327 6.29627 5.64255 6.93272 6.89539 3.96931 7.2937
threshold=-1.0117361392148936 -2.3501276906310236 -0.67397615288498114 -0.73205296137841191 -0.86148484939673298 -1.500741939835424 -0.39609035505793994
decision_type=2 2 2 2 2 2 2
left_child=5 -2 3 -3 -4 -1 -7
right_child=1 2 4 -5 -6 6 -8
leaf_value=-0.00064427392422577274 -0.016155556894935457 -0.0022678433920161663 -0.0095933525940834659 -0.019676912050253806 0.0021495413056580007 -0.001930467053599384 0.017163112174930842
leaf_weight=41.102548360824585 21.551469385623932 136.29686236381531 47.50890026986599 24.024131834506989 576.12617947161198 25.508247762918472 49.995658159255981
leaf_count=166 87 549 192 97 2330 103 202
internal_value=0.000356448 -0.000524364 -5.55086e-05 -0.00507538 0.00121702 0.00652129 0.0105756
internal_weight=922.114 805.508 783.956 160.321 623.635 116.606 75.5039
internal_count=3726 3255 3168 646 2522 471 305
is_linear=0
shrinkage=0.03


Tree=93
num_leaves=8
num_cat=0
split_feature=55 9 46 38 51 27 37
split_gain=5.33867 5.94315 5.6249 3.90023 3.62207 3.52315 5.77691
threshold=-1.0117361392148936 -2.3501276906310236 -1.6862268986914879 0.61935854019636205 -1.4613966455326224 1.7853442739432503 0.13798288565566952
decision_type=2 2 2 2 2 2 2
left_child=5 4 -3 -4 -2 6 -1
right_child=1 2 3 -5 -6 -7 -8
leaf_value=0.014632906791256815 0.0010271701198722851 0.015669759645226999 -0.0018801906774276694 0.0028054401417973527 -0.023396102444265144 0.018961122392536212 -0.00069085683658870738
leaf_weight=30.32873946428299 6.4414907991886166 18.897772967815399 540.49956694245338 224.53164148330688 15.093865826725958 16.607015833258629 69.625980526208878
leaf_count=123 26 76 2185 907 61 67 281
internal_value=0.000342334 -0.000511496 -5.55637e-05 -0.00048354 -0.0157038 0.00632422 0.00390906
internal_weight=922.026 805.464 783.929 765.031 21.5354 116.562 99.9547
internal_count=3726 3255 3168 3092 87 471 404
is_linear=0
shrinkage=0.03


Tree=94
num_leaves=8
num_cat=0
split_feature=19 42 3 3 17 42 23
split_gain=3.67461 6.90347 4.81521 11.899 6.58619 6.6028 6.53095
threshold=-0.28799369745391845 1.5717642602276911 -0.15295447973740661 -0.060559921473681728 1.3287638959993768 0.0091896886795946649 0.59810206378815811
decision_type=2 2 2 2 2 2 2
left_child=2 -2 4 -4 5 -1 -6
right_child=1 -3 3 -5 6 -7 -8
leaf_value=-0.002897992635402091 -0.00027359608564373801 -0.013961856484506655 -0.030086072569462503 0.0014050465459542719 0.032157399792251032 0.010187298712206456 -0.00091248023667454641
leaf_weight=63.35016268491745 525.6292564868927 34.606969937682152 10.419895514845846 194.60435065627098 15.086879372596742 71.535819053649902 6.7026549428701392
leaf_count=255 2123 142 42 787 61 289 27
internal_value=0.00033347 -0.00116925 0.00269919 -0.000260875 0.00664492 0.00395521 0.0217329
internal_weight=921.936 560.236 361.7 205.024 156.676 134.886 21.7895
internal_count=3726 2265 1461 829 632 544 88
is_linear=0
shrinkage=0.03


Tree=95
num_leaves=8
num_cat=0
split_feature=51 5 13 12 12 8 12
split_gain=5.40717 5.10159 6.13218 5.08416 8.79345 8.28363 4.72544
threshold=2.3045100948783674 2.541282403070571 1.3468949164939241 0.58813624632488493 0.68722181489504697 -0.51186222558576977 -0.15623295338074447
decision_type=2 2 2 2 2 2 2
left_child=1 3 -3 5 -5 -1 -4
right_child=-2 2 6 4 -6 -7 -8
leaf_value=-0.0030425658948156397 -0.016376553237277536 -0.035356257016545205 -0.016656217045395619 -0.017667334925586531 -0.00094007329568413509 0.0042525318870524952 0.012624570047979048
leaf_weight=207.24901166558266 17.570342302322388 6.9140737801790264 9.4230674356222188 32.225752830505371 208.28091652691364 418.1315076649189 8.1629710346460307
leaf_count=836 72 28 38 131 848 1684 33
internal_value=-0.000354089 -3.06654e-06 -0.0132447 0.000369147 -0.00330736 0.00181002 -0.00230981
internal_weight=907.958 890.387 24.5001 865.887 240.507 625.381 17.586
internal_count=3670 3598 99 3499 979 2520 71
is_linear=0
shrinkage=0.03


Tree=96
num_leaves=8
num_cat=0
split_feature=51 5 13 12 12 12 12
split_gain=5.11248 4.83671 5.84127 4.7916 8.30529 4.80373 4.47582
threshold=2.3045100948783674 2.541282403070571 1.3468949164939241 0.58813624632488493 0.68722181489504697 0.0094900594606145104 -0.15623295338074447
decision_type=2 2 2 2 2 2 2
left_child=1 3 -3 5 -5 -1 -4
right_child=-2 2 6 4 -6 -7 -8
leaf_value=1.0137126743116631e-05 -0.015942471543235952 -0.034528205971060551 -0.016201944365981526 -0.017183506007649705 -0.0009120885641895162 0.005790168675063853 0.012288773516032862
leaf_weight=439.91971459984779 17.53505103290081 6.8918030112981823 9.4246650636196172 32.168158650398254 208.26225051283836 185.49892194569111 8.1617894619703257
leaf_count=1772 72 28 38 131 848 748 33
internal_value=-0.000347443 -5.92776e-06 -0.0129052 0.000355908 -0.00321339 0.00175494 -0.00222273
internal_weight=907.862 890.327 24.4783 865.849 240.43 625.419 17.5865
internal_count=3670 3598 99 3499 979 2520 71
is_linear=0
shrinkage=0.03


Tree=97
num_leaves=8
num_cat=0
split_feature=16 29 9 30 14 10 22
split_gain=4.93254 9.5329 7.38701 9.27059 8.15114 6.47626 6.69006
threshold=-0.62814068178312366 -1.8249162429094434 0.35094414645230315 -0.51510550541655109 -0.0091936247206210204 1.1052708241047922 -0.063486014378009173
decision_type=2 2 2 2 2 2 2
left_child=1 -1 3 4 -2 -3 -7
right_child=2 5 -4 -5 -6 6 -8
leaf_value=0.0039545778900255532 -0.0066723494195907842 -0.014653709284186335 0.007299228544185592 0.00092597744379758107 -0.039784166370221065 0.020472649945477241 -0.005570543204869033
leaf_weight=83.229082450270653 63.649884700775146 76.722401693463326 131.91394877433777 468.65621763467789 6.9477810412645331 9.081729903817175 67.550113618373871
leaf_count=338 256 313 532 1888 28 37 278
internal_value=-0.000339801 -0.00406717 0.000955859 -0.000578749 -0.0106507 -0.00851537 -0.00206696
internal_weight=907.751 236.583 671.168 539.254 70.5977 153.354 76.6318
internal_count=3670 966 2704 2172 284 628 315
is_linear=0
shrinkage=0.03


Tree=98
num_leaves=8
num_cat=0
split_feature=32 56 4 39 39 21 38
split_gain=4.88216 6.86074 7.9943 6.10182 6.62821 5.73367 5.52121
threshold=-0.67208955435174111 -0.67449075947659476 1.3521162442616401 0.77689823684201309 0.97036587319179157 -1.1686201345868972 0.278029953793066
decision_type=2 2 2 2 2 2 2
left_child=1 2 -1 -3 -5 -2 -7
right_child=5 3 -4 4 -6 6 -8
leaf_value=-0.017673630929159131 0.017476291279039723 -0.0099603029456610606 0.0033212404461210872 0.017732922292987199 -0.0008233289103204062 -0.0012892014804154748 0.0046495942357972116
leaf_weight=53.996965363621712 17.083372786641121 36.149981305003166 21.244832918047905 23.595992177724838 53.724565103650093 508.61953124403954 193.17926885187626
leaf_count=221 69 146 86 95 217 2055 781
internal_value=-0.000330351 -0.00462299 -0.0115831 0 0.00480209 0.000780521 0.000328476
internal_weight=907.595 188.712 75.2418 113.471 77.3206 718.882 701.799
internal_count=3670 765 307 458 312 2905 2836
is_linear=0
shrinkage=0.03


Tree=99
num_leaves=8
num_cat=0
split_feature=32 56 7 33 11 23 26
split_gain=4.60061 6.46631 8.6718 7.40925 5.81942 7.71554 7.80027
threshold=-0.67208955435174111 -0.67449075947659476 -2.9218367974429102 -1.9495013211380521 -0.55639742611773879 -0.47068488565989636 -0.12445672670985086
decision_type=2 2 2 2 2 2 2
left_child=1 2 -1 -3 5 6 -2
right_child=4 3 -4 -5 -6 -7 -8
leaf_value=0.0082250985680873794 -0.015741462141372922 0.018607279279588634 -0.016343411607076513 -0.0030630049055904067 0.0027926945721257149 -0.0059441879162866708 0.010389516425245882
leaf_weight=14.828508913516997 11.206723138689993 15.580377131700514 60.298423767089844 97.879531264305115 460.74551706016064 190.21870721876621 56.743076220154762
leaf_count=60 45 63 247 395 1865 766 229
internal_value=-0.000319583 -0.00448864 -0.0112527 0 0.000757931 -0.00281234 0.00569648
internal_weight=907.501 188.587 75.1269 113.46 718.914 258.169 67.9498
internal_count=3670 765 307 458 2905 1040 274
is_linear=0
shrinkage=0.03


Tree=100
num_leaves=8
num_cat=0
split_feature=23 23 38 23 23 19 36
split_gain=5.17614 7.32366 6.60631 11.6434 5.24692 8.89348 6.51094
threshold=-0.50460272898207659 -0.97976353742794542 0.67832678797957413 -0.66877733305047327 -0.354961646698773 0.90911770269940828 -0.3537462565329435
decision_type=2 2 2 2 2 2 2
left_child=1 -1 -3 -4 5 -2 -6
right_child=4 2 3 -5 6 -7 -8
leaf_value=-0.0048323369731045904 -0.014237057938648663 0.011259624518641289 -0.0076259814047253491 0.015690096271458433 -0.0049700811986879293 0.014079300644494504 0.0020523681601062578
leaf_weight=61.382805064320564 52.715856403112411 121.13608919084072 55.6062992811203 28.20074887573719 166.59970347583294 10.9061963558197 407.29993967711926
leaf_count=248 213 490 225 114 678 44 1644
internal_value=0.000544963 0.0040596 0.0068062 0.000135413 -0.000903849 -0.00900815 0
internal_weight=903.848 266.326 204.943 83.807 637.522 63.6221 573.9
internal_count=3656 1077 829 339 2579 257 2322
is_linear=0
shrinkage=0.03


Tree=101
num_leaves=8
num_cat=0
split_feature=26 26 18 11 34 14 37
split_gain=5.2782 13.1623 10.4415 6.06253 9.51601 4.0896 9.6364
threshold=-0.5151490957021333 -0.4421971117310623 -1.0422085566282167 -0.80722573060350999 0.42784467408034477 -0.059603812584157638 0.50304993311344359
decision_type=2 2 2 2 2 2 2
left_child=2 -2 -1 -4 -5 -3 -7
right_child=1 5 3 4 -6 6 -8
leaf_value=0.023701309857659527 -0.02001541157451903 -0.0027707613271818828 -0.01843839043407142 0.001412362705284784 0.023642992289375421 0.006560963899716602 -0.0033959503655319012
leaf_weight=21.601534128189087 29.900961384177208 262.95884428918362 10.959051564335821 209.21767760813236 18.151954665780067 197.53937166929245 153.43673840165138
leaf_count=87 121 1069 44 844 73 800 618
internal_value=0.000528514 -0.000909863 0.00413863 0.00221122 0.00334858 2.72926e-05 0.00216819
internal_weight=903.766 643.836 259.93 238.329 227.37 613.935 350.976
internal_count=3656 2608 1048 961 917 2487 1418
is_linear=0
shrinkage=0.03


Tree=102
num_leaves=8
num_cat=0
split_feature=18 20 20 17 50 25 20
split_gain=4.69124 5.66545 6.48846 8.36047 6.22873 5.19862 6.52513
threshold=-1.1165667184622741 -0.66272350824371529 -0.54299335757135692 0.93012491320364699 1.6862268986914881 1.9241559492745977 -0.79950904306403248
decision_type=2 2 2 2 2 2 2
left_child=-1 5 3 -3 -4 6 -2
right_child=1 2 4 -5 -6 -7 -8
leaf_value=0.011447701638528023 -0.0027097800937339474 0.0053247065821606047 0.0014234786800791544 0.038918977497715834 -0.0079224309538392466 0.008233578052180229 -0.017518161237936716
leaf_weight=33.000099629163742 88.550007030367851 37.885735392570496 605.81909364461899 7.6881797909736624 70.590154245495796 20.350426554679871 39.842439234256744
leaf_count=133 357 153 2454 31 285 82 161
internal_value=0.000512513 6.8211e-05 0.00118511 0.012028 0.00041574 -0.00522466 -0.00752088
internal_weight=903.726 870.726 721.983 45.5739 676.409 148.743 128.392
internal_count=3656 3523 2923 184 2739 600 518
is_linear=0
shrinkage=0.03


Tree=103
num_leaves=8
num_cat=0
split_feature=19 29 38 37 49 21 3
split_gain=5.16679 5.46767 5.79868 5.21499 4.86474 6.08309 4.46522
threshold=-0.92953651943430493 0.40152675651957986 -1.0612616844982281 -0.87778273525920658 -2.0234722784297849 -0.55924638432576179 1.0972946708228457
decision_type=2 2 2 2 2 2 2
left_child=1 3 -3 -1 5 -2 -6
right_child=4 2 -4 -5 6 -7 -8
leaf_value=0.0026251098284915315 0.0093575700518652143 -0.020318632482726487 0.0093339996672069537 -0.015814377746244428 0.0031917438061434085 -0.014052649905890528 -0.0022717202924105312
leaf_weight=16.888914689421654 12.105215936899183 6.2222587168216696 29.262705713510513 49.222085043787956 583.20774619281292 35.92763914167881 170.88120500743389
leaf_count=69 49 25 118 199 2355 145 696
internal_value=0.000498865 -0.00581451 0.00330892 -0.0109113 0.00132343 -0.00777638 0.00193246
internal_weight=903.718 101.596 35.485 66.111 802.122 48.0329 754.089
internal_count=3656 411 143 268 3245 194 3051
is_linear=0
shrinkage=0.03


Tree=104
num_leaves=8
num_cat=0
split_feature=53 23 23 40 27 23 2
split_gain=5.05459 4.80445 7.09968 5.99611 5.60201 5.30672 5.10407
threshold=-2.3045100948783674 -0.50460272898207659 -0.97976353742794542 0.55793587329315908 -1.0888548155247875 -0.36051859007862624 0.24629221503883339
decision_type=2 2 2 2 2 2 2
left_child=-1 2 3 -2 -3 -6 -4
right_child=1 4 6 -5 5 -7 -8
leaf_value=-0.014249582138269547 0.0047498904826100046 0.027193250772618964 0.0022903334213686594 -0.013724349842078962 -0.0096688167509686816 0 0.01212047892288908
leaf_weight=19.379284411668777 29.069306075572968 5.4426749944686881 106.03852497041225 30.842469289898872 55.209728226065636 564.17791943252087 93.528251975774765
leaf_count=80 117 22 428 125 223 2282 379
internal_value=0.000482476 0.000837997 0.00426788 -0.00458354 -0.000566933 -0.000878485 0.00700954
internal_weight=903.688 884.309 259.479 59.9118 624.83 619.388 199.567
internal_count=3656 3576 1049 242 2527 2505 807
is_linear=0
shrinkage=0.03


Tree=105
num_leaves=8
num_cat=0
split_feature=55 7 6 1 9 19 23
split_gain=6.01722 7.80057 8.51827 7.12314 6.28932 7.14743 6.04825
threshold=0.44966050631773036 -0.92626638459508548 0.75078846891071938 -0.016622908082288838 -0.41825538732038869 -0.48631102822354888 -0.17065768034154841
decision_type=2 2 2 2 2 2 2
left_child=1 2 6 4 -2 -6 -1
right_child=3 -3 -4 -5 5 -7 -8
leaf_value=0.0032227371991847844 -0.021265075940260211 0.0030780750061496346 -0.023755909076582798 0 0.0086613497122349625 -0.010635357313292538 -0.0097839141512470213
leaf_weight=78.257208541035652 31.233167439699173 475.68523359298706 17.735051587224007 157.3711694329977 22.490899652242661 59.612480238080025 52.255166560411453
leaf_count=316 126 1917 72 641 91 243 212
internal_value=-0.000415676 0.00118667 -0.0047618 -0.00415477 -0.00985348 -0.00512822 -0.00190567
internal_weight=894.64 623.933 148.247 270.708 113.337 82.1034 130.512
internal_count=3618 2517 600 1101 460 334 528
is_linear=0
shrinkage=0.03


Tree=106
num_leaves=8
num_cat=0
split_feature=55 35 24 1 45 42 35
split_gain=5.66567 9.52527 9.03428 7.06722 5.69076 5.70569 5.57769
threshold=0.44966050631773036 0.3624621927224157 1.141977211198548 1.3591245412918342 -1.1803588290840412 -0.95065899177580848 0.016953292597625118
decision_type=2 2 2 2 2 2 2
left_child=3 6 -3 -1 -5 -6 -2
right_child=1 2 -4 4 5 -7 -8
leaf_value=0.0025010060562897702 -0.0032358285097005696 -0.0197539079381364 0.013378968997276983 0.015341659952202106 -0.029051305603278406 -0.0055274872657117904 0.0097698228150285196
leaf_weight=531.69326077401638 180.31668540835381 48.655501678586006 7.4232691526412955 8.3621264249086362 10.414754435420035 73.397757977247238 34.220588237047195
leaf_count=2144 737 196 30 34 42 297 138
internal_value=-0.000405091 -0.00403439 -0.0149477 0.00114913 -0.0064311 -0.00893555 -0.00105602
internal_weight=894.484 270.616 56.0788 623.868 92.1746 83.8125 214.537
internal_count=3618 1101 226 2517 373 339 875
is_linear=0
shrinkage=0.03


Tree=107
num_leaves=8
num_cat=0
split_feature=32 0 2 4 33 26 25
split_gain=7.93541 5.0276 10.5054 9.12598 8.746 6.58709 5.61941
threshold=-1.3204435981663531 0.64969888741306681 0.50294626844781332 1.5023316984756765 -0.2898933667391263 1.7884607374136461 0.47674756945462488
decision_type=2 2 2 2 2 2 2
left_child=-1 2 5 6 -5 -2 -3
right_child=1 3 -4 4 -6 -7 -8
leaf_value=0.02946270417324675 -0.0032814163127501367 -0.0049646181103367038 0.0062468685293393268 -0.002414276852605418 0.019647020328118926 0.0076516639810840243 -0.018193294416175346
leaf_weight=6.9196210056543341 396.06348015367985 114.07289788126945 206.42154498398304 53.135536283254623 21.629376634955406 55.08934086561203 41.041075751185417
leaf_count=28 1600 463 835 215 87 223 167
internal_value=-0.000393068 -0.000675641 0.00064075 -0.00449265 0.00394512 -0.00189926 -0.00865495
internal_weight=894.373 887.453 657.574 229.879 74.7649 451.153 155.114
internal_count=3618 3590 2658 932 302 1823 630
is_linear=0
shrinkage=0.03


Tree=108
num_leaves=8
num_cat=0
split_feature=55 20 21 20 7 2 23
split_gain=5.33093 9.72666 8.49746 7.65956 7.13562 7.46622 10.279
threshold=0.44966050631773036 2.0801751255590886 -0.62001140748020067 0.83439587124728931 -0.92626638459508548 0.4848343526628896 1.7698673370776874
decision_type=2 2 2 2 2 2 2
left_child=4 2 3 -2 -1 -6 -7
right_child=1 -3 -4 -5 5 6 -8
leaf_value=-0.0045629854532153067 0.0083419999288022861 0.011935937941859253 -0.0092709508266372101 -0.018720126269532508 0.00038608313370683782 0.0051773395928234071 0.028453083096344953
leaf_weight=148.13367693126202 51.828406050801277 29.476331874728203 178.89115142822266 10.266948118805884 330.0867280960083 126.00751535594463 19.538888916373253
leaf_count=600 210 121 728 42 1330 508 79
internal_value=-0.000379718 -0.00390191 -0.00594242 0.00340399 0.00112728 0.00293681 0.00857719
internal_weight=894.23 270.463 240.987 62.0954 623.767 475.633 145.546
internal_count=3618 1101 980 252 2517 1917 587
is_linear=0
shrinkage=0.03


Tree=109
num_leaves=8
num_cat=0
split_feature=32 5 25 21 0 12 1
split_gain=7.56328 5.32334 8.36565 6.11474 5.04503 9.05634 6.97671
threshold=-1.3204435981663531 -0.63967425646697074 0.2572590175146407 -0.80358680002847815 -0.97909965140493715 1.5430558280541715 -0.35586353572222962
decision_type=2 2 2 2 2 2 2
left_child=-1 2 3 -2 5 -3 -6
right_child=1 4 -4 -5 6 -7 -8
leaf_value=0.028799531528049673 -0.01145746105236224 -0.0062010525204325992 -0.013958046789983764 0.0020228999832028957 -0.0010077803360988332 0.018883972100343285 0.0060553181740703515
leaf_weight=6.9097363948822013 38.086908385157585 144.24905858933926 61.549331471323967 130.3002687394619 270.65181501209736 13.023874327540396 229.27210906147957
leaf_count=28 154 583 251 528 1092 53 929
internal_value=-0.000366199 -0.000642427 -0.00456964 -0.000987261 0.000713669 -0.00392278 0.00220713
internal_weight=894.043 887.133 229.937 168.387 657.197 157.273 499.924
internal_count=3618 3590 933 682 2657 636 2021
is_linear=0
shrinkage=0.03


Tree=110
num_leaves=8
num_cat=0
split_feature=18 9 9 22 23 18 50
split_gain=6.73185 6.66892 6.28722 6.75046 5.84508 8.85435 5.31442
threshold=-0.58305881576663288 -1.2897832432750254 -2.3501276906310236 2.7736067353412475 1.7698673370776874 -0.75840547195496533 -1.3489815189531893
decision_type=2 2 2 2 2 2 2
left_child=1 -1 3 -2 5 -3 -4
right_child=2 4 6 -5 -6 -7 -8
leaf_value=-0.027310914511443896 -0.031319899263845152 -0.00070468032764075975 -0.0047681521604381136 0 0.0089442746468068428 -0.015865525314588038 0.0028488233786431822
leaf_weight=10.657356292009352 9.8452110439538956 106.96862448751926 93.901671811938286 14.310996115207672 26.778064042329788 52.038334235548973 580.06691484153271
leaf_count=43 40 432 384 58 108 211 2345
internal_value=-0.000171329 -0.00507734 0.00119299 -0.0134681 -0.00358225 -0.00582827 0.00175986
internal_weight=894.567 196.442 698.125 24.1562 185.785 159.007 673.969
internal_count=3621 794 2827 98 751 643 2729
is_linear=0
shrinkage=0.03


Tree=111
num_leaves=8
num_cat=0
split_feature=18 20 34 18 34 40 5
split_gain=6.34674 15.475 7.93215 7.64814 8.09981 6.52258 5.22849
threshold=-0.58305881576663288 0.52563859251597478 -1.1789048151224957 -0.68613263170734362 -0.20896026633470588 -0.8050005605033278 -1.9860255567622327
decision_type=2 2 2 2 2 2 2
left_child=1 3 -2 5 -5 -1 -4
right_child=2 -3 6 4 -6 -7 -8
leaf_value=0.01931785222917972 0.01703744195297292 -0.029962520465360912 -0.0088018343506295702 -0.028875136387770645 0 -0.0011184387057289232 0.0012564327258938759
leaf_weight=14.685489520430563 26.25391897559166 19.06793874502182 49.091188833117485 16.686090439558029 18.100818753242493 127.82866844534874 622.74766427278519
leaf_count=59 106 78 199 68 73 516 2522
internal_value=-0.000169509 -0.00493456 0.00115455 -0.00200584 -0.0144345 0.00100285 0.000487193
internal_weight=894.462 196.369 698.093 177.301 34.7869 142.514 671.839
internal_count=3621 794 2827 716 141 575 2721
is_linear=0
shrinkage=0.03


Tree=112
num_leaves=8
num_cat=0
split_feature=18 20 18 29 30 54 35
split_gain=5.99535 14.6635 7.23833 5.89981 5.88751 5.83407 4.44119
threshold=-0.58305881576663288 0.52563859251597478 -0.68613263170734362 -0.28610705392843733 -0.32668032267987979 -0.82625118035882894 1.2763031008252217
decision_type=2 2 2 2 2 2 2
left_child=1 2 4 -3 -1 -4 -2
right_child=6 3 5 -5 -6 -7 -8
leaf_value=-0.0041841180630295864 0.001525427855483206 -0.0015942795019777843 0.0069397449327781675 -0.040069945977610377 0.0080096948001535211 -0.020587816794211546 -0.013557470106424292
leaf_weight=81.23471499979496 681.2071530520916 6.077241554856303 7.6881942600011817 12.92298002541065 61.272146537899971 27.047030746936798 16.883419305086136
leaf_count=328 2759 25 31 53 247 110 68
internal_value=-0.000165753 -0.00479922 -0.00194921 -0.0292085 0.000973481 -0.0140515 0.00112032
internal_weight=894.333 196.242 177.242 19.0002 142.507 34.7352 698.091
internal_count=3621 794 716 78 575 141 2827
is_linear=0
shrinkage=0.03


Tree=113
num_leaves=8
num_cat=0
split_feature=50 22 16 49 26 19 41
split_gain=4.04743 4.97874 6.11742 5.68646 4.49457 7.33038 4.31717
threshold=-1.3489815189531893 1.8913949952414437 -1.413724329627394 2.0234722784297867 -0.99031687708949978 0.33425267996580432 1.1513642766506196
decision_type=2 2 2 2 2 2 2
left_child=1 2 6 -4 5 -2 -1
right_child=4 -3 3 -5 -6 -7 -8
leaf_value=0.022943831378976189 0.018168945624147236 -0.0192497869768175 -0.011274910099618342 0.011033732214226957 -4.5553541634912786e-05 -0.002360776015093536 0
leaf_weight=10.919171169400217 31.577621430158615 18.79889988899231 56.489620953798294 11.030528843402861 721.76845327019691 27.561429530382156 16.084268853068352
leaf_count=45 127 78 230 45 2919 111 66
internal_value=-0.000163502 -0.0054488 -0.00237424 -0.00730367 0.000590286 0.0084716 0.00923646
internal_weight=894.23 113.322 94.5236 67.5201 780.908 59.1391 27.0034
internal_count=3621 464 386 275 3157 238 111
is_linear=0
shrinkage=0.03


Tree=114
num_leaves=8
num_cat=0
split_feature=9 56 12 9 7 29 27
split_gain=5.51938 6.41867 4.55867 7.07585 10.2164 4.26103 5.44186
threshold=-2.3501276906310236 1.0117361392148927 -1.5182329361501636 0.19556114119875381 -0.74898984706420046 1.0170598465279339 -0.98966953819035097
decision_type=2 2 2 2 2 2 2
left_child=1 -1 3 4 -2 6 -4
right_child=2 -3 5 -5 -6 -7 -8
leaf_value=-0.023327668462276154 -0.02360427157131836 0.0082657774082590223 0.0081597428105870638 0.024116496289256235 0.010509231316434612 0.010299523287837691 -0.0014874743064511001
leaf_weight=17.707472458481792 9.8917503207921964 6.9179913699626914 55.430160537362099 16.906392991542816 27.481680423021317 31.470521047711372 728.34890425205231
leaf_count=72 40 28 225 69 111 127 2949
internal_value=-0.000158505 -0.0138906 0.000228673 0.00857579 0.000709573 -0.000318532 -0.000776565
internal_weight=894.155 24.6255 869.529 54.2798 37.3734 815.25 783.779
internal_count=3621 100 3521 220 151 3301 3174
is_linear=0
shrinkage=0.03


Tree=115
num_leaves=8
num_cat=0
split_feature=13 28 57 23 35 6 20
split_gain=4.59019 8.82595 8.81853 6.44984 10.0048 7.41653 5.73503
threshold=0.83769357555448587 0.35439688102382644 1.1683143512362457 -0.82934077572824483 0.3246217937738814 0.87763988512266755 0.35091784703979717
decision_type=2 2 2 2 2 2 2
left_child=1 3 6 4 -1 -5 -3
right_child=-2 2 -4 5 -6 -7 -8
leaf_value=-0.010135738304872705 0.0044743154128048003 -0.0017400693587322732 0.01013399426032442 0.0013807793104363625 0.01997932044285269 0.014227054713491191 -0.014252938842721444
leaf_weight=75.261859118938446 202.94243820011616 57.959004268050194 22.708080172538757 392.8719104975462 10.199255079030989 44.751756936311722 87.000368148088455
leaf_count=305 820 234 94 1591 41 181 353
internal_value=0.000510174 -0.000637588 -0.00662012 0.00126038 -0.00617869 0.00275809 -0.00939889
internal_weight=893.695 690.752 167.667 523.085 85.4611 437.624 144.959
internal_count=3619 2799 681 2118 346 1772 587
is_linear=0
shrinkage=0.03


Tree=116
num_leaves=8
num_cat=0
split_feature=26 22 18 37 29 29 26
split_gain=5.47284 5.54962 5.23475 5.77546 5.63703 4.73583 3.60359
threshold=-0.78469035220302008 0.87969885227538969 -0.58903669427396577 -0.78195069009414819 -0.086781798696487181 1.1321669216310768 2.5603597276986423
decision_type=2 2 2 2 2 2 2
left_child=1 -1 3 -2 -5 6 -4
right_child=2 -3 5 4 -6 -7 -8
leaf_value=0.0046908881845193892 -0.020245852349764445 0.032941684600293189 -0.00014269049434989707 -0.013399585249991099 0.00037701991862401798 0.022907777495208091 0.0084974176352076193
leaf_weight=111.01496750116348 19.504839479923248 5.9588392972946158 563.38425873219967 33.843760818243027 106.41746209561825 7.6568896770477286 45.832869291305542
leaf_count=447 81 24 2283 137 430 31 186
internal_value=0.000496181 0.00652421 -0.000399664 -0.00523451 -0.00291229 0.000834695 0.000495604
internal_weight=893.614 116.974 776.64 159.766 140.261 616.874 609.217
internal_count=3619 471 3148 648 567 2500 2469
is_linear=0
shrinkage=0.03


Tree=117
num_leaves=8
num_cat=0
split_feature=45 4 32 33 35 42 15
split_gain=4.63498 5.67255 4.70857 5.07697 5.03392 4.22219 9.2973
threshold=-1.1803588290840412 -0.68529160787530308 0.85402175879736364 0.8165304342319516 0.78593687528644696 -0.62427706611106759 0.88217706080454006
decision_type=2 2 2 2 2 2 2
left_child=1 -1 4 -4 -3 -2 -7
right_child=5 2 3 -5 -6 6 -8
leaf_value=0.015231478483460327 -0.0040623602475553062 0 0.021629145628605167 -0.0037409604078780471 -0.028712250454014446 -7.1721565255716108e-05 0.013643483236585235
leaf_weight=39.706790909171104 195.75106406211853 18.569979891180996 13.117335706949236 12.119005963206289 6.9446836858987799 560.17775808274746 47.130865603685379
leaf_count=161 789 75 53 49 28 2273 191
internal_value=0.00048302 0.00688754 0 0.00919596 -0.00872624 -0.000227408 0.000988683
internal_weight=893.517 90.4578 50.751 25.2363 25.5147 803.06 607.309
internal_count=3619 366 205 102 103 3253 2464
is_linear=0
shrinkage=0.03


Tree=118
num_leaves=8
num_cat=0
split_feature=13 5 14 57 23 24 13
split_gain=4.06588 6.06093 5.82452 5.02953 4.75673 4.57535 4.91814
threshold=0.85343526832650618 1.0563833343019835 1.0727583833281633 1.890983022104026 1.9480885049214294 -0.23991765112346206 1.5793608936707308
decision_type=2 2 2 2 2 2 2
left_child=1 2 4 5 -1 6 -2
right_child=3 -3 -4 -5 -6 -7 -8
leaf_value=-6.3707670974488297e-05 0.0036985722614050346 -0.010608617058160538 -0.012263883793484512 -0.021104566316719812 0.0083563416221701797 0.0077871103984509509 -0.016266807034236167
leaf_weight=547.01262444257736 31.788133054971695 49.535320371389389 31.113141968846321 5.62092001736164 66.421773210167885 146.61501981317997 15.354695945978163
leaf_count=2217 128 201 126 23 269 593 62
internal_value=0.000467922 -0.000599144 0.000162118 0.00424193 0.000835706 0.00515884 -0.00269551
internal_weight=893.462 694.083 644.548 199.379 613.434 193.758 47.1428
internal_count=3619 2813 2612 806 2486 783 190
is_linear=0
shrinkage=0.03


Tree=119
num_leaves=8
num_cat=0
split_feature=34 3 13 9 37 37 57
split_gain=4.54785 5.68926 4.67019 5.89326 6.37587 5.92576 5.32974
threshold=-1.2277659998808239 -0.36245411514099363 0.83769357555448587 -1.5085477252528443 1.0468873423728109 0.61661670397044954 1.890983022104026
decision_type=2 2 2 2 2 2 2
left_child=1 -1 3 5 -5 -2 -4
right_child=2 -3 6 4 -6 -7 -8
leaf_value=0.031983729172260077 0 0.00063627917255739807 0.0050154946461889015 -0.0010002629458431471 0.016885884572301051 -0.026572753840008852 -0.021610668413996476
leaf_weight=8.1728200465440768 15.48134356737137 14.554497152566908 196.95130006968975 619.89521534740925 17.424213841557503 15.04582343995571 5.8450194001197806
leaf_count=33 63 59 796 2513 70 61 24
internal_value=0.000451053 0.013414 8.0458e-05 -0.00111351 -0.000462072 -0.0137919 0.00407219
internal_weight=893.37 22.7273 870.643 667.847 637.319 30.5272 202.796
internal_count=3619 92 3527 2707 2583 124 820
is_linear=0
shrinkage=0.03


Tree=120
num_leaves=8
num_cat=0
split_feature=26 11 12 0 12 2 27
split_gain=8.15272 6.49532 6.10165 7.88934 7.53571 8.51316 5.3805
threshold=-0.90286019911657178 -0.50932888438362978 1.5430558280541715 -1.3991813469079135 1.3275629481583968 1.1196629067039803 -1.0888548155247875
decision_type=2 2 2 2 2 2 2
left_child=1 -1 4 -4 6 -6 -2
right_child=2 -3 3 -5 5 -7 -8
leaf_value=-0.015694840427036904 -0.013468439504637714 0.011911050100164586 0.034922864285484363 0.0035939034208556085 -0.030277990605356138 0.0090849889273692513 -0.00041313727862721429
leaf_weight=7.225878879427909 28.794950902462006 74.749989971518517 7.6557432711124411 57.225759893655777 15.269855231046678 5.826145038008689 702.69354474544525
leaf_count=29 117 301 31 234 63 24 2846
internal_value=0.000163345 0.00913709 -0.000728284 0.00799224 -0.00150961 -0.018809 -0.000965221
internal_weight=899.442 81.9759 817.466 64.8815 752.584 21.096 731.488
internal_count=3645 330 3315 265 3050 87 2963
is_linear=0
shrinkage=0.03


Tree=121
num_leaves=8
num_cat=0
split_feature=26 2 23 2 54 40 51
split_gain=7.65923 5.38418 5.03657 9.18882 4.14825 3.82804 5.93527
threshold=-0.90286019911657178 -0.90867873133648014 0.87486550202662461 -0.23446416859754213 -0.60704168352893551 1.1252197086658395 1.0000000180025095e-35
decision_type=2 2 2 2 2 2 2
left_child=1 -1 4 -4 -3 6 -2
right_child=5 2 3 -5 -6 -7 -8
leaf_value=-0.013336135363943475 -0.0020744690907996328 0.0027849670235005428 0.016487873773603355 -0.024787156020448398 0.02122624246418197 -0.0064970737676270825 0.0035170527498720842
leaf_weight=7.4504224956035605 454.86029805243015 18.410156235098839 9.4339230507612246 7.9509232044219962 38.730280697345734 90.277508974075317 272.24787124991417
leaf_count=30 1838 74 38 32 156 368 1109
internal_value=0.000157906 0.00885621 0.0114206 -0.00189475 0.0156927 -0.000705875 4.93167e-07
internal_weight=899.361 81.9757 74.5253 17.3848 57.1404 817.386 727.108
internal_count=3645 330 300 70 230 3315 2947
is_linear=0
shrinkage=0.03


Tree=122
num_leaves=8
num_cat=0
split_feature=12 5 12 33 10 28 51
split_gain=6.68409 7.07315 5.25011 6.93367 8.96482 6.41104 6.25192
threshold=1.5430558280541715 1.3141273350644138 1.0282263957595841 -2.9224053248075923 1.6679492109206724 0.93607467565960978 1.9110571518503534
decision_type=2 2 2 2 2 2 2
left_child=2 -2 3 5 -5 -1 -4
right_child=1 -3 6 4 -6 -7 -8
leaf_value=-0.026330824265160861 0.0048782403798956556 0.033304884245586398 -0.011449188356475452 3.0283862168390044e-05 0.019677819962451906 0.0090525650431614191 0.019780908746612029
leaf_weight=15.205420777201654 58.981892734766006 8.6485484987497312 61.686908453702927 724.04748226702213 20.57260437309742 5.0988938510417929 5.1253726184368125
leaf_count=63 241 35 253 2927 84 21 21
internal_value=0.00015257 0.0091643 -0.000572307 0.000117463 0.000618893 -0.0167333 -0.00857586
internal_weight=899.367 67.6304 831.737 764.924 744.62 20.3043 66.8123
internal_count=3645 276 3369 3095 3011 84 274
is_linear=0
shrinkage=0.03


Tree=123
num_leaves=8
num_cat=0
split_feature=11 15 51 47 0 32 32
split_gain=6.81856 8.05384 8.49707 5.76359 8.49342 7.88162 8.92349
threshold=-0.55639742611773879 0.75665075470595122 -1.6300193354017714 -1.0000000180025095e-35 0.10276983829385776 1.971927644614976 0.48669709211599815
decision_type=2 2 2 2 2 2 2
left_child=3 -2 -3 4 -1 6 -5
right_child=1 2 -4 5 -6 -7 -8
leaf_value=0.014147130643385296 0.00065874468835422839 -0.013999432317657859 0.015531201100167039 0 -0.0053692414819956538 0.001752368646268442 -0.016256089204979937
leaf_weight=34.195084363222122 551.11545996367931 8.8802732825279218 61.186572894454002 45.638477459549904 44.539775773882866 66.692743316292763 87.048625141382217
leaf_count=138 2238 36 248 184 180 270 351
internal_value=0.000151084 0.00191458 0.0114331 -0.00372677 0.00298985 -0.0064557 -0.0106758
internal_weight=899.297 621.182 70.0668 278.115 78.7349 199.38 132.687
internal_count=3645 2522 284 1123 318 805 535
is_linear=0
shrinkage=0.03


Tree=124
num_leaves=8
num_cat=0
split_feature=26 34 18 18 39 3 21
split_gain=7.17959 4.61089 5.8723 7.06609 5.4713 4.45503 6.78933
threshold=-0.90286019911657178 -0.81380858626698449 0.10883625367002529 -0.40960919273622948 0.79685125603467821 2.7507814258722552 -0.71668319687028526
decision_type=2 2 2 2 2 2 2
left_child=1 4 3 -3 -1 -2 -7
right_child=5 2 -4 -5 -6 6 -8
leaf_value=-0.022845969023540774 -0.00011609884972075936 0.013828854515533215 0.025775055271858686 -0.014089601338213241 0.0065556047195778943 0.011015688128824214 -0.015486206143915323
leaf_weight=6.9651548564434078 770.17985820770264 25.425766438245773 20.819983944296837 10.457340702414511 18.295499056577682 9.7932456731796247 37.31380920112133
leaf_count=28 3121 102 84 42 74 40 154
internal_value=0.000146591 0.00856931 0.0132821 0.00512453 -0.00154139 -0.000689213 -0.00955038
internal_weight=899.251 81.9637 56.7031 35.8831 25.2607 817.287 47.1071
internal_count=3645 330 228 144 102 3315 194
is_linear=0
shrinkage=0.03


Tree=125
num_leaves=8
num_cat=0
split_feature=54 56 1 27 32 28 7
split_gain=4.67136 6.26089 6.145 6.03577 5.67242 4.89565 9.60431
threshold=-0.52273033859436113 -1.1241512657943245 -0.76038923343081588 2.0956408866375367 1.5486403857337747 1.579554404317528 0.91464596140694143
decision_type=2 2 2 2 2 2 2
left_child=3 4 -3 5 -2 6 -1
right_child=1 2 -4 -5 -6 -7 -8
leaf_value=-0.0093189471729131397 -0.0083447651487280131 0.010355241210684506 0.0010573013109021721 0.0058627901421346119 0.016608448844188443 0.0019956486782728195 0.016744728395204588
leaf_weight=185.98236745595932 85.07289707660675 75.086851224303246 439.89450395107269 50.819002568721771 7.7809268087148658 60.488795444369316 12.366385400295256
leaf_count=750 351 303 1782 205 32 245 50
internal_value=-0.000365287 0.00114421 0.0024595 -0.00337076 -0.00593924 -0.00525695 -0.00754287
internal_weight=917.492 607.835 514.981 309.657 92.8538 258.838 198.349
internal_count=3718 2468 2085 1250 383 1045 800
is_linear=0
shrinkage=0.03


Tree=126
num_leaves=8
num_cat=0
split_feature=8 41 13 31 8 3 8
split_gain=5.37892 11.9501 6.72409 7.70201 7.68469 5.83954 4.87285
threshold=-1.7015943671245275 -1.3996798159089494 2.1734750933828368 1.0558263478146566 -0.65711972816881803 -0.61558815361598074 -0.88345453335363111
decision_type=2 2 2 2 2 2 2
left_child=1 -1 3 4 -2 -3 -5
right_child=2 5 -4 6 -6 -7 -8
leaf_value=-0.01906903297148238 -0.0072182331938606854 -0.0071140771010926073 -0.02157381851779664 0.028091099991693663 0.00021644149303670968 0.018685802881763445 0.00099295964354971836
leaf_weight=10.639855206012724 152.16709436476231 8.1173420548439008 13.090822160243986 12.354001179337503 664.6881303191185 43.204360544681549 13.137524977326391
leaf_count=43 615 33 53 50 2695 176 53
internal_value=-0.000350793 0.00808703 -0.000988209 -0.000625302 -0.00115731 0.0142605 0.0152564
internal_weight=917.399 61.9616 855.438 842.347 816.855 51.3217 25.4915
internal_count=3718 252 3466 3413 3310 209 103
is_linear=0
shrinkage=0.03


Tree=127
num_leaves=8
num_cat=0
split_feature=8 41 3 8 7 3 12
split_gain=5.04337 11.2926 5.53155 5.36063 11.3861 6.69761 5.68616
threshold=-1.7015943671245275 -1.3996798159089494 -0.61558815361598074 -0.64421794656602038 0.80218475883045148 -0.62455073047365839 -2.2426413607715747
decision_type=2 2 2 2 2 2 2
left_child=1 -1 -3 4 5 -2 -5
right_child=3 2 -4 6 -6 -7 -8
leaf_value=-0.018556733686137177 -0.02794395880097493 -0.0069210630840676624 0.018157970447063038 0.021156101554408533 0.010461177701895662 -0.0066123700764586469 -7.1354773355555723e-05
leaf_weight=10.633287489414213 14.558806568384169 8.1212334781885129 43.156249895691872 10.536392852663992 31.680430397391319 138.74332670867443 659.86913058161736
leaf_count=43 59 33 176 43 128 561 2675
internal_value=-0.000340021 0.00783305 0.0138427 -0.000957538 -0.0054679 -0.00890337 0.000270937
internal_weight=917.299 61.9108 51.2775 855.388 184.983 153.302 670.406
internal_count=3718 252 209 3466 748 620 2718
is_linear=0
shrinkage=0.03


Tree=128
num_leaves=8
num_cat=0
split_feature=42 27 18 41 14 41 38
split_gain=4.16466 7.79518 7.86602 5.73167 5.62353 5.52609 6.20944
threshold=-1.1325306325502151 1.1657628330482301 -0.16512285641082072 -1.1283672081394327 1.6425187662994725 -1.0055020729081436 -0.63450874922789346
decision_type=2 2 2 2 2 2 2
left_child=1 2 3 -1 -2 -6 -7
right_child=4 -3 -4 -5 5 6 -8
leaf_value=0.023790181763043712 -0.00046870784828526404 0.0068545222780354619 -0.023713567124495356 -0.015795560579424366 -0.00084448549443528369 0.024407335404110182 -0.0027272516900277302
leaf_weight=5.9412407875061035 797.77828811109066 19.378597423434258 28.689813897013664 4.9751472920179349 26.424434721469879 24.821556374430656 9.155417785048483
leaf_count=24 3234 78 116 20 107 102 37
internal_value=-0.00033069 -0.00797891 -0.0155961 0.00467865 0.000186208 0.00894734 0.0167979
internal_weight=917.164 58.9848 39.6062 10.9164 858.18 60.4014 33.977
internal_count=3718 238 160 44 3480 246 139
is_linear=0
shrinkage=0.03


Tree=129
num_leaves=8
num_cat=0
split_feature=7 34 20 42 42 6 9
split_gain=4.57951 9.56472 5.07931 6.33252 7.24952 6.23873 8.87173
threshold=-1.027308239698461 -1.2049898937650461 1.4111699427422899 -0.62427706611106759 -0.038927238978433809 -0.59533578130434217 -0.64323331541817275
decision_type=2 2 2 2 2 2 2
left_child=1 -1 5 -4 -5 6 -2
right_child=2 -3 3 4 -6 -7 -8
leaf_value=0.016026800325000097 0.022668082365936666 -0.0059178274461216662 -0.0027543683343002096 0.028266552208795093 0.0057750248403265819 -0.0017720628645339724 0.0017161313603039679
leaf_weight=18.282133415341377 22.084500253200531 208.56962715089321 36.464003667235374 18.19587154686451 49.533483400940895 467.48334504663944 96.443925723433495
leaf_count=74 89 851 148 74 202 1890 390
internal_value=-0.000320891 -0.00402089 0.000877554 0.00695142 0.0123591 -0.000186834 0.00590243
internal_weight=917.057 226.852 690.205 104.193 67.7294 586.012 118.528
internal_count=3718 925 2793 424 276 2369 479
is_linear=0
shrinkage=0.03


Tree=130
num_leaves=8
num_cat=0
split_feature=36 41 33 33 33 45 41
split_gain=4.80854 6.03188 6.12511 7.52355 7.51884 4.34197 6.54372
threshold=-1.4417538707013677 1.0157737710393866 -2.0022577850893915 -2.5319002748195909 -1.0359076213574496 1.0000000180025095e-35 1.0971279966753549
decision_type=2 2 2 2 2 2 2
left_child=-1 2 3 -2 -4 6 -3
right_child=1 5 4 -5 -6 -7 -8
leaf_value=0.015418941086129088 0 -0.02157732013995519 -0.011211722637314132 0.024426101426487906 -0.00035563215467158217 -0.012490647279231036 0.0065058574684365425
leaf_weight=14.074433565139769 26.435600087046623 8.7685898244380933 62.214098528027534 17.992105141282082 668.96269372105598 71.299181550741196 30.689162045717239
leaf_count=57 109 36 254 74 2703 292 126
internal_value=-0.00129471 -0.00159409 -0.000633339 0.0100191 -0.00131389 -0.0081219 0
internal_weight=900.436 886.361 775.604 44.4277 731.177 110.757 39.4578
internal_count=3651 3594 3140 183 2957 454 162
is_linear=0
shrinkage=0.03


Tree=131
num_leaves=8
num_cat=0
split_feature=40 34 35 57 19 34 33
split_gain=5.05811 7.60052 5.76784 6.00957 7.90305 7.65322 5.92556
threshold=1.1252197086658395 -0.78725555370798117 0.26626911516433766 0.57010528479569367 0.81058506910900141 -0.53456782994004703 0.46423590916259921
decision_type=2 2 2 2 2 2 2
left_child=2 -2 6 5 -5 -4 -1
right_child=1 -3 3 4 -6 -7 -8
leaf_value=0.0007203673313644801 -0.0018208384300741896 -0.020498203102489638 -0.019478183808548905 -0.018470293425715004 0.0055151328588538264 -0.00013777178769139203 0.013825266596333525
leaf_weight=426.21294637024403 65.259036868810654 28.561153441667557 18.906144544482231 44.028569832444191 15.336538210511206 269.15585349500179 32.852508276700974
leaf_count=1733 266 117 76 178 62 1086 133
internal_value=-0.00125636 -0.00782109 -0.000465364 -0.00339109 -0.0120366 -0.00152201 0.00171882
internal_weight=900.313 93.8202 806.493 347.427 59.3651 288.062 459.065
internal_count=3651 383 3268 1402 240 1162 1866
is_linear=0
shrinkage=0.03


Tree=132
num_leaves=8
num_cat=0
split_feature=2 2 7 1 5 41 12
split_gain=5.09809 10.3048 6.79255 6.65373 4.42525 4.26594 7.32053
threshold=0.067100799273152947 -0.18811936759604345 0.81815942116047558 0.09842438909712703 2.8215234281004595 1.0011261122280526 0.53348721875444927
decision_type=2 2 2 2 2 2 2
left_child=1 2 4 -4 -1 -2 -7
right_child=5 -3 3 -5 -6 6 -8
leaf_value=-0.0020589396962942042 0.0024474592780720176 -0.012253183149351081 0.017244835045954917 -0.0070781346688227218 -0.026627439567543685 0.005092896910829565 -0.014884420576742429
leaf_weight=333.77176555991173 359.55822546780109 93.313069015741348 31.18135479092598 13.065742731094359 5.8757464438676825 27.992923960089684 35.455352559685707
leaf_count=1351 1457 379 126 53 24 114 147
internal_value=-0.00122068 -0.00335124 -0.00112227 0.00973329 -0.00260492 0.00114973 -0.00589556
internal_weight=900.214 477.208 383.895 44.2471 339.648 423.007 63.4483
internal_count=3651 1933 1554 179 1375 1718 261
is_linear=0
shrinkage=0.03


Tree=133
num_leaves=8
num_cat=0
split_feature=7 35 7 21 26 26 9
split_gain=4.41788 5.45324 7.7991 6.51938 6.29226 5.9812 14.2487
threshold=0.81815942116047558 0.26626911516433766 -0.9442030272187828 -0.80358680002847815 1.4900057051444777 -0.68407093574695021 -0.28310387150289607
decision_type=2 2 2 2 2 2 2
left_child=1 2 3 -1 -4 6 -3
right_child=-2 5 4 -5 -6 -7 -8
leaf_value=-0.015867924208106576 0.0046844511554430665 0.0029400717615149191 0.00095544152357237102 -0.0019223134140865736 0.012640902665842762 -0.002939204652597741 -0.026197159886406651
leaf_weight=37.547285199165344 100.03519794344902 24.876815229654312 262.87076681852341 157.55045157670975 49.174374714493752 234.18184566497803 33.803867161273956
leaf_count=153 405 100 1067 644 200 946 136
internal_value=-0.0011861 -0.00194383 -2.96897e-05 -0.00474992 0.00287934 -0.00519607 -0.0137512
internal_weight=900.041 800.005 507.143 195.098 312.045 292.863 58.6807
internal_count=3651 3246 2064 797 1267 1182 236
is_linear=0
shrinkage=0.03


Tree=134
num_leaves=8
num_cat=0
split_feature=3 29 17 35 17 25 37
split_gain=4.23145 7.23307 6.7637 4.93953 6.81332 9.92084 6.28258
threshold=1.0738230134392006 -1.5586117421634855 -2.321337542753525 0.30855276351730349 -0.12296032106665532 -0.43111869454113877 -0.45438076015407008
decision_type=2 2 2 2 2 2 2
left_child=3 2 -2 6 5 -5 -1
right_child=1 -3 -4 4 -6 -7 -8
leaf_value=-0.0017812359755443466 0.011481541300350154 -0.0016587591945900419 -0.019593322923655922 -0.042047704639197679 -0.0014881991835844187 -0.0035362779063576218 0.0054710481414165053
leaf_weight=202.70468808710575 6.0879512578248969 152.29797472059727 41.308928430080414 8.6363691091537493 247.60955774784088 19.312163382768631 221.93959376215935
leaf_count=828 25 621 169 35 999 78 896
internal_value=-0.00115108 -0.00499204 -0.0151372 -2.87079e-05 -0.00317111 -0.0169963 0.00197787
internal_weight=899.897 199.695 47.3969 700.202 275.558 27.9485 424.644
internal_count=3651 815 194 2836 1112 113 1724
is_linear=0
shrinkage=0.03


Tree=135
num_leaves=8
num_cat=0
split_feature=28 28 14 42 12 21 55
split_gain=5.45877 6.70256 5.81714 6.58949 5.61184 5.45317 5.03551
threshold=-0.62890013824413182 -0.60933407502116255 -0.31482413818464444 -0.74198701251756283 -0.57128228867543951 -0.55924638432576179 -1.0117361392148936
decision_type=2 2 2 2 2 2 2
left_child=2 -2 4 -4 5 -1 -3
right_child=1 6 3 -5 -6 -7 -8
leaf_value=-0.023983188091741107 -0.030548539424528717 0.0049233720699380194 -0.0080051308285177362 0.018714923852552693 0.003813230225990955 0.00025045217836096377 -0.002669594848944583
leaf_weight=13.577127188444139 6.4044201374053946 87.835547640919685 9.1828488707542402 36.259188830852509 110.17734570801258 16.76442976295948 623.11024159193039
leaf_count=55 26 357 37 146 446 68 2531
internal_value=-0.00082424 -0.0020254 0.00371509 0.0129363 0.000556731 -0.0105342 -0.00170484
internal_weight=903.311 717.35 185.961 45.442 140.519 30.3416 710.946
internal_count=3666 2914 752 183 569 123 2888
is_linear=0
shrinkage=0.03


Tree=136
num_leaves=8
num_cat=0
split_feature=8 13 5 18 18 19 5
split_gain=4.1662 6.68363 8.20948 5.80503 6.18784 5.43894 6.96109
threshold=-1.7015943671245275 -0.23469720842921413 -1.4476383812805904 1.6317199655960335 2.0144420585957667 0.49684524759257048 0.66099714983638436
decision_type=2 2 2 2 2 2 2
left_child=3 5 -3 -1 -5 -2 -7
right_child=1 2 -4 4 -6 6 -8
leaf_value=0.019410511058559649 -0.00048698825399278784 -0.030820628660348362 -0.0031030894529997756 -0.027776735925836783 0.0046233117027125034 0.010674920932977476 -0.014258253238195689
leaf_weight=20.130572080612183 268.46656115353107 8.9881684333085996 467.28417687118053 5.1449724286794654 37.733167380094528 85.420759603381157 10.052140668034552
leaf_count=82 1091 37 1893 21 154 347 41
internal_value=-0.00080036 -0.00137569 -0.00372108 0.00653885 0 0.00165431 0.00777369
internal_weight=903.221 840.212 476.272 63.0087 42.8781 363.939 95.4729
internal_count=3666 3409 1930 257 175 1479 388
is_linear=0
shrinkage=0.03


Tree=137
num_leaves=8
num_cat=0
split_feature=2 0 7 2 35 16 31
split_gain=4.49359 8.18439 8.40515 5.71807 5.58869 5.39543 8.25765
threshold=1.476969865291917 0.58763249416483132 0.38550822768902232 2.3259227275638268 0.032803538265307026 -0.78826307982004817 -0.22247305037209544
decision_type=2 2 2 2 2 2 2
left_child=5 2 -2 4 -3 6 -1
right_child=1 3 -4 -5 -6 -7 -8
leaf_value=-0.0041935909538425879 0.017556494836650907 -0.002206386029147891 -3.393629967696616e-05 -0.012648363138334943 0.027789442186044549 -0.0005528351724408318 -0.027036804418190681
leaf_weight=114.19185601174831 50.662392809987068 18.98404693603516 43.202602863311768 34.090512037277222 6.4646092504262915 619.60514463484287 15.924052953720091
leaf_count=470 206 78 175 140 26 2505 66
internal_value=-0.000778337 0.00385364 0.00938713 -0.00463324 0.00560878 -0.00174996 -0.00728851
internal_weight=903.125 153.404 93.865 59.5392 25.4487 749.721 130.116
internal_count=3666 625 381 244 104 3041 536
is_linear=0
shrinkage=0.03


Tree=138
num_leaves=8
num_cat=0
split_feature=8 39 25 13 24 18 18
split_gain=3.88318 7.08917 8.22878 7.61692 7.97963 5.52077 5.85465
threshold=-1.7015943671245275 -0.57204654665685506 -0.89203342492723114 1.1106228953041952 0.1638085015734265 1.6317199655960335 2.0144420585957667
decision_type=2 2 2 2 2 2 2
left_child=5 2 -2 -3 -5 -1 -7
right_child=1 3 -4 4 -6 6 -8
leaf_value=0.018891171831957387 -0.032050529940674095 -0.00045707855785594891 -0.004616647009843087 0.03765724102455336 0.0032103792519877369 -0.02704941936840561 0.0044578708678244478
leaf_weight=20.105217784643173 9.6757458448410016 604.33061526715755 197.51912897825241 8.6851623952388781 19.759937897324562 5.1500323563814154 37.715975165367126
leaf_count=82 39 2456 799 35 80 21 154
internal_value=-0.000756727 -0.00131274 -0.00611761 0.000244061 0.0151592 0.00633001 0
internal_weight=902.942 839.971 207.195 632.776 28.4451 62.9712 42.866
internal_count=3666 3409 838 2571 115 257 175
is_linear=0
shrinkage=0.03


Tree=139
num_leaves=8
num_cat=0
split_feature=28 33 28 2 33 23 33
split_gain=5.05011 8.37251 6.40064 6.07511 8.84956 6.93765 5.08151
threshold=-0.62890013824413182 0.49607698060782951 -0.60933407502116255 0.4848343526628896 -0.63785726568421419 1.7698673370776874 -1.9495013211380521
decision_type=2 2 2 2 2 2 2
left_child=1 6 -2 4 -4 -5 -1
right_child=2 -3 3 5 -6 -7 -8
leaf_value=0.01506538464042754 -0.029789845845325492 0.025066390079598218 -0.012413128352784188 7.9955082799580698e-05 -0.0016107748684600759 0.015078763323779379 -0.00023292857680214793
leaf_weight=21.164671048521996 6.3883410394191733 14.176735922694204 85.904167026281357 251.56258437037468 342.54567119479179 30.498007595539093 150.62268723547459
leaf_count=86 26 57 355 1024 1385 124 609
internal_value=-0.000733576 0.00363186 -0.00189035 -0.0015769 -0.00383544 0.00180225 0.00164134
internal_weight=902.863 185.964 716.899 710.51 428.45 282.061 171.787
internal_count=3666 752 2914 2888 1740 1148 695
is_linear=0
shrinkage=0.03


Tree=140
num_leaves=8
num_cat=0
split_feature=26 29 34 50 24 7 50
split_gain=6.98027 4.73361 5.79634 3.88645 4.22826 5.89943 3.96161
threshold=-1.077749511342327 0.53522494639042206 -0.8733689776845811 -1.3489815189531893 2.3192100615574325 -0.69543492855863376 -1.6862268986914879
decision_type=2 2 2 2 2 2 2
left_child=1 2 -1 6 -5 -6 -2
right_child=3 -3 -4 4 5 -7 -8
leaf_value=-0.0024492513748587811 -0.001619552913849418 -0.0069669341529560473 0.02486853355994113 -0.0010874583995350733 -0.0037223641073415377 0.013445535591014357 -0.013797529066598329
leaf_weight=8.3856258541345614 65.932646855711937 7.9555072635412207 22.350170984864235 695.71309125423431 27.956561028957367 43.173468038439751 40.471220597624779
leaf_count=34 272 32 90 2820 114 176 166
internal_value=-0.000549648 0.0117231 0.0171005 -0.00112337 -0.000353585 0.00653194 -0.0064765
internal_weight=911.938 38.6913 30.7358 873.247 766.843 71.13 106.404
internal_count=3704 156 124 3548 3110 290 438
is_linear=0
shrinkage=0.03


Tree=141
num_leaves=8
num_cat=0
split_feature=47 40 34 0 54 31 25
split_gain=7.25067 3.63734 7.73317 7.96686 4.18422 3.99683 5.12505
threshold=2.3607176581680842 1.1252197086658395 -0.78725555370798117 0.94978766484646149 2.4169252214578001 0.47202222469590199 1.0849128351495703
decision_type=2 2 2 2 2 2 2
left_child=1 5 4 -4 -3 -1 -7
right_child=-2 2 3 -5 -6 6 -8
leaf_value=0.0013469661494600669 0.031326133532277721 0.0015700303244575973 -0.0040776292502494489 -0.03637931917943437 -0.025006412915843022 -0.0059521102940605199 0.0030874419022031839
leaf_weight=547.7570409476757 5.3618429899215689 64.26059265434742 17.325845003128055 12.317798554897307 4.7817171216011038 181.39294038712978 78.574067339301109
leaf_count=2226 22 262 71 51 20 734 318
internal_value=-0.00053445 -0.000773766 -0.00618279 -0.0187386 -0.000387179 -8.75273e-05 -0.0031611
internal_weight=911.772 906.41 98.686 29.6436 69.0423 807.724 259.967
internal_count=3704 3682 404 122 282 3278 1052
is_linear=0
shrinkage=0.03


Tree=142
num_leaves=8
num_cat=0
split_feature=56 51 7 24 17 10 37
split_gain=4.82127 7.54252 7.32776 7.9337 5.18906 9.39348 4.61541
threshold=0.95552857592517626 -0.75880210441116946 -1.027308239698461 -0.36948562704234472 1.4764475073109444 -0.47718709384760155 1.1568175411552593
decision_type=2 2 2 2 2 2 2
left_child=6 2 -2 -4 5 -3 -1
right_child=1 4 3 -5 -6 -7 -8
leaf_value=-0.0011470870525865792 -0.020086963425333056 -0.0142301005942117 -0.021421249161063232 0.0070241249623207011 0.027842749349927358 0.012665166297069015 -0.016884029471849714
leaf_weight=738.21063606441021 15.552793666720389 13.583355396986006 9.4357286989688856 52.988794907927513 12.891287371516226 52.68188202381134 16.36496502161026
leaf_count=3001 63 55 38 215 53 213 66
internal_value=-0.000519123 0.00421998 -0.00223884 0.00221803 0.0107183 0.00679946 -0.00153013
internal_weight=911.709 157.134 77.9773 62.4245 79.1565 66.2652 754.576
internal_count=3704 637 316 253 321 268 3067
is_linear=0
shrinkage=0.03


Tree=143
num_leaves=8
num_cat=0
split_feature=47 26 2 31 49 55 2
split_gain=6.86245 6.82543 3.7825 4.0974 3.56307 9.67191 6.07186
threshold=2.3607176581680842 -1.077749511342327 -0.81787428951832386 0.37808856507958383 -1.3489815189531909 -1.0117361392148936 -0.044880722910440242
decision_type=2 2 2 2 2 2 2
left_child=1 2 -1 -4 6 -6 -3
right_child=-2 4 3 -5 5 -7 -8
leaf_value=-0.0093766973765252865 0.030535798443662453 -0.012889817054738279 0.020874101939334776 -0.0020874921472471843 0.010256821479383288 -0.001631048046499356 0.0010843284230369894
leaf_weight=5.2153720110654822 5.3433985263109198 58.351772412657738 25.753584325313568 7.7045644372701636 66.447030052542686 693.49197706580162 49.234163299202919
leaf_count=21 22 236 104 31 270 2821 199
internal_value=-0.000504978 -0.000738002 0.0113932 0.0152442 -0.00130856 -0.000559779 -0.00640565
internal_weight=911.542 906.198 38.6735 33.4581 867.525 759.939 107.586
internal_count=3704 3682 156 135 3526 3091 435
is_linear=0
shrinkage=0.03


Tree=144
num_leaves=7
num_cat=0
split_feature=47 4 4 16 37 7
split_gain=6.53537 4.88535 7.24164 6.02892 4.28491 0.984884
threshold=2.3607176581680842 -2.9847739096269215 -1.90771668783672 -0.62814068178312366 -0.27714247400879349 0.77163778596820876
decision_type=2 2 2 2 2 2
left_child=1 5 4 -4 -3 -1
right_child=-2 2 3 -5 -6 -7
leaf_value=0.0044130420805379104 0.029842141813052461 -0.0023710278801471834 -0.0046834476867854483 0.0010466702691689881 -0.02448646967083529 0.028409983559684212
leaf_weight=5.0784073024988157 5.3270626664161673 17.200065150856972 220.9007463157177 640.63135778903961 17.311512753367424 4.9192094355821609
leaf_count=21 22 70 910 2591 70 20
internal_value=-0.000488201 -0.000715769 -0.000974558 -0.000408894 -0.014264 0.019094
internal_weight=911.368 906.041 896.044 861.532 34.5116 9.99762
internal_count=3704 3682 3641 3501 140 41
is_linear=0
shrinkage=0.03


Tree=145
num_leaves=8
num_cat=0
split_feature=2 2 3 48 40 3 1
split_gain=4.44069 8.30852 8.07604 7.08868 6.72772 6.34445 5.67061
threshold=2.1229317759237429 1.476969865291917 -0.62455073047365839 1.1803588290840419 0.87700038384633017 1.2985363921997839 2.9978460634118052
decision_type=2 2 2 2 2 2 2
left_child=1 -1 3 -2 6 -3 -4
right_child=2 5 4 -5 -6 -7 -8
leaf_value=-0.00026446609237559278 -0.028250710200678642 0.016312029529036362 0.011158304011394938 0.0044535768878539352 -0.01664644779806175 -0.0091983546966034353 -0.013295660226095471
leaf_weight=739.7862883657217 20.618433773517612 46.036466389894485 36.150902509689331 6.8785330057144156 15.753524914383886 9.2931209057569486 9.6980247199535352
leaf_count=3004 84 187 147 28 65 38 40
internal_value=-0.000136197 0.000561059 -0.0064621 -0.019674 -0.000105154 0.0116738 0.0054922
internal_weight=884.215 795.116 89.0994 27.497 61.6025 55.3296 45.8489
internal_count=3593 3229 364 112 252 225 187
is_linear=0
shrinkage=0.03


Tree=146
num_leaves=8
num_cat=0
split_feature=17 17 3 3 17 9 9
split_gain=4.83723 7.04327 7.32208 8.48105 5.98167 6.69349 5.48747
threshold=-0.66207598114755672 -2.1423107625685973 2.1252589474533816 -0.41632992121416651 -0.30456764510610396 -0.41825538732038869 -0.84546581976455049
decision_type=2 2 2 2 2 2 2
left_child=1 -1 3 -3 5 6 -2
right_child=4 2 -4 -5 -6 -7 -8
leaf_value=0.01333948166952853 0.0042750053074279409 -0.013184174130473429 -0.020142846694405012 0.0012194028181535287 -0.00023760341278974934 0.0033831220771721585 0.034942029127301773
leaf_weight=17.554195046424866 11.546835765242578 52.424147203564644 27.036873236298561 112.85450249910355 549.34059117734432 101.49270765483379 11.868172243237494
leaf_count=72 47 215 115 463 2221 412 48
internal_value=-0.000133878 -0.00411514 -0.00584672 -0.00331082 0.00108739 0.00698943 0.0212278
internal_weight=884.118 209.87 192.316 165.279 674.248 124.908 23.415
internal_count=3593 865 793 678 2728 507 95
is_linear=0
shrinkage=0.03


Tree=147
num_leaves=8
num_cat=0
split_feature=17 18 55 12 7 12 22
split_gain=4.56001 9.89553 7.68387 6.87426 8.88434 7.82941 6.65693
threshold=-0.66207598114755672 0.10883625367002529 -0.67449075947659554 0.16330777064094851 -0.69543492855863376 0.56027616648369294 -0.39940102016276824
decision_type=2 2 2 2 2 2 2
left_child=1 2 -1 4 -2 -5 -7
right_child=3 -3 -4 5 -6 6 -8
leaf_value=0.012097890513753698 -0.0076453670351630575 0.00061312302487086235 -0.016617023077930511 0.011521366222108016 0.0015697430746092131 0.0093595828445808688 -0.0067343584956081623
leaf_weight=8.2910677343606931 127.03328675031662 138.06831073760986 63.365270152688026 101.65252602100372 350.65326701104641 36.951363906264305 57.965090796351433
leaf_count=34 515 567 264 411 1417 150 235
internal_value=-0.000127611 -0.00399522 -0.0129673 0.00105732 -0.000860388 0.00577426 -0.000280276
internal_weight=883.98 209.725 71.6563 674.256 477.687 196.569 94.9165
internal_count=3593 865 298 2728 1932 796 385
is_linear=0
shrinkage=0.03


Tree=148
num_leaves=8
num_cat=0
split_feature=17 4 4 19 4 35 35
split_gain=4.28773 9.80115 7.40472 10.0127 7.9455 6.18034 6.03676
threshold=-0.66207598114755672 1.575114583752399 0.97465120772157887 0.16922699018175277 0.83477464142983393 0.17990458987082877 -1.0930826149244843
decision_type=2 2 2 2 2 2 2
left_child=1 -1 4 -4 5 -2 -3
right_child=2 6 3 -5 -6 -7 -8
leaf_value=-0.0070347805994702582 0.0053065738457082762 0.0017436779804272126 -0.012633463405713991 0.0066137708157570632 0.018364137237527424 -0.0011331614305662137 0.028824381817462219
leaf_weight=170.40600857138634 230.51573199033737 29.520329162478447 71.240443617105484 34.774403870105743 25.935933709144592 311.75411731004715 9.6399634480476362
leaf_count=705 934 121 289 141 105 1259 39
internal_value=-0.000122209 -0.00387477 0.00102599 -0.00617712 0.00240477 0.00158145 0.00933529
internal_weight=883.787 209.566 674.221 106.015 568.206 542.27 39.1603
internal_count=3593 865 2728 430 2298 2193 160
is_linear=0
shrinkage=0.03


Tree=149
num_leaves=8
num_cat=0
split_feature=2 2 3 15 2 3 46
split_gain=4.10738 7.86849 7.48748 6.9792 9.1999 5.94076 5.82689
threshold=2.1229317759237429 1.476969865291917 -0.62455073047365839 -0.65623226291819403 2.9135047628632269 1.2985363921997839 1.0117361392148927
decision_type=2 2 2 2 2 2 2
left_child=1 -1 6 -4 -5 -3 -2
right_child=2 5 3 4 -6 -7 -8
leaf_value=-0.00024894789014362945 -0.027211021406373798 0.015862011772461462 -0.01047497905482518 0.026544693982767278 -0.0046622992025560734 -0.0088153493992506205 0.0015437544387817746
leaf_weight=739.39857541024685 19.834102705121044 46.011378958821297 30.036398127675056 14.271502479910852 17.191639468073845 9.2743370682001096 7.6024950146675101
leaf_count=3004 81 187 124 58 70 38 31
internal_value=-0.000115731 0.000553992 -0.00620641 -7.26906e-05 0.0094126 0.0113727 -0.0189417
internal_weight=883.62 794.684 88.9361 61.4995 31.4631 55.2857 27.4366
internal_count=3593 3229 364 252 128 225 112
is_linear=0
shrinkage=0.03


Tree=150
num_leaves=8
num_cat=0
split_feature=13 40 22 30 30 10 3
split_gain=8.15577 5.49793 5.0043 4.68059 4.56861 6.16946 4.50225
threshold=-1.8622374109694662 1.2840256251855571 -0.23153209232764088 -0.93074227604085236 -0.85995503744664703 -0.36588904105563841 1.3210101166473998
decision_type=2 2 2 2 2 2 2
left_child=2 4 -1 -3 6 -6 -2
right_child=1 3 -4 -5 5 -7 -8
leaf_value=0.026977353802560704 -0.014296793022587878 0 0.0051736052956504984 -0.020029779496928524 -0.0033276384875277031 0.0021844595772633831 0.013144304743928036
leaf_weight=11.833633273839949 35.531863704323769 18.21368807554245 50.754461750388145 24.213450863957405 312.41913641989231 436.73839721083641 4.9414667338132849
leaf_count=48 144 74 207 101 1264 1779 20
internal_value=-0.000439066 -0.00124508 0.00989139 -0.0116588 -0.000652537 -9.56116e-05 -0.0103486
internal_weight=894.646 832.058 62.5881 42.4271 789.631 749.158 40.4733
internal_count=3637 3382 255 175 3207 3043 164
is_linear=0
shrinkage=0.03


Tree=151
num_leaves=8
num_cat=0
split_feature=26 4 6 25 27 54 15
split_gain=4.43436 4.26385 10.1639 5.21651 5.5231 4.38453 4.06898
threshold=-0.78469035220302008 1.8653225276996113 -0.2680374903889165 -1.0528840744539618 -1.1527712126788281 0.19672647151400693 -0.60177060126914894
decision_type=2 2 2 2 2 2 2
left_child=6 3 5 -2 -5 -3 -1
right_child=1 2 -4 4 -6 -7 -8
leaf_value=0.012547953759537777 -0.014181803855557668 0.0036510632710510167 -0.016897128638604403 0.026376169375222195 -0.0015820070401548593 0.024781564425270776 0.00062786728881405356
leaf_weight=40.603040963411331 28.91033211350441 20.517782017588615 10.893367007374762 5.3687216341495505 694.08913721144199 18.478056162595749 75.738892182707787
leaf_count=165 118 83 45 22 2824 75 305
internal_value=-0.00042466 -0.0012583 0.00708 -0.00185892 -0.00130865 0.014408 0.00498726
internal_weight=894.599 778.257 49.8892 728.368 699.458 38.9958 116.342
internal_count=3637 3167 203 2964 2846 158 470
is_linear=0
shrinkage=0.03


Tree=152
num_leaves=8
num_cat=0
split_feature=10 34 2 39 41 40 10
split_gain=4.60767 7.64339 7.9745 7.91818 9.13587 6.60306 6.32467
threshold=-0.39716556634815414 0.18187831840951041 -0.93985331376665993 -0.92072291768589964 -1.1792753731034915 -1.5788245312779454 -0.27966861135979854
decision_type=2 2 2 2 2 2 2
left_child=1 2 -1 5 -5 -3 -2
right_child=6 3 -4 4 -6 -7 -8
leaf_value=0.013377333519100322 0.012454312610733979 0.018283734611462349 -0.019385683948447779 0.022167568621363497 -0.00014822654290941293 -0.012378780790585533 0.00026521743869139619
leaf_weight=6.66088943183422 40.530119612812996 5.7034000158309928 40.912586852908134 17.057064101099968 178.39341583848 68.286472171545029 536.9898030012846
leaf_count=27 164 23 165 69 722 277 2190
internal_value=-0.000409295 -0.00332203 -0.0143087 -0.00128098 0.00182586 -0.00960288 0.00116662
internal_weight=894.534 317.014 47.5735 269.44 195.45 73.9899 577.52
internal_count=3637 1283 192 1091 791 300 2354
is_linear=0
shrinkage=0.03


Tree=153
num_leaves=8
num_cat=0
split_feature=13 2 25 13 13 46 19
split_gain=7.50611 7.92813 5.02983 4.948 4.84649 7.91718 7.7242
threshold=-1.8622374109694662 0.58876369479371093 -0.38118990664993485 -2.6598253324638712 0.88906056553206747 -1.0000000180025095e-35 -0.090006176071658922
decision_type=2 2 2 2 2 2 2
left_child=1 2 3 -1 -2 -6 -7
right_child=4 -3 -4 -5 5 6 -8
leaf_value=0.0054690496302136522 -0.0024540948126988388 -0.002998135907641631 0.0013619638636218933 0.035890677372265971 -0.0022523701858438256 0.021479713980767222 0.002471046178770401
leaf_weight=9.1815136820077878 635.41344122588634 25.067458510398865 12.782000645995138 15.542223796248438 111.34982638061047 31.158811450004578 54.013019263744354
leaf_count=37 2585 103 52 63 452 126 219
internal_value=-0.000394367 0.00951677 0.0181315 0.0258281 -0.00116836 0.00290423 0.00976771
internal_weight=894.508 62.5732 37.5057 24.7237 831.935 196.522 85.1718
internal_count=3637 255 152 100 3382 797 345
is_linear=0
shrinkage=0.03


Tree=154
num_leaves=8
num_cat=0
split_feature=13 33 15 8 1 23 21
split_gain=7.09994 4.67726 9.63372 4.59358 4.18057 5.02237 4.1029
threshold=-1.8622374109694662 -0.86376550037685818 -1.2254003663408459 1.5046860725979301 0.65384974493032688 0.1643640054250268 1.1947863610664609
decision_type=2 2 2 2 2 2 2
left_child=1 2 -1 6 5 -5 -2
right_child=3 -3 -4 4 -6 -7 -8
leaf_value=0.01172702740427376 0.00055364709907947606 0.02756094197653482 -0.018961111869826956 -0.029753897020214529 -0.0015604613632214869 0.00023878781897049717 -0.0046871555718890285
leaf_weight=42.176670700311661 615.71734827756882 9.8808483779430372 10.481639251112936 13.872434586286547 26.208340734243393 6.0973957329988471 169.91615144908428
leaf_count=172 2500 40 43 57 108 25 692
internal_value=-0.000379099 0.00926225 0.00509948 -0.00113224 -0.0102436 -0.0203062 -0.000565278
internal_weight=894.351 62.5392 52.6583 831.812 46.1782 19.9698 785.633
internal_count=3637 255 215 3382 190 82 3192
is_linear=0
shrinkage=0.03


Tree=155
num_leaves=8
num_cat=0
split_feature=56 2 42 2 2 41 14
split_gain=6.31699 10.5833 8.58823 7.45352 7.77195 7.01989 5.69293
threshold=1.348981518953188 -0.77693765058632114 -1.0078933444645191 -0.2171268396578423 0.028413799837961065 -1.0705375514756559 0.94184347099517474
decision_type=2 2 2 2 2 2 2
left_child=2 -2 5 -4 -5 6 -1
right_child=1 -3 3 4 -6 -7 -8
leaf_value=0.011220950404531109 -0.014327197157000166 0.012826672670718872 0.0041696370585148183 -0.010922848692774581 -0.00011358978938590483 -0.023014898401023429 -0.011146454275994642
leaf_weight=15.144337773323057 14.297760456800459 72.993963062763214 305.87160123884678 71.068460926413536 371.31371827423573 24.765342563390732 25.959163725376129
leaf_count=61 58 297 1242 290 1514 100 105
internal_value=0.000468355 0.00809727 -0.00034016 0.000560637 -0.00190464 -0.0106527 -0.00247828
internal_weight=901.414 87.2917 814.123 748.254 442.382 65.8688 41.1035
internal_count=3667 355 3312 3046 1804 266 166
is_linear=0
shrinkage=0.03


Tree=156
num_leaves=8
num_cat=0
split_feature=56 2 2 2 51 53 2
split_gain=5.94279 9.99711 6.45536 6.66322 7.53667 6.53937 5.07543
threshold=1.348981518953188 -0.77693765058632114 -0.2171268396578423 1.394343436918698 -1.0000000180025095e-35 -0.56207563289716256 -1.068827267410853
decision_type=2 2 2 2 2 2 2
left_child=2 -2 6 5 -5 -4 -1
right_child=1 -3 3 4 -6 -7 -8
leaf_value=-0.012721671880808841 -0.013927465424994956 0.012457371167514731 -0.010735059503518239 -0.006843379514866973 0.0077514759573526441 -0.0018267829370354864 0.0037764488466110321
leaf_weight=16.405776396393776 14.295606598258017 72.933709651231766 112.72938700020313 45.895183727145195 94.707482159137726 230.50275073945522 313.83347392082214
leaf_count=67 58 297 464 186 388 934 1273
internal_value=0.000451808 0.00785443 -0.000331654 -0.00255313 0.00286684 -0.00481883 0.00287563
internal_weight=901.303 87.2293 814.074 483.835 140.603 343.232 330.239
internal_count=3667 355 3312 1972 574 1398 1340
is_linear=0
shrinkage=0.03


Tree=157
num_leaves=8
num_cat=0
split_feature=42 55 21 57 9 31 40
split_gain=5.15197 7.48737 5.14176 7.16604 7.05643 7.26351 6.96509
threshold=-0.99674411324053158 -1.0117361392148936 1.1947863610664609 -1.069549632884315 1.0109755164584067 -0.47665273894697374 1.1252197086658395
decision_type=2 2 2 2 2 2 2
left_child=1 -1 3 6 5 -4 -2
right_child=2 -3 4 -5 -6 -7 -8
leaf_value=0.0069052288217087265 0.013859539633789587 -0.011358886880940822 0.016058758068226053 0.0012478932234923576 -0.017075171525171118 -0.0036754697876560543 -0.019431962080928591
leaf_weight=26.5692098736763 68.526793256402016 68.782445311546326 18.881044402718544 580.41054901480675 27.80780565738678 105.26066496968269 4.9321655035018912
leaf_count=108 279 278 77 2361 115 429 20
internal_value=0.000436063 -0.00609516 0.00123408 0.00240334 -0.0036822 -0.000449834 0.0111919
internal_weight=901.171 95.3517 805.819 653.87 151.95 124.142 73.459
internal_count=3667 386 3281 2660 621 506 299
is_linear=0
shrinkage=0.03


Tree=158
num_leaves=8
num_cat=0
split_feature=55 36 9 12 9 8 8
split_gain=4.2963 6.19004 9.50667 9.3617 5.52439 5.02538 4.27452
threshold=-1.0117361392148936 0.52484061968260298 -0.40635674913663639 1.0577726090552659 0.29827502500331565 0.7944859609567515 1.303804344760934
decision_type=2 2 2 2 2 2 2
left_child=5 2 3 -2 -4 -1 -7
right_child=1 -3 4 -5 -6 6 -8
leaf_value=0.0085678084067740672 0.011873668310968363 -0.004472120556041014 -0.0051595968172174307 -0.010654734485744916 0.0018269930434857268 -0.024028945720083843 0.0049391566741667486
leaf_weight=95.730516269803047 109.60277839004993 231.21708366274834 160.99721032381058 18.034876629710197 270.0567818582058 7.6442788094282133 7.7788941115140915
leaf_count=390 443 937 653 74 1107 31 32
internal_value=0.000422078 -0.000339704 0.00134865 0.00851577 -0.000753659 0.00592416 -0.00909401
internal_weight=901.062 789.909 558.692 127.638 431.054 111.154 15.4232
internal_count=3667 3214 2277 517 1760 453 63
is_linear=0
shrinkage=0.03


Tree=159
num_leaves=8
num_cat=0
split_feature=42 55 41 43 57 41 17
split_gain=4.77817 6.83368 6.78976 6.5059 8.85973 5.93582 5.58384
threshold=-0.99674411324053158 -1.0117361392148936 -1.369549215148848 -1.0117361392148927 0.49382359175965018 -1.2535562595299503 1.9265061087701463
decision_type=2 2 2 2 2 2 2
left_child=1 -1 -2 4 -4 -3 -5
right_child=2 5 3 6 -6 -7 -8
leaf_value=0.0065271309231389463 -0.025993095488272923 0.00020517771848797061 0.020052551034124368 0.00020669054344312789 -0.009631681970720226 -0.017465313423143215 0.012779901565178506
leaf_weight=26.544995605945587 7.1380553543567649 24.989780575037003 33.826586484909058 721.52328282594681 10.776914909482 43.749967604875565 32.41714870929718
leaf_count=108 29 101 138 2938 44 177 132
internal_value=0.00040839 -0.00588307 0.00117742 0.00147126 0.0124975 -0.0109154 0.000783382
internal_weight=900.967 95.2847 805.682 798.544 44.6035 68.7397 753.94
internal_count=3667 386 3281 3252 182 278 3070
is_linear=0
shrinkage=0.03


Tree=160
num_leaves=8
num_cat=0
split_feature=18 18 7 9 37 32 55
split_gain=4.53501 7.22017 6.51467 7.24332 5.89844 6.3665 4.97606
threshold=-0.62908270056585158 -0.93485715851892159 0.92830615460998966 -0.35359261610712628 -0.68766388571954762 1.0752764820878051 0.47776428796258902
decision_type=2 2 2 2 2 2 2
left_child=1 4 3 -3 -1 -6 -2
right_child=6 2 -4 -5 5 -7 -8
leaf_value=-0.022141885864915972 0.0028268186948143853 0 0.017846562512179066 -0.017130341262376534 0.0080866700456683205 -0.02276020005440035 -0.0025521088047325132
leaf_weight=6.6766689121723166 502.38253736495972 34.068762868642807 6.1647752672433844 64.33921554684639 67.324664458632469 5.4370408654212943 220.08454708755016
leaf_count=28 2039 138 25 263 272 22 902
internal_value=7.82873e-05 -0.0040954 -0.00927067 -0.0112828 0.0025614 0.005301 0.00116624
internal_weight=906.478 184.011 104.573 98.408 79.4384 72.7617 722.467
internal_count=3689 748 426 401 322 294 2941
is_linear=0
shrinkage=0.03


Tree=161
num_leaves=8
num_cat=0
split_feature=17 36 13 40 36 5 5
split_gain=4.56773 6.20935 3.88379 7.47601 4.84113 5.45905 5.08498
threshold=2.4954727609296286 1.6497989603405829 1.3281156119223347 -1.1659017104940046 1.6720221661101153 -0.57602533873823558 2.4303703299744943
decision_type=2 2 2 2 2 2 2
left_child=2 -2 4 -4 6 -6 -1
right_child=1 -3 3 -5 5 -7 -8
leaf_value=0 -0.0093147523880981065 0.016889364218947541 -0.011890398337731693 0.0091696397264076565 -0.018467697003655935 -0.0018130947054192982 -0.023886673540151528
leaf_weight=682.9556723088026 9.5767862647771818 29.394830301403999 17.208761170506477 80.294037118554115 28.263346090912819 51.534737080335617 7.1041596680879584
leaf_count=2780 39 120 70 327 115 209 29
internal_value=7.36544e-05 0.0100028 -0.000366207 0.00521739 -0.00109868 -0.00805312 -0.000262279
internal_weight=906.332 38.9716 867.361 97.5028 769.858 79.7981 690.06
internal_count=3689 159 3530 397 3133 324 2809
is_linear=0
shrinkage=0.03


Tree=162
num_leaves=8
num_cat=0
split_feature=22 22 17 17 36 41 36
split_gain=4.71759 6.52108 4.92755 4.68121 6.31486 4.31273 4.14744
threshold=-1.2571247366708735 -1.0675527753800713 -0.24080786592618225 2.4954727609296286 1.6497989603405829 0.57134266046643434 0.18813542434240763
decision_type=2 2 2 2 2 2 2
left_child=2 5 -1 -3 -5 -2 -4
right_child=1 3 6 4 -6 -7 -8
leaf_value=-0.0023405463768921145 -0.020398546130847559 -0.00024246076260569339 0.035616872621500567 -0.0090607450000792754 0.017451975534801347 0.0013280853830626696 0
leaf_weight=9.1433745026588458 22.431948453187943 812.17595207691193 8.6942108422517759 9.5779171735048276 28.630128547549248 10.586629584431646 4.9738021194934836
leaf_count=37 91 3307 35 39 117 43 20
internal_value=6.8575e-05 -0.000269665 0.0132586 0.000227978 0.0103617 -0.0131572 0.0241645
internal_weight=906.214 883.403 22.8114 850.384 38.208 33.0186 13.668
internal_count=3689 3597 92 3463 156 134 55
is_linear=0
shrinkage=0.03


Tree=163
num_leaves=8
num_cat=0
split_feature=22 22 17 17 35 1 41
split_gain=4.46151 6.14466 4.68018 4.40326 5.4771 4.13959 4.09012
threshold=-1.2571247366708735 -1.0675527753800713 -0.24080786592618225 2.4954727609296286 1.2763031008252217 2.8920799851812196 0.57134266046643434
decision_type=2 2 2 2 2 2 2
left_child=2 6 -1 4 -3 -5 -2
right_child=1 3 -4 5 -6 -7 -8
leaf_value=-0.0022775686714323934 -0.019840848955386098 6.9804230525698978e-05 0.023520783647061602 0.014061071072487004 -0.018962378793635572 -0.012395834502853587 0.0012915696024216167
leaf_weight=9.1419875770807284 22.399204909801483 799.34369422495365 13.67433902621269 33.282061040401459 12.823320791125296 4.9021230787038794 10.587617784738539
leaf_count=37 91 3255 55 136 52 20 43
internal_value=6.65643e-05 -0.000261969 0.0128925 0.000220385 -0.000235199 0.010052 -0.0127783
internal_weight=906.154 883.338 22.8163 850.351 812.167 38.1842 32.9868
internal_count=3689 3597 92 3463 3307 156 134
is_linear=0
shrinkage=0.03


Tree=164
num_leaves=8
num_cat=0
split_feature=18 10 14 41 22 22 41
split_gain=4.22099 6.93133 6.82997 5.89376 4.48894 5.89545 8.11292
threshold=-0.62908270056585158 0.67946760930924299 0.96082156704282895 -0.89798834652386039 -1.2571247366708735 -0.67397615288498114 1.334460108724647
decision_type=2 2 2 2 2 2 2
left_child=1 2 3 -1 -2 6 -6
right_child=4 -3 -4 -5 5 -7 -8
leaf_value=0.014515914782336799 0.019047501300566139 -0.018196910156964216 -0.032560785072387223 -0.0025422414074055943 -0.0098360227765060763 0.0018063276065204232 0.019162796407039273
leaf_weight=20.072415828704834 11.420325517654417 25.571846604347229 5.1206382364034644 133.11529622972012 76.392244890332222 625.82910130918026 8.5475640892982465
leaf_count=81 46 107 21 539 310 2550 35
internal_value=6.35835e-05 -0.00396411 -0.00147111 -0.000130153 0.0011139 0.000778321 -0.00655428
internal_weight=906.069 183.88 158.308 153.188 722.189 710.769 84.9398
internal_count=3689 748 641 620 2941 2895 345
is_linear=0
shrinkage=0.03


Tree=165
num_leaves=8
num_cat=0
split_feature=9 15 26 6 6 20 31
split_gain=3.73239 7.039 4.46814 8.12727 7.04167 9.53668 6.94827
threshold=0.35094414645230315 -0.53302765285927223 1.2445292369891965 -0.62561762388922171 -0.7748857098281895 0.39765239622662313 1.0316514279613023
decision_type=2 2 2 2 2 2 2
left_child=2 -2 3 -1 -4 -6 -5
right_child=1 -3 4 6 5 -7 -8
leaf_value=0.0049976825150062415 0.00040435603598016045 0.010470177131264377 -0.013169896663768671 -0.0058392616737892077 0.016546813552733422 -0.0013303915100478961 0.007428597423967077
leaf_weight=105.76678793132305 238.84984473884106 85.434271395206451 16.4464151263237 322.92564217746258 49.996009990572929 53.472813844680786 38.094470307230949
leaf_count=428 982 346 67 1309 203 218 155
internal_value=0.00053846 0.0031264 -0.000869317 -0.00221785 0.00423093 0.00723997 -0.00438116
internal_weight=910.986 324.284 586.702 466.787 119.915 103.469 361.02
internal_count=3708 1328 2380 1892 488 421 1464
is_linear=0
shrinkage=0.03


Tree=166
num_leaves=8
num_cat=0
split_feature=1 1 37 8 40 38 38
split_gain=4.82531 6.71403 7.36537 5.3251 5.80084 5.19838 8.80701
threshold=0.66979728491214108 0.84428439883463924 -0.82108693707864966 -1.5912980730553199 -0.7237657997490653 1.001822698029047 0.29475451054667151
decision_type=2 2 2 2 2 2 2
left_child=5 2 -2 -3 -5 6 -1
right_child=1 3 -4 4 -6 -7 -8
leaf_value=-0.0023572013519912462 -0.0063963446892250269 0.013345883008047982 0.022232839221689612 -0.014818860088318443 0.0017524593482923464 -0.0092018263545040162 0.005824156969597134
leaf_weight=411.41159838438034 9.3930965662002546 30.261459633708 30.473687410354614 20.188863083720207 183.85533733665943 60.229861378669739 165.11600214242935
leaf_count=1671 39 124 124 82 753 244 671
internal_value=0.000523463 0.00385373 0.015129 0.00181538 0 -0.000890743 0
internal_weight=910.93 274.172 39.8668 234.306 204.044 636.757 576.528
internal_count=3708 1122 163 959 835 2586 2342
is_linear=0
shrinkage=0.03


Tree=167
num_leaves=8
num_cat=0
split_feature=4 55 39 39 32 9 23
split_gain=4.93892 7.15232 4.96622 9.30618 4.32933 8.51198 8.27886
threshold=1.8653225276996113 1.1972210980709572 0.67276031934561309 1.4189739393856751 -0.77556297162042565 0.35094414645230315 -0.41785629098491384
decision_type=2 2 2 2 2 2 2
left_child=4 2 -2 -4 -1 -6 -7
right_child=1 -3 3 -5 5 6 -8
leaf_value=-0.0056154985423673811 0.014536426826959603 0.027748841710844539 -0.015269975050205236 0.024893795941377542 -0.0011594695035778706 0.014903457124761495 0.0016840053416924011
leaf_weight=109.25372496247292 17.953689247369766 13.043462812900541 20.359751001000408 5.7146303653717032 546.20098254084587 63.893874526023865 134.48175004124641
leaf_count=447 73 53 83 23 2216 261 552
internal_value=0.000507622 0.00897511 0.00258747 -0.00531906 -5.06503e-05 0.000752213 0.00607043
internal_weight=910.902 57.0715 44.0281 26.0744 853.83 744.577 198.376
internal_count=3708 232 179 106 3476 3029 813
is_linear=0
shrinkage=0.03


Tree=168
num_leaves=8
num_cat=0
split_feature=1 1 21 56 45 38 1
split_gain=4.34724 6.38614 7.8642 6.33086 4.88649 6.7651 6.41703
threshold=0.66979728491214108 0.84428439883463924 -0.15581054041836664 0.47776428796258902 -1.0000000180025095e-35 0.91103215009191729 0.52800779988700797
decision_type=2 2 2 2 2 2 2
left_child=4 2 -2 -4 -1 6 -6
right_child=1 -3 3 -5 5 -7 -8
leaf_value=-0.0040389111657464687 0.026071197007817393 0.0016682969757587085 -0.01372374751411874 0.021536727582115941 0.004516580222440128 -0.0065044135972637035 -0.013286595091658757
leaf_weight=257.80266807973385 22.317611247301102 234.33576172590256 11.191932022571565 6.3335628509521475 283.40269932150841 77.366741165518761 18.145477518439293
leaf_count=1046 91 959 46 26 1152 314 74
internal_value=0.00049489 0.00365635 0.0146546 0 -0.000846552 0.00129087 0.00335533
internal_weight=910.896 274.179 39.8431 17.5255 636.718 378.915 301.548
internal_count=3708 1122 163 72 2586 1540 1226
is_linear=0
shrinkage=0.03


Tree=169
num_leaves=8
num_cat=0
split_feature=4 1 57 14 38 21 14
split_gain=4.64213 8.03249 7.1288 5.99761 5.3369 5.4651 7.47148
threshold=1.8653225276996113 1.3392718005374162 1.3008036075620055 -0.73728344887457065 1.001822698029047 1.761345403811146 -0.38017008385232948
decision_type=2 2 2 2 2 2 2
left_child=4 -2 3 -3 5 -1 -7
right_child=1 2 -4 -5 -6 6 -8
leaf_value=0.0016468185542967207 0.028224601814347744 -0.012661642404938488 0.023630384498145664 0.013578939122352805 -0.0078249823912908394 -0.026624630285070235 -0.0024053382051895597
leaf_weight=677.84351654350758 13.382380306720732 24.03253203630447 9.5965381115674955 10.065500035881998 72.16153909265995 12.535195440053938 91.270044222474098
leaf_count=2758 54 98 39 41 293 52 373
internal_value=0.000480077 0.0086892 0.00187282 -0.00432204 -6.06753e-05 0.000646039 -0.00569924
internal_weight=910.887 57.077 43.6946 34.098 853.81 781.649 103.805
internal_count=3708 232 178 139 3476 3183 425
is_linear=0
shrinkage=0.03


Tree=170
num_leaves=8
num_cat=0
split_feature=7 12 0 7 0 19 18
split_gain=5.03027 7.41499 6.00505 8.09814 7.04666 5.07605 7.64255
threshold=0.82526288305137352 -1.2953483786771989 -1.3601299519640804 0.92256869507047956 -0.60570608417824812 -0.52066125868056767 -0.40960919273622948
decision_type=2 2 2 2 2 2 2
left_child=5 -2 3 -3 -4 6 -1
right_child=1 2 4 -5 -6 -7 -8
leaf_value=0.011097329277888625 -0.019202025426548867 0.017664207172686668 0.025332385537518289 -0.015181825261195976 0.0043714843462033144 -0.00097111380341740022 -3.8681297237760681e-05
leaf_weight=89.106285035610199 7.1248653084039679 10.35404819250107 31.098775297403336 15.437876939773558 30.856191158294678 580.22175948321819 137.3620720654726
leaf_count=362 29 42 126 63 125 2364 560
internal_value=0.00128805 0.00779569 0.0103485 -0.00126892 0.0153665 0.000495431 0.00430648
internal_weight=901.562 94.8718 87.7469 25.7919 61.955 806.69 226.468
internal_count=3671 385 356 105 251 3286 922
is_linear=0
shrinkage=0.03


Tree=171
num_leaves=8
num_cat=0
split_feature=7 12 28 5 7 13 49
split_gain=4.74043 7.02701 6.26802 8.26033 6.77807 9.24363 6.33742
threshold=0.82526288305137352 -1.2953483786771989 -0.29658818112275992 0.7130000969336302 0.75466924127664703 1.0315131590110436 1.3489815189531911
decision_type=2 2 2 2 2 2 2
left_child=2 -2 3 6 5 -4 -1
right_child=1 -3 4 -5 -6 -7 -8
leaf_value=0.0065518668221542379 -0.018694174381698989 0.010057980617943623 -0.0032163054256703202 -0.025784994081448052 -0.015445015769927567 0.006304632050770061 -0.0052204672374842375
leaf_weight=255.55828404426575 7.1260143518447867 87.712894082069397 344.75296297669411 7.118915230035781 28.947158053517342 123.53121387958527 46.809641912579536
leaf_count=1037 29 356 1408 29 117 503 192
internal_value=0.00124968 0.00756857 0.0004798 0.00383913 -0.00158452 -0.00066468 0.00466874
internal_weight=901.557 94.8389 806.718 309.487 497.231 468.284 302.368
internal_count=3671 385 3286 1258 2028 1911 1229
is_linear=0
shrinkage=0.03


Tree=172
num_leaves=8
num_cat=0
split_feature=6 0 3 11 52 37 3
split_gain=4.89109 6.00121 4.7328 5.69648 4.43748 5.68191 4.48336
threshold=1.0320603610453791 0.58763249416483132 -0.78358933405412179 -2.7893486405140155 -0.67449075947659531 0.90728968183432246 0.61309514390519648
decision_type=2 2 2 2 2 2 2
left_child=2 4 -1 -4 6 -6 -2
right_child=1 -3 3 -5 5 -7 -8
leaf_value=0.0086283788623819739 -0.014741403451708527 -0.016345582490730436 0.023510339758816241 0.00098725970169770611 -5.9670257528633702e-05 0.019838771615070486 0.0041436221303181135
leaf_weight=95.55082730948925 32.944594711065292 24.830450445413589 9.3719732463359815 587.70907597243786 122.96533404290676 13.245710104703901 14.829488903284071
leaf_count=388 134 102 38 2393 501 54 61
internal_value=0.00120931 -0.00277288 0.00243376 0.00140459 -0.000781572 0.0018965 -0.00860702
internal_weight=901.447 208.816 692.632 597.081 183.985 136.211 47.7741
internal_count=3671 852 2819 2431 750 555 195
is_linear=0
shrinkage=0.03


Tree=173
num_leaves=8
num_cat=0
split_feature=1 27 8 30 56 27 30
split_gain=4.36281 9.53764 7.46878 6.17334 5.68994 5.4885 5.36143
threshold=-0.072891720134576038 0.62295166842255578 -1.9514738475748132 1.3463388471937943 -1.4332928638877653 0.28690277195939079 2.3672698873083968
decision_type=2 2 2 2 2 2 2
left_child=4 2 -2 -4 5 -1 -3
right_child=1 6 3 -5 -6 -7 -8
leaf_value=0.0036325015819215494 0.017636886633761641 -0.013417355778599913 0.0018900402983339194 -0.0083741629492102426 0.0042395371294302216 -0.031712243163736858 0.0033428971667315848
leaf_weight=6.1729759573936445 22.626086041331291 69.752263933420181 330.16789057850838 61.629816919565201 383.63045877218246 6.9643112272024155 20.492676705121994
leaf_count=26 93 284 1349 252 1554 29 84
internal_value=0.0011744 -0.000651259 0.00124725 0.000220084 0.00353006 -0.0149612 -0.00945215
internal_weight=901.436 504.669 414.424 391.798 396.768 13.1373 90.2449
internal_count=3671 2062 1694 1601 1609 55 368
is_linear=0
shrinkage=0.03


Tree=174
num_leaves=8
num_cat=0
split_feature=1 26 25 57 37 37 34
split_gain=4.09853 6.59422 5.17815 4.94902 5.56323 5.01791 4.72759
threshold=-0.072891720134576038 -0.78469035220302008 -1.2646241408661385 0.15176042088223396 -0.032179304394025797 -0.97580464772034892 -1.1789048151224957
decision_type=2 2 2 2 2 2 2
left_child=-1 3 -3 4 -2 -5 -4
right_child=1 2 6 5 -6 -7 -8
leaf_value=0.0034221931450068191 -0.013964163202826823 0.02174736219074893 0.013089956756340755 -0.000978476860428217 0.011879035945550308 0.026850860613400519 -0.0029362161815552766
leaf_weight=396.78085029125214 12.330613419413568 7.1146884411573401 15.961213946342466 6.8886359035968807 16.061300560832024 17.816899761557579 428.48276491463184
leaf_count=1609 50 29 65 28 65 72 1753
internal_value=0.00113889 -0.00062989 -0.00183967 0.00922506 5.17469e-05 0.0187715 -0.0022989
internal_weight=901.437 504.656 451.559 53.0974 28.3919 24.7055 444.444
internal_count=3671 2062 1847 215 115 100 1818
is_linear=0
shrinkage=0.03


Tree=175
num_leaves=8
num_cat=0
split_feature=7 7 1 42 24 35 24
split_gain=4.48462 7.07526 6.78463 8.19027 6.62858 6.46365 8.15475
threshold=-1.027308239698461 -0.78209683008138653 0.59714926979508021 -0.54768602300006941 2.5430996045736607 0.008544840718165839 2.857298388310276
decision_type=2 2 2 2 2 2 2
left_child=2 -2 3 -1 -3 6 -4
right_child=1 4 5 -5 -6 -7 -8
leaf_value=-0.030035778252264621 0.013085060447964324 -3.5194307938213817e-05 -0.0011404625578584008 -0.0044783968074737493 0.012544495224880065 0.009952202476496327 -0.029122086209409391
leaf_weight=15.696979492902754 44.095333725214005 592.7273091673851 111.33896335959435 42.200844869017601 39.096440181136131 41.22329980134964 9.4105445295572263
leaf_count=64 180 2406 459 173 161 167 39
internal_value=0.000358068 0.0015839 -0.00333253 -0.0120544 0.00073811 -6.79888e-05 -0.00366568
internal_weight=895.79 675.919 219.871 57.8978 631.824 161.973 120.75
internal_count=3649 2747 902 237 2567 665 498
is_linear=0
shrinkage=0.03


Tree=176
num_leaves=8
num_cat=0
split_feature=42 24 36 52 8 57 36
split_gain=4.27265 5.71711 5.07327 3.86214 4.73745 4.28849 3.4077
threshold=1.6315191841361845 -0.050598391894873578 -1.1817057529162851 -0.67449075947659531 -0.78144988931092541 -1.069549632884315 -1.3728199429782049
decision_type=2 2 2 2 2 2 2
left_child=2 6 -1 4 -4 -5 -2
right_child=1 -3 3 5 -6 -7 -8
leaf_value=0.021457601504552906 -0.0008419952315950513 0.0042891735381199447 0.0026958501455843723 0.01011181418901571 -0.0064941537082013005 0.0009701449599334508 -0.025120928722244595
leaf_weight=9.6340137869119626 9.3170278072357195 16.296916320919991 78.697963520884514 49.90180829167366 129.84143860638142 585.16705270111561 16.833718985319138
leaf_count=39 38 68 320 204 526 2384 70
internal_value=0.000344834 -0.00880363 0.00082729 0.000548806 -0.00295816 0.00172682 -0.0173729
internal_weight=895.69 42.4477 853.242 843.608 208.539 635.069 26.1507
internal_count=3649 176 3473 3434 846 2588 108
is_linear=0
shrinkage=0.03


Tree=177
num_leaves=8
num_cat=0
split_feature=7 7 22 4 31 33 22
split_gain=4.24818 6.67627 5.5859 6.0999 4.82635 12.8717 5.88645
threshold=-1.027308239698461 -0.78209683008138653 2.9993094943769893 -1.943504455054492 0.14600551597777528 -0.054215391412246371 1.7317576327064421
decision_type=2 2 2 2 2 2 2
left_child=4 -2 3 -3 5 6 -1
right_child=1 2 -4 -5 -6 -7 -8
leaf_value=-0.0023783120078271613 0.0126971738117809 -0.011880899367123769 0.013845654186263087 0.00085532999091208508 -0.014789656596751162 0.013781071760961144 -0.017440760792884365
leaf_weight=124.78276811540127 44.12470830976963 34.958412811160088 26.851609155535698 569.91998839378357 27.719138950109482 38.324563190340996 28.938611924648285
leaf_count=513 180 142 110 2315 114 155 120
internal_value=0.000335228 0.00152867 0.000706036 7.60989e-05 -0.00325737 -0.00144716 -0.00540522
internal_weight=895.62 675.855 631.73 604.878 219.765 192.046 153.721
internal_count=3649 2747 2567 2457 902 788 633
is_linear=0
shrinkage=0.03


Tree=178
num_leaves=8
num_cat=0
split_feature=48 42 42 45 36 5 42
split_gain=4.23957 5.92242 5.69696 5.36136 4.88111 4.57893 4.39965
threshold=1.5176042088223394 1.6315191841361845 1.0153710149230131 1.0000000180025095e-35 -1.1540332488553899 -0.22887141471792188 1.216414064123948
decision_type=2 2 2 2 2 2 2
left_child=1 4 -2 -3 5 -1 -4
right_child=2 3 6 -5 -6 -7 -8
leaf_value=0 0.018190422458893324 0.0022740111915410298 -0.021096939855319789 -0.020273757105319139 8.2871056697643813e-05 0.038042074123833987 0.0075611236454919614
leaf_weight=6.3797284513711929 25.782949790358543 13.481966257095335 6.6909267157316235 23.259738847613335 803.77170224487782 4.9647344499826414 11.193685635924338
leaf_count=26 105 56 28 97 3271 20 46
internal_value=0.000324482 -0.00013042 0.00933868 -0.0117616 0.000389251 0.0191164 -0.00291545
internal_weight=895.525 851.858 43.6676 36.7417 815.116 11.3445 17.8846
internal_count=3649 3470 179 153 3317 46 74
is_linear=0
shrinkage=0.03


Tree=179
num_leaves=8
num_cat=0
split_feature=52 33 33 25 39 33 26
split_gain=3.05646 4.87691 5.81931 6.75418 4.6634 4.55832 5.90729
threshold=-0.67449075947659531 -1.0011954534761609 0.15839922281966154 1.5757028881328521 0.093972436536321702 0.84395828438483111 0.40182451242974609
decision_type=2 2 2 2 2 2 2
left_child=1 -1 4 -4 -3 -2 -7
right_child=5 2 3 -5 -6 6 -8
leaf_value=-0.021943062668547324 0.00050718928493171615 0.017136242805413798 -0.0086618961948576843 0.0060343152975248443 0 0.015293302984943035 -0.004098873030039093
leaf_weight=10.475125938653944 623.16343532502651 21.165242776274681 108.26156954467297 35.881754249334335 35.435968518257141 42.150120407342911 18.925960585474968
leaf_count=43 2544 86 439 145 144 171 77
internal_value=0.000316869 -0.0028072 -0.00163049 -0.00488384 0.00633516 0.00130582 0.00907328
internal_weight=895.459 211.22 200.745 144.143 56.6012 684.24 61.0761
internal_count=3649 857 814 584 230 2792 248
is_linear=0
shrinkage=0.03


Tree=180
num_leaves=8
num_cat=0
split_feature=31 16 34 19 9 9 17
split_gain=5.35778 8.28514 4.14043 3.62643 15.7699 5.25531 6.86638
threshold=1.0558263478146566 0.96565086295381375 -0.16543739129702031 1.8651109537471167 0.1394145020594203 0.37474433578875416 0.48302895861528461
decision_type=2 2 2 2 2 2 2
left_child=3 2 -2 5 -5 -1 -7
right_child=1 -3 -4 4 -6 6 -8
leaf_value=-0.0040203177560707718 0 -0.0052636001248174951 0.02799104767170435 0.014174204476011525 -0.0086019170634348292 -0.00057381641413138576 0.013700005709975982
leaf_weight=476.52945059537888 7.3475273102521923 18.200224727392197 17.5026486068964 58.803758859634399 48.787079274654388 244.74868361651897 33.389467224478722
leaf_count=1934 30 74 72 238 200 1004 136
internal_value=-0.000820584 0.00934362 0.0204119 -0.00135567 0.00372413 -0.0021037 0.00112891
internal_weight=905.309 43.0504 24.8502 862.258 107.591 754.668 278.138
internal_count=3688 176 102 3512 438 3074 1140
is_linear=0
shrinkage=0.03


Tree=181
num_leaves=8
num_cat=0
split_feature=7 21 44 3 22 21 34
split_gain=4.33564 7.13838 7.76252 6.14939 4.21801 5.65789 3.85282
threshold=0.82526288305137352 -0.16760890560137071 0.67449075947659554 -1.0446287410298571 -0.071027806828226028 1.2695041855156253 -1.2733978168644968
decision_type=2 2 2 2 2 2 2
left_child=3 2 -2 -1 -3 -6 -5
right_child=1 4 -4 6 5 -7 -8
leaf_value=-0.015676185545699099 -0.014593901132219004 0.020374272453491132 0.015929990201735366 0.01384678760678887 0.014341876190238243 -0.008243506636478869 -0.0013361086385594505
leaf_weight=25.894771724939346 24.637474179267883 25.738160684704781 9.3029211312532407 14.207420915365217 20.897622868418694 16.651765406131744 767.8076658397913
leaf_count=106 100 104 38 58 85 68 3129
internal_value=-0.000794535 0.00512365 -0.00558166 -0.00153076 0.0110956 0.00398296 -0.00102378
internal_weight=905.138 97.2279 33.9404 807.91 63.2875 37.5494 782.015
internal_count=3688 395 138 3293 257 153 3187
is_linear=0
shrinkage=0.03


Tree=182
num_leaves=8
num_cat=0
split_feature=31 44 16 38 3 5 40
split_gain=4.97404 9.18044 7.5527 3.34785 7.03663 6.33021 7.67005
threshold=1.0558263478146566 1.0000000180025095e-35 0.96565086295381375 0.26845048852536924 1.0972946708228457 -0.16194030832172157 -0.14194786157229097
decision_type=2 2 2 2 2 2 2
left_child=3 -2 -3 5 -5 6 -1
right_child=1 2 -4 4 -6 -7 -8
leaf_value=-0.0026109214596611759 -0.022166357980673602 0.02626797416071951 0 0.0032218073261205595 -0.006857021199092663 -0.0006636603071514571 -0.01703390720709759
leaf_weight=92.821148291230202 5.952533394098281 21.073444053530693 15.953817114233969 275.38695314526558 79.053914204239845 360.83043353259563 53.937699913978577
leaf_count=377 24 87 65 1120 325 1466 224
internal_value=-0.000769496 0.0090312 0.014892 -0.00128543 0.000918674 -0.00285278 -0.00809267
internal_weight=905.01 42.9798 37.0273 862.03 354.441 507.589 146.759
internal_count=3688 176 152 3512 1445 2067 601
is_linear=0
shrinkage=0.03


Tree=183
num_leaves=8
num_cat=0
split_feature=31 35 13 38 4 40 40
split_gain=4.67453 9.98266 3.36861 5.84634 6.33212 5.38434 4.24704
threshold=1.0558263478146566 1.3096651978698259 1.3281156119223347 0.26845048852536924 1.575114583752399 -0.89746366523552734 -1.1060936590454522
decision_type=2 2 2 2 2 2 2
left_child=2 -2 3 4 -1 -5 -4
right_child=1 -3 6 5 -6 -7 -8
leaf_value=-0.004983995940042658 0.0161067827922785 -0.01828268869698757 -0.0081273057403104757 0.026216746019328198 0.016507009486513326 0.00030615598503803043 0.0074858094071716856
leaf_weight=405.17524538934231 34.490465641021729 8.4115418344736081 18.215029552578926 6.4120728373527518 11.469652414321898 348.00922590494156 72.578292965888977
leaf_count=1650 142 34 74 26 47 1419 296
internal_value=-0.000748731 0.00875971 -0.00124903 -0.00190705 -0.00431836 0.000889569 0.00413567
internal_weight=904.762 42.902 861.86 771.066 416.645 354.421 90.7933
internal_count=3688 176 3512 3142 1697 1445 370
is_linear=0
shrinkage=0.03


Tree=184
num_leaves=8
num_cat=0
split_feature=35 14 5 3 42 47 35
split_gain=4.22209 5.95362 5.7837 8.03092 7.35998 4.85736 5.53253
threshold=1.3096651978698259 1.6425187662994725 0.83667128005343838 0.33153070879125557 -1.1325306325502151 1.6862268986914881 0.70643713296040833
decision_type=2 2 2 2 2 2 2
left_child=1 5 3 -3 -4 -1 -7
right_child=-2 2 4 -5 -6 6 -8
leaf_value=-0.00072767547215838314 -0.018355616718082394 -0.02022778616332754 -0.0082249718036830118 0.010372971290749888 0.023529430382436326 0.0021910433206504222 -0.024220587648576465
leaf_weight=802.05173376202583 11.10554279386997 11.451057165861132 7.1846202164888373 19.069107055664062 27.289951458573341 10.353720113635065 16.067119598388672
leaf_count=3269 45 47 29 78 113 42 65
internal_value=-0.00072376 -0.000467555 0.00817712 -0.000909927 0.0164436 -0.00117287 -0.013621
internal_weight=904.573 893.467 64.9947 30.5202 34.4746 828.473 26.4208
internal_count=3688 3643 267 125 142 3376 107
is_linear=0
shrinkage=0.03


Tree=185
num_leaves=8
num_cat=0
split_feature=15 20 16 35 35 23 35
split_gain=5.45449 5.97555 5.01982 5.57618 11.3395 5.96433 4.12479
threshold=-1.3368439850214984 1.6520508133786402 -0.62814068178312366 0.29578431448640052 0.3246217937738814 -1.1053966307071297 -1.3204683001072537
decision_type=2 2 2 2 2 2 2
left_child=1 -1 -2 5 -5 -4 -3
right_child=2 6 3 4 -6 -7 -8
leaf_value=0.013396151079838891 -0.0062834577232661381 -0.0055881612703769616 -0.021606094743129606 -0.033255665555010576 -0.0016296357190180022 0.0034863795565444936 0.018758141406501054
leaf_weight=51.27386300265789 135.44505368173122 37.176656544208527 7.6275213062763205 9.6185523420572263 330.98949068784714 323.09876517951488 6.389632746577262
leaf_count=212 561 155 31 39 1342 1312 26
internal_value=-0.000218724 0.00652698 -0.00103738 6.50764e-06 -0.00266138 0.00279907 -0.00134006
internal_weight=901.62 94.8402 806.779 671.334 340.608 330.726 43.5663
internal_count=3678 393 3285 2724 1381 1343 181
is_linear=0
shrinkage=0.03


Tree=186
num_leaves=8
num_cat=0
split_feature=9 23 38 39 39 39 4
split_gain=4.24153 5.90909 5.95853 8.92066 5.46614 7.15265 6.31284
threshold=0.35094414645230315 1.8053166642991403 -0.32389638938531079 0.97036587319179157 0.15454691109362298 0.08356336280845604 2.0474626204168507
decision_type=2 2 2 2 2 2 2
left_child=4 2 -2 -4 5 6 -1
right_child=1 -3 3 -5 -6 -7 -8
leaf_value=-0.0014397862980945701 -0.0086146172612402636 0.016491061776750356 0.0078268753547744985 -0.0035169817252260877 -0.0073452504032865372 0.020422677585411882 0.025095259547335207
leaf_weight=435.58663618564606 44.67243267595768 24.31591871380806 149.08887912333012 103.87215232849121 123.2168160378933 13.581360965967177 7.1809945851564398
leaf_count=1772 183 100 613 426 500 55 29
internal_value=-0.000213815 0.0025234 0.00128064 0.00311423 -0.0017619 -0.000208805 -0.000920047
internal_weight=901.515 321.949 297.633 252.961 579.566 456.349 442.768
internal_count=3678 1322 1222 1039 2356 1856 1801
is_linear=0
shrinkage=0.03


Tree=187
num_leaves=8
num_cat=0
split_feature=9 18 25 7 27 41 16
split_gain=3.98498 7.01696 6.35056 6.33292 5.49908 5.95933 5.36661
threshold=0.35094414645230315 -0.78886797449567225 2.8102894701462109 -0.46769739795009352 -0.95543098404098981 0.1337626373904888 -0.62814068178312366
decision_type=2 2 2 2 2 2 2
left_child=1 2 3 -1 5 -3 -2
right_child=6 4 -4 -5 -6 -7 -8
leaf_value=-0.026623055425024113 -0.00066081863883809503 0 -0.033382647489002854 -0.0025155187461581444 0.00036059900485297064 -0.032760458694067664 0.0071565603458397598
leaf_weight=11.009003102779387 192.60541035234928 12.335201576352121 8.3678535073995572 66.682010293006897 472.54123972356319 8.5898954421281797 129.41406059265137
leaf_count=45 797 50 34 270 1922 35 525
internal_value=-0.000205303 -0.00170651 -0.00956474 -0.00641715 -0.000289155 -0.0149936 0.00244684
internal_weight=901.545 579.525 86.0589 77.691 493.466 20.9251 322.019
internal_count=3678 2356 349 315 2007 85 1322
is_linear=0
shrinkage=0.03


Tree=188
num_leaves=8
num_cat=0
split_feature=42 36 34 0 32 22 23
split_gain=3.27588 5.86373 5.88045 6.60952 4.55782 12.5785 6.2301
threshold=-0.98409654460796825 1.4267346147327606 0.42784467408034477 -1.2020110938270778 0.76024770571346079 0.039013373626024583 0.28902015279350551
decision_type=2 2 2 2 2 2 2
left_child=1 2 -1 -4 -2 -6 -7
right_child=4 -3 3 -5 5 6 -8
leaf_value=-0.032081578389079796 -0.00083927031807286712 0.00038568468122541046 -0.031337893815336811 0.0017803059290132969 0.027342009468506154 0.0089377835628092015 -0.0025963685528956832
leaf_weight=11.130188778042791 611.67302414774895 58.439607188105583 5.9287171363830558 21.443274661898617 18.496362268924713 66.938313588500023 107.39906024932861
leaf_count=45 2496 238 24 87 75 273 440
internal_value=-0.000203625 -0.0053951 -0.0143367 -0.00571604 0.00040924 0.00443083 0.00177243
internal_weight=901.449 96.9418 38.5022 27.372 804.507 192.834 174.337
internal_count=3678 394 156 111 3284 788 713
is_linear=0
shrinkage=0.03


Tree=189
num_leaves=8
num_cat=0
split_feature=33 33 53 13 13 44 2
split_gain=5.44313 11.5344 6.81637 4.79227 6.933 6.95616 4.70351
threshold=-2.0022577850893915 -2.2060239370786356 -1.7424344619812049 1.3281156119223347 1.476681686134991 1.0000000180025095e-35 -0.034720326063549009
decision_type=2 2 2 2 2 2 2
left_child=1 2 -1 -2 -5 -6 -4
right_child=3 -3 6 4 5 -7 -8
leaf_value=-0.01744755758150433 -0.0019060981261684244 0.034416195137311603 0.018460604566662035 0.021221558186946297 -0.01616123877286519 0.0049409940534666181 0.00036942235416679003
leaf_weight=11.716489017009733 702.96130210161209 10.975526779890059 19.148362770676613 18.104380711913109 15.832162246108053 81.357630372047424 41.258775234222412
leaf_count=50 2860 45 79 74 64 334 172
internal_value=-0.000197984 0.00704933 0.0022659 -0.000960011 0.00464619 0.0012211 0.00655563
internal_weight=901.355 83.0992 72.1236 818.255 115.294 97.1898 60.4071
internal_count=3678 346 301 3332 472 398 251
is_linear=0
shrinkage=0.03


Tree=190
num_leaves=8
num_cat=0
split_feature=7 38 36 18 7 33 7
split_gain=2.7779 7.93448 6.35879 5.80621 5.75111 14.0078 5.45018
threshold=-0.46769739795009352 0.61935854019636205 0.61292648426006002 0.78997274998679301 1.0000000180025095e-35 -0.64920598553470488 -0.50150537089513969
decision_type=2 2 2 2 2 2 2
left_child=6 4 3 -3 5 -2 -1
right_child=1 2 -4 -5 -6 -7 -8
leaf_value=-0.00085820910510123769 -0.013734341838209782 0.0088452234000596357 -0.0058522406770786127 0.030539778959879638 -0.0012693768709555085 0.013473136887300365 -0.023133349862756447
leaf_weight=331.49732236564159 20.926091507077217 49.648496761918068 15.427685767412184 15.52823846042156 380.77947144210339 71.071405053138733 9.2935489267110807
leaf_count=1360 87 201 63 63 1547 289 38
internal_value=0.000528855 0.00185232 0.0104973 0.014624 0.000327718 0.00704199 -0.00157546
internal_weight=894.172 553.381 80.6044 65.1767 472.777 91.9975 340.791
internal_count=3648 2250 327 264 1923 376 1398
is_linear=0
shrinkage=0.03


Tree=191
num_leaves=8
num_cat=0
split_feature=21 25 31 40 39 39 18
split_gain=4.10864 6.32455 5.10802 7.53996 3.63041 6.94725 4.58133
threshold=1.761345403811146 0.9149883102210209 -0.62914983739122154 -0.57067984126117743 0.16404009352857854 -0.079165659928805227 0.44734061653933882
decision_type=2 2 2 2 2 2 2
left_child=-1 4 -3 -4 5 -2 -6
right_child=1 2 3 -5 6 -7 -8
leaf_value=0.0012961501016272084 -0.012853445818122318 0.019261903246561685 0.0095478677485366804 -0.012602212909437733 -0.036895198596761901 0.021859258022420683 -0.00033951981961806985
leaf_weight=782.57006712257862 27.180188536643978 10.690888360142706 23.676088660955429 29.723329439759254 9.4776360839605314 5.1707846224308041 5.6035080403089514
leaf_count=3190 111 44 97 122 40 21 23
internal_value=0.000511785 -0.00482152 0.0011309 -0.00251065 -0.0130314 -0.00636634 -0.0251112
internal_weight=894.092 111.522 64.0903 53.3994 47.4321 32.351 15.0811
internal_count=3648 458 263 219 195 132 63
is_linear=0
shrinkage=0.03


Tree=192
num_leaves=8
num_cat=0
split_feature=55 4 4 48 4 3 14
split_gain=3.11364 6.04454 6.60403 8.6818 5.08614 4.05038 7.52818
threshold=-0.47776428796258835 -1.943504455054492 -0.64117740961340219 -1.0000000180025095e-35 -0.22480781034387903 1.0972946708228457 -2.5858484530648735
decision_type=2 2 2 2 2 2 2
left_child=1 -1 3 -3 -4 6 -2
right_child=5 2 4 -5 -6 -7 -8
leaf_value=-0.017553668362154908 0.023629994118903937 0.0042213719485415697 -0.0070173200568575409 0.029295314999208743 0.0042039868504399249 -0.0052309787875331141 0
leaf_weight=10.819844737648962 11.450539022684096 38.748860359191895 46.051599845290184 18.996497452259064 152.37757301330566 135.17559441924095 480.40235166251659
leaf_count=44 47 159 188 78 619 558 1955
internal_value=0.000495557 0.00321178 0.004212 0.0130836 0.00150239 -0.000640421 0.000598817
internal_weight=894.023 266.994 256.175 57.7454 198.429 627.028 491.853
internal_count=3648 1088 1044 237 807 2560 2002
is_linear=0
shrinkage=0.03


Tree=193
num_leaves=8
num_cat=0
split_feature=21 25 55 31 1 1 4
split_gain=3.86455 6.032 6.41846 5.12443 4.63552 4.06084 8.21577
threshold=1.761345403811146 0.99755682806708379 -1.0679437025046092 -0.62914983739122154 -0.99545733213518173 1.3591245412918342 1.8653225276996113
decision_type=2 2 2 2 2 2 2
left_child=5 4 -3 -4 -2 6 -1
right_child=1 2 3 -5 -6 -7 -8
leaf_value=0.0017332876227130517 0.011037190277910693 0.029701769871397835 0.017056022820007677 -0.0060398929315512422 -0.015517864233278441 -0.0032603363051316946 0.024634502321144232
leaf_weight=625.46117798984051 5.3793121278285971 5.5456616282463065 9.4793601930141431 45.635027959942818 45.359845355153084 143.46559725701809 13.569146379828451
leaf_count=2546 22 23 39 187 187 589 55
internal_value=0.000481869 -0.00469321 0.00148367 -0.00156706 -0.0122537 0.00124281 0.00228074
internal_weight=893.895 111.399 60.66 55.1144 50.7392 782.496 639.03
internal_count=3648 458 249 226 209 3190 2601
is_linear=0
shrinkage=0.03


Tree=194
num_leaves=8
num_cat=0
split_feature=1 7 2 11 4 49 39
split_gain=3.35845 7.81584 4.81126 6.40964 4.77382 3.78521 8.80487
threshold=1.3591245412918342 -2.2968617993447284 -1.0049182117242903 -0.030843984238382059 0.18172186212110567 1.0000000180025095e-35 0.31480163589850496
decision_type=2 2 2 2 2 2 2
left_child=1 -1 3 -3 -4 6 -2
right_child=5 2 4 -5 -6 -7 -8
leaf_value=0.01953298366695241 -0.0012979473172594275 -0.021723479786474587 0.0033298495055231491 0.0045425107767594862 -0.0017405912882379987 0.00039961894329697425 -0.025499373195483777
leaf_weight=19.674243062734604 45.52243272960186 18.162695601582531 420.09088726341724 12.921471998095511 272.03714270889759 86.131698295474052 19.260844975709915
leaf_count=80 186 74 1709 53 1112 355 79
internal_value=0.000469945 0.00131433 0.000771709 -0.0105361 0.00131566 -0.00356912 -0.00899959
internal_weight=893.801 742.886 723.212 31.0842 692.128 150.915 64.7833
internal_count=3648 3028 2948 127 2821 620 265
is_linear=0
shrinkage=0.03


Tree=195
num_leaves=7
num_cat=0
split_feature=43 32 2 43 27 20
split_gain=4.87963 6.3599 3.29076 5.9969 5.55922 2.9897
threshold=1.6862268986914883 -1.3204435981663531 -0.53331597935429287 0.67449075947659554 -1.1527712126788281 0.049357738575859227
decision_type=2 2 2 2 2 2
left_child=1 -1 4 -4 -3 -2
right_child=5 2 3 -5 -6 -7
leaf_value=0.028744470338145554 0 0.02384854668467239 0 0.0079312719832998826 -0.0037388315441240459 -0.026973441335377643
leaf_weight=6.0461336970329276 5.6113996952772132 5.6564624458551398 553.67289680242538 100.17702047526836 229.45410777628422 8.5888794511556608
leaf_count=25 23 23 2262 409 934 35
internal_value=4.4298e-05 0.000346601 0.000104521 0.0012154 -0.00291339 -0.0167916
internal_weight=909.207 895.007 888.96 653.85 235.111 14.2003
internal_count=3711 3653 3628 2671 957 58
is_linear=0
shrinkage=0.03


Tree=196
num_leaves=8
num_cat=0
split_feature=56 32 37 37 5 35 49
split_gain=3.85936 3.85944 3.44391 3.38014 9.32557 4.22776 2.92859
threshold=-1.5457079904671971 -1.3204435981663531 -1.3357665781469026 1.0582824962440505 1.5527447234181311 0.72431677207200362 0.84311344934574384
decision_type=2 2 2 2 2 2 2
left_child=2 -2 6 5 -5 -3 -1
right_child=1 3 -4 4 -6 -7 -8
leaf_value=0.011780963001023062 0.020909574574455806 0.00058532737173911016 -0.018138509240239339 0.013322672469747473 -0.014136667640701541 -0.0057273756105209791 -0.012405050916117164
leaf_weight=8.705173537135126 7.2405482381582251 697.45748779177666 18.436445415019989 47.554104968905449 13.081501111388205 109.33501435816288 7.3746624737977973
leaf_count=36 30 2846 78 193 53 444 31
internal_value=4.38455e-05 0.000453376 -0.0096322 0.000241472 0.007022 -0.00025762 0
internal_weight=909.185 874.669 34.5163 867.428 60.6356 806.793 16.0798
internal_count=3711 3566 145 3536 246 3290 67
is_linear=0
shrinkage=0.03


Tree=197
num_leaves=8
num_cat=0
split_feature=52 23 22 22 21 10 22
split_gain=5.06644 4.19558 9.29829 10.8918 8.11716 6.02219 7.08948
threshold=-1.9110571518503523 -0.46009172918567193 0.87180524612806642 1.8913949952414437 0.24080960903162252 -1.2067765141378215 0.20891822652511602
decision_type=2 2 2 2 2 2 2
left_child=-1 2 4 -4 -2 6 -3
right_child=1 5 3 -5 -6 -7 -8
leaf_value=0.0092149523796826466 -0.00094439768982433462 0.015164796870041105 0.02547765002817963 -0.0059211507878348807 0.028746254475482676 -0.00069994177923278131 -0.012820662780233909
leaf_weight=50.304927155375481 222.53435504436493 7.8808506876230231 28.972110405564308 13.373788207769392 7.6017290055751792 508.24177837371826 70.178092867136002
leaf_count=204 906 32 119 55 31 2078 286
internal_value=4.18977e-05 -0.000488079 0.00255838 0.0153073 9.15572e-05 -0.0019314 -0.00964943
internal_weight=909.088 858.783 272.482 42.3459 230.136 586.301 78.0589
internal_count=3711 3507 1111 174 937 2396 318
is_linear=0
shrinkage=0.03


Tree=198
num_leaves=8
num_cat=0
split_feature=4 2 2 54 55 4 24
split_gain=3.14519 3.18482 3.15849 5.82691 5.72804 4.01222 7.65395
threshold=-2.9847739096269215 2.7370652814724106 2.9135047628632269 1.0000000180025095e-35 0.59017941454201905 1.7081551902408052 -0.42151944804838665
decision_type=2 2 2 2 2 2 2
left_child=1 -1 5 -4 -5 -2 -7
right_child=2 -3 3 4 -6 6 -8
leaf_value=0 -0.00033964069965173249 0.031000172871174278 -0.019631147872002382 0.01702773452130488 -0.0094029479290467406 0.026011150237224435 0.0016587731297204784
leaf_weight=6.0313973575830442 779.00241447985172 4.9102567136287689 19.832842409610748 11.267083480954172 17.266475111246109 14.241297051310537 56.461900889873505
leaf_count=25 3179 20 81 46 72 58 230
internal_value=4.2071e-05 0.0153493 -0.000144606 -0.00753246 0.000749044 0.000266648 0.00706747
internal_weight=909.014 10.9417 898.072 48.3664 28.5336 849.706 70.7032
internal_count=3711 45 3666 199 118 3467 288
is_linear=0
shrinkage=0.03


Tree=199
num_leaves=8
num_cat=0
split_feature=52 2 21 1 19 8 18
split_gain=4.79257 6.34142 6.00377 5.83733 3.72774 7.27126 10.9125
threshold=-1.9110571518503523 -0.12360779019765052 -0.51436446632816069 0.35688835927725077 -0.28799369745391845 -0.51186222558576977 0.17428058059759802
decision_type=2 2 2 2 2 2 2
left_child=1 -1 -3 -4 5 6 -2
right_child=4 2 3 -5 -6 -7 -8
leaf_value=-0.001061515035639231 -0.015413485679674191 0.042707488653802271 0.020014003680028095 -0.013607676634103958 -0.0020356582456900712 0.0048769768665731751 0.0047570318583952213
leaf_weight=25.47838981449604 45.363373339176178 6.5592361539602306 12.554535314440729 5.6987291574478141 531.64323538541794 233.62625993788242 48.043496698141098
leaf_count=103 185 27 51 23 2172 953 197
internal_value=4.23342e-05 0.00896563 0.0194852 0.00857654 -0.000472657 0.00202098 -0.00493947
internal_weight=908.967 50.2909 24.8125 18.2533 858.676 327.033 93.4069
internal_count=3711 204 101 74 3507 1335 382
is_linear=0
shrinkage=0.03


end of trees

feature_importances:
Column_2=53
Column_26=51
Column_12=49
Column_13=49
Column_3=47
Column_7=47
Column_4=41
Column_18=41
Column_9=39
Column_35=39
Column_23=37
Column_1=33
Column_55=33
Column_17=31
Column_8=30
Column_42=30
Column_21=29
Column_22=28
Column_33=28
Column_28=27
Column_56=27
Column_5=26
Column_20=26
Column_14=25
Column_37=25
Column_41=25
Column_24=23
Column_39=23
Column_16=22
Column_27=22
Column_34=22
Column_40=22
Column_11=21
Column_25=21
Column_31=20
Column_0=19
Column_19=19
Column_36=19
Column_38=19
Column_57=18
Column_6=17
Column_15=17
Column_29=16
Column_32=16
Column_10=15
Column_30=14
Column_45=11
Column_52=11
Column_47=10
Column_51=10
Column_50=9
Column_54=9
Column_46=8
Column_49=7
Column_48=6
Column_53=6
Column_43=5
Column_44=5

parameters:
[boosting: gbdt]
[objective: binary]
[metric: binary_logloss]
[tree_learner: serial]
[device_type: cpu]
[data_sample_strategy: bagging]
[data: ]
[valid: ]
[num_iterations: 200]
[learning_rate: 0.03]
[num_leaves: 8]
[num_threads: 0]
[seed: 0]
[deterministic: 0]
[force_col_wise: 0]
[force_row_wise: 0]
[histogram_pool_size: -1]
[max_depth: 4]
[min_data_in_leaf: 20]
[min_sum_hessian_in_leaf: 0.001]
[bagging_fraction: 0.7]
[pos_bagging_fraction: 1]
[neg_bagging_fraction: 1]
[bagging_freq: 5]
[bagging_seed: 3]
[bagging_by_query: 0]
[feature_fraction: 0.4]
[feature_fraction_bynode: 1]
[feature_fraction_seed: 2]
[extra_trees: 0]
[extra_seed: 6]
[early_stopping_round: 0]
[early_stopping_min_delta: 0]
[first_metric_only: 0]
[max_delta_step: 0]
[lambda_l1: 0.5]
[lambda_l2: 1]
[linear_lambda: 0]
[min_gain_to_split: 0]
[drop_rate: 0.1]
[max_drop: 50]
[skip_drop: 0.5]
[xgboost_dart_mode: 0]
[uniform_drop: 0]
[drop_seed: 4]
[top_rate: 0.2]
[other_rate: 0.1]
[min_data_per_group: 100]
[max_cat_threshold: 32]
[cat_l2: 10]
[cat_smooth: 10]
[max_cat_to_onehot: 4]
[top_k: 20]
[monotone_constraints: ]
[monotone_constraints_method: basic]
[monotone_penalty: 0]
[feature_contri: ]
[forcedsplits_filename: ]
[refit_decay_rate: 0.9]
[cegb_tradeoff: 1]
[cegb_penalty_split: 0]
[cegb_penalty_feature_lazy: ]
[cegb_penalty_feature_coupled: ]
[path_smooth: 0]
[interaction_constraints: ]
[verbosity: -1]
[saved_feature_importance_type: 0]
[use_quantized_grad: 0]
[num_grad_quant_bins: 4]
[quant_train_renew_leaf: 0]
[stochastic_rounding: 1]
[linear_tree: 0]
[max_bin: 255]
[max_bin_by_feature: ]
[min_data_in_bin: 3]
[bin_construct_sample_cnt: 200000]
[data_random_seed: 1]
[is_enable_sparse: 1]
[enable_bundle: 1]
[use_missing: 1]
[zero_as_missing: 0]
[feature_pre_filter: 1]
[pre_partition: 0]
[two_round: 0]
[header: 0]
[label_column: ]
[weight_column: ]
[group_column: ]
[ignore_column: ]
[categorical_feature: ]
[forcedbins_filename: ]
[precise_float_parser: 0]
[parser_config_file: ]
[objective_seed: 5]
[num_class: 1]
[is_unbalance: 0]
[scale_pos_weight: 1]
[sigmoid: 1]
[boost_from_average: 1]
[reg_sqrt: 0]
[alpha: 0.9]
[fair_c: 1]
[poisson_max_delta_step: 0.7]
[tweedie_variance_power: 1.5]
[lambdarank_truncation_level: 30]
[lambdarank_norm: 1]
[label_gain: ]
[lambdarank_position_bias_regularization: 0]
[eval_at: ]
[multi_error_top_k: 1]
[auc_mu_weights: ]
[num_machines: 1]
[local_listen_port: 12400]
[time_out: 120]
[machine_list_filename: ]
[machines: ]
[gpu_platform_id: -1]
[gpu_device_id: -1]
[gpu_use_dp: 0]
[num_gpu: 1]

end of parameters

pandas_categorical:null
