序号,代码,名称,最新价,涨跌幅,换手率,市盈率,主力成本,机构参与度,综合得分,上升,目前排名,关注指数,交易日,cost_deviation_pct,score_x_focus,is_our_stock
1,000001,平安银行,10.5,-0.1,0.12,3.51,10.599810765132,0.3729264,61.9310935,-1031,1839,85.6,2026-06-24,-0.94,53.0,False
2,000002,万  科Ａ,2.93,-1.35,0.27,-1.47,3.005380300504,0.308166,52.80390071,-1338,4214,76.4,2026-06-24,-2.51,40.3,False
3,000004,国华退,0.25,-10.71,2.69,-1.3,0.282945393991,0.259467191413,57.69125953,-1528,2991,64.4,2026-06-24,-11.64,37.2,False
4,000006,深振业Ａ,7.34,-2.39,0.5,329.09,7.5633153875,0.3575092,58.51832339,-910,2746,72.8,2026-06-24,-2.95,42.6,False
5,000007,全新好,13.21,-3.08,0.71,-527.09,13.326518789967,0.3013128,57.69853289,1170,2989,63.6,2026-06-24,-0.87,36.7,False
6,000008,神州高铁,2.34,-2.9,0.27,-52.27,2.383863231677,0.3309264,49.98354006,-130,4751,67.2,2026-06-24,-1.84,33.6,False
7,000009,中国宝安,6.54,-1.51,0.24,241.49,6.631771071369,0.2795216,52.45686947,-803,4300,74.4,2026-06-24,-1.38,39.0,False
8,000010,*ST美丽,1.81,-5.24,0.51,19.22,1.918958755605,0.323762156863,51.92058219,-647,4413,64.4,2026-06-24,-5.68,33.4,False
9,000011,深物业A,6.81,-2.85,0.25,-37.26,7.088249372942,0.201114,58.08093258,-308,2881,68.8,2026-06-24,-3.93,40.0,False
10,000012,南  玻Ａ,4.81,3.89,2.48,-37.09,4.672080173627,0.300916,63.21811553,-1043,1547,87.2,2026-06-24,2.95,55.1,False
11,000014,沙河股份,9.45,-1.66,0.43,-67.36,9.709847011999,0.1630644,53.80449831,633,4006,67.2,2026-06-24,-2.68,36.2,False
12,000016,*ST康佳A,2.38,-4.42,0.82,-7.79,2.506087128626,0.305257254902,50.61174873,-678,4641,69.6,2026-06-24,-5.03,35.2,False
13,000017,深中华A,5.12,-1.92,0.34,144.25,5.224654407037,0.107834,59.26630035,280,2530,68.0,2026-06-24,-2.0,40.3,False
14,000019,深粮控股,5.77,-2.04,0.42,25.6,5.934150249062,0.2077716,50.57551218,-150,4646,66.0,2026-06-24,-2.77,33.4,False
15,000020,深华发Ａ,11.15,-0.98,0.72,151.7,11.235914688597,0.0935888,63.36534743,-68,1504,64.0,2026-06-24,-0.76,40.6,False
16,000021,深科技,53.9,7.22,6.18,87.6,47.987169146411,0.5248448,78.45640823,739,59,94.8,2026-06-24,12.32,74.4,False
17,000025,特  力Ａ,14.59,-6.05,1.44,47.25,15.940403871647,0.2323968,60.66061062,-1023,2169,80.8,2026-06-24,-8.47,49.0,False
18,000026,飞亚达,21.63,-0.87,0.8,33.72,21.581497464922,0.2745228,64.01870589,-845,1358,71.2,2026-06-24,0.22,45.6,False
19,000027,深圳能源,6.69,-0.89,0.19,6.37,6.758996874521,0.3239208,59.61384765,-1205,2434,80.4,2026-06-24,-1.02,47.9,False
20,000028,国药一致,19.33,-2.86,0.21,10.29,20.095165976357,0.2180412,61.27875045,-1493,1999,69.6,2026-06-24,-3.81,42.7,False
21,000029,深深房Ａ,24.61,-5.89,0.7,-1585.02,26.285354769594,0.4024776,64.00533909,-888,1363,72.4,2026-06-24,-6.37,46.3,False
22,000030,富奥股份,4.16,-0.95,0.1,14.34,4.237076335223,0.222142,59.83094994,-417,2373,64.4,2026-06-24,-1.82,38.5,False
23,000031,大悦城,2.2,-1.79,0.23,-10.66,2.256388444507,0.314164,58.59544995,-181,2726,74.0,2026-06-24,-2.5,43.4,False
24,000032,深桑达Ａ,25.76,1.66,3.84,-94.97,24.851812853655,0.5452904,64.05127341,2168,1351,82.0,2026-06-24,3.65,52.5,False
25,000034,神州数码,27.94,10.0,3.29,30.09,24.983364769453,0.3056376,63.80654458,350,1408,80.4,2026-06-24,11.83,51.3,False
26,000035,中国天楹,4.99,-0.6,0.38,26.91,5.004338280603,0.2934508,58.3994888,-873,2784,67.2,2026-06-24,-0.29,39.2,False
27,000036,华联控股,4.85,-2.22,0.29,65.37,4.938915066709,0.2975932,64.45684058,965,1280,66.4,2026-06-24,-1.8,42.8,False
28,000037,深南电A,9.33,-2.41,1.62,116.91,9.512828228858,0.2028464,50.28655856,-844,4703,80.4,2026-06-24,-1.92,40.4,False
29,000039,中集集团,8.66,-1.25,0.41,55.87,8.776112053023,0.2531892,58.62582185,2013,2717,70.8,2026-06-24,-1.32,41.5,False
30,000042,中洲控股,9.33,-5.28,0.8,-23.42,10.040263229832,0.2430336,59.77718075,-94,2389,76.0,2026-06-24,-7.07,45.4,False
31,000045,深纺织Ａ,10.21,-1.45,0.3,58.22,10.332588163584,0.1886708,57.57967032,-66,3026,65.6,2026-06-24,-1.19,37.8,False
32,000048,京基智农,20.55,1.33,1.44,-11.79,20.659110850347,0.3905712,58.99350496,640,2605,79.2,2026-06-24,-0.53,46.7,False
33,000049,德赛电池,24.73,2.49,1.31,29.76,23.926777520965,0.2706996,64.96704821,1619,1184,72.4,2026-06-24,3.36,47.0,False
34,000050,深天马Ａ,10.45,-2.52,2.04,-45.72,10.335062826155,0.456426,78.434339,1,60,90.4,2026-06-24,1.11,70.9,False
35,000055,方大集团,3.42,-1.72,0.44,32.56,3.469146888542,0.2257388,55.43249684,853,3613,73.2,2026-06-24,-1.42,40.6,False
36,000056,*ST皇庭,1.93,2.66,3.67,-17.66,1.899001075366,0.449898431373,70.13536254,717,513,70.4,2026-06-24,1.63,49.4,False
37,000058,深 赛 格,6.23,-1.27,0.23,77.61,6.379404402197,0.1533932,53.00246444,-243,4183,70.4,2026-06-24,-2.34,37.3,False
38,000059,华锦股份,3.92,-1.75,0.27,35.34,4.003112298758,0.220598,59.69028356,959,2417,69.2,2026-06-24,-2.08,41.3,False
39,000060,中金岭南,8.16,-0.12,2.6,17.99,7.980535914281,0.4319044,74.63993789,1028,175,89.6,2026-06-24,2.25,66.9,False
40,000061,农 产 品,5.54,-1.95,0.23,20.36,5.74001646552,0.2232472,58.7247171,-326,2685,68.8,2026-06-24,-3.48,40.4,False
41,000062,深圳华强,33.2,0.97,2.05,43.21,31.76334686239,0.3563544,71.90097822,207,368,84.8,2026-06-24,4.52,61.0,False
42,000063,中兴通讯,38.43,2.7,1.94,35.07,37.482613832542,0.4193796,63.63510471,-55,1440,89.2,2026-06-24,2.53,56.8,False
43,000065,北方国际,11.91,-3.09,0.8,31.3,12.259584058309,0.3617292,66.89530937,1884,879,70.8,2026-06-24,-2.85,47.4,False
44,000066,中国长城,18.64,-1.89,2.51,-179.77,18.853927387428,0.4189788,70.82597439,2410,450,83.2,2026-06-24,-1.13,58.9,False
45,000068,华控赛格,2.93,-2.01,0.7,-40.59,2.990825596894,0.26672,46.79478849,-17,5047,74.0,2026-06-24,-2.03,34.6,False
46,000069,华侨城Ａ,1.66,-1.19,0.17,-2.44,1.703840500792,0.3466636,48.8888338,-110,4883,70.8,2026-06-24,-2.57,34.6,False
47,000070,特发信息,24.66,-2.65,5.11,-561.47,25.050922607542,0.4872548,63.84538447,-1116,1401,95.2,2026-06-24,-1.56,60.8,False
48,000078,ST海王,1.37,-4.86,1.09,62.18,1.469846558791,0.314941568627,49.86450687,-1598,4766,69.2,2026-06-24,-6.79,34.5,False
49,000088,盐 田 港,4.12,-0.96,0.11,15.73,4.182667164199,0.2230416,58.39846122,190,2785,71.6,2026-06-24,-1.5,41.8,False
50,000089,深圳机场,6.24,0.65,0.17,12.39,6.229141519836,0.2440908,61.73461951,1330,1885,70.8,2026-06-24,0.17,43.7,False
51,000090,天健集团,3.2,-1.23,0.19,-64.12,3.259582888982,0.2415872,58.68818501,-1089,2699,74.4,2026-06-24,-1.83,43.7,False
52,000096,广聚能源,7.15,-1.79,0.3,77.18,7.334932294188,0.1391916,54.18825314,-24,3909,63.2,2026-06-24,-2.52,34.2,False
53,000099,中信海直,15.81,0.64,0.41,32.92,15.586176245063,0.23824,57.26065639,375,3105,80.8,2026-06-24,1.44,46.3,False
54,000100,TCL科技,5.34,10.1,6.4,17.84,4.845935519276,0.5007932,70.65953453,-394,465,91.2,2026-06-24,10.2,64.4,False
55,000151,中成股份,11.73,-1.84,1.85,61.34,12.312693641735,0.2380512,58.16974258,-1665,2858,80.0,2026-06-24,-4.73,46.5,False
56,000153,丰原药业,5.16,-3.19,0.42,16.2,5.341720548482,0.1081544,56.87529978,-1831,3210,66.8,2026-06-24,-3.4,38.0,False
57,000155,川能动力,12.8,-2.44,0.54,22.14,12.931010094351,0.326578,65.37420308,2260,1117,70.4,2026-06-24,-1.01,46.0,False
58,000156,华数传媒,6.52,-2.1,0.13,26.82,6.654243552241,0.2129436,63.12042836,1056,1562,68.4,2026-06-24,-2.02,43.2,False
59,000157,中联重科,7.42,2.06,0.3,18.14,7.282246011148,0.2350772,64.9236707,72,1195,82.0,2026-06-24,1.89,53.2,False
60,000158,常山北明,13.57,-2.23,0.39,-53.39,13.941487800681,0.1986756,54.02806688,-58,3949,72.8,2026-06-24,-2.66,39.3,False
61,000159,国际实业,5.65,-2.42,0.57,93.09,5.73142859314,0.286778,63.03286825,1742,1584,67.2,2026-06-24,-1.42,42.4,False
62,000166,申万宏源,4.48,-0.44,0.18,11.9,4.547008373255,0.4432772,66.05385939,381,1007,81.2,2026-06-24,-1.47,53.6,False
63,000301,东方盛虹,11.54,-4.07,0.11,13.32,12.064186574423,0.22244,67.76907657,-491,771,73.6,2026-06-24,-4.34,49.9,False
64,000333,美的集团,77.17,0.7,0.1,11.59,76.652670552401,0.4002232,76.05635964,-88,124,88.8,2026-06-24,0.67,67.5,False
65,000338,潍柴动力,30.39,2.36,0.61,21.33,29.837512247572,0.360102,68.85448135,-348,641,84.4,2026-06-24,1.85,58.1,False
66,000400,许继电气,22.01,-1.48,0.38,50.47,22.341640784503,0.3025544,60.7000815,87,2157,77.2,2026-06-24,-1.48,46.9,False
67,000401,金隅冀东,3.47,-1.7,0.08,-2.32,3.567140639591,0.2113128,51.96936872,-158,4400,71.6,2026-06-24,-2.72,37.2,False
68,000402,金 融 街,2.59,-1.15,0.27,5.61,2.632750873971,0.3412224,53.8813352,-1419,3988,71.2,2026-06-24,-1.62,38.4,False
69,000403,派林生物,8.97,-3.65,0.65,92.79,9.627023381077,0.293668,53.07234015,-299,4164,65.6,2026-06-24,-6.82,34.8,False
70,000404,长虹华意,7.34,-0.41,0.25,11.07,7.381237757487,0.186848,61.97292897,131,1826,62.8,2026-06-24,-0.56,38.9,False
71,000407,胜利股份,3.77,-1.31,0.49,23.05,3.839285205228,0.2158244,55.54377649,-41,3573,65.2,2026-06-24,-1.8,36.2,False
72,000408,藏格矿业,69.99,-4.39,0.46,17.44,72.724430202829,0.38409,67.78323944,-435,766,77.6,2026-06-24,-3.76,52.6,False
73,000409,云鼎科技,8.44,-1.75,0.29,72.38,8.649494244326,0.14838,58.84167901,-65,2650,76.0,2026-06-24,-2.42,44.7,False
74,000410,沈阳机床,4.76,-1.65,0.25,-93.17,4.879677182986,0.2952848,55.79054572,-1299,3524,70.8,2026-06-24,-2.45,39.5,False
75,000411,英特集团,9.15,-2.56,0.25,16.12,9.476180446126,0.1796144,64.1923496,902,1325,72.8,2026-06-24,-3.44,46.7,False
76,000415,渤海租赁,4.22,0.0,0.33,7.19,4.25315241356,0.292638,54.45610571,-1116,3842,70.8,2026-06-24,-0.78,38.6,False
77,000417,合百集团,8.12,-2.29,4.01,24.63,8.136742841323,0.3807732,74.38751785,1701,188,73.6,2026-06-24,-0.21,54.7,False
78,000419,通程控股,4.58,-1.93,0.25,22.18,4.726867848199,0.1452592,56.93386324,-784,3194,65.2,2026-06-24,-3.11,37.1,False
79,000420,吉林化纤,4.2,-2.78,1.08,94.75,4.280941177459,0.3472028,58.88206855,2227,2638,69.6,2026-06-24,-1.89,41.0,False
80,000421,南京公用,5.19,-1.14,0.25,10.3,5.271962878788,0.0982776,59.70425827,479,2409,68.0,2026-06-24,-1.55,40.6,False
81,000422,湖北宜化,13.87,-2.73,1.47,20.82,14.117388525284,0.3579988,68.37172144,1786,690,78.0,2026-06-24,-1.75,53.3,False
82,000423,东阿阿胶,43.51,-1.85,0.3,15.4,44.783942097969,0.1816356,65.11650075,-733,1160,78.4,2026-06-24,-2.84,51.1,False
83,000425,徐工机械,8.39,0.72,0.51,11.95,8.392445230204,0.3740408,63.58116758,-91,1450,80.8,2026-06-24,-0.03,51.4,False
84,000426,兴业银锡,35.63,-5.79,1.67,11.82,36.827118402954,0.4103756,70.30241472,407,503,90.4,2026-06-24,-3.25,63.6,False
85,000428,华天酒店,3.2,-0.93,0.27,-13.04,3.242733467057,0.2470764,58.06270541,-650,2884,69.6,2026-06-24,-1.32,40.4,False
86,000429,粤高速Ａ,13.5,-1.24,0.06,15.62,13.709412319027,0.1053096,69.40926127,-284,575,72.8,2026-06-24,-1.53,50.5,False
87,000430,张家界,7.65,2.27,1.37,5.06,7.417541497676,0.173364705882,55.79009307,-1600,3525,75.2,2026-06-24,3.13,42.0,False
88,000488,ST晨鸣,1.96,-3.92,0.47,-2.81,2.047334459224,0.3260944,48.55143465,-2,4915,69.6,2026-06-24,-4.27,33.8,False
89,000498,山东路桥,4.87,-0.81,0.12,11.27,4.949343614509,0.215268,61.64111248,755,1912,70.0,2026-06-24,-1.6,43.1,False
90,000501,武商集团,6.77,-1.6,0.2,10.55,6.892949380644,0.220502,56.27978252,-265,3399,68.4,2026-06-24,-1.78,38.5,False
91,000503,国新健康,6.51,-2.25,0.35,-32.77,6.71905667076,0.224408,50.71514572,-75,4625,68.8,2026-06-24,-3.11,34.9,False
92,000504,南华生物,7.66,-2.92,0.52,56.93,8.05025880951,0.241251764706,61.11472829,-225,2046,68.4,2026-06-24,-4.85,41.8,False
93,000505,京粮控股,5.15,-1.34,0.24,115.01,5.256082433764,0.1536704,48.73669169,-61,4897,70.0,2026-06-24,-2.02,34.1,False
94,000506,招金黄金,12.45,-5.11,1.37,15.43,13.032452840618,0.2062744,59.16112578,1223,2556,80.8,2026-06-24,-4.47,47.8,False
95,000507,珠海港,4.92,0.41,0.24,16.59,4.858235001616,0.3206736,61.52091348,988,1936,72.0,2026-06-24,1.27,44.3,False
96,000509,华塑控股,3.89,-0.26,1.34,-416.17,3.934146185961,0.1904292,50.28087114,-2391,4704,79.6,2026-06-24,-1.12,40.0,False
97,000510,新金路,24.43,-0.41,2.89,-77.97,24.054757462664,0.3707072,67.49884396,419,803,86.4,2026-06-24,1.56,58.3,False
98,000513,丽珠集团,28.93,-2.46,0.3,11.13,29.826646045726,0.2751108,67.16232818,1092,843,78.8,2026-06-24,-3.01,52.9,False
99,000514,渝 开 发,3.76,-1.57,0.18,24.57,3.875643083036,0.0924604,53.36556081,-637,4107,70.0,2026-06-24,-2.98,37.4,False
100,000516,国际医学,3.94,-4.37,0.56,-45.62,4.130844818464,0.3006168,61.88273415,1863,1850,71.2,2026-06-24,-4.62,44.1,False
101,000517,荣安地产,1.73,-1.7,0.32,-48.4,1.763395457491,0.2726972,54.0073803,-1138,3956,70.4,2026-06-24,-1.89,38.0,False
102,000518,四环生物,3.22,-3.59,1.37,-73.26,3.306653450711,0.290145490196,65.98639425,-461,1019,74.4,2026-06-24,-2.62,49.1,False
103,000519,中兵红箭,20.9,-3.11,1.86,133.19,21.266262635398,0.3523292,73.32681508,-104,254,95.6,2026-06-24,-1.72,70.1,False
104,000520,凤凰航运,3.83,-3.04,1.58,293.48,4.041172504457,0.1904916,56.95946091,966,3186,78.0,2026-06-24,-5.23,44.4,False
105,000521,长虹美菱,5.13,-1.35,0.15,18.8,5.249051193535,0.2415456,63.39573914,716,1497,73.6,2026-06-24,-2.27,46.7,False
106,000523,红棉股份,2.66,-2.21,0.32,25.71,2.7347246121,0.2348348,58.90481766,955,2627,65.6,2026-06-24,-2.73,38.6,False
107,000524,岭南控股,,,0.0,45.63,8.957438067233,0.0883916,62.24727921,645,1752,72.0,2026-06-24,,44.8,False
108,000525,红太阳,4.08,-1.92,0.45,415.25,4.168131382201,0.2518916,43.52395758,20,5162,66.0,2026-06-24,-2.11,28.7,False
109,000526,学大教育,25.53,-2.03,0.58,8.58,26.312170802603,0.2451068,66.6783561,-164,915,69.6,2026-06-24,-2.97,46.4,False
110,000528,柳    工,7.77,0.39,0.54,6.53,7.801438672307,0.3027128,57.99225033,-129,2905,75.2,2026-06-24,-0.4,43.6,False
111,000529,广弘控股,4.43,-1.77,0.17,-294.31,4.541587766134,0.1535932,53.51825526,403,4084,65.6,2026-06-24,-2.46,35.1,False
112,000530,冰山冷热,5.49,0.73,2.63,54.62,5.332004871388,0.2630764,59.37737459,1074,2506,82.0,2026-06-24,2.96,48.7,False
113,000531,穗恒运Ａ,6.45,-2.71,0.41,8.68,6.601714226374,0.261354,56.43168853,-326,3354,69.6,2026-06-24,-2.3,39.3,False
114,000532,华金资本,11.12,-2.03,0.46,-177.79,11.418248399388,0.1881544,57.86646771,1167,2932,70.4,2026-06-24,-2.61,40.7,False
115,000533,顺钠股份,10.08,-1.75,0.65,102.92,10.161375751443,0.1769804,49.35373798,-74,4834,69.2,2026-06-24,-0.8,34.2,False
116,000534,万泽股份,29.01,-1.06,0.65,47.7,29.231848560812,0.2313692,61.90345584,263,1847,74.4,2026-06-24,-0.76,46.1,False
117,000536,华映科技,3.35,-0.3,0.49,-10.43,3.38744791855,0.215152,46.71180828,-90,5055,76.8,2026-06-24,-1.11,35.9,False
118,000537,绿发电力,7.74,-0.9,0.31,44.71,7.836482278609,0.2792432,54.9439433,-28,3745,68.0,2026-06-24,-1.23,37.4,False
119,000538,云南白药,46.82,-1.7,0.18,10.25,48.189821966615,0.3088512,64.96671074,-202,1186,84.8,2026-06-24,-2.84,55.1,False
120,000539,粤电力Ａ,6.76,-2.17,1.08,-58.51,6.853438864839,0.3174268,57.11908169,-527,3146,84.4,2026-06-24,-1.36,48.2,False
121,000541,佛山照明,4.94,-0.6,0.18,72.55,4.973949208387,0.2399668,63.36029626,-273,1506,76.4,2026-06-24,-0.68,48.4,False
122,000543,皖能电力,7.73,-2.77,0.55,9.86,7.925870048957,0.3507784,62.30350855,-887,1742,79.2,2026-06-24,-2.47,49.3,False
123,000544,中原环保,7.26,-2.02,0.07,5.09,7.402042705105,0.1785256,62.66815869,1122,1658,66.4,2026-06-24,-1.92,41.6,False
124,000545,金浦钛业,2.56,-3.76,2.59,-22.23,2.61631161197,0.2906168,57.90261727,-1011,2921,86.8,2026-06-24,-2.15,50.3,False
125,000546,金圆股份,5.21,-3.7,1.44,-17.43,5.298356889793,0.2410784,61.45738565,2164,1948,68.8,2026-06-24,-1.67,42.3,False
126,000547,航天发展,19.02,-0.37,1.39,-69.0,18.800789161026,0.2802876,51.19975881,626,4542,70.4,2026-06-24,1.17,36.0,False
127,000548,湖南投资,4.26,-1.39,0.22,34.42,4.378419580373,0.1260796,56.69099428,81,3273,65.2,2026-06-24,-2.7,37.0,False
128,000550,江铃汽车,16.65,-1.48,0.17,10.55,17.043860642723,0.0925412,66.89153205,-147,881,73.2,2026-06-24,-2.31,49.0,False
129,000551,创元科技,17.07,1.55,4.89,16.66,16.458539386239,0.3459516,77.77578225,-48,73,85.6,2026-06-24,3.72,66.6,False
130,000552,甘肃能化,2.34,-2.5,0.39,48.0,2.42334763218,0.298180333333,53.16144469,-1388,4148,70.4,2026-06-24,-3.44,37.4,False
131,000553,安道麦A,5.69,-3.89,0.13,5.82,5.920877410393,0.1266808,54.21509526,311,3905,65.6,2026-06-24,-3.9,35.6,False
132,000554,泰山石油,5.77,-3.03,0.88,10.24,5.995947649576,0.1455444,56.40467769,166,3362,66.4,2026-06-24,-3.77,37.5,False
133,000555,神州信息,11.34,-1.65,0.96,-29.91,11.589343876336,0.2672528,64.01430668,800,1360,72.0,2026-06-24,-2.15,46.1,False
134,000557,西部创业,3.6,-1.1,0.14,25.23,3.664099099666,0.217672,52.3205475,-1603,4326,66.8,2026-06-24,-1.75,35.0,False
135,000558,天府文旅,3.2,-1.84,0.63,250.71,3.316025276792,0.2165028,44.08369281,-43,5148,76.8,2026-06-24,-3.5,33.9,False
136,000559,万向钱潮,13.66,0.59,0.45,45.87,13.580612586185,0.2429016,57.70453123,195,2988,70.8,2026-06-24,0.58,40.9,False
137,000560,我爱我家,2.07,-1.43,0.67,223.63,2.122703090996,0.3503316,49.16430011,-181,4858,70.0,2026-06-24,-2.48,34.4,False
138,000561,烽火电子,7.41,-1.07,0.29,-30.08,7.484623233842,0.1719784,48.30087163,-621,4935,70.8,2026-06-24,-1.0,34.2,False
139,000563,陕国投Ａ,2.87,-0.69,0.27,12.65,2.921856346128,0.3361484,58.22424062,-1260,2847,72.8,2026-06-24,-1.77,42.4,False
140,000564,供销大集,1.4,1.45,0.49,-46.31,1.392215388349,0.46867,50.33490044,-405,4694,76.8,2026-06-24,0.56,38.7,False
141,000565,渝三峡Ａ,5.92,-1.82,0.57,25.83,6.082682217238,0.1243272,57.73783923,-57,2968,69.2,2026-06-24,-2.67,40.0,False
142,000566,海南海药,4.47,-0.45,7.08,-18.96,4.43588732448,0.4070068,63.62839868,1036,1444,87.2,2026-06-24,0.77,55.5,False
143,000567,海德股份,5.87,-1.51,0.42,6.83,5.982860972424,0.2615552,66.88540246,-550,885,74.4,2026-06-24,-1.89,49.8,False
144,000568,泸州老窖,76.7,-0.22,0.21,7.61,77.608417694728,0.3108228,60.86492012,155,2111,81.2,2026-06-24,-1.17,49.4,False
145,000570,苏常柴Ａ,4.85,-1.82,0.44,11.5,4.973310651572,0.1233812,57.43143893,46,3060,61.6,2026-06-24,-2.48,35.4,False
146,000571,新大洲A,6.21,-0.8,2.12,-39.44,6.247806418848,0.4061704,54.13064602,-729,3929,82.8,2026-06-24,-0.61,44.8,False
147,000572,海马汽车,3.85,-1.79,0.53,-49.78,3.941380379696,0.1796244,51.71449338,170,4455,69.6,2026-06-24,-2.32,36.0,False
148,000573,粤宏远Ａ,3.76,-1.83,0.61,14.37,3.821940953198,0.2385616,55.69384846,-72,3547,66.0,2026-06-24,-1.62,36.8,False
149,000576,甘化科工,6.79,-2.02,0.3,383.13,6.927089272125,0.0998964,55.36362318,-143,3629,68.4,2026-06-24,-1.98,37.9,False
150,000581,威孚高科,17.48,-0.4,0.18,11.29,17.495883718706,0.30416,62.68882308,43,1652,72.4,2026-06-24,-0.09,45.4,False
151,000582,北部湾港,11.01,-2.82,0.74,30.21,11.435306056444,0.3216068,56.88113392,-1870,3209,80.0,2026-06-24,-3.72,45.5,False
152,000586,汇源通信,14.58,-1.88,1.06,-127.17,14.885607009374,0.153648,49.08117969,-21,4868,64.8,2026-06-24,-2.05,31.8,False
153,000589,贵州轮胎,4.18,-0.71,0.32,9.01,4.225855707513,0.2561108,60.67000604,-304,2165,69.2,2026-06-24,-1.09,42.0,False
154,000590,古汉医药,8.72,-2.24,0.38,-76.62,9.040715147338,0.1503104,52.58784228,673,4275,64.8,2026-06-24,-3.55,34.1,False
155,000591,太阳能,4.49,-0.88,0.42,23.9,4.544329444462,0.3034592,51.19412358,-204,4544,76.4,2026-06-24,-1.2,39.1,False
156,000592,平潭发展,7.0,0.72,2.03,-1869.71,6.940154247703,0.2137776,50.84425126,-120,4602,70.4,2026-06-24,0.86,35.8,True
157,000593,德龙汇能,22.9,-4.82,1.82,140.03,24.681396835386,0.3081936,60.29982955,-976,2254,72.8,2026-06-24,-7.22,43.9,False
158,000595,*ST宝实,5.63,-4.09,0.6,813.3,5.871413152317,0.4126512,51.19915093,-68,4543,71.2,2026-06-24,-4.11,36.5,False
159,000596,古井贡酒,77.51,-0.88,0.17,6.37,79.111362735355,0.223208,57.73485387,157,2970,76.4,2026-06-24,-2.02,44.1,False
160,000597,东北制药,4.27,-3.61,0.34,57.2,4.499741890285,0.206136,63.054677,495,1576,72.4,2026-06-24,-5.11,45.7,False
161,000598,兴蓉环境,6.54,-1.8,0.21,9.25,6.688108308385,0.3171904,69.97369731,-260,530,71.6,2026-06-24,-2.21,50.1,False
162,000599,青岛双星,4.41,-1.34,0.38,63.7,4.498731408173,0.1842232,49.4024895,-113,4829,68.4,2026-06-24,-1.97,33.8,False
163,000600,建投能源,9.21,-1.5,0.91,6.93,9.426715161902,0.2788952,60.7673431,-1528,2135,80.4,2026-06-24,-2.3,48.9,False
164,000601,韶能股份,6.2,-0.96,1.27,156.26,6.262893740081,0.2472624,48.10119503,-1,4953,80.8,2026-06-24,-1.0,38.9,False
165,000603,盛达资源,23.21,-4.64,1.44,50.42,24.065369342992,0.2284812,53.98445354,155,3961,72.0,2026-06-24,-3.55,38.9,False
166,000605,渤海股份,5.62,-2.26,0.39,26.64,5.790782465174,0.112154,56.7865749,433,3237,67.6,2026-06-24,-2.95,38.4,False
167,000607,华媒控股,3.16,-1.25,0.26,-29.5,3.220239767505,0.11586,54.17417454,-1141,3914,66.4,2026-06-24,-1.87,36.0,False
168,000608,阳光股份,6.95,-5.95,4.28,-55.51,7.555477459907,0.368181568627,58.77910192,-35,2668,81.6,2026-06-24,-8.01,48.0,False
169,000609,*ST中迪,11.17,0.27,0.95,-19.31,11.033607109961,0.393064117647,50.53784343,-2,4657,66.8,2026-06-24,1.24,33.8,False
170,000610,*ST西旅,5.62,-5.07,1.42,-12.49,5.983536585366,0.271089019608,45.34264938,-281,5106,68.8,2026-06-24,-6.08,31.2,False
171,000612,焦作万方,11.43,-4.75,1.6,6.67,11.812656703489,0.3598624,72.83337417,1537,289,84.0,2026-06-24,-3.24,61.2,False
172,000615,*ST美谷,3.09,-4.04,0.38,-6.39,3.238527989972,0.328696,61.59200431,-273,1925,70.0,2026-06-24,-4.59,43.1,False
173,000617,中油资本,6.9,-1.57,0.2,13.86,7.072612404889,0.3294016,60.70309601,14,2155,71.2,2026-06-24,-2.44,43.2,False
174,000619,海螺新材,4.59,-1.71,0.5,-19.43,4.73806380595,0.1457516,57.64027763,-151,3005,67.6,2026-06-24,-3.12,39.0,False
175,000620,盈新发展,3.25,9.06,6.77,-39.97,2.899698728267,0.4112392,64.01978744,2043,1356,78.4,2026-06-24,12.08,50.2,False
176,000623,吉林敖东,17.91,-0.94,0.31,6.18,18.282808777664,0.3122952,63.68117661,-323,1432,78.0,2026-06-24,-2.04,49.7,False
177,000625,长安汽车,6.95,-1.0,0.28,49.14,7.112616174534,0.2234,62.51515708,-399,1698,75.2,2026-06-24,-2.29,47.0,False
178,000626,远大控股,6.7,-1.33,0.39,14.54,6.825945839826,0.1621524,48.41377645,-34,4924,66.0,2026-06-24,-1.85,32.0,False
179,000628,高新发展,50.72,-1.86,1.02,2495.58,51.189949303473,0.3522852,61.97188007,-811,1828,75.6,2026-06-24,-0.92,46.9,False
180,000629,钒钛股份,3.22,-1.53,0.45,104.07,3.226619040687,0.3776344,67.73682972,915,776,81.6,2026-06-24,-0.21,55.3,False
181,000630,铜陵有色,6.8,-2.02,1.31,17.03,6.804478281852,0.4324132,72.93290779,333,284,90.4,2026-06-24,-0.07,65.9,False
182,000631,顺发恒能,3.0,0.33,0.25,243.79,2.990105991451,0.3136464,58.74742527,1281,2678,71.2,2026-06-24,0.33,41.8,False
183,000632,ST三木,3.0,-5.06,1.55,-6.03,3.21055938467,0.270214705882,43.45125099,-511,5164,66.8,2026-06-24,-6.56,29.0,False
184,000633,合金投资,4.9,-1.8,0.69,309.95,5.036178941206,0.170126,55.17369107,1069,3679,66.4,2026-06-24,-2.7,36.6,False
185,000635,英 力 特,6.28,-1.41,0.5,-4.79,6.414708206378,0.131504,54.97539857,846,3733,67.2,2026-06-24,-2.1,36.9,False
186,000636,风华高科,77.41,6.95,4.3,252.84,71.571587884093,0.4582708,68.0843434,1964,730,92.4,2026-06-24,8.16,62.9,False
187,000637,茂化实华,3.61,-2.17,0.76,-16.61,3.735079357589,0.174546,58.39362906,747,2787,64.8,2026-06-24,-3.35,37.8,False
188,000639,ST西王,1.2,-4.0,1.65,-34.85,1.280499782865,0.378785882353,41.35327237,-505,5194,66.4,2026-06-24,-6.29,27.5,False
189,000650,仁和药业,5.07,-2.12,0.32,12.64,5.230644045714,0.192856,58.31157107,-1083,2820,73.6,2026-06-24,-3.07,42.9,False
190,000651,格力电器,37.21,0.27,0.18,8.57,37.010822419188,0.4084668,71.86246038,124,370,89.2,2026-06-24,0.54,64.1,False
191,000652,泰达股份,3.36,-1.75,0.19,118.01,3.443423426005,0.2590076,52.30850226,-87,4330,68.4,2026-06-24,-2.42,35.8,False
192,000655,金岭矿业,6.61,-1.34,0.31,28.01,6.847576732727,0.1606816,61.17372646,159,2027,69.2,2026-06-24,-3.47,42.3,False
193,000656,*ST金科,1.18,-4.07,0.78,-73.95,1.249610511252,0.485176,50.2951018,-441,4701,74.0,2026-06-24,-5.57,37.2,False
194,000657,中钨高新,103.35,3.27,2.31,63.92,98.811003839337,0.47118,68.8817738,-209,638,95.2,2026-06-24,4.59,65.6,False
195,000659,珠海中富,3.22,-0.62,0.64,-191.92,3.261744615971,0.3245744,41.13559151,-2,5196,60.0,2026-06-24,-1.28,24.7,False
196,000661,长春高新,63.49,-3.01,0.75,23.48,66.118352213961,0.3279472,58.72715766,72,2684,78.0,2026-06-24,-3.98,45.8,False
197,000663,永安林业,5.26,-1.5,0.72,-35.6,5.397403821964,0.1298672,61.13312318,-387,2038,64.8,2026-06-24,-2.55,39.6,False
198,000665,湖北广电,3.77,-2.08,0.33,-9.33,3.864288981553,0.2232876,49.66814352,-353,4788,71.6,2026-06-24,-2.44,35.6,False
199,000668,荣丰控股,21.21,-2.03,0.7,-61.4,21.985412093267,0.341485490196,67.29837074,-194,826,73.2,2026-06-24,-3.53,49.3,False
200,000669,ST金鸿,3.93,0.26,0.38,989.37,3.878051486287,0.2954888,51.55259255,-3,4484,62.0,2026-06-24,1.34,32.0,False
201,000670,盈方微,7.92,1.93,2.48,-143.11,7.703723085072,0.2485972,50.53430032,-854,4659,84.0,2026-06-24,2.81,42.4,False
202,000672,上峰材料,22.32,3.57,1.55,169.53,20.496799282868,0.3920716,74.13513161,-16,202,84.4,2026-06-24,8.9,62.6,False
203,000676,智度股份,5.29,-1.49,0.5,36.12,5.411710609397,0.1692424,61.7003648,-300,1896,72.8,2026-06-24,-2.25,44.9,False
204,000677,ST海龙,1.68,5.0,1.64,72.23,1.619534017777,0.28674745098,44.49629689,38,5136,64.0,2026-06-24,3.73,28.5,False
205,000678,襄阳轴承,8.72,-2.57,0.57,-52.74,8.968177239499,0.159296,43.59685837,4,5161,70.8,2026-06-24,-2.77,30.9,False
206,000679,大连友谊,6.7,-2.62,1.85,-47.54,7.022009464562,0.1607544,53.61346273,-560,4053,79.6,2026-06-24,-4.59,42.7,False
207,000680,山推股份,9.9,0.2,0.37,11.07,9.840705521489,0.2828088,65.83434974,896,1050,73.2,2026-06-24,0.6,48.2,False
208,000681,视觉中国,21.21,-2.57,1.28,15.55,21.72371036277,0.265784,60.41294199,230,2230,85.6,2026-06-24,-2.36,51.7,False
209,000682,东方电子,13.4,-2.55,0.59,19.05,13.699911404006,0.331268,73.8938068,166,212,88.0,2026-06-24,-2.19,65.0,False
210,000683,博源化工,6.12,-2.39,0.4,13.54,6.310978212938,0.3057956,56.82034026,451,3227,72.0,2026-06-24,-3.03,40.9,False
211,000685,中山公用,11.32,0.89,0.45,7.12,11.248065704909,0.25804,61.26343048,-175,2005,70.0,2026-06-24,0.64,42.9,False
212,000686,东北证券,8.48,-0.93,0.59,12.09,8.600086968347,0.3503072,60.99205387,-891,2072,80.0,2026-06-24,-1.4,48.8,False
213,000688,国城矿业,34.2,-4.95,0.88,28.69,34.163552360718,0.3669132,67.25185128,1745,832,76.4,2026-06-24,0.11,51.4,False
214,000690,宝新能源,4.82,-1.63,0.62,8.46,4.888650913927,0.3334076,60.05286573,-421,2320,75.6,2026-06-24,-1.4,45.4,False
215,000691,亚太实业,13.16,-2.45,2.63,443.53,12.961729272027,0.380071372549,68.35072567,-145,692,82.0,2026-06-24,1.53,56.0,False
216,000692,惠天热电,4.14,-1.19,0.4,11.18,4.20504343626,0.2326188,57.99878948,714,2904,70.4,2026-06-24,-1.55,40.8,False
217,000695,滨海能源,13.03,-2.83,1.26,-67.34,13.466879193385,0.2442204,52.79909876,-551,4215,71.6,2026-06-24,-3.24,37.8,False
218,000697,炼石航空,10.71,-0.09,0.48,3065.8,10.643831559463,0.304287843137,58.31431673,133,2818,72.4,2026-06-24,0.62,42.2,False
219,000698,ST沈化,3.0,-1.64,0.17,74.64,3.088344130826,0.1963668,55.71071337,260,3543,67.6,2026-06-24,-2.86,37.7,False
220,000700,模塑科技,14.69,1.17,2.46,20.74,14.649944325147,0.3098212,62.81718623,-916,1624,82.8,2026-06-24,0.27,52.0,False
221,000701,厦门信达,4.67,-1.27,0.42,72.56,4.799831723855,0.2548072,54.27820542,-1117,3894,69.6,2026-06-24,-2.7,37.8,False
222,000702,正虹科技,5.03,-1.76,0.68,-34.67,5.226665758049,0.103548,54.5031286,595,3836,66.8,2026-06-24,-3.76,36.4,False
223,000703,恒逸石化,14.19,-4.06,0.93,6.8,14.579238689025,0.4244604,73.38049159,107,248,74.0,2026-06-24,-2.67,54.3,False
224,000705,浙江震元,6.06,-2.57,0.45,-23.21,6.30111600939,0.0991476,49.97329776,-465,4752,66.8,2026-06-24,-3.83,33.4,False
225,000707,双环科技,4.49,-2.39,0.37,-28.65,4.588976538318,0.2105308,51.94683394,614,4404,66.0,2026-06-24,-2.16,34.3,False
226,000708,中信特钢,13.08,-1.51,0.06,10.92,13.238916941852,0.2228956,72.04264493,-37,353,74.8,2026-06-24,-1.2,53.9,False
227,000709,河钢股份,2.0,-1.48,0.23,16.0,2.029700613407,0.4081612,56.35167716,176,3377,74.0,2026-06-24,-1.46,41.7,False
228,000710,贝瑞基因,7.65,-2.42,0.64,-34.25,7.934310083482,0.1330072,49.15754363,-141,4860,72.0,2026-06-24,-3.58,35.4,False
229,000711,ST京蓝,4.83,-4.17,1.03,383.39,4.975373853365,0.3974412,51.53486246,-34,4486,71.6,2026-06-24,-2.92,36.9,False
230,000712,锦龙股份,9.05,-0.98,0.97,-129.17,9.314881044935,0.2265372,55.23106747,-758,3666,77.2,2026-06-24,-2.84,42.6,False
231,000713,国投丰乐,5.33,-1.66,0.18,-63.49,5.459881357409,0.2008384,56.38641303,-472,3367,73.2,2026-06-24,-2.38,41.3,False
232,000715,中兴商业,4.87,-1.02,0.62,31.88,4.824200181249,0.177246,65.50737872,1625,1097,63.2,2026-06-24,0.95,41.4,False
233,000716,黑芝麻,4.23,-0.94,0.41,24.2,4.310202585394,0.2432628,46.69914221,-122,5056,76.0,2026-06-24,-1.86,35.5,False
234,000717,中南股份,1.99,-1.97,0.15,-20.91,2.028428632961,0.24536,51.52937315,0,4489,70.0,2026-06-24,-1.89,36.1,False
235,000718,苏宁环球,1.77,-1.67,0.27,269.99,1.815234458647,0.3208496,59.34893629,-122,2512,75.2,2026-06-24,-2.49,44.6,False
236,000719,中原传媒,11.41,-1.21,0.13,26.26,11.592546347017,0.0901864,58.36238821,-87,2799,66.0,2026-06-24,-1.57,38.5,False
237,000720,新能泰山,3.83,-2.79,0.57,-54.03,3.917432428321,0.2281024,44.30238651,-403,5138,72.0,2026-06-24,-2.23,31.9,False
238,000721,西安饮食,5.84,-2.99,0.87,-28.64,6.064565648944,0.1749892,57.01107099,-1302,3177,79.6,2026-06-24,-3.7,45.4,False
239,000722,湖南发展,12.21,-3.17,1.43,133.28,12.797914262026,0.220552,49.98539865,-1061,4750,80.0,2026-06-24,-4.59,40.0,False
240,000723,美锦能源,3.42,-0.87,0.35,-11.19,3.492389285028,0.2579744,53.54496255,-176,4075,73.2,2026-06-24,-2.07,39.2,False
241,000725,京东方Ａ,7.63,7.92,4.8,41.39,6.967491595722,0.5522976,76.27970643,370,116,95.2,2026-06-24,9.51,72.6,False
242,000726,鲁  泰Ａ,5.64,-1.05,0.22,12.3,5.708633147236,0.2124668,62.97836108,-54,1598,66.8,2026-06-24,-1.2,42.1,False
243,000727,冠捷科技,2.77,2.97,1.63,-11.09,2.690936166946,0.2884816,53.28330209,-1409,4127,80.0,2026-06-24,2.94,42.6,False
244,000728,国元证券,7.5,0.0,0.73,15.1,7.588034412811,0.4353496,62.00499238,1235,1813,78.8,2026-06-24,-1.16,48.9,False
245,000729,燕京啤酒,10.04,-2.24,0.31,26.72,10.336038625594,0.3438116,70.35115651,493,494,77.2,2026-06-24,-2.86,54.3,False
246,000731,四川美丰,5.25,-2.78,0.42,-22.52,5.442088014143,0.2294144,50.5672742,1,4647,66.8,2026-06-24,-3.53,33.8,False
247,000733,振华科技,60.96,7.14,2.95,530.92,57.350144830356,0.3739048,70.54331164,617,476,90.4,2026-06-24,6.29,63.8,False
248,000735,罗 牛 山,4.85,-0.82,0.31,-8.41,4.915538320036,0.1991624,51.73245967,-1135,4452,70.8,2026-06-24,-1.33,36.6,False
249,000736,中交发展,3.8,-1.81,0.46,206.63,3.912329837966,0.203331568627,49.76873433,-1050,4774,76.4,2026-06-24,-2.87,38.0,False
250,000737,北方铜业,13.71,-3.92,0.98,10.62,14.024950220814,0.2792856,65.14061693,-65,1155,88.0,2026-06-24,-2.25,57.3,False
251,000738,航发控制,18.2,-0.49,0.32,47.27,18.2476804465,0.2992068,57.03926744,342,3169,71.6,2026-06-24,-0.26,40.8,False
252,000739,普洛药业,15.91,-5.41,0.4,18.5,16.939380852742,0.208284,68.93362404,149,632,76.8,2026-06-24,-6.08,52.9,False
253,000750,国海证券,3.73,-0.27,0.4,23.19,3.778001365387,0.3132488,53.83182013,-2194,3999,79.6,2026-06-24,-1.27,42.9,False
254,000751,锌业股份,6.13,-0.49,6.51,33.59,5.847044132957,0.3771752,71.81720305,-123,372,92.4,2026-06-24,4.84,66.4,False
255,000752,*ST西发,8.41,-3.11,0.61,73.36,8.706394000305,0.191331764706,57.6571186,-856,2997,65.6,2026-06-24,-3.4,37.8,False
256,000753,漳州发展,4.7,-0.21,0.52,59.32,4.710750940543,0.1864848,51.02984213,-60,4581,67.6,2026-06-24,-0.23,34.5,False
257,000755,山西高速,4.32,-2.04,0.09,14.09,4.445222763124,0.201494,61.53657466,180,1933,70.8,2026-06-24,-2.82,43.6,False
258,000756,新华制药,13.02,-8.25,4.23,27.03,14.442545088261,0.2896376,63.52367064,-1248,1462,91.6,2026-06-24,-9.85,58.2,False
259,000757,浩物股份,3.51,-1.68,0.54,56.48,3.627647118852,0.2541444,61.61045754,1044,1922,64.8,2026-06-24,-3.24,39.9,False
260,000758,中色股份,6.9,-2.4,1.39,13.22,7.045931405358,0.2997648,62.20382722,1000,1768,86.4,2026-06-24,-2.07,53.7,False
261,000759,中百集团,6.16,-0.32,3.86,-10.47,6.2824391261,0.241128,56.07148094,-499,3447,88.0,2026-06-24,-1.95,49.3,False
262,000761,本钢板材,2.2,-2.22,0.11,-2.11,2.243138817339,0.2250496,55.98886119,905,3471,67.2,2026-06-24,-1.92,37.6,False
263,000762,西藏矿业,28.96,-2.82,1.47,198.61,29.166055551355,0.3153052,65.11153015,2955,1163,71.2,2026-06-24,-0.71,46.4,False
264,000766,通化金马,23.98,-0.87,0.53,634.67,24.263161117684,0.4317136,59.60903403,556,2436,71.6,2026-06-24,-1.17,42.7,False
265,000767,晋控电力,4.08,-1.69,1.21,49.91,4.113588308559,0.3026548,51.02750061,76,4582,84.0,2026-06-24,-0.82,42.9,False
266,000768,中航西飞,20.11,0.1,0.21,56.78,20.177771875189,0.3432856,59.12107954,104,2569,82.8,2026-06-24,-0.34,49.0,False
267,000776,广发证券,22.49,-0.75,0.67,9.35,22.815717036474,0.481804,72.23286621,-291,339,93.6,2026-06-24,-1.43,67.6,False
268,000777,中核科技,17.04,-2.85,1.49,-152.53,17.372861511332,0.2427288,53.35403203,-67,4111,84.4,2026-06-24,-1.92,45.0,False
269,000778,新兴铸管,3.92,-1.26,0.25,19.69,3.98651836121,0.3346424,60.41540846,-55,2228,78.0,2026-06-24,-1.67,47.1,False
270,000779,甘咨询,7.69,-1.16,0.32,15.34,7.730969174642,0.194882,62.12883429,154,1780,68.8,2026-06-24,-0.53,42.7,False
271,000782,恒申新材,7.92,-0.88,1.61,-253.13,7.876690569012,0.3812476,62.35798847,1188,1731,66.0,2026-06-24,0.55,41.2,False
272,000783,长江证券,9.42,2.06,2.48,8.76,9.336686285917,0.4722128,71.35976769,-409,410,92.4,2026-06-24,0.89,65.9,False
273,000785,居然智家,2.08,-0.48,0.17,52.14,2.116140466772,0.3164692,50.24195762,-149,4712,73.6,2026-06-24,-1.71,37.0,False
274,000786,北新建材,18.29,-0.71,0.24,9.68,18.366825136415,0.1835464,65.95277952,70,1025,75.2,2026-06-24,-0.42,49.6,False
275,000788,北大医药,5.01,-3.47,0.88,27.65,5.267646312621,0.2229632,56.15845885,-1873,3427,67.6,2026-06-24,-4.89,38.0,False
276,000789,万年青,3.91,-1.51,0.1,-38.61,4.010456358261,0.1205852,47.50279259,-66,4995,68.4,2026-06-24,-2.5,32.5,False
277,000790,华神科技,3.52,-1.68,0.76,227.07,3.621896614615,0.2213796,50.73914336,-19,4623,70.4,2026-06-24,-2.81,35.7,False
278,000791,甘肃能源,7.78,-1.77,0.62,12.95,8.017561050646,0.295878,61.98175311,-890,1821,79.6,2026-06-24,-2.96,49.3,False
279,000792,盐湖股份,30.37,-3.1,0.54,13.27,30.540350637995,0.4293456,73.32459289,711,255,79.6,2026-06-24,-0.56,58.4,False
280,000793,*ST华闻,2.55,-1.92,0.34,-100.18,2.612699068733,0.356043529412,48.16892649,23,4949,72.4,2026-06-24,-2.4,34.9,False
281,000795,英洛华,9.02,-3.74,1.08,36.3,9.404063290798,0.2237884,65.35944542,-198,1120,88.0,2026-06-24,-4.08,57.5,False
282,000796,凯撒旅业,3.98,0.51,0.68,569.39,3.99174990571,0.2350764,42.75193413,-8,5179,69.6,2026-06-24,-0.29,29.8,False
283,000797,中国武夷,2.25,-1.32,0.31,-9.17,2.300791354984,0.2856448,56.32912853,796,3384,68.8,2026-06-24,-2.21,38.8,False
284,000798,中水渔业,7.14,-1.92,0.34,-24.97,7.32903093671,0.1413488,57.83784323,-680,2939,68.4,2026-06-24,-2.58,39.6,False
285,000799,酒鬼酒,40.25,0.68,1.4,98.54,40.341450197567,0.2900548,53.06650747,113,4165,85.6,2026-06-24,-0.23,45.4,False
286,000800,一汽解放,6.01,-0.66,0.05,74.46,6.093278427609,0.2549528,61.32679126,-897,1989,75.6,2026-06-24,-1.37,46.4,False
287,000801,四川九洲,10.91,-0.46,0.29,187.05,10.881257314794,0.2549128,55.2380397,282,3662,72.0,2026-06-24,0.26,39.8,False
288,000802,北京文化,3.67,-1.08,0.94,-31.87,3.783602383382,0.2274944,50.68260677,-127,4629,67.2,2026-06-24,-3.0,34.1,False
289,000803,山高环能,6.99,0.0,0.58,18.63,6.978651489543,0.2085936,55.51360027,72,3584,66.8,2026-06-24,0.16,37.1,False
290,000807,云铝股份,23.69,-3.86,0.86,5.71,24.526877967107,0.3841108,70.89602371,751,445,82.0,2026-06-24,-3.41,58.1,False
291,000809,和展能源,3.35,-3.46,0.96,206.89,3.47950770607,0.2137108,53.63340627,-679,4050,63.2,2026-06-24,-3.72,33.9,False
292,000810,创维数字,12.07,-0.25,0.5,41.87,12.147035373316,0.1975988,62.54661227,-61,1688,78.0,2026-06-24,-0.63,48.8,False
293,000811,冰轮环境,53.43,9.83,3.87,113.1,46.939223321638,0.469886,82.68170447,-8,10,93.2,2026-06-24,13.83,77.1,False
294,000812,陕西金叶,3.19,-2.15,0.33,63.29,3.285511791225,0.1979168,45.60917085,-588,5100,71.2,2026-06-24,-2.91,32.5,False
295,000813,德展健康,2.96,-2.95,0.78,-45.08,3.104633560714,0.2741376,54.87463033,-1075,3757,84.8,2026-06-24,-4.66,46.5,False
296,000815,美利云,16.45,-3.18,1.81,128.81,16.339020975311,0.282468,63.97988803,2176,1370,72.0,2026-06-24,0.68,46.1,False
297,000816,智慧农业,2.37,-1.25,0.45,-67.88,2.399295345285,0.2653756,52.61787748,-510,4264,72.4,2026-06-24,-1.22,38.1,False
298,000818,航锦科技,14.81,10.03,2.86,151.2,12.774322351067,0.3378712,62.22072536,3160,1763,75.6,2026-06-24,15.94,47.0,False
299,000819,岳阳兴长,12.31,-2.84,0.43,406.06,12.761619617109,0.3552628,53.51597082,224,4085,60.8,2026-06-24,-3.54,32.5,False
300,000820,*ST节能,2.79,-2.79,0.59,-450.32,2.88486921953,0.2746696,47.10176017,21,5024,65.6,2026-06-24,-3.29,30.9,False
301,000821,ST京机,7.53,-3.34,0.87,49.26,7.863740148245,0.2170252,52.18461877,-247,4361,70.4,2026-06-24,-4.24,36.7,False
302,000822,山东海化,4.17,-2.34,0.46,-11.63,4.320486760839,0.1812788,46.5348348,3,5069,66.8,2026-06-24,-3.48,31.1,False
303,000823,超声电子,25.87,9.99,7.2,116.62,22.227636532523,0.460492,72.44369627,2048,316,89.2,2026-06-24,16.39,64.6,False
304,000825,太钢不锈,3.52,-2.22,0.13,248.42,3.596628133668,0.280964,55.04641038,410,3716,71.2,2026-06-24,-2.13,39.2,False
305,000826,*ST启环,1.82,-5.21,0.74,-3.58,1.922152177228,0.270492352941,47.28984282,-165,5011,67.2,2026-06-24,-5.31,31.8,False
306,000828,东莞控股,9.52,-0.63,0.16,8.7,9.683094171379,0.203812,59.01592573,-784,2601,70.8,2026-06-24,-1.68,41.8,False
307,000829,天音控股,7.52,-1.7,0.52,-75.93,7.711813462464,0.233362,53.59318277,-455,4060,70.0,2026-06-24,-2.49,37.5,False
308,000830,鲁西化工,12.37,-3.89,0.65,13.45,12.861014160798,0.2631452,68.1642683,1358,718,74.4,2026-06-24,-3.82,50.7,False
309,000831,中国稀土,57.88,-0.69,1.51,110.83,57.908575464923,0.4215488,62.87082921,-639,1619,91.6,2026-06-24,-0.05,57.6,False
310,000833,粤桂股份,24.72,-1.12,2.15,22.98,24.428789059668,0.3384516,62.31453486,-238,1736,90.0,2026-06-24,1.19,56.1,False
311,000837,秦川机床,11.54,-0.35,0.74,121.64,11.600928646028,0.2022284,55.64698944,-2159,3559,81.2,2026-06-24,-0.53,45.2,False
312,000838,*ST发展,1.66,5.06,1.05,-31.69,1.503224293278,0.519443529412,55.02041256,637,3725,64.8,2026-06-24,10.43,35.7,False
313,000839,国安股份,2.79,-1.76,0.44,-850.39,2.829194514697,0.3065268,60.88592585,1596,2107,80.0,2026-06-24,-1.39,48.7,False
314,000848,承德露露,7.51,-1.31,0.2,7.71,7.624773756367,0.1452508,70.18032304,443,508,74.4,2026-06-24,-1.51,52.2,False
315,000850,华茂股份,3.57,-1.92,0.23,-4.27,3.683165839182,0.1604316,50.17483352,-47,4725,65.2,2026-06-24,-3.07,32.7,False
316,000852,石化机械,5.1,-2.3,0.35,-190.46,5.259321989435,0.2353508,49.95404954,-16,4754,68.0,2026-06-24,-3.03,34.0,False
317,000856,冀东装备,7.41,-1.98,0.54,-30.55,7.669043063012,0.1712692,54.94416066,849,3744,68.8,2026-06-24,-3.38,37.8,False
318,000858,五 粮 液,73.4,0.14,0.18,8.83,73.937684052237,0.3369676,59.87994867,332,2357,90.0,2026-06-24,-0.73,53.9,False
319,000859,国风新材,11.54,-3.43,3.0,-120.02,11.773169623115,0.2943792,57.77741391,-1289,2959,90.8,2026-06-24,-1.98,52.5,False
320,000860,顺鑫农业,9.66,-1.43,0.27,15.48,9.925291930162,0.1522984,50.35424071,-81,4692,74.4,2026-06-24,-2.67,37.5,False
321,000862,银星能源,4.92,-2.57,0.61,20.35,5.038839492526,0.2171932,45.00362645,18,5115,68.4,2026-06-24,-2.36,30.8,False
322,000863,三湘印象,4.09,0.25,0.63,-237.78,4.045517674077,0.2859136,48.52888806,-65,4917,66.0,2026-06-24,1.1,32.0,False
323,000868,安凯客车,3.37,-1.46,0.25,427.7,3.470130807644,0.147318,53.46948649,-704,4091,71.6,2026-06-24,-2.89,38.3,False
324,000869,张  裕Ａ,16.24,-1.34,0.05,17.97,16.623163903235,0.0834764,56.32553167,60,3386,68.0,2026-06-24,-2.3,38.3,False
325,000875,电投绿能,5.26,-0.75,0.34,17.39,5.329258891424,0.3485044,49.30232707,101,4841,80.4,2026-06-24,-1.3,39.6,False
326,000876,新 希 望,5.87,-1.34,0.19,-7.36,6.000961070474,0.2226248,48.16544324,-82,4950,74.8,2026-06-24,-2.18,36.0,False
327,000877,天山股份,3.79,-1.04,0.03,-4.51,3.814698716869,0.2259688,50.95982895,158,4589,72.8,2026-06-24,-0.65,37.1,False
328,000878,云南铜业,16.93,-2.98,0.9,15.2,17.364611654999,0.2921724,63.38811874,19,1499,87.2,2026-06-24,-2.5,55.3,False
329,000880,潍柴重机,24.31,-1.42,1.21,51.64,24.440249944714,0.2213788,56.99607346,367,3182,72.0,2026-06-24,-0.53,41.0,False
330,000881,中广核技,6.4,-1.69,0.4,-25.69,6.555202577051,0.3133624,51.20430859,-975,4540,76.8,2026-06-24,-2.37,39.3,False
331,000882,华联股份,1.37,-4.2,1.96,-25.01,1.489960934608,0.4632476,56.30059461,-1654,3392,83.6,2026-06-24,-8.05,47.1,False
332,000883,湖北能源,4.46,-2.19,0.17,15.6,4.574411404578,0.3169748,59.18794122,-214,2553,75.2,2026-06-24,-2.5,44.5,False
333,000885,城发环境,12.45,-1.89,0.09,6.36,12.705712335368,0.2417608,63.45015333,834,1478,66.8,2026-06-24,-2.01,42.4,False
334,000886,海南高速,4.23,-0.24,0.47,-44.51,4.244056240494,0.2573588,59.59619779,1113,2441,68.8,2026-06-24,-0.33,41.0,False
335,000887,中鼎股份,18.6,0.43,0.77,19.01,18.649822973723,0.3398692,60.2056735,-490,2278,81.6,2026-06-24,-0.27,49.1,False
336,000888,峨眉山Ａ,9.11,-1.19,0.24,20.27,9.293318280623,0.1361776,55.40673867,-237,3618,69.2,2026-06-24,-1.97,38.3,False
337,000889,中嘉博创,3.67,-3.42,1.6,-195.35,3.778388127547,0.2244068,57.12248464,200,3145,77.2,2026-06-24,-2.87,44.1,False
338,000890,法尔胜,8.41,-0.59,1.67,-96.02,8.456524629884,0.13296,43.46706569,-1,5163,66.8,2026-06-24,-0.55,29.0,False
339,000892,欢瑞世纪,3.41,0.29,1.14,-20.95,3.440117373324,0.1555884,48.36680358,-960,4928,71.2,2026-06-24,-0.88,34.4,False
340,000893,亚钾国际,42.63,-3.83,0.44,18.49,43.719582131411,0.3287196,70.08298209,157,524,71.6,2026-06-24,-2.49,50.2,False
341,000895,双汇发展,22.46,-0.49,0.04,15.06,22.717530126203,0.1572636,63.81758963,-809,1404,80.0,2026-06-24,-1.13,51.1,False
342,000897,津滨发展,1.68,-1.75,0.22,-423.65,1.729272213626,0.3472336,49.22554542,-145,4847,68.0,2026-06-24,-2.85,33.5,False
343,000898,鞍钢股份,1.89,-1.05,0.12,-3.04,1.92191912804,0.3527192,53.06542876,54,4166,71.6,2026-06-24,-1.66,38.0,False
344,000899,赣能股份,10.25,-1.25,0.33,12.38,10.385544551576,0.2759472,56.53328993,-12,3326,73.2,2026-06-24,-1.31,41.4,False
345,000900,现代投资,3.59,-2.45,0.18,8.24,3.640866104267,0.293912,60.3968919,1530,2233,65.2,2026-06-24,-1.4,39.4,False
346,000901,航天科技,17.83,-0.22,0.51,236.74,17.717428388224,0.24045,57.51444737,1553,3036,71.6,2026-06-24,0.64,41.2,False
347,000902,新洋丰,12.12,-2.65,0.4,7.63,12.479510556932,0.3255904,68.66350431,-241,659,73.2,2026-06-24,-2.88,50.3,False
348,000903,ST云动,1.89,-1.56,0.2,-23.56,1.919808180712,0.33594,51.06772123,512,4573,71.2,2026-06-24,-1.55,36.4,False
349,000905,厦门港务,8.21,-1.2,0.31,18.53,8.346096826378,0.1342188,53.9228791,97,3973,68.0,2026-06-24,-1.63,36.7,False
350,000906,浙商中拓,5.21,-2.07,0.24,4.94,5.359625688149,0.1574584,58.95998141,-1249,2614,62.0,2026-06-24,-2.79,36.6,False
351,000908,景峰医药,5.59,-7.6,2.66,669.99,5.952128307142,0.466513333333,55.48810723,1523,3597,69.2,2026-06-24,-6.08,38.4,False
352,000909,*ST数源,3.47,-3.61,0.31,-56.06,3.609969483971,0.303122,46.31262351,-12,5077,66.8,2026-06-24,-3.88,30.9,False
353,000910,大亚圣象,5.39,-2.18,0.11,-7.62,5.514664256488,0.1666256,53.68718181,471,4037,62.0,2026-06-24,-2.26,33.3,False
354,000911,*ST广糖,3.65,-4.95,1.03,-14.17,3.934660553441,0.253957647059,41.69337733,5,5191,67.2,2026-06-24,-7.23,28.0,False
355,000912,泸天化,3.29,-3.24,0.33,-737.51,3.399256218651,0.1952568,47.3001182,21,5010,65.6,2026-06-24,-3.21,31.0,False
356,000913,钱江摩托,10.53,-1.77,0.27,-35.61,10.865574725881,0.2374652,56.57157972,284,3317,65.6,2026-06-24,-3.09,37.1,False
357,000915,华特达因,27.51,-1.4,0.26,14.57,27.966722929856,0.2402444,66.47094073,-380,935,75.6,2026-06-24,-1.63,50.3,False
358,000917,电广传媒,7.31,-1.62,0.84,-27.96,7.512343249512,0.3112112,58.48074007,-1265,2764,76.8,2026-06-24,-2.69,44.9,False
359,000919,金陵药业,5.92,-3.27,0.69,32.87,6.176438930586,0.204386,60.34580259,-342,2245,66.0,2026-06-24,-4.15,39.8,False
360,000920,沃顿科技,13.46,-1.68,1.01,36.06,13.64424287573,0.2087064,68.23707571,-336,708,78.8,2026-06-24,-1.35,53.8,False
361,000921,海信家电,27.23,0.26,0.33,9.11,26.784828222596,0.20795,74.15561347,-26,201,78.8,2026-06-24,1.66,58.4,False
362,000922,佳电股份,14.79,1.37,1.3,38.33,14.5778137261,0.3529556,61.97393949,71,1824,77.6,2026-06-24,1.46,48.1,False
363,000923,河钢资源,12.8,-3.25,0.7,92.33,13.207765760239,0.3210272,64.35506617,355,1298,70.0,2026-06-24,-3.09,45.0,False
364,000925,众合科技,9.1,0.11,5.87,-46.35,8.746942263472,0.4251688,67.82366324,3572,760,74.4,2026-06-24,4.04,50.5,False
365,000926,福星股份,1.97,-0.51,0.37,-5.9,1.994495788796,0.3224332,53.80660521,810,4005,73.2,2026-06-24,-1.23,39.4,False
366,000927,中国铁物,2.36,-0.84,0.16,35.22,2.391534498189,0.3793744,62.05118926,1278,1804,65.2,2026-06-24,-1.32,40.5,False
367,000928,中钢国际,5.39,-2.0,0.37,10.47,5.578942213576,0.2720484,61.80768888,395,1873,70.8,2026-06-24,-3.39,43.8,False
368,000929,兰州黄河,9.42,-2.69,0.61,-26.24,9.693532778368,0.271781372549,51.32713806,56,4519,68.8,2026-06-24,-2.82,35.3,False
369,000930,中粮科技,4.53,-1.52,0.15,-17.31,4.631510608995,0.2275628,51.65882632,-3,4467,72.0,2026-06-24,-2.19,37.2,False
370,000931,中 关 村,4.39,-1.13,0.85,-50.85,4.34353146191,0.248034,63.57765668,1754,1452,71.6,2026-06-24,1.07,45.5,False
371,000932,华菱钢铁,3.6,-2.7,0.85,31.19,3.65097153609,0.3986144,59.41330165,-1006,2493,74.0,2026-06-24,-1.4,44.0,False
372,000933,神火股份,22.1,-5.15,1.21,5.43,23.16174304222,0.3661852,66.82227438,1058,893,78.8,2026-06-24,-4.58,52.7,False
373,000935,四川双马,24.57,-2.81,0.23,79.76,25.094057207497,0.3167612,58.22795653,1518,2846,68.8,2026-06-24,-2.09,40.1,False
374,000936,华西股份,5.52,-2.99,0.43,191.2,5.680813324104,0.2460184,49.3978747,44,4830,69.2,2026-06-24,-2.83,34.2,False
375,000937,冀中能源,4.09,-3.31,0.19,35.68,4.281488871058,0.2007164,54.22752196,807,3903,74.4,2026-06-24,-4.47,40.3,False
376,000938,紫光股份,27.99,1.19,1.29,25.4,27.271815570073,0.4318592,73.27256027,787,256,89.2,2026-06-24,2.63,65.4,False
377,000948,南天信息,12.36,-1.67,0.28,-50.57,12.583825065885,0.1553748,59.83499029,-1570,2372,74.8,2026-06-24,-1.78,44.8,False
378,000949,新乡化纤,7.19,-0.69,1.09,25.68,7.139145904248,0.2992872,59.15565083,1285,2561,66.8,2026-06-24,0.71,39.5,False
379,000950,重药控股,5.0,-2.53,0.57,12.65,5.207444977909,0.3160992,66.12140826,278,999,67.2,2026-06-24,-3.98,44.4,False
380,000951,中国重汽,19.91,-1.73,0.37,12.8,20.4199593646,0.2604216,59.83641855,-559,2371,74.4,2026-06-24,-2.5,44.5,False
381,000952,广济药业,5.71,-2.89,0.5,-15.64,5.988416960318,0.1345792,47.61600795,-409,4985,66.8,2026-06-24,-4.65,31.8,False
382,000953,中哲精化,5.36,-2.19,0.33,514.46,5.563645952554,0.0875912,52.33126385,-270,4322,66.0,2026-06-24,-3.66,34.5,False
383,000955,欣龙控股,4.87,-2.21,0.98,-862.02,4.960615890332,0.2582672,62.70890905,-862,1646,79.2,2026-06-24,-1.83,49.7,False
384,000957,中通客车,9.78,-1.71,0.31,14.57,9.913040405031,0.1965432,62.62514884,-398,1673,72.8,2026-06-24,-1.34,45.6,False
385,000958,电投产融,5.65,-1.4,0.11,23.16,5.732264105682,0.3174168,68.13236572,24,720,79.6,2026-06-24,-1.44,54.2,False
386,000959,首钢股份,3.16,-0.94,0.16,35.2,3.188564853428,0.229090666667,58.53079005,-826,2744,70.0,2026-06-24,-0.9,41.0,False
387,000960,锡业股份,46.2,-0.86,3.08,21.91,43.454757748683,0.4643524,80.69161543,483,28,95.6,2026-06-24,6.32,77.1,False
388,000962,东方钽业,83.39,9.18,3.88,202.34,73.719150968233,0.4685504,72.71163051,270,296,94.0,2026-06-24,13.12,68.3,False
389,000963,华东医药,27.43,-2.9,0.42,12.0,28.843639050151,0.3377156,68.09416413,57,725,83.6,2026-06-24,-4.9,56.9,False
390,000965,天保基建,3.04,-1.94,0.24,13.19,3.117508033839,0.232666,59.03493142,1001,2594,69.6,2026-06-24,-2.49,41.1,False
391,000966,长源电力,4.1,-2.38,0.51,34.09,4.230179977901,0.2972764,49.21588437,-681,4851,82.0,2026-06-24,-3.08,40.4,False
392,000967,盈峰环境,11.75,6.62,4.78,46.05,10.574439448922,0.5591292,70.86982358,2108,447,70.8,2026-06-24,11.12,50.2,False
393,000968,蓝焰控股,6.22,-3.42,0.58,10.19,6.498787091561,0.1607856,55.37884903,-432,3627,65.2,2026-06-24,-4.29,36.1,False
394,000969,安泰科技,26.63,2.86,2.08,70.49,25.76163855819,0.3013716,63.64926756,-523,1438,93.6,2026-06-24,3.37,59.6,False
395,000970,中科三环,14.09,0.71,1.61,261.19,14.065343967828,0.3107384,61.9473602,-865,1834,89.2,2026-06-24,0.18,55.3,False
396,000972,*ST中基,3.31,-2.07,0.18,-32.51,3.394246480805,0.2709848,50.22111027,-55,4716,63.6,2026-06-24,-2.48,31.9,False
397,000973,佛塑科技,15.0,-2.98,1.43,16.57,15.48096134899,0.2812964,60.22529653,-686,2272,78.8,2026-06-24,-3.11,47.5,False
398,000975,山金国际,17.96,-6.07,1.19,8.93,19.102433976195,0.2467976,63.15167752,3,1553,74.8,2026-06-24,-5.98,47.2,False
399,000977,浪潮信息,65.81,1.56,1.28,39.94,64.014374924027,0.3942088,73.15983376,516,264,91.2,2026-06-24,2.81,66.7,False
400,000978,桂林旅游,5.39,-1.46,0.38,-53.32,5.503407192509,0.2512732,48.57466283,-131,4911,66.4,2026-06-24,-2.06,32.3,False
401,000980,众泰汽车,2.04,-2.86,0.63,-31.36,2.091640671359,0.3207804,44.00349128,-127,5149,76.0,2026-06-24,-2.47,33.4,False
402,000981,山子高科,3.02,-0.98,0.67,30.07,3.055293529636,0.256222,43.71314531,-19,5155,70.4,2026-06-24,-1.16,30.8,False
403,000983,山西焦煤,6.11,-2.08,0.32,10.73,6.315886817046,0.321598,56.0703036,40,3448,81.2,2026-06-24,-3.26,45.5,False
404,000985,大庆华科,14.77,-2.51,0.35,84.63,15.317859561753,0.1219032,54.32033804,-1607,3877,63.6,2026-06-24,-3.58,34.5,False
405,000987,越秀资本,8.15,-0.73,0.3,7.88,8.238071158034,0.3307788,61.93542705,-1478,1837,85.2,2026-06-24,-1.07,52.8,False
406,000988,华工科技,170.89,1.79,1.61,67.28,165.720292739593,0.4918532,74.48835075,670,183,91.6,2026-06-24,3.12,68.2,False
407,000989,九芝堂,7.83,-3.57,0.59,10.16,8.213174930014,0.2431728,64.01909222,172,1357,71.2,2026-06-24,-4.67,45.6,False
408,000990,诚志股份,8.6,-2.05,0.63,11.22,8.77572888588,0.3062956,63.34871203,144,1512,64.8,2026-06-24,-2.0,41.0,False
409,000993,闽东电力,10.28,-2.28,0.57,-43.29,10.532077930121,0.251022,44.77753903,23,5125,71.6,2026-06-24,-2.39,32.1,False
410,000995,皇台酒业,10.0,-0.79,1.46,-91.98,10.204192127818,0.1660992,49.1839597,-317,4855,69.2,2026-06-24,-2.0,34.0,False
411,000997,新 大 陆,17.51,-1.41,0.56,15.78,17.96832527647,0.3191584,61.23197102,282,2015,75.6,2026-06-24,-2.55,46.3,False
412,000998,隆平高科,7.52,-1.05,0.3,-21.12,7.721209920398,0.2628708,50.43045914,-1160,4684,73.6,2026-06-24,-2.61,37.1,False
413,000999,华润三九,22.71,-2.74,0.15,8.78,23.577388257955,0.2392448,61.11976865,-407,2044,80.8,2026-06-24,-3.68,49.4,True
414,001201,东瑞股份,10.36,-1.8,0.24,-3.54,10.633505814031,0.144218,52.34560949,76,4320,63.2,2026-06-24,-2.57,33.1,False
415,001202,炬申股份,13.56,-1.45,0.34,64.18,13.894219400904,0.0690688,54.4943346,-265,3837,60.0,2026-06-24,-2.41,32.7,False
416,001203,大中矿业,32.72,-1.0,0.73,79.57,32.041576986551,0.3370296,66.87120689,2633,888,66.8,2026-06-24,2.12,44.7,False
417,001205,盛航股份,13.93,-1.9,0.49,16.65,14.243079106598,0.1641596,55.58092961,661,3569,66.8,2026-06-24,-2.2,37.1,False
418,001206,依依股份,19.11,-1.29,3.93,31.91,18.875113510674,0.2241652,71.25147633,-9,424,80.4,2026-06-24,1.24,57.3,False
419,001207,联科科技,15.75,-3.67,0.43,18.3,16.145061181363,0.21475,53.65777782,-72,4047,61.6,2026-06-24,-2.45,33.1,False
420,001208,华菱线缆,14.36,-2.78,0.99,75.27,14.650111894739,0.1817184,53.73365709,355,4025,68.4,2026-06-24,-1.98,36.8,False
421,001209,洪兴股份,16.95,-2.08,0.42,24.79,17.505849871726,0.0963992,51.09132044,-1468,4563,62.8,2026-06-24,-3.18,32.1,False
422,001210,金房能源,22.21,-0.45,1.91,9.19,22.747315269193,0.2591784,68.75974059,-66,646,70.4,2026-06-24,-2.36,48.4,False
423,001211,双枪科技,26.46,-3.61,2.62,121.49,27.898922481886,0.2470276,51.10162911,-420,4561,58.4,2026-06-24,-5.16,29.8,False
424,001212,中旗新材,48.4,-3.32,1.36,644.81,48.792430106264,0.3583464,64.12056309,557,1337,77.2,2026-06-24,-0.8,49.5,False
425,001213,中铁特货,3.43,-0.87,0.04,31.28,3.493284078638,0.2268824,54.63269383,-1297,3805,66.0,2026-06-24,-1.81,36.1,False
426,001215,千味央厨,36.45,-3.55,1.36,39.17,38.267514408468,0.3491008,57.35709676,-1855,3076,65.2,2026-06-24,-4.75,37.4,False
427,001216,华瓷股份,16.35,-1.21,1.24,27.3,16.681321203052,0.2698548,63.72084905,-1252,1422,78.4,2026-06-24,-1.99,50.0,False
428,001217,华尔泰,8.82,-2.54,0.19,-50.15,9.088039751661,0.0839312,51.34578515,-22,4515,64.0,2026-06-24,-2.95,32.9,False
429,001218,丽臣实业,24.51,-1.17,0.42,10.34,24.759001064406,0.110728,61.48500442,-532,1942,65.6,2026-06-24,-1.01,40.3,False
430,001219,青岛食品,11.81,-1.91,0.3,18.27,12.150415682547,0.1286372,55.31962586,-273,3642,64.0,2026-06-24,-2.8,35.4,False
431,001220,世盟股份,29.03,-1.93,0.94,32.46,29.869323147743,0.1381032,55.5145918,164,3583,60.0,2026-06-24,-2.81,33.3,False
432,001221,悍高集团,40.6,-1.77,0.87,31.59,41.75333587645,0.1392088,68.50079572,608,675,62.4,2026-06-24,-2.76,42.7,False
433,001222,源飞宠物,13.34,-2.27,0.48,28.04,13.790922779014,0.0647776,56.73160002,-830,3260,63.6,2026-06-24,-3.27,36.1,False
434,001223,欧克科技,49.68,-5.35,2.52,52.75,49.913353266212,0.2872588,69.99646431,-337,529,76.8,2026-06-24,-0.47,53.8,False
435,001225,和泰机电,41.85,-3.13,3.24,102.36,43.341075379015,0.2236844,59.97234474,51,2335,67.6,2026-06-24,-3.44,40.5,False
436,001226,拓山重工,50.12,-2.3,1.15,88.99,51.440152194139,0.233346,67.15746531,-30,845,69.6,2026-06-24,-2.57,46.7,False
437,001227,兰州银行,2.05,-0.97,0.17,5.49,2.086863681353,0.3926924,53.57476993,-1473,4067,71.2,2026-06-24,-1.77,38.1,False
438,001228,永泰运,25.55,-2.59,0.46,19.2,26.025775621938,0.1415728,56.44616586,-1073,3352,60.4,2026-06-24,-1.83,34.1,False
439,001229,魅视科技,29.49,3.4,4.33,-225.66,27.419351077473,0.3137004,72.29346039,2478,334,63.2,2026-06-24,7.55,45.7,False
440,001230,劲旅环境,17.61,-2.28,0.97,19.52,17.450267350233,0.1800828,62.41012732,1135,1724,58.8,2026-06-24,0.92,36.7,False
441,001231,农心科技,19.06,-1.45,0.83,24.64,19.584485472513,0.1384232,57.97902376,735,2906,59.6,2026-06-24,-2.68,34.6,False
442,001233,海安集团,47.31,-1.6,0.51,41.4,48.258293839278,0.1377612,61.92649109,19,1840,63.2,2026-06-24,-1.97,39.1,False
443,001234,泰慕士,21.14,-1.81,0.37,41.87,21.65868699363,0.1131456,54.5372525,-928,3828,60.0,2026-06-24,-2.39,32.7,False
444,001236,弘业期货,7.38,-1.2,0.4,148.64,7.544473442794,0.144998,49.57700857,-160,4802,68.4,2026-06-24,-2.18,33.9,False
445,001238,浙江正特,28.65,-0.87,0.06,26.12,29.065773981933,0.1157536,54.24166327,-447,3899,66.4,2026-06-24,-1.43,36.0,False
446,001239,永达股份,13.89,-1.91,0.45,324.17,14.227332151105,0.0737792,53.39175993,-455,4102,65.6,2026-06-24,-2.37,35.0,False
447,001255,博菲电气,26.68,-1.69,0.43,-363.63,27.334680008961,0.0877876,51.53188455,-951,4488,61.2,2026-06-24,-2.4,31.5,False
448,001256,炜冈科技,25.51,2.08,1.95,24.19,25.428595428655,0.1951084,63.00189832,-332,1588,66.4,2026-06-24,0.32,41.8,False
449,001258,立新能源,7.14,-0.97,0.36,262.76,7.17845630677,0.2052084,49.99797337,134,4747,70.0,2026-06-24,-0.54,35.0,False
450,001259,利仁科技,70.61,3.5,2.65,247.25,68.864540995333,0.250588,57.18032288,1376,3129,64.8,2026-06-24,2.53,37.1,False
451,001260,坤泰股份,16.52,-2.25,0.34,187.24,17.068001730784,0.0539532,52.60436045,137,4268,58.8,2026-06-24,-3.21,30.9,False
452,001266,宏英智能,50.05,-1.38,1.79,35.72,50.592361480295,0.2083356,66.57631466,-825,923,73.6,2026-06-24,-1.07,49.0,False
453,001267,汇绿生态,61.04,-0.63,2.17,805.89,59.976417536294,0.4710144,72.34768961,-285,330,86.8,2026-06-24,1.77,62.8,False
454,001268,联合精密,41.75,-0.41,1.04,-642.78,41.306899552977,0.2788548,66.39198822,1344,945,62.8,2026-06-24,1.07,41.7,False
455,001269,欧晶科技,21.76,-1.58,0.49,-96.28,21.954001538959,0.233912,47.99324868,-593,4959,74.8,2026-06-24,-0.88,35.9,False
456,001270,铖昌科技,124.1,-0.37,1.04,142.98,122.861249070075,0.359797058824,61.83548001,922,1864,83.6,2026-06-24,1.01,51.7,False
457,001277,速达股份,29.09,-2.05,0.56,38.47,30.073193846588,0.123592,58.13963086,-1835,2866,63.2,2026-06-24,-3.27,36.7,False
458,001278,一彬科技,16.5,-2.19,0.63,-11.97,16.75774909811,0.0808492,52.84530262,653,4210,66.0,2026-06-24,-1.54,34.9,False
459,001279,强邦新材,27.4,-1.62,1.47,169.46,28.227317208958,0.202706,60.36690072,-1299,2240,74.4,2026-06-24,-2.93,44.9,False
460,001280,中国铀业,68.52,-2.11,1.05,165.48,69.527201720069,0.3449012,63.39923556,-221,1495,79.2,2026-06-24,-1.45,50.2,False
461,001282,三联锻造,21.43,-3.03,1.3,43.49,21.925936663357,0.1879956,64.03924003,-725,1353,78.0,2026-06-24,-2.26,50.0,False
462,001283,豪鹏科技,50.26,-1.51,0.74,40.67,50.912253326669,0.2325396,59.18124434,-1550,2554,68.4,2026-06-24,-1.28,40.5,False
463,001285,瑞立科密,42.96,-2.03,0.77,23.4,43.925647091398,0.2289528,59.9977591,-1398,2328,63.2,2026-06-24,-2.2,37.9,False
464,001286,陕西能源,10.92,-1.09,0.3,11.53,11.04236186642,0.241254,61.98798593,44,1818,73.6,2026-06-24,-1.11,45.6,False
465,001287,中电港,31.45,1.29,2.15,37.71,30.466886926782,0.3363484,75.28448089,-43,152,88.4,2026-06-24,3.23,66.6,False
466,001288,运机集团,27.22,-2.26,1.44,30.94,27.821868448551,0.3184528,67.42351931,643,810,66.8,2026-06-24,-2.16,45.0,False
467,001289,龙源电力,16.08,-0.74,0.02,20.7,16.22563085355,0.2066444,62.14922139,1418,1776,76.8,2026-06-24,-0.9,47.7,False
468,001296,长江材料,20.62,-1.53,2.23,35.32,21.18964778795,0.1617608,60.45531942,-372,2224,78.8,2026-06-24,-2.69,47.6,False
469,001298,好上好,21.11,1.93,1.05,38.66,20.427480045658,0.1479632,61.47688002,-791,1944,74.4,2026-06-24,3.34,45.7,False
470,001299,美能能源,10.48,-0.57,0.52,29.73,10.588951667862,0.1616372,55.77110893,-847,3528,66.4,2026-06-24,-1.03,37.0,False
471,001300,三柏硕,12.54,-2.79,0.3,-118.79,12.577719365563,0.1836704,47.844661,157,4970,61.6,2026-06-24,-0.3,29.5,False
472,001301,尚太科技,91.3,-2.3,0.36,32.92,92.118020121801,0.2747876,73.38212824,-123,247,74.0,2026-06-24,-0.89,54.3,False
473,001306,夏厦精密,57.2,-2.22,1.02,-40.76,58.406768948689,0.17413,56.48448307,1139,3344,66.8,2026-06-24,-2.07,37.7,False
474,001308,康冠科技,20.74,-1.29,0.25,23.5,20.959684155149,0.1970632,70.38067274,226,488,74.4,2026-06-24,-1.05,52.4,False
475,001309,德明利,880.0,8.64,4.52,14.91,787.284482504919,0.65122,83.87008189,11,4,94.0,2026-06-24,11.78,78.8,False
476,001311,多利科技,17.09,-0.93,0.72,25.36,17.253031098339,0.1697604,57.10733619,1208,3151,61.2,2026-06-24,-0.94,34.9,False
477,001313,粤海饲料,7.24,-2.69,0.45,112.54,7.477320737766,0.237056,64.59987138,-347,1258,62.4,2026-06-24,-3.17,40.3,False
478,001314,亿道信息,61.03,0.28,1.67,50.71,58.424193524343,0.2380364,73.61980026,128,233,80.4,2026-06-24,4.46,59.2,False
479,001316,润贝航科,35.13,-1.62,0.44,23.35,35.597505748343,0.1027564,62.89679365,-80,1614,66.0,2026-06-24,-1.31,41.5,False
480,001317,三羊马,41.52,-1.47,1.09,-2978.57,42.748931593798,0.3237268,53.25007366,-98,4133,74.4,2026-06-24,-2.87,39.6,False
481,001318,阳光乳业,10.19,-1.64,0.09,37.74,10.441546565774,0.1274408,55.45570181,778,3605,65.2,2026-06-24,-2.41,36.2,False
482,001319,铭科精技,20.18,-3.58,1.44,30.76,20.880450945627,0.1458236,62.71691002,1546,1645,67.2,2026-06-24,-3.35,42.1,False
483,001322,箭牌家居,5.66,-1.05,0.07,-21.3,5.740466553768,0.2308124,54.29457646,48,3889,62.4,2026-06-24,-1.4,33.9,False
484,001323,慕思股份,16.74,-1.18,0.08,20.6,17.105402271811,0.0875624,56.07247759,-411,3446,64.0,2026-06-24,-2.14,35.9,False
485,001324,长青科技,18.66,-0.43,0.76,51.87,18.763128301861,0.1050056,56.59401955,-43,3311,64.4,2026-06-24,-0.55,36.4,False
486,001325,元创股份,37.63,-1.03,0.85,28.84,38.371110173263,0.1121024,56.82403182,209,3225,58.8,2026-06-24,-1.93,33.4,False
487,001326,联域股份,64.62,-1.22,1.41,77.91,65.405734032412,0.225294,69.40308358,490,580,70.0,2026-06-24,-1.2,48.6,False
488,001328,登康口腔,25.62,-3.76,0.32,21.29,26.563443950858,0.1149488,61.73343277,704,1887,65.6,2026-06-24,-3.55,40.5,False
489,001330,博纳影业,6.45,2.38,2.36,-50.07,6.207063986394,0.2356144,42.99559306,-1,5171,67.6,2026-06-24,3.91,29.1,False
490,001331,胜通能源,,,0.0,-590.04,70.686272734812,0.2373208,64.67328437,-37,1241,66.8,2026-06-24,,43.2,False
491,001332,锡装股份,42.52,-1.57,0.74,18.01,42.453989199318,0.2166056,62.98074973,-44,1595,66.0,2026-06-24,0.16,41.6,False
492,001333,光华股份,19.09,-2.2,0.46,24.85,19.604971173946,0.1537676,55.23027003,225,3667,60.8,2026-06-24,-2.63,33.6,False
493,001335,信凯科技,43.5,-2.95,1.23,42.11,44.470481588434,0.3394132,61.94303703,1995,1835,61.2,2026-06-24,-2.18,37.9,False
494,001336,楚环科技,23.23,-1.78,0.64,44.07,23.770546276289,0.1456516,53.2649309,-1201,4131,60.4,2026-06-24,-2.27,32.2,False
495,001337,四川黄金,38.17,-3.81,0.78,15.1,39.360893023349,0.2086816,60.36051412,491,2242,72.8,2026-06-24,-3.03,43.9,False
496,001338,永顺泰,8.73,-1.8,0.39,32.97,9.141515188914,0.2122628,55.34771082,111,3638,63.2,2026-06-24,-4.5,35.0,False
497,001339,智微智能,138.6,1.2,3.59,80.1,132.083618631747,0.4046052,80.52309549,231,30,88.4,2026-06-24,4.93,71.2,False
498,001356,富岭股份,8.55,-1.84,0.33,85.36,8.819130996115,0.0815448,52.69243645,-131,4237,62.4,2026-06-24,-3.05,32.9,False
499,001358,兴欣新材,24.81,-1.94,0.88,35.52,25.693159547227,0.1777208,61.36054709,36,1974,62.4,2026-06-24,-3.44,38.3,False
500,001359,平安电工,130.31,0.99,5.7,142.17,124.889535905397,0.4841312,74.42521355,434,185,82.8,2026-06-24,4.34,61.6,False
501,001360,南矿集团,20.01,0.1,1.19,78.85,20.285457546614,0.1635232,53.9966813,12,3958,69.2,2026-06-24,-1.36,37.4,False
502,001366,播恩集团,11.35,-2.66,0.74,49.83,11.83621547809,0.06056,52.65679929,27,4252,58.0,2026-06-24,-4.11,30.5,False
503,001367,海森药业,18.95,-2.57,0.32,24.97,19.773349107505,0.1508052,62.50062213,715,1703,58.0,2026-06-24,-4.16,36.3,False
504,001368,通达创智,21.52,-3.58,0.68,18.98,22.243934186505,0.149892,61.63100708,1596,1916,60.4,2026-06-24,-3.25,37.2,False
505,001369,双欣材料,14.15,-4.33,3.34,31.76,14.688724140242,0.2419036,60.25084173,1512,2263,70.0,2026-06-24,-3.67,42.2,False
506,001373,翔腾新材,33.28,-2.0,0.77,-60.37,34.09258336163,0.1154864,50.65959534,210,4635,62.4,2026-06-24,-2.38,31.6,False
507,001376,百通能源,11.0,-1.96,1.26,29.76,11.255778162131,0.15362,55.05262021,-19,3714,70.0,2026-06-24,-2.27,38.5,False
508,001378,德冠新材,18.96,-2.82,1.55,29.15,19.586726291853,0.146386,62.53542347,78,1693,65.6,2026-06-24,-3.2,41.0,False
509,001379,腾达科技,16.28,-0.79,1.03,43.44,16.488338870432,0.1436208,61.63339068,1211,1915,64.0,2026-06-24,-1.26,39.4,False
510,001380,华纬科技,16.48,-2.37,0.22,26.76,16.872642535572,0.1150992,61.00786884,-143,2069,64.0,2026-06-24,-2.33,39.0,False
511,001382,新亚电缆,16.32,-4.0,2.41,65.31,17.136346277875,0.1746536,47.57326904,97,4992,62.0,2026-06-24,-4.76,29.5,False
512,001386,马可波罗,14.56,-1.95,0.74,27.25,14.996052893914,0.0891664,59.06445107,-174,2581,61.2,2026-06-24,-2.91,36.1,False
513,001387,雪祺电气,12.84,-2.06,1.16,49.95,13.106279252083,0.1439376,66.24228135,108,971,67.2,2026-06-24,-2.03,44.5,False
514,001388,信通电子,28.33,-2.98,0.93,-90.35,29.237321105687,0.1611336,59.438704,1162,2484,62.8,2026-06-24,-3.1,37.3,False
515,001389,广合科技,192.04,4.37,1.84,57.8,182.517575338095,0.376974,73.88417998,21,213,80.8,2026-06-24,5.22,59.7,False
516,001390,古麒绒材,18.89,-1.92,0.45,23.63,19.389364537541,0.124022,68.45792505,633,680,63.2,2026-06-24,-2.58,43.3,True
517,001391,国货航,4.24,-0.24,0.26,27.42,4.281814571226,0.2254376,58.27852924,-33,2837,68.0,2026-06-24,-0.98,39.6,False
518,001395,亚联机械,24.33,-1.42,0.26,14.67,24.771527800922,0.085904,57.46416876,-1205,3052,62.8,2026-06-24,-1.78,36.1,False
519,001396,誉帆科技,36.67,-2.16,1.22,542.98,37.631625560844,0.171696,57.63219254,-207,3008,59.2,2026-06-24,-2.56,34.1,False
520,001400,江顺科技,106.4,0.1,1.3,59.47,104.548349245125,0.2970648,58.51137771,721,2752,63.6,2026-06-24,1.77,37.2,False
521,001696,宗申动力,24.81,6.03,5.49,41.37,22.171529768407,0.373144,64.5606598,-488,1267,85.6,2026-06-24,11.9,55.3,False
522,001872,招商港口,19.84,-1.54,0.02,10.88,20.283340220388,0.1356652,66.79569054,-273,895,69.6,2026-06-24,-2.19,46.5,False
523,001896,豫能控股,20.39,-0.63,3.11,265.64,20.145263940568,0.377582,65.30682035,944,1129,86.0,2026-06-24,1.21,56.2,False
524,001914,招商积余,8.47,-1.4,0.17,9.57,8.639637652826,0.1788232,62.58670985,-936,1677,68.0,2026-06-24,-1.96,42.6,False
525,001965,招商公路,9.87,-0.9,0.02,12.43,10.05223997454,0.1430112,72.3711852,-247,324,69.6,2026-06-24,-1.81,50.4,False
526,001979,招商蛇口,6.64,-1.48,0.25,382.6,6.789450994966,0.3329028,54.42944421,-49,3849,74.8,2026-06-24,-2.2,40.7,False
527,002001,新 和 成,29.44,-4.23,0.37,12.38,30.648623327015,0.3514592,76.91808728,18,93,78.0,2026-06-24,-3.94,60.0,False
528,002003,伟星股份,8.39,-1.06,0.11,26.79,8.591851331018,0.165822,67.59224171,202,790,67.2,2026-06-24,-2.35,45.4,False
529,002004,华邦健康,4.06,-2.87,0.22,12.98,4.18729437194,0.1903236,60.81574441,103,2129,68.0,2026-06-24,-3.04,41.4,False
530,002005,ST德豪,2.39,-4.4,0.45,112.76,2.4962388438,0.4290244,48.65598987,-851,4904,63.6,2026-06-24,-4.26,30.9,False
531,002006,精工科技,14.52,-0.68,0.4,37.86,14.398416484173,0.215116,59.12789744,1573,2565,72.0,2026-06-24,0.84,42.6,False
532,002007,华兰生物,12.46,-2.5,0.2,24.69,12.906829236829,0.2596252,60.21913376,-1357,2275,78.4,2026-06-24,-3.46,47.2,False
533,002008,大族激光,152.06,-0.11,2.59,110.54,147.408041035357,0.535712,81.79235278,-7,14,94.8,2026-06-24,3.16,77.5,False
534,002009,天奇股份,20.49,0.24,1.26,83.73,20.465273745858,0.2424092,50.12711153,-487,4733,72.0,2026-06-24,0.12,36.1,False
535,002010,传化智联,4.77,-1.45,0.16,12.41,4.832529650734,0.3023704,59.79223886,1266,2384,69.6,2026-06-24,-1.29,41.6,False
536,002011,盾安环境,10.32,0.29,0.48,14.14,10.296428300902,0.3042056,63.06899375,-957,1569,74.4,2026-06-24,0.23,46.9,False
537,002012,凯恩股份,6.79,-1.74,0.75,193.01,6.83152326696,0.2895136,63.42823415,325,1485,77.6,2026-06-24,-0.61,49.2,False
538,002014,永新股份,10.37,-4.86,0.45,17.5,11.078814769338,0.2378932,60.11864451,-1714,2303,78.4,2026-06-24,-6.4,47.1,False
539,002015,协鑫能科,17.75,-1.77,2.36,25.02,18.248891574291,0.355956,63.11842073,2881,1563,77.2,2026-06-24,-2.73,48.7,False
540,002016,世荣兆业,4.11,-1.91,0.51,40.35,4.314832547152,0.2076368,59.7515128,-826,2395,66.0,2026-06-24,-4.75,39.4,False
541,002017,东信和平,15.44,-0.9,0.34,45.34,15.648628008371,0.1698136,57.56086309,-170,3028,70.8,2026-06-24,-1.33,40.8,False
542,002019,亿帆医药,9.65,-2.82,0.55,27.47,10.053603078139,0.287852,59.01808204,-864,2599,70.8,2026-06-24,-4.01,41.8,False
543,002020,京新药业,12.19,-1.93,0.97,15.88,12.561278590732,0.2538012,67.95153513,444,745,70.4,2026-06-24,-2.96,47.8,False
544,002021,中捷资源,2.68,4.69,2.16,-135.84,2.516936188332,0.2968744,58.81178798,-341,2658,79.2,2026-06-24,6.48,46.6,False
545,002022,科华生物,4.75,-3.26,0.31,-12.61,4.950590784027,0.0803628,51.73384125,135,4451,70.4,2026-06-24,-4.05,36.4,False
546,002023,海特高新,13.45,-3.03,3.11,97.66,13.719610604324,0.3580364,73.47938603,2095,241,88.8,2026-06-24,-1.97,65.2,False
547,002024,ST易购,1.15,-1.71,0.05,92.15,1.171666028877,0.4066608,49.71569833,-102,4781,76.0,2026-06-24,-1.85,37.8,False
548,002025,航天电器,72.87,9.4,6.05,158.35,65.295022181078,0.5856656,67.18837533,2257,841,70.0,2026-06-24,11.6,47.0,False
549,002026,山东威达,11.35,-2.32,0.2,19.5,11.480812991263,0.230564,62.5536738,1230,1685,69.2,2026-06-24,-1.14,43.3,False
550,002027,分众传媒,4.78,-0.42,0.26,9.64,4.833796892521,0.3513668,63.77464239,24,1411,79.2,2026-06-24,-1.11,50.5,False
551,002028,思源电气,194.87,4.21,0.55,69.31,186.88762595664,0.3830616,75.81940949,51,130,85.6,2026-06-24,4.27,64.9,False
552,002029,七 匹 狼,7.76,-2.76,0.96,27.45,8.075249596705,0.2544184,56.84156714,-342,3220,68.4,2026-06-24,-3.9,38.9,False
553,002030,达安基因,5.14,-3.38,0.77,-18.37,5.398807309751,0.254492,48.25846693,14,4939,76.8,2026-06-24,-4.79,37.1,False
554,002031,巨轮智能,5.95,0.34,2.67,-91.27,5.922911740717,0.3105584,45.08438946,-843,5113,85.6,2026-06-24,0.46,38.6,False
555,002032,苏 泊 尔,40.41,-0.47,0.03,15.99,40.992218758306,0.1422384,65.20590447,-744,1143,72.0,2026-06-24,-1.42,46.9,False
556,002033,丽江股份,8.35,-1.07,0.41,17.21,8.440760681655,0.2477876,60.91317692,42,2098,67.6,2026-06-24,-1.08,41.2,False
557,002034,旺能环境,16.31,-2.57,0.68,10.47,16.827082798587,0.3619096,58.55395337,195,2739,63.2,2026-06-24,-3.07,37.0,False
558,002035,华帝股份,4.59,-1.5,0.2,9.62,4.704903658004,0.1482716,58.8924486,-1391,2632,67.2,2026-06-24,-2.44,39.6,False
559,002036,联创电子,7.92,-1.0,1.01,-21.63,7.984581211721,0.2501672,46.85290157,-94,5045,76.0,2026-06-24,-0.81,35.6,False
560,002037,保利联合,6.44,0.47,0.42,-9.53,6.446798552979,0.1678044,49.40294918,118,4828,69.2,2026-06-24,-0.11,34.2,False
561,002038,双鹭药业,5.36,-7.59,3.78,-15.99,5.793279030621,0.2820128,63.75660193,369,1416,80.0,2026-06-24,-7.48,51.0,False
562,002039,黔源电力,19.13,-2.25,0.57,22.92,19.591296409513,0.2557208,63.05911164,-910,1572,72.4,2026-06-24,-2.35,45.7,False
563,002040,南 京 港,7.93,-6.38,1.48,18.87,8.558081850487,0.191886,64.53942065,2266,1270,71.6,2026-06-24,-7.34,46.2,False
564,002041,登海种业,8.01,-0.62,0.36,52.23,8.164596375904,0.155808,55.0568227,-270,3712,70.8,2026-06-24,-1.89,39.0,False
565,002042,华孚时尚,3.67,-2.13,0.54,61.62,3.714820255217,0.2815544,51.63419455,121,4473,63.2,2026-06-24,-1.21,32.6,False
566,002043,兔 宝 宝,11.59,0.96,0.37,16.24,11.500867904761,0.092804,66.72488059,497,907,73.2,2026-06-24,0.78,48.8,False
567,002044,美年健康,5.25,-1.87,0.71,-20.14,5.408566055446,0.3133436,60.72871744,-479,2142,80.8,2026-06-24,-2.93,49.1,False
568,002045,国光电器,8.22,-0.36,0.61,-44.91,8.265324888435,0.1319572,49.07926624,-83,4869,71.2,2026-06-24,-0.55,34.9,False
569,002046,国机精工,76.95,10.01,3.79,-1135.91,67.443426284089,0.5511876,71.68751655,753,386,89.2,2026-06-24,14.1,63.9,False
570,002047,宝鹰股份,4.76,0.42,0.59,-196.24,4.694559608417,0.386477058824,59.79710446,-347,2382,82.4,2026-06-24,1.39,49.3,False
571,002048,宁波华翔,24.41,-1.29,0.67,18.2,25.085868747301,0.3472668,58.89325424,-141,2631,78.0,2026-06-24,-2.69,45.9,False
572,002049,紫光国微,84.68,1.24,1.19,53.8,82.408359633963,0.416364,72.5320451,261,308,90.8,2026-06-24,2.76,65.9,False
573,002050,三花智控,45.12,2.78,1.07,51.17,43.80541104349,0.3961644,71.30031522,1137,416,77.6,2026-06-24,3.0,55.3,False
574,002051,中工国际,13.79,1.17,4.14,54.12,13.344432190965,0.506656,73.69282135,932,229,81.6,2026-06-24,3.34,60.1,False
575,002052,同洲电子,8.07,-2.42,0.5,234.05,8.036226448054,0.2823348,57.2502637,-460,3106,67.2,2026-06-24,0.42,38.5,False
576,002053,云南能投,9.07,-2.68,0.28,10.13,9.498437426834,0.2206856,51.29559721,-97,4522,68.8,2026-06-24,-4.51,35.3,False
577,002054,德美化工,7.33,-4.81,1.53,18.74,7.697449235613,0.23974,65.81421742,1131,1054,66.8,2026-06-24,-4.77,44.0,False
578,002055,ST得润,6.06,-5.02,1.75,36.26,6.274963697147,0.4096288,57.22518082,942,3118,71.6,2026-06-24,-3.43,41.0,False
579,002056,横店东磁,28.13,2.48,1.28,29.65,27.601645271228,0.3951528,74.63003988,-171,176,92.8,2026-06-24,1.91,69.3,False
580,002057,中钢天源,12.06,0.58,1.75,32.88,12.135507376518,0.3111452,59.71138723,-1023,2406,86.0,2026-06-24,-0.62,51.4,False
581,002058,威尔泰,20.55,-1.82,0.3,98.11,21.037688688893,0.26640372549,57.55678214,288,3030,66.8,2026-06-24,-2.32,38.4,False
582,002059,云南旅游,4.2,-1.18,0.1,-31.76,4.258425271032,0.1809032,49.7961638,-400,4773,71.2,2026-06-24,-1.37,35.5,False
583,002060,广东建工,3.09,-1.28,0.17,25.93,3.149239423009,0.253594,54.98798558,-160,3728,71.2,2026-06-24,-1.88,39.2,False
584,002061,浙江交科,3.4,-2.02,0.18,10.41,3.494537744516,0.2678204,61.36458116,-269,1973,70.0,2026-06-24,-2.71,43.0,False
585,002062,宏润建设,8.1,5.06,1.02,33.98,7.57795793475,0.3652004,65.42192901,2034,1106,69.6,2026-06-24,6.89,45.5,False
586,002063,远光软件,5.12,-0.97,0.32,226.56,5.175269852506,0.2813928,61.46746667,-262,1945,69.6,2026-06-24,-1.07,42.8,False
587,002064,华峰化学,10.67,-1.48,0.27,19.8,10.811131279499,0.2975684,67.62465136,511,787,78.8,2026-06-24,-1.31,53.3,False
588,002065,东华软件,7.41,-0.4,0.33,95.84,7.354433809721,0.3345304,65.82358973,-158,1051,72.8,2026-06-24,0.76,47.9,False
589,002066,瑞泰科技,21.64,-4.54,1.63,-397.63,22.853544562489,0.3443568,54.03273083,-126,3947,68.0,2026-06-24,-5.31,36.7,False
590,002067,景兴纸业,3.83,-1.79,0.56,66.58,3.91919502407,0.2358568,49.37219181,-369,4832,72.4,2026-06-24,-2.28,35.7,False
591,002068,黑猫股份,14.83,10.01,5.47,-28.67,12.536317446471,0.4089968,63.41734114,-247,1487,89.2,2026-06-24,18.3,56.6,False
592,002069,獐子岛,3.04,-0.33,0.27,211.24,3.092495390232,0.1135544,59.86359615,-657,2363,67.6,2026-06-24,-1.7,40.5,False
593,002072,凯瑞德,8.74,-3.74,1.44,-178.74,9.100610130184,0.1979472,60.37598363,69,2239,76.4,2026-06-24,-3.96,46.1,False
594,002073,软控股份,5.29,0.19,0.39,44.59,5.33028112365,0.217596,55.61027323,-1752,3566,70.4,2026-06-24,-0.76,39.1,False
595,002074,国轩高科,28.72,-1.68,0.38,617.55,29.253986714314,0.3172372,58.43377395,11,2778,72.4,2026-06-24,-1.83,42.3,False
596,002075,沙钢股份,3.49,-1.13,0.28,37.27,3.562141308172,0.235894,54.28171757,404,3893,72.0,2026-06-24,-2.03,39.1,False
597,002076,星光股份,2.32,-5.69,2.31,-91.52,2.527163873725,0.345056862745,51.80125066,-2378,4434,78.4,2026-06-24,-8.2,40.6,False
598,002077,大港股份,19.1,0.79,2.93,72.16,18.645071216782,0.2761524,72.11185784,751,346,87.2,2026-06-24,2.44,62.9,False
599,002078,太阳纸业,11.86,-2.95,0.29,9.14,12.192282693819,0.2489248,63.35764954,-705,1508,75.6,2026-06-24,-2.73,47.9,False
600,002079,苏州固锝,14.41,1.55,2.12,38.52,14.050461144223,0.2436212,66.30882837,328,957,90.8,2026-06-24,2.56,60.2,False
601,002080,中材科技,92.93,10.0,1.98,76.83,82.582044022288,0.527724,78.91991538,353,51,91.2,2026-06-24,12.53,72.0,False
602,002081,金 螳 螂,4.71,2.39,2.61,17.75,4.550218383538,0.2924072,62.06036078,1741,1801,76.0,2026-06-24,3.51,47.2,False
603,002082,ST万邦,11.87,-3.73,0.65,17.63,12.626683328927,0.374014117647,54.50739198,272,3835,64.8,2026-06-24,-5.99,35.3,False
604,002083,孚日股份,11.92,-1.16,5.72,15.64,12.370132080969,0.4246768,80.75044208,12,25,83.6,2026-06-24,-3.64,67.5,False
605,002084,海鸥住工,3.54,-0.84,0.4,-25.4,3.538845864374,0.2032056,58.29296872,-427,2832,68.4,2026-06-24,0.03,39.9,False
606,002085,万丰奥威,12.14,0.17,0.5,26.51,12.109416224189,0.2845016,55.44773343,-306,3608,84.0,2026-06-24,0.25,46.6,False
607,002086,东方海洋,1.72,-1.71,0.26,-74.75,1.72904192449,0.4112216,55.16460771,1153,3681,69.2,2026-06-24,-0.52,38.2,False
608,002088,鲁阳节能,8.06,-0.74,0.5,352.23,8.243987663718,0.1522052,52.90500292,100,4200,67.6,2026-06-24,-2.23,35.8,False
609,002090,金智科技,9.62,-1.03,0.74,44.06,9.698087770195,0.2338948,62.28983262,-17,1746,72.8,2026-06-24,-0.81,45.3,False
610,002091,江苏国泰,7.3,-1.75,0.17,14.02,7.479763105944,0.2373636,57.72526752,-90,2977,72.0,2026-06-24,-2.4,41.6,False
611,002092,中泰化学,3.9,-3.47,0.59,-17.71,4.053603732436,0.2813388,53.99724503,188,3957,70.4,2026-06-24,-3.79,38.0,False
612,002093,国脉科技,6.55,-1.21,0.27,-88.09,6.639132231705,0.1694772,57.71158375,-121,2984,71.2,2026-06-24,-1.34,41.1,False
613,002094,青岛金王,4.48,-1.54,0.42,99.38,4.612900988467,0.1460288,50.32890489,8,4697,71.2,2026-06-24,-2.88,35.8,False
614,002095,生 意 宝,13.38,-2.55,0.37,738.14,13.779953462269,0.1669528,57.8875918,315,2926,74.4,2026-06-24,-2.9,43.1,False
615,002096,易普力,9.09,-2.68,0.19,26.23,9.396351476872,0.138386,65.8935973,-29,1037,73.2,2026-06-24,-3.26,48.2,False
616,002097,山河智能,7.63,-0.39,0.67,112.87,7.656924148213,0.2194648,46.64189221,37,5062,72.0,2026-06-24,-0.35,33.6,False
617,002098,浔兴股份,6.59,-1.79,0.2,19.62,6.772305661903,0.1112984,58.69126691,-1290,2697,64.8,2026-06-24,-2.69,38.0,False
618,002099,海翔药业,5.0,-3.1,0.37,76.51,5.239444538186,0.2229196,46.74191001,-283,5051,69.2,2026-06-24,-4.57,32.3,False
619,002100,天康生物,5.77,-1.54,0.26,-12.06,5.885775745978,0.2473972,54.72320709,-889,3790,69.6,2026-06-24,-1.97,38.1,False
620,002101,广东鸿图,9.32,4.84,0.86,-219.37,9.026986636334,0.2115148,57.60800395,-1679,3015,77.2,2026-06-24,3.25,44.5,False
621,002102,ST能特,2.07,-4.61,0.57,54.03,2.164325749889,0.345036470588,58.57286729,1266,2733,63.6,2026-06-24,-4.36,37.3,False
622,002103,广博股份,5.9,-1.83,0.44,38.75,6.046405415385,0.0956476,53.54453529,-613,4076,71.2,2026-06-24,-2.42,38.1,False
623,002104,恒宝股份,10.59,-1.58,0.72,-89.86,10.873156020875,0.1740148,45.38694034,4,5105,71.6,2026-06-24,-2.6,32.5,False
624,002105,信隆健康,5.06,-1.17,0.87,-238.33,5.19733800451,0.0370464,49.72724426,-306,4778,67.2,2026-06-24,-2.64,33.4,False
625,002106,莱宝高科,14.52,3.13,2.5,73.43,13.976621269478,0.303032,65.66173564,-477,1076,86.0,2026-06-24,3.89,56.5,False
626,002107,沃华医药,5.71,-3.22,0.55,22.48,5.953692274839,0.1487056,62.10172818,0,1790,65.2,2026-06-24,-4.09,40.5,False
627,002108,沧州明珠,4.7,0.43,1.54,43.81,4.682620320119,0.3742156,61.05144987,1529,2060,67.2,2026-06-24,0.37,41.0,False
628,002109,ST兴化,2.44,-5.06,0.24,-112.76,2.558388396196,0.264213333333,52.39618212,-1188,4309,62.0,2026-06-24,-4.63,32.5,False
629,002110,三钢闽光,2.84,-1.05,0.3,-17.95,2.874543730579,0.2105956,52.30151472,-75,4332,67.2,2026-06-24,-1.2,35.1,False
630,002111,威海广泰,9.12,-0.65,0.4,15.7,9.217227922874,0.1010148,58.8683071,-204,2641,68.8,2026-06-24,-1.05,40.5,False
631,002112,三变科技,16.97,-2.02,1.27,59.23,17.290688428596,0.203348,53.22225434,406,4135,69.6,2026-06-24,-1.85,37.0,False
632,002114,罗平锌电,7.35,-3.29,1.81,-15.06,7.553587598887,0.2409524,56.31107353,283,3388,82.8,2026-06-24,-2.7,46.6,False
633,002115,三维通信,10.86,-2.25,1.03,101.89,11.059732151682,0.2145948,56.56252459,-81,3319,74.0,2026-06-24,-1.81,41.9,False
634,002116,中国海诚,7.0,-1.69,0.15,23.76,7.174227457528,0.1188056,62.05181468,-347,1803,69.2,2026-06-24,-2.43,42.9,False
635,002117,东港股份,8.05,-2.42,0.54,21.24,8.300418740617,0.2309652,57.12285537,4,3144,70.0,2026-06-24,-3.02,40.0,False
636,002119,康强电子,33.3,2.37,6.24,122.67,32.020124383136,0.3059692,62.50837237,122,1700,86.4,2026-06-24,4.0,54.0,False
637,002120,韵达股份,6.29,-0.16,0.24,9.36,6.326168837716,0.2753604,63.43563051,-825,1482,72.8,2026-06-24,-0.57,46.2,False
638,002121,科陆电子,5.48,-1.62,0.57,-56.35,5.567622651117,0.2392696,49.47493472,-53,4814,73.2,2026-06-24,-1.57,36.2,False
639,002122,ST汇洲,2.24,-4.27,0.49,82.16,2.364410364318,0.2228024,49.18041331,-1080,4856,69.2,2026-06-24,-5.26,34.0,False
640,002123,梦网科技,7.68,1.99,1.34,-35.16,7.534587180406,0.2429884,56.29084254,220,3396,72.0,2026-06-24,1.93,40.5,False
641,002124,天邦食品,2.06,-1.9,1.01,-1.62,2.119701288242,0.3008788,43.99495714,-650,5150,69.2,2026-06-24,-2.82,30.4,False
642,002125,湘潭电化,15.15,-4.05,1.84,26.68,15.697848881729,0.2979116,57.13892384,-273,3138,82.0,2026-06-24,-3.49,46.9,False
643,002126,银轮股份,50.55,1.85,0.81,50.0,49.003107999184,0.3345896,68.95930494,231,627,80.0,2026-06-24,3.16,55.2,False
644,002127,南极电商,2.64,0.76,0.42,49.65,2.644748852998,0.2559556,52.6430555,-1615,4257,69.2,2026-06-24,-0.18,36.4,False
645,002128,电投能源,24.41,-3.52,0.15,9.01,24.888069776598,0.3741928,72.07809905,-69,348,76.8,2026-06-24,-1.92,55.4,False
646,002129,TCL中环,10.04,5.68,2.5,-6.16,9.507178380903,0.3517396,55.44033347,-67,3610,86.0,2026-06-24,5.6,47.7,False
647,002130,沃尔核材,19.33,-1.18,0.62,29.25,19.639244811789,0.2512856,60.94654639,297,2088,72.8,2026-06-24,-1.57,44.4,False
648,002131,利欧股份,5.1,-0.97,0.96,276.18,5.122515406456,0.3161372,49.86949089,307,4764,70.0,2026-06-24,-0.44,34.9,False
649,002132,恒星科技,5.43,-1.09,2.2,33.59,5.333627108172,0.3028328,71.69832678,292,385,78.4,2026-06-24,1.81,56.2,False
650,002133,广宇集团,2.46,-1.6,0.36,-114.36,2.530925810716,0.1359984,56.59355275,-777,3312,64.8,2026-06-24,-2.8,36.7,False
651,002134,天津普林,29.78,5.34,2.89,159.13,28.336387136912,0.2507212,63.14968307,196,1554,76.8,2026-06-24,5.09,48.5,False
652,002135,东南网架,6.99,-1.96,0.39,127.79,7.039564274611,0.3572064,54.80309303,841,3777,68.4,2026-06-24,-0.7,37.5,False
653,002136,安 纳 达,13.92,2.65,1.66,100.94,13.616363796029,0.1605744,60.0340092,247,2321,78.0,2026-06-24,2.23,46.8,False
654,002137,实益达,10.04,-1.67,3.64,108.35,10.141764822046,0.2276904,59.84920603,78,2368,88.4,2026-06-24,-1.0,52.9,False
655,002138,顺络电子,70.92,4.63,1.95,80.37,67.13214204771,0.4204132,68.52076676,202,674,89.6,2026-06-24,5.64,61.4,False
656,002139,拓邦股份,9.59,0.21,0.51,57.61,9.54914481146,0.2192372,56.9339901,-109,3193,79.2,2026-06-24,0.43,45.1,False
657,002140,东华科技,9.58,-0.83,0.17,11.91,9.787791115193,0.2090484,61.14092163,-944,2035,69.6,2026-06-24,-2.12,42.6,False
658,002141,贤丰控股,4.47,-6.09,4.59,116.07,4.75883684197,0.3053064,57.39584497,-2701,3067,89.6,2026-06-24,-6.07,51.4,False
659,002142,宁波银行,31.21,1.17,0.14,6.3,30.836984961912,0.3615048,66.02149009,-195,1011,83.2,2026-06-24,1.21,54.9,False
660,002144,宏达高科,10.31,-1.15,0.64,37.77,10.575377188711,0.1728024,54.13312949,-1526,3928,63.6,2026-06-24,-2.51,34.4,False
661,002145,钛能化学,4.87,-0.61,0.65,44.61,4.790671510015,0.411778,71.99863338,985,355,83.2,2026-06-24,1.66,59.9,False
662,002146,荣盛发展,1.12,-2.61,0.68,-1.85,1.157862268494,0.4282108,47.31201585,-190,5008,71.6,2026-06-24,-3.27,33.9,False
663,002148,北纬科技,6.05,-1.31,0.7,349.86,6.12088458692,0.1746968,57.32394149,88,3081,72.8,2026-06-24,-1.16,41.7,False
664,002149,西部材料,49.13,-1.21,2.37,652.02,48.727368476642,0.3481372,42.91274175,23,5175,77.6,2026-06-24,0.83,33.3,False
665,002150,正泰电源,25.06,-0.24,0.67,150.24,25.000536963882,0.2521264,61.84159047,-423,1860,67.6,2026-06-24,0.24,41.8,False
666,002151,北斗星通,32.08,-1.6,0.76,321.21,32.128950108979,0.233212,56.11369937,1439,3433,71.2,2026-06-24,-0.15,40.0,False
667,002152,广电运通,9.78,-0.51,0.16,26.83,9.806234246898,0.2033124,60.92897406,191,2092,74.0,2026-06-24,-0.27,45.1,False
668,002153,石基信息,7.39,-1.47,0.25,213.27,7.472163152083,0.1670212,55.72442658,-85,3540,69.2,2026-06-24,-1.1,38.6,False
669,002154,报 喜 鸟,3.79,-2.82,0.61,5.84,3.894923898891,0.2444472,70.37897556,439,489,70.4,2026-06-24,-2.69,49.5,False
670,002155,湖南黄金,25.39,-2.57,1.4,16.66,25.919036200917,0.3655944,68.60056691,-123,667,79.6,2026-06-24,-2.04,54.6,False
671,002156,通富微电,78.24,4.82,5.43,90.21,72.210237775894,0.488064,78.3029845,857,63,93.2,2026-06-24,8.35,73.0,False
672,002157,正邦科技,2.77,-1.42,0.37,-15.46,2.817221431771,0.4294848,48.89097459,-169,4882,72.0,2026-06-24,-1.68,35.2,False
673,002158,汉钟精机,36.99,5.69,2.13,40.67,33.274945753248,0.3106492,75.8274439,290,129,80.0,2026-06-24,11.16,60.7,False
674,002159,三特索道,12.67,-2.84,1.12,27.16,13.220677291475,0.2015196,65.76574551,935,1062,73.2,2026-06-24,-4.17,48.1,False
675,002160,常铝股份,3.92,-3.45,0.78,79.65,4.072887835766,0.256548363636,54.34143297,-102,3870,73.6,2026-06-24,-3.75,40.0,False
676,002161,远 望 谷,5.83,-0.85,0.81,-28.14,5.849285300511,0.174986,55.67187443,-1694,3552,82.8,2026-06-24,-0.33,46.1,False
677,002162,悦心健康,3.43,-2.0,0.22,-234.23,3.529262146049,0.1819516,53.84129717,-1552,3994,69.6,2026-06-24,-2.81,37.5,False
678,002163,海南发展,8.7,-0.91,0.45,-466.89,8.762300884897,0.1284244,49.03834628,-752,4876,69.6,2026-06-24,-0.71,34.1,False
679,002164,宁波东力,12.47,0.32,0.66,76.19,12.414113929875,0.2422088,58.31415649,525,2819,79.6,2026-06-24,0.45,46.4,False
680,002165,红 宝 丽,6.92,-1.98,2.72,-52.97,7.17972766639,0.2112676,46.62355813,-920,5064,80.4,2026-06-24,-3.62,37.5,False
681,002166,莱茵生物,6.21,-2.97,0.92,27.08,6.554631786189,0.2505944,52.67466434,-946,4249,70.4,2026-06-24,-5.26,37.1,False
682,002167,东方锆业,21.76,1.4,12.25,208.16,20.500462806953,0.5252676,61.97298317,-1590,1825,96.0,2026-06-24,6.14,59.5,False
683,002168,ST惠程,3.54,-1.67,0.15,-144.74,3.60916687637,0.413086666667,55.97193463,1017,3477,68.4,2026-06-24,-1.92,38.3,False
684,002169,智光电气,15.65,-0.89,3.08,134.34,15.133874809114,0.4288444,67.53244364,1881,795,74.0,2026-06-24,3.41,50.0,False
685,002170,芭田股份,11.33,-2.83,0.88,10.05,11.485023168861,0.349704,72.76467148,932,294,71.6,2026-06-24,-1.35,52.1,False
686,002171,楚江新材,15.14,0.8,4.18,43.83,14.84222651047,0.3461264,64.75643395,113,1225,91.2,2026-06-24,2.01,59.1,False
687,002172,澳洋健康,2.9,-2.36,0.41,106.03,3.004899444852,0.1608688,57.72675617,698,2974,69.6,2026-06-24,-3.49,40.2,False
688,002173,创新医疗,17.65,-7.4,6.51,-77.42,18.771165842888,0.3631684,64.62847477,1785,1248,73.2,2026-06-24,-5.97,47.3,False
689,002174,游族网络,12.59,-1.87,1.46,29.72,12.788830573357,0.4253436,65.16766187,-389,1150,82.0,2026-06-24,-1.55,53.4,False
690,002175,*ST东智,,,0.0,-325.32,2.15,0.178709411765,53.10743326,103,4160,68.4,2026-06-24,,36.3,False
691,002176,江特电机,10.91,-2.42,1.44,-25.91,10.900903327723,0.3250548,53.78200227,823,4010,76.4,2026-06-24,0.08,41.1,False
692,002177,御银股份,6.09,-1.3,1.02,116.2,6.203978383643,0.20166,56.92917063,-1603,3195,74.0,2026-06-24,-1.84,42.1,False
693,002178,延华智能,4.59,-1.71,0.41,-143.41,4.733990060652,0.1590752,47.73688288,-773,4978,71.2,2026-06-24,-3.04,34.0,False
694,002179,中航光电,43.75,4.19,0.75,57.67,41.520351804033,0.4101948,71.53868795,-114,397,89.6,2026-06-24,5.37,64.1,False
695,002180,奔图科技,13.98,-0.71,0.27,76.99,14.1490021902,0.287772,54.54211681,-661,3825,75.6,2026-06-24,-1.19,41.2,False
696,002181,粤 传 媒,10.32,-1.15,0.82,171.06,10.422315911309,0.2194616,46.87973739,74,5041,80.0,2026-06-24,-0.98,37.5,False
697,002182,宝武镁业,12.63,-2.55,0.59,615.35,12.951366299397,0.2945332,51.4377457,-815,4500,78.4,2026-06-24,-2.48,40.3,False
698,002183,怡 亚 通,5.62,5.05,1.94,217.01,5.344509912004,0.3086584,51.2911548,-166,4523,76.8,2026-06-24,5.15,39.4,False
699,002184,海得控制,9.6,-2.24,0.56,275.95,9.777157976693,0.1170744,49.86201211,21,4767,74.4,2026-06-24,-1.81,37.1,False
700,002185,华天科技,22.32,6.39,6.96,213.68,20.55134844464,0.38464,71.66798571,1698,388,92.0,2026-06-24,8.61,65.9,False
701,002186,全 聚 德,8.57,-1.15,0.23,96.98,8.740674338062,0.1989336,57.36574997,-2028,3075,70.8,2026-06-24,-1.95,40.6,False
702,002187,广百股份,4.83,-1.63,0.32,35.06,4.97162589754,0.1810496,55.09498792,606,3698,68.4,2026-06-24,-2.85,37.7,False
703,002188,中天服务,5.07,-2.12,1.28,65.59,5.251025576675,0.1155392,60.84725211,786,2118,62.8,2026-06-24,-3.45,38.2,False
704,002189,中光学,21.14,2.82,1.29,-22.03,19.809709738551,0.2753664,60.81671671,880,2128,72.8,2026-06-24,6.72,44.3,False
705,002190,成飞集成,25.1,-2.83,0.39,-109.57,25.655695441185,0.2252796,53.81622648,938,4002,74.8,2026-06-24,-2.17,40.3,False
706,002191,劲嘉股份,4.05,-3.57,1.8,39.19,4.152397243661,0.3453204,58.79933799,1241,2663,76.4,2026-06-24,-2.47,44.9,False
707,002192,融捷股份,93.0,-0.42,6.86,21.72,89.650237245986,0.5033368,77.97983599,1443,70,80.4,2026-06-24,3.74,62.7,False
708,002193,ST如意,4.28,-3.82,0.55,-9.21,4.511274647385,0.192210588235,44.2279638,-12,5143,64.0,2026-06-24,-5.13,28.3,False
709,002194,武汉凡谷,11.83,-1.0,1.94,-1376.77,11.918784782662,0.2124512,54.43340659,-1877,3847,82.0,2026-06-24,-0.74,44.6,False
710,002195,岩山科技,6.94,-1.56,0.85,466.7,7.159638685688,0.2874784,58.44406591,1755,2773,70.8,2026-06-24,-3.07,41.4,False
711,002196,方正电机,13.41,-2.97,3.34,142.96,13.733932635105,0.2735184,57.87043269,-1365,2929,85.2,2026-06-24,-2.36,49.3,False
712,002197,证通电子,6.14,-0.65,0.61,527.34,6.223359808675,0.1705264,56.19535433,-124,3415,75.2,2026-06-24,-1.34,42.3,False
713,002198,ST嘉应,3.09,-3.74,0.62,31.47,3.279647654054,0.216619803922,46.44375687,-1203,5072,63.6,2026-06-24,-5.78,29.5,False
714,002199,*ST东晶,12.05,-1.39,0.29,-408.33,12.073832926563,0.3431012,57.64123769,1055,3004,69.6,2026-06-24,-0.2,40.1,False
715,002200,交投生态,6.08,-2.72,0.63,47.77,6.384666687764,0.179794901961,54.1623095,-26,3919,66.4,2026-06-24,-4.77,36.0,False
716,002201,九鼎新材,12.89,-2.94,2.7,134.13,13.133926271781,0.2335156,71.46987956,169,401,83.2,2026-06-24,-1.86,59.5,False
717,002202,金风科技,22.65,2.03,1.36,26.36,21.751139193757,0.3862316,71.29411471,1124,419,70.8,2026-06-24,4.13,50.5,False
718,002203,海亮股份,24.38,-1.22,0.67,32.04,24.583153370822,0.371326,67.69790359,560,781,86.4,2026-06-24,-0.83,58.5,False
719,002204,大连重工,5.4,-0.55,0.26,12.51,5.422232825461,0.2541192,61.91426373,-1229,1845,74.4,2026-06-24,-0.41,46.1,False
720,002205,国统股份,10.65,-1.57,0.26,-14.47,10.963385791795,0.1515168,51.34767324,454,4514,69.6,2026-06-24,-2.86,35.7,False
721,002206,海 利 得,5.41,-1.99,0.61,12.76,5.552263147092,0.3016232,62.28965344,68,1747,70.8,2026-06-24,-2.56,44.1,False
722,002207,*ST准油,6.2,-5.05,2.44,-25.86,6.621659544867,0.296814705882,44.74063533,-1031,5127,66.8,2026-06-24,-6.37,29.9,False
723,002208,合肥城建,16.49,0.12,3.09,-133.02,16.240133771382,0.2721028,59.73750114,-254,2401,81.6,2026-06-24,1.54,48.7,False
724,002209,达 意 隆,10.83,-3.39,0.85,30.48,11.144163896307,0.1552752,62.56937221,-529,1680,66.8,2026-06-24,-2.82,41.8,False
725,002210,飞马国际,2.19,-0.9,0.58,125.57,2.233887584071,0.226786,51.97883401,-1147,4398,74.4,2026-06-24,-1.96,38.7,False
726,002211,ST宏达,3.82,-4.26,1.01,215.38,3.987452248992,0.357872,62.65586067,-185,1662,70.4,2026-06-24,-4.2,44.1,False
727,002212,天融信,5.94,-1.16,0.45,-17.39,5.988704554543,0.226008,54.32203435,337,3876,70.0,2026-06-24,-0.81,38.0,False
728,002213,大为股份,40.75,3.58,3.68,154.83,38.908572595758,0.2409892,63.230031,220,1544,86.8,2026-06-24,4.73,54.9,False
729,002214,*ST大立,14.54,-2.09,0.21,-31.86,14.775087317695,0.3211132,46.60156657,13,5065,69.2,2026-06-24,-1.59,32.2,False
730,002215,诺 普 信,8.77,-2.88,0.67,2.93,9.100106232322,0.2457228,62.08234739,94,1794,75.2,2026-06-24,-3.63,46.7,False
731,002216,三全食品,11.68,-1.1,0.18,9.54,11.850343092264,0.1570496,67.11334779,-274,852,71.2,2026-06-24,-1.44,47.8,False
732,002217,ST合力泰,2.17,-4.82,0.04,4902.66,2.28,0.206168186275,56.37260383,-198,3371,75.2,2026-06-24,-4.82,42.4,False
733,002218,拓日新能,3.88,-0.77,0.63,-33.89,3.895330079861,0.1699196,42.01206617,-71,5185,69.2,2026-06-24,-0.39,29.1,False
734,002219,新里程,1.79,-3.24,0.68,75.48,1.867145398579,0.3335524,53.946882,26,3967,67.6,2026-06-24,-4.13,36.5,False
735,002221,东华能源,5.53,-3.83,0.5,13.55,5.779559916144,0.2691864,58.42055954,72,2781,72.4,2026-06-24,-4.32,42.3,False
736,002222,福晶科技,96.66,1.73,1.7,174.18,94.077471719209,0.3962268,73.46978255,814,243,89.6,2026-06-24,2.75,65.8,False
737,002223,鱼跃医疗,24.79,-3.05,0.39,14.5,25.418506756596,0.2448248,63.33885546,549,1515,82.0,2026-06-24,-2.47,51.9,False
738,002224,三 力 士,3.38,-1.74,0.42,-57.29,3.46261607745,0.3016184,54.93437527,880,3748,67.6,2026-06-24,-2.39,37.1,False
739,002225,濮耐股份,4.32,-4.21,2.15,66.23,4.537207902078,0.299492,65.68934631,-282,1075,78.8,2026-06-24,-4.79,51.8,False
740,002226,江南化工,4.59,-2.55,0.21,22.62,4.760857415492,0.2800088,56.66178599,-171,3283,69.6,2026-06-24,-3.59,39.4,False
741,002227,*ST特迅,6.66,-2.2,0.34,-26.28,6.912383893416,0.246354901961,59.40005325,281,2498,66.4,2026-06-24,-3.65,39.4,False
742,002228,合兴包装,3.06,-1.29,0.26,22.81,3.117226002918,0.1910312,52.74601832,-53,4224,63.6,2026-06-24,-1.84,33.5,False
743,002229,鸿博股份,11.08,-1.07,1.4,-43.36,11.107344247445,0.2422784,42.28097794,18,5182,70.8,2026-06-24,-0.25,29.9,False
744,002230,科大讯飞,42.08,-1.22,0.37,-148.89,42.259714436488,0.3812192,71.21211205,572,426,87.2,2026-06-24,-0.43,62.1,False
745,002232,启明信息,14.17,-2.07,0.28,21450.52,14.449497931309,0.1700044,57.04471188,-1323,3165,72.4,2026-06-24,-1.93,41.3,False
746,002233,塔牌集团,7.26,-0.68,0.09,14.49,7.353422076497,0.1099576,58.14504451,-1083,2864,69.2,2026-06-24,-1.27,40.2,False
747,002234,民和股份,6.53,-1.66,0.42,-8.44,6.691969132477,0.1008968,50.39679941,-31,4687,70.0,2026-06-24,-2.42,35.3,False
748,002235,安妮股份,8.47,4.57,4.25,-1681.49,7.961210392422,0.3175608,50.68983661,542,4627,71.2,2026-06-24,6.39,36.1,False
749,002236,大华股份,16.9,3.36,1.23,19.8,16.161212737368,0.3367664,71.24252999,942,425,73.6,2026-06-24,4.57,52.4,False
750,002237,恒邦股份,13.81,-2.47,1.01,27.07,13.952133247367,0.3272028,66.55697185,849,929,80.0,2026-06-24,-1.02,53.2,False
751,002238,天威视讯,5.66,-1.91,0.16,-52.72,5.830090838439,0.1081284,57.74111256,-630,2967,70.4,2026-06-24,-2.92,40.6,False
752,002239,奥特佳,2.55,5.81,2.32,54.07,2.436715045501,0.3158172,56.40824581,-1589,3361,72.8,2026-06-24,4.65,41.1,False
753,002240,盛新锂能,47.7,0.72,4.4,23.52,45.585853964711,0.4744084,71.32111139,3328,414,83.2,2026-06-24,4.64,59.3,False
754,002241,歌尔股份,24.12,1.22,1.04,42.56,23.472830134501,0.4167152,69.2796705,1530,594,84.8,2026-06-24,2.76,58.7,False
755,002242,九阳股份,8.19,-1.09,0.13,18.86,8.294420084731,0.1780136,57.49144477,992,3046,66.0,2026-06-24,-1.26,37.9,False
756,002243,力合科创,6.91,-2.54,0.32,-97.35,7.084933943545,0.2714688,58.65329369,1316,2709,76.8,2026-06-24,-2.47,45.0,False
757,002244,滨江集团,7.69,-2.29,0.3,7.38,7.892236029569,0.2876396,59.70377001,-1153,2410,70.8,2026-06-24,-2.56,42.3,False
758,002245,蔚蓝锂芯,20.61,-4.27,2.16,44.94,21.201680104162,0.36407,63.34352739,-1232,1513,88.8,2026-06-24,-2.79,56.2,False
759,002246,北化股份,19.16,-1.14,0.61,36.36,19.241747797179,0.2440868,60.37731859,-109,2238,69.6,2026-06-24,-0.42,42.0,False
760,002247,聚力文化,2.21,0.0,1.31,548.16,2.240267930067,0.2037504,62.02216449,950,1809,64.8,2026-06-24,-1.35,40.2,False
761,002248,华东数控,9.15,-1.4,0.7,86.54,9.28381936315,0.1465808,55.7688618,252,3530,70.4,2026-06-24,-1.44,39.3,False
762,002249,大洋电机,7.84,-0.88,0.43,16.16,7.931096317948,0.2813092,55.79133651,-115,3522,72.4,2026-06-24,-1.15,40.4,False
763,002250,联化科技,14.22,-3.72,0.8,31.39,14.720584593973,0.3075212,64.80119067,527,1217,70.8,2026-06-24,-3.4,45.9,False
764,002251,步步高,3.64,1.68,2.52,21.01,3.65526409789,0.2736816,50.47740368,-1073,4675,84.8,2026-06-24,-0.42,42.8,False
765,002252,上海莱士,4.42,-2.21,0.23,23.07,4.578867326644,0.3360352,61.17708082,1126,2026,78.4,2026-06-24,-3.47,48.0,False
766,002253,*ST智胜,,,0.0,-31.04,9.977162671452,0.36151,47.08159721,-815,5025,71.2,2026-06-24,,33.5,False
767,002254,泰和新材,20.17,9.98,10.25,273.66,18.012393310624,0.60577,65.17773681,2625,1147,87.2,2026-06-24,11.98,56.8,False
768,002255,海陆重工,9.31,2.53,1.87,18.69,9.153791196473,0.1947664,58.93272826,-84,2623,70.8,2026-06-24,1.71,41.7,False
769,002256,兆新股份,3.94,0.77,0.86,187.48,3.856688490757,0.3501704,49.84175362,-1032,4768,71.6,2026-06-24,2.16,35.7,False
770,002258,利尔化学,13.68,-1.94,0.61,23.79,13.908125749184,0.3384076,68.00336778,458,736,83.6,2026-06-24,-1.64,56.9,False
771,002259,升达林业,4.11,0.98,1.03,10.05,4.057966384583,0.2512912,51.23462588,35,4534,59.2,2026-06-24,1.28,30.3,False
772,002261,拓维信息,29.04,-0.68,0.89,148.85,29.028663451631,0.2588624,54.37425888,148,3861,70.8,2026-06-24,0.04,38.5,False
773,002262,恩华药业,18.52,-2.63,0.4,14.82,19.235401871493,0.232166,67.38154771,125,814,78.0,2026-06-24,-3.72,52.6,False
774,002263,大东南,3.95,-3.19,2.18,429.32,4.089252668241,0.2961804,56.84237509,-614,3219,76.8,2026-06-24,-3.41,43.7,False
775,002264,新 华 都,5.87,-2.65,0.51,12.61,6.006938358437,0.1444412,58.37555,-169,2791,68.8,2026-06-24,-2.28,40.2,False
776,002265,建设工业,18.09,-0.88,0.14,135.47,18.30908248672,0.1796432,55.53939436,58,3578,70.8,2026-06-24,-1.2,39.3,False
777,002266,浙富控股,5.15,3.41,0.89,11.16,4.917491178063,0.3179048,76.67274888,87,101,77.2,2026-06-24,4.73,59.2,False
778,002267,陕天然气,6.64,0.61,0.13,4.97,6.880926397747,0.2046572,57.49777954,-1468,3044,65.2,2026-06-24,-3.5,37.5,False
779,002268,电科网安,12.84,-1.08,0.19,-17.42,13.024622738443,0.1926104,53.7424223,-1138,4021,72.0,2026-06-24,-1.42,38.7,False
780,002269,美邦服饰,1.35,-1.46,0.47,545.72,1.388098684703,0.3648972,46.6609607,-753,5061,71.6,2026-06-24,-2.74,33.4,False
781,002270,华明装备,19.92,-2.35,0.41,27.38,20.368690982576,0.2106432,60.23326005,-499,2269,78.0,2026-06-24,-2.2,47.0,False
782,002271,东方雨虹,11.85,-0.67,0.38,17.61,11.983819551908,0.245752,62.22998164,480,1757,74.4,2026-06-24,-1.12,46.3,False
783,002272,川润股份,23.76,2.41,4.58,-93.28,22.771187649759,0.3532232,69.06483414,-375,621,84.4,2026-06-24,4.34,58.3,False
784,002273,水晶光电,36.57,1.56,1.4,51.54,34.919644467082,0.42884,75.64451792,150,137,82.0,2026-06-24,4.73,62.0,False
785,002274,华昌化工,4.86,-2.61,0.31,23.9,4.993122505644,0.1796344,52.47623299,-670,4294,68.8,2026-06-24,-2.67,36.1,False
786,002275,桂林三金,12.23,-2.63,0.09,14.45,12.618688535514,0.1448032,63.3807966,334,1503,65.6,2026-06-24,-3.08,41.6,False
787,002276,万马股份,10.64,-1.75,0.35,42.53,10.828578794964,0.2399408,61.93793003,-273,1836,71.6,2026-06-24,-1.74,44.3,False
788,002277,友阿股份,5.82,-2.02,0.27,47.85,5.912135549946,0.3126004,47.47303784,-392,4999,74.0,2026-06-24,-1.56,35.1,False
789,002278,神开股份,7.98,-1.6,0.52,-356.54,8.083565880446,0.1815668,58.78916178,1326,2666,69.2,2026-06-24,-1.28,40.7,False
790,002279,久其软件,5.99,-2.28,0.72,-15.07,6.152360747038,0.2369632,55.67649637,-1513,3550,76.8,2026-06-24,-2.64,42.8,False
791,002281,光迅科技,270.0,1.37,1.95,232.82,265.983466769898,0.489376,73.7946995,108,219,91.6,2026-06-24,1.51,67.6,False
792,002282,博深股份,5.85,-2.17,0.24,21.41,5.996919713816,0.1912404,58.45632148,-584,2771,68.0,2026-06-24,-2.45,39.8,False
793,002283,天润工业,9.97,-1.87,0.74,19.53,10.102055654964,0.2437492,69.09914065,-118,616,80.0,2026-06-24,-1.31,55.3,False
794,002284,亚太股份,9.74,-1.72,0.45,12.67,9.989906868843,0.2025228,58.98330294,471,2608,71.2,2026-06-24,-2.5,42.0,False
795,002285,世联行,2.12,0.0,0.57,-261.55,2.150071745385,0.2834632,50.61375817,-1766,4640,68.0,2026-06-24,-1.4,34.4,False
796,002286,保龄宝,8.82,-1.23,0.32,15.5,9.011797017159,0.1630968,56.66609904,332,3281,66.8,2026-06-24,-2.13,37.9,False
797,002287,奇正藏药,18.98,-3.41,0.14,28.52,19.918707648266,0.1205,56.77573606,-793,3244,68.8,2026-06-24,-4.71,39.1,False
798,002289,*ST宇顺,,,0.0,68.8,48.238884097663,0.601366,72.56246791,-82,305,70.4,2026-06-24,,51.1,False
799,002290,禾盛新材,87.75,-0.5,0.74,126.27,87.06504044143,0.3909048,75.35688484,551,148,74.8,2026-06-24,0.79,56.4,False
800,002291,遥望科技,5.0,-1.19,0.59,5.14,5.090077501725,0.2152224,54.26874494,767,3895,70.8,2026-06-24,-1.77,38.4,False
801,002292,奥飞娱乐,6.38,0.47,0.81,43.1,6.401982234671,0.1861996,52.13647445,106,4373,72.0,2026-06-24,-0.34,37.5,False
802,002293,罗莱生活,9.82,-1.41,0.09,13.87,9.983215323962,0.0961812,61.35701511,-387,1976,65.6,2026-06-24,-1.63,40.3,False
803,002294,信立泰,30.12,-4.11,0.61,37.26,31.585283684518,0.2806916,66.07243682,-99,1003,80.8,2026-06-24,-4.64,53.4,False
804,002295,精艺股份,9.12,-2.15,0.52,79.31,9.336155511873,0.1166832,53.07241077,27,4163,64.8,2026-06-24,-2.32,34.4,False
805,002296,辉煌科技,9.25,-1.39,0.62,10.65,9.374612231133,0.1872996,54.1066023,-1678,3932,70.4,2026-06-24,-1.33,38.1,False
806,002297,博云新材,33.79,0.39,6.11,36.59,32.170874615773,0.4016356,72.77477235,-193,292,94.8,2026-06-24,5.03,69.0,False
807,002298,中电鑫龙,7.72,-3.02,0.82,33.26,7.869910766862,0.1889216,45.98791896,49,5086,69.6,2026-06-24,-1.9,32.0,False
808,002299,圣农发展,15.19,-1.56,0.17,18.66,15.544463429938,0.170758,62.42360435,-242,1721,73.6,2026-06-24,-2.28,45.9,False
809,002300,太阳电缆,7.04,-1.81,0.47,78.93,7.146753283793,0.190652,54.65856297,15,3801,67.6,2026-06-24,-1.49,36.9,False
810,002301,齐心集团,7.24,-3.34,0.75,30.68,7.564291357886,0.2501364,64.6443511,-774,1243,69.6,2026-06-24,-4.29,45.0,False
811,002302,西部建设,4.48,-1.97,0.15,-6.27,4.57305091114,0.163712,52.56571291,-978,4278,70.8,2026-06-24,-2.03,37.2,False
812,002303,美盈森,4.16,7.77,8.73,25.95,3.798877055094,0.5229724,67.95056661,1983,746,74.8,2026-06-24,9.51,50.8,False
813,002304,洋河股份,39.8,-0.45,0.1,6.13,40.31266898861,0.2606324,55.15092586,27,3684,77.6,2026-06-24,-1.27,42.8,False
814,002305,*ST南置,1.93,-3.02,0.51,52.99,2.010865648332,0.3813156,46.36920737,-1236,5074,68.8,2026-06-24,-4.02,31.9,False
815,002306,ST云网,1.87,-1.58,0.41,-55.62,1.912556353574,0.312595098039,50.50682957,-213,4667,66.8,2026-06-24,-2.23,33.7,False
816,002307,北新路桥,3.43,-2.0,0.21,-22.92,3.521617626286,0.194436,48.88650889,-43,4884,70.8,2026-06-24,-2.6,34.6,False
817,002309,中利集团,2.92,-1.68,1.02,140.6,2.970851136694,0.2792644,45.27003556,-18,5111,68.8,2026-06-24,-1.71,31.1,False
818,002310,东方新能,2.18,-1.8,0.4,-236.39,2.209335647812,0.3148496,45.76842664,35,5094,68.4,2026-06-24,-1.33,31.3,False
819,002311,海大集团,41.47,0.17,0.08,19.23,41.509826606266,0.1874268,71.53257906,127,398,74.0,2026-06-24,-0.1,52.9,False
820,002312,川发龙蟒,9.85,-0.3,1.15,51.29,9.702854015418,0.3310304,71.74029307,6,380,91.2,2026-06-24,1.52,65.4,False
821,002313,日海智能,7.7,-2.28,0.44,73.1,7.842028599624,0.1296728,56.18648293,-158,3419,70.0,2026-06-24,-1.81,39.3,False
822,002314,南山控股,1.99,-1.49,0.41,-9.42,2.023278359038,0.32396,51.88271547,-1256,4418,72.8,2026-06-24,-1.64,37.8,False
823,002315,焦点科技,23.69,-0.92,0.67,24.94,23.951661192761,0.1715684,59.89268016,227,2354,71.2,2026-06-24,-1.09,42.6,False
824,002316,亚联发展,4.19,-1.87,1.1,288.3,4.331839961045,0.1374052,53.33820228,-327,4115,68.4,2026-06-24,-3.27,36.5,False
825,002317,众生药业,22.36,-3.58,1.94,47.6,23.266809649734,0.312422,72.25526307,101,338,84.4,2026-06-24,-3.9,61.0,False
826,002318,久立特材,22.73,-3.77,0.42,14.07,23.827814033205,0.2168832,64.62385498,-809,1252,79.6,2026-06-24,-4.61,51.4,False
827,002319,乐通股份,10.2,-0.68,0.63,101.32,10.292661319585,0.1952968,56.17014564,1203,3424,63.6,2026-06-24,-0.9,35.7,False
828,002320,海峡股份,6.61,0.15,0.18,30.26,6.631647446329,0.130092,55.70556533,-232,3544,68.4,2026-06-24,-0.33,38.1,False
829,002321,华英农业,1.67,-1.76,0.31,-59.02,1.720065895925,0.2331908,52.93298369,-493,4194,66.8,2026-06-24,-2.91,35.4,False
830,002322,理工能科,9.98,-2.16,0.21,39.43,10.220445500656,0.1542276,59.2851438,-50,2525,64.8,2026-06-24,-2.35,38.4,False
831,002323,*ST雅博,1.28,3.23,1.36,-60.94,1.254646287675,0.401000784314,42.78404044,-758,5176,69.6,2026-06-24,2.02,29.8,False
832,002324,普利特,12.7,-1.17,0.59,74.27,12.852617916737,0.2415688,60.10709836,-1347,2305,69.6,2026-06-24,-1.19,41.8,False
833,002326,永太科技,24.97,1.18,2.91,55.18,25.15409154537,0.3805516,63.35688282,-1033,1510,90.8,2026-06-24,-0.73,57.5,False
834,002327,富安娜,6.15,-1.28,0.18,19.84,6.264713560125,0.1534176,62.80475458,-906,1625,66.8,2026-06-24,-1.83,42.0,False
835,002328,新朋股份,7.77,-1.02,1.17,14.28,7.798279980326,0.2451768,53.88637451,-1841,3984,68.0,2026-06-24,-0.36,36.6,False
836,002329,皇氏集团,2.74,-0.36,1.38,140.04,2.777261137641,0.1596896,37.82301562,-1,5206,68.8,2026-06-24,-1.34,26.0,False
837,002330,得利斯,3.58,-1.38,0.44,61.94,3.66816332074,0.1615404,51.94459673,392,4405,68.8,2026-06-24,-2.4,35.7,False
838,002331,皖通科技,7.98,1.4,1.35,-29.63,7.819271546957,0.2082472,52.07449874,-870,4384,65.2,2026-06-24,2.06,34.0,False
839,002332,仙琚制药,8.02,-1.6,0.27,21.13,8.239157135473,0.1859392,58.31697202,-388,2815,69.2,2026-06-24,-2.66,40.4,False
840,002333,罗普斯金,4.66,-1.89,0.21,75.3,4.75956324388,0.2008112,55.89437986,-1632,3497,60.4,2026-06-24,-2.09,33.8,False
841,002334,英威腾,7.58,-3.07,1.14,-51.3,7.823196241523,0.2737188,53.05546458,-1538,4168,76.0,2026-06-24,-3.11,40.3,False
842,002335,科华数据,38.85,1.12,1.0,93.05,37.771582057205,0.2853636,63.01772464,320,1587,81.2,2026-06-24,2.86,51.2,False
843,002337,赛象科技,4.52,-2.16,0.3,89.23,4.637664059512,0.1466832,55.66030542,-234,3556,67.2,2026-06-24,-2.54,37.4,False
844,002338,奥普光电,53.04,-2.05,1.08,102.34,53.524404051795,0.2313864,64.75635961,191,1226,71.2,2026-06-24,-0.91,46.1,False
845,002339,积成电子,7.14,-2.19,0.6,-12.26,7.292143900151,0.1774596,48.86049769,-116,4886,68.4,2026-06-24,-2.09,33.4,False
846,002340,格林美,7.16,-2.98,0.86,17.48,7.351579586139,0.3548844,65.93477125,1090,1030,77.2,2026-06-24,-2.61,50.9,False
847,002342,巨力索具,10.07,0.9,5.62,651.15,9.719679917088,0.2528496,57.47086989,2113,3050,69.6,2026-06-24,3.6,40.0,False
848,002343,慈文传媒,4.52,-1.53,0.79,-40.76,4.658160159171,0.1392584,51.7245677,86,4453,69.2,2026-06-24,-2.97,35.8,False
849,002344,海宁皮城,3.61,-2.43,0.24,31.07,3.714394927683,0.280644,56.37300287,692,3370,65.6,2026-06-24,-2.81,37.0,False
850,002345,潮宏基,8.77,-2.34,0.34,7.39,9.019666092296,0.1691224,60.59569229,100,2187,75.6,2026-06-24,-2.77,45.8,False
851,002346,柘中股份,23.81,3.12,1.3,3914.77,22.248275620275,0.3104256,66.13107635,-321,996,82.4,2026-06-24,7.02,54.5,False
852,002347,泰尔股份,6.05,-1.31,0.52,-99.98,6.119763674537,0.1542764,54.09291332,492,3934,70.4,2026-06-24,-1.14,38.1,False
853,002348,高乐股份,11.08,-0.36,0.62,-187.29,10.929338415879,0.3483232,52.25735935,307,4344,74.4,2026-06-24,1.38,38.9,False
854,002349,精华制药,6.28,-3.09,0.43,19.81,6.50713506253,0.22168,57.78846335,-826,2954,75.2,2026-06-24,-3.49,43.5,False
855,002350,北京科锐,13.87,-2.12,0.51,-78.72,14.03807558088,0.3229,53.30726265,337,4121,70.8,2026-06-24,-1.2,37.7,False
856,002351,漫步者,9.76,-1.41,0.31,21.22,9.943852157344,0.1814148,62.29843754,-1211,1743,76.4,2026-06-24,-1.85,47.6,False
857,002352,顺丰控股,31.11,0.42,0.09,16.21,31.136740656127,0.3202696,66.95737554,145,873,80.8,2026-06-24,-0.09,54.1,False
858,002353,杰瑞股份,164.93,3.64,0.53,71.77,160.546830402828,0.3677732,73.53290153,-199,238,88.0,2026-06-24,2.73,64.7,False
859,002354,天娱数科,8.32,-6.73,10.66,113.8,8.643468747382,0.4992988,70.38412554,1003,487,92.0,2026-06-24,-3.74,64.8,False
860,002355,兴民智通,4.3,-2.49,0.96,-4.3,4.448040394213,0.2116812,41.13683958,-5,5195,68.0,2026-06-24,-3.33,28.0,False
861,002356,赫美集团,2.94,-0.68,0.27,-128.49,2.945741840954,0.2757512,60.96631262,1667,2083,70.0,2026-06-24,-0.19,42.7,False
862,002357,富临运业,9.91,1.02,1.33,11.85,9.740827816178,0.22062,56.03412161,-424,3456,66.0,2026-06-24,1.74,37.0,False
863,002358,森源电气,5.75,-4.01,0.96,25.12,5.923514917439,0.255342,60.70242799,2190,2156,68.0,2026-06-24,-2.93,41.3,False
864,002360,ST同德,4.97,-4.97,1.18,-44.98,5.153640850247,0.381999607843,47.25567663,191,5013,59.2,2026-06-24,-3.56,28.0,False
865,002361,神剑股份,14.03,0.0,3.36,-633.22,13.812347467543,0.2362492,46.02338926,68,5085,75.6,2026-06-24,1.58,34.8,False
866,002362,汉王科技,15.95,-2.63,0.78,-23.06,16.278612487661,0.1454548,48.57844894,-147,4910,82.0,2026-06-24,-2.02,39.8,False
867,002363,隆基机械,6.24,-1.73,0.3,37.09,6.379477338983,0.1395436,52.21818021,-291,4352,65.6,2026-06-24,-2.19,34.3,False
868,002364,中恒电气,57.32,3.88,3.51,323.87,53.119087697666,0.505184,73.73648575,1747,225,79.6,2026-06-24,7.91,58.7,False
869,002365,永安药业,10.55,-3.83,1.97,100.46,11.191422314343,0.1815524,55.99975611,-2133,3463,74.4,2026-06-24,-5.73,41.7,False
870,002366,融发核电,5.6,-1.41,0.57,288.68,5.725626471339,0.2300588,51.10869154,-424,4560,71.2,2026-06-24,-2.19,36.4,False
871,002367,康力电梯,6.48,-1.22,1.9,35.11,6.363397337868,0.4009544,69.85778957,1491,539,78.4,2026-06-24,1.83,54.8,False
872,002368,太极股份,16.25,-0.18,0.49,-21.16,16.351003051749,0.2431796,55.11126114,143,3693,77.6,2026-06-24,-0.62,42.8,False
873,002369,卓翼科技,5.63,-1.4,0.64,-38.55,5.68930286141,0.1412428,49.44857378,-237,4818,71.2,2026-06-24,-1.04,35.2,False
874,002370,亚太药业,5.14,-8.7,3.66,-370.31,5.568133581811,0.300718,64.93765007,496,1191,81.6,2026-06-24,-7.69,53.0,False
875,002371,北方华创,800.65,3.97,0.6,88.86,756.984983916889,0.579784,76.16967842,-65,119,93.6,2026-06-24,5.77,71.3,False
876,002372,伟星新材,8.39,0.24,0.13,27.95,8.400347463308,0.2331588,66.68618854,634,914,75.2,2026-06-24,-0.12,50.1,False
877,002373,千方科技,7.48,-1.19,0.34,790.97,7.579510714687,0.2265156,60.34759002,-257,2244,74.8,2026-06-24,-1.31,45.1,False
878,002374,中锐股份,3.49,-1.69,1.33,-7.84,3.566871732564,0.3051884,52.67980557,-1598,4246,80.8,2026-06-24,-2.16,42.6,False
879,002375,亚厦股份,3.46,-1.7,0.18,17.65,3.525925943382,0.2106248,63.86824806,-222,1395,64.0,2026-06-24,-1.87,40.9,False
880,002376,新北洋,5.85,-1.02,0.33,126.23,5.915255972505,0.161856,58.06909569,-274,2882,66.4,2026-06-24,-1.1,38.6,False
881,002377,国创高新,2.66,0.76,0.79,89.24,2.666811137202,0.2201956,64.3260792,1084,1304,65.6,2026-06-24,-0.26,42.2,False
882,002378,章源钨业,36.9,-0.3,2.04,29.07,35.658096548727,0.351514,70.77304822,281,454,90.8,2026-06-24,3.48,64.3,False
883,002379,宏桥控股,15.72,-2.9,0.5,7.58,16.206179920605,0.1924208,62.52638236,-751,1694,74.8,2026-06-24,-3.0,46.8,False
884,002380,科远智慧,36.22,-1.66,0.81,28.5,36.37881263368,0.2301676,65.41339283,-190,1109,72.4,2026-06-24,-0.44,47.4,False
885,002381,双箭股份,5.21,-2.07,0.27,31.2,5.357639068534,0.1352108,58.01064948,975,2897,65.2,2026-06-24,-2.76,37.8,False
886,002382,蓝帆医疗,5.29,-2.04,0.35,1383.96,5.456538373745,0.2218224,55.88799167,603,3501,68.0,2026-06-24,-3.05,38.0,False
887,002383,合众思壮,6.82,-1.59,0.25,2982.45,6.932135060507,0.1829032,50.5179432,17,4665,70.0,2026-06-24,-1.62,35.4,False
888,002384,东山精密,269.66,4.87,1.75,111.25,256.464275364705,0.5328684,69.40649084,184,576,93.2,2026-06-24,5.15,64.7,False
889,002385,大北农,2.71,-2.17,0.61,-16.66,2.793493117521,0.3698396,45.88335138,-49,5090,73.6,2026-06-24,-2.99,33.8,False
890,002386,天原股份,6.12,0.49,1.08,26.01,6.019620850121,0.3454484,58.27104352,306,2838,84.8,2026-06-24,1.67,49.4,False
891,002387,维信诺,8.97,10.06,2.18,-5.0,8.014351255488,0.2972024,57.99974211,-113,2903,80.4,2026-06-24,11.92,46.6,False
892,002388,新亚制程,5.46,-1.62,1.9,151.76,5.481350689648,0.2197348,64.62377243,40,1253,82.8,2026-06-24,-0.39,53.5,False
893,002389,航天彩虹,17.92,-1.43,0.37,43.65,18.024998011475,0.2328684,54.81044122,1240,3775,71.2,2026-06-24,-0.58,39.0,False
894,002390,信邦制药,2.68,-2.19,0.32,26.77,2.764701910847,0.2249228,56.59169774,-397,3313,68.0,2026-06-24,-3.06,38.5,False
895,002391,长青股份,5.0,-2.91,0.31,26.43,5.158494735086,0.0951812,57.9476149,1038,2910,62.8,2026-06-24,-3.07,36.4,False
896,002392,北京利尔,8.48,-5.78,2.04,19.35,9.152416857101,0.3357912,79.24627334,-40,44,86.0,2026-06-24,-7.35,68.2,False
897,002393,力生制药,14.17,-3.93,0.42,21.1,14.709045890128,0.2259324,62.54193733,583,1692,67.2,2026-06-24,-3.66,42.0,False
898,002394,联发股份,8.91,-3.15,0.43,64.38,9.183859918829,0.2150456,57.72233029,-1586,2978,64.0,2026-06-24,-2.98,36.9,False
899,002395,双象股份,12.31,-2.22,0.35,27.28,12.639842991818,0.1738988,60.35804725,-557,2243,70.8,2026-06-24,-2.61,42.7,False
900,002396,星网锐捷,18.83,-0.32,0.66,96.17,18.830197189607,0.2107308,66.78663935,660,897,78.0,2026-06-24,-0.0,52.1,False
901,002397,梦洁股份,4.16,-8.17,3.5,49.12,4.647858143707,0.3797144,69.48652633,128,568,69.6,2026-06-24,-10.5,48.4,False
902,002398,垒知集团,3.9,-1.27,0.53,24.17,3.966224920066,0.1671688,56.83809172,1054,3222,66.0,2026-06-24,-1.67,37.5,False
903,002399,海普瑞,8.96,-3.66,0.15,17.52,9.399387224038,0.1612448,59.95284511,-545,2338,70.4,2026-06-24,-4.67,42.2,False
904,002400,省广集团,6.63,-1.04,0.64,188.76,6.66792812653,0.2610428,53.61744746,171,4052,70.8,2026-06-24,-0.57,38.0,False
905,002401,中远海科,12.27,-0.97,0.15,156.19,12.422844903747,0.143982,58.26399671,-8,2839,72.0,2026-06-24,-1.23,42.0,False
906,002402,和而泰,23.62,-1.34,0.61,32.08,23.745347579981,0.2685524,58.93857389,646,2620,71.2,2026-06-24,-0.53,42.0,False
907,002403,爱仕达,8.8,-0.45,0.49,-71.48,8.903660592465,0.1279684,45.66788366,32,5098,69.6,2026-06-24,-1.16,31.8,False
908,002404,嘉欣丝绸,5.81,-1.53,0.86,14.82,5.946132761144,0.1601208,63.6795114,-492,1434,78.0,2026-06-24,-2.29,49.7,False
909,002405,四维图新,6.75,-2.46,0.62,-27.68,6.905947429251,0.2531844,50.15912847,-25,4731,72.4,2026-06-24,-2.26,36.3,False
910,002406,远东传动,6.9,-1.57,0.82,27.98,7.025839860724,0.2240784,57.66377553,-154,2996,76.0,2026-06-24,-1.79,43.8,False
911,002407,多氟多,45.54,2.92,6.73,36.09,42.730319994189,0.4421076,74.25782314,1495,194,94.8,2026-06-24,6.58,70.4,False
912,002408,齐翔腾达,4.82,-4.17,0.49,-37.39,5.073130164617,0.3216636,56.76430427,-369,3249,67.6,2026-06-24,-4.99,38.4,False
913,002409,雅克科技,182.22,5.3,4.51,81.3,167.057529264763,0.5141228,80.74804847,219,26,94.8,2026-06-24,9.08,76.5,False
914,002410,广联达,8.43,-1.17,0.35,101.8,8.53679545643,0.2141072,60.70672833,-56,2154,73.6,2026-06-24,-1.25,44.7,False
915,002412,汉森制药,5.74,-3.69,0.38,18.8,5.988137084228,0.1798064,63.35522474,-702,1511,66.8,2026-06-24,-4.14,42.3,False
916,002413,雷科防务,9.8,-0.61,0.81,-202.77,9.7136037781,0.2177804,54.15282112,1146,3923,70.4,2026-06-24,0.89,38.1,False
917,002414,高德红外,13.89,-0.07,0.43,40.53,13.662796899388,0.3485028,73.34108207,748,253,77.2,2026-06-24,1.66,56.6,False
918,002415,海康威视,35.07,3.06,0.61,28.89,33.155957555026,0.4715228,83.42400987,109,5,88.4,2026-06-24,5.77,73.7,False
919,002416,爱施德,9.93,-2.07,0.37,24.04,10.283200721323,0.2155776,60.65015764,-889,2173,71.2,2026-06-24,-3.43,43.2,False
920,002418,康盛股份,4.66,1.53,4.19,273.92,4.537338132406,0.3323368,56.54870864,-2468,3322,78.8,2026-06-24,2.7,44.6,False
921,002419,天虹股份,4.44,-1.55,0.16,8.76,4.535830415146,0.3092632,62.94087236,939,1607,72.8,2026-06-24,-2.11,45.8,False
922,002420,毅昌科技,5.69,-1.22,1.79,31.4,5.812607853085,0.2237164,64.67969028,-663,1237,80.8,2026-06-24,-2.11,52.3,False
923,002421,达实智能,3.9,-4.65,6.49,-127.45,4.007718072859,0.3017276,52.19119741,633,4358,86.0,2026-06-24,-2.69,44.9,False
924,002422,科伦药业,36.25,-3.59,0.51,31.78,38.243877341043,0.315212,71.27344744,-309,421,83.6,2026-06-24,-5.21,59.6,False
925,002423,中粮资本,8.65,-1.59,0.18,18.46,8.900371988854,0.1945428,55.31569831,-106,3645,73.6,2026-06-24,-2.81,40.7,False
926,002424,ST百灵,4.46,-4.7,0.44,55.28,4.736079624001,0.3517496,54.0877761,-1102,3936,75.2,2026-06-24,-5.83,40.7,False
927,002425,凯撒文化,2.67,-1.48,0.42,53.87,2.741191138714,0.1657524,48.27364392,-3,4936,71.6,2026-06-24,-2.6,34.6,False
928,002426,胜利精密,4.2,-2.78,2.41,-47.33,4.219574964458,0.4678852,64.28513122,2108,1310,84.4,2026-06-24,-0.46,54.3,False
929,002427,尤夫股份,4.56,-3.8,1.67,-56.02,4.597230263776,0.3894536,57.73615477,1621,2969,67.2,2026-06-24,-0.81,38.8,False
930,002428,云南锗业,130.01,5.62,6.18,2330.93,117.290860033007,0.5614536,66.34965774,2026,952,95.6,2026-06-24,10.84,63.4,False
931,002429,兆驰股份,11.3,-0.44,0.61,61.01,11.290815834417,0.3940852,66.2552332,-150,968,71.2,2026-06-24,0.08,47.2,False
932,002430,杭氧股份,28.24,3.03,1.09,26.05,27.235131819742,0.3083764,68.99706121,-582,626,89.6,2026-06-24,3.69,61.8,False
933,002431,ST棕榈,1.24,-4.62,0.63,-4.41,1.312700599525,0.357268823529,42.78291408,-22,5177,66.4,2026-06-24,-5.54,28.4,False
934,002432,九安医疗,71.91,5.67,2.63,28.53,68.736694248078,0.3705772,62.05717813,405,1802,75.6,2026-06-24,4.62,46.9,False
935,002434,万里扬,6.28,-1.72,0.25,28.66,6.422103785626,0.3128068,54.52441563,894,3831,68.4,2026-06-24,-2.21,37.3,False
936,002436,兴森科技,52.1,3.72,3.05,1181.04,50.235373851186,0.4534668,61.67209006,1152,1904,92.4,2026-06-24,3.71,57.0,False
937,002437,誉衡药业,2.54,-4.15,1.17,14.92,2.673564532327,0.3067672,64.84388241,-988,1209,71.6,2026-06-24,-5.0,46.4,False
938,002438,江苏神通,14.93,-3.11,0.62,22.16,15.519274207654,0.3127572,60.65611604,-343,2170,73.2,2026-06-24,-3.8,44.4,False
939,002439,启明星辰,13.13,-0.98,1.01,81.63,13.255077754684,0.3030788,58.14095607,-1994,2865,75.6,2026-06-24,-0.94,44.0,False
940,002440,闰土股份,11.47,-0.61,3.3,17.54,11.283661308252,0.3322704,78.68294773,41,55,86.8,2026-06-24,1.65,68.3,False
941,002441,众业达,8.22,-2.72,0.74,11.68,8.668480651362,0.2182008,57.00141719,-1864,3180,68.8,2026-06-24,-5.17,39.2,False
942,002442,龙星科技,5.44,-2.51,2.82,77.49,5.666248185118,0.2421788,50.93895231,-1852,4592,76.8,2026-06-24,-3.99,39.1,False
943,002443,金洲管道,10.44,-5.18,1.53,34.04,11.018380065112,0.3839808,69.66334139,72,558,66.4,2026-06-24,-5.25,46.3,False
944,002444,巨星科技,30.97,6.43,1.29,17.94,29.085492293686,0.294254,68.58585136,-254,668,77.2,2026-06-24,6.48,52.9,False
945,002445,中南文化,2.97,-1.66,0.69,67.01,3.033460381228,0.3912904,50.16597411,-897,4728,65.2,2026-06-24,-2.09,32.7,False
946,002446,盛路通信,11.23,0.36,1.99,102.77,11.180902748648,0.299188,63.79161895,-974,1409,87.6,2026-06-24,0.44,55.9,False
947,002448,中原内配,12.87,-2.5,0.47,9.55,13.202932969424,0.277272,68.29482487,-290,698,69.2,2026-06-24,-2.52,47.3,False
948,002449,国星光电,7.77,-0.89,0.94,-35.78,7.794215547556,0.214414,51.1858941,-560,4546,77.2,2026-06-24,-0.31,39.5,False
949,002451,摩恩电气,7.34,-2.78,0.47,135.85,7.560286896791,0.1983704,53.02739176,-1103,4177,68.4,2026-06-24,-2.91,36.3,False
950,002452,长高电气,12.66,4.46,7.38,34.68,11.972310196206,0.4983112,73.13600063,1679,269,73.2,2026-06-24,5.74,53.5,False
951,002453,华软科技,4.8,-2.83,2.47,-25.46,4.939756588664,0.2602068,53.28201014,-172,4128,80.0,2026-06-24,-2.83,42.6,False
952,002454,松芝股份,5.13,0.0,0.33,15.79,5.138640911658,0.163648,56.70979976,-1507,3268,64.0,2026-06-24,-0.17,36.3,False
953,002455,百川股份,7.82,-2.74,1.54,76.17,8.086327076955,0.2120596,50.16039638,-1332,4730,70.8,2026-06-24,-3.29,35.5,False
954,002456,欧菲光,9.1,-0.87,0.7,-30.88,9.128807184255,0.3563828,64.58379202,1228,1263,80.4,2026-06-24,-0.32,51.9,False
955,002457,青龙管业,12.75,0.39,1.94,-167.63,12.89031971091,0.238848,61.59465248,-664,1924,83.6,2026-06-24,-1.09,51.5,False
956,002458,益生股份,7.95,-1.36,0.45,27.55,8.018262414272,0.2788852,71.42535708,284,403,74.8,2026-06-24,-0.85,53.4,False
957,002459,晶澳科技,8.03,-0.25,0.47,-6.23,8.011986009442,0.2877408,55.09079944,1201,3699,80.8,2026-06-24,0.22,44.5,False
958,002460,赣锋锂业,69.99,-2.28,1.51,19.97,70.169037347924,0.4103508,72.89109486,1553,285,80.8,2026-06-24,-0.26,58.9,False
959,002461,珠江啤酒,7.77,-1.65,0.11,24.0,8.008534829124,0.1823216,58.56270745,-272,2736,72.4,2026-06-24,-2.98,42.4,False
960,002462,嘉事堂,12.2,-3.1,0.5,23.36,12.768513431279,0.122546,59.82407365,-1437,2377,67.2,2026-06-24,-4.45,40.2,False
961,002463,沪电股份,145.5,1.5,1.08,56.36,141.700620851788,0.4829264,77.69571784,263,74,92.4,2026-06-24,2.68,71.8,False
962,002465,海格通信,12.73,-0.31,0.55,1355.37,12.672795083675,0.3120928,44.29242966,52,5139,71.6,2026-06-24,0.45,31.7,False
963,002466,天齐锂业,65.75,-0.57,2.0,15.01,64.312393828469,0.4413484,75.40170728,1402,147,86.0,2026-06-24,2.24,64.8,False
964,002467,二六三,4.99,-1.96,0.61,-140.75,5.063897400321,0.301488,47.45711086,-502,5000,70.4,2026-06-24,-1.46,33.4,False
965,002468,申通快递,13.77,-0.07,0.45,11.49,13.896799674258,0.3058052,70.57282239,-199,473,71.6,2026-06-24,-0.91,50.5,False
966,002469,三维化学,5.86,-5.33,0.89,-986.99,6.310399372589,0.20958,56.62106588,-55,3298,76.4,2026-06-24,-7.14,43.3,False
967,002470,金正大,2.04,-2.39,0.98,146.48,2.102758684476,0.3304036,55.31353774,-679,3648,70.8,2026-06-24,-2.98,39.2,False
968,002471,中超控股,6.15,-1.6,1.2,-444.37,6.244537029664,0.2310124,44.5927539,38,5134,70.4,2026-06-24,-1.51,31.4,False
969,002472,双环传动,40.87,2.05,1.91,30.57,40.523008456181,0.3414204,61.6574704,-11,1908,89.2,2026-06-24,0.86,55.0,False
970,002474,榕基软件,5.87,-2.33,0.78,-117.13,6.044442673223,0.1879804,45.04080296,3,5114,74.0,2026-06-24,-2.89,33.3,False
971,002475,立讯精密,74.66,-0.52,1.07,37.32,72.967293288847,0.6038572,86.89662815,15,1,94.0,2026-06-24,2.32,81.7,False
972,002476,新叶股份,5.11,-1.35,0.43,64.25,5.250991061453,0.1905952,57.67691888,-1294,2994,65.6,2026-06-24,-2.69,37.8,False
973,002478,常宝股份,6.63,-2.21,0.52,22.31,6.813650145341,0.1662348,58.70774909,-1210,2690,64.8,2026-06-24,-2.7,38.0,False
974,002479,富春环保,4.41,-2.43,0.41,9.23,4.539649666062,0.218928,56.33155681,-1270,3382,62.8,2026-06-24,-2.86,35.4,False
975,002480,新筑股份,5.08,-1.93,0.32,-25.75,5.217245675404,0.3024948,51.10871609,312,4559,74.8,2026-06-24,-2.63,38.2,False
976,002481,双塔食品,3.86,-0.52,0.16,79.5,3.900582009389,0.1522008,52.2303167,124,4350,70.8,2026-06-24,-1.04,37.0,False
977,002482,广田集团,1.22,-3.17,0.71,-45.16,1.282063478658,0.4433388,52.28540417,-190,4337,67.2,2026-06-24,-4.84,35.1,False
978,002483,润邦股份,5.06,-1.56,0.17,16.39,5.151327529907,0.280164,64.37831546,-246,1295,66.8,2026-06-24,-1.77,43.0,False
979,002484,江海股份,111.02,10.0,2.19,145.71,99.54039970951,0.5117212,67.59149433,501,791,88.8,2026-06-24,11.53,60.0,False
980,002485,ST雪发,4.85,-2.02,0.52,-42.06,5.165129857079,0.2140736,51.24199058,-376,4532,65.2,2026-06-24,-6.1,33.4,False
981,002486,嘉麟杰,2.22,-1.33,0.9,300.34,2.293647679124,0.1850284,59.85071793,826,2367,73.2,2026-06-24,-3.21,43.8,False
982,002487,大金重工,57.07,-1.94,0.89,24.22,58.310155048502,0.3120532,64.50639021,-892,1272,72.8,2026-06-24,-2.13,47.0,False
983,002488,金固股份,9.72,-0.72,0.42,104.24,9.795620063049,0.2591224,52.98704376,-1683,4186,75.2,2026-06-24,-0.77,39.8,False
984,002489,浙江永强,2.78,-1.77,0.39,9.73,2.862360031186,0.2748892,53.79622979,-1323,4007,69.6,2026-06-24,-2.88,37.4,False
985,002490,山东墨龙,6.4,-2.14,1.69,228.61,6.562106098492,0.1992256,48.17713328,165,4947,72.0,2026-06-24,-2.47,34.7,False
986,002491,通鼎互联,38.1,2.83,7.14,228.49,36.441534119838,0.6301092,65.99879316,818,1016,92.4,2026-06-24,4.55,61.0,False
987,002492,恒基达鑫,5.62,-2.09,0.61,28.99,5.735391679401,0.2010736,51.36618705,-13,4512,63.6,2026-06-24,-2.01,32.7,False
988,002493,荣盛石化,11.62,-4.68,0.27,10.31,12.355528035322,0.3603876,70.15767292,871,511,80.4,2026-06-24,-5.95,56.4,False
989,002494,华斯股份,4.6,-2.95,1.23,51.97,4.771735415338,0.1175488,60.16514437,914,2294,66.4,2026-06-24,-3.6,39.9,False
990,002495,佳隆股份,2.13,-1.39,0.6,203.14,2.172677025577,0.2202884,53.96253814,-488,3964,66.8,2026-06-24,-1.96,36.0,False
991,002496,辉丰股份,1.94,-4.43,1.21,1264.81,2.026353831353,0.339990392157,40.71811104,-38,5199,69.2,2026-06-24,-4.26,28.2,False
992,002497,雅化集团,22.86,-3.14,2.16,19.44,22.657896032389,0.4472816,75.60298617,1237,140,73.6,2026-06-24,0.89,55.6,False
993,002498,汉缆股份,7.07,-2.48,0.49,36.66,7.201246690739,0.229258,56.6379562,8,3288,71.2,2026-06-24,-1.82,40.3,False
994,002500,山西证券,5.24,-0.57,0.35,18.44,5.323274072455,0.309652,52.98315259,-257,4188,76.0,2026-06-24,-1.56,40.3,False
995,002501,*ST利源,1.25,-3.1,0.21,-86.0,1.292814968619,0.362672156863,42.22467067,-5,5183,66.8,2026-06-24,-3.31,28.2,False
996,002506,协鑫集成,3.03,0.33,1.4,-23.72,2.987020943271,0.293264,50.67510852,510,4630,69.6,2026-06-24,1.44,35.3,False
997,002507,涪陵榨菜,10.91,-1.18,0.24,11.55,11.21542252146,0.234108,61.95091954,-1101,1833,75.6,2026-06-24,-2.72,46.8,False
998,002508,老板电器,14.82,-0.54,0.08,11.42,14.978346794578,0.1574052,61.17018282,27,2028,74.4,2026-06-24,-1.06,45.5,False
999,002510,天汽模,5.98,-3.55,0.74,103.33,6.13238135586,0.275436,54.94505978,802,3743,70.0,2026-06-24,-2.48,38.5,False
1000,002511,中顺洁柔,6.69,-1.47,0.2,20.96,6.820054279442,0.2607908,64.22380422,875,1321,71.6,2026-06-24,-1.91,46.0,False
1001,002512,ST达华,3.49,-4.9,0.88,26.4,3.704466603915,0.254436,46.68214948,-1354,5059,69.2,2026-06-24,-5.79,32.3,False
1002,002513,蓝丰生化,4.91,-1.8,1.05,-31.06,5.081645591979,0.0846688,51.4350798,-84,4501,69.6,2026-06-24,-3.38,35.8,False
1003,002514,*ST宝馨,2.37,-4.82,0.1,-33.99,2.49,0.236383921569,42.00103981,17,5186,68.8,2026-06-24,-4.82,28.9,False
1004,002515,金字火腿,11.36,7.07,3.76,266.49,10.518085662713,0.4393892,60.69374241,-652,2160,81.6,2026-06-24,8.0,49.5,False
1005,002516,旷达科技,5.79,0.0,0.53,38.92,5.834030244861,0.2017148,59.49841165,-960,2470,74.4,2026-06-24,-0.75,44.3,False
1006,002517,恺英网络,15.74,2.08,1.3,10.77,15.463147434074,0.3266504,65.74476804,688,1067,76.4,2026-06-24,1.79,50.2,False
1007,002518,科士达,52.78,6.67,1.16,55.41,49.35239241979,0.2511344,66.9761032,-264,867,78.0,2026-06-24,6.95,52.2,False
1008,002519,银河电子,6.03,-0.99,0.69,1059.05,6.056874872461,0.2026492,49.34649674,84,4836,69.2,2026-06-24,-0.44,34.1,False
1009,002520,日发精机,7.26,-3.97,6.98,40.26,7.178518356717,0.4515864,70.47300549,585,481,82.8,2026-06-24,1.14,58.4,False
1010,002521,齐峰新材,6.65,-0.75,0.18,23.21,6.738456118951,0.1702492,57.55349172,-112,3032,62.8,2026-06-24,-1.31,36.1,False
1011,002522,浙江众成,7.64,1.6,3.11,113.18,7.448624750629,0.3354812,61.44070591,-1433,1953,86.8,2026-06-24,2.57,53.3,False
1012,002523,天桥起重,3.09,-1.28,0.33,60.36,3.144401824699,0.1953344,56.12163962,-1424,3429,67.2,2026-06-24,-1.73,37.7,False
1013,002524,光正眼科,3.42,-2.56,1.15,-114.88,3.498957366546,0.2095092,56.69026865,859,3274,69.2,2026-06-24,-2.26,39.2,False
1014,002526,山东矿机,2.63,-1.5,0.26,116.53,2.689215745086,0.2481016,51.86277507,-245,4421,74.0,2026-06-24,-2.2,38.4,False
1015,002527,新时达,13.76,-0.94,0.71,-303.61,13.606166179077,0.3280716,60.27901847,1639,2257,83.6,2026-06-24,1.13,50.4,False
1016,002528,*ST英飞,4.34,-3.56,0.29,-66.52,4.421351620434,0.345489411765,54.32345074,848,3875,70.4,2026-06-24,-1.84,38.2,False
1017,002529,海源复材,7.45,0.13,0.71,-23.85,7.536278232291,0.190686862745,47.17674769,-168,5022,73.2,2026-06-24,-1.14,34.5,False
1018,002530,金财互联,7.1,-2.2,0.4,85.81,7.265110279519,0.2279056,56.54963338,-1207,3321,71.2,2026-06-24,-2.27,40.3,False
1019,002531,天顺风能,8.85,-1.23,0.37,96.02,8.962449197845,0.3276548,52.96531308,-1083,4190,70.4,2026-06-24,-1.25,37.3,False
1020,002532,天山铝业,11.45,-3.7,0.76,5.97,11.823493489399,0.3188024,61.96366906,237,1830,72.8,2026-06-24,-3.16,45.1,False
1021,002533,金杯电工,10.93,-1.89,0.25,15.24,11.075223783298,0.272124,62.98346758,616,1593,70.0,2026-06-24,-1.31,44.1,False
1022,002534,西子洁能,21.77,0.23,0.38,75.61,21.631626048914,0.2906984,71.34359669,208,412,80.4,2026-06-24,0.64,57.4,False
1023,002535,林州重机,2.23,0.45,1.77,84.85,2.293558446995,0.1093128,44.23497622,-67,5142,70.4,2026-06-24,-2.77,31.1,False
1024,002536,飞龙股份,52.24,5.56,6.02,129.8,47.340279716928,0.5089004,74.79169753,26,172,79.2,2026-06-24,10.35,59.2,False
1025,002537,海联金汇,5.6,-1.41,0.38,31.62,5.719771420592,0.1935408,53.60512424,-170,4056,71.6,2026-06-24,-2.09,38.4,False
1026,002538,ST司特,5.9,0.0,0.42,18.22,5.969422020015,0.3514664,62.41833592,1686,1722,67.6,2026-06-24,-1.16,42.2,False
1027,002539,云图控股,12.14,-3.73,1.0,12.07,12.523802539255,0.3316228,70.10169784,341,520,84.0,2026-06-24,-3.06,58.9,False
1028,002540,亚太科技,4.86,-2.21,0.26,38.34,4.934496388602,0.1523156,60.62989873,1583,2182,67.2,2026-06-24,-1.51,40.7,False
1029,002541,鸿路钢构,16.34,-1.33,0.21,19.1,16.54039257482,0.1160684,59.36871835,-1148,2508,66.4,2026-06-24,-1.21,39.4,False
1030,002542,*ST中岩,1.24,-4.62,0.59,-13.28,1.314040199525,0.311927843137,45.43020172,-62,5104,68.4,2026-06-24,-5.63,31.1,False
1031,002543,万和电气,6.28,-1.57,0.1,14.66,6.413581163149,0.0679616,55.41966139,-671,3615,66.4,2026-06-24,-2.08,36.8,False
1032,002544,普天科技,18.69,0.59,0.61,-191.89,18.474720052352,0.1940744,54.56258364,506,3822,69.2,2026-06-24,1.17,37.8,False
1033,002545,东方铁塔,18.24,-3.9,0.35,14.12,18.887490904254,0.2410952,69.70976563,568,552,67.2,2026-06-24,-3.43,46.8,False
1034,002546,新联电子,7.37,-0.94,1.38,16.86,7.408151771614,0.2581296,60.1832616,-1679,2285,82.4,2026-06-24,-0.51,49.6,False
1035,002547,*ST春兴,2.61,-5.09,0.67,-14.7,2.770644899327,0.284770784314,46.58831378,-149,5066,70.4,2026-06-24,-5.8,32.8,False
1036,002548,金新农,3.55,-2.47,0.69,-3.98,3.657338613491,0.2390364,45.29081969,-26,5110,70.4,2026-06-24,-2.93,31.9,False
1037,002549,凯美特气,19.13,-1.59,4.38,309.87,19.276146785618,0.3222084,63.3336704,-1132,1519,93.6,2026-06-24,-0.76,59.3,False
1038,002550,千红制药,6.26,-3.84,1.82,23.55,6.387983872005,0.405886,71.91583344,1190,365,72.0,2026-06-24,-2.0,51.8,False
1039,002551,尚荣医疗,2.74,-2.14,0.59,-320.64,2.852752317406,0.1271716,48.64895101,-210,4907,70.8,2026-06-24,-3.95,34.4,False
1040,002552,宝鼎科技,74.52,-1.93,1.72,109.44,73.165817675499,0.3330572,68.91266148,-418,633,87.2,2026-06-24,1.85,60.1,False
1041,002553,南方精工,16.22,-1.99,0.53,5540.69,16.541263277482,0.1537752,53.42393919,-317,4097,71.2,2026-06-24,-1.94,38.0,False
1042,002554,惠博普,3.11,0.97,0.74,-38.2,3.13764918559,0.252876,51.68274143,-1069,4463,67.6,2026-06-24,-0.88,34.9,False
1043,002555,三七互娱,18.99,4.28,1.65,12.03,18.166490551606,0.3509076,69.7071078,1711,553,74.4,2026-06-24,4.53,51.9,False
1044,002556,辉隆股份,4.62,-2.33,0.19,20.4,4.766836286904,0.2416672,60.07346705,-425,2315,66.8,2026-06-24,-3.08,40.1,False
1045,002557,洽洽食品,17.94,0.79,0.49,13.48,17.936351197084,0.1698856,57.61715612,-995,3013,74.0,2026-06-24,0.02,42.6,False
1046,002558,巨人网络,27.52,9.16,2.96,12.1,25.391783832255,0.3283524,75.58325626,61,142,82.8,2026-06-24,8.38,62.6,False
1047,002559,亚威股份,11.33,4.14,6.15,48.44,10.706305131124,0.2981724,70.19430438,1559,507,84.0,2026-06-24,5.83,59.0,False
1048,002560,通达股份,8.19,-0.49,2.2,52.08,8.206087781133,0.2228032,63.24328992,-1119,1541,71.2,2026-06-24,-0.2,45.0,False
1049,002561,徐家汇,6.49,-1.67,0.21,-1113.95,6.646376086427,0.1171448,52.68244704,522,4244,70.8,2026-06-24,-2.35,37.3,False
1050,002562,兄弟科技,4.55,-3.19,0.67,36.9,4.711400931312,0.2177668,56.48894625,-104,3343,69.2,2026-06-24,-3.43,39.1,False
1051,002563,森马服饰,5.17,-0.77,0.1,11.18,5.275776895264,0.1976732,65.74519633,205,1066,68.0,2026-06-24,-2.0,44.7,False
1052,002564,天沃科技,4.37,-1.8,0.43,287.81,4.482732738988,0.231428,53.82970413,-100,4000,72.4,2026-06-24,-2.51,39.0,False
1053,002565,顺灏股份,12.4,-1.04,1.21,164.44,12.201267488901,0.2736764,55.19490933,1414,3677,70.0,2026-06-24,1.63,38.6,False
1054,002566,益盛药业,6.25,-2.5,0.85,32.03,6.4875415819,0.0795236,50.83995083,-518,4604,66.4,2026-06-24,-3.66,33.8,False
1055,002567,唐人神,3.16,-1.25,0.25,-1.81,3.228641153541,0.2739356,52.59294423,-1535,4273,70.4,2026-06-24,-2.13,37.0,False
1056,002568,百润股份,14.06,-4.22,0.96,16.92,14.853028189196,0.25925,56.35988964,-184,3376,77.2,2026-06-24,-5.34,43.5,False
1057,002569,*ST步森,14.71,-2.71,0.35,-126.96,15.017053247839,0.2581632,55.04862755,135,3715,62.4,2026-06-24,-2.04,34.4,False
1058,002570,贝因美,4.25,-2.3,0.59,29.46,4.396805826885,0.2917624,50.03438884,-51,4744,79.2,2026-06-24,-3.34,39.6,False
1059,002571,德力股份,10.66,-2.02,0.48,-57.81,10.741424152211,0.3289116,55.73167363,1217,3539,67.6,2026-06-24,-0.76,37.7,False
1060,002572,索菲亚,7.51,-1.31,0.52,-47.05,7.646638897594,0.1958304,52.39566719,-448,4310,70.8,2026-06-24,-1.79,37.1,False
1061,002573,清新环境,3.01,-1.95,0.19,49.37,3.101146270715,0.1839824,53.58197623,-239,4064,68.4,2026-06-24,-2.94,36.7,False
1062,002574,明牌珠宝,4.3,-1.6,0.32,46.1,4.402035741885,0.1980148,55.51509056,-234,3582,65.2,2026-06-24,-2.32,36.2,False
1063,002575,群兴玩具,6.18,0.0,4.6,-1069.77,5.958651082897,0.2977316,60.3418912,222,2246,76.0,2026-06-24,3.71,45.9,False
1064,002576,通达动力,15.04,-0.79,0.45,28.32,15.135933021144,0.2318712,58.36911125,1238,2794,70.4,2026-06-24,-0.63,41.1,False
1065,002577,雷柏科技,18.41,-1.18,0.5,268.88,18.527251959622,0.181018,63.0540806,-827,1577,81.2,2026-06-24,-0.63,51.2,False
1066,002578,闽发铝业,3.31,-2.93,0.7,73.73,3.419253728757,0.1605708,52.58087275,306,4276,67.2,2026-06-24,-3.2,35.3,False
1067,002579,中京电子,19.78,2.17,8.13,539.05,19.226002801305,0.2579916,57.91805242,-735,2916,92.4,2026-06-24,2.88,53.5,False
1068,002580,圣阳股份,26.43,3.61,14.18,49.21,24.554680769617,0.3941272,66.16305667,-569,986,80.8,2026-06-24,7.64,53.5,False
1069,002581,*ST未名,3.34,-1.47,0.68,-10.16,3.49504872756,0.274169411765,44.66157004,14,5130,70.4,2026-06-24,-4.44,31.4,False
1070,002582,好想你,8.95,-1.0,0.76,0.9,9.145195476695,0.2198636,57.17396117,1405,3130,73.6,2026-06-24,-2.13,42.1,False
1071,002583,海能达,8.31,-0.72,0.4,-121.59,8.425194974454,0.172844,52.36827884,-2034,4314,78.0,2026-06-24,-1.37,40.8,False
1072,002584,西陇科学,10.48,-4.9,22.66,127.98,11.02,0.510212,77.53485188,-33,80,94.0,2026-06-24,-4.9,72.9,False
1073,002585,双星新材,14.23,1.64,5.99,1000.56,13.902516420899,0.273904,58.4432265,824,2775,90.0,2026-06-24,2.36,52.6,False
1074,002586,ST围海,3.46,-2.81,0.17,-263.21,3.525208176259,0.3042844,57.55273604,43,3033,64.0,2026-06-24,-1.85,36.8,False
1075,002587,奥拓电子,7.04,-2.22,1.76,75.71,7.091523669826,0.2297016,62.82956506,-554,1622,82.4,2026-06-24,-0.73,51.8,False
1076,002588,史丹利,8.36,-3.35,0.48,7.05,8.606676733079,0.2248828,68.02245005,698,734,68.0,2026-06-24,-2.87,46.3,False
1077,002589,瑞康医药,2.55,-2.67,0.56,92.48,2.658676168525,0.2157432,51.99993712,-1898,4395,70.0,2026-06-24,-4.09,36.4,False
1078,002590,万安科技,10.23,-2.57,0.39,43.15,10.546856317513,0.2634084,56.61769735,-1586,3299,77.6,2026-06-24,-3.0,43.9,False
1079,002591,恒大高新,6.54,-2.82,1.2,78.95,6.741808692975,0.117026,56.001706,1029,3462,69.6,2026-06-24,-2.99,39.0,False
1080,002592,ST八菱,6.39,-3.91,0.65,18.7,6.647064805328,0.2572828,62.84599708,1127,1620,67.2,2026-06-24,-3.87,42.2,False
1081,002593,日上集团,4.1,-1.2,0.6,25.55,4.18855429685,0.1577724,57.74805807,-301,2966,68.8,2026-06-24,-2.11,39.7,False
1082,002594,比亚迪,81.54,-2.11,0.43,45.5,83.461821051387,0.3782656,66.33985141,-60,954,87.2,2026-06-24,-2.3,57.8,False
1083,002595,豪迈科技,48.02,-0.17,0.07,27.02,48.079565472514,0.185452,67.23568843,-133,836,68.8,2026-06-24,-0.12,46.3,False
1084,002596,海南瑞泽,3.02,-1.63,0.59,-268.63,3.134079222902,0.256738,48.40515415,-1837,4925,70.4,2026-06-24,-3.64,34.1,False
1085,002597,金禾实业,21.9,-0.64,0.29,32.43,21.72473435305,0.2591272,64.11723568,2293,1339,74.8,2026-06-24,0.81,48.0,False
1086,002598,ST章鼓,6.66,-2.77,0.38,30.22,6.87798024055,0.2060272,58.50240528,1210,2756,68.0,2026-06-24,-3.17,39.8,False
1087,002599,盛通股份,5.25,-1.69,1.08,-89.72,5.372015037799,0.184518,53.32288965,-40,4117,74.8,2026-06-24,-2.27,39.9,False
1088,002600,领益智造,18.19,3.0,2.27,84.86,16.924595864222,0.5055032,81.28280595,743,22,91.6,2026-06-24,7.48,74.5,False
1089,002601,龙佰集团,17.32,-0.23,0.76,55.21,17.083850616141,0.3876956,71.39958647,900,404,90.8,2026-06-24,1.38,64.8,False
1090,002602,世纪华通,13.34,1.14,0.47,12.13,13.240406646133,0.4324792,68.36309006,191,691,80.8,2026-06-24,0.75,55.2,False
1091,002603,以岭药业,15.08,-3.02,0.38,15.41,15.562899300714,0.2762368,64.34009819,-661,1302,76.0,2026-06-24,-3.1,48.9,False
1092,002605,姚记科技,18.54,0.38,0.46,13.84,18.538447858863,0.2115832,63.03980569,1761,1580,72.8,2026-06-24,0.01,45.9,False
1093,002606,大连电瓷,14.3,0.35,1.61,26.38,14.088483140049,0.2845116,65.61675856,1138,1080,72.0,2026-06-24,1.5,47.2,False
1094,002607,中公教育,1.83,-1.61,0.58,59.62,1.848487406788,0.3364956,50.06209032,-162,4739,72.0,2026-06-24,-1.0,36.0,False
1095,002608,江苏国信,7.46,-2.86,0.4,9.03,7.762267478519,0.2692588,57.23411101,-641,3113,78.0,2026-06-24,-3.89,44.6,False
1096,002609,捷顺科技,7.67,-2.04,0.58,667.63,7.62714614322,0.1509936,72.36161283,41,327,69.6,2026-06-24,0.56,50.4,False
1097,002611,东方精工,17.72,-0.51,0.79,-572.3,17.710524532065,0.3588836,63.12137223,-421,1561,73.2,2026-06-24,0.05,46.2,False
1098,002612,朗姿股份,11.55,-2.94,0.53,25.89,11.97870177255,0.1526628,61.8814301,-292,1851,72.4,2026-06-24,-3.58,44.8,False
1099,002613,北玻股份,4.47,-3.25,4.66,713.5,4.642950426304,0.2397116,61.11484566,-9,2045,83.6,2026-06-24,-3.73,51.1,False
1100,002614,奥佳华,4.49,-1.54,0.36,-10.59,4.595850832705,0.1424868,57.37862633,-285,3072,68.0,2026-06-24,-2.3,39.0,False
1101,002615,哈尔斯,6.25,-1.73,0.88,724.07,6.457134457149,0.23208,56.36253887,181,3374,67.2,2026-06-24,-3.21,37.9,False
1102,002616,长青集团,4.51,-1.31,0.28,9.74,4.547486277869,0.2146972,54.7222653,185,3791,70.0,2026-06-24,-0.82,38.3,False
1103,002617,露笑科技,9.1,-3.5,4.79,61.25,9.380065106621,0.3235728,63.10660543,-1093,1565,92.8,2026-06-24,-2.99,58.6,False
1104,002620,*ST瑞和,4.91,-3.91,1.62,-21.14,5.16767783927,0.317280784314,41.88918655,-12,5187,66.0,2026-06-24,-4.99,27.6,False
1105,002622,皓宸医疗,2.11,-3.21,0.82,-53.13,2.200665508513,0.2111924,56.63132638,895,3293,69.2,2026-06-24,-4.12,39.2,False
1106,002623,亚玛顿,15.63,-1.51,0.45,-19.47,15.865127182707,0.137986,49.67302544,63,4787,67.6,2026-06-24,-1.48,33.6,False
1107,002624,完美世界,11.9,4.11,2.2,56.21,11.510230132459,0.3371568,55.87312809,1433,3503,72.4,2026-06-24,3.39,40.5,False
1108,002625,光启技术,31.29,-1.07,0.35,95.68,31.061347960432,0.3979556,61.61219443,298,1921,82.4,2026-06-24,0.74,50.8,False
1109,002626,金达威,13.53,-2.03,0.19,31.44,13.986664412867,0.158396,57.01049167,-436,3178,70.8,2026-06-24,-3.26,40.4,False
1110,002627,三峡旅游,5.79,-2.03,0.37,73.92,5.929722663607,0.1985708,47.23438972,-239,5017,69.6,2026-06-24,-2.36,32.9,False
1111,002628,成都路桥,4.67,-2.51,0.45,65.61,4.762938486205,0.3956592,56.75992814,1103,3251,66.8,2026-06-24,-1.95,37.9,False
1112,002629,仁智股份,4.31,-2.05,1.66,-115.71,4.477008687573,0.188849272727,53.14622725,-1080,4151,65.6,2026-06-24,-3.73,34.9,False
1113,002630,*ST华西,1.87,-2.09,0.33,-30.04,1.903564114728,0.346169019608,52.98607364,-2505,4187,71.6,2026-06-24,-1.76,37.9,False
1114,002631,德尔未来,9.82,-0.71,4.29,-139.36,9.510953340817,0.4216232,73.71704438,95,226,87.2,2026-06-24,3.25,64.3,False
1115,002632,道明光学,10.53,7.45,2.68,40.11,9.802754996461,0.2076732,60.45635438,-1331,2223,70.0,2026-06-24,7.42,42.3,False
1116,002633,申科股份,15.85,-2.04,0.29,114.25,16.370269378998,0.1434028,59.90001467,-408,2351,62.4,2026-06-24,-3.18,37.4,False
1117,002634,*ST棒杰,4.28,0.71,0.97,-8.74,4.302357109083,0.353853137255,43.8599662,35,5153,61.6,2026-06-24,-0.52,27.0,False
1118,002635,安洁科技,18.79,4.22,7.49,88.81,17.868013938506,0.2671816,65.71375837,662,1070,74.8,2026-06-24,5.16,49.2,False
1119,002636,金安国纪,113.5,-1.99,1.06,102.34,113.998473794591,0.4554196,70.77140757,250,455,90.4,2026-06-24,-0.44,64.0,False
1120,002637,赞宇科技,10.88,-2.25,0.81,12.64,11.097842432707,0.1962716,60.01131538,-1099,2324,72.0,2026-06-24,-1.96,43.2,False
1121,002638,勤上股份,3.87,-2.27,1.8,-59.49,3.944232837994,0.3534928,49.91898504,176,4761,65.2,2026-06-24,-1.88,32.5,False
1122,002639,雪人集团,13.43,-1.03,1.95,729.53,13.593607813047,0.209168,49.51878316,-2135,4807,73.2,2026-06-24,-1.2,36.2,False
1123,002640,跨境通,3.22,-1.83,1.19,7.98,3.300314596317,0.2074192,52.75597366,-2446,4221,79.6,2026-06-24,-2.43,42.0,False
1124,002641,公元股份,3.82,-3.05,0.36,-36.79,3.974644377033,0.2272072,56.73409217,-353,3258,70.4,2026-06-24,-3.89,39.9,False
1125,002642,荣联科技,6.37,-2.45,0.63,1291.58,6.543628965396,0.217514,51.81197486,-128,4431,75.6,2026-06-24,-2.65,39.2,False
1126,002643,万润股份,19.18,-1.69,2.38,50.0,18.773418824082,0.3900348,73.6072482,1726,236,83.2,2026-06-24,2.17,61.2,False
1127,002644,佛慈制药,7.09,-3.54,0.24,39.94,7.446735912903,0.091668,59.3951328,414,2499,68.0,2026-06-24,-4.79,40.4,False
1128,002645,华宏科技,31.85,1.37,2.42,27.71,31.125131656508,0.3844604,61.15171663,-563,2033,88.4,2026-06-24,2.33,54.1,False
1129,002646,天佑德酒,6.43,-1.38,0.31,15.89,6.617378658773,0.1424676,51.70816137,-378,4457,71.6,2026-06-24,-2.83,37.0,False
1130,002647,仁东控股,10.68,-1.57,0.43,64.18,10.861209427443,0.410258039216,54.61659859,-1690,3809,70.8,2026-06-24,-1.67,38.7,False
1131,002648,卫星化学,24.67,-3.86,2.25,9.81,25.771804720786,0.4584032,69.72019812,-449,551,93.6,2026-06-24,-4.28,65.3,False
1132,002649,博彦科技,8.36,-1.53,0.36,106.34,8.502710699466,0.1794772,56.90389101,-1665,3201,70.4,2026-06-24,-1.68,40.1,False
1133,002650,ST加加,6.15,-4.65,0.37,50.32,6.514691222697,0.3102844,49.04193988,131,4875,66.4,2026-06-24,-5.6,32.6,False
1134,002651,利君股份,7.55,-1.18,0.19,61.92,7.640209725812,0.084128,51.60613383,10,4475,69.6,2026-06-24,-1.18,35.9,False
1135,002652,扬子新材,4.34,-1.14,1.11,-172.88,4.376550134661,0.1789308,59.82322546,1582,2378,66.4,2026-06-24,-0.84,39.7,False
1136,002653,海思科,55.8,-3.81,0.62,28.17,55.533690391285,0.313266,80.00076518,6,37,80.4,2026-06-24,0.48,64.3,False
1137,002654,万润科技,20.22,7.32,5.26,-795.7,18.534778133858,0.3589976,77.00385738,767,90,82.8,2026-06-24,9.09,63.8,False
1138,002655,共达电声,50.3,0.2,3.54,876.55,48.135712880604,0.4679048,68.28494979,867,700,88.8,2026-06-24,4.5,60.6,False
1139,002656,*ST摩登,2.9,-3.97,0.56,-369.3,3.036621504256,0.2810476,50.86226143,-384,4598,64.0,2026-06-24,-4.5,32.6,False
1140,002657,中科金财,21.77,-1.72,2.71,-53.7,22.120843909862,0.2810928,58.41498914,-1870,2782,92.8,2026-06-24,-1.59,54.2,False
1141,002658,雪迪龙,8.32,1.46,1.54,92.78,7.989113829025,0.2261448,64.29837234,276,1307,70.4,2026-06-24,4.14,45.3,False
1142,002659,凯文教育,3.79,-1.56,0.65,2938.35,3.877790671808,0.1540244,55.220407,27,3669,64.8,2026-06-24,-2.26,35.8,False
1143,002660,茂硕电源,6.76,-2.59,0.46,-20.72,6.920012109203,0.1175712,53.40126053,153,4100,70.0,2026-06-24,-2.31,37.4,False
1144,002661,克明食品,7.03,-1.82,0.19,17.25,7.225576229239,0.0698308,50.52530132,-945,4664,69.2,2026-06-24,-2.71,35.0,False
1145,002662,峰璟股份,3.98,4.74,1.02,71.64,3.842275770183,0.2454532,61.24361874,-550,2014,75.2,2026-06-24,3.58,46.1,False
1146,002663,普邦股份,1.49,-1.97,0.71,-107.77,1.524607994838,0.2961496,46.06250619,-56,5084,62.8,2026-06-24,-2.27,28.9,False
1147,002664,信质集团,18.19,-1.41,0.29,66.66,18.415651423755,0.238506,60.90955778,567,2099,71.6,2026-06-24,-1.23,43.6,False
1148,002666,德联集团,4.03,-2.18,0.51,25.35,4.162376275981,0.156014,59.64914634,1176,2424,65.2,2026-06-24,-3.18,38.9,False
1149,002667,*ST威领,12.53,-5.0,0.56,48.89,13.19,0.488142941176,47.4180681,157,5002,66.8,2026-06-24,-5.0,31.7,False
1150,002668,TCL智家,10.1,-1.08,0.45,8.93,10.348267726839,0.3211296,72.70289076,-258,298,80.4,2026-06-24,-2.4,58.5,False
1151,002669,康达新材,17.8,1.14,3.77,196.69,17.571030568359,0.2380292,62.76847508,-405,1633,87.6,2026-06-24,1.3,55.0,False
1152,002670,国盛证券,11.65,-1.35,0.54,3837.46,11.959463483101,0.279314,54.28673325,627,3891,74.8,2026-06-24,-2.59,40.6,False
1153,002671,龙泉股份,3.76,-1.31,0.38,-71.99,3.845586633014,0.1943716,57.18954021,-199,3127,66.4,2026-06-24,-2.23,38.0,False
1154,002672,东江环保,3.87,2.65,2.56,-7.12,3.85773907618,0.2763576,54.92026328,-2502,3751,81.2,2026-06-24,0.32,44.6,False
1155,002673,西部证券,6.59,-0.75,0.27,25.88,6.704667852694,0.2987772,56.28422795,-1450,3397,78.4,2026-06-24,-1.71,44.1,False
1156,002674,兴业科技,26.21,9.99,0.79,85.71,23.83,0.7262584,75.83568796,-93,128,88.0,2026-06-24,9.99,66.7,False
1157,002675,东诚药业,12.25,-2.85,0.52,75.53,12.785579480786,0.3078584,62.56389417,493,1682,66.4,2026-06-24,-4.19,41.5,False
1158,002676,顺威股份,4.96,-0.6,0.67,33.99,5.038523101587,0.2336608,53.8710373,-170,3989,72.0,2026-06-24,-1.56,38.8,False
1159,002677,浙江美大,5.81,-1.36,0.27,322.49,5.943268330489,0.154286,50.84652372,-72,4601,64.8,2026-06-24,-2.24,32.9,False
1160,002678,珠江钢琴,4.38,-2.01,0.16,-32.73,4.496323531611,0.1760496,46.91454429,-483,5037,61.2,2026-06-24,-2.59,28.7,False
1161,002679,福建金森,8.08,-0.98,0.42,-22.11,8.230025090741,0.097404,60.02586165,744,2323,65.2,2026-06-24,-1.82,39.1,False
1162,002681,奋达科技,4.82,-4.55,1.48,-136.22,5.057422588254,0.3463032,59.99681427,1311,2329,73.2,2026-06-24,-4.69,43.9,False
1163,002682,龙洲股份,4.36,-1.36,0.74,-13.31,4.452461960832,0.1336224,44.31652759,9,5137,69.6,2026-06-24,-2.08,30.8,False
1164,002683,广东宏大,27.48,-2.48,0.46,50.45,28.407611505998,0.2923196,59.92656202,-30,2345,66.8,2026-06-24,-3.27,40.0,False
1165,002685,华东重机,6.61,-3.64,1.43,30.76,6.671032555608,0.3175272,63.8207898,-158,1403,78.4,2026-06-24,-0.91,50.0,False
1166,002686,亿利达,5.34,-2.73,0.66,463.85,5.523894538686,0.1554232,49.45985061,-130,4817,62.4,2026-06-24,-3.33,30.9,False
1167,002687,乔治白,4.62,-8.88,7.48,52.62,5.0093684087,0.534034,69.17216565,221,611,74.8,2026-06-24,-7.77,51.7,False
1168,002688,金河生物,4.87,-1.81,0.24,15.04,4.984885808282,0.193486,58.23922974,-804,2845,73.2,2026-06-24,-2.3,42.6,False
1169,002689,ST远智,2.58,-2.64,0.21,-21.64,2.653274799287,0.2006628,58.69573428,-133,2695,69.6,2026-06-24,-2.76,40.9,False
1170,002690,美亚光电,13.91,-1.35,0.33,26.45,14.23363839234,0.1380368,63.63280606,-773,1442,72.0,2026-06-24,-2.27,45.8,False
1171,002691,*ST冀凯,4.11,-5.08,0.85,-13.5,4.381727128571,0.185122745098,45.13977589,-149,5112,64.4,2026-06-24,-6.2,29.1,False
1172,002692,远程股份,3.87,-1.78,0.41,-18.89,3.95270473429,0.224776,53.88588638,772,3986,61.6,2026-06-24,-2.09,33.2,False
1173,002693,双成药业,8.46,-2.76,0.7,254.35,8.705937842578,0.248756470588,58.24926784,337,2843,80.4,2026-06-24,-2.82,46.8,False
1174,002694,*ST顾地,2.09,-3.69,0.11,-42.47,2.194587470899,0.259677254902,55.43907167,476,3611,62.4,2026-06-24,-4.77,34.6,False
1175,002695,煌上煌,10.21,-1.54,0.27,31.32,10.379030558483,0.1908716,52.71950955,-66,4232,70.4,2026-06-24,-1.63,37.1,False
1176,002696,百洋股份,5.06,-2.13,0.6,-22.77,5.227163833911,0.1336792,53.91318535,-1183,3977,66.8,2026-06-24,-3.2,36.0,False
1177,002697,红旗连锁,4.24,-1.4,0.23,10.11,4.328540753179,0.2469028,61.4477791,-263,1951,70.4,2026-06-24,-2.05,43.3,False
1178,002698,博实股份,11.93,-0.42,0.4,38.9,11.880432922558,0.2933648,63.28287724,-122,1534,77.6,2026-06-24,0.42,49.1,False
1179,002700,万憬能源,7.5,-2.85,3.44,64.49,7.763576346596,0.3054956,67.04771326,1376,860,70.4,2026-06-24,-3.4,47.2,False
1180,002701,奥瑞金,4.36,-1.58,0.2,5.4,4.448908869422,0.2667216,63.05796687,-97,1573,70.0,2026-06-24,-2.0,44.1,False
1181,002702,海欣食品,4.68,0.0,1.05,56.83,4.715643520532,0.1600236,50.55365048,-943,4651,70.0,2026-06-24,-0.76,35.4,False
1182,002703,浙江世宝,14.93,-2.55,1.79,73.34,15.574671470501,0.2723216,58.4432501,-1316,2774,70.8,2026-06-24,-4.14,41.4,False
1183,002705,新宝股份,11.02,-0.9,0.21,28.39,11.117373756,0.2350808,56.35994049,-19,3375,64.4,2026-06-24,-0.88,36.3,False
1184,002706,良信股份,11.48,-3.85,1.2,57.05,11.802461350483,0.3003776,65.91680319,-309,1033,77.2,2026-06-24,-2.73,50.9,False
1185,002707,众信旅游,5.0,-1.19,0.34,124.16,5.096342715084,0.1755648,52.3286884,-144,4323,69.6,2026-06-24,-1.89,36.4,False
1186,002708,光洋股份,14.64,-1.28,1.12,64.18,14.771174864543,0.2881232,65.1746727,830,1149,84.0,2026-06-24,-0.89,54.7,False
1187,002709,天赐材料,55.82,-0.92,1.87,17.2,55.052360798,0.416062,78.18376899,323,66,92.4,2026-06-24,1.39,72.2,False
1188,002712,思美传媒,4.33,-1.81,0.69,180.54,4.461399351884,0.1929152,61.38605507,1034,1967,67.6,2026-06-24,-2.95,41.5,False
1189,002713,*ST东易,12.0,4.08,1.36,-167.67,11.199960995271,0.4341532,59.99631287,2241,2331,67.6,2026-06-24,7.14,40.6,False
1190,002714,牧原股份,32.16,-1.14,0.24,-38.21,32.584594591004,0.3442896,61.62884708,-213,1918,82.4,2026-06-24,-1.3,50.8,False
1191,002715,登云股份,13.46,-2.32,0.46,70.16,13.858905408198,0.1363368,57.72188039,-513,2979,64.4,2026-06-24,-2.88,37.2,False
1192,002716,湖南白银,8.36,-4.24,1.33,37.94,8.617071816358,0.2421708,57.50045033,422,3042,70.8,2026-06-24,-2.98,40.7,False
1193,002717,*ST岭南,0.92,-5.15,2.02,-3.14,0.995975340293,0.421796078431,43.11744305,-11,5167,77.2,2026-06-24,-7.63,33.3,False
1194,002718,友邦吊顶,116.27,-3.5,0.55,4107.63,112.929654223299,0.3783972,61.13155228,1335,2039,71.2,2026-06-24,2.96,43.5,False
1195,002719,ST麦趣,6.04,-5.03,1.9,-19.95,6.440881513205,0.280717843137,39.52204346,-20,5204,66.0,2026-06-24,-6.22,26.1,False
1196,002721,金一文化,2.25,-1.75,0.33,44.21,2.301758831496,0.3250804,56.51317778,-1580,3334,68.0,2026-06-24,-2.25,38.4,False
1197,002722,物产金轮,12.1,-1.71,0.4,16.31,12.442861445292,0.1616024,63.69741151,-192,1426,67.6,2026-06-24,-2.76,43.1,False
1198,002723,小崧股份,9.3,-0.64,1.07,-25.72,9.132046505992,0.347064,59.50956452,653,2463,67.6,2026-06-24,1.84,40.2,False
1199,002724,海洋王,4.93,-1.0,0.24,-39.71,4.986699648601,0.1022556,54.6998765,-1370,3793,64.8,2026-06-24,-1.14,35.4,False
1200,002725,跃岭股份,13.16,-2.81,2.25,-155.48,13.374557005039,0.2715784,64.47051882,2614,1276,70.8,2026-06-24,-1.6,45.6,False
1201,002726,ST龙大,1.37,-4.86,1.47,-372.03,1.475977003542,0.293824313725,46.71577062,-1422,5053,68.8,2026-06-24,-7.18,32.1,False
1202,002727,一心堂,10.22,-2.67,0.47,8.51,10.592495141661,0.1419532,63.85948079,197,1396,70.0,2026-06-24,-3.52,44.7,False
1203,002728,特一药业,8.44,-4.2,3.28,42.04,8.933363860372,0.2424512,66.21663501,-241,977,85.2,2026-06-24,-5.52,56.4,False
1204,002729,好利科技,19.16,-0.1,0.81,91.34,19.172408731968,0.22787,57.21676943,-223,3122,68.0,2026-06-24,-0.06,38.9,False
1205,002730,电光科技,29.58,-2.79,0.89,122.5,30.280689917434,0.339454,63.05089077,-84,1579,74.8,2026-06-24,-2.31,47.2,False
1206,002731,ST萃华,,,0.0,4.81,4.35,0.1287416,50.97978169,80,4586,62.0,2026-06-24,,31.6,False
1207,002732,燕塘乳业,12.86,-1.3,0.29,10219.76,13.189152119701,0.1305144,49.93394317,-113,4756,65.2,2026-06-24,-2.5,32.6,False
1208,002733,雄韬股份,33.38,1.71,1.7,151.56,32.7263520172,0.3083184,65.25885836,1251,1136,81.6,2026-06-24,2.0,53.3,False
1209,002734,利民股份,18.75,-1.11,1.24,16.88,18.878186682659,0.3201392,64.39643906,-919,1292,83.2,2026-06-24,-0.68,53.6,False
1210,002735,王子新材,17.07,-1.22,3.58,158.82,17.242466487201,0.2618676,51.31393378,-73,4520,83.2,2026-06-24,-1.0,42.7,False
1211,002736,国信证券,10.1,-0.98,0.11,12.29,10.256421500568,0.3607792,68.95491737,359,629,78.8,2026-06-24,-1.53,54.3,False
1212,002737,葵花药业,11.75,-3.05,0.24,15.56,12.31252446032,0.08317,57.71008689,130,2985,74.8,2026-06-24,-4.57,43.2,False
1213,002738,中矿资源,57.61,-4.38,1.58,20.47,58.998907002359,0.34003,69.22519618,683,604,82.4,2026-06-24,-2.35,57.0,False
1214,002739,儒意电影,8.49,2.91,1.28,51.57,8.046544287796,0.3750592,60.81156566,-191,2130,74.0,2026-06-24,5.51,45.0,False
1215,002741,光华科技,35.05,0.23,4.42,99.03,35.065012740619,0.3613368,62.22063035,-1098,1764,90.8,2026-06-24,-0.04,56.5,False
1216,002742,冀衡医药,3.43,-1.15,0.34,-72.66,3.51340865337,0.144751568627,46.82480456,-263,5046,65.6,2026-06-24,-2.37,30.7,False
1217,002743,富煌钢构,4.08,-2.39,0.48,-9.85,4.213318599441,0.1275532,49.04591829,234,4874,64.4,2026-06-24,-3.16,31.6,False
1218,002745,木林森,12.82,6.48,5.12,11.36,11.854828780542,0.3727684,61.98780222,1048,1819,85.2,2026-06-24,8.14,52.8,False
1219,002746,仙坛股份,5.05,-1.75,0.38,16.39,5.17624102157,0.201932,60.22900286,130,2270,69.2,2026-06-24,-2.44,41.7,False
1220,002747,埃斯顿,39.13,4.01,4.9,96.77,37.661255249332,0.326862,62.22017474,-1558,1765,95.6,2026-06-24,3.9,59.5,False
1221,002748,世龙实业,11.03,-1.34,0.51,17.19,11.209531488712,0.1599912,57.07675864,-1962,3159,66.4,2026-06-24,-1.6,37.9,False
1222,002749,国光股份,7.84,-2.0,0.13,18.14,8.104388668521,0.1401612,60.20021907,41,2280,65.2,2026-06-24,-3.26,39.3,False
1223,002752,昇兴股份,6.07,-1.78,0.29,9.78,6.170023468661,0.1662196,58.86510161,-1452,2642,62.4,2026-06-24,-1.62,36.7,False
1224,002753,永东股份,6.03,-3.37,0.71,484.39,6.378251172266,0.2419404,58.26243618,680,2840,66.8,2026-06-24,-5.46,38.9,False
1225,002755,奥赛康,12.71,-3.35,0.39,34.92,13.242583245154,0.2390804,65.32799107,-511,1124,68.0,2026-06-24,-4.02,44.4,False
1226,002756,永兴材料,62.46,-2.73,1.75,17.21,61.727243935942,0.3406732,72.32894795,1695,332,75.6,2026-06-24,1.19,54.7,False
1227,002757,南兴股份,20.02,-1.96,1.03,34.05,20.125289487674,0.1833352,60.89387678,170,2106,70.0,2026-06-24,-0.52,42.6,False
1228,002758,浙农股份,8.17,-1.57,0.16,19.57,8.283428188025,0.1426344,58.34759707,-1329,2804,70.4,2026-06-24,-1.37,41.1,False
1229,002759,天际股份,27.32,-2.78,1.89,17.36,27.58945917367,0.2783696,56.87247572,-783,3211,72.4,2026-06-24,-0.98,41.2,False
1230,002760,凤形股份,16.75,-3.18,0.94,67.88,17.413894125801,0.1628036,56.57021957,-332,3318,64.0,2026-06-24,-3.81,36.2,False
1231,002761,浙江建投,6.84,-1.44,0.18,7.76,6.985489661502,0.19244,58.8953092,-196,2629,72.0,2026-06-24,-2.08,42.4,False
1232,002762,金发拉比,8.1,-1.94,0.4,6049.3,8.235035012681,0.247085490196,52.92355035,-112,4196,74.8,2026-06-24,-1.64,39.6,False
1233,002763,汇洁股份,7.21,-1.23,0.61,8.06,7.409212205548,0.1892472,59.24351342,-1449,2534,66.0,2026-06-24,-2.69,39.1,False
1234,002765,蓝黛科技,7.33,-2.01,0.29,62.73,7.504552876665,0.1983632,54.9802088,302,3731,70.8,2026-06-24,-2.33,38.9,False
1235,002766,索菱股份,3.67,-2.13,0.45,-43.41,3.774701517999,0.1749668,48.93515846,214,4881,71.2,2026-06-24,-2.77,34.8,False
1236,002767,先锋电子,17.39,-1.25,0.43,1958.45,17.55121035389,0.1238556,58.19788089,-253,2854,68.0,2026-06-24,-0.92,39.6,False
1237,002768,国恩股份,53.78,-1.23,0.6,23.2,53.865584406326,0.3589664,78.36866486,-54,62,83.2,2026-06-24,-0.16,65.2,False
1238,002769,普路通,6.85,-2.0,0.5,171.43,7.003977457125,0.1445216,44.64368115,-22,5132,70.4,2026-06-24,-2.2,31.4,False
1239,002771,真视通,13.58,-2.02,1.45,-53.79,13.912060247446,0.1870076,58.76676414,-1800,2672,76.8,2026-06-24,-2.39,45.1,False
1240,002772,众兴菌业,11.98,-2.36,0.36,6.9,12.310879450106,0.1120508,64.81089281,981,1214,66.8,2026-06-24,-2.69,43.3,False
1241,002773,康弘药业,19.75,-3.61,0.42,14.79,20.655035286242,0.276114,69.40377347,-389,579,73.6,2026-06-24,-4.38,51.1,False
1242,002774,快意电梯,14.51,5.76,3.61,-617.87,13.751710415781,0.2508736,64.0893295,-547,1342,74.0,2026-06-24,5.51,47.4,False
1243,002775,文科股份,3.73,-0.53,0.52,-46.31,3.770154558769,0.30376,52.72100992,723,4231,70.0,2026-06-24,-1.07,36.9,False
1244,002777,久远银海,12.5,-1.88,0.42,108.72,12.793226133531,0.157374,56.63649146,-102,3290,70.4,2026-06-24,-2.29,39.9,False
1245,002778,中晟高科,16.85,-1.69,0.6,-93.0,17.557560965934,0.1851548,58.44199149,1900,2776,65.2,2026-06-24,-4.03,38.1,False
1246,002779,中坚科技,72.0,-1.77,0.4,116.11,73.188529962645,0.2767988,58.31579222,-1142,2816,70.8,2026-06-24,-1.62,41.3,False
1247,002780,三夫户外,12.8,-1.77,0.74,17.26,13.051358661996,0.084702,57.48729772,-599,3047,67.2,2026-06-24,-1.93,38.6,False
1248,002782,可立克,23.45,-1.64,0.69,114.15,23.609818668766,0.2064432,68.10509922,-545,723,74.4,2026-06-24,-0.68,50.7,False
1249,002783,凯龙股份,7.12,-1.66,0.33,92.14,7.285700278343,0.2612384,59.19442009,-328,2552,68.8,2026-06-24,-2.27,40.7,False
1250,002785,万里石,44.18,1.7,2.18,4166.01,45.618297865525,0.5274836,67.27264887,-233,829,70.4,2026-06-24,-3.15,47.4,False
1251,002786,银宝山新,7.76,1.7,0.9,66.91,7.656620066593,0.166026,52.54856857,-267,4282,76.8,2026-06-24,1.35,40.4,False
1252,002787,华源控股,30.34,10.01,7.09,98.48,27.233809705298,0.320544,59.78131222,762,2388,69.2,2026-06-24,11.41,41.4,False
1253,002788,鹭燕医药,10.47,-5.93,3.63,14.97,11.487224614939,0.18652,59.06943949,-1504,2580,71.6,2026-06-24,-8.86,42.3,False
1254,002789,*ST建艺,12.32,-3.37,0.94,-9.26,12.858639361865,0.4151492,50.79129825,-64,4615,67.6,2026-06-24,-4.19,34.3,False
1255,002790,瑞尔特,5.48,-2.14,0.33,642.38,5.667359267691,0.1015744,56.89693292,834,3205,62.4,2026-06-24,-3.31,35.5,False
1256,002791,坚朗五金,13.35,-1.33,0.49,-24.51,13.636816301812,0.1727232,57.87545152,1257,2927,67.2,2026-06-24,-2.1,38.9,False
1257,002792,通宇通讯,35.57,-0.06,1.43,-360.34,35.400348698935,0.228442,51.54312565,664,4485,70.8,2026-06-24,0.48,36.5,False
1258,002793,罗欣药业,3.89,-3.23,0.51,43.8,4.058338119497,0.16736,53.27607385,-872,4130,66.0,2026-06-24,-4.15,35.2,False
1259,002795,永和智控,7.02,-1.68,0.83,11.4,7.196068405013,0.2687924,55.35384846,507,3633,67.2,2026-06-24,-2.45,37.2,False
1260,002796,世嘉科技,41.0,4.22,2.28,-110.11,39.082385745136,0.2387436,44.82003309,-75,5123,67.2,2026-06-24,4.91,30.1,False
1261,002797,第一创业,6.63,-0.6,0.63,35.32,6.721481432851,0.3509716,57.16734143,-399,3131,74.8,2026-06-24,-1.36,42.8,False
1262,002798,帝欧水华,5.33,-3.79,0.74,-50.58,5.501406567145,0.2209132,48.73768022,-635,4896,60.8,2026-06-24,-3.12,29.6,False
1263,002799,环球印务,6.26,-1.57,0.41,214.27,6.475612026647,0.083652,47.64720806,-19,4983,64.0,2026-06-24,-3.33,30.5,False
1264,002800,天顺股份,13.48,-1.75,0.67,290.33,13.832889118126,0.1362616,45.89883936,33,5088,65.6,2026-06-24,-2.55,30.1,False
1265,002801,微光股份,28.82,-3.0,0.41,11.98,29.705570012768,0.2001512,58.76962193,360,2671,68.8,2026-06-24,-2.98,40.4,False
1266,002802,洪汇新材,11.17,-2.62,0.59,39.59,11.54480871256,0.1246756,59.63747313,-24,2425,57.6,2026-06-24,-3.25,34.4,False
1267,002803,吉宏股份,27.49,5.2,3.3,42.6,25.437585194628,0.4930804,78.29626286,-33,64,76.0,2026-06-24,8.07,59.5,False
1268,002805,丰元股份,29.04,-2.58,2.85,26.43,29.082588412742,0.249788,62.48146059,-528,1704,88.8,2026-06-24,-0.15,55.5,False
1269,002806,华锋股份,20.58,2.34,3.94,-68.8,20.057712706352,0.2890828,51.25588314,-1350,4529,82.0,2026-06-24,2.6,42.0,False
1270,002807,江阴银行,3.81,-0.78,0.19,7.04,3.87858618509,0.316138,57.29435264,-1479,3094,68.0,2026-06-24,-1.77,39.0,False
1271,002808,恒久退,0.17,-5.56,2.68,-1.24,0.18246893589,0.416490963855,52.67615355,-679,4248,65.2,2026-06-24,-6.83,34.3,False
1272,002809,红墙股份,7.96,-1.97,0.94,-42.73,8.231853719621,0.1114752,43.93633343,-4,5151,66.4,2026-06-24,-3.3,29.2,False
1273,002810,山东赫达,25.23,-3.18,1.18,21.46,26.029044777692,0.2755968,73.23044938,140,258,66.0,2026-06-24,-3.07,48.3,False
1274,002811,郑中设计,11.99,0.08,0.36,25.84,12.102991905304,0.1406556,65.84100941,324,1048,62.8,2026-06-24,-0.93,41.3,False
1275,002812,恩捷股份,69.08,-0.52,0.71,65.16,68.578841134096,0.342366,60.98172449,-140,2077,86.4,2026-06-24,0.73,52.7,False
1276,002813,路畅科技,19.48,-1.77,0.28,-31.63,19.968256374959,0.130516,48.77603272,-208,4892,68.4,2026-06-24,-2.45,33.4,False
1277,002815,崇达技术,17.84,-0.94,2.18,169.78,17.926593115468,0.3198848,57.45294743,573,3055,85.6,2026-06-24,-0.48,49.2,False
1278,002816,*ST和科,27.03,-2.28,0.75,-164.58,27.498142261847,0.4810832,63.98523397,-668,1369,66.8,2026-06-24,-1.7,42.7,False
1279,002817,黄山胶囊,6.01,-2.75,0.47,25.88,6.239102923717,0.0814184,58.59549431,-849,2725,64.8,2026-06-24,-3.67,38.0,False
1280,002818,富森美,10.97,-1.35,0.33,5.3,11.151265588184,0.1886368,66.89508531,604,880,67.6,2026-06-24,-1.63,45.2,False
1281,002819,东方中科,23.87,3.38,1.6,-49.88,22.575409742918,0.2482492,64.99904893,1755,1181,71.2,2026-06-24,5.73,46.3,False
1282,002820,桂发祥,8.57,-1.38,0.71,58.8,8.860122614961,0.0812868,53.11987973,453,4157,68.8,2026-06-24,-3.27,36.5,False
1283,002821,凯莱英,142.4,0.59,1.82,42.2,138.339629797721,0.5205104,75.4415906,-32,145,81.6,2026-06-24,2.94,61.6,False
1284,002822,ST中装,2.76,4.94,0.47,-183.68,2.63,0.5412396,57.13257447,662,3140,69.2,2026-06-24,4.94,39.5,False
1285,002823,凯中精密,14.97,-2.98,1.43,23.5,15.481915279644,0.2179664,54.4444245,-22,3844,75.6,2026-06-24,-3.31,41.2,False
1286,002824,和胜股份,40.66,6.16,3.65,128.63,38.460443325521,0.3234636,63.9076784,-143,1385,82.4,2026-06-24,5.72,52.7,False
1287,002825,纳尔股份,8.5,-2.52,0.38,41.93,8.70835576106,0.1556184,57.6298826,74,3009,64.0,2026-06-24,-2.39,36.9,False
1288,002826,易明医药,16.02,-1.96,0.66,38.87,16.595587980682,0.158684,58.85372181,-1335,2646,65.6,2026-06-24,-3.47,38.6,False
1289,002827,高争民爆,25.77,-1.53,0.32,188.47,26.00836629508,0.2411868,62.44077437,1558,1715,71.2,2026-06-24,-0.92,44.5,False
1290,002828,贝肯能源,9.51,-1.55,1.49,-6.52,9.885665389981,0.2091412,56.63607676,-1823,3291,76.8,2026-06-24,-3.8,43.5,False
1291,002829,星网宇达,17.92,-2.4,0.8,-35.09,18.179014904463,0.1561852,49.00876068,-450,4877,69.6,2026-06-24,-1.42,34.1,False
1292,002830,名雕股份,16.36,-7.67,6.58,225.75,17.654166618697,0.2496928,70.41785124,-313,485,81.2,2026-06-24,-7.33,57.2,False
1293,002831,裕同科技,37.61,-1.29,0.66,49.29,36.562416157559,0.3977796,67.74597212,-370,773,78.0,2026-06-24,2.87,52.8,False
1294,002832,比音勒芬,20.9,0.67,0.6,7.72,20.798195885058,0.262504,72.48587881,867,312,72.0,2026-06-24,0.49,52.2,False
1295,002833,弘亚数控,18.01,-3.54,1.46,13.16,18.581925204906,0.2466684,75.02291798,164,162,68.8,2026-06-24,-3.08,51.6,False
1296,002835,同为股份,11.74,-0.93,0.51,23.21,12.176005136924,0.1081356,59.57601635,-1069,2447,67.6,2026-06-24,-3.58,40.3,False
1297,002836,新宏泽,9.68,-1.83,0.22,33.62,9.960774153592,0.1398476,53.66291746,-811,4045,62.4,2026-06-24,-2.82,33.5,False
1298,002837,英维克,88.39,6.67,3.54,3252.63,81.055670200174,0.4472408,74.52449384,-172,182,94.8,2026-06-24,9.05,70.6,False
1299,002838,道恩股份,33.35,-2.57,0.29,33.49,33.855413623195,0.242396,70.07388134,128,526,74.4,2026-06-24,-1.49,52.1,False
1300,002839,张家港行,4.06,-0.49,0.2,4.3,4.128657300397,0.3020716,61.81764428,168,1871,69.2,2026-06-24,-1.66,42.8,False
1301,002840,华统股份,7.26,-2.02,0.49,-6.05,7.540225544035,0.22476,47.0565925,-707,5026,62.0,2026-06-24,-3.72,29.2,False
1302,002841,视源股份,34.0,-0.5,0.17,24.07,34.097182946879,0.1866644,64.61317398,-706,1256,70.4,2026-06-24,-0.29,45.5,False
1303,002842,翔鹭钨业,48.72,4.24,6.45,15.91,46.592465618599,0.3616312,67.2508299,-159,833,90.8,2026-06-24,4.57,61.1,False
1304,002843,泰嘉股份,20.7,-2.13,0.96,53.25,21.051400996472,0.2178172,60.68109967,2326,2162,65.6,2026-06-24,-1.67,39.8,False
1305,002845,同兴达,16.14,-1.16,2.08,-31.04,15.993758786734,0.2356564,72.30251959,228,333,82.4,2026-06-24,0.91,59.6,False
1306,002846,英联股份,11.55,-1.87,0.41,96.83,11.784644921393,0.1006504,53.89883074,-3,3980,68.0,2026-06-24,-1.99,36.7,False
1307,002847,盐津铺子,46.29,-1.66,0.28,13.55,47.534226295216,0.2975184,61.54427671,185,1931,70.8,2026-06-24,-2.62,43.6,False
1308,002848,高斯贝尔,14.11,0.0,2.08,101.54,13.842813464862,0.348533921569,59.03067598,1777,2597,73.6,2026-06-24,1.93,43.4,False
1309,002849,威星智能,16.5,-0.84,0.67,35.76,16.668868502868,0.2896992,65.53145906,1512,1092,69.6,2026-06-24,-1.01,45.6,False
1310,002850,科达利,189.88,1.76,0.7,29.47,187.75490039036,0.3397744,70.35589168,266,493,74.8,2026-06-24,1.13,52.6,False
1311,002851,麦格米特,169.8,-0.3,1.94,215.34,171.580164324021,0.4208008,62.90594563,-85,1610,90.0,2026-06-24,-1.04,56.6,False
1312,002852,道道全,7.25,-2.03,0.41,44.12,7.473273450674,0.0992584,55.84108414,-81,3507,64.8,2026-06-24,-2.99,36.2,False
1313,002853,皮阿诺,21.47,0.14,0.66,-88.09,21.489498233265,0.237558,54.16383555,-668,3918,62.0,2026-06-24,-0.09,33.6,False
1314,002855,捷荣技术,9.88,-1.2,0.32,-33.02,10.031976909891,0.0487104,49.05051491,-602,4873,70.8,2026-06-24,-1.51,34.7,False
1315,002856,*ST美芝,17.66,-5.0,0.3,-240.3,18.590761453648,0.268843921569,50.75454273,-1642,4619,68.8,2026-06-24,-5.01,34.9,False
1316,002857,三晖电气,16.87,-2.09,0.46,-22.3,17.250235518307,0.1057632,51.02986957,-537,4580,66.0,2026-06-24,-2.2,33.7,False
1317,002858,力盛体育,11.45,-2.22,1.84,88.59,12.024535055563,0.1679196,67.85186621,-247,756,67.2,2026-06-24,-4.78,45.6,False
1318,002859,洁美科技,94.48,4.84,2.29,213.3,89.869633675096,0.3797192,65.8942897,-469,1036,88.0,2026-06-24,5.13,58.0,False
1319,002860,星帅尔,13.53,-1.74,0.62,20.83,13.78913750185,0.2790284,63.7480409,-182,1418,74.0,2026-06-24,-1.88,47.2,False
1320,002861,瀛通通讯,21.35,0.47,1.33,-36.72,20.67966185243,0.2750048,66.60262346,792,920,76.4,2026-06-24,3.24,50.9,False
1321,002862,实丰文化,13.41,-2.4,0.77,85.05,13.863237237305,0.1459872,54.98591628,259,3729,67.6,2026-06-24,-3.27,37.2,False
1322,002863,今飞凯达,4.39,-2.23,0.5,22.38,4.521873805108,0.233898,56.82946059,-205,3224,65.2,2026-06-24,-2.92,37.1,False
1323,002864,盘龙药业,26.32,-3.06,0.74,32.14,27.507680139031,0.1764304,60.63402979,640,2180,73.2,2026-06-24,-4.32,44.4,False
1324,002865,钧达股份,59.2,-1.42,1.11,325.25,59.242677416015,0.2395496,47.63746496,90,4984,74.4,2026-06-24,-0.07,35.4,False
1325,002866,传艺科技,17.48,0.46,1.1,82.71,17.335493690782,0.1662052,50.7505075,-1093,4620,67.6,2026-06-24,0.83,34.3,False
1326,002867,周大生,11.48,-1.63,0.11,10.62,11.634807136826,0.1799004,61.51628765,200,1937,68.0,2026-06-24,-1.33,41.8,False
1327,002868,绿康生化,23.28,-3.92,0.64,148.06,24.574422408172,0.213081960784,55.89461357,-163,3496,62.4,2026-06-24,-5.27,34.9,False
1328,002869,金溢科技,18.07,-2.74,0.49,-31.69,18.743428719574,0.1632744,51.12523558,-1399,4557,71.6,2026-06-24,-3.59,36.6,False
1329,002870,香山股份,39.58,-0.25,0.3,-124.8,39.097923602004,0.3514772,60.47048366,1688,2217,67.6,2026-06-24,1.23,40.9,False
1330,002871,伟隆股份,20.48,-1.73,1.84,57.19,20.681421757912,0.2648244,71.06445373,93,434,79.6,2026-06-24,-0.97,56.6,False
1331,002872,ST天圣,4.64,-2.32,0.57,-37.7,4.818106922224,0.223858,47.89394346,-94,4963,62.8,2026-06-24,-3.7,30.1,False
1332,002873,新天药业,7.43,-3.13,0.78,129.73,7.792768586681,0.09685,51.10112743,-1685,4562,66.0,2026-06-24,-4.66,33.7,False
1333,002875,安奈儿,16.73,1.64,0.83,59.34,16.556538233849,0.2595248,50.28054139,-1135,4705,67.6,2026-06-24,1.05,34.0,False
1334,002876,三利谱,35.19,-0.2,4.21,45.91,33.605692043315,0.337902,78.95768031,656,50,75.6,2026-06-24,4.71,59.7,False
1335,002877,智能自控,7.2,-1.77,0.65,105.43,7.383103735477,0.1341404,58.56591653,-90,2735,71.2,2026-06-24,-2.48,41.7,False
1336,002878,元隆雅图,11.89,-2.14,0.91,-257.61,12.240819381457,0.138238,48.2316114,-41,4942,72.0,2026-06-24,-2.87,34.7,False
1337,002879,长缆科技,13.73,-1.93,0.67,489.17,14.028697183057,0.16284,65.11126677,-132,1164,63.6,2026-06-24,-2.13,41.4,False
1338,002880,卫光生物,20.75,-3.04,0.15,37.97,21.846995168736,0.1981536,55.99184251,-833,3467,62.4,2026-06-24,-5.02,34.9,False
1339,002881,美格智能,38.55,-1.63,0.71,62.4,38.466178654223,0.2543184,65.44894457,1305,1104,76.4,2026-06-24,0.22,50.0,False
1340,002882,金龙羽,20.08,-2.33,0.39,284.6,20.648400035588,0.1686908,55.82941047,-822,3513,74.4,2026-06-24,-2.75,41.5,False
1341,002883,*ST中设,8.68,-2.69,0.35,331.41,8.966774104379,0.163728627451,52.37914927,416,4312,63.2,2026-06-24,-3.2,33.1,False
1342,002884,凌霄泵业,15.12,-1.82,0.2,13.81,15.4408865504,0.13945,60.31044153,-22,2251,64.0,2026-06-24,-2.08,38.6,False
1343,002885,京泉华,43.59,-1.67,2.61,95.92,43.48992460359,0.3379628,65.76156359,-636,1064,82.4,2026-06-24,0.23,54.2,False
1344,002886,沃特股份,31.05,-1.11,2.08,157.08,31.673080579919,0.2144356,60.86857525,-878,2110,88.0,2026-06-24,-1.97,53.6,False
1345,002887,绿茵生态,10.7,-1.65,0.42,20.33,10.985402684744,0.1280168,57.09078833,417,3156,60.8,2026-06-24,-2.6,34.7,False
1346,002888,惠威科技,22.55,-1.96,1.94,-361.62,22.952966544841,0.1576064,69.86474099,1571,537,71.6,2026-06-24,-1.76,50.0,False
1347,002889,东方嘉盛,10.43,-1.51,0.18,25.46,10.63406527052,0.0611276,52.17973653,-282,4362,68.4,2026-06-24,-1.92,35.7,False
1348,002890,弘宇股份,13.98,-1.96,0.25,107.33,14.202219678071,0.27079,50.07406073,-248,4738,60.8,2026-06-24,-1.56,30.4,False
1349,002891,中宠股份,25.84,-2.45,0.32,28.44,26.699489128365,0.2051092,59.88383719,-1213,2356,68.4,2026-06-24,-3.22,41.0,False
1350,002892,科力尔,9.54,-2.85,0.58,-152.55,9.802297954139,0.1954084,54.97211777,882,3734,74.8,2026-06-24,-2.68,41.1,False
1351,002893,京能热力,9.97,-1.68,1.17,3.46,10.163359718976,0.2404728,54.53819983,-359,3827,73.6,2026-06-24,-1.9,40.1,False
1352,002895,川恒股份,30.77,-3.39,0.54,24.71,30.848687266744,0.3102872,71.5480951,954,396,73.6,2026-06-24,-0.26,52.7,False
1353,002896,中大力德,76.54,-0.43,2.21,339.94,77.570530102627,0.2824868,54.40648486,-1428,3853,86.0,2026-06-24,-1.33,46.8,False
1354,002897,意华股份,90.21,-3.17,2.84,108.58,89.316449790538,0.4292108,74.0436534,771,205,87.2,2026-06-24,1.0,64.6,False
1355,002898,*ST赛隆,,,0.0,-40.61,8.3,0.1067608,48.27242542,-52,4937,61.2,2026-06-24,,29.5,False
1356,002899,英派斯,22.59,-2.42,0.56,55.63,22.684822228905,0.249978,54.72649042,259,3789,61.2,2026-06-24,-0.42,33.5,False
1357,002900,哈三联,9.55,-3.14,0.74,-107.03,10.003371157251,0.0855448,53.70175434,-720,4029,71.2,2026-06-24,-4.53,38.2,False
1358,002901,大博医疗,40.83,-3.63,0.27,28.83,42.424864421861,0.1887096,65.32548235,974,1126,71.2,2026-06-24,-3.76,46.5,False
1359,002902,铭普光磁,30.45,-1.81,4.3,-78.27,31.007781348488,0.311104,55.25466704,-501,3658,82.0,2026-06-24,-1.8,45.3,False
1360,002903,宇环数控,50.08,-1.8,1.55,-226.9,50.115562260985,0.350518,53.99478482,269,3959,80.0,2026-06-24,-0.07,43.2,False
1361,002905,金逸影视,6.99,-0.43,0.36,-30.39,7.087565331234,0.0709392,52.52768298,-1398,4287,66.4,2026-06-24,-1.38,34.9,False
1362,002906,华阳集团,25.81,-1.26,0.32,20.43,26.196306620635,0.2918852,67.58818885,420,792,81.6,2026-06-24,-1.47,55.2,False
1363,002907,华森制药,13.47,-2.04,0.65,42.89,13.524319645448,0.1999164,65.97867907,145,1023,83.6,2026-06-24,-0.4,55.2,False
1364,002908,德生科技,6.66,-1.62,0.4,-74.47,6.802268420767,0.10037,53.00599719,-918,4182,68.0,2026-06-24,-2.09,36.0,False
1365,002909,集泰股份,5.2,-2.07,0.57,-40.14,5.354185949283,0.135724,49.35527971,-200,4833,68.0,2026-06-24,-2.88,33.6,False
1366,002910,庄园牧场,11.6,-2.03,2.61,-18.0,11.864103582734,0.2753908,56.27726395,567,3400,78.8,2026-06-24,-2.23,44.3,False
1367,002911,佛燃能源,9.8,-1.71,0.09,38.43,10.079153400499,0.1097292,63.97940315,-298,1371,65.6,2026-06-24,-2.77,42.0,False
1368,002912,中新赛克,18.62,-2.21,0.45,-9.69,19.112939251973,0.1380876,57.83517358,113,2941,66.8,2026-06-24,-2.58,38.6,False
1369,002913,奥士康,66.6,-0.45,0.47,302.8,66.669142423847,0.344904,64.71357015,-647,1232,78.0,2026-06-24,-0.1,50.5,False
1370,002915,中欣氟材,19.64,-2.82,1.17,-329.79,20.192713546041,0.2149832,52.6293567,360,4262,75.6,2026-06-24,-2.74,39.8,False
1371,002916,深南电路,438.46,1.52,0.47,87.82,427.102630101199,0.4914768,72.42550213,75,319,91.6,2026-06-24,2.66,66.3,False
1372,002917,金奥博,10.63,-2.21,0.51,24.08,10.889342650681,0.1846836,57.4786544,-1136,3048,68.0,2026-06-24,-2.38,39.1,False
1373,002918,蒙娜丽莎,10.48,-1.87,1.6,-59.1,10.730016312169,0.1351408,57.31311344,-304,3089,73.2,2026-06-24,-2.33,42.0,False
1374,002919,名臣健康,19.78,-1.4,0.65,143.49,20.658930225112,0.230758,52.36417334,-1333,4315,64.4,2026-06-24,-4.25,33.7,False
1375,002920,德赛西威,81.67,-2.62,0.66,26.4,84.198845003212,0.3231568,66.07150475,196,1004,76.8,2026-06-24,-3.0,50.7,False
1376,002921,联诚精密,25.66,-3.64,6.41,-1006.89,26.685898354508,0.4002752,66.28926716,889,961,81.6,2026-06-24,-3.84,54.1,False
1377,002922,伊戈尔,33.85,-0.35,1.26,52.07,33.467214163837,0.2598096,59.20217999,801,2551,78.4,2026-06-24,1.14,46.4,False
1378,002923,润都股份,9.61,-3.22,0.91,51.56,10.095744118146,0.1166208,58.1967089,768,2855,66.0,2026-06-24,-4.81,38.4,False
1379,002925,盈趣科技,23.81,0.68,1.81,49.26,23.117555601541,0.3268344,76.08115765,39,122,84.8,2026-06-24,3.0,64.5,False
1380,002926,华西证券,8.25,-0.72,0.24,13.75,8.371046872284,0.2882516,57.12722467,-639,3143,75.2,2026-06-24,-1.45,43.0,False
1381,002927,泰永长征,20.88,-3.6,1.51,108.75,21.539000523563,0.1610052,56.19273598,-309,3417,80.0,2026-06-24,-3.06,45.0,False
1382,002928,华夏航空,7.64,6.41,2.2,18.21,7.182927516227,0.3145652,64.6193516,1943,1255,68.8,2026-06-24,6.36,44.5,False
1383,002929,润建股份,68.47,5.18,5.07,388.78,63.174700158209,0.3549568,70.08052147,1916,525,78.4,2026-06-24,8.38,54.9,False
1384,002930,宏川智慧,8.74,-2.02,0.64,54.35,8.98641882429,0.1790192,44.97083292,-8,5119,64.8,2026-06-24,-2.74,29.1,False
1385,002931,锋龙股份,69.63,-6.39,2.82,1147.98,73.262214577754,0.284917037037,62.6976929,1988,1650,81.6,2026-06-24,-4.96,51.2,False
1386,002932,*ST明德,13.98,-1.89,0.33,-2153.3,14.299849145921,0.23482627451,50.76314446,-156,4618,67.2,2026-06-24,-2.24,34.1,False
1387,002933,新兴装备,26.69,-3.05,0.51,-352.8,27.857682670747,0.2052232,53.60010306,-446,4058,73.2,2026-06-24,-4.19,39.2,False
1388,002935,天奥电子,21.5,4.12,1.06,-445.46,20.682898595778,0.2965568,59.38667324,-1334,2501,74.4,2026-06-24,3.95,44.2,False
1389,002936,郑州银行,1.69,-0.59,0.22,3.59,1.716403586191,0.5324584,51.33792009,-1318,4517,70.4,2026-06-24,-1.54,36.1,False
1390,002937,兴瑞科技,41.66,-3.41,0.86,90.98,41.41614064818,0.4391804,64.18058569,-757,1328,76.8,2026-06-24,0.59,49.3,False
1391,002938,鹏鼎控股,109.33,2.75,0.56,136.89,106.377251441845,0.4528756,65.31843657,268,1127,91.6,2026-06-24,2.78,59.8,False
1392,002939,长城证券,8.43,-1.06,0.29,13.7,8.582262110138,0.2859168,59.03812827,-1570,2592,76.0,2026-06-24,-1.77,44.9,False
1393,002940,昂利康,27.26,-4.25,2.61,77.87,28.716694687988,0.2556736,59.59527676,-1752,2442,70.8,2026-06-24,-5.07,42.2,False
1394,002941,新疆交建,10.09,-1.27,0.27,-115.84,10.259423089884,0.1877348,54.46569745,311,3840,69.2,2026-06-24,-1.65,37.7,False
1395,002942,新农股份,14.86,-3.0,0.44,12.53,15.459966637656,0.0872516,55.95461354,-1598,3482,62.0,2026-06-24,-3.88,34.7,False
1396,002943,宇晶股份,51.9,-1.01,3.28,-177.6,50.792421463203,0.5024476,60.96855496,2669,2081,68.4,2026-06-24,2.18,41.7,False
1397,002945,华林证券,14.04,-0.85,0.14,101.08,14.352502869849,0.2336536,53.88388457,-23,3987,72.8,2026-06-24,-2.18,39.2,False
1398,002946,新乳业,14.31,-7.08,0.38,16.52,15.510068604847,0.128118,64.13056988,-1,1335,67.2,2026-06-24,-7.74,43.1,False
1399,002947,恒铭达,82.6,-2.2,1.7,34.95,84.436464520888,0.3866684,65.22821416,-969,1142,74.4,2026-06-24,-2.17,48.5,False
1400,002948,青岛银行,5.31,-1.12,0.27,5.07,5.424489169086,0.2948312,60.96832207,-1574,2082,70.4,2026-06-24,-2.11,42.9,False
1401,002949,华阳国际,10.35,-1.15,0.36,113.56,10.577767370808,0.0896908,50.2352614,97,4714,64.0,2026-06-24,-2.15,32.2,False
1402,002950,奥美医疗,9.83,-4.56,2.07,14.28,10.07975988581,0.2393816,69.39859004,-62,581,75.2,2026-06-24,-2.48,52.2,False
1403,002951,金时科技,15.17,1.13,1.0,-132.24,15.055989566895,0.1830548,51.99668913,-717,4396,78.0,2026-06-24,0.76,40.6,False
1404,002952,亚世光电,22.42,-0.62,0.94,103.14,22.57234048151,0.120012,58.80609064,-692,2661,67.2,2026-06-24,-0.67,39.5,False
1405,002953,日丰股份,9.15,-1.82,0.39,25.12,9.335335784389,0.107194,58.37237503,-1163,2792,66.4,2026-06-24,-1.99,38.8,False
1406,002955,鸿合科技,33.37,-1.56,0.73,-54.09,33.598369959233,0.2879952,62.01039729,1045,1811,77.2,2026-06-24,-0.68,47.9,False
1407,002956,西麦食品,21.54,-0.09,0.22,16.61,21.582970677496,0.1160384,66.72576526,-378,906,66.0,2026-06-24,-0.2,44.0,False
1408,002957,科瑞技术,59.4,5.47,2.83,89.84,55.178861737316,0.3252912,68.23368226,0,709,86.0,2026-06-24,7.65,58.7,False
1409,002958,青农商行,2.79,-0.36,0.15,3.11,2.828866036801,0.379922,56.49983085,-1493,3339,69.2,2026-06-24,-1.37,39.1,False
1410,002959,小熊电器,31.8,-1.3,0.15,15.57,32.527391561281,0.2040104,65.31636398,-167,1128,69.6,2026-06-24,-2.24,45.5,False
1411,002960,青鸟智控,8.33,-2.0,0.55,33.91,8.506559292029,0.2443484,59.54472334,23,2455,70.4,2026-06-24,-2.08,41.9,False
1412,002961,瑞达期货,20.86,-0.48,0.43,12.22,21.127250620367,0.2085548,62.03616476,998,1807,69.2,2026-06-24,-1.26,42.9,False
1413,002962,五方光电,18.26,1.39,5.8,329.47,18.095421194399,0.2562764,61.95823219,-1430,1832,89.6,2026-06-24,0.91,55.5,False
1414,002963,豪尔赛,22.6,1.07,2.69,-180.94,22.066625338249,0.2644624,61.67818597,-1298,1903,77.6,2026-06-24,2.42,47.9,False
1415,002965,祥鑫科技,46.42,8.28,10.05,-180.46,42.500643180976,0.3639672,59.59651215,553,2440,79.6,2026-06-24,9.22,47.4,False
1416,002966,苏州银行,7.25,-1.49,0.26,4.82,7.43345319125,0.3494456,61.88068864,-387,1852,69.6,2026-06-24,-2.47,43.1,False
1417,002967,广电计量,18.63,-0.53,0.34,175.31,18.590232859574,0.2821708,63.71756728,223,1423,71.2,2026-06-24,0.21,45.4,False
1418,002968,新大正,8.61,-2.38,0.37,14.29,8.949394525188,0.1029304,62.13646152,-268,1779,62.0,2026-06-24,-3.79,38.5,False
1419,002969,嘉美包装,14.54,-1.49,0.93,59.65,14.679428469162,0.204791111111,50.5531164,251,4652,74.0,2026-06-24,-0.95,37.4,False
1420,002970,锐明技术,62.45,0.19,0.6,66.07,61.640671068724,0.381528,63.88169771,-954,1390,72.8,2026-06-24,1.31,46.5,False
1421,002971,和远气体,70.67,-0.88,5.96,206.23,71.261209431637,0.3847516,66.94125985,-247,874,88.0,2026-06-24,-0.83,58.9,False
1422,002972,科安达,17.43,-0.46,1.76,28.74,17.243405402464,0.147274,60.37873476,-203,2237,74.4,2026-06-24,1.08,44.9,False
1423,002973,侨银股份,11.73,0.09,0.22,34.41,11.805607025247,0.1963696,54.85725071,-1197,3763,61.6,2026-06-24,-0.64,33.8,False
1424,002975,博杰股份,148.6,-1.8,2.81,117.33,148.420852602586,0.4164032,80.6965383,65,27,88.8,2026-06-24,0.12,71.7,False
1425,002976,瑞玛精密,35.2,3.35,4.59,-95.41,33.468602315632,0.323402,70.32949636,-105,501,81.2,2026-06-24,5.17,57.1,False
1426,002977,*ST天箭,21.65,-5.0,1.43,166.78,23.175938463918,0.176417843137,47.02551566,-99,5031,64.4,2026-06-24,-6.58,30.3,False
1427,002978,安宁股份,25.97,-2.62,0.34,20.04,26.67999674931,0.2394284,56.42404733,4,3356,73.6,2026-06-24,-2.66,41.5,False
1428,002979,雷赛智能,54.01,1.64,1.22,59.16,53.066882352761,0.2456144,64.59957122,-927,1259,80.0,2026-06-24,1.78,51.7,False
1429,002980,华盛昌,122.12,8.48,4.25,325.58,111.909438436502,0.3578376,62.79016419,927,1629,73.2,2026-06-24,9.12,46.0,False
1430,002981,朝阳科技,19.43,-1.47,0.53,-213.71,19.78081494706,0.1362636,54.54108582,411,3826,72.0,2026-06-24,-1.77,39.3,False
1431,002982,湘佳股份,10.94,-3.1,1.25,35.49,11.31014979103,0.161324,58.65538158,1605,2707,68.4,2026-06-24,-3.27,40.1,False
1432,002983,芯瑞达,25.6,-0.54,1.1,46.88,25.473574961225,0.2212248,65.91710421,-424,1032,78.8,2026-06-24,0.5,51.9,False
1433,002984,森麒麟,13.86,-0.5,0.45,17.12,13.914296158744,0.2287336,58.29493816,-1200,2830,69.6,2026-06-24,-0.39,40.6,False
1434,002985,北摩高科,28.64,-0.62,0.47,35.34,28.708529255985,0.2074764,55.13356654,360,3686,72.0,2026-06-24,-0.24,39.7,False
1435,002986,宇新股份,12.85,-2.65,1.34,-20.46,12.869749430188,0.2168264,68.31610513,-54,696,64.8,2026-06-24,-0.15,44.3,False
1436,002987,京北方,10.39,-2.17,0.35,107.46,10.706877825244,0.163878,61.84287509,-39,1859,73.6,2026-06-24,-2.96,45.5,False
1437,002988,豪美新材,23.2,-2.97,0.35,36.43,23.773180785224,0.2499384,52.60741457,280,4266,61.6,2026-06-24,-2.41,32.4,False
1438,002989,中天精装,36.02,-4.61,2.7,-202.57,36.958319211514,0.2793072,56.89816014,-553,3204,78.8,2026-06-24,-2.54,44.8,False
1439,002990,盛视科技,72.6,10.0,5.08,1247.58,64.085946241237,0.5542792,73.68950805,-3,230,74.4,2026-06-24,13.29,54.8,False
1440,002991,甘源食品,39.5,-1.74,0.31,13.88,40.505695856307,0.1419268,59.45294308,-400,2482,65.6,2026-06-24,-2.48,39.0,False
1441,002992,宝明科技,45.68,4.27,0.85,-147.21,44.030661697037,0.2554108,57.37584581,-920,3074,70.8,2026-06-24,3.75,40.6,False
1442,002993,奥海科技,68.32,7.76,2.39,101.07,62.031633833999,0.309648,69.24780926,234,600,72.8,2026-06-24,10.14,50.4,False
1443,002995,天地在线,18.65,-2.81,1.51,-2430.59,19.134778952945,0.1325124,54.01497255,254,3953,78.8,2026-06-24,-2.53,42.6,False
1444,002996,顺博合金,5.97,-2.13,0.48,7.91,6.095190118018,0.1536208,58.28035081,290,2835,66.0,2026-06-24,-2.05,38.5,False
1445,002997,瑞鹄模具,29.37,-1.14,0.41,14.4,30.019333160622,0.2619716,61.42532314,-995,1959,71.2,2026-06-24,-2.16,43.7,False
1446,002998,优彩资源,6.88,-3.1,0.63,19.06,7.128098930065,0.0934808,56.2819469,178,3398,60.0,2026-06-24,-3.48,33.8,False
1447,002999,天禾股份,5.52,-1.78,0.44,56.89,5.67511166786,0.1061956,56.34324196,906,3380,64.0,2026-06-24,-2.73,36.1,False
1448,003000,劲仔食品,9.89,-2.56,0.21,15.65,10.243367977102,0.1300088,63.76296189,542,1413,67.2,2026-06-24,-3.45,42.8,False
1449,003001,中岩大地,13.89,-2.25,0.59,91.64,14.443987160424,0.1029024,49.72009344,324,4780,64.0,2026-06-24,-3.84,31.8,False
1450,003002,壶化股份,19.05,-2.66,0.22,59.57,19.508580454043,0.1656084,55.14040397,-128,3685,62.4,2026-06-24,-2.35,34.4,False
1451,003003,天元股份,10.35,-1.71,0.95,28.97,10.663609566077,0.1222576,57.70933906,1235,2986,63.6,2026-06-24,-2.94,36.7,False
1452,003004,声迅股份,66.5,-5.77,1.9,-403.84,70.311224064245,0.32712372549,62.1123637,-1032,1787,81.2,2026-06-24,-5.42,50.4,False
1453,003005,竞业达,13.31,-2.35,0.38,-19.97,13.705394684769,0.1199488,50.19247097,-1000,4721,69.6,2026-06-24,-2.88,34.9,False
1454,003006,百亚股份,13.65,-2.57,0.25,10.2,14.16354016794,0.1272896,62.2246679,396,1761,60.4,2026-06-24,-3.63,37.6,False
1455,003007,直真科技,38.37,-2.91,0.73,-48.63,38.983991029204,0.170374,55.98898378,230,3470,70.8,2026-06-24,-1.57,39.6,False
1456,003008,开普检测,17.45,-2.68,0.8,65.05,18.061535231766,0.0953736,63.29304993,-523,1530,63.6,2026-06-24,-3.39,40.3,False
1457,003009,中天火箭,55.66,-2.61,1.0,483.87,56.737280340188,0.224742,55.38555775,195,3623,82.8,2026-06-24,-1.9,45.9,False
1458,003010,若羽臣,22.22,-2.54,0.68,23.89,22.916135950461,0.1305592,60.95415069,-109,2086,66.8,2026-06-24,-3.04,40.7,False
1459,003011,海象新材,19.9,-3.16,1.55,45.09,20.421121871936,0.228744,62.18105769,1872,1772,68.0,2026-06-24,-2.55,42.3,False
1460,003012,东鹏控股,4.51,-1.1,0.22,-26.1,4.607062706947,0.1510412,57.42816838,-1503,3061,66.8,2026-06-24,-2.11,38.4,False
1461,003013,地铁设计,16.86,1.14,0.93,27.63,16.41106110749,0.3374368,77.11477539,61,88,74.0,2026-06-24,2.74,57.1,False
1462,003015,日久光电,12.31,-0.49,0.62,83.47,12.138384773971,0.2187712,66.50745159,1524,933,68.8,2026-06-24,1.41,45.8,False
1463,003016,欣贺股份,6.33,-2.47,0.25,36.87,6.578612220179,0.0569848,57.34930403,-104,3078,62.0,2026-06-24,-3.78,35.6,False
1464,003017,大洋生物,26.41,-1.16,0.69,17.97,26.832394488291,0.141018,63.28414841,259,1533,64.4,2026-06-24,-1.57,40.8,False
1465,003018,金富科技,79.2,6.87,3.51,249.85,71.668403685878,0.5443484,76.35205853,86,113,72.8,2026-06-24,10.51,55.6,False
1466,003019,宸展光电,32.0,2.37,1.31,51.1,31.304987746475,0.2579976,67.06497719,-102,859,66.0,2026-06-24,2.22,44.3,False
1467,003020,立方制药,15.08,-3.33,0.47,24.38,15.786437009634,0.132882,60.10352012,-510,2308,66.0,2026-06-24,-4.47,39.7,False
1468,003021,兆威机电,90.86,-0.33,0.56,148.41,91.861460535979,0.2736316,56.67001231,-87,3277,81.2,2026-06-24,-1.09,46.0,False
1469,003022,联泓新科,27.0,-1.35,0.39,62.29,27.2971785708,0.2352408,61.04036593,-547,2064,80.4,2026-06-24,-1.09,49.1,False
1470,003023,彩虹集团,20.65,-1.95,0.64,28.49,21.200174882739,0.1982364,57.14321375,1343,3137,62.4,2026-06-24,-2.6,35.7,False
1471,003025,思进智能,14.83,-1.79,1.33,27.04,15.216641138638,0.1575972,60.71211339,-310,2153,71.6,2026-06-24,-2.54,43.5,False
1472,003026,中晶科技,38.41,0.81,4.07,130.19,36.736318072576,0.2506888,69.74586371,771,548,87.2,2026-06-24,4.56,60.8,False
1473,003027,同兴科技,17.59,-1.46,0.54,55.42,17.823388660641,0.1920628,58.00096081,287,2902,60.8,2026-06-24,-1.31,35.3,False
1474,003028,振邦智能,22.82,-2.85,0.51,144.88,23.626217032885,0.1916168,57.95615225,427,2909,64.0,2026-06-24,-3.41,37.1,False
1475,003029,吉大正元,16.75,-1.99,0.28,-60.38,17.164581524908,0.1004432,52.56468904,-268,4279,68.4,2026-06-24,-2.42,36.0,False
1476,003030,祖名股份,22.12,-3.02,0.83,-206.29,22.891591672701,0.1527276,59.13386377,-1048,2563,67.2,2026-06-24,-3.37,39.7,False
1477,003031,中瓷电子,193.59,-0.21,1.3,112.93,189.367542972349,0.4516344,77.60989974,437,78,88.8,2026-06-24,2.23,68.9,False
1478,003032,传智教育,5.28,-2.22,2.41,364.37,5.513532513479,0.246444509804,45.76954954,-183,5093,70.8,2026-06-24,-4.24,32.4,False
1479,003033,征和工业,50.58,-2.09,0.46,31.41,51.809568795493,0.249,62.91868399,1395,1609,65.2,2026-06-24,-2.37,41.0,False
1480,003035,南网能源,5.98,-1.16,0.24,66.17,6.018057448034,0.2093068,55.10674415,-27,3695,70.0,2026-06-24,-0.63,38.6,False
1481,003036,泰坦股份,87.47,-2.41,1.62,230.6,89.906539353986,0.3439888,65.78154046,-719,1060,80.4,2026-06-24,-2.71,52.9,False
1482,003037,三和管桩,5.66,-1.57,0.17,38.68,5.805455621731,0.1668772,56.34560515,896,3378,66.0,2026-06-24,-2.51,37.2,False
1483,003038,鑫铂股份,11.71,-2.01,0.54,-89.85,11.994217542982,0.1418972,54.38848939,1056,3858,63.2,2026-06-24,-2.37,34.4,False
1484,003039,顺控发展,11.49,-1.88,0.09,27.22,11.795766644437,0.1530228,59.55345879,-596,2452,67.6,2026-06-24,-2.59,40.3,False
1485,003040,楚天龙,11.22,-1.67,0.38,-105.34,11.504038479935,0.1160636,46.89771514,-30,5040,72.0,2026-06-24,-2.47,33.8,False
1486,003041,真爱美家,45.08,0.27,0.57,346.14,44.304717566235,0.295358888889,60.22840681,1203,2271,60.0,2026-06-24,1.75,36.1,False
1487,003042,中农联合,12.71,-2.31,0.63,226.61,13.174160178043,0.0881732,47.71319961,-465,4982,64.4,2026-06-24,-3.52,30.7,False
1488,003043,华亚智能,86.49,-0.93,4.72,374.07,86.164835129354,0.486616,68.63411087,1105,661,75.6,2026-06-24,0.38,51.9,False
1489,003816,中国广核,3.97,-0.5,0.04,18.29,3.99826696756,0.3463872,62.43854371,-995,1717,77.2,2026-06-24,-0.71,48.2,False
1490,300001,特锐德,39.95,2.23,0.72,146.56,38.676316819227,0.3533712,63.33042028,-460,1521,85.6,2026-06-24,3.29,54.2,False
1491,300002,神州泰岳,7.35,1.24,0.72,21.13,7.289896659498,0.2494124,57.63602749,465,3006,72.0,2026-06-24,0.82,41.5,False
1492,300003,乐普医疗,11.92,-4.79,1.08,22.26,12.497375229312,0.3308088,68.4810733,959,679,73.2,2026-06-24,-4.62,50.1,False
1493,300004,南风股份,10.73,-2.72,0.78,-246.9,11.085667255792,0.2890396,49.76662795,-1979,4775,67.2,2026-06-24,-3.21,33.4,False
1494,300005,探路者,22.32,1.69,3.69,87.36,21.561117045486,0.46229,56.45747708,-2481,3348,83.2,2026-06-24,3.52,47.0,False
1495,300006,莱美药业,4.51,-1.96,0.58,-79.3,4.677979387916,0.2536852,55.5004915,409,3592,63.2,2026-06-24,-3.59,35.1,False
1496,300007,汉威科技,36.8,-0.92,0.98,121.76,37.456676479854,0.275976,50.65600489,186,4636,76.0,2026-06-24,-1.75,38.5,False
1497,300008,天海防务,6.52,-1.51,0.48,33.18,6.59419122526,0.2759072,58.45874328,-352,2769,71.6,2026-06-24,-1.13,41.9,False
1498,300009,安科生物,7.61,-3.18,0.46,18.97,7.934772207491,0.2527012,64.77323475,-87,1222,73.6,2026-06-24,-4.09,47.7,False
1499,300010,ST豆神,2.15,-4.87,1.19,-19.58,2.29093676599,0.252681764706,46.67128864,-113,5060,68.4,2026-06-24,-6.15,31.9,False
1500,300011,鼎汉技术,6.25,-5.45,1.64,-62.77,6.680912829001,0.2236356,64.35300635,468,1299,69.2,2026-06-24,-6.45,44.5,False
1501,300012,华测检测,14.52,1.18,0.76,34.26,14.13488820442,0.2983392,72.98844807,-68,280,78.0,2026-06-24,2.72,56.9,False
1502,300013,新宁物流,3.87,-1.28,0.76,90.89,3.905461601203,0.1758956,52.60320396,487,4270,66.0,2026-06-24,-0.91,34.7,False
1503,300014,亿纬锂能,66.31,-1.69,0.91,24.91,67.245960788862,0.4550616,65.35350539,-184,1122,94.0,2026-06-24,-1.39,61.4,False
1504,300015,爱尔眼科,8.15,-1.69,0.31,16.09,8.414882302073,0.333504,71.9812571,-197,357,79.6,2026-06-24,-3.15,57.3,False
1505,300016,北陆药业,7.71,-6.55,2.61,24.93,8.171798774977,0.2919464,68.61759491,590,663,67.6,2026-06-24,-5.65,46.4,False
1506,300017,网宿科技,13.97,-2.51,1.34,72.19,14.194539103852,0.3362696,61.65908012,611,1907,72.8,2026-06-24,-1.58,44.9,False
1507,300018,中元股份,13.27,-2.14,0.82,55.39,13.55664125788,0.3112652,58.70614741,-339,2691,70.4,2026-06-24,-2.11,41.3,False
1508,300019,硅宝科技,17.96,-0.88,0.55,38.37,18.094959470112,0.2068824,63.87923185,-128,1391,76.4,2026-06-24,-0.75,48.8,False
1509,300020,ST银江,3.09,-2.83,0.6,-8.63,3.204805874118,0.339606,48.33196163,59,4931,68.4,2026-06-24,-3.58,33.1,False
1510,300021,大禹节水,3.96,6.45,1.44,103.52,3.73314926057,0.2228648,65.26482595,26,1134,69.2,2026-06-24,6.08,45.2,False
1511,300022,吉峰科技,7.34,-0.81,0.46,214.79,7.32187584012,0.2956332,61.52635024,1429,1935,64.4,2026-06-24,0.25,39.6,False
1512,300024,机器人,16.3,0.43,1.05,-68.97,16.323272367533,0.2793608,52.03297106,-235,4388,86.0,2026-06-24,-0.14,44.7,False
1513,300025,华星创业,4.42,-0.9,0.59,-119.95,4.498920484802,0.1633728,57.71893361,-235,2981,66.0,2026-06-24,-1.75,38.1,False
1514,300026,红日药业,2.93,-2.66,0.4,33.49,3.075072079325,0.29352,55.192851,-2133,3678,74.0,2026-06-24,-4.72,40.8,False
1515,300027,ST华谊,1.57,-3.09,0.81,-37.91,1.638938922591,0.404254313725,49.75857628,-75,4776,69.2,2026-06-24,-4.21,34.4,False
1516,300029,天龙退,0.16,6.67,2.46,-1.23,0.160880516516,0.646785121951,56.88980797,-995,3206,62.4,2026-06-24,-0.55,35.5,False
1517,300030,阳普医疗,6.08,-2.88,0.67,21.68,6.314784997764,0.1005944,58.71149587,-222,2689,66.8,2026-06-24,-3.72,39.2,False
1518,300031,宝通科技,30.8,0.0,2.12,29.14,30.155662138454,0.362118,60.60737624,-222,2185,84.8,2026-06-24,2.14,51.4,False
1519,300032,金龙机电,3.87,-0.51,0.76,-38.58,3.890988309907,0.1874036,47.76915406,-516,4975,65.2,2026-06-24,-0.54,31.1,False
1520,300033,同花顺,242.58,0.99,1.44,178.34,240.630207037815,0.4905364,72.73858111,-275,295,91.6,2026-06-24,0.81,66.6,False
1521,300034,钢研高纳,17.82,1.37,0.57,52.68,17.557857521514,0.24668,56.04409069,427,3453,74.0,2026-06-24,1.49,41.5,False
1522,300035,中科电气,15.29,-4.91,1.42,40.53,16.116045871741,0.2511164,54.74958949,89,3782,70.0,2026-06-24,-5.13,38.3,False
1523,300036,超图软件,11.85,-2.39,0.62,-34.76,12.019577426275,0.2082724,56.93551825,142,3192,71.6,2026-06-24,-1.41,40.8,False
1524,300037,新宙邦,91.73,2.72,1.64,35.98,87.279534537974,0.4014504,68.45242083,-102,683,91.2,2026-06-24,5.1,62.4,False
1525,300039,上海凯宝,4.17,-3.92,0.61,16.81,4.382551430969,0.231572,59.5425819,-354,2457,70.0,2026-06-24,-4.85,41.7,False
1526,300040,九洲集团,5.72,-2.72,1.64,35.83,5.973524910971,0.2138396,47.37281211,-172,5004,74.0,2026-06-24,-4.24,35.1,False
1527,300041,回天新材,14.9,2.55,2.68,24.86,14.375310640878,0.295908,69.66319839,-117,559,83.2,2026-06-24,3.65,58.0,False
1528,300042,朗科科技,75.99,4.54,7.52,46.49,70.880234157678,0.3822232,72.37059645,60,325,85.2,2026-06-24,7.21,61.7,False
1529,300043,星辉娱乐,4.22,0.48,0.58,25.32,4.211893243371,0.2317048,55.35618872,301,3631,69.2,2026-06-24,0.19,38.3,False
1530,300044,*ST赛为,4.63,-4.14,1.51,-82.45,4.905316779204,0.273155490196,44.60608185,-84,5133,71.2,2026-06-24,-5.61,31.8,False
1531,300045,华力创通,17.14,-1.44,0.83,-237.49,17.184972132952,0.240092,51.63341426,338,4474,72.0,2026-06-24,-0.26,37.2,False
1532,300046,台基股份,33.26,-0.12,2.85,144.1,33.846586849658,0.298544,60.64668005,-1745,2175,87.6,2026-06-24,-1.73,53.1,False
1533,300047,天源迪科,9.56,-2.05,0.52,98.31,9.744590925582,0.1826464,55.02331667,-116,3724,71.2,2026-06-24,-1.89,39.2,False
1534,300048,合康新能,4.85,-1.42,0.21,-118.62,4.923163349123,0.309474,51.31011987,-781,4521,63.2,2026-06-24,-1.49,32.4,False
1535,300049,福瑞医科,38.92,-3.78,0.75,80.79,40.781768644641,0.25545,60.41391544,-1391,2229,67.6,2026-06-24,-4.57,40.8,False
1536,300050,世纪鼎利,6.34,1.93,1.98,270.03,6.291640692264,0.2654284,55.4364819,366,3612,66.4,2026-06-24,0.77,36.8,False
1537,300051,琏升科技,9.24,-1.91,1.32,-41.34,9.447453296891,0.1969888,50.3481824,-410,4693,66.4,2026-06-24,-2.2,33.4,False
1538,300052,中青宝,13.84,8.81,6.5,-63.14,12.805772660836,0.286935490196,54.04531611,216,3945,84.0,2026-06-24,8.08,45.4,False
1539,300053,航宇微,15.66,-1.32,0.99,-145.81,15.59552341041,0.2464568,46.13111151,73,5081,76.0,2026-06-24,0.41,35.1,False
1540,300054,鼎龙股份,96.0,-0.72,1.86,91.13,94.101612651651,0.4691868,74.17741511,120,197,93.2,2026-06-24,2.02,69.1,False
1541,300055,万邦达,6.93,-1.56,0.74,40.29,7.058222194802,0.1601472,46.51169453,-108,5070,63.2,2026-06-24,-1.82,29.4,False
1542,300056,中创环保,8.07,0.37,8.25,-58.2,8.04272470247,0.3699352,47.01046899,132,5032,65.6,2026-06-24,0.34,30.8,False
1543,300057,万顺新材,10.29,13.2,8.47,117.68,8.927584702686,0.3285868,68.10246404,291,724,76.8,2026-06-24,15.26,52.3,False
1544,300058,蓝色光标,14.41,-2.31,1.54,102.56,14.630835480914,0.346402,62.16332667,360,1774,71.2,2026-06-24,-1.51,44.3,False
1545,300059,东方财富,20.37,0.94,1.37,21.56,20.456763207577,0.5184504,66.78689294,-557,896,93.6,2026-06-24,-0.42,62.5,False
1546,300061,旗天科技,7.3,-1.22,0.8,116.57,7.422372803712,0.2375684,52.35282158,-1063,4318,68.8,2026-06-24,-1.65,36.0,False
1547,300062,中能电气,5.78,-2.53,0.77,324.68,5.941863659909,0.1877816,47.58717943,-51,4990,67.2,2026-06-24,-2.72,32.0,False
1548,300063,天龙集团,9.01,-1.85,1.11,98.8,9.129941694934,0.2066024,56.66796752,41,3280,69.6,2026-06-24,-1.31,39.4,False
1549,300065,海兰信,21.08,1.79,4.74,2263.45,20.060043438547,0.3733904,67.33553816,3597,823,70.0,2026-06-24,5.08,47.1,False
1550,300066,三川智慧,6.2,-3.43,1.3,107.54,6.328311813095,0.293798,56.34409108,-638,3379,80.8,2026-06-24,-2.03,45.5,False
1551,300067,安诺其,5.88,-2.0,2.95,168.54,5.888019323554,0.294376101695,62.5224177,-245,1696,73.2,2026-06-24,-0.14,45.8,False
1552,300068,ST南都,4.39,-1.13,1.73,-3.24,4.506795519298,0.252450588235,42.29878208,-412,5181,70.4,2026-06-24,-2.59,29.8,False
1553,300069,金利华电,32.12,-1.02,1.8,309.09,32.495023193764,0.179372333333,48.75186469,-169,4895,65.6,2026-06-24,-1.15,32.0,False
1554,300070,碧水源,3.25,-0.91,0.19,48.68,3.3098052653,0.2578224,51.53326305,-131,4487,72.4,2026-06-24,-1.81,37.3,False
1555,300071,福石控股,3.59,-2.18,0.69,-1307.74,3.654068827003,0.1713476,52.15635145,-8,4369,68.8,2026-06-24,-1.75,35.9,False
1556,300072,海新能科,3.36,-1.18,0.28,-41.32,3.386764680707,0.2875012,48.59254068,18,4909,66.4,2026-06-24,-0.79,32.3,False
1557,300073,当升科技,49.95,-1.42,0.58,24.55,50.468290278582,0.306376,61.2950724,-51,1995,75.2,2026-06-24,-1.03,46.1,False
1558,300074,华平股份,3.54,-1.67,0.77,-152.91,3.615888979314,0.2013984,56.11950381,-122,3430,65.6,2026-06-24,-2.1,36.8,False
1559,300075,数字政通,10.68,-2.47,0.68,155.71,10.980240165991,0.2267988,49.24320524,-1004,4843,72.0,2026-06-24,-2.73,35.5,False
1560,300076,*ST宁视,4.29,-2.72,0.23,-51.21,4.427691533886,0.35994627451,46.75372882,-581,5050,63.2,2026-06-24,-3.11,29.5,False
1561,300077,国民技术,26.3,2.02,5.52,-283.18,25.468410960294,0.3787712,62.76886265,-1432,1632,91.2,2026-06-24,3.27,57.2,False
1562,300078,思创智联,3.08,-1.6,0.47,-94.71,3.155291586089,0.2257072,49.65088116,-1477,4790,69.6,2026-06-24,-2.39,34.6,False
1563,300079,数码视讯,4.29,-2.05,0.43,148.64,4.38146238922,0.2276188,54.13385319,-1232,3927,70.4,2026-06-24,-2.09,38.1,False
1564,300080,易成新能,3.64,0.0,0.3,-14.07,3.680114430258,0.2180288,44.98332512,-287,5117,65.6,2026-06-24,-1.09,29.5,False
1565,300081,ST恒信,4.28,7.0,1.95,-15.15,3.996897033893,0.434964,52.7494992,-173,4222,68.0,2026-06-24,7.08,35.9,False
1566,300082,奥克股份,9.58,0.31,0.7,788.33,9.613448370016,0.2813932,61.24662507,1478,2012,64.8,2026-06-24,-0.35,39.7,False
1567,300083,创世纪,12.85,-0.77,3.04,74.13,12.186848382415,0.4362016,72.09513002,840,347,77.6,2026-06-24,5.44,55.9,False
1568,300084,海默科技,11.28,0.18,1.26,-94.8,11.270404610388,0.4055592,52.30158206,-585,4331,66.0,2026-06-24,0.09,34.5,False
1569,300085,银之杰,38.7,0.42,5.08,-316.61,37.901855732245,0.410306,58.73757611,-2067,2682,93.6,2026-06-24,2.11,55.0,False
1570,300086,康芝药业,5.94,-6.6,4.06,-57.52,6.499675154146,0.2201816,55.3902929,-367,3621,73.6,2026-06-24,-8.61,40.8,False
1571,300087,荃银高科,6.84,1.03,0.49,142.29,6.842731919349,0.2393484,57.45911906,-534,3054,74.0,2026-06-24,-0.04,42.5,False
1572,300088,长信科技,10.67,8.77,7.57,139.04,9.652169365192,0.3621264,62.43904037,-26,1716,90.8,2026-06-24,10.55,56.7,False
1573,300091,*ST金灵,2.61,-3.33,0.33,-2.15,2.713920922646,0.319388,52.39875829,549,4308,64.8,2026-06-24,-3.83,34.0,False
1574,300092,科新机电,12.0,-2.6,0.96,32.15,12.28621450987,0.2351924,59.87514578,-600,2359,64.0,2026-06-24,-2.33,38.3,False
1575,300093,金刚光伏,25.52,3.74,3.19,-54.11,23.623008740107,0.482322352941,64.01120583,2447,1362,72.0,2026-06-24,8.03,46.1,False
1576,300094,国联水产,2.51,-0.79,0.63,163.72,2.567411166764,0.1620116,52.02894694,-70,4390,69.2,2026-06-24,-2.24,36.0,False
1577,300095,华伍股份,8.76,-1.46,0.47,51.09,8.795143144149,0.2249296,60.10879294,1357,2304,69.6,2026-06-24,-0.4,41.8,False
1578,300096,ST易联众,9.91,-2.65,0.29,-38.27,9.971757080961,0.4596292,61.26014458,-1062,2007,67.2,2026-06-24,-0.62,41.2,False
1579,300097,智云股份,9.27,1.42,1.34,-39.82,9.048184354143,0.2260212,53.03739938,697,4173,64.4,2026-06-24,2.45,34.2,False
1580,300098,高新兴,4.77,-0.83,0.61,89.49,4.806384917297,0.2125824,49.91007612,-182,4762,73.2,2026-06-24,-0.76,36.5,False
1581,300099,尤洛卡,6.4,-1.54,0.93,83.28,6.529742218214,0.2992624,50.93513568,-143,4593,73.2,2026-06-24,-1.99,37.3,False
1582,300100,双林股份,29.24,-0.48,0.44,49.49,29.451220205159,0.2480836,60.24340312,-955,2267,79.6,2026-06-24,-0.72,48.0,False
1583,300101,振芯科技,15.7,-0.38,0.34,-546.52,15.686421522044,0.2091804,51.19222066,-671,4545,71.2,2026-06-24,0.09,36.4,False
1584,300102,乾照光电,22.72,-0.92,0.91,176.36,22.816806466089,0.2243364,52.28625358,224,4336,70.0,2026-06-24,-0.42,36.6,False
1585,300103,达刚控股,8.37,-3.9,1.19,-370.32,8.578628580697,0.2086052,61.83304668,194,1865,70.0,2026-06-24,-2.43,43.3,False
1586,300105,龙源技术,7.18,5.12,2.63,76.16,6.940913833491,0.2784516,56.63024667,-1488,3294,76.8,2026-06-24,3.44,43.5,False
1587,300106,西部牧业,10.2,-1.92,0.76,108.7,10.46399918436,0.1278548,47.57593998,71,4991,67.6,2026-06-24,-2.52,32.2,False
1588,300107,建新股份,5.89,-2.0,0.58,126.05,6.008342228488,0.1969384,55.79923036,125,3518,65.6,2026-06-24,-1.97,36.6,False
1589,300109,新开源,15.63,-1.39,0.79,34.81,15.699105551655,0.3449664,60.64622486,1621,2176,72.4,2026-06-24,-0.44,43.9,False
1590,300110,华仁药业,2.53,-2.69,0.55,46.86,2.621500402206,0.2092452,50.05299791,-504,4740,69.2,2026-06-24,-3.49,34.6,False
1591,300111,向日葵,2.94,-2.65,0.72,-181.42,3.071058345841,0.1765696,49.20693236,-1757,4853,67.2,2026-06-24,-4.27,33.1,False
1592,300112,万讯自控,6.34,-1.55,0.67,-79.64,6.478624145698,0.111292,51.50265452,-605,4492,68.0,2026-06-24,-2.14,35.0,False
1593,300113,顺网科技,19.42,-0.46,0.88,40.66,19.388288060839,0.2620044,58.35523213,266,2802,69.6,2026-06-24,0.16,40.6,False
1594,300115,长盈精密,29.49,0.55,0.85,80.14,28.98391941963,0.2984924,55.0802072,543,3704,77.6,2026-06-24,1.75,42.7,False
1595,300118,东方日升,12.09,-1.06,1.12,-9.54,12.185686785028,0.2392796,42.16272912,3,5184,70.4,2026-06-24,-0.79,29.7,False
1596,300119,瑞普生物,14.68,-2.78,0.26,15.83,15.285868376068,0.1142672,60.23834081,-588,2268,66.8,2026-06-24,-3.96,40.2,False
1597,300120,经纬辉开,9.87,0.71,5.98,455.26,9.607341424409,0.3745548,64.43583183,2842,1283,76.8,2026-06-24,2.73,49.5,False
1598,300121,阳谷华泰,12.41,-2.36,1.16,23.01,12.62472061734,0.1995948,66.17405592,329,985,77.2,2026-06-24,-1.7,51.1,False
1599,300122,智飞生物,11.71,-2.01,0.5,-18.05,12.158738710881,0.1882304,49.00087587,-1226,4878,76.0,2026-06-24,-3.69,37.2,False
1600,300123,ST亚光,3.75,-2.6,0.86,-32.44,3.901997961809,0.253265686275,41.80162221,-13,5189,68.8,2026-06-24,-3.9,28.8,False
1601,300124,汇川技术,69.31,4.52,0.73,46.29,66.547212444803,0.3934936,66.96102426,-464,871,89.2,2026-06-24,4.15,59.7,False
1602,300125,*ST聆达,9.3,-1.38,0.26,-191.04,9.359609620594,0.2207448,53.29804999,-439,4125,63.6,2026-06-24,-0.64,33.9,False
1603,300126,锐奇股份,5.95,-1.82,0.54,-24.54,6.135106493675,0.0753524,52.91047452,758,4199,63.6,2026-06-24,-3.02,33.7,False
1604,300127,银河磁体,28.43,-1.15,0.8,42.7,28.910681454665,0.1658924,64.89962533,-179,1200,76.0,2026-06-24,-1.66,49.3,False
1605,300128,锦富技术,6.17,1.15,1.08,-36.63,5.997939518911,0.3491088,57.75944497,593,2963,73.6,2026-06-24,2.87,42.5,False
1606,300129,泰胜风能,8.92,-1.0,0.5,181.65,8.897155007774,0.2735736,62.2949062,2197,1745,67.2,2026-06-24,0.26,41.9,False
1607,300130,新国都,22.05,-1.91,1.15,29.32,22.375054104313,0.3052752,62.70545588,989,1648,80.8,2026-06-24,-1.45,50.7,False
1608,300131,英唐智控,21.41,0.19,3.42,1491.2,20.764236917392,0.4791392,75.2946001,220,151,81.2,2026-06-24,3.11,61.1,False
1609,300132,青松股份,5.78,-2.53,0.58,34.05,5.949308351692,0.2201688,54.73036075,-917,3786,63.2,2026-06-24,-2.85,34.6,False
1610,300133,华策影视,7.49,0.0,1.09,43.51,7.409748351584,0.3801756,67.16098608,1200,844,76.0,2026-06-24,1.08,51.0,False
1611,300134,大富科技,9.36,0.43,0.39,-33.85,9.449669380215,0.1445632,50.17546002,-960,4724,72.0,2026-06-24,-0.95,36.1,False
1612,300135,宝利国际,3.15,-1.87,0.42,82.38,3.213908334649,0.2348296,53.2987285,-1882,4124,65.2,2026-06-24,-1.99,34.8,False
1613,300136,信维通信,107.98,4.71,4.74,249.02,99.299691825402,0.5261692,73.35141971,644,252,86.8,2026-06-24,8.74,63.7,False
1614,300137,先河环保,18.32,-1.61,1.17,1889.84,18.20714936765,0.4527696,63.80962452,570,1406,67.6,2026-06-24,0.62,43.1,False
1615,300138,晨光生物,9.14,-2.45,0.36,11.41,9.377854803057,0.1687448,62.25913339,1007,1750,64.0,2026-06-24,-2.54,39.8,False
1616,300139,晓程科技,38.2,-3.9,2.57,58.27,39.409681189142,0.2131404,54.04953527,78,3944,69.6,2026-06-24,-3.07,37.6,False
1617,300140,节能环境,5.07,-1.17,0.32,12.25,5.145190200388,0.198604,54.67095104,-103,3800,64.8,2026-06-24,-1.46,35.4,False
1618,300141,和顺电气,9.81,-1.7,0.37,-94.67,10.033560547638,0.112062,50.37446013,201,4690,66.4,2026-06-24,-2.23,33.4,False
1619,300142,沃森生物,12.04,-3.29,1.57,43.5,12.498433119073,0.328488,62.90506777,911,1613,82.0,2026-06-24,-3.67,51.6,False
1620,300143,盈康生命,6.9,-4.83,0.78,65.16,7.287690769361,0.2360908,65.28881202,1291,1131,62.8,2026-06-24,-5.32,41.0,False
1621,300144,宋城演艺,5.81,-0.85,0.23,18.03,5.926618099965,0.2464272,57.28858157,-513,3096,71.6,2026-06-24,-1.97,41.0,False
1622,300145,南方泵业,5.88,3.52,4.25,34.91,5.596052006875,0.3366284,69.20216087,-580,608,84.4,2026-06-24,5.07,58.4,False
1623,300146,汤臣倍健,9.65,-2.62,0.39,10.16,9.965229118018,0.2374648,59.05808629,-1032,2582,81.2,2026-06-24,-3.16,48.0,False
1624,300147,*ST香雪,9.43,-1.46,0.26,-13.99,9.671042323059,0.248524901961,52.10294266,-1453,4380,71.6,2026-06-24,-2.49,37.3,False
1625,300148,天舟文化,3.16,-1.86,0.45,66.16,3.22551034978,0.2145232,50.27453724,85,4707,68.0,2026-06-24,-2.03,34.2,False
1626,300149,睿智医药,8.61,-4.44,4.25,-59.04,9.162344091002,0.2839492,62.18113075,-1394,1771,84.0,2026-06-24,-6.03,52.2,False
1627,300150,世纪瑞尔,4.2,-1.87,0.96,-50.21,4.188641020333,0.2493588,66.75799046,2279,902,62.0,2026-06-24,0.27,41.4,False
1628,300151,昌红科技,26.03,7.12,4.2,204.39,23.205918461703,0.414498,63.34302321,1583,1514,72.0,2026-06-24,12.17,45.6,False
1629,300152,*ST动力,1.6,-1.84,0.45,-84.13,1.643182989998,0.243142352941,46.09958268,11,5083,68.4,2026-06-24,-2.63,31.5,False
1630,300153,科泰电源,23.96,-1.8,0.65,94.23,24.129218902271,0.1976392,58.93761126,557,2621,70.4,2026-06-24,-0.7,41.5,False
1631,300154,瑞凌股份,8.09,-2.18,0.36,32.62,8.276859251712,0.1274056,58.2997902,882,2825,63.2,2026-06-24,-2.26,36.8,False
1632,300155,安居宝,4.03,-0.74,0.67,-66.37,4.135060648505,0.1219068,52.7467011,553,4223,64.8,2026-06-24,-2.54,34.2,False
1633,300157,新锦动力,3.81,-2.31,0.82,-17.52,3.918051229971,0.1928564,46.75994062,73,5049,66.4,2026-06-24,-2.76,31.0,False
1634,300158,振东制药,4.67,-3.31,0.49,-1107.66,4.918602603793,0.2768432,52.60560253,-650,4267,70.0,2026-06-24,-5.05,36.8,False
1635,300159,新研股份,3.7,-3.39,1.16,59.89,3.671093688167,0.357937843137,56.92798254,1433,3196,76.4,2026-06-24,0.79,43.5,False
1636,300160,秀强股份,4.25,-1.39,0.16,21.94,4.349667439758,0.1999236,54.32605569,-1490,3874,68.8,2026-06-24,-2.29,37.4,False
1637,300161,华中数控,30.65,-1.86,0.6,-19.25,31.115782782071,0.1853104,53.77086003,-1540,4014,77.6,2026-06-24,-1.5,41.7,False
1638,300162,雷曼光电,10.55,-0.94,3.1,-79.76,10.613661417671,0.27031,57.32273495,30,3084,84.4,2026-06-24,-0.6,48.4,False
1639,300163,先锋新材,6.17,0.49,1.74,-68.81,6.060929865328,0.3106808,59.55587323,606,2451,68.8,2026-06-24,1.8,41.0,False
1640,300164,通源石油,8.34,-2.68,2.34,-95.1,8.554032350635,0.2100236,48.37946541,126,4927,67.2,2026-06-24,-2.5,32.5,False
1641,300165,天瑞仪器,5.77,-2.53,0.98,56.86,5.920207943948,0.2459096,50.58693609,-1522,4644,68.8,2026-06-24,-2.54,34.8,False
1642,300166,东方国信,18.25,-1.51,3.0,-192.26,18.340037665228,0.3149968,58.96164432,465,2613,87.6,2026-06-24,-0.49,51.7,False
1643,300167,ST迪威迅,5.04,-3.08,0.96,-23.8,5.152196989079,0.3899048,54.87120455,-1786,3759,70.8,2026-06-24,-2.18,38.8,False
1644,300168,万达信息,4.64,-1.9,0.26,-42.14,4.713627262015,0.2164232,55.93051458,875,3490,71.6,2026-06-24,-1.56,40.0,False
1645,300169,天晟新材,4.86,-3.19,1.06,-645.01,5.078169783163,0.1538536,55.40756545,1000,3617,67.2,2026-06-24,-4.3,37.2,False
1646,300170,汉得信息,16.57,-3.33,1.23,110.43,17.05541772633,0.2599004,59.26996392,-49,2528,71.2,2026-06-24,-2.85,42.2,False
1647,300171,东富龙,11.0,-2.48,0.5,76.54,11.427358312732,0.2219152,61.34919045,1268,1981,68.4,2026-06-24,-3.74,42.0,False
1648,300172,中电环保,4.22,-1.17,0.54,26.54,4.29709592762,0.2609852,51.82867594,6,4426,67.2,2026-06-24,-1.79,34.8,False
1649,300173,ST福能,3.32,-2.64,0.41,-23.87,3.474922160329,0.2101388,44.97468034,-428,5118,66.8,2026-06-24,-4.46,30.0,False
1650,300174,元力股份,34.85,9.42,6.34,76.2,29.437971571746,0.3774304,71.91586887,-196,364,82.4,2026-06-24,18.38,59.3,False
1651,300175,朗源股份,4.65,-1.9,0.43,-97.47,4.766990679242,0.210732156863,45.31617902,-39,5107,67.6,2026-06-24,-2.45,30.6,False
1652,300176,鸿特科技,4.97,-2.36,0.57,64.88,5.120984752557,0.1785688,58.00237605,336,2900,65.6,2026-06-24,-2.95,38.0,False
1653,300177,中海达,6.35,-1.55,0.35,-40.5,6.43891840465,0.1787684,49.44327442,-807,4819,71.2,2026-06-24,-1.38,35.2,False
1654,300179,四方达,55.77,-6.43,6.86,157.75,57.024566918106,0.4487308,75.70526477,546,134,93.2,2026-06-24,-2.2,70.6,False
1655,300180,华峰超纤,4.2,-2.55,0.41,-957.41,4.350553646468,0.2577528,50.83818315,-132,4605,73.2,2026-06-24,-3.46,37.2,False
1656,300181,佐力药业,12.93,-2.85,0.93,11.36,13.487095151931,0.3079916,66.58682619,-565,922,76.8,2026-06-24,-4.13,51.1,False
1657,300182,捷成股份,5.09,-1.17,0.89,30.03,5.1699882611,0.3639772,53.01373839,-151,4179,79.6,2026-06-24,-1.55,42.2,False
1658,300183,东软载波,10.54,-1.86,0.83,-53.97,10.658313403578,0.2339088,54.91676279,911,3752,68.4,2026-06-24,-1.11,37.6,False
1659,300184,力源信息,17.64,2.14,4.49,36.9,17.11980105009,0.3293296,72.28145875,-37,335,89.6,2026-06-24,3.04,64.8,False
1660,300185,通裕重工,2.75,-2.14,0.74,67.2,2.838825896267,0.3256892,56.94614697,-295,3188,72.8,2026-06-24,-3.13,41.5,False
1661,300187,永清环保,5.33,1.14,3.34,19.33,5.32609674211,0.1860464,56.30248528,-2614,3391,70.4,2026-06-24,0.07,39.6,False
1662,300188,国投智能,9.73,-1.32,0.26,-13.76,9.933867406808,0.1961772,49.22209659,-20,4849,71.2,2026-06-24,-2.05,35.0,False
1663,300189,神农种业,4.5,-1.75,0.99,-177.29,4.619745464657,0.23284,48.20345949,0,4944,69.2,2026-06-24,-2.59,33.4,False
1664,300190,维尔利,4.0,-2.68,0.92,150.55,4.111530128606,0.4551052,62.22875601,463,1758,68.4,2026-06-24,-2.71,42.6,False
1665,300191,潜能恒信,28.51,-1.14,0.85,74.79,28.528802467766,0.1803524,55.0752533,532,3707,63.6,2026-06-24,-0.07,35.0,False
1666,300192,科德教育,16.73,-2.34,0.72,56.21,16.723291801515,0.281442,64.80722865,1818,1216,66.4,2026-06-24,0.04,43.0,False
1667,300193,佳士科技,8.12,-1.22,0.27,37.36,8.150710242381,0.199804,64.35082925,1020,1300,68.0,2026-06-24,-0.38,43.8,False
1668,300194,福安药业,3.43,-3.11,0.26,18.58,3.562674042677,0.1862708,52.00499295,-2032,4393,66.8,2026-06-24,-3.72,34.7,False
1669,300195,长荣股份,6.95,5.3,14.22,-22.18,6.172329868149,0.2860364,62.07429784,723,1796,70.0,2026-06-24,12.6,43.5,False
1670,300196,长海股份,31.47,3.52,5.07,39.67,30.772512570438,0.3184616,69.67801918,-280,555,82.4,2026-06-24,2.27,57.4,False
1671,300197,节能铁汉,2.02,-0.49,1.39,-12.34,2.055024843538,0.2797872,43.70401952,-526,5157,75.6,2026-06-24,-1.7,33.0,False
1672,300198,*ST纳川,2.24,-0.44,0.18,-15.93,2.258007063364,0.314657058824,52.10903194,597,4378,66.0,2026-06-24,-0.8,34.4,False
1673,300199,翰宇药业,21.58,-1.42,1.5,37.28,22.051674843467,0.396986,62.16539777,-969,1773,72.4,2026-06-24,-2.14,45.0,False
1674,300200,高盟新材,10.97,0.55,2.58,47.97,10.7459789032,0.2821576,69.34188972,-108,589,80.0,2026-06-24,2.08,55.5,False
1675,300201,海伦哲,18.49,-2.43,1.16,108.47,19.245060631474,0.4518444,73.79486063,-130,218,75.6,2026-06-24,-3.92,55.8,False
1676,300203,聚光科技,14.3,0.28,1.35,-22.07,14.328428221245,0.3025504,52.74263935,-17,4226,73.2,2026-06-24,-0.2,38.6,False
1677,300204,舒泰神,20.43,-3.63,2.25,-289.41,21.630687203161,0.316476,48.17498796,-1889,4948,77.2,2026-06-24,-5.55,37.2,False
1678,300205,*ST天喻,5.19,0.19,0.04,-13.1,5.229793516419,0.2764364,44.77563453,-247,5126,64.8,2026-06-24,-0.76,29.0,False
1679,300206,理邦仪器,12.37,-3.66,0.79,17.06,13.04456173011,0.22281,71.0690374,-266,433,69.6,2026-06-24,-5.17,49.5,False
1680,300207,欣旺达,19.86,-1.19,0.47,80.45,20.113299382814,0.2888232,56.73826755,173,3256,70.8,2026-06-24,-1.26,40.2,False
1681,300209,行云科技,30.3,-5.19,3.76,-319.22,30.514885274272,0.5517728,65.93741249,2783,1028,76.8,2026-06-24,-0.7,50.6,False
1682,300210,森远股份,8.97,-3.03,0.92,-92.7,9.217943621537,0.2768576,47.76578636,-1099,4976,67.6,2026-06-24,-2.69,32.3,False
1683,300211,*ST亿通,7.41,-2.88,0.2,-47.5,7.622356833099,0.254762,53.13401546,-1407,4155,64.4,2026-06-24,-2.79,34.2,False
1684,300212,*ST易录,9.02,-5.05,1.15,-33.77,9.56002384948,0.290993921569,49.42417349,187,4824,70.0,2026-06-24,-5.65,34.6,False
1685,300213,佳讯飞鸿,6.29,-2.18,0.62,1195.81,6.46913510399,0.1698728,44.70770395,-100,5129,67.2,2026-06-24,-2.77,30.0,False
1686,300214,日科化学,9.94,-1.49,1.16,556.04,10.222163077764,0.2008988,61.12011531,-634,2043,73.6,2026-06-24,-2.76,45.0,False
1687,300215,电科院,6.76,-1.6,0.34,622.84,6.839777014608,0.2254692,52.09270085,-714,4381,64.8,2026-06-24,-1.17,33.8,False
1688,300217,东方电热,4.41,-2.43,0.61,57.02,4.573441891446,0.313008,56.46772707,-1819,3347,70.8,2026-06-24,-3.57,40.0,False
1689,300218,安利股份,11.91,-1.73,0.3,115.3,12.210443893025,0.2196244,57.22137586,306,3119,63.2,2026-06-24,-2.46,36.2,False
1690,300219,鸿利智汇,9.36,2.63,2.48,164.17,8.988017383544,0.2349488,66.56034322,846,927,79.2,2026-06-24,4.14,52.7,False
1691,300220,金运激光,11.06,-0.45,0.71,-156.92,11.208819520719,0.0996308,52.37677545,526,4313,67.6,2026-06-24,-1.33,35.4,False
1692,300221,银禧科技,16.09,-7.16,5.07,49.6,17.18302454451,0.3266168,62.37555798,-1143,1729,85.6,2026-06-24,-6.36,53.4,False
1693,300222,科大智能,14.21,-0.98,1.15,101.56,14.300594308888,0.2802592,61.81856485,-759,1870,84.4,2026-06-24,-0.63,52.2,False
1694,300223,北京君正,226.56,14.54,5.86,85.88,193.532309639973,0.4789576,78.59034586,6,56,94.8,2026-06-24,17.07,74.5,False
1695,300224,正海磁材,12.89,-1.23,0.78,63.75,13.067788406886,0.2735164,65.89089664,-212,1038,83.2,2026-06-24,-1.36,54.8,False
1696,300225,金力泰,8.06,-2.07,1.44,66.6,8.293122517301,0.319974117647,51.99377284,-368,4397,69.2,2026-06-24,-2.81,36.0,False
1697,300226,上海钢联,16.23,-2.05,0.41,29.27,16.567595427202,0.2092476,55.97029126,-83,3478,68.0,2026-06-24,-2.04,38.1,False
1698,300227,光韵达,13.72,17.47,13.05,-71.29,11.604316156367,0.3204972,66.12216708,1604,998,74.0,2026-06-24,18.23,48.9,False
1699,300228,富瑞特装,7.49,-2.6,1.14,19.63,7.565519184359,0.2518332,60.7215863,-650,2146,68.0,2026-06-24,-1.0,41.3,False
1700,300229,拓尔思,14.76,-2.83,0.75,-41.65,15.248285984404,0.2461276,49.63868639,-21,4792,72.8,2026-06-24,-3.2,36.1,False
1701,300230,永利股份,4.42,-1.78,0.26,21.95,4.506667284753,0.195556,60.40306694,-1409,2232,65.2,2026-06-24,-1.92,39.4,False
1702,300231,银信科技,8.57,-1.38,0.55,74.43,8.654171141411,0.2037712,61.10687532,1384,2049,68.0,2026-06-24,-0.97,41.6,False
1703,300232,洲明科技,5.74,-0.52,0.63,-18.81,5.667903596411,0.3303672,59.63514939,1736,2426,70.8,2026-06-24,1.27,42.2,False
1704,300233,金城医药,12.34,-3.44,0.86,20.49,12.913908106479,0.2181072,58.36322633,-1053,2798,69.6,2026-06-24,-4.44,40.6,False
1705,300234,开尔新材,11.05,-2.39,1.72,357.64,11.235591129345,0.3897884,57.64712843,1834,3001,72.0,2026-06-24,-1.65,41.5,False
1706,300235,方直科技,13.1,-2.38,0.78,396.94,13.456359094932,0.3618308,61.91740933,1013,1844,70.4,2026-06-24,-2.65,43.6,False
1707,300236,上海新阳,113.5,-0.8,1.87,85.76,111.202950680053,0.4340108,72.96012465,-32,282,88.8,2026-06-24,2.07,64.8,False
1708,300237,ST美晨,1.81,-3.21,0.65,-65.24,1.894889733373,0.2936036,44.78620773,-410,5124,66.0,2026-06-24,-4.48,29.6,False
1709,300238,冠昊生物,11.08,-2.64,0.74,72.28,11.390587160514,0.166108,61.03209717,-322,2065,72.0,2026-06-24,-2.73,43.9,False
1710,300239,东宝生物,5.43,-2.86,0.82,40.92,5.574056854235,0.2561792,62.70830321,-757,1647,71.6,2026-06-24,-2.58,44.9,False
1711,300240,飞力达,5.19,-1.89,0.51,-69.38,5.323626058959,0.1619092,57.34414752,1160,3080,65.6,2026-06-24,-2.51,37.6,False
1712,300241,瑞丰光电,6.65,2.15,2.28,40.98,6.411211052648,0.1943908,55.40075298,-8,3619,75.2,2026-06-24,3.72,41.7,False
1713,300242,佳云科技,4.53,-3.21,0.94,-119.96,4.660158673801,0.3463652,59.43030712,1411,2486,69.2,2026-06-24,-2.79,41.1,False
1714,300243,瑞丰高材,21.09,-4.57,6.79,72.84,21.441378249524,0.3515844,73.47784093,217,242,82.0,2026-06-24,-1.64,60.3,False
1715,300244,迪安诊断,18.97,0.85,2.19,46.04,19.196480302991,0.3161684,69.5402586,515,566,80.8,2026-06-24,-1.18,56.2,False
1716,300245,ST天玑,5.56,-2.28,0.81,-23.82,5.763876561605,0.182870980392,48.24950519,-237,4940,66.0,2026-06-24,-3.54,31.8,False
1717,300246,宝莱特,17.88,0.11,1.62,-161.61,17.828950404289,0.376952,52.82652692,198,4212,64.8,2026-06-24,0.29,34.2,False
1718,300247,融捷健康,3.82,-2.05,0.27,32.35,3.895537431358,0.2874364,59.73103145,113,2402,64.8,2026-06-24,-1.94,38.7,False
1719,300248,新开普,8.0,-0.62,0.42,-17.86,8.121147584307,0.1530164,54.78542431,-1108,3779,70.0,2026-06-24,-1.49,38.3,False
1720,300249,依米康,17.1,1.06,2.06,208.83,16.804423136678,0.2801124,60.47898926,-1589,2215,77.6,2026-06-24,1.76,46.9,False
1721,300250,初灵信息,14.75,-1.93,0.8,-328.07,15.031009011936,0.1349992,50.9219647,-51,4594,68.8,2026-06-24,-1.87,35.0,False
1722,300251,光线传媒,11.15,0.09,0.51,351.33,11.207834141808,0.2618992,54.21573073,-1982,3904,75.2,2026-06-24,-0.52,40.8,False
1723,300252,金信诺,18.66,7.24,5.7,151.08,17.389857725627,0.2595188,61.41749772,-366,1961,85.6,2026-06-24,7.3,52.6,False
1724,300253,卫宁健康,6.93,-1.7,0.64,271.81,7.072576948949,0.26291,50.43591902,-13,4682,72.0,2026-06-24,-2.02,36.3,False
1725,300254,仟源医药,8.38,-2.67,1.29,160.5,8.734949521009,0.2289972,56.51508983,58,3332,64.0,2026-06-24,-4.06,36.2,False
1726,300255,常山药业,24.7,-3.82,1.27,966.65,26.044651312021,0.312012,43.18175477,-64,5166,76.8,2026-06-24,-5.16,33.2,False
1727,300256,星星科技,2.66,-0.75,0.28,-81.5,2.667089821817,0.1961712,53.8630222,-753,3990,71.2,2026-06-24,-0.27,38.4,False
1728,300257,开山股份,27.61,0.88,0.24,86.1,27.149611172301,0.312332,63.03475872,120,1583,60.8,2026-06-24,1.7,38.3,False
1729,300258,精锻科技,11.45,-1.29,0.48,569.86,11.68652346581,0.2805588,49.56768315,-96,4803,68.4,2026-06-24,-2.02,33.9,False
1730,300259,新天科技,5.4,5.26,2.26,80.25,5.214233796566,0.248594,59.68656584,-1961,2419,67.2,2026-06-24,3.56,40.1,False
1731,300260,新莱应材,82.24,-1.92,2.16,158.65,82.008866726041,0.3851332,75.95531853,-21,125,87.2,2026-06-24,0.28,66.2,False
1732,300261,雅本化学,4.51,-3.63,0.3,-18.86,4.673949183508,0.197816,52.47388023,549,4295,70.0,2026-06-24,-3.51,36.7,False
1733,300263,隆华科技,16.3,3.3,3.58,65.39,15.652225135513,0.3453536,63.50459516,747,1465,86.4,2026-06-24,4.14,54.9,False
1734,300264,佳创视讯,8.45,0.24,1.03,-228.87,8.372480764698,0.3012836,51.38218033,279,4510,74.4,2026-06-24,0.93,38.2,False
1735,300265,通光线缆,23.3,-1.98,2.75,678.77,23.852105272288,0.300312,60.82096653,-1490,2127,85.6,2026-06-24,-2.31,52.1,False
1736,300266,兴源环境,1.82,-1.62,0.24,-22.19,1.857664601006,0.2837124,44.98626292,36,5116,66.0,2026-06-24,-2.03,29.7,False
1737,300267,尔康制药,3.39,-4.78,1.11,133.35,3.517675023667,0.3107456,56.61212994,-654,3301,67.6,2026-06-24,-3.63,38.3,False
1738,300268,佳沃食品,10.75,-2.09,0.49,-59.73,11.163145759717,0.211525294118,44.72416178,-606,5128,64.4,2026-06-24,-3.7,28.8,False
1739,300269,联建光电,4.82,-1.43,0.78,-38.39,4.889709090359,0.1616444,51.13057006,23,4555,64.8,2026-06-24,-1.43,33.1,False
1740,300270,中威电子,11.09,2.4,1.18,413.96,10.827573674513,0.1940544,47.02784373,-234,5029,66.8,2026-06-24,2.42,31.4,False
1741,300271,华宇软件,5.04,-2.33,0.29,-18.19,5.170207339163,0.2295848,56.26327582,-18,3402,69.2,2026-06-24,-2.52,38.9,False
1742,300272,开能健康,5.38,-2.71,0.59,153.92,5.592780751998,0.2455104,58.01202216,914,2896,63.2,2026-06-24,-3.8,36.7,False
1743,300274,阳光电源,152.33,-1.6,0.82,34.46,153.488069013941,0.5347736,81.19817666,95,23,88.0,2026-06-24,-0.75,71.5,False
1744,300275,梅安森,8.16,-2.74,0.49,56.62,8.385192501255,0.1553748,53.14920164,-799,4150,69.6,2026-06-24,-2.69,37.0,False
1745,300276,三丰智能,7.21,-1.9,1.09,-205.09,7.380607613399,0.2339576,49.16243573,-630,4859,76.4,2026-06-24,-2.31,37.6,False
1746,300277,汽轮科技,15.25,3.46,1.81,68.12,14.747331213895,0.2348684,55.61192652,-1623,3565,68.4,2026-06-24,3.41,38.0,False
1747,300278,华昌达,3.94,-1.99,0.33,875.52,4.028320618276,0.2718588,49.3751163,-97,4831,68.8,2026-06-24,-2.19,34.0,False
1748,300279,和晶科技,6.8,-1.88,0.57,80.84,6.933955644275,0.269678,52.29565996,-427,4335,66.8,2026-06-24,-1.93,34.9,False
1749,300281,金明精机,6.33,-2.47,0.53,135.68,6.55608530354,0.1336772,52.03213944,127,4389,65.6,2026-06-24,-3.45,34.1,False
1750,300283,温州宏丰,23.76,2.55,5.86,52.44,23.24870949919,0.3308048,62.45645617,-971,1710,84.8,2026-06-24,2.2,53.0,False
1751,300284,苏交科,5.24,-0.38,0.22,40.23,5.294431954005,0.1582936,51.77663938,-7,4443,69.6,2026-06-24,-1.03,36.0,False
1752,300285,国瓷材料,99.48,8.46,6.84,174.3,91.696744263611,0.4872948,68.16899489,717,716,91.2,2026-06-24,8.49,62.2,False
1753,300286,安科瑞,27.69,-1.88,1.52,34.53,28.158334780162,0.2067944,67.03324394,-74,864,68.4,2026-06-24,-1.66,45.9,False
1754,300287,飞利信,3.33,-2.06,0.4,-41.78,3.40733064548,0.2022232,46.69905297,-19,5057,72.8,2026-06-24,-2.27,34.0,False
1755,300288,朗玛信息,9.15,-2.66,0.49,-185.51,9.460175662828,0.1059328,56.3306196,203,3383,68.8,2026-06-24,-3.28,38.8,False
1756,300289,利德曼,5.48,-2.49,0.45,-187.62,5.694018536627,0.200444,52.63319203,-1315,4260,69.6,2026-06-24,-3.76,36.6,False
1757,300290,荣科科技,8.7,-3.97,1.14,-77.7,9.113817849408,0.161556,47.94640911,-41,4960,69.2,2026-06-24,-4.54,33.2,False
1758,300291,百纳千成,4.9,-1.8,0.69,86.21,4.970147550039,0.1921688,50.69673939,-193,4626,75.2,2026-06-24,-1.41,38.1,False
1759,300292,吴通控股,6.13,-3.46,2.61,49.77,6.256401394979,0.2862348,65.86175902,-895,1043,84.8,2026-06-24,-2.02,55.9,False
1760,300293,蓝英装备,18.81,-2.89,1.15,-1497.32,18.967306708521,0.2406616,66.57308863,924,925,76.0,2026-06-24,-0.83,50.6,False
1761,300294,博雅生物,14.62,-2.79,0.34,60.99,15.466703598975,0.238764,55.01467841,376,3726,69.6,2026-06-24,-5.47,38.3,False
1762,300295,*ST三六,10.62,-2.12,0.57,752.35,11.008818595499,0.361410196078,56.63735523,-1158,3289,64.8,2026-06-24,-3.53,36.7,False
1763,300296,利亚德,5.9,-2.32,1.49,235.13,6.093503843633,0.3245264,53.44062329,-358,4095,77.2,2026-06-24,-3.18,41.3,False
1764,300298,三诺生物,13.91,-1.97,0.31,19.82,14.436291728923,0.1406036,56.66922191,-758,3279,68.4,2026-06-24,-3.65,38.8,False
1765,300299,富春股份,4.94,-0.8,0.46,69.83,4.987019278023,0.1703836,47.59179217,93,4988,68.8,2026-06-24,-0.94,32.7,False
1766,300300,海峡创新,8.25,0.86,2.49,-122.19,8.188718306375,0.2097744,48.75287683,-1159,4894,66.8,2026-06-24,0.75,32.6,False
1767,300301,ST长方,3.51,-3.31,1.41,-35.3,3.366773628938,0.4365464,58.62169616,2263,2719,63.2,2026-06-24,4.25,37.0,False
1768,300302,同有科技,59.85,0.5,9.6,82.25,56.05801676649,0.4670372,76.43740524,10,109,90.4,2026-06-24,6.76,69.1,False
1769,300303,聚飞光电,10.14,1.91,2.87,70.28,9.690200295856,0.3573684,71.80028683,1624,374,79.6,2026-06-24,4.64,57.2,False
1770,300304,云意电气,19.36,-3.92,1.33,60.43,19.575609847038,0.3815472,73.35585398,-143,251,85.2,2026-06-24,-1.1,62.5,False
1771,300305,裕兴股份,6.84,-3.66,2.04,-13.21,7.142491212749,0.260142,57.65453228,658,3000,73.2,2026-06-24,-4.24,42.2,False
1772,300306,远方信息,9.86,-1.79,0.34,64.14,10.053431938715,0.0657816,54.09389795,74,3933,64.4,2026-06-24,-1.92,34.8,False
1773,300307,慈星股份,7.31,-3.82,0.91,16.13,7.553550141968,0.253634,58.48028027,-208,2765,74.0,2026-06-24,-3.22,43.3,False
1774,300308,中际旭创,1332.0,1.51,0.68,64.76,1313.11620228605,0.7012556,81.30125661,-3,21,94.8,2026-06-24,1.44,77.1,False
1775,300310,宜通世纪,4.44,-1.33,0.76,-193.71,4.511759270112,0.240626,54.95916244,87,3737,69.2,2026-06-24,-1.59,38.0,False
1776,300311,ST任子行,5.02,-2.14,0.65,-33.34,5.15796892755,0.380014,55.72046992,-1831,3541,70.4,2026-06-24,-2.67,39.2,False
1777,300313,天山生物,7.81,-5.22,1.39,112.5,8.373370161713,0.198936666667,51.51590679,-627,4490,72.4,2026-06-24,-6.73,37.3,False
1778,300314,戴维医疗,9.28,-2.32,0.49,67.59,9.577536816059,0.0812184,62.76365131,-245,1635,66.4,2026-06-24,-3.11,41.7,False
1779,300315,掌趣科技,3.97,0.51,0.71,49.68,3.991983173892,0.2677008,47.25365733,43,5015,71.2,2026-06-24,-0.55,33.6,False
1780,300316,晶盛机电,56.75,-0.54,0.7,181.18,55.924936801177,0.3904648,76.48348171,342,106,89.2,2026-06-24,1.48,68.2,False
1781,300317,珈伟新能,4.14,-2.36,1.04,333.91,4.21680899728,0.21665,43.63650855,-97,5158,74.0,2026-06-24,-1.82,32.3,False
1782,300318,博晖创新,4.28,-2.73,0.26,-119.98,4.473832555713,0.1960016,51.58441405,200,4480,66.4,2026-06-24,-4.33,34.3,False
1783,300319,麦捷科技,31.48,1.16,6.83,148.16,31.19278015212,0.4135312,58.87290439,-1886,2640,93.2,2026-06-24,0.92,54.9,False
1784,300320,海达股份,8.94,-2.51,0.7,21.5,9.16654328659,0.2592452,61.55733475,-291,1930,71.2,2026-06-24,-2.47,43.8,False
1785,300321,同大股份,57.0,16.85,4.54,2673.59,49.088909726502,0.4057236,62.9791467,-482,1597,71.2,2026-06-24,16.12,44.8,False
1786,300322,硕贝德,26.82,0.75,2.16,295.78,26.671965583985,0.295184,59.04904219,-1407,2585,76.4,2026-06-24,0.56,45.1,False
1787,300323,华灿光电,16.69,1.64,3.6,133.64,16.309713586905,0.3646508,67.07841308,244,858,77.2,2026-06-24,2.33,51.8,False
1788,300324,旋极信息,3.96,-1.98,0.92,-56.13,3.972567348982,0.28674,59.11316735,-134,2573,71.2,2026-06-24,-0.32,42.1,False
1789,300326,ST凯利,5.91,-2.15,0.28,16.03,6.04382465007,0.2680056,58.00687832,304,2899,65.6,2026-06-24,-2.21,38.1,False
1790,300327,中颖电子,30.82,-2.16,2.12,128.4,30.401742654548,0.3148816,69.07966135,2710,620,84.8,2026-06-24,1.38,58.6,False
1791,300328,宜安科技,18.21,1.34,2.39,-163.89,17.953942735575,0.3529332,52.21737771,39,4353,79.2,2026-06-24,1.43,41.4,False
1792,300329,海伦钢琴,11.25,-1.92,0.35,-34.5,11.440205192322,0.211624,42.99715475,15,5170,63.6,2026-06-24,-1.66,27.3,False
1793,300331,苏大维格,70.37,2.25,1.92,152.13,67.312765402892,0.4286276,70.03101852,1487,528,78.4,2026-06-24,4.54,54.9,False
1794,300332,天壕能源,4.32,2.37,1.32,34.33,4.237852768972,0.2497724,47.54978062,20,4994,62.4,2026-06-24,1.94,29.7,False
1795,300333,兆日科技,9.54,-0.1,1.11,-180.39,9.715116973119,0.195884,52.31440427,421,4328,75.2,2026-06-24,-1.8,39.3,False
1796,300334,津膜科技,11.13,-3.55,2.22,372.77,11.547859986077,0.158038,48.65733612,-903,4903,73.6,2026-06-24,-3.62,35.8,False
1797,300335,迪森股份,5.07,-0.78,0.72,37.62,5.095351087893,0.2705744,53.69206872,687,4033,61.6,2026-06-24,-0.5,33.1,False
1798,300337,银邦股份,11.84,-1.25,1.08,44.51,11.895986376525,0.2792956,57.08463323,1191,3158,73.2,2026-06-24,-0.47,41.8,False
1799,300338,*ST开元,2.68,-5.96,1.18,-11.79,2.907662488705,0.188985098039,45.4340541,-142,5103,64.0,2026-06-24,-7.83,29.1,False
1800,300339,润和软件,39.85,-1.04,0.62,102.7,40.306335680236,0.3109412,58.66542769,5,2704,74.4,2026-06-24,-1.13,43.6,False
1801,300340,科恒股份,9.21,-4.06,0.9,-29.59,9.658580265136,0.1392716,49.68500816,239,4784,77.6,2026-06-24,-4.64,38.6,False
1802,300341,麦克奥迪,14.23,-6.13,0.88,43.45,15.304185813686,0.2039188,61.01177524,-1135,2067,72.4,2026-06-24,-7.02,44.2,False
1803,300342,天银机电,42.79,0.09,1.27,441.99,42.358981169849,0.288606,53.77365437,1034,4013,69.2,2026-06-24,1.02,37.2,False
1804,300343,联创股份,5.82,-3.48,0.83,191.05,6.005660004011,0.389869607843,50.51379261,328,4666,74.4,2026-06-24,-3.09,37.6,False
1805,300345,华民股份,5.72,2.14,1.61,-13.7,5.531040335397,0.3062408,53.16169276,943,4147,63.2,2026-06-24,3.42,33.6,False
1806,300346,南大光电,75.63,-1.78,4.9,105.22,74.311813550809,0.4809472,77.63746403,112,77,94.8,2026-06-24,1.77,73.6,False
1807,300347,泰格医药,41.79,-3.67,1.68,183.42,43.377456637757,0.412358,75.80948633,38,131,84.4,2026-06-24,-3.66,64.0,False
1808,300348,长亮科技,9.33,-1.58,0.64,-49.46,9.585596316453,0.208852,52.72402882,-113,4230,72.0,2026-06-24,-2.67,38.0,False
1809,300349,金卡智能,11.52,-1.54,0.41,40.43,11.720013357728,0.276444,60.56388373,-573,2195,68.4,2026-06-24,-1.71,41.4,False
1810,300350,华鹏飞,4.0,-1.96,0.41,-82.04,4.110637842073,0.2000948,50.42942193,454,4685,66.0,2026-06-24,-2.69,33.3,False
1811,300351,永贵电器,17.18,-1.6,2.04,-76.83,17.541468827997,0.2313768,58.7373702,-603,2683,79.2,2026-06-24,-2.06,46.5,False
1812,300352,ST信源,2.76,-4.17,0.8,-20.06,2.918262212173,0.266822745098,46.3922166,10,5073,68.4,2026-06-24,-5.42,31.7,False
1813,300353,东土科技,22.36,3.18,1.45,-86.88,21.70301671402,0.3052808,57.97104058,-109,2907,81.6,2026-06-24,3.03,47.3,False
1814,300354,东华测试,32.23,-1.95,0.55,40.9,32.747413497472,0.2152208,66.88351382,828,886,69.6,2026-06-24,-1.58,46.6,False
1815,300355,蒙草生态,2.8,-1.41,0.3,-89.85,2.844919934438,0.2501068,54.34533984,-13,3868,68.4,2026-06-24,-1.58,37.2,False
1816,300357,我武生物,21.88,-3.65,0.71,24.02,22.813918256478,0.3315072,70.56465496,-277,474,74.8,2026-06-24,-4.09,52.8,False
1817,300358,楚天科技,7.82,-2.25,0.62,20.62,8.010639792638,0.2511916,66.05548575,896,1005,67.2,2026-06-24,-2.38,44.4,False
1818,300359,全通教育,3.59,-1.91,0.41,-27.97,3.683063344721,0.1753872,56.45431571,-429,3350,68.4,2026-06-24,-2.53,38.6,False
1819,300360,炬华科技,11.88,-1.0,0.24,16.03,12.100117956024,0.191824,58.72076293,-1264,2687,66.0,2026-06-24,-1.82,38.8,False
1820,300363,博腾股份,15.16,-3.81,3.64,73.91,15.972637673123,0.273352,66.74149199,1798,904,72.8,2026-06-24,-5.09,48.6,False
1821,300364,中文在线,25.23,-1.98,1.14,-100.26,25.271841858707,0.345806,59.6156227,-308,2433,76.8,2026-06-24,-0.17,45.8,False
1822,300365,恒华科技,4.72,-1.26,0.48,-54.38,4.788523866248,0.218388,53.30687089,-34,4122,68.4,2026-06-24,-1.43,36.5,False
1823,300366,ST创意,4.76,-1.24,0.48,-13.57,4.889491997612,0.1749116,46.45535397,-122,5071,69.6,2026-06-24,-2.65,32.3,False
1824,300368,汇金股份,8.88,-0.78,1.55,-126.43,8.986084344352,0.1895912,48.81228336,-1466,4890,76.0,2026-06-24,-1.18,37.1,False
1825,300369,绿盟科技,5.53,-2.12,0.51,-11.41,5.661843715392,0.2173392,51.13471123,-204,4554,66.4,2026-06-24,-2.33,34.0,False
1826,300370,安控科技,2.08,-0.95,0.25,-31.32,2.106006792802,0.2491332,48.81810744,-16,4889,68.4,2026-06-24,-1.23,33.4,False
1827,300371,汇中股份,10.18,-1.74,0.67,70.21,10.457108602173,0.1269288,60.67667367,1220,2163,63.2,2026-06-24,-2.65,38.3,False
1828,300373,扬杰科技,133.57,0.44,2.2,47.14,135.079442295622,0.47192,73.84211634,-87,214,94.4,2026-06-24,-1.12,69.7,False
1829,300374,中铁装配,10.87,-1.81,0.51,-20.01,11.239819395679,0.1744392,54.41064475,139,3851,71.2,2026-06-24,-3.29,38.7,False
1830,300375,鹏翎股份,4.36,-2.02,0.67,218.76,4.460775808404,0.238048,51.71682052,-1466,4454,69.2,2026-06-24,-2.26,35.8,False
1831,300376,易事特,5.32,-3.97,0.91,207.81,5.744342520022,0.2513068,50.21712685,-375,4717,79.2,2026-06-24,-7.39,39.8,False
1832,300377,赢时胜,16.99,-0.06,3.16,-36.38,17.179902749121,0.2986772,59.79928525,-1292,2381,89.6,2026-06-24,-1.11,53.6,False
1833,300378,鼎捷数智,38.34,-1.52,1.19,-323.93,38.319640546311,0.3120484,71.00348105,1002,440,77.6,2026-06-24,0.05,55.1,False
1834,300380,安硕信息,32.59,-0.28,1.54,126.16,32.839829944888,0.2019104,60.54934093,-1477,2198,77.6,2026-06-24,-0.76,47.0,False
1835,300381,溢多利,5.62,-5.07,0.75,40.92,5.962983409245,0.1846428,52.74377332,-1464,4225,66.0,2026-06-24,-5.75,34.8,False
1836,300382,斯莱克,19.28,4.27,3.29,-143.09,17.398992828971,0.4929232,64.41970214,2002,1287,73.2,2026-06-24,10.81,47.2,False
1837,300383,光环新网,13.55,0.89,1.76,271.06,13.126435855202,0.4140004,64.03923969,3052,1354,73.2,2026-06-24,3.23,46.9,False
1838,300384,三联虹普,11.8,-1.58,0.61,20.76,11.95306951155,0.1609112,55.93926684,-1531,3489,66.0,2026-06-24,-1.28,36.9,False
1839,300385,ST雪浪,10.91,-6.83,1.66,-24.56,12.052884154058,0.352122352941,42.97101549,-346,5172,58.8,2026-06-24,-9.48,25.3,False
1840,300386,飞天诚信,11.33,-1.73,1.48,-42.45,11.551647872133,0.1429652,53.84124908,-2091,3995,82.4,2026-06-24,-1.92,44.4,False
1841,300387,富邦科技,6.99,-2.1,0.5,18.99,7.188245521602,0.1369212,56.76949467,-319,3245,64.4,2026-06-24,-2.76,36.6,False
1842,300388,节能国祯,6.5,-1.81,0.14,12.29,6.702182474543,0.1459388,55.01390057,-143,3727,62.8,2026-06-24,-3.02,34.5,False
1843,300389,艾比森,12.88,-0.92,0.41,30.26,12.982780915436,0.1249364,64.86103779,850,1207,62.8,2026-06-24,-0.79,40.7,False
1844,300390,天华新能,98.03,-0.81,3.29,21.01,93.959903114785,0.4603192,73.9843277,674,207,82.8,2026-06-24,4.33,61.3,False
1845,300393,中来股份,7.67,0.79,0.76,-8.32,7.556294489025,0.274144,43.1901708,30,5165,68.0,2026-06-24,1.5,29.4,False
1846,300394,天孚通信,323.24,-0.63,1.58,179.09,313.261806130876,0.514272,79.43849181,30,40,94.0,2026-06-24,3.19,74.7,False
1847,300395,菲利华,135.82,1.75,1.96,124.21,131.461031539146,0.4734996,74.12781391,924,203,88.4,2026-06-24,3.32,65.5,False
1848,300396,ST迪瑞,6.28,-4.27,0.42,-376.35,6.610764405066,0.14259372549,48.31125901,163,4934,64.0,2026-06-24,-5.0,30.9,False
1849,300397,天和防务,15.09,0.07,2.21,183.73,14.999242085755,0.2468016,56.14247702,409,3428,83.2,2026-06-24,0.61,46.7,False
1850,300398,飞凯材料,56.1,2.56,6.88,60.6,50.086016379473,0.4582192,80.68742882,268,29,89.6,2026-06-24,12.01,72.3,False
1851,300399,天利科技,20.12,-1.13,1.0,531.89,20.476946337695,0.180884,61.14041473,1790,2036,75.2,2026-06-24,-1.74,46.0,False
1852,300400,劲拓股份,40.94,-0.44,1.01,97.01,40.871795877355,0.2625936,59.78186554,130,2387,76.4,2026-06-24,0.17,45.7,False
1853,300401,花园生物,21.02,5.47,3.82,56.83,20.053596379712,0.3592808,56.36413029,-718,3373,84.8,2026-06-24,4.82,47.8,False
1854,300402,宝色股份,15.95,-2.27,0.57,61.15,16.423389756553,0.152842,53.03172268,-186,4175,71.6,2026-06-24,-2.88,38.0,False
1855,300403,汉宇集团,10.02,-0.5,0.46,45.4,10.111455367188,0.2488232,60.9894541,-870,2075,72.0,2026-06-24,-0.9,43.9,False
1856,300404,博济医药,8.5,-3.74,1.67,49.8,9.011669423244,0.182552,63.71311573,914,1424,69.2,2026-06-24,-5.68,44.1,False
1857,300405,科隆股份,5.42,-1.99,0.95,315.13,5.606025519725,0.064072,48.2684517,83,4938,65.2,2026-06-24,-3.32,31.5,False
1858,300406,九强生物,11.11,-4.39,0.5,15.42,11.57714070187,0.1803208,62.55439159,483,1684,70.0,2026-06-24,-4.04,43.8,False
1859,300407,凯发电气,11.57,0.17,0.37,117.85,11.577590572184,0.132778,59.12210831,-1082,2568,62.4,2026-06-24,-0.07,36.9,False
1860,300408,三环集团,155.98,7.38,1.4,94.49,145.751432398863,0.4599608,72.04759679,92,352,91.2,2026-06-24,7.02,65.7,False
1861,300409,道氏技术,21.15,-2.94,0.95,38.42,21.776466679392,0.3301588,58.53107046,636,2743,72.0,2026-06-24,-2.88,42.1,False
1862,300410,正业科技,12.16,-0.08,2.21,87.19,12.140675115817,0.2501136,61.99067779,937,1817,79.2,2026-06-24,0.16,49.1,False
1863,300411,金盾股份,7.35,-2.91,1.93,250.34,7.659280592483,0.205506,46.63632325,-174,5063,75.2,2026-06-24,-4.04,35.1,False
1864,300412,迦南科技,4.95,-2.56,6.49,-66.78,5.042954989427,0.3568912,63.4886692,-84,1471,74.0,2026-06-24,-1.84,47.0,False
1865,300413,芒果超媒,15.01,-0.27,0.38,35.21,15.264781322921,0.2326452,60.90878093,1280,2100,72.4,2026-06-24,-1.67,44.1,False
1866,300414,中光防雷,11.34,-1.39,0.41,112.94,11.502506892467,0.1744164,52.29690201,230,4334,65.2,2026-06-24,-1.41,34.1,False
1867,300415,伊之密,19.28,-1.03,0.17,16.71,19.543783711964,0.204524,61.86528564,-264,1855,66.4,2026-06-24,-1.35,41.1,False
1868,300416,苏试试验,20.04,-0.64,1.42,58.5,19.639703321468,0.3164696,66.80609457,1678,894,75.2,2026-06-24,2.04,50.2,False
1869,300417,南华仪器,10.68,-1.48,1.37,-121.6,10.912782052887,0.081064,58.86208967,1152,2643,64.4,2026-06-24,-2.13,37.9,False
1870,300418,昆仑万维,41.46,-0.81,0.89,-15.02,41.857909344669,0.3559776,60.36237801,732,2241,83.2,2026-06-24,-0.95,50.2,False
1871,300419,ST浩丰,6.63,-0.9,0.59,-67.38,6.758263620875,0.4182916,49.58117843,115,4801,66.4,2026-06-24,-1.9,32.9,False
1872,300420,五洋自控,8.48,9.0,6.8,583.15,7.69922464913,0.4274936,62.18464855,1762,1769,83.6,2026-06-24,10.14,52.0,False
1873,300421,力星股份,19.18,-0.93,0.73,199.85,19.379988475146,0.189012,50.55147105,-306,4654,66.4,2026-06-24,-1.03,33.6,False
1874,300422,博世科,4.55,-1.3,0.45,13.13,4.62367912809,0.1377276,55.02513162,529,3723,61.6,2026-06-24,-1.59,33.9,False
1875,300423,昇辉科技,5.67,-2.07,0.71,-29.83,5.787763381662,0.1874856,52.12192526,-660,4375,63.6,2026-06-24,-2.03,33.1,False
1876,300424,航新科技,16.68,-1.65,1.09,37.52,16.968391619043,0.2012412,57.05854178,-1222,3163,71.2,2026-06-24,-1.7,40.6,False
1877,300425,中建环能,3.83,-1.79,0.21,5239.24,3.940729621287,0.1634928,55.51761088,-78,3581,65.2,2026-06-24,-2.81,36.2,False
1878,300426,华智数媒,5.21,-1.33,0.49,-34.98,5.35795474598,0.1355376,51.65346597,119,4469,63.6,2026-06-24,-2.76,32.9,False
1879,300427,红相股份,6.86,-1.72,0.8,245.37,6.927474382073,0.1119024,45.92472924,55,5087,65.6,2026-06-24,-0.97,30.1,False
1880,300428,立中集团,18.76,1.08,0.47,16.18,18.966466934752,0.2047176,63.19251717,26,1548,70.8,2026-06-24,-1.09,44.7,False
1881,300429,强力新材,16.66,-2.46,3.2,-78.08,16.583539639276,0.3050148,62.25290447,5,1751,85.2,2026-06-24,0.46,53.0,False
1882,300430,*ST益通,4.63,-2.94,1.5,-5.35,4.902630819498,0.169140588235,40.07186714,-4,5203,63.6,2026-06-24,-5.56,25.5,False
1883,300432,富临精工,22.23,0.54,0.45,46.86,21.912776028337,0.2876808,62.97260085,-760,1600,74.0,2026-06-24,1.45,46.6,False
1884,300433,蓝思科技,56.86,7.45,1.53,-501.58,52.113257935875,0.4945168,73.15631693,-64,266,93.6,2026-06-24,9.11,68.5,False
1885,300434,金石亚药,9.4,-3.69,1.61,8.14,9.78893674256,0.2244184,63.99109131,-776,1366,74.4,2026-06-24,-3.97,47.6,False
1886,300435,中泰股份,25.05,-1.26,1.68,56.77,24.366218164582,0.3436888,74.16285074,-14,199,84.0,2026-06-24,2.81,62.3,False
1887,300436,广生堂,87.01,-1.84,1.15,-133.64,89.789662073356,0.3618848,50.67313262,-2241,4632,70.8,2026-06-24,-3.1,35.9,False
1888,300437,清水源,11.86,-3.34,1.97,-703.19,12.331294097027,0.1791856,52.08630387,-41,4382,72.4,2026-06-24,-3.82,37.7,False
1889,300438,鹏辉能源,83.45,1.19,2.05,32.46,81.147502404247,0.3741564,66.63977089,-22,917,81.2,2026-06-24,2.84,54.1,False
1890,300439,美康生物,8.13,-2.98,0.34,23.13,8.430428991756,0.1723824,54.7718841,-583,3780,65.6,2026-06-24,-3.56,35.9,False
1891,300440,运达科技,20.66,-0.29,0.64,-145.36,20.050963234729,0.3849392,70.76937719,814,456,72.8,2026-06-24,3.04,51.5,False
1892,300441,鲍斯股份,6.6,0.46,0.48,52.78,6.48273875219,0.218366,62.9053808,2009,1611,66.8,2026-06-24,1.81,42.0,False
1893,300442,润泽科技,85.8,0.23,0.65,60.47,84.036926571064,0.4325044,73.10407341,922,273,84.4,2026-06-24,2.1,61.7,False
1894,300443,金雷股份,22.2,-1.29,0.41,26.06,22.248786653743,0.2621504,65.24430864,1406,1141,66.8,2026-06-24,-0.22,43.6,False
1895,300444,双杰电气,13.32,-2.49,1.32,9.52,13.445839191923,0.2717948,53.9257571,-925,3972,72.4,2026-06-24,-0.94,39.0,False
1896,300445,康斯特,21.63,-2.3,0.61,34.01,21.829851501962,0.1914792,66.35661244,916,950,66.0,2026-06-24,-0.92,43.8,False
1897,300446,航天智造,16.91,0.71,3.87,26.0,16.600930762453,0.2558072,71.04350039,2058,437,68.0,2026-06-24,1.86,48.3,False
1898,300447,全信股份,15.17,-2.44,0.65,101.56,15.441028841166,0.171136,52.11774167,-82,4377,65.2,2026-06-24,-1.76,34.0,False
1899,300448,浩云科技,6.25,-3.7,0.72,773.69,6.520925598012,0.2732924,56.66941391,428,3278,66.0,2026-06-24,-4.15,37.4,False
1900,300449,汉邦高科,8.13,-2.75,1.27,-105.82,8.347845076986,0.23121,55.08065002,85,3702,72.0,2026-06-24,-2.61,39.7,False
1901,300450,先导智能,44.37,-2.01,0.79,45.81,45.224539917214,0.3861776,65.59574386,1415,1083,74.8,2026-06-24,-1.89,49.1,False
1902,300451,创业慧康,3.26,-2.1,0.42,-15.89,3.33423351625,0.242806,50.44418897,358,4678,68.8,2026-06-24,-2.23,34.7,False
1903,300452,山河药辅,11.71,-3.3,0.63,14.59,12.231588996625,0.2266784,67.14616336,-168,847,66.4,2026-06-24,-4.26,44.6,False
1904,300453,三鑫医疗,9.09,-2.68,0.66,17.36,9.418233931543,0.2257092,64.58484295,352,1262,67.6,2026-06-24,-3.49,43.7,False
1905,300454,深信服,96.78,0.2,0.81,-161.88,95.769271553216,0.2878684,61.04921135,-131,2061,74.4,2026-06-24,1.06,45.4,False
1906,300455,航天智装,21.43,-0.7,0.27,1266.97,21.419265878995,0.2034344,53.48022212,706,4090,68.4,2026-06-24,0.05,36.6,False
1907,300456,赛微电子,41.87,-1.3,1.36,-156.1,42.011310947484,0.3848376,60.92317131,2211,2094,74.8,2026-06-24,-0.34,45.6,False
1908,300457,赢合科技,21.77,-1.05,0.42,56.73,22.062440695772,0.29329,63.70362892,1330,1425,71.6,2026-06-24,-1.33,45.6,False
1909,300458,全志科技,40.11,6.85,4.9,49.07,36.564800529409,0.354264,76.81700547,148,95,83.2,2026-06-24,9.7,63.9,False
1910,300459,汤姆猫,3.43,-0.29,0.52,98.05,3.471791468241,0.2338516,47.56899919,67,4993,72.0,2026-06-24,-1.2,34.2,False
1911,300460,ST惠伦,9.59,0.74,0.44,-80.54,9.489866082832,0.3151504,54.61884915,-560,3807,69.6,2026-06-24,1.06,38.0,False
1912,300461,田中精机,40.55,-1.77,1.81,-82.86,42.067844539269,0.2691104,57.86851711,-836,2930,69.6,2026-06-24,-3.61,40.3,False
1913,300462,ST华铭,10.22,-2.67,0.27,-25.92,10.554770490675,0.3402232,49.65229125,-119,4789,63.6,2026-06-24,-3.17,31.6,False
1914,300463,迈克生物,8.35,-2.57,0.39,140.47,8.601865575883,0.2249176,54.28505917,-1361,3892,70.0,2026-06-24,-2.93,38.0,False
1915,300464,星徽股份,8.09,-2.76,0.71,293.47,8.144782007856,0.2808904,62.52315407,1893,1695,66.4,2026-06-24,-0.67,41.5,False
1916,300465,高伟达,12.74,-2.3,1.85,-99.52,13.42989728325,0.21619,51.68276279,-438,4462,76.8,2026-06-24,-5.14,39.7,False
1917,300466,赛摩智能,7.29,-1.49,0.3,187.67,7.400214980637,0.1582664,55.08785397,973,3701,68.0,2026-06-24,-1.49,37.5,False
1918,300467,迅游科技,37.7,-0.11,0.87,315.22,37.271648995116,0.3531908,62.45607093,1139,1711,73.6,2026-06-24,1.15,46.0,False
1919,300468,四方精创,22.89,-2.43,1.0,286.31,23.477252033117,0.2800612,59.51260167,-310,2461,73.6,2026-06-24,-2.5,43.8,False
1920,300469,信息发展,51.73,-3.92,0.87,-102.25,53.555577634821,0.4046144,50.86011105,-382,4599,69.6,2026-06-24,-3.41,35.4,False
1921,300470,中密控股,29.17,-1.72,0.18,22.79,29.597292977599,0.2008292,62.23530165,-1063,1755,66.8,2026-06-24,-1.44,41.6,False
1922,300471,厚普股份,8.91,0.34,2.28,-457.55,8.905360384844,0.1535132,57.29557966,114,3093,68.4,2026-06-24,0.05,39.2,False
1923,300472,*ST新元,7.56,-1.69,0.41,-25.56,7.752065530553,0.3472224,47.43982972,50,5001,64.8,2026-06-24,-2.48,30.7,False
1924,300473,德尔股份,30.37,0.03,0.73,28.01,30.217921395468,0.2073988,66.26703841,1019,967,68.4,2026-06-24,0.5,45.3,False
1925,300474,景嘉微,55.82,1.4,0.76,-130.03,54.699467718335,0.276494,54.29954015,-663,3883,84.4,2026-06-24,2.05,45.8,False
1926,300475,香农芯创,305.75,5.58,4.62,27.04,286.145397314401,0.537216,75.92305741,-27,127,94.4,2026-06-24,6.85,71.7,False
1927,300476,胜宏科技,345.79,0.69,1.32,65.94,338.732680297955,0.5668364,76.56251845,109,104,91.2,2026-06-24,2.08,69.8,False
1928,300477,ST合纵,2.19,-2.23,0.67,-15.93,2.25301461158,0.2461212,45.68778479,31,5097,68.4,2026-06-24,-2.8,31.3,False
1929,300478,杭州高新,38.0,-1.86,0.66,-130.78,39.305812813991,0.2753152,56.70045748,583,3271,65.2,2026-06-24,-3.32,37.0,False
1930,300479,神思电子,13.82,-1.99,0.42,-19.61,14.094684684083,0.1698132,62.56232121,1109,1683,69.6,2026-06-24,-1.95,43.5,False
1931,300480,光力科技,38.68,0.47,3.49,113.55,36.945070030412,0.380376,69.40435298,1672,578,78.8,2026-06-24,4.7,54.7,False
1932,300481,濮阳惠成,18.53,-1.96,2.55,73.55,18.795337741856,0.2520892,62.54515845,1258,1689,73.6,2026-06-24,-1.41,46.0,False
1933,300482,万孚生物,17.82,-7.33,2.05,24.71,19.378622065224,0.2981484,63.75780356,1417,1415,76.4,2026-06-24,-8.04,48.7,False
1934,300483,首华燃气,18.0,-2.17,0.61,32.45,18.366949858078,0.22515,59.38400522,-722,2502,63.2,2026-06-24,-2.0,37.5,False
1935,300484,蓝海华腾,13.96,-1.9,0.54,61.06,14.297943607213,0.1906172,59.21380453,638,2547,70.0,2026-06-24,-2.36,41.4,False
1936,300485,赛升药业,8.89,-3.37,2.14,229.56,9.449355002882,0.1870644,55.31411601,-2563,3647,78.0,2026-06-24,-5.92,43.1,False
1937,300486,东杰智能,21.86,-1.22,0.81,293.6,21.871533631113,0.3383332,55.89765219,1258,3495,74.8,2026-06-24,-0.05,41.8,False
1938,300487,蓝晓科技,60.79,0.31,0.87,42.53,59.700961313533,0.2367568,71.18202594,-222,430,82.4,2026-06-24,1.82,58.7,False
1939,300488,恒锋工具,40.68,3.2,1.6,46.86,39.339041890966,0.2045784,59.38277538,-1390,2504,72.4,2026-06-24,3.41,43.0,False
1940,300489,光智科技,286.9,7.86,2.49,648.85,252.282649837421,0.4950976,71.05638537,-11,436,83.6,2026-06-24,13.72,59.4,False
1941,300490,华自科技,14.28,-2.79,1.1,17.14,14.618698662986,0.1995732,52.40925562,-1690,4306,70.4,2026-06-24,-2.32,36.9,False
1942,300491,通合科技,40.5,2.14,2.24,-5818.45,39.279964507218,0.2278112,69.75664498,518,546,80.4,2026-06-24,3.11,56.1,False
1943,300492,华图山鼎,34.97,-2.73,0.22,14.17,35.8097405828,0.197362,61.27029107,-431,2002,63.2,2026-06-24,-2.35,38.7,False
1944,300493,润欣科技,14.42,-0.21,0.57,109.65,14.249605580878,0.1855928,57.22691627,-1011,3116,79.6,2026-06-24,1.2,45.6,False
1945,300494,盛天网络,8.73,-1.13,0.5,240.48,8.768326603036,0.1752476,51.41667755,307,4502,70.0,2026-06-24,-0.44,36.0,False
1946,300496,中科创达,63.4,-1.58,0.86,71.48,63.374360553014,0.3237204,72.50654706,1275,310,86.4,2026-06-24,0.04,62.6,False
1947,300497,富祥股份,22.25,0.45,7.57,48.96,22.203377861807,0.3793,56.52200842,-1631,3329,88.8,2026-06-24,0.21,50.2,False
1948,300498,温氏股份,11.63,-1.36,0.17,-18.08,11.911299882553,0.3336324,58.57274726,-200,2734,77.6,2026-06-24,-2.36,45.5,False
1949,300499,高澜股份,44.53,4.85,6.91,224.44,41.696326209327,0.404866,70.48079281,143,480,89.6,2026-06-24,6.8,63.2,False
1950,300500,启迪设计,9.3,-0.85,0.45,17.91,9.540468285732,0.110892,53.4465151,-188,4094,66.8,2026-06-24,-2.52,35.7,False
1951,300501,海顺新材,13.37,-4.84,1.36,-85.85,14.199063264575,0.221062,58.17189927,1303,2857,68.4,2026-06-24,-5.84,39.8,False
1952,300502,新易盛,576.81,3.87,1.17,72.32,558.800773945332,0.6160288,79.62843995,36,39,94.4,2026-06-24,3.22,75.2,False
1953,300503,昊志机电,82.78,5.17,3.12,70.15,80.323432652442,0.3727876,63.26882332,603,1536,87.6,2026-06-24,3.06,55.4,False
1954,300504,天邑股份,18.5,-1.33,1.3,54.76,18.778421085354,0.1394652,55.89407363,-869,3498,74.4,2026-06-24,-1.48,41.6,False
1955,300505,川金诺,23.64,-3.11,5.08,39.47,24.155835931709,0.329314,73.83720827,28,216,86.0,2026-06-24,-2.14,63.5,False
1956,300506,名家汇,6.2,9.15,5.76,-172.22,5.433836484559,0.518290784314,66.08123397,3474,1002,66.0,2026-06-24,14.1,43.6,False
1957,300507,苏奥传感,7.35,-1.08,0.51,112.93,7.480573626987,0.2549316,55.49662215,151,3594,69.2,2026-06-24,-1.75,38.4,False
1958,300508,维宏股份,56.39,2.6,1.65,-85.59,55.373779260687,0.1866708,61.42634906,367,1956,72.8,2026-06-24,1.84,44.7,False
1959,300509,新美星,8.51,-2.3,0.53,24.96,8.769549701333,0.1348924,63.36022026,-156,1507,61.6,2026-06-24,-2.96,39.0,False
1960,300510,金冠股份,3.2,-1.23,0.39,-21.59,3.26945962062,0.1917464,52.2046917,-62,4356,67.2,2026-06-24,-2.12,35.1,False
1961,300511,雪榕生物,5.41,-1.64,0.8,5.01,5.428023229034,0.25221,54.44357874,-1452,3845,68.0,2026-06-24,-0.33,37.0,False
1962,300512,中亚股份,6.99,-1.96,0.41,32.73,7.185601855646,0.0817008,53.4950123,-1631,4087,61.6,2026-06-24,-2.72,33.0,False
1963,300513,恒实科技,7.23,-0.96,0.56,-21.38,7.326976690093,0.1102532,51.65040466,597,4470,66.0,2026-06-24,-1.32,34.1,False
1964,300514,友讯达,9.49,-2.27,0.43,-14.72,9.839386288803,0.082894,51.70688648,-942,4458,63.6,2026-06-24,-3.55,32.9,False
1965,300515,三德科技,13.85,-1.14,0.4,21.5,14.045755939984,0.0982168,57.77547424,186,2960,62.0,2026-06-24,-1.39,35.8,False
1966,300516,久之洋,33.91,0.53,0.75,-141.26,33.299521348157,0.1816596,52.39956517,150,4307,73.6,2026-06-24,1.83,38.6,False
1967,300517,海波重科,9.87,1.75,0.95,141.4,9.736755979439,0.1626656,55.20571723,943,3672,62.8,2026-06-24,1.37,34.7,False
1968,300518,新迅达,31.52,-0.66,1.1,-114.67,31.119547423576,0.410028,56.64586765,1354,3287,67.2,2026-06-24,1.29,38.1,False
1969,300519,新光药业,12.3,-3.0,0.62,18.66,12.789141967571,0.0939036,58.1603279,-49,2860,65.2,2026-06-24,-3.82,37.9,False
1970,300520,科大国创,30.12,-1.79,1.64,-56.62,30.463844907644,0.3033272,57.78725063,-93,2955,77.2,2026-06-24,-1.13,44.6,False
1971,300521,爱司凯,27.13,-0.77,1.29,-198.33,27.426881870227,0.3113912,56.26494604,1656,3401,65.2,2026-06-24,-1.08,36.7,False
1972,300522,世名科技,24.15,-3.55,5.24,910.73,24.483195723082,0.3145592,58.74275351,-612,2680,82.0,2026-06-24,-1.36,48.2,False
1973,300523,辰安科技,18.96,-0.99,0.27,-37.1,19.154539371161,0.1665568,54.05426204,60,3942,62.8,2026-06-24,-1.02,33.9,False
1974,300525,博思软件,8.0,-3.15,0.81,-24.09,8.32598776008,0.2494968,56.59686235,-784,3310,68.0,2026-06-24,-3.92,38.5,False
1975,300527,ST应急,6.8,-1.73,0.23,-60.84,6.954967686036,0.2301784,54.94576087,-1424,3742,68.0,2026-06-24,-2.23,37.4,False
1976,300528,幸福蓝海,13.24,0.15,0.74,-294.68,13.45096568455,0.2035856,47.4933422,-907,4996,65.6,2026-06-24,-1.57,31.2,False
1977,300529,健帆生物,15.29,-2.18,0.39,13.84,15.848153659005,0.1487144,64.1694124,1129,1330,70.8,2026-06-24,-3.52,45.4,False
1978,300530,领湃科技,17.4,-2.52,0.35,-23.46,17.940665234856,0.1647376,50.53717591,449,4658,65.6,2026-06-24,-3.01,33.2,False
1979,300531,优博讯,15.4,-4.17,1.15,28.61,15.96098795718,0.25036,66.42799816,598,940,67.2,2026-06-24,-3.51,44.6,False
1980,300532,今天国际,6.46,-1.07,0.3,19.84,6.547341447128,0.1553392,57.01332326,-88,3174,64.4,2026-06-24,-1.33,36.7,False
1981,300533,冰川网络,15.72,3.15,2.92,-132.13,15.381581212254,0.2590508,62.58796395,3099,1676,65.6,2026-06-24,2.2,41.1,False
1982,300534,陇神戎发,7.2,-2.57,0.61,22.14,7.519181053138,0.1573212,54.15905208,-2096,3921,66.8,2026-06-24,-4.24,36.2,False
1983,300535,达威股份,14.23,-1.32,0.68,-47.2,14.62690681651,0.1085412,56.11395487,698,3432,62.0,2026-06-24,-2.71,34.8,False
1984,300536,农尚环境,9.02,-1.85,1.01,-44.89,9.169378339584,0.212768,49.47912766,-91,4812,61.6,2026-06-24,-1.63,30.5,False
1985,300537,广信材料,31.5,-2.96,7.44,218.28,32.216909971643,0.3360972,75.31084256,-72,150,87.6,2026-06-24,-2.23,66.0,False
1986,300538,同益股份,17.23,-2.82,2.74,94.51,17.650343939305,0.1726752,59.55244946,-736,2453,78.4,2026-06-24,-2.38,46.7,False
1987,300539,横河精密,21.29,-2.07,0.52,142.77,21.415248431167,0.2183744,53.22018791,208,4136,63.2,2026-06-24,-0.58,33.6,False
1988,300540,蜀道装备,25.79,-1.53,3.09,119.42,25.980800183964,0.2721636,75.42048411,-124,146,79.6,2026-06-24,-0.73,60.0,False
1989,300541,先进数通,10.06,-1.37,0.44,-103.31,10.184812863596,0.2547472,62.96339119,1056,1601,68.8,2026-06-24,-1.23,43.3,False
1990,300542,新晨科技,11.75,-1.43,0.56,-50.5,12.006735990746,0.1258104,51.86680911,-983,4419,69.6,2026-06-24,-2.14,36.1,False
1991,300543,朗科智能,7.43,-2.11,0.63,-68.81,7.647604489347,0.1070572,49.33888757,18,4837,66.0,2026-06-24,-2.85,32.6,False
1992,300545,联得装备,38.4,2.48,3.97,65.51,37.093110509835,0.248348,65.09579747,290,1167,77.6,2026-06-24,3.52,50.5,False
1993,300546,雄帝科技,15.86,-2.1,0.68,-33.9,16.169780605392,0.1801264,57.90653339,-905,2919,68.0,2026-06-24,-1.92,39.4,False
1994,300547,川环科技,33.24,6.74,4.58,45.65,31.064591199914,0.2676476,60.97247941,-1402,2080,72.0,2026-06-24,7.0,43.9,False
1995,300548,长芯博创,285.6,1.19,1.89,161.75,284.606747840407,0.4599504,74.60364264,13,178,88.8,2026-06-24,0.35,66.2,False
1996,300549,优德精密,13.58,-2.37,0.52,657.39,14.012496704745,0.0912404,55.48287506,786,3599,65.2,2026-06-24,-3.09,36.2,False
1997,300550,和仁科技,13.59,-1.16,0.49,-97.11,13.754164035281,0.189356363636,64.44433526,1054,1281,66.8,2026-06-24,-1.19,43.0,False
1998,300551,古鳌科技,10.46,-1.04,0.53,-25.79,10.556433816546,0.1614356,48.19725741,-58,4945,64.8,2026-06-24,-0.91,31.2,False
1999,300552,万集科技,24.0,-1.56,0.81,-49.06,24.471464665469,0.2092968,53.31099534,-914,4119,70.0,2026-06-24,-1.93,37.3,False
2000,300553,集智股份,80.23,2.16,1.05,337.2,77.883880713374,0.397054,58.88689949,-1282,2635,73.6,2026-06-24,3.01,43.3,False
2001,300554,三超新材,27.82,-2.08,2.95,-207.81,28.446346158984,0.1789412,56.58836829,-351,3314,77.2,2026-06-24,-2.2,43.7,False
2002,300555,ST路通,12.56,-1.41,0.14,-87.73,12.784294062791,0.2241196,48.57274541,96,4912,65.2,2026-06-24,-1.75,31.7,False
2003,300556,丝路视觉,18.57,-2.62,2.83,48.12,19.112766035207,0.1792052,54.63802482,-354,3803,76.0,2026-06-24,-2.84,41.5,False
2004,300557,理工光科,34.55,-2.4,1.87,155.39,34.927891706382,0.3204276,74.61213966,-42,177,76.0,2026-06-24,-1.08,56.7,False
2005,300558,贝达药业,58.2,-1.26,1.73,25.95,59.519832223228,0.3921284,68.83770101,-479,642,85.6,2026-06-24,-2.22,58.9,False
2006,300559,佳发教育,10.71,-2.64,0.75,-192.71,10.946033349745,0.246734,64.36920542,1530,1297,60.8,2026-06-24,-2.16,39.1,False
2007,300560,中富通,21.24,7.06,6.07,150.92,19.609958817927,0.2099932,60.94173733,1989,2089,79.6,2026-06-24,8.31,48.5,False
2008,300561,汇金科技,15.51,0.65,4.58,-448.29,15.372981355757,0.249045098039,47.47532019,-871,4998,87.6,2026-06-24,0.89,41.6,False
2009,300562,乐心医疗,12.58,1.37,2.57,21.44,12.341141307478,0.1916484,63.9652584,1832,1378,67.6,2026-06-24,1.94,43.2,False
2010,300563,神宇股份,27.51,-1.93,0.57,92.82,28.116557383699,0.1658708,52.77135729,366,4219,72.0,2026-06-24,-2.16,38.0,False
2011,300564,筑博设计,11.92,-2.38,0.58,-86.94,12.324557327086,0.152554,57.28103368,-458,3099,62.0,2026-06-24,-3.28,35.5,False
2012,300565,科信技术,11.21,-0.71,1.4,-46.14,11.365783616779,0.2121312,43.6194263,27,5159,65.2,2026-06-24,-1.37,28.4,False
2013,300566,激智科技,31.3,0.32,3.27,36.01,31.359356039521,0.3451116,65.19785884,-218,1144,74.8,2026-06-24,-0.19,48.8,False
2014,300567,精测电子,258.48,2.93,1.76,423.23,235.841172263801,0.4864224,70.13175089,-80,514,86.4,2026-06-24,9.6,60.6,False
2015,300568,星源材质,17.98,-1.75,1.42,229.59,18.138802083475,0.3257824,54.30531157,-18,3882,84.0,2026-06-24,-0.88,45.6,False
2016,300569,天能重工,4.78,-0.62,0.37,36.06,4.809564861559,0.2394424,59.74388149,-18,2399,66.0,2026-06-24,-0.61,39.4,False
2017,300570,太辰光,267.0,-1.59,3.16,230.48,265.984474016223,0.4875588,67.03662387,164,863,89.2,2026-06-24,0.38,59.8,False
2018,300571,平治信息,52.17,1.07,10.98,372.78,48.29897288011,0.3926028,67.12827844,1662,850,74.4,2026-06-24,8.01,49.9,False
2019,300572,安车检测,29.16,6.42,2.13,-322.4,27.37092386855,0.3832168,52.25447225,-1611,4345,64.4,2026-06-24,6.54,33.7,False
2020,300573,兴齐眼药,38.05,-3.6,1.52,16.47,39.150696606072,0.3598408,73.1943589,14,262,70.0,2026-06-24,-2.81,51.2,False
2021,300575,中旗股份,5.07,-2.12,0.73,901.56,5.221432207989,0.1172176,50.25590567,-5,4709,61.2,2026-06-24,-2.9,30.8,False
2022,300576,容大感光,51.62,-2.22,3.7,194.03,52.239743363404,0.351694,63.41765676,1344,1486,88.0,2026-06-24,-1.19,55.8,False
2023,300577,开润股份,15.53,-1.65,0.35,9.43,15.656940818351,0.1569612,71.30152116,-278,415,65.2,2026-06-24,-0.81,46.5,False
2024,300578,会畅科技,17.93,-2.77,0.67,-74.28,18.661127103791,0.1815664,52.54473126,84,4283,70.4,2026-06-24,-3.92,37.0,False
2025,300579,数字认证,21.81,-2.02,0.51,-140.02,22.284968457721,0.1882756,60.17492807,-942,2290,74.4,2026-06-24,-2.13,44.8,False
2026,300580,贝斯特,19.59,-1.46,0.96,33.69,20.02225016835,0.2533588,55.54185341,46,3575,71.6,2026-06-24,-2.16,39.8,False
2027,300581,晨曦航空,11.52,-0.26,0.84,-148.61,11.433432132189,0.2041044,50.99265591,393,4584,78.4,2026-06-24,0.76,40.0,False
2028,300582,英飞特,13.24,-1.78,1.22,117.63,13.64008479956,0.1893876,49.12009824,-265,4865,67.2,2026-06-24,-2.93,33.0,False
2029,300583,赛托生物,11.32,-3.17,0.55,148.44,11.824921715779,0.1352712,54.7282365,279,3788,64.8,2026-06-24,-4.27,35.5,False
2030,300584,海辰药业,38.43,-4.21,4.37,66.4,40.846823965802,0.279508,67.71450678,-54,777,80.8,2026-06-24,-5.92,54.7,False
2031,300585,奥联电子,16.39,-1.86,0.41,-123.59,16.806979865772,0.2732436,48.45911322,-44,4920,65.2,2026-06-24,-2.48,31.6,False
2032,300586,美联新材,16.23,5.94,3.49,2027.48,15.194147763704,0.3250368,55.16389442,-320,3682,82.4,2026-06-24,6.82,45.5,False
2033,300587,天铁科技,3.97,-3.17,0.72,71.13,4.130247355994,0.1879956,40.22778278,-1,5202,62.4,2026-06-24,-3.88,25.1,False
2034,300588,熙菱信息,22.67,-1.35,0.61,-50.27,22.690297918391,0.2375904,60.91839487,1383,2096,72.4,2026-06-24,-0.09,44.1,False
2035,300589,江龙船艇,12.24,-1.77,0.75,361.02,12.371138864766,0.1589224,51.28937018,40,4525,66.4,2026-06-24,-1.06,34.1,False
2036,300590,移为通信,15.11,-0.2,1.41,33.62,15.185962042018,0.1697988,61.35033134,-1470,1980,70.8,2026-06-24,-0.5,43.4,False
2037,300591,万里马,7.51,3.3,2.24,270.37,7.22076890854,0.2514908,59.07094972,1183,2578,66.8,2026-06-24,4.01,39.5,False
2038,300592,华凯易佰,15.33,-0.84,2.43,21.66,15.34956806795,0.2202692,70.85637389,-223,449,77.2,2026-06-24,-0.13,54.7,False
2039,300593,新雷能,32.66,-1.6,1.41,-102.84,33.004294565567,0.2990348,59.1181038,54,2571,76.0,2026-06-24,-1.04,44.9,False
2040,300594,ST朗进,13.96,-2.92,0.72,-26.56,14.464216171757,0.290039411765,52.64482191,416,4256,60.8,2026-06-24,-3.49,32.0,False
2041,300595,欧普康视,10.59,-2.49,0.38,16.21,11.049088508778,0.247396,64.37673718,-233,1296,70.4,2026-06-24,-4.15,45.3,False
2042,300596,利安隆,49.97,0.28,0.85,21.73,50.06027633729,0.2512488,66.29141971,-3,959,72.4,2026-06-24,-0.18,48.0,False
2043,300597,吉大通信,7.49,-1.96,0.47,-97.1,7.695389795834,0.1413004,56.53585434,1196,3324,63.6,2026-06-24,-2.67,36.0,False
2044,300598,诚迈科技,29.56,-1.53,0.37,-46.98,29.990313466815,0.1843472,53.11467863,35,4158,73.2,2026-06-24,-1.43,38.9,False
2045,300599,雄塑科技,10.87,-2.77,2.07,30.17,10.929885296753,0.278118,49.34931682,-186,4835,65.2,2026-06-24,-0.55,32.2,False
2046,300600,国瑞科技,9.74,-1.81,0.78,-170.77,9.932804510697,0.1137068,55.79535937,1053,3520,66.0,2026-06-24,-1.94,36.8,False
2047,300601,康泰生物,11.13,-4.22,0.61,93.22,11.759913875388,0.2763728,59.33661824,930,2518,74.0,2026-06-24,-5.36,43.9,False
2048,300602,飞荣达,50.4,2.44,1.47,94.77,47.884755424543,0.32843,67.33747837,-44,822,84.4,2026-06-24,5.25,56.8,False
2049,300603,立昂技术,8.4,-1.29,0.68,-31.78,8.4918077971,0.2409932,51.97129013,134,4399,68.8,2026-06-24,-1.08,35.8,False
2050,300604,长川科技,315.99,2.81,1.95,142.16,292.707935730376,0.5587648,84.29972812,0,3,93.2,2026-06-24,7.95,78.6,False
2051,300605,恒锋信息,9.65,-1.93,0.89,-28.87,9.925615246957,0.0874464,48.33707382,-34,4930,64.0,2026-06-24,-2.78,30.9,False
2052,300606,金太阳,47.54,0.19,1.98,171.95,48.083989161924,0.270176,59.85781687,-1421,2365,77.2,2026-06-24,-1.13,46.2,False
2053,300607,拓斯达,39.08,1.56,2.36,96.92,38.545451816533,0.2806536,58.59051185,-2076,2727,89.6,2026-06-24,1.39,52.5,False
2054,300608,思特奇,11.95,-0.91,2.32,-15.35,12.059587643623,0.2361624,54.89489458,-1914,3755,74.8,2026-06-24,-0.91,41.1,False
2055,300609,汇纳科技,35.03,1.54,1.44,-52.02,33.629039895295,0.28676,57.61694526,1594,3014,68.8,2026-06-24,4.17,39.6,False
2056,300610,晨化股份,10.2,-2.02,0.48,21.0,10.440115232531,0.1617928,60.90537626,1178,2104,62.8,2026-06-24,-2.3,38.2,False
2057,300611,美力科技,24.7,-1.87,0.64,75.25,25.277931892526,0.2921296,59.16453675,-1587,2555,65.6,2026-06-24,-2.29,38.8,False
2058,300612,宣亚国际,11.17,-2.02,0.66,-25.93,11.457530181745,0.1104288,48.47453277,26,4919,67.2,2026-06-24,-2.51,32.6,False
2059,300613,富瀚微,81.75,11.59,5.2,55.93,71.661989333344,0.3295872,70.78503115,1099,453,79.2,2026-06-24,14.08,56.1,False
2060,300614,百川畅银,10.05,-2.9,0.44,-19.86,10.516869328738,0.0630936,45.59592182,18,5101,60.8,2026-06-24,-4.44,27.7,False
2061,300615,欣天科技,11.07,1.56,1.5,-15.88,10.870875469363,0.1531724,54.78802931,248,3778,64.8,2026-06-24,1.83,35.5,False
2062,300616,尚品宅配,11.84,-2.31,1.33,-6.85,12.341731382812,0.1950736,48.24536085,-1172,4941,62.0,2026-06-24,-4.07,29.9,False
2063,300617,安靠智电,56.59,-2.46,0.81,47.92,56.909727213013,0.2708208,59.60628995,1188,2438,69.6,2026-06-24,-0.56,41.5,False
2064,300618,寒锐钴业,37.22,-3.58,1.08,44.51,38.100635655265,0.292298,69.57372514,1881,564,75.6,2026-06-24,-2.31,52.6,False
2065,300619,金银河,37.82,-1.59,0.82,-113.59,38.133256436947,0.2539324,56.6561315,172,3284,66.0,2026-06-24,-0.82,37.4,False
2066,300620,光库科技,392.77,-3.26,2.67,546.93,400.932164320529,0.4860044,72.936743,763,283,89.2,2026-06-24,-2.04,65.1,False
2067,300621,维业股份,6.52,-1.95,0.54,-7.43,6.7322871623,0.1033944,52.89683685,-193,4203,62.8,2026-06-24,-3.15,33.2,False
2068,300622,博士眼镜,14.47,-1.56,0.63,28.92,14.747773210164,0.17154,61.01067237,-177,2068,68.0,2026-06-24,-1.88,41.5,False
2069,300623,捷捷微电,41.52,-2.03,1.91,86.17,41.961657909786,0.39976,75.25542427,-124,153,91.6,2026-06-24,-1.05,68.9,False
2070,300624,万兴科技,54.28,-2.11,0.96,-54.68,55.342951621289,0.2829872,54.34106548,-1451,3871,76.0,2026-06-24,-1.92,41.3,False
2071,300625,三雄极光,9.33,-1.58,0.32,-25.28,9.544426441186,0.064792,56.49971033,-383,3340,62.0,2026-06-24,-2.25,35.0,False
2072,300626,华瑞股份,38.1,-2.81,1.78,251.78,38.996770609361,0.3545324,58.31899409,-1252,2813,76.0,2026-06-24,-2.3,44.3,False
2073,300627,华测导航,27.66,-0.18,0.49,43.7,27.790916879515,0.2519072,59.5980961,335,2439,71.2,2026-06-24,-0.47,42.4,False
2074,300628,亿联网络,33.2,-0.06,0.27,16.03,32.733000179214,0.2662628,74.34411505,660,190,75.2,2026-06-24,1.43,55.9,False
2075,300629,新劲刚,20.05,-1.43,0.67,117.56,20.118888717528,0.2245536,56.41374461,475,3358,64.0,2026-06-24,-0.34,36.1,False
2076,300631,久吾高科,24.87,-1.82,0.46,49.11,25.088693068548,0.2052644,56.69588163,-569,3272,69.2,2026-06-24,-0.87,39.2,False
2077,300632,光莆股份,31.26,2.22,4.78,2825.72,30.713275541448,0.3121548,57.89181324,-108,2924,76.8,2026-06-24,1.78,44.5,False
2078,300633,开立医疗,18.52,-2.63,0.69,-169.43,19.200968528883,0.2318884,63.55292928,1543,1455,65.6,2026-06-24,-3.55,41.7,False
2079,300634,彩讯股份,21.64,-0.14,0.69,96.43,21.707474369118,0.2809568,64.05888539,103,1349,71.6,2026-06-24,-0.31,45.9,False
2080,300635,中达安,12.89,-1.98,2.64,302.57,13.202223982474,0.1947376,56.17073496,1288,3423,63.6,2026-06-24,-2.36,35.7,False
2081,300636,同和药业,6.57,-3.38,0.55,36.73,6.869400926341,0.1940552,60.17828064,-964,2288,68.0,2026-06-24,-4.36,40.9,False
2082,300637,扬帆新材,10.74,-2.36,1.4,-199.08,10.874127955571,0.2001912,62.01350615,2559,1810,66.8,2026-06-24,-1.23,41.4,False
2083,300638,广和通,19.29,-0.82,0.66,448.65,19.409647415183,0.2329236,55.71472266,-1576,3542,70.0,2026-06-24,-0.62,39.0,False
2084,300639,凯普生物,5.11,-2.85,0.55,-295.33,5.342102987247,0.1601868,49.41309432,-480,4827,66.0,2026-06-24,-4.34,32.6,False
2085,300640,德艺文创,5.5,-1.43,0.87,330.1,5.671479477747,0.1190352,59.42808669,-168,2487,62.0,2026-06-24,-3.02,36.8,False
2086,300641,正丹股份,16.84,-0.77,0.82,32.94,17.169394886781,0.2999708,58.61625692,-743,2721,75.6,2026-06-24,-1.92,44.3,False
2087,300642,透景生命,11.99,-3.38,0.72,-87.62,12.513112845028,0.1270432,49.2337452,-1093,4846,63.6,2026-06-24,-4.18,31.3,False
2088,300643,万通智控,18.77,-1.26,0.65,27.46,18.669846173734,0.224678,64.05473768,13,1350,72.8,2026-06-24,0.54,46.6,False
2089,300644,南京聚隆,25.01,-1.92,0.63,26.8,25.263381670387,0.1972036,59.91404166,-930,2348,67.2,2026-06-24,-1.0,40.3,False
2090,300645,正元智慧,12.23,-2.63,0.54,-36.76,12.622444898341,0.0808096,57.02575428,88,3172,65.2,2026-06-24,-3.11,37.2,False
2091,300647,超频三,6.36,-2.45,0.82,83.43,6.379348056345,0.198494,59.50715895,1574,2466,70.4,2026-06-24,-0.3,41.9,False
2092,300648,星云股份,42.18,-4.66,0.85,-114.57,44.427579817103,0.3628776,48.51983431,101,4918,66.8,2026-06-24,-5.06,32.4,False
2093,300649,杭州园林,27.94,0.5,0.62,-98.26,27.558994069626,0.2413404,54.35168278,-1822,3864,70.0,2026-06-24,1.38,38.0,False
2094,300650,太龙股份,13.85,11.87,7.78,108.86,12.432422837406,0.1491672,53.31381521,-395,4118,66.0,2026-06-24,11.4,35.2,False
2095,300651,金陵体育,18.62,-2.0,1.51,1199.79,18.998918471266,0.2298844,49.46426772,-14,4816,63.2,2026-06-24,-1.99,31.3,False
2096,300652,雷迪克,37.61,-1.72,0.34,46.84,38.575973067912,0.2194812,60.22485458,-674,2273,64.0,2026-06-24,-2.5,38.5,True
2097,300653,正海生物,14.88,-5.16,0.96,45.4,15.864747079246,0.2001796,65.54191166,370,1089,68.8,2026-06-24,-6.21,45.1,False
2098,300654,世纪天鸿,9.71,-2.71,1.5,162.9,9.816718617655,0.2412436,57.2292193,1186,3115,68.4,2026-06-24,-1.09,39.1,False
2099,300655,晶瑞电材,17.79,-1.6,3.25,748.78,17.636692811078,0.384586,72.4550447,251,314,91.6,2026-06-24,0.87,66.4,False
2100,300656,民德电子,39.03,-4.27,1.59,-63.56,40.120136798655,0.2604456,63.25383785,105,1540,76.4,2026-06-24,-2.72,48.3,False
2101,300657,弘信电子,46.19,4.36,3.3,146.82,43.569669683749,0.4100856,66.72149512,1978,908,77.2,2026-06-24,6.01,51.5,False
2102,300658,延江股份,12.12,-2.18,0.9,32.09,12.354924786975,0.1173444,53.19959025,255,4139,60.0,2026-06-24,-1.9,31.9,False
2103,300659,中孚信息,10.17,-1.83,1.17,-8.32,10.513839903153,0.1404912,54.29726236,-1728,3886,68.8,2026-06-24,-3.27,37.4,False
2104,300660,江苏雷利,27.88,-0.46,0.36,61.65,28.165690220062,0.2143912,51.96732587,-58,4401,73.6,2026-06-24,-1.01,38.2,False
2105,300661,圣邦股份,137.1,-0.28,0.61,172.08,135.170662144199,0.3442548,71.3863831,-106,406,86.8,2026-06-24,1.43,62.0,False
2106,300662,科锐国际,17.63,-2.43,0.41,9.44,18.146540493143,0.1047664,56.90950303,-332,3200,63.6,2026-06-24,-2.85,36.2,False
2107,300663,科蓝软件,6.89,-2.41,0.93,-29.14,7.11550689986,0.1277172,47.79462192,86,4973,72.4,2026-06-24,-3.17,34.6,False
2108,300664,鹏鹞环保,4.38,-1.57,0.21,11.38,4.465774263379,0.1843128,52.9204323,-1191,4197,62.8,2026-06-24,-1.92,33.2,False
2109,300665,飞鹿股份,12.33,0.9,9.87,-118.3,12.111722521132,0.293404973545,65.51203477,-265,1096,78.8,2026-06-24,1.8,51.6,False
2110,300666,江丰电子,320.69,5.48,3.81,105.49,298.809837609275,0.4792332,70.34984676,836,496,90.8,2026-06-24,7.32,63.9,False
2111,300667,必创科技,17.38,-0.4,1.66,-749.64,17.585570797417,0.1360664,56.39556478,26,3366,70.4,2026-06-24,-1.17,39.7,False
2112,300668,杰恩股份,56.85,-1.22,0.77,-263.13,57.802755222072,0.4383044,58.91734627,-916,2624,63.6,2026-06-24,-1.65,37.5,False
2113,300669,沪宁股份,27.8,-3.07,0.28,641.13,28.432747284724,0.3254104,49.8195485,52,4769,61.6,2026-06-24,-2.23,30.7,False
2114,300670,大烨智能,6.08,-1.46,1.06,-49.68,6.146021311377,0.1536436,52.50323761,668,4292,67.6,2026-06-24,-1.07,35.5,False
2115,300671,富满微,73.76,0.7,4.93,198.94,71.266163688432,0.397214,61.29596665,2097,1994,86.4,2026-06-24,3.5,53.0,False
2116,300672,国科微,318.63,3.74,1.67,314.77,303.844608286278,0.5142164,63.68009647,1374,1433,84.0,2026-06-24,4.87,53.5,False
2117,300673,佩蒂股份,11.8,-2.24,0.49,90.42,12.211547803382,0.1329904,53.74216289,-561,4023,64.8,2026-06-24,-3.37,34.8,False
2118,300674,宇信科技,16.2,-2.47,0.66,62.52,16.559450240014,0.2249156,62.57019973,-963,1679,73.6,2026-06-24,-2.17,46.1,False
2119,300675,建科院,12.31,-1.44,0.44,-23.02,12.642335620509,0.1515092,51.77436569,-138,4445,65.6,2026-06-24,-2.63,34.0,False
2120,300676,华大基因,34.82,-2.25,0.48,-382.48,35.763372846349,0.2853324,55.5368577,-965,3579,81.6,2026-06-24,-2.64,45.3,True
2121,300677,英科医疗,39.17,-1.04,0.63,639.2,39.9608611426,0.1872404,57.23775322,-526,3110,70.4,2026-06-24,-1.98,40.3,False
2122,300678,中科信息,23.14,-1.53,0.56,369.37,23.883540152296,0.2416784,59.40255435,-1592,2497,73.6,2026-06-24,-3.11,43.7,False
2123,300679,电连技术,68.2,0.75,1.53,83.12,66.609363400735,0.4373456,66.70504114,-137,909,80.8,2026-06-24,2.39,53.9,False
2124,300680,隆盛科技,23.3,-0.81,0.82,29.46,23.545607250294,0.2157144,52.70136455,156,4234,67.6,2026-06-24,-1.04,35.6,False
2125,300681,英搏尔,30.51,-0.49,0.79,41.14,30.578046656534,0.2456016,64.79147972,-105,1218,65.6,2026-06-24,-0.22,42.5,False
2126,300682,朗新科技,10.57,-1.49,0.33,-57.31,10.714696933371,0.2350352,52.18462487,143,4360,68.4,2026-06-24,-1.35,35.7,False
2127,300683,海特生物,23.53,-4.15,1.99,-33.41,25.066976626302,0.1899716,53.34648641,-620,4112,65.6,2026-06-24,-6.13,35.0,False
2128,300684,中石科技,60.64,3.02,2.1,70.09,58.560186669314,0.360458,72.40666476,-192,320,85.6,2026-06-24,3.55,62.0,False
2129,300685,艾德生物,16.51,-2.6,0.74,18.91,17.1573852677,0.191286296296,61.63760693,-1355,1914,71.6,2026-06-24,-3.77,44.1,False
2130,300686,智动力,19.92,-0.7,1.04,-25.19,19.79652498979,0.2982296,61.41055193,33,1963,71.2,2026-06-24,0.62,43.7,False
2131,300687,赛意信息,28.61,-4.38,4.03,92.53,28.477122604258,0.36,71.35218647,62,411,76.4,2026-06-24,0.47,54.5,False
2132,300688,创业黑马,27.9,-2.52,1.34,-260.83,28.37847428729,0.26221,60.55834224,1443,2196,72.4,2026-06-24,-1.69,43.8,False
2133,300689,澄天伟业,62.27,-1.3,0.57,-577.21,61.751016092488,0.3106108,56.62183538,-1075,3297,71.6,2026-06-24,0.84,40.5,False
2134,300690,双一科技,22.47,-2.01,0.67,43.71,22.947101020241,0.2300448,59.27311269,-21,2527,66.0,2026-06-24,-2.08,39.1,False
2135,300691,联合光电,16.23,0.19,1.05,-282.52,16.004628116719,0.1897168,60.19664113,1392,2281,70.0,2026-06-24,1.41,42.1,False
2136,300692,中赋科技,7.53,-1.7,0.43,59.09,7.716697293774,0.2396,50.56441376,-327,4648,66.0,2026-06-24,-2.42,33.4,False
2137,300693,盛弘股份,45.13,-0.18,1.07,41.43,45.183232511919,0.2513512,64.62711011,31,1250,75.2,2026-06-24,-0.12,48.6,False
2138,300694,蠡湖股份,9.41,-1.98,0.44,34.35,9.659187431804,0.126196,54.93573883,87,3747,62.8,2026-06-24,-2.58,34.5,False
2139,300695,兆丰股份,54.08,-2.73,0.23,-83.55,56.91506353431,0.166946,57.16701136,-455,3132,62.4,2026-06-24,-4.98,35.7,False
2140,300696,爱乐达,32.07,-0.77,0.41,1599.63,32.143529863767,0.2952252,55.77334141,-50,3527,67.6,2026-06-24,-0.23,37.7,False
2141,300697,电工合金,17.3,-0.35,1.28,29.98,17.563343856274,0.2044464,69.0354376,983,623,78.4,2026-06-24,-1.5,54.1,False
2142,300698,万马科技,29.6,-1.53,0.48,163.58,29.884165640069,0.1490536,53.40504716,-4,4099,64.4,2026-06-24,-0.95,34.4,False
2143,300699,光威复材,28.03,-1.3,0.52,47.98,28.08168849484,0.3092272,67.10371138,1817,853,77.2,2026-06-24,-0.18,51.8,False
2144,300700,岱勒新材,22.76,-0.96,0.87,916.77,22.451543816808,0.3122944,59.49510302,-979,2471,75.6,2026-06-24,1.37,45.0,False
2145,300701,森霸传感,10.04,-6.52,2.8,87.6,11.052345104331,0.1578364,67.71442199,109,778,65.2,2026-06-24,-9.16,44.1,False
2146,300702,天宇股份,20.23,-3.57,0.42,41.71,21.114968101713,0.185242,63.33742167,-829,1517,72.8,2026-06-24,-4.19,46.1,False
2147,300703,创源股份,13.27,-1.19,0.87,-31.25,13.550173089509,0.1475948,48.1521444,35,4951,64.0,2026-06-24,-2.07,30.8,False
2148,300705,九典制药,9.91,-4.16,0.87,21.85,10.417810082989,0.2126236,63.43517432,1115,1483,66.8,2026-06-24,-4.87,42.4,False
2149,300706,阿石创,73.8,1.46,6.67,161.62,70.318380269086,0.33162,61.3669608,641,1971,87.6,2026-06-24,4.95,53.8,False
2150,300707,威唐工业,11.68,-1.77,0.64,-44.57,11.915982541175,0.1404408,51.82898954,173,4425,63.6,2026-06-24,-1.98,33.0,False
2151,300708,聚灿光电,7.97,0.13,0.83,63.21,7.970139369524,0.2393232,57.37846307,-1022,3073,70.0,2026-06-24,-0.0,40.2,False
2152,300709,精研科技,67.71,2.31,4.53,-63.35,65.74542201785,0.3638208,63.33610918,-808,1518,82.4,2026-06-24,2.99,52.2,False
2153,300710,万隆光电,33.5,-1.38,1.4,-91.48,33.590436183279,0.2995988,51.39051346,-1146,4507,68.8,2026-06-24,-0.27,35.4,False
2154,300711,广哈通信,16.79,-1.29,0.24,-141.87,17.01193434266,0.1322204,58.11524791,261,2874,65.2,2026-06-24,-1.3,37.9,False
2155,300712,永福股份,20.81,-1.33,0.23,388.69,21.013462827463,0.133,50.30055488,205,4700,63.6,2026-06-24,-0.97,32.0,False
2156,300713,英可瑞,13.37,-1.98,0.94,-27.6,13.685800914352,0.110084,57.39119362,415,3070,65.6,2026-06-24,-2.31,37.6,False
2157,300715,凯伦股份,18.76,-2.04,1.24,122.34,19.147514654301,0.2722532,55.91723814,294,3491,63.6,2026-06-24,-2.02,35.6,False
2158,300716,*ST泉为,24.74,3.08,1.74,-65.55,23.329883695785,0.51678,54.71843807,-1214,3792,68.4,2026-06-24,6.04,37.4,False
2159,300717,华信新材,20.61,6.35,6.18,42.7,18.451745844854,0.1744336,66.35417414,743,951,62.4,2026-06-24,11.7,41.4,False
2160,300718,长盛轴承,62.63,-0.78,0.61,76.64,63.018083884603,0.2667528,57.09901694,282,3155,80.8,2026-06-24,-0.62,46.1,False
2161,300719,安达维尔,12.19,-1.61,0.49,-56.41,12.364490165953,0.2024612,55.79836709,1282,3519,69.6,2026-06-24,-1.41,38.8,False
2162,300720,海川智能,85.85,3.81,2.06,591.0,81.278033697727,0.4208688,61.27037573,482,2001,72.0,2026-06-24,5.63,44.1,False
2163,300721,怡达股份,36.25,3.63,15.44,346.65,35.606334518926,0.3554464,63.05932537,-1315,1571,83.2,2026-06-24,1.81,52.5,False
2164,300722,新余国科,22.08,-1.21,0.18,431.99,22.287778669272,0.173034,61.05501189,268,2059,69.2,2026-06-24,-0.93,42.3,False
2165,300723,一品红,33.23,-3.51,1.02,6.31,35.160914923724,0.3090528,53.10538841,-2399,4161,75.2,2026-06-24,-5.49,39.9,False
2166,300724,捷佳伟创,68.3,-1.37,0.81,22.0,68.630846080774,0.2802736,58.58260518,732,2729,70.4,2026-06-24,-0.48,41.2,False
2167,300725,药石科技,34.0,-4.09,2.35,40.65,35.227134562091,0.3275208,68.5656505,357,672,75.2,2026-06-24,-3.48,51.6,False
2168,300726,宏达电子,92.4,4.7,4.29,101.27,86.306892238549,0.4003612,71.39458487,1487,405,87.2,2026-06-24,7.06,62.3,False
2169,300727,润禾材料,35.47,2.31,2.21,58.42,33.918141423687,0.2540188,67.78588659,-622,765,78.0,2026-06-24,4.58,52.9,False
2170,300729,乐歌股份,9.93,-0.7,0.18,1051.51,10.083027034653,0.1360064,57.23531207,-349,3111,64.4,2026-06-24,-1.52,36.9,False
2171,300730,科创信息,13.9,-2.87,1.0,-66.11,14.177121727928,0.2533784,58.29650348,744,2827,74.4,2026-06-24,-1.95,43.4,False
2172,300731,科创新源,61.25,1.66,1.19,-905.48,58.886512781976,0.329038,67.50672605,-380,801,72.4,2026-06-24,4.01,48.9,False
2173,300732,设研院,5.85,-1.68,0.26,-79.51,6.00249089712,0.0919092,50.82936384,416,4608,63.2,2026-06-24,-2.54,32.1,False
2174,300733,西菱动力,12.92,-1.9,0.6,116.93,12.818852426405,0.262706,59.47810557,1630,2478,63.6,2026-06-24,0.79,37.8,False
2175,300735,光弘科技,22.73,1.61,1.17,269.77,22.195988669592,0.3026436,69.44358414,-262,572,86.4,2026-06-24,2.41,60.0,False
2176,300736,百邦科技,35.21,1.91,2.13,-239.39,34.990150733758,0.2906944,58.0559408,-1883,2886,62.4,2026-06-24,0.63,36.2,False
2177,300737,科顺股份,7.51,-4.45,2.3,32.79,7.692178011529,0.3356844,66.27034262,1001,966,78.8,2026-06-24,-2.37,52.2,False
2178,300738,奥飞数据,21.3,-1.02,1.28,56.58,21.288016018545,0.3418316,65.14484953,-20,1153,80.4,2026-06-24,0.06,52.4,False
2179,300739,明阳电路,31.69,-0.91,1.36,202.2,31.771681203434,0.3143332,66.69728052,1224,911,80.4,2026-06-24,-0.26,53.6,False
2180,300740,水羊股份,20.04,-3.51,1.37,56.61,21.178223186766,0.2867408,56.29869569,-1256,3394,68.0,2026-06-24,-5.37,38.3,False
2181,300741,华宝股份,13.25,-2.79,0.13,45.72,13.70491660955,0.2165856,57.10725135,970,3152,64.0,2026-06-24,-3.32,36.5,False
2182,300743,天地数码,15.87,-1.49,0.85,15.21,16.126756497598,0.1612404,65.35504832,-538,1121,65.2,2026-06-24,-1.59,42.6,False
2183,300745,欣锐科技,41.58,-0.29,0.82,327.36,41.314642391401,0.2667308,64.17950545,1752,1329,66.0,2026-06-24,0.64,42.4,False
2184,300746,汉嘉数智,10.81,-0.92,0.24,76.24,10.942581585228,0.1120932,55.3167506,-412,3644,65.2,2026-06-24,-1.21,36.1,False
2185,300747,锐科激光,56.79,7.5,2.89,190.59,52.882181460099,0.3404384,62.71765774,-1497,1643,87.2,2026-06-24,7.39,54.7,False
2186,300748,金力永磁,31.93,0.06,0.82,56.96,31.946815408352,0.2924428,65.90055063,-40,1035,85.6,2026-06-24,-0.05,56.4,False
2187,300749,顶固集创,23.05,1.77,1.15,-63.76,21.761454221033,0.2626112,58.134367,601,2868,62.4,2026-06-24,5.92,36.3,False
2188,300750,宁德时代,396.49,0.29,0.15,22.11,392.755258624924,0.5591068,71.59099322,-72,391,88.4,2026-06-24,0.95,63.3,False
2189,300751,迈为股份,225.25,-1.1,1.1,133.08,218.808931569214,0.3849004,68.26767637,2218,704,74.4,2026-06-24,2.94,50.8,False
2190,300752,隆利科技,14.12,0.64,1.53,73.12,13.881746894213,0.1932416,63.18967212,1294,1549,73.2,2026-06-24,1.72,46.3,False
2191,300753,爱朋医疗,20.54,-5.95,7.32,-147.41,22.315110390038,0.2477784,64.23878096,3078,1317,67.2,2026-06-24,-7.95,43.2,False
2192,300755,华致酒行,12.36,-2.6,0.33,24.28,12.940585117836,0.1748236,55.30329608,-573,3650,64.0,2026-06-24,-4.49,35.4,False
2193,300756,金马游乐,32.55,1.75,0.86,65.99,32.020336844386,0.2646792,64.26567246,-172,1313,61.6,2026-06-24,1.65,39.6,False
2194,300757,罗博特科,637.42,5.8,2.26,-688.06,583.899707149085,0.499572,58.60313269,1152,2724,84.4,2026-06-24,9.17,49.5,False
2195,300758,七彩化学,12.88,-1.0,0.76,81.27,13.089552021729,0.2018456,52.93795321,-185,4193,68.0,2026-06-24,-1.6,36.0,False
2196,300759,康龙化成,24.31,-2.02,1.34,33.3,24.878238512608,0.4180936,75.44519686,86,144,80.4,2026-06-24,-2.28,60.7,False
2197,300760,迈瑞医疗,134.33,-1.76,0.23,17.48,138.996719081246,0.3343904,69.09735137,-463,617,86.8,2026-06-24,-3.36,60.0,False
2198,300761,立华股份,15.96,-1.85,0.25,21.81,16.473136395297,0.2269796,58.88591179,-1448,2636,63.6,2026-06-24,-3.11,37.5,False
2199,300762,上海瀚讯,40.92,-1.87,1.81,-145.29,41.178160647735,0.457746,63.50915567,1072,1464,84.4,2026-06-24,-0.63,53.6,False
2200,300763,锦浪科技,85.73,-2.62,1.2,139.48,87.935674486025,0.3234896,56.31880498,-634,3387,71.6,2026-06-24,-2.51,40.3,False
2201,300765,石药创新,25.05,-3.76,0.42,-93.72,26.135826500912,0.3477024,57.93352614,88,2912,67.2,2026-06-24,-4.15,38.9,False
2202,300766,每日互动,22.73,-2.07,0.76,-139.4,23.076185879356,0.2312924,53.64630362,-175,4048,70.0,2026-06-24,-1.5,37.6,False
2203,300767,震安科技,24.31,2.75,1.49,-883.21,23.65939285752,0.2808704,49.5609549,-381,4804,72.0,2026-06-24,2.75,35.7,False
2204,300768,迪普科技,14.17,-1.53,0.32,49.58,14.40565696383,0.1830708,59.69865785,-1133,2413,65.6,2026-06-24,-1.64,39.2,False
2205,300769,德方纳米,70.58,-4.52,3.66,18.66,71.572769656965,0.4116268,63.0397919,-1186,1581,89.2,2026-06-24,-1.39,56.2,False
2206,300770,新媒股份,33.4,-2.22,0.21,13.29,34.353128796231,0.2140244,66.04073628,706,1009,66.4,2026-06-24,-2.77,43.9,False
2207,300771,智莱科技,10.8,-2.17,0.51,41.15,11.034027058387,0.127454,56.19316145,177,3416,62.0,2026-06-24,-2.12,34.8,False
2208,300772,运达股份,11.52,-2.29,1.12,47.41,11.764102903093,0.2396504,61.62675234,1397,1919,67.6,2026-06-24,-2.07,41.7,False
2209,300773,拉卡拉,16.57,-2.41,1.21,7.57,16.988027971506,0.28015,53.5735515,-587,4068,73.2,2026-06-24,-2.46,39.2,False
2210,300774,倍杰特,11.67,-3.47,2.2,-39.87,12.173671822407,0.1623712,51.81537965,-433,4430,63.2,2026-06-24,-4.14,32.7,False
2211,300775,三角防务,23.32,6.63,2.44,297.3,21.744305214478,0.2705072,56.81392926,1500,3229,68.0,2026-06-24,7.25,38.6,False
2212,300776,帝尔激光,177.02,7.21,4.29,77.13,163.861906144716,0.3966056,65.08047089,594,1171,87.2,2026-06-24,8.03,56.8,False
2213,300777,中简科技,27.58,-1.92,0.7,158.89,27.883671920964,0.351048,55.26653486,-903,3655,72.0,2026-06-24,-1.09,39.8,False
2214,300778,新城市,9.33,-1.69,0.52,-27.91,9.551721540621,0.1611252,47.36157063,175,5006,62.8,2026-06-24,-2.32,29.7,False
2215,300779,惠城环保,56.73,-0.14,0.72,1978.53,57.384110687532,0.3052036,64.87698077,-980,1202,71.2,2026-06-24,-1.14,46.2,False
2216,300780,德恩精工,33.4,5.0,5.32,-114.43,31.474184711376,0.3179704,59.71036452,-1422,2408,74.8,2026-06-24,6.12,44.7,False
2217,300781,因赛集团,27.6,-2.02,0.7,97.68,28.116205717846,0.1645108,54.2314455,-1099,3901,68.0,2026-06-24,-1.84,36.9,False
2218,300782,卓胜微,115.17,1.36,1.95,-114.72,111.549896209118,0.4979724,67.77550157,99,769,90.0,2026-06-24,3.25,61.0,False
2219,300783,三只松鼠,16.19,-0.55,0.37,5.95,16.509978798325,0.1845948,54.85624331,-2163,3764,74.4,2026-06-24,-1.94,40.8,False
2220,300784,利安科技,45.41,-1.18,1.01,81.86,46.170682300627,0.1316044,62.30541779,114,1740,64.0,2026-06-24,-1.65,39.9,False
2221,300785,值得买,38.79,-2.09,0.94,539.25,39.42973434652,0.2075416,59.86955215,-456,2362,66.8,2026-06-24,-1.62,40.0,False
2222,300786,国林科技,24.18,4.0,7.23,230.27,22.763048267295,0.271094,63.90610241,2840,1386,76.8,2026-06-24,6.22,49.1,False
2223,300787,海能实业,9.7,-2.61,0.65,-78.47,9.91313204116,0.1546868,60.16432498,-149,2295,66.0,2026-06-24,-2.15,39.7,False
2224,300788,中信出版,23.76,-1.66,0.25,27.15,24.107611329125,0.1319888,51.55359034,-190,4483,62.4,2026-06-24,-1.44,32.2,False
2225,300789,唐源电气,17.57,-3.3,1.1,44.24,18.302193459996,0.1037108,61.82737785,1571,1867,62.4,2026-06-24,-4.0,38.6,False
2226,300790,宇瞳光学,27.06,-1.96,1.95,62.34,27.032066653654,0.3568272,66.15268244,1177,991,80.0,2026-06-24,0.1,52.9,False
2227,300791,仙乐健康,16.4,-2.03,0.19,25.36,16.881511566165,0.1758168,54.16696814,-1336,3916,64.4,2026-06-24,-2.85,34.9,False
2228,300792,壹网壹创,27.47,-2.97,0.74,51.84,28.416989131128,0.2239172,57.30326489,-23,3092,68.0,2026-06-24,-3.33,39.0,False
2229,300793,佳禾智能,11.71,-1.68,0.41,-128.53,11.932951509313,0.1937568,49.17428641,73,4857,68.4,2026-06-24,-1.87,33.6,False
2230,300795,米奥会展,8.68,-2.03,0.55,-26.27,8.919955650043,0.1328388,59.8993581,-165,2353,66.4,2026-06-24,-2.69,39.8,False
2231,300796,贝斯美,6.52,-1.81,0.36,198.6,6.677090871138,0.0981128,48.7762552,30,4891,62.0,2026-06-24,-2.35,30.2,False
2232,300797,钢研纳克,13.8,-0.43,0.17,55.99,13.840810751945,0.1158316,59.1191779,141,2570,65.2,2026-06-24,-0.29,38.5,False
2233,300798,锦鸡股份,7.0,-2.1,1.01,-54.24,7.129522812044,0.196254,50.44414792,-740,4679,59.6,2026-06-24,-1.82,30.1,False
2234,300800,力合科技,9.4,-2.89,0.52,37.29,9.76517704843,0.0994092,58.96731663,592,2612,63.6,2026-06-24,-3.74,37.5,False
2235,300801,泰和科技,28.06,-2.81,2.79,17.81,28.685627898025,0.2297576,66.37195851,-789,948,72.0,2026-06-24,-2.18,47.8,False
2236,300802,矩子科技,25.61,-2.55,1.69,55.92,25.396373022552,0.2592364,68.68439788,5,654,78.0,2026-06-24,0.84,53.6,False
2237,300803,指南针,97.59,-0.44,1.24,133.77,99.12541676163,0.3565752,67.01990812,-301,865,87.6,2026-06-24,-1.55,58.7,False
2238,300804,广康生化,33.45,-4.56,2.44,-1075.36,35.307584464912,0.1855184,51.57490378,514,4481,57.2,2026-06-24,-5.26,29.5,False
2239,300805,电声股份,7.52,-1.83,0.4,308.24,7.67587598189,0.1228372,62.30494116,1041,1741,62.0,2026-06-24,-2.03,38.6,False
2240,300806,斯迪克,109.55,9.45,2.92,815.26,98.106583850099,0.4985436,67.93019479,623,748,80.8,2026-06-24,11.66,54.9,False
2241,300807,天迈科技,40.9,0.79,1.52,-79.67,39.504914393909,0.225868666667,52.56462011,463,4280,66.0,2026-06-24,3.53,34.7,False
2242,300808,久量股份,23.83,-2.1,0.26,-55.81,23.946672573332,0.2834716,55.89142727,524,3499,62.0,2026-06-24,-0.49,34.7,False
2243,300809,华辰装备,27.92,-1.83,1.48,138.38,28.607738249362,0.2466876,49.26614718,-1633,4842,68.8,2026-06-24,-2.4,33.9,False
2244,300810,中科海讯,26.26,-2.56,1.24,-55.31,26.808825137545,0.1751792,64.81154835,1602,1213,65.2,2026-06-24,-2.05,42.3,False
2245,300811,铂科新材,99.94,3.47,2.13,114.55,96.434813105896,0.4199448,71.19009354,92,429,84.8,2026-06-24,3.63,60.4,False
2246,300812,易天股份,28.11,0.54,1.64,154.27,27.897102670357,0.2405312,56.91272103,307,3198,75.6,2026-06-24,0.76,43.0,False
2247,300813,泰林生物,18.88,-1.31,0.68,118.19,19.277300211807,0.1125592,55.99365143,670,3464,61.2,2026-06-24,-2.06,34.3,False
2248,300814,中富电路,201.1,-1.28,0.98,509.23,196.438848262383,0.4498252,66.19157486,1203,980,84.4,2026-06-24,2.37,55.9,False
2249,300815,玉禾田,17.4,-2.85,0.37,10.56,17.997783778454,0.2502804,60.64813925,-77,2174,64.4,2026-06-24,-3.32,39.1,False
2250,300816,艾可蓝,77.7,-0.45,0.55,78.24,78.901767792208,0.2578844,60.1777525,-1314,2289,64.4,2026-06-24,-1.52,38.8,False
2251,300817,双飞集团,16.35,-2.1,0.45,53.65,16.700812150725,0.1013892,56.45672443,14,3349,63.2,2026-06-24,-2.1,35.7,False
2252,300818,耐普矿机,20.23,-2.18,0.58,-130.96,20.771036621698,0.089986,54.04137346,-959,3946,62.0,2026-06-24,-2.6,33.5,False
2253,300819,聚杰微纤,76.32,8.75,2.22,273.84,69.319039717001,0.365814,71.03726869,800,438,66.0,2026-06-24,10.1,46.9,False
2254,300820,英杰电气,82.49,4.42,2.58,126.14,75.982265288832,0.3010108,76.47443431,487,107,76.8,2026-06-24,8.56,58.7,False
2255,300821,东岳硅材,19.48,0.41,2.09,30.12,19.056347916675,0.3323776,65.93073435,-106,1031,86.8,2026-06-24,2.22,57.2,False
2256,300822,贝仕达克,12.08,-1.39,0.38,42.65,12.326914309099,0.0913208,53.29993307,-1168,4123,63.6,2026-06-24,-2.0,33.9,False
2257,300823,建科智能,15.03,-1.89,1.01,34.15,15.469953558242,0.1208496,58.11537234,1183,2873,62.0,2026-06-24,-2.84,36.0,False
2258,300824,北鼎股份,7.44,-1.59,0.29,18.53,7.630689340775,0.0562572,58.80735439,-10,2660,62.4,2026-06-24,-2.5,36.7,False
2259,300825,阿尔特,16.87,0.12,1.81,139.47,16.554322734206,0.3846504,66.18729589,-591,981,77.2,2026-06-24,1.91,51.1,False
2260,300826,测绘股份,15.15,0.33,0.86,123.84,15.296586013334,0.2625012,66.4393023,-407,936,72.0,2026-06-24,-0.96,47.8,False
2261,300827,上能电气,28.96,-1.8,0.83,41.22,29.292363635265,0.3047024,61.20155504,352,2023,68.0,2026-06-24,-1.13,41.6,False
2262,300828,锐新科技,19.98,-1.53,1.55,129.39,20.252062120768,0.1847808,57.06609617,-1924,3161,69.2,2026-06-24,-1.34,39.5,False
2263,300829,金丹科技,14.0,-2.17,0.65,26.77,14.323466406789,0.1889696,46.89899564,-38,5039,62.0,2026-06-24,-2.26,29.1,False
2264,300830,金现代,8.37,-1.76,0.66,-120.11,8.516535835642,0.1127804,52.15747092,5,4367,64.0,2026-06-24,-1.72,33.4,False
2265,300831,ST派瑞,22.11,-1.29,2.14,113.47,21.841669409283,0.411733137255,71.90687525,160,366,71.2,2026-06-24,1.23,51.2,False
2266,300832,新产业,41.04,-1.58,0.13,18.24,42.420421981609,0.2754812,68.57360158,-324,671,67.6,2026-06-24,-3.25,46.4,False
2267,300833,浩洋股份,30.76,-1.38,0.17,23.4,30.875029513088,0.1172168,62.87604551,84,1618,62.4,2026-06-24,-0.37,39.2,False
2268,300834,星辉环材,47.34,-2.49,0.37,109.51,47.907713827926,0.32607,55.61395362,-29,3564,62.4,2026-06-24,-1.19,34.7,False
2269,300835,龙磁科技,229.0,-7.78,3.47,247.47,243.26207786662,0.462656,71.14211453,-423,432,85.2,2026-06-24,-5.86,60.6,False
2270,300836,佰奥智能,76.18,0.89,1.4,250.15,72.847517228059,0.3427144,68.66667687,-157,657,62.8,2026-06-24,4.57,43.1,False
2271,300837,浙矿股份,25.26,-1.41,0.66,52.8,25.774530872702,0.0771344,54.39941302,102,3855,59.6,2026-06-24,-2.0,32.4,False
2272,300838,浙江力诺,13.14,-1.94,1.29,348.97,13.595388943075,0.0875792,47.7272002,5,4980,58.0,2026-06-24,-3.35,27.7,False
2273,300839,博汇股份,12.73,-2.82,0.82,20.08,13.136489089759,0.1777664,57.20609046,-296,3124,59.2,2026-06-24,-3.09,33.9,False
2274,300840,酷特智能,19.69,-1.35,0.71,95.22,19.967527742374,0.200236,59.70315318,1459,2411,66.0,2026-06-24,-1.39,39.4,False
2275,300841,康华生物,44.45,-2.95,0.59,52.77,46.704630244954,0.3309888,63.0203953,-335,1586,69.2,2026-06-24,-4.83,43.6,False
2276,300842,帝科股份,89.5,2.04,1.33,224.14,86.825684793865,0.2944284,71.52964256,65,400,76.8,2026-06-24,3.08,54.9,False
2277,300843,胜蓝股份,143.31,-0.65,1.39,162.65,139.951245825252,0.4157076,72.2090681,627,340,80.4,2026-06-24,2.4,58.1,False
2278,300844,山水比德,22.72,-2.2,0.39,-13.52,23.408091184368,0.0828804,54.33017641,921,3872,62.8,2026-06-24,-2.94,34.1,False
2279,300845,捷安高科,14.54,-1.76,2.64,-53.65,14.27014513508,0.2926392,71.98265352,1452,356,64.0,2026-06-24,1.89,46.1,False
2280,300846,首都在线,23.08,-2.62,2.33,-135.19,23.228559506716,0.301166,63.64977843,2288,1437,73.2,2026-06-24,-0.64,46.6,False
2281,300847,中船汉光,13.47,-0.07,0.27,38.87,13.58705580937,0.1643476,60.50405888,-228,2209,67.2,2026-06-24,-0.86,40.7,False
2282,300848,美瑞新材,14.41,-3.29,0.86,56.66,14.86326784486,0.214744,61.65992655,1713,1906,64.8,2026-06-24,-3.05,40.0,False
2283,300849,锦盛新材,22.6,-3.34,0.85,-135.98,23.058388868106,0.2556548,63.33186978,40,1520,67.6,2026-06-24,-1.99,42.8,False
2284,300850,新强联,26.79,-2.58,1.4,18.54,27.614854273321,0.2621144,59.99827859,-1117,2327,66.8,2026-06-24,-2.99,40.1,False
2285,300851,交大思诺,23.05,-1.5,0.67,151.32,23.639643739925,0.139194666667,57.62443632,-173,3010,64.8,2026-06-24,-2.49,37.3,False
2286,300852,四会富仕,60.45,-0.84,1.51,82.32,60.713204993257,0.3288084,70.34943593,850,497,76.8,2026-06-24,-0.43,54.0,False
2287,300853,申昊科技,32.47,-1.16,2.15,-36.82,32.90625156453,0.2294428,56.88959321,773,3207,70.8,2026-06-24,-1.33,40.3,False
2288,300854,中兰环保,22.81,-3.63,1.42,33.34,23.182224168751,0.3178236,56.00744383,1213,3460,61.2,2026-06-24,-1.61,34.3,False
2289,300855,图南股份,31.92,-0.53,0.62,33.03,32.045605241666,0.2328684,59.01548793,-1227,2602,66.0,2026-06-24,-0.39,39.0,False
2290,300856,科思股份,10.76,-2.62,0.22,31.38,11.115732430762,0.1631792,55.12058747,385,3690,62.4,2026-06-24,-3.2,34.4,False
2291,300857,协创数据,338.03,-0.63,1.9,55.11,327.298846217105,0.5724408,81.09232904,172,24,89.6,2026-06-24,3.28,72.7,False
2292,300858,科拓生物,14.85,-1.46,1.02,65.43,15.272115515988,0.220824,56.51325573,-1080,3333,59.6,2026-06-24,-2.76,33.7,False
2293,300859,西域旅游,26.03,-1.77,0.43,-37.78,26.848176811012,0.2178488,53.11383044,-250,4159,66.4,2026-06-24,-3.05,35.3,False
2294,300860,锋尚文化,25.43,-2.0,0.76,246.95,26.060645962467,0.2221908,64.5616297,56,1266,68.8,2026-06-24,-2.42,44.4,False
2295,300861,美畅股份,24.81,-1.39,3.12,21.45,24.470510205801,0.3009448,76.96625982,253,92,80.0,2026-06-24,1.39,61.6,False
2296,300862,蓝盾光电,20.04,-1.86,0.59,-106.75,20.547290927721,0.307452,51.12773939,82,4556,61.6,2026-06-24,-2.47,31.5,False
2297,300863,卡倍亿,66.33,1.27,0.89,43.09,66.10582443896,0.418886,59.04553642,-1616,2588,71.2,2026-06-24,0.34,42.0,False
2298,300864,南大环境,20.4,0.0,0.31,17.5,20.718683333163,0.1476396,61.16668893,-1079,2029,63.6,2026-06-24,-1.54,38.9,False
2299,300865,大宏立,23.01,-2.21,0.93,51.84,23.910316168561,0.1184372,56.60214085,1209,3306,60.8,2026-06-24,-3.77,34.4,False
2300,300866,安克创新,108.32,0.28,0.5,30.79,105.349189797734,0.3158688,72.87469665,123,286,72.0,2026-06-24,2.82,52.5,False
2301,300867,圣元环保,18.47,-2.17,0.62,11.17,18.727993505267,0.2008896,61.85257012,1559,1857,62.4,2026-06-24,-1.38,38.6,False
2302,300868,杰美特,158.92,1.25,0.83,-630.68,154.843277357534,0.4419724,57.63401097,-383,3007,76.0,2026-06-24,2.63,43.8,False
2303,300869,康泰医学,10.97,-2.32,0.68,-133.7,11.385843174467,0.1784288,50.67492005,-1793,4631,72.4,2026-06-24,-3.65,36.7,False
2304,300870,欧陆通,359.16,0.94,0.87,-1092.85,355.209844964813,0.4072012,65.39910981,-576,1113,80.4,2026-06-24,1.11,52.6,False
2305,300871,回盛生物,23.19,-3.29,1.57,15.06,23.630070786906,0.3209352,71.57990369,470,392,65.6,2026-06-24,-1.86,47.0,False
2306,300872,天阳科技,18.91,3.79,1.56,306.02,18.285005044727,0.284272,59.68869718,-538,2418,75.6,2026-06-24,3.42,45.1,False
2307,300873,海晨股份,27.34,4.23,1.82,1281.2,25.54009577515,0.2535264,59.79194508,894,2385,69.6,2026-06-24,7.05,41.6,False
2308,300875,捷强装备,29.71,-1.07,0.53,-98.24,29.966394073916,0.1191156,49.21959092,149,4850,63.6,2026-06-24,-0.86,31.3,False
2309,300876,蒙泰高新,15.65,-1.63,0.74,-69.63,15.850832848231,0.1551328,50.33470495,357,4695,62.0,2026-06-24,-1.27,31.2,False
2310,300877,金春股份,29.64,4.0,0.67,302.09,28.775659277251,0.1937048,61.45394363,200,1950,63.6,2026-06-24,3.0,39.1,False
2311,300878,维康药业,33.21,-2.32,0.69,689.6,34.223596816958,0.2903824,53.96355509,-2237,3963,71.6,2026-06-24,-2.96,38.6,False
2312,300879,大叶股份,16.37,-1.86,0.37,35.36,16.741641438234,0.1439284,54.58062772,737,3819,63.2,2026-06-24,-2.22,34.5,False
2313,300880,迦南智能,24.33,-1.02,1.08,95.07,24.794681280194,0.29897,61.65467054,-168,1909,71.6,2026-06-24,-1.87,44.1,False
2314,300881,盛德鑫泰,42.15,-5.6,2.77,26.41,45.736649289614,0.2689512,66.22512971,1147,975,63.6,2026-06-24,-7.84,42.1,False
2315,300882,万胜智能,17.12,0.65,1.34,54.93,16.946265642829,0.17021,60.52887261,-1116,2202,77.6,2026-06-24,1.03,47.0,False
2316,300883,龙利得,6.4,0.16,3.57,-163.54,6.395337786181,0.2900756,49.05939458,175,4871,63.6,2026-06-24,0.07,31.2,False
2317,300884,狄耐克,10.01,-1.67,0.82,-325.56,10.361161584557,0.140104,53.78440373,-305,4009,62.8,2026-06-24,-3.39,33.8,False
2318,300885,海昌新材,24.65,-1.12,0.96,63.49,24.915209889062,0.2138156,53.569538,-1586,4071,66.8,2026-06-24,-1.06,35.8,False
2319,300886,华业香料,20.26,-3.11,0.83,86.85,21.186063380172,0.1140992,53.33929761,-1174,4114,61.2,2026-06-24,-4.37,32.6,False
2320,300887,谱尼测试,7.36,-1.74,0.48,-14.45,7.546350074013,0.1346908,56.51789144,1056,3331,63.6,2026-06-24,-2.47,35.9,False
2321,300888,稳健医疗,26.78,-1.54,0.12,15.5,27.378886337929,0.2023304,60.08424449,-885,2313,69.6,2026-06-24,-2.19,41.8,False
2322,300889,爱克股份,23.28,-0.98,1.18,-70.92,23.662360645126,0.4457828,52.86397126,-17,4208,65.6,2026-06-24,-1.62,34.7,False
2323,300890,翔丰华,34.56,-0.72,1.75,44.08,34.60952352182,0.24295,54.87403706,-195,3758,66.4,2026-06-24,-0.14,36.4,False
2324,300891,惠云钛业,6.88,-1.99,0.99,-90.46,7.049958359779,0.166734,53.30794466,-1686,4120,71.6,2026-06-24,-2.41,38.2,False
2325,300892,品渥食品,19.75,-1.64,0.63,-281.79,20.447090372481,0.1318656,50.82456494,332,4609,64.0,2026-06-24,-3.41,32.5,False
2326,300893,松原安全,16.77,-2.04,0.28,26.37,17.211748262375,0.2417196,56.0850465,-122,3442,61.2,2026-06-24,-2.57,34.3,False
2327,300894,火星人,11.59,1.4,2.57,-22.12,11.339191223961,0.1867056,62.2254365,975,1760,72.0,2026-06-24,2.21,44.8,False
2328,300895,铜牛信息,54.47,-2.49,1.14,-127.7,55.107876174489,0.2898628,55.23314553,87,3664,68.8,2026-06-24,-1.16,38.0,False
2329,300896,爱美客,86.6,-1.71,0.5,21.96,89.175084580358,0.258698,63.40102456,-958,1494,77.6,2026-06-24,-2.89,49.2,False
2330,300897,山科智能,15.05,-1.12,0.36,109.07,15.193450904014,0.1371852,50.27713687,-772,4706,66.4,2026-06-24,-0.94,33.4,False
2331,300898,熊猫乳品,19.05,-1.19,0.44,34.96,19.577219954398,0.1574956,54.00852988,-1234,3955,64.4,2026-06-24,-2.69,34.8,False
2332,300899,上海凯鑫,30.06,-2.15,0.62,-42.54,31.041771665883,0.236087843137,54.73864197,461,3784,63.6,2026-06-24,-3.16,34.8,False
2333,300900,广联航空,34.35,0.17,2.87,267.11,32.758104489716,0.3683956,55.42916419,1531,3614,65.6,2026-06-24,4.86,36.4,False
2334,300901,中胤时尚,13.77,-1.64,0.23,1122.11,13.934732922582,0.17245,50.54875118,-89,4655,60.4,2026-06-24,-1.18,30.5,False
2335,300902,国安达,16.25,-3.45,0.76,-108.36,16.873273310626,0.1202572,49.53805565,7,4806,64.4,2026-06-24,-3.69,31.9,False
2336,300903,科翔股份,113.95,2.98,2.09,-238.52,109.087037681941,0.5062372,61.25227072,-167,2011,85.6,2026-06-24,4.46,52.4,False
2337,300904,威力传动,42.2,-2.81,0.66,-30.66,43.353160403733,0.1695448,51.29062715,-937,4524,60.8,2026-06-24,-2.66,31.2,False
2338,300905,宝丽迪,55.89,-2.34,2.91,71.13,58.293593189828,0.3363396,59.03941476,-2040,2591,67.6,2026-06-24,-4.12,39.9,False
2339,300906,日月明,26.2,-1.69,0.56,34.8,27.047847401049,0.1428888,62.06559689,-820,1799,62.0,2026-06-24,-3.13,38.5,False
2340,300907,康平科技,53.11,-1.79,1.71,92.71,52.561721388569,0.2601144,64.23815671,363,1318,70.0,2026-06-24,1.04,45.0,False
2341,300908,仲景食品,22.6,-2.42,0.29,15.36,23.230671650108,0.1325412,63.14353122,708,1557,64.4,2026-06-24,-2.71,40.7,False
2342,300909,汇创达,61.5,8.35,3.02,252.88,55.678035151701,0.418194,70.56258566,527,475,70.0,2026-06-24,10.46,49.4,False
2343,300910,瑞丰新材,28.62,-1.95,0.69,19.59,28.51805424474,0.2795776,67.18684813,748,842,68.0,2026-06-24,0.36,45.7,False
2344,300911,亿田智能,22.15,-4.4,1.03,-28.67,22.779762238546,0.2268032,61.45783295,-138,1947,64.4,2026-06-24,-2.76,39.6,False
2345,300912,凯龙高科,25.09,-2.56,0.88,70.63,25.696854063068,0.2108968,44.09619667,52,5145,62.4,2026-06-24,-2.36,27.5,False
2346,300913,兆龙互连,56.6,-2.08,1.31,99.91,57.937411954346,0.3112724,69.35162543,234,588,82.8,2026-06-24,-2.31,57.4,False
2347,300915,海融科技,19.85,-2.02,0.22,34.03,20.40154315764,0.0995636,55.19845709,614,3676,62.4,2026-06-24,-2.7,34.4,False
2348,300916,朗特智能,24.26,-4.15,1.66,732.62,25.249283449329,0.252348,66.68838899,-209,913,63.6,2026-06-24,-3.92,42.4,False
2349,300917,特发服务,24.8,-1.98,0.63,31.93,25.535444826878,0.2394444,58.31017609,-165,2821,68.8,2026-06-24,-2.88,40.1,False
2350,300918,南山智尚,11.37,-1.98,0.53,46.73,11.588852056385,0.2316188,56.96600615,604,3185,64.4,2026-06-24,-1.89,36.7,False
2351,300919,中伟新材,47.25,-2.44,0.36,22.17,48.193306141461,0.2968924,67.77809384,364,768,75.2,2026-06-24,-1.96,51.0,False
2352,300920,润阳科技,36.01,-2.83,0.62,371.37,37.136083968341,0.2327868,56.22491495,185,3407,65.6,2026-06-24,-3.03,36.9,False
2353,300921,南凌科技,21.54,-0.69,1.5,116.24,21.604223378833,0.15883,58.0895214,71,2879,74.4,2026-06-24,-0.3,43.2,False
2354,300922,天秦装备,17.64,-7.45,2.23,2911.73,18.85845406283,0.1644248,56.17644038,1234,3420,63.2,2026-06-24,-6.46,35.5,False
2355,300923,研奥股份,21.69,-2.52,0.8,254.52,22.612661739503,0.1148864,55.99289979,-2017,3465,64.0,2026-06-24,-4.08,35.8,False
2356,300925,法本信息,15.88,-2.87,0.76,75.72,16.418729577705,0.2219972,54.56506548,-1137,3820,71.2,2026-06-24,-3.28,38.9,False
2357,300926,博俊科技,18.31,-2.03,0.25,15.37,18.792884984577,0.1613832,60.8693887,-1090,2109,64.8,2026-06-24,-2.57,39.4,False
2358,300927,江天化学,23.08,-2.29,0.79,64.63,23.771369477832,0.2081128,57.76494718,-110,2961,62.0,2026-06-24,-2.91,35.8,False
2359,300928,华安鑫创,29.65,-1.2,0.44,-33.2,29.904132991565,0.1467496,52.65611959,397,4253,62.4,2026-06-24,-0.85,32.9,False
2360,300929,华骐环保,10.75,-2.01,1.01,-117.64,11.368817098469,0.1799728,53.83299233,-342,3997,64.0,2026-06-24,-5.44,34.5,False
2361,300930,屹通新材,32.88,-2.14,2.65,44.93,33.719190140433,0.172682,58.57858942,252,2731,72.0,2026-06-24,-2.49,42.2,False
2362,300931,通用电梯,15.26,-3.3,0.73,-73.08,15.774576913572,0.3587396,57.78402951,516,2956,64.0,2026-06-24,-3.26,37.0,False
2363,300932,三友联众,8.76,0.92,0.71,64.98,8.72745567164,0.1689292,51.81977866,-56,4427,60.8,2026-06-24,0.37,31.5,False
2364,300933,中辰股份,6.4,-2.44,0.44,52.98,6.578937567865,0.2402096,57.61762148,1019,3012,64.4,2026-06-24,-2.72,37.1,False
2365,300935,盈建科,30.15,-2.77,0.87,-23.62,31.264683400051,0.1544656,50.24461751,-1203,4711,59.6,2026-06-24,-3.57,29.9,False
2366,300936,中英科技,119.66,-4.44,2.89,-2035.11,123.800324206409,0.369648,54.65081418,120,3802,75.2,2026-06-24,-3.34,41.1,False
2367,300937,药易购,19.77,-2.99,1.4,-173.82,20.674995833181,0.1132348,51.15564299,-610,4551,62.8,2026-06-24,-4.38,32.1,False
2368,300938,信测标准,51.6,6.99,3.27,98.1,46.557981414062,0.5034404,73.3705882,466,249,69.6,2026-06-24,10.83,51.1,False
2369,300939,秋田微,69.04,-1.58,1.01,143.13,68.477946959809,0.2936216,64.55850669,-1179,1268,78.4,2026-06-24,0.82,50.6,False
2370,300940,南极光,15.38,-1.03,0.85,137.07,15.540223071172,0.1270136,55.95124493,-804,3483,60.4,2026-06-24,-1.03,33.8,False
2371,300941,创识科技,14.25,-1.59,0.57,3208.32,14.575393548387,0.1189736,53.61106389,242,4054,66.0,2026-06-24,-2.23,35.4,False
2372,300942,易瑞生物,5.9,-1.99,0.39,-58.24,6.083765249486,0.1067596,52.45117085,83,4301,62.4,2026-06-24,-3.02,32.7,False
2373,300943,春晖智控,46.42,3.57,2.69,248.94,43.911944942344,0.3324504,60.18128721,-82,2287,75.6,2026-06-24,5.71,45.5,False
2374,300945,曼卡龙,11.13,-2.45,0.88,12.76,11.436154412848,0.1734096,66.1380547,1100,995,65.2,2026-06-24,-2.68,43.1,False
2375,300946,恒而达,41.6,-1.89,0.39,112.95,42.257919272489,0.2159488,53.39274406,-241,4101,63.2,2026-06-24,-1.56,33.7,False
2376,300947,德必集团,13.18,-1.86,0.34,-260.41,13.581241467239,0.2215944,53.81356392,533,4004,61.6,2026-06-24,-2.95,33.1,False
2377,300948,冠中生态,23.61,-3.51,0.72,8675.96,24.140000499492,0.262984,55.20500822,1150,3673,62.8,2026-06-24,-2.2,34.7,False
2378,300949,奥雅股份,20.91,-2.11,0.64,-157.92,21.756294611447,0.051916,55.02760172,-56,3721,63.2,2026-06-24,-3.89,34.8,False
2379,300950,德固特,16.56,-1.66,0.44,117.44,16.99417306264,0.108452,56.59788731,31,3309,62.4,2026-06-24,-2.55,35.3,False
2380,300951,博硕科技,54.41,-5.13,1.13,-116.66,57.073098932145,0.2605576,58.10149276,-348,2877,74.4,2026-06-24,-4.67,43.2,False
2381,300952,恒辉安防,18.14,-1.36,0.75,167.34,18.374242313312,0.1482632,51.26251198,-514,4528,60.4,2026-06-24,-1.27,31.0,False
2382,300953,震裕科技,138.18,-0.94,1.12,29.86,139.408131509101,0.3824004,66.345551,-565,953,72.0,2026-06-24,-0.88,47.8,False
2383,300955,嘉亨家化,36.84,-2.26,0.41,-221.89,37.76953573233,0.2061936,52.12109029,-207,4376,59.2,2026-06-24,-2.46,30.9,False
2384,300956,英力股份,11.94,-0.17,1.09,-113.17,11.857499217698,0.2075488,54.93696252,1243,3746,72.4,2026-06-24,0.7,39.8,False
2385,300957,贝泰妮,30.51,-1.61,0.37,48.98,31.365042002052,0.2337484,60.57136683,-319,2192,70.8,2026-06-24,-2.73,42.9,False
2386,300958,建工修复,10.88,-2.16,0.65,-20.27,11.179693948507,0.1219308,53.17322831,-76,4144,61.6,2026-06-24,-2.68,32.8,False
2387,300959,线上线下,152.35,-0.51,0.99,-1424.16,152.10959781394,0.3032424,53.64537075,543,4049,64.8,2026-06-24,0.16,34.8,False
2388,300960,通业科技,16.01,-1.66,0.31,-48.09,16.368226270748,0.1234232,54.69742546,-1799,3794,61.2,2026-06-24,-2.19,33.5,False
2389,300961,深水海纳,13.72,3.94,4.09,-23.01,13.578267315835,0.2735308,57.64322726,122,3002,77.6,2026-06-24,1.04,44.7,False
2390,300962,中金辐照,12.3,-2.77,0.28,34.35,12.743316332493,0.1298172,56.59840411,-664,3308,62.8,2026-06-24,-3.48,35.5,False
2391,300963,中洲特材,13.1,-1.8,0.76,78.14,13.345803557338,0.1632896,49.60886657,12,4796,65.6,2026-06-24,-1.84,32.5,False
2392,300964,本川智能,80.3,-2.67,2.96,179.66,80.980554318316,0.3098956,65.17936452,2079,1146,77.2,2026-06-24,-0.84,50.3,False
2393,300965,恒宇信通,44.22,-2.45,0.46,-195.59,44.730629333802,0.114758983051,49.59540766,175,4799,61.2,2026-06-24,-1.14,30.4,False
2394,300966,共同药业,27.28,-6.09,3.88,245.81,29.313340970507,0.2040444,62.61821915,-669,1674,76.0,2026-06-24,-6.94,47.6,False
2395,300967,晓鸣股份,14.42,-2.83,2.68,-29.76,14.885022692339,0.2104284,49.92447101,85,4757,69.2,2026-06-24,-3.12,34.5,False
2396,300968,格林精密,10.32,-0.29,0.45,-23.67,10.378610210767,0.1341804,50.52777385,-193,4661,67.6,2026-06-24,-0.56,34.2,False
2397,300969,恒帅股份,95.4,0.04,0.64,97.47,96.04529646351,0.2695396,66.7717582,1868,899,67.2,2026-06-24,-0.67,44.9,False
2398,300970,华绿生物,20.03,-1.57,0.86,7.23,20.248356528519,0.1726244,62.33678016,337,1733,58.0,2026-06-24,-1.08,36.2,False
2399,300971,博亚精工,19.53,-3.17,1.21,47.03,19.871010681448,0.2121228,65.28684061,1528,1132,62.8,2026-06-24,-1.72,41.0,False
2400,300972,万辰集团,171.5,-1.44,0.17,13.43,174.637931211329,0.2108016,69.95233445,-31,532,66.0,2026-06-24,-1.8,46.2,False
2401,300973,立高食品,25.15,-0.4,0.35,16.63,25.327298850497,0.2212876,61.3450687,578,1983,65.2,2026-06-24,-0.7,40.0,False
2402,300975,商络电子,41.6,2.46,4.95,27.84,40.221041235708,0.3769444,70.74434549,-38,458,88.0,2026-06-24,3.43,62.3,False
2403,300976,达瑞电子,88.53,1.85,1.14,57.54,86.614544945936,0.2501348,69.26996623,-261,595,72.8,2026-06-24,2.21,50.4,False
2404,300977,深圳瑞捷,16.38,-2.33,0.5,-180.06,16.856911657562,0.1281296,55.64518667,247,3560,60.8,2026-06-24,-2.83,33.8,False
2405,300978,东箭科技,9.06,-7.08,3.44,29.96,10.108855532497,0.2356144,57.79675013,-1031,2951,63.6,2026-06-24,-10.38,36.8,False
2406,300979,华利集团,30.16,-0.98,0.03,22.91,30.837208753409,0.1175896,65.78709034,-544,1058,64.8,2026-06-24,-2.2,42.6,False
2407,300980,祥源新材,27.29,-2.08,1.54,54.39,27.986859106432,0.2504164,66.28938378,948,960,62.0,2026-06-24,-2.49,41.1,False
2408,300981,中红医疗,9.94,-3.31,0.59,216.16,10.446022190936,0.1563068,56.16301344,418,3426,59.2,2026-06-24,-4.84,33.2,False
2409,300982,苏文电能,16.07,1.32,0.92,-98.19,15.962444591665,0.188226,44.534184,-10,5135,61.2,2026-06-24,0.67,27.3,False
2410,300983,尤安设计,40.51,-4.91,0.73,-2086.84,42.660985779579,0.251722,60.22054435,297,2274,68.0,2026-06-24,-5.04,40.9,False
2411,300984,金沃股份,54.0,-2.14,0.81,126.68,55.02744719367,0.2855136,59.51842198,-480,2460,61.2,2026-06-24,-1.87,36.4,False
2412,300985,致远新能,35.97,2.77,0.74,149.09,34.519458265309,0.2212536,51.89940473,21,4417,70.4,2026-06-24,4.2,36.5,False
2413,300986,志特新材,18.01,-1.8,0.93,48.18,18.5918746819,0.2501916,62.954096,857,1604,62.8,2026-06-24,-3.13,39.5,False
2414,300987,川网传媒,12.77,-2.44,0.43,254.97,13.18641147877,0.1198968,60.72054189,155,2147,62.4,2026-06-24,-3.16,37.9,False
2415,300988,津荣天宇,16.12,-2.6,0.78,26.02,16.64231880671,0.1814384,57.41744409,-238,3064,61.6,2026-06-24,-3.14,35.4,False
2416,300989,蕾奥规划,13.1,-1.5,0.29,-23.36,13.116549237011,0.2729424,53.69925539,972,4032,62.0,2026-06-24,-0.13,33.3,False
2417,300990,同飞股份,112.5,1.35,2.93,80.56,106.329350705087,0.3239976,73.61818647,218,234,77.6,2026-06-24,5.8,57.1,False
2418,300991,创益通,35.8,1.36,1.31,-200.45,35.696908325787,0.1946176,50.2356275,-30,4713,62.0,2026-06-24,0.29,31.1,False
2419,300992,泰福泵业,26.37,2.01,0.83,-69.43,26.598730804995,0.2467584,57.58526047,-279,3023,60.4,2026-06-24,-0.86,34.8,False
2420,300993,玉马科技,10.0,-1.96,0.25,27.65,10.197034921799,0.193768,62.79164486,1031,1628,62.4,2026-06-24,-1.93,39.2,False
2421,300994,久祺股份,11.3,1.35,1.08,38.58,11.253817131749,0.0827756,56.37093246,-370,3372,63.2,2026-06-24,0.41,35.6,False
2422,300995,奇德新材,28.27,-1.08,0.7,94.8,28.719055352972,0.1908708,53.03377673,128,4174,60.8,2026-06-24,-1.56,32.2,False
2423,300996,普联软件,11.2,-0.71,0.48,188.32,11.155033894553,0.2393892,62.66342185,-31,1659,62.8,2026-06-24,0.4,39.4,False
2424,300997,欢乐家,15.85,-0.81,0.28,46.38,16.093786646883,0.1733116,50.13024068,-1052,4732,65.2,2026-06-24,-1.51,32.7,False
2425,300998,宁波方正,28.86,2.45,3.38,399.91,27.36545207971,0.2188848,53.71859294,151,4027,68.4,2026-06-24,5.46,36.7,False
2426,300999,金龙鱼,23.6,-1.17,0.4,21.59,24.200562579198,0.2990152,60.30396674,-1131,2253,78.0,2026-06-24,-2.48,47.0,False
2427,301000,肇民科技,33.5,-0.21,0.93,76.02,32.958693625842,0.2307816,61.82202612,-1477,1868,70.8,2026-06-24,1.64,43.8,False
2428,301001,凯淳股份,22.67,-2.12,0.58,1024.52,23.437919437093,0.0764768,49.24196421,-686,4844,61.6,2026-06-24,-3.28,30.3,False
2429,301002,崧盛股份,40.52,-2.15,1.06,89.38,41.357287430346,0.2192724,52.25188494,-69,4346,63.2,2026-06-24,-2.02,33.0,False
2430,301003,江苏博云,54.31,-3.71,0.87,73.9,55.484862012512,0.33982,55.36569889,90,3628,60.0,2026-06-24,-2.12,33.2,False
2431,301004,嘉益股份,32.81,-1.23,0.07,19.47,33.440209918951,0.1515112,63.07074443,1020,1568,62.8,2026-06-24,-1.88,39.6,False
2432,301005,超捷股份,106.6,-0.37,1.82,352.05,101.486294762883,0.354888,62.5485381,2780,1687,72.4,2026-06-24,5.04,45.3,False
2433,301006,迈拓股份,13.0,-3.06,0.66,135.15,13.530863515449,0.114352,61.39656075,545,1965,61.6,2026-06-24,-3.92,37.8,False
2434,301007,德迈仕,33.03,-0.6,0.42,142.85,33.250585045347,0.343124,58.78553766,318,2667,64.4,2026-06-24,-0.66,37.9,False
2435,301008,宏昌科技,23.68,-2.19,0.61,539.83,24.171729850105,0.1770268,51.74787633,-291,4448,61.6,2026-06-24,-2.03,31.9,False
2436,301009,可靠股份,8.33,-1.77,0.69,301.18,8.739810493852,0.0686772,53.55334125,-1662,4073,63.2,2026-06-24,-4.69,33.8,False
2437,301010,晶雪节能,17.01,-1.05,0.47,210.47,17.193321062571,0.095478,56.93895561,982,3191,62.0,2026-06-24,-1.07,35.3,False
2438,301011,华立科技,15.03,0.47,0.74,-55.37,15.104485973382,0.0786536,54.74764637,-134,3783,64.0,2026-06-24,-0.49,35.0,False
2439,301012,扬电科技,26.34,-2.05,0.59,63.11,26.715348863623,0.2557816,56.76471554,-1106,3248,61.2,2026-06-24,-1.4,34.7,False
2440,301013,利和兴,73.38,-2.09,8.59,1330.05,73.796735805351,0.4669404,71.25327358,-152,423,90.4,2026-06-24,-0.56,64.4,False
2441,301015,百洋医药,18.57,-2.57,0.31,19.69,19.344461995912,0.2251548,60.956493,-591,2085,62.4,2026-06-24,-4.0,38.0,False
2442,301016,雷尔伟,13.5,0.6,0.39,395.91,13.530913176597,0.1914768,52.46504738,-390,4297,59.6,2026-06-24,-0.23,31.3,False
2443,301017,漱玉平民,13.89,-3.21,1.17,135.98,13.772694870905,0.2825564,66.23982915,1937,972,61.2,2026-06-24,0.85,40.5,False
2444,301018,申菱环境,121.16,7.32,2.92,400.52,111.108141655621,0.4473376,75.52274996,-59,143,87.2,2026-06-24,9.05,65.9,False
2445,301019,宁波色母,18.42,-2.28,0.32,25.96,19.047847076614,0.1690564,56.40410393,47,3363,59.6,2026-06-24,-3.3,33.6,False
2446,301020,密封科技,24.42,-4.98,1.81,29.8,25.611361150746,0.2037692,62.94628122,-1297,1606,66.8,2026-06-24,-4.65,42.0,False
2447,301021,英诺激光,132.33,2.82,1.77,438.94,127.458780077252,0.3792024,73.04936621,677,276,80.8,2026-06-24,3.82,59.0,False
2448,301022,海泰科,22.7,-3.16,0.59,-105.15,23.596468673688,0.196186,47.86363821,45,4968,58.4,2026-06-24,-3.8,28.0,False
2449,301023,奕帆传动,32.9,10.4,7.24,58.48,29.902426368697,0.18258,55.26174428,-956,3657,62.8,2026-06-24,10.02,34.7,False
2450,301024,霍普股份,42.26,1.88,0.45,-35.08,42.292042185515,0.10697,50.68780946,4,4628,61.6,2026-06-24,-0.08,31.2,False
2451,301025,读客文化,8.26,-1.78,0.39,271.51,8.463946193046,0.1078284,51.78280072,-1137,4442,61.2,2026-06-24,-2.41,31.7,False
2452,301026,浩通科技,22.53,-2.68,1.39,19.46,23.141322442245,0.2205536,65.81813788,-118,1052,71.2,2026-06-24,-2.64,46.9,False
2453,301027,华蓝集团,19.59,-3.35,2.02,-87.88,19.962850833491,0.3213732,56.41244467,967,3360,66.0,2026-06-24,-1.87,37.2,False
2454,301028,鼎熔岩,16.19,-1.28,0.42,26.67,16.567882836692,0.1416772,60.48452103,-297,2213,62.4,2026-06-24,-2.28,37.7,False
2455,301029,怡合达,28.77,-1.64,0.92,35.33,29.245331485274,0.287558,67.52452806,-159,797,74.0,2026-06-24,-1.63,50.0,False
2456,301030,*ST仕净,8.56,-7.96,3.5,-3.69,9.644703815217,0.273038431373,38.86262408,-22,5205,61.6,2026-06-24,-11.25,23.9,False
2457,301031,中熔电气,118.05,1.87,1.11,37.88,116.158858850792,0.293582,68.29115157,-29,699,70.8,2026-06-24,1.63,48.4,False
2458,301032,新柴股份,9.86,-1.3,0.51,29.37,10.030777452713,0.1178764,55.24618328,290,3660,59.6,2026-06-24,-1.7,32.9,False
2459,301033,迈普医学,47.18,-4.4,0.96,38.18,49.618411703287,0.1977056,65.2950232,-357,1130,63.2,2026-06-24,-4.91,41.3,False
2460,301035,润丰股份,46.77,-3.17,0.1,25.78,48.641407464913,0.1673392,61.53044618,372,1934,62.4,2026-06-24,-3.85,38.4,False
2461,301036,双乐股份,22.83,-1.08,1.03,-106.44,23.669482096386,0.1105776,61.32775282,1984,1988,64.0,2026-06-24,-3.55,39.2,False
2462,301037,保立佳,12.49,-2.65,1.11,-16.7,12.959610912555,0.0738108,50.83387194,-81,4607,60.0,2026-06-24,-3.62,30.5,False
2463,301038,深水规院,16.95,1.25,0.56,-27.42,16.993144662823,0.183174,52.24056064,-1409,4347,65.6,2026-06-24,-0.25,34.3,False
2464,301039,中集车辆,6.91,-1.85,0.21,20.63,7.01808654026,0.1728172,58.83010998,-1108,2655,64.8,2026-06-24,-1.54,38.1,False
2465,301040,中环海陆,25.3,-3.62,1.42,-24.46,26.490392286501,0.1968876,49.59898242,55,4798,59.2,2026-06-24,-4.49,29.4,False
2466,301041,金百泽,36.53,0.38,3.44,-5444.02,36.298428215366,0.2451408,71.76817086,1968,378,73.6,2026-06-24,0.64,52.8,False
2467,301042,安联锐视,69.36,-2.54,0.4,149.24,69.788316745289,0.3550876,59.20691527,-421,2548,66.8,2026-06-24,-0.61,39.6,False
2468,301043,绿岛风,43.39,-2.25,0.28,38.95,44.54784591087,0.2635548,60.84193603,-239,2120,59.6,2026-06-24,-2.6,36.3,False
2469,301045,天禄科技,68.52,3.9,1.41,195.86,64.82485460255,0.3578172,68.39462839,1475,689,67.2,2026-06-24,5.7,46.0,False
2470,301046,能辉科技,26.92,0.45,0.8,-235.09,26.194976071835,0.3048804,58.31504716,1348,2817,67.2,2026-06-24,2.77,39.2,False
2471,301047,义翘神州,60.4,-3.31,0.37,57.13,62.856294992369,0.1980476,62.20883921,-708,1767,70.8,2026-06-24,-3.91,44.0,False
2472,301048,金鹰重工,8.74,-1.47,0.17,24.72,8.957976498385,0.1408736,59.6299217,-1132,2427,59.6,2026-06-24,-2.43,35.5,False
2473,301049,超越科技,18.6,-1.9,0.96,-24.69,19.144326681103,0.150984,49.86536893,-1225,4765,63.2,2026-06-24,-2.84,31.5,False
2474,301050,雷电微力,34.1,-1.81,0.47,-38.73,34.146386309659,0.2641388,58.9346192,515,2622,70.0,2026-06-24,-0.14,41.3,False
2475,301051,信濠光电,15.69,1.95,1.25,-20.41,15.139805269731,0.210312,56.10985484,1406,3434,59.2,2026-06-24,3.63,33.2,False
2476,301052,果麦文化,23.41,-1.93,1.06,-70.39,23.989268549748,0.1303536,47.72241879,-475,4981,63.2,2026-06-24,-2.41,30.2,False
2477,301053,远信工业,43.51,-3.48,1.36,84.99,43.062445088761,0.3848172,67.32985804,1475,825,66.0,2026-06-24,1.04,44.4,False
2478,301055,张小泉,46.21,-2.72,1.84,61.8,47.164501311751,0.3285232,66.43715784,-666,938,72.0,2026-06-24,-2.02,47.8,False
2479,301056,森赫股份,12.15,-0.82,0.92,80.46,12.553631830759,0.1524864,58.66232739,-1104,2706,66.8,2026-06-24,-3.22,39.2,False
2480,301057,汇隆新材,24.81,-1.66,0.6,44.44,25.600378767773,0.1414908,48.02409958,-969,4956,59.2,2026-06-24,-3.09,28.4,False
2481,301058,中粮科工,7.89,-1.13,0.25,27.2,8.031812507379,0.164324,60.97683424,-62,2078,65.6,2026-06-24,-1.77,40.0,False
2482,301059,金三江,11.55,-2.86,0.5,29.42,11.872644160762,0.1162412,57.76281122,-770,2962,61.2,2026-06-24,-2.72,35.4,False
2483,301060,兰卫医学,8.56,-3.17,0.55,23.22,8.851175772181,0.2040568,61.91761851,-768,1843,67.2,2026-06-24,-3.29,41.6,False
2484,301061,匠心家居,34.42,-1.46,0.2,14.71,35.133786572122,0.1063684,64.47009189,763,1277,62.0,2026-06-24,-2.03,40.0,False
2485,301062,上海艾录,5.99,-2.12,0.64,-328.08,6.157597753557,0.1510588,52.98105706,-305,4189,62.0,2026-06-24,-2.72,32.8,False
2486,301063,海锅股份,17.42,-2.41,0.5,69.27,17.96366808565,0.0872196,55.02587008,-1174,3722,60.8,2026-06-24,-3.03,33.5,False
2487,301065,本立科技,18.18,-2.68,0.39,45.5,18.698059039959,0.1981932,60.43436011,1332,2226,61.2,2026-06-24,-2.77,37.0,False
2488,301066,万事利,12.17,-2.09,0.45,47.94,12.566017751021,0.147412,55.54267727,-177,3574,61.2,2026-06-24,-3.15,34.0,False
2489,301067,显盈科技,34.15,-0.73,1.45,-132.81,34.644635187644,0.1766636,54.80415871,-1288,3776,69.2,2026-06-24,-1.43,37.9,False
2490,301068,大地海洋,25.21,-2.96,0.28,65.47,25.983636515558,0.1094984,54.11618236,-1367,3930,58.0,2026-06-24,-2.98,31.4,False
2491,301069,凯盛新材,23.03,-0.26,1.45,63.17,22.963882637214,0.3130112,63.62058236,1134,1445,72.8,2026-06-24,0.29,46.3,False
2492,301070,开勒股份,86.82,-0.13,1.07,-386.91,85.839471761272,0.3857136,62.63615343,1614,1669,68.4,2026-06-24,1.14,42.8,False
2493,301071,力量钻石,95.64,-5.12,5.51,172.98,96.78317461032,0.4456488,77.87674147,109,71,91.2,2026-06-24,-1.18,71.0,False
2494,301072,中捷精工,38.87,-1.64,1.46,-95.69,40.04668987298,0.2030232,52.43087385,-1210,4303,72.8,2026-06-24,-2.94,38.2,False
2495,301073,君亭酒店,18.98,-0.78,0.38,137.31,19.286297639457,0.1472684,58.97868192,-1206,2609,62.0,2026-06-24,-1.59,36.6,False
2496,301075,多瑞医药,62.3,-1.14,0.28,-89.2,63.366079880552,0.2667036,43.59964586,-84,5160,59.6,2026-06-24,-1.68,26.0,False
2497,301076,新瀚新材,27.14,-2.41,0.77,98.35,27.90530292691,0.2217956,58.03329262,-703,2894,68.4,2026-06-24,-2.74,39.7,False
2498,301077,星华新材,23.24,-0.26,1.13,30.11,23.040607804936,0.2332396,58.49807728,1258,2759,57.2,2026-06-24,0.87,33.5,False
2499,301078,孩子王,7.08,0.28,0.45,46.04,7.118206725423,0.214086,58.83186947,210,2654,66.8,2026-06-24,-0.54,39.3,False
2500,301079,邵阳液压,34.26,-1.35,1.18,302.62,34.400363793579,0.176074,49.12379277,-914,4863,63.2,2026-06-24,-0.41,31.0,False
2501,301080,百普赛斯,42.17,-5.38,1.47,38.1,43.355716923366,0.2765812,71.77344445,498,376,67.6,2026-06-24,-2.73,48.5,False
2502,301081,严牌股份,14.57,-0.88,0.59,287.94,14.740178970214,0.223996,49.81044517,396,4770,57.2,2026-06-24,-1.15,28.5,False
2503,301082,久盛电气,9.2,-2.02,0.39,-99.37,9.418807884658,0.1612628,54.67945538,876,3799,63.2,2026-06-24,-2.32,34.6,False
2504,301083,百胜智能,13.41,-1.76,0.6,133.07,13.694848663116,0.0940724,58.97779534,1168,2610,61.2,2026-06-24,-2.08,36.1,False
2505,301085,亚康股份,64.18,-0.83,1.06,58.68,64.486745163894,0.176098,57.92091922,127,2915,66.4,2026-06-24,-0.48,38.5,False
2506,301086,鸿富瀚,217.95,0.63,1.37,176.62,207.63379192319,0.3765392,67.74534311,291,774,72.8,2026-06-24,4.97,49.3,False
2507,301087,可孚医疗,43.19,-1.62,0.23,23.8,44.84068616914,0.1610464,66.40907965,-454,942,63.2,2026-06-24,-3.68,42.0,False
2508,301088,戎美股份,11.96,-1.73,0.19,49.73,12.353468435783,0.1014408,52.46325304,105,4298,59.6,2026-06-24,-3.19,31.3,False
2509,301089,拓新药业,20.96,-4.12,0.74,-63.09,22.203545880801,0.1509796,47.03648671,-947,5028,68.4,2026-06-24,-5.6,32.2,False
2510,301090,华润材料,6.49,-1.82,0.1,114.29,6.663496097427,0.1354984,54.1477874,50,3924,59.2,2026-06-24,-2.6,32.1,False
2511,301091,深城交,16.58,-0.66,0.22,-41.35,16.701534959063,0.1789308,52.34838902,51,4319,67.2,2026-06-24,-0.73,35.2,False
2512,301092,争光股份,47.55,-1.45,1.79,90.45,48.177914543737,0.2692308,63.23492537,-424,1542,71.2,2026-06-24,-1.3,45.0,False
2513,301093,华兰股份,123.36,-0.38,0.77,8306.39,126.625795298297,0.502972,58.04130616,-1457,2891,64.4,2026-06-24,-2.58,37.4,False
2514,301095,广立微,105.33,0.45,2.69,-492.12,101.234332006216,0.3593056,77.63850955,210,76,79.6,2026-06-24,4.05,61.8,False
2515,301096,百诚医药,52.15,-1.97,0.63,111.15,53.434052523959,0.213703636364,53.77082095,-174,4016,63.2,2026-06-24,-2.4,34.0,False
2516,301097,天益医疗,36.87,-2.61,0.6,80.93,37.543680937627,0.226914,58.35464982,1401,2803,61.2,2026-06-24,-1.79,35.7,False
2517,301098,金埔园林,8.77,-2.88,1.54,-28.6,9.049538411782,0.2021112,56.63326538,341,3292,68.4,2026-06-24,-3.09,38.7,False
2518,301099,雅创电子,95.93,1.74,3.99,51.41,92.615029458277,0.334048,71.38591655,363,407,82.4,2026-06-24,3.58,58.8,False
2519,301100,风光股份,14.65,-2.01,0.29,-1184.23,15.022873135845,0.0673852,52.17034489,182,4365,60.0,2026-06-24,-2.48,31.3,False
2520,301101,明月镜片,27.74,-0.93,0.22,24.89,28.20970118083,0.1226304,60.52445177,-67,2203,64.4,2026-06-24,-1.67,39.0,False
2521,301102,兆讯传媒,8.92,-2.51,0.13,158.11,9.253767461016,0.1257856,58.46498037,1031,2768,61.6,2026-06-24,-3.61,36.0,False
2522,301103,何氏眼科,15.13,-3.14,0.38,18.29,15.763494064001,0.0749368,55.07744926,-91,3706,63.2,2026-06-24,-4.02,34.8,False
2523,301105,鸿铭股份,46.46,-2.19,0.61,-148.94,48.080909233177,0.151572,46.20042528,-214,5080,58.8,2026-06-24,-3.37,27.2,False
2524,301106,骏成科技,24.07,7.94,1.74,106.42,22.350296130035,0.1920812,70.76606622,1543,457,64.8,2026-06-24,7.69,45.9,False
2525,301107,瑜欣电子,22.68,-8.03,2.73,71.3,24.751755453721,0.2524036,69.89356508,1780,536,67.6,2026-06-24,-8.37,47.2,False
2526,301108,洁雅股份,25.06,-1.8,0.45,68.67,25.456436411872,0.1070196,61.98760696,980,1820,64.8,2026-06-24,-1.56,40.2,False
2527,301109,军信股份,12.9,-1.15,0.45,11.58,13.204205483646,0.1780432,63.78263603,1044,1410,60.4,2026-06-24,-2.3,38.5,False
2528,301110,青木科技,39.13,-1.16,0.58,30.09,38.780659224031,0.2597184,63.61470821,1559,1446,61.6,2026-06-24,0.9,39.2,False
2529,301111,粤万年青,27.91,1.82,1.77,-337.63,27.732096504052,0.2610724,60.80966328,574,2131,74.8,2026-06-24,0.64,45.5,False
2530,301112,信邦智能,28.5,-1.25,0.31,446.09,28.784207419375,0.2103204,52.53859907,115,4284,62.8,2026-06-24,-0.99,33.0,False
2531,301113,雅艺科技,15.47,-2.34,0.6,-175.74,16.023924711024,0.0694728,57.12904992,752,3142,61.2,2026-06-24,-3.46,35.0,False
2532,301115,联检科技,30.8,-5.87,1.25,-43.95,31.787840597169,0.273462,62.63316078,1814,1670,65.6,2026-06-24,-3.11,41.1,False
2533,301116,益客食品,8.87,-1.55,0.16,31.76,9.111678121456,0.072768,52.63308329,-278,4261,62.4,2026-06-24,-2.65,32.8,False
2534,301117,佳缘科技,23.45,-1.35,0.99,-43.86,23.533681294932,0.1340992,49.89209138,229,4763,63.2,2026-06-24,-0.36,31.5,False
2535,301118,恒光股份,31.52,-2.08,3.19,36.19,31.969001131081,0.2386152,72.33531093,528,331,68.8,2026-06-24,-1.4,49.8,False
2536,301119,正强股份,24.58,-6.72,1.61,35.07,26.565057562126,0.192788,56.05303262,-1903,3449,65.2,2026-06-24,-7.47,36.5,False
2537,301120,新特电气,19.3,-0.92,1.29,-959.12,19.190066622348,0.2597016,47.16130464,9,5023,69.2,2026-06-24,0.57,32.6,False
2538,301121,紫建电子,34.3,-2.86,0.73,-194.58,35.394880398836,0.1617584,52.93076488,206,4195,62.8,2026-06-24,-3.09,33.2,False
2539,301122,采纳股份,28.29,0.21,0.88,65.95,28.078297029935,0.1635104,59.50506697,-905,2467,65.2,2026-06-24,0.75,38.8,False
2540,301123,奕东电子,128.5,5.91,3.56,794.3,117.587444639892,0.4095764,70.70825383,742,460,83.6,2026-06-24,9.28,59.1,False
2541,301125,腾亚精工,14.43,-2.63,0.84,-34.45,14.640478168827,0.217522,51.39869229,-146,4504,60.4,2026-06-24,-1.44,31.0,False
2542,301126,达嘉维康,8.82,-3.08,0.84,75.93,9.183416976389,0.0826412,58.48220168,572,2763,62.4,2026-06-24,-3.96,36.5,False
2543,301127,武汉天源,18.44,4.12,1.53,69.49,17.642894139472,0.4087904,63.00160781,1838,1589,72.0,2026-06-24,4.52,45.4,False
2544,301128,强瑞技术,153.38,-0.07,1.39,377.94,153.049311557449,0.3813312,65.93687553,468,1029,74.4,2026-06-24,0.22,49.1,False
2545,301129,瑞纳智能,21.73,-2.64,0.93,-34.44,22.292981871994,0.1127904,58.33594852,290,2809,60.0,2026-06-24,-2.53,35.0,False
2546,301130,西点药业,24.75,-4.03,0.72,51.53,25.930527811168,0.1188884,52.69209972,-824,4238,62.4,2026-06-24,-4.55,32.9,False
2547,301131,聚赛龙,33.52,-0.92,0.77,49.47,34.263992663827,0.0737664,52.46038548,-895,4299,62.8,2026-06-24,-2.17,32.9,False
2548,301132,满坤科技,56.79,3.74,11.19,116.01,52.157976393747,0.4203672,69.60369239,2769,562,78.0,2026-06-24,8.88,54.3,False
2549,301133,金钟股份,39.31,-1.31,0.74,177.9,39.634894573678,0.330888,51.92264801,171,4412,58.8,2026-06-24,-0.82,30.5,False
2550,301135,瑞德智能,17.39,-2.19,1.14,-155.71,18.240520203751,0.1251884,52.68855133,-2151,4240,66.4,2026-06-24,-4.66,35.0,False
2551,301136,招标股份,11.49,-1.71,0.51,146.7,11.766224922059,0.1130116,50.04802552,-107,4742,61.2,2026-06-24,-2.35,30.6,False
2552,301137,哈焊华通,35.19,-1.32,0.6,235.54,35.582518745505,0.2443896,51.9607328,-120,4402,63.6,2026-06-24,-1.1,33.0,False
2553,301138,华研精机,29.0,-2.78,0.89,83.33,30.284046790818,0.2126564,65.09459378,-461,1168,69.2,2026-06-24,-4.24,45.0,False
2554,301139,*ST元道,4.5,-5.46,8.5,173.69,4.776594191719,0.152159607843,46.27101951,79,5079,68.8,2026-06-24,-5.79,31.8,False
2555,301141,中科磁业,45.21,-2.35,1.42,226.99,46.177824286901,0.2071272,56.78159588,-1195,3240,67.2,2026-06-24,-2.1,38.2,False
2556,301148,嘉戎技术,60.52,-2.53,0.78,917.85,61.01550314796,0.387564,57.43894148,-516,3057,64.4,2026-06-24,-0.81,37.0,False
2557,301149,隆华新材,11.14,-2.11,0.72,25.65,11.58243598474,0.1827512,57.57194563,-878,3027,60.0,2026-06-24,-3.82,34.5,False
2558,301150,中一科技,67.48,-0.6,3.23,77.13,63.456275486669,0.3556776,72.43806172,1187,317,82.8,2026-06-24,6.34,60.0,False
2559,301151,冠龙节能,18.31,-4.29,0.94,-119.04,19.165177353909,0.1571696,64.46181235,148,1279,67.6,2026-06-24,-4.46,43.6,False
2560,301152,天力锂能,25.48,-2.82,1.31,89.49,26.055523572947,0.1452292,51.24554996,-688,4531,66.0,2026-06-24,-2.21,33.8,False
2561,301153,中科江南,16.99,-1.96,0.26,-60.26,17.394707165026,0.1631752,63.83569404,-308,1402,62.4,2026-06-24,-2.33,39.8,False
2562,301155,海力风电,44.25,-0.18,0.61,179.55,43.903356252679,0.255732,58.83406341,-771,2653,63.6,2026-06-24,0.79,37.4,False
2563,301156,美农生物,11.25,-2.68,0.62,38.26,11.658109667698,0.0779836,60.91874157,294,2095,61.6,2026-06-24,-3.5,37.5,False
2564,301157,华塑科技,66.66,-1.65,1.1,102.28,67.470440946513,0.2407536,58.339862,-1641,2807,59.2,2026-06-24,-1.2,34.5,False
2565,301158,德石股份,13.98,-1.76,0.64,114.1,14.284147576657,0.1595092,55.76518041,-1331,3531,60.0,2026-06-24,-2.13,33.5,False
2566,301159,三维天地,30.52,-2.05,0.63,-38.43,31.322089552414,0.1071576,61.70106068,1129,1895,62.0,2026-06-24,-2.56,38.3,False
2567,301160,翔楼新材,54.14,3.4,2.77,46.71,52.471998817349,0.3351252,67.86869734,678,753,72.4,2026-06-24,3.18,49.1,False
2568,301161,唯万密封,34.7,-0.49,1.72,35.57,34.587092368124,0.2442208,59.61807805,-986,2431,70.4,2026-06-24,0.33,42.0,False
2569,301162,国能日新,44.15,-1.67,0.84,91.13,43.845091242505,0.2821968,69.21635362,1768,606,62.8,2026-06-24,0.7,43.5,False
2570,301163,宏德股份,22.82,-2.73,0.51,137.78,23.592514482411,0.10389,55.79069264,-1451,3523,60.8,2026-06-24,-3.27,33.9,False
2571,301165,锐捷网络,67.25,0.69,0.23,152.31,65.343833691683,0.2927712,75.06027138,373,160,78.0,2026-06-24,2.92,58.5,False
2572,301166,优宁维,25.51,-3.81,0.76,-64.68,26.637135729675,0.1222592,57.08995194,533,3157,63.2,2026-06-24,-4.23,36.1,False
2573,301167,建研设计,12.84,-2.13,0.55,34.75,13.312315723715,0.1174476,54.82243258,485,3769,61.6,2026-06-24,-3.55,33.8,False
2574,301168,通灵股份,47.28,-0.15,0.52,544.3,46.922450720751,0.342794,60.12990288,-391,2300,65.6,2026-06-24,0.76,39.4,False
2575,301169,零点有数,78.45,2.83,0.99,-85.48,74.987987243483,0.2739036,64.41002706,2165,1289,63.2,2026-06-24,4.62,40.7,False
2576,301170,锡南科技,22.44,-1.71,0.94,23.74,23.022275061163,0.1504924,58.91488225,-100,2625,62.0,2026-06-24,-2.53,36.5,False
2577,301171,易点天下,35.19,-2.6,1.77,-85.64,35.597050073002,0.3154132,59.76825286,565,2393,76.4,2026-06-24,-1.14,45.7,False
2578,301172,君逸数码,29.09,-2.05,0.81,562.26,29.522073370906,0.1513248,59.65716572,-336,2423,60.0,2026-06-24,-1.46,35.8,False
2579,301173,毓恬冠佳,31.24,-2.13,0.33,38.09,31.934497734366,0.0950492,59.12661787,1211,2566,60.4,2026-06-24,-2.17,35.7,False
2580,301175,中科环保,5.04,-1.37,0.53,21.57,5.133091890319,0.2380624,54.96970389,-361,3736,60.8,2026-06-24,-1.81,33.4,False
2581,301176,逸豪新材,73.11,-3.17,2.23,329.06,73.94870546699,0.259284,66.14564581,3100,994,75.6,2026-06-24,-1.13,50.0,False
2582,301177,迪阿股份,28.07,-0.99,0.08,74.73,28.246609031152,0.08873,60.86425721,927,2112,63.6,2026-06-24,-0.63,38.7,False
2583,301178,天亿马,45.46,2.5,2.46,1163.88,43.517899455941,0.2335924,58.36897001,223,2795,71.2,2026-06-24,4.46,41.6,False
2584,301179,泽宇智能,20.63,-1.39,0.41,81.9,20.855139531253,0.2199048,54.58404849,31,3817,60.0,2026-06-24,-1.08,32.8,False
2585,301180,万祥科技,13.04,-1.29,0.71,-1265.84,13.160723707297,0.0896124,49.6342277,-395,4793,59.2,2026-06-24,-0.92,29.4,False
2586,301181,标榜股份,24.26,-3.04,0.75,35.43,25.13682762388,0.172924,49.80777156,-101,4772,56.8,2026-06-24,-3.49,28.3,False
2587,301182,凯旺科技,101.68,5.14,2.34,-68.09,94.982720041296,0.4285608,60.65555996,1407,2172,71.6,2026-06-24,7.05,43.4,False
2588,301183,东田微,264.37,2.11,4.16,188.58,257.476643959531,0.4659188,72.20597632,12,341,80.0,2026-06-24,2.68,57.8,False
2589,301185,鸥玛软件,15.3,-2.3,0.26,153.35,15.570093664993,0.0999092,57.00321354,-60,3179,62.4,2026-06-24,-1.73,35.6,False
2590,301186,超达装备,37.89,-2.02,0.3,68.12,38.895913079693,0.1329868,53.90056815,149,3979,56.8,2026-06-24,-2.59,30.6,False
2591,301187,欧圣电气,14.51,-2.36,0.28,83.18,14.897589621503,0.110994,49.15452074,-117,4861,61.6,2026-06-24,-2.6,30.3,False
2592,301188,力诺药包,69.21,1.39,3.39,112.9,68.380775596392,0.4718784,64.75364078,1570,1227,75.6,2026-06-24,1.21,49.0,False
2593,301189,奥尼电子,60.5,-2.02,0.81,151.23,62.720742809677,0.2530328,51.9305742,-225,4410,59.6,2026-06-24,-3.54,31.0,False
2594,301190,善水科技,16.77,-1.29,0.48,23.71,17.249132826313,0.1666748,53.48595948,-406,4088,60.4,2026-06-24,-2.78,32.3,False
2595,301191,菲菱科思,107.97,1.01,1.29,136.4,106.36419563721,0.276112,60.26053067,19,2259,66.8,2026-06-24,1.51,40.3,False
2596,301192,泰祥股份,19.91,-1.34,0.77,52.51,20.457627865581,0.0947476,53.18938078,23,4141,60.8,2026-06-24,-2.68,32.3,False
2597,301193,家联科技,19.27,-1.43,0.6,-11.77,19.645569466988,0.2450792,49.42170244,-8,4825,62.8,2026-06-24,-1.91,31.0,False
2598,301195,北路智控,29.49,-1.27,0.78,36.64,30.17680754124,0.1783928,62.27753497,-70,1748,66.0,2026-06-24,-2.28,41.1,False
2599,301196,唯科科技,146.55,1.26,2.15,84.32,144.937320664049,0.3061412,65.75777599,-278,1065,72.0,2026-06-24,1.11,47.3,False
2600,301197,工大科雅,33.13,-1.57,1.24,-140.39,32.975273900576,0.334188,63.38397454,-134,1502,62.8,2026-06-24,0.47,39.8,False
2601,301198,喜悦智行,13.81,-0.72,0.45,-4875.22,13.816750903472,0.114168,55.15283717,383,3683,59.2,2026-06-24,-0.05,32.7,False
2602,301199,迈赫股份,17.87,-1.33,0.22,43.9,18.183896511141,0.1278988,55.20791457,56,3670,65.2,2026-06-24,-1.73,36.0,False
2603,301200,大族数控,353.58,-1.09,0.32,133.86,351.468837691922,0.448896,77.82274861,-31,72,86.0,2026-06-24,0.6,66.9,False
2604,301201,诚达药业,37.27,-0.21,2.47,205.88,37.636551886871,0.2713684,65.45265757,-386,1103,68.0,2026-06-24,-0.97,44.5,False
2605,301202,朗威股份,37.44,1.57,2.62,72.16,36.880884013746,0.1197532,64.72573049,-592,1231,65.2,2026-06-24,1.52,42.2,False
2606,301203,国泰环保,42.88,-1.67,0.32,46.11,43.102255541069,0.2698296,60.19624529,889,2282,59.6,2026-06-24,-0.52,35.9,False
2607,301205,联特科技,338.21,2.72,2.99,3611.17,323.858643590663,0.4837812,74.35286964,577,189,84.0,2026-06-24,4.43,62.5,False
2608,301206,三元生物,22.94,-2.63,0.32,44.47,23.643498616236,0.1130248,57.66932763,1090,2995,62.4,2026-06-24,-2.98,36.0,False
2609,301207,华兰疫苗,16.03,-3.43,0.26,64.46,16.775102021732,0.2070796,59.5077018,141,2465,65.6,2026-06-24,-4.44,39.0,False
2610,301208,中亦科技,31.2,5.19,2.34,144.94,30.036127718622,0.1706948,62.08447058,1245,1793,66.0,2026-06-24,3.87,41.0,False
2611,301209,联合化学,63.51,-1.84,0.74,555.12,61.854006263534,0.3624036,63.47116486,2499,1472,63.2,2026-06-24,2.68,40.1,False
2612,301210,金杨精密,29.82,-0.57,1.75,46.97,30.200516080093,0.1559844,63.96032703,911,1379,68.4,2026-06-24,-1.26,43.7,False
2613,301211,亨迪药业,10.6,-7.5,3.21,120.05,11.849850035685,0.2779452,62.89592778,-349,1615,78.0,2026-06-24,-10.55,49.1,False
2614,301212,联盛化学,23.92,-3.47,0.49,106.03,24.929006853918,0.12941,54.37617805,-432,3860,60.0,2026-06-24,-4.05,32.6,False
2615,301213,观想科技,54.38,-1.65,1.67,217.98,53.932090223652,0.2991584,71.29815563,1063,418,71.6,2026-06-24,0.83,51.0,False
2616,301215,中汽股份,5.22,-2.97,0.29,37.01,5.418272802797,0.2176536,67.77345826,-105,770,66.4,2026-06-24,-3.66,45.0,False
2617,301216,万凯新材,24.48,-3.01,0.62,9.32,24.657913018693,0.28579,66.5740407,428,924,67.2,2026-06-24,-0.72,44.7,False
2618,301217,铜冠铜箔,183.9,-1.49,1.69,358.39,182.875365131849,0.465252,73.16252072,837,263,90.8,2026-06-24,0.56,66.4,False
2619,301218,华是科技,43.95,-2.2,1.92,-424.74,44.471767325934,0.3206472,58.60543491,1172,2723,74.4,2026-06-24,-1.17,43.6,False
2620,301219,腾远钴业,57.7,-3.14,1.16,10.4,58.504006603968,0.304078,71.64130437,16,389,72.8,2026-06-24,-1.37,52.2,False
2621,301220,亚香股份,32.3,-3.09,0.64,57.72,33.385082541752,0.2543628,52.31140256,-1081,4329,58.8,2026-06-24,-3.25,30.8,False
2622,301221,光庭信息,30.54,-2.58,0.52,-285.77,30.82425985483,0.1851216,54.07553824,-1271,3939,64.8,2026-06-24,-0.92,35.0,False
2623,301222,浙江恒威,31.48,-2.21,0.85,42.83,31.666673877536,0.1992968,63.98936906,-913,1367,66.0,2026-06-24,-0.59,42.2,False
2624,301223,中荣股份,16.12,0.06,0.15,18.21,16.074653719671,0.1470608,58.29520782,-1055,2829,60.8,2026-06-24,0.28,35.4,False
2625,301225,恒勃股份,79.21,-4.03,2.86,76.98,82.968146380034,0.1516672,51.0444606,-1304,4578,60.4,2026-06-24,-4.53,30.8,False
2626,301226,祥明智能,32.35,-0.92,0.66,912.37,32.948674735589,0.2460412,45.7701789,-393,5092,60.0,2026-06-24,-1.82,27.5,False
2627,301227,森鹰窗业,26.78,0.0,0.85,-41.7,27.428780503231,0.1525796,51.06022468,245,4575,62.4,2026-06-24,-2.37,31.9,False
2628,301228,实朴检测,76.5,0.83,0.61,-528.12,73.942178194269,0.5051696,56.71557558,-442,3266,65.6,2026-06-24,3.46,37.2,False
2629,301229,纽泰格,12.61,-1.94,0.38,-59.04,12.995562187806,0.0997756,51.07956816,310,4567,61.2,2026-06-24,-2.97,31.3,False
2630,301230,泓博医药,35.38,-4.38,2.55,51.92,37.104331090983,0.282224,64.14123672,-540,1334,70.4,2026-06-24,-4.65,45.2,False
2631,301231,荣信文化,28.74,-1.94,2.63,-50.9,29.164173326348,0.259944,53.91687134,1090,3974,69.6,2026-06-24,-1.45,37.5,False
2632,301232,飞沃科技,145.68,0.38,3.54,848.98,144.382038402198,0.44805,74.54544507,201,181,69.6,2026-06-24,0.9,51.9,False
2633,301233,盛帮股份,41.91,-0.69,1.66,39.31,40.985522280896,0.2288484,67.84234426,-662,757,69.2,2026-06-24,2.26,46.9,False
2634,301234,五洲医疗,35.34,-1.51,0.73,74.62,36.368377897221,0.1870792,58.22379217,253,2848,62.8,2026-06-24,-2.83,36.6,False
2635,301235,华康洁净,70.09,5.46,3.92,-108.17,65.060066460386,0.3480892,62.7199595,1151,1642,62.0,2026-06-24,7.73,38.9,False
2636,301236,软通动力,38.41,0.6,0.95,-28.41,38.552413204732,0.332628,62.18204592,-1084,1770,87.2,2026-06-24,-0.37,54.2,False
2637,301237,和顺科技,77.13,5.3,4.75,1313.53,71.814595635578,0.405078,68.80561875,-106,645,70.8,2026-06-24,7.4,48.7,False
2638,301238,瑞泰新材,24.41,-1.53,0.5,35.43,24.719419246742,0.2440108,56.6621898,-385,3282,80.4,2026-06-24,-1.25,45.6,False
2639,301239,普瑞眼科,30.88,-3.47,0.68,16.35,32.642514401607,0.1930652,55.41401212,-2445,3616,60.4,2026-06-24,-5.4,33.5,False
2640,301246,宏源药业,28.58,-2.46,2.14,19.8,29.197273645532,0.2678732,66.25476535,-700,969,68.0,2026-06-24,-2.11,45.1,False
2641,301248,杰创智能,82.41,1.44,2.97,-222.62,77.825778308755,0.3931216,70.37079418,728,491,67.6,2026-06-24,5.89,47.6,False
2642,301251,威尔高,54.85,-1.88,3.71,380.24,55.726426234834,0.2524136,63.86989639,-210,1393,69.6,2026-06-24,-1.57,44.5,False
2643,301252,同星科技,46.2,-0.06,0.8,88.61,45.423770689925,0.23827,66.88705045,532,883,71.2,2026-06-24,1.71,47.6,False
2644,301255,通力科技,22.12,-2.12,0.95,125.26,22.594939969209,0.1196588,47.94271871,102,4961,58.8,2026-06-24,-2.1,28.2,False
2645,301256,华融化学,11.91,-2.54,0.53,82.26,12.073132160081,0.2291604,62.54291176,1100,1691,62.8,2026-06-24,-1.35,39.3,False
2646,301257,普蕊斯,40.03,-3.77,1.41,65.75,42.077114370453,0.217338,70.28271827,-34,504,62.8,2026-06-24,-4.87,44.1,False
2647,301258,富士莱,23.34,-2.95,0.32,-193.26,24.415018906841,0.1072272,52.53357946,-368,4286,61.6,2026-06-24,-4.4,32.4,False
2648,301259,艾布鲁,27.72,2.14,2.74,162.45,26.907320953241,0.2851972,67.94478631,2086,747,61.6,2026-06-24,3.02,41.9,False
2649,301260,格力博,14.25,-1.04,0.27,12.7,14.440840177414,0.1421416,50.19413873,8,4719,62.4,2026-06-24,-1.32,31.3,False
2650,301261,恒工精密,82.1,-1.13,1.67,29.12,82.652921948675,0.1890204,58.49971136,31,2757,67.2,2026-06-24,-0.67,39.3,False
2651,301262,海看股份,18.96,-1.56,0.68,21.98,19.29311786414,0.1949436,64.63650088,1119,1244,61.2,2026-06-24,-1.73,39.6,False
2652,301263,泰恩康,18.47,-1.34,0.5,82.49,19.259801032002,0.2099268,58.67495031,-352,2703,63.6,2026-06-24,-4.1,37.3,False
2653,301265,华新科技,29.08,4.6,2.0,68.11,28.193955917833,0.3015052,61.35466852,634,1977,62.8,2026-06-24,3.14,38.5,False
2654,301266,宇邦新材,23.53,-0.8,1.13,26.34,23.76837043541,0.1991052,55.94664785,-379,3484,64.4,2026-06-24,-1.0,36.0,False
2655,301267,华厦眼科,15.4,-2.35,0.26,18.84,16.023651674213,0.1711932,63.40468565,-119,1493,63.6,2026-06-24,-3.89,40.3,False
2656,301268,铭利达,14.75,-1.01,0.28,268.14,15.110751864929,0.2221772,47.59441258,-187,4987,61.6,2026-06-24,-2.39,29.3,False
2657,301269,华大九天,108.62,0.71,0.85,-202.88,104.723458719985,0.4055976,70.09414185,582,522,87.6,2026-06-24,3.72,61.4,False
2658,301270,汉仪股份,26.61,-3.27,0.52,-364.02,27.441080814674,0.208042,56.72448873,1207,3263,63.6,2026-06-24,-3.03,36.1,False
2659,301272,英华特,34.19,-1.53,0.86,-404.38,34.913980701179,0.1063772,55.94308426,-1041,3488,60.0,2026-06-24,-2.07,33.6,False
2660,301273,瑞晨环保,29.05,-1.99,0.5,-39.89,29.731718462746,0.1280616,57.68223568,1447,2993,60.8,2026-06-24,-2.29,35.1,False
2661,301275,汉朔科技,44.21,0.05,0.49,25.83,44.062900879237,0.24952,68.32808358,-476,694,69.2,2026-06-24,0.33,47.3,False
2662,301276,嘉曼服饰,23.27,2.6,3.2,14.99,22.777676802211,0.2640644,59.776223,1522,2390,62.4,2026-06-24,2.16,37.3,False
2663,301277,新天地,8.92,-3.57,0.3,24.22,9.355465502958,0.1278952,59.38671118,-731,2500,64.0,2026-06-24,-4.65,38.0,False
2664,301278,快可电子,29.74,-2.3,0.66,118.2,30.627109333566,0.170626,53.75752004,-877,4019,57.6,2026-06-24,-2.9,31.0,False
2665,301279,金道科技,23.46,-1.26,0.29,64.75,23.870739108133,0.1484008,64.42030697,-331,1286,65.6,2026-06-24,-1.72,42.3,False
2666,301280,珠城科技,52.15,1.6,1.5,44.27,51.186904682046,0.2959908,65.25641832,-80,1138,68.4,2026-06-24,1.88,44.6,False
2667,301281,科源制药,45.83,-2.78,1.11,41.26,47.283953730161,0.2590184,54.81999727,-977,3772,67.2,2026-06-24,-3.07,36.8,False
2668,301282,金禄电子,28.25,-0.56,1.99,167.15,28.178966530856,0.2842996,65.62446913,2777,1079,69.2,2026-06-24,0.25,45.4,False
2669,301283,聚胶股份,26.3,-1.61,0.34,19.23,26.825320645404,0.135716,62.62754081,-465,1672,61.2,2026-06-24,-1.96,38.3,False
2670,301285,鸿日达,128.98,3.64,0.5,-385.07,123.874690576667,0.4241056,64.32258836,307,1305,68.0,2026-06-24,4.12,43.7,False
2671,301286,侨源股份,58.23,-1.34,0.32,95.51,58.067065175058,0.330374,73.06480069,-207,274,68.0,2026-06-24,0.28,49.7,False
2672,301287,康力源,33.45,-2.14,0.82,64.34,34.459663377759,0.0678144,54.16015784,-422,3920,61.6,2026-06-24,-2.93,33.4,False
2673,301288,清研环境,19.4,0.05,1.34,-49.05,19.74786953462,0.122693333333,58.05784327,344,2885,69.6,2026-06-24,-1.76,40.4,False
2674,301289,国缆检测,48.18,-2.17,0.17,37.23,49.100615952496,0.1706428,64.70484712,1122,1233,65.6,2026-06-24,-1.87,42.4,False
2675,301290,东星医疗,28.2,-3.33,0.79,39.42,29.214381741915,0.2898632,58.82985736,1054,2656,62.4,2026-06-24,-3.47,36.7,False
2676,301291,明阳电气,38.13,-1.47,0.73,121.74,38.438933423262,0.2688776,54.61377145,152,3810,61.2,2026-06-24,-0.8,33.4,False
2677,301292,海科新源,86.86,1.22,7.73,24.03,86.397882747258,0.4253072,71.68154795,-65,387,79.2,2026-06-24,0.53,56.8,False
2678,301293,三博脑科,51.58,-6.29,2.88,176.67,55.999549133791,0.311932,66.3150664,1482,956,68.4,2026-06-24,-7.89,45.4,False
2679,301295,美硕科技,40.75,-2.44,0.96,50.75,41.612626332731,0.1364028,54.51557117,940,3832,58.0,2026-06-24,-2.07,31.6,False
2680,301296,新巨丰,6.04,-1.79,0.24,107.02,6.233598786436,0.0930816,52.90126641,-266,4201,61.6,2026-06-24,-3.11,32.6,False
2681,301297,富乐德,53.7,-1.9,2.53,103.38,54.787792647856,0.3802708,72.36458271,-98,326,83.2,2026-06-24,-1.99,60.2,False
2682,301298,东利机械,12.06,-2.66,0.54,102.09,12.473171117061,0.0887496,52.60434216,-1669,4269,61.2,2026-06-24,-3.31,32.2,False
2683,301299,卓创资讯,47.62,-2.99,0.45,38.76,49.349945819611,0.213672,57.11509749,-183,3148,62.4,2026-06-24,-3.51,35.6,False
2684,301300,远翔新材,32.9,-3.04,0.53,42.47,34.16937067711,0.1528444,61.71936956,-494,1891,61.6,2026-06-24,-3.71,38.0,False
2685,301301,川宁生物,8.16,-3.55,0.73,41.09,8.555453498949,0.2400848,57.01154952,-1477,3176,68.8,2026-06-24,-4.62,39.2,False
2686,301302,华如科技,27.68,-1.67,1.34,-65.13,28.163838446082,0.1730088,50.50287012,-106,4668,74.8,2026-06-24,-1.72,37.8,False
2687,301303,真兰仪表,17.18,-1.6,1.68,32.59,17.3522315855,0.179692,66.73631947,-766,905,70.8,2026-06-24,-0.99,47.2,False
2688,301305,朗坤科技,29.87,-9.21,5.67,19.36,32.050246723507,0.283244,77.36474885,165,83,67.2,2026-06-24,-6.8,52.0,False
2689,301306,西测测试,165.2,3.08,2.09,-89.61,157.29120611905,0.390028,60.07104564,2029,2316,72.4,2026-06-24,5.03,43.5,False
2690,301307,美利信,58.75,-1.09,1.52,-57.78,58.106285743217,0.33226,56.79727282,613,3234,64.8,2026-06-24,1.11,36.8,False
2691,301308,江波龙,677.01,9.2,3.39,18.54,603.196109700854,0.5821868,78.28806395,141,65,93.6,2026-06-24,12.24,73.3,False
2692,301309,万得凯,33.01,-4.68,1.29,25.47,34.192322379459,0.210292,69.26626425,186,597,63.6,2026-06-24,-3.46,44.1,False
2693,301310,鑫宏业,55.6,3.23,14.03,71.83,50.65307278431,0.4205436,62.36034272,2339,1730,73.6,2026-06-24,9.77,45.9,False
2694,301311,昆船智能,13.57,-1.88,0.22,-32.07,13.922952151088,0.1199376,51.3877354,-95,4508,63.2,2026-06-24,-2.54,32.5,False
2695,301312,智立方,115.04,1.79,2.17,336.41,112.837877885927,0.2883912,65.14464576,1443,1154,70.0,2026-06-24,1.95,45.6,False
2696,301313,凡拓数创,57.47,-2.96,7.29,-59.14,57.474248622089,0.32888,63.75964665,2687,1414,77.2,2026-06-24,-0.01,49.2,False
2697,301314,科瑞思,52.18,-1.21,3.11,705.15,53.011250389523,0.1659772,60.60793885,-1421,2184,70.0,2026-06-24,-1.57,42.4,False
2698,301315,威士顿,40.77,-1.45,0.55,97.31,41.701473845191,0.1509928,55.69324108,-1395,3548,65.2,2026-06-24,-2.23,36.3,False
2699,301316,慧博云通,40.5,-1.65,0.83,533.73,40.686405746723,0.3628952,70.58409718,1176,472,71.2,2026-06-24,-0.46,50.3,False
2700,301317,鑫磊股份,66.56,2.99,1.54,-134.71,64.22019000428,0.2415676,57.21988302,-1390,3121,60.0,2026-06-24,3.64,34.3,False
2701,301318,维海德,20.07,-2.57,0.34,173.26,20.539829671083,0.1735796,61.06216283,99,2057,65.6,2026-06-24,-2.29,40.1,False
2702,301319,唯特偶,216.88,8.17,3.0,331.37,192.343190485768,0.4673408,74.97822099,98,164,80.4,2026-06-24,12.76,60.3,False
2703,301320,豪江智能,13.63,-2.36,0.91,300.14,13.919239706688,0.1098064,51.3516754,-583,4513,64.0,2026-06-24,-2.08,32.9,False
2704,301321,翰博高新,40.68,7.19,2.03,411.2,37.987875900753,0.2104708,57.85272117,-603,2936,70.8,2026-06-24,7.09,41.0,False
2705,301322,绿通科技,60.15,-5.65,3.7,-763.69,61.031197173696,0.4078528,59.020954,1196,2598,62.0,2026-06-24,-1.44,36.6,False
2706,301323,新莱福,88.22,-0.87,1.37,57.16,90.205495904298,0.2313076,55.08040543,-585,3703,68.0,2026-06-24,-2.2,37.5,False
2707,301325,曼恩斯特,37.06,-1.65,0.39,-32.55,37.914402690734,0.1878024,49.41830129,-1013,4826,68.8,2026-06-24,-2.25,34.0,False
2708,301326,捷邦科技,151.1,0.43,0.63,-183.95,145.838038349675,0.3392852,60.6449784,132,2178,65.2,2026-06-24,3.61,39.5,False
2709,301327,华宝新能,48.4,-1.57,0.2,148.95,49.179408802163,0.2090996,54.10684328,-932,3931,61.6,2026-06-24,-1.58,33.3,False
2710,301328,维峰电子,64.66,0.23,0.46,138.67,63.944100029215,0.2749256,68.49223081,-227,677,70.8,2026-06-24,1.12,48.5,False
2711,301329,信音电子,25.71,-1.46,2.62,38.33,25.8954427709,0.1576248,60.87973759,1995,2108,68.8,2026-06-24,-0.72,41.9,False
2712,301330,熵基科技,26.86,-2.89,0.76,124.97,27.803678266687,0.2738912,66.18017935,1179,983,64.4,2026-06-24,-3.39,42.6,False
2713,301331,恩威医药,22.14,-1.51,0.48,45.54,23.102843415475,0.1394524,54.98385771,-201,3730,66.8,2026-06-24,-4.17,36.7,False
2714,301332,德尔玛,7.68,-4.48,0.57,40.7,8.067696356836,0.1400664,58.63655739,253,2711,63.2,2026-06-24,-4.81,37.1,False
2715,301333,诺思格,48.92,-6.01,1.46,51.75,51.289523703008,0.2549612,72.3545884,-97,328,66.0,2026-06-24,-4.62,47.8,False
2716,301335,天元宠物,19.88,-2.36,0.41,47.44,20.664631012502,0.122544,52.50378112,-1671,4291,62.0,2026-06-24,-3.8,32.6,False
2717,301336,趣睡科技,38.66,-2.25,0.86,62.16,39.650633994017,0.2329276,60.16694782,1335,2292,62.0,2026-06-24,-2.5,37.3,False
2718,301337,亚华电子,25.93,-4.21,0.7,-76.95,27.118070996897,0.140652,51.93979236,-140,4408,68.0,2026-06-24,-4.38,35.3,False
2719,301338,凯格精机,172.99,3.03,3.0,99.14,163.040321716898,0.4215516,76.37971706,1102,112,78.4,2026-06-24,6.1,59.9,False
2720,301339,通行宝,10.67,-1.11,0.14,29.35,10.879358715222,0.1137884,56.79257225,72,3235,62.0,2026-06-24,-1.92,35.2,False
2721,301345,涛涛车业,217.27,1.15,0.87,33.6,214.971575224325,0.2968708,71.261679,-128,422,62.4,2026-06-24,1.07,44.5,False
2722,301348,蓝箭电子,30.45,-1.07,4.7,-227.37,30.093247210719,0.2976348,64.90001977,-398,1199,82.8,2026-06-24,1.19,53.7,False
2723,301349,信德新材,59.96,0.12,1.78,68.22,59.079612511063,0.2785284,63.39546532,-1052,1498,72.8,2026-06-24,1.49,46.2,False
2724,301353,普莱得,17.39,-2.58,0.88,37.58,18.042396350268,0.1013636,60.10412268,1160,2306,60.8,2026-06-24,-3.62,36.5,False
2725,301355,南王科技,9.65,-3.02,0.57,246.88,10.033165807699,0.1517952,48.82075114,47,4888,60.0,2026-06-24,-3.82,29.3,False
2726,301356,天振股份,27.91,1.68,1.6,38.98,27.700755046161,0.250266,69.0301687,-122,624,73.2,2026-06-24,0.76,50.5,False
2727,301357,北方长龙,81.61,-1.45,0.4,-155.96,81.839062292264,0.186586,51.81673995,259,4429,65.2,2026-06-24,-0.28,33.8,False
2728,301358,湖南裕能,81.74,-3.67,1.28,12.71,82.865122898039,0.4166572,74.42410633,96,186,87.6,2026-06-24,-1.36,65.2,False
2729,301359,东南电子,16.96,-2.36,0.48,98.8,17.422322738939,0.0544028,53.69992046,81,4030,60.0,2026-06-24,-2.65,32.2,False
2730,301360,荣旗科技,73.6,-0.27,1.64,-2330.42,73.886232546579,0.1708448,65.43300169,706,1105,69.2,2026-06-24,-0.39,45.3,False
2731,301361,众智科技,32.18,-2.78,0.94,45.14,33.223529482649,0.2352048,58.33877596,-1282,2808,64.4,2026-06-24,-3.14,37.6,False
2732,301362,民爆光电,200.59,2.45,4.27,330.7,197.187871003579,0.3433244,56.97357193,79,3184,73.2,2026-06-24,1.73,41.7,False
2733,301363,美好医疗,18.32,-4.88,1.49,64.31,19.487285595784,0.25113,72.54999283,1108,306,70.4,2026-06-24,-5.99,51.1,False
2734,301365,矩阵股份,33.03,-1.61,0.5,-96.87,33.753805412114,0.3052396,56.30011247,-1884,3393,59.6,2026-06-24,-2.14,33.6,False
2735,301366,一博科技,62.73,-0.18,8.86,283.3,58.623836984136,0.3811828,75.5877909,1467,141,82.4,2026-06-24,7.0,62.3,False
2736,301367,瑞迈特,39.5,-3.07,0.38,32.2,41.213879655447,0.189992,57.28628979,30,3098,62.4,2026-06-24,-4.16,35.7,False
2737,301368,丰立智能,42.62,2.13,1.02,4878.5,41.508340886109,0.1646376,50.67230625,-452,4633,72.0,2026-06-24,2.68,36.5,False
2738,301369,联动科技,237.45,2.57,1.75,1778.73,222.753786161942,0.42629,65.66155075,430,1077,73.6,2026-06-24,6.6,48.3,False
2739,301370,国科恒泰,8.35,-2.57,0.4,789.68,8.755058088365,0.14292,56.7105658,-1473,3267,62.0,2026-06-24,-4.63,35.2,False
2740,301371,敷尔佳,25.62,-0.74,0.8,19.42,26.258861449169,0.0772624,63.9888973,-359,1368,61.6,2026-06-24,-2.43,39.4,False
2741,301372,科净源,32.28,-0.12,0.81,96.44,32.856950089729,0.2333628,48.65514689,98,4905,59.2,2026-06-24,-1.76,28.8,False
2742,301373,凌玮科技,180.82,1.02,3.88,128.09,180.811021634326,0.3447188,61.58710575,-9,1926,77.6,2026-06-24,0.0,47.8,False
2743,301376,致欧科技,18.7,15.36,3.59,25.03,15.868456978317,0.2819956,69.46495621,158,571,60.8,2026-06-24,17.84,42.2,False
2744,301377,鼎泰高科,627.8,1.26,1.14,247.8,609.638578830877,0.430284,74.3077337,72,192,87.6,2026-06-24,2.98,65.1,False
2745,301378,通达海,25.5,-2.86,1.24,-15.0,26.328299292661,0.1346512,56.46962616,1047,3346,61.2,2026-06-24,-3.15,34.6,False
2746,301379,天山电子,26.8,1.13,3.85,94.01,26.231294374129,0.3743548,75.65043457,57,136,78.0,2026-06-24,2.17,59.0,False
2747,301380,挖金客,27.8,-2.97,0.56,62.26,28.50413704668,0.1757032,58.54258232,243,2741,61.6,2026-06-24,-2.47,36.1,False
2748,301381,赛维时代,18.39,0.16,0.3,43.92,18.372680710414,0.1345488,61.98138596,308,1822,61.6,2026-06-24,0.09,38.2,False
2749,301382,蜂助手,43.69,3.09,2.16,86.02,41.181061424197,0.345604,75.03903463,651,161,67.2,2026-06-24,6.09,50.4,False
2750,301383,天键股份,26.54,-1.23,0.62,-31.47,26.657165856312,0.199452,55.49177509,-882,3595,62.0,2026-06-24,-0.44,34.4,False
2751,301386,未来电器,21.12,-1.81,1.15,49.02,21.356123826903,0.1402468,56.74767812,-188,3254,62.0,2026-06-24,-1.11,35.2,False
2752,301387,光大同创,101.54,0.13,1.97,-1717.7,98.210926996947,0.3344112,62.57038406,1557,1678,66.0,2026-06-24,3.39,41.3,False
2753,301388,欣灵电气,24.35,-2.76,0.53,125.86,24.943926506112,0.1844304,56.20012874,195,3414,58.8,2026-06-24,-2.38,33.0,False
2754,301389,隆扬电子,99.4,0.09,0.91,261.69,97.341519919484,0.3881516,70.35008702,862,495,79.2,2026-06-24,2.11,55.7,False
2755,301390,经纬股份,29.36,0.1,0.8,-101.97,29.524984484003,0.0859516,54.58286711,611,3818,60.8,2026-06-24,-0.56,33.2,False
2756,301391,卡莱特,62.42,-1.28,0.25,202.12,62.861154323252,0.1717356,57.27581934,413,3102,63.2,2026-06-24,-0.7,36.2,False
2757,301392,汇成真空,230.26,15.13,8.8,209.38,200.453825879223,0.382936,64.95621008,-206,1187,75.6,2026-06-24,14.87,49.1,False
2758,301393,昊帆生物,52.21,-4.22,1.7,42.15,54.686476300828,0.2318092,63.36444886,1127,1505,60.8,2026-06-24,-4.53,38.5,False
2759,301395,仁信新材,11.57,-3.98,1.43,-6.99,12.002834022769,0.181702,62.1146259,412,1785,64.8,2026-06-24,-3.61,40.3,False
2760,301396,宏景科技,300.0,0.81,4.74,532.74,278.420342345358,0.6017264,76.99196868,677,91,83.6,2026-06-24,7.75,64.4,False
2761,301397,溯联股份,32.27,1.32,1.97,59.51,31.759689032591,0.2630536,59.29893051,-1330,2522,62.0,2026-06-24,1.61,36.8,False
2762,301398,星源卓镁,35.42,-2.1,0.36,-63.36,36.179021513645,0.1405052,53.18919936,272,4142,62.0,2026-06-24,-2.1,33.0,False
2763,301399,英特科技,18.22,-2.83,3.06,-301.05,18.592939666402,0.1627324,55.97260711,-2063,3476,70.4,2026-06-24,-2.01,39.4,False
2764,301408,华人健康,14.75,-4.96,2.95,18.59,15.720480434158,0.24546,63.97552741,-343,1373,62.4,2026-06-24,-6.17,39.9,False
2765,301413,安培龙,71.59,-2.28,1.1,740.5,72.697170780632,0.2005912,50.46993411,329,4676,66.0,2026-06-24,-1.52,33.3,False
2766,301418,协昌科技,46.6,-0.49,3.07,100.65,47.291345496622,0.2323212,51.9561263,-78,4403,71.6,2026-06-24,-1.46,37.2,False
2767,301419,阿莱德,44.33,1.98,2.12,134.33,43.411557714818,0.2561892,64.08420456,-465,1343,75.2,2026-06-24,2.12,48.2,False
2768,301421,波长光电,89.96,-2.13,3.87,402.04,89.797153599263,0.3456508,64.62141382,1758,1254,72.4,2026-06-24,0.18,46.8,False
2769,301428,世纪恒通,38.4,-2.96,4.47,57.47,38.63313601486,0.2932436,63.58906903,-1051,1448,77.2,2026-06-24,-0.6,49.1,False
2770,301429,森泰股份,16.29,-2.1,0.96,30.32,16.873988298391,0.0478636,56.50701366,-852,3336,59.6,2026-06-24,-3.46,33.7,False
2771,301439,泓淋电力,16.67,-3.03,2.47,29.39,17.155405742127,0.2099356,62.38382643,-1305,1728,72.8,2026-06-24,-2.83,45.4,False
2772,301446,福事特,40.52,-3.57,0.8,45.08,41.952967941898,0.1627764,72.0343639,281,354,63.2,2026-06-24,-3.42,45.5,False
2773,301448,开创电气,49.31,-1.97,3.03,-1034.74,48.327110139833,0.2898356,62.69294057,1419,1651,70.0,2026-06-24,2.03,43.9,False
2774,301449,天溯计量,39.4,-1.77,1.02,237.55,40.246919906582,0.156652,62.97925179,-64,1596,58.8,2026-06-24,-2.1,37.0,False
2775,301456,盘古智能,23.63,-2.8,1.2,50.7,24.613743288118,0.1053236,62.06251766,-701,1800,60.4,2026-06-24,-4.0,37.5,False
2776,301458,钧崴电子,66.8,7.81,7.94,120.52,59.208109205766,0.3601944,69.3733939,831,585,77.2,2026-06-24,12.82,53.6,False
2777,301459,丰茂股份,33.0,-2.16,0.64,39.6,33.632118469637,0.119498,58.63306388,1728,2713,59.6,2026-06-24,-1.88,34.9,False
2778,301468,博盈特焊,50.52,1.73,5.16,272.66,48.940470406248,0.3002712,67.66496776,-32,784,70.8,2026-06-24,3.23,47.9,False
2779,301469,恒达新材,29.27,-1.31,0.37,26.16,29.780477246973,0.1060072,56.92470565,-1594,3197,58.8,2026-06-24,-1.71,33.5,False
2780,301479,弘景光电,62.3,0.42,1.23,76.04,61.736323970918,0.2291708,63.35693388,-582,1509,59.6,2026-06-24,0.91,37.8,False
2781,301486,致尚科技,243.67,-0.6,2.76,-1291.02,241.622021535279,0.4872936,65.03193499,1464,1179,78.4,2026-06-24,0.85,51.0,False
2782,301487,盟固利,20.47,-3.63,1.37,118.4,21.322196682943,0.163424,53.37444244,-975,4105,69.6,2026-06-24,-4.0,37.1,False
2783,301488,豪恩汽电,128.55,-1.43,2.01,208.54,130.617788719189,0.2608912,52.22414188,-92,4351,68.0,2026-06-24,-1.58,35.5,False
2784,301489,思泉新材,180.65,4.39,4.77,192.5,165.724445140928,0.4722536,77.28396316,-39,85,80.8,2026-06-24,9.01,62.4,False
2785,301491,汉桑科技,41.61,-1.58,0.39,46.03,42.319014101459,0.1420464,60.46922813,-853,2219,62.4,2026-06-24,-1.68,37.7,False
2786,301498,乖宝宠物,39.14,-1.9,0.39,31.73,40.218281930334,0.2143688,60.67484823,-1181,2164,65.2,2026-06-24,-2.68,39.6,False
2787,301499,维科精密,35.2,-3.11,3.17,93.39,35.73132120911,0.2223364,69.02400729,2355,625,64.4,2026-06-24,-1.49,44.5,False
2788,301500,飞南资源,27.84,0.47,3.25,9.65,27.389932891974,0.3090236,65.59804344,-481,1081,71.6,2026-06-24,1.64,47.0,False
2789,301501,恒鑫生活,26.7,-4.09,1.77,30.57,28.644744588163,0.1841468,59.23751653,-1717,2537,65.6,2026-06-24,-6.79,38.9,False
2790,301502,华阳智能,84.48,-0.73,0.93,131.0,83.851609548905,0.1732168,59.41125712,657,2494,62.0,2026-06-24,0.75,36.8,False
2791,301503,智迪科技,28.07,-2.23,0.68,123.23,29.048415935856,0.0903676,63.72747695,-410,1421,63.6,2026-06-24,-3.37,40.5,False
2792,301505,苏州规划,16.68,-2.0,0.65,201.46,17.149906308525,0.114592,50.66277443,150,4634,60.8,2026-06-24,-2.74,30.8,False
2793,301507,民生健康,12.22,-2.16,0.9,17.35,12.579243987529,0.1516664,61.12872201,-516,2040,63.2,2026-06-24,-2.86,38.6,False
2794,301508,中机认检,23.64,-2.07,0.84,42.8,24.431622563538,0.1551328,58.36184321,-49,2800,65.6,2026-06-24,-3.24,38.3,False
2795,301509,金凯生科,26.87,-3.93,1.95,48.61,28.372527273725,0.1944244,63.03257936,-679,1585,63.6,2026-06-24,-5.3,40.1,False
2796,301510,固高科技,33.56,-1.53,0.98,152.12,33.795282076288,0.245808,68.40323399,1900,687,67.2,2026-06-24,-0.7,46.0,False
2797,301511,德福科技,146.7,1.88,2.53,157.02,144.461250825999,0.4538096,65.84948173,534,1045,87.6,2026-06-24,1.55,57.7,False
2798,301512,智信精密,56.14,-1.65,3.86,-28.98,57.702711105459,0.1860648,68.40704262,-394,686,72.4,2026-06-24,-2.71,49.5,False
2799,301515,港通医疗,18.23,-2.62,0.81,-687.54,18.953231727696,0.0705124,51.07951067,-1394,4568,60.8,2026-06-24,-3.82,31.1,False
2800,301516,中远通,14.66,-2.27,2.38,-125.67,15.119418407446,0.1313068,57.83281557,1195,2942,58.8,2026-06-24,-3.04,34.0,False
2801,301517,陕西华达,49.98,-0.72,0.81,-118.16,49.762366746582,0.179936,50.81803618,147,4612,63.2,2026-06-24,0.44,32.1,False
2802,301518,长华化学,28.75,-2.77,1.15,82.85,29.757507457861,0.1804476,59.67846047,-760,2420,62.0,2026-06-24,-3.39,37.0,False
2803,301519,舜禹股份,11.39,-1.13,0.87,-30.59,11.731904086854,0.1119564,56.04284331,33,3454,62.0,2026-06-24,-2.91,34.7,False
2804,301520,万邦医药,23.82,-4.45,1.25,-2119.46,25.207476975131,0.1114336,56.94391379,-774,3189,61.6,2026-06-24,-5.5,35.1,False
2805,301522,上大股份,26.95,-0.74,0.48,104.01,27.020109876193,0.2086456,53.53700263,-132,4078,67.2,2026-06-24,-0.26,36.0,False
2806,301525,儒竞科技,49.63,-1.49,0.59,156.4,50.812388945775,0.2925804,61.72629733,290,1889,64.4,2026-06-24,-2.33,39.8,False
2807,301526,国际复材,48.36,7.51,5.36,168.73,43.162353389741,0.4330676,73.14956382,1524,267,89.6,2026-06-24,12.04,65.5,False
2808,301528,多浦乐,64.81,-0.45,1.62,-3917.06,94.049609450711,0.2914216,55.52770797,-281,3580,68.4,2026-06-24,-31.09,38.0,False
2809,301529,福赛科技,94.73,-2.04,1.11,91.25,96.285806087074,0.2291644,63.55965492,-96,1454,60.8,2026-06-24,-1.62,38.6,False
2810,301533,威马农机,24.39,-1.33,1.29,74.02,24.991543769519,0.114168,54.24144175,-1372,3900,62.8,2026-06-24,-2.41,34.1,False
2811,301535,浙江华远,13.8,-1.15,0.66,53.72,13.976710227038,0.0750016,54.51106306,-102,3833,60.0,2026-06-24,-1.26,32.7,False
2812,301536,星宸科技,122.92,1.1,2.14,58.85,118.729626914156,0.36816,69.85505438,1239,540,79.6,2026-06-24,3.53,55.6,False
2813,301538,骏鼎达,54.74,-4.4,2.72,42.04,57.738456529019,0.248264,67.2724319,-147,830,61.6,2026-06-24,-5.19,41.4,False
2814,301539,宏鑫科技,13.55,-2.52,0.49,-34.08,14.033919188735,0.1286072,50.25763886,415,4708,61.2,2026-06-24,-3.45,30.8,False
2815,301548,崇德科技,93.81,-1.51,5.17,52.2,98.294861203268,0.2508188,69.74305041,-522,549,75.2,2026-06-24,-4.56,52.4,False
2816,301550,斯菱智驱,93.99,-0.49,0.74,200.85,94.599261522963,0.2652188,57.15630969,82,3134,68.0,2026-06-24,-0.64,38.9,False
2817,301551,无线传媒,21.1,-1.59,0.57,30.46,21.529666656531,0.1743404,59.23813355,-1092,2536,64.0,2026-06-24,-2.0,37.9,False
2818,301552,科力装备,23.35,-2.87,0.94,28.64,24.032632182652,0.0866624,56.04062114,427,3455,58.0,2026-06-24,-2.84,32.5,False
2819,301555,惠柏新材,45.0,3.66,5.44,76.56,42.814546700366,0.267604,69.15941092,652,613,68.8,2026-06-24,5.1,47.6,False
2820,301556,托普云农,60.38,-1.84,0.92,210.21,61.431924323294,0.1422136,55.73801916,-20,3537,61.6,2026-06-24,-1.71,34.3,False
2821,301557,常友科技,87.81,-2.66,1.38,-267.8,89.836587305749,0.3288364,64.58737069,-715,1261,66.0,2026-06-24,-2.26,42.6,False
2822,301558,三态股份,6.3,-1.87,0.53,87.22,6.453509825268,0.1551456,60.1366731,212,2299,62.0,2026-06-24,-2.38,37.3,False
2823,301559,中集环科,12.88,-1.98,0.83,84.89,13.155540454158,0.1108172,57.07015431,183,3160,60.8,2026-06-24,-2.09,34.7,False
2824,301560,众捷汽车,29.32,-2.27,0.52,-211.89,30.000993958293,0.178252,52.73946754,-668,4227,58.4,2026-06-24,-2.27,30.8,False
2825,301563,云汉芯城,185.98,3.95,6.76,76.24,180.327390012929,0.327214,62.73618391,147,1639,76.4,2026-06-24,3.13,47.9,False
2826,301565,中仑新材,28.17,-2.8,2.66,88.61,28.602326537612,0.289438,69.38620249,66,583,75.6,2026-06-24,-1.51,52.5,False
2827,301566,达利凯普,39.68,3.74,5.78,73.56,38.1002914417,0.338252,65.99879,2466,1017,80.4,2026-06-24,4.15,53.1,False
2828,301567,贝隆精密,37.01,-1.49,1.83,162.65,37.551882407985,0.0955228,52.04556422,209,4387,60.0,2026-06-24,-1.44,31.2,False
2829,301568,思泰克,121.86,0.87,2.33,119.0,119.477157305893,0.35571,70.28237005,545,505,74.0,2026-06-24,1.99,52.0,False
2830,301571,国科天成,66.23,-1.31,0.71,119.21,67.063667626882,0.258222,62.00036406,-686,1814,65.2,2026-06-24,-1.24,40.4,False
2831,301575,艾芬达,27.95,-2.58,0.65,29.15,28.851681341777,0.1233168,59.23032546,-1691,2539,62.8,2026-06-24,-3.13,37.2,False
2832,301577,美信科技,86.05,-1.09,2.55,-75.1,86.57074476345,0.253322,48.18420934,-228,4946,68.8,2026-06-24,-0.6,33.2,False
2833,301578,辰奕智能,21.36,-2.11,0.9,-128.97,21.818946861647,0.0515064,56.60894298,-1300,3302,62.8,2026-06-24,-2.1,35.6,False
2834,301580,爱迪特,79.48,-1.49,4.17,77.49,79.646587291956,0.4323688,72.26408197,937,336,81.2,2026-06-24,-0.21,58.7,False
2835,301581,黄山谷捷,47.89,-0.54,0.99,117.13,48.44773000357,0.2044536,62.03289029,-1355,1808,68.8,2026-06-24,-1.15,42.7,False
2836,301584,建发致新,21.03,-6.33,4.2,33.98,22.809866803261,0.2110772,68.71547226,644,652,61.6,2026-06-24,-7.8,42.3,False
2837,301585,蓝宇股份,25.89,-2.49,0.62,49.18,26.13257208386,0.1699768,65.69686518,2196,1074,62.0,2026-06-24,-0.93,40.7,False
2838,301586,佳力奇,34.13,-1.78,0.39,188.81,34.921830114115,0.1452136,54.84564067,-26,3765,62.0,2026-06-24,-2.27,34.0,False
2839,301587,中瑞股份,23.05,-1.66,1.19,56.33,23.41115214191,0.169578,52.92032855,-1571,4198,56.8,2026-06-24,-1.54,30.1,False
2840,301588,美新科技,40.0,3.55,2.77,110.39,39.028882840484,0.3503944,59.42582226,-1385,2488,62.4,2026-06-24,2.49,37.1,False
2841,301589,诺瓦星云,145.01,-0.34,0.5,35.16,145.184725980748,0.2802068,67.19654575,39,840,64.8,2026-06-24,-0.12,43.5,False
2842,301590,优优绿能,158.0,-1.84,0.66,-356.21,161.05636101121,0.2403204,56.10120894,-1934,3437,60.4,2026-06-24,-1.9,33.9,False
2843,301591,肯特股份,54.68,-2.02,3.52,88.88,55.827935471859,0.2901604,55.10962401,-2283,3694,77.2,2026-06-24,-2.06,42.5,False
2844,301592,六九一二,129.99,3.58,5.62,-168.6,119.156328105037,0.435558,66.5883975,994,921,67.2,2026-06-24,9.09,44.7,False
2845,301595,太力科技,41.51,-1.57,0.87,102.63,41.899847016567,0.2652312,58.64637194,1004,2710,58.8,2026-06-24,-0.93,34.5,False
2846,301596,瑞迪智驱,53.77,-1.63,0.86,71.63,54.017602605842,0.2322556,61.35376399,-130,1978,65.2,2026-06-24,-0.46,40.0,False
2847,301598,博科测试,51.57,-2.01,0.66,42.96,52.632976122254,0.1052924,57.04270616,-475,3168,60.8,2026-06-24,-2.02,34.7,False
2848,301600,慧翰股份,88.73,-2.49,1.36,56.55,91.236929143419,0.2355,67.86722286,-109,754,69.6,2026-06-24,-2.75,47.2,False
2849,301601,惠通科技,16.28,-2.81,0.46,-325.04,16.729958229637,0.1172204,51.44339939,90,4497,62.4,2026-06-24,-2.69,32.1,False
2850,301602,超研股份,14.38,-2.44,0.59,168.94,15.317066823602,0.1231088,59.34311761,-21,2515,62.4,2026-06-24,-6.12,37.0,False
2851,301603,乔锋智能,133.11,-3.54,2.71,37.96,135.489896482642,0.3506384,72.05435333,-197,350,63.2,2026-06-24,-1.76,45.5,False
2852,301606,绿联科技,62.51,1.77,0.49,27.29,61.594798949201,0.1790704,71.85052872,454,371,62.0,2026-06-24,1.49,44.5,False
2853,301607,富特科技,44.46,-6.5,3.52,33.82,46.976092042312,0.3697004,75.65734972,82,135,74.4,2026-06-24,-5.36,56.3,False
2854,301608,博实结,52.47,-0.44,0.6,31.56,51.917545377428,0.1854308,63.65835701,145,1435,61.2,2026-06-24,1.06,39.0,False
2855,301609,山大电力,35.1,-3.49,1.55,98.45,36.391803924186,0.1880952,53.02690199,-957,4178,59.6,2026-06-24,-3.55,31.6,False
2856,301611,珂玛科技,154.95,2.89,4.34,368.07,142.113065173076,0.4558508,76.23863528,135,117,83.2,2026-06-24,9.03,63.4,False
2857,301613,新铝时代,38.51,-1.94,0.29,23.98,39.55602367415,0.2422616,57.49895255,112,3043,62.8,2026-06-24,-2.64,36.1,False
2858,301616,浙江华业,35.57,-1.47,0.63,48.23,36.527854212685,0.1214488,59.51253042,-1596,2462,63.2,2026-06-24,-2.62,37.6,False
2859,301617,博苑新材,60.04,0.07,4.67,51.1,57.069632877458,0.35954,76.80029856,314,96,70.8,2026-06-24,5.2,54.4,False
2860,301618,长联科技,44.7,2.17,3.56,225.38,42.300633963952,0.2651144,72.20451686,857,342,72.4,2026-06-24,5.67,52.3,False
2861,301622,英思特,50.28,-2.46,1.13,-115.43,52.22074474402,0.1803168,55.73806693,383,3536,62.8,2026-06-24,-3.72,35.0,False
2862,301626,苏州天脉,354.19,2.85,1.38,822.15,330.721142653303,0.5332028,68.32668067,-141,695,68.8,2026-06-24,7.1,47.0,False
2863,301628,强达电路,115.74,-1.08,2.12,96.39,116.154082416056,0.2820728,64.47220751,418,1275,66.0,2026-06-24,-0.36,42.6,False
2864,301629,矽电股份,415.98,2.97,3.55,-417.3,400.643806761091,0.418798,66.50819628,448,932,72.8,2026-06-24,3.83,48.4,False
2865,301630,同宇新材,276.6,-2.59,5.81,85.97,396.34601133063,0.4909924,77.68627131,417,75,76.0,2026-06-24,-30.21,59.0,False
2866,301631,壹连科技,79.39,1.74,1.79,35.96,78.490985040737,0.224146,66.27345261,-664,965,61.6,2026-06-24,1.15,40.8,False
2867,301632,广东建科,15.58,-1.83,0.63,466.78,16.034401980643,0.1588656,58.47827946,-1050,2766,62.8,2026-06-24,-2.83,36.7,False
2868,301633,港迪技术,45.51,-3.01,0.88,-52.98,47.308953310382,0.1494056,60.19146674,-795,2283,64.8,2026-06-24,-3.8,39.0,False
2869,301636,泽润新能,43.2,-1.84,0.66,2499.68,44.060493964173,0.1035708,53.69978048,-1232,4031,56.4,2026-06-24,-1.95,30.3,False
2870,301638,南网数字,24.76,-1.98,1.02,254.98,25.089884845706,0.278166,65.37149956,59,1118,70.8,2026-06-24,-1.31,46.3,False
2871,301656,联合动力,17.68,-1.56,0.83,219.0,17.906676932456,0.3073872,57.03636088,-1536,3170,66.4,2026-06-24,-1.27,37.9,False
2872,301658,首航新能,27.04,-1.82,0.98,-79.9,27.605114232682,0.1373052,46.90058741,2,5038,58.0,2026-06-24,-2.05,27.2,False
2873,301662,宏工科技,107.19,-0.63,1.51,40.88,107.057477223057,0.2566112,59.93499352,-1671,2344,67.2,2026-06-24,0.12,40.3,False
2874,301665,泰禾股份,22.44,1.22,0.79,18.84,21.925339722502,0.129112,65.89061833,1004,1039,61.6,2026-06-24,2.35,40.6,False
2875,301667,纳百川,77.12,0.4,2.18,297.06,76.688453471786,0.2431776,57.81408291,-1523,2947,55.6,2026-06-24,0.56,32.1,False
2876,301668,昊创瑞通,34.66,-2.37,0.79,118.73,35.507407095667,0.1408068,58.02732952,-1779,2895,60.4,2026-06-24,-2.39,35.0,False
2877,301678,新恒汇,62.55,3.82,2.2,378.66,59.83054464002,0.314176,68.45628823,-23,681,71.2,2026-06-24,4.55,48.7,False
2878,301680,固德电材,114.14,-1.69,2.06,48.13,115.548555744899,0.3438336,60.72680483,-119,2144,66.0,2026-06-24,-1.22,40.1,False
2879,301682,宏明电子,185.43,3.18,7.24,40.42,178.077398479186,0.3941536,73.61041482,595,235,76.4,2026-06-24,4.13,56.2,False
2880,301687,新广益,91.84,0.98,10.14,127.95,89.289441146397,0.3690452,73.03395368,-258,277,76.4,2026-06-24,2.86,55.8,False
2881,302132,中航成飞,57.62,-0.57,0.24,199.71,57.918466094212,0.3244452,62.60680272,157,1675,74.4,2026-06-24,-0.52,46.6,False
2882,600000,浦发银行,8.84,-0.67,0.04,4.12,9.018085741949,0.3662,60.71818884,-1098,2149,88.8,2026-06-24,-1.97,53.9,False
2883,600004,白云机场,7.46,-0.27,0.12,28.66,7.518828972734,0.2764472,61.89571133,1054,1848,73.6,2026-06-24,-0.78,45.6,False
2884,600006,东风股份,5.38,-0.92,0.13,13.09,5.475819119391,0.1870144,52.15286237,54,4370,74.0,2026-06-24,-1.75,38.6,False
2885,600007,中国国贸,18.89,-1.05,0.06,15.57,19.21655859847,0.165874,63.99949611,-704,1365,71.2,2026-06-24,-1.7,45.6,False
2886,600008,首创环保,2.85,-2.06,0.28,12.17,2.917408922327,0.415496,61.88778633,-1074,1849,76.0,2026-06-24,-2.31,47.0,False
2887,600009,上海机场,22.61,0.31,0.11,24.34,22.674412589552,0.3321384,65.85655736,752,1044,77.6,2026-06-24,-0.28,51.1,False
2888,600010,包钢股份,2.29,-1.72,0.43,-55.96,2.32167065067,0.4645636,56.59910947,402,3307,71.6,2026-06-24,-1.36,40.5,False
2889,600011,华能国际,7.4,-0.54,0.4,6.48,7.538319413393,0.3795588,60.53490479,-1402,2201,86.8,2026-06-24,-1.83,52.5,False
2890,600012,皖通高速,15.25,-1.74,0.08,12.14,15.747262116269,0.0758196,62.4600617,-794,1708,67.6,2026-06-24,-3.16,42.2,False
2891,600015,华夏银行,6.62,-0.6,0.06,5.28,6.724428494511,0.3947752,61.68237884,-1058,1901,80.4,2026-06-24,-1.55,49.6,False
2892,600016,民生银行,3.4,-0.29,0.1,3.23,3.427902880071,0.5673896,60.6876403,-690,2161,83.6,2026-06-24,-0.81,50.7,False
2893,600017,日照港,2.55,-1.54,0.19,20.56,2.61885940128,0.342778,51.86478236,-1601,4420,70.0,2026-06-24,-2.63,36.3,False
2894,600018,上港集团,4.79,-1.24,0.07,6.96,4.890088062342,0.3741072,63.97221716,-245,1374,78.4,2026-06-24,-2.05,50.2,False
2895,600019,宝钢股份,5.47,-0.36,0.11,13.39,5.677162553381,0.4532952,68.95482695,-189,630,81.2,2026-06-24,-3.65,56.0,False
2896,600020,中原高速,3.78,-0.79,0.07,5.79,3.835692859395,0.252112,57.27236677,-774,3103,68.8,2026-06-24,-1.45,39.4,False
2897,600021,上海电力,16.18,0.81,0.62,20.13,15.958654585652,0.3089292,55.9908413,177,3468,85.2,2026-06-24,1.39,47.7,False
2898,600022,山东钢铁,1.25,-1.57,0.17,-15.34,1.279507639933,0.5504948,52.94223533,224,4192,70.8,2026-06-24,-2.31,37.5,False
2899,600023,浙能电力,5.34,-1.11,0.07,18.9,5.430996589294,0.3135948,61.66787669,174,1905,80.8,2026-06-24,-1.68,49.8,False
2900,600025,华能水电,9.02,-1.31,0.04,27.22,9.198947035274,0.3048652,69.47859253,-221,569,82.0,2026-06-24,-1.95,57.0,False
2901,600026,中远海能,21.93,-3.94,1.79,13.8,22.600863196253,0.5935184,80.06762308,-2,36,88.8,2026-06-24,-2.97,71.1,False
2902,600027,华电国际,4.64,-0.85,0.16,7.53,4.685451977421,0.3374532,60.1013239,-144,2309,83.2,2026-06-24,-0.97,50.0,False
2903,600028,中国石化,4.56,-2.15,0.07,8.11,4.683755475474,0.3787044,65.17506734,-247,1148,82.4,2026-06-24,-2.64,53.7,False
2904,600029,南方航空,5.42,3.24,0.47,16.58,5.273802091291,0.4011964,68.42236573,1220,685,81.2,2026-06-24,2.77,55.6,False
2905,600030,中信证券,28.03,0.5,0.58,10.17,28.043318804269,0.562402,71.19319983,-204,428,92.4,2026-06-24,-0.05,65.8,False
2906,600031,三一重工,18.12,2.84,0.4,16.79,17.74714635644,0.3580876,62.11461391,86,1786,80.8,2026-06-24,2.1,50.2,False
2907,600032,浙江新能,7.18,-1.64,0.31,151.99,7.275920072623,0.2161336,49.54409321,-28,4805,68.0,2026-06-24,-1.32,33.7,False
2908,600033,福建高速,3.35,-1.47,0.24,8.99,3.424083159019,0.3270772,64.53727778,574,1271,65.6,2026-06-24,-2.16,42.3,False
2909,600035,楚天高速,3.6,-1.91,0.12,6.06,3.676341852042,0.2426692,58.65383381,-268,2708,67.2,2026-06-24,-2.08,39.4,False
2910,600036,招商银行,36.46,-0.82,0.1,6.07,36.975232252385,0.44686,65.8743833,-700,1040,90.0,2026-06-24,-1.39,59.3,False
2911,600037,歌华有线,6.43,-1.08,0.18,33.11,6.53699981799,0.2599048,56.85221967,-1433,3215,69.6,2026-06-24,-1.64,39.6,False
2912,600038,中直股份,25.58,-0.66,0.25,138.51,25.873119750644,0.304228,55.20639035,73,3671,76.8,2026-06-24,-1.13,42.4,False
2913,600039,四川路桥,8.09,0.12,0.03,11.76,8.089633920691,0.1792264,68.63275979,362,662,75.6,2026-06-24,0.0,51.9,False
2914,600048,保利发展,4.73,-0.63,0.21,15.46,4.797906652667,0.4084312,55.96067589,-124,3481,76.8,2026-06-24,-1.42,43.0,False
2915,600050,中国联通,4.15,-0.72,0.09,15.18,4.212095024323,0.3827308,64.75006173,-594,1228,77.2,2026-06-24,-1.47,50.0,False
2916,600051,宁波联合,5.8,-2.36,0.34,83.62,5.980118108435,0.2064456,58.95347252,-641,2615,64.8,2026-06-24,-3.01,38.2,False
2917,600052,东望时代,3.56,1.42,0.8,-38.54,3.570893382643,0.2769932,48.76330803,-369,4893,60.8,2026-06-24,-0.31,29.6,False
2918,600053,*ST九鼎,7.75,-2.27,0.12,-24.56,7.907332141154,0.197386470588,44.64636779,6,5131,65.6,2026-06-24,-1.99,29.3,False
2919,600054,黄山旅游,10.76,-1.19,0.22,56.66,10.871589427389,0.2125656,63.14854685,1080,1555,70.8,2026-06-24,-1.03,44.7,False
2920,600055,万东医疗,10.62,-2.66,0.26,-117.15,11.106770099791,0.2441172,53.74378356,754,4020,68.8,2026-06-24,-4.38,37.0,False
2921,600056,中国医药,8.88,-2.42,0.33,18.23,9.221156221309,0.2797276,61.2207692,538,2016,73.6,2026-06-24,-3.7,45.1,False
2922,600057,厦门象屿,5.61,-1.06,0.15,7.64,5.706749985022,0.1780296,59.50379609,-367,2468,68.4,2026-06-24,-1.7,40.7,False
2923,600058,五矿发展,10.89,1.78,0.78,171.67,10.745192893229,0.2904444,64.93037693,752,1193,82.8,2026-06-24,1.35,53.8,False
2924,600059,XD古越龙,7.42,-1.72,0.16,27.26,7.623216322477,0.15049,60.14228689,916,2296,69.6,2026-06-24,-2.67,41.9,False
2925,600060,海信视像,25.32,4.07,0.54,13.99,24.492090917363,0.258534,70.42693123,-431,483,78.8,2026-06-24,3.38,55.5,False
2926,600061,国投资本,6.55,0.15,0.24,13.68,6.606946025968,0.3703816,60.96539578,-354,2084,78.4,2026-06-24,-0.86,47.8,False
2927,600062,华润双鹤,16.03,-2.61,0.22,8.58,16.656224456933,0.2877932,62.14113278,-257,1778,76.4,2026-06-24,-3.76,47.5,False
2928,600063,皖维高新,8.26,3.12,2.85,31.39,8.05225635312,0.3445396,57.50112114,-131,3041,88.0,2026-06-24,2.58,50.6,False
2929,600064,南京高科,7.28,-0.68,0.15,5.02,7.39946504338,0.2302876,60.90731833,-314,2103,70.4,2026-06-24,-1.61,42.9,False
2930,600066,宇通客车,25.91,-2.78,0.2,21.75,26.767884454531,0.2508896,70.682719,-147,462,75.2,2026-06-24,-3.2,53.2,False
2931,600067,冠城新材,3.06,-3.16,1.08,-51.72,3.184499905303,0.2471936,53.04947445,-218,4171,76.0,2026-06-24,-3.91,40.3,False
2932,600071,凤凰光学,17.11,-1.61,0.44,-675.83,17.377927259025,0.1944732,57.00021305,-1755,3181,74.8,2026-06-24,-1.54,42.6,False
2933,600072,中船科技,8.8,-1.12,0.79,-16.71,9.006051373492,0.2479692,47.22276978,-111,5018,71.2,2026-06-24,-2.29,33.6,False
2934,600073,光明肉业,4.67,-1.89,0.16,22.07,4.814054564431,0.1867628,50.2215012,-955,4715,70.4,2026-06-24,-2.99,35.4,False
2935,600075,新疆天业,4.1,-3.3,0.51,-29.55,4.299493179148,0.1832836,55.45239794,-153,3606,66.8,2026-06-24,-4.64,37.0,False
2936,600076,康欣新材,3.35,-0.89,0.79,-21.7,3.376607480839,0.2411776,53.14357943,770,4152,76.4,2026-06-24,-0.79,40.6,False
2937,600078,澄星股份,14.32,-1.1,2.58,87.84,14.136477354966,0.3374272,73.35670288,1180,250,85.2,2026-06-24,1.3,62.5,False
2938,600079,ST人福,16.59,-2.58,0.27,11.51,17.086302732891,0.4022788,66.97175374,-615,869,76.4,2026-06-24,-2.9,51.2,False
2939,600080,ST金花,4.49,-2.81,0.31,107.22,4.721525835547,0.214276078431,50.0999479,-1467,4736,64.8,2026-06-24,-4.9,32.5,False
2940,600081,东风科技,9.52,-2.26,0.17,32.99,9.806979117552,0.1844912,51.92743184,-1482,4411,70.4,2026-06-24,-2.93,36.6,False
2941,600082,ST海泰,2.79,-3.13,0.33,-33.31,2.867793267346,0.271285882353,56.7488124,-178,3253,65.6,2026-06-24,-2.71,37.2,False
2942,600084,*ST尼雅,3.95,-1.5,0.12,204.07,4.038285925589,0.341681568627,49.6784176,125,4786,62.4,2026-06-24,-2.19,31.0,False
2943,600085,同仁堂,22.49,-2.0,0.23,16.37,23.217002280645,0.2520436,59.34652715,-133,2513,80.0,2026-06-24,-3.13,47.5,False
2944,600088,中视传媒,11.21,-1.49,0.33,1646.77,11.486495627141,0.2039256,53.976307,453,3962,74.0,2026-06-24,-2.41,39.9,False
2945,600089,特变电工,23.16,-1.19,0.5,16.12,23.444104048475,0.3850164,59.26638938,-74,2529,76.4,2026-06-24,-1.21,45.3,False
2946,600094,大名城,3.72,-1.33,0.14,462.8,3.779536901457,0.2182088,56.02891522,45,3457,65.2,2026-06-24,-1.58,36.5,False
2947,600095,湘财股份,7.94,-0.13,0.39,235.49,8.066270932619,0.254528,54.91652212,-1460,3753,74.4,2026-06-24,-1.57,40.9,False
2948,600096,云天化,33.11,-2.96,1.51,10.59,33.43310114541,0.4802124,78.75535176,535,53,91.6,2026-06-24,-0.97,72.1,False
2949,600097,开创国际,8.03,-2.43,0.47,-13.75,8.255087131564,0.113212,60.28119924,1025,2256,64.0,2026-06-24,-2.73,38.6,False
2950,600098,广州发展,6.39,-2.74,0.23,10.46,6.566078216299,0.2575824,59.03407473,-662,2595,74.0,2026-06-24,-2.68,43.7,False
2951,600099,林海股份,8.3,-2.01,0.39,109.25,8.55959727897,0.0682656,53.58633861,-342,4062,64.0,2026-06-24,-3.03,34.3,False
2952,600100,同方股份,6.93,1.61,0.32,-31.63,6.853071243336,0.3125392,54.02433172,68,3950,72.4,2026-06-24,1.12,39.1,False
2953,600101,明星电力,8.18,-2.15,0.74,15.37,8.394389932478,0.2474536,54.16611175,-470,3917,78.4,2026-06-24,-2.55,42.5,False
2954,600103,青山纸业,3.31,0.3,1.31,122.29,3.293134799097,0.2657308,47.05429658,-962,5027,68.4,2026-06-24,0.51,32.2,False
2955,600104,上汽集团,10.02,-0.6,0.13,9.52,10.17631871302,0.328194,62.09213916,-67,1792,77.2,2026-06-24,-1.54,47.9,False
2956,600105,永鼎股份,71.15,3.51,3.45,163.73,67.248334417841,0.5589284,73.25594983,1610,257,93.6,2026-06-24,5.8,68.6,False
2957,600106,重庆路桥,4.76,-2.06,0.22,59.58,4.836059413384,0.25958,54.41524381,95,3850,65.6,2026-06-24,-1.57,35.7,False
2958,600107,*ST尔雅,5.61,-2.43,0.11,135.12,5.766537719153,0.247532941176,44.8315922,-4,5122,62.8,2026-06-24,-2.71,28.2,False
2959,600108,亚盛集团,3.43,-1.44,1.99,79.35,3.520796455081,0.2937196,54.26146131,297,3897,80.8,2026-06-24,-2.58,43.8,False
2960,600109,国金证券,8.76,-0.23,0.31,11.72,8.864026616707,0.3049472,61.42561737,-261,1958,83.6,2026-06-24,-1.17,51.4,False
2961,600110,诺德股份,15.62,2.97,4.96,169.02,15.024976753479,0.3764208,55.38403746,-346,3624,92.0,2026-06-24,3.96,51.0,False
2962,600111,北方稀土,49.54,0.63,1.0,48.79,48.981768466785,0.4334672,65.40361183,-160,1112,90.0,2026-06-24,1.14,58.9,False
2963,600113,浙江东日,29.34,-1.61,0.58,142.27,30.009793718104,0.2258228,51.07972553,414,4566,68.4,2026-06-24,-2.23,34.9,False
2964,600114,东睦股份,43.61,2.35,1.51,54.69,42.106504010647,0.4413952,67.37878453,-538,815,87.2,2026-06-24,3.57,58.8,False
2965,600115,中国东航,4.1,5.67,1.05,13.86,3.890492000241,0.5195272,65.25372886,1451,1139,79.2,2026-06-24,5.39,51.7,False
2966,600116,三峡水利,5.7,-1.72,0.23,84.3,5.8371322365,0.2133544,55.76925229,-156,3529,78.8,2026-06-24,-2.35,43.9,False
2967,600117,西宁特钢,2.08,-2.35,0.13,-6.7,2.133920894219,0.2074708,51.08535844,-28,4564,69.2,2026-06-24,-2.53,35.4,False
2968,600118,中国卫星,72.16,0.5,0.84,-499.7,70.711065593955,0.3214776,53.49762285,467,4086,71.2,2026-06-24,2.05,38.1,False
2969,600119,*ST长投,4.31,-4.86,0.43,-145.27,4.586370594569,0.232032156863,48.31748409,184,4932,66.4,2026-06-24,-6.03,32.1,False
2970,600120,浙江东方,4.49,-1.75,0.27,25.09,4.598710125843,0.3237424,54.60339848,-219,3813,72.0,2026-06-24,-2.36,39.3,False
2971,600121,郑州煤电,3.73,-2.36,1.7,-5.81,3.902258650295,0.2789744,45.88692726,-134,5089,83.6,2026-06-24,-4.41,38.4,False
2972,600123,兰花科创,5.66,-3.08,0.53,-75.92,5.90132383832,0.2784476,53.29545807,61,4126,73.2,2026-06-24,-4.09,39.0,False
2973,600125,铁龙物流,5.25,-1.87,0.16,7.92,5.374224937176,0.260326,64.18832579,844,1327,68.4,2026-06-24,-2.31,43.9,False
2974,600126,杭钢股份,6.44,-1.53,0.34,565.93,6.516354342653,0.2981348,58.47338756,2,2767,70.0,2026-06-24,-1.17,40.9,False
2975,600127,金健米业,5.23,-1.51,0.47,4794.36,5.364430216951,0.2184572,43.92000133,-18,5152,70.8,2026-06-24,-2.51,31.1,False
2976,600128,苏豪弘业,8.0,-2.32,0.35,38.36,8.252678322564,0.0671956,54.62052837,-90,3806,67.2,2026-06-24,-3.06,36.7,False
2977,600129,太极集团,12.24,-2.7,0.47,25.71,12.774566358342,0.1657716,50.16703011,-452,4727,73.6,2026-06-24,-4.18,36.9,False
2978,600130,波导股份,4.74,-1.04,1.18,347.6,4.725271321876,0.277525294118,62.83899176,-586,1621,76.4,2026-06-24,0.31,48.0,False
2979,600131,国网信通,15.02,-0.99,0.13,1050.83,15.262004173022,0.3210356,63.5519389,-596,1456,72.4,2026-06-24,-1.59,46.0,False
2980,600132,重庆啤酒,41.94,-1.41,0.21,11.59,43.072511913821,0.2276052,59.29107581,29,2524,77.6,2026-06-24,-2.63,46.0,False
2981,600133,东湖高新,8.18,-0.12,0.51,-1234.94,8.265720878809,0.3290576,52.72827714,-231,4229,74.0,2026-06-24,-1.04,39.0,False
2982,600135,乐凯胶片,8.08,-1.7,0.46,-47.11,8.271054708825,0.200288,46.9608755,-17,5034,61.6,2026-06-24,-2.31,28.9,False
2983,600136,ST明诚,1.29,-3.73,0.28,-312.23,1.347115233962,0.368686,47.81872898,-73,4971,62.8,2026-06-24,-4.24,30.0,False
2984,600137,浪莎股份,16.98,-1.62,0.52,52.7,17.468921394449,0.1415604,60.08928133,600,2312,62.8,2026-06-24,-2.8,37.7,False
2985,600138,中青旅,6.82,-1.73,0.26,-33.44,6.931468875843,0.2687636,54.32780156,-59,3873,70.0,2026-06-24,-1.61,38.0,False
2986,600141,兴发集团,44.05,2.06,2.64,51.57,41.547424239238,0.521054,75.93696318,873,126,92.4,2026-06-24,6.02,70.2,False
2987,600143,金发科技,16.08,-1.17,0.3,35.22,16.139792151038,0.3013488,71.19481402,883,427,76.0,2026-06-24,-0.37,54.1,False
2988,600148,长春一东,14.96,-1.64,0.36,113.7,15.402747333279,0.1489504,55.54664186,434,3572,68.0,2026-06-24,-2.87,37.8,False
2989,600149,廊坊发展,4.6,-1.71,0.77,56.44,4.727069610549,0.1425776,56.09384877,499,3439,65.6,2026-06-24,-2.69,36.8,False
2990,600150,中国船舶,35.56,0.59,0.38,13.84,35.713813851162,0.431886,67.22624193,-402,839,84.8,2026-06-24,-0.43,57.0,False
2991,600151,航天机电,11.79,5.55,1.37,-253.4,11.150208655912,0.3053704,54.31750939,79,3879,70.4,2026-06-24,5.74,38.2,False
2992,600152,维科技术,10.78,0.37,1.45,-56.59,10.645228967528,0.2320468,46.30584491,-475,5078,69.6,2026-06-24,1.27,32.2,False
2993,600153,XD建发股,8.42,-1.29,0.11,8.7,8.576258372919,0.2152972,56.50157939,-1672,3338,75.6,2026-06-24,-1.82,42.7,False
2994,600155,华创云信,5.56,-0.54,0.71,99.09,5.77196715141,0.3104816,55.03367564,-758,3720,75.2,2026-06-24,-3.67,41.4,False
2995,600156,华升股份,8.75,-1.02,0.81,-151.91,8.886996334922,0.1895836,46.930377,-15,5035,69.6,2026-06-24,-1.54,32.7,False
2996,600157,永泰能源,1.56,-1.89,0.67,137.6,1.603188285338,0.6008616,52.44567984,20,4302,74.0,2026-06-24,-2.69,38.8,False
2997,600158,中体产业,7.09,-1.25,1.09,-296.67,7.212355044431,0.254588,51.07092484,-217,4572,73.6,2026-06-24,-1.7,37.6,False
2998,600159,大龙地产,2.29,-2.14,0.43,-30.21,2.36372345793,0.2294912,56.40053644,676,3365,66.0,2026-06-24,-3.12,37.2,False
2999,600160,巨化股份,51.58,1.68,1.26,29.68,49.257680451436,0.5197084,83.09588628,117,8,94.4,2026-06-24,4.71,78.4,False
3000,600161,天坛生物,11.65,-2.67,0.24,45.76,12.205544126921,0.2679348,63.77233093,596,1412,75.2,2026-06-24,-4.55,48.0,False
3001,600162,香江控股,3.96,6.17,4.09,-147.01,3.747867371295,0.319294,54.34634532,328,3867,86.4,2026-06-24,5.66,47.0,False
3002,600163,中闽能源,5.16,-1.71,0.37,12.51,5.282783396105,0.281656,51.79035589,-285,4439,72.0,2026-06-24,-2.32,37.3,False
3003,600165,ST宁科,2.68,-2.9,0.3,-16.83,2.753225398896,0.2285428,50.02933059,-625,4746,66.8,2026-06-24,-2.66,33.4,False
3004,600166,福田汽车,3.07,1.32,0.49,12.12,3.048580353021,0.3279736,60.65601714,-640,2171,72.0,2026-06-24,0.7,43.7,False
3005,600167,联美控股,5.43,-1.27,0.08,5.77,5.538820762858,0.1881956,55.06660621,-1083,3709,66.8,2026-06-24,-1.96,36.8,False
3006,600168,武汉控股,4.15,-1.66,0.11,24.96,4.250834912451,0.1415652,58.45122975,552,2772,64.8,2026-06-24,-2.37,37.9,False
3007,600169,ST太重,1.99,-1.0,0.07,64.73,2.006371131974,0.3049752,50.60435693,-73,4643,66.8,2026-06-24,-0.82,33.8,False
3008,600170,上海建工,2.29,-0.87,0.3,5120.36,2.317139892952,0.4051332,60.06418391,-286,2317,72.4,2026-06-24,-1.17,43.5,False
3009,600171,上海贝岭,31.0,0.49,2.18,245.08,30.761276862592,0.379608,69.81606461,-513,543,93.2,2026-06-24,0.78,65.1,False
3010,600172,黄河旋风,16.1,-5.85,9.76,-60.14,16.655855820114,0.422238,59.76916965,-1925,2392,96.0,2026-06-24,-3.34,57.4,False
3011,600173,卧龙新能,6.17,-0.64,0.14,90.63,6.226143743773,0.2330044,55.89056002,-33,3500,70.4,2026-06-24,-0.9,39.3,False
3012,600176,中国巨石,69.66,7.47,2.08,55.02,63.217537306898,0.6148224,82.22662315,1,12,96.0,2026-06-24,10.19,78.9,False
3013,600177,雅戈尔,7.44,-0.8,0.11,9.33,7.55711734962,0.2418168,71.72970052,-114,381,77.6,2026-06-24,-1.55,55.7,False
3014,600178,东安动力,9.55,0.74,0.75,-55.95,9.413776665519,0.2009384,56.2186592,1042,3409,84.8,2026-06-24,1.45,47.7,False
3015,600179,安通控股,4.42,-2.43,0.37,18.42,4.600689549971,0.2898844,59.55659073,-447,2450,75.2,2026-06-24,-3.93,44.8,False
3016,600180,*ST瑞茂,1.08,-5.26,0.27,-0.97,1.147393292949,0.397269803922,40.65837634,-7,5200,67.6,2026-06-24,-5.87,27.5,False
3017,600182,S佳通,13.38,-1.69,0.22,23.98,13.583128220227,0.210512,61.38109042,1544,1969,64.0,2026-06-24,-1.5,39.3,False
3018,600183,生益科技,185.61,4.69,0.91,97.33,174.719529718658,0.4822856,77.36356501,465,84,92.0,2026-06-24,6.23,71.2,False
3019,600184,光电股份,29.17,9.99,6.58,3788.71,26.7324223766,0.3489548,66.7848779,-758,898,88.0,2026-06-24,9.12,58.8,False
3020,600185,珠免集团,4.63,-1.28,0.3,55.91,4.726641452919,0.2044096,64.63547837,714,1245,71.6,2026-06-24,-2.04,46.3,False
3021,600186,莲花控股,15.6,10.01,7.73,48.73,14.022456162471,0.3709724,63.97586829,-545,1372,94.0,2026-06-24,11.25,60.1,False
3022,600187,*ST国中,1.32,-3.65,0.88,30.41,1.387386410975,0.42214372549,47.38653139,-805,5003,73.6,2026-06-24,-4.86,34.9,False
3023,600188,兖矿能源,18.42,-1.92,0.19,11.69,18.887402389062,0.2484528,59.23976945,-1044,2535,83.2,2026-06-24,-2.47,49.3,False
3024,600189,泉阳泉,7.32,-1.74,0.45,130.33,7.496681830068,0.1847092,50.31656606,-535,4698,69.2,2026-06-24,-2.36,34.8,False
3025,600191,华资实业,10.95,-1.35,0.23,64.74,11.112560781751,0.4177816,59.03666652,1055,2593,66.0,2026-06-24,-1.46,39.0,False
3026,600192,长城电工,6.9,-3.63,0.75,-13.43,7.146499812461,0.1541504,46.68935324,-74,5058,85.6,2026-06-24,-3.45,40.0,False
3027,600193,退市创兴,0.14,-6.67,0.56,5.99,0.148483951035,0.640255,55.03718452,-1143,3719,62.4,2026-06-24,-5.71,34.3,False
3028,600195,中牧股份,6.03,-2.43,0.22,63.67,6.233028275646,0.1485712,57.21294932,-65,3123,64.8,2026-06-24,-3.26,37.1,False
3029,600196,复星医药,21.81,-3.07,0.45,16.72,22.587858006439,0.3551228,68.08444233,82,729,81.6,2026-06-24,-3.44,55.6,False
3030,600197,伊力特,9.66,-1.43,0.29,10.89,9.900346849068,0.1789612,56.7279551,234,3261,74.0,2026-06-24,-2.43,42.0,False
3031,600198,大唐电信,9.41,3.63,1.66,-46.87,9.110535225671,0.2268092,54.52535964,-1544,3830,85.6,2026-06-24,3.29,46.7,False
3032,600199,金种子酒,6.45,-1.07,0.48,-69.59,6.608787716551,0.1494116,49.70623365,-82,4782,75.6,2026-06-24,-2.4,37.6,False
3033,600201,生物股份,12.22,-0.57,0.54,42.12,12.24601117102,0.397992,63.63464759,442,1441,71.2,2026-06-24,-0.21,45.3,False
3034,600202,哈空调,4.64,-1.69,0.51,-14.56,4.77623957468,0.1721972,55.85345313,710,3505,69.2,2026-06-24,-2.85,38.7,False
3035,600203,福日电子,12.82,5.08,4.17,40.94,12.124769155501,0.2796388,67.69045583,-112,783,83.2,2026-06-24,5.73,56.3,False
3036,600206,有研新材,51.48,-0.54,5.38,123.43,49.347267372805,0.4191524,63.29619573,-487,1529,96.0,2026-06-24,4.32,60.8,False
3037,600207,安彩高科,5.87,1.73,1.06,-10.81,5.852152223291,0.2886144,54.90740419,-588,3754,77.2,2026-06-24,0.3,42.4,False
3038,600208,衢州发展,3.01,-0.66,0.27,20.36,2.987138285015,0.3336664,58.10372167,234,2875,69.2,2026-06-24,0.77,40.2,False
3039,600210,紫江企业,6.42,-1.68,0.23,11.15,6.560459691779,0.2294652,60.82804559,59,2125,70.8,2026-06-24,-2.14,43.1,False
3040,600211,西藏药业,36.47,-2.82,0.33,9.84,37.838369053003,0.2390324,64.61151925,-881,1257,75.2,2026-06-24,-3.62,48.6,False
3041,600212,绿能慧充,5.39,-2.71,0.62,-44.14,5.635357863804,0.2195276,55.11784732,-1611,3692,68.8,2026-06-24,-4.35,37.9,False
3042,600215,派斯林,5.95,-0.17,0.64,-30.23,6.015798628183,0.2602776,54.86011543,960,3762,68.0,2026-06-24,-1.09,37.3,False
3043,600216,浙江医药,11.46,-3.05,0.56,9.6,11.94238895719,0.3082844,60.90151607,98,2105,72.8,2026-06-24,-4.04,44.3,False
3044,600217,中再资环,2.93,-1.68,0.21,-46.87,3.024000952215,0.2557736,49.92422754,-1346,4758,67.2,2026-06-24,-3.11,33.5,False
3045,600218,全柴动力,7.54,-1.44,0.18,26.34,7.6663876366,0.1695576,50.36485668,-39,4691,70.0,2026-06-24,-1.65,35.3,False
3046,600219,南山铝业,4.26,-2.74,0.49,11.11,4.376298330289,0.3735392,59.54701037,395,2454,78.0,2026-06-24,-2.66,46.4,False
3047,600221,海航控股,1.42,0.0,0.18,8.89,1.425585436079,0.6172584,64.07709781,145,1344,75.2,2026-06-24,-0.39,48.2,False
3048,600222,太龙药业,6.81,-3.68,1.12,375.62,7.170692650261,0.2927552,49.99035131,-1087,4749,70.8,2026-06-24,-5.03,35.4,False
3049,600223,福瑞达,5.09,-1.74,0.2,40.56,5.21150680838,0.193756,59.84524538,722,2369,70.0,2026-06-24,-2.33,41.9,False
3050,600226,亨通股份,11.31,-0.88,6.69,117.1,11.174341555341,0.5181024,62.29670173,2123,1744,88.4,2026-06-24,1.21,55.1,False
3051,600227,赤天化,2.55,-3.41,1.25,-37.82,2.66614256461,0.2186504,42.94855346,-41,5173,68.8,2026-06-24,-4.36,29.5,False
3052,600228,返利科技,9.81,9.98,0.5,-72.88,8.5118994987,0.190644705882,59.62176088,-57,2430,74.0,2026-06-24,15.25,44.1,False
3053,600229,城市传媒,4.81,-2.43,0.28,29.68,4.961521111343,0.1478416,51.34017685,165,4516,70.4,2026-06-24,-3.05,36.1,False
3054,600230,沧州大化,14.4,-3.68,1.07,25.77,15.041187546947,0.2117068,64.59921357,462,1260,70.0,2026-06-24,-4.26,45.2,False
3055,600231,凌钢股份,1.66,-2.35,0.18,-2.49,1.705431399879,0.238868,51.39844262,530,4505,64.4,2026-06-24,-2.66,33.1,False
3056,600232,金鹰股份,6.78,-0.15,0.35,53.17,6.809500529029,0.1699264,61.40444786,1136,1964,63.2,2026-06-24,-0.43,38.8,False
3057,600233,圆通速递,15.48,-1.71,0.08,9.62,15.815421563872,0.1856984,66.8620031,-623,889,71.6,2026-06-24,-2.12,47.9,False
3058,600234,科新发展,28.68,1.27,0.23,-1214.62,28.469104158899,0.2780404,58.51798981,-816,2747,67.2,2026-06-24,0.74,39.3,False
3059,600235,民丰特纸,5.14,-2.28,0.28,-369.23,5.286513583441,0.1437896,52.04584761,581,4386,64.4,2026-06-24,-2.77,33.5,False
3060,600236,桂冠电力,9.14,0.44,0.04,20.96,9.02600982041,0.257056,64.38515586,696,1293,73.6,2026-06-24,1.26,47.4,False
3061,600237,铜峰电子,12.3,4.15,4.57,78.93,11.739852435906,0.3111508,67.40491865,1522,812,87.6,2026-06-24,4.77,59.0,False
3062,600238,*ST椰岛,4.66,-2.51,0.28,566.2,4.875793227372,0.247198,54.92564643,-2016,3750,71.6,2026-06-24,-4.43,39.3,False
3063,600239,ST云城,1.27,-1.55,0.35,-22.07,1.320132293891,0.353517254902,50.64315541,-1518,4638,67.6,2026-06-24,-3.8,34.2,False
3064,600241,时代万恒,6.7,-2.33,0.48,-41.87,6.907764619061,0.1401084,52.50211096,-24,4293,63.2,2026-06-24,-3.01,33.2,False
3065,600243,*ST海华,3.61,-3.22,0.83,-54.67,3.746203856543,0.2832268,47.59053585,-1314,4989,68.0,2026-06-24,-3.64,32.4,False
3066,600246,万通发展,19.46,1.73,3.74,-84.19,18.412952966698,0.5628788,70.13784793,1415,512,86.8,2026-06-24,5.69,60.9,False
3067,600248,陕建股份,2.82,-1.05,0.09,14.77,2.875220625768,0.242866,53.91647302,-48,3975,68.8,2026-06-24,-1.92,37.1,False
3068,600249,两面针,4.72,-2.68,0.58,-16.96,4.901117853911,0.2485748,52.24027847,-198,4348,65.2,2026-06-24,-3.7,34.1,False
3069,600250,南京商旅,7.98,-1.6,0.68,135.23,8.193334573907,0.1385972,52.70614262,-335,4233,66.4,2026-06-24,-2.6,35.0,False
3070,600251,冠农股份,8.83,-2.65,0.42,5.89,9.069075665542,0.1843788,58.81041943,743,2659,66.4,2026-06-24,-2.64,39.1,False
3071,600252,中恒集团,1.84,-3.16,0.53,-43.68,1.927699755829,0.2665592,49.69959959,84,4783,70.4,2026-06-24,-4.55,35.0,False
3072,600255,鑫科材料,4.17,-0.71,4.05,114.39,4.239852186132,0.3306672,61.80541428,-1549,1874,89.2,2026-06-24,-1.65,55.1,False
3073,600256,广汇能源,4.79,-3.23,0.71,32.38,5.010049894557,0.3694792,49.51710508,-99,4808,71.6,2026-06-24,-4.39,35.5,False
3074,600257,大湖股份,4.46,-1.55,0.56,-182.69,4.614154178126,0.2116132,59.09364283,767,2575,71.6,2026-06-24,-3.34,42.3,False
3075,600258,首旅酒店,11.41,-0.7,0.25,18.83,11.55621276864,0.1762612,58.6885142,-88,2698,70.0,2026-06-24,-1.27,41.1,False
3076,600259,中稀有色,105.61,0.8,1.8,51.97,103.267424329485,0.4212952,62.44836003,-390,1713,89.2,2026-06-24,2.27,55.7,False
3077,600261,阳光照明,3.16,0.32,0.16,145.65,3.162283524225,0.246312,58.79789725,-1192,2664,63.6,2026-06-24,-0.07,37.4,False
3078,600262,北方股份,20.7,-2.04,0.34,11.69,21.177328033354,0.1904132,58.40882064,-1202,2783,65.6,2026-06-24,-2.25,38.3,False
3079,600265,*ST景谷,20.77,-3.13,0.23,-642.8,21.290655497382,0.262751176471,63.30303806,-249,1528,64.4,2026-06-24,-2.45,40.8,False
3080,600266,城建发展,3.96,-1.25,0.4,12.53,4.045693067938,0.2445064,55.4485623,-355,3607,68.4,2026-06-24,-2.12,37.9,False
3081,600267,海正药业,9.84,-3.24,0.79,8.16,10.186093039535,0.3483404,69.24126863,-1,602,70.8,2026-06-24,-3.4,49.0,False
3082,600268,国电南自,12.1,-1.55,0.28,73.07,12.294714195305,0.2488484,60.50139411,104,2210,69.6,2026-06-24,-1.58,42.1,False
3083,600269,赣粤高速,3.99,-1.24,0.09,8.47,4.080735400608,0.2701796,62.82583324,370,1623,66.0,2026-06-24,-2.22,41.5,False
3084,600271,航天信息,6.73,-1.46,0.16,-11.88,6.837547155224,0.2232872,52.63632609,-31,4258,71.6,2026-06-24,-1.57,37.7,False
3085,600272,开开实业,10.26,-3.3,0.48,37.33,10.744706988754,0.0931636,58.75766766,292,2676,71.2,2026-06-24,-4.51,41.8,False
3086,600273,嘉化能源,6.73,-1.46,0.33,21.34,6.870649219467,0.243702,60.99173875,105,2073,68.8,2026-06-24,-2.05,42.0,False
3087,600276,恒瑞医药,48.94,-2.61,0.55,35.58,50.591845891527,0.4950168,76.39819158,-25,111,91.2,2026-06-24,-3.27,69.7,False
3088,600278,东方创业,6.4,-3.61,0.46,38.65,6.626587366627,0.2750672,63.53033913,1386,1460,68.0,2026-06-24,-3.42,43.2,False
3089,600279,重庆港,3.78,-1.82,0.2,1206.24,3.894296170626,0.2152676,52.31827324,303,4327,70.8,2026-06-24,-2.93,37.0,False
3090,600280,中央商场,2.77,0.73,1.66,-111.75,2.791697848192,0.1918856,44.95547116,-7,5120,81.2,2026-06-24,-0.78,36.5,False
3091,600281,华阳新材,4.28,-3.17,0.55,6096.81,4.439639170772,0.1498048,53.99182268,946,3960,71.2,2026-06-24,-3.6,38.4,False
3092,600282,南钢股份,4.69,-2.29,0.14,12.11,4.766515601703,0.3336748,66.11923016,-26,1000,74.0,2026-06-24,-1.61,48.9,False
3093,600283,钱江水利,7.97,-0.38,0.08,29.55,7.998077076677,0.2246852,55.12797361,-14,3688,70.0,2026-06-24,-0.35,38.6,False
3094,600284,浦东建设,5.06,-1.36,0.4,25.59,5.163540625391,0.26552,62.12172507,1759,1782,67.2,2026-06-24,-2.01,41.7,False
3095,600285,羚锐制药,19.31,-2.43,0.4,11.11,20.046894504298,0.2474716,65.9800333,-171,1022,74.8,2026-06-24,-3.68,49.4,False
3096,600287,苏豪时尚,4.53,-1.74,0.17,82.35,4.641222005191,0.1098824,57.3237659,-38,3082,64.8,2026-06-24,-2.4,37.1,False
3097,600288,大恒科技,12.93,-1.52,0.39,27.6,13.064219786119,0.262044,68.80795109,681,644,76.0,2026-06-24,-1.03,52.3,False
3098,600289,ST信通,5.24,-3.85,0.26,-16.58,5.325216613674,0.3947688,54.95850413,1228,3738,64.8,2026-06-24,-1.6,35.6,False
3099,600292,电投水电,13.87,-0.64,0.76,38.65,14.283307031754,0.3305788,68.18110832,-73,713,77.6,2026-06-24,-2.89,52.9,False
3100,600293,三峡新材,3.25,-6.07,3.25,-37.75,3.501926759462,0.2335816,52.9936727,-1911,4185,80.4,2026-06-24,-7.19,42.6,False
3101,600295,鄂尔多斯,10.85,-3.13,0.34,11.58,11.386572470677,0.135138,59.53442208,-439,2458,70.8,2026-06-24,-4.71,42.2,False
3102,600298,安琪酵母,35.54,-0.5,0.18,18.1,35.925173228538,0.2469548,65.97137507,50,1024,80.8,2026-06-24,-1.07,53.3,False
3103,600299,安迪苏,9.01,-2.8,0.14,22.71,9.33961234994,0.170654,61.45415649,-979,1949,62.8,2026-06-24,-3.53,38.6,False
3104,600300,维维股份,2.87,-1.37,0.37,13.79,2.942609026392,0.287156,58.49359254,-1497,2761,72.0,2026-06-24,-2.47,42.1,False
3105,600301,华锡有色,61.34,-2.37,1.48,53.33,62.513230506313,0.3216936,68.07257855,-275,731,87.2,2026-06-24,-1.88,59.4,False
3106,600302,ST标准,8.24,-2.14,0.49,-34.57,8.493152721935,0.263853137255,43.06603041,-416,5168,62.4,2026-06-24,-2.98,26.9,False
3107,600303,曙光股份,2.56,-1.92,0.94,-7.26,2.635802787025,0.2279624,54.95513586,551,3740,68.4,2026-06-24,-2.88,37.6,False
3108,600305,恒顺醋业,6.61,-1.78,0.16,27.39,6.751275318674,0.2434124,63.26684751,-358,1538,79.2,2026-06-24,-2.09,50.1,False
3109,600307,酒钢宏兴,1.43,-1.38,0.19,-12.31,1.460450663763,0.3733548,49.08916554,57,4867,68.0,2026-06-24,-2.09,33.4,False
3110,600308,华泰股份,3.08,-1.6,0.19,51.06,3.143866325063,0.227752,50.17785878,-97,4723,63.6,2026-06-24,-2.03,31.9,False
3111,600309,万华化学,72.46,-3.0,0.39,15.25,74.878194326485,0.429944,73.11087307,41,272,90.4,2026-06-24,-3.23,66.1,False
3112,600310,广西能源,4.14,-1.43,0.93,-44.06,4.140315720478,0.2989416,51.45786793,603,4495,80.8,2026-06-24,-0.01,41.6,False
3113,600312,平高电气,17.99,-1.32,0.24,14.71,18.185280483054,0.3092952,60.58598008,30,2190,77.2,2026-06-24,-1.07,46.8,False
3114,600313,农发种业,5.36,-1.65,0.48,82.03,5.489622963395,0.2171672,52.00859795,-243,4392,70.4,2026-06-24,-2.36,36.6,False
3115,600315,上海家化,16.87,-1.63,0.17,12.76,17.32654258868,0.226824,59.01761029,-1070,2600,73.2,2026-06-24,-2.63,43.2,False
3116,600316,洪都航空,26.75,0.6,0.42,829.23,26.547004978062,0.2649332,53.71701549,-461,4028,74.0,2026-06-24,0.76,39.8,False
3117,600318,新力金融,6.27,-1.1,0.97,39.63,6.47263672928,0.205362,54.18679049,-2013,3911,74.8,2026-06-24,-3.13,40.5,False
3118,600319,亚星化学,6.48,-2.56,0.31,-11.83,6.630683821925,0.1331056,53.77085875,-192,4015,62.8,2026-06-24,-2.27,33.8,False
3119,600320,振华重工,4.34,0.7,0.35,15.15,4.32932591029,0.287252,59.38366273,-754,2503,74.4,2026-06-24,0.25,44.2,False
3120,600322,津投城开,2.74,0.74,2.27,6625.57,2.788552375212,0.3504016,58.7204109,-2181,2688,83.6,2026-06-24,-1.74,49.1,False
3121,600323,瀚蓝环境,27.21,-0.95,0.16,9.58,27.961369232646,0.174931923077,67.34128313,599,821,70.8,2026-06-24,-2.69,47.7,False
3122,600325,华发股份,2.35,-0.42,0.52,-1.71,2.391543978196,0.306534,50.30412282,-244,4699,69.2,2026-06-24,-1.74,34.8,False
3123,600326,西藏天路,6.76,-0.88,0.23,-61.98,6.844757552187,0.2196436,50.8892412,-82,4596,71.6,2026-06-24,-1.24,36.4,False
3124,600327,大东方,3.24,-1.22,0.18,39.51,3.298274639447,0.1386332,55.35461149,499,3632,70.0,2026-06-24,-1.77,38.7,False
3125,600328,XD中盐化,6.4,-2.88,0.58,-15.2,6.63553367921,0.3325024,59.24895766,1487,2533,71.2,2026-06-24,-3.55,42.2,False
3126,600329,达仁堂,36.72,-3.19,0.25,16.68,38.177374202624,0.2576328,64.26151236,1279,1314,78.0,2026-06-24,-3.82,50.1,False
3127,600330,天通股份,35.6,10.01,7.64,-262.34,32.459106536449,0.4059844,58.60565159,571,2722,90.4,2026-06-24,9.68,53.0,False
3128,600331,宏达股份,11.35,-4.06,1.23,-222.39,12.048437459708,0.3631792,58.08325508,-7,2880,72.4,2026-06-24,-5.8,42.1,False
3129,600332,白云山,20.23,-2.13,0.17,4.61,20.859595387424,0.2843436,61.96002586,71,1831,80.0,2026-06-24,-3.02,49.6,False
3130,600333,长春燃气,5.12,-2.66,0.6,40.63,5.313554288465,0.2421956,59.94098384,436,2342,69.6,2026-06-24,-3.64,41.7,False
3131,600335,国机汽车,4.94,-3.33,0.53,14.58,5.207167903838,0.2514192,63.53463806,743,1459,71.2,2026-06-24,-5.13,45.2,False
3132,600336,澳柯玛,6.25,-1.42,0.24,33.27,6.311310554699,0.2062336,52.32814042,76,4324,68.4,2026-06-24,-0.97,35.8,False
3133,600337,ST美克,3.1,-0.32,0.37,-5.26,3.048355085329,0.363433921569,54.16740746,350,3915,63.2,2026-06-24,1.69,34.2,False
3134,600338,西藏珠峰,17.08,-4.31,2.31,21.71,17.505382339693,0.3303848,65.70076952,1870,1073,77.2,2026-06-24,-2.43,50.7,False
3135,600339,中油工程,3.17,-2.16,0.25,21.01,3.262658333651,0.2595224,59.34396774,-164,2514,67.2,2026-06-24,-2.84,39.9,False
3136,600340,*ST华幸,1.18,-3.28,0.46,-0.68,1.236879297778,0.40352254902,51.9155575,-1665,4414,70.0,2026-06-24,-4.6,36.3,False
3137,600343,航天动力,25.04,1.75,1.42,-179.69,24.133542967871,0.2937924,55.49817045,1451,3593,71.2,2026-06-24,3.76,39.5,False
3138,600345,长江通信,72.25,1.56,2.43,331.81,71.30900560028,0.418934,64.56748871,-725,1265,90.8,2026-06-24,1.32,58.6,False
3139,600346,恒力石化,17.96,-2.6,0.17,8.08,18.747213875009,0.295724,69.36008554,-18,586,82.4,2026-06-24,-4.2,57.2,False
3140,600348,华阳股份,7.94,-2.82,0.26,14.81,8.176239507707,0.2753308,53.38806557,72,4103,72.8,2026-06-24,-2.89,38.9,False
3141,600350,山东高速,10.55,-0.28,0.03,15.27,10.47706232803,0.0757956,62.0505661,537,1805,70.8,2026-06-24,0.7,43.9,False
3142,600351,亚宝药业,5.85,-2.82,0.52,9.49,6.068638335723,0.1960072,58.94475316,-1812,2618,70.4,2026-06-24,-3.6,41.5,False
3143,600352,浙江龙盛,12.91,2.14,1.14,19.55,12.424365245417,0.430684,69.80588828,922,544,90.0,2026-06-24,3.91,62.8,False
3144,600353,旭光电子,49.85,-5.77,3.43,309.52,51.450513811259,0.4792104,64.63528155,-797,1246,94.4,2026-06-24,-3.11,61.0,False
3145,600354,敦煌种业,4.88,-1.81,0.56,13.63,4.993786336857,0.1714372,54.17973117,7,3913,70.4,2026-06-24,-2.28,38.1,False
3146,600356,恒丰纸业,7.86,-1.87,0.46,11.38,8.110753479125,0.1232668,61.34199051,-409,1984,61.2,2026-06-24,-3.09,37.5,False
3147,600358,国旅联合,5.48,-1.08,0.18,-109.27,5.437600753432,0.300306862745,58.17953257,1551,2856,66.4,2026-06-24,0.78,38.6,False
3148,600359,新农开发,5.66,-2.41,0.38,24.15,5.848587913423,0.124652,48.568596,-855,4913,68.8,2026-06-24,-3.22,33.4,False
3149,600360,华微电子,13.46,0.75,3.7,55.81,13.474628979278,0.387170196078,62.21457558,-1460,1766,93.2,2026-06-24,-0.11,58.0,False
3150,600361,创新新材,3.81,-2.81,0.44,13.35,3.879342770412,0.3364904,66.27448382,1398,964,74.0,2026-06-24,-1.79,49.0,False
3151,600362,江西铜业,45.89,-3.04,1.28,14.1,46.912528679589,0.3861928,69.3948845,-231,582,91.2,2026-06-24,-2.18,63.3,False
3152,600363,联创光电,31.37,-1.66,0.91,42.77,31.925100288873,0.2261032,56.52639519,-26,3327,75.6,2026-06-24,-1.74,42.7,False
3153,600365,ST通葡,2.43,-1.62,0.33,-23.94,2.537249326231,0.1739136,48.3156654,-622,4933,67.2,2026-06-24,-4.23,32.5,False
3154,600366,宁波韵升,15.48,0.98,2.41,36.5,15.159538940822,0.3424656,78.01745747,-4,69,91.2,2026-06-24,2.11,71.2,False
3155,600367,红星发展,52.88,3.69,5.77,157.41,51.694372783326,0.3580672,58.15603841,-311,2861,90.4,2026-06-24,2.29,52.6,False
3156,600368,五洲交通,3.49,-1.97,0.12,7.12,3.535799767449,0.2846744,59.20615966,1376,2550,70.0,2026-06-24,-1.3,41.4,False
3157,600369,西南证券,4.06,-0.49,0.3,21.73,4.128004127019,0.3152432,56.9489606,-688,3187,78.4,2026-06-24,-1.65,44.6,False
3158,600370,*ST三房,1.5,-5.06,0.78,46.07,1.550036382169,0.339767058824,53.35983828,656,4109,63.6,2026-06-24,-3.23,33.9,False
3159,600371,万向德农,6.46,-1.52,0.3,452.08,6.643483841242,0.1157732,51.22756399,357,4537,69.2,2026-06-24,-2.76,35.4,False
3160,600372,中航机载,11.11,2.68,0.33,74.64,10.820441633065,0.332632,62.32450985,357,1735,73.6,2026-06-24,2.68,45.9,True
3161,600373,中文传媒,6.8,-1.45,0.12,21.07,6.985682798867,0.1845116,49.07413216,-128,4870,70.4,2026-06-24,-2.66,34.5,False
3162,600375,汉马科技,3.71,-0.8,0.35,54.78,3.766496660661,0.2991864,53.41068576,-281,4098,73.2,2026-06-24,-1.5,39.1,False
3163,600376,首开股份,3.31,0.3,0.61,-2.83,3.287340289527,0.2695056,49.99578646,-15,4748,74.4,2026-06-24,0.69,37.2,False
3164,600377,宁沪高速,11.76,-0.51,0.04,10.84,11.908850127406,0.183448,62.64615669,-3,1667,74.0,2026-06-24,-1.25,46.4,False
3165,600378,昊华科技,68.68,2.28,2.44,71.91,66.913611018978,0.4569472,66.91005994,120,877,91.6,2026-06-24,2.64,61.3,False
3166,600379,宝光股份,15.23,0.86,7.56,136.32,14.474233228437,0.3712996,70.11885439,-175,517,82.8,2026-06-24,5.22,58.1,False
3167,600380,健康元,9.69,-2.71,0.33,10.68,10.036556570472,0.2962796,66.15556796,630,989,74.4,2026-06-24,-3.45,49.2,False
3168,600381,*ST春天,5.44,0.0,0.15,-49.05,5.488451833262,0.3229392,53.66619877,-1017,4044,73.6,2026-06-24,-0.88,39.5,False
3169,600382,广东明珠,6.95,-4.66,1.33,20.55,7.319637230802,0.2797968,51.90203468,-175,4416,72.0,2026-06-24,-5.05,37.4,False
3170,600383,金地集团,2.18,-1.8,0.45,-3.62,2.248055839111,0.4242096,49.05779626,-213,4872,72.4,2026-06-24,-3.03,35.5,False
3171,600386,北巴传媒,3.21,-2.73,0.2,-69.16,3.326285337475,0.1415108,61.56288033,926,1929,64.8,2026-06-24,-3.5,39.9,False
3172,600388,龙净环保,15.46,-1.59,0.27,20.1,15.770171629204,0.2070872,57.90118731,-258,2922,70.4,2026-06-24,-1.97,40.8,False
3173,600389,江山股份,20.67,-4.7,0.59,12.18,21.744202464769,0.18242,60.31206396,800,2250,66.4,2026-06-24,-4.94,40.0,False
3174,600390,五矿资本,4.68,-1.06,0.23,18.51,4.755878419931,0.325192,54.84409612,-289,3767,75.6,2026-06-24,-1.6,41.5,False
3175,600391,航发科技,32.9,-0.51,0.6,-239.28,33.250567361132,0.1871752,52.29781482,75,4333,74.0,2026-06-24,-1.05,38.7,False
3176,600392,盛和资源,32.27,2.12,3.51,43.2,30.715995563779,0.3995304,68.9057599,-173,635,92.4,2026-06-24,5.06,63.7,False
3177,600395,盘江股份,4.75,-2.26,0.33,56.24,4.894505119295,0.246784,61.26287751,1234,2006,75.6,2026-06-24,-2.95,46.3,False
3178,600396,华电辽能,15.63,-0.89,2.06,36.49,15.528405788499,0.3297096,55.32913782,1044,3641,84.8,2026-06-24,0.65,46.9,False
3179,600397,江钨装备,25.24,-1.06,4.39,4685.9,25.014622081779,0.46087,56.08974199,-2707,3440,93.6,2026-06-24,0.9,52.5,False
3180,600398,海澜之家,5.42,-1.81,0.12,6.86,5.554786596687,0.1898584,63.49126624,-239,1470,74.0,2026-06-24,-2.43,47.0,False
3181,600399,抚顺特钢,4.32,-2.04,0.58,-14.54,4.367827996641,0.2727372,58.34487905,-109,2805,83.2,2026-06-24,-1.1,48.5,False
3182,600400,红豆股份,3.22,2.55,2.18,329.35,3.07915815145,0.3518244,66.63770211,-94,918,88.0,2026-06-24,4.57,58.6,False
3183,600403,大有能源,5.59,-2.1,1.08,-9.05,5.773621451551,0.2290408,44.25152858,-107,5140,83.2,2026-06-24,-3.18,36.8,False
3184,600405,动力源,4.5,-4.46,2.94,-19.59,4.683034292142,0.2938568,59.66908149,937,2422,86.0,2026-06-24,-3.91,51.3,False
3185,600406,国电南瑞,22.8,-0.65,0.17,63.47,23.076673900339,0.3803176,67.52132257,-24,800,84.4,2026-06-24,-1.2,57.0,False
3186,600408,安泰集团,2.39,-2.05,1.45,-12.05,2.465719714166,0.2173028,53.54102339,-248,4077,74.8,2026-06-24,-3.07,40.0,False
3187,600409,三友化工,6.76,-0.29,0.64,-38.12,6.843429158086,0.321494,62.95702394,884,1603,74.0,2026-06-24,-1.22,46.6,False
3188,600410,华胜天成,17.3,-2.32,1.52,-51.38,17.563035678877,0.2475448,54.18752304,233,3910,71.6,2026-06-24,-1.5,38.8,False
3189,600415,小商品城,10.07,0.2,0.4,13.94,10.214789048926,0.3231784,61.49098816,-1248,1939,76.0,2026-06-24,-1.42,46.7,False
3190,600416,湘电股份,10.24,-1.35,0.34,74.29,10.404051224202,0.2851356,53.16881457,498,4146,71.2,2026-06-24,-1.58,37.9,False
3191,600418,江淮汽车,28.69,-0.97,0.6,-26.68,29.046556080926,0.4241964,53.53579192,522,4079,75.2,2026-06-24,-1.23,40.3,False
3192,600419,天润乳业,7.65,-0.65,0.5,20.28,7.820405237499,0.12327,53.90881539,-1411,3978,69.6,2026-06-24,-2.18,37.5,False
3193,600420,国药现代,8.1,-2.64,0.18,19.62,8.411557172286,0.2552328,57.59643096,-122,3018,71.2,2026-06-24,-3.7,41.0,False
3194,600421,退市华嵘,,,0.0,1.6,0.246812213018,0.253853768116,56.30598176,-91,3389,60.0,2026-06-24,,33.8,False
3195,600422,昆药集团,7.77,-3.72,0.33,-10.37,8.172597283444,0.1964196,53.68798865,287,4036,72.4,2026-06-24,-4.93,38.9,False
3196,600423,*ST柳化,2.22,-4.31,0.22,119.26,2.354859241701,0.207269803922,55.39706501,-250,3620,62.0,2026-06-24,-5.73,34.3,False
3197,600425,青松建化,3.33,-2.35,0.21,-49.94,3.423188826065,0.3109656,62.88417993,795,1617,70.0,2026-06-24,-2.72,44.0,False
3198,600426,华鲁恒升,25.23,-3.96,0.44,11.95,26.417813848432,0.2914112,65.45773922,766,1102,73.2,2026-06-24,-4.5,47.9,False
3199,600428,中远海特,8.23,0.86,0.53,13.91,8.32930191233,0.30369,63.0679455,-649,1570,78.0,2026-06-24,-1.19,49.2,False
3200,600429,三元股份,4.17,-0.71,0.13,15.6,4.226717019447,0.144134,52.68812266,445,4241,64.4,2026-06-24,-1.34,33.9,False
3201,600433,冠豪高新,3.2,-1.84,0.5,7.78,3.247262074551,0.3497312,50.78476759,450,4616,68.4,2026-06-24,-1.46,34.7,False
3202,600435,北方导航,11.29,-1.31,0.3,-271.47,11.406857714719,0.228252,57.79489545,100,2953,70.8,2026-06-24,-1.02,40.9,False
3203,600436,片仔癀,107.72,-1.57,0.15,21.85,110.910803385724,0.2800244,59.05392038,-594,2584,84.0,2026-06-24,-2.88,49.6,False
3204,600438,通威股份,12.25,0.08,0.3,-5.64,12.201807263478,0.2828736,54.29711433,394,3887,72.0,2026-06-24,0.39,39.1,False
3205,600439,瑞贝卡,2.16,3.85,1.51,159.47,2.106554044528,0.2039668,48.65482192,-55,4906,76.8,2026-06-24,2.54,37.4,False
3206,600444,国机通用,13.4,-1.69,0.49,51.9,13.722843008138,0.210082,59.74148954,1254,2400,65.2,2026-06-24,-2.35,39.0,False
3207,600446,金证股份,10.99,-1.7,0.56,-52.83,11.349971391988,0.2657124,52.14552041,-140,4371,70.4,2026-06-24,-3.17,36.7,False
3208,600448,华纺股份,2.63,-1.13,0.73,-14.71,2.705950590323,0.1690916,56.22826399,-241,3406,68.0,2026-06-24,-2.81,38.2,False
3209,600449,宁夏建材,12.25,-0.08,1.03,-323.57,12.416526806782,0.2096104,60.00105714,-227,2326,68.8,2026-06-24,-1.34,41.3,False
3210,600452,涪陵电力,9.61,-0.83,0.41,28.77,9.760645372888,0.2653728,52.32073461,-1171,4325,70.4,2026-06-24,-1.54,36.8,False
3211,600455,博通股份,22.2,-1.99,0.71,20.36,23.075410846792,0.1499448,61.685099,683,1899,66.0,2026-06-24,-3.79,40.7,False
3212,600456,宝钛股份,27.72,-4.38,0.97,56.2,28.8959512506,0.329082,55.8500965,-1312,3506,86.0,2026-06-24,-4.07,48.0,False
3213,600458,时代新材,16.68,8.45,3.46,24.53,15.498803147207,0.25355,62.50955267,-836,1699,80.0,2026-06-24,7.62,50.0,False
3214,600459,贵研铂业,26.52,2.79,3.54,24.57,25.641318639676,0.4185292,65.05662192,-418,1174,88.0,2026-06-24,3.43,57.2,False
3215,600460,士兰微,49.63,-0.76,3.51,98.87,49.642688278249,0.4450272,72.5981387,-139,303,95.2,2026-06-24,-0.03,69.1,False
3216,600461,洪城环境,9.1,-0.33,0.09,9.24,9.166001195907,0.1368296,64.01231991,474,1361,65.2,2026-06-24,-0.72,41.7,False
3217,600463,空港股份,7.9,-1.74,0.5,91.53,8.159194421372,0.1130948,51.80055723,-53,4435,69.2,2026-06-24,-3.18,35.8,False
3218,600467,好当家,2.07,-1.43,0.38,96.46,2.115324355808,0.38984,61.19488172,-345,2024,68.4,2026-06-24,-2.14,41.9,False
3219,600468,百利电气,5.47,-2.32,0.38,58.26,5.575811693277,0.155764,51.15962266,-159,4550,69.2,2026-06-24,-1.9,35.4,False
3220,600469,风神股份,5.41,-1.1,0.17,23.65,5.424994747034,0.2189788,65.59691391,1033,1082,61.6,2026-06-24,-0.28,40.4,False
3221,600470,六国化工,6.25,-2.5,3.37,-9.02,6.346506756141,0.2916424,63.12322993,-1224,1560,90.4,2026-06-24,-1.52,57.1,False
3222,600475,华光环能,14.63,-1.48,0.22,30.1,14.66311430642,0.2534984,55.07335433,-1382,3708,69.2,2026-06-24,-0.23,38.1,False
3223,600476,*ST湘邮,8.97,-4.27,1.09,137.47,9.457722242614,0.251703333333,51.28927486,-421,4526,66.4,2026-06-24,-5.16,34.1,False
3224,600477,杭萧钢构,2.38,-0.83,0.24,64.09,2.412333651081,0.2592548,48.4028537,-89,4926,67.6,2026-06-24,-1.34,32.7,False
3225,600478,科力远,5.44,-1.63,0.32,58.45,5.550038471593,0.2338932,57.72613385,40,2976,70.4,2026-06-24,-1.98,40.6,False
3226,600479,千金药业,9.49,-2.27,0.39,15.57,9.753828333305,0.2442528,60.69895769,1157,2158,72.4,2026-06-24,-2.7,43.9,False
3227,600480,凌云股份,8.92,-1.55,0.36,17.77,9.096773855801,0.2254408,57.39487753,-319,3069,70.8,2026-06-24,-1.94,40.6,False
3228,600481,双良节能,4.44,1.6,1.21,-5.81,4.347176551538,0.275146,42.4166438,-20,5180,75.6,2026-06-24,2.14,32.1,False
3229,600482,中国动力,33.59,1.33,0.35,32.39,33.152789115322,0.2806068,61.80376905,-272,1876,77.2,2026-06-24,1.32,47.7,False
3230,600483,福能股份,11.11,-3.73,0.35,11.88,11.683902826115,0.4338352,73.02858707,-202,278,82.8,2026-06-24,-4.91,60.5,False
3231,600486,扬农化工,54.01,-2.98,0.26,13.41,56.362267755212,0.2660156,67.34558818,448,820,72.0,2026-06-24,-4.17,48.5,False
3232,600487,亨通光电,123.6,3.85,2.18,68.95,117.608173256761,0.5173848,70.52557997,-30,477,95.2,2026-06-24,5.09,67.1,False
3233,600488,津药药业,4.65,-6.63,4.43,91.37,5.043748100727,0.2801968,57.16280012,-1772,3133,77.6,2026-06-24,-7.81,44.4,False
3234,600489,中金黄金,19.03,-4.28,0.68,9.69,19.755956605524,0.3648036,65.65662415,583,1078,78.4,2026-06-24,-3.67,51.5,False
3235,600490,鹏欣资源,6.34,-5.23,0.94,31.8,6.64015522238,0.287688,59.31172131,1572,2520,70.4,2026-06-24,-4.52,41.8,False
3236,600491,ST龙元,1.06,-5.36,1.13,-3.14,1.133392173495,0.417442352941,46.86133387,-997,5044,67.2,2026-06-24,-6.48,31.5,False
3237,600493,凤竹纺织,5.41,-2.17,0.73,-54.47,5.683450692484,0.1371984,53.60586987,903,4055,62.8,2026-06-24,-4.81,33.7,False
3238,600495,晋西车轴,3.53,-1.94,0.17,2389.47,3.626992223391,0.205774,50.43544002,-1393,4683,67.6,2026-06-24,-2.67,34.1,False
3239,600496,精工钢构,3.16,-1.56,0.48,10.39,3.252296483288,0.2644708,53.72402024,-2038,4026,69.2,2026-06-24,-2.84,37.2,False
3240,600497,驰宏锌锗,12.21,0.91,4.48,23.25,11.470307319732,0.4906908,79.4106545,635,41,94.4,2026-06-24,6.45,75.0,False
3241,600498,烽火通信,85.98,4.52,2.37,760.4,81.748546870836,0.4789424,64.50132128,-607,1274,95.2,2026-06-24,5.18,61.4,False
3242,600499,科达制造,14.52,-1.02,0.17,11.87,14.604660206412,0.232186,73.14022552,545,268,68.8,2026-06-24,-0.58,50.3,False
3243,600500,中化国际,8.07,2.8,2.42,-33.55,7.852940315704,0.437076,59.50892647,1541,2464,81.6,2026-06-24,2.76,48.6,False
3244,600501,航天晨光,15.86,-0.81,0.55,-27.38,15.939052303837,0.18599,47.20599776,80,5020,70.8,2026-06-24,-0.5,33.4,False
3245,600502,安徽建工,4.51,-0.44,0.34,5.81,4.524452582133,0.1623728,65.86605385,630,1042,69.2,2026-06-24,-0.32,45.6,False
3246,600503,华丽家族,2.07,-0.96,0.43,-160.6,2.094472127076,0.2553,53.73548007,-364,4024,76.8,2026-06-24,-1.17,41.3,False
3247,600505,西昌电力,11.17,-2.87,1.29,327.05,11.651430445391,0.2153608,47.487697,42,4997,80.4,2026-06-24,-4.13,38.2,False
3248,600506,统一股份,15.48,-2.15,2.0,15.32,15.627079686112,0.2769756,64.98109052,-26,1182,83.2,2026-06-24,-0.94,54.1,False
3249,600507,方大特钢,3.97,-1.0,0.18,21.27,4.01036264208,0.1999872,59.50369183,126,2469,69.6,2026-06-24,-1.01,41.4,False
3250,600508,上海能源,7.68,-2.41,0.22,26.26,7.968156975897,0.2024912,50.81075939,-1053,4613,74.4,2026-06-24,-3.62,37.8,False
3251,600509,天富能源,8.47,-0.59,0.66,16.62,8.511128327015,0.3133924,60.18453564,-1134,2284,77.2,2026-06-24,-0.48,46.5,False
3252,600510,黑牡丹,7.32,-2.4,0.2,33.72,7.507021022675,0.2603696,56.62933184,-1119,3295,65.6,2026-06-24,-2.49,37.1,False
3253,600511,国药股份,26.1,-2.14,0.24,10.38,27.049554054368,0.2236156,63.08552286,-211,1567,79.2,2026-06-24,-3.51,50.0,False
3254,600512,腾达建设,1.93,-1.53,0.21,19.27,1.968309602965,0.2371812,54.49345987,-293,3838,66.0,2026-06-24,-1.95,36.0,False
3255,600513,联环药业,14.83,-3.89,1.17,164.73,15.680508804941,0.2107896,50.64450326,-2174,4637,69.6,2026-06-24,-5.42,35.2,False
3256,600515,海南机场,2.78,0.0,0.27,70.61,2.796181464981,0.33306,56.61607675,973,3300,70.4,2026-06-24,-0.58,39.9,False
3257,600516,方大炭素,6.4,4.07,1.69,727.12,6.141242796662,0.3436996,63.73323166,-266,1420,91.6,2026-06-24,4.21,58.4,False
3258,600517,国网英大,4.88,-1.21,0.13,17.9,4.939704376367,0.2893248,61.83851263,-743,1862,80.0,2026-06-24,-1.21,49.5,False
3259,600518,康美药业,1.27,-3.79,0.8,-265.08,1.333219926554,0.5567592,53.68053071,-893,4038,78.8,2026-06-24,-4.74,42.3,False
3260,600519,贵州茅台,1202.21,-0.45,0.08,13.79,1216.8391723951,0.5382808,71.37329616,-166,408,93.6,2026-06-24,-1.2,66.8,False
3261,600520,三佳科技,33.3,1.65,2.72,883.91,32.752449035159,0.2152416,63.4943514,335,1468,86.4,2026-06-24,1.67,54.9,False
3262,600521,华海药业,14.21,-3.46,0.42,13.16,14.881041301182,0.303916,59.48066972,-365,2474,74.4,2026-06-24,-4.51,44.3,False
3263,600522,中天科技,65.6,5.96,2.79,60.91,61.967871593368,0.4711528,67.98366003,-328,739,95.2,2026-06-24,5.86,64.7,False
3264,600523,贵航股份,10.84,-1.09,0.14,25.97,10.933144823177,0.2818956,60.66329871,1356,2167,66.4,2026-06-24,-0.85,40.3,False
3265,600525,ST长园,4.82,-1.63,0.21,144.46,4.911736896975,0.3391476,49.32067273,103,4840,67.2,2026-06-24,-1.87,33.1,False
3266,600526,菲达环保,4.24,-1.62,0.16,18.15,4.330659483252,0.2086324,60.16804848,981,2291,70.4,2026-06-24,-2.09,42.4,False
3267,600527,江南高纤,2.25,-0.88,0.65,124.19,2.298674326623,0.2510816,54.26366076,-1627,3896,68.0,2026-06-24,-2.12,36.9,False
3268,600528,中铁工业,6.78,-1.45,0.16,11.81,6.945188819267,0.2659024,59.31439381,-237,2519,70.0,2026-06-24,-2.38,41.5,False
3269,600529,山东药玻,18.07,-1.31,0.37,14.9,18.497014222842,0.2714176,69.29348474,-128,592,78.8,2026-06-24,-2.31,54.6,False
3270,600530,交大昂立,5.53,-0.36,0.48,-169.87,5.624992076282,0.2521172,46.10509594,-391,5082,68.0,2026-06-24,-1.69,31.4,False
3271,600531,豫光金铅,16.75,6.28,6.8,18.42,15.183012505966,0.4287536,79.11513016,488,46,92.8,2026-06-24,10.32,73.4,False
3272,600533,栖霞建设,1.97,-1.99,0.31,-9.35,2.018517327027,0.2045852,55.9668079,720,3479,66.0,2026-06-24,-2.4,36.9,False
3273,600535,天士力,13.48,-2.39,0.17,13.6,13.913977321685,0.2416316,67.29667637,831,827,74.8,2026-06-24,-3.12,50.3,False
3274,600536,中国软件,29.3,-1.35,0.37,-92.79,29.609105450164,0.2860288,55.97745382,-776,3475,77.6,2026-06-24,-1.04,43.4,False
3275,600537,*ST亿晶,2.53,-2.69,0.71,-11.43,2.552221814553,0.25478627451,45.31548919,30,5108,68.0,2026-06-24,-0.87,30.8,False
3276,600538,国发股份,5.72,-1.21,0.54,-99.29,5.804495064142,0.3581544,49.2081434,73,4852,64.4,2026-06-24,-1.46,31.7,False
3277,600539,狮头股份,13.65,-1.94,0.84,1491.4,13.886170831297,0.2314164,51.22877186,-481,4535,68.8,2026-06-24,-1.7,35.2,False
3278,600540,新赛股份,3.51,-0.85,2.71,12.2,3.607099228032,0.2141456,59.22835634,1157,2541,73.2,2026-06-24,-2.69,43.4,False
3279,600543,*ST莫高,3.79,-3.56,0.25,-33.94,3.965129582558,0.219004705882,51.43820818,-1523,4499,65.6,2026-06-24,-4.42,33.7,False
3280,600545,卓郎智能,6.31,-0.32,1.86,-93.73,6.348078408475,0.2711124,49.9580229,-89,4753,87.2,2026-06-24,-0.6,43.6,False
3281,600546,山煤国际,11.87,-2.06,0.25,13.73,12.129322276651,0.1454888,59.99584347,37,2332,79.6,2026-06-24,-2.14,47.8,False
3282,600547,山东黄金,23.75,-4.08,0.59,18.93,24.614951708632,0.3213964,61.16220519,337,2030,82.4,2026-06-24,-3.51,50.4,False
3283,600548,深高速,8.19,-1.09,0.02,10.2,8.301100908299,0.1325076,58.21985652,-1442,2850,66.0,2026-06-24,-1.34,38.4,False
3284,600549,厦门钨业,84.0,1.17,1.61,30.12,83.380375992487,0.469848,68.71731376,-432,651,92.0,2026-06-24,0.74,63.2,False
3285,600550,保变电气,12.16,-1.94,0.34,93.99,12.374873254181,0.2339132,59.04340011,126,2589,70.8,2026-06-24,-1.74,41.8,False
3286,600551,时代出版,6.84,-1.58,0.11,22.91,6.955950751652,0.135332,56.71823328,-176,3265,64.4,2026-06-24,-1.67,36.5,False
3287,600552,凯盛科技,28.35,1.8,5.64,239.8,26.14293989288,0.4582,75.62166367,509,138,94.8,2026-06-24,8.44,71.7,False
3288,600556,天下秀,4.59,-1.5,0.58,643.45,4.661991735329,0.2484824,56.72127694,-62,3264,70.8,2026-06-24,-1.54,40.2,False
3289,600557,康缘药业,11.26,-3.1,0.35,20.1,11.762353429446,0.1468128,60.26226881,428,2258,70.8,2026-06-24,-4.27,42.7,False
3290,600558,大西洋,5.05,-0.98,0.4,20.34,5.145163319962,0.2322472,62.40169194,-285,1725,69.2,2026-06-24,-1.85,43.2,False
3291,600559,老白干酒,11.51,-1.37,0.21,15.91,11.816274677059,0.169676,57.72874454,-125,2973,74.4,2026-06-24,-2.59,43.0,False
3292,600560,金自天正,11.3,-2.08,0.36,99.61,11.647541458743,0.130146,54.02071948,124,3952,67.6,2026-06-24,-2.98,36.5,False
3293,600561,江西长运,5.12,-1.54,0.38,-13.0,5.300093205626,0.0774284,57.239651,-689,3108,63.6,2026-06-24,-3.4,36.4,False
3294,600562,国睿科技,21.37,0.61,0.14,85.95,21.259317802294,0.2124912,68.33486305,-82,693,70.8,2026-06-24,0.52,48.4,False
3295,600563,法拉电子,185.08,3.54,3.38,38.88,174.665877810861,0.5558452,79.33798894,424,42,83.6,2026-06-24,5.96,66.3,False
3296,600566,济川药业,25.6,-4.66,0.22,14.74,26.921742636,0.2196172,67.45366484,234,807,75.2,2026-06-24,-4.91,50.7,False
3297,600567,山鹰国际,1.35,0.0,0.31,-4.28,1.359249688174,0.5497004,48.67625196,-907,4901,78.8,2026-06-24,-0.68,38.4,False
3298,600568,ST中珠,2.09,-2.79,0.39,-51.94,2.16964749115,0.285286,48.42999565,-27,4922,63.2,2026-06-24,-3.67,30.6,False
3299,600569,安阳钢铁,1.66,-2.35,0.11,-1.73,1.714864042661,0.2308936,47.87109392,134,4967,66.4,2026-06-24,-3.2,31.8,False
3300,600570,恒生电子,22.36,-1.02,0.32,76.28,22.636747335274,0.312436,63.05516982,-317,1575,76.4,2026-06-24,-1.22,48.2,False
3301,600571,信雅达,10.17,-1.83,0.4,-14.56,10.414597335305,0.2292004,55.80217712,-1232,3517,71.6,2026-06-24,-2.35,40.0,False
3302,600572,XD康恩贝,3.92,-2.24,0.51,12.54,4.03682551956,0.3825648,60.43033176,-500,2227,70.4,2026-06-24,-2.89,42.5,False
3303,600573,惠泉啤酒,9.57,-1.34,1.35,72.73,9.860224374067,0.1998656,51.67171283,-125,4464,71.6,2026-06-24,-2.94,37.0,False
3304,600575,淮河能源,3.33,-2.06,0.25,18.43,3.42015747578,0.3041644,59.12403263,-377,2567,75.2,2026-06-24,-2.64,44.5,False
3305,600576,祥源文旅,5.29,-0.94,0.36,77.09,5.399345362296,0.257984,57.58098456,419,3024,73.2,2026-06-24,-2.03,42.1,False
3306,600577,精达股份,10.1,-2.98,1.3,39.75,10.423751107691,0.3519208,56.53455462,223,3325,73.6,2026-06-24,-3.11,41.6,False
3307,600578,京能电力,7.03,-0.57,0.42,10.68,7.006241562526,0.2883692,60.72748588,-419,2143,83.6,2026-06-24,0.34,50.8,False
3308,600579,中化装备,7.89,10.04,3.04,-27.6,7.163509431733,0.2023876,52.20576024,-1383,4355,81.6,2026-06-24,10.14,42.6,False
3309,600580,卧龙电驱,34.64,-0.29,0.64,49.02,34.714463431768,0.288154,56.77582036,251,3243,81.6,2026-06-24,-0.21,46.3,False
3310,600581,*ST八钢,2.15,-4.87,0.65,-2.52,2.280020561839,0.2892132,46.56035742,-84,5067,69.2,2026-06-24,-5.7,32.2,False
3311,600582,天地科技,4.54,-2.37,0.13,10.85,4.680952037525,0.2893492,58.42978168,273,2779,75.6,2026-06-24,-3.01,44.2,False
3312,600583,海油工程,5.06,-3.62,0.39,12.76,5.300359116646,0.3212456,57.11717795,-83,3147,68.8,2026-06-24,-4.53,39.3,False
3313,600584,长电科技,104.17,10.0,4.65,160.54,92.445671393251,0.60205,81.55424828,1035,18,93.6,2026-06-24,12.68,76.3,False
3314,600585,海螺水泥,17.03,-1.33,0.23,15.37,17.334445445085,0.2817908,57.60289025,-118,3016,78.4,2026-06-24,-1.76,45.2,False
3315,600586,金晶科技,4.27,-2.06,0.41,-9.69,4.417392285611,0.2636792,51.83367115,-179,4423,76.8,2026-06-24,-3.34,39.8,False
3316,600587,新华医疗,11.78,-2.97,0.33,14.4,12.244848914268,0.1931044,62.90523978,-467,1612,71.2,2026-06-24,-3.8,44.8,False
3317,600588,用友网络,9.29,-1.48,0.25,-10.98,9.455212441693,0.2425296,51.69823575,89,4460,78.8,2026-06-24,-1.75,40.7,False
3318,600589,大位科技,10.35,0.88,2.61,-120.57,9.826470269802,0.3598132,57.55944224,2063,3029,76.8,2026-06-24,5.33,44.2,False
3319,600590,泰豪科技,10.88,-2.16,0.62,47.02,11.113062644863,0.1769424,53.6662663,653,4043,68.8,2026-06-24,-2.1,36.9,False
3320,600592,龙溪股份,14.16,-2.34,0.44,-5831.47,14.279334471551,0.1728892,52.87557212,-941,4206,73.2,2026-06-24,-0.84,38.7,False
3321,600593,大连圣亚,37.35,-0.35,1.42,77.56,38.23665440462,0.1651008,56.89928604,-2384,3203,80.8,2026-06-24,-2.32,46.0,False
3322,600594,益佰制药,3.04,-3.49,0.92,-20.38,3.210995120225,0.17783,53.36460306,-814,4108,66.0,2026-06-24,-5.33,35.2,False
3323,600595,中孚实业,5.74,-4.01,0.58,7.0,5.928267491243,0.2895792,61.10650882,508,2050,72.4,2026-06-24,-3.18,44.2,False
3324,600596,新安股份,17.27,-0.12,3.47,60.52,16.742092022936,0.4585612,72.61987427,494,302,91.2,2026-06-24,3.15,66.2,False
3325,600597,光明乳业,6.28,-1.41,0.13,32.47,6.433008817012,0.1526544,52.00240257,98,4394,73.6,2026-06-24,-2.38,38.3,False
3326,600598,北大荒,10.54,-6.06,2.02,8.06,11.238829144762,0.242144,58.973903,-807,2611,78.8,2026-06-24,-6.22,46.5,False
3327,600599,退市熊猫,,,0.0,1.96,0.413500800086,0.173525405405,58.0439344,99,2890,58.8,2026-06-24,,34.1,False
3328,600600,青岛啤酒,52.16,-0.06,0.25,9.88,52.523833504538,0.294166,62.33034153,99,1734,83.2,2026-06-24,-0.69,51.9,False
3329,600601,方正科技,13.53,1.81,1.3,62.41,13.326814098046,0.36155,63.85357294,-70,1398,87.6,2026-06-24,1.52,55.9,False
3330,600602,云赛智联,17.23,-2.16,0.52,132.24,17.546589610303,0.2362436,63.85235035,141,1399,71.2,2026-06-24,-1.8,45.5,False
3331,600603,广汇物流,4.22,-2.09,0.31,84.32,4.282763749764,0.3082256,55.0643618,910,3710,70.4,2026-06-24,-1.47,38.8,False
3332,600604,市北高新,3.99,-1.72,0.13,-24.44,4.090154139539,0.2094092,51.06337788,-921,4574,72.0,2026-06-24,-2.45,36.8,False
3333,600605,汇通能源,30.25,3.56,1.53,179.6,29.133456143353,0.369518,61.41893776,919,1960,60.0,2026-06-24,3.83,36.9,False
3334,600606,绿地控股,1.25,-2.34,0.27,21.51,1.292503294843,0.4235408,50.74300845,-138,4622,76.8,2026-06-24,-3.29,39.0,False
3335,600608,退市沪科,0.16,0.0,0.1,-7.89,0.172668258485,0.593147837838,48.97269476,-100,4879,60.8,2026-06-24,-7.34,29.8,False
3336,600609,金杯汽车,3.18,-0.63,0.41,20.01,3.249708456212,0.2184664,54.92609697,-243,3749,66.4,2026-06-24,-2.15,36.5,False
3337,600610,中毅达,6.77,-2.45,0.66,98.02,6.970736112063,0.1787512,55.44737017,-1318,3609,70.8,2026-06-24,-2.88,39.3,False
3338,600611,大众交通,3.97,-3.17,0.82,-14.11,4.12817265711,0.250304,47.73967253,-115,4977,75.2,2026-06-24,-3.83,35.9,False
3339,600612,老凤祥,32.6,-2.04,0.13,7.79,33.598568582851,0.1380524,63.267507,755,1537,69.2,2026-06-24,-2.97,43.8,False
3340,600613,神奇制药,4.59,-2.55,0.33,47.57,4.761606919818,0.1497024,57.83736458,460,2940,70.0,2026-06-24,-3.6,40.5,False
3341,600615,鑫源智造,9.37,-1.68,0.35,-126.44,9.630534361557,0.137348,56.10343056,694,3435,72.8,2026-06-24,-2.71,40.8,False
3342,600616,金枫酒业,3.94,-1.25,0.27,544.02,4.030675811242,0.1268988,50.76361013,-359,4617,68.8,2026-06-24,-2.25,34.9,False
3343,600617,国新能源,2.76,-1.43,0.47,10.59,2.806584519591,0.2624792,56.60510733,28,3304,66.8,2026-06-24,-1.66,37.8,False
3344,600618,氯碱化工,10.54,-2.04,0.35,14.81,10.778222883128,0.2115104,61.64001122,139,1913,69.2,2026-06-24,-2.21,42.7,False
3345,600619,海立股份,14.43,-0.89,0.59,53.46,14.575141304152,0.2339,59.41865741,914,2491,70.0,2026-06-24,-1.0,41.6,False
3346,600620,天宸股份,4.04,-0.49,0.27,-72.51,4.135525464718,0.1380204,54.29003207,635,3890,64.0,2026-06-24,-2.31,34.7,False
3347,600621,华鑫股份,13.11,-0.91,0.41,22.39,13.36601750435,0.264222,53.35688644,-258,4110,76.8,2026-06-24,-1.92,41.0,False
3348,600622,光大嘉宝,2.07,-0.48,0.6,-6.95,2.147284723237,0.2820296,53.16891119,549,4145,75.6,2026-06-24,-3.6,40.2,False
3349,600623,华谊集团,8.23,-3.97,0.39,26.02,8.581634363639,0.2495448,61.71951281,-1101,1890,70.8,2026-06-24,-4.1,43.7,False
3350,600624,ST复华,3.56,-3.0,0.24,-55.29,3.684174776119,0.2122148,47.99800655,-70,4958,70.0,2026-06-24,-3.37,33.6,False
3351,600626,申达股份,3.33,-2.35,0.32,-92.29,3.446275640441,0.2009784,55.48296518,-205,3598,66.8,2026-06-24,-3.37,37.1,False
3352,600628,新世界,5.75,-1.37,0.23,41.48,5.878398442955,0.1513944,57.43885534,-250,3058,67.2,2026-06-24,-2.18,38.6,False
3353,600629,DR华建集,12.44,-5.61,0.98,870.92,13.160252262044,0.2435476,51.24712504,-642,4530,68.8,2026-06-24,-5.47,35.3,False
3354,600630,龙头股份,9.72,1.36,2.56,41.72,9.612825111319,0.3270232,72.43096747,-71,318,84.4,2026-06-24,1.11,61.1,False
3355,600633,浙数文化,10.48,-0.38,0.32,20.76,10.541795463794,0.268492,52.661748,16,4251,70.4,2026-06-24,-0.59,37.1,False
3356,600635,大众公用,4.35,-1.14,0.47,63.17,4.430993640251,0.2306016,52.67898764,-105,4247,74.4,2026-06-24,-1.83,39.2,False
3357,600636,退市国化,,,0.0,-8.64,1.725635943465,0.101019565217,50.48672162,-50,4674,64.0,2026-06-24,,32.3,False
3358,600637,东方明珠,8.5,-0.35,0.27,115.9,8.52702862898,0.3404528,58.009801,-416,2898,76.4,2026-06-24,-0.32,44.3,False
3359,600638,新黄浦,4.65,-2.31,0.34,5.66,4.77851707558,0.2005468,55.90705159,163,3494,64.8,2026-06-24,-2.69,36.2,False
3360,600639,浦东金桥,9.45,-1.25,0.11,36.69,9.647868879018,0.2237348,60.86015689,-1077,2113,68.0,2026-06-24,-2.05,41.4,False
3361,600640,国脉文化,10.16,-1.55,0.17,255.48,10.342066656964,0.1974696,55.20070371,85,3674,70.0,2026-06-24,-1.76,38.6,False
3362,600641,先导基电,38.42,1.75,3.23,-538.08,36.840384096629,0.4625308,64.01500338,63,1359,92.4,2026-06-24,4.29,59.1,False
3363,600642,申能股份,8.91,-1.11,0.07,13.84,9.056151091123,0.2613804,62.65614751,123,1661,75.6,2026-06-24,-1.61,47.4,False
3364,600643,爱建集团,3.92,-1.26,0.28,197.76,4.036925109273,0.2153772,46.78882553,-36,5048,65.2,2026-06-24,-2.9,30.5,False
3365,600644,乐山电力,8.25,-3.28,0.88,-674.37,8.634821620085,0.2008984,43.73436396,-48,5154,70.0,2026-06-24,-4.46,30.6,False
3366,600645,中源协和,17.27,-2.98,0.68,83.33,18.145697298009,0.2510628,57.86575113,525,2933,70.0,2026-06-24,-4.83,40.5,False
3367,600648,外高桥,8.17,-0.97,0.06,187.39,8.362386492016,0.1880192,60.62383836,750,2183,66.4,2026-06-24,-2.3,40.3,False
3368,600649,城投控股,3.46,-0.86,0.17,298.13,3.527572601546,0.2608112,58.36642262,-252,2796,66.0,2026-06-24,-1.92,38.5,False
3369,600650,锦江在线,9.97,-1.38,0.16,99.53,10.143981801012,0.1809628,57.89055564,535,2925,69.6,2026-06-24,-1.72,40.3,False
3370,600651,飞乐音响,5.59,-1.24,0.21,555.29,5.675845071005,0.2274308,51.60150988,-1706,4478,68.0,2026-06-24,-1.51,35.1,False
3371,600653,申华控股,1.54,-1.28,0.19,-33.68,1.567642412596,0.2819408,57.90391205,257,2920,70.0,2026-06-24,-1.76,40.5,False
3372,600654,中安科,2.75,-0.36,0.59,69.73,2.778160784412,0.2088452,55.47460351,-1402,3600,67.6,2026-06-24,-1.01,37.5,False
3373,600655,豫园股份,4.17,-1.65,0.1,25.84,4.305891959297,0.1883652,55.54091651,-222,3577,74.0,2026-06-24,-3.16,41.1,False
3374,600657,信达地产,2.4,-1.64,0.23,-3.62,2.476702641186,0.2155644,50.03258967,-457,4745,68.8,2026-06-24,-3.1,34.4,False
3375,600658,电子城,3.95,-1.74,0.2,-9.43,4.053590066442,0.2513928,52.35976995,592,4317,67.6,2026-06-24,-2.56,35.4,False
3376,600660,福耀玻璃,47.82,-0.64,0.15,18.23,48.56814644589,0.288068,70.49493824,-85,478,82.4,2026-06-24,-1.54,58.1,False
3377,600661,昂立教育,7.13,-3.26,0.46,20.76,7.416554832264,0.116234,62.6799684,-147,1653,68.8,2026-06-24,-3.86,43.1,False
3378,600662,外服控股,4.05,-1.22,0.15,9.77,4.118584599816,0.210132,64.22636466,904,1319,66.8,2026-06-24,-1.67,42.9,False
3379,600663,陆家嘴,6.28,-1.1,0.07,39.68,6.443193022571,0.1103392,59.96135248,-133,2337,71.6,2026-06-24,-2.53,42.9,False
3380,600664,哈药股份,3.0,-3.85,0.9,11.72,3.171518109209,0.288686,60.72478622,-1514,2145,69.2,2026-06-24,-5.41,42.0,False
3381,600665,天地源,3.4,-1.73,0.53,-4.68,3.405776974733,0.2971284,58.83889538,1583,2652,71.6,2026-06-24,-0.17,42.1,False
3382,600666,奥瑞德,4.63,-2.32,1.79,-328.52,4.634378802772,0.3081616,56.78566972,-1986,3238,74.0,2026-06-24,-0.09,42.0,False
3383,600667,太极实业,25.31,10.0,0.51,102.49,22.539061545428,0.5812292,71.9318972,2068,363,92.4,2026-06-24,12.29,66.5,False
3384,600668,尖峰集团,6.84,-2.01,0.29,-38.54,6.992200454908,0.2583304,51.16409144,427,4549,66.4,2026-06-24,-2.18,34.0,False
3385,600671,天目药业,16.81,0.36,0.82,134.11,16.837226601394,0.2315488,54.07076937,-305,3940,71.2,2026-06-24,-0.16,38.5,False
3386,600673,东阳光,36.11,-0.63,0.61,227.78,34.773634686665,0.4459204,75.11386968,630,158,90.4,2026-06-24,3.84,67.9,False
3387,600674,川投能源,14.17,-0.7,0.09,11.89,14.295198172547,0.4422676,68.49622561,-84,676,79.6,2026-06-24,-0.88,54.5,False
3388,600675,中华企业,2.12,-0.47,0.1,-34.58,2.169885548265,0.2911836,52.18507343,-566,4359,65.6,2026-06-24,-2.3,34.2,False
3389,600676,交运股份,6.78,-0.29,0.27,-28.25,6.820324469764,0.3457292,62.75777999,-771,1636,75.2,2026-06-24,-0.59,47.2,False
3390,600678,ST金顶,6.73,2.44,2.51,316.98,6.662722157942,0.357489411765,60.92398752,928,2093,69.2,2026-06-24,1.01,42.2,False
3391,600679,上海凤凰,8.71,-1.14,0.19,89.16,8.845360590755,0.1277676,53.5318403,-144,4080,75.6,2026-06-24,-1.53,40.5,False
3392,600681,百川能源,3.29,-1.79,0.22,9.83,3.367411272977,0.1944288,56.09737383,-632,3438,64.8,2026-06-24,-2.3,36.4,False
3393,600682,南京新百,5.53,-3.99,0.59,60.54,5.831532489562,0.238364,50.49083132,-548,4671,71.2,2026-06-24,-5.17,35.9,False
3394,600683,京投发展,12.4,-4.32,0.73,-17.9,12.769509985259,0.2532504,53.68914251,48,4034,66.4,2026-06-24,-2.89,35.6,False
3395,600684,珠江股份,3.04,-1.62,0.51,-129.49,3.144097751053,0.1862716,60.71657057,548,2150,67.6,2026-06-24,-3.31,41.0,False
3396,600685,中船防务,26.04,-0.69,0.21,23.23,26.236790819969,0.297636,62.65279314,-781,1665,72.4,2026-06-24,-0.75,45.4,False
3397,600686,金龙汽车,11.9,-1.57,0.45,14.22,12.063069114606,0.1961196,63.43037406,332,1484,71.6,2026-06-24,-1.35,45.4,False
3398,600688,上海石化,3.06,-1.29,0.44,19.43,3.0712633729,0.3425196,68.14755031,1442,719,81.2,2026-06-24,-0.37,55.3,False
3399,600689,上海三毛,10.35,-1.9,0.71,130.85,10.610987597043,0.1494968,60.82238541,703,2126,67.2,2026-06-24,-2.46,40.9,False
3400,600690,海尔智家,19.61,1.4,0.16,9.88,19.464974760452,0.2633056,66.41247046,-623,941,84.8,2026-06-24,0.75,56.3,False
3401,600691,潞化科技,2.35,-2.08,0.34,-28.65,2.423942336855,0.2457704,52.27058119,577,4341,66.8,2026-06-24,-3.05,34.9,False
3402,600692,亚通股份,5.57,-2.45,1.13,279.88,5.805817555412,0.1181444,55.98399771,-245,3472,66.8,2026-06-24,-4.06,37.4,False
3403,600693,东百集团,8.18,0.99,1.29,39.52,8.045197889779,0.1995316,53.91490934,170,3976,76.8,2026-06-24,1.68,41.4,False
3404,600694,大商股份,13.66,-1.44,0.25,4.71,13.959818729193,0.1432584,63.22286336,897,1546,66.4,2026-06-24,-2.15,42.0,False
3405,600696,退市岩石,,,0.0,-1.86,0.740653412541,0.092040289855,51.01336782,57,4583,64.0,2026-06-24,,32.6,False
3406,600697,欧亚集团,9.9,-2.27,0.57,109.49,10.258388495621,0.0636108,53.04873326,-401,4172,65.6,2026-06-24,-3.49,34.8,False
3407,600698,湖南天雁,6.1,-0.81,0.39,881.17,6.200431610335,0.182468,50.08175971,-118,4737,74.8,2026-06-24,-1.62,37.5,False
3408,600699,均胜电子,22.47,-1.27,0.81,21.67,22.857225159793,0.3114544,56.58543453,427,3316,72.4,2026-06-24,-1.69,41.0,False
3409,600702,舍得酒业,36.0,-2.7,1.67,12.91,37.579258226657,0.242004,53.79374877,-1167,4008,78.8,2026-06-24,-4.2,42.4,False
3410,600703,三安光电,22.17,1.65,5.48,409.7,21.038531555368,0.57584,67.87110913,730,752,95.6,2026-06-24,5.38,64.9,False
3411,600704,物产中大,4.86,-1.82,0.24,6.47,4.933564928834,0.507624,69.76419084,-290,545,76.8,2026-06-24,-1.49,53.6,False
3412,600706,曲江文旅,7.05,-1.81,0.68,-31.17,7.282640122558,0.1324436,51.22780786,-362,4536,71.6,2026-06-24,-3.19,36.7,False
3413,600707,彩虹股份,14.1,4.75,3.26,2287.03,13.621527618567,0.3785556,60.0797798,-1809,2314,95.2,2026-06-24,3.51,57.2,False
3414,600708,光明地产,3.38,0.9,0.54,-8.04,3.31833728022,0.3564908,61.92632307,-12,1841,78.0,2026-06-24,1.86,48.3,False
3415,600710,苏美达,10.05,-1.18,0.1,10.56,10.255310521252,0.2094132,64.89659615,-37,1201,67.2,2026-06-24,-2.0,43.6,False
3416,600711,盛屯矿业,11.77,-3.37,1.3,8.91,12.042120819735,0.3697572,64.40482744,430,1290,78.0,2026-06-24,-2.26,50.2,False
3417,600712,南宁百货,4.75,-1.25,0.42,235.78,4.881675009537,0.2520156,49.63252974,-129,4794,69.6,2026-06-24,-2.7,34.5,False
3418,600713,南京医药,4.94,-2.56,0.29,9.25,5.106330518926,0.2077828,57.10821552,-2122,3150,68.0,2026-06-24,-3.26,38.8,False
3419,600714,金瑞矿业,22.55,-0.84,1.33,-1500.84,22.973819726056,0.2818752,51.66648336,140,4466,71.2,2026-06-24,-1.84,36.8,False
3420,600715,文投控股,1.55,-0.64,0.26,-485.77,1.580346026007,0.3877512,46.86803683,131,5042,65.6,2026-06-24,-1.92,30.7,False
3421,600716,凤凰股份,3.46,-1.7,0.21,-28.78,3.536079113104,0.30795,55.10145443,1028,3696,64.8,2026-06-24,-2.15,35.7,False
3422,600717,天津港,4.01,-3.37,0.46,8.22,4.208414203693,0.183214745763,61.2437486,-1324,2013,76.0,2026-06-24,-4.71,46.5,False
3423,600718,东软集团,7.49,-1.71,0.27,-15.19,7.652153914743,0.2055664,55.33873639,-1227,3640,71.6,2026-06-24,-2.12,39.6,False
3424,600719,大连热电,8.8,-6.48,4.55,9.38,9.383672919934,0.282302,57.15181102,-2173,3135,88.4,2026-06-24,-6.22,50.5,False
3425,600720,中交设计,4.98,-1.97,0.21,39.99,5.116002299599,0.1550352,57.10162767,-11,3154,70.8,2026-06-24,-2.66,40.4,False
3426,600721,百花医药,6.71,-5.09,1.47,97.11,7.141409931033,0.219158,56.84934922,1195,3216,70.4,2026-06-24,-6.04,40.0,False
3427,600722,金牛化工,8.47,-2.42,1.23,110.41,8.773498352007,0.1662208,50.74850614,-449,4621,69.2,2026-06-24,-3.46,35.1,False
3428,600724,宁波富达,6.0,5.26,1.26,36.1,5.690841217934,0.2182852,55.08956386,166,3700,62.4,2026-06-24,5.43,34.4,False
3429,600725,云维股份,3.18,0.32,0.47,-608.57,3.224316203712,0.269224,48.03905683,-223,4954,64.0,2026-06-24,-1.37,30.7,False
3430,600726,华电能源,7.87,-0.13,0.38,25.85,7.713985249843,0.2689712,62.9905622,-685,1592,84.8,2026-06-24,2.02,53.4,False
3431,600727,鲁北化工,7.48,-1.19,0.98,17.48,7.647188605734,0.2362944,64.06008636,1646,1348,75.2,2026-06-24,-2.19,48.2,False
3432,600728,佳都科技,4.41,-1.78,0.27,190.76,4.492443698486,0.2102512,59.58125634,28,2445,71.2,2026-06-24,-1.84,42.4,False
3433,600729,重百集团,18.92,-1.1,0.39,7.47,19.341840979552,0.140096,60.69576521,-362,2159,70.4,2026-06-24,-2.18,42.7,False
3434,600730,*ST高科,10.01,-3.47,1.23,-761.88,10.512908228499,0.422418823529,47.90457909,-54,4962,69.6,2026-06-24,-4.78,33.3,False
3435,600731,湖南海利,5.36,-3.07,0.36,16.63,5.525095671982,0.2742156,61.35278961,293,1979,64.4,2026-06-24,-2.99,39.5,False
3436,600732,爱旭股份,13.2,3.04,0.71,-15.89,12.771839973738,0.406536,62.73315871,2186,1641,80.4,2026-06-24,3.35,50.4,False
3437,600733,北汽蓝谷,5.22,0.0,0.42,-9.55,5.252355978908,0.3433976,60.4867438,44,2212,72.4,2026-06-24,-0.62,43.8,False
3438,600734,*ST实达,1.68,-4.55,1.13,-76.55,1.775398204857,0.290760392157,41.42253037,-215,5193,68.0,2026-06-24,-5.37,28.2,False
3439,600735,ST新华锦,5.61,-4.43,0.6,160.7,5.929639109337,0.242510879121,48.02686473,-139,4955,68.0,2026-06-24,-5.39,32.7,False
3440,600736,苏州高新,7.19,-1.91,0.8,9.62,7.266575951768,0.3497804,58.36405212,1106,2797,68.0,2026-06-24,-1.05,39.7,False
3441,600737,中粮糖业,11.08,-4.81,0.6,27.43,11.790062557958,0.341638,62.66895962,1774,1656,79.6,2026-06-24,-6.02,49.9,False
3442,600738,丽尚国潮,3.74,-1.58,0.2,11.6,3.823109031175,0.1234772,56.60274066,-364,3305,66.0,2026-06-24,-2.17,37.4,False
3443,600739,辽宁成大,10.28,-1.15,0.28,7.1,10.541694152457,0.3451432,63.31513982,625,1527,73.6,2026-06-24,-2.48,46.6,False
3444,600740,山西焦化,3.28,-2.67,0.41,-115.41,3.390686182086,0.3452244,61.25734548,-96,2009,71.2,2026-06-24,-3.26,43.6,False
3445,600741,华域汽车,16.36,-1.03,0.08,10.37,16.544900861415,0.341474,70.34744979,-178,498,76.4,2026-06-24,-1.12,53.7,False
3446,600742,富维股份,7.38,-1.99,0.16,16.72,7.62117707677,0.1036008,56.67153684,5,3275,68.4,2026-06-24,-3.16,38.8,False
3447,600743,华远控股,2.23,-4.7,0.98,-135.03,2.388442197573,0.3338152,51.11404531,-1883,4558,75.6,2026-06-24,-6.63,38.6,False
3448,600744,华银电力,6.65,-1.92,1.45,24.39,6.802334985395,0.2496012,47.30572838,-1315,5009,82.4,2026-06-24,-2.24,39.0,False
3449,600745,*ST闻泰,16.04,1.07,1.24,-26.37,15.966288146647,0.312918431373,45.69761081,-956,5095,78.4,2026-06-24,0.46,35.8,False
3450,600746,江苏索普,5.42,-2.34,0.27,46.41,5.61916192363,0.0825588,59.94260408,1407,2341,65.6,2026-06-24,-3.54,39.3,False
3451,600748,上实发展,3.83,-0.26,0.17,-15.11,3.866462791641,0.2327196,56.74138906,699,3255,65.6,2026-06-24,-0.94,37.2,False
3452,600749,西藏旅游,14.16,-1.8,0.62,-40.18,14.476168254182,0.2151624,46.92034345,52,5036,69.6,2026-06-24,-2.18,32.7,False
3453,600750,华润江中,22.65,-1.91,0.17,12.5,23.50699369598,0.1690524,63.41402049,-1136,1490,76.8,2026-06-24,-3.65,48.7,False
3454,600751,海航科技,3.15,3.62,0.7,175.06,3.030081675582,0.270678,57.22658251,1134,3117,69.6,2026-06-24,3.96,39.8,False
3455,600753,ST海钦,11.25,-2.85,0.12,28.95,11.503734226422,0.254120980392,56.21067875,-74,3412,65.6,2026-06-24,-2.21,36.9,False
3456,600754,锦江酒店,18.77,-1.05,0.25,36.56,18.996124349998,0.1968916,62.80045837,739,1626,70.4,2026-06-24,-1.19,44.2,False
3457,600755,厦门国贸,5.58,-0.18,0.07,11.72,5.59365094549,0.186108,57.43700908,-14,3059,70.8,2026-06-24,-0.24,40.7,False
3458,600756,浪潮软件,12.71,-1.93,0.53,-12.87,13.019233545047,0.2048656,50.49087755,-166,4670,71.6,2026-06-24,-2.38,36.2,False
3459,600757,长江传媒,7.43,-0.27,0.07,6.74,7.470864067446,0.1706976,58.84664429,-155,2647,69.6,2026-06-24,-0.55,41.0,False
3460,600758,辽宁能源,3.28,-1.5,1.01,-9.38,3.369150544539,0.2601204,42.75559529,-374,5178,73.6,2026-06-24,-2.65,31.5,False
3461,600759,ST洲际,2.0,-4.76,1.86,18.72,2.115831779554,0.247199411765,51.68738354,-546,4461,70.0,2026-06-24,-5.47,36.2,False
3462,600760,中航沈飞,40.43,-0.47,0.09,173.71,40.699441469618,0.3739932,68.2691756,602,703,74.0,2026-06-24,-0.66,50.5,False
3463,600761,安徽合力,16.51,-1.14,0.28,11.29,16.815255090865,0.1947808,64.62534511,1117,1251,72.4,2026-06-24,-1.82,46.8,False
3464,600763,通策医疗,33.11,-2.87,0.53,19.81,34.600729108005,0.2647336,65.52577748,-159,1094,78.4,2026-06-24,-4.31,51.4,False
3465,600764,中国海防,18.06,-0.77,0.11,123.98,18.232225073676,0.134118,55.65658583,212,3558,70.4,2026-06-24,-0.94,39.2,False
3466,600765,中航重机,13.43,0.07,0.24,33.0,13.46984196463,0.322588,54.63425458,169,3804,73.6,2026-06-24,-0.3,40.2,False
3467,600768,宁波富邦,15.49,-0.39,0.98,18.51,15.636715835141,0.1502072,61.73438682,1286,1886,64.0,2026-06-24,-0.94,39.5,False
3468,600769,祥龙电业,21.0,4.58,3.34,414.41,20.587497388805,0.4104288,58.48780112,-1420,2762,82.8,2026-06-24,2.0,48.4,False
3469,600770,综艺股份,6.4,4.58,2.94,137.64,6.098101377343,0.3309216,66.23723303,1724,973,72.8,2026-06-24,4.95,48.2,False
3470,600771,广誉远,13.15,-2.81,0.39,24.11,13.801392720283,0.16629,54.59346493,-714,3816,73.2,2026-06-24,-4.72,40.0,False
3471,600773,西藏城投,14.34,-2.25,0.61,-64.32,14.386912044605,0.2822688,57.85119533,1955,2937,68.8,2026-06-24,-0.33,39.8,False
3472,600774,汉商集团,6.49,-2.55,0.39,-87.67,6.761044731922,0.0601764,48.66433986,-74,4902,65.6,2026-06-24,-4.01,31.9,False
3473,600775,南京熊猫,10.1,-5.61,1.97,-173.04,10.774660002789,0.235906,60.80235711,2633,2134,70.4,2026-06-24,-6.26,42.8,False
3474,600776,东方通信,15.05,2.45,0.83,109.52,14.706901304778,0.2195216,55.83259523,356,3512,80.8,2026-06-24,2.33,45.1,False
3475,600777,新潮能源,5.03,-7.88,0.42,59.91,5.637455038732,0.378589362745,62.45752113,-427,1709,84.8,2026-06-24,-10.78,53.0,False
3476,600778,友好集团,5.05,-1.56,0.72,18.61,5.234287047513,0.1003672,50.4424944,-20,4680,66.0,2026-06-24,-3.52,33.3,False
3477,600779,水井坊,28.12,-0.6,0.36,20.04,28.902799623872,0.2413056,55.6642908,51,3553,82.0,2026-06-24,-2.71,45.6,False
3478,600780,通宝能源,5.98,-2.13,0.37,9.96,6.092888456779,0.3595168,58.9437835,-23,2619,70.8,2026-06-24,-1.85,41.7,False
3479,600782,新钢股份,2.46,-1.99,0.4,-2.68,2.523760027191,0.3489816,55.28688432,1085,3652,68.8,2026-06-24,-2.53,38.0,False
3480,600783,鲁信创投,19.98,-0.7,0.7,-239.16,19.851781388402,0.3200344,56.21247314,-300,3411,72.8,2026-06-24,0.65,40.9,False
3481,600784,鲁银投资,6.7,-2.76,0.27,20.34,6.91139487487,0.2810164,55.68937006,208,3549,64.0,2026-06-24,-3.06,35.6,False
3482,600785,新华百货,10.53,-0.66,0.83,12.78,15.218878898681,0.2452576,63.69423128,-491,1428,68.8,2026-06-24,-30.81,43.8,False
3483,600787,XD中储股,4.26,-1.39,0.24,31.56,4.359623159202,0.2443048,56.84551282,-1233,3217,72.4,2026-06-24,-2.29,41.2,False
3484,600789,鲁抗医药,7.02,-3.04,0.64,34.44,7.354591558507,0.2576264,60.0956143,-43,2310,75.6,2026-06-24,-4.55,45.4,False
3485,600790,轻纺城,3.52,-1.4,0.18,3.69,3.547003944189,0.203566,59.69514447,1176,2415,63.6,2026-06-24,-0.76,38.0,False
3486,600791,京能置业,10.37,-1.71,1.17,-15.78,10.484942560104,0.3262368,52.61212876,116,4265,73.6,2026-06-24,-1.1,38.7,False
3487,600792,云煤能源,3.29,-1.79,0.63,-9.38,3.359764135562,0.2032836,58.09479843,129,2878,70.0,2026-06-24,-2.08,40.7,False
3488,600793,宜宾纸业,12.35,-2.76,2.1,-21.11,13.004153079257,0.2161936,54.69239366,-374,3796,81.2,2026-06-24,-5.03,44.4,False
3489,600794,保税科技,2.94,-1.34,0.16,38.09,3.001530092182,0.21947,51.04671096,322,4577,68.0,2026-06-24,-2.05,34.7,False
3490,600795,国电电力,4.65,-1.27,0.15,14.83,4.741721144431,0.4247076,61.97189649,-1017,1827,85.6,2026-06-24,-1.93,53.0,False
3491,600796,钱江生化,4.84,0.41,2.88,28.67,4.845646666043,0.1033232,59.72830323,-148,2403,63.2,2026-06-24,-0.12,37.7,False
3492,600797,浙大网新,6.69,-2.05,0.5,-36.11,6.819923100693,0.2326564,52.59124958,41,4274,77.6,2026-06-24,-1.91,40.8,False
3493,600798,宁波海运,3.35,-2.62,0.9,-122.06,3.500137581558,0.2938168,58.89146107,-73,2633,77.2,2026-06-24,-4.29,45.5,False
3494,600800,渤海化学,3.4,-1.73,0.64,-6.6,3.451170793387,0.292418,53.48069408,-564,4089,66.4,2026-06-24,-1.48,35.5,False
3495,600801,华新建材,17.43,-0.4,0.19,14.38,17.392763675236,0.1774692,70.13149836,67,515,72.8,2026-06-24,0.21,51.1,False
3496,600802,福建水泥,4.25,-1.16,0.4,-11.54,4.330965888888,0.1246076,48.7083389,242,4899,65.6,2026-06-24,-1.87,32.0,False
3497,600803,新奥股份,16.15,-1.7,0.04,19.08,16.443349882222,0.1357484,70.41802398,-216,484,69.2,2026-06-24,-1.78,48.7,False
3498,600805,悦达投资,4.31,-2.05,0.24,62.17,4.433539534112,0.2660056,55.50261425,-272,3591,66.8,2026-06-24,-2.79,37.1,False
3499,600807,济高发展,2.36,-2.48,0.43,-22.83,2.45641506263,0.2284576,48.62095703,-168,4908,68.8,2026-06-24,-3.93,33.5,False
3500,600808,马钢股份,2.56,-1.54,0.18,116.33,2.601355664057,0.3053072,55.96364749,278,3480,70.0,2026-06-24,-1.59,39.2,False
3501,600809,山西汾酒,105.33,-0.36,0.2,5.97,106.84795570558,0.3125964,63.59349517,-104,1447,83.2,2026-06-24,-1.42,52.9,False
3502,600810,神马股份,6.93,0.87,1.09,-60.31,6.799508760814,0.2786128,56.50498324,1268,3337,72.4,2026-06-24,1.92,40.9,False
3503,600812,华北制药,4.3,-4.23,0.45,52.0,4.538479673637,0.2541256,59.85391771,857,2366,72.4,2026-06-24,-5.25,43.3,False
3504,600814,杭州解百,6.35,-1.24,0.14,12.91,6.509481384819,0.1320392,58.75185744,-333,2677,66.4,2026-06-24,-2.45,39.0,False
3505,600815,厦工股份,2.67,1.14,1.1,-161.82,2.672579750763,0.2383096,41.12217663,-8,5197,64.4,2026-06-24,-0.1,26.5,False
3506,600816,建元信托,2.59,-1.15,0.35,6.26,2.639109986888,0.325494,61.38912497,-66,1966,70.8,2026-06-24,-1.86,43.5,False
3507,600817,宇通重工,9.0,-0.99,0.08,26.95,9.129594301104,0.1283028,62.64371877,343,1668,64.8,2026-06-24,-1.42,40.6,False
3508,600818,ST中路,5.76,0.35,0.78,-25.44,5.941347288465,0.420588039216,56.24576021,171,3404,68.8,2026-06-24,-3.05,38.7,False
3509,600819,耀皮玻璃,5.67,-2.41,0.29,57.23,5.8214939875,0.1623476,61.26800013,89,2004,72.4,2026-06-24,-2.6,44.4,False
3510,600820,隧道股份,5.26,-1.68,0.1,13.91,5.344235642966,0.251546,60.57401105,-974,2191,72.8,2026-06-24,-1.58,44.1,False
3511,600821,金开新能,6.46,-0.62,1.11,-165.48,6.432040568998,0.3612496,53.22368424,916,4134,68.8,2026-06-24,0.43,36.6,False
3512,600822,上海物贸,7.95,-1.61,0.18,167.68,8.170828790714,0.1101848,57.42812234,-218,3062,69.2,2026-06-24,-2.7,39.7,False
3513,600824,益民集团,3.41,-0.87,0.18,47.65,3.469132115793,0.1370172,57.34515171,-1706,3079,67.2,2026-06-24,-1.7,38.5,False
3514,600825,新华传媒,4.68,-2.5,0.29,927.39,4.862998898753,0.215084,50.54328691,-1423,4656,76.8,2026-06-24,-3.76,38.8,False
3515,600826,兰生股份,9.1,-1.19,0.29,-126.34,9.215681262338,0.1535056,61.05935992,-1315,2058,66.0,2026-06-24,-1.26,40.3,False
3516,600827,百联股份,7.74,-1.53,0.14,4.36,7.921695472812,0.261416,62.06890021,-257,1798,74.4,2026-06-24,-2.29,46.2,False
3517,600828,茂业商业,3.61,0.84,0.41,-84.81,3.621364951028,0.1732024,50.18641025,365,4722,73.6,2026-06-24,-0.31,36.9,False
3518,600829,人民同泰,7.96,-2.45,0.33,23.81,8.220714678687,0.1142788,60.73911198,87,2139,68.8,2026-06-24,-3.17,41.8,False
3519,600830,香溢融通,8.0,-2.32,0.35,35.96,8.18865780804,0.2248348,55.83380824,936,3510,68.4,2026-06-24,-2.3,38.2,False
3520,600831,广电网络,3.03,-2.88,0.29,-2.87,3.092565686936,0.1889884,53.58627098,654,4063,70.0,2026-06-24,-2.02,37.5,False
3521,600833,第一医药,9.35,-2.71,0.35,22.42,9.753058487118,0.0962092,59.1605899,713,2558,68.4,2026-06-24,-4.13,40.5,False
3522,600834,申通地铁,6.82,-1.02,0.11,199.37,6.914474895508,0.1393196,58.61710815,652,2720,68.4,2026-06-24,-1.37,40.1,False
3523,600835,上海机电,20.97,-0.05,0.29,29.59,21.091406059602,0.3023472,56.42287767,60,3357,78.8,2026-06-24,-0.58,44.5,False
3524,600838,上海九百,7.31,-1.88,0.35,74.28,7.507333723425,0.2259548,62.39270361,1290,1727,67.2,2026-06-24,-2.63,41.9,False
3525,600839,四川长虹,6.77,1.35,0.41,79.34,6.650286060258,0.2725048,58.49936359,-231,2758,71.6,2026-06-24,1.8,41.9,False
3526,600841,动力新科,6.45,-1.68,0.2,61.82,6.564127830918,0.1753136,60.2487102,-464,2264,69.2,2026-06-24,-1.74,41.7,False
3527,600843,上工申贝,8.72,-0.57,2.52,1372.13,8.512083127837,0.2382072,68.90993873,124,634,89.2,2026-06-24,2.44,61.5,False
3528,600844,金煤科技,2.48,-2.36,0.99,-55.6,2.581847352519,0.1789688,50.99190986,497,4585,64.8,2026-06-24,-3.94,33.0,False
3529,600845,宝信软件,17.18,-0.75,0.15,32.19,17.298933828061,0.2088204,60.85965319,133,2114,78.0,2026-06-24,-0.69,47.5,False
3530,600846,同济科技,9.67,-3.4,0.36,26.31,9.886033809036,0.2775896,65.08683799,347,1169,70.8,2026-06-24,-2.19,46.1,False
3531,600847,万里股份,14.09,-2.15,0.34,-37.48,14.700215914036,0.157492,54.89218801,239,3756,64.0,2026-06-24,-4.15,35.1,False
3532,600848,上海临港,7.6,-0.78,0.1,57.15,7.701879825688,0.2608236,61.67892557,409,1902,68.8,2026-06-24,-1.32,42.4,False
3533,600850,电科数字,18.77,0.32,0.44,126.48,18.747405276783,0.22793,58.8934712,-137,2630,74.0,2026-06-24,0.12,43.6,False
3534,600851,海欣股份,9.57,-5.15,5.53,99.79,10.343201149366,0.3722512,59.42482224,-2122,2489,86.0,2026-06-24,-7.48,51.1,False
3535,600853,龙建股份,3.13,-1.57,0.16,101.41,3.205090034419,0.1670764,59.88639108,-286,2355,69.6,2026-06-24,-2.34,41.7,False
3536,600854,春兰股份,4.16,-1.42,0.3,368.13,4.27314071377,0.2104732,63.38758132,-736,1500,65.6,2026-06-24,-2.65,41.6,False
3537,600855,航天长峰,14.17,-1.12,0.58,-44.54,14.224921841935,0.2566568,53.46636156,981,4092,69.2,2026-06-24,-0.39,37.0,False
3538,600857,宁波中百,17.36,10.01,3.27,51.11,15.436749746288,0.293758,70.10292079,521,519,72.8,2026-06-24,12.46,51.0,False
3539,600858,银座股份,4.5,-1.53,0.31,8.24,4.619202345887,0.1389904,55.4901931,-152,3596,65.2,2026-06-24,-2.58,36.2,False
3540,600859,王府井,9.49,-0.84,0.33,51.64,9.701554115264,0.2514996,51.80556777,-161,4433,74.4,2026-06-24,-2.18,38.5,False
3541,600860,京城股份,8.21,-2.15,0.43,-34.88,8.561789766749,0.1690424,51.20283839,-28,4541,70.8,2026-06-24,-4.11,36.3,False
3542,600861,北京人力,12.33,-1.44,0.06,6.64,12.494886964498,0.0912668,58.42897883,191,2780,66.0,2026-06-24,-1.32,38.6,False
3543,600862,中航高科,18.19,-0.87,0.26,25.25,18.228497849918,0.2888056,62.71741306,309,1644,82.4,2026-06-24,-0.21,51.7,False
3544,600863,华能蒙电,4.95,-1.2,0.7,13.96,5.034546134932,0.3155192,55.65671918,-546,3557,84.0,2026-06-24,-1.68,46.8,False
3545,600864,哈投股份,5.35,-0.74,0.54,35.02,5.45144158161,0.3155528,51.79283102,-216,4438,70.0,2026-06-24,-1.86,36.3,False
3546,600865,百大集团,8.57,-1.15,0.49,29.15,8.750731782489,0.1367156,52.9980034,-1067,4184,73.2,2026-06-24,-2.07,38.8,False
3547,600866,星湖科技,4.52,-3.21,0.61,-40.04,4.712844357904,0.2390024,61.08287122,1166,2052,70.0,2026-06-24,-4.09,42.8,False
3548,600867,通化东宝,7.59,-5.48,0.95,29.31,8.038842973172,0.266164,71.964851,249,360,77.2,2026-06-24,-5.58,55.6,False
3549,600868,梅雁吉祥,2.7,-1.82,0.57,-87.17,2.762949911589,0.2899096,43.7125666,-32,5156,76.0,2026-06-24,-2.28,33.2,False
3550,600869,远东股份,37.53,-0.64,1.39,215.5,37.640431335386,0.4274692,69.93000321,755,534,95.2,2026-06-24,-0.29,66.6,False
3551,600871,石化油服,2.07,-1.43,0.19,47.91,2.123309618276,0.3451312,55.34986211,-1286,3635,68.4,2026-06-24,-2.51,37.9,False
3552,600872,中炬高新,17.62,-0.11,0.46,12.98,17.591253278475,0.4014772,65.41346678,1555,1108,69.2,2026-06-24,0.16,45.3,False
3553,600873,梅花生物,7.77,-2.39,0.21,46.19,7.973320729097,0.2402908,56.1018639,297,3436,70.8,2026-06-24,-2.55,39.7,False
3554,600874,创业环保,5.53,-1.43,0.11,7.86,5.651358884178,0.1983688,62.51547529,-22,1697,69.2,2026-06-24,-2.15,43.3,False
3555,600875,东方电气,30.38,0.0,0.78,16.57,30.394910869587,0.3380864,64.76586546,-65,1224,76.0,2026-06-24,-0.05,49.2,False
3556,600876,凯盛新能,7.66,-1.54,1.03,-3.5,7.983105074792,0.1672348,51.17738013,-231,4547,83.2,2026-06-24,-4.05,42.6,False
3557,600877,电科芯片,16.66,2.84,2.27,-4080.75,15.465797639781,0.387104,67.35816722,835,819,80.8,2026-06-24,7.72,54.4,False
3558,600879,航天电子,19.57,1.61,1.4,516.08,18.940774648297,0.3092492,57.23249214,1204,3114,73.6,2026-06-24,3.32,42.1,False
3559,600880,博瑞传播,3.82,-1.8,0.41,149.42,3.890803248217,0.2175052,55.20058284,-79,3675,69.2,2026-06-24,-1.82,38.2,False
3560,600881,亚泰集团,1.56,-3.11,1.26,-5.61,1.655171188372,0.4148196,52.66395347,-2371,4250,86.8,2026-06-24,-5.75,45.7,False
3561,600882,妙可蓝多,16.65,-2.69,0.6,28.1,17.508696910287,0.2186888,54.30544668,110,3881,74.4,2026-06-24,-4.9,40.4,False
3562,600883,博闻科技,7.48,0.67,1.25,43.05,7.530074950911,0.1169756,61.91294973,402,1846,63.6,2026-06-24,-0.66,39.4,False
3563,600884,杉杉股份,14.22,-2.54,1.07,24.16,14.465167247464,0.3546472,65.51613658,-26,1095,82.0,2026-06-24,-1.69,53.7,False
3564,600885,宏发股份,34.35,1.03,0.18,27.44,33.599799058561,0.2974156,74.34364001,60,191,81.6,2026-06-24,2.23,60.7,False
3565,600886,国投电力,13.01,-1.21,0.1,12.29,13.184948206807,0.3786368,68.85932453,-172,640,82.0,2026-06-24,-1.33,56.5,False
3566,600887,伊利股份,24.38,-0.08,0.2,7.15,24.647909402415,0.4236792,69.26347721,-74,598,88.4,2026-06-24,-1.09,61.2,False
3567,600888,新疆众和,16.12,10.03,3.78,23.65,13.908289180995,0.4487116,76.88155113,29,94,86.8,2026-06-24,15.9,66.7,False
3568,600889,*ST京化,15.2,-1.3,0.21,183.45,15.435075201917,0.348870196078,51.40487298,-1100,4503,67.6,2026-06-24,-1.52,34.7,False
3569,600892,*ST大晟,3.41,-4.48,0.37,-27.96,3.569175324989,0.321874,50.19341392,-1679,4720,66.4,2026-06-24,-4.46,33.3,False
3570,600893,XD航发动,39.16,0.1,0.32,10196.71,39.319510316773,0.3125336,59.61638839,285,2432,74.4,2026-06-24,-0.41,44.4,False
3571,600894,广日股份,8.22,-2.14,0.11,193.0,8.361893797523,0.2301008,69.24491501,699,601,64.8,2026-06-24,-1.7,44.9,False
3572,600895,张江高科,33.07,-1.02,0.54,153.31,33.195917630452,0.3887076,69.95750138,1708,531,76.4,2026-06-24,-0.38,53.4,False
3573,600897,厦门空港,14.6,0.0,0.11,12.96,14.649170121371,0.1543308,59.58310384,-819,2444,64.4,2026-06-24,-0.34,38.4,False
3574,600900,长江电力,26.31,-1.09,0.13,23.8,26.678877947493,0.4467028,69.38248617,-200,584,91.6,2026-06-24,-1.38,63.6,False
3575,600901,江苏金租,5.94,-0.5,0.08,10.47,5.981934080898,0.215622,58.88478089,-24,2637,67.6,2026-06-24,-0.7,39.8,False
3576,600903,贵州燃气,7.18,-1.1,0.7,20.61,7.462022516817,0.1939976,53.33481128,-2197,4116,71.6,2026-06-24,-3.78,38.2,False
3577,600905,三峡能源,3.8,-3.06,0.2,26.11,3.95085294231,0.3325516,59.42185903,26,2490,83.6,2026-06-24,-3.82,49.7,False
3578,600906,财达证券,7.54,0.53,2.14,24.14,7.677778909215,0.3511728,61.29261355,-741,1996,86.8,2026-06-24,-1.79,53.2,False
3579,600908,无锡银行,5.24,-0.57,0.14,4.53,5.360497452208,0.2745876,60.52061437,80,2204,70.0,2026-06-24,-2.25,42.4,False
3580,600909,华安证券,11.49,-0.17,4.56,33.3,11.292471305032,0.5646028,68.39668005,-594,688,91.6,2026-06-24,1.75,62.7,False
3581,600916,中国黄金,6.98,-2.24,0.43,17.9,7.277036099317,0.2179084,58.90264254,531,2628,72.8,2026-06-24,-4.08,42.9,False
3582,600917,重庆燃气,4.7,-0.84,0.04,-46.6,4.768151370003,0.1438552,59.93858534,903,2343,63.6,2026-06-24,-1.43,38.1,False
3583,600918,中泰证券,5.28,-0.56,0.27,22.29,5.371830466184,0.3518264,56.48413281,-1422,3345,77.6,2026-06-24,-1.71,43.8,False
3584,600919,江苏银行,11.27,0.71,0.14,4.89,11.262972398753,0.3976852,64.68505357,-804,1236,80.4,2026-06-24,0.06,52.0,False
3585,600925,苏能股份,4.12,-1.2,0.12,36.29,4.199070878772,0.210932,53.58901779,-1556,4061,67.2,2026-06-24,-1.88,36.0,False
3586,600926,杭州银行,15.09,-0.79,0.11,4.13,15.344284274906,0.4146716,63.92773063,-349,1382,75.2,2026-06-24,-1.66,48.1,False
3587,600927,永安期货,12.85,-1.0,0.11,24.1,13.099514064348,0.1774388,58.76305675,-977,2673,66.8,2026-06-24,-1.9,39.3,False
3588,600928,西安银行,3.4,-0.87,0.12,5.0,3.467320745844,0.254686,58.05533173,-1909,2887,70.8,2026-06-24,-1.94,41.1,False
3589,600929,雪天盐业,4.76,-1.86,0.35,131.28,4.887601530542,0.196304,57.10915709,-817,3149,64.0,2026-06-24,-2.61,36.5,False
3590,600930,华电新能,4.97,-2.36,0.8,25.14,5.109273680618,0.2835572,50.5266659,196,4662,76.0,2026-06-24,-2.73,38.4,False
3591,600933,爱柯迪,14.63,-1.75,0.25,17.21,15.029068896637,0.272296,61.96443658,156,1829,73.2,2026-06-24,-2.66,45.4,False
3592,600935,华塑股份,2.26,-4.64,0.45,-130.52,2.344857400188,0.3813048,60.20308204,1117,2279,62.4,2026-06-24,-3.62,37.6,False
3593,600936,北投科技,4.38,-2.67,0.78,73.3,4.516371788004,0.3185016,51.64091241,-619,4472,71.2,2026-06-24,-3.02,36.8,False
3594,600938,中国海油,28.21,-3.42,0.7,8.56,29.253662679462,0.336326,62.30785468,199,1739,72.4,2026-06-24,-3.57,45.1,False
3595,600939,重庆建工,2.4,-1.23,0.1,-30.39,2.442075398953,0.1618672,54.32033781,-1787,3878,67.2,2026-06-24,-1.72,36.5,False
3596,600941,中国移动,87.89,-0.91,0.3,16.23,89.403890748016,0.2902244,69.32671054,35,590,86.0,2026-06-24,-1.69,59.6,False
3597,600955,维远股份,16.82,2.37,0.93,32.43,16.593612905086,0.2515408,63.5514798,-349,1457,65.2,2026-06-24,1.36,41.4,False
3598,600956,新天绿能,7.1,-2.47,0.14,11.19,7.307642581845,0.2173604,55.26529462,46,3656,72.4,2026-06-24,-2.84,40.0,False
3599,600958,东方证券,9.54,-0.63,0.26,12.77,9.647470995015,0.374562666667,60.10382732,-325,2307,83.2,2026-06-24,-1.11,50.0,False
3600,600959,江苏有线,2.98,-1.65,0.14,58.84,3.030430916784,0.3254272,53.89201478,-69,3982,65.6,2026-06-24,-1.66,35.4,False
3601,600960,渤海汽车,3.99,2.57,1.13,-140.35,3.878036481389,0.1913,54.25713806,887,3898,66.4,2026-06-24,2.89,36.0,False
3602,600961,株冶集团,36.13,1.18,4.84,8.47,34.135864149701,0.4489912,80.31518089,84,33,92.8,2026-06-24,5.84,74.5,False
3603,600962,国投中鲁,26.29,9.72,2.69,404.63,24.048970785264,0.2995444,55.87945405,-398,3502,67.2,2026-06-24,9.32,37.6,False
3604,600963,岳阳林纸,3.12,-0.32,0.58,106.12,3.152624457595,0.198448,43.01806275,8,5169,70.0,2026-06-24,-1.03,30.1,False
3605,600965,*ST福成,2.58,-4.44,0.35,24.56,2.792572113081,0.260288823529,54.13759942,-1417,3926,66.0,2026-06-24,-7.61,35.7,False
3606,600966,博汇纸业,4.98,-1.97,0.18,30.06,5.092877448707,0.2221632,56.49806842,-166,3341,66.4,2026-06-24,-2.22,37.5,False
3607,600967,内蒙一机,11.2,-0.71,0.19,34.45,11.277564048534,0.2196508,57.31557761,135,3087,70.8,2026-06-24,-0.69,40.6,False
3608,600968,海油发展,3.55,-2.74,0.16,14.15,3.799377774473,0.4594492,67.36202819,716,817,66.8,2026-06-24,-6.56,45.0,False
3609,600969,郴电国际,7.85,-2.97,0.87,64.18,8.125936906713,0.2018912,50.05209686,-1090,4741,72.0,2026-06-24,-3.4,36.0,False
3610,600970,中材国际,7.64,-1.8,0.18,11.01,7.849923412289,0.2598684,63.9599415,-263,1380,75.2,2026-06-24,-2.67,48.1,False
3611,600971,恒源煤电,7.17,-2.32,0.3,70.47,7.339769055807,0.1418192,58.50659934,729,2753,74.4,2026-06-24,-2.31,43.5,False
3612,600973,宝胜股份,6.64,-0.3,0.76,45.84,6.58612990604,0.2644296,61.2575488,1017,2008,77.6,2026-06-24,0.82,47.5,False
3613,600975,新五丰,4.24,-1.62,0.17,-3.51,4.370734988079,0.182686,49.44087019,-1290,4820,72.8,2026-06-24,-2.99,36.0,False
3614,600976,健民集团,27.3,-3.67,0.56,11.93,28.3769317234,0.2350964,64.30064308,-709,1306,72.4,2026-06-24,-3.8,46.6,False
3615,600977,中国电影,13.57,-0.15,1.5,-55.56,13.890414147577,0.3086848,63.88542053,-1310,1389,82.8,2026-06-24,-2.31,52.9,False
3616,600979,广安爱众,4.09,-3.08,0.81,52.5,4.255356271706,0.2674184,51.47488592,-975,4493,74.0,2026-06-24,-3.89,38.1,False
3617,600980,北矿科技,19.79,-2.27,0.64,41.67,20.244503407984,0.2081384,60.58687501,-954,2189,69.6,2026-06-24,-2.25,42.2,False
3618,600981,苏豪汇鸿,2.34,-3.31,0.36,-39.81,2.453758961309,0.2586268,57.58862566,-1239,3022,73.6,2026-06-24,-4.64,42.4,False
3619,600982,宁波能源,4.96,-2.36,0.66,19.11,5.055774656304,0.2890216,52.16353604,-1253,4366,72.8,2026-06-24,-1.89,38.0,False
3620,600983,惠而浦,7.02,-2.23,0.09,14.13,7.161863721485,0.1344436,59.05569968,-34,2583,63.2,2026-06-24,-1.98,37.3,False
3621,600984,建设机械,3.9,-2.01,0.46,-4.39,3.968204015366,0.3144692,54.97022819,-98,3735,67.2,2026-06-24,-1.72,36.9,False
3622,600985,淮北矿业,14.84,-1.4,0.15,20.35,15.314959132041,0.1959876,57.50157219,-1297,3039,76.0,2026-06-24,-3.1,43.7,False
3623,600986,浙文互联,7.51,-1.57,0.73,-122.99,7.623324502022,0.2592596,55.7353068,217,3538,70.0,2026-06-24,-1.49,39.0,False
3624,600987,航民股份,6.28,-1.1,0.11,11.54,6.354026165665,0.216724,66.01396448,-612,1012,63.2,2026-06-24,-1.17,41.7,False
3625,600988,赤峰黄金,26.78,-5.0,1.28,12.87,27.726685579994,0.3274524,61.15586279,178,2032,73.6,2026-06-24,-3.41,45.0,False
3626,600989,宝丰能源,21.06,-6.02,0.69,10.55,22.211076963005,0.4436988,73.71564039,75,227,73.2,2026-06-24,-5.18,54.0,False
3627,600990,四创电子,17.73,-1.61,0.36,-20.96,17.910149525422,0.1891288,49.48479851,49,4810,69.6,2026-06-24,-1.01,34.4,False
3628,600992,贵绳股份,8.97,-1.64,0.55,-10.06,9.181802488779,0.151362,44.085504,20,5147,68.4,2026-06-24,-2.31,30.2,False
3629,600993,马应龙,21.93,-3.39,0.47,11.12,23.005448354119,0.2419872,59.34964743,-561,2511,73.6,2026-06-24,-4.67,43.7,False
3630,600995,南网储能,12.26,-0.65,0.15,21.59,12.399621720156,0.3067064,57.82638014,-313,2944,81.2,2026-06-24,-1.13,47.0,False
3631,600996,贵广网络,8.58,-0.69,1.03,-10.06,8.669534631257,0.327722,55.50479215,-291,3588,77.2,2026-06-24,-1.03,42.8,False
3632,600997,开滦股份,4.85,-2.02,0.12,-17.62,4.942201175945,0.09516,58.52156307,-92,2745,66.8,2026-06-24,-1.87,39.1,False
3633,600998,九州通,4.69,-1.68,0.16,8.06,4.839682457317,0.2477028,63.41726113,-118,1488,72.4,2026-06-24,-3.09,45.9,False
3634,600999,招商证券,20.25,-0.15,0.79,13.46,20.327161767146,0.4872844,74.42124278,-138,187,91.6,2026-06-24,-0.38,68.2,False
3635,601000,唐山港,4.1,-0.97,0.1,12.9,4.150449076253,0.2311624,60.63129022,62,2181,71.2,2026-06-24,-1.22,43.2,False
3636,601001,晋控煤业,18.61,-1.17,0.16,23.0,18.785095846872,0.1919312,63.92285848,-831,1383,80.0,2026-06-24,-0.93,51.1,False
3637,601002,晋亿实业,4.48,-1.54,0.26,14.85,4.557559314634,0.2122604,58.21119298,-1742,2852,63.6,2026-06-24,-1.7,37.0,False
3638,601003,柳钢股份,3.37,-1.17,0.08,94.12,3.404605177039,0.134568275862,59.35705051,1638,2510,68.4,2026-06-24,-1.02,40.6,False
3639,601005,重庆钢铁,1.16,-2.52,0.33,-13.99,1.192622351662,0.6187576,49.64959338,-681,4791,72.4,2026-06-24,-2.74,35.9,False
3640,601006,大秦铁路,4.77,-1.24,0.09,9.93,4.857877626668,0.3523688,61.69028206,-265,1898,79.2,2026-06-24,-1.81,48.9,False
3641,601007,金陵饭店,6.26,-0.95,0.25,73.29,6.361657420489,0.2087736,61.83671423,543,1863,65.6,2026-06-24,-1.6,40.6,False
3642,601008,连云港,4.17,-2.34,0.19,41.96,4.311077982551,0.2189252,60.24658876,1584,2265,71.2,2026-06-24,-3.27,42.9,False
3643,601009,南京银行,10.52,-0.19,0.07,4.93,10.646885304292,0.3812988,60.00530706,-506,2325,78.4,2026-06-24,-1.19,47.0,False
3644,601010,ST文峰,1.46,1.39,0.36,14.75,1.429583703377,0.443663584906,50.82022816,476,4610,65.6,2026-06-24,2.13,33.3,False
3645,601011,宝泰隆,2.83,0.35,0.85,-24.97,2.871296049346,0.3119552,62.04020964,-410,1806,86.4,2026-06-24,-1.44,53.6,False
3646,601012,隆基绿能,12.56,0.88,0.49,-12.39,12.458602807763,0.339426,56.73825823,247,3257,73.6,2026-06-24,0.81,41.8,False
3647,601015,陕西黑猫,2.91,-1.69,0.39,-4.74,2.998714928957,0.2376608,50.83393506,-227,4606,70.4,2026-06-24,-2.96,35.8,False
3648,601016,节能风电,3.6,-0.83,0.76,28.87,3.599270341155,0.3222724,54.02427683,980,3951,76.4,2026-06-24,0.02,41.3,False
3649,601018,宁波港,3.18,-0.63,0.05,13.22,3.235739637891,0.3386184,61.26912961,707,2003,75.2,2026-06-24,-1.72,46.1,False
3650,601019,山东出版,6.74,-0.88,0.05,10.71,6.837408423584,0.153876,58.32443129,-1102,2811,63.2,2026-06-24,-1.42,36.9,False
3651,601020,华钰矿业,24.82,-1.51,2.33,166.5,25.066532433126,0.381620909091,72.19099765,911,343,85.6,2026-06-24,-0.98,61.8,False
3652,601021,春秋航空,47.17,3.04,0.46,11.74,46.348506083295,0.309708,67.49937019,937,802,74.0,2026-06-24,1.77,49.9,False
3653,601022,宁波远洋,7.82,-4.63,0.44,18.33,8.194390740892,0.2610484,64.68604041,1868,1235,72.8,2026-06-24,-4.57,47.1,False
3654,601026,道生天合,14.54,-1.36,0.74,77.53,14.825888196685,0.1867908,55.23854947,154,3661,62.0,2026-06-24,-1.93,34.2,False
3655,601033,永兴股份,13.67,-1.16,0.23,12.96,13.966791115118,0.0917424,60.66265196,72,2168,67.6,2026-06-24,-2.12,41.0,False
3656,601038,一拖股份,10.74,-1.92,0.16,5.36,10.940039416678,0.1463732,60.32728154,-1090,2248,69.2,2026-06-24,-1.83,41.7,False
3657,601058,赛轮轮胎,11.73,1.65,0.46,9.13,11.617080844688,0.3773836,72.25909092,235,337,76.4,2026-06-24,0.97,55.2,False
3658,601059,信达证券,15.74,-0.51,0.09,28.21,15.917756497852,0.3424304,64.21373054,765,1323,73.2,2026-06-24,-1.12,47.0,False
3659,601061,中信金属,11.36,-2.24,0.11,10.11,11.586406262131,0.2571636,66.96091808,-16,872,68.8,2026-06-24,-1.95,46.1,False
3660,601065,江盐集团,6.82,-1.73,0.16,41.68,7.007193790237,0.246316,54.69037685,-288,3797,64.8,2026-06-24,-2.67,35.4,False
3661,601066,中信建投,27.78,0.18,0.37,14.69,28.039130015084,0.4087192,70.69600233,-437,461,94.0,2026-06-24,-0.92,66.5,False
3662,601068,中铝国际,4.53,-1.74,0.16,44.7,4.616201480829,0.1381404,54.46118512,204,3841,68.8,2026-06-24,-1.87,37.5,False
3663,601069,西部黄金,23.25,-4.04,0.57,10.13,24.145515565351,0.2190932,63.68622208,1084,1430,72.4,2026-06-24,-3.71,46.1,False
3664,601077,渝农商行,6.34,-0.31,0.1,4.58,6.421966707449,0.2740344,62.50467053,-520,1702,70.4,2026-06-24,-1.28,44.0,False
3665,601083,锦江航运,10.36,-3.81,1.56,10.0,11.449578877454,0.227984,65.84404769,-250,1047,63.2,2026-06-24,-9.52,41.6,False
3666,601086,国芳集团,6.84,-0.44,0.31,27.39,6.956427978614,0.1552828,58.84381208,-1401,2648,75.2,2026-06-24,-1.67,44.3,False
3667,601088,中国神华,39.3,-1.87,0.06,19.98,40.209432714446,0.3477688,63.05225053,198,1578,88.4,2026-06-24,-2.26,55.7,False
3668,601089,福元医药,15.9,-3.4,0.3,20.0,16.710123983939,0.136006,59.45214101,-1788,2483,64.8,2026-06-24,-4.85,38.5,False
3669,601096,宏盛华源,4.46,-0.89,0.33,29.33,4.503912796667,0.2355992,58.676389,-1326,2702,65.2,2026-06-24,-0.97,38.3,False
3670,601098,中南传媒,9.85,-1.4,0.08,11.65,10.020409586414,0.154462,57.85345166,4,2935,68.4,2026-06-24,-1.7,39.6,False
3671,601099,太平洋,3.39,0.0,1.07,236.94,3.420627295295,0.3988748,53.5777969,-2142,4066,80.8,2026-06-24,-0.9,43.3,False
3672,601100,恒立液压,112.39,2.2,0.13,57.76,110.295415975246,0.2588568,70.97302171,-231,442,83.2,2026-06-24,1.9,59.0,False
3673,601101,昊华能源,11.23,-0.8,0.57,12.64,11.161287797152,0.2234356,61.61878045,-789,1920,80.0,2026-06-24,0.62,49.3,False
3674,601106,中国一重,3.36,-0.3,0.2,2966.72,3.35248642699,0.2641656,51.7472499,-614,4449,71.6,2026-06-24,0.22,37.1,False
3675,601107,四川成渝,5.1,-2.3,0.12,8.54,5.285625203102,0.1054028,57.32367697,-825,3083,68.0,2026-06-24,-3.51,39.0,False
3676,601108,财通证券,8.32,-1.07,0.68,15.65,8.480782318017,0.4164668,67.96111248,-612,742,88.0,2026-06-24,-1.9,59.8,False
3677,601111,中国国航,6.34,3.09,0.47,18.95,6.149149838136,0.4540688,63.23172902,1460,1543,79.6,2026-06-24,3.1,50.3,False
3678,601112,振石股份,17.48,-2.07,1.21,37.99,17.813790063779,0.2515096,69.66951184,753,556,69.6,2026-06-24,-1.87,48.5,False
3679,601113,华鼎股份,3.51,-2.23,0.3,136.47,3.610166026345,0.271272,48.55548052,36,4914,62.4,2026-06-24,-2.77,30.3,False
3680,601116,三江购物,10.42,-0.38,0.32,23.72,10.511642858714,0.189464,54.44056423,-42,3846,72.4,2026-06-24,-0.87,39.4,False
3681,601117,中国化学,7.96,-1.36,0.62,7.75,8.023644231515,0.4736756,71.57801988,607,393,88.0,2026-06-24,-0.79,63.0,False
3682,601118,海南橡胶,5.08,-5.4,0.92,-41.0,5.396453123713,0.3506332,52.77760898,340,4217,76.8,2026-06-24,-5.86,40.5,False
3683,601121,宝地矿业,5.92,-3.11,0.39,39.41,6.094444802641,0.1641604,64.431172,17,1284,62.0,2026-06-24,-2.86,39.9,False
3684,601126,四方股份,70.55,2.11,1.02,54.29,68.391049714454,0.4351704,65.84619345,-364,1046,87.6,2026-06-24,3.16,57.7,False
3685,601127,赛力斯,61.61,-0.31,0.39,35.56,62.047319945119,0.31886,65.07913536,136,1172,78.0,2026-06-24,-0.7,50.8,False
3686,601128,常熟银行,5.94,-0.5,0.26,4.5,6.044526613199,0.3403004,61.65364314,-1197,1910,72.0,2026-06-24,-1.73,44.4,False
3687,601133,柏诚股份,34.61,6.92,3.11,146.49,31.39010285952,0.4497948,71.3354265,1234,413,70.4,2026-06-24,10.26,50.2,False
3688,601136,首创证券,14.15,-0.84,0.14,49.17,14.478797738105,0.223378,56.77800692,-1474,3242,75.2,2026-06-24,-2.27,42.7,False
3689,601137,博威合金,24.91,-0.68,1.44,-62.61,24.323683479623,0.4004936,65.41691811,-136,1107,83.6,2026-06-24,2.41,54.7,False
3690,601138,工业富联,76.41,-0.48,0.23,35.78,75.517292445391,0.5061872,82.42461794,70,11,91.6,2026-06-24,1.18,75.5,False
3691,601139,深圳燃气,5.71,-1.72,0.19,15.38,5.840978987036,0.263444,65.25719333,-288,1137,67.2,2026-06-24,-2.24,43.9,False
3692,601155,新城控股,10.52,-1.96,0.15,19.04,10.652194047217,0.3585172,64.10654964,462,1340,72.0,2026-06-24,-1.24,46.2,False
3693,601156,东航物流,16.11,-0.86,0.15,11.06,16.348691374842,0.2713448,68.90065973,700,637,70.4,2026-06-24,-1.46,48.5,False
3694,601158,重庆水务,3.93,-1.26,0.02,17.5,3.999920113064,0.2055112,65.08163722,-241,1170,68.0,2026-06-24,-1.75,44.3,False
3695,601162,天风证券,3.49,1.45,1.46,39317.37,3.491230389578,0.3533836,53.83265771,-3052,3998,86.0,2026-06-24,-0.04,46.3,False
3696,601163,三角轮胎,12.69,-1.48,0.14,11.65,12.965315327041,0.1855504,60.74526342,-60,2137,66.8,2026-06-24,-2.12,40.6,False
3697,601166,兴业银行,17.06,-0.35,0.09,3.79,17.336873083586,0.3920652,62.65351043,-1050,1664,89.2,2026-06-24,-1.6,55.9,False
3698,601168,西部矿业,27.79,-4.83,1.11,10.44,29.070108534258,0.4169524,70.96937034,-204,443,86.8,2026-06-24,-4.4,61.6,False
3699,601169,北京银行,4.99,-0.2,0.1,3.26,5.027464940295,0.47329,57.50588116,-1430,3037,80.8,2026-06-24,-0.75,46.5,False
3700,601177,杭齿前进,12.88,-1.83,0.41,20.92,13.183159257219,0.1805244,55.45717545,-184,3603,72.8,2026-06-24,-2.3,40.4,False
3701,601179,中国西电,15.99,-1.36,0.75,59.12,16.151237174082,0.37827,58.98802683,-193,2607,89.6,2026-06-24,-1.0,52.9,False
3702,601186,中国铁建,6.17,-0.96,0.14,4.77,6.251372348037,0.3910172,68.66511787,396,658,80.8,2026-06-24,-1.3,55.5,False
3703,601187,厦门银行,7.28,-0.41,0.17,6.93,7.430495677928,0.1908608,54.9769828,-2065,3732,70.4,2026-06-24,-2.03,38.7,False
3704,601188,龙江交通,2.83,-1.74,0.17,17.21,2.898722418489,0.2450992,55.94644802,-181,3485,67.2,2026-06-24,-2.37,37.6,False
3705,601198,东兴证券,13.14,-0.76,0.16,30.07,13.210153380541,0.4122236,65.26933176,510,1133,76.0,2026-06-24,-0.53,49.6,False
3706,601199,XD江南水,5.64,-2.76,0.32,15.29,5.806762672318,0.307562,68.11185009,-462,722,70.8,2026-06-24,-2.87,48.2,False
3707,601200,上海环境,6.68,-1.47,0.19,14.32,6.825355020352,0.2424704,54.68169799,-246,3798,65.6,2026-06-24,-2.13,35.9,False
3708,601208,东材科技,75.28,0.98,2.19,101.76,72.56175997703,0.4516832,64.96698278,533,1185,91.6,2026-06-24,3.75,59.5,False
3709,601211,国泰海通,17.44,-0.68,0.32,12.03,17.729510765922,0.4381052,68.67073473,-223,656,88.0,2026-06-24,-1.63,60.4,False
3710,601212,白银有色,5.35,-3.6,0.5,66.03,5.446427383534,0.2674416,58.7908853,1710,2665,71.2,2026-06-24,-1.77,41.9,False
3711,601216,君正集团,4.78,-2.05,0.24,14.06,4.935979280253,0.3576316,68.25291034,735,706,73.2,2026-06-24,-3.16,50.0,False
3712,601218,吉鑫科技,4.46,-1.55,0.47,16.57,4.518387133003,0.2231528,51.04845616,-46,4576,67.6,2026-06-24,-1.29,34.5,False
3713,601222,林洋能源,5.5,-1.08,0.3,46.61,5.611037929544,0.2270736,54.34817694,-136,3866,72.8,2026-06-24,-1.98,39.6,False
3714,601225,陕西煤业,21.57,-2.13,0.19,12.42,22.135364949612,0.3324176,69.65612876,-135,561,82.0,2026-06-24,-2.55,57.1,False
3715,601226,华电科工,6.7,-0.59,0.21,-37.29,6.7320598686,0.2056924,56.21878558,-146,3408,66.8,2026-06-24,-0.48,37.6,False
3716,601228,广州港,2.9,-1.36,0.06,23.46,2.946177562411,0.388728,61.48956823,1170,1940,67.2,2026-06-24,-1.57,41.3,False
3717,601229,上海银行,8.84,-0.23,0.04,4.96,8.945697226752,0.3919916,63.58298212,-284,1449,76.8,2026-06-24,-1.18,48.8,False
3718,601231,环旭电子,36.95,0.96,0.4,52.89,35.806184553946,0.3442136,67.78807166,526,764,84.4,2026-06-24,3.19,57.2,False
3719,601233,桐昆股份,23.87,-1.57,0.57,7.48,24.209366527124,0.347926,73.11641834,-89,271,84.8,2026-06-24,-1.4,62.0,False
3720,601236,红塔证券,6.84,-1.01,0.17,41.16,7.021744632909,0.258796,55.70025972,-350,3546,76.4,2026-06-24,-2.59,42.6,False
3721,601238,广汽集团,5.29,-0.56,0.1,-20.55,5.346328664508,0.2241464,60.51586574,-213,2207,76.0,2026-06-24,-1.05,46.0,False
3722,601279,英利汽车,3.13,-1.57,0.17,-45.35,3.210853464098,0.1392484,50.12337371,-469,4735,64.4,2026-06-24,-2.52,32.3,False
3723,601288,农业银行,6.29,-0.79,0.03,7.32,6.435981492561,0.4211768,65.03798569,-878,1177,88.4,2026-06-24,-2.27,57.5,False
3724,601298,青岛港,8.12,-1.58,0.05,9.59,8.347229865852,0.1852348,62.10998302,160,1789,70.0,2026-06-24,-2.72,43.5,False
3725,601311,骆驼股份,7.88,-1.87,0.26,14.51,8.049244209042,0.2477416,61.20452254,-107,2021,69.2,2026-06-24,-2.1,42.4,False
3726,601318,中国平安,48.82,-0.61,0.22,8.83,49.494862873828,0.4732576,65.76176909,-317,1063,89.2,2026-06-24,-1.36,58.7,False
3727,601319,中国人保,6.88,-0.72,0.05,8.63,6.922215889153,0.3479136,68.6831542,400,655,84.4,2026-06-24,-0.61,58.0,False
3728,601326,秦港股份,3.24,-0.61,0.08,10.58,3.292023185391,0.220994,57.47454605,-204,3049,63.2,2026-06-24,-1.58,36.3,False
3729,601328,交通银行,6.6,-0.45,0.17,5.57,6.713625737014,0.4641608,62.15432265,-1258,1775,86.0,2026-06-24,-1.69,53.5,False
3730,601330,绿色动力,7.2,-1.77,0.32,12.47,7.351188325935,0.2112472,54.43118313,-58,3848,66.4,2026-06-24,-2.06,36.1,False
3731,601333,广深铁路,2.9,-1.69,0.24,8.86,2.974702306053,0.3638696,62.93474882,-1052,1608,72.8,2026-06-24,-2.51,45.8,False
3732,601336,新华保险,61.35,-0.81,0.36,7.36,61.67737417868,0.4276296,74.70067543,429,173,88.8,2026-06-24,-0.53,66.3,False
3733,601339,百隆东方,7.11,1.72,0.17,10.99,7.033798268983,0.1193984,67.11861284,312,851,67.2,2026-06-24,1.08,45.1,False
3734,601360,三六零,9.02,0.67,0.36,144.45,8.874878267618,0.3168436,59.40868994,439,2496,72.0,2026-06-24,1.64,42.8,False
3735,601366,利群股份,3.3,-2.37,0.25,117.91,3.40824627866,0.119206,53.34385966,-79,4113,62.8,2026-06-24,-3.18,33.5,False
3736,601368,绿城水务,4.21,-1.86,0.13,36.76,4.300021898701,0.2206232,60.84195545,971,2119,64.8,2026-06-24,-2.09,39.4,False
3737,601369,陕鼓动力,8.2,-0.24,0.16,18.43,8.337400429627,0.2132196,57.86224296,-215,2934,71.6,2026-06-24,-1.65,41.4,False
3738,601375,中原证券,4.04,-0.25,0.51,27.8,4.09862339012,0.3229908,55.59071024,-146,3567,78.4,2026-06-24,-1.43,43.6,False
3739,601377,兴业证券,6.11,0.16,0.45,16.79,6.175135090551,0.4287072,65.10067894,658,1166,85.2,2026-06-24,-1.05,55.5,False
3740,601388,怡球资源,3.02,-2.27,0.5,27.71,3.08029234512,0.2421888,56.16961392,234,3425,68.4,2026-06-24,-1.96,38.4,False
3741,601390,中国中铁,4.37,-1.35,0.16,6.15,4.455811037797,0.4131164,60.57097034,-187,2193,78.8,2026-06-24,-1.93,47.7,False
3742,601398,工商银行,7.21,-0.14,0.03,7.39,7.296471698269,0.5154812,64.28906163,-930,1309,90.4,2026-06-24,-1.19,58.1,False
3743,601399,国机重装,3.51,0.29,0.3,49.84,3.494292870287,0.3127368,57.44226225,-328,3056,68.8,2026-06-24,0.45,39.5,False
3744,601456,国联民生,8.95,-1.43,0.3,25.59,9.171275453076,0.3324504,58.57995061,-301,2730,76.8,2026-06-24,-2.41,45.0,False
3745,601500,通用股份,3.76,-0.27,0.13,11.81,3.790052734579,0.1417448,55.73912471,72,3535,66.8,2026-06-24,-0.79,37.2,False
3746,601512,中新集团,7.9,-1.62,0.04,24.94,8.067169336547,0.1469264,59.00330675,-855,2603,59.2,2026-06-24,-2.07,34.9,False
3747,601515,衢州东峰,3.47,-4.93,0.63,-157.77,3.676006863344,0.3729824,51.70407496,578,4459,63.6,2026-06-24,-5.6,32.9,False
3748,601518,吉林高速,2.87,-0.69,0.19,11.78,2.924002395253,0.29321,65.48788936,218,1099,66.8,2026-06-24,-1.85,43.7,False
3749,601519,大智慧,9.2,-0.22,0.85,-154.64,9.363752362967,0.2866788,55.50285433,-388,3589,88.0,2026-06-24,-1.75,48.8,False
3750,601528,瑞丰银行,4.52,-1.31,0.2,5.25,4.634130035229,0.1749608,57.72649942,-352,2975,65.6,2026-06-24,-2.46,37.9,False
3751,601555,东吴证券,7.89,-0.75,0.3,12.23,8.045051724637,0.3770948,58.10280972,-1820,2876,78.8,2026-06-24,-1.93,45.8,False
3752,601566,九牧王,8.28,-2.01,0.38,17.13,8.476247814948,0.2004728,51.44512238,-53,4496,71.6,2026-06-24,-2.32,36.8,False
3753,601567,三星电气,14.53,-2.68,0.34,30.51,14.993620718357,0.2695312,60.84043349,-728,2121,74.4,2026-06-24,-3.09,45.3,False
3754,601568,北元化工,3.52,-1.12,0.09,170.64,3.591961525782,0.215082,56.94130108,-836,3190,64.8,2026-06-24,-2.0,36.9,False
3755,601577,长沙银行,9.01,-0.77,0.08,3.94,9.133589181326,0.2934584,64.67007924,-531,1242,68.4,2026-06-24,-1.35,44.2,False
3756,601579,会稽山,14.41,-2.64,0.26,14.4,14.895529950984,0.1682232,62.47192579,808,1705,68.8,2026-06-24,-3.26,43.0,False
3757,601588,北辰实业,1.69,-1.17,0.45,-9.43,1.718427464782,0.3568864,54.08608917,-1852,3937,72.4,2026-06-24,-1.65,39.2,False
3758,601595,上海电影,16.87,-0.41,0.24,145.34,17.11062800607,0.1475352,58.39205629,-1461,2788,69.2,2026-06-24,-1.41,40.4,False
3759,601598,中国外运,5.41,-1.28,0.05,14.24,5.480998880284,0.139506,67.5276786,153,796,69.6,2026-06-24,-1.3,47.0,False
3760,601599,浙文影业,2.9,-1.36,0.35,47.04,2.963977563087,0.2406436,54.83983208,-178,3768,64.4,2026-06-24,-2.16,35.3,False
3761,601600,中国铝业,8.76,-3.63,0.66,6.8,9.032290452474,0.4051736,64.67948011,1416,1238,84.4,2026-06-24,-3.01,54.6,False
3762,601601,中国太保,29.63,-0.64,0.24,7.1,30.072663496572,0.3948712,69.07970286,-487,619,82.4,2026-06-24,-1.47,56.9,False
3763,601606,长城军工,28.79,-1.23,0.35,-93.63,29.145211551841,0.2104184,52.26206583,292,4342,71.2,2026-06-24,-1.22,37.2,False
3764,601607,上海医药,15.62,-1.64,0.1,10.21,16.04836727578,0.209612,65.99178847,-36,1018,77.6,2026-06-24,-2.67,51.2,False
3765,601608,中信重工,4.96,0.0,0.22,59.72,4.950304061127,0.252324,57.86836879,-963,2931,76.4,2026-06-24,0.2,44.2,False
3766,601609,金田股份,11.3,-2.75,1.65,28.68,11.637355055498,0.307596,65.0760232,-804,1173,85.6,2026-06-24,-2.9,55.7,False
3767,601611,中国核建,10.57,0.38,0.36,19.77,10.536462962291,0.2516748,56.79190418,-103,3236,71.2,2026-06-24,0.32,40.4,False
3768,601615,明阳智能,11.93,0.0,0.65,273.53,11.908441924069,0.3334668,58.2044954,1568,2853,74.8,2026-06-24,0.18,43.5,False
3769,601616,广电电气,3.67,-1.61,0.42,-33.29,3.674483415195,0.2388084,51.50589078,-574,4491,66.4,2026-06-24,-0.12,34.2,False
3770,601618,中国中冶,2.53,-0.78,0.15,8.02,2.581562232959,0.4068392,58.31011103,-144,2822,78.8,2026-06-24,-2.0,45.9,False
3771,601619,嘉泽新能,4.28,-1.38,0.27,23.73,4.334311529028,0.2862864,55.28669372,248,3653,67.6,2026-06-24,-1.25,37.4,False
3772,601628,中国人寿,35.64,-0.59,0.03,12.91,35.79908059076,0.37207,72.5483049,-171,307,87.6,2026-06-24,-0.44,63.6,False
3773,601633,长城汽车,15.66,-2.25,0.09,35.42,16.199659097333,0.1986068,66.51841698,-54,931,81.2,2026-06-24,-3.33,54.0,False
3774,601636,旗滨集团,8.12,6.56,3.06,457.97,7.655243915264,0.3224736,66.22307561,-278,976,89.6,2026-06-24,6.07,59.3,False
3775,601658,邮储银行,4.9,-0.41,0.04,5.72,4.987983515427,0.4490656,63.44398591,-1087,1479,83.2,2026-06-24,-1.76,52.8,False
3776,601665,齐鲁银行,5.98,-0.17,0.1,5.88,6.011274364158,0.357808,65.05654809,179,1175,70.0,2026-06-24,-0.52,45.5,False
3777,601666,平煤股份,8.02,-1.47,0.26,41.22,8.239152325917,0.2179052,53.00757611,-84,4181,80.0,2026-06-24,-2.66,42.4,False
3778,601668,中国建筑,4.46,-0.45,0.08,3.32,4.517343994057,0.4240372,65.7866623,-150,1059,84.0,2026-06-24,-1.27,55.3,False
3779,601669,中国电建,4.83,-1.02,0.2,10.66,4.901247332096,0.3494068,61.83235908,-165,1866,72.4,2026-06-24,-1.45,44.8,False
3780,601677,明泰铝业,16.77,-1.41,0.96,7.43,16.607994985399,0.3930964,72.37877432,1243,322,74.8,2026-06-24,0.98,54.1,False
3781,601678,滨化股份,6.4,4.23,4.15,22.47,6.115412535739,0.3399604,67.85875926,968,755,80.8,2026-06-24,4.65,54.8,False
3782,601686,友发集团,4.9,-1.8,0.11,13.96,4.99655319971,0.2038248,59.45689538,89,2481,69.6,2026-06-24,-1.93,41.4,False
3783,601688,华泰证券,20.86,0.0,0.48,9.81,21.009671436704,0.4757112,68.60771335,-251,664,91.6,2026-06-24,-0.71,62.8,False
3784,601689,拓普集团,58.5,0.52,0.7,46.06,58.391966340193,0.381228,68.18065145,1109,714,86.8,2026-06-24,0.19,59.2,False
3785,601696,中银证券,12.81,-0.7,0.93,24.61,12.964516717577,0.362866,55.38221665,254,3625,82.0,2026-06-24,-1.19,45.4,False
3786,601698,中国卫通,28.74,-0.76,0.2,1130.8,28.869957181989,0.278094,56.43053393,377,3355,70.8,2026-06-24,-0.45,40.0,False
3787,601699,潞安环能,15.81,-1.31,0.18,16.44,16.105665192597,0.2055944,59.80654528,-147,2380,80.8,2026-06-24,-1.84,48.3,False
3788,601700,风范股份,4.49,-2.39,0.26,45.0,4.617724986115,0.22677,51.07826797,-795,4569,67.6,2026-06-24,-2.77,34.5,False
3789,601702,华峰铝业,14.71,-2.0,0.27,15.12,15.066305072931,0.2562712,60.56894856,-622,2194,75.2,2026-06-24,-2.36,45.5,False
3790,601717,中创智领,14.78,-1.66,0.27,7.39,15.076152980546,0.3286524,61.98007004,-46,1823,73.6,2026-06-24,-1.96,45.6,False
3791,601718,ST际华,1.52,-4.4,0.42,-13.64,1.609190819726,0.296570392157,44.22356721,-261,5144,69.6,2026-06-24,-5.54,30.8,False
3792,601727,上海电气,7.09,-0.42,0.15,72.4,7.107839297357,0.3250392,60.48189052,3,2214,74.4,2026-06-24,-0.25,45.0,False
3793,601728,中国电信,5.36,-0.56,0.05,16.68,5.449171029651,0.3055752,64.21341954,300,1324,80.0,2026-06-24,-1.64,51.4,False
3794,601766,中国中车,5.29,0.57,0.19,11.23,5.327763464019,0.4855156,66.27786667,-71,962,82.0,2026-06-24,-0.71,54.3,False
3795,601777,千里科技,8.83,-2.0,0.18,206.33,9.125786307467,0.328224,59.23599324,1681,2538,72.4,2026-06-24,-3.24,42.9,False
3796,601778,晶科科技,4.6,1.32,1.42,-33.24,4.52117191773,0.2960776,44.85031125,36,5121,69.2,2026-06-24,1.74,31.0,False
3797,601788,光大证券,14.73,0.34,0.33,14.56,14.827098396565,0.365584,58.06385699,-433,2883,82.8,2026-06-24,-0.65,48.1,False
3798,601789,宁波建工,4.25,-1.39,0.59,8.75,4.298113612112,0.2734096,58.29303603,-170,2831,69.2,2026-06-24,-1.12,40.3,False
3799,601798,蓝科高新,7.52,5.62,0.9,54.19,7.14529420895,0.1184224,54.29661843,-1407,3888,76.4,2026-06-24,5.24,41.5,False
3800,601799,星宇股份,109.4,-1.07,0.2,22.0,111.114732356631,0.2850768,60.39033138,-1390,2235,68.0,2026-06-24,-1.54,41.1,False
3801,601800,中国交建,5.88,-1.18,0.09,5.81,5.990727786367,0.3280712,63.38474632,-16,1501,81.6,2026-06-24,-1.85,51.7,False
3802,601801,皖新传媒,5.03,-1.57,0.14,7.36,5.167662770513,0.2025696,58.13337849,-189,2869,68.0,2026-06-24,-2.66,39.5,True
3803,601808,中海油服,10.96,-2.75,0.19,15.28,11.357222290627,0.232578,62.23614054,-118,1753,69.6,2026-06-24,-3.5,43.3,False
3804,601811,新华文轩,11.15,-1.33,0.04,13.37,11.384510255269,0.1745272,61.21313043,1110,2019,62.8,2026-06-24,-2.06,38.4,False
3805,601816,京沪高铁,4.53,-0.22,0.05,17.63,4.59445516447,0.508542,68.6959461,545,653,80.4,2026-06-24,-1.4,55.2,False
3806,601818,光大银行,3.01,-0.99,0.15,3.88,3.067552746083,0.5564704,59.06984927,-1112,2579,81.2,2026-06-24,-1.88,48.0,False
3807,601825,沪农商行,8.02,-0.5,0.04,5.39,8.13806480309,0.3085956,61.77576699,-410,1879,69.2,2026-06-24,-1.45,42.7,False
3808,601827,三峰环境,7.21,-2.44,0.11,7.01,7.389775054583,0.2713724,60.73693697,-312,2140,66.4,2026-06-24,-2.43,40.3,False
3809,601828,美凯龙,2.23,0.45,0.23,50.91,2.203890525883,0.2654384,52.21406524,-793,4354,68.8,2026-06-24,1.18,35.9,False
3810,601838,成都银行,18.0,0.11,0.11,6.04,18.18850391274,0.3054868,66.85548627,-489,890,76.8,2026-06-24,-1.04,51.3,False
3811,601857,中国石油,9.07,-3.61,0.03,8.59,9.403901229043,0.4026324,63.56845243,418,1453,72.0,2026-06-24,-3.55,45.8,False
3812,601858,中国科传,18.95,-0.11,0.19,99.85,19.057620793024,0.1805764,56.18935091,-36,3418,68.4,2026-06-24,-0.56,38.4,False
3813,601860,紫金银行,2.5,-1.57,0.23,5.34,2.556691317578,0.383896,56.86153757,633,3212,70.8,2026-06-24,-2.22,40.3,False
3814,601865,福莱特,10.19,0.2,0.28,156.46,10.179107339067,0.2341608,56.24965511,-64,3403,71.6,2026-06-24,0.11,40.3,False
3815,601866,中远海发,2.3,-2.13,0.27,18.37,2.382624910216,0.4427272,62.67024586,1336,1655,70.4,2026-06-24,-3.47,44.1,False
3816,601868,中国能建,2.66,-0.75,0.28,20.23,2.688665832286,0.3819532,58.79938485,-173,2662,78.4,2026-06-24,-1.07,46.1,False
3817,601869,长飞光纤,595.45,2.66,1.51,248.91,569.58850138263,0.5464072,72.49428223,-290,311,96.0,2026-06-24,4.54,69.6,False
3818,601872,招商轮船,21.45,-2.1,1.36,15.67,21.550944011294,0.66197,80.17810644,110,34,89.6,2026-06-24,-0.47,71.8,False
3819,601877,正泰电器,25.7,-0.77,0.17,10.9,25.952052546879,0.3338048,60.74291139,-64,2138,72.4,2026-06-24,-0.97,44.0,False
3820,601878,浙商证券,9.48,0.64,0.29,14.43,9.531898807326,0.3582204,62.69831869,837,1649,82.0,2026-06-24,-0.54,51.4,False
3821,601880,辽港股份,1.42,-4.05,0.33,23.3,1.49379908256,0.5760056,64.12407678,-15,1336,72.0,2026-06-24,-4.94,46.2,False
3822,601881,中国银河,12.6,-0.16,0.31,10.37,12.752339024835,0.4079464,67.33447724,400,824,84.0,2026-06-24,-1.19,56.6,False
3823,601882,海天精工,19.63,-0.61,0.22,23.01,19.694827136587,0.1744452,64.84379741,304,1210,74.0,2026-06-24,-0.33,48.0,False
3824,601886,江河集团,8.4,-2.33,0.14,15.58,8.660000667301,0.0858432,61.06750288,-296,2056,66.4,2026-06-24,-3.0,40.5,False
3825,601888,中国中免,54.92,0.55,0.47,12.15,54.991139942828,0.3471668,65.38405522,-192,1115,85.2,2026-06-24,-0.13,55.7,False
3826,601890,亚星锚链,8.55,-1.04,0.3,24.3,8.6284603829,0.2153928,60.39537248,-62,2234,71.2,2026-06-24,-0.91,43.0,False
3827,601898,中煤能源,12.78,-3.91,0.16,11.02,13.323971258769,0.2414872,61.78324166,-4,1878,74.0,2026-06-24,-4.08,45.7,False
3828,601899,紫金矿业,26.01,-5.93,0.98,8.61,27.586011961888,0.494128,67.87228192,-49,751,88.4,2026-06-24,-5.71,60.0,False
3829,601900,南方传媒,11.07,-1.42,0.09,8.13,11.291545509861,0.1628292,56.72460966,-859,3262,68.4,2026-06-24,-1.96,38.8,False
3830,601901,方正证券,7.48,4.91,1.08,10.36,7.103510236339,0.4831584,66.24980639,881,970,82.8,2026-06-24,5.3,54.9,False
3831,601908,京运通,2.97,-0.67,0.61,-11.97,3.01605728583,0.2742052,41.80559682,-9,5188,69.2,2026-06-24,-1.53,28.9,False
3832,601916,浙商银行,2.98,-0.67,0.08,3.41,3.025125535302,0.4706792,59.22911736,-1586,2540,77.2,2026-06-24,-1.49,45.7,False
3833,601918,新集能源,8.48,-1.4,0.4,10.02,8.673272879729,0.2877224,62.14830261,-930,1777,80.0,2026-06-24,-2.23,49.7,False
3834,601919,中远海控,13.81,-1.36,0.17,9.0,14.027105277804,0.3996784,64.83876848,1321,1211,79.6,2026-06-24,-1.55,51.6,False
3835,601921,XD浙版传,6.85,-2.42,0.09,29.2,7.135377081599,0.1325108,54.73862366,-1085,3785,67.2,2026-06-24,-4.0,36.8,False
3836,601928,凤凰传媒,8.84,-0.23,0.03,13.3,8.914426535595,0.0781532,55.8116476,19,3514,70.8,2026-06-24,-0.83,39.5,False
3837,601929,吉视传媒,2.27,0.0,0.53,-19.79,2.264558161778,0.23573,50.198401,-365,4718,70.8,2026-06-24,0.24,35.5,False
3838,601933,永辉超市,2.99,0.67,0.42,23.26,3.000760860636,0.2769588,49.22306998,-236,4848,72.0,2026-06-24,-0.36,35.4,False
3839,601939,建设银行,9.85,-0.71,0.26,7.47,9.963248374082,0.3911412,67.7791268,-547,767,87.6,2026-06-24,-1.14,59.4,False
3840,601949,中国出版,4.85,-1.02,0.09,-23.0,4.957650750666,0.2851716,55.77985384,754,3526,69.6,2026-06-24,-2.17,38.8,False
3841,601952,苏垦农发,7.58,-1.81,0.2,53.16,7.803708346098,0.2453456,55.74186403,13,3534,68.8,2026-06-24,-2.87,38.4,False
3842,601956,东贝集团,4.7,-1.67,0.16,-43.5,4.796298212999,0.1935344,53.88622948,-371,3985,65.2,2026-06-24,-2.01,35.1,False
3843,601958,金钼股份,27.61,0.84,1.28,24.7,27.232460738575,0.3714096,71.93957263,-175,362,91.6,2026-06-24,1.39,65.9,False
3844,601963,重庆银行,10.68,-0.65,0.14,5.4,10.900276028857,0.1624284,57.14775571,-2010,3136,70.4,2026-06-24,-2.02,40.2,False
3845,601965,中国汽研,12.02,-1.8,0.17,18.31,12.299007843784,0.2215112,63.86862385,761,1394,67.2,2026-06-24,-2.27,42.9,False
3846,601966,XD玲珑轮,10.32,-1.24,0.24,223.51,10.52809548667,0.2652436,53.84768593,-39,3991,73.6,2026-06-24,-1.98,39.6,False
3847,601968,宝钢包装,4.04,-1.22,0.21,19.71,4.09095169774,0.1898372,55.90925672,-48,3493,64.0,2026-06-24,-1.25,35.8,False
3848,601969,海南矿业,8.35,-2.57,0.23,20.65,8.508157382238,0.2677188,64.90169361,680,1198,68.8,2026-06-24,-1.86,44.7,False
3849,601975,招商南油,4.62,-6.1,3.1,12.52,4.941219749041,0.4841736,72.69336704,493,299,79.2,2026-06-24,-6.5,57.6,False
3850,601985,中国核电,8.87,0.68,0.18,22.09,8.876399902657,0.389358,62.99798515,-986,1590,84.0,2026-06-24,-0.07,52.9,False
3851,601988,中国银行,5.94,-1.33,0.04,8.45,6.083166061266,0.5042148,72.70345919,-217,297,89.6,2026-06-24,-2.35,65.1,False
3852,601990,南京证券,6.64,-0.6,0.21,24.93,6.734122480038,0.292076,55.54169562,-496,3576,78.4,2026-06-24,-1.4,43.5,False
3853,601991,大唐发电,7.97,1.92,1.79,12.74,7.977934719039,0.3225432,59.47901238,-1208,2477,93.2,2026-06-24,-0.1,55.4,False
3854,601992,金隅集团,1.38,-0.72,0.17,-2.2,1.403579997579,0.4498988,52.1742851,-160,4363,67.6,2026-06-24,-1.68,35.3,False
3855,601995,中金公司,35.08,0.26,0.23,11.83,34.912432438169,0.3980268,64.67823585,-492,1239,86.8,2026-06-24,0.48,56.1,False
3856,601996,丰林集团,2.24,-2.18,0.55,-22.72,2.327928320808,0.311132,54.06446745,-509,3941,62.8,2026-06-24,-3.78,34.0,False
3857,601997,贵阳银行,5.34,-0.56,0.18,3.3,5.40972642625,0.4187564,61.9330557,-254,1838,68.8,2026-06-24,-1.29,42.6,False
3858,601998,中信银行,7.13,-0.83,0.04,4.94,7.275723282906,0.337,65.81189155,204,1055,81.2,2026-06-24,-2.0,53.4,False
3859,601999,出版传媒,5.57,-1.59,0.14,115.58,5.633947477299,0.133438,60.50002782,-318,2211,61.6,2026-06-24,-1.14,37.3,False
3860,603000,人民网,15.35,-1.22,0.3,-127.58,15.623341646444,0.2446628,55.83684194,-150,3508,72.0,2026-06-24,-1.75,40.2,False
3861,603001,奥康国际,,,0.0,55.83,13.907756763894,0.459164,64.87530226,-69,1203,78.0,2026-06-24,,50.6,False
3862,603002,宏昌电子,23.26,-0.98,2.23,14075.18,23.207790945757,0.3490004,58.62644043,191,2716,90.8,2026-06-24,0.22,53.2,False
3863,603004,鼎龙科技,22.61,-1.65,3.11,46.35,22.59043466306,0.2445776,67.87970978,138,750,77.6,2026-06-24,0.09,52.7,False
3864,603005,晶方科技,51.0,2.76,6.12,127.07,48.789367705684,0.4359012,75.23706334,71,154,95.2,2026-06-24,4.53,71.6,False
3865,603006,联明股份,14.2,-0.63,0.83,40.91,14.174298646083,0.1741544,61.36691964,1043,1972,74.0,2026-06-24,0.18,45.4,False
3866,603007,顺景科技,6.47,-2.85,2.32,-235.14,6.617261380994,0.361549607843,52.27864321,-2195,4340,83.2,2026-06-24,-2.23,43.5,False
3867,603008,ST喜临门,8.26,-2.13,0.48,-21.2,8.50935362284,0.338022156863,53.67676051,-990,4039,63.2,2026-06-24,-2.93,33.9,False
3868,603009,北特科技,45.3,4.02,1.18,144.34,42.876471296399,0.3324088,63.89907415,55,1388,75.6,2026-06-24,5.65,48.3,False
3869,603010,万盛股份,14.68,3.97,1.15,152.8,14.291765457259,0.2751508,55.94637987,-1609,3486,76.4,2026-06-24,2.72,42.7,False
3870,603011,合锻智能,35.44,6.36,5.84,-152.71,33.606990130246,0.3465448,55.38157824,-176,3626,91.2,2026-06-24,5.45,50.5,False
3871,603012,创力集团,7.81,-4.17,1.01,54.26,8.082308978288,0.3828268,58.73948723,-886,2681,78.0,2026-06-24,-3.37,45.8,False
3872,603013,亚普股份,16.45,-1.38,0.16,12.91,16.831331298515,0.1155864,60.85371487,-1192,2116,66.0,2026-06-24,-2.27,40.2,False
3873,603014,威高血净,33.4,-2.94,1.38,29.49,34.720027121859,0.1983772,65.11399923,-779,1162,69.2,2026-06-24,-3.8,45.1,False
3874,603015,弘讯科技,12.9,0.86,1.63,192.68,12.756396299552,0.254322,61.77340367,-281,1881,86.8,2026-06-24,1.13,53.6,False
3875,603016,新宏泰,36.26,-0.11,0.97,202.97,36.817115953817,0.2533544,63.69305212,-202,1429,60.4,2026-06-24,-1.51,38.5,False
3876,603017,中衡设计,10.11,-1.75,0.62,33.32,10.281946251413,0.1518556,47.28037383,-119,5012,64.8,2026-06-24,-1.67,30.6,False
3877,603018,华设集团,6.48,-1.07,0.34,16.27,6.536138932713,0.1899764,58.5146852,-488,2749,67.6,2026-06-24,-0.86,39.6,False
3878,603019,中科曙光,94.99,6.81,3.16,152.5,87.36784449973,0.4354356,74.05662524,809,204,90.0,2026-06-24,8.72,66.7,False
3879,603020,爱普股份,14.64,-0.41,0.92,40.99,14.46107192621,0.2431068,68.16809739,345,717,79.2,2026-06-24,1.24,54.0,False
3880,603021,*ST华鹏,6.54,-1.51,0.94,-13.34,6.605195531532,0.408892352941,56.23806493,1194,3405,66.8,2026-06-24,-0.99,37.6,False
3881,603022,新通联,8.41,-2.1,0.6,34.01,8.706750753609,0.1145712,58.39463631,997,2786,62.8,2026-06-24,-3.41,36.7,False
3882,603023,威帝股份,3.8,-3.31,0.6,-167.89,3.874761094422,0.1672512,52.13471295,-1235,4374,65.2,2026-06-24,-1.93,34.0,False
3883,603025,大豪科技,14.21,-1.32,0.16,16.68,14.440072529793,0.1933264,63.85785828,221,1397,70.4,2026-06-24,-1.59,45.0,False
3884,603026,石大胜华,95.66,-3.57,2.65,19.76,99.746810458783,0.3706128,65.79732978,-966,1056,86.4,2026-06-24,-4.1,56.8,False
3885,603027,千禾味业,7.28,-2.15,0.22,16.38,7.52676727278,0.1966312,56.8123743,-145,3230,72.8,2026-06-24,-3.28,41.4,False
3886,603028,赛福天,6.88,-1.85,0.3,-101.92,7.114980242395,0.1417116,53.17551275,660,4143,63.6,2026-06-24,-3.3,33.8,False
3887,603029,天鹅股份,15.03,-2.4,0.57,61.57,15.337282979198,0.0822936,61.46602362,255,1946,68.8,2026-06-24,-2.0,42.3,False
3888,603030,全筑股份,2.08,-1.89,0.49,304.71,2.132723695074,0.214874,48.87680831,-98,4885,66.0,2026-06-24,-2.47,32.3,False
3889,603031,安孚科技,58.3,8.97,3.75,40.77,53.482744762117,0.3760276,71.59800947,97,390,76.8,2026-06-24,9.01,55.0,False
3890,603032,德新科技,26.56,0.8,2.28,61.68,26.024528067797,0.265936,70.67110399,986,463,81.2,2026-06-24,2.06,57.4,False
3891,603033,三维股份,8.83,-2.32,0.14,-19.44,9.047768592523,0.2320896,49.60538947,-174,4797,60.0,2026-06-24,-2.41,29.8,False
3892,603035,常熟汽饰,10.68,-2.02,0.2,13.66,10.917666692798,0.180388,60.09420747,1075,2311,67.6,2026-06-24,-2.18,40.6,False
3893,603036,如通股份,15.29,-2.61,0.76,35.62,15.729344585837,0.2572308,63.51093837,-820,1463,69.2,2026-06-24,-2.79,43.9,False
3894,603037,凯众股份,10.68,-1.2,0.31,74.71,10.859023304702,0.1722404,51.08066243,-156,4565,67.2,2026-06-24,-1.65,34.3,False
3895,603038,华立股份,15.02,-1.44,0.38,14.67,15.098781536465,0.159368,61.81903052,529,1869,68.4,2026-06-24,-0.52,42.3,False
3896,603039,泛微网络,34.4,-3.8,1.21,42.58,35.953659842032,0.2671444,57.7142049,-269,2983,76.4,2026-06-24,-4.32,44.1,False
3897,603040,新坐标,64.01,-0.48,0.34,47.76,92.950009225151,0.3410128,63.90769358,-399,1384,67.6,2026-06-24,-31.14,43.2,False
3898,603041,美思德,10.67,-3.09,0.39,34.29,11.046503455278,0.1531712,58.77299556,-653,2670,62.4,2026-06-24,-3.41,36.7,False
3899,603042,华脉科技,16.26,-1.75,2.24,-387.25,16.556672289943,0.2011356,56.76137499,246,3250,75.2,2026-06-24,-1.79,42.7,False
3900,603043,广州酒家,12.82,-1.16,0.1,34.46,13.112154133078,0.1204868,63.46076215,1130,1473,67.6,2026-06-24,-2.23,42.9,False
3901,603045,福达合金,89.0,-4.42,5.58,16.64,89.715022986197,0.4390356,72.44701497,903,315,80.0,2026-06-24,-0.8,58.0,False
3902,603048,浙江黎明,18.49,-1.96,0.42,42.84,19.017106134614,0.1186788,57.31861536,1240,3086,66.8,2026-06-24,-2.77,38.3,False
3903,603049,中策橡胶,43.83,-0.7,0.11,7.86,44.234164346779,0.3045712,69.54642513,507,565,66.8,2026-06-24,-0.91,46.5,False
3904,603050,科林电气,18.78,-2.44,0.34,44.67,19.070900103983,0.2950916,64.26763668,347,1312,72.4,2026-06-24,-1.53,46.5,False
3905,603051,鹿山新材,19.62,-2.29,0.9,39.66,20.185685375173,0.2016924,53.59763197,-396,4059,68.4,2026-06-24,-2.8,36.7,False
3906,603052,可川科技,88.55,-0.78,0.69,-358.93,88.200949904239,0.2707908,59.11444288,515,2572,71.2,2026-06-24,0.4,42.1,False
3907,603053,成都燃气,8.41,-1.29,0.05,11.19,8.573199448031,0.1027084,57.35588047,-263,3077,62.4,2026-06-24,-1.9,35.8,False
3908,603055,台华新材,8.22,-1.44,0.15,13.89,8.404962068455,0.214008,63.55011893,-485,1458,67.6,2026-06-24,-2.2,43.0,False
3909,603057,紫燕食品,21.97,-2.49,0.2,27.17,22.671025147973,0.1602932,61.75480219,170,1883,58.4,2026-06-24,-3.09,36.1,False
3910,603058,永吉股份,9.27,-1.9,0.28,-71.23,9.426651698297,0.2742828,54.56375574,-879,3821,63.2,2026-06-24,-1.66,34.5,False
3911,603059,倍加洁,25.22,-2.13,0.21,32.37,25.881451222198,0.0696056,59.22489743,-1472,2543,61.6,2026-06-24,-2.56,36.5,False
3912,603060,国检集团,6.22,-1.89,0.56,-47.04,6.423004875079,0.2714856,55.99072814,-652,3469,66.0,2026-06-24,-3.16,37.0,False
3913,603061,金海通,408.13,5.44,1.51,107.59,375.260734371531,0.4898352,76.15741812,143,120,76.4,2026-06-24,8.76,58.2,False
3914,603062,麦加芯彩,40.7,-1.5,0.38,109.16,41.044880289166,0.170668,59.47942978,-755,2476,58.4,2026-06-24,-0.84,34.7,False
3915,603063,禾望电气,54.28,8.24,2.36,123.19,49.541762816792,0.4147076,67.74458709,1455,775,71.6,2026-06-24,9.56,48.5,False
3916,603065,宿迁联盛,19.68,7.54,6.06,378.99,18.307410250802,0.318208,60.12315236,441,2302,86.8,2026-06-24,7.5,52.2,False
3917,603066,音飞储存,10.05,-1.86,0.38,5.93,10.253977010783,0.129524,57.05550579,-233,3164,66.8,2026-06-24,-1.99,38.1,False
3918,603067,振华股份,46.0,9.11,2.82,71.44,40.430344156429,0.4931888,77.14728649,65,87,80.4,2026-06-24,13.78,62.0,False
3919,603068,博通集成,38.65,0.83,1.26,90.35,38.12303285918,0.1628544,65.12832746,-874,1158,83.2,2026-06-24,1.38,54.2,False
3920,603069,海汽集团,13.08,-0.53,0.33,-49.62,13.205426190075,0.1316816,47.85070035,0,4969,68.0,2026-06-24,-0.95,32.5,False
3921,603070,万控智造,13.58,-3.28,0.88,-71.24,14.282155679135,0.2146132,53.12152722,-2147,4156,70.0,2026-06-24,-4.92,37.2,False
3922,603071,物产环能,11.56,-1.7,0.1,9.34,11.844752961484,0.16199,61.56591661,-1352,1928,65.2,2026-06-24,-2.4,40.1,False
3923,603072,天和磁材,38.15,-1.24,1.24,52.65,38.496058101864,0.24408,66.15586423,-142,988,80.0,2026-06-24,-0.9,52.9,False
3924,603073,彩蝶实业,15.5,-2.15,0.68,33.96,16.056658045262,0.1012,52.68011159,-1194,4245,62.4,2026-06-24,-3.47,32.9,False
3925,603075,热威股份,21.9,-1.66,0.79,30.82,22.134545190633,0.1309636,67.95462668,1057,744,64.4,2026-06-24,-1.06,43.8,False
3926,603076,乐惠国际,20.43,-3.13,0.57,75.12,21.002962614083,0.1804052,55.05462733,208,3713,58.8,2026-06-24,-2.73,32.4,False
3927,603077,和邦生物,2.36,-2.48,0.51,30.02,2.396973032863,0.3660624,60.30794154,1730,2252,72.0,2026-06-24,-1.54,43.4,False
3928,603078,江化微,45.48,-1.45,2.13,152.37,44.424173166257,0.3247404,59.48481257,895,2473,86.0,2026-06-24,2.38,51.2,False
3929,603079,圣达生物,11.77,-3.21,0.52,42.22,12.334175520987,0.0854024,53.38663668,-597,4104,64.8,2026-06-24,-4.57,34.6,False
3930,603080,新疆火炬,19.28,-2.18,0.22,15.12,19.751997353664,0.1529448,64.7912176,1080,1219,67.6,2026-06-24,-2.39,43.8,False
3931,603081,大丰实业,8.91,-1.66,0.13,248.05,9.1213842351,0.1920872,55.07858049,886,3705,64.8,2026-06-24,-2.32,35.7,False
3932,603082,北自科技,44.6,-5.01,8.68,97.19,46.272335798609,0.3232284,61.33550802,-1218,1985,77.6,2026-06-24,-3.61,47.6,False
3933,603083,剑桥科技,259.52,-1.03,3.75,201.91,257.103896307186,0.6516212,81.76821062,-2,16,93.2,2026-06-24,0.94,76.2,False
3934,603085,天成自控,10.93,-1.18,0.55,43.21,11.084846326638,0.1876348,61.54122012,1285,1932,71.6,2026-06-24,-1.4,44.1,False
3935,603086,先达股份,5.37,-2.72,0.44,26.57,5.568527069414,0.1282572,53.56957963,20,4070,64.8,2026-06-24,-3.57,34.7,False
3936,603087,甘李药业,55.18,-3.11,0.46,42.81,57.651983011445,0.3518064,62.12389228,-834,1781,77.6,2026-06-24,-4.29,48.2,False
3937,603088,宁波精达,10.57,2.13,1.05,165.46,10.155642380892,0.262736,63.27708865,-797,1535,69.6,2026-06-24,4.08,44.0,False
3938,603089,正裕工业,8.92,-1.87,0.28,-34.38,9.143996827027,0.1087608,50.4365915,101,4681,62.4,2026-06-24,-2.45,31.5,False
3939,603090,宏盛股份,57.15,-0.75,1.3,82.9,57.727849486413,0.2331168,57.02728256,-1113,3171,68.8,2026-06-24,-1.0,39.2,False
3940,603091,众鑫股份,47.97,-1.28,0.55,18.3,68.626062968458,0.2487136,66.04100313,-417,1008,63.2,2026-06-24,-30.1,41.7,False
3941,603092,德力佳,55.1,-3.03,1.03,25.93,57.70423000085,0.2314644,69.03841776,185,622,58.4,2026-06-24,-4.51,40.3,False
3942,603093,南华期货,20.38,-1.64,0.61,17.86,20.711525092161,0.2413964,61.21498488,435,2018,70.8,2026-06-24,-1.6,43.3,False
3943,603095,越剑智能,15.19,-2.38,0.44,68.99,15.686186585405,0.211044,48.84044007,41,4887,62.8,2026-06-24,-3.16,30.7,False
3944,603096,新经典,13.63,-2.5,0.26,25.46,14.112157869374,0.1066312,49.20556946,-345,4854,63.2,2026-06-24,-3.42,31.1,False
3945,603097,江苏华辰,27.22,-2.26,0.24,8568.17,27.722050927094,0.2245576,58.76204283,107,2674,64.8,2026-06-24,-1.81,38.1,False
3946,603098,森特股份,10.68,-1.29,0.21,66.97,10.848132828251,0.2347652,52.59781182,-59,4271,65.6,2026-06-24,-1.55,34.5,False
3947,603099,长白山,35.37,-1.06,0.83,297.45,36.151655390931,0.215272,60.97382281,-1589,2079,76.0,2026-06-24,-2.16,46.3,False
3948,603100,川仪股份,16.7,-0.77,0.22,19.07,17.115222988793,0.2115548,59.69567549,-365,2414,66.0,2026-06-24,-2.43,39.4,False
3949,603101,汇嘉时代,6.4,-0.93,0.38,11.68,6.493948497294,0.1194752,58.04564043,-608,2889,63.2,2026-06-24,-1.45,36.7,False
3950,603102,百合股份,32.28,-2.54,0.24,17.87,33.376530539773,0.0751752,56.17138116,-770,3422,62.4,2026-06-24,-3.29,35.1,False
3951,603103,横店影视,14.82,-0.47,0.26,58.56,14.913470124805,0.2188664,50.58258373,87,4645,71.6,2026-06-24,-0.63,36.2,False
3952,603105,芯能科技,7.04,-1.95,0.32,384.52,7.169632899846,0.1997312,53.02778659,-1527,4176,67.6,2026-06-24,-1.81,35.8,False
3953,603106,恒银科技,7.71,-1.03,0.87,352.52,7.874384124651,0.240546,60.763371,-1233,2136,85.6,2026-06-24,-2.09,52.0,False
3954,603107,上海汽配,11.75,-2.16,0.19,22.13,12.053310248617,0.1742504,56.82966189,-197,3223,62.8,2026-06-24,-2.52,35.7,False
3955,603108,润达医疗,9.61,-3.9,1.22,-27.12,10.127185999108,0.18931,48.21006937,-57,4943,68.8,2026-06-24,-5.11,33.2,False
3956,603109,神驰机电,17.06,-1.84,0.15,38.36,17.421935024753,0.1357648,56.08525128,251,3441,68.0,2026-06-24,-2.08,38.1,False
3957,603110,东方材料,25.4,0.24,1.36,122.55,25.111379177122,0.2532736,66.19844437,-260,978,84.4,2026-06-24,1.15,55.9,False
3958,603111,康尼机电,5.69,-2.07,0.14,21.98,5.844668109044,0.1947856,64.50601703,377,1273,66.4,2026-06-24,-2.65,42.8,False
3959,603112,华翔股份,17.78,0.0,0.26,16.35,17.54151431139,0.2904148,61.71909775,-252,1892,64.8,2026-06-24,1.36,40.0,False
3960,603113,金能科技,4.35,-2.03,0.26,-1.56,4.50677181849,0.1744128,50.55546242,-3,4650,64.4,2026-06-24,-3.48,32.6,False
3961,603115,海星股份,131.33,10.0,1.89,200.28,114.048382730249,0.3203488,72.52512196,190,309,76.8,2026-06-24,15.15,55.7,False
3962,603116,红蜻蜓,6.23,-2.66,1.35,97.24,6.58967061752,0.1943332,61.11360623,-597,2047,76.4,2026-06-24,-5.46,46.7,False
3963,603117,万林物流,3.5,-1.13,0.37,-86.29,3.565940745649,0.2037744,50.9189889,343,4595,62.8,2026-06-24,-1.85,32.0,False
3964,603118,共进股份,12.55,-0.87,0.9,101.03,12.712498770452,0.2660224,54.34384334,203,3869,69.6,2026-06-24,-1.28,37.8,False
3965,603119,浙江荣泰,68.32,0.23,1.6,112.5,67.632434707947,0.3080284,61.87230391,-222,1854,75.2,2026-06-24,1.02,46.5,False
3966,603120,肯特催化,49.26,-0.36,4.62,57.49,51.024760804512,0.3057004,68.95633204,-523,628,69.6,2026-06-24,-3.46,48.0,False
3967,603121,华培动力,13.17,-1.35,0.8,-319.54,13.684028048696,0.1485948,49.43663935,256,4821,64.4,2026-06-24,-3.76,31.8,False
3968,603122,合富中国,11.42,-4.11,2.61,-137.17,12.207855203964,0.1981888,53.61853999,-1021,4051,77.6,2026-06-24,-6.45,41.6,False
3969,603123,翠微股份,8.48,-1.4,0.68,-55.75,8.702772879831,0.1755616,47.87425029,-204,4966,71.2,2026-06-24,-2.56,34.1,False
3970,603124,江南新材,191.18,3.9,2.29,89.12,183.911595126333,0.3153592,66.87345635,1034,887,80.0,2026-06-24,3.95,53.5,False
3971,603125,常青科技,30.22,-1.18,0.57,37.62,29.756330088633,0.1948364,70.31324092,-355,502,81.2,2026-06-24,1.56,57.1,False
3972,603126,中材节能,6.92,-1.42,0.26,98.82,7.08271049017,0.1737632,61.0752772,-27,2055,73.6,2026-06-24,-2.3,45.0,False
3973,603127,昭衍新药,37.4,-1.79,1.86,29.39,38.150592967597,0.3161476,73.76545347,518,222,81.6,2026-06-24,-1.97,60.2,True
3974,603128,华贸物流,5.09,-1.55,0.11,18.1,5.134307038233,0.2615876,57.62201564,49,3011,70.0,2026-06-24,-0.86,40.3,False
3975,603129,春风动力,240.1,-0.52,0.12,21.8,242.032433138739,0.266726,67.42916264,-569,809,72.8,2026-06-24,-0.8,49.1,False
3976,603130,云中马,42.59,-0.4,0.23,101.9,42.788284841728,0.2039204,61.15736878,149,2031,60.4,2026-06-24,-0.46,36.9,False
3977,603131,上海沪工,17.08,-1.5,0.38,122.24,17.212750640437,0.1496476,49.12239842,136,4864,74.0,2026-06-24,-0.77,36.4,False
3978,603132,金徽股份,16.06,-2.67,0.19,19.16,16.325251637752,0.1704112,65.03283282,94,1178,62.8,2026-06-24,-1.62,40.8,False
3979,603135,中重科技,12.58,-2.4,0.72,107.81,12.706596349825,0.1936908,61.21875455,326,2017,76.8,2026-06-24,-1.0,47.0,False
3980,603136,天目湖,8.33,-1.88,0.32,53.8,8.583553526584,0.12187,52.77269713,-294,4218,64.8,2026-06-24,-2.95,34.2,False
3981,603137,恒尚节能,,,0.0,16.35,12.876070256921,0.1349424,58.84280668,25,2649,65.2,2026-06-24,,38.4,False
3982,603138,海量数据,15.0,-2.02,0.56,-26.38,15.245516245661,0.1865496,54.31442338,-1143,3880,68.4,2026-06-24,-1.61,37.2,False
3983,603139,康惠股份,41.31,1.37,1.76,49.4,40.82643273199,0.4703464,56.41310474,192,3359,73.6,2026-06-24,1.18,41.5,False
3984,603150,万朗磁塑,80.68,1.45,0.73,64.18,77.368103640857,0.2889372,62.09334138,231,1791,65.6,2026-06-24,4.28,40.7,False
3985,603151,邦基科技,11.33,-2.58,0.35,119.9,11.74963591375,0.057746,60.712536,-908,2152,61.2,2026-06-24,-3.57,37.2,False
3986,603153,上海建科,12.98,-2.11,0.1,99.9,13.314360408009,0.0796616,61.08118124,-214,2053,65.2,2026-06-24,-2.51,39.8,False
3987,603155,新亚强,23.07,1.18,2.06,53.64,21.96531632358,0.2837428,68.22134097,1337,711,76.8,2026-06-24,5.03,52.4,False
3988,603156,养元饮品,46.69,0.52,0.26,18.21,45.86015375575,0.3565472,65.26040176,-37,1135,76.0,2026-06-24,1.81,49.6,False
3989,603158,腾龙股份,12.27,-1.37,0.56,28.35,12.378906348945,0.2564632,55.34358369,529,3639,68.0,2026-06-24,-0.88,37.6,False
3990,603159,上海亚虹,19.09,-9.35,4.56,-148.11,21.06,0.138381659091,51.03862566,-255,4579,66.0,2026-06-24,-9.35,33.7,False
3991,603160,汇顶科技,60.12,0.37,0.36,59.75,59.55927654114,0.2949464,64.80802312,-203,1215,83.2,2026-06-24,0.94,53.9,False
3992,603161,科华控股,14.46,-1.5,0.78,44.78,15.154160437741,0.3122712,59.9080175,-1480,2350,74.4,2026-06-24,-4.58,44.6,False
3993,603162,海通发展,9.33,-3.12,1.18,15.22,9.652450999119,0.1702744,65.98223581,641,1021,64.0,2026-06-24,-3.34,42.2,False
3994,603163,圣晖集成,124.36,5.75,2.49,80.35,115.654547356694,0.3411672,76.41824058,776,110,74.8,2026-06-24,7.53,57.2,False
3995,603165,荣晟环保,13.05,-3.48,0.91,13.45,13.650250026178,0.2727548,49.10853531,-174,4866,61.2,2026-06-24,-4.4,30.1,False
3996,603166,福达股份,15.32,-2.73,0.65,32.93,15.808679541027,0.2541732,67.01597505,533,866,84.4,2026-06-24,-3.09,56.6,False
3997,603167,渤海轮渡,8.83,-1.23,0.21,21.77,8.966126973684,0.160486,57.13048286,-906,3141,70.0,2026-06-24,-1.52,40.0,False
3998,603168,莎普爱思,4.87,-2.01,0.49,-17.45,5.031239165745,0.1274552,53.25131586,167,4132,66.4,2026-06-24,-3.2,35.4,False
3999,603169,兰石重装,7.22,-1.9,0.35,-59.48,7.425112963941,0.2250552,50.03759988,-248,4743,74.8,2026-06-24,-2.76,37.4,False
4000,603170,宝立食品,11.62,-1.86,0.1,17.72,11.913876510625,0.14274,65.55033407,307,1087,66.0,2026-06-24,-2.47,43.3,False
4001,603171,税友股份,40.9,-3.42,0.49,132.84,42.199656878053,0.226818,60.6061648,-124,2186,67.6,2026-06-24,-3.08,41.0,False
4002,603172,万丰股份,17.84,-2.09,0.41,42.63,18.301619818961,0.1109572,59.21661887,-422,2545,60.8,2026-06-24,-2.52,36.0,False
4003,603173,福斯达,35.1,-1.32,0.25,15.18,35.427100177903,0.184266,63.1132198,-1103,1564,66.4,2026-06-24,-0.92,41.9,False
4004,603175,超颖电子,91.59,0.54,2.45,-104.61,91.39542957225,0.2548468,62.00782284,1059,1812,70.4,2026-06-24,0.21,43.7,False
4005,603176,汇通集团,4.4,-1.57,0.22,-8.62,4.527759002298,0.1177492,55.31488075,572,3646,64.8,2026-06-24,-2.82,35.8,False
4006,603177,德创环保,9.3,-4.62,1.77,-41.04,9.585081652842,0.3223632,58.99218697,1991,2606,73.2,2026-06-24,-2.97,43.2,False
4007,603178,圣龙股份,15.26,-2.49,0.55,47.78,15.60222855815,0.1594972,54.46847499,-400,3839,68.4,2026-06-24,-2.19,37.3,False
4008,603179,新泉股份,48.09,-1.78,0.75,42.19,49.191636524789,0.4240084,66.47282159,1057,934,69.6,2026-06-24,-2.24,46.3,False
4009,603180,金牌家居,14.3,-1.72,0.16,-38.92,14.654276326911,0.075208,52.95396975,101,4191,66.4,2026-06-24,-2.42,35.2,False
4010,603181,皇马科技,16.6,-0.9,0.69,21.73,16.795750775019,0.287488,67.26436155,-709,831,74.8,2026-06-24,-1.17,50.3,False
4011,603182,嘉华股份,11.92,-2.45,0.4,17.95,12.264964661955,0.091122,54.0925185,46,3935,62.0,2026-06-24,-2.81,33.5,False
4012,603183,建研院,3.6,-0.83,0.62,-103.77,3.661965800529,0.1831668,58.83905112,-389,2651,65.2,2026-06-24,-1.69,38.4,False
4013,603185,弘元绿能,16.68,-0.48,0.5,-9.79,16.495127697461,0.2661264,55.35292456,1375,3634,69.6,2026-06-24,1.12,38.5,False
4014,603186,华正新材,252.0,0.62,2.68,319.45,248.159502791334,0.5353916,67.25053591,2133,834,89.6,2026-06-24,1.55,60.3,False
4015,603187,海容冷链,11.69,-2.01,0.31,10.81,11.842609477405,0.1712904,60.25364323,-1126,2262,64.4,2026-06-24,-1.29,38.8,False
4016,603188,亚邦股份,4.18,-1.18,0.41,42.6,4.230859849019,0.2158912,57.83012406,-53,2943,63.2,2026-06-24,-1.2,36.5,False
4017,603189,XD*ST网,10.25,-3.76,0.34,-136.83,10.717908655368,0.315826666667,47.88605035,-1090,4965,66.0,2026-06-24,-4.37,31.6,True
4018,603190,亚通精工,24.07,-2.67,0.69,15.01,24.803902747289,0.1545624,57.29146914,-350,3095,64.0,2026-06-24,-2.96,36.7,False
4019,603191,望变电气,16.6,-1.6,0.61,111.45,16.85002551637,0.1956872,51.56064286,49,4482,70.0,2026-06-24,-1.48,36.1,False
4020,603192,汇得科技,17.43,-1.91,0.17,48.09,17.880665438637,0.0476612,55.45923066,-307,3602,62.0,2026-06-24,-2.52,34.4,False
4021,603193,润本股份,18.81,-2.69,0.66,36.15,19.549239754237,0.178022,59.71597119,170,2405,61.6,2026-06-24,-3.78,36.8,False
4022,603194,中力股份,34.45,-1.74,0.24,18.96,35.535631667055,0.1748492,61.04067234,-481,2063,66.0,2026-06-24,-3.06,40.3,False
4023,603195,公牛集团,38.89,-3.07,0.09,16.61,40.122292331227,0.2894744,74.98415258,294,163,77.6,2026-06-24,-3.07,58.2,False
4024,603196,璞源材料,25.37,-1.55,0.23,112.18,25.877407868884,0.281464,56.75646851,-380,3252,67.2,2026-06-24,-1.96,38.1,False
4025,603197,保隆科技,28.08,-2.26,0.25,21.01,28.659731413098,0.2121316,57.73047141,-1000,2971,71.6,2026-06-24,-2.02,41.3,False
4026,603198,迎驾贡酒,30.09,-1.76,0.18,7.21,31.24903527175,0.2066864,59.71126564,-28,2407,70.4,2026-06-24,-3.71,42.0,False
4027,603199,九华旅游,30.64,-1.23,0.23,12.19,31.120341450503,0.2019716,62.5449367,-122,1690,65.6,2026-06-24,-1.54,41.0,False
4028,603200,上海洗霸,43.79,-1.73,0.4,1033.01,44.557321694469,0.2554304,58.25593775,387,2841,68.4,2026-06-24,-1.72,39.8,False
4029,603201,常润股份,17.3,-9.99,2.82,24.91,19.45051155823,0.2139116,66.88971753,-753,882,76.0,2026-06-24,-11.06,50.8,False
4030,603202,天有为,52.0,-2.82,1.11,16.39,54.61721385943,0.2072952,48.12071823,-688,4952,62.8,2026-06-24,-4.79,30.2,False
4031,603203,快克智能,70.66,0.74,2.06,75.64,66.062717871433,0.4166828,76.70067517,742,100,86.0,2026-06-24,6.96,66.0,False
4032,603205,健尔康,20.97,-2.69,0.65,29.76,21.837944120083,0.102494,55.2343404,-1709,3663,62.8,2026-06-24,-3.97,34.7,False
4033,603206,嘉环科技,17.34,0.99,1.12,91.13,17.336495716939,0.1746408,54.84442389,-769,3766,68.8,2026-06-24,0.02,37.7,False
4034,603207,小方制药,22.22,-3.73,0.92,15.94,23.307255394111,0.169902,63.32252807,127,1522,67.6,2026-06-24,-4.66,42.8,False
4035,603208,江山欧派,10.82,-2.35,0.45,-13.08,11.13889249959,0.1038068,47.60350373,-104,4986,66.4,2026-06-24,-2.86,31.6,False
4036,603209,兴通股份,12.89,-2.05,0.19,9.4,13.194847187145,0.1838064,64.18915586,962,1326,62.8,2026-06-24,-2.31,40.3,False
4037,603210,泰鸿万立,13.66,-2.22,0.74,20.71,14.174618121392,0.2090088,63.43932239,-503,1480,74.4,2026-06-24,-3.63,47.2,False
4038,603211,晋拓股份,35.05,-3.23,1.35,210.24,36.446985401995,0.2810736,63.14663522,-972,1556,84.8,2026-06-24,-3.83,53.5,False
4039,603212,赛伍技术,12.05,-1.23,1.05,-114.28,12.093760765103,0.2888576,48.69014104,-86,4900,78.4,2026-06-24,-0.36,38.2,False
4040,603213,镇洋发展,13.72,-1.37,0.2,46.4,13.878887369246,0.184216,58.56223226,27,2737,69.2,2026-06-24,-1.14,40.5,False
4041,603214,爱婴室,12.47,-2.73,0.54,50.44,12.945492792908,0.1122404,63.31791751,411,1525,66.8,2026-06-24,-3.67,42.3,False
4042,603215,比依股份,14.37,-0.21,0.62,-46.85,14.443398232598,0.2002064,49.92118499,-93,4760,64.8,2026-06-24,-0.51,32.3,False
4043,603216,梦天家居,21.9,1.91,0.35,144.14,21.739956203876,0.164138,56.78268765,-1440,3239,58.8,2026-06-24,0.74,33.4,False
4044,603217,元利科技,23.6,-2.03,0.29,20.22,24.011576893616,0.1674048,63.18501745,1851,1550,58.0,2026-06-24,-1.71,36.6,False
4045,603218,日月股份,10.26,-0.97,0.15,31.12,10.40336759621,0.2137364,57.50123055,-304,3040,67.6,2026-06-24,-1.38,38.9,False
4046,603219,富佳股份,14.93,-0.99,0.18,1997.82,14.80907853535,0.3072156,59.57310163,1074,2448,64.4,2026-06-24,0.82,38.4,False
4047,603220,中贝通信,23.78,-1.69,1.19,-1120062.38,23.851762252985,0.3207376,62.46902662,1425,1706,74.8,2026-06-24,-0.3,46.7,False
4048,603221,爱丽家居,10.64,-1.85,0.2,-43.87,11.02976177998,0.0888324,50.38010344,-42,4688,60.8,2026-06-24,-3.53,30.6,False
4049,603222,济民健康,7.33,-3.68,0.72,-37.12,7.780614796761,0.2981272,51.6008747,369,4479,67.6,2026-06-24,-5.79,34.9,False
4050,603223,恒通股份,12.45,8.64,1.56,23.58,11.136836308208,0.29246,72.18088369,-169,345,76.8,2026-06-24,11.79,55.4,False
4051,603225,XD新凤鸣,21.21,-2.26,0.39,24.2,21.794524791108,0.293298,74.19200799,58,195,73.6,2026-06-24,-2.68,54.6,False
4052,603226,菲林格尔,53.45,-1.4,0.23,-332.22,53.776084627713,0.3319244,57.59655981,227,3017,66.4,2026-06-24,-0.61,38.2,False
4053,603227,雪峰科技,7.28,-2.41,0.24,42.7,7.558001995622,0.1686144,55.11912117,-232,3691,66.4,2026-06-24,-3.68,36.6,False
4054,603228,景旺电子,73.49,0.81,0.85,77.76,72.820294444249,0.3984284,66.69879824,-198,910,88.0,2026-06-24,0.92,58.7,False
4055,603229,奥翔药业,7.85,-2.97,0.22,16.86,8.150320326518,0.1655996,56.82327167,-1617,3226,67.2,2026-06-24,-3.68,38.2,False
4056,603230,内蒙新华,8.82,-1.56,0.15,12.54,9.063908085106,0.1097192,48.36440831,-315,4929,62.8,2026-06-24,-2.69,30.4,False
4057,603231,索宝蛋白,14.9,-1.72,0.41,22.44,15.173135659419,0.2015484,58.68363664,-1374,2700,62.4,2026-06-24,-1.8,36.6,False
4058,603232,格尔软件,16.55,-1.9,1.92,-33.92,17.082694328106,0.183162,51.1443031,-1420,4552,74.8,2026-06-24,-3.12,38.3,False
4059,603233,大参林,15.56,-2.2,0.08,8.67,15.98507644946,0.1102008,69.26741065,505,596,69.2,2026-06-24,-2.66,47.9,False
4060,603235,天新药业,22.13,-2.68,0.03,16.48,22.867237299859,0.1612568,61.37837659,-404,1970,62.4,2026-06-24,-3.22,38.3,False
4061,603236,移远通信,47.89,-2.8,0.68,34.14,49.069000683817,0.3496624,64.46391439,1446,1278,79.6,2026-06-24,-2.4,51.3,False
4062,603237,五芳斋,12.5,-3.1,0.24,-10.69,13.005004577323,0.0667776,51.21997023,-625,4539,63.6,2026-06-24,-3.88,32.6,False
4063,603238,诺邦股份,11.5,-1.37,0.45,16.44,11.804201102666,0.1074468,55.61696807,-526,3563,65.6,2026-06-24,-2.58,36.5,False
4064,603239,浙江仙通,15.17,-1.75,0.5,20.92,15.556171541926,0.1420108,53.95834802,-32,3965,60.8,2026-06-24,-2.48,32.8,False
4065,603248,锡华科技,22.05,-1.56,1.6,87.94,22.520984149965,0.2393464,57.27729177,-1088,3101,61.2,2026-06-24,-2.09,35.1,False
4066,603255,鼎际得,33.77,-1.2,0.65,101.65,34.053637962505,0.194534,60.7359183,1020,2141,66.0,2026-06-24,-0.83,40.1,False
4067,603256,宏和科技,279.0,4.11,0.53,449.94,263.428504617402,0.4191624,79.07090693,119,47,91.2,2026-06-24,5.91,72.1,False
4068,603257,中国瑞林,70.63,-0.27,2.97,41.15,70.229223848074,0.2860112,72.37717146,1116,323,66.4,2026-06-24,0.57,48.1,False
4069,603258,电魂网络,12.34,-0.4,0.34,-33.19,12.46224559001,0.12368,49.15332452,288,4862,68.0,2026-06-24,-0.98,33.4,False
4070,603259,药明康德,115.12,-0.24,0.89,18.46,114.433945873825,0.575974,82.72118362,33,9,89.6,2026-06-24,0.6,74.1,False
4071,603260,合盛硅业,50.09,3.15,0.74,191.41,48.255935205934,0.362854,59.04274183,1122,2590,86.4,2026-06-24,3.8,51.0,False
4072,603261,立航科技,49.91,1.86,1.35,-79.68,48.652361558673,0.35279627451,56.45091733,1476,3351,82.4,2026-06-24,2.58,46.5,False
4073,603262,技源集团,29.37,-3.17,1.72,128.1,30.141880842416,0.2667676,71.76285895,1191,379,69.6,2026-06-24,-2.56,49.9,False
4074,603266,天龙股份,16.94,-1.68,0.37,28.26,17.199971316374,0.1828204,61.99082089,1333,1816,71.6,2026-06-24,-1.51,44.4,False
4075,603267,鸿远电子,83.6,10.0,4.21,50.14,74.785488210184,0.3997012,72.66454811,659,301,87.2,2026-06-24,11.79,63.4,False
4076,603268,松发股份,143.78,-1.94,0.37,31.91,144.738740566787,0.420240196078,71.7289971,638,382,73.6,2026-06-24,-0.66,52.8,False
4077,603269,海鸥股份,22.46,3.31,3.02,77.38,21.467944023565,0.2709416,65.48945595,304,1098,73.6,2026-06-24,4.62,48.2,False
4078,603270,金帝股份,29.36,-1.31,1.6,38.44,29.69036946326,0.2173652,68.0240427,1007,733,75.6,2026-06-24,-1.11,51.4,False
4079,603271,永杰新材,45.05,-0.97,1.16,18.7,45.220965197319,0.2884032,64.02787321,-475,1355,72.0,2026-06-24,-0.38,46.1,False
4080,603272,*ST联翔,25.29,-5.0,0.04,-117.48,26.620034359806,0.418539215686,50.94874298,335,4591,56.8,2026-06-24,-5.0,28.9,False
4081,603273,天元智能,13.31,-2.42,0.86,96.38,13.756705131266,0.1164516,53.77528454,-220,4012,64.8,2026-06-24,-3.25,34.8,False
4082,603275,众辰科技,39.35,-1.6,0.58,32.29,39.855291930646,0.219862,59.56585479,-1241,2449,60.8,2026-06-24,-1.27,36.2,False
4083,603276,恒兴新材,15.8,-2.65,1.21,31.64,16.287910445239,0.1141696,58.30414181,-1573,2823,67.2,2026-06-24,-3.0,39.2,False
4084,603277,银都股份,10.15,-1.17,0.08,37.62,10.136372837412,0.1505412,62.75224828,303,1637,64.4,2026-06-24,0.13,40.4,False
4085,603278,大业股份,11.45,-1.97,1.25,-39.84,11.69325209085,0.1768228,45.58176911,-657,5102,72.4,2026-06-24,-2.08,33.0,False
4086,603279,景津装备,12.26,-0.24,0.3,14.31,12.402190843961,0.1731308,58.85414659,61,2645,64.0,2026-06-24,-1.15,37.7,False
4087,603280,南方路机,26.25,-1.76,0.24,63.44,26.944412691705,0.1072752,53.68858328,-1710,4035,63.6,2026-06-24,-2.58,34.1,False
4088,603281,江瀚新材,39.57,-2.63,0.78,35.73,38.88357063239,0.3131892,71.56636192,136,395,71.2,2026-06-24,1.77,51.0,False
4089,603282,亚光股份,15.54,5.0,1.36,-159.5,15.435193728284,0.1705272,56.83914685,102,3221,63.2,2026-06-24,0.68,35.9,False
4090,603283,赛腾股份,72.1,3.21,2.46,69.78,68.232453709093,0.4133796,78.10782613,-3,67,90.4,2026-06-24,5.67,70.6,False
4091,603284,林平发展,37.59,-2.62,2.49,15.08,38.943301185321,0.2004392,59.87497261,-1212,2360,60.8,2026-06-24,-3.48,36.4,False
4092,603285,键邦股份,52.52,-1.24,1.49,66.11,50.823751367631,0.3635,73.71270275,593,228,71.6,2026-06-24,3.34,52.8,False
4093,603286,日盈电子,48.9,-2.49,0.68,-259.09,50.331913422739,0.2799228,47.79812442,-710,4972,69.6,2026-06-24,-2.84,33.3,False
4094,603288,海天味业,33.61,-4.0,0.22,20.12,35.271987341687,0.377622,76.78637732,-40,98,92.8,2026-06-24,-4.71,71.3,False
4095,603289,泰瑞机器,8.25,-2.48,0.48,109.94,8.518958345368,0.1335328,53.66704413,-159,4042,60.8,2026-06-24,-3.16,32.6,False
4096,603290,斯达半导,138.81,-0.28,1.21,312.1,138.927165137705,0.3615496,63.75659928,-793,1417,92.8,2026-06-24,-0.08,59.2,False
4097,603291,联合水务,8.44,-2.54,0.16,60.01,8.830236624081,0.1976352,58.72353994,-382,2686,62.0,2026-06-24,-4.42,36.4,False
4098,603296,华勤技术,76.6,-0.23,0.54,27.38,75.926711880613,0.3745664,75.61485689,102,139,85.6,2026-06-24,0.89,64.7,False
4099,603297,永新光学,131.68,-0.91,0.92,79.16,127.074292929199,0.4115696,76.60601712,92,103,72.8,2026-06-24,3.62,55.8,False
4100,603298,杭叉集团,23.98,0.76,0.1,16.65,23.871310013663,0.287206,65.83644697,-212,1049,70.0,2026-06-24,0.46,46.1,False
4101,603299,苏盐井神,9.0,-1.64,0.2,19.65,9.24365897081,0.1530876,62.73465563,883,1640,68.0,2026-06-24,-2.64,42.7,False
4102,603300,海南华铁,4.76,-1.24,0.45,21.8,4.768659907115,0.3103268,51.07596726,410,4571,69.6,2026-06-24,-0.18,35.5,False
4103,603301,振德医疗,87.39,-0.76,0.16,105.88,87.684527766807,0.38718,61.12585108,416,2042,68.8,2026-06-24,-0.34,42.1,False
4104,603303,得邦照明,27.32,-3.46,0.77,73.49,28.676988190672,0.2854468,61.28540253,375,1997,71.2,2026-06-24,-4.73,43.6,False
4105,603305,旭升集团,12.85,-0.46,0.51,29.66,13.029504150221,0.2419952,52.46831959,64,4296,74.0,2026-06-24,-1.38,38.8,False
4106,603306,华懋科技,115.66,-0.4,1.09,814.56,114.172707301292,0.506798,68.31332236,341,697,80.0,2026-06-24,1.3,54.7,False
4107,603307,扬州金泉,24.45,-2.94,0.3,18.14,25.373189216022,0.1508104,55.70049049,-1074,3545,61.2,2026-06-24,-3.64,34.1,False
4108,603308,应流股份,65.58,-1.34,0.82,92.65,64.62815598481,0.3097192,63.94382443,-276,1381,82.8,2026-06-24,1.47,52.9,False
4109,603309,维力医疗,11.25,-2.34,0.42,13.69,11.599557088695,0.1876436,56.97622036,-45,3183,65.2,2026-06-24,-3.01,37.1,False
4110,603310,巍华新材,14.91,-2.1,0.35,31.29,15.142675740184,0.2451724,63.31794767,566,1524,60.0,2026-06-24,-1.54,38.0,False
4111,603311,金海高科,35.96,5.83,2.34,59.93,34.693464287057,0.273119818182,49.94595738,-734,4755,71.2,2026-06-24,3.65,35.6,False
4112,603312,西典新能,36.08,-2.06,0.25,24.14,36.641667899611,0.1986184,65.13985255,-44,1156,62.0,2026-06-24,-1.53,40.4,False
4113,603313,梦百合,5.59,10.04,1.98,-20.92,5.127504646173,0.1697252,58.70150567,695,2693,75.6,2026-06-24,9.02,44.4,False
4114,603315,福鞍股份,16.0,-2.02,0.7,63.84,16.26131454137,0.2689244,64.2251833,1088,1320,64.0,2026-06-24,-1.61,41.1,False
4115,603316,诚邦股份,24.21,3.82,5.36,68.08,22.176588017872,0.326892,65.94545118,2035,1026,78.0,2026-06-24,9.17,51.4,False
4116,603317,天味食品,13.42,-9.02,1.09,14.28,14.657809715742,0.376734,73.94442828,262,209,73.6,2026-06-24,-8.44,54.4,False
4117,603318,水发燃气,9.49,-9.79,8.82,249.78,10.628694778757,0.23722,63.65734051,-1351,1436,90.8,2026-06-24,-10.71,57.8,False
4118,603319,美湖股份,34.41,2.47,2.04,131.63,33.24706143995,0.4054492,61.31193459,246,1992,76.0,2026-06-24,3.5,46.6,False
4119,603320,迪贝电气,19.32,-3.4,0.37,45.03,19.956352156768,0.2233076,58.9966224,1365,2604,62.0,2026-06-24,-3.19,36.6,False
4120,603321,梅轮电梯,6.01,-1.48,0.22,79.65,6.128902678898,0.1427336,55.6623614,832,3554,63.6,2026-06-24,-1.94,35.4,False
4121,603322,超讯科技,28.6,-1.89,0.66,27.04,28.567699845628,0.2640636,58.68033105,1454,2701,68.0,2026-06-24,0.11,39.9,False
4122,603323,苏农银行,4.03,-1.23,0.22,4.84,4.116148924881,0.345052,58.3178177,-543,2814,67.2,2026-06-24,-2.09,39.2,False
4123,603324,盛剑科技,49.83,10.0,5.57,-70.45,42.60516915167,0.3778324,64.24202343,1654,1316,84.0,2026-06-24,16.96,54.0,False
4124,603325,博隆技术,52.2,-2.25,0.43,31.75,53.619881736965,0.1612652,55.98125952,-1168,3473,62.0,2026-06-24,-2.65,34.7,False
4125,603326,我乐家居,6.45,-1.38,0.23,57.13,6.594719990148,0.114168,59.82746245,-480,2376,64.0,2026-06-24,-2.19,38.3,False
4126,603327,福蓉科技,11.09,-3.57,1.8,60.05,11.165660836913,0.2641412,76.4716868,469,108,76.4,2026-06-24,-0.68,58.4,False
4127,603328,依顿电子,13.75,0.0,1.0,91.11,13.516412344252,0.30775,63.29102125,868,1531,82.0,2026-06-24,1.73,51.9,False
4128,603329,上海雅仕,9.28,-2.42,0.38,14.43,9.601565304312,0.1110108,53.81597739,-502,4003,64.8,2026-06-24,-3.35,34.9,False
4129,603330,天洋新材,7.77,-1.77,2.61,249.31,7.888288636861,0.256942,55.13050659,-781,3687,78.8,2026-06-24,-1.5,43.4,False
4130,603331,百达精工,10.92,-1.89,0.54,909.93,11.158038093897,0.1704264,45.83429369,-98,5091,63.2,2026-06-24,-2.13,29.0,False
4131,603332,苏州龙杰,10.77,-1.82,0.35,30.13,11.300007958372,0.1366872,59.34096473,188,2516,64.4,2026-06-24,-4.69,38.2,False
4132,603333,福华尚纬,7.56,-1.95,0.65,2144.17,7.742778596919,0.2008532,51.39340643,275,4506,70.0,2026-06-24,-2.36,36.0,False
4133,603334,丰倍生物,36.52,-0.79,1.51,32.05,37.528647319847,0.2898528,55.66213925,-373,3555,58.0,2026-06-24,-2.69,32.3,False
4134,603335,迪生力,8.96,8.34,15.43,-48.39,8.306372031123,0.3186752,57.4687163,-2037,3051,86.4,2026-06-24,7.87,49.7,False
4135,603336,宏辉果蔬,7.65,-3.16,0.45,386.92,7.912284425794,0.2633852,58.69880481,167,2694,68.8,2026-06-24,-3.31,40.4,False
4136,603337,杰克科技,40.1,-0.74,0.12,18.61,40.435038198884,0.2222096,70.59480213,-182,470,69.2,2026-06-24,-0.83,48.9,False
4137,603338,浙江鼎力,44.96,0.18,0.2,12.57,44.870712202847,0.3050032,67.40991835,553,811,71.2,2026-06-24,0.2,48.0,False
4138,603339,四方科技,14.71,-4.48,2.37,26.87,15.188049122033,0.2657336,74.25824307,172,193,78.8,2026-06-24,-3.15,58.5,False
4139,603341,龙旗科技,41.71,2.71,2.79,353.65,39.798027888392,0.3572,73.52866048,221,239,78.8,2026-06-24,4.8,57.9,False
4140,603344,星德胜,24.89,-1.85,0.89,36.06,25.561614029455,0.143178,55.5056261,234,3586,62.0,2026-06-24,-2.63,34.4,False
4141,603345,安井食品,83.87,-0.75,0.36,12.41,84.835156456239,0.257856,64.77744254,-739,1221,74.4,2026-06-24,-1.14,48.2,False
4142,603348,文灿股份,13.92,-1.0,0.24,-13.72,14.243021249056,0.1432924,47.34252985,-875,5007,67.6,2026-06-24,-2.27,32.0,False
4143,603350,安乃达,30.6,-2.52,0.8,32.89,31.587773239161,0.2319372,61.41743842,-656,1962,68.8,2026-06-24,-3.13,42.3,False
4144,603351,威尔药业,24.45,-3.93,0.35,22.0,25.758183775402,0.2086136,65.36796607,-805,1119,70.0,2026-06-24,-5.08,45.8,False
4145,603352,至信股份,26.76,-2.23,0.7,62.63,27.576087377612,0.1243624,54.611582,-354,3811,62.0,2026-06-24,-2.96,33.9,False
4146,603353,和顺石油,39.3,6.3,1.68,76.53,36.94496108586,0.2283288,54.19813201,-878,3907,67.2,2026-06-24,6.37,36.4,False
4147,603355,莱克电气,29.95,0.2,0.06,247.34,29.605976669237,0.221936,58.24422406,-1087,2844,70.4,2026-06-24,1.16,41.0,False
4148,603356,华菱精工,18.59,-3.78,1.49,-29.75,19.01518187979,0.292426,62.668336,2380,1657,65.6,2026-06-24,-2.24,41.1,False
4149,603357,设计总院,6.17,-2.06,0.15,43.41,6.33920939256,0.1096456,59.15996329,-1173,2559,67.2,2026-06-24,-2.67,39.8,False
4150,603358,华达科技,41.4,5.64,1.48,-63.21,39.61043235778,0.3935164,61.4262122,1274,1957,76.4,2026-06-24,4.52,46.9,False
4151,603359,*ST东珠,2.23,-4.7,1.0,-17.68,2.375966905388,0.158971176471,40.40314053,-213,5201,62.8,2026-06-24,-6.14,25.4,False
4152,603360,百傲化学,17.08,-3.34,0.73,152.08,17.913983005584,0.2979628,55.63289944,-150,3561,69.6,2026-06-24,-4.66,38.7,False
4153,603363,傲农生物,2.64,-1.12,0.23,-135.22,2.683263399914,0.2214516,47.25533802,-558,5014,68.8,2026-06-24,-1.61,32.5,False
4154,603365,水星家纺,16.12,-1.59,0.09,10.06,16.560241005938,0.0887532,66.12319885,-197,997,60.0,2026-06-24,-2.66,39.7,False
4155,603366,日出东方,6.39,-0.78,0.3,-32.7,6.487214450632,0.15423,54.38476442,-261,3859,70.4,2026-06-24,-1.5,38.3,False
4156,603367,辰欣药业,12.81,-4.04,0.72,11.09,13.511273042695,0.20771,64.0936353,-506,1341,68.8,2026-06-24,-5.19,44.1,False
4157,603368,柳药集团,15.11,-2.26,0.36,6.68,15.590844896679,0.2114812,59.86113111,-6,2364,71.6,2026-06-24,-3.08,42.9,False
4158,603369,今世缘,23.8,-1.33,0.28,5.36,24.443382250449,0.296028,70.59202041,5,471,79.2,2026-06-24,-2.63,55.9,False
4159,603370,华新精科,38.12,-2.8,0.83,49.9,40.035564294293,0.2399148,50.55765485,-219,4649,59.2,2026-06-24,-4.78,29.9,False
4160,603373,安邦护卫,40.67,3.01,3.07,65.68,38.637314359404,0.255464,68.66033278,1842,660,64.0,2026-06-24,5.26,43.9,False
4161,603375,盛景微,48.9,-0.27,1.4,498.97,49.230401392467,0.2490168,56.37646918,635,3369,65.2,2026-06-24,-0.67,36.8,False
4162,603376,大明电子,25.45,-1.59,0.85,188.1,26.100034862078,0.0932244,53.84243218,-1146,3993,61.2,2026-06-24,-2.49,33.0,False
4163,603377,ST东时,2.85,-4.68,0.5,-7.61,3.014872025506,0.2706428,45.29839827,-55,5109,64.0,2026-06-24,-5.47,29.0,False
4164,603378,*ST亚士,4.58,-3.98,1.05,-5.03,4.82567849788,0.304421372549,47.02701873,-628,5030,63.6,2026-06-24,-5.09,29.9,False
4165,603379,三美股份,68.2,-1.39,0.87,20.58,68.003117740584,0.4261236,78.03301743,296,68,81.6,2026-06-24,0.29,63.7,False
4166,603380,易德龙,46.57,7.08,1.83,61.19,42.16474945663,0.3158584,70.40009929,-62,486,75.6,2026-06-24,10.45,53.2,False
4167,603381,永臻股份,15.82,-1.19,0.66,38.51,16.04894829088,0.2012296,54.07576095,867,3938,58.8,2026-06-24,-1.43,31.8,False
4168,603382,海阳科技,17.89,-1.92,0.32,51.79,18.413412148748,0.0913112,54.40886679,-169,3852,62.4,2026-06-24,-2.84,34.0,False
4169,603383,顶点软件,28.42,-0.8,0.6,31.42,28.995381066904,0.2216076,60.90799278,-853,2101,67.2,2026-06-24,-1.98,40.9,False
4170,603385,惠达卫浴,5.03,-1.37,0.24,-15.71,5.141702556485,0.1158332,50.85117507,-1374,4600,64.0,2026-06-24,-2.17,32.5,False
4171,603386,骏亚科技,19.29,-4.74,5.42,-76.95,19.242141180338,0.3797764,65.58270044,535,1086,84.4,2026-06-24,0.25,55.4,False
4172,603387,基蛋生物,7.83,-3.33,0.55,13.01,8.171084998106,0.2434396,60.64600843,1169,2177,62.8,2026-06-24,-4.17,38.1,False
4173,603389,*ST亚振,58.0,-1.28,0.07,-257.68,59.310837033242,0.3340528,55.50652064,-219,3585,68.4,2026-06-24,-2.21,38.0,False
4174,603390,通达电气,11.31,-1.48,0.35,15.57,11.506749823526,0.1185176,56.70051082,-1430,3270,65.6,2026-06-24,-1.71,37.2,False
4175,603391,力聚热能,53.39,0.87,0.53,324.41,52.731542799502,0.2335416,57.38622966,65,3071,58.8,2026-06-24,1.25,33.7,False
4176,603392,万泰生物,26.86,-1.97,0.13,-197.53,27.778061592934,0.1590932,50.12505068,-346,4734,74.8,2026-06-24,-3.3,37.5,False
4177,603393,新天然气,23.63,-2.68,0.48,17.26,24.709316566348,0.2741852,63.52934525,-544,1461,68.0,2026-06-24,-4.37,43.2,False
4178,603395,红四方,20.75,-2.76,0.99,64.9,21.621011652312,0.1309532,51.77444474,-1138,4444,66.8,2026-06-24,-4.03,34.6,False
4179,603396,金辰股份,26.65,-1.66,0.49,42.34,26.981563790164,0.1537088,55.2880358,-961,3651,68.0,2026-06-24,-1.23,37.6,False
4180,603398,*ST沐邦,14.32,-2.19,0.3,-20.9,14.716891687198,0.3378224,55.0392837,-1757,3718,68.0,2026-06-24,-2.7,37.4,False
4181,603399,永杉锂业,22.84,0.97,10.91,22.07,21.40717287537,0.4271884,73.91141098,3196,210,91.2,2026-06-24,6.69,67.4,False
4182,603400,华之杰,55.5,-2.43,1.6,44.55,57.491854179761,0.1694384,55.38943729,71,3622,60.4,2026-06-24,-3.46,33.5,False
4183,603402,陕西旅游,61.47,-1.09,1.09,37.52,62.940149150255,0.2305448,55.80369807,-240,3516,62.0,2026-06-24,-2.34,34.6,False
4184,603406,天富龙,26.55,-2.28,0.92,24.08,27.403482447306,0.0966904,55.8332388,-1134,3511,61.2,2026-06-24,-3.11,34.2,False
4185,603408,建霖家居,9.82,-2.19,0.08,11.65,10.123060351573,0.178674,66.00954653,210,1013,61.6,2026-06-24,-2.99,40.7,False
4186,603409,汇通控股,18.86,-3.92,2.17,21.28,19.684055186941,0.1803636,55.03943827,-780,3717,62.0,2026-06-24,-4.19,34.1,False
4187,603416,信捷电气,55.43,1.59,0.6,40.01,53.711363333508,0.3120392,67.63461633,274,786,68.8,2026-06-24,3.2,46.5,False
4188,603418,友升股份,49.77,-2.58,1.0,23.28,51.542307040033,0.2410116,63.49184689,-1031,1469,63.6,2026-06-24,-3.44,40.4,False
4189,603421,鼎信通讯,6.29,-1.41,0.32,-10.95,6.438401115196,0.1444108,50.29408629,-1707,4702,66.8,2026-06-24,-2.3,33.6,False
4190,603429,*ST集友,9.32,-4.99,1.05,-275.98,9.81,0.324462,52.08579891,-172,4383,65.6,2026-06-24,-4.99,34.2,False
4191,603439,三力制药,14.43,-1.97,0.64,33.22,14.546215028151,0.24886,57.93797556,319,2911,73.6,2026-06-24,-0.8,42.6,False
4192,603444,吉比特,343.16,2.61,1.25,11.94,329.844895990961,0.3583612,74.97576162,562,165,71.6,2026-06-24,4.04,53.7,False
4193,603456,九洲药业,12.79,-4.55,1.06,16.53,13.406911207922,0.2990768,68.03999239,-209,732,78.8,2026-06-24,-4.6,53.6,False
4194,603458,勘设股份,13.79,-2.27,1.2,-66.15,14.175380531232,0.4158504,63.68261406,192,1431,77.2,2026-06-24,-2.72,49.2,False
4195,603466,风语筑,10.73,0.28,2.1,37.45,10.512555147943,0.316866,65.15219494,-389,1151,88.4,2026-06-24,2.07,57.6,False
4196,603477,巨星农牧,12.87,-2.35,0.51,-4.72,13.354226563777,0.1982752,52.13837733,-1219,4372,68.4,2026-06-24,-3.63,35.7,False
4197,603486,科沃斯,50.92,-0.68,0.18,18.2,51.543895121554,0.2514524,61.11010149,145,2048,75.6,2026-06-24,-1.21,46.2,False
4198,603488,展鹏科技,11.06,-0.81,1.41,-43.27,11.192896242278,0.302808,54.39176297,-251,3857,75.2,2026-06-24,-1.19,40.9,False
4199,603489,八方股份,30.42,-1.46,0.2,39.87,31.069078140605,0.1667268,52.28516913,-325,4338,62.4,2026-06-24,-2.09,32.6,False
4200,603496,恒为科技,25.25,0.52,1.9,347.49,25.089253801051,0.2725032,65.70667033,149,1071,76.0,2026-06-24,0.64,49.9,False
4201,603499,翔港科技,14.56,-2.48,0.43,50.36,14.802503477475,0.3592928,65.94428136,-299,1027,69.2,2026-06-24,-1.64,45.6,False
4202,603500,祥和实业,12.96,10.02,3.4,27.42,11.88628781763,0.2469296,63.28828134,-271,1532,73.6,2026-06-24,9.03,46.6,False
4203,603501,豪威集团,91.87,1.74,0.57,57.6,89.794482032794,0.406078,73.83025805,616,217,80.4,2026-06-24,2.31,59.4,False
4204,603505,金石资源,20.21,-1.46,0.66,69.42,20.229756475242,0.35261,72.99269927,827,279,74.4,2026-06-24,-0.1,54.3,False
4205,603506,南都物业,9.84,-1.11,0.35,9.68,10.050642401516,0.1043744,61.25487013,486,2010,62.8,2026-06-24,-2.1,38.5,False
4206,603507,振江股份,35.37,-2.7,0.94,16.74,36.482032344784,0.2546664,59.16066143,-1224,2557,65.2,2026-06-24,-3.05,38.6,False
4207,603508,思维列控,21.25,-1.71,0.26,12.61,21.78608597422,0.2192588,62.43061331,-1235,1719,72.4,2026-06-24,-2.46,45.2,False
4208,603511,爱慕股份,11.94,-1.97,0.09,12.99,12.251423352222,0.0908656,59.97103098,-404,2336,63.2,2026-06-24,-2.54,37.9,False
4209,603515,欧普照明,17.55,-1.68,0.03,24.88,17.886907031349,0.1192336,66.66093597,715,916,63.6,2026-06-24,-1.88,42.4,False
4210,603516,淳中科技,132.38,-0.09,0.79,3934.38,133.721445614248,0.3063188,60.54340319,-892,2199,78.8,2026-06-24,-1.0,47.7,False
4211,603517,ST绝味,9.94,0.0,0.43,21.1,9.81512500482,0.3006688,46.71299536,-748,5054,68.8,2026-06-24,1.27,32.1,False
4212,603518,锦泓集团,7.37,-2.9,0.42,5.74,7.635296880592,0.1453244,57.10514482,-140,3153,67.6,2026-06-24,-3.47,38.6,False
4213,603519,立霸股份,15.67,-0.82,0.81,30.86,15.722387722352,0.2140932,71.95919759,430,361,76.8,2026-06-24,-0.33,55.3,False
4214,603520,司太立,10.0,2.25,2.41,52.31,9.845750787217,0.2103736,54.61774075,-917,3808,71.6,2026-06-24,1.57,39.1,False
4215,603527,众源新材,13.4,4.69,3.04,27.65,12.818922135593,0.2521628,62.65366449,-58,1663,75.2,2026-06-24,4.53,47.1,False
4216,603528,多伦科技,6.17,-1.91,0.33,-53.98,6.337087679595,0.137394,49.33610828,-641,4838,76.4,2026-06-24,-2.64,37.7,False
4217,603529,爱玛科技,19.26,-1.83,0.17,21.31,19.617562152148,0.2255672,61.92470345,191,1842,69.2,2026-06-24,-1.82,42.9,False
4218,603530,神马电力,53.34,-0.67,0.11,58.58,53.747059798396,0.2064532,61.80536682,-190,1875,68.8,2026-06-24,-0.76,42.5,False
4219,603533,掌阅科技,21.75,-0.68,1.09,-70.76,21.915022694673,0.2506284,64.00002483,1274,1364,85.6,2026-06-24,-0.75,54.8,False
4220,603535,嘉诚国际,6.26,-1.11,0.17,43.41,6.360261295993,0.1956712,52.76860237,682,4220,62.4,2026-06-24,-1.58,32.9,False
4221,603536,惠发食品,8.07,-1.82,0.4,697.67,8.308245050722,0.0726188,46.8653357,-183,5043,68.8,2026-06-24,-2.87,32.2,False
4222,603538,美诺华,34.58,-2.59,2.67,67.36,36.265655423022,0.2432344,49.47557785,-2536,4813,69.6,2026-06-24,-4.65,34.4,False
4223,603551,奥普科技,8.87,-1.66,0.11,20.76,9.024879994872,0.065582,60.2537671,-1099,2261,63.2,2026-06-24,-1.72,38.1,False
4224,603556,海兴电力,21.34,-1.48,0.35,28.53,21.867657516457,0.165008,63.18453185,-305,1551,68.0,2026-06-24,-2.41,43.0,False
4225,603557,*ST起步,4.39,-3.09,0.22,-23.43,4.602083654378,0.313570980392,50.33002121,219,4696,66.0,2026-06-24,-4.61,33.2,True
4226,603558,健盛集团,11.01,-1.08,0.18,10.33,11.236222016879,0.1255352,61.14595789,-379,2034,60.8,2026-06-24,-2.01,37.2,False
4227,603559,ST通脉,7.84,-4.97,0.41,116.71,8.211666341355,0.352422,52.3394938,13,4321,66.8,2026-06-24,-4.53,35.0,False
4228,603565,中谷物流,10.26,-0.48,0.08,10.22,10.400125347745,0.1437584,58.85667945,-1197,2644,68.8,2026-06-24,-1.35,40.5,False
4229,603566,普莱柯,10.03,-2.15,0.16,21.3,10.206618771166,0.1866892,60.71923562,459,2148,66.8,2026-06-24,-1.73,40.6,False
4230,603567,珍宝岛,4.71,3.29,2.9,-6.16,4.772973618648,0.2350832,40.99577929,8,5198,68.0,2026-06-24,-1.32,27.9,False
4231,603568,伟明环保,15.72,-1.75,0.07,18.35,15.762204100561,0.2320416,71.97911357,183,358,72.4,2026-06-24,-0.27,52.1,False
4232,603569,长久物流,5.24,-1.13,0.2,832.0,5.357988720391,0.11083,52.05264619,-1365,4385,68.8,2026-06-24,-2.2,35.8,False
4233,603577,汇金通,8.87,-2.1,0.24,55.29,9.101572387119,0.1999724,53.52309852,-40,4082,64.0,2026-06-24,-2.54,34.3,False
4234,603578,三星新材,12.78,-9.87,1.88,-247.84,13.981965366043,0.2005476,62.12028725,-608,1783,69.2,2026-06-24,-8.6,43.0,False
4235,603579,荣泰健康,17.92,-3.45,0.48,12.92,18.818138470352,0.212678,65.54206558,1060,1088,69.2,2026-06-24,-4.77,45.4,False
4236,603580,*ST艾艾,23.94,-0.25,0.06,280.31,24.164760992228,0.3760768,59.03220842,-7,2596,67.2,2026-06-24,-0.93,39.7,False
4237,603583,捷昌驱动,22.42,-2.01,0.26,42.84,22.876893436201,0.2473996,57.87381427,33,2928,68.0,2026-06-24,-2.0,39.4,False
4238,603585,苏利股份,13.91,-3.2,0.62,31.77,14.373039647762,0.1780404,59.43105009,1443,2485,59.2,2026-06-24,-3.22,35.2,False
4239,603586,金麒麟,13.0,-2.84,0.79,74.85,13.505863489771,0.1532204,48.44138432,106,4921,66.8,2026-06-24,-3.75,32.4,False
4240,603587,地素时尚,11.42,-1.38,0.08,13.41,11.658082783236,0.0979536,59.82775943,332,2375,65.6,2026-06-24,-2.04,39.2,False
4241,603588,高能环境,19.48,5.35,3.31,12.31,18.431139458235,0.411346,68.60535088,-434,666,89.2,2026-06-24,5.69,61.2,False
4242,603589,口子窖,18.64,-1.17,0.21,8.48,19.119046030504,0.14658,53.55190248,-193,4074,75.2,2026-06-24,-2.51,40.3,False
4243,603590,康辰药业,28.93,-4.84,0.62,24.36,30.418978639905,0.1830224,60.51626647,-1432,2206,66.0,2026-06-24,-4.89,39.9,False
4244,603595,ST东尼,35.22,5.01,0.34,86.01,33.238518552561,0.5471632,66.40198293,-80,944,78.8,2026-06-24,5.96,52.3,False
4245,603596,伯特利,25.02,-2.76,0.59,20.9,26.020192027118,0.2777384,57.80963275,10,2949,73.2,2026-06-24,-3.84,42.3,False
4246,603598,引力传媒,18.02,-2.59,1.14,116.95,18.426161840374,0.1759024,58.51406442,15,2750,75.6,2026-06-24,-2.2,44.2,False
4247,603599,广信股份,10.21,-3.68,0.44,14.77,10.61323183814,0.2726588,60.16597788,994,2293,62.8,2026-06-24,-3.8,37.8,False
4248,603600,永艺股份,9.26,-1.7,0.23,10.62,9.423552994017,0.066264,67.09159572,-324,854,67.2,2026-06-24,-1.74,45.1,False
4249,603601,再升科技,12.56,-1.26,2.63,250.72,12.652232956685,0.252296,52.41217413,-21,4305,82.8,2026-06-24,-0.73,43.4,False
4250,603602,纵横通信,11.99,-2.6,0.49,139.46,12.306537225349,0.1275312,56.65230256,414,3285,68.8,2026-06-24,-2.57,39.0,False
4251,603605,珀莱雅,54.66,-3.34,0.58,14.76,56.908439162509,0.2448288,65.11434218,-124,1161,77.2,2026-06-24,-3.95,50.3,False
4252,603606,东方电缆,39.27,-0.51,0.27,21.79,39.198170303607,0.2790364,63.39879364,-141,1496,76.8,2026-06-24,0.18,48.7,False
4253,603607,京华激光,22.78,-1.3,0.75,38.06,22.953545624382,0.2852496,59.46568066,-1887,2480,82.0,2026-06-24,-0.76,48.8,False
4254,603608,天创时尚,22.47,-2.73,1.31,183.6,23.228301489028,0.358436,52.73114136,214,4228,73.6,2026-06-24,-3.26,38.8,False
4255,603609,禾丰股份,5.62,-2.26,0.1,147.35,5.800748212587,0.1044916,58.94877598,-810,2617,68.0,2026-06-24,-3.12,40.1,False
4256,603610,麒盛科技,19.21,0.05,0.58,50.28,18.933333482684,0.3116564,62.55028446,-75,1686,71.6,2026-06-24,1.46,44.8,False
4257,603611,诺力股份,16.45,-1.97,0.21,14.19,16.788802492624,0.2182764,57.26492791,-212,3104,65.6,2026-06-24,-2.02,37.6,False
4258,603612,索通发展,18.54,-3.34,0.77,11.19,19.201927643414,0.2497868,58.54162814,237,2742,68.4,2026-06-24,-3.45,40.0,False
4259,603613,国联股份,19.47,-2.16,0.38,12.8,19.872958706219,0.3616024,67.14161162,859,848,67.6,2026-06-24,-2.03,45.4,False
4260,603615,茶花股份,16.33,-2.33,0.48,196.87,17.020022583994,0.2213732,56.49220141,-279,3342,62.4,2026-06-24,-4.05,35.3,False
4261,603616,韩建河山,6.13,-2.85,2.24,-60.49,6.323613798448,0.186372,47.24217662,-141,5016,85.6,2026-06-24,-3.06,40.4,False
4262,603617,君禾股份,7.09,-1.12,0.63,39.49,7.21771878167,0.2680452,59.79660245,1181,2383,65.6,2026-06-24,-1.77,39.2,False
4263,603618,杭电股份,55.25,1.41,2.35,118.13,53.676550856969,0.4187996,69.18858261,416,609,90.8,2026-06-24,2.93,62.8,False
4264,603619,中曼石油,19.97,-3.76,1.3,72.92,20.798719775579,0.2006032,49.23939279,142,4845,67.6,2026-06-24,-3.98,33.3,False
4265,603626,科森科技,20.43,0.34,1.3,7.35,20.199084392868,0.27323,50.55236842,145,4653,73.2,2026-06-24,1.14,37.0,False
4266,603628,清源股份,9.51,-1.96,0.32,144.29,9.686713341503,0.2010568,58.34389337,-114,2806,68.8,2026-06-24,-1.82,40.1,False
4267,603629,利通电子,215.46,-1.62,4.74,52.09,208.964734934802,0.5058736,76.79733076,398,97,94.8,2026-06-24,3.11,72.8,False
4268,603630,拉芳家化,13.25,-2.93,1.22,34.76,13.648396623876,0.2283184,60.05970656,-487,2318,79.2,2026-06-24,-2.92,47.6,False
4269,603633,徕木股份,7.5,-2.09,1.19,-22.34,7.88641810248,0.2716472,55.56092204,1454,3571,72.4,2026-06-24,-4.9,40.2,False
4270,603636,南威软件,8.8,-0.9,0.47,-25.63,8.845313030985,0.2985864,53.5241132,915,4081,74.0,2026-06-24,-0.51,39.6,False
4271,603637,镇海股份,18.71,-2.55,1.03,-592.98,19.106557359683,0.345324,65.46090182,619,1100,71.2,2026-06-24,-2.08,46.6,False
4272,603638,艾迪精密,23.64,0.42,0.44,33.44,23.625181929304,0.220128,65.87077705,46,1041,76.4,2026-06-24,0.06,50.3,False
4273,603639,海利尔,10.17,-2.31,0.09,11.8,10.438707524907,0.0828888,52.78999157,-974,4216,62.0,2026-06-24,-2.57,32.7,False
4274,603648,畅联股份,8.94,-0.22,0.3,24.35,9.003080216546,0.1425796,58.45781473,-1559,2770,71.6,2026-06-24,-0.7,41.9,False
4275,603650,彤程新材,77.98,0.98,2.78,65.88,74.760777370063,0.4816772,80.36290209,0,32,93.6,2026-06-24,4.31,75.2,False
4276,603655,朗博科技,30.31,-2.32,0.43,97.68,31.447628449754,0.201284,58.55778239,996,2738,60.4,2026-06-24,-3.62,35.4,False
4277,603656,泰禾智能,17.58,-2.33,0.41,143.27,18.196283023719,0.2588236,59.51903662,1598,2459,70.8,2026-06-24,-3.39,42.1,False
4278,603657,春光科技,23.06,0.92,0.67,-22.01,22.682970958951,0.1795964,56.81164717,184,3231,65.6,2026-06-24,1.66,37.3,False
4279,603658,安图生物,29.12,-2.48,0.13,17.59,30.400314508081,0.1701796,61.48697123,-1343,1941,72.8,2026-06-24,-4.21,44.8,False
4280,603659,璞泰来,28.7,-1.27,0.47,21.85,29.287538209881,0.3290696,66.09209754,518,1001,74.0,2026-06-24,-2.01,48.9,False
4281,603660,苏州科达,12.98,-2.84,1.85,-11.3,13.245308448794,0.4196788,63.45450826,-351,1476,78.0,2026-06-24,-2.0,49.5,False
4282,603661,恒林股份,37.3,10.0,2.66,21.99,33.824843228493,0.2596312,73.15763394,-55,265,77.2,2026-06-24,10.27,56.5,False
4283,603662,柯力传感,69.37,1.02,1.19,118.44,68.743122767374,0.3142344,64.78343219,-839,1220,90.0,2026-06-24,0.91,58.3,False
4284,603663,三祥新材,100.28,-3.4,1.5,287.68,101.15945666012,0.464932,73.89543005,67,211,93.2,2026-06-24,-0.87,68.9,False
4285,603665,康隆达,26.57,-1.77,0.22,66.57,26.950218970703,0.268482,54.19263973,-330,3908,65.2,2026-06-24,-1.41,35.3,False
4286,603666,亿嘉和,27.55,-2.06,0.44,-27.89,28.036208639887,0.2895864,57.82044421,-644,2945,74.4,2026-06-24,-1.73,43.0,False
4287,603667,五洲新春,66.58,0.73,2.01,207.06,65.535710342103,0.3321876,60.71434088,2588,2151,78.0,2026-06-24,1.59,47.4,False
4288,603668,天马科技,11.35,-4.7,0.59,214.03,12.02951786215,0.3175256,58.63544038,-268,2712,78.8,2026-06-24,-5.65,46.2,False
4289,603669,灵康药业,5.76,0.35,3.48,347.02,5.600178606536,0.2914016,68.58278627,-229,669,81.6,2026-06-24,2.85,56.0,False
4290,603676,卫信康,8.29,-2.93,0.19,13.2,8.674022304833,0.0556372,60.84020449,-61,2122,65.6,2026-06-24,-4.43,39.9,False
4291,603677,奇精机械,13.48,-1.46,0.2,55.61,13.597921384481,0.1608892,55.91528893,694,3492,65.2,2026-06-24,-0.87,36.5,False
4292,603678,火炬电子,75.13,10.0,2.74,225.21,67.126848851073,0.6029684,73.78316478,1055,221,85.6,2026-06-24,11.92,63.2,False
4293,603679,华体科技,21.05,0.81,1.01,-66.27,20.650925255819,0.2170668,66.19184954,-106,979,83.2,2026-06-24,1.93,55.1,False
4294,603680,今创集团,10.09,-1.18,0.14,10.47,10.295639433224,0.1058508,59.09311037,-141,2576,58.4,2026-06-24,-2.0,34.5,False
4295,603681,永冠新材,24.57,-1.05,2.32,54.53,24.656546634704,0.336418,66.5486434,1698,930,72.8,2026-06-24,-0.35,48.4,False
4296,603682,锦和商管,7.65,-2.42,0.54,99.17,7.836967943682,0.3234988,62.44201592,2233,1714,61.6,2026-06-24,-2.39,38.5,False
4297,603683,晶华新材,31.53,-1.96,1.1,89.8,32.200442134268,0.4282868,68.12128758,-309,721,78.0,2026-06-24,-2.08,53.1,False
4298,603685,晨丰科技,29.72,-1.52,0.19,188.52,30.447166848351,0.2818804,60.50500009,431,2208,67.6,2026-06-24,-2.39,40.9,False
4299,603686,福龙马,13.63,-1.16,0.54,21.68,13.813731901977,0.1404828,52.83396829,-91,4211,69.6,2026-06-24,-1.33,36.8,False
4300,603687,大胜达,17.59,-2.01,1.55,109.63,17.772351986007,0.3247624,61.64721991,398,1911,77.6,2026-06-24,-1.03,47.8,False
4301,603688,石英股份,80.22,0.41,1.56,295.44,78.505689380353,0.4267188,61.27368877,396,2000,90.4,2026-06-24,2.18,55.4,False
4302,603689,皖天然气,7.3,-1.08,0.24,8.37,7.45761391349,0.2543504,59.22292281,-1039,2544,64.4,2026-06-24,-2.11,38.1,False
4303,603690,至纯科技,31.72,0.92,2.64,-38.51,31.133882048134,0.3181048,57.89989648,-1717,2923,91.6,2026-06-24,1.88,53.0,False
4304,603693,江苏新能,12.72,-1.47,0.29,25.89,12.991262394131,0.1736856,53.21044568,-64,4138,71.6,2026-06-24,-2.09,38.1,False
4305,603696,安记食品,12.03,-1.15,0.38,63.19,12.284214863755,0.1040988,58.51639173,-353,2748,69.2,2026-06-24,-2.07,40.5,False
4306,603697,有友食品,10.56,-1.77,0.13,17.17,10.86502455129,0.1366624,62.46308071,-868,1707,66.8,2026-06-24,-2.81,41.7,False
4307,603698,航天工程,41.1,10.01,5.45,134.44,35.719526825316,0.5335396,71.80473596,175,373,71.6,2026-06-24,15.06,51.4,False
4308,603699,纽威股份,49.89,-0.06,0.17,28.01,50.479838900877,0.182376,69.40524064,321,577,64.8,2026-06-24,-1.17,45.0,False
4309,603700,宁水集团,11.42,0.44,1.36,52.89,11.62185344091,0.1348196,61.78992347,-1124,1877,66.0,2026-06-24,-1.74,40.8,False
4310,603701,德宏股份,21.69,-1.0,0.36,169.69,21.880738397643,0.3121108,54.52901558,-1045,3829,64.0,2026-06-24,-0.87,34.9,False
4311,603703,盛洋科技,11.7,-1.93,0.77,198.67,11.753226360306,0.2091476,59.69513701,1336,2416,68.0,2026-06-24,-0.45,40.6,False
4312,603706,东方环宇,18.95,-0.68,0.2,8.74,19.348492026086,0.082544,59.60931556,-1073,2435,64.8,2026-06-24,-2.06,38.6,False
4313,603707,健友股份,6.9,-3.09,0.17,31.31,7.199125026986,0.1651868,59.13382862,-181,2564,64.8,2026-06-24,-4.16,38.3,False
4314,603708,家家悦,8.71,-1.69,0.12,9.16,8.915862203496,0.1399396,59.0920033,-336,2577,64.8,2026-06-24,-2.31,38.3,False
4315,603709,中源家居,14.15,-1.05,0.43,218.88,14.496842832879,0.0677096,51.81845644,-355,4428,58.4,2026-06-24,-2.39,30.3,False
4316,603711,XD香飘飘,12.08,-1.95,0.29,13.35,12.340351916087,0.056462,57.77914285,-701,2958,66.8,2026-06-24,-2.11,38.6,False
4317,603712,七一二,12.97,0.78,0.53,-38.39,12.746970371296,0.2174844,48.41610476,-178,4923,69.6,2026-06-24,1.75,33.7,False
4318,603713,密尔克卫,75.65,10.0,3.81,16.22,66.735145915155,0.383634,75.14766493,973,157,73.6,2026-06-24,13.36,55.3,False
4319,603716,塞力医疗,15.42,-9.93,4.79,-49.68,17.115195659732,0.2176336,64.16599705,522,1331,76.8,2026-06-24,-9.9,49.3,False
4320,603717,天域生物,6.14,-3.76,3.77,-42.34,6.570938489362,0.2564028,54.81894387,-1308,3773,78.4,2026-06-24,-6.56,43.0,False
4321,603718,*ST海利,2.94,-2.33,0.61,75.62,3.094452469435,0.277599803922,44.09201585,-698,5146,67.6,2026-06-24,-4.99,29.8,False
4322,603719,良品铺子,8.98,-1.64,0.19,18.87,9.153674037219,0.1587188,56.29176908,-171,3395,72.0,2026-06-24,-1.9,40.5,False
4323,603721,中广天择,19.7,-3.86,3.77,-84.92,19.372707171147,0.152295294118,61.33171595,40,1986,74.4,2026-06-24,1.69,45.6,False
4324,603722,阿科力,36.62,-0.05,0.95,-68.84,36.855255919545,0.2413284,57.19507725,1123,3126,66.8,2026-06-24,-0.64,38.2,False
4325,603725,天安新材,11.65,-3.48,2.0,45.84,11.958387702133,0.3543772,74.17844449,-80,196,80.8,2026-06-24,-2.58,59.9,False
4326,603726,朗迪集团,29.66,0.14,1.17,15.75,29.165048339838,0.2413272,71.17976267,526,431,71.2,2026-06-24,1.7,50.7,False
4327,603727,博迈科,18.28,-0.92,0.74,-21.86,18.712835314022,0.2047868,55.10111786,-2348,3697,75.6,2026-06-24,-2.31,41.7,False
4328,603728,鸣志电器,60.6,1.52,0.75,459.29,60.577556434966,0.2654444,55.81041213,481,3515,84.4,2026-06-24,0.04,47.1,False
4329,603729,ST龙韵,10.68,-3.35,0.57,102.24,11.256931449578,0.158298823529,49.61135792,-234,4795,63.2,2026-06-24,-5.13,31.4,False
4330,603730,岱美股份,11.17,-2.45,0.15,32.18,11.31678356923,0.3313604,67.76619451,516,772,71.6,2026-06-24,-1.3,48.5,False
4331,603733,仙鹤股份,24.82,0.32,0.53,17.92,24.913422323908,0.3070824,66.05419749,730,1006,73.2,2026-06-24,-0.37,48.4,False
4332,603737,三棵树,24.55,-1.21,0.13,50.94,25.090506459965,0.1298744,60.44716782,-931,2225,66.4,2026-06-24,-2.15,40.1,False
4333,603738,泰晶科技,60.76,-1.06,6.57,254.36,61.15231869363,0.4022604,60.91799927,-1767,2097,92.4,2026-06-24,-0.64,56.3,False
4334,603739,蔚蓝生物,11.77,-3.21,0.27,41.67,12.226797620626,0.102314,59.62355698,643,2429,68.0,2026-06-24,-3.74,40.5,False
4335,603755,日辰股份,22.9,-2.55,0.37,31.03,23.80760973391,0.1145564,54.15504557,-1778,3922,62.0,2026-06-24,-3.81,33.6,False
4336,603757,大元泵业,74.7,1.36,5.14,304.02,69.45542805109,0.4498844,72.76673287,-270,293,89.6,2026-06-24,7.55,65.2,False
4337,603758,秦安股份,9.24,-1.49,0.21,43.24,9.474830151536,0.1231448,52.25951772,-110,4343,63.6,2026-06-24,-2.48,33.2,False
4338,603759,海天股份,7.18,-2.18,0.21,214.26,7.292256020658,0.144384,59.75017079,790,2396,64.4,2026-06-24,-1.54,38.5,False
4339,603766,隆鑫通用,11.33,-1.39,0.12,12.34,11.473894136387,0.2101804,66.88674083,-680,884,68.8,2026-06-24,-1.25,46.0,False
4340,603767,中马传动,15.07,-1.95,0.58,191.55,15.574290857551,0.1681044,50.39680154,-1761,4686,76.0,2026-06-24,-3.24,38.3,False
4341,603768,常青股份,9.61,-2.14,0.35,82.44,9.916240170151,0.091436,51.60375187,-268,4476,66.0,2026-06-24,-3.09,34.1,False
4342,603773,沃格光电,171.98,2.75,4.97,-189.1,166.687565134509,0.4487988,56.05181028,-982,3451,94.8,2026-06-24,3.18,53.1,False
4343,603776,永安行,21.48,-1.06,0.27,-295.36,21.52755472944,0.2922732,59.41028831,-125,2495,73.6,2026-06-24,-0.22,43.7,False
4344,603777,来伊份,17.41,-0.11,1.0,-103.68,17.318492943538,0.3237148,60.85871739,471,2115,68.4,2026-06-24,0.53,41.6,False
4345,603778,国晟科技,13.37,-0.74,3.39,-63.33,13.325230370129,0.2421508,41.48343865,10,5192,69.2,2026-06-24,0.34,28.7,False
4346,603779,威龙股份,7.58,-1.3,1.69,-83.91,7.760136992405,0.240332181818,51.66959252,399,4465,70.4,2026-06-24,-2.32,36.4,False
4347,603786,科博达,43.25,-2.59,0.17,28.88,44.43322672295,0.2116228,61.68330991,154,1900,64.8,2026-06-24,-2.66,40.0,False
4348,603787,新日股份,9.38,-1.88,0.26,21.44,9.569692620348,0.1033088,53.84370852,-970,3992,62.8,2026-06-24,-1.98,33.8,False
4349,603788,宁波高发,14.0,-1.41,0.22,16.64,14.176183045645,0.1583468,58.4962038,-30,2760,59.6,2026-06-24,-1.24,34.9,False
4350,603789,ST星农,,,0.0,-11.84,5.474446551934,0.143048431373,53.52232164,26,4083,70.0,2026-06-24,,37.5,False
4351,603790,雅运股份,24.11,-4.89,0.69,31.5,25.711779833179,0.2279852,60.93526858,69,2090,64.0,2026-06-24,-6.23,39.0,False
4352,603797,联泰环保,3.88,-1.27,0.18,11.59,3.964237118093,0.1452604,55.9812288,619,3474,63.6,2026-06-24,-2.12,35.6,False
4353,603798,康普顿,14.99,-1.25,0.42,20.69,15.217126840741,0.2207256,59.94943437,-818,2340,62.0,2026-06-24,-1.49,37.2,False
4354,603799,华友钴业,50.56,-3.38,1.18,9.6,51.696991248693,0.4323064,73.73657784,815,224,84.8,2026-06-24,-2.2,62.5,False
4355,603800,洪田股份,84.95,10.0,3.29,-275.73,75.172440066631,0.4635824,61.48059481,1946,1943,76.0,2026-06-24,13.01,46.7,False
4356,603801,志邦家居,5.63,-2.26,0.28,-6.48,5.849115591053,0.1503104,57.41798049,1001,3063,64.0,2026-06-24,-3.75,36.7,False
4357,603803,瑞斯康达,12.54,-0.95,1.11,194.68,12.574450252748,0.1720388,52.52348949,-34,4289,68.4,2026-06-24,-0.27,35.9,False
4358,603806,福斯特,16.46,1.04,0.4,34.43,16.215602364351,0.2416616,61.13693055,212,2037,75.2,2026-06-24,1.51,46.0,False
4359,603808,歌力思,8.06,-2.42,0.21,17.88,8.279193971209,0.106096,62.95156637,-32,1605,63.6,2026-06-24,-2.65,40.0,False
4360,603809,豪能股份,8.92,-1.87,0.29,19.81,9.131337030549,0.194548,54.60147957,237,3814,69.6,2026-06-24,-2.31,38.0,False
4361,603810,丰山集团,11.49,-2.63,0.32,35.44,11.827423264014,0.1033796,56.07267142,117,3445,64.8,2026-06-24,-2.85,36.3,False
4362,603811,诚意药业,10.81,-2.08,0.3,19.97,10.987924415829,0.326868,64.41693861,1083,1288,66.0,2026-06-24,-1.62,42.5,False
4363,603813,原尚股份,38.5,-0.93,0.19,-50.79,39.079569115482,0.253425882353,53.76401679,838,4018,67.2,2026-06-24,-1.48,36.1,False
4364,603815,交建股份,5.24,-0.19,0.4,14.14,5.305096825408,0.2065904,48.53669421,86,4916,62.4,2026-06-24,-1.23,30.3,False
4365,603816,顾家家居,22.51,-1.66,0.14,9.32,22.912067789442,0.2443248,63.6381203,202,1439,68.8,2026-06-24,-1.75,43.8,False
4366,603817,海峡环保,5.39,-2.88,0.54,11.38,5.566789286104,0.2402268,60.93172714,732,2091,62.4,2026-06-24,-3.18,38.0,False
4367,603818,曲美家居,2.94,-1.01,0.91,406.92,2.958407206732,0.2128944,57.71629832,1422,2982,69.2,2026-06-24,-0.62,39.9,False
4368,603819,神力股份,11.94,2.4,1.3,94.32,11.803069966693,0.1946428,57.23808476,-579,3109,62.4,2026-06-24,1.16,35.7,False
4369,603822,ST嘉澳,71.3,-0.97,0.2,-30.85,72.477557406961,0.3530388,56.76897215,-1164,3247,62.8,2026-06-24,-1.62,35.7,False
4370,603823,百合花,53.14,-4.56,2.38,128.82,55.25342140155,0.3307644,68.27799335,-536,701,86.8,2026-06-24,-3.82,59.3,False
4371,603825,ST华扬,6.34,-1.4,0.35,-16.85,6.500904894456,0.248322,47.21757659,-188,5019,68.0,2026-06-24,-2.48,32.1,False
4372,603826,坤彩科技,28.87,-0.79,0.27,63.65,29.043570174806,0.2705028,57.58000346,1164,3025,58.8,2026-06-24,-0.6,33.9,False
4373,603828,*ST利达,4.29,0.0,0.14,209.8,4.308624089597,0.262734313725,50.53154446,48,4660,62.4,2026-06-24,-0.43,31.5,False
4374,603829,洛凯股份,17.41,-2.9,0.64,250.58,17.92315344224,0.2393664,47.72967368,-8,4979,59.2,2026-06-24,-2.86,28.3,False
4375,603833,欧派家居,31.0,-0.55,0.18,30.5,32.513594323202,0.2067536,57.0437088,121,3167,68.8,2026-06-24,-4.66,39.2,False
4376,603836,海程邦达,7.95,-1.85,0.21,47.2,8.157111157772,0.0828464,53.89822063,-1650,3981,64.0,2026-06-24,-2.54,34.5,False
4377,603838,*ST四通,9.34,-0.95,0.11,-62.55,9.452712168837,0.1331692,53.66254061,54,4046,64.0,2026-06-24,-1.19,34.3,False
4378,603839,安正时尚,6.03,-0.99,0.28,19.2,6.197406974582,0.0662152,51.82986072,-1468,4424,64.4,2026-06-24,-2.7,33.4,False
4379,603843,*ST正平,8.06,-3.7,0.86,-53.98,8.462890060174,0.2815048,46.3283938,-32,5075,68.0,2026-06-24,-4.76,31.5,False
4380,603848,好太太,14.77,1.65,0.23,36.57,14.405196728309,0.1768496,68.42633674,145,684,65.2,2026-06-24,2.53,44.6,False
4381,603855,华荣股份,16.3,-1.39,0.13,14.58,16.54260812355,0.265702,63.8076108,719,1407,64.0,2026-06-24,-1.47,40.8,False
4382,603856,东宏股份,12.96,-2.85,0.57,20.49,13.319771487707,0.3228288,66.68848894,-325,912,72.4,2026-06-24,-2.7,48.3,False
4383,603858,步长制药,14.69,-2.65,0.18,12.09,15.304549213,0.1639376,61.07901542,927,2054,74.8,2026-06-24,-4.02,45.7,False
4384,603859,能科科技,49.07,-3.56,2.23,61.16,50.294071899444,0.3145196,68.74374716,1903,648,85.6,2026-06-24,-2.43,58.8,False
4385,603860,中公高科,24.68,-2.33,0.54,603.13,25.502146812332,0.1563804,61.59496806,471,1923,65.2,2026-06-24,-3.22,40.2,False
4386,603861,白云电器,13.09,-3.18,0.97,51.96,13.653633532673,0.2436976,51.94163388,-68,4406,74.8,2026-06-24,-4.13,38.9,False
4387,603863,松炀资源,13.87,-3.75,1.08,-139.4,14.763618898842,0.2986852,51.60192349,67,4477,72.4,2026-06-24,-6.05,37.4,False
4388,603866,桃李面包,3.76,-2.08,0.21,29.01,3.872787349444,0.2117608,50.97837048,49,4587,71.2,2026-06-24,-2.91,36.3,False
4389,603867,新化股份,39.32,-3.49,1.38,26.31,39.839005157908,0.409074,68.87618646,132,639,66.4,2026-06-24,-1.3,45.7,False
4390,603868,飞科电器,31.15,-3.32,0.19,17.99,32.557431881695,0.2389732,59.91256405,225,2349,67.2,2026-06-24,-4.32,40.3,False
4391,603869,ST智知,8.23,-2.14,0.08,276.3,8.53243146105,0.1992488,51.94105586,-966,4407,64.8,2026-06-24,-3.54,33.7,False
4392,603871,嘉友国际,10.69,-1.93,0.23,11.16,11.03134717532,0.1930652,65.2534223,7,1140,68.8,2026-06-24,-3.09,44.9,False
4393,603876,鼎胜新材,27.83,0.47,1.04,33.36,26.673734482704,0.3545444,70.09877918,-43,521,77.2,2026-06-24,4.33,54.1,False
4394,603877,太平鸟,12.4,-1.35,0.11,10.69,12.730225583,0.1124824,56.01889991,-700,3458,69.6,2026-06-24,-2.59,39.0,False
4395,603878,武进不锈,5.39,-2.88,0.84,-43.08,5.615397748098,0.2530992,49.59189683,-36,4800,59.2,2026-06-24,-4.01,29.4,False
4396,603879,永悦科技,4.41,-2.65,0.91,-63.14,4.57944442446,0.131098,56.58608327,-845,3315,66.4,2026-06-24,-3.7,37.6,False
4397,603880,南卫股份,7.21,0.42,1.1,-102.35,7.284761937396,0.219978,59.74548882,-801,2398,71.2,2026-06-24,-1.03,42.5,False
4398,603881,数据港,27.02,-0.63,0.76,130.04,26.352837345045,0.2771524,59.83002648,1015,2374,71.6,2026-06-24,2.53,42.8,False
4399,603882,金域医学,23.42,-2.38,0.27,63.39,24.121048117788,0.2335564,57.49420562,49,3045,72.8,2026-06-24,-2.91,41.9,False
4400,603883,老百姓,11.25,-2.51,0.34,8.09,11.719861020198,0.1512148,61.62922904,-463,1917,71.6,2026-06-24,-4.01,44.1,False
4401,603885,吉祥航空,10.76,2.97,0.66,13.34,10.444074569894,0.3307016,69.32128695,618,591,71.2,2026-06-24,3.02,49.4,False
4402,603886,元祖股份,12.38,0.49,1.44,-10.58,12.498888726919,0.1878584,53.05231652,-1127,4170,71.6,2026-06-24,-0.95,38.0,False
4403,603887,城地香江,10.33,-3.91,1.6,-115.91,10.535039739555,0.287242,60.66444022,2746,2166,68.4,2026-06-24,-1.95,41.5,False
4404,603888,新华网,18.17,-0.71,0.27,77.85,18.38170675644,0.2624192,60.84730331,-70,2117,79.2,2026-06-24,-1.15,48.2,False
4405,603889,新澳股份,5.68,-2.41,0.18,11.23,5.808752388084,0.1992216,63.45825136,-1101,1475,63.2,2026-06-24,-2.22,40.1,False
4406,603890,春秋电子,28.97,-1.6,3.77,53.29,27.301392113465,0.3683788,74.58176738,558,179,92.4,2026-06-24,6.11,68.9,False
4407,603893,瑞芯微,185.26,-0.07,0.72,59.23,183.445998071235,0.3946704,78.50894615,232,58,88.4,2026-06-24,0.99,69.4,False
4408,603895,天永智能,29.4,-5.16,2.06,152.2,31.84780638064,0.2821124,63.90324834,-741,1387,70.0,2026-06-24,-7.69,44.7,False
4409,603896,寿仙谷,13.64,-3.6,0.37,23.37,13.968463368084,0.250014,51.22169461,565,4538,66.8,2026-06-24,-2.35,34.2,False
4410,603897,长城科技,36.64,-1.82,1.04,42.39,36.818567322087,0.2112316,64.63505681,2539,1247,64.0,2026-06-24,-0.48,41.4,False
4411,603898,好莱客,13.74,3.7,1.61,-48.37,13.113110415184,0.3043668,53.83898603,588,3996,60.4,2026-06-24,4.78,32.5,False
4412,603899,晨光股份,20.43,-1.4,0.1,13.88,20.863323963953,0.2338132,68.27256024,-199,702,74.0,2026-06-24,-2.08,50.5,False
4413,603900,莱绅通灵,5.8,-2.03,0.52,9.29,5.952482884991,0.0879872,60.40545454,-65,2231,66.8,2026-06-24,-2.56,40.4,False
4414,603901,永创智能,10.29,-1.06,0.3,20.81,10.463804245562,0.2097252,63.84992717,851,1400,66.4,2026-06-24,-1.66,42.4,False
4415,603903,中持股份,11.8,-1.75,0.74,43.67,11.530415084538,0.2647616,57.40726609,1991,3065,61.6,2026-06-24,2.34,35.4,False
4416,603906,龙蟠科技,28.03,-3.68,3.89,25.87,27.878932642242,0.3505904,74.81937158,839,171,90.4,2026-06-24,0.54,67.6,False
4417,603908,牧高笛,17.72,-2.15,0.35,20.15,18.35842342685,0.095076,52.65133367,355,4254,64.0,2026-06-24,-3.48,33.7,False
4418,603909,建发合诚,8.93,-2.3,0.23,23.04,9.152110171364,0.0406604,60.03293533,-1198,2322,60.0,2026-06-24,-2.43,36.0,False
4419,603912,佳力图,8.63,2.49,2.21,-57.72,8.34842002321,0.2266124,53.43968882,-1544,4096,74.4,2026-06-24,3.37,39.8,False
4420,603915,国茂股份,15.18,-0.13,0.3,46.07,15.057546377571,0.2013744,65.13827773,317,1157,69.2,2026-06-24,0.81,45.1,False
4421,603916,苏博特,14.95,1.15,2.55,52.78,14.531576101591,0.320836,72.18837752,-167,344,79.6,2026-06-24,2.88,57.5,False
4422,603917,合力科技,12.04,-2.11,0.8,-112.02,12.346528841835,0.1591432,56.05197053,238,3450,68.8,2026-06-24,-2.48,38.6,False
4423,603918,金桥信息,9.87,-1.99,0.57,-29.58,10.084193997865,0.1501796,51.38234937,65,4509,70.4,2026-06-24,-2.12,36.2,False
4424,603919,金徽酒,17.32,-2.53,0.7,10.74,18.173178095311,0.172116,62.7855971,-315,1630,77.2,2026-06-24,-4.69,48.5,False
4425,603920,世运电路,51.59,-1.62,0.81,253.71,52.082502701288,0.327182,57.59595344,605,3020,78.0,2026-06-24,-0.95,44.9,False
4426,603922,ST金鸿顺,15.17,-3.07,0.19,77.69,15.593709884242,0.256400196078,50.79775529,-1125,4614,59.2,2026-06-24,-2.72,30.1,False
4427,603926,铁流股份,18.29,-1.83,0.4,35.93,18.617172007086,0.1767744,53.76936582,-38,4017,58.0,2026-06-24,-1.76,31.2,False
4428,603927,中科软,13.21,-2.51,0.36,-173.24,13.680941609165,0.1881604,59.87950739,-1251,2358,71.2,2026-06-24,-3.44,42.6,False
4429,603928,兴业股份,11.46,-5.13,1.32,30.69,12.139339220619,0.1702512,67.82148335,1052,761,72.4,2026-06-24,-5.6,49.1,False
4430,603929,亚翔集成,255.07,10.0,1.12,54.87,226.061681345772,0.5380208,78.42619745,73,61,85.6,2026-06-24,12.83,67.1,False
4431,603931,格林达,58.77,-1.52,1.16,100.01,58.438682166776,0.332768,68.20531026,1040,712,71.6,2026-06-24,0.57,48.8,False
4432,603933,睿能科技,23.68,-1.04,0.56,35.6,23.719482242191,0.1699492,58.82482665,164,2657,70.0,2026-06-24,-0.17,41.2,False
4433,603936,博敏电子,27.33,0.89,5.62,-406.23,27.483664050353,0.39317,56.90089298,-332,3202,88.0,2026-06-24,-0.56,50.1,False
4434,603937,丽岛新材,13.94,1.09,1.17,28.11,13.7143900386,0.1235232,60.80289997,-27,2133,66.8,2026-06-24,1.65,40.6,False
4435,603938,三孚股份,70.29,-1.87,5.09,173.06,67.958488656243,0.4793692,67.79160962,-710,763,94.0,2026-06-24,3.43,63.7,False
4436,603939,益丰药房,18.52,-1.7,0.18,11.24,19.445725853769,0.256902,61.20255983,-1059,2022,69.6,2026-06-24,-4.76,42.6,False
4437,603948,建业股份,26.87,-0.19,2.83,20.62,26.622001882977,0.4790324,70.8867507,634,446,64.4,2026-06-24,0.93,45.7,False
4438,603949,雪龙集团,17.26,-3.79,1.66,38.77,17.741997962878,0.19415,66.84848816,143,891,70.0,2026-06-24,-2.72,46.8,False
4439,603950,长源东谷,73.77,0.15,0.61,72.16,72.910051387643,0.4695124,67.9716302,-634,741,77.2,2026-06-24,1.18,52.5,False
4440,603955,大千生态,20.21,-1.89,0.31,-54.28,20.800331875445,0.236626,49.43594977,194,4822,70.8,2026-06-24,-2.84,35.0,False
4441,603956,威派格,5.3,9.96,3.48,-13.0,4.862736071352,0.1977064,53.01049147,347,4180,79.2,2026-06-24,8.99,42.0,False
4442,603958,哈森股份,18.47,-2.28,0.56,58.85,19.044848599546,0.1944612,52.64747038,-7,4255,62.8,2026-06-24,-3.02,33.1,False
4443,603959,ST百利,4.25,-0.7,0.45,-10.91,4.311458653758,0.282108431373,46.32755851,-50,5076,64.0,2026-06-24,-1.43,29.6,False
4444,603960,克来机电,19.18,-2.24,0.64,444.89,19.410649682584,0.2418044,53.45172448,157,4093,68.8,2026-06-24,-1.19,36.8,False
4445,603966,法兰泰克,8.54,-3.83,0.77,20.48,8.924474659278,0.1669024,62.6489169,-72,1666,66.0,2026-06-24,-4.31,41.3,False
4446,603967,中创物流,11.27,-0.44,0.15,9.88,11.359118993575,0.0503892,57.13452295,186,3139,60.4,2026-06-24,-0.78,34.5,False
4447,603968,醋化股份,9.54,-2.85,0.4,-26.91,9.846563139156,0.1227356,46.96910416,37,5033,64.0,2026-06-24,-3.11,30.1,False
4448,603969,银龙股份,7.23,-2.17,0.26,24.01,7.451199404444,0.3877828,66.1516361,-261,992,70.0,2026-06-24,-2.97,46.3,False
4449,603970,中农立华,9.87,-2.66,0.26,12.08,10.182088756784,0.1008224,54.14256497,-64,3925,64.0,2026-06-24,-3.07,34.7,False
4450,603976,正川股份,26.92,-7.75,3.14,149.05,28.994849976058,0.2760468,66.96698596,893,870,82.4,2026-06-24,-7.16,55.2,False
4451,603977,国泰集团,13.56,-1.81,0.58,52.74,13.808624300636,0.2955552,60.99951448,31,2071,74.4,2026-06-24,-1.8,45.4,False
4452,603978,深圳新星,28.68,-1.44,2.36,83.9,28.491454788688,0.3072844,69.6895044,-194,554,75.2,2026-06-24,0.66,52.4,False
4453,603979,金诚信,66.02,-5.52,0.57,17.12,69.231704428167,0.3326136,73.76334694,15,223,75.2,2026-06-24,-4.64,55.5,False
4454,603980,吉华集团,6.67,-2.77,2.11,61.82,6.803565716699,0.3033712,71.79374302,-51,375,76.0,2026-06-24,-1.96,54.6,False
4455,603982,泉峰汽车,5.79,-1.7,0.4,-4.99,5.970099295923,0.1172416,47.77367401,-919,4974,67.2,2026-06-24,-3.02,32.1,False
4456,603983,丸美生物,21.42,-2.72,0.2,21.26,22.202477060231,0.1483676,59.25021512,-1747,2532,69.2,2026-06-24,-3.52,41.0,False
4457,603985,恒润股份,23.59,0.47,0.91,39.91,23.451342123517,0.27544,63.25404689,-193,1539,68.8,2026-06-24,0.59,43.5,False
4458,603986,兆易创新,758.54,7.58,2.88,91.07,667.729169102549,0.6658372,83.15456901,99,7,93.6,2026-06-24,13.6,77.8,False
4459,603987,康德莱,7.01,-2.5,0.27,14.16,7.22139333541,0.1105544,63.22897003,576,1545,69.2,2026-06-24,-2.93,43.8,False
4460,603988,中电电机,17.14,-2.61,0.46,223.9,17.472093871207,0.155278,48.00813536,-163,4957,68.0,2026-06-24,-1.9,32.6,False
4461,603989,艾华集团,53.75,10.01,2.26,77.86,46.359357676184,0.4162472,70.65181003,1618,466,86.4,2026-06-24,15.94,61.0,False
4462,603990,麦迪科技,21.85,2.63,2.06,433.51,20.850169294062,0.36591,75.08576499,-58,159,80.4,2026-06-24,4.8,60.4,False
4463,603991,领先股份,126.71,-1.59,1.48,94.92,127.742957968418,0.4326944,61.32382555,283,1990,79.6,2026-06-24,-0.81,48.8,False
4464,603992,松霖科技,30.93,-1.28,0.18,35.91,31.583332161525,0.2315296,64.38048125,-734,1294,69.6,2026-06-24,-2.07,44.8,False
4465,603993,洛阳钼业,18.04,-4.95,0.71,12.43,18.796994614189,0.4066104,71.72554432,-228,383,92.0,2026-06-24,-4.03,66.0,False
4466,603995,甬金股份,24.63,3.44,1.27,17.74,23.960501279411,0.3457836,68.95202411,-574,631,80.8,2026-06-24,2.79,55.7,False
4467,603997,继峰股份,12.43,-0.96,0.34,30.03,12.693529188564,0.2811476,61.21305238,-883,2020,70.0,2026-06-24,-2.08,42.8,False
4468,603998,方盛制药,9.13,-3.49,0.49,11.34,9.511798839458,0.1688488,63.97133651,494,1375,69.6,2026-06-24,-4.01,44.5,False
4469,603999,读者传媒,5.2,-2.8,0.3,78.72,5.363109121035,0.2184396,54.02908354,843,3948,65.2,2026-06-24,-3.04,35.2,False
4470,605001,威奥股份,5.61,-2.26,0.39,45.14,5.780513890123,0.1019228,56.00482007,-1835,3461,63.6,2026-06-24,-2.95,35.6,False
4471,605003,众望布艺,21.81,-0.68,0.23,43.81,22.377333189251,0.1876424,58.15444061,-617,2863,60.8,2026-06-24,-2.54,35.4,False
4472,605005,合兴股份,15.91,-1.55,0.08,35.77,16.195813967417,0.2018612,57.22126172,-1256,3120,62.4,2026-06-24,-1.76,35.7,False
4473,605006,山东玻纤,22.34,-0.36,4.22,348.07,21.946540459431,0.2816224,58.22208449,243,2849,84.8,2026-06-24,1.79,49.4,False
4474,605007,五洲特纸,12.36,-2.06,0.25,14.78,12.743162003902,0.1077944,58.00198543,-1570,2901,60.0,2026-06-24,-3.01,34.8,False
4475,605008,长鸿高科,10.88,-2.68,0.08,-60.89,11.2373619318,0.1366544,52.5100727,-799,4290,64.4,2026-06-24,-3.18,33.8,False
4476,605009,豪悦护理,21.73,-2.73,0.23,13.99,22.652317487766,0.1439044,57.50394569,-1960,3038,69.6,2026-06-24,-4.07,40.0,False
4477,605011,杭州热电,16.28,-2.81,0.5,40.19,16.995905771147,0.1816696,60.21795395,-1091,2276,75.6,2026-06-24,-4.21,45.5,False
4478,605016,百龙创园,24.48,-3.09,0.16,21.32,25.011391133938,0.1862084,69.23709403,1081,603,60.4,2026-06-24,-2.12,41.8,False
4479,605018,长华集团,13.33,-1.19,0.43,101.55,13.717714838353,0.15357,59.33707382,-516,2517,72.8,2026-06-24,-2.83,43.2,False
4480,605020,永和股份,39.6,1.07,4.08,28.05,37.785846230512,0.5151616,79.22371195,10,45,88.0,2026-06-24,4.8,69.7,False
4481,605028,世茂能源,20.43,-2.2,0.22,272.57,21.357229491863,0.2130204,59.25267039,1275,2531,62.8,2026-06-24,-4.34,37.2,False
4482,605033,美邦股份,17.57,-2.17,0.27,16.67,18.051189202637,0.1042336,53.27914184,54,4129,63.2,2026-06-24,-2.67,33.7,False
4483,605050,福然德,9.91,-1.1,0.11,14.11,10.019366416292,0.2334932,59.29346465,-473,2523,60.4,2026-06-24,-1.09,35.8,False
4484,605055,迎丰股份,11.11,2.4,0.58,-66.82,10.971134783587,0.3013712,63.49943457,-742,1467,68.8,2026-06-24,1.27,43.7,False
4485,605056,咸亨国际,17.08,-2.01,0.28,67.24,17.243075304629,0.2332264,64.8628644,175,1206,59.2,2026-06-24,-0.95,38.4,False
4486,605058,澳弘电子,38.99,-1.04,0.72,42.09,39.304242220793,0.1992032,69.42884537,1601,573,72.0,2026-06-24,-0.8,50.0,False
4487,605060,联德股份,49.47,-1.59,0.56,47.72,50.252683362447,0.187598,62.4489972,-1015,1712,65.2,2026-06-24,-1.56,40.7,False
4488,605066,天正电气,7.06,-2.75,0.81,45.89,7.298245668266,0.2271576,57.4631201,-1862,3053,78.0,2026-06-24,-3.26,44.8,False
4489,605068,明新旭腾,18.07,-1.31,0.4,-47.53,18.21651830072,0.1346032,51.23596249,563,4533,60.4,2026-06-24,-0.8,30.9,False
4490,605069,正和生态,14.95,1.42,5.19,-61.32,14.443637321319,0.3611312,55.22734524,-1103,3668,83.2,2026-06-24,3.51,45.9,False
4491,605077,华康股份,11.43,-1.38,0.61,39.06,11.650087504575,0.2005788,56.60712765,-1280,3303,64.4,2026-06-24,-1.89,36.5,False
4492,605080,浙江自然,19.72,-3.52,0.58,9.73,20.623870759268,0.2337932,60.47159907,-618,2216,64.0,2026-06-24,-4.38,38.7,False
4493,605081,退市太和,0.36,0.0,1.02,-0.89,0.371971845182,0.528344864865,47.18254623,-609,5021,62.4,2026-06-24,-3.22,29.4,False
4494,605086,龙高股份,27.37,-3.12,0.46,65.01,28.255982351042,0.1704496,61.18885714,305,2025,73.2,2026-06-24,-3.14,44.8,False
4495,605088,冠盛股份,28.48,-1.56,0.31,18.56,28.965397042439,0.3018188,57.91427381,-807,2918,64.0,2026-06-24,-1.68,37.1,False
4496,605089,味知香,22.26,1.18,0.19,33.79,22.342292377884,0.225876,60.94924445,975,2087,66.0,2026-06-24,-0.37,40.2,False
4497,605090,九丰能源,35.42,-2.37,0.94,14.39,36.492583213285,0.3495644,67.52327192,-742,798,81.2,2026-06-24,-2.94,54.8,False
4498,605098,行动教育,54.7,0.9,0.12,41.74,54.629331818182,0.1712392,64.04627053,37,1352,60.8,2026-06-24,0.13,38.9,False
4499,605099,共创草坪,32.48,-1.87,0.14,16.28,32.920652458028,0.1925216,65.78839592,-92,1057,66.8,2026-06-24,-1.34,43.9,False
4500,605100,华丰股份,40.73,-1.67,0.54,188.76,41.187971580048,0.3915764,62.31312542,-1263,1737,81.6,2026-06-24,-1.11,50.8,False
4501,605108,同庆楼,11.62,-1.44,0.22,45.06,11.939955304629,0.0838812,55.0594507,-889,3711,64.4,2026-06-24,-2.68,35.5,False
4502,605111,新洁能,79.0,-0.62,2.01,86.76,79.106517525069,0.4114536,70.80264301,-402,452,92.4,2026-06-24,-0.13,65.4,False
4503,605116,奥锐特,18.61,-3.82,0.34,29.56,19.747880742528,0.2209548,64.44014976,-632,1282,63.6,2026-06-24,-5.76,41.0,False
4504,605117,德业股份,98.4,-1.35,0.4,26.36,100.087349662818,0.2846968,71.36628166,-349,409,79.6,2026-06-24,-1.69,56.8,False
4505,605118,力鼎光电,33.82,-3.26,0.6,49.36,34.003029533884,0.2242948,72.59580261,249,304,79.6,2026-06-24,-0.54,57.8,False
4506,605122,四方新材,11.38,-1.81,0.57,73.64,11.569416798675,0.1165332,54.35045116,606,3865,62.8,2026-06-24,-1.64,34.1,False
4507,605123,派克新材,96.95,-1.29,0.62,34.28,97.635154757125,0.2736296,59.36199497,-893,2509,72.4,2026-06-24,-0.7,43.0,False
4508,605128,上海沿浦,25.03,-1.57,0.34,42.42,25.552956325237,0.3280824,67.91965611,-491,749,69.6,2026-06-24,-2.05,47.3,False
4509,605133,嵘泰股份,36.01,-3.28,1.14,56.99,37.083089214141,0.3655312,68.8168865,-280,643,70.8,2026-06-24,-2.89,48.7,False
4510,605136,丽人丽妆,7.39,-1.07,0.36,71.57,7.551881805367,0.1161796,48.72242237,-706,4898,66.8,2026-06-24,-2.14,32.5,False
4511,605138,盛泰集团,5.81,-2.52,0.28,4.88,6.043129708381,0.03341,54.40128912,-188,3854,63.6,2026-06-24,-3.86,34.6,False
4512,605151,西上海,19.72,-7.68,1.96,33.33,20.827763236257,0.3658472,68.02100721,743,735,63.2,2026-06-24,-5.32,43.0,False
4513,605155,西大门,13.33,-2.13,1.6,31.79,13.684535534087,0.4214108,66.93059959,1258,875,61.2,2026-06-24,-2.59,41.0,False
4514,605158,华达新材,6.66,-1.62,0.23,-29.51,6.77877984471,0.2016312,58.16429031,519,2859,64.0,2026-06-24,-1.75,37.2,False
4515,605162,新中港,8.11,-0.73,0.49,73.95,8.289136684012,0.1666636,50.48691593,-815,4673,68.4,2026-06-24,-2.16,34.5,False
4516,605166,XD聚合顺,9.8,-2.1,0.55,22.64,10.155053554675,0.2789472,57.96760334,-5,2908,62.4,2026-06-24,-3.5,36.2,False
4517,605167,利柏特,15.85,-2.7,0.92,60.31,16.169522046823,0.288474,67.4521286,-363,808,79.6,2026-06-24,-1.98,53.7,False
4518,605168,三人行,58.31,1.96,1.34,279.42,56.652821186988,0.3748772,73.83822131,453,215,74.0,2026-06-24,2.93,54.6,False
4519,605169,XD洪通燃,9.04,-2.38,0.21,145.7,9.355692433513,0.0734944,58.27912657,340,2836,62.4,2026-06-24,-3.37,36.4,False
4520,605177,东亚药业,16.69,-2.57,0.95,-13.6,17.366089963713,0.1644596,53.3664779,732,4106,66.4,2026-06-24,-3.89,35.4,False
4521,605178,时空科技,86.49,10.0,4.44,-315.26,76.614782499341,0.4884672,65.04414607,1362,1176,71.2,2026-06-24,12.89,46.3,False
4522,605179,一鸣食品,13.11,-1.8,0.15,83.1,13.457721437741,0.118262,54.86948495,465,3760,69.6,2026-06-24,-2.58,38.2,False
4523,605180,华生科技,13.01,-3.2,0.35,150.82,13.485458516522,0.1170204,51.73895063,-1454,4450,62.4,2026-06-24,-3.53,32.3,False
4524,605183,确成股份,15.09,-2.96,0.21,19.82,15.525721593894,0.1729648,67.2305449,188,838,63.6,2026-06-24,-2.81,42.8,False
4525,605186,健麾信息,36.15,3.08,2.32,360.13,34.647602914036,0.23307,69.17139216,432,612,73.2,2026-06-24,4.34,50.6,False
4526,605188,国光连锁,12.32,-0.65,0.16,58.25,12.456967170685,0.1077228,55.30514126,-123,3649,67.6,2026-06-24,-1.1,37.4,False
4527,605189,富春染织,13.03,-2.25,0.7,10.59,13.38300149314,0.1431844,60.25921676,-1212,2260,61.2,2026-06-24,-2.64,36.9,False
4528,605196,华通线缆,28.4,-3.43,0.9,56.21,29.392026823356,0.1950476,55.62233837,441,3562,68.4,2026-06-24,-3.38,38.0,False
4529,605198,安德利,70.59,1.32,0.4,81.11,70.143955596627,0.3028728,62.62926866,-456,1671,70.0,2026-06-24,0.64,43.8,False
4530,605199,ST葫芦娃,5.42,-3.73,0.12,-18.72,5.713180307437,0.0826768,41.74335987,-10,5190,68.4,2026-06-24,-5.13,28.6,False
4531,605208,永茂泰,15.5,-0.77,0.71,71.59,15.70145222722,0.323108,65.90470309,-121,1034,73.6,2026-06-24,-1.28,48.5,False
4532,605218,伟时电子,17.11,0.29,0.53,-40.56,17.039009812585,0.1459704,56.73175822,-420,3259,66.8,2026-06-24,0.42,37.9,False
4533,605222,起帆电缆,23.29,-1.52,0.24,25.22,23.764755196184,0.1919432,55.23146644,-23,3665,59.2,2026-06-24,-2.0,32.7,False
4534,605228,神通科技,13.24,0.53,0.39,34.16,13.062459692815,0.2440124,66.9047173,1664,878,66.0,2026-06-24,1.36,44.2,False
4535,605255,天普股份,80.1,0.15,0.28,-1128.16,78.822276996678,0.301616,57.75728956,373,2964,66.8,2026-06-24,1.62,38.6,False
4536,605258,协和电子,34.77,-0.88,1.07,149.64,35.275808011261,0.1974872,59.9191604,478,2347,69.2,2026-06-24,-1.43,41.5,False
4537,605259,绿田机械,18.03,-0.5,0.17,17.29,18.074428227525,0.1353928,59.30273355,164,2521,63.2,2026-06-24,-0.25,37.5,False
4538,605266,健之佳,15.18,-2.5,0.21,16.31,15.718993855208,0.087956,56.5501861,-1463,3320,65.2,2026-06-24,-3.43,36.9,False
4539,605268,王力安防,9.25,-1.8,0.14,35.33,9.526121288295,0.1089448,57.19871363,-1173,3125,58.8,2026-06-24,-2.9,33.6,False
4540,605277,新亚电子,19.07,-2.21,2.9,41.68,19.257654795876,0.5358956,74.91203832,1864,168,78.0,2026-06-24,-0.97,58.4,False
4541,605286,同力天启,27.02,-0.88,0.47,124.78,27.52728660312,0.148846,54.50864784,-1176,3834,62.8,2026-06-24,-1.84,34.2,False
4542,605287,德才股份,44.37,-0.36,0.9,45.94,44.077340568974,0.3720248,57.70453347,551,2987,59.6,2026-06-24,0.66,34.4,False
4543,605288,凯迪股份,83.14,-3.33,0.8,-239.38,87.17979137478,0.285228,69.17474185,-477,610,73.6,2026-06-24,-4.63,50.9,False
4544,605289,罗曼股份,137.51,1.81,0.6,112.75,134.585312619291,0.3582824,64.735897,-162,1229,73.2,2026-06-24,2.17,47.4,False
4545,605296,神农集团,24.55,-1.6,0.1,-4.97,25.272747888297,0.1947448,52.1049311,-212,4379,65.2,2026-06-24,-2.86,34.0,False
4546,605298,必得科技,55.9,-2.65,0.31,339.8,56.265437763451,0.312872,64.39719637,244,1291,64.0,2026-06-24,-0.65,41.2,False
4547,605299,舒华体育,14.07,-0.57,0.49,58.95,14.127382023414,0.1233448,54.81230365,704,3774,63.6,2026-06-24,-0.41,34.9,False
4548,605300,佳禾食品,9.43,10.04,0.78,60.1,8.626626114198,0.133364,54.56168402,383,3823,70.4,2026-06-24,9.31,38.4,False
4549,605303,园林股份,26.54,4.86,3.64,-92.37,25.31,0.2184776,53.94327094,315,3970,64.4,2026-06-24,4.86,34.7,False
4550,605305,中际联合,43.46,-0.21,0.81,17.92,42.957623770182,0.3181132,70.37839999,-417,490,77.2,2026-06-24,1.17,54.3,False
4551,605318,法狮龙,129.11,5.83,1.01,-4126.68,122.074261847019,0.2912504,57.04462047,183,3166,67.2,2026-06-24,5.76,38.3,False
4552,605319,无锡振华,23.42,-1.14,0.28,20.34,23.81855292633,0.290282,60.46964526,-3,2218,66.0,2026-06-24,-1.67,39.9,False
4553,605333,沪光股份,17.28,-2.32,0.18,66.25,17.769876650943,0.1767148,57.30798693,-81,3090,66.4,2026-06-24,-2.76,38.1,False
4554,605336,*ST帅电,15.84,2.13,1.21,-100.86,15.448142627754,0.617713921569,58.03743363,474,2893,60.8,2026-06-24,2.54,35.3,False
4555,605337,李子园,8.6,-1.04,0.15,15.67,8.756751818941,0.1241068,55.94475836,543,3487,68.0,2026-06-24,-1.79,38.0,False
4556,605338,巴比食品,18.25,-2.72,0.27,23.15,18.695686967965,0.1195544,61.38185321,1417,1968,63.6,2026-06-24,-2.38,39.0,False
4557,605339,南侨食品,12.59,-0.63,0.07,442.24,12.568223168273,0.0751948,53.95597277,931,3966,60.4,2026-06-24,0.17,32.6,False
4558,605358,立昂微,68.84,2.44,2.67,1839.48,66.473229612268,0.3988324,56.7689898,586,3246,90.4,2026-06-24,3.56,51.3,False
4559,605365,立达信,14.62,-1.62,0.17,92.3,14.857992914435,0.1541972,55.7546361,-1191,3532,59.2,2026-06-24,-1.6,33.0,False
4560,605366,宏柏新材,13.07,10.02,1.26,-90.11,11.376117328124,0.4596496,62.95795165,1169,1602,71.2,2026-06-24,14.89,44.8,False
4561,605368,蓝天燃气,6.21,-2.2,0.16,12.93,6.421870937985,0.1498112,56.01149727,-1165,3459,63.2,2026-06-24,-3.3,35.4,True
4562,605369,拱东医疗,18.89,3.79,1.87,32.55,17.214769956823,0.270304,67.08913318,550,855,74.0,2026-06-24,9.73,49.6,False
4563,605376,博迁新材,246.84,10.0,2.48,225.38,225.621166422154,0.434308,73.45963313,-15,244,87.6,2026-06-24,9.4,64.4,False
4564,605377,华旺科技,8.98,-2.81,0.7,19.21,9.261318323668,0.2331588,60.05468105,-1593,2319,77.6,2026-06-24,-3.04,46.6,False
4565,605378,野马电池,15.48,-4.62,0.64,-137.77,16.396048256955,0.1114224,55.79199631,291,3521,72.8,2026-06-24,-5.59,40.6,False
4566,605388,均瑶健康,5.02,-1.18,0.26,86.97,5.137703311274,0.1435444,54.86579565,162,3761,63.6,2026-06-24,-2.29,34.9,False
4567,605389,长龄液压,102.3,2.54,0.51,127.09,94.471139326494,0.294966,69.8363091,-49,542,70.0,2026-06-24,8.29,48.9,False
4568,605398,新炬网络,20.65,-1.99,0.27,268.02,21.006996589996,0.1409472,56.21027828,-906,3413,72.0,2026-06-24,-1.7,40.5,False
4569,605399,晨光新材,13.45,1.28,1.04,-54.25,13.244485343631,0.1386636,53.94252033,624,3971,67.2,2026-06-24,1.55,36.2,False
4570,605488,福莱新材,29.5,-3.69,0.76,118.2,30.125960574425,0.2868936,59.57985574,1335,2446,72.0,2026-06-24,-2.08,42.9,False
4571,605499,东鹏饮料,112.53,-1.33,0.22,16.43,114.638648189042,0.2837828,70.97904141,-112,441,80.8,2026-06-24,-1.84,57.4,False
4572,605500,森林包装,6.46,-1.67,0.36,-227.46,6.584361796962,0.135462,50.95883856,389,4590,60.8,2026-06-24,-1.89,31.0,False
4573,605507,国邦医药,14.91,-0.93,0.16,18.15,15.277090639554,0.1979904,61.73511909,-21,1884,64.8,2026-06-24,-2.4,40.0,False
4574,605555,德昌股份,12.29,-4.51,0.51,117.47,13.052369997274,0.2580208,52.5548037,17,4281,70.4,2026-06-24,-5.84,37.0,False
4575,605566,福莱蒽特,41.42,-5.46,2.59,55.12,45.014394576589,0.3529576,53.77833851,-382,4011,74.4,2026-06-24,-7.98,40.0,False
4576,605567,春雪食品,8.31,-2.58,0.41,48.3,8.608815242606,0.0770084,50.17035321,-192,4726,64.0,2026-06-24,-3.47,32.1,False
4577,605577,龙版传媒,9.08,-2.05,0.15,8.18,9.317923079876,0.0679988,54.3577451,708,3863,66.8,2026-06-24,-2.55,36.3,False
4578,605580,恒盛能源,28.77,-5.7,2.98,41.44,28.811684053201,0.2790092,81.58499022,-11,17,88.4,2026-06-24,-0.14,72.1,False
4579,605588,冠石科技,63.01,-0.66,0.6,-52.62,62.215495613866,0.1875308,64.11904389,2027,1338,74.8,2026-06-24,1.28,48.0,False
4580,605589,圣泉集团,66.38,0.08,2.27,79.2,65.348241353156,0.4303044,67.14784736,555,846,90.0,2026-06-24,1.58,60.4,False
4581,605598,上海港湾,42.27,9.99,1.0,643.37,36.530487880362,0.3480412,63.16441054,2799,1552,65.6,2026-06-24,15.71,41.4,False
4582,605599,菜百股份,14.05,-1.26,0.1,6.86,14.347691416034,0.0971568,64.86799581,409,1204,64.8,2026-06-24,-2.07,42.0,False
4583,688001,华兴源创,91.17,1.31,0.94,3681.25,85.127680595889,0.5059212,70.63756273,-16,467,72.8,2026-06-24,7.1,51.4,False
4584,688002,睿创微纳,149.2,4.41,0.66,36.62,143.441325087064,0.2994108,74.55439446,-77,180,77.2,2026-06-24,4.01,57.6,False
4585,688003,天准科技,118.1,-1.74,1.09,1222.07,114.874183324761,0.4791416,73.48614358,-102,240,76.4,2026-06-24,2.81,56.1,False
4586,688004,博汇科技,19.5,-1.61,0.46,-49.61,19.747990312757,0.1697848,56.80864247,1120,3232,63.2,2026-06-24,-1.26,35.9,False
4587,688005,容百科技,32.51,-3.24,1.02,500.74,33.571593867881,0.4124416,56.30524583,41,3390,80.4,2026-06-24,-3.16,45.3,False
4588,688006,杭可科技,38.71,-2.71,0.54,45.61,39.555891722867,0.3558416,77.51695285,102,81,74.0,2026-06-24,-2.14,57.4,False
4589,688007,光峰科技,13.01,-1.06,0.36,-40.1,13.0803996923,0.2355468,50.46900858,-137,4677,65.2,2026-06-24,-0.54,32.9,False
4590,688008,澜起科技,281.5,5.63,2.39,101.5,261.298312365818,0.6163008,77.57890164,233,79,92.8,2026-06-24,7.73,72.0,False
4591,688009,中国通号,4.89,0.2,0.07,24.83,4.933875683541,0.316492,60.90758269,-1025,2102,70.8,2026-06-24,-0.89,43.1,False
4592,688010,福光股份,45.54,-0.35,1.86,-101.2,45.332091109968,0.3864652,67.28528713,1424,828,71.2,2026-06-24,0.46,47.9,False
4593,688011,新光光电,61.36,-0.41,0.84,-99.58,60.458979107233,0.4645996,55.36126472,1111,3630,62.4,2026-06-24,1.49,34.5,False
4594,688012,中微公司,410.91,7.29,0.99,104.6,379.119659285634,0.5872296,81.89709062,38,13,92.4,2026-06-24,8.39,75.7,False
4595,688013,天臣医疗,26.06,-1.73,0.41,54.55,26.783743595916,0.195364,61.30219002,1266,1993,60.8,2026-06-24,-2.7,37.3,False
4596,688015,交控科技,15.8,-2.17,0.16,45.65,16.297349789146,0.118506,56.50970765,-60,3335,62.0,2026-06-24,-3.05,35.0,False
4597,688016,心脉医疗,86.3,-3.4,0.49,17.17,89.722021168253,0.3582648,66.36272114,-108,949,68.8,2026-06-24,-3.81,45.7,False
4598,688017,绿的谐波,396.01,3.35,2.58,556.17,383.526848124089,0.530446,62.34063432,1391,1732,90.8,2026-06-24,3.25,56.6,False
4599,688018,乐鑫科技,121.93,-1.31,0.67,52.67,122.724982706095,0.3858176,76.34513437,5,115,75.2,2026-06-24,-0.65,57.4,False
4600,688019,安集科技,268.37,1.54,1.5,73.5,256.446902184563,0.509596,79.01729117,44,49,86.0,2026-06-24,4.65,68.0,False
4601,688020,方邦股份,225.6,-1.67,0.95,-268.41,228.465202869163,0.390662,58.94938734,804,2616,70.0,2026-06-24,-1.25,41.3,False
4602,688021,奥福科技,20.4,-2.49,0.62,35.66,21.179197663195,0.1082424,56.54830627,-104,3323,60.4,2026-06-24,-3.68,34.2,False
4603,688022,ST瀚川,8.11,1.5,0.73,-264.37,8.066201691534,0.239829215686,44.24853205,-773,5141,61.2,2026-06-24,0.54,27.1,False
4604,688023,安恒信息,35.9,-2.1,0.37,-8.04,36.795137424965,0.2419052,52.61888958,-812,4263,64.4,2026-06-24,-2.43,33.9,False
4605,688025,杰普特,413.32,-1.34,1.39,100.55,417.815369879178,0.4500036,67.70244565,341,780,74.8,2026-06-24,-1.08,50.6,False
4606,688026,洁特生物,17.16,-4.56,2.3,-142.59,17.998785635199,0.2503132,59.1394437,-1244,2562,69.2,2026-06-24,-4.66,40.9,False
4607,688027,国盾量子,522.68,0.53,1.54,-706.91,522.285497789947,0.5075484,59.48062853,-437,2475,82.4,2026-06-24,0.08,49.0,False
4608,688028,沃尔德,118.0,1.54,0.94,157.08,113.730442762688,0.4371392,67.54389023,-557,794,76.4,2026-06-24,3.75,51.6,False
4609,688029,南微医学,70.24,-0.86,0.2,22.52,71.119698010671,0.1753604,64.14496489,-13,1333,66.0,2026-06-24,-1.24,42.3,False
4610,688030,山石网科,15.86,-1.31,0.41,-20.72,16.240293173738,0.2463132,59.95203099,39,2339,64.0,2026-06-24,-2.34,38.4,False
4611,688031,星环科技-U,118.2,-2.42,1.05,-63.92,117.721278719104,0.3833452,52.89298292,645,4204,68.4,2026-06-24,0.41,36.2,False
4612,688032,禾迈股份,82.5,-1.02,0.27,-41.15,83.848003647835,0.2508104,51.9061329,-85,4415,64.4,2026-06-24,-1.61,33.4,False
4613,688033,*ST天宜,6.31,-0.79,0.2,-10.41,6.37309288996,0.263196470588,45.68859803,47,5096,59.6,2026-06-24,-0.99,27.2,False
4614,688035,德邦科技,96.48,0.21,1.68,99.69,95.281527300666,0.4401104,69.73874082,286,550,74.4,2026-06-24,1.26,51.9,False
4615,688036,传音控股,54.01,0.39,0.29,22.19,54.490649036195,0.335438,68.71789005,-288,650,74.0,2026-06-24,-0.88,50.9,False
4616,688037,芯源微,338.5,6.45,1.87,4862.71,301.182075788801,0.4980244,72.40327817,1390,321,83.6,2026-06-24,12.39,60.5,False
4617,688038,中科通达,18.56,-3.33,0.99,-233.09,19.128503171017,0.1504428,47.88709301,91,4964,62.8,2026-06-24,-2.97,30.1,False
4618,688039,当虹科技,40.6,-1.93,0.33,-73.79,41.105913714934,0.303046,52.15677988,190,4368,67.2,2026-06-24,-1.23,35.0,False
4619,688041,海光信息,355.17,5.36,0.72,300.37,326.080492617056,0.6023184,81.3469881,43,20,91.2,2026-06-24,8.92,74.2,False
4620,688045,必易微,81.52,1.48,1.07,105.53,79.450160224171,0.2374796,63.96794476,30,1376,68.4,2026-06-24,2.61,43.8,False
4621,688046,药康生物,20.65,-2.5,0.53,44.94,21.055630061578,0.2323192,73.19722489,-67,261,66.4,2026-06-24,-1.93,48.6,False
4622,688047,龙芯中科,147.21,0.48,0.64,-129.49,144.448682129553,0.3681412,57.23456952,1285,3112,82.0,2026-06-24,1.91,46.9,False
4623,688048,长光华芯,435.38,3.66,2.36,4283.21,406.24932643791,0.6501936,69.42146745,1888,574,86.4,2026-06-24,7.17,60.0,False
4624,688049,XD炬芯科,45.11,-1.29,0.85,40.56,45.305925490389,0.3090824,61.76772513,542,1882,70.4,2026-06-24,-0.43,43.5,False
4625,688050,爱博医疗,36.43,-2.78,0.54,19.73,38.475266883046,0.2801636,63.40543378,739,1492,64.4,2026-06-24,-5.32,40.8,False
4626,688051,佳华科技,24.98,-3.78,0.57,-23.8,26.036876216218,0.1184608,52.56976702,184,4277,60.0,2026-06-24,-4.06,31.5,False
4627,688052,纳芯微,285.15,-1.33,0.87,-324.4,291.438751564202,0.503828,68.23069239,-366,710,76.0,2026-06-24,-2.16,51.9,False
4628,688053,ST思科瑞,35.98,1.81,0.36,-259.11,34.880501705585,0.3762412,59.70132755,2065,2412,61.6,2026-06-24,3.15,36.8,False
4629,688055,龙腾光电,5.47,-0.55,0.29,-65.41,5.428296430424,0.276918,55.34786583,-1020,3637,67.2,2026-06-24,0.77,37.2,False
4630,688056,莱伯泰科,72.47,-1.4,1.89,184.82,66.383500170918,0.3937424,58.57654775,959,2732,68.4,2026-06-24,9.17,40.1,False
4631,688057,金达莱,13.96,-0.57,0.35,71.42,13.88941620307,0.2194656,64.67336799,752,1240,63.2,2026-06-24,0.51,40.9,False
4632,688058,宝兰德,21.48,-2.32,0.48,-11.8,22.365442624856,0.124066,51.07776296,-15,4570,62.4,2026-06-24,-3.96,31.9,False
4633,688059,华锐精密,208.55,0.59,0.86,29.76,208.148301628558,0.4418924,71.53079528,607,399,72.4,2026-06-24,0.19,51.8,False
4634,688060,云涌科技,33.92,-2.16,0.16,-51.06,35.064082460467,0.0722472,53.14345542,-1117,4153,61.2,2026-06-24,-3.26,32.5,False
4635,688061,灿瑞科技,47.71,-0.69,0.32,-65.26,47.301831460993,0.1684456,58.21157665,540,2851,65.6,2026-06-24,0.86,38.2,False
4636,688062,迈威生物-U,26.3,-4.99,1.95,-12.14,28.118319461657,0.3211636,60.8040885,190,2132,64.0,2026-06-24,-6.47,38.9,False
4637,688063,派能科技,56.29,-1.0,0.82,154.92,56.987364269599,0.3364624,54.82212612,185,3770,71.6,2026-06-24,-1.22,39.3,False
4638,688065,凯赛生物,49.21,-1.97,0.25,53.55,50.327296711984,0.3323276,64.93382855,-43,1192,72.8,2026-06-24,-2.22,47.3,False
4639,688066,*ST航图,11.03,-4.67,0.69,-6.66,11.647478078764,0.358624901961,49.51394095,-575,4809,64.4,2026-06-24,-5.3,31.9,False
4640,688067,爱威科技,20.7,-2.45,0.57,47.39,21.55987596312,0.1274792,58.87504423,-543,2639,61.6,2026-06-24,-3.99,36.3,False
4641,688068,热景生物,76.9,-4.31,1.22,-26.2,81.273961833849,0.2468256,53.05327477,-428,4169,66.4,2026-06-24,-5.38,35.2,False
4642,688069,德林海,40.8,-1.9,0.62,-224.0,41.364690500787,0.3571784,59.99643795,-1068,2330,59.2,2026-06-24,-1.37,35.5,False
4643,688070,纵横股份,38.0,-2.34,0.26,-45.75,38.687815379743,0.3090644,60.58760461,433,2188,65.6,2026-06-24,-1.78,39.7,False
4644,688071,华依科技,35.51,0.97,1.55,557.21,34.457712832356,0.3050312,59.79023524,115,2386,64.8,2026-06-24,3.05,38.7,False
4645,688072,拓荆科技,853.37,4.07,0.75,105.7,789.242184893921,0.6470984,79.94283431,-5,38,88.8,2026-06-24,8.13,71.0,False
4646,688073,毕得医药,47.19,-4.57,0.9,22.9,49.387745499084,0.2765668,71.27916857,-155,420,62.8,2026-06-24,-4.45,44.8,False
4647,688075,安旭生物,29.06,-3.46,0.18,-89.12,29.916109568802,0.1680824,54.9571517,-239,3739,62.0,2026-06-24,-2.86,34.1,False
4648,688076,ST诺泰,26.76,-4.39,0.42,16.33,28.188619714291,0.4697796,59.67706178,-1604,2421,65.2,2026-06-24,-5.07,38.9,False
4649,688077,大地熊,28.48,-2.7,0.7,70.02,29.478068443445,0.2281784,58.13859398,-1198,2867,66.4,2026-06-24,-3.39,38.6,False
4650,688078,龙软科技,20.74,-1.71,0.31,-47.64,21.384739730882,0.1082464,52.53380728,-47,4285,62.0,2026-06-24,-3.01,32.6,False
4651,688079,美迪凯,30.23,3.88,3.69,-74.97,28.806107705342,0.4361992,66.00739526,2132,1015,76.4,2026-06-24,4.94,50.4,False
4652,688080,映翰通,40.21,-0.1,0.47,79.68,40.114537799331,0.271302,58.70510946,-1150,2692,61.2,2026-06-24,0.24,35.9,False
4653,688081,兴图新科,44.63,-2.68,0.42,-379.67,46.03273795689,0.2826432,51.93247533,143,4409,58.8,2026-06-24,-3.05,30.5,False
4654,688082,盛美上海,421.8,4.88,0.49,487.97,405.412829187474,0.5275816,73.78809446,-154,220,86.8,2026-06-24,4.04,64.0,False
4655,688083,中望软件,58.84,-1.95,0.68,-65.15,59.236040950848,0.3128228,61.69414853,110,1897,73.2,2026-06-24,-0.67,45.2,False
4656,688084,晶品特装,47.92,-3.5,0.33,-431.72,49.075257203485,0.1644284,59.21515232,1686,2546,61.2,2026-06-24,-2.35,36.2,False
4657,688085,三友医疗,12.06,-3.6,0.24,156.73,12.582915891986,0.21717,54.69443515,-1273,3795,64.0,2026-06-24,-4.16,35.0,False
4658,688087,英科再生,34.18,-2.87,0.31,32.49,36.005216735337,0.2730912,63.45318596,-529,1477,61.2,2026-06-24,-5.07,38.8,False
4659,688088,虹软科技,35.74,-2.06,0.41,66.28,36.546333508523,0.2321992,61.02494869,-62,2066,70.4,2026-06-24,-2.21,43.0,False
4660,688089,嘉必优,11.0,-2.57,0.45,-10.62,11.337245174266,0.1900076,56.07596854,1042,3444,61.6,2026-06-24,-2.97,34.5,False
4661,688090,瑞松科技,108.97,-3.35,2.57,210.44,138.589084695245,0.5179336,66.15982526,382,987,70.0,2026-06-24,-21.37,46.3,False
4662,688091,上海谊众,39.75,-2.6,0.44,113.07,41.489943001087,0.3949944,59.98661421,210,2333,62.4,2026-06-24,-4.19,37.4,False
4663,688092,爱科科技,22.04,-2.04,0.25,77.22,22.557588058893,0.0873316,56.52218712,-382,3328,62.4,2026-06-24,-2.29,35.3,False
4664,688093,世华科技,30.02,3.77,0.68,24.65,28.723749751544,0.21241,63.43821274,192,1481,63.2,2026-06-24,4.51,40.1,False
4665,688095,福昕软件,60.33,-2.54,0.57,122.3,61.44575600928,0.2090376,56.88251115,-256,3208,63.6,2026-06-24,-1.82,36.2,False
4666,688096,京源环保,14.58,-0.82,1.11,-184.87,14.530954517372,0.3518024,57.68762221,175,2992,66.4,2026-06-24,0.34,38.3,False
4667,688097,博众精工,63.33,1.07,0.46,248.31,61.31729704387,0.3823524,70.34192474,-191,499,71.2,2026-06-24,3.28,50.1,False
4668,688098,申联生物,9.07,-0.98,0.31,-537.93,9.150961457252,0.2421304,63.10013366,1489,1566,63.2,2026-06-24,-0.88,39.9,False
4669,688099,晶晨股份,102.05,-1.32,1.13,62.35,100.406761187996,0.4372836,78.55459745,53,57,74.4,2026-06-24,1.64,58.4,False
4670,688100,威胜信息,29.83,-1.19,0.16,24.73,30.272586374677,0.2267032,60.46089571,255,2222,63.6,2026-06-24,-1.46,38.5,False
4671,688101,三达膜,16.6,-0.42,0.2,13.99,16.693615347461,0.204644,61.35823813,8,1975,64.4,2026-06-24,-0.56,39.5,False
4672,688102,斯瑞新材,42.17,-2.16,0.76,191.16,42.584834136607,0.4528816,65.38662541,-576,1114,80.0,2026-06-24,-0.97,52.3,False
4673,688103,国力电子,59.46,-0.97,0.82,210.7,60.343884652358,0.3077264,63.12906276,118,1559,65.2,2026-06-24,-1.46,41.2,False
4674,688105,诺唯赞,16.01,-5.04,0.8,494.83,17.134179217354,0.2989136,63.40943907,-347,1491,71.6,2026-06-24,-6.56,45.4,False
4675,688106,金宏气体,34.25,2.45,2.51,941.5,32.605819371059,0.4571988,62.79963335,-1448,1627,82.8,2026-06-24,5.04,52.0,False
4676,688107,安路科技,44.82,0.27,1.1,-110.06,43.470615640152,0.2870612,65.72773526,-80,1069,71.2,2026-06-24,3.1,46.8,False
4677,688108,赛诺医疗,18.45,-4.3,1.56,78.81,19.70450767412,0.318814,61.50781653,-1317,1938,70.0,2026-06-24,-6.37,43.1,False
4678,688109,品茗科技,79.3,-0.75,0.35,-113.04,80.29060150818,0.2548096,57.91484873,961,2917,62.4,2026-06-24,-1.23,36.1,False
4679,688110,东芯股份,181.2,5.51,2.64,144.92,167.857735038515,0.5484728,72.77887492,-89,290,85.6,2026-06-24,7.95,62.3,False
4680,688111,金山办公,213.82,-0.63,0.3,11.3,214.237374710246,0.3722144,70.03547528,-15,527,83.6,2026-06-24,-0.19,58.5,False
4681,688112,鼎阳科技,72.88,2.46,1.0,75.84,68.354108643631,0.3648424,68.4529353,-477,682,65.6,2026-06-24,6.62,44.9,False
4682,688113,联测科技,36.9,-1.73,0.47,20.91,37.599034555271,0.2157988,57.92137618,-144,2914,61.2,2026-06-24,-1.86,35.4,False
4683,688114,华大智造,48.92,-1.29,0.25,-48.43,50.213869720784,0.2673512,54.95250109,-1445,3741,68.8,2026-06-24,-2.58,37.8,False
4684,688115,思林杰,58.44,4.17,1.13,184.83,54.908133181333,0.2014784,67.61871441,128,788,62.8,2026-06-24,6.43,42.5,False
4685,688116,天奈科技,39.1,3.38,1.15,63.53,38.083881801441,0.3251672,54.82119204,131,3771,73.2,2026-06-24,2.67,40.1,False
4686,688117,圣诺生物,24.48,-2.97,0.83,20.32,25.388668869723,0.349432,66.27522584,-441,963,65.6,2026-06-24,-3.58,43.5,False
4687,688118,普元信息,20.73,-3.22,0.62,-16.94,21.538399768635,0.2196404,59.41728256,-60,2492,61.2,2026-06-24,-3.75,36.4,False
4688,688119,中钢洛耐,4.88,-2.59,0.53,481.67,5.028108097922,0.3189676,62.5075461,665,1701,67.2,2026-06-24,-2.95,42.0,False
4689,688120,华海清科,255.75,5.47,0.83,127.91,239.729471115618,0.4791504,76.65358571,-11,102,84.8,2026-06-24,6.68,65.0,False
4690,688121,卓然股份,,,0.0,20.72,6.313393336271,0.1109664,42.94101672,18,5174,60.8,2026-06-24,,26.1,False
4691,688122,西部超导,56.7,0.75,0.71,210.08,56.300457707233,0.3418792,56.77838664,333,3241,81.6,2026-06-24,0.71,46.3,False
4692,688123,聚辰股份,185.37,11.75,7.51,238.75,152.946251712259,0.5758284,81.77502217,100,15,77.6,2026-06-24,21.2,63.5,False
4693,688125,安达智能,166.5,-3.49,0.36,-109.34,170.632908281189,0.3324904,56.33420738,1138,3381,61.6,2026-06-24,-2.42,34.7,False
4694,688126,沪硅产业,33.46,2.73,1.95,-57.23,31.962919118431,0.4902208,64.94472121,1109,1189,90.4,2026-06-24,4.68,58.7,False
4695,688127,蓝特光学,91.93,4.42,1.02,72.01,85.962397936438,0.4330816,80.0804969,181,35,74.0,2026-06-24,6.94,59.3,False
4696,688128,中国电研,24.69,-2.22,0.26,18.64,25.458882290592,0.2320208,63.57946065,72,1451,66.8,2026-06-24,-3.02,42.5,False
4697,688129,东来技术,27.34,-3.39,0.43,36.03,28.466022717506,0.2591152,67.35926084,2192,818,61.2,2026-06-24,-3.96,41.2,False
4698,688130,晶华微,27.56,1.55,1.57,-188.86,26.930380773627,0.20733,57.59001639,-185,3021,66.8,2026-06-24,2.34,38.5,False
4699,688131,皓元医药,88.63,-2.45,1.71,69.64,91.07195244923,0.4241516,74.44456806,-116,184,74.4,2026-06-24,-2.68,55.4,False
4700,688132,邦彦技术,13.21,-1.42,0.21,-11.59,13.459185622893,0.109104,46.7286294,28,5052,60.8,2026-06-24,-1.85,28.4,False
4701,688133,泰坦科技,22.24,-0.98,0.75,-28.23,22.387253407709,0.265382,52.39385805,-2148,4311,64.0,2026-06-24,-0.66,33.5,False
4702,688135,利扬芯片,40.5,0.27,1.93,690.4,39.684575992347,0.36395,62.74161726,479,1638,73.2,2026-06-24,2.05,45.9,False
4703,688136,科兴制药,17.49,-4.16,0.99,-49.06,18.681393801935,0.2080812,58.44154227,-430,2777,63.6,2026-06-24,-6.38,37.2,False
4704,688137,近岸蛋白,34.37,-3.99,0.44,-56.65,36.155366102803,0.1820324,51.16798188,-1809,4548,62.4,2026-06-24,-4.94,31.9,False
4705,688138,清溢光电,39.78,-0.9,1.35,56.21,38.860784217276,0.4009716,75.71168122,330,133,74.4,2026-06-24,2.37,56.3,False
4706,688139,海尔生物,25.03,-3.66,0.5,24.92,26.463616552864,0.3464716,57.80542554,-1664,2950,64.0,2026-06-24,-5.42,37.0,False
4707,688141,杰华特,145.59,1.48,0.77,-59.34,142.446478638365,0.4353712,64.54829934,1648,1269,76.0,2026-06-24,2.21,49.1,False
4708,688143,长盈通,237.0,0.34,1.85,1293.54,218.506387749089,0.484696415094,67.46195187,-233,806,79.6,2026-06-24,8.46,53.7,False
4709,688146,中船特气,,,0.0,509.61,383.49286914209,0.2874748,73.0495647,-119,275,88.8,2026-06-24,,64.9,False
4710,688147,微导纳米,127.99,1.84,0.62,707.1,122.55351089687,0.4751972,67.08688304,-551,856,76.8,2026-06-24,4.44,51.5,False
4711,688148,芳源股份,8.96,-3.24,1.0,18.6,9.049763273749,0.2387264,62.23540257,2189,1754,65.6,2026-06-24,-0.99,40.8,False
4712,688150,莱特光电,62.3,4.01,1.01,136.32,60.011082844839,0.4912896,77.46628212,497,82,68.4,2026-06-24,3.81,53.0,False
4713,688151,华强科技,15.22,-2.62,0.15,204.57,15.726861277236,0.0939308,60.28744972,101,2255,62.0,2026-06-24,-3.22,37.4,False
4714,688152,麒麟信安,28.0,-3.21,0.37,-82.68,29.190658772722,0.2012472,49.42691942,-77,4823,62.8,2026-06-24,-4.08,31.0,False
4715,688153,唯捷创芯,31.16,-0.26,0.56,-69.64,30.876034248098,0.2023368,57.05984738,600,3162,68.0,2026-06-24,0.92,38.8,False
4716,688155,先惠技术,80.35,-1.81,0.64,16.54,81.492751579713,0.323158,61.28140065,-1099,1998,65.2,2026-06-24,-1.4,40.0,False
4717,688156,路德科技,26.04,-2.47,0.67,59.36,27.111397076812,0.1550872,55.86949459,294,3504,61.2,2026-06-24,-3.95,34.2,False
4718,688157,松井股份,27.39,-1.83,0.24,-156.64,27.797678359029,0.1330476,50.722147,-714,4624,63.2,2026-06-24,-1.47,32.1,False
4719,688158,优刻得-W,37.83,-2.63,1.62,1589.76,37.987290862059,0.3988692,64.42920768,2214,1285,70.4,2026-06-24,-0.41,45.4,False
4720,688159,有方科技,46.1,-1.5,1.37,38.51,46.338518385487,0.3062788,58.37091994,-623,2793,64.0,2026-06-24,-0.51,37.4,False
4721,688160,步科股份,114.36,-0.42,0.93,195.06,112.166629587582,0.381476,67.80007184,380,762,70.8,2026-06-24,1.96,48.0,False
4722,688161,威高骨科,21.09,-3.17,0.08,47.68,22.000629609773,0.2344304,57.24527738,-1661,3107,62.4,2026-06-24,-4.14,35.7,False
4723,688162,巨一科技,24.16,-1.15,0.21,39.91,24.484210421106,0.2274908,59.15805739,984,2560,61.2,2026-06-24,-1.32,36.2,False
4724,688163,赛伦生物,44.05,-3.8,0.73,2101.24,45.250365836664,0.372052,63.8153799,971,1405,65.6,2026-06-24,-2.65,41.9,False
4725,688165,埃夫特-U,19.21,0.05,0.66,-256.06,19.387420931552,0.2193888,55.46198381,364,3601,74.0,2026-06-24,-0.92,41.0,False
4726,688166,博瑞医药,35.02,-3.76,1.09,410.53,37.193686827305,0.3076212,53.8882079,-654,3983,66.0,2026-06-24,-5.84,35.6,False
4727,688167,炬光科技,376.48,0.39,1.54,-927.75,366.99566450848,0.5150932,65.98587768,2236,1020,77.6,2026-06-24,2.58,51.2,False
4728,688168,安博通,60.55,-5.85,1.7,135.2,64.911540543706,0.3807912,58.15560231,-1115,2862,66.0,2026-06-24,-6.72,38.4,False
4729,688169,石头科技,92.83,0.37,0.62,18.62,93.253257664544,0.3158664,57.64181362,43,3003,75.6,2026-06-24,-0.45,43.6,False
4730,688170,德龙激光,84.29,3.3,2.76,-85.31,80.718418603865,0.4138956,61.44056423,960,1954,75.2,2026-06-24,4.42,46.2,False
4731,688171,纬德信息,47.78,-0.23,0.55,-6715.5,47.518499406233,0.3715472,59.54396571,1110,2456,62.0,2026-06-24,0.55,36.9,False
4732,688172,燕东微,82.81,-1.72,0.76,-114.1,79.918954214529,0.513716,64.62811344,371,1249,76.4,2026-06-24,3.62,49.4,False
4733,688173,希荻微,18.06,-1.47,0.73,-245.24,17.937581518648,0.248178,65.74126539,685,1068,67.6,2026-06-24,0.68,44.4,False
4734,688175,高凌信息,24.7,-2.26,0.22,262.94,25.104005794681,0.1865396,58.29892299,1201,2826,60.8,2026-06-24,-1.61,35.4,False
4735,688176,亚虹医药-U,9.51,-3.45,0.78,-12.1,9.89830143785,0.2712484,51.33455323,438,4518,59.6,2026-06-24,-3.92,30.6,False
4736,688177,百奥泰,16.36,-4.44,0.21,-11.15,17.229676523809,0.1420788,55.17046159,649,3680,62.0,2026-06-24,-5.05,34.2,False
4737,688178,万德斯,36.02,1.12,0.51,67.37,35.500498703669,0.3576688,55.99243548,953,3466,62.0,2026-06-24,1.46,34.7,False
4738,688179,阿拉丁,26.43,1.61,1.71,82.22,25.718775804031,0.39874,64.86641851,-789,1205,72.8,2026-06-24,2.77,47.2,False
4739,688180,君实生物-U,29.81,-4.97,0.95,-372.08,31.298688879996,0.3800176,67.24772975,563,835,69.6,2026-06-24,-4.76,46.8,False
4740,688181,八亿时空,52.14,-2.72,2.97,70.83,52.846079097366,0.4087844,68.17785882,-363,715,73.6,2026-06-24,-1.34,50.2,False
4741,688182,灿勤科技,44.03,-0.92,0.41,2697.19,43.93508608456,0.322252,61.72654905,294,1888,69.2,2026-06-24,0.22,42.7,False
4742,688183,生益电子,135.59,-0.75,0.7,63.84,134.696691787698,0.4815408,78.77565556,69,52,84.4,2026-06-24,0.66,66.5,False
4743,688184,ST帕瓦,10.86,-3.04,0.26,21.1,11.253610061072,0.3394988,53.55695519,734,4072,60.8,2026-06-24,-3.5,32.6,False
4744,688185,康希诺,49.41,-3.61,0.37,-75.49,51.383212587424,0.3188412,57.28664431,1220,3097,68.4,2026-06-24,-3.84,39.2,False
4745,688186,广大特材,15.05,-2.27,0.39,200.39,15.369283154816,0.2733936,51.37346722,56,4511,62.4,2026-06-24,-2.08,32.1,False
4746,688187,时代电气,61.0,-0.44,0.57,31.95,61.376816440475,0.4373452,75.23485954,-14,155,79.6,2026-06-24,-0.61,59.9,False
4747,688188,柏楚电子,148.14,-1.52,0.3,33.9,150.194838689718,0.3470264,70.17955641,-18,509,69.6,2026-06-24,-1.37,48.8,False
4748,688189,ST南新,6.06,-4.87,0.95,-31.39,6.385390708379,0.290051764706,52.88490033,-364,4205,61.2,2026-06-24,-5.1,32.4,False
4749,688190,云路股份,101.59,-1.37,0.45,49.22,102.542210786053,0.3518216,66.97251942,-717,868,66.8,2026-06-24,-0.93,44.7,False
4750,688191,智洋创新,35.35,-0.2,0.51,-259.31,35.856598656077,0.3400692,60.14003731,410,2298,63.6,2026-06-24,-1.41,38.2,False
4751,688192,迪哲医药-U,38.01,-4.52,0.42,-46.26,39.814377584292,0.2987468,57.79489873,334,2952,64.0,2026-06-24,-4.53,37.0,False
4752,688193,仁度生物,55.0,-0.95,0.43,110.29,55.293026260407,0.158274181818,58.69340459,1220,2696,63.2,2026-06-24,-0.53,37.1,False
4753,688195,腾景科技,210.5,1.29,1.19,660.25,203.584037654019,0.4094032,68.48277279,1743,678,78.8,2026-06-24,3.4,54.0,False
4754,688196,卓越新能,36.58,-2.95,0.18,38.6,37.990408585663,0.1564648,58.36152214,1249,2801,61.2,2026-06-24,-3.71,35.7,False
4755,688197,首药控股-U,31.73,-3.56,1.01,-78.17,33.431685931061,0.197122,58.62916402,-215,2715,63.6,2026-06-24,-5.09,37.3,False
4756,688198,佰仁医疗,82.41,-5.67,0.19,68.59,87.1958607094,0.3531424,66.43259606,-54,939,63.6,2026-06-24,-5.49,42.3,False
4757,688199,久日新材,34.0,-2.3,1.59,134.55,33.896365489062,0.324346,65.37702684,-444,1116,72.4,2026-06-24,0.31,47.3,False
4758,688200,华峰测控,451.8,2.92,0.73,240.48,431.396863508852,0.513676,76.08526358,21,121,81.2,2026-06-24,4.73,61.8,False
4759,688201,ST信安,7.1,-2.61,0.17,-39.25,7.298428761538,0.279798039216,59.46842018,-155,2479,60.8,2026-06-24,-2.72,36.2,False
4760,688202,美迪西,67.53,0.34,2.06,145.25,66.925732465723,0.3480764,64.32894062,567,1303,71.6,2026-06-24,0.9,46.1,True
4761,688203,海正生材,10.27,-2.75,0.39,497.53,10.695976898197,0.1811632,58.30387718,960,2824,60.8,2026-06-24,-3.98,35.4,False
4762,688205,德科立,228.06,-0.71,1.18,462.29,225.156443223035,0.5006948,58.66338438,309,2705,76.8,2026-06-24,1.29,45.1,False
4763,688206,概伦电子,39.45,-0.83,0.66,-350.3,39.022035588265,0.3100184,63.69518324,1386,1427,72.8,2026-06-24,1.1,46.4,False
4764,688207,格灵深瞳,19.42,-3.24,1.79,-30.87,19.942389506782,0.2851176,54.76214259,-1006,3781,72.0,2026-06-24,-2.62,39.4,False
4765,688208,道通科技,25.4,-1.09,0.39,21.86,25.579723148928,0.3016312,65.70385575,1285,1072,67.6,2026-06-24,-0.7,44.4,False
4766,688209,英集芯,26.35,0.42,0.95,63.32,25.833714969686,0.2734892,64.28370058,-142,1311,68.4,2026-06-24,2.0,44.0,False
4767,688210,统联精密,40.43,0.0,0.51,-82.55,40.171315921722,0.3095376,56.17231805,-1193,3421,61.6,2026-06-24,0.64,34.6,False
4768,688211,中科微至,33.29,-1.48,0.26,369.33,33.70695521546,0.2119688,59.62762773,-83,2428,63.2,2026-06-24,-1.24,37.7,False
4769,688212,澳华内镜,29.68,-1.23,0.37,-40.9,30.159689488956,0.2574956,61.88063542,-765,1853,64.8,2026-06-24,-1.59,40.1,False
4770,688213,思特威-W,96.16,0.15,0.85,40.85,95.5762399424,0.3531868,69.20732452,-91,607,73.2,2026-06-24,0.61,50.7,False
4771,688215,瑞晟智能,40.25,-1.78,0.27,102.17,40.548947123715,0.184242,62.42480631,1000,1720,61.2,2026-06-24,-0.74,38.2,False
4772,688216,气派科技,40.05,0.02,2.37,-308.03,39.299207846523,0.2557896,68.74400051,1140,647,69.2,2026-06-24,1.91,47.6,False
4773,688217,睿昂基因,20.48,-4.03,0.83,-57.39,21.869327388048,0.138682,51.80890421,-97,4432,61.6,2026-06-24,-6.35,31.9,False
4774,688218,江苏北人,51.09,-0.89,1.19,391.98,51.490213582446,0.3035232,52.87168751,170,4207,68.0,2026-06-24,-0.78,36.0,False
4775,688219,会通股份,11.85,-0.75,0.46,29.55,11.866626599544,0.3188492,62.66158224,-325,1660,65.6,2026-06-24,-0.14,41.1,False
4776,688220,翱捷科技-U,96.8,-0.33,0.66,-361.29,96.948868976109,0.29298,61.44372717,68,1952,68.4,2026-06-24,-0.15,42.0,False
4777,688221,前沿生物-U,19.59,-4.16,2.14,8.07,20.147182848816,0.3918728,67.47695839,620,805,67.6,2026-06-24,-2.77,45.6,False
4778,688222,成都先导,29.89,-2.89,2.33,72.15,30.979971392673,0.3870496,66.03697167,-941,1010,74.8,2026-06-24,-3.52,49.4,False
4779,688223,晶科能源,4.86,0.0,0.25,-9.24,4.823118238713,0.3127656,53.14192962,414,4154,70.4,2026-06-24,0.76,37.4,False
4780,688225,亚信安全,12.57,-2.18,0.25,-6.75,12.919188222632,0.1923004,58.04026374,268,2892,62.8,2026-06-24,-2.7,36.4,False
4781,688226,威腾电气,46.3,1.98,1.28,325.51,45.242778579611,0.3763164,53.57816357,690,4065,58.0,2026-06-24,2.34,31.1,False
4782,688227,品高股份,104.33,-3.93,2.31,-192.41,104.919689589847,0.49755,67.83142511,-74,759,71.6,2026-06-24,-0.56,48.6,False
4783,688228,开普云,81.77,-2.42,0.48,-163.8,83.199077806798,0.1853916,49.74518323,47,4777,62.0,2026-06-24,-1.72,30.8,False
4784,688229,博睿数据,79.23,-2.39,0.74,-75.56,80.823218963267,0.3142452,56.51801542,1180,3330,60.8,2026-06-24,-1.97,34.4,False
4785,688230,芯导科技,73.93,-1.37,0.51,72.55,73.656973625126,0.3234948,69.57941697,930,563,67.2,2026-06-24,0.37,46.8,False
4786,688231,隆达股份,33.62,-0.12,0.39,56.46,33.634982287024,0.1744876,67.83178668,715,758,62.4,2026-06-24,-0.04,42.3,False
4787,688232,新点软件,17.93,-3.24,0.18,-60.06,18.525337906214,0.1432816,58.12343588,815,2872,62.0,2026-06-24,-3.21,36.0,False
4788,688233,神工股份,155.0,9.23,2.83,259.97,134.21147725772,0.4849076,73.44125954,485,245,78.4,2026-06-24,15.49,57.6,False
4789,688234,天岳先进,170.28,-3.08,1.85,-340.94,168.584733064383,0.566836,70.85966975,-90,448,86.8,2026-06-24,1.01,61.5,False
4790,688235,百济神州,230.57,-2.63,1.75,55.26,235.844526657824,0.48331,75.34348616,22,149,82.8,2026-06-24,-2.24,62.4,False
4791,688236,春立医疗,14.35,-4.08,0.2,22.3,15.000714762623,0.1595072,62.4306283,-505,1718,61.6,2026-06-24,-4.34,38.5,False
4792,688237,超卓航科,53.99,-0.31,0.73,327.91,55.079656222114,0.3774432,55.28492982,602,3654,66.0,2026-06-24,-1.98,36.5,False
4793,688238,和元生物,5.33,-3.27,0.46,-16.29,5.537757511822,0.2249888,54.23108257,605,3902,64.4,2026-06-24,-3.75,34.9,False
4794,688239,XD航宇科,56.7,-2.84,0.74,47.98,57.072279095866,0.2639368,62.76486255,-675,1634,70.4,2026-06-24,-0.65,44.2,False
4795,688244,永信至诚,14.35,-3.5,0.47,-23.08,15.046989246931,0.117186,50.9633189,-907,4588,60.8,2026-06-24,-4.63,31.0,False
4796,688246,嘉和美康,22.35,-2.83,0.7,-53.7,23.313137314253,0.2497312,50.62485,160,4639,63.6,2026-06-24,-4.13,32.2,False
4797,688247,宣泰医药,7.39,-2.64,0.18,50.57,7.677831140571,0.1721592,58.12908222,-810,2870,62.8,2026-06-24,-3.75,36.5,False
4798,688248,南网科技,61.2,0.07,0.22,175.19,59.228842227586,0.4429844,73.22748908,370,259,68.4,2026-06-24,3.33,50.1,False
4799,688249,晶合集成,58.06,1.5,0.65,575.23,57.46803250228,0.5084648,71.05821521,559,435,82.8,2026-06-24,1.03,58.8,False
4800,688251,井松智能,28.45,0.53,0.96,-40.97,28.453055070125,0.3519232,65.11806952,-284,1159,63.2,2026-06-24,-0.01,41.2,False
4801,688252,天德钰,22.91,-1.63,0.48,50.88,22.735927740988,0.345138,68.72371913,489,649,65.2,2026-06-24,0.77,44.8,False
4802,688253,英诺特,60.02,-0.96,0.25,50.59,59.679741491828,0.420264,65.58830389,73,1084,60.0,2026-06-24,0.57,39.4,False
4803,688255,凯尔达,28.78,-0.96,0.69,71.68,28.979615750083,0.1833392,58.29084304,-759,2834,64.8,2026-06-24,-0.69,37.8,False
4804,688256,寒武纪,1481.9,1.99,0.62,229.73,1435.03297199687,0.9843304,83.16258986,5,6,93.2,2026-06-24,3.27,77.5,False
4805,688257,新锐股份,103.24,-0.35,1.57,29.29,100.927595123767,0.4815872,70.17168607,295,510,75.2,2026-06-24,2.29,52.8,False
4806,688258,卓易信息,118.45,-3.33,0.79,60.32,120.335398726849,0.3300536,59.09670979,-125,2574,68.8,2026-06-24,-1.57,40.7,False
4807,688259,创耀科技,38.09,-0.26,0.67,102.41,37.912696667326,0.2707424,56.67037898,159,3276,65.2,2026-06-24,0.47,36.9,False
4808,688260,昀冢科技,146.0,13.35,2.74,-82.79,122.408781449559,0.4734008,62.77690368,501,1631,76.0,2026-06-24,19.27,47.7,False
4809,688261,东微半导,98.11,-0.34,2.55,540.93,98.626197804166,0.4348136,61.71560924,-1620,1893,78.0,2026-06-24,-0.52,48.1,False
4810,688262,国芯科技,41.72,1.11,1.36,-72.01,40.222880342539,0.3528332,62.07626916,2001,1795,78.4,2026-06-24,3.72,48.7,False
4811,688265,南模生物,32.34,-5.49,0.55,922.03,33.565380990754,0.1985776,67.13558062,325,849,61.6,2026-06-24,-3.65,41.4,False
4812,688266,泽璟制药-U,100.41,0.83,1.01,10.5,98.479302012321,0.3393404,71.90629487,649,367,67.6,2026-06-24,1.96,48.6,False
4813,688267,中触媒,21.05,-4.79,0.53,37.96,22.173183940542,0.229994,59.75525915,-287,2394,60.4,2026-06-24,-5.07,36.1,False
4814,688268,华特气体,237.02,-0.21,2.63,223.33,228.899690346397,0.5454516,65.40584912,-954,1111,89.6,2026-06-24,3.55,58.6,False
4815,688269,凯立新材,33.91,-3.91,0.46,22.92,35.090465304656,0.2699836,64.29699726,147,1308,62.0,2026-06-24,-3.36,39.9,False
4816,688270,ST臻镭,71.69,-2.06,0.86,135.62,72.76647344851,0.442669411765,58.32186347,601,2812,66.8,2026-06-24,-1.48,39.0,False
4817,688271,联影医疗,101.15,-1.15,0.18,52.25,103.549375112677,0.3819028,69.75549513,476,547,76.8,2026-06-24,-2.32,53.6,False
4818,688272,富吉瑞,33.86,2.79,0.83,-47.85,33.079683317214,0.179014,47.37077694,2,5005,59.6,2026-06-24,2.36,28.2,False
4819,688273,麦澜德,38.84,-4.05,0.42,42.35,41.326124621336,0.2440056,62.3117921,1449,1738,60.8,2026-06-24,-6.02,37.9,False
4820,688275,万润新能,136.92,-2.21,0.86,10.77,138.135910022692,0.4042224,63.03605614,-1064,1582,69.6,2026-06-24,-0.88,43.9,False
4821,688276,百克生物,13.83,-3.56,0.13,-411.68,14.483174081725,0.1953504,49.92131669,-1432,4759,63.6,2026-06-24,-4.51,31.7,False
4822,688277,天智航-U,18.1,-5.38,0.84,-45.44,19.107760499132,0.2540168,51.78353016,-4,4441,65.6,2026-06-24,-5.27,34.0,False
4823,688278,特宝生物,53.2,-2.83,0.24,33.0,55.12673288634,0.3549208,70.10598601,351,518,66.0,2026-06-24,-3.5,46.3,False
4824,688279,峰岹科技,209.8,-0.61,0.57,68.4,209.457435033688,0.3245348,70.80632536,-102,451,64.4,2026-06-24,0.16,45.6,False
4825,688280,精进电动-W,5.84,-2.5,0.6,-9.43,6.031113569816,0.220628,51.71147645,212,4456,61.6,2026-06-24,-3.17,31.9,False
4826,688281,华秦科技,48.06,-3.86,0.65,57.99,49.888879624232,0.1855352,58.50637462,402,2754,63.6,2026-06-24,-3.67,37.2,False
4827,688282,理工导航,59.2,-2.02,0.29,-93.63,60.243323058662,0.267884,51.79801559,74,4437,58.8,2026-06-24,-1.73,30.5,False
4828,688283,坤恒顺维,33.3,-1.04,0.37,230.48,33.528279702271,0.1779968,58.62492805,567,2718,60.4,2026-06-24,-0.68,35.4,False
4829,688285,高铁电气,7.26,-2.42,0.16,55.65,7.462897097058,0.1495072,60.12981719,1010,2301,60.8,2026-06-24,-2.72,36.6,False
4830,688286,敏芯股份,97.32,0.43,1.9,-131.64,95.551604645943,0.4489852,72.677454,2240,300,71.2,2026-06-24,1.85,51.7,False
4831,688288,鸿泉技术,18.37,-3.06,0.49,-59.77,19.122942482265,0.1124892,54.01420183,-1930,3954,60.8,2026-06-24,-3.94,32.8,False
4832,688289,圣湘生物,13.81,-3.22,0.31,40.22,14.154762683573,0.3086048,58.58821428,1223,2728,66.0,2026-06-24,-2.44,38.7,False
4833,688290,景业智能,64.7,0.72,0.32,-213.37,63.723226423032,0.2764492,60.5555574,156,2197,66.4,2026-06-24,1.53,40.2,False
4834,688291,金橙子,60.47,-1.47,1.68,29.29,61.2006677149,0.2925552,64.83419961,-1050,1212,72.0,2026-06-24,-1.19,46.7,False
4835,688292,浩瀚深度,19.12,-2.94,0.43,-27.13,19.771247942887,0.2065184,50.48707069,206,4672,60.4,2026-06-24,-3.29,30.5,False
4836,688293,奥浦迈,38.68,-3.52,0.65,34.33,40.556339670852,0.18432,60.83251344,-1464,2124,64.0,2026-06-24,-4.63,38.9,False
4837,688295,中复神鹰,55.51,0.54,0.62,410.11,53.366623192818,0.4556604,66.32070213,2510,955,68.4,2026-06-24,4.02,45.4,False
4838,688296,和达科技,11.82,-3.59,0.57,-25.15,12.475226147607,0.0859704,54.29847565,178,3885,60.8,2026-06-24,-5.25,33.0,False
4839,688297,中无人机,43.41,-2.69,0.24,434.37,43.870452958111,0.3622516,62.88999379,2499,1616,70.0,2026-06-24,-1.05,44.0,False
4840,688298,东方生物,18.36,-3.27,0.24,-9.86,19.252314902005,0.1432564,52.81135463,346,4213,66.8,2026-06-24,-4.63,35.3,False
4841,688299,长阳科技,16.8,-1.29,0.54,108.32,16.941116276389,0.2659308,52.36284336,-739,4316,67.6,2026-06-24,-0.83,35.4,False
4842,688300,联瑞新材,256.77,4.14,1.59,216.38,243.204666619167,0.5138692,73.97021686,540,208,82.0,2026-06-24,5.58,60.7,False
4843,688301,奕瑞科技,110.5,0.7,0.83,45.74,109.90351005364,0.2982368,66.175688,-374,984,68.8,2026-06-24,0.54,45.5,False
4844,688302,海创药业-U,34.28,-2.81,0.44,-28.4,35.598374749682,0.2176336,52.20204018,-1010,4357,62.0,2026-06-24,-3.7,32.4,False
4845,688303,大全能源,17.92,-0.44,0.22,-12.0,18.126661746589,0.3032676,49.68435532,-34,4785,74.0,2026-06-24,-1.14,36.8,False
4846,688305,科德数控,65.7,-0.77,0.56,96.81,65.384112876468,0.287554,65.52629255,427,1093,71.6,2026-06-24,0.48,46.9,False
4847,688306,均普智能,9.49,-1.35,0.27,-84.94,9.642839965723,0.2150628,58.29640525,-112,2828,69.6,2026-06-24,-1.59,40.6,False
4848,688307,中润光学,77.73,-1.61,1.87,162.09,75.444608593846,0.44397,74.69468678,459,174,62.8,2026-06-24,3.03,46.9,False
4849,688308,欧科亿,189.16,2.53,1.56,36.83,182.353324758216,0.4981612,70.60452573,276,469,77.6,2026-06-24,3.73,54.8,False
4850,688309,恒誉环保,60.77,1.71,0.59,28.37,60.763673873075,0.1695576,59.20641745,-123,2549,58.8,2026-06-24,0.01,34.8,False
4851,688310,迈得医疗,15.3,-3.83,0.65,-33.02,15.951571806626,0.1922156,60.98981494,103,2074,62.4,2026-06-24,-4.08,38.1,False
4852,688311,盟升电子,26.01,-1.77,0.58,-74.51,26.117621511641,0.2671248,51.79938296,407,4436,62.8,2026-06-24,-0.41,32.5,False
4853,688312,燕麦科技,95.23,-1.77,1.21,1414.81,93.368039131232,0.4855328,71.89698745,174,369,67.2,2026-06-24,1.99,48.3,False
4854,688313,仕佳光子,204.33,0.49,1.61,198.74,199.744079551448,0.5832592,79.039107,-31,48,89.2,2026-06-24,2.3,70.5,False
4855,688314,康拓医疗,36.13,-4.92,0.61,55.76,36.612923082113,0.3104576,57.5337417,-168,3034,60.4,2026-06-24,-1.32,34.8,False
4856,688315,诺禾致源,12.43,-2.74,0.19,43.92,12.735872921295,0.1884992,57.3956314,-1529,3068,63.6,2026-06-24,-2.4,36.5,False
4857,688316,青云科技-U,57.23,-3.11,1.0,-49.95,57.883997065581,0.2742756,51.65654674,230,4468,64.0,2026-06-24,-1.13,33.1,False
4858,688317,之江生物,15.95,-2.68,0.35,-30.04,16.411578656192,0.2370064,52.59632541,762,4272,64.4,2026-06-24,-2.81,33.9,False
4859,688318,财富趋势,79.73,-1.81,0.89,206.93,81.895918811419,0.3864736,64.92903756,-961,1194,72.4,2026-06-24,-2.64,47.0,False
4860,688319,欧林生物,39.5,-0.05,0.74,147.24,39.962886867806,0.4464604,65.32828482,-753,1123,65.2,2026-06-24,-1.16,42.6,False
4861,688320,禾川科技,38.47,-1.74,0.94,-257.99,38.902559751195,0.3122896,65.18881424,1118,1145,68.8,2026-06-24,-1.11,44.8,False
4862,688321,微芯生物,24.52,-3.69,0.9,96.04,25.746478593024,0.3763536,59.0469115,5,2587,66.4,2026-06-24,-4.76,39.2,False
4863,688322,奥比中光-W,129.73,3.12,1.88,430.3,123.949863218361,0.4661784,70.71753338,1078,459,85.2,2026-06-24,4.66,60.3,False
4864,688323,瑞华泰,64.35,-2.47,2.8,-127.95,66.098554072854,0.442432,56.70087035,498,3269,74.4,2026-06-24,-2.65,42.2,False
4865,688325,赛微微电,132.97,-1.57,0.38,255.46,135.725548914728,0.3532748,60.46618881,339,2220,66.4,2026-06-24,-2.03,40.1,False
4866,688326,经纬恒润-W,70.29,-2.62,0.34,-11.88,71.975448236663,0.2456536,55.50283475,371,3590,63.6,2026-06-24,-2.34,35.3,False
4867,688327,云从科技-UW,13.2,-3.3,1.02,-263.67,13.720247302321,0.3058396,54.39205476,263,3856,77.2,2026-06-24,-3.79,42.0,False
4868,688328,深科达,82.18,0.64,4.69,71.69,79.340247576047,0.4087368,67.98532018,904,738,69.2,2026-06-24,3.58,47.0,False
4869,688329,艾隆科技,20.81,-3.21,0.57,-17.38,21.911561261975,0.1356792,56.0457273,744,3452,61.6,2026-06-24,-5.03,34.5,False
4870,688330,宏力达,35.97,-1.88,0.24,88.73,36.644911543859,0.2082268,55.83527776,167,3509,60.4,2026-06-24,-1.84,33.7,False
4871,688331,荣昌生物,111.89,-4.81,2.61,48.14,118.410103299284,0.4735548,73.66725252,79,232,74.0,2026-06-24,-5.51,54.5,False
4872,688332,中科蓝讯,151.81,0.4,0.88,-1154.18,147.110854410581,0.4778984,67.07959782,-553,857,76.0,2026-06-24,3.19,51.0,False
4873,688333,XD铂力特,99.28,1.51,1.44,405.86,97.000425869786,0.4060376,71.30028233,799,417,80.8,2026-06-24,2.35,57.6,False
4874,688334,西高院,18.54,-1.07,0.16,22.1,18.698279008374,0.2604056,59.98276074,82,2334,62.0,2026-06-24,-0.85,37.2,False
4875,688335,复洁科技,28.12,-4.19,1.02,-66.87,29.564427330304,0.3767028,55.25175325,763,3659,64.0,2026-06-24,-4.89,35.4,False
4876,688336,三生国健,41.04,-4.29,0.58,51.62,44.313034631258,0.3968376,67.98631955,-655,737,70.4,2026-06-24,-7.39,47.9,False
4877,688337,普源精电,73.01,-1.26,1.15,152.86,71.429774198752,0.3963544,73.68356193,555,231,68.0,2026-06-24,2.21,50.1,False
4878,688338,赛科希德,26.62,-3.02,0.49,36.57,28.235853401608,0.2549056,58.55098106,-1585,2740,67.6,2026-06-24,-5.72,39.6,False
4879,688339,亿华通-U,18.91,-2.37,0.41,-22.28,19.432622070527,0.1816204,50.60805368,317,4642,65.6,2026-06-24,-2.69,33.2,False
4880,688343,云天励飞-U,75.18,-0.77,0.9,-50.44,73.816169102761,0.4208892,66.22772101,445,974,71.6,2026-06-24,1.85,47.4,False
4881,688345,博力威,55.51,-2.27,0.51,50.66,56.986932027418,0.2901116,64.70161294,150,1234,62.8,2026-06-24,-2.59,40.6,False
4882,688347,华虹宏力,324.43,2.66,1.8,1009.86,309.339799683775,0.6139288,77.09767394,8,89,90.4,2026-06-24,4.88,69.7,False
4883,688348,昱能科技,34.69,-1.28,0.25,-21.99,35.296622620209,0.2492952,50.16518832,-804,4729,60.8,2026-06-24,-1.72,30.5,False
4884,688349,三一重能,13.15,-0.15,0.18,29.2,13.247130599621,0.1879536,66.40635984,635,943,64.8,2026-06-24,-0.73,43.0,False
4885,688350,富淼科技,35.48,-2.95,0.78,66.62,35.37993735069,0.3473896,67.97354437,1272,740,62.8,2026-06-24,0.28,42.7,False
4886,688351,微电生理,21.96,-2.18,0.41,88.83,22.841663095815,0.253504,57.80987534,-1487,2948,63.2,2026-06-24,-3.86,36.5,False
4887,688352,颀中科技,20.78,-1.89,4.96,-21.08,20.394463490676,0.3410736,66.18054775,439,982,71.6,2026-06-24,1.89,47.4,False
4888,688353,华盛锂电,118.82,-0.88,1.8,48.84,118.60886254697,0.4421116,59.91984694,-381,2346,78.4,2026-06-24,0.18,47.0,False
4889,688355,明志科技,17.34,-1.03,0.32,167.23,17.607170021083,0.0894404,51.7701067,-363,4446,59.6,2026-06-24,-1.52,30.9,False
4890,688356,键凯科技,70.2,-3.8,0.72,47.49,73.196290551947,0.224836,64.21742413,255,1322,64.0,2026-06-24,-4.09,41.1,False
4891,688357,建龙微纳,27.85,-1.76,0.33,42.38,28.308885013762,0.1505496,54.72955259,53,3787,62.4,2026-06-24,-1.62,34.2,False
4892,688358,祥生医疗,32.1,-2.85,0.49,19.55,33.854734607262,0.2187684,67.61447332,-292,789,65.2,2026-06-24,-5.18,44.1,False
4893,688359,三孚新科,169.99,4.95,1.3,753.49,160.362585867818,0.5026264,62.26882098,1508,1749,68.4,2026-06-24,6.0,42.6,False
4894,688360,德马科技,19.31,-2.33,0.6,34.36,19.551919503605,0.2190316,54.20829493,-150,3906,61.2,2026-06-24,-1.24,33.2,False
4895,688361,中科飞测,337.15,7.94,0.8,-434.28,297.392140292921,0.48643,69.83889197,629,541,78.8,2026-06-24,13.37,55.0,False
4896,688362,甬矽电子,79.01,2.64,2.88,336.31,74.42370656069,0.5343372,73.39187804,1500,246,81.6,2026-06-24,6.16,59.9,False
4897,688363,华熙生物,34.63,-3.08,0.21,64.5,36.046916227029,0.2765008,60.63764857,-1524,2179,76.0,2026-06-24,-3.93,46.1,False
4898,688365,光云科技,16.53,-3.39,0.69,292.24,17.076514105548,0.2969572,52.63451877,74,4259,68.8,2026-06-24,-3.2,36.2,False
4899,688366,昊海生科,29.23,-2.89,0.11,22.73,30.830550925926,0.1794492,58.6323641,-750,2714,65.2,2026-06-24,-5.19,38.2,False
4900,688367,工大高科,36.8,-9.23,3.95,2663.34,42.510108034415,0.5197964,53.82624526,-787,4001,69.2,2026-06-24,-13.43,37.2,False
4901,688368,晶丰明源,219.93,-0.98,0.7,304.59,217.682293854075,0.4363716,66.82943702,204,892,74.0,2026-06-24,1.03,49.5,False
4902,688369,致远互联,19.66,-4.14,0.83,-8.71,20.508274522446,0.1800068,56.91059216,1298,3199,61.6,2026-06-24,-4.14,35.1,False
4903,688370,丛麟科技,21.3,-3.45,0.13,67.94,22.083588512876,0.1881604,58.74587002,1456,2679,61.6,2026-06-24,-3.55,36.2,False
4904,688371,菲沃泰,36.31,1.94,1.26,-143.57,34.204667402338,0.3527636,56.80440156,838,3233,64.4,2026-06-24,6.16,36.6,False
4905,688372,XD伟测科,170.48,3.4,2.47,101.1,162.106085805265,0.418688,70.43016867,418,482,72.4,2026-06-24,5.17,51.0,False
4906,688373,盟科药业-U,4.32,-4.0,0.8,-33.04,4.597586391343,0.20854,54.59958924,634,3815,64.4,2026-06-24,-6.04,35.2,False
4907,688375,国博电子,97.09,-1.25,0.19,16894.4,96.642226792899,0.2803016,62.22550026,693,1759,72.0,2026-06-24,0.46,44.8,False
4908,688376,美埃科技,95.26,12.6,3.09,101.64,82.524208582422,0.3886708,71.44274123,1290,402,65.6,2026-06-24,15.43,46.9,False
4909,688377,迪威尔,23.55,-1.26,0.27,80.21,23.932180647735,0.197294,55.45625097,307,3604,61.2,2026-06-24,-1.6,33.9,False
4910,688378,奥来德,59.82,3.82,1.7,48.82,57.079302488815,0.3557028,61.85397963,-1523,1856,71.6,2026-06-24,4.8,44.3,False
4911,688379,华光新材,88.0,0.13,1.9,56.39,86.065562027894,0.3871044,71.0145201,-116,439,71.6,2026-06-24,2.25,50.8,False
4912,688380,中微半导,61.08,18.72,4.11,119.29,50.789455438063,0.3841396,71.97813307,335,359,77.2,2026-06-24,20.26,55.6,False
4913,688381,帝奥微,44.66,3.26,1.89,-112.09,42.891049051491,0.4563012,55.75241153,-280,3533,68.0,2026-06-24,4.12,37.9,False
4914,688382,益方生物-U,16.54,-4.94,0.68,-54.02,17.296280929804,0.2368092,58.75773893,1873,2675,61.6,2026-06-24,-4.37,36.2,False
4915,688383,新益昌,192.71,-0.11,0.41,229.56,187.870281669657,0.3966976,61.71202274,946,1894,70.8,2026-06-24,2.58,43.7,False
4916,688385,复旦微电,61.51,1.15,1.09,85.41,59.782709939717,0.3448956,65.46011329,1115,1101,79.2,2026-06-24,2.89,51.8,False
4917,688386,泛亚微透,90.58,2.93,1.07,124.21,87.316314282562,0.4068056,63.31887708,1371,1523,64.0,2026-06-24,3.74,40.5,False
4918,688387,信科移动-U,18.52,4.57,1.74,-123.51,17.399485470632,0.430946,64.84901615,2342,1208,75.6,2026-06-24,6.44,49.0,False
4919,688388,嘉元科技,44.5,-0.78,1.88,60.92,44.027240532916,0.3915676,66.14951597,2335,993,81.2,2026-06-24,1.07,53.7,False
4920,688389,普门科技,9.95,-2.93,0.25,32.81,10.333038501088,0.1383648,57.30349051,-173,3091,62.4,2026-06-24,-3.71,35.8,False
4921,688390,固德威,110.5,-2.38,1.28,66.17,113.653731314001,0.3571552,67.7027888,-605,779,74.0,2026-06-24,-2.77,50.1,False
4922,688391,钜泉科技,34.57,-0.4,0.6,256.15,34.243533456507,0.2119752,62.07010321,-554,1797,66.4,2026-06-24,0.95,41.2,False
4923,688392,骄成超声,181.33,3.5,1.52,104.29,174.930718130396,0.4361596,71.72159293,661,384,69.6,2026-06-24,3.66,49.9,False
4924,688393,安必平,17.87,-3.46,0.54,-227.85,18.813245576228,0.1209872,54.18114276,104,3912,62.0,2026-06-24,-5.01,33.6,False
4925,688395,正弦电气,22.81,-2.15,0.47,41.19,23.469479754506,0.1315608,60.21513058,990,2277,60.4,2026-06-24,-2.81,36.4,False
4926,688396,华润微,84.03,-0.69,0.91,84.55,83.402430930035,0.492442,77.19184808,-48,86,90.0,2026-06-24,0.75,69.5,False
4927,688398,赛特新材,27.72,0.58,0.56,3051.59,27.189274864639,0.2903316,58.8883796,1479,2634,62.0,2026-06-24,1.95,36.5,False
4928,688399,硕世生物,45.6,-4.02,0.45,45.27,47.85824877101,0.2368828,53.67605849,696,4040,64.0,2026-06-24,-4.72,34.4,False
4929,688400,凌云光,67.38,1.66,1.37,40.41,65.40136171924,0.4110884,75.78838177,430,132,80.8,2026-06-24,3.03,61.2,False
4930,688401,路维光电,85.51,1.3,1.77,60.59,80.851401681432,0.4413472,67.37556926,528,816,73.6,2026-06-24,5.76,49.6,False
4931,688403,汇成股份,41.55,14.78,6.71,-803.59,34.742621662743,0.6171788,72.07427548,-21,349,77.2,2026-06-24,19.59,55.6,False
4932,688408,中信博,35.39,6.69,3.25,-39.97,33.276211270327,0.4255128,64.07636597,2238,1345,63.6,2026-06-24,6.35,40.8,False
4933,688409,富创精密,234.06,5.76,0.86,309.22,213.8624004995,0.4467744,70.12612921,946,516,78.8,2026-06-24,9.44,55.3,False
4934,688410,山外山,13.96,-1.97,0.47,20.47,14.312996601701,0.178866,64.57746342,-515,1264,62.4,2026-06-24,-2.47,40.3,False
4935,688411,海博思创,263.97,-0.83,0.66,59.12,266.504680208423,0.424036,67.95702604,-198,743,74.8,2026-06-24,-0.95,50.8,False
4936,688416,XR恒烁股,135.04,5.71,3.91,74.88,117.128016081366,0.4200148,70.90829711,1227,444,74.8,2026-06-24,15.29,53.0,False
4937,688418,震有科技,46.46,-0.09,0.77,-49.81,45.647169906404,0.408974,57.65624596,351,2999,66.0,2026-06-24,1.78,38.1,False
4938,688419,耐科装备,77.14,3.28,1.55,154.26,72.795654272944,0.3433792,64.99932881,-336,1180,69.2,2026-06-24,5.97,45.0,False
4939,688420,美腾科技,21.26,-2.61,0.26,121.44,22.068194183918,0.1540336,56.86064534,-488,3213,61.6,2026-06-24,-3.66,35.0,False
4940,688425,铁建重工,4.06,-1.22,0.08,21.8,4.149988805599,0.2444444,57.7199359,-48,2980,65.6,2026-06-24,-2.17,37.9,False
4941,688426,康为世纪,18.81,1.29,0.85,-34.46,18.234699133092,0.144776,60.38533821,2583,2236,64.8,2026-06-24,3.15,39.1,False
4942,688428,诺诚健华,24.05,-2.51,1.58,100.27,24.961504087387,0.329098,69.91172462,-278,535,67.6,2026-06-24,-3.65,47.3,False
4943,688429,时创能源,9.96,-1.78,0.63,-9.38,10.171054838145,0.1576056,50.81864296,468,4611,58.4,2026-06-24,-2.08,29.7,False
4944,688432,XD有研硅,24.93,3.75,1.06,155.29,23.95684882889,0.3555736,62.11109342,141,1788,75.2,2026-06-24,4.06,46.7,False
4945,688433,华曙高科,105.16,1.22,0.4,-2998.6,104.861549100834,0.3999272,61.43049422,5,1955,67.2,2026-06-24,0.28,41.3,False
4946,688435,英方软件,32.51,-1.9,1.09,-56.7,33.070024256258,0.2367328,50.87828676,529,4597,60.0,2026-06-24,-1.69,30.5,False
4947,688439,振华风光,45.57,2.13,0.57,-169.67,44.409710417016,0.270534,57.75153418,475,2965,64.8,2026-06-24,2.61,37.4,False
4948,688443,智翔金泰-U,21.57,-3.62,1.22,-13.23,22.786080154967,0.2138632,51.46208927,-2058,4494,65.6,2026-06-24,-5.34,33.8,False
4949,688448,磁谷科技,55.31,-1.29,0.59,-279.53,55.983859812078,0.3411444,62.99551552,295,1591,66.0,2026-06-24,-1.2,41.6,False
4950,688449,联芸科技,83.7,2.83,2.11,1086.36,78.989018694929,0.4752136,74.92673183,316,167,69.2,2026-06-24,5.96,51.8,False
4951,688450,光格科技,51.88,-1.11,0.87,-189.33,52.87084315279,0.362958,64.94049763,-288,1190,66.4,2026-06-24,-1.87,43.1,False
4952,688455,科捷智能,20.78,-1.28,0.52,-19.89,20.590664566682,0.2071132,63.45845553,-172,1474,63.2,2026-06-24,0.92,40.1,False
4953,688456,有研粉材,153.6,6.46,4.28,131.41,139.927445558963,0.3757188,59.83707584,620,2370,73.2,2026-06-24,9.77,43.8,False
4954,688458,美芯晟,41.66,-0.14,0.72,-215.38,40.966171293086,0.2745228,59.37502707,-1006,2507,63.6,2026-06-24,1.69,37.8,False
4955,688459,XD哈铁科,7.9,-1.5,0.03,-55.1,7.994065276194,0.0723472,60.32282896,439,2249,62.0,2026-06-24,-1.18,37.4,False
4956,688466,金科环境,13.31,-2.78,0.31,175.07,13.805256193135,0.1439428,50.84162758,-1250,4603,61.2,2026-06-24,-3.59,31.1,False
4957,688468,科美诊断,5.86,-1.51,0.32,65.58,5.946201241701,0.1721988,55.34921689,588,3636,61.6,2026-06-24,-1.45,34.1,False
4958,688469,芯联集成-U,9.99,-0.2,1.73,-236.93,9.71490562595,0.4952504,70.66078325,99,464,83.6,2026-06-24,2.83,59.1,False
4959,688472,阿特斯,10.97,0.73,0.37,19.24,10.890777778649,0.3065224,64.06863781,-702,1346,69.6,2026-06-24,0.73,44.6,False
4960,688475,萤石网络,27.33,1.79,0.25,29.46,26.568443902526,0.2295672,66.37451755,-13,946,65.2,2026-06-24,2.87,43.3,False
4961,688478,晶升股份,84.01,-5.68,2.76,-331.76,89.023264713187,0.4868676,68.57589844,1408,670,76.4,2026-06-24,-5.63,52.4,False
4962,688479,友车科技,37.25,0.7,0.83,175.12,36.923091525859,0.375936,64.9489239,1499,1188,66.0,2026-06-24,0.89,42.9,False
4963,688480,赛恩斯,93.45,-2.24,0.56,69.32,95.689161077331,0.3573076,61.31562779,-694,1991,62.4,2026-06-24,-2.34,38.3,False
4964,688484,南芯科技,53.85,-0.74,0.92,1724.65,54.022229758679,0.36732,65.54065116,-555,1090,76.4,2026-06-24,-0.32,50.1,False
4965,688485,九州一轨,69.36,-1.2,1.45,-598.71,68.721143896964,0.475098,65.11038338,2663,1165,67.6,2026-06-24,0.93,44.0,False
4966,688486,龙迅股份,56.23,-0.65,0.93,68.99,56.124808951156,0.2834008,70.21183851,-423,506,68.4,2026-06-24,0.19,48.0,False
4967,688488,艾迪药业,11.79,-4.92,0.62,163.06,12.582897781762,0.2477184,60.54309277,566,2200,59.6,2026-06-24,-6.3,36.1,False
4968,688489,三未信安,23.16,-2.36,0.28,-43.42,23.76162341719,0.226478,60.18301678,-97,2286,62.4,2026-06-24,-2.53,37.6,False
4969,688496,*ST清越,0.97,-6.73,1.81,-3.36,1.042122388254,0.186868461538,50.50173157,-204,4669,66.8,2026-06-24,-6.92,33.7,False
4970,688498,源杰科技,1860.34,1.22,1.08,322.69,1819.57169648909,0.9798936,79.26436351,31,43,92.0,2026-06-24,2.24,72.9,False
4971,688499,利元亨,47.08,2.79,1.0,105.2,45.517357844143,0.2798712,49.47377255,-886,4815,69.6,2026-06-24,3.43,34.4,False
4972,688500,慧辰股份,46.56,-2.33,0.61,-32.09,46.671800392046,0.238222,57.69128819,1323,2990,63.6,2026-06-24,-0.24,36.7,False
4973,688501,青达环保,20.34,-2.59,0.41,22.35,20.668716887763,0.2280476,61.32792893,1735,1987,60.4,2026-06-24,-1.59,37.0,False
4974,688502,茂莱光学,574.71,0.83,1.64,-682.96,555.198957801603,0.5944064,71.77052058,1014,377,72.8,2026-06-24,3.51,52.2,False
4975,688503,聚和材料,94.35,-2.12,1.49,19.71,95.000559088165,0.4203348,74.02065613,83,206,72.0,2026-06-24,-0.68,53.3,False
4976,688505,复旦张江,7.06,-3.68,0.33,237.24,7.387567327737,0.2413348,53.94490381,-2150,3968,67.2,2026-06-24,-4.43,36.3,False
4977,688506,百利天恒,245.01,-1.09,0.18,-32.65,254.101769345171,0.3993776,64.91635014,-512,1196,75.2,2026-06-24,-3.58,48.8,False
4978,688507,索辰科技,271.01,-2.02,5.31,-177.88,261.509703964429,0.551052,70.61952618,3166,468,82.0,2026-06-24,3.63,57.9,False
4979,688508,芯朋微,88.31,2.55,1.8,213.02,85.582107698467,0.3201172,62.974566,77,1599,72.0,2026-06-24,3.19,45.3,False
4980,688509,正元地信,4.77,-0.83,0.63,-28.24,4.715721374467,0.3786684,58.12907996,1774,2871,63.2,2026-06-24,1.15,36.7,False
4981,688510,航亚科技,24.65,-0.08,0.4,79.95,24.676468926477,0.1792048,56.85465347,-1015,3214,63.2,2026-06-24,-0.11,35.9,False
4982,688511,天微电子,32.53,2.75,1.02,202.15,30.971424792484,0.352342941176,57.02413732,-1174,3173,67.2,2026-06-24,5.03,38.3,False
4983,688512,慧智微-U,15.1,0.87,1.7,-26.52,14.910487803194,0.285744,59.7277373,-1468,2404,65.2,2026-06-24,1.27,38.9,False
4984,688513,苑东生物,42.2,-4.35,0.44,36.64,44.507982928949,0.2041648,62.23337321,-555,1756,60.8,2026-06-24,-5.19,37.8,False
4985,688515,裕太微-U,257.74,-3.33,2.87,-119.16,258.610567006657,0.4566156,67.40272389,1918,813,76.4,2026-06-24,-0.34,51.5,False
4986,688516,奥特维,53.7,-1.86,0.78,49.74,54.229556257844,0.2587044,59.5908283,506,2443,67.2,2026-06-24,-0.98,40.0,False
4987,688517,金冠电气,17.6,-1.23,0.39,42.07,17.824770860308,0.16625,57.01275548,-34,3175,60.0,2026-06-24,-1.26,34.2,False
4988,688518,联赢激光,29.13,1.71,1.6,54.1,28.347848340998,0.2994032,65.58285905,-196,1085,71.6,2026-06-24,2.76,47.0,False
4989,688519,南亚新材,374.25,3.42,0.88,146.56,352.671461396157,0.549596,72.77721181,606,291,80.0,2026-06-24,6.12,58.2,False
4990,688520,神州细胞,33.21,-4.29,0.21,-22.23,34.59790945049,0.30384,59.22616037,-282,2542,63.2,2026-06-24,-4.01,37.4,False
4991,688521,芯原股份,302.49,0.53,1.27,-116.68,295.676715313817,0.6396564,74.96678049,917,166,87.6,2026-06-24,2.3,65.7,False
4992,688522,纳睿雷达,19.66,-1.26,0.49,78.9,19.831965207993,0.198224,59.74917022,330,2397,62.8,2026-06-24,-0.87,37.5,False
4993,688523,航天环宇,51.47,1.02,0.34,3431.13,50.44327122564,0.2693784,54.05311912,257,3943,64.0,2026-06-24,2.04,34.6,False
4994,688525,佰维存储,470.51,12.83,3.95,19.13,398.978286286531,0.6633084,84.56338189,57,2,92.8,2026-06-24,17.93,78.5,False
4995,688526,科前生物,11.97,-1.72,0.05,17.6,12.201554930115,0.1354784,57.55513622,-691,3031,62.8,2026-06-24,-1.9,36.1,False
4996,688528,秦川物联,9.39,-2.49,0.4,-16.75,9.848426686938,0.0619896,51.84633059,482,4422,60.8,2026-06-24,-4.65,31.5,False
4997,688529,豪森智能,16.3,-2.92,0.25,-7.28,16.76806443827,0.1221976,51.26480733,185,4527,62.0,2026-06-24,-2.79,31.8,False
4998,688530,欧莱新材,80.63,-0.44,7.55,79.29,79.416922591738,0.4637632,66.37430105,-789,947,78.4,2026-06-24,1.53,52.0,False
4999,688531,日联科技,163.32,-1.92,1.94,153.13,163.346867417961,0.318132333333,62.41162271,886,1723,66.8,2026-06-24,-0.02,41.7,False
5000,688533,上声电子,21.41,-2.42,0.16,36.31,22.062460567468,0.1528332,59.77182185,-1088,2391,62.0,2026-06-24,-2.96,37.1,False
5001,688535,华海诚科,153.9,4.36,3.62,403.8,141.441714280565,0.5171808,74.16052969,683,200,80.8,2026-06-24,8.81,59.9,False
5002,688536,思瑞浦,352.38,-1.02,1.0,115.41,348.479420663078,0.4947404,72.05093658,-48,351,77.6,2026-06-24,1.12,55.9,False
5003,688538,和辉光电-U,2.41,2.99,1.04,-17.7,2.335506845165,0.22288,56.07645577,138,3443,68.8,2026-06-24,3.19,38.6,False
5004,688539,高华科技,30.9,-1.87,0.22,-394.98,31.274460423413,0.2405972,57.27830593,1101,3100,61.6,2026-06-24,-1.2,35.3,False
5005,688543,国科军工,39.29,-0.08,0.39,124.66,39.005957049179,0.2100248,60.51777933,155,2205,64.0,2026-06-24,0.73,38.7,False
5006,688545,兴福电子,112.15,1.72,2.62,157.66,108.048527934073,0.4807544,70.35944194,968,492,75.6,2026-06-24,3.8,53.2,False
5007,688548,广钢气体,38.77,0.47,2.06,139.32,37.060753716783,0.433126,76.7276666,46,99,78.8,2026-06-24,4.61,60.5,False
5008,688549,中巨芯-U,35.29,6.55,5.14,2043.88,32.235813376081,0.4787732,65.81478326,1484,1053,83.6,2026-06-24,9.47,55.0,False
5009,688550,瑞联新材,48.53,-0.98,1.18,48.32,47.947187023609,0.3997048,69.51912673,-436,567,69.2,2026-06-24,1.22,48.1,False
5010,688551,科威尔,73.0,-3.95,1.82,272.64,72.301633034169,0.4441952,72.85788771,58,288,68.0,2026-06-24,0.97,49.5,False
5011,688552,航天南湖,28.19,-1.19,0.3,-611.99,28.128700243718,0.23132,59.04708611,296,2586,60.8,2026-06-24,0.22,35.9,False
5012,688553,汇宇制药-W,10.39,-4.68,0.65,74.34,11.138114176002,0.2682712,59.38042555,-772,2505,62.0,2026-06-24,-6.72,36.8,False
5013,688556,高测股份,12.75,7.14,3.92,-52.72,11.72471175753,0.3396576,56.43746533,-288,3353,71.2,2026-06-24,8.74,40.2,False
5014,688557,兰剑智能,31.08,-1.02,0.28,248.72,31.158914874919,0.2566148,59.48530779,-960,2472,64.0,2026-06-24,-0.25,38.1,False
5015,688558,国盛智科,32.19,-1.56,0.29,25.88,32.424077390793,0.2077768,59.87315357,275,2361,63.2,2026-06-24,-0.72,37.8,False
5016,688559,海目星,79.89,5.58,2.56,196.29,74.882277620421,0.3831852,63.87402757,108,1392,76.4,2026-06-24,6.69,48.8,False
5017,688560,明冠新材,12.22,-2.24,0.57,-38.21,12.656111535014,0.1809728,48.95964324,-73,4880,58.0,2026-06-24,-3.45,28.4,False
5018,688561,奇安信-U,23.33,-1.77,0.26,-10.25,23.987174499161,0.2741164,57.65691671,-146,2998,67.2,2026-06-24,-2.74,38.7,False
5019,688562,航天软件,15.29,-1.86,0.2,-26.04,15.459917622845,0.170262,52.52750447,244,4288,61.2,2026-06-24,-1.1,32.1,False
5020,688563,航材股份,49.72,-0.32,0.51,46.49,49.923693956316,0.2505548,63.31696229,1283,1526,63.2,2026-06-24,-0.41,40.0,False
5021,688565,力源科技,10.19,-0.59,0.67,682.87,10.345773081181,0.2108608,57.59631521,-236,3019,62.4,2026-06-24,-1.51,35.9,False
5022,688566,吉贝尔,24.58,-2.54,0.25,29.43,25.797850103664,0.3039568,66.29729359,-295,958,62.4,2026-06-24,-4.72,41.4,False
5023,688567,孚能科技,10.42,-1.79,0.27,-22.7,10.708213672511,0.2275812,49.3354591,22,4839,68.8,2026-06-24,-2.69,33.9,False
5024,688568,中科星图,41.55,-1.96,0.4,-56.4,42.036724586013,0.2919504,53.19511843,361,4140,69.2,2026-06-24,-1.16,36.8,False
5025,688569,铁科轨道,16.62,-1.95,0.07,48.95,17.115208266627,0.134796,57.92441475,-273,2913,61.2,2026-06-24,-2.89,35.4,False
5026,688570,天玛智控,14.26,-1.79,0.07,125.28,14.640842297846,0.1196232,52.43030419,-102,4304,66.4,2026-06-24,-2.6,34.8,False
5027,688571,杭华股份,8.76,-2.67,1.02,33.2,9.07875573612,0.1809172,62.98261255,-766,1594,65.2,2026-06-24,-3.51,41.1,False
5028,688573,信宇人,18.13,-2.79,1.19,-12.47,18.674434120263,0.1524728,52.68660503,756,4242,61.2,2026-06-24,-2.92,32.2,False
5029,688575,亚辉龙,8.64,-3.03,0.45,68.76,9.035536182036,0.1958036,56.21558193,574,3410,64.4,2026-06-24,-4.38,36.2,False
5030,688576,西山科技,42.12,-5.43,0.95,97.7,44.873799947135,0.1898076,59.60700438,-686,2437,61.2,2026-06-24,-6.14,36.5,False
5031,688577,浙海德曼,46.07,-2.39,0.23,108.32,47.33777077183,0.1674152,55.31916751,95,3643,61.6,2026-06-24,-2.68,34.1,False
5032,688578,艾力斯,90.8,-2.89,0.58,16.06,93.687341473572,0.4039548,76.06977637,-36,123,71.2,2026-06-24,-3.08,54.2,False
5033,688579,地纬智能,8.0,-2.2,0.24,-40.2,8.222265690027,0.2507044,59.27913728,1104,2526,61.2,2026-06-24,-2.7,36.3,False
5034,688580,伟思医疗,55.7,0.41,1.04,21.66,56.747482058647,0.3856536,69.13731384,-126,615,64.8,2026-06-24,-1.85,44.8,False
5035,688581,安杰思,52.46,-1.96,0.23,18.73,54.108384347421,0.1987728,63.7448003,-964,1419,61.2,2026-06-24,-3.05,39.0,False
5036,688582,芯动联科,58.74,1.45,0.93,2310.54,57.694783326857,0.3496508,61.04769205,56,2062,70.8,2026-06-24,1.81,43.2,False
5037,688583,思看科技,94.95,-0.58,1.39,403.66,132.333693523136,0.351266,67.04366101,796,861,65.6,2026-06-24,-28.25,44.0,False
5038,688584,上海合晶,29.55,-1.1,1.6,393.9,29.539999845088,0.3365056,63.33758905,513,1516,72.0,2026-06-24,0.03,45.6,False
5039,688585,上纬新材,156.18,-2.06,0.27,-383.49,158.969177524284,0.410398,56.37815286,-205,3368,77.2,2026-06-24,-1.75,43.5,False
5040,688586,江航装备,11.74,0.86,0.43,145.79,11.562651769626,0.2012548,50.5256285,147,4663,62.0,2026-06-24,1.53,31.3,False
5041,688588,凌志软件,9.47,-2.57,0.28,-477.68,9.761995182443,0.1399228,56.40358471,-72,3364,62.0,2026-06-24,-2.99,35.0,False
5042,688589,力合微,20.75,0.1,0.82,-204.22,20.452340607533,0.3073356,53.57187692,294,4069,65.2,2026-06-24,1.46,34.9,False
5043,688590,新致软件,13.44,-2.68,0.71,605.28,13.578392513609,0.2482528,58.51218242,871,2751,63.2,2026-06-24,-1.02,37.0,False
5044,688591,泰凌微,33.66,-0.27,0.86,245.26,33.54928726326,0.2563968,60.24344121,403,2266,66.0,2026-06-24,0.33,39.8,False
5045,688592,司南导航,41.79,9.0,4.97,-116.26,38.144640185906,0.2146228,53.74219507,417,4022,61.2,2026-06-24,9.56,32.9,False
5046,688593,新相微,35.7,-0.22,2.42,763.92,33.457665095223,0.4786952,67.69176681,3607,782,63.2,2026-06-24,6.7,42.8,False
5047,688595,芯海科技,40.09,-0.52,1.11,-37.04,39.931529790205,0.2716172,56.65180551,-1642,3286,72.0,2026-06-24,0.4,40.8,False
5048,688596,正帆科技,48.42,1.7,3.1,-139.1,46.108657848966,0.3760856,68.0918105,-33,726,72.8,2026-06-24,5.01,49.6,False
5049,688597,煜邦电力,6.78,-1.45,0.47,-25.38,6.946454501683,0.2088604,52.69622224,-1022,4235,62.0,2026-06-24,-2.4,32.7,False
5050,688598,金博股份,53.99,-4.98,3.63,-35.64,55.596682060746,0.3944276,64.24896603,2108,1315,77.6,2026-06-24,-2.89,49.9,False
5051,688599,天合光能,13.9,0.43,0.4,-28.76,13.733470347248,0.2984488,53.05958343,267,4167,75.2,2026-06-24,1.21,39.9,False
5052,688600,皖仪科技,31.02,0.45,0.7,85.19,31.075236975296,0.2351716,62.11555095,-791,1784,66.4,2026-06-24,-0.18,41.2,False
5053,688601,力芯微,58.2,-0.63,0.97,-1396.45,58.117347243349,0.3603748,54.5490456,-227,3824,65.6,2026-06-24,0.14,35.8,False
5054,688602,康鹏科技,7.18,-3.62,1.01,-74.07,7.443694067766,0.2931172,52.90020492,400,4202,63.6,2026-06-24,-3.54,33.6,False
5055,688603,天承科技,187.97,9.35,7.77,195.77,169.590432328099,0.4511312,66.57135733,2285,926,72.0,2026-06-24,10.84,47.9,False
5056,688605,先锋精科,92.6,2.16,2.39,189.13,89.094661689975,0.381066,72.97829908,15,281,69.6,2026-06-24,3.93,50.8,False
5057,688606,奥泰生物,41.35,-2.8,0.26,42.26,43.01251618372,0.1609364,58.38862713,1012,2789,62.4,2026-06-24,-3.87,36.4,False
5058,688607,康众医疗,47.94,-2.96,0.78,-65.18,50.416336228192,0.362282,49.72203362,-443,4779,60.0,2026-06-24,-4.91,29.8,False
5059,688608,恒玄科技,156.59,-0.46,0.4,74.39,156.337510717553,0.3081624,65.53719648,-534,1091,72.8,2026-06-24,0.16,47.7,False
5060,688609,九联科技,11.31,0.98,0.85,97.8,11.177544441918,0.3066064,64.73049236,1432,1230,72.0,2026-06-24,1.19,46.6,False
5061,688610,埃科光电,229.55,1.36,0.88,168.17,221.65382570697,0.4535036,68.26387536,-163,705,64.0,2026-06-24,3.56,43.7,False
5062,688611,杭州柯林,75.22,2.83,0.28,-959.56,71.537825706399,0.3591116,56.11551926,1029,3431,63.2,2026-06-24,5.15,35.5,False
5063,688612,威迈斯,28.69,-2.51,0.61,22.93,29.270400079392,0.3035396,66.15463582,62,990,61.2,2026-06-24,-1.98,40.5,False
5064,688613,奥精医疗,14.58,-2.93,0.3,353.94,15.090776208528,0.1392728,52.85890169,-1324,4209,61.6,2026-06-24,-3.38,32.6,False
5065,688615,合合信息,117.65,-1.23,0.67,37.13,117.440817243641,0.3479016,63.05686989,313,1574,66.0,2026-06-24,0.18,41.6,False
5066,688616,西力科技,10.42,-2.53,0.34,25.05,10.736650183788,0.0942348,61.10427779,1233,2051,60.0,2026-06-24,-2.95,36.7,False
5067,688617,惠泰医疗,183.98,-2.39,0.22,28.37,190.708490125964,0.1960404,65.77531036,62,1061,64.8,2026-06-24,-3.53,42.6,False
5068,688618,三旺通信,32.56,0.09,0.57,-1050.12,32.392579351032,0.226148,53.66844195,57,4041,60.8,2026-06-24,0.52,32.6,False
5069,688619,罗普特,16.56,0.36,0.54,-76.76,16.600527994975,0.207338,55.12783946,296,3689,62.0,2026-06-24,-0.24,34.2,False
5070,688620,安凯微,14.53,1.04,1.58,-72.54,14.263066301844,0.204308,58.25035567,-243,2842,68.0,2026-06-24,1.87,39.6,False
5071,688621,阳光诺和,51.03,-3.28,0.51,69.26,53.129294723845,0.3521172,65.41049826,-457,1110,62.8,2026-06-24,-3.95,41.1,False
5072,688622,*ST禾信,135.01,0.98,0.35,-309.8,133.984219986611,0.540920196078,52.2794783,298,4339,62.8,2026-06-24,0.77,32.8,False
5073,688623,双元科技,94.42,-0.54,0.4,74.99,94.646955367135,0.3251948,60.83705136,-263,2123,62.0,2026-06-24,-0.24,37.7,False
5074,688625,呈和科技,91.54,-0.07,0.61,66.61,90.115599607203,0.4788488,66.00864969,170,1014,69.6,2026-06-24,1.58,45.9,False
5075,688626,翔宇医疗,44.91,-4.04,0.74,70.94,47.563384280006,0.2969988,64.15336044,1621,1332,64.4,2026-06-24,-5.58,41.3,False
5076,688627,精智达,643.47,0.86,2.31,1040.65,591.205485672898,0.6812104,76.34624254,122,114,75.6,2026-06-24,8.84,57.7,False
5077,688628,优利德,105.87,2.3,1.14,40.77,102.101131951352,0.42042,69.25024496,1018,599,62.8,2026-06-24,3.69,43.5,False
5078,688629,华丰科技,151.67,1.85,2.45,168.91,148.809424992242,0.4661004,73.54189977,427,237,82.4,2026-06-24,1.92,60.6,False
5079,688630,芯碁微装,533.32,3.78,1.17,162.05,492.923375401898,0.5445016,76.22017543,378,118,80.0,2026-06-24,8.2,61.0,False
5080,688631,莱斯信息,44.33,-1.51,0.6,-142.0,44.945007914947,0.257866,54.45382882,-434,3843,64.4,2026-06-24,-1.37,35.1,False
5081,688633,星球石墨,30.82,-2.25,0.91,17.92,31.27133145438,0.3045348,64.90732221,-561,1197,64.0,2026-06-24,-1.44,41.5,False
5082,688636,智明达,34.87,-2.76,0.41,85.0,35.501253064601,0.244744,58.32884596,113,2810,62.0,2026-06-24,-1.78,36.2,False
5083,688638,誉辰智能,32.28,-1.1,0.68,-9.88,33.057327205594,0.0572792,55.67596849,-41,3551,60.4,2026-06-24,-2.35,33.6,False
5084,688639,华恒生物,17.12,-20.0,0.45,25.43,21.517039470398,0.2743324,61.839293,-432,1861,66.0,2026-06-24,-20.44,40.8,False
5085,688646,ST逸飞,76.2,0.9,0.46,-74.8,74.417758330955,0.5074768,58.7740523,-1324,2669,64.0,2026-06-24,2.39,37.6,False
5086,688648,中邮科技,33.88,-2.08,0.77,-37.92,34.712703757286,0.236814,50.37622728,-147,4689,58.8,2026-06-24,-2.4,29.6,False
5087,688651,盛邦安全,33.78,-0.97,0.67,-40.49,33.922218300141,0.119728,52.17215004,-27,4364,61.2,2026-06-24,-0.42,31.9,False
5088,688652,京仪装备,165.85,2.76,2.0,149.98,157.005468004276,0.3926276,68.60748126,-13,665,70.8,2026-06-24,5.63,48.6,False
5089,688653,康希通信,16.83,1.57,2.94,366.36,16.593147407889,0.254758,63.13922091,-1073,1558,70.8,2026-06-24,1.43,44.7,False
5090,688655,迅捷兴,57.19,4.94,4.09,-356.43,53.347785733272,0.4067252,63.9673779,2300,1377,67.2,2026-06-24,7.2,43.0,False
5091,688656,浩欧博,94.02,-3.26,0.31,8413.75,97.935947488641,0.2377936,51.64859125,-43,4471,61.6,2026-06-24,-4.0,31.8,False
5092,688657,浩辰软件,36.08,-1.58,1.24,202.26,36.740945826882,0.2383028,68.90159075,178,636,66.0,2026-06-24,-1.8,45.5,False
5093,688658,悦康药业,12.85,-3.53,0.7,-43.67,13.61293845887,0.229606,53.60446717,-329,4057,63.2,2026-06-24,-5.6,33.9,False
5094,688659,元琛科技,10.97,-3.43,1.26,105.29,11.214834611954,0.1432484,60.14223231,-859,2297,65.2,2026-06-24,-2.18,39.2,False
5095,688660,电气风电,8.77,-1.57,0.38,-10.83,9.001028885114,0.26306,54.36867952,1108,3862,65.2,2026-06-24,-2.57,35.4,False
5096,688661,和林微纳,159.0,5.52,0.94,-470.69,149.535092308788,0.475144,66.77094312,828,900,73.6,2026-06-24,6.33,49.1,False
5097,688662,富信科技,194.86,4.15,3.42,756.5,177.964852494017,0.5780396,69.47111133,721,570,80.4,2026-06-24,9.49,55.9,False
5098,688663,新风光,81.72,-1.58,0.53,690.58,81.946635461324,0.3625448,61.84987284,-270,1858,64.0,2026-06-24,-0.28,39.6,False
5099,688665,四方光电,59.48,0.13,0.5,44.56,58.115481088322,0.3357536,69.14193489,106,614,66.8,2026-06-24,2.35,46.2,False
5100,688667,菱电电控,131.43,2.93,0.83,55.09,125.604278359508,0.4539872,69.66394371,434,557,58.8,2026-06-24,4.64,41.0,False
5101,688668,鼎通科技,412.12,4.87,1.34,178.63,392.737478714631,0.4246232,69.35557856,-108,587,79.2,2026-06-24,4.94,54.9,False
5102,688669,聚石化学,83.86,13.42,2.5,-42.57,71.093048528597,0.4739176,57.40527436,244,3066,69.6,2026-06-24,17.96,40.0,False
5103,688670,金迪克,13.6,-3.34,0.55,-18.71,14.381349466702,0.0611544,45.66309111,-384,5099,59.6,2026-06-24,-5.43,27.2,False
5104,688671,碧兴物联,30.67,-1.41,4.1,-35.11,30.019131437553,0.3148288,64.97471927,56,1183,68.4,2026-06-24,2.17,44.4,False
5105,688676,金盘科技,89.26,-0.02,0.63,91.26,87.707276907388,0.39151,72.87230535,885,287,79.2,2026-06-24,1.77,57.7,False
5106,688677,海泰新光,115.82,2.71,1.15,73.54,115.473990878899,0.3759832,62.39459759,-199,1726,63.2,2026-06-24,0.3,39.4,False
5107,688678,福立旺,22.36,-2.36,0.73,49.5,22.801364347928,0.292704,63.63221371,-963,1443,63.6,2026-06-24,-1.94,40.5,False
5108,688679,通源环境,45.57,-2.25,0.6,2802.96,46.650786183642,0.316328,49.80926788,-461,4771,59.2,2026-06-24,-2.32,29.5,False
5109,688680,海优新材,42.48,-2.01,0.38,-27.21,43.240182566457,0.2975112,57.31462934,96,3088,61.2,2026-06-24,-1.76,35.1,False
5110,688681,科汇股份,14.39,-2.24,0.44,147.34,14.922030306426,0.098382,62.56591913,-179,1681,60.8,2026-06-24,-3.57,38.0,False
5111,688682,霍莱沃,38.94,-1.79,0.43,152.82,39.056944133067,0.1871632,52.01325311,304,4391,65.2,2026-06-24,-0.3,33.9,False
5112,688683,莱尔科技,37.1,-1.88,0.42,106.81,37.854560328302,0.2254456,61.34803311,-97,1982,62.4,2026-06-24,-1.99,38.3,False
5113,688685,迈信林,53.98,3.89,2.67,755.49,49.72174504099,0.4234296,52.69270056,644,4236,62.8,2026-06-24,8.56,33.1,False
5114,688686,奥普特,158.72,3.39,0.49,75.93,153.960100473572,0.3089872,67.65128696,-137,785,70.4,2026-06-24,3.09,47.6,False
5115,688687,凯因科技,15.36,-4.06,0.5,107.01,16.252630151011,0.2945316,56.84358657,-383,3218,62.8,2026-06-24,-5.49,35.7,False
5116,688689,银河微电,,,0.0,82.79,45.22653512651,0.1416144,69.28532371,-162,593,67.6,2026-06-24,,46.8,False
5117,688690,纳微科技,44.4,-2.22,1.1,65.79,44.601287309705,0.4150936,72.35220935,-34,329,72.0,2026-06-24,-0.45,52.1,False
5118,688691,灿芯股份,105.88,-1.62,2.59,-111.34,105.554427808799,0.4341152,57.78288957,1374,2957,68.4,2026-06-24,0.31,39.5,False
5119,688692,达梦数据,246.11,-2.26,0.81,46.02,250.353673612595,0.3975288,70.33521268,-125,500,68.0,2026-06-24,-1.7,47.8,False
5120,688693,锴威特,104.9,2.38,2.55,-107.26,101.787805038803,0.345736,57.31872627,-521,3085,62.0,2026-06-24,3.06,35.5,False
5121,688695,中创股份,19.12,-3.53,0.72,-39.33,19.890640631783,0.1759968,55.56575711,203,3570,61.6,2026-06-24,-3.87,34.2,False
5122,688696,极米科技,64.13,-0.16,0.27,22.33,65.25673762906,0.2184484,55.58327998,-291,3568,63.6,2026-06-24,-1.73,35.4,False
5123,688697,纽威数控,13.7,-2.14,0.34,32.9,13.932661052916,0.217562,66.6096625,717,919,62.4,2026-06-24,-1.67,41.6,False
5124,688698,伟创电气,53.72,-0.76,0.67,59.5,53.901084912711,0.2024312,58.90894682,544,2626,65.2,2026-06-24,-0.34,38.4,False
5125,688699,明微电子,77.11,0.64,1.64,89.6,75.337921336917,0.3777112,69.08253295,82,618,74.4,2026-06-24,2.35,51.4,False
5126,688700,东威科技,92.09,0.21,1.12,155.02,90.790012128771,0.4041284,69.22000289,1601,605,76.0,2026-06-24,1.43,52.6,False
5127,688701,卓锦股份,7.75,-0.39,0.99,-26.6,8.099449716856,0.2696536,51.44153606,256,4498,61.2,2026-06-24,-4.31,31.5,False
5128,688702,盛科通信-U,314.03,1.09,0.98,-1890.12,311.38443598181,0.4914196,66.92998464,1452,876,77.2,2026-06-24,0.85,51.7,False
5129,688707,振华新材,13.51,-2.45,0.57,-17.97,13.858505348008,0.351362,53.94471683,208,3969,66.0,2026-06-24,-2.51,35.6,False
5130,688708,佳驰科技,51.85,-2.26,0.28,201.22,52.002032644684,0.3276188,68.55558983,656,673,65.2,2026-06-24,-0.29,44.7,False
5131,688709,成都华微,37.49,4.14,2.11,-88.95,35.672804568353,0.2687352,57.18408863,891,3128,67.2,2026-06-24,5.09,38.4,False
5132,688710,益诺思,62.99,-0.97,0.78,181.85,63.825265197351,0.204688,61.00515186,-215,2070,63.6,2026-06-24,-1.31,38.8,False
5133,688711,宏微科技,41.58,-1.98,3.13,2436.58,42.147163097929,0.431752,67.58111346,393,793,79.2,2026-06-24,-1.35,53.5,False
5134,688712,北芯生命,37.82,-3.96,2.66,86.25,39.641606168809,0.2985572,64.34800895,-963,1301,62.4,2026-06-24,-4.6,40.2,False
5135,688716,中研股份,32.66,-2.16,0.77,-206.4,33.689607762408,0.2547516,53.21881488,-1604,4137,68.8,2026-06-24,-3.06,36.6,False
5136,688717,艾罗能源,83.68,-2.24,1.39,50.23,85.595146507192,0.2095792,56.62932557,-948,3296,61.2,2026-06-24,-2.24,34.7,False
5137,688718,唯赛勃,17.17,-2.0,0.29,74.93,17.425524682637,0.1891612,66.76559233,7,901,64.0,2026-06-24,-1.47,42.7,False
5138,688719,爱科赛博,80.64,-2.84,1.55,-132.42,81.901817939657,0.4141532,66.55953463,1047,928,65.2,2026-06-24,-1.54,43.4,False
5139,688720,艾森股份,89.8,4.54,3.25,293.08,84.671158489501,0.3842772,69.86344827,1127,538,74.4,2026-06-24,6.06,52.0,False
5140,688721,龙图光罩,52.5,-2.14,2.47,171.53,52.488091946081,0.3258448,67.49398534,2865,804,68.4,2026-06-24,0.02,46.2,False
5141,688722,XD同益中,15.81,-3.01,0.43,24.5,16.195649727397,0.211474,59.81068745,1478,2379,63.6,2026-06-24,-2.38,38.0,False
5142,688726,拉普拉斯,51.46,0.21,1.03,43.3,51.169634652417,0.38546,53.16080284,304,4149,61.6,2026-06-24,0.57,32.7,False
5143,688727,恒坤新材,63.06,1.5,6.44,276.98,59.985839056524,0.4416796,74.82215403,486,170,69.2,2026-06-24,5.12,51.8,False
5144,688728,格科微,15.57,-0.83,0.68,7178.64,15.785585127324,0.3612604,68.08707735,1676,728,72.0,2026-06-24,-1.37,49.0,False
5145,688729,屹唐股份,39.18,-3.21,4.78,181.68,39.12943583782,0.4228684,73.21029339,146,260,76.4,2026-06-24,0.13,55.9,False
5146,688733,壹石通,40.65,2.34,2.73,4841.9,39.865948463499,0.3508536,61.57759567,376,1927,73.6,2026-06-24,1.97,45.3,False
5147,688737,中自科技,22.36,-4.36,0.89,194.12,23.942840014422,0.2172244,51.13952231,-517,4553,62.4,2026-06-24,-6.61,31.9,False
5148,688739,成大生物,19.55,-2.1,0.12,-1066.93,20.10452726903,0.2405652,52.68939495,-448,4239,63.6,2026-06-24,-2.76,33.5,False
5149,688750,金天钛业,16.78,-3.01,0.97,200.63,17.227476641989,0.2874468,53.08237734,451,4162,68.0,2026-06-24,-2.6,36.1,False
5150,688755,汉邦科技,27.54,-6.39,1.56,42.68,29.717380583419,0.2792168,66.74972343,1305,903,67.2,2026-06-24,-7.33,44.9,False
5151,688757,胜科纳米,74.56,-0.32,1.79,1014.08,71.684571651392,0.4738968,65.14870219,1230,1152,70.4,2026-06-24,4.01,45.9,False
5152,688758,赛分科技,19.8,0.71,0.65,58.09,19.44570820483,0.20903,61.77479379,-884,1880,61.6,2026-06-24,1.82,38.1,False
5153,688759,必贝特-U,32.16,-0.71,1.82,-68.61,32.296084726415,0.2960372,54.60807542,-1766,3812,62.4,2026-06-24,-0.42,34.1,False
5154,688765,禾元生物-U,44.45,-4.2,1.38,-110.21,46.639836830954,0.277868,58.38741477,-483,2790,64.0,2026-06-24,-4.7,37.4,False
5155,688766,普冉股份,795.0,7.43,2.26,117.7,694.176641360564,0.6627784,81.53122192,7,19,85.6,2026-06-24,14.52,69.8,False
5156,688767,博拓生物,34.64,-4.86,0.58,-126.69,36.779343833572,0.3259264,62.67966765,2030,1654,61.2,2026-06-24,-5.82,38.4,False
5157,688768,容知日新,55.34,-1.55,0.35,-53.32,54.772102450187,0.2685052,68.24469454,1314,707,63.2,2026-06-24,1.04,43.1,False
5158,688772,珠海冠宇,19.91,-2.26,1.67,-66.88,20.065754856215,0.4233228,71.571149,596,394,71.2,2026-06-24,-0.78,51.0,False
5159,688775,影石创新,136.06,-1.0,0.17,161.19,136.966009318992,0.2653828,67.23527605,-95,837,68.4,2026-06-24,-0.66,46.0,False
5160,688776,国光电气,56.02,-2.22,0.38,-37.83,56.985077737877,0.1807868,46.54026214,83,5068,64.4,2026-06-24,-1.69,30.0,False
5161,688777,中控技术,120.11,-1.14,0.68,318.11,120.810070761387,0.5269736,66.43861923,1128,937,83.2,2026-06-24,-0.58,55.3,False
5162,688778,厦钨新能,56.27,-2.19,0.29,32.26,57.278410065543,0.247064,60.98817776,316,2076,70.8,2026-06-24,-1.76,43.2,False
5163,688779,五矿新能,8.48,-1.85,0.37,50.34,8.621004221258,0.2870908,57.81913204,94,2946,67.6,2026-06-24,-1.64,39.1,False
5164,688781,视涯科技-UW,54.18,-0.28,1.74,-297.58,53.705132529655,0.3327192,59.89968016,-1270,2352,65.6,2026-06-24,0.88,39.3,False
5165,688783,西安奕材-U,50.66,4.76,5.42,-323.0,48.134547446383,0.451178,58.50285666,126,2755,78.0,2026-06-24,5.25,45.6,False
5166,688785,恒运昌,453.58,-0.06,2.15,436.62,437.843315103628,0.6196252,80.3767339,95,31,66.0,2026-06-24,3.59,53.0,False
5167,688786,悦安新材,47.3,-1.09,2.15,106.28,47.841848545885,0.4104572,69.93049761,-226,533,71.6,2026-06-24,-1.13,50.1,False
5168,688787,海天瑞声,142.1,-2.05,1.15,255.03,145.495140971018,0.2670832,60.46307402,-7,2221,73.2,2026-06-24,-2.33,44.3,False
5169,688788,科思科技,45.25,2.38,0.77,-34.12,43.4932409719,0.3291236,61.12668004,1688,2041,68.4,2026-06-24,4.04,41.8,False
5170,688789,宏华数科,55.71,-4.11,0.49,60.41,56.241329566048,0.34183,72.4829487,456,313,62.8,2026-06-24,-0.94,45.5,False
5171,688790,昂瑞微-UW,128.38,-1.51,1.14,-47.59,128.554915607756,0.3061216,64.06789107,716,1347,64.8,2026-06-24,-0.14,41.5,False
5172,688793,倍轻松,16.85,-2.94,0.57,-31.11,17.561724437897,0.125454,50.25555536,80,4710,64.0,2026-06-24,-4.05,32.2,False
5173,688795,摩尔线程-U,701.39,-0.48,2.26,2807.24,691.947837959195,0.5841088,69.66190105,-488,560,88.8,2026-06-24,1.36,61.9,False
5174,688796,百奥赛图,93.35,-5.2,1.71,100.25,98.262834276299,0.3090588,76.5304617,238,105,62.8,2026-06-24,-5.0,48.1,False
5175,688798,艾为电子,70.85,-0.21,0.86,80.88,70.299294092306,0.3200776,70.08417255,1145,523,69.2,2026-06-24,0.78,48.5,False
5176,688799,华纳药厂,44.7,-5.44,0.82,55.56,47.02003702598,0.3448832,60.33397931,-1095,2247,61.2,2026-06-24,-4.93,36.9,False
5177,688800,瑞可达,102.79,3.0,1.46,125.46,98.945317441026,0.482762,74.17330808,654,198,70.4,2026-06-24,3.89,52.2,False
5178,688802,沐曦股份-U,766.48,-0.48,2.41,-775.65,752.579716826322,0.5884128,65.32690161,-775,1125,86.0,2026-06-24,1.85,56.2,False
5179,688805,健信超导,44.68,-3.06,3.05,80.86,45.728082368379,0.3076768,68.09134755,2296,727,56.8,2026-06-24,-2.29,38.7,False
5180,688807,优迅股份,458.6,7.15,6.18,345.15,425.660470516452,0.510286,67.03817784,-653,862,68.8,2026-06-24,7.74,46.1,False
5181,688809,强一股份,625.05,0.33,2.69,180.74,610.888866530879,0.59467,75.23057416,-144,156,75.2,2026-06-24,2.32,56.6,False
5182,688816,易思维,61.32,-1.05,1.14,-50.8,62.085882249485,0.2494516,55.50548085,16,3587,62.4,2026-06-24,-1.23,34.6,False
5183,688818,电科蓝天,65.38,2.11,3.51,1904.94,62.672713342512,0.4460372,63.50088154,2119,1466,68.0,2026-06-24,4.32,43.2,False
5184,688819,天能股份,22.33,-2.45,0.07,72.28,23.011449961782,0.1751772,58.04748447,-13,2888,65.6,2026-06-24,-2.96,38.1,False
5185,688981,中芯国际,157.53,3.96,1.65,247.68,149.904341082426,0.6394736,78.73044317,205,54,91.6,2026-06-24,5.09,72.1,False
5186,689009,九号公司-WD,32.8,-1.53,0.48,29.48,32.936890364595,0.3302216,61.81427033,743,1872,70.4,2026-06-24,-0.42,43.5,False
