序号,代码,名称,最新价,涨跌幅,换手率,市盈率,主力成本,机构参与度,综合得分,上升,目前排名,关注指数,交易日,cost_deviation_pct,score_x_focus,is_our_stock
1,000001,平安银行,11.63,0.61,0.28,4.39,11.537541518798,0.4404532,74.68935301,982,198,91.2,2026-08-24,0.8,68.1,False
2,000002,万  科Ａ,3.07,0.66,0.4,-1.54,3.059246899679,0.3855616,57.83800302,34,4093,77.2,2026-08-24,0.35,44.7,False
3,000006,深振业Ａ,7.05,2.47,0.65,316.09,6.971907613026,0.3162252,60.9535615,263,3142,77.6,2026-08-24,1.12,47.3,False
4,000007,全新好,12.69,-0.39,2.15,-506.34,12.549462685028,0.3916852,71.84442859,-54,457,77.6,2026-08-24,1.12,55.8,False
5,000008,神州高铁,2.5,2.04,1.13,-55.84,2.455435315552,0.360294545455,56.06215694,-1570,4479,76.8,2026-08-24,1.81,43.1,False
6,000009,中国宝安,7.19,-0.55,0.34,265.49,7.284470546231,0.189022,58.90607816,-449,3786,85.2,2026-08-24,-1.3,50.2,False
7,000010,*ST美丽,1.54,0.65,0.99,16.35,1.525555249796,0.421452,57.9369692,172,4068,67.2,2026-08-24,0.95,38.9,False
8,000011,深物业A,8.1,1.63,0.48,-44.31,8.002123005982,0.1139852,59.96097838,-1235,3465,70.4,2026-08-24,1.22,42.2,False
9,000012,南  玻Ａ,3.74,1.08,0.38,-28.84,3.697142711416,0.238896,61.50296146,1021,2975,70.4,2026-08-24,1.16,43.3,False
10,000014,沙河股份,10.31,3.62,1.6,-73.49,9.971645109871,0.0946488,60.94874689,1172,3146,70.8,2026-08-24,3.39,43.2,False
11,000016,*ST康佳A,,,0.0,-7.63,2.348026172912,0.1573316,61.45439516,705,2988,76.8,2026-08-24,,47.2,False
12,000017,深中华A,8.6,9.97,12.6,280.03,7.82,0.5691552,80.00944566,11,23,89.6,2026-08-24,9.97,71.7,False
13,000019,深粮控股,6.63,3.27,5.66,34.15,6.431383007371,0.2152412,66.13731652,-407,1585,84.8,2026-08-24,3.09,56.1,False
14,000020,深华发Ａ,12.21,-0.73,5.78,205.65,11.938761829177,0.1722256,77.65932596,1183,61,83.2,2026-08-24,2.27,64.6,False
15,000021,深科技,36.39,-1.09,2.29,59.14,36.682481748221,0.2925856,59.92648734,-1343,3474,85.2,2026-08-24,-0.8,51.1,False
16,000025,特  力Ａ,15.96,1.92,2.79,40.62,15.861303968517,0.2340144,69.31708294,-303,834,85.2,2026-08-24,0.62,59.1,False
17,000026,飞亚达,19.51,-1.01,1.26,39.38,19.780618937782,0.2605264,68.23105765,-605,1046,84.4,2026-08-24,-1.37,57.6,False
18,000027,深圳能源,6.15,0.16,0.2,5.85,6.134680312287,0.259866,62.21479565,485,2711,74.8,2026-08-24,0.25,46.5,False
19,000028,国药一致,19.77,0.92,0.22,9.98,19.538317095813,0.1251936,64.98181104,205,1876,74.0,2026-08-24,1.19,48.1,False
20,000029,深深房Ａ,22.3,-1.41,0.29,-1436.24,22.790712654053,0.2336024,62.90846799,-1694,2501,73.6,2026-08-24,-2.15,46.3,False
21,000030,富奥股份,4.31,1.17,0.21,14.86,4.253588797058,0.1876108,68.4792679,-534,1002,68.0,2026-08-24,1.33,46.6,False
22,000031,大悦城,2.18,2.83,0.64,-10.56,2.127067741984,0.2871176,62.20740874,362,2716,70.4,2026-08-24,2.49,43.8,False
23,000032,深桑达Ａ,14.14,-0.84,1.22,-52.13,14.256337543068,0.2626964,58.09791733,-2265,4021,77.2,2026-08-24,-0.82,44.9,False
24,000034,神州数码,23.04,0.22,0.78,24.82,23.117555829488,0.2284724,63.39511068,-387,2360,81.2,2026-08-24,-0.34,51.5,False
25,000035,中国天楹,4.59,-0.65,0.42,24.75,4.598875492879,0.2969036,66.19558561,1722,1565,70.4,2026-08-24,-0.19,46.6,False
26,000036,华联控股,4.02,0.5,0.57,54.18,4.009060074694,0.23861,62.2564038,-1175,2695,69.6,2026-08-24,0.27,43.3,False
27,000037,深南电A,9.25,-0.43,1.3,140.56,9.246729605791,0.2196792,60.53098139,1419,3275,77.2,2026-08-24,0.04,46.7,False
28,000039,中集集团,9.05,-2.16,0.54,58.39,9.249939008157,0.2647788,65.74235093,-653,1698,84.4,2026-08-24,-2.16,55.5,False
29,000042,中洲控股,8.39,3.2,0.95,2.82,8.388549536596,0.17131,55.60810332,-674,4567,64.4,2026-08-24,0.02,35.8,False
30,000045,深纺织Ａ,10.72,1.61,1.08,61.12,10.535009912691,0.1941472,72.8747439,563,347,77.2,2026-08-24,1.76,56.3,False
31,000048,京基智农,21.41,-3.12,1.06,-11.6,21.827003075212,0.3147516,62.77987544,1193,2532,73.2,2026-08-24,-1.91,46.0,False
32,000049,德赛电池,23.21,-0.98,0.73,21.74,23.61787226167,0.2874412,63.87646793,-970,2204,85.2,2026-08-24,-1.73,54.4,False
33,000050,深天马Ａ,6.46,0.78,0.41,-10.81,6.428621929427,0.2305956,58.22177734,-1818,3980,72.4,2026-08-24,0.49,42.2,False
34,000055,方大集团,3.57,1.71,0.86,35.17,3.498757491348,0.1404364,57.89290411,227,4078,64.4,2026-08-24,2.04,37.3,False
35,000056,*ST皇庭,2.07,1.47,0.96,-4.5,2.033468884253,0.3896284,61.30082321,-1929,3026,69.6,2026-08-24,1.8,42.7,False
36,000058,深 赛 格,6.83,1.64,0.33,85.08,6.707833610199,0.0825516,62.00995247,-25,2804,75.2,2026-08-24,1.82,46.6,False
37,000059,华锦股份,4.73,1.5,1.88,10.36,4.655339479941,0.2814532,72.20548439,664,411,82.0,2026-08-24,1.6,59.2,False
38,000060,中金岭南,6.45,-3.15,1.4,14.22,6.666173320876,0.3584964,65.09827301,-1273,1852,82.0,2026-08-24,-3.24,53.4,True
39,000061,农 产 品,6.02,5.24,2.21,23.57,5.738878653708,0.244308,73.64046652,688,281,77.6,2026-08-24,4.9,57.1,False
40,000062,深圳华强,21.8,-0.32,0.48,28.37,21.901090204586,0.1710836,62.10831108,320,2759,75.2,2026-08-24,-0.46,46.7,False
41,000063,中兴通讯,33.29,0.48,0.55,28.92,33.175609044199,0.3374232,60.30199284,-376,3354,82.8,2026-08-24,0.34,49.9,False
42,000065,北方国际,9.77,-2.1,4.56,17.4,9.939768764616,0.3788612,77.81670112,1331,56,73.6,2026-08-24,-1.71,57.3,False
43,000066,中国长城,13.97,0.65,0.64,-134.73,13.974683456252,0.2541896,54.81276219,-951,4702,80.4,2026-08-24,-0.03,44.1,False
44,000068,华控赛格,3.11,0.97,0.5,-43.09,3.079745761235,0.2771956,57.82622042,875,4099,67.6,2026-08-24,0.98,39.1,False
45,000069,华侨城Ａ,1.77,1.72,0.27,-2.6,1.745251788813,0.331054,62.26449878,165,2693,75.6,2026-08-24,1.42,47.1,False
46,000070,特发信息,16.07,9.99,5.16,-365.89,14.56724642328,0.2229312,56.11803049,-2177,4469,78.8,2026-08-24,10.32,44.2,False
47,000078,ST海王,1.6,0.63,1.07,72.62,1.603166065631,0.3247104,57.58515095,-974,4155,77.2,2026-08-24,-0.2,44.5,False
48,000088,盐 田 港,4.52,0.67,0.4,16.87,4.478313682819,0.230916,65.85736432,-55,1671,74.8,2026-08-24,0.93,49.3,False
49,000089,深圳机场,6.62,1.69,0.57,9.21,6.472803812127,0.2148608,68.09172873,-316,1080,75.6,2026-08-24,2.27,51.5,False
50,000090,天健集团,3.48,1.75,0.45,-9.77,3.432094566098,0.2768176,60.94779234,-1282,3147,65.6,2026-08-24,1.4,40.0,False
51,000096,广聚能源,8.06,1.64,0.91,87.01,7.910494235112,0.1800536,65.55293683,-498,1745,71.6,2026-08-24,1.89,46.9,False
52,000099,中信海直,13.43,-1.9,0.78,41.57,13.706744005045,0.1638648,58.68479401,-189,3848,75.6,2026-08-24,-2.02,44.4,False
53,000100,TCL科技,4.87,-1.02,0.61,16.27,4.943837456757,0.4401628,67.28205009,-630,1275,82.0,2026-08-24,-1.49,55.2,False
54,000151,中成股份,9.96,0.71,0.74,52.08,9.907903212555,0.1688416,58.21040058,-1359,3983,72.0,2026-08-24,0.53,41.9,False
55,000153,丰原药业,6.1,3.04,4.43,19.15,5.941536317711,0.1435508,61.96074893,330,2816,82.8,2026-08-24,2.67,51.3,False
56,000155,川能动力,11.89,-1.82,1.14,15.55,12.160383495855,0.3348592,63.88280577,-1407,2200,80.0,2026-08-24,-2.22,51.1,False
57,000156,华数传媒,6.86,2.85,0.35,30.24,6.683254363674,0.16688,68.7992237,100,935,71.6,2026-08-24,2.64,49.3,False
58,000157,中联重科,7.03,-0.57,0.17,17.19,7.082070730096,0.3669404,74.97209705,266,174,80.8,2026-08-24,-0.74,60.6,False
59,000158,常山北明,12.5,0.89,0.43,-49.18,12.448331046835,0.2112776,60.17127925,-447,3396,84.0,2026-08-24,0.42,50.5,False
60,000159,国际实业,5.92,0.68,1.61,97.54,5.794123023031,0.2694188,70.55002182,190,611,70.0,2026-08-24,2.17,49.4,False
61,000166,申万宏源,4.45,0.23,0.1,11.82,4.432681735624,0.4338256,69.71397345,340,746,78.0,2026-08-24,0.39,54.4,False
62,000301,东方盛虹,13.12,-1.65,0.19,15.14,13.436372378952,0.2050652,73.10571661,-213,322,86.4,2026-08-24,-2.35,63.2,False
63,000333,美的集团,87.15,1.35,0.2,13.11,85.610980022816,0.3752784,76.64136564,-6,91,92.4,2026-08-24,1.8,70.8,False
64,000338,潍柴动力,27.09,0.37,0.76,18.97,27.191188243693,0.3290836,74.03219161,-207,254,84.4,2026-08-24,-0.37,62.5,False
65,000400,许继电气,22.08,0.96,0.74,27.04,21.897814333747,0.2702904,66.67871968,238,1421,84.0,2026-08-24,0.83,56.0,False
66,000401,金隅冀东,3.58,1.42,0.19,-2.39,3.533303451967,0.2139788,61.78393735,1250,2889,72.0,2026-08-24,1.32,44.5,False
67,000402,金 融 街,2.47,1.65,0.85,5.35,2.437335854986,0.42967,57.10420428,-16,4266,70.4,2026-08-24,1.34,40.2,False
68,000403,派林生物,10.52,2.53,0.58,59.3,10.403546586524,0.2552552,68.09187192,120,1079,70.0,2026-08-24,1.12,47.7,False
69,000404,长虹华意,7.1,0.71,0.56,9.86,7.024648804564,0.3625012,67.7317783,1328,1164,70.4,2026-08-24,1.07,47.7,False
70,000407,胜利股份,4.12,1.48,1.16,18.02,4.06208646817,0.2061536,66.67561971,1,1424,75.6,2026-08-24,1.43,50.4,False
71,000408,藏格矿业,75.36,-2.64,0.48,16.25,77.716154545009,0.4102492,75.28805722,41,156,87.2,2026-08-24,-3.03,65.7,False
72,000409,云鼎科技,8.64,1.29,0.42,74.09,8.494152100965,0.1555828,66.96320446,1491,1348,73.2,2026-08-24,1.72,49.0,False
73,000410,沈阳机床,5.05,0.2,0.28,-98.84,5.01314604736,0.2695216,62.7692103,27,2537,81.2,2026-08-24,0.74,51.0,False
74,000411,英特集团,9.75,1.77,0.3,17.18,9.619580086204,0.1079648,65.68289163,-58,1711,68.4,2026-08-24,1.36,44.9,False
75,000415,渤海租赁,4.46,-0.89,0.59,4.3,4.530883887189,0.228378,66.06664928,-102,1607,78.4,2026-08-24,-1.56,51.8,False
76,000417,合百集团,5.61,2.0,1.7,17.01,5.497724224202,0.203788,58.60909805,137,3872,71.6,2026-08-24,2.04,42.0,False
77,000419,通程控股,4.96,2.06,0.84,18.32,4.864292395129,0.0975452,65.56463182,-683,1741,68.0,2026-08-24,1.97,44.6,False
78,000420,吉林化纤,3.68,1.1,0.97,83.02,3.633190361396,0.2264668,56.93772671,-859,4308,72.0,2026-08-24,1.29,41.0,False
79,000421,南京公用,5.61,1.63,1.86,19.54,5.585582675293,0.1948276,71.43099017,-60,506,80.8,2026-08-24,0.44,57.7,False
80,000422,湖北宜化,12.29,0.08,0.95,20.93,12.258112287903,0.2572224,60.27298671,-141,3362,76.8,2026-08-24,0.26,46.3,False
81,000423,东阿阿胶,48.63,1.31,0.6,18.08,47.740642448773,0.1801548,74.56464001,1164,210,86.8,2026-08-24,1.86,64.7,False
82,000425,徐工机械,8.01,0.88,0.32,11.4,7.978332130718,0.4026324,66.89943382,309,1363,83.6,2026-08-24,0.4,55.9,False
83,000426,兴业银锡,39.1,-7.54,3.6,12.98,41.355258643425,0.5014508,82.75093457,0,3,94.0,2026-08-24,-5.45,77.8,False
84,000428,华天酒店,4.32,9.92,1.68,-19.45,3.940395252595,0.1399224,58.03315842,-524,4041,81.6,2026-08-24,9.63,47.4,False
85,000429,粤高速Ａ,13.36,-0.07,0.34,16.43,13.22921058034,0.2003276,69.2666262,689,851,76.0,2026-08-24,0.99,52.6,False
86,000430,张家界,6.8,1.19,2.95,8.93,6.746601332897,0.1706076,58.05948691,756,4032,74.8,2026-08-24,0.79,43.4,False
87,000488,ST晨鸣,1.87,0.54,0.33,-2.68,1.86181679316,0.2565588,52.87911794,18,4949,72.8,2026-08-24,0.44,38.5,False
88,000498,山东路桥,5.02,0.8,0.41,11.62,4.965734807145,0.139472,65.93201835,140,1646,73.2,2026-08-24,1.09,48.3,False
89,000501,武商集团,7.25,2.98,0.85,11.3,7.03924619596,0.1421452,64.03423043,-872,2147,71.2,2026-08-24,2.99,45.6,False
90,000503,国新健康,6.78,1.19,0.54,-34.13,6.738615644752,0.2005944,62.14029777,1636,2741,82.0,2026-08-24,0.61,51.0,False
91,000504,南华生物,8.19,0.61,0.44,225.52,8.227544051582,0.1279764,65.28122737,-110,1813,65.6,2026-08-24,-0.46,42.8,False
92,000505,京粮控股,6.94,4.2,12.01,154.98,6.664068238659,0.2019868,64.66121946,507,1953,90.4,2026-08-24,4.14,58.5,False
93,000506,招金黄金,20.54,-8.06,7.64,42.07,21.608136091834,0.3590368,70.10377673,-538,683,94.4,2026-08-24,-4.94,66.2,False
94,000507,珠海港,5.0,0.6,0.48,16.86,4.959121290804,0.2928424,63.3471272,1007,2378,75.2,2026-08-24,0.82,47.6,False
95,000509,华塑控股,3.43,0.88,1.3,-366.95,3.411546862088,0.2631892,68.00622635,1969,1099,67.2,2026-08-24,0.54,45.7,False
96,000510,新金路,15.69,-5.6,3.4,-50.08,16.452333803026,0.3009316,59.96854436,-203,3460,76.8,2026-08-24,-4.63,46.1,False
97,000513,丽珠集团,25.88,-1.75,1.21,12.33,26.549556672878,0.2571908,62.59181237,-706,2576,83.2,2026-08-24,-2.52,52.1,False
98,000514,渝 开 发,4.02,2.03,0.77,-464.89,3.957475797368,0.16182,61.49512096,397,2977,73.2,2026-08-24,1.58,45.0,False
99,000516,国际医学,4.14,1.22,0.34,-70.95,4.099951343025,0.266942,60.93768379,79,3149,75.6,2026-08-24,0.98,46.1,False
100,000517,荣安地产,2.27,-2.16,1.23,-63.5,2.314773882816,0.2535516,61.80153371,-930,2882,74.0,2026-08-24,-1.93,45.7,False
101,000518,四环生物,3.63,-1.89,2.03,-72.33,3.752168969322,0.34369,66.01357716,-46,1624,79.6,2026-08-24,-3.26,52.5,False
102,000519,中兵红箭,13.86,-0.43,0.89,259.43,13.902114450614,0.25419,62.47289911,286,2615,78.4,2026-08-24,-0.3,49.0,False
103,000520,凤凰航运,4.21,-1.17,1.88,71.28,4.259653409607,0.2371692,64.56061357,-1076,1984,84.8,2026-08-24,-1.17,54.7,False
104,000521,长虹美菱,4.86,1.04,0.37,43.16,4.807127029399,0.211568,65.43421153,1343,1782,74.8,2026-08-24,1.1,48.9,False
105,000523,红棉股份,3.3,7.49,7.31,31.89,3.137584557985,0.2654276,67.53324374,-96,1205,84.0,2026-08-24,5.18,56.7,False
106,000524,岭南控股,10.06,1.72,2.23,51.29,9.899585887318,0.228424,75.25987025,86,157,82.0,2026-08-24,1.62,61.7,False
107,000525,红太阳,4.36,1.16,1.74,443.67,4.410508221242,0.2457044,57.4713186,666,4182,80.0,2026-08-24,-1.15,46.0,False
108,000526,学大教育,35.61,2.98,2.94,7.22,35.02405775926,0.1675968,71.11475496,210,539,84.4,2026-08-24,1.67,60.0,False
109,000528,柳    工,8.1,0.62,0.49,6.81,8.065253836474,0.2754392,69.20136196,1358,860,78.8,2026-08-24,0.43,54.5,False
110,000529,广弘控股,5.01,1.62,0.33,-332.84,4.918660631722,0.1094384,58.36289115,-1242,3935,69.2,2026-08-24,1.86,40.4,False
111,000530,冰山冷热,5.13,2.81,2.26,45.88,4.958957518698,0.2430744,65.83007746,2453,1679,72.4,2026-08-24,3.45,47.7,False
112,000531,穗恒运Ａ,5.62,0.36,0.28,7.56,5.60258948381,0.2504972,60.28257652,178,3358,65.2,2026-08-24,0.31,39.3,False
113,000532,华金资本,11.29,1.53,1.05,37.3,11.125326210854,0.1385352,65.05523085,1008,1859,74.0,2026-08-24,1.48,48.1,False
114,000533,顺钠股份,10.4,-1.7,2.38,69.34,10.549754882359,0.1677592,57.15495129,93,4253,87.2,2026-08-24,-1.42,49.8,False
115,000534,万泽股份,23.17,-4.77,1.79,47.08,24.928290963835,0.2154472,61.12207041,-1065,3085,72.4,2026-08-24,-7.05,44.3,False
116,000536,华映科技,3.19,0.95,0.4,-9.8,3.152645215072,0.2713056,56.08862231,-1533,4474,74.8,2026-08-24,1.18,42.0,False
117,000537,绿发电力,7.55,0.4,0.31,43.62,7.555496532125,0.1995288,61.44585665,-26,2990,82.0,2026-08-24,-0.07,50.4,False
118,000538,云南白药,49.95,0.91,0.18,10.94,49.400997489995,0.275402,70.27280458,112,659,90.4,2026-08-24,1.11,63.5,False
119,000539,粤电力Ａ,5.29,-0.56,0.67,-45.79,5.311907883542,0.2308116,61.22396543,-501,3056,72.4,2026-08-24,-0.41,44.3,False
120,000541,佛山照明,4.93,0.41,0.16,90.77,4.903582410456,0.2435212,60.20461183,-1938,3387,72.0,2026-08-24,0.54,43.3,False
121,000543,皖能电力,7.45,0.27,0.3,9.5,7.395255477734,0.3193276,69.51606557,1259,784,72.8,2026-08-24,0.74,50.6,False
122,000544,中原环保,7.27,1.39,0.26,5.44,7.083835688415,0.182536,61.53909439,826,2963,68.4,2026-08-24,2.63,42.1,False
123,000545,金浦钛业,2.55,1.19,2.45,-88.21,2.527598194074,0.2290716,53.42107835,116,4894,70.8,2026-08-24,0.89,37.8,False
124,000546,金圆股份,4.72,-1.26,0.88,-7.79,4.803349063763,0.1908788,59.41672441,-2071,3628,73.2,2026-08-24,-1.74,43.5,False
125,000547,航天发展,13.49,0.22,1.15,-48.23,13.522827110873,0.184938,49.46031457,9,5144,74.4,2026-08-24,-0.24,36.8,False
126,000548,湖南投资,4.51,1.35,0.71,36.44,4.444921324566,0.1118308,65.86608596,1531,1666,68.4,2026-08-24,1.46,45.1,False
127,000550,江铃汽车,15.73,0.7,0.3,9.19,15.670779778682,0.1112112,66.20568346,11,1561,74.8,2026-08-24,0.38,49.5,False
128,000551,创元科技,12.2,-0.49,1.34,16.45,12.257742562156,0.2188928,64.51752544,269,1999,84.4,2026-08-24,-0.47,54.5,False
129,000552,甘肃能化,2.62,0.0,1.77,40.27,2.608799994581,0.3563712,65.07352318,624,1855,74.4,2026-08-24,0.43,48.4,False
130,000553,安道麦A,5.51,0.92,0.17,14.84,5.481781722067,0.1587064,55.9554557,-15,4495,69.2,2026-08-24,0.51,38.7,False
131,000554,泰山石油,6.49,1.25,2.7,11.52,6.356753365941,0.1673568,66.50970477,-837,1473,74.8,2026-08-24,2.1,49.7,False
132,000555,神州信息,10.43,2.25,1.12,-27.51,10.310612023691,0.1750416,61.09570407,-1508,3103,78.0,2026-08-24,1.16,47.7,False
133,000557,西部创业,3.67,1.66,0.42,25.72,3.624851831027,0.18821,59.75715762,-817,3521,68.8,2026-08-24,1.25,41.1,False
134,000558,天府文旅,3.52,4.14,3.02,275.78,3.403746055586,0.1949724,51.55179712,-586,5043,73.2,2026-08-24,3.42,37.7,False
135,000559,万向钱潮,11.07,2.12,0.5,33.17,10.818359103043,0.1838376,61.23549685,163,3051,75.2,2026-08-24,2.33,46.0,False
136,000560,我爱我家,2.29,5.53,8.36,247.39,2.190444804024,0.3289604,65.91910918,989,1651,88.8,2026-08-24,4.54,58.5,False
137,000561,烽火电子,7.67,2.13,0.69,-31.14,7.457682985564,0.1677836,58.06879357,963,4030,74.8,2026-08-24,2.85,43.4,False
138,000563,陕国投Ａ,3.03,2.02,0.78,10.64,2.960046203798,0.2808132,67.39445615,1557,1246,72.4,2026-08-24,2.36,48.8,False
139,000564,供销大集,1.45,2.11,1.26,-47.97,1.430480619205,0.5174736,57.01247144,-416,4288,88.4,2026-08-24,1.36,50.4,False
140,000565,渝三峡Ａ,5.95,0.34,1.23,52.31,5.937887627446,0.14453,61.77884917,614,2890,75.2,2026-08-24,0.2,46.5,False
141,000566,海南海药,4.97,9.96,7.43,-21.08,4.600680942861,0.2232432,48.62157992,-15,5166,86.0,2026-08-24,8.03,41.8,False
142,000567,海德股份,5.95,1.36,0.4,6.93,5.874414174971,0.1745196,66.85651235,743,1372,72.0,2026-08-24,1.29,48.1,False
143,000568,泸州老窖,84.33,-1.38,0.34,8.37,86.258567677501,0.3265248,73.11047297,201,321,87.2,2026-08-24,-2.24,63.8,False
144,000570,苏常柴Ａ,5.1,1.39,1.5,17.13,4.996648010649,0.2085844,68.10369741,128,1075,68.0,2026-08-24,2.07,46.3,False
145,000571,新大洲A,6.02,0.84,1.03,-38.23,5.919210585296,0.327256,50.0606455,-242,5119,70.0,2026-08-24,1.7,35.0,False
146,000572,海马汽车,3.79,1.07,1.55,-32.01,3.752358916952,0.2289444,66.06827559,1266,1605,74.4,2026-08-24,1.0,49.2,False
147,000573,粤宏远Ａ,3.66,1.1,1.3,13.99,3.625061386561,0.25533,60.42673702,-878,3310,69.6,2026-08-24,0.96,42.1,False
148,000576,甘化科工,7.14,0.42,0.9,402.88,7.089495339242,0.0794244,60.87777172,129,3170,72.4,2026-08-24,0.71,44.1,False
149,000581,威孚高科,17.38,0.46,0.26,11.22,17.291876321353,0.1620152,66.40799758,370,1504,76.0,2026-08-24,0.51,50.5,False
150,000582,北部湾港,10.82,3.84,1.51,24.41,10.544649997571,0.258908,59.5795834,-1813,3578,78.8,2026-08-24,2.61,46.9,False
151,000586,汇源通信,12.87,1.02,2.22,-145.12,12.72836543474,0.1470032,62.40149898,618,2642,70.4,2026-08-24,1.11,43.9,False
152,000589,贵州轮胎,4.29,0.94,0.7,9.25,4.237772092224,0.295764,65.61424583,-672,1725,72.4,2026-08-24,1.23,47.5,False
153,000590,古汉医药,9.2,1.66,1.44,-80.84,9.123318221999,0.1716344,59.24673656,-611,3681,77.6,2026-08-24,0.84,46.0,False
154,000591,太阳能,4.26,0.24,0.3,22.67,4.238583936718,0.3213336,64.11519462,2009,2115,74.0,2026-08-24,0.51,47.4,False
155,000592,平潭发展,5.98,1.18,3.2,-1597.26,5.919790709424,0.2486708,58.61718165,37,3869,82.8,2026-08-24,1.02,48.5,True
156,000593,德龙汇能,22.56,0.0,2.73,144.66,22.706124778096,0.2527968,60.34502764,-765,3332,83.6,2026-08-24,-0.64,50.4,False
157,000595,新能股份,5.7,1.06,3.05,112.52,5.544313287529,0.287333137255,58.09004319,-1220,4025,82.4,2026-08-24,2.81,47.9,False
158,000596,古井贡酒,90.28,-0.41,0.38,7.42,91.413748667839,0.2445144,64.90957293,90,1889,80.8,2026-08-24,-1.24,52.4,False
159,000597,东北制药,4.93,1.02,0.86,41.94,4.931693347449,0.2111608,65.38846721,-1113,1790,85.6,2026-08-24,-0.03,56.0,False
160,000598,兴蓉环境,7.15,0.0,0.22,10.11,7.1675271193,0.253528,69.10577825,-480,875,72.0,2026-08-24,-0.24,49.8,False
161,000599,青岛双星,4.7,1.95,0.67,40.16,4.619332667065,0.172094,61.82409632,1251,2866,72.4,2026-08-24,1.75,44.8,False
162,000600,建投能源,7.91,-0.13,0.45,5.95,7.933930877274,0.269116,66.8129657,332,1386,71.6,2026-08-24,-0.3,47.8,False
163,000601,韶能股份,6.12,-0.65,1.94,19.33,6.238486560372,0.2671632,67.36448753,1261,1253,76.0,2026-08-24,-1.9,51.2,False
164,000603,盛达资源,36.13,-9.36,10.07,31.95,38.71679394899,0.4317332,77.88014333,-46,55,94.4,2026-08-24,-6.68,73.5,False
165,000605,渤海股份,5.9,0.68,0.57,72.55,5.84500508091,0.1518376,57.55456989,-1074,4165,69.2,2026-08-24,0.94,39.8,False
166,000607,华媒控股,3.71,1.92,0.83,-117.74,3.635832256702,0.0812516,61.10588332,-1068,3096,69.6,2026-08-24,2.04,42.5,False
167,000608,阳光股份,7.27,0.41,0.98,-58.06,7.338755549437,0.335182,63.08504765,569,2457,67.6,2026-08-24,-0.94,42.6,False
168,000609,*ST中迪,9.8,-1.9,0.93,-13.9,10.178224813839,0.3093256,54.76274535,-677,4713,69.2,2026-08-24,-3.72,37.9,False
169,000610,*ST西旅,6.12,0.49,0.63,-12.39,6.079473532796,0.1907212,55.49591467,-736,4590,74.0,2026-08-24,0.67,41.1,False
170,000612,焦作万方,10.85,-2.34,1.19,6.33,11.021575458135,0.3420228,69.65602019,-527,753,74.0,2026-08-24,-1.56,51.5,False
171,000615,*ST美谷,3.3,0.0,0.17,-13.19,3.304290424565,0.3354872,67.66161542,219,1177,72.0,2026-08-24,-0.13,48.7,False
172,000617,中油资本,7.63,6.71,1.83,15.33,7.133200084305,0.403306,72.71940887,177,362,80.4,2026-08-24,6.96,58.5,False
173,000619,海螺新材,4.89,1.66,0.67,-20.7,4.818164076113,0.0676988,64.62954925,1607,1964,69.2,2026-08-24,1.49,44.7,False
174,000620,盈新发展,3.44,-0.86,6.37,117.3,3.416254896145,0.5708708,74.4793807,3577,217,93.6,2026-08-24,0.7,69.7,False
175,000623,吉林敖东,17.92,-0.33,0.3,6.19,17.94005799612,0.3122584,67.99709793,-536,1101,77.2,2026-08-24,-0.11,52.5,False
176,000625,长安汽车,7.07,0.28,0.15,49.99,7.054461825232,0.2904728,67.86380654,-13,1131,78.0,2026-08-24,0.22,52.9,False
177,000626,远大控股,8.15,1.12,2.0,9.6,8.062010527161,0.1986924,60.80054806,-151,3190,76.8,2026-08-24,1.09,46.7,False
178,000628,高新发展,46.38,-2.89,4.41,168.32,46.91370838308,0.4496944,77.52107984,41,65,91.2,2026-08-24,-1.14,70.7,False
179,000629,钒钛股份,3.01,-0.99,0.43,63.15,3.053541298103,0.3618336,68.32841489,-469,1032,80.4,2026-08-24,-1.43,54.9,False
180,000630,铜陵有色,6.38,-3.77,1.45,15.98,6.605494399683,0.4026076,68.65959414,-736,965,86.0,2026-08-24,-3.41,59.0,False
181,000631,顺发恒能,2.97,1.71,0.23,241.35,2.922657577147,0.18051,62.82605685,575,2523,64.8,2026-08-24,1.62,40.7,False
182,000632,ST三木,3.69,1.1,0.58,-7.41,3.769628449969,0.2888232,58.45116451,-2753,3907,70.0,2026-08-24,-2.11,40.9,False
183,000633,合金投资,5.3,0.19,0.75,430.51,5.268276252414,0.075136,63.88133679,271,2203,71.6,2026-08-24,0.6,45.7,False
184,000635,英 力 特,6.37,1.11,0.62,-5.09,6.279189588333,0.084348,54.55079655,219,4743,69.6,2026-08-24,1.45,38.0,False
185,000636,风华高科,50.86,-2.02,3.96,164.75,52.238292534175,0.3423016,57.82824115,-657,4098,90.4,2026-08-24,-2.64,52.3,False
186,000637,茂化实华,4.07,2.01,0.93,-18.72,4.008876340579,0.1299444,65.80362766,-564,1685,69.2,2026-08-24,1.52,45.5,False
187,000639,ST西王,1.79,-3.76,4.44,4.36,1.901456875197,0.3002472,49.70317343,-774,5132,81.2,2026-08-24,-5.86,40.4,False
188,000650,仁和药业,5.42,1.5,0.81,13.51,5.328403203323,0.1825572,67.02197156,-819,1337,82.4,2026-08-24,1.72,55.2,False
189,000651,格力电器,41.69,0.58,0.42,9.6,41.486496594021,0.4132432,72.24516074,-68,408,94.0,2026-08-24,0.49,67.9,False
190,000652,泰达股份,3.46,1.76,0.37,45.44,3.405486942866,0.2080284,57.41636628,-1344,4190,72.0,2026-08-24,1.6,41.3,False
191,000655,金岭矿业,7.05,-0.14,1.0,17.69,7.042332596976,0.1821844,75.09028192,829,165,73.6,2026-08-24,0.11,55.3,False
192,000656,金科股份,1.25,0.0,0.9,356.56,1.247043732813,0.538504705882,55.470926,-467,4593,82.4,2026-08-24,0.24,45.7,False
193,000657,中钨高新,62.45,-6.46,3.34,34.27,66.853374270019,0.3734544,70.04724305,-605,694,94.8,2026-08-24,-6.59,66.4,False
194,000659,珠海中富,2.68,3.47,1.7,-62.52,2.615984816184,0.1741976,43.83277592,-4,5195,68.4,2026-08-24,2.45,30.0,False
195,000661,长春高新,78.27,2.84,1.33,33.59,77.209772256584,0.2797328,60.8104674,-474,3186,88.4,2026-08-24,1.37,53.8,False
196,000663,永安林业,5.71,1.24,0.89,-38.65,5.623382586396,0.0866852,69.42306314,1194,809,69.6,2026-08-24,1.54,48.3,False
197,000665,湖北广电,3.88,1.84,0.8,-8.81,3.821696852512,0.2007752,56.61178565,-168,4380,82.4,2026-08-24,1.53,46.6,False
198,000668,荣丰控股,22.08,0.23,0.73,-67.19,22.447761657778,0.3994368,70.0663619,423,690,62.8,2026-08-24,-1.64,44.0,False
199,000669,ST金鸿,4.13,0.73,0.53,110.85,4.18060046758,0.217944,60.50507469,-1152,3285,70.8,2026-08-24,-1.21,42.8,False
200,000670,盈方微,6.88,-5.88,6.0,-177.37,7.247185011799,0.2013328,64.0747604,2056,2128,92.0,2026-08-24,-5.07,58.9,False
201,000672,上峰材料,13.65,-2.85,0.99,4.85,14.0300285233,0.1938004,63.5784906,-387,2303,75.2,2026-08-24,-2.71,47.8,False
202,000676,智度股份,6.68,3.73,3.68,45.6,6.42317483862,0.2454168,63.82702187,481,2220,86.4,2026-08-24,4.0,55.1,False
203,000677,ST海龙,1.7,0.0,1.26,73.09,1.709217440326,0.2893024,51.85548816,-315,5027,69.6,2026-08-24,-0.54,36.1,False
204,000678,襄阳轴承,8.44,1.44,2.83,-51.05,8.425825782135,0.1162808,53.22064357,-577,4920,90.0,2026-08-24,0.17,47.9,False
205,000679,大连友谊,6.09,1.5,0.61,-43.21,6.014027346974,0.1145232,52.83317324,114,4953,64.8,2026-08-24,1.26,34.2,False
206,000680,山推股份,10.27,0.2,0.37,11.31,10.28536791224,0.1726772,68.2701564,267,1040,82.8,2026-08-24,-0.15,56.5,False
207,000681,视觉中国,16.71,1.64,1.38,57.89,16.527117375405,0.1673776,62.42991377,1036,2627,78.8,2026-08-24,1.11,49.2,False
208,000682,东方电子,11.51,0.26,0.31,19.15,11.491640773775,0.2650536,67.21343436,6,1293,73.6,2026-08-24,0.16,49.5,False
209,000683,博源化工,6.08,-0.98,1.05,13.55,6.103765175877,0.3837636,72.52911951,505,381,82.0,2026-08-24,-0.39,59.5,False
210,000685,中山公用,11.08,-0.27,0.49,6.97,11.067673075096,0.3026764,68.03721095,-544,1092,70.8,2026-08-24,0.11,48.2,False
211,000686,东北证券,7.81,0.13,0.3,11.96,7.736685797033,0.3193212,66.83110977,105,1378,72.0,2026-08-24,0.95,48.1,False
212,000688,国城矿业,31.34,-7.55,1.1,26.29,34.548742736309,0.3358348,74.04265801,56,250,80.8,2026-08-24,-9.29,59.8,False
213,000690,宝新能源,4.9,-2.0,2.03,8.42,4.942532842404,0.369596,71.50749315,105,498,74.8,2026-08-24,-0.86,53.5,False
214,000691,亚太实业,10.09,-0.88,0.86,-1405.33,10.20218073084,0.226396,65.53703376,-832,1747,63.2,2026-08-24,-1.1,41.4,False
215,000692,惠天热电,4.19,0.0,1.63,-11.67,4.169570742681,0.1986592,58.77017672,789,3817,77.6,2026-08-24,0.49,45.6,False
216,000695,滨海能源,15.35,10.04,8.63,-62.97,14.006414954386,0.2462504,68.49028513,2751,998,73.6,2026-08-24,9.59,50.4,False
217,000697,炼石航空,8.22,-1.44,0.37,-112.93,8.24286766007,0.1839732,63.29938213,951,2392,68.0,2026-08-24,-0.28,43.0,False
218,000698,ST沈化,3.54,0.57,0.22,18.64,3.562877420638,0.2002956,69.04726842,306,886,70.8,2026-08-24,-0.64,48.9,False
219,000700,模塑科技,10.73,-0.09,1.13,15.15,10.743511081683,0.1903792,58.94890143,-79,3771,73.6,2026-08-24,-0.13,43.4,False
220,000701,厦门信达,5.0,0.6,0.81,3.95,4.982434651043,0.141952,58.0672793,-1604,4031,73.2,2026-08-24,0.35,42.5,False
221,000702,正虹科技,5.54,1.65,0.91,-38.18,5.421638643218,0.1121872,60.51481153,-506,3280,72.4,2026-08-24,2.18,43.8,False
222,000703,恒逸石化,18.42,-3.15,1.81,5.96,19.484535829139,0.3701972,74.7707934,-123,191,90.0,2026-08-24,-5.46,67.3,False
223,000705,浙江震元,7.1,2.45,1.33,-88.53,6.947017721837,0.0896492,64.94589875,666,1881,72.8,2026-08-24,2.2,47.3,False
224,000707,双环科技,4.62,1.09,1.0,-18.1,4.584716201543,0.1157676,56.15356693,162,4464,70.0,2026-08-24,0.77,39.3,False
225,000708,中信特钢,13.73,-1.51,0.11,11.59,13.910121588226,0.2120744,75.5990781,706,137,78.4,2026-08-24,-1.29,59.3,False
226,000709,河钢股份,2.11,0.48,0.36,16.88,2.09752657987,0.3325936,63.51357485,594,2326,74.4,2026-08-24,0.59,47.3,False
227,000710,贝瑞基因,9.4,-3.09,7.11,-37.81,9.743143150356,0.314942,65.36970408,-1565,1795,92.4,2026-08-24,-3.52,60.4,False
228,000711,ST京蓝,6.41,-2.88,3.49,127.57,6.539334136076,0.4378848,65.48579894,-710,1765,82.4,2026-08-24,-1.98,54.0,False
229,000712,锦龙股份,8.77,-3.2,3.0,275.74,9.113629111851,0.2942756,68.82811668,1682,929,84.8,2026-08-24,-3.77,58.4,False
230,000713,国投丰乐,6.23,2.47,3.34,-79.69,6.032055923314,0.2567772,77.68502256,151,60,88.0,2026-08-24,3.28,68.4,False
231,000715,中兴商业,5.27,2.33,1.19,30.98,5.108322913734,0.1564608,69.53430328,1099,778,74.4,2026-08-24,3.16,51.7,False
232,000716,黑芝麻,5.01,6.14,7.7,28.66,4.71484167098,0.1927604,60.74437526,-261,3213,90.0,2026-08-24,6.26,54.7,False
233,000717,中南股份,2.28,3.17,0.84,-23.96,2.212204177208,0.1850148,58.04984652,132,4035,73.2,2026-08-24,3.06,42.5,False
234,000718,苏宁环球,1.9,2.7,0.65,289.82,1.852677832183,0.2722332,62.41866919,1210,2632,69.2,2026-08-24,2.55,43.2,False
235,000719,中原传媒,11.93,1.97,0.46,12.07,11.703078256093,0.1579972,64.76577025,-807,1927,72.4,2026-08-24,1.94,46.9,False
236,000720,新能泰山,3.65,0.27,1.17,-60.45,3.639286231784,0.220202,50.87850507,-419,5083,77.6,2026-08-24,0.29,39.5,False
237,000721,西安饮食,6.62,3.44,2.21,-36.32,6.41164345338,0.1462516,63.91758701,591,2187,84.0,2026-08-24,3.25,53.7,False
238,000722,湖南发展,12.74,-0.55,0.84,155.72,12.718898214548,0.1385592,59.3734107,1170,3645,77.6,2026-08-24,0.17,46.1,False
239,000723,美锦能源,3.89,0.0,4.57,-12.73,3.828840166749,0.5345736,81.06249178,920,10,92.0,2026-08-24,1.6,74.6,False
240,000725,京东方Ａ,5.68,-1.22,1.73,30.81,5.798485110586,0.4123296,65.55895274,-1477,1743,94.4,2026-08-24,-2.04,61.9,False
241,000726,鲁  泰Ａ,5.95,0.85,0.4,12.98,5.879254028569,0.2086256,66.19551524,35,1566,70.0,2026-08-24,1.2,46.3,False
242,000727,冠捷科技,2.28,5.07,1.88,-9.13,2.175405830781,0.3335576,55.83777874,-960,4518,73.6,2026-08-24,4.81,41.1,False
243,000728,国元证券,7.31,3.1,1.05,9.36,7.089833898354,0.328304,66.37279822,1246,1514,75.2,2026-08-24,3.11,49.9,False
244,000729,燕京啤酒,11.47,0.61,0.42,11.55,11.291517195112,0.158332,70.85524125,-410,579,78.4,2026-08-24,1.58,55.6,False
245,000731,四川美丰,6.17,-0.64,0.77,-31.67,6.183573516408,0.2701568,65.03151401,724,1862,74.8,2026-08-24,-0.22,48.6,False
246,000733,振华科技,39.25,0.38,0.66,341.84,39.19890761334,0.2657908,63.93147837,-315,2184,75.2,2026-08-24,0.13,48.1,False
247,000735,罗 牛 山,5.37,0.94,3.64,-9.99,5.285421531378,0.2366912,60.61572162,-614,3248,91.6,2026-08-24,1.6,55.5,False
248,000736,中交发展,4.44,4.47,2.8,90.52,4.269126101327,0.250354,67.23277858,419,1289,86.8,2026-08-24,4.0,58.4,False
249,000737,北方铜业,14.35,-3.76,2.59,11.11,14.805576020848,0.3848016,74.85256665,-110,186,94.0,2026-08-24,-3.08,70.4,False
250,000738,航发控制,17.65,-0.95,0.3,53.51,17.918620629856,0.2119596,60.58212432,-1073,3259,75.2,2026-08-24,-1.5,45.6,False
251,000739,普洛药业,20.11,2.03,1.25,22.3,19.853916575558,0.2286768,65.78598344,-397,1688,83.6,2026-08-24,1.29,55.0,False
252,000750,国海证券,3.71,0.27,0.2,23.06,3.691455264928,0.3348096,58.72145009,-839,3832,75.6,2026-08-24,0.5,44.4,False
253,000751,锌业股份,5.06,-4.35,3.71,27.73,5.279349352351,0.273472,72.69710795,360,365,83.6,2026-08-24,-4.15,60.8,False
254,000752,*ST西发,8.84,-0.34,0.28,52.57,8.876726021854,0.1502612,64.12966413,-825,2109,66.4,2026-08-24,-0.41,42.6,False
255,000753,漳州发展,4.67,0.86,0.91,53.56,4.639070425309,0.1485392,59.82657751,-59,3501,72.4,2026-08-24,0.67,43.3,False
256,000755,山西高速,4.81,0.21,0.13,15.68,4.779199961398,0.2152104,62.93630816,391,2496,72.0,2026-08-24,0.64,45.3,False
257,000756,新华制药,13.28,0.84,0.94,27.57,13.31922491475,0.2069548,63.42678812,-316,2352,79.2,2026-08-24,-0.29,50.2,False
258,000757,浩物股份,4.37,2.1,1.09,62.24,4.279867271343,0.2458488,68.11377962,94,1071,67.6,2026-08-24,2.11,46.0,False
259,000758,中色股份,6.02,-1.95,0.78,11.53,6.129871014264,0.2378012,61.55236463,-1633,2956,76.0,2026-08-24,-1.79,46.8,False
260,000759,中百集团,6.09,7.6,12.51,-10.25,5.715352321492,0.2470264,48.53746973,-36,5170,79.2,2026-08-24,6.56,38.4,False
261,000761,本钢板材,2.37,2.16,0.3,-2.27,2.334418621221,0.1416808,58.26256432,110,3969,68.4,2026-08-24,1.52,39.9,False
262,000762,西藏矿业,22.56,-3.51,1.76,97.81,23.636818694477,0.2636912,67.98204393,-580,1107,83.2,2026-08-24,-4.56,56.6,False
263,000766,通化金马,15.71,0.19,1.0,1068.57,15.676224578514,0.2802992,57.83993914,-945,4092,78.8,2026-08-24,0.22,45.6,False
264,000767,晋控电力,3.44,0.58,1.33,44.22,3.417928313515,0.2781472,52.28576745,-249,4995,72.4,2026-08-24,0.65,37.9,False
265,000768,中航西飞,20.4,-4.49,0.77,57.92,21.312150689026,0.3331836,69.06578768,1434,883,77.2,2026-08-24,-4.28,53.3,False
266,000776,广发证券,20.29,-1.7,0.33,8.43,20.679058510393,0.4212132,67.40223518,-535,1243,79.6,2026-08-24,-1.88,53.7,False
267,000777,中核科技,17.19,1.96,0.95,-153.87,16.764865332667,0.1333896,59.86601115,61,3491,75.2,2026-08-24,2.54,45.0,False
268,000778,新兴铸管,3.65,-1.88,1.28,19.46,3.703460859251,0.3730416,68.90959665,1240,914,76.8,2026-08-24,-1.44,52.9,False
269,000779,甘咨询,10.01,10.0,12.92,22.3,9.138218897128,0.2246164,56.32348918,-3131,4436,86.8,2026-08-24,9.54,48.9,False
270,000782,恒申新材,7.78,-2.63,1.96,-57.55,7.859630680504,0.4351968,63.10328243,2292,2451,66.0,2026-08-24,-1.01,41.6,False
271,000783,长江证券,8.48,-1.74,0.59,7.89,8.644053747426,0.3772092,66.41145367,-670,1501,77.6,2026-08-24,-1.9,51.5,False
272,000785,居然智家,2.28,2.24,0.81,36.25,2.227297209304,0.238332,58.24127568,366,3975,71.2,2026-08-24,2.37,41.5,False
273,000786,北新建材,17.01,-0.47,0.46,10.53,17.135645705886,0.2295452,69.02938023,-407,889,84.8,2026-08-24,-0.73,58.5,False
274,000788,北大医药,5.59,1.45,2.25,29.92,5.546002068901,0.1616768,59.64134774,-69,3560,80.4,2026-08-24,0.79,48.0,False
275,000789,万年青,4.13,1.23,0.23,-40.78,4.08088264015,0.0813368,59.61239652,-20,3570,70.8,2026-08-24,1.2,42.2,False
276,000790,华神科技,4.07,1.24,1.29,207.83,4.024059260404,0.24932,58.43774347,1039,3914,73.2,2026-08-24,1.14,42.8,False
277,000791,甘肃能源,7.18,-1.24,0.35,13.87,7.226023372783,0.25146,70.82660364,1244,584,71.2,2026-08-24,-0.64,50.4,False
278,000792,盐湖股份,27.51,-3.41,0.77,12.02,28.885544693415,0.4379888,75.76607329,-61,131,90.8,2026-08-24,-4.76,68.8,False
279,000793,ST华闻,2.13,-0.47,0.1,80.29,2.140651252117,0.185618076923,52.3979679,-66,4985,72.4,2026-08-24,-0.5,37.9,False
280,000795,英洛华,9.02,5.37,4.33,36.3,8.52470093684,0.2216844,64.29328594,859,2062,75.6,2026-08-24,5.81,48.6,False
281,000796,凯撒旅业,4.18,10.0,2.81,598.0,3.826844856252,0.2357012,57.14993465,-986,4256,75.6,2026-08-24,9.23,43.2,False
282,000797,中国武夷,2.42,2.11,0.97,-4.32,2.382945673853,0.2388408,63.04968394,-112,2467,72.0,2026-08-24,1.55,45.4,False
283,000798,中水渔业,8.94,2.76,3.34,15.98,8.67166713649,0.1753412,75.19169412,-72,160,82.4,2026-08-24,3.09,62.0,False
284,000799,酒鬼酒,38.85,1.25,1.22,512.35,38.675569543423,0.2642824,56.38796668,-171,4426,82.0,2026-08-24,0.45,46.2,False
285,000800,一汽解放,6.22,1.47,0.14,77.06,6.132726153974,0.2697324,69.64155362,1356,755,77.2,2026-08-24,1.42,53.8,False
286,000801,四川九洲,11.24,1.17,0.62,192.71,11.122663686404,0.2115724,68.29211359,1251,1035,78.0,2026-08-24,1.05,53.3,False
287,000802,北京文化,3.88,1.31,7.6,-35.43,3.860328466832,0.2530464,52.05057318,-7,5013,84.0,2026-08-24,0.51,43.7,False
288,000803,山高环能,7.35,0.0,0.66,19.59,7.37204791614,0.2108952,64.63112837,514,1963,70.4,2026-08-24,-0.3,45.5,False
289,000807,云铝股份,25.8,-1.86,0.74,6.21,26.148360661988,0.4112824,79.13424233,175,31,88.8,2026-08-24,-1.33,70.3,False
290,000809,和展能源,3.43,1.48,0.76,148.84,3.399159402321,0.2141376,61.3570618,1220,3009,63.2,2026-08-24,0.91,38.8,False
291,000810,创维数字,9.52,2.04,0.82,33.03,9.335591045832,0.1960392,63.48804296,906,2335,78.4,2026-08-24,1.98,49.8,False
292,000811,冰轮环境,42.05,1.57,2.8,67.09,41.300615428195,0.3571108,72.35381847,-29,396,89.6,2026-08-24,1.81,64.8,False
293,000812,陕西金叶,3.59,1.41,0.85,71.23,3.541425144859,0.1562128,53.778459,-913,4849,75.6,2026-08-24,1.37,40.7,False
294,000813,德展健康,3.21,1.26,0.89,-48.89,3.186931322193,0.2644212,55.5308435,-103,4584,74.4,2026-08-24,0.72,41.3,False
295,000815,美利云,16.73,4.24,8.42,177.36,16.184927064236,0.2141104,61.17833827,-1158,3069,88.8,2026-08-24,3.37,54.3,False
296,000816,智慧农业,2.81,1.08,1.05,359.17,2.776798568957,0.1691896,58.16278661,-135,4001,78.4,2026-08-24,1.2,45.6,False
297,000818,航锦科技,11.81,0.94,1.01,78.16,11.754905881429,0.1871772,53.29679695,-593,4910,78.8,2026-08-24,0.47,42.0,False
298,000819,岳阳兴长,11.89,-0.25,0.52,153.09,11.992069554318,0.1719224,61.71888289,155,2911,67.6,2026-08-24,-0.85,41.7,False
299,000820,神雾节能,3.49,1.16,2.89,-563.3,3.431240445267,0.229145882353,54.68733765,-1678,4726,76.8,2026-08-24,1.71,42.0,False
300,000821,ST京机,6.99,0.87,0.42,33.4,7.031125018608,0.222632,61.93890147,1606,2828,74.4,2026-08-24,-0.58,46.1,False
301,000822,山东海化,4.37,1.63,1.17,-6.95,4.280256385346,0.17606,57.12417533,662,4262,71.2,2026-08-24,2.1,40.7,False
302,000823,超声电子,14.47,-1.23,2.62,37.93,14.554429408267,0.2245376,56.43173947,-2440,4415,82.0,2026-08-24,-0.58,46.3,False
303,000825,太钢不锈,3.48,0.58,0.33,245.6,3.438190020911,0.2373144,59.97617039,573,3457,75.2,2026-08-24,1.22,45.1,False
304,000826,*ST启环,1.98,1.54,1.24,-3.89,1.926162292458,0.3625032,56.98184135,-1661,4296,74.4,2026-08-24,2.8,42.4,False
305,000828,东莞控股,9.96,0.3,0.45,9.41,9.91293793396,0.2525492,67.60542434,-104,1194,71.2,2026-08-24,0.47,48.1,False
306,000829,天音控股,8.4,1.69,0.84,-84.82,8.292986954637,0.2286596,63.60695557,-371,2295,76.8,2026-08-24,1.29,48.9,False
307,000830,鲁西化工,11.87,0.68,1.12,12.9,11.818825418695,0.246672,66.02637793,-3,1616,78.8,2026-08-24,0.43,52.0,False
308,000831,中国稀土,57.39,-1.43,1.87,128.51,58.308639968193,0.3750324,70.1689672,1888,673,88.0,2026-08-24,-1.58,61.7,False
309,000833,粤桂股份,20.86,-1.93,2.84,12.62,21.510317999922,0.3126008,74.97065448,-93,175,80.0,2026-08-24,-3.02,60.0,False
310,000837,秦川机床,9.89,1.12,0.71,104.25,9.798491994645,0.1627908,56.01744767,-493,4486,91.2,2026-08-24,0.93,51.1,False
311,000838,*ST发展,2.93,-1.68,3.38,-32.11,2.951811715013,0.371582545455,59.73506449,1408,3531,76.8,2026-08-24,-0.74,45.9,False
312,000839,国安股份,2.74,0.74,0.41,-835.15,2.708775260121,0.3138388,63.52767973,351,2320,80.0,2026-08-24,1.15,50.8,False
313,000848,承德露露,8.58,1.78,0.73,14.69,8.347324722403,0.1609192,76.41621733,522,101,81.2,2026-08-24,2.79,62.0,False
314,000850,华茂股份,4.35,3.08,0.96,-150.21,4.214114186305,0.1594444,61.59452509,-187,2948,68.8,2026-08-24,3.22,42.4,False
315,000852,石化机械,5.31,2.91,1.56,-198.31,5.162861689804,0.1856388,59.62912064,-93,3565,84.4,2026-08-24,2.85,50.3,False
316,000856,冀东装备,8.44,1.56,2.07,149.94,8.396930523328,0.1047968,58.53988392,-1981,3887,78.0,2026-08-24,0.51,45.7,False
317,000858,五 粮 液,71.4,-0.11,0.24,8.59,71.434854149916,0.3762044,65.02680757,576,1865,90.0,2026-08-24,-0.05,58.5,False
318,000859,国风新材,8.59,-0.92,1.35,-120.98,8.687462058178,0.2123196,52.43283075,111,4983,86.4,2026-08-24,-1.12,45.3,False
319,000860,顺鑫农业,10.45,2.65,0.86,96.05,10.1974600735,0.1142508,55.80310726,-329,4526,81.2,2026-08-24,2.48,45.3,False
320,000862,银星能源,5.18,0.58,1.28,21.78,5.122766073677,0.2368048,58.51984004,391,3891,75.6,2026-08-24,1.12,44.2,False
321,000863,三湘印象,4.17,0.97,0.62,-122.22,4.158021205926,0.2276864,57.02659368,-1426,4285,71.2,2026-08-24,0.29,40.6,False
322,000868,安凯客车,3.51,1.15,0.58,876.09,3.464217552322,0.1616312,59.43669596,-1095,3625,74.4,2026-08-24,1.32,44.2,False
323,000869,张  裕Ａ,16.03,0.63,0.22,37.49,15.919452957723,0.118392,60.23124262,-351,3375,71.6,2026-08-24,0.69,43.1,False
324,000875,电投绿能,4.9,-2.78,0.81,21.97,5.007319071838,0.3568544,62.08822156,2149,2768,74.4,2026-08-24,-2.14,46.2,False
325,000876,新 希 望,6.99,1.9,0.41,-8.77,6.826680378198,0.2910812,60.03105805,-451,3440,86.0,2026-08-24,2.39,51.6,False
326,000877,天山股份,3.68,0.82,0.06,-4.38,3.646489383538,0.1753088,56.31269041,100,4441,76.0,2026-08-24,0.92,42.8,False
327,000878,云南铜业,15.91,-3.81,1.29,14.28,16.552158014444,0.2868376,67.91235481,-966,1120,87.6,2026-08-24,-3.88,59.5,False
328,000880,潍柴重机,22.9,-0.61,1.16,48.64,23.079611739624,0.2053964,62.83349934,244,2522,77.2,2026-08-24,-0.78,48.5,False
329,000881,中广核技,6.38,0.47,0.38,-25.61,6.374992120314,0.2150088,54.6979904,209,4723,73.2,2026-08-24,0.08,40.0,False
330,000882,华联股份,1.46,2.82,1.43,-26.65,1.419752480566,0.3567432,57.00501595,-1125,4290,70.4,2026-08-24,2.83,40.1,False
331,000883,湖北能源,4.52,0.67,0.2,15.81,4.468371944175,0.3277364,69.66206176,270,752,72.0,2026-08-24,1.16,50.2,False
332,000885,城发环境,12.12,0.17,0.4,6.82,12.100115309484,0.3055524,69.34368583,-39,831,72.0,2026-08-24,0.16,49.9,False
333,000886,海南高速,4.63,1.76,0.87,-48.72,4.551755012979,0.2082176,66.54213992,96,1462,72.4,2026-08-24,1.72,48.2,False
334,000887,中鼎股份,20.9,-0.81,1.63,21.36,21.437004122759,0.3562684,68.55087844,-268,987,88.0,2026-08-24,-2.51,60.3,False
335,000888,峨眉山Ａ,9.94,1.64,1.62,22.11,9.821398855247,0.1847536,69.53741845,-63,776,76.4,2026-08-24,1.21,53.1,False
336,000889,中嘉博创,3.93,1.03,3.0,14.68,3.871933263584,0.1957248,58.00155355,654,4054,71.6,2026-08-24,1.5,41.5,False
337,000890,法尔胜,7.13,1.28,1.07,-81.4,7.04152393316,0.0831504,53.97048548,-1791,4820,72.8,2026-08-24,1.26,39.3,False
338,000892,欢瑞世纪,3.67,0.55,2.11,-22.55,3.660682198915,0.1654388,58.62906451,645,3866,84.0,2026-08-24,0.25,49.2,False
339,000893,亚钾国际,47.06,1.14,1.45,20.42,46.943319775376,0.306542,72.26514731,-275,405,82.0,2026-08-24,0.25,59.3,False
340,000895,双汇发展,25.37,-0.04,0.12,17.01,25.245922303744,0.1482832,72.74135867,410,359,88.0,2026-08-24,0.49,64.0,False
341,000897,津滨发展,1.8,2.27,1.18,-453.91,1.757690036564,0.4248392,60.12507795,247,3413,70.0,2026-08-24,2.41,42.1,False
342,000898,鞍钢股份,2.02,1.0,0.23,-3.25,2.00548787381,0.2567168,60.69637693,-865,3229,73.6,2026-08-24,0.72,44.7,False
343,000899,赣能股份,9.44,-0.11,0.55,18.36,9.426317177904,0.2152176,60.91107683,15,3156,74.8,2026-08-24,0.15,45.6,False
344,000900,现代投资,3.69,1.37,0.61,8.47,3.634158079248,0.237602,61.01221527,475,3123,66.0,2026-08-24,1.54,40.3,False
345,000901,航天科技,13.47,1.2,0.74,178.85,13.382896134473,0.1479088,56.38970558,-26,4424,76.0,2026-08-24,0.65,42.9,False
346,000902,新洋丰,13.62,-0.95,0.62,8.89,13.805602020313,0.2798356,77.38654369,56,71,79.2,2026-08-24,-1.34,61.3,False
347,000903,ST云动,1.88,1.08,0.31,-23.44,1.889667938722,0.3622584,54.01615335,-1240,4812,74.8,2026-08-24,-0.51,40.4,False
348,000905,厦门港务,8.82,3.28,1.47,19.91,8.512727831612,0.1472092,67.42721254,1205,1238,73.6,2026-08-24,3.61,49.6,False
349,000906,浙商中拓,5.35,1.33,0.52,5.08,5.279704183032,0.1176888,62.71191446,-896,2546,66.4,2026-08-24,1.33,41.6,False
350,000908,石药景峰,6.43,0.16,0.88,963.89,6.503426371943,0.2822876,58.95911777,-419,3769,78.4,2026-08-24,-1.13,46.2,False
351,000909,*ST数源,4.23,2.42,0.29,-62.91,4.179103373948,0.1853256,55.00975521,86,4669,70.8,2026-08-24,1.22,38.9,False
352,000910,大亚圣象,5.38,1.7,0.36,-7.61,5.296587862016,0.1736856,53.60405576,27,4876,64.0,2026-08-24,1.57,34.3,False
353,000911,*ST广糖,4.96,0.2,1.29,-61.94,5.024097881979,0.2787976,62.23768457,1250,2704,76.4,2026-08-24,-1.28,47.5,False
354,000912,泸天化,3.91,2.62,3.08,370.05,3.768687065664,0.2796696,64.5739462,2000,1979,73.6,2026-08-24,3.75,47.5,False
355,000913,钱江摩托,11.52,1.05,0.33,-38.95,11.333997009963,0.1532284,61.95929515,222,2818,69.6,2026-08-24,1.64,43.1,False
356,000915,华特达因,24.17,1.55,0.81,12.68,23.539616297163,0.1977152,64.03604914,740,2146,77.6,2026-08-24,2.68,49.7,False
357,000917,电广传媒,6.93,0.73,0.63,-88.29,6.871712419416,0.2461672,64.78687827,-948,1921,75.2,2026-08-24,0.85,48.7,False
358,000919,金陵药业,6.61,1.54,1.55,36.7,6.53520233651,0.20979,63.49465155,311,2334,80.0,2026-08-24,1.14,50.8,False
359,000920,沃顿科技,11.21,-0.97,0.41,19.97,11.309095548675,0.1570076,66.83004737,-1105,1380,74.0,2026-08-24,-0.88,49.5,False
360,000921,海信家电,25.47,2.78,0.5,10.64,24.924258506078,0.1480456,67.47178461,-104,1227,74.0,2026-08-24,2.19,49.9,False
361,000922,佳电股份,11.76,-0.34,0.31,26.46,11.827947207614,0.3120784,64.42653573,-650,2021,75.2,2026-08-24,-0.57,48.4,False
362,000923,河钢资源,15.13,-3.69,1.67,-38.26,15.722145392602,0.3418224,74.03430453,1176,252,77.2,2026-08-24,-3.77,57.2,False
363,000925,众合科技,8.33,-7.13,8.52,-173.14,8.97,0.5053412,71.1246178,941,536,80.0,2026-08-24,-7.13,56.9,False
364,000926,福星股份,2.22,2.3,0.81,-6.64,2.189966459352,0.34853,61.11358744,-565,3090,74.8,2026-08-24,1.37,45.7,False
365,000927,中国铁物,2.46,2.07,0.48,36.71,2.410320376192,0.4215664,67.53323206,1210,1206,69.6,2026-08-24,2.06,47.0,False
366,000928,中钢国际,5.1,0.99,0.64,9.91,5.025697775722,0.2895068,72.69606192,1012,366,74.4,2026-08-24,1.48,54.1,False
367,000929,兰州黄河,8.9,1.6,0.65,-24.79,8.814604594229,0.106542156863,60.41242671,1056,3312,68.4,2026-08-24,0.97,41.3,False
368,000930,中粮科技,4.85,1.46,0.79,-18.54,4.758875410307,0.22964,60.88409174,-220,3167,84.0,2026-08-24,1.91,51.1,False
369,000931,中 关 村,5.21,-6.96,11.41,-65.84,5.477614296293,0.4595448,65.17988122,-1625,1832,85.6,2026-08-24,-4.89,55.8,False
370,000932,华菱钢铁,3.61,-0.82,0.5,54.89,3.619585299368,0.4807768,70.10764096,188,682,78.0,2026-08-24,-0.26,54.7,False
371,000933,神火股份,25.73,-1.34,0.78,6.05,25.902723699441,0.4102428,75.71319192,165,132,86.8,2026-08-24,-0.67,65.7,False
372,000935,四川双马,22.3,0.9,0.26,72.39,22.238142103837,0.2060756,60.83163318,-14,3182,74.0,2026-08-24,0.28,45.0,False
373,000936,华西股份,5.58,2.39,2.75,193.28,5.44893424131,0.184316,54.78527747,-80,4710,84.4,2026-08-24,2.41,46.2,False
374,000937,冀中能源,4.84,0.41,0.4,42.22,4.79910756785,0.2192584,64.07248244,2306,2130,76.4,2026-08-24,0.85,49.0,False
375,000938,紫光股份,34.89,1.16,2.09,31.66,34.766118590638,0.370342,67.42507242,-1106,1240,89.2,2026-08-24,0.36,60.1,False
376,000948,南天信息,14.41,5.26,2.75,214.1,13.694553423895,0.1801036,66.12338285,237,1589,86.0,2026-08-24,5.22,56.9,False
377,000949,新乡化纤,6.97,0.29,1.6,24.89,6.924477118779,0.3342376,70.91187866,-255,571,80.0,2026-08-24,0.66,56.7,False
378,000950,重药控股,5.47,1.11,0.94,13.72,5.430170863952,0.2473324,67.88611524,-192,1128,80.8,2026-08-24,0.73,54.9,False
379,000951,中国重汽,19.74,0.1,0.28,12.69,20.131076928857,0.247608,65.28652413,-337,1810,79.6,2026-08-24,-1.94,52.0,False
380,000952,广济药业,6.4,1.27,0.89,-17.39,6.317294231225,0.061336,55.88289007,181,4509,72.4,2026-08-24,1.31,40.5,False
381,000953,中哲精化,6.22,0.97,1.04,597.01,6.198508191556,0.1798296,61.29227192,-1318,3029,70.0,2026-08-24,0.35,42.9,False
382,000955,欣龙控股,4.17,1.96,1.54,-364.12,4.095616065873,0.2041276,53.91734787,-1436,4824,69.2,2026-08-24,1.82,37.3,False
383,000957,中通客车,10.38,0.39,0.61,15.46,10.281070497368,0.1665096,67.92403271,249,1118,77.2,2026-08-24,0.96,52.4,False
384,000958,电投产融,5.27,0.38,0.09,21.6,5.249817565197,0.3196972,63.2712082,-218,2400,76.0,2026-08-24,0.38,48.1,False
385,000959,首钢股份,3.53,0.0,0.24,39.32,3.505594036448,0.262074,70.32844101,2088,650,71.6,2026-08-24,0.7,50.4,False
386,000960,锡业股份,34.35,-4.66,1.63,18.79,36.069805915231,0.3454184,64.94539741,-1385,1882,91.2,2026-08-24,-4.77,59.2,False
387,000962,东方钽业,51.56,0.31,3.43,111.19,51.297058821898,0.2991312,61.59807961,-1866,2947,88.4,2026-08-24,0.51,54.5,False
388,000963,华东医药,27.13,-0.07,0.38,11.87,27.360920136114,0.3094672,70.39360763,60,638,91.2,2026-08-24,-0.84,64.2,False
389,000965,天保基建,3.21,2.88,1.03,13.93,3.126881960717,0.2521128,66.33205532,209,1527,74.4,2026-08-24,2.66,49.4,False
390,000966,长源电力,3.98,0.0,0.39,40.05,3.971659050929,0.2998036,55.05972052,290,4656,73.2,2026-08-24,0.21,40.3,False
391,000967,盈峰环境,8.1,-1.34,0.64,31.74,8.208826868412,0.316788,66.69829246,-172,1414,83.2,2026-08-24,-1.33,55.5,False
392,000968,蓝焰控股,7.13,0.99,1.64,11.68,6.992108272999,0.2285232,69.28569498,-692,842,78.4,2026-08-24,1.97,54.3,False
393,000969,安泰科技,16.36,-0.97,0.73,43.31,16.548797527734,0.2002716,60.72559758,352,3217,76.8,2026-08-24,-1.14,46.6,False
394,000970,中科三环,12.0,-0.74,1.0,148.22,12.168155034619,0.2829404,57.55938529,175,4163,78.4,2026-08-24,-1.38,45.1,False
395,000972,中基健康,3.61,1.69,0.94,-35.46,3.584154537671,0.189039803922,56.60201287,202,4382,73.6,2026-08-24,0.72,41.7,False
396,000973,佛塑科技,13.99,-4.64,2.91,15.45,14.751557109035,0.3282804,78.43429189,134,44,89.2,2026-08-24,-5.16,70.0,False
397,000975,山金国际,27.56,-5.81,1.48,15.81,28.901804867549,0.4173748,79.89677667,5,24,88.8,2026-08-24,-4.64,70.9,False
398,000977,浪潮信息,72.77,-0.61,1.27,44.17,73.088844960747,0.3608116,66.09679474,-1388,1598,84.0,2026-08-24,-0.44,55.5,False
399,000978,桂林旅游,6.19,1.48,1.01,-61.23,6.113128891802,0.2073924,59.97333579,1238,3459,71.2,2026-08-24,1.26,42.7,False
400,000980,众泰汽车,1.64,1.23,1.04,-25.21,1.625177772431,0.3062796,51.59127104,-909,5039,74.8,2026-08-24,0.91,38.6,False
401,000981,山子高科,2.65,0.38,0.82,26.39,2.644847585559,0.3489928,55.04969973,-69,4660,82.0,2026-08-24,0.19,45.1,False
402,000983,山西焦煤,7.42,-0.27,0.86,13.04,7.470125946734,0.3217604,73.08925883,35,324,88.0,2026-08-24,-0.67,64.3,False
403,000985,大庆华科,15.87,1.02,0.98,270.62,15.898415459307,0.1322708,63.3884534,-1783,2363,69.2,2026-08-24,-0.18,43.9,False
404,000987,越秀资本,7.51,0.27,0.26,7.26,7.464998983586,0.3770444,67.38147444,1409,1248,72.0,2026-08-24,0.6,48.5,False
405,000988,华工科技,102.4,-0.92,1.38,40.32,103.527943173976,0.367394,65.85530447,-1300,1672,90.0,2026-08-24,-1.09,59.3,True
406,000989,九芝堂,8.72,0.69,1.42,14.92,8.724372345807,0.2198524,64.26388612,-198,2071,79.2,2026-08-24,-0.05,50.9,False
407,000990,诚志股份,6.35,0.63,1.07,18.63,6.361103734185,0.2670708,66.89901031,104,1364,79.2,2026-08-24,-0.17,53.0,False
408,000993,闽东电力,9.76,0.1,0.46,75.98,9.706964063691,0.1694548,57.33232581,895,4209,72.8,2026-08-24,0.55,41.7,False
409,000995,皇台酒业,10.97,0.64,5.77,-100.9,11.01507955042,0.1836732,69.63657506,2076,757,76.0,2026-08-24,-0.41,52.9,False
410,000997,新 大 陆,18.79,2.57,1.48,16.93,18.433438966604,0.2152672,65.97886682,-1142,1633,83.6,2026-08-24,1.93,55.2,False
411,000998,隆平高科,8.96,3.34,4.1,-24.14,8.596747092761,0.2937852,72.77642538,1546,356,92.0,2026-08-24,4.23,67.0,False
412,000999,华润三九,23.97,1.57,0.32,11.94,23.690511087952,0.2544396,71.14833472,251,532,86.8,2026-08-24,1.18,61.8,True
413,001201,东瑞股份,11.97,1.35,0.74,-4.09,11.744136940252,0.1792784,64.56457089,1721,1981,66.8,2026-08-24,1.92,43.1,False
414,001202,炬申股份,13.5,0.15,0.96,38.3,13.547071473577,0.1007656,59.2206021,-385,3688,63.2,2026-08-24,-0.35,37.4,False
415,001203,大中矿业,26.46,-5.06,1.01,62.98,28.112160039578,0.2433488,65.57305398,-1310,1738,81.2,2026-08-24,-5.88,53.2,False
416,001205,盛航股份,14.55,-0.34,0.73,18.84,14.533844344378,0.1585296,67.66761212,1597,1176,70.0,2026-08-24,0.11,47.4,False
417,001206,依依股份,16.58,2.09,2.09,27.68,16.38489570088,0.0909516,57.49318658,130,4176,66.4,2026-08-24,1.19,38.2,False
418,001207,联科科技,16.53,-1.61,0.61,15.76,16.758311238444,0.1518104,63.50017556,-1066,2331,76.8,2026-08-24,-1.36,48.8,False
419,001208,华菱线缆,13.28,1.14,1.53,69.61,13.196865934997,0.191412,58.71750818,-1823,3836,82.0,2026-08-24,0.63,48.1,False
420,001209,洪兴股份,17.44,-0.34,0.88,25.51,17.542841860935,0.0827988,65.44453193,-586,1777,67.6,2026-08-24,-0.59,44.2,False
421,001210,金房能源,26.25,-0.64,4.42,23.81,27.152214485435,0.27448,64.30999809,-1667,2059,80.0,2026-08-24,-3.32,51.4,False
422,001211,双枪科技,23.92,-1.56,1.34,109.83,24.164439408614,0.1981792,61.28949899,-896,3032,66.4,2026-08-24,-1.01,40.7,False
423,001212,中旗新材,32.39,-1.25,0.63,-1504.02,32.791846717498,0.183328,53.38995538,-932,4898,66.8,2026-08-24,-1.23,35.7,False
424,001213,中铁特货,3.56,1.71,0.1,32.47,3.495629938751,0.1762244,60.01652171,276,3446,68.4,2026-08-24,1.84,41.1,False
425,001215,千味央厨,31.0,0.32,0.71,33.31,31.027649817125,0.1358492,58.53746608,507,3888,63.2,2026-08-24,-0.09,37.0,False
426,001216,华瓷股份,14.44,0.28,0.23,24.11,14.398243858053,0.0817596,61.37350536,56,3007,64.4,2026-08-24,0.29,39.5,False
427,001217,华尔泰,10.05,0.9,0.61,111.65,9.923848478901,0.0375972,59.45993969,-1252,3617,69.6,2026-08-24,1.27,41.4,False
428,001218,丽臣实业,23.5,0.38,1.14,10.19,23.655047639908,0.1033476,69.94708801,-131,707,63.6,2026-08-24,-0.66,44.5,False
429,001219,青岛食品,12.56,1.13,0.58,18.66,12.454621127991,0.0956148,62.06780719,-1175,2779,67.6,2026-08-24,0.85,42.0,False
430,001220,世盟股份,31.76,0.0,0.96,35.51,31.44122013726,0.1795328,70.51769976,1631,616,63.6,2026-08-24,1.01,44.8,False
431,001221,悍高集团,37.93,-0.47,1.42,25.95,39.074341117019,0.2101404,76.87152122,116,82,73.2,2026-08-24,-2.93,56.3,False
432,001222,源飞宠物,14.4,1.19,1.34,30.27,14.363299497521,0.135814,73.88134028,412,264,72.0,2026-08-24,0.26,53.2,False
433,001223,欧克科技,39.42,-1.94,0.94,41.86,40.105469577154,0.1961512,61.07205644,388,3109,70.4,2026-08-24,-1.71,43.0,False
434,001225,和泰机电,47.11,2.37,1.31,115.22,46.166217752764,0.1785716,66.06491024,-473,1608,70.4,2026-08-24,2.04,46.5,False
435,001226,拓山重工,45.86,-2.82,0.98,81.43,46.749985720406,0.176258,65.87356664,-993,1663,63.6,2026-08-24,-1.9,41.9,False
436,001227,兰州银行,2.16,1.89,1.47,5.78,2.117225580687,0.4455664,67.71326896,1547,1167,72.8,2026-08-24,2.02,49.3,False
437,001228,永泰运,29.23,0.31,1.0,21.96,29.209461200987,0.2317836,65.58113016,-1033,1736,69.2,2026-08-24,0.07,45.4,False
438,001229,魅视科技,42.61,-2.05,2.51,726.47,43.742273419368,0.2064656,64.33555606,-1073,2048,84.0,2026-08-24,-2.59,54.0,False
439,001230,劲旅环境,23.65,1.03,9.0,26.22,23.068497993099,0.3681616,75.07606148,3163,167,69.6,2026-08-24,2.52,52.3,False
440,001231,农心科技,20.79,0.39,1.21,26.81,20.84861463504,0.0633688,62.15511597,-304,2735,66.4,2026-08-24,-0.28,41.3,False
441,001233,海安集团,43.56,0.95,1.26,38.12,43.262705990514,0.1560636,67.86318057,505,1132,68.4,2026-08-24,0.69,46.4,False
442,001234,泰慕士,22.05,0.68,0.84,51.42,22.014753675702,0.0821896,63.67159874,1012,2270,66.8,2026-08-24,0.16,42.5,False
443,001236,弘业期货,7.78,1.97,1.19,156.7,7.658143375831,0.178202,60.23845159,596,3374,70.8,2026-08-24,1.59,42.6,False
444,001237,惠康科技,51.67,0.47,1.45,23.11,51.662102290717,0.1953056,63.97754206,291,2170,63.6,2026-08-24,0.02,40.7,False
445,001238,浙江正特,24.95,1.18,0.13,22.75,25.033768481661,0.0956144,56.62809367,-1020,4377,61.6,2026-08-24,-0.33,34.9,False
446,001239,永达股份,12.06,1.52,0.86,281.46,11.891028718388,0.055136,52.81361729,62,4954,64.0,2026-08-24,1.42,33.8,False
447,001255,博菲电气,25.63,-0.66,0.84,1078.01,25.759827154022,0.0594804,57.60463661,113,4151,65.6,2026-08-24,-0.5,37.8,False
448,001256,炜冈科技,22.45,0.22,1.45,21.29,22.627627129298,0.1714012,57.91207822,-646,4073,60.8,2026-08-24,-0.79,35.2,False
449,001257,盛龙股份,24.79,-4.54,13.24,32.27,26.85261147299,0.3678192,72.85638144,700,350,70.4,2026-08-24,-7.68,51.3,False
450,001258,立新能源,11.89,-5.41,7.78,75.98,12.625817999091,0.2611808,63.13215063,2373,2443,86.8,2026-08-24,-5.83,54.8,False
451,001259,利仁科技,45.31,-0.09,1.25,259.71,45.086213808567,0.1921368,52.29140929,47,4994,60.4,2026-08-24,0.5,31.6,False
452,001260,坤泰股份,17.98,0.11,1.96,203.78,17.830990599522,0.1492524,65.63000815,618,1721,70.8,2026-08-24,0.84,46.5,False
453,001266,宏英智能,33.69,-0.33,1.35,24.04,33.670803931569,0.1681308,66.32396927,-461,1532,69.2,2026-08-24,0.06,45.9,False
454,001267,汇绿生态,37.79,-3.45,3.39,547.54,39.222689272666,0.3317832,69.47728957,2320,798,84.0,2026-08-24,-3.65,58.4,False
455,001268,联合精密,24.66,9.99,3.03,-530.11,22.07596266096,0.3402832,68.4836076,3561,1001,62.0,2026-08-24,11.71,42.5,False
456,001269,欧晶科技,18.87,-0.47,0.31,-83.49,19.103241276454,0.1130152,50.43503562,42,5102,66.8,2026-08-24,-1.22,33.7,False
457,001270,铖昌科技,99.19,0.7,1.53,133.98,99.470210755247,0.29655,64.49156265,-1026,2004,87.2,2026-08-24,-0.28,56.2,False
458,001277,速达股份,32.81,2.88,18.13,43.39,31.89,0.1766096,61.82760559,865,2863,76.0,2026-08-24,2.88,47.0,False
459,001278,一彬科技,16.16,1.83,1.78,-11.73,15.981822327093,0.066772,58.16691001,850,3999,62.0,2026-08-24,1.11,36.1,False
460,001279,强邦新材,25.25,0.64,0.64,156.17,25.100381053303,0.074944,54.96555263,123,4678,60.8,2026-08-24,0.6,33.4,False
461,001280,中国铀业,68.14,-2.1,2.97,164.56,70.424047952591,0.3999252,80.84239487,164,12,84.8,2026-08-24,-3.24,68.6,False
462,001282,三联锻造,15.87,0.25,0.45,32.2,15.821254530248,0.070612,57.42884576,-829,4189,62.8,2026-08-24,0.31,36.1,False
463,001283,豪鹏科技,43.05,-4.86,2.99,22.71,44.534333815688,0.2934308,70.67276282,2046,597,66.0,2026-08-24,-3.33,46.6,False
464,001285,瑞立科密,41.38,1.92,1.56,22.59,40.664452272372,0.2328088,68.35581599,244,1027,65.2,2026-08-24,1.76,44.6,False
465,001286,陕西能源,9.42,0.43,0.81,13.1,9.365504733315,0.315896,69.93704006,1715,709,76.4,2026-08-24,0.58,53.4,False
466,001287,中电港,22.05,-0.9,1.04,16.33,22.314793482895,0.224626,66.6577569,-321,1428,82.0,2026-08-24,-1.19,54.7,False
467,001288,运机集团,25.79,-0.85,0.92,29.31,25.738908135526,0.3520812,68.32899666,238,1031,65.6,2026-08-24,0.2,44.8,False
468,001289,龙源电力,15.71,-0.06,0.04,20.22,15.693355438697,0.162002,60.97626141,-1284,3136,74.4,2026-08-24,0.11,45.4,False
469,001296,长江材料,19.33,0.31,0.82,26.4,19.277527926444,0.1109156,65.95446908,1330,1637,70.4,2026-08-24,0.27,46.4,False
470,001298,好上好,17.39,0.29,0.55,31.85,17.301900652628,0.0838996,61.86837958,106,2850,72.8,2026-08-24,0.51,45.0,False
471,001299,美能能源,10.0,0.7,0.53,28.37,9.942576748915,0.1811048,64.4045041,759,2027,65.2,2026-08-24,0.58,42.0,False
472,001300,三柏硕,11.6,1.05,1.15,-109.88,11.597241765835,0.1317468,61.23405969,1971,3053,71.6,2026-08-24,0.02,43.8,False
473,001301,尚太科技,61.99,-2.87,1.09,28.27,63.433890937798,0.2291008,75.83411299,433,128,83.6,2026-08-24,-2.28,63.4,False
474,001306,夏厦精密,53.27,0.97,1.37,-38.01,53.002554291624,0.072898,54.38975966,-107,4768,67.2,2026-08-24,0.5,36.5,False
475,001308,康冠科技,17.75,0.17,0.19,19.85,17.697853555169,0.0793456,70.03132091,1769,697,66.4,2026-08-24,0.29,46.5,False
476,001309,德明利,395.49,-1.22,2.86,6.7,396.571748291091,0.4553712,69.69232785,-694,747,92.4,2026-08-24,-0.27,64.4,False
477,001311,多利科技,17.4,-1.81,0.94,20.84,17.740429779243,0.098404,65.47880839,1662,1767,67.6,2026-08-24,-1.92,44.3,False
478,001312,福恩股份,17.23,0.64,0.82,20.04,17.140973104511,0.10179,61.23263283,-568,3054,64.8,2026-08-24,0.52,39.7,False
479,001313,粤海饲料,7.67,0.52,0.88,119.23,7.665878672369,0.1514288,68.05761666,-425,1090,73.6,2026-08-24,0.05,50.1,False
480,001314,亿道信息,50.16,-4.46,2.28,18.27,52.279652048227,0.134284,68.97095023,1048,897,74.4,2026-08-24,-4.05,51.3,False
481,001316,润贝航科,26.07,-2.72,1.08,18.78,26.979917870139,0.1614144,75.32601543,946,152,64.4,2026-08-24,-3.37,48.5,False
482,001317,三羊马,49.89,4.0,5.06,936.65,50.539394957062,0.2839704,63.16602156,-1484,2429,81.6,2026-08-24,-1.28,51.5,False
483,001318,阳光乳业,11.22,2.65,1.39,34.19,10.984581926382,0.07924,59.07135117,-907,3735,82.4,2026-08-24,2.14,48.7,False
484,001319,铭科精技,19.53,0.15,2.05,29.77,19.524546641408,0.1159308,63.48681365,-1636,2337,76.0,2026-08-24,0.03,48.2,False
485,001322,箭牌家居,6.26,1.29,0.16,-23.52,6.2407564934,0.07447,60.80129455,-828,3189,65.6,2026-08-24,0.31,39.9,False
486,001323,慕思股份,18.62,0.65,0.27,22.92,18.488688165255,0.1940008,66.8109035,-773,1387,73.2,2026-08-24,0.71,48.9,False
487,001324,长青科技,18.1,2.84,1.51,53.11,17.760298652076,0.1189432,55.0803214,-1169,4655,68.8,2026-08-24,1.91,37.9,False
488,001325,元创股份,39.7,0.4,4.24,30.43,39.394812438758,0.1911304,75.21878957,1209,159,66.4,2026-08-24,0.77,49.9,False
489,001326,联域股份,64.63,0.44,8.61,121.47,63.14939175932,0.2670656,70.14611132,2938,677,63.2,2026-08-24,2.34,44.3,False
490,001328,登康口腔,28.86,3.22,0.69,24.51,28.082795606478,0.1062004,64.84668401,125,1901,69.6,2026-08-24,2.77,45.1,False
491,001330,博纳影业,4.83,3.21,4.05,-37.49,4.71450726663,0.262588,54.4652817,122,4753,73.2,2026-08-24,2.45,39.9,False
492,001331,胜通能源,42.8,-1.99,1.13,-524.76,43.300288325009,0.278808450704,59.16053615,-1333,3706,76.0,2026-08-24,-1.16,45.0,False
493,001332,锡装股份,27.41,-9.42,4.21,21.7,30.294277635551,0.0774432,58.69244593,-561,3844,61.6,2026-08-24,-9.52,36.2,False
494,001333,光华股份,19.99,-3.94,2.53,30.43,20.842680657896,0.2233416,64.9533008,-1207,1879,74.0,2026-08-24,-4.09,48.1,False
495,001335,信凯科技,31.45,1.45,1.42,26.77,31.103884592505,0.127718,58.03231694,372,4043,60.4,2026-08-24,1.11,35.1,False
496,001336,楚环科技,18.59,0.32,0.9,45.85,18.365330904452,0.0794316,59.53047298,431,3594,62.8,2026-08-24,1.22,37.4,False
497,001337,四川黄金,54.94,-2.93,6.24,26.67,54.38075906447,0.4448716,82.16969556,-4,6,91.2,2026-08-24,1.03,74.9,False
498,001338,永顺泰,8.79,2.21,2.07,33.2,8.726163637615,0.1672344,66.6885766,880,1417,81.2,2026-08-24,0.73,54.2,False
499,001339,智微智能,73.23,-2.1,1.56,30.83,75.179728448599,0.212696,65.8622317,-24,1669,78.4,2026-08-24,-2.59,51.6,False
500,001356,富岭股份,9.21,-2.54,2.14,91.95,9.29140938875,0.1696684,70.82882262,1250,583,76.8,2026-08-24,-0.88,54.4,False
501,001358,兴欣新材,25.18,-0.08,2.26,36.05,25.151031999549,0.0918532,56.26356259,-633,4451,76.8,2026-08-24,0.12,43.2,False
502,001359,平安电工,84.19,-5.06,3.18,81.52,88.697532072527,0.3434172,68.33444108,-697,1028,71.6,2026-08-24,-5.08,48.9,False
503,001360,南矿集团,17.2,-5.39,4.74,67.78,18.421490895613,0.2154712,68.96140949,-375,900,76.8,2026-08-24,-6.63,53.0,False
504,001365,天海电子,34.0,-0.35,2.81,30.98,34.484762302563,0.2487396,60.63849019,964,3242,64.4,2026-08-24,-1.41,39.1,False
505,001366,播恩集团,12.27,1.24,2.29,96.86,12.227741410099,0.0805944,63.39923614,-1012,2358,75.6,2026-08-24,0.35,47.9,False
506,001367,海森药业,20.47,0.15,2.92,23.72,20.220236251763,0.2471436,73.49021427,-151,294,74.4,2026-08-24,1.24,54.7,False
507,001368,通达创智,23.03,-0.95,1.11,22.57,23.133380099033,0.1044332,64.80010711,-902,1914,68.8,2026-08-24,-0.45,44.6,False
508,001369,双欣材料,12.38,0.65,1.45,27.79,12.298928526754,0.1823216,64.82702783,1374,1907,64.0,2026-08-24,0.66,41.5,False
509,001373,翔腾新材,28.48,1.35,1.63,-51.66,27.89715354786,0.0613304,58.67379525,965,3853,66.0,2026-08-24,2.09,38.7,False
510,001376,百通能源,10.31,-0.1,1.56,29.57,10.297558624933,0.164704,63.35375322,1449,2375,74.4,2026-08-24,0.12,47.1,False
511,001378,德冠新材,20.08,0.15,2.09,28.56,19.980209057239,0.1842968,67.15311783,906,1307,66.8,2026-08-24,0.5,44.9,False
512,001379,腾达科技,15.92,0.13,1.51,60.58,15.910084562023,0.090492,67.65826974,129,1183,68.8,2026-08-24,0.06,46.5,False
513,001380,华纬科技,16.76,0.0,0.17,27.21,16.738816624366,0.0978804,66.80622184,-748,1388,67.6,2026-08-24,0.13,45.2,False
514,001382,新亚电缆,16.66,-0.42,1.95,77.11,16.742729955675,0.05536,57.73629162,-1522,4121,64.8,2026-08-24,-0.49,37.4,False
515,001386,马可波罗,15.33,0.99,1.14,28.69,15.28400781425,0.2149448,74.03263795,29,253,70.0,2026-08-24,0.3,51.8,False
516,001387,雪祺电气,12.11,1.34,1.1,47.1,11.925135350649,0.098962,62.51113562,-1193,2603,60.0,2026-08-24,1.55,37.5,False
517,001388,信通电子,20.99,0.19,1.26,170.08,20.887980160214,0.1791196,56.75439044,248,4354,72.0,2026-08-24,0.49,40.9,False
518,001389,广合科技,149.24,-0.24,1.71,36.91,148.867808933098,0.2846868,65.462269,-589,1771,76.0,2026-08-24,0.25,49.8,False
519,001390,古麒绒材,17.22,-0.12,0.36,18.52,17.293996719047,0.0978708,64.25149105,-744,2075,61.2,2026-08-24,-0.43,39.3,True
520,001391,国货航,4.13,0.98,0.56,26.7,4.097329389217,0.2931176,66.94220603,1167,1355,70.0,2026-08-24,0.8,46.9,False
521,001393,维通利,40.9,-0.63,1.34,37.54,41.478226165649,0.1624188,62.10711825,237,2760,64.8,2026-08-24,-1.39,40.2,False
522,001395,亚联机械,28.59,0.49,1.17,10.3,28.646052740394,0.0740984,70.56870583,-197,609,64.0,2026-08-24,-0.2,45.2,False
523,001396,誉帆科技,33.6,0.06,1.04,497.53,33.854533521171,0.1504212,67.63927646,658,1186,63.6,2026-08-24,-0.75,43.0,False
524,001400,江顺科技,78.89,-2.78,6.69,59.76,80.291603846668,0.2436656,70.65332448,159,599,79.6,2026-08-24,-1.75,56.2,False
525,001696,宗申动力,14.81,-0.2,1.62,24.7,14.792866826695,0.25165,63.71799784,81,2252,80.4,2026-08-24,0.12,51.2,False
526,001872,招商港口,23.29,0.52,0.08,12.77,23.319440947653,0.2077392,73.65069438,565,280,76.0,2026-08-24,-0.13,56.0,False
527,001896,豫能控股,11.72,-1.6,1.67,152.69,12.002712564263,0.2360048,60.46947824,1347,3295,74.0,2026-08-24,-2.36,44.7,False
528,001914,招商积余,8.82,1.73,0.28,9.96,8.677727069496,0.1279684,68.0530703,572,1091,72.0,2026-08-24,1.64,49.0,False
529,001965,招商公路,9.61,3.44,0.34,12.53,9.275802235334,0.2438424,69.8584519,240,719,72.4,2026-08-24,3.6,50.6,False
530,001979,招商蛇口,7.16,-1.1,0.39,412.56,7.260478889043,0.2950176,62.11904987,471,2752,84.4,2026-08-24,-1.38,52.4,False
531,002001,新 和 成,26.21,-0.42,0.41,10.04,26.659884175956,0.3887192,71.44087668,-83,503,87.2,2026-08-24,-1.69,62.3,False
532,002003,伟星股份,10.69,-0.56,0.44,34.14,10.640089670162,0.227676,76.96296771,866,81,73.6,2026-08-24,0.47,56.6,False
533,002004,华邦健康,4.5,0.67,0.59,13.95,4.428512649118,0.2299592,65.81363456,-1028,1683,78.8,2026-08-24,1.61,51.9,False
534,002005,德豪润达,2.37,0.0,0.32,-452.55,2.385477695521,0.349864117647,53.36030845,-762,4904,70.0,2026-08-24,-0.65,37.4,False
535,002006,精工科技,12.98,0.93,0.5,27.2,12.941529214909,0.15068,59.64085106,-48,3561,74.8,2026-08-24,0.3,44.6,False
536,002007,华兰生物,12.96,0.93,0.33,25.68,12.928720637353,0.183234,66.38803367,74,1512,88.4,2026-08-24,0.24,58.7,False
537,002008,大族激光,83.86,-2.6,1.74,33.52,86.025829405712,0.3264344,63.88693553,4,2198,82.8,2026-08-24,-2.52,52.9,False
538,002009,天奇股份,16.39,0.49,1.03,66.98,16.296680630122,0.1239424,53.73396737,26,4859,74.4,2026-08-24,0.57,40.0,False
539,002010,传化智联,4.67,0.65,0.21,12.15,4.64258035831,0.2867236,62.09254938,-726,2765,72.0,2026-08-24,0.59,44.7,False
540,002011,盾安环境,9.93,1.43,0.43,13.6,9.787571168704,0.2402172,66.85194043,263,1375,74.4,2026-08-24,1.46,49.7,False
541,002012,凯恩股份,6.69,1.36,1.34,131.17,6.609740282538,0.197992,63.16527189,-1370,2431,76.4,2026-08-24,1.21,48.3,False
542,002014,永新股份,11.05,0.82,0.26,18.39,10.956685064916,0.1248004,69.01985103,-402,892,65.6,2026-08-24,0.85,45.3,False
543,002015,协鑫能科,16.11,3.47,8.95,22.71,15.57,0.5380792,72.2672602,3650,403,92.4,2026-08-24,3.47,66.8,False
544,002016,世荣兆业,4.55,1.79,0.45,44.67,4.484265586087,0.1950068,73.62845054,597,282,68.4,2026-08-24,1.47,50.4,False
545,002017,东信和平,17.06,6.76,12.49,57.52,15.837816073565,0.4234928,76.34296363,48,103,92.4,2026-08-24,7.72,70.5,False
546,002019,亿帆医药,9.92,0.81,0.55,28.24,9.930400323723,0.2094552,65.50577657,-155,1754,80.0,2026-08-24,-0.1,52.4,False
547,002020,京新药业,12.71,0.16,0.49,16.56,12.82710488688,0.2364132,66.03848274,-897,1614,74.0,2026-08-24,-0.91,48.9,False
548,002021,中捷资源,2.65,1.53,1.2,-134.32,2.612328481821,0.2131528,54.61702509,-63,4737,64.0,2026-08-24,1.44,35.0,False
549,002022,科华生物,5.58,0.9,0.75,-14.81,5.55054244454,0.0942464,58.46598185,-816,3904,78.8,2026-08-24,0.53,46.1,False
550,002023,海特高新,9.87,0.82,1.07,71.35,9.808134412789,0.1715916,54.0914666,-274,4802,79.2,2026-08-24,0.63,42.8,False
551,002024,ST易购,1.18,0.0,0.11,94.55,1.171858294452,0.4626256,53.97947383,167,4819,76.4,2026-08-24,0.69,41.2,False
552,002025,航天电器,59.87,0.84,1.18,130.1,60.038739875193,0.2733584,63.99743253,-324,2160,88.4,2026-08-24,-0.28,56.6,False
553,002026,山东威达,10.09,-1.37,0.8,18.57,10.192381357907,0.134086,59.63519641,-604,3564,72.4,2026-08-24,-1.0,43.2,False
554,002027,分众传媒,4.91,0.61,0.46,11.33,4.882406048676,0.33503,74.89696952,20,181,88.8,2026-08-24,0.57,66.5,False
555,002028,思源电气,171.51,-2.11,0.4,45.85,174.693878786835,0.3270108,79.0005525,-25,33,90.0,2026-08-24,-1.82,71.1,False
556,002029,七 匹 狼,8.68,2.24,1.35,30.71,8.57325440629,0.2601964,68.78563468,1420,937,78.4,2026-08-24,1.25,53.9,False
557,002030,达安基因,5.42,0.56,0.91,-19.37,5.447622943812,0.3153592,58.32558351,-1284,3952,88.4,2026-08-24,-0.51,51.6,False
558,002031,巨轮智能,5.04,0.2,1.84,-77.31,5.026500050171,0.226896,45.18029855,0,5192,87.6,2026-08-24,0.27,39.6,False
559,002032,苏 泊 尔,40.81,0.91,0.1,18.81,40.591996846023,0.1219184,68.49954427,160,997,78.0,2026-08-24,0.54,53.4,False
560,002033,丽江股份,9.1,1.68,2.61,18.84,8.963166684191,0.2405912,73.70492149,748,275,77.2,2026-08-24,1.53,56.9,False
561,002034,旺能环境,13.64,1.19,0.55,8.76,13.557506580867,0.2587104,60.53927777,391,3274,65.6,2026-08-24,0.61,39.7,False
562,002035,华帝股份,4.84,2.76,1.29,10.14,4.708633404004,0.2399504,68.14683051,-597,1063,75.6,2026-08-24,2.79,51.5,False
563,002036,联创电子,6.66,2.15,2.52,-9.84,6.616641219179,0.209489454545,54.5410514,409,4745,79.2,2026-08-24,0.66,43.2,False
564,002037,保利联合,6.76,1.05,0.38,-10.01,6.725520046808,0.1725404,57.78418104,725,4108,80.0,2026-08-24,0.51,46.2,False
565,002038,双鹭药业,6.2,-2.67,6.91,-18.49,6.586907375564,0.3573132,59.08188307,-3584,3731,92.8,2026-08-24,-5.87,54.8,False
566,002039,黔源电力,19.33,-0.77,0.57,17.74,19.435880341263,0.324264,67.8350071,-228,1144,69.2,2026-08-24,-0.54,46.9,False
567,002040,南 京 港,9.01,3.56,4.3,21.36,8.838402558859,0.1859036,69.96590863,-392,706,88.0,2026-08-24,1.94,61.6,False
568,002041,登海种业,11.21,10.01,4.69,73.1,9.925996771282,0.4833736,80.65172596,317,15,91.2,2026-08-24,12.94,73.6,False
569,002042,华孚时尚,3.82,2.14,0.78,64.14,3.758992536777,0.2152936,58.65275745,-870,3857,72.4,2026-08-24,1.62,42.5,False
570,002043,兔 宝 宝,13.06,-1.95,0.52,21.91,13.326879794545,0.1474608,74.42327195,116,223,82.4,2026-08-24,-2.0,61.3,False
571,002044,美年健康,4.61,0.0,0.57,-17.69,4.604812598061,0.2953624,63.38344246,-76,2365,83.2,2026-08-24,0.11,52.7,False
572,002045,国光电器,8.92,1.36,3.05,-33.12,8.878025227305,0.188006,60.06739742,-2910,3434,91.6,2026-08-24,0.47,55.0,False
573,002046,国机精工,47.5,-0.63,0.83,-701.18,47.452103506234,0.3721236,62.0286303,-1787,2796,79.2,2026-08-24,0.1,49.1,False
574,002047,宝鹰股份,3.22,0.31,1.27,-132.75,3.214953010106,0.2496856,55.03147164,-893,4664,77.2,2026-08-24,0.16,42.5,False
575,002048,宁波华翔,18.83,-0.69,0.77,14.01,19.023918848512,0.2783152,64.40083717,-22,2030,76.8,2026-08-24,-1.02,49.5,False
576,002049,紫光国微,61.1,0.18,0.63,32.29,61.26202066973,0.313848,62.24498337,-56,2700,86.8,2026-08-24,-0.26,54.0,False
577,002050,三花智控,35.71,0.0,0.47,40.5,35.94439873767,0.3114216,67.73844087,-800,1163,82.0,2026-08-24,-0.65,55.5,False
578,002051,中工国际,8.4,-0.47,0.64,39.54,8.404382231159,0.3328132,66.72796874,2548,1405,72.4,2026-08-24,-0.05,48.3,False
579,002052,同洲电子,8.75,-3.63,1.74,253.77,8.712678911583,0.5022172,74.08802354,3083,246,74.4,2026-08-24,0.43,55.1,False
580,002053,云南能投,9.18,0.22,0.26,10.26,9.105973797386,0.2280016,63.37940581,1322,2367,76.0,2026-08-24,0.81,48.2,False
581,002054,德美化工,7.16,0.0,1.45,17.78,7.192816136589,0.1743004,66.90446205,1946,1362,75.2,2026-08-24,-0.46,50.3,False
582,002055,ST得润,6.03,0.84,1.0,30.72,6.025413576265,0.3404692,59.56589934,380,3583,75.6,2026-08-24,0.08,45.0,False
583,002056,横店东磁,20.99,-1.5,0.47,18.0,21.321283634328,0.2112748,66.2283004,139,1555,76.0,2026-08-24,-1.55,50.3,False
584,002057,中钢天源,8.65,-0.92,0.94,19.19,8.683302295049,0.2525904,65.93407855,1652,1644,71.6,2026-08-24,-0.38,47.2,False
585,002058,威尔泰,16.13,1.26,0.73,77.01,16.171993722368,0.152798,64.62820027,1640,1965,69.6,2026-08-24,-0.26,45.0,False
586,002059,云南旅游,4.53,1.8,1.16,-16.46,4.471081258872,0.215004,56.97727469,152,4297,74.8,2026-08-24,1.32,42.6,False
587,002060,广东建工,3.19,2.24,0.83,33.03,3.096524268029,0.2617516,64.92209333,1316,1885,73.6,2026-08-24,3.02,47.8,False
588,002061,浙江交科,3.55,2.31,0.45,10.75,3.462697782585,0.2010716,67.59387501,667,1195,71.6,2026-08-24,2.52,48.4,False
589,002062,宏润建设,7.98,2.44,0.58,44.2,7.730365200782,0.37822,67.36700376,131,1252,71.2,2026-08-24,3.23,48.0,False
590,002063,远光软件,5.34,1.33,0.51,236.3,5.260514198756,0.287892,68.20038091,-17,1055,76.8,2026-08-24,1.51,52.4,False
591,002064,华峰化学,11.24,-1.32,0.33,14.07,11.439333480976,0.2694176,76.57873855,66,94,84.4,2026-08-24,-1.74,64.6,False
592,002065,东华软件,6.83,0.44,0.41,49.16,6.810759251733,0.2644332,67.1067857,-580,1322,85.2,2026-08-24,0.28,57.2,False
593,002066,瑞泰科技,22.33,3.05,1.35,-410.31,21.524980260561,0.3362644,63.39803486,526,2359,72.0,2026-08-24,3.74,45.6,False
594,002067,景兴纸业,3.98,1.02,1.24,69.19,3.92826448962,0.2567968,57.08170072,164,4274,84.0,2026-08-24,1.32,47.9,False
595,002068,黑猫股份,7.73,-0.26,0.87,-14.95,7.687514960873,0.1768512,52.90616661,-126,4946,68.8,2026-08-24,0.55,36.4,False
596,002069,獐子岛,3.53,1.15,0.94,97.51,3.503629934025,0.1531728,69.49581281,917,787,72.4,2026-08-24,0.75,50.3,False
597,002072,凯瑞德,7.22,-1.1,0.71,-162.19,7.377599015327,0.19374,63.94726204,1155,2179,61.6,2026-08-24,-2.14,39.4,False
598,002073,软控股份,5.94,-0.83,1.1,22.37,5.997986400869,0.2493068,67.51300739,-323,1210,83.2,2026-08-24,-0.97,56.2,False
599,002074,国轩高科,26.88,-1.07,0.93,17.6,27.231851331485,0.3089232,70.37535327,538,643,77.6,2026-08-24,-1.29,54.6,False
600,002075,沙钢股份,3.64,1.39,0.7,29.13,3.619285287277,0.2633064,61.93243264,-1867,2832,78.0,2026-08-24,0.57,48.3,False
601,002076,星光股份,2.1,1.94,1.24,-82.84,2.052133973261,0.300862745098,53.68426616,-3,4865,72.0,2026-08-24,2.33,38.7,False
602,002077,大港股份,11.91,-1.41,1.29,45.0,12.037144298203,0.1605104,56.73387785,-1,4358,78.4,2026-08-24,-1.06,44.5,False
603,002078,太阳纸业,13.78,0.22,0.17,10.85,13.668278043767,0.16464,71.7921429,767,461,76.4,2026-08-24,0.82,54.8,False
604,002079,苏州固锝,9.18,-2.13,1.81,24.54,9.39057436325,0.1862176,59.71527159,-142,3536,78.0,2026-08-24,-2.24,46.6,False
605,002080,中材科技,47.71,-3.48,1.83,33.15,49.491180579774,0.349232,62.60565787,-1531,2574,88.0,2026-08-24,-3.6,55.1,False
606,002081,金 螳 螂,5.5,10.0,7.68,20.72,4.874826016987,0.272434,66.45352523,1992,1487,93.6,2026-08-24,12.82,62.2,False
607,002082,ST万邦,9.5,0.64,0.57,14.11,9.540954435258,0.2410532,56.58368039,41,4386,70.4,2026-08-24,-0.43,39.8,False
608,002083,孚日股份,10.09,-2.89,1.7,11.85,10.457190838454,0.263842,66.44098663,-979,1493,83.6,2026-08-24,-3.51,55.5,False
609,002084,海鸥住工,4.35,10.13,0.35,-35.16,3.95,0.482871386364,68.00349978,3301,1100,74.8,2026-08-24,10.13,50.9,False
610,002085,万丰奥威,10.24,0.69,0.36,22.36,10.172469435059,0.2039408,61.08772362,227,3104,74.8,2026-08-24,0.66,45.7,False
611,002086,东方海洋,2.04,1.49,2.09,-88.66,1.998226338279,0.3410712,59.94251994,1197,3472,78.0,2026-08-24,2.09,46.8,False
612,002088,鲁阳节能,8.36,1.7,0.37,365.21,8.339118920329,0.211716,64.3840162,1282,2036,66.4,2026-08-24,0.25,42.8,False
613,002090,金智科技,9.52,0.21,1.27,43.6,9.327799610214,0.202048,67.45398496,959,1231,77.6,2026-08-24,2.06,52.3,False
614,002091,江苏国泰,7.76,0.78,0.32,13.47,7.58730042731,0.1889392,66.12272769,-130,1590,74.4,2026-08-24,2.28,49.2,False
615,002092,中泰化学,4.43,0.0,1.18,76.65,4.432893721743,0.3160192,62.41636287,1441,2634,75.6,2026-08-24,-0.07,47.2,False
616,002093,国脉科技,6.8,2.56,0.61,-91.45,6.61408910009,0.1168448,63.0911434,585,2456,74.8,2026-08-24,2.81,47.2,False
617,002094,青岛金王,5.14,10.06,4.32,114.02,4.638565131248,0.1827244,64.1604896,233,2094,78.8,2026-08-24,10.81,50.6,False
618,002095,生 意 宝,14.19,1.72,0.51,782.82,13.994191010467,0.0566876,62.35762846,153,2660,72.4,2026-08-24,1.4,45.1,False
619,002096,易普力,9.25,0.11,0.1,26.69,9.212258683496,0.1098192,69.37168131,-49,823,71.2,2026-08-24,0.41,49.4,False
620,002097,山河智能,7.24,1.69,0.87,107.1,7.133632928637,0.1590192,54.47310426,-788,4752,76.8,2026-08-24,1.49,41.8,False
621,002098,浔兴股份,7.13,1.86,0.44,21.22,6.997612976342,0.0964844,67.65735393,-678,1184,70.4,2026-08-24,1.89,47.6,False
622,002099,海翔药业,5.11,1.19,0.39,78.19,5.092064376341,0.193426,52.68192697,-1146,4968,71.2,2026-08-24,0.35,37.5,False
623,002100,天康生物,7.25,1.12,0.86,-15.15,7.133750505706,0.212774,62.47556603,-174,2614,77.6,2026-08-24,1.63,48.5,False
624,002101,广东鸿图,8.74,2.58,0.55,72.71,8.560588410658,0.1026444,59.23694901,-260,3683,72.4,2026-08-24,2.1,42.9,False
625,002102,ST能特,2.24,-0.44,0.21,28.84,2.230147931422,0.3080648,61.58692773,1315,2951,66.4,2026-08-24,0.44,40.9,False
626,002103,广博股份,6.58,2.49,1.06,35.29,6.418244762725,0.1254012,63.20833434,246,2419,74.0,2026-08-24,2.52,46.8,False
627,002104,恒宝股份,11.8,2.52,12.75,-100.13,11.175267780869,0.3042804,70.12598137,592,680,93.6,2026-08-24,5.59,65.6,False
628,002105,信隆健康,5.9,0.85,1.15,134.47,5.796881305281,0.0548824,62.73613596,1132,2540,71.2,2026-08-24,1.78,44.7,False
629,002106,莱宝高科,10.06,-0.98,0.78,50.88,10.076219556944,0.2399348,58.13374942,-43,4011,75.6,2026-08-24,-0.16,43.9,False
630,002107,沃华医药,6.2,1.64,0.84,26.48,6.120713402983,0.19224,65.28550447,31,1811,76.0,2026-08-24,1.3,49.6,False
631,002108,沧州明珠,4.39,0.92,1.01,40.92,4.349836506068,0.3620148,62.22042789,1526,2708,71.6,2026-08-24,0.92,44.5,False
632,002109,ST兴化,2.76,4.15,0.46,-62.32,2.685902838676,0.1966708,57.23046392,-2473,4235,68.0,2026-08-24,2.76,38.9,False
633,002110,三钢闽光,2.98,1.02,0.52,-18.88,2.962495260076,0.2325156,61.33108897,-188,3017,70.0,2026-08-24,0.59,42.9,False
634,002111,威海广泰,9.44,0.0,0.61,16.25,9.422368960173,0.120064,65.52853803,367,1750,69.6,2026-08-24,0.19,45.6,False
635,002112,三变科技,14.99,-1.51,1.74,83.23,15.284035516596,0.1906088,52.55230549,-211,4975,85.2,2026-08-24,-1.92,44.8,False
636,002114,罗平锌电,7.32,-1.61,1.43,-17.99,7.424876174773,0.1580716,63.28850277,149,2395,71.6,2026-08-24,-1.41,45.3,False
637,002115,三维通信,10.57,-2.31,5.13,84.43,10.840636964242,0.279848,75.37845889,1845,147,83.6,2026-08-24,-2.5,63.0,False
638,002116,中国海诚,7.23,2.12,0.47,16.9,7.061693652356,0.0704968,68.71081836,-55,951,71.6,2026-08-24,2.38,49.2,False
639,002117,东港股份,8.14,0.12,0.97,21.62,8.096296522111,0.209856,72.13880237,2190,418,72.8,2026-08-24,0.54,52.5,False
640,002119,康强电子,22.12,-3.99,3.5,65.55,22.859614162239,0.1605468,60.8982967,-802,3161,86.4,2026-08-24,-3.24,52.6,False
641,002120,韵达股份,6.6,-0.3,0.43,9.82,6.61680514214,0.3037048,69.40837564,-477,815,75.6,2026-08-24,-0.25,52.5,False
642,002121,科陆电子,5.0,0.4,0.93,-51.77,4.959531737222,0.2310172,57.50999862,-810,4175,72.8,2026-08-24,0.82,41.9,False
643,002122,ST汇洲,2.74,1.11,0.33,100.5,2.704374319644,0.3738936,64.03005162,-629,2151,74.4,2026-08-24,1.32,47.6,False
644,002123,梦网科技,7.76,0.78,0.88,-32.08,7.772473823178,0.1835944,55.57408447,-1808,4572,77.6,2026-08-24,-0.16,43.1,False
645,002124,天邦食品,2.26,0.89,2.45,-1.63,2.235220523745,0.3151128,55.81250035,-1618,4524,87.6,2026-08-24,1.11,48.9,False
646,002125,湘潭电化,12.72,-4.36,4.0,17.81,13.255307290323,0.31073,71.43561364,3044,504,74.0,2026-08-24,-4.04,52.9,False
647,002126,银轮股份,39.22,2.14,0.86,38.79,38.689995163031,0.1992288,63.12248617,-1398,2444,76.4,2026-08-24,1.37,48.2,False
648,002127,南极电商,2.86,2.14,0.79,67.93,2.81577441673,0.2263864,58.13946203,230,4008,73.6,2026-08-24,1.57,42.8,False
649,002128,电投能源,27.0,-2.1,0.26,10.55,27.358432224014,0.2860224,78.95423602,128,36,77.2,2026-08-24,-1.31,61.0,False
650,002129,TCL中环,9.22,-1.39,0.84,-5.66,9.495002126802,0.3645404,58.36710278,-176,3931,86.0,2026-08-24,-2.9,50.2,False
651,002130,沃尔核材,16.68,5.1,2.38,20.6,15.938071854328,0.1850068,67.3286761,300,1262,80.4,2026-08-24,4.66,54.1,False
652,002131,利欧股份,4.38,-0.45,2.38,237.19,4.409684004041,0.235234,53.4809603,-342,4890,88.4,2026-08-24,-0.67,47.3,False
653,002132,恒星科技,4.69,-9.81,9.91,29.01,5.174684579621,0.4055648,74.39117782,261,226,78.0,2026-08-24,-9.37,58.0,False
654,002133,广宇集团,2.75,2.23,0.96,-127.85,2.698309372753,0.0810772,64.32068108,8,2052,68.0,2026-08-24,1.92,43.7,False
655,002134,天津普林,20.23,-2.46,1.09,108.13,20.63178257011,0.1830904,55.20199647,-266,4637,68.0,2026-08-24,-1.95,37.5,False
656,002135,东南网架,6.53,2.35,1.53,119.38,6.14564600886,0.2963888,61.72188464,1262,2910,67.6,2026-08-24,6.25,41.7,False
657,002136,安 纳 达,12.41,0.65,2.14,27.45,12.296701857645,0.1749516,65.4423271,108,1779,69.6,2026-08-24,0.92,45.5,False
658,002137,实益达,7.45,0.0,1.87,67.16,7.402716921587,0.2146036,58.45958198,-823,3906,76.4,2026-08-24,0.64,44.7,False
659,002138,顺络电子,47.11,-1.15,1.25,42.48,47.410742451213,0.3114196,66.66373292,-1179,1427,85.6,2026-08-24,-0.63,57.1,False
660,002139,拓邦股份,9.66,2.88,1.08,46.76,9.429544169235,0.163488,60.97250754,-1341,3137,86.8,2026-08-24,2.44,52.9,False
661,002140,东华科技,9.08,1.57,0.53,12.97,8.913141758851,0.1885944,64.48146207,-684,2008,75.6,2026-08-24,1.87,48.7,False
662,002141,贤丰控股,6.02,0.67,6.4,156.32,6.084765563954,0.2512012,51.05986897,-467,5071,86.8,2026-08-24,-1.06,44.3,False
663,002142,宁波银行,33.69,-0.62,0.16,6.72,34.02624658543,0.316032,71.59794222,67,480,88.4,2026-08-24,-0.99,63.3,False
664,002144,宏达高科,11.13,3.53,3.5,41.81,10.731509106697,0.1036928,59.8300615,-738,3500,66.8,2026-08-24,3.71,40.0,False
665,002145,钛能化学,4.3,0.0,0.41,19.5,4.301190020825,0.2790276,64.58929956,131,1975,75.2,2026-08-24,-0.03,48.6,False
666,002146,荣盛发展,1.16,2.65,1.68,-2.46,1.136680334571,0.435892,53.61525951,-148,4873,82.0,2026-08-24,2.05,44.0,False
667,002148,北纬科技,6.22,2.3,1.77,363.35,6.097347956394,0.124172,60.99096946,11,3130,78.0,2026-08-24,2.01,47.6,False
668,002149,西部材料,35.52,-3.14,2.34,193.58,36.630895608762,0.1804692,49.54445727,39,5139,80.0,2026-08-24,-3.03,39.6,False
669,002150,正泰电源,21.43,-2.15,0.87,56.6,22.280024390399,0.1900536,69.73010134,19,740,75.6,2026-08-24,-3.82,52.7,False
670,002151,北斗星通,27.76,0.14,0.86,277.96,27.690138993696,0.181164,55.29051402,-54,4622,78.4,2026-08-24,0.25,43.3,False
671,002152,广电运通,9.69,1.89,0.47,26.59,9.541451238432,0.2651692,64.27218657,-885,2068,79.6,2026-08-24,1.56,51.2,False
672,002153,石基信息,7.72,1.85,0.6,222.79,7.561561182523,0.1868732,62.28421733,-512,2686,82.4,2026-08-24,2.1,51.3,False
673,002154,报 喜 鸟,4.07,1.5,1.07,10.19,3.987630587931,0.1661952,74.30780878,186,233,77.2,2026-08-24,2.07,57.4,False
674,002155,湖南黄金,,,0.0,20.05,24.829403878726,0.1799348,73.20823747,-36,315,90.0,2026-08-24,,65.9,False
675,002156,通富微电,60.58,-1.08,2.24,69.85,61.224147458069,0.364664,62.89373314,-1492,2503,93.2,2026-08-24,-1.05,58.6,False
676,002157,正邦科技,2.95,0.68,0.7,-18.53,2.919514641026,0.4353216,62.24826391,1152,2698,81.2,2026-08-24,1.04,50.5,False
677,002158,汉钟精机,25.46,-1.93,0.57,24.28,25.961751791847,0.1853148,62.02460237,356,2798,73.6,2026-08-24,-1.93,45.7,False
678,002159,三特索道,13.43,1.51,1.14,28.79,13.2715758889,0.1092008,64.85740588,59,1897,62.8,2026-08-24,1.19,40.7,False
679,002160,常铝股份,3.98,0.0,0.82,80.86,3.957466671432,0.163608363636,60.39165495,531,3320,73.2,2026-08-24,0.57,44.2,False
680,002161,远 望 谷,5.83,0.69,1.01,-28.14,5.815114915586,0.2613376,65.90657713,1856,1656,73.2,2026-08-24,0.26,48.2,False
681,002162,悦心健康,3.99,1.79,0.67,344.18,3.938775949166,0.175192,66.63480897,1117,1436,75.2,2026-08-24,1.3,50.1,False
682,002163,海南发展,8.08,2.93,2.29,-50.99,7.872642253712,0.1387688,57.48905112,-928,4179,74.4,2026-08-24,2.63,42.8,False
683,002164,宁波东力,10.92,0.0,0.56,54.56,10.917093659463,0.2189812,60.4298566,82,3309,76.8,2026-08-24,0.03,46.4,False
684,002165,红 宝 丽,8.06,-0.12,14.33,-61.7,7.949710005904,0.2565368,72.12707047,1910,419,92.4,2026-08-24,1.39,66.6,False
685,002166,莱茵生物,6.68,1.21,0.53,29.13,6.603805837836,0.182992,62.13299501,-1169,2743,76.4,2026-08-24,1.15,47.5,False
686,002167,东方锆业,15.88,-3.82,5.1,76.63,16.527648020153,0.2402176,50.42138624,-1341,5103,80.0,2026-08-24,-3.92,40.3,False
687,002168,ST惠程,3.98,0.25,0.44,-162.73,3.937301358173,0.4010576,66.95911182,2532,1349,70.4,2026-08-24,1.08,47.1,False
688,002169,智光电气,11.99,-1.96,0.97,107.04,12.261912813027,0.2652788,61.90509905,262,2840,75.2,2026-08-24,-2.22,46.6,False
689,002170,芭田股份,11.09,-0.27,1.44,9.84,11.163106106182,0.2454312,70.911674,-377,572,76.4,2026-08-24,-0.65,54.2,False
690,002171,楚江新材,9.53,-2.46,1.32,27.59,9.913659663684,0.2635208,67.11203238,2032,1321,78.4,2026-08-24,-3.87,52.6,False
691,002172,澳洋健康,4.58,3.15,22.0,72.57,4.205669718667,0.456554,74.52276788,3648,213,89.6,2026-08-24,8.9,66.8,False
692,002173,创新医疗,18.49,4.64,9.31,-77.22,17.82871400002,0.209256,50.74145936,-50,5089,88.4,2026-08-24,3.71,44.9,False
693,002174,游族网络,11.85,-1.0,0.93,27.98,12.021994747717,0.305852,58.10750182,-738,4018,83.2,2026-08-24,-1.43,48.3,False
694,002175,*ST东智,2.54,0.4,0.4,-384.33,2.538359251242,0.319078,57.66067068,-1075,4132,72.0,2026-08-24,0.06,41.5,False
695,002176,江特电机,9.44,3.17,8.17,-22.37,9.134987148605,0.2725284,53.89051539,-1084,4827,86.8,2026-08-24,3.34,46.8,False
696,002177,御银股份,5.98,2.93,6.94,187.58,5.795804312345,0.2422056,62.07206087,-1912,2775,80.8,2026-08-24,3.18,50.2,False
697,002178,延华智能,4.54,1.34,0.84,-142.16,4.455186253698,0.1723408,59.20117017,1150,3695,79.6,2026-08-24,1.9,47.1,False
698,002179,中航光电,33.29,0.85,0.53,43.89,33.41742611702,0.285336,66.0556427,15,1609,85.2,2026-08-24,-0.38,56.3,False
699,002180,奔图科技,16.89,0.84,0.26,93.02,17.127172830201,0.2197352,57.99011647,-1072,4056,84.0,2026-08-24,-1.38,48.7,False
700,002181,粤 传 媒,8.21,1.61,0.92,136.08,8.091733910641,0.1435992,55.00872288,435,4670,74.8,2026-08-24,1.46,41.1,False
701,002182,宝武镁业,11.73,2.0,1.5,-317.0,11.546097924564,0.2367144,51.91032355,-885,5022,82.8,2026-08-24,1.59,43.0,False
702,002183,怡 亚 通,4.39,0.46,0.73,169.51,4.362767759402,0.3390324,59.16587404,767,3704,73.6,2026-08-24,0.62,43.5,False
703,002184,海得控制,9.93,1.85,1.14,90.5,9.769153193108,0.125322,56.55682811,-391,4391,78.4,2026-08-24,1.65,44.3,False
704,002185,华天科技,16.59,-1.72,3.28,33.93,16.932082007589,0.2660596,59.16663008,-265,3703,85.2,2026-08-24,-2.02,50.4,False
705,002186,全 聚 德,9.42,2.61,0.94,106.63,9.205978352064,0.0723692,69.27755787,629,845,74.4,2026-08-24,2.32,51.5,False
706,002187,广百股份,5.42,2.65,0.9,39.34,5.292001724869,0.0878152,58.11826768,-95,4017,72.0,2026-08-24,2.42,41.8,False
707,002188,中天服务,5.47,1.3,2.08,70.76,5.39665766993,0.0679612,64.38990641,432,2032,69.6,2026-08-24,1.36,44.8,False
708,002189,中光学,18.32,1.5,0.5,-19.09,18.052600643747,0.16685,53.24205326,-5,4919,78.8,2026-08-24,1.48,42.0,False
709,002190,成飞集成,22.66,-0.09,0.65,-68.99,22.787198872751,0.1956984,52.84077265,97,4952,78.0,2026-08-24,-0.56,41.2,False
710,002191,劲嘉股份,3.67,1.1,0.32,53.75,3.622551516933,0.21862,54.59921427,47,4739,69.2,2026-08-24,1.31,37.8,False
711,002192,融捷股份,72.03,-6.27,8.18,9.34,78.322054887299,0.447676,77.13501453,-45,77,93.2,2026-08-24,-8.03,71.9,False
712,002193,ST如意,4.9,4.48,1.51,-6.82,4.648649473053,0.1414204,54.8785615,-272,4690,70.0,2026-08-24,5.41,38.4,False
713,002194,武汉凡谷,10.09,1.61,2.5,-1174.27,9.979485548983,0.2372396,56.15594226,-1077,4463,86.8,2026-08-24,1.11,48.7,False
714,002195,岩山科技,6.22,0.97,0.78,418.28,6.185303790786,0.2482248,57.80001099,-119,4106,86.4,2026-08-24,0.56,49.9,False
715,002196,方正电机,10.29,0.29,1.23,104.66,10.263297860245,0.1358236,52.80257684,47,4957,74.4,2026-08-24,0.26,39.3,False
716,002197,证通电子,6.59,2.49,2.12,565.99,6.451839370437,0.1360788,51.57768894,57,5041,76.8,2026-08-24,2.14,39.6,False
717,002198,ST嘉应,3.34,0.6,0.17,34.02,3.342927364739,0.118836,53.86979942,9,4830,64.0,2026-08-24,-0.09,34.5,False
718,002199,东晶电子,12.04,0.33,1.17,-92.64,12.053346854692,0.203041372549,57.61188289,-2454,4146,78.4,2026-08-24,-0.11,45.2,False
719,002200,交投生态,6.67,1.99,1.08,28.28,6.569468097832,0.0901336,62.11734834,395,2753,62.8,2026-08-24,1.53,39.0,False
720,002201,九鼎新材,7.92,-0.75,0.89,60.78,7.949624110582,0.141742,59.30403894,-38,3664,72.8,2026-08-24,-0.37,43.2,False
721,002202,金风科技,18.38,0.44,1.47,21.39,18.407274983748,0.307984,63.21482762,-912,2416,93.2,2026-08-24,-0.15,58.9,False
722,002203,海亮股份,19.09,-1.19,0.78,25.09,19.051114374903,0.3214664,69.86532956,673,717,69.6,2026-08-24,0.2,48.6,False
723,002204,大连重工,5.13,0.59,0.38,13.36,5.127608295535,0.1915428,65.72713953,178,1700,74.8,2026-08-24,0.05,49.2,False
724,002205,国统股份,10.66,1.62,0.59,-14.49,10.569557522124,0.1025312,59.88971502,1001,3489,72.8,2026-08-24,0.86,43.6,False
725,002206,海 利 得,5.23,0.38,0.34,12.34,5.211449704049,0.2174072,65.02821955,-800,1863,68.4,2026-08-24,0.36,44.5,False
726,002207,*ST准油,5.62,0.36,0.97,-39.4,5.600428157868,0.208188,54.61783181,-264,4736,70.8,2026-08-24,0.35,38.7,False
727,002208,合肥城建,10.2,-2.3,1.92,-21.25,10.466685285176,0.1515404,56.36721591,161,4431,79.6,2026-08-24,-2.55,44.9,False
728,002209,达 意 隆,13.19,2.25,6.36,11.31,12.702052307159,0.264084,78.39104989,-15,46,84.0,2026-08-24,3.84,65.8,False
729,002210,飞马国际,2.24,1.82,1.49,128.44,2.196426484722,0.255504,59.63597,64,3563,70.8,2026-08-24,1.98,42.2,False
730,002211,ST宏达,3.86,2.39,0.99,408.79,3.776555358362,0.1682724,56.84578167,-2187,4331,73.2,2026-08-24,2.21,41.6,False
731,002212,天融信,6.23,3.15,1.56,-18.23,6.085825985672,0.2415664,61.54705872,-1163,2958,85.2,2026-08-24,2.37,52.4,False
732,002213,大为股份,30.9,-1.94,5.04,156.69,30.969389900949,0.2679264,73.37324893,181,300,76.4,2026-08-24,-0.22,56.1,False
733,002214,大立科技,14.77,-1.4,0.65,-32.37,15.042541306751,0.382763137255,63.15761448,239,2434,81.6,2026-08-24,-1.81,51.5,False
734,002215,诺 普 信,9.59,1.37,2.37,6.3,9.404233155555,0.3175336,77.93651244,684,54,79.6,2026-08-24,1.98,62.0,False
735,002216,三全食品,11.87,-4.27,1.01,14.3,12.367073441859,0.1510932,72.39735921,-28,390,77.2,2026-08-24,-4.02,55.9,False
736,002217,ST合力泰,1.45,0.0,0.61,2171.17,1.447016956086,0.43785372549,62.20613445,491,2717,73.2,2026-08-24,0.21,45.5,False
737,002218,拓日新能,3.87,0.78,1.06,-33.81,3.852793731887,0.1706072,55.11090407,271,4652,77.2,2026-08-24,0.45,42.5,False
738,002219,新里程,2.14,0.47,1.99,402.34,2.148516224168,0.3322128,61.5079561,0,2970,79.2,2026-08-24,-0.4,48.7,False
739,002221,东华能源,5.52,2.22,1.26,20.2,5.46580715318,0.223004,63.58168363,-144,2302,78.4,2026-08-24,0.99,49.8,False
740,002222,福晶科技,62.61,0.02,2.27,112.82,62.313240352859,0.242306,65.05813808,-1555,1856,90.0,2026-08-24,0.48,58.6,False
741,002223,鱼跃医疗,26.19,0.77,0.43,15.58,26.165566679307,0.242556,74.9299706,1008,178,85.6,2026-08-24,0.09,64.1,False
742,002224,三 力 士,3.67,1.38,1.16,-62.2,3.624171522666,0.2232272,59.6576172,-2059,3554,74.0,2026-08-24,1.26,44.1,False
743,002225,濮耐股份,3.57,0.85,0.6,136.08,3.574924479992,0.2898704,57.83214898,-1658,4097,66.4,2026-08-24,-0.14,38.4,False
744,002226,江南化工,4.96,-1.78,0.39,25.82,5.024664298487,0.3234548,70.99807631,1292,561,74.8,2026-08-24,-1.29,53.1,False
745,002227,*ST特迅,6.26,0.32,0.33,-21.69,6.249586059849,0.1750544,60.73182204,1058,3216,71.2,2026-08-24,0.17,43.2,False
746,002228,合兴包装,3.15,2.27,0.96,23.48,3.078640033722,0.1779568,57.65302257,-1387,4136,68.0,2026-08-24,2.32,39.2,False
747,002229,鸿博股份,10.61,-0.56,4.09,-51.13,10.707567732081,0.2296256,52.08604599,-251,5009,89.2,2026-08-24,-0.91,46.5,False
748,002230,科大讯飞,39.09,0.41,0.49,-230.32,38.885133605238,0.2561064,66.26515294,-101,1547,88.8,2026-08-24,0.53,58.8,True
749,002232,启明信息,14.18,1.43,0.62,187.95,13.922244690645,0.0973776,62.52796654,-403,2599,77.2,2026-08-24,1.85,48.3,False
750,002233,塔牌集团,7.18,0.56,0.38,19.21,7.110712797482,0.1972104,69.28630157,485,841,73.2,2026-08-24,0.97,50.7,False
751,002234,民和股份,7.95,1.79,1.23,-14.56,7.851432794316,0.1080872,61.80517868,-2019,2879,76.4,2026-08-24,1.26,47.2,False
752,002235,安妮股份,8.29,2.6,3.13,-1645.76,8.219937787952,0.256772,49.68142347,-361,5134,84.0,2026-08-24,0.85,41.7,False
753,002236,大华股份,16.17,0.43,0.5,11.09,16.12603369515,0.2989372,67.13421494,-760,1314,88.8,2026-08-24,0.27,59.6,False
754,002237,恒邦股份,14.71,-3.16,2.69,15.64,15.212027647114,0.3346904,70.53968157,-584,612,87.6,2026-08-24,-3.3,61.8,False
755,002238,天威视讯,6.56,2.82,1.02,-61.1,6.305788996669,0.1248832,66.45330694,675,1488,72.0,2026-08-24,4.03,47.8,False
756,002239,奥特佳,2.53,2.43,1.0,53.62,2.472706591774,0.310836,62.38772133,-362,2649,75.6,2026-08-24,2.32,47.2,False
757,002240,盛新锂能,30.52,-7.32,4.2,13.8,34.125927964699,0.3145048,68.50686178,-221,996,81.2,2026-08-24,-10.57,55.6,False
758,002241,歌尔股份,22.98,-2.13,1.68,27.84,24.078804332211,0.4151296,66.51852563,-1280,1467,92.0,2026-08-24,-4.56,61.2,False
759,002242,九阳股份,8.35,1.71,0.59,44.38,8.240889443702,0.1878668,56.42108927,-966,4417,78.8,2026-08-24,1.32,44.5,False
760,002243,力合科创,7.46,2.9,0.78,35.27,7.317879356052,0.1715956,61.83842756,-1503,2858,74.0,2026-08-24,1.94,45.8,False
761,002244,滨江集团,9.05,0.44,0.41,8.68,9.029108740702,0.2969456,72.90787874,809,343,79.6,2026-08-24,0.23,58.0,False
762,002245,蔚蓝锂芯,17.4,-3.06,1.47,29.12,18.094839415057,0.23969,64.13580545,-801,2107,86.8,2026-08-24,-3.84,55.7,False
763,002246,北化股份,19.27,-0.93,0.69,23.48,19.626628017737,0.2740448,68.74927082,-623,944,83.2,2026-08-24,-1.82,57.2,False
764,002247,聚力文化,2.39,0.84,2.27,66.06,2.370500153953,0.1436156,60.79412538,-1727,3193,66.4,2026-08-24,0.82,40.4,False
765,002248,华东数控,9.56,-0.21,4.71,114.51,9.618847598064,0.1903584,57.15196674,-672,4254,86.4,2026-08-24,-0.61,49.4,False
766,002249,大洋电机,6.6,-4.9,1.94,19.47,6.97057088382,0.1998632,60.12765954,-279,3411,81.6,2026-08-24,-5.32,49.1,False
767,002250,联化科技,14.41,-0.89,0.81,31.81,14.912856673652,0.2236188,60.4803498,-536,3293,75.6,2026-08-24,-3.37,45.7,False
768,002251,步步高,3.61,3.44,3.15,20.84,3.49230698218,0.2893228,62.3120928,1183,2672,73.2,2026-08-24,3.37,45.6,False
769,002252,上海莱士,4.86,1.04,0.35,24.23,4.801871402765,0.2952824,69.27254155,-94,848,79.6,2026-08-24,1.21,55.1,False
770,002253,川大智胜,9.65,2.66,0.95,-30.32,9.463123885267,0.131667647059,54.78598557,-724,4709,77.6,2026-08-24,1.97,42.5,False
771,002254,泰和新材,12.15,0.16,0.78,93.62,12.074097830858,0.2377512,55.27217132,-1189,4628,70.8,2026-08-24,0.63,39.1,False
772,002255,海陆重工,7.62,0.0,0.65,19.66,7.605581583787,0.2360712,60.74589829,-62,3211,74.4,2026-08-24,0.19,45.2,False
773,002256,兆新股份,3.33,0.0,0.7,158.45,3.345727713901,0.269798,57.04081402,-1134,4284,78.8,2026-08-24,-0.47,44.9,False
774,002258,利尔化学,14.03,-0.92,0.89,24.4,14.203633673013,0.3033432,63.34382463,-1083,2379,86.8,2026-08-24,-1.22,55.0,False
775,002259,升达林业,3.91,2.62,2.0,16.44,3.811419495213,0.1694132,58.61083304,-1017,3871,64.4,2026-08-24,2.59,37.7,False
776,002261,拓维信息,25.11,0.12,0.92,228.52,25.18122627984,0.2165504,57.99451546,1,4055,80.8,2026-08-24,-0.28,46.9,False
777,002262,恩华药业,21.56,-1.33,0.47,14.78,21.94741986949,0.3172936,74.9568359,334,176,83.2,2026-08-24,-1.77,62.4,False
778,002263,大东南,2.98,0.68,1.02,323.89,2.961309232224,0.2200952,56.41889966,-951,4419,71.2,2026-08-24,0.63,40.2,False
779,002264,新 华 都,6.54,1.4,1.17,14.05,6.454437735307,0.1746224,69.60017833,-373,763,79.2,2026-08-24,1.33,55.1,False
780,002265,建设工业,18.14,0.44,1.06,135.84,18.126878426857,0.134906,60.59755812,-520,3254,83.2,2026-08-24,0.07,50.4,False
781,002266,浙富控股,4.77,-1.85,0.59,10.33,4.857183884427,0.3010624,68.82390703,-105,931,78.4,2026-08-24,-1.79,54.0,False
782,002267,陕天然气,7.07,0.57,0.22,5.3,7.009939128595,0.1765872,62.51475621,-1160,2602,68.0,2026-08-24,0.86,42.5,False
783,002268,电科网安,13.75,1.18,0.54,-18.66,13.603983530113,0.1933512,58.33416726,400,3948,80.4,2026-08-24,1.07,46.9,False
784,002269,美邦服饰,1.45,3.57,1.38,586.14,1.413921954861,0.3627736,52.19490589,-921,5002,75.2,2026-08-24,2.55,39.3,False
785,002270,华明装备,19.43,-0.46,0.53,26.7,19.310353661982,0.212332,67.76478456,377,1155,81.2,2026-08-24,0.62,55.0,False
786,002271,东方雨虹,10.8,-0.18,0.77,21.03,10.941457336883,0.2455284,69.18444318,729,865,85.6,2026-08-24,-1.29,59.2,False
787,002272,川润股份,15.48,0.52,3.73,-60.77,15.504522615186,0.2372048,57.91155834,-2487,4074,79.6,2026-08-24,-0.16,46.1,False
788,002273,水晶光电,24.71,-2.1,1.81,32.77,25.590550183139,0.3473448,70.5046539,-329,621,85.6,2026-08-24,-3.44,60.4,False
789,002274,华昌化工,6.14,-0.16,4.24,23.75,5.994107172979,0.2994196,75.46200729,797,142,84.0,2026-08-24,2.43,63.4,False
790,002275,桂林三金,12.56,-0.08,0.31,14.16,12.453933014596,0.1104428,66.7299569,-385,1403,70.4,2026-08-24,0.85,47.0,False
791,002276,万马股份,10.21,2.2,0.8,24.66,9.96798149677,0.1423992,61.72809977,109,2907,76.8,2026-08-24,2.43,47.4,False
792,002277,友阿股份,6.59,2.33,3.69,54.18,6.381543592353,0.4242936,63.91768742,1312,2186,76.4,2026-08-24,3.27,48.8,False
793,002278,神开股份,8.29,2.85,2.83,114.62,8.039548318804,0.106034,62.190839,-1315,2720,74.0,2026-08-24,3.12,46.0,False
794,002279,久其软件,6.27,1.29,1.42,-15.77,6.193338923635,0.187532,59.14351835,-527,3711,86.0,2026-08-24,1.24,50.9,False
795,002281,光迅科技,164.98,-0.85,1.87,117.3,168.025071946337,0.3598832,63.66227567,-1968,2273,87.6,2026-08-24,-1.81,55.8,False
796,002282,博深股份,6.1,3.92,1.41,20.13,5.876190949984,0.16647,67.88958429,191,1127,67.6,2026-08-24,3.81,45.9,False
797,002283,天润工业,8.56,-0.23,0.64,16.77,8.615175327325,0.141662,62.99614126,343,2482,70.8,2026-08-24,-0.64,44.6,False
798,002284,亚太股份,9.3,-1.38,2.2,12.81,9.517861192747,0.2703068,74.33498726,655,230,88.4,2026-08-24,-2.29,65.7,False
799,002285,世联行,2.17,3.83,2.06,-267.72,2.088333856115,0.3178148,63.33490579,1453,2382,72.4,2026-08-24,3.91,45.9,False
800,002286,保龄宝,7.92,1.93,0.85,13.9,7.762039277852,0.1766848,60.77690787,-592,3204,78.4,2026-08-24,2.04,47.6,False
801,002287,奇正藏药,20.0,1.37,0.19,15.41,19.601289714342,0.0978272,63.372831,-1210,2370,73.6,2026-08-24,2.03,46.6,False
802,002289,宇顺电子,38.95,-0.56,0.77,55.4,39.796849587894,0.338785686275,71.53724351,-213,491,79.6,2026-08-24,-2.13,56.9,False
803,002290,禾盛新材,60.69,-2.85,1.09,55.27,62.356307384683,0.3294212,67.18489684,-724,1302,74.0,2026-08-24,-2.67,49.7,False
804,002291,遥望科技,5.14,1.18,0.97,15.68,5.079506322183,0.2282004,60.96957029,995,3138,82.8,2026-08-24,1.19,50.5,False
805,002292,奥飞娱乐,8.03,3.75,2.89,34.08,7.756403117127,0.1765796,61.05772223,384,3112,84.4,2026-08-24,3.53,51.5,False
806,002293,罗莱生活,11.57,-2.2,0.52,19.43,11.710464955589,0.1731976,76.41200783,702,102,70.4,2026-08-24,-1.2,53.8,False
807,002294,信立泰,31.55,-0.22,0.74,45.43,31.936609306219,0.285082,63.70037411,199,2256,78.8,2026-08-24,-1.21,50.2,False
808,002295,精艺股份,9.05,0.0,0.52,78.7,8.996066144742,0.0469528,62.98120582,-616,2487,68.8,2026-08-24,0.6,43.3,False
809,002296,辉煌科技,8.94,2.17,1.31,14.76,8.745906171852,0.164724,59.57759768,-1348,3579,73.6,2026-08-24,2.22,43.8,False
810,002297,博云新材,17.08,-2.18,4.37,28.75,17.315609655412,0.1676224,63.54188683,-1191,2317,75.2,2026-08-24,-1.36,47.8,False
811,002298,中电鑫龙,7.86,-1.01,1.5,33.86,7.906558436755,0.2240668,49.97345284,-24,5123,86.4,2026-08-24,-0.59,43.2,False
812,002299,圣农发展,16.33,2.25,0.68,20.19,15.799768189735,0.1986712,68.71254972,105,949,80.8,2026-08-24,3.36,55.5,False
813,002300,太阳电缆,6.67,0.76,0.84,74.78,6.607486630306,0.16113,56.83892485,-470,4332,79.2,2026-08-24,0.95,45.0,False
814,002301,齐心集团,7.63,0.39,0.91,35.98,7.627004548124,0.3049188,70.45733668,2485,629,69.2,2026-08-24,0.04,48.8,False
815,002302,西部建设,4.72,1.72,0.31,-14.31,4.63813418536,0.1262892,55.90268858,-197,4504,80.0,2026-08-24,1.77,44.7,False
816,002303,美盈森,4.78,1.27,1.52,28.18,4.670509971348,0.3161132,63.16064296,-400,2433,76.8,2026-08-24,2.34,48.5,False
817,002304,洋河股份,39.19,0.36,0.11,6.03,39.00640333679,0.186102,60.18341541,463,3393,84.4,2026-08-24,0.47,50.8,False
818,002305,*ST南置,2.1,0.96,0.6,57.66,2.08865649004,0.334918,56.0137559,-19,4488,71.6,2026-08-24,0.54,40.1,False
819,002306,ST云网,2.22,5.71,2.01,-50.51,2.083861660048,0.3191792,67.24682933,-551,1284,72.8,2026-08-24,6.53,49.0,False
820,002307,北新路桥,2.94,2.08,0.89,-9.39,2.877998430459,0.21517,56.11101982,507,4471,73.2,2026-08-24,2.15,41.1,False
821,002309,中利集团,2.94,0.34,1.53,38.47,2.939693461548,0.2608104,51.85110392,50,5028,84.8,2026-08-24,0.01,44.0,False
822,002310,东方新能,2.33,1.3,0.66,-252.66,2.30876714987,0.3508072,54.76211806,-487,4714,83.6,2026-08-24,0.92,45.8,False
823,002311,海大集团,45.38,-1.99,0.52,23.32,46.096934909134,0.1576632,70.40609303,-223,637,78.4,2026-08-24,-1.56,55.2,False
824,002312,川发龙蟒,8.14,-1.21,0.58,34.01,8.256408356353,0.1848744,63.63978209,59,2284,76.0,2026-08-24,-1.41,48.4,False
825,002313,日海智能,8.65,-1.14,2.03,111.91,8.782091840523,0.1573988,61.42755193,-1320,2994,87.6,2026-08-24,-1.5,53.8,False
826,002314,南山控股,2.17,3.33,1.29,-10.27,2.10721271796,0.2682876,56.85314085,187,4327,68.8,2026-08-24,2.98,39.1,False
827,002315,焦点科技,25.3,0.64,0.71,26.63,25.378000178707,0.22445,69.55694942,-635,770,81.2,2026-08-24,-0.31,56.5,False
828,002316,亚联发展,4.48,1.13,1.31,308.25,4.402033762256,0.05876,57.97087164,-953,4061,71.2,2026-08-24,1.77,41.3,False
829,002317,众生药业,24.19,-4.54,3.18,92.26,25.51540192718,0.2317836,59.50667355,-1062,3603,80.4,2026-08-24,-5.19,47.8,False
830,002318,久立特材,19.33,-1.13,0.55,24.05,19.584964594409,0.2139204,72.71228478,651,363,77.2,2026-08-24,-1.3,56.1,False
831,002319,乐通股份,10.98,0.73,2.1,171.7,11.074072152743,0.3223024,56.51453759,-1069,4402,66.8,2026-08-24,-0.85,37.8,False
832,002320,海峡股份,6.46,1.25,0.37,29.58,6.397057727918,0.1325968,62.41676148,387,2633,73.2,2026-08-24,0.98,45.7,False
833,002321,华英农业,2.06,1.98,0.68,-72.8,2.009389836411,0.1778032,60.55928772,51,3264,73.2,2026-08-24,2.52,44.3,False
834,002322,理工能科,11.84,0.17,1.4,17.96,11.800394110844,0.1632004,69.35594267,277,828,76.4,2026-08-24,0.34,53.0,False
835,002323,*ST雅博,1.28,0.0,0.78,-60.94,1.284959977331,0.4972424,52.37409968,-898,4986,70.0,2026-08-24,-0.39,36.7,False
836,002324,普利特,8.85,-1.12,1.16,51.76,8.962122755837,0.1198064,62.41984924,-847,2631,72.8,2026-08-24,-1.25,45.4,False
837,002326,永太科技,19.09,-3.83,1.58,42.18,19.940554244753,0.2419932,55.8638716,-353,4511,83.6,2026-08-24,-4.27,46.7,False
838,002327,富安娜,6.69,0.0,0.27,21.58,6.660844853082,0.1552592,73.17937103,1076,317,70.0,2026-08-24,0.44,51.2,False
839,002328,新朋股份,7.24,1.12,2.34,13.31,7.126038955682,0.2052128,60.49907184,1443,3290,72.0,2026-08-24,1.6,43.6,False
840,002329,皇氏集团,3.8,4.68,9.62,194.21,3.63791958443,0.2246064,47.87591327,-147,5181,84.8,2026-08-24,4.46,40.6,False
841,002330,得利斯,4.11,2.49,1.34,71.11,4.003704486561,0.1541432,60.27514933,986,3361,75.6,2026-08-24,2.65,45.6,False
842,002331,皖通科技,6.93,1.91,0.84,-25.73,6.817279314775,0.1151516,55.0816928,235,4654,68.8,2026-08-24,1.65,37.9,False
843,002332,仙琚制药,8.53,1.07,0.59,22.47,8.395698758108,0.23233,70.02113988,191,698,72.8,2026-08-24,1.6,51.0,False
844,002333,罗普斯金,5.48,3.98,5.72,92.06,5.227184983189,0.2325552,68.00626177,1958,1098,78.4,2026-08-24,4.84,53.3,False
845,002334,英威腾,6.65,2.31,1.24,-44.86,6.535032943615,0.2497024,64.9194547,1959,1887,72.4,2026-08-24,1.76,47.0,False
846,002335,科华数据,29.96,0.81,1.0,72.43,29.806689926935,0.2270436,63.37997014,563,2366,79.6,2026-08-24,0.51,50.5,False
847,002337,赛象科技,4.71,2.39,0.67,92.98,4.606107282925,0.0412468,58.3027946,-639,3956,70.0,2026-08-24,2.26,40.8,False
848,002338,奥普光电,42.17,-1.7,0.77,81.37,42.631748634054,0.2103676,65.70464222,1200,1704,84.4,2026-08-24,-1.08,55.5,False
849,002339,积成电子,7.23,2.12,1.41,-12.42,7.064310728387,0.1505852,61.01219588,1597,3124,73.2,2026-08-24,2.35,44.7,False
850,002340,格林美,6.44,-1.38,0.63,15.72,6.540891624918,0.3616204,63.17258677,-960,2427,78.4,2026-08-24,-1.54,49.5,False
851,002342,巨力索具,7.42,-0.27,1.53,937.24,7.403515676097,0.1481456,51.15132196,-194,5067,74.4,2026-08-24,0.22,38.1,False
852,002343,慈文传媒,5.08,3.25,1.1,-45.81,4.958800485998,0.1033964,59.90798803,174,3483,76.0,2026-08-24,2.44,45.5,False
853,002344,海宁皮城,3.9,2.36,0.41,33.57,3.823725045487,0.1397248,60.03589033,-167,3438,69.2,2026-08-24,1.99,41.5,False
854,002345,潮宏基,9.59,-0.42,1.25,8.08,9.791704913829,0.1580952,71.12094715,-465,538,78.0,2026-08-24,-2.06,55.5,False
855,002346,柘中股份,20.34,-4.6,1.55,14.01,21.718349814575,0.1799464,62.00843936,-413,2806,83.2,2026-08-24,-6.35,51.6,False
856,002347,泰尔股份,5.96,1.88,1.42,-76.13,5.858149701029,0.1169192,53.81264162,-19,4840,74.0,2026-08-24,1.74,39.8,False
857,002348,高乐股份,11.05,-0.09,0.87,-188.97,11.037586476083,0.3334252,60.2179752,603,3383,82.8,2026-08-24,0.11,49.9,False
858,002349,精华制药,6.9,1.32,0.8,21.76,6.851375761395,0.2096116,64.19297471,236,2089,81.6,2026-08-24,0.71,52.4,False
859,002350,北京科锐,14.11,-0.84,0.45,-80.08,14.161003130144,0.3751444,58.83409996,-1583,3807,71.2,2026-08-24,-0.36,41.9,False
860,002351,漫步者,10.08,1.72,0.9,21.22,9.873109033352,0.1315048,74.07959615,302,247,79.2,2026-08-24,2.1,58.7,False
861,002352,顺丰控股,33.0,0.18,0.14,17.2,32.901133507004,0.3389228,74.04021926,707,251,85.2,2026-08-24,0.3,63.1,False
862,002353,杰瑞股份,140.05,-1.71,0.79,59.95,143.220752590524,0.3253728,69.48245783,-556,795,88.0,2026-08-24,-2.21,61.1,False
863,002354,天娱数科,6.89,-0.86,4.45,139.97,7.024614421342,0.2482336,59.16140846,458,3705,88.8,2026-08-24,-1.92,52.5,False
864,002355,兴民智通,4.74,0.85,1.77,-7.4,4.78369039835,0.1930124,58.69817915,1216,3842,80.8,2026-08-24,-0.91,47.4,False
865,002356,鹏飞绿能,2.75,1.48,0.68,-120.19,2.729770192072,0.1973332,60.55616096,-1925,3266,68.4,2026-08-24,0.74,41.4,False
866,002357,富临运业,10.89,0.0,1.32,13.02,10.946851583972,0.1941684,65.20720137,-621,1828,75.2,2026-08-24,-0.52,49.0,False
867,002358,森源电气,5.39,1.32,0.72,23.55,5.279993399278,0.2493004,58.6509842,-594,3860,72.0,2026-08-24,2.08,42.2,False
868,002360,ST同德,5.61,-1.75,0.49,-23.25,5.762544856611,0.3219056,57.18425998,-298,4244,64.4,2026-08-24,-2.65,36.8,False
869,002361,神剑股份,10.05,-0.5,3.47,-153.15,10.081551811883,0.1739872,48.91252461,-21,5157,85.6,2026-08-24,-0.31,41.9,False
870,002362,汉王科技,15.85,1.21,0.76,-22.92,15.650896850894,0.08836,56.29081428,-1208,4443,75.2,2026-08-24,1.27,42.3,False
871,002363,隆基机械,6.55,1.71,0.52,38.86,6.422003154727,0.0688356,61.75374324,659,2896,69.6,2026-08-24,1.99,43.0,False
872,002364,中恒电气,37.37,-0.35,3.1,211.15,37.559944664849,0.289366,58.67592171,-962,3851,84.8,2026-08-24,-0.51,49.8,False
873,002365,永安药业,15.03,-0.53,11.63,143.12,15.46742027748,0.32381,66.79293182,-1280,1393,92.0,2026-08-24,-2.83,61.4,False
874,002366,融发核电,5.63,0.72,0.55,290.23,5.584744063721,0.2395664,57.11488491,-929,4264,86.8,2026-08-24,0.81,49.6,False
875,002367,康力电梯,5.29,-1.12,0.84,21.99,5.331206505357,0.184354,59.89178417,188,3487,64.4,2026-08-24,-0.77,38.6,False
876,002368,太极股份,13.42,0.0,0.42,-11.85,13.56688284508,0.1516448,58.745244,-183,3826,82.4,2026-08-24,-1.08,48.4,False
877,002369,卓翼科技,5.86,0.17,1.29,-25.29,5.85022077734,0.1904384,55.33265314,-1954,4615,85.2,2026-08-24,0.17,47.1,False
878,002370,亚太药业,5.5,0.92,1.5,-396.24,5.49888041729,0.169536,59.29203435,-360,3666,83.6,2026-08-24,0.02,49.6,False
879,002371,北方华创,693.45,-2.04,0.59,76.96,710.538294966794,0.4672692,67.56007614,-338,1200,89.2,2026-08-24,-2.4,60.3,False
880,002372,伟星新材,8.51,1.31,0.26,17.37,8.355510293501,0.1186948,68.77084204,306,939,77.6,2026-08-24,1.85,53.4,False
881,002373,千方科技,7.55,1.89,0.57,-286.0,7.400523239342,0.2025824,63.85103112,-779,2212,75.2,2026-08-24,2.02,48.0,False
882,002374,中锐股份,3.07,0.99,0.48,-6.89,3.045259367302,0.2657748,50.35526141,-475,5108,69.6,2026-08-24,0.81,35.0,False
883,002375,亚厦股份,3.66,2.23,0.61,18.67,3.567423717173,0.2071508,70.3442195,55,647,65.6,2026-08-24,2.6,46.1,False
884,002376,新北洋,6.79,0.59,0.89,51.76,6.725273415868,0.2037544,66.56951131,1329,1456,77.6,2026-08-24,0.96,51.7,False
885,002377,国创高新,2.73,1.49,1.29,91.58,2.671915672121,0.1473052,62.69368886,-139,2552,70.0,2026-08-24,2.17,43.9,False
886,002378,章源钨业,24.53,-3.99,1.33,21.43,25.676370327366,0.2311768,66.55301034,-876,1458,82.8,2026-08-24,-4.46,55.1,False
887,002379,宏桥控股,17.91,-2.98,1.46,7.46,18.414099624926,0.3087088,73.57359435,145,288,81.2,2026-08-24,-2.74,59.7,False
888,002380,科远智慧,27.32,-0.44,1.33,20.23,27.332856756111,0.2144128,71.78580923,298,462,73.2,2026-08-24,-0.05,52.5,False
889,002381,双箭股份,5.53,1.1,0.59,33.12,5.458659697261,0.0824632,63.29849321,1539,2393,68.0,2026-08-24,1.31,43.0,False
890,002382,蓝帆医疗,5.89,-0.17,1.26,31.01,5.895559652175,0.12429,58.05106873,74,4034,74.0,2026-08-24,-0.09,43.0,False
891,002383,合众思壮,6.98,3.56,1.97,3052.42,6.733346002254,0.1650632,57.28616499,223,4222,74.4,2026-08-24,3.66,42.6,False
892,002384,东山精密,190.34,-1.68,2.26,58.95,195.600985851304,0.487886,66.63780253,-1198,1433,94.0,2026-08-24,-2.69,62.6,False
893,002385,大北农,3.28,2.5,3.19,-20.07,3.203296080569,0.3182312,63.29655899,-268,2394,93.2,2026-08-24,2.39,59.0,False
894,002386,天原股份,5.84,-1.02,0.58,24.82,5.860040577243,0.342206,58.865306,-310,3800,72.4,2026-08-24,-0.34,42.6,False
895,002387,维信诺,7.17,-3.37,0.89,-4.0,7.472522725573,0.2455984,58.36716473,-2544,3930,87.2,2026-08-24,-4.05,50.9,False
896,002388,新亚制程,6.16,-0.65,3.97,169.83,6.137097622399,0.292776,68.01270212,1435,1097,82.0,2026-08-24,0.37,55.8,False
897,002389,航天彩虹,17.59,0.57,0.45,42.84,17.524458066165,0.22411,53.75146267,30,4853,83.2,2026-08-24,0.37,44.7,False
898,002390,信邦制药,3.05,1.67,0.58,30.46,3.014456645243,0.213116,67.89266355,446,1124,73.6,2026-08-24,1.18,50.0,False
899,002391,长青股份,5.15,0.98,1.07,31.0,5.094747348809,0.1864732,55.80694595,-15,4525,68.4,2026-08-24,1.08,38.2,False
900,002392,北京利尔,7.67,0.0,0.53,17.5,7.589382485835,0.2659012,68.67728662,-330,960,68.4,2026-08-24,1.06,47.0,False
901,002393,力生制药,14.01,1.37,0.48,27.57,14.015927997519,0.185638,61.46450026,-989,2986,75.2,2026-08-24,-0.04,46.2,False
902,002394,联发股份,9.83,2.4,1.21,82.12,9.543545704445,0.1248996,69.13272938,208,872,66.8,2026-08-24,3.0,46.2,False
903,002395,双象股份,12.08,-0.98,0.67,19.95,12.18254346967,0.0860724,62.39295412,101,2645,69.6,2026-08-24,-0.84,43.4,False
904,002396,星网锐捷,31.05,-3.21,4.61,31.68,32.251654775613,0.374702,68.46761237,-992,1005,94.4,2026-08-24,-3.73,64.6,False
905,002397,梦洁股份,3.56,2.3,1.72,39.13,3.499547093714,0.1579604,60.43330673,-417,3308,69.2,2026-08-24,1.73,41.8,False
906,002398,垒知集团,4.15,1.22,1.06,24.71,4.100413996702,0.18583,60.21823064,-657,3381,70.0,2026-08-24,1.21,42.2,False
907,002399,海普瑞,10.18,1.8,0.43,19.91,10.17611924777,0.2159288,62.96368238,-244,2490,82.4,2026-08-24,0.04,51.9,False
908,002400,省广集团,6.43,1.42,1.64,183.06,6.33347885016,0.2453176,63.14228243,-60,2440,86.4,2026-08-24,1.52,54.6,False
909,002401,中远海科,12.39,1.89,0.59,157.72,12.178227444285,0.0999068,62.38364882,-168,2651,75.6,2026-08-24,1.74,47.2,False
910,002402,和而泰,18.39,1.1,1.46,35.42,18.320584818482,0.2146344,61.50790465,-286,2971,82.4,2026-08-24,0.38,50.7,False
911,002403,爱仕达,9.43,1.62,0.69,-76.6,9.2893090167,0.1064292,50.44971528,-97,5100,74.8,2026-08-24,1.51,37.7,False
912,002404,嘉欣丝绸,5.74,1.06,1.46,15.71,5.657262664509,0.227446,66.68832467,-39,1418,66.0,2026-08-24,1.46,44.0,False
913,002405,四维图新,6.41,2.07,0.97,-26.29,6.285019443289,0.225636,64.29240422,521,2063,78.0,2026-08-24,1.99,50.1,False
914,002406,远东传动,6.64,0.76,0.76,24.12,6.582948599429,0.1610548,64.03309775,-1186,2148,74.0,2026-08-24,0.87,47.4,False
915,002407,多氟多,33.31,-3.64,5.44,38.73,34.915404298835,0.295274,58.18624704,53,3993,89.6,2026-08-24,-4.6,52.1,False
916,002408,齐翔腾达,5.43,2.84,1.28,66.31,5.264127943309,0.3026868,65.11237433,602,1847,75.2,2026-08-24,3.15,49.0,False
917,002409,雅克科技,135.22,-3.82,4.22,60.33,139.852662919538,0.3894756,71.11118996,2379,540,88.4,2026-08-24,-3.31,62.9,False
918,002410,广联达,8.45,-5.06,1.9,34.84,8.901439978613,0.205674,74.38293458,646,227,80.4,2026-08-24,-5.07,59.8,False
919,002412,汉森制药,12.33,9.99,19.51,29.1,11.065218514658,0.4276128,76.71829684,634,86,89.6,2026-08-24,11.43,68.7,False
920,002413,雷科防务,7.62,1.06,1.24,-277.41,7.551340897424,0.1750048,55.62487705,-1020,4562,76.4,2026-08-24,0.91,42.5,False
921,002414,高德红外,12.89,-3.88,1.38,37.61,13.391486858661,0.3260044,73.08129727,-32,325,81.6,2026-08-24,-3.74,59.6,False
922,002415,海康威视,35.1,2.78,0.41,20.37,34.44384060952,0.4148344,76.84177583,-42,83,93.2,2026-08-24,1.91,71.6,False
923,002416,爱施德,9.37,0.43,0.5,124.96,9.337615804027,0.2102496,70.0885676,1200,686,77.6,2026-08-24,0.35,54.4,False
924,002418,康盛股份,4.05,10.05,7.62,238.06,3.68888995088,0.1797812,56.14630022,-2278,4465,78.8,2026-08-24,9.79,44.2,False
925,002419,天虹股份,4.69,1.74,0.44,9.04,4.608124335304,0.2436668,67.95783114,-80,1114,74.8,2026-08-24,1.78,50.8,False
926,002420,毅昌科技,5.94,1.89,0.98,29.13,5.784204299351,0.0720308,67.09400134,911,1324,68.0,2026-08-24,2.69,45.6,False
927,002421,达实智能,3.05,1.33,3.37,-177.7,3.005894343398,0.2493292,51.63933192,48,5037,80.4,2026-08-24,1.47,41.5,False
928,002422,科伦药业,41.66,0.53,1.08,36.52,42.313873795811,0.3363804,66.40114068,-565,1506,87.6,2026-08-24,-1.55,58.2,False
929,002423,中粮资本,9.61,3.33,1.9,12.07,9.335093863889,0.2705028,72.29581911,1702,399,79.2,2026-08-24,2.94,57.3,False
930,002424,ST百灵,4.54,-0.22,0.24,105.65,4.570894437587,0.259542,57.74321606,469,4119,74.4,2026-08-24,-0.68,43.0,False
931,002425,凯撒文化,3.05,1.67,1.77,61.53,2.993303293069,0.193766,52.58922402,193,4972,83.2,2026-08-24,1.89,43.8,False
932,002426,胜利精密,2.61,0.38,0.95,-22.56,2.576087749999,0.320616,51.37259609,72,5055,72.8,2026-08-24,1.32,37.4,False
933,002427,尤夫股份,4.5,-1.96,2.14,-55.28,4.531347590381,0.1781556,61.62097075,1625,2941,76.0,2026-08-24,-0.69,46.8,False
934,002428,云南锗业,92.7,-2.8,5.23,1662.0,96.294704062669,0.3913448,52.80370028,-72,4956,94.8,2026-08-24,-3.73,50.1,False
935,002429,兆驰股份,7.84,-1.38,0.65,45.36,7.985846617854,0.3077536,64.7133803,-464,1939,80.0,2026-08-24,-1.83,51.8,False
936,002430,杭氧股份,23.06,0.87,0.58,21.28,22.860218644986,0.276616,67.09164793,-832,1325,79.2,2026-08-24,0.87,53.1,False
937,002431,ST棕榈,1.4,0.72,0.6,-4.98,1.396764030308,0.3707492,51.0290704,-587,5073,71.2,2026-08-24,0.23,36.3,False
938,002432,九安医疗,63.94,-4.95,2.9,4.85,67.494210361653,0.3361336,63.26437915,559,2402,81.6,2026-08-24,-5.27,51.6,False
939,002434,万里扬,5.83,3.0,0.77,26.6,5.665205667997,0.1851868,55.27442614,-118,4627,75.2,2026-08-24,2.91,41.6,False
940,002436,兴森科技,32.84,-1.2,2.72,252.55,33.138123764026,0.3387524,60.21442293,-2756,3384,94.0,2026-08-24,-0.9,56.6,False
941,002437,誉衡药业,4.17,5.84,30.07,24.49,4.087188264625,0.3449304,62.58799638,193,2579,92.0,2026-08-24,2.03,57.6,False
942,002438,江苏神通,13.57,0.59,0.47,22.87,13.529675830011,0.221602,63.84634064,189,2214,79.2,2026-08-24,0.3,50.6,False
943,002439,启明星辰,13.2,-0.08,0.67,259.7,13.257588785901,0.293242,56.67717068,-367,4366,81.2,2026-08-24,-0.43,46.0,False
944,002440,闰土股份,11.86,-4.35,1.91,18.14,12.309629236736,0.3215204,71.07104208,1166,549,78.0,2026-08-24,-3.65,55.4,False
945,002441,众业达,7.85,1.68,0.55,11.15,7.733608266204,0.1156932,59.07712013,-17,3732,69.2,2026-08-24,1.51,40.9,False
946,002442,龙星科技,4.93,1.02,0.92,70.24,4.904620729518,0.1508768,49.25441677,-72,5151,66.8,2026-08-24,0.52,32.9,False
947,002443,金洲管道,9.33,-0.74,1.91,28.32,9.352525370949,0.3681992,67.27759504,-283,1278,78.8,2026-08-24,-0.24,53.0,False
948,002444,巨星科技,29.46,3.04,0.52,17.07,28.787234695906,0.21491,65.89689347,-31,1659,77.2,2026-08-24,2.34,50.9,False
949,002445,中南文化,3.71,10.09,0.22,144.13,3.37,0.393914340909,69.87403946,2739,715,72.8,2026-08-24,10.09,50.9,False
950,002446,盛路通信,8.4,0.72,1.17,76.87,8.315439470789,0.2484768,58.73941529,209,3829,74.4,2026-08-24,1.02,43.7,False
951,002448,中原内配,12.43,0.49,1.27,9.22,12.349815810855,0.23672,70.08345325,-488,687,85.2,2026-08-24,0.65,59.7,False
952,002449,国星光电,6.53,0.31,1.52,-41.36,6.597604307971,0.2635728,58.19870778,-2575,3987,88.4,2026-08-24,-1.02,51.4,False
953,002451,摩恩电气,7.38,-0.14,3.43,282.26,7.412944593494,0.2030012,66.11449552,2163,1594,72.4,2026-08-24,-0.44,47.9,False
954,002452,长高电气,11.1,-0.54,0.58,30.4,11.23009927378,0.2039196,65.55374218,590,1744,72.0,2026-08-24,-1.16,47.2,False
955,002453,华软科技,4.39,0.92,1.01,-23.28,4.343133986741,0.135542,48.87294414,8,5159,70.4,2026-08-24,1.08,34.4,False
956,002454,松芝股份,5.12,1.39,0.83,18.07,4.967526853231,0.1948612,66.69546752,1969,1415,69.2,2026-08-24,3.07,46.2,False
957,002455,百川股份,7.62,5.54,9.49,38.9,7.199007472896,0.1873152,57.43663698,593,4188,77.2,2026-08-24,5.85,44.3,False
958,002456,欧菲光,7.06,1.73,0.96,-24.94,6.970499956194,0.324994,57.13108575,-1656,4260,79.6,2026-08-24,1.28,45.5,False
959,002457,青龙管业,10.71,0.09,1.93,123.11,10.786298027301,0.2499552,67.66116496,219,1178,78.0,2026-08-24,-0.71,52.8,False
960,002458,益生股份,8.75,-0.23,1.99,20.36,8.715711497656,0.2317848,67.5164295,-308,1208,84.4,2026-08-24,0.39,57.0,False
961,002459,晶澳科技,7.13,-0.28,0.33,-5.53,7.246999483792,0.2445816,53.78118848,-5,4848,75.2,2026-08-24,-1.61,40.4,False
962,002460,赣锋锂业,53.26,-4.26,2.21,15.2,55.954691508986,0.3770428,76.05657478,104,117,88.0,2026-08-24,-4.82,66.9,False
963,002461,珠江啤酒,8.67,1.17,0.1,26.78,8.550441706941,0.0759192,69.60795958,1369,759,70.8,2026-08-24,1.4,49.3,False
964,002462,嘉事堂,12.13,1.42,0.42,23.23,12.040861494526,0.1026212,61.39056923,-1160,3005,66.8,2026-08-24,0.74,41.0,False
965,002463,沪电股份,115.06,-0.44,0.97,44.57,115.451982150748,0.3759952,70.10307607,-574,684,91.6,2026-08-24,-0.34,64.2,False
966,002465,海格通信,9.86,0.41,0.95,-67.53,9.848941137034,0.223098,53.26709017,-272,4916,76.0,2026-08-24,0.11,40.5,False
967,002466,天齐锂业,46.83,-4.62,2.29,10.69,49.810194428955,0.3751668,70.60174377,-158,603,90.8,2026-08-24,-5.98,64.1,False
968,002467,二六三,4.49,1.13,1.01,-126.65,4.434318666892,0.2368428,53.77831363,0,4850,76.4,2026-08-24,1.26,41.1,False
969,002468,申通快递,13.97,-0.92,0.31,11.66,14.171797750007,0.2203968,66.7432933,-298,1401,77.2,2026-08-24,-1.42,51.5,False
970,002469,三维化学,6.52,-3.83,2.94,59.56,6.633216120861,0.2267512,74.15915409,-120,239,86.4,2026-08-24,-1.71,64.1,False
971,002470,金正大,1.95,1.04,2.84,140.01,1.933957996116,0.3409976,58.93841633,-1538,3774,76.4,2026-08-24,0.83,45.0,False
972,002471,中超控股,5.24,0.38,1.08,-282.46,5.194233063749,0.1677048,51.51112651,-80,5049,74.0,2026-08-24,0.88,38.1,False
973,002472,双环传动,35.42,0.54,0.72,26.49,35.389294792456,0.287858,62.23515617,-92,2705,88.0,2026-08-24,0.09,54.8,False
974,002474,榕基软件,6.14,2.16,1.8,-122.52,6.012124431657,0.1770832,54.34415078,-1689,4774,83.2,2026-08-24,2.13,45.2,False
975,002475,立讯精密,54.79,1.99,1.07,27.03,53.892239395198,0.398432,71.55219336,-292,488,88.8,2026-08-24,1.67,63.5,False
976,002476,新叶股份,5.09,0.79,0.73,64.0,5.019200249907,0.2116712,71.68957252,-307,469,80.4,2026-08-24,1.41,57.6,False
977,002478,常宝股份,6.49,3.18,2.36,21.76,6.164247751167,0.1882652,68.11030468,858,1073,82.4,2026-08-24,5.28,56.1,False
978,002479,富春环保,5.77,-0.52,1.64,7.78,5.814009069362,0.2300304,65.30239123,-1581,1805,78.8,2026-08-24,-0.76,51.5,False
979,002480,新筑股份,5.31,-0.38,0.32,-20.37,5.351212513776,0.168048,54.92985757,-286,4680,70.8,2026-08-24,-0.77,38.9,False
980,002481,双塔食品,4.22,2.18,0.59,78.53,4.127074008729,0.2119436,60.22807626,231,3378,76.4,2026-08-24,2.25,46.0,False
981,002482,广田集团,1.28,2.4,1.08,-52.67,1.255420838299,0.5232044,58.17722979,197,3998,69.6,2026-08-24,1.96,40.5,False
982,002483,润邦股份,5.29,-3.11,1.63,20.1,5.43376347256,0.2698232,69.52164742,415,782,75.2,2026-08-24,-2.65,52.3,False
983,002484,江海股份,58.82,-1.14,2.1,65.26,59.981909182434,0.3459108,63.47825872,-1841,2339,84.8,2026-08-24,-1.94,53.8,False
984,002485,ST雪发,6.0,0.17,0.24,-52.04,5.874603421563,0.1632492,56.63636463,287,4376,65.2,2026-08-24,2.13,36.9,False
985,002486,嘉麟杰,2.63,3.14,1.62,355.81,2.544445878599,0.1935108,59.71534825,53,3535,72.0,2026-08-24,3.36,43.0,False
986,002487,大金重工,34.67,-1.67,3.05,21.36,36.342938584464,0.2779416,65.60356373,-1383,1727,81.2,2026-08-24,-4.6,53.3,False
987,002488,金固股份,7.98,1.79,1.41,89.72,7.973986858585,0.272958,62.02135679,-174,2800,74.4,2026-08-24,0.08,46.1,False
988,002489,浙江永强,2.82,2.17,0.7,-760.49,2.754913578621,0.3388152,64.02994718,2391,2152,70.8,2026-08-24,2.36,45.3,False
989,002490,山东墨龙,8.36,2.2,8.34,308.24,7.980534666903,0.2208448,59.7628086,-2703,3518,85.6,2026-08-24,4.75,51.2,False
990,002491,通鼎互联,21.55,3.56,14.77,65.44,21.10055131484,0.376288,62.09602322,-1843,2762,96.0,2026-08-24,2.13,59.6,False
991,002492,恒基达鑫,5.53,2.6,1.03,28.53,5.430558994709,0.1087604,48.17380343,-6,5177,64.8,2026-08-24,1.83,31.2,False
992,002493,荣盛石化,13.23,-3.08,0.23,12.93,13.597523322266,0.335686,75.49802161,60,140,87.2,2026-08-24,-2.7,65.8,False
993,002494,华斯股份,4.82,0.63,2.52,-126.52,4.774664872289,0.0792008,59.97333991,-1904,3458,67.6,2026-08-24,0.95,40.5,False
994,002495,佳隆股份,2.4,1.27,1.68,158.11,2.354838141032,0.1418616,59.60385908,134,3571,69.2,2026-08-24,1.92,41.2,False
995,002496,辉丰股份,2.05,1.99,1.36,82.58,2.028620952031,0.254696470588,49.49002393,-598,5142,69.6,2026-08-24,1.05,34.4,False
996,002497,雅化集团,18.74,-4.09,2.26,15.94,19.740022004126,0.283564,66.84709662,-1119,1376,84.8,2026-08-24,-5.07,56.7,False
997,002498,汉缆股份,6.21,0.32,0.6,32.2,6.178155947804,0.2077512,63.22220778,-911,2414,84.8,2026-08-24,0.52,53.6,False
998,002500,山西证券,5.3,0.95,0.25,18.65,5.25549940318,0.2736032,60.79180269,1458,3194,73.6,2026-08-24,0.85,44.7,False
999,002501,*ST利源,1.26,0.0,0.28,-86.69,1.270340374084,0.3912376,49.49514541,-531,5141,70.8,2026-08-24,-0.81,35.0,False
1000,002506,协鑫集成,2.65,-4.68,5.85,-20.74,2.793413017521,0.3620708,66.12507726,1900,1587,74.8,2026-08-24,-5.13,49.5,False
1001,002507,涪陵榨菜,11.3,0.98,0.38,11.96,11.190696383259,0.2490216,72.59200438,921,371,82.4,2026-08-24,0.98,59.8,False
1002,002508,老板电器,16.6,0.18,0.42,12.79,16.521946565057,0.134424,71.64061262,-171,473,81.6,2026-08-24,0.47,58.5,False
1003,002510,天汽模,5.71,3.82,1.54,98.67,5.493712421109,0.1780308,54.09590066,-788,4801,75.2,2026-08-24,3.94,40.7,False
1004,002511,中顺洁柔,7.11,0.99,0.42,20.2,7.006150898056,0.2534068,69.75848845,496,735,76.4,2026-08-24,1.48,53.3,False
1005,002512,ST达华,3.97,-1.49,0.92,30.03,4.053499472434,0.2825192,58.82577851,-1275,3810,74.4,2026-08-24,-2.06,43.8,False
1006,002513,蓝丰生化,5.32,1.14,1.75,-33.66,5.29145904158,0.105166,58.09122357,157,4024,68.8,2026-08-24,0.54,40.0,False
1007,002514,*ST宝馨,1.69,3.05,3.3,-24.24,1.673253044302,0.2906384,47.70683068,-166,5183,72.4,2026-08-24,1.0,34.5,False
1008,002515,金字火腿,8.35,4.77,4.59,-621.79,7.98739520364,0.400962,65.13323646,-419,1839,86.0,2026-08-24,4.54,56.0,False
1009,002516,旷达科技,5.32,1.72,0.4,35.76,5.245741951638,0.2373548,62.68791283,-754,2554,70.8,2026-08-24,1.42,44.4,False
1010,002517,恺英网络,16.56,0.06,1.22,11.33,16.441190186219,0.3767312,73.4007291,795,299,86.0,2026-08-24,0.72,63.1,False
1011,002518,科士达,34.47,0.06,1.67,36.19,33.903197355425,0.2886968,73.30273185,325,310,78.0,2026-08-24,1.67,57.2,False
1012,002519,银河电子,5.29,1.34,1.04,547.57,5.20715456252,0.148484,55.93794282,-1192,4497,73.6,2026-08-24,1.59,41.2,False
1013,002520,日发精机,5.82,0.52,1.86,32.27,5.793578760125,0.2404688,54.10409274,-552,4800,84.4,2026-08-24,0.46,45.7,False
1014,002521,齐峰新材,6.73,0.6,0.51,23.69,6.720290230545,0.1507772,66.0913709,1419,1600,64.8,2026-08-24,0.14,42.8,False
1015,002522,浙江众成,5.29,0.95,2.74,44.42,5.256747229357,0.2888476,69.2091867,2652,858,74.0,2026-08-24,0.63,51.2,False
1016,002523,天桥起重,3.43,1.18,1.16,36.79,3.397640880687,0.3166308,70.27962839,1066,657,71.2,2026-08-24,0.95,50.0,False
1017,002524,光正眼科,3.98,1.27,2.31,57.69,3.956141649116,0.165934,55.29013594,-817,4623,74.0,2026-08-24,0.6,40.9,False
1018,002526,山东矿机,2.69,2.28,0.88,381.71,2.63578354971,0.248656,55.51264832,-40,4587,74.0,2026-08-24,2.06,41.1,False
1019,002527,新时达,11.13,1.0,0.57,-245.58,10.971079995944,0.1826496,53.80688864,55,4842,74.4,2026-08-24,1.45,40.0,False
1020,002528,*ST英飞,6.3,4.48,2.47,-34.21,5.941945571047,0.425262,62.43962615,-1260,2624,83.2,2026-08-24,6.03,51.9,False
1021,002529,海源复材,6.98,0.87,0.75,-18.67,6.979802360584,0.0929592,54.13908192,12,4797,70.4,2026-08-24,0.0,38.1,False
1022,002530,金财互联,7.26,3.42,1.63,65.07,7.025169573458,0.1824464,61.04886095,-914,3115,77.2,2026-08-24,3.34,47.1,False
1023,002531,天顺风能,6.05,0.17,0.61,65.64,6.051431033429,0.19906,56.66866502,-745,4368,77.6,2026-08-24,-0.02,44.0,False
1024,002532,天山铝业,12.46,-1.89,0.89,6.9,12.661402414717,0.339946,69.57310472,-609,768,87.6,2026-08-24,-1.59,60.9,False
1025,002533,金杯电工,11.22,0.63,0.25,12.99,11.162322548423,0.1864468,69.53749425,28,775,74.8,2026-08-24,0.52,52.0,False
1026,002534,西子洁能,14.69,-2.72,0.57,-121.94,15.028591024712,0.1788564,62.454618,-1466,2619,76.4,2026-08-24,-2.25,47.7,False
1027,002535,林州重机,2.52,1.61,1.03,95.89,2.485943746151,0.0813352,59.06955588,194,3737,70.4,2026-08-24,1.37,41.6,False
1028,002536,飞龙股份,49.87,2.19,7.91,189.31,49.809933097088,0.4838152,68.9371711,-642,910,92.4,2026-08-24,0.12,63.7,False
1029,002537,海联金汇,6.31,7.68,6.41,28.35,5.869402181539,0.2043124,65.93718868,426,1643,78.0,2026-08-24,7.51,51.4,False
1030,002538,ST司特,7.3,0.0,0.43,22.54,7.304406708591,0.4177116,70.92143722,265,569,71.2,2026-08-24,-0.06,50.5,False
1031,002539,云图控股,12.74,-0.55,1.25,12.67,12.868594361081,0.176966,66.45025339,-1081,1490,73.2,2026-08-24,-1.0,48.6,False
1032,002540,亚太科技,5.09,-0.78,0.36,39.62,5.128001203476,0.0844692,65.12153426,-695,1845,72.0,2026-08-24,-0.74,46.9,False
1033,002541,鸿路钢构,19.64,0.61,0.68,22.95,19.778901971954,0.129308,69.37288389,-451,822,77.6,2026-08-24,-0.7,53.8,False
1034,002542,*ST中岩,1.85,-2.12,0.78,-9.74,1.895884435622,0.3553812,60.60674803,-1550,3252,74.8,2026-08-24,-2.42,45.3,False
1035,002543,万和电气,7.32,-0.81,1.38,17.09,7.285274092116,0.1631132,74.43428918,670,221,85.2,2026-08-24,0.48,63.4,False
1036,002544,普天科技,15.91,-0.06,0.54,-163.35,16.009644062873,0.1900264,60.98360416,-1147,3134,75.6,2026-08-24,-0.62,46.1,False
1037,002545,东方铁塔,17.02,-2.52,0.65,13.17,17.585574391219,0.1500788,68.81420031,-19,933,72.4,2026-08-24,-3.22,49.8,False
1038,002546,新联电子,7.85,0.38,0.6,7.23,7.806081886791,0.1837272,60.02885135,-870,3441,75.6,2026-08-24,0.56,45.4,False
1039,002547,*ST春兴,2.5,0.4,0.99,-14.08,2.542147445937,0.2499196,53.05898125,-492,4936,74.0,2026-08-24,-1.66,39.3,False
1040,002548,金新农,4.08,1.75,1.93,-4.57,4.022208376704,0.2233472,56.57789386,-398,4387,76.4,2026-08-24,1.44,43.2,False
1041,002549,凯美特气,13.21,-1.71,0.85,209.51,13.465813111796,0.1401484,53.59163657,-1145,4878,79.6,2026-08-24,-1.9,42.7,False
1042,002550,千红制药,6.52,0.31,0.75,27.3,6.57421751158,0.2107952,65.19308174,-629,1829,81.2,2026-08-24,-0.82,52.9,False
1043,002551,尚荣医疗,3.35,2.13,1.18,-90.53,3.284447511534,0.0806384,54.79341591,62,4707,78.4,2026-08-24,2.0,43.0,False
1044,002552,宝鼎科技,54.45,-5.88,5.48,77.68,56.023282217768,0.3375392,74.3015246,1214,234,91.6,2026-08-24,-2.81,68.1,False
1045,002553,南方精工,15.09,0.94,1.76,5154.68,14.985359876556,0.1466952,64.90546858,-939,1890,89.6,2026-08-24,0.7,58.2,False
1046,002554,惠博普,2.97,2.41,1.51,-36.48,2.879466604813,0.2561952,56.02918126,-1475,4484,72.4,2026-08-24,3.14,40.6,False
1047,002555,三七互娱,18.42,0.11,0.52,11.67,18.379896782154,0.3491956,67.12265561,219,1320,86.8,2026-08-24,0.22,58.3,False
1048,002556,辉隆股份,5.17,1.17,0.99,21.47,5.087251124728,0.210106,69.71762022,734,745,75.6,2026-08-24,1.63,52.7,False
1049,002557,洽洽食品,18.76,0.59,0.92,19.3,18.552392199517,0.2291632,68.81843963,1899,932,80.0,2026-08-24,1.12,55.1,False
1050,002558,巨人网络,26.99,1.24,2.26,11.87,26.49783201695,0.3501344,78.8176777,783,39,86.4,2026-08-24,1.86,68.1,False
1051,002559,亚威股份,9.04,-1.95,2.59,63.97,9.200560932309,0.2039628,55.69944251,108,4548,79.6,2026-08-24,-1.75,44.3,False
1052,002560,通达股份,5.98,0.67,1.36,84.23,5.942007370451,0.1707732,61.8854667,285,2844,72.0,2026-08-24,0.64,44.6,False
1053,002561,徐家汇,6.89,3.77,1.62,-57.37,6.656016146716,0.0784052,56.745518,182,4356,73.2,2026-08-24,3.52,41.5,False
1054,002562,兄弟科技,4.98,4.18,3.07,40.39,4.802700740785,0.1925308,63.4530265,-780,2346,82.4,2026-08-24,3.69,52.3,False
1055,002563,森马服饰,5.91,1.37,0.4,16.61,5.780286077785,0.1976984,72.69966859,548,364,78.0,2026-08-24,2.24,56.7,False
1056,002564,天沃科技,4.36,1.87,0.74,-24.09,4.316343880151,0.1837164,55.90081409,-477,4505,73.6,2026-08-24,1.01,41.1,False
1057,002565,顺灏股份,8.41,-0.36,1.5,140.45,8.450742985316,0.1567916,52.32126168,-26,4990,73.2,2026-08-24,-0.48,38.3,False
1058,002566,益盛药业,6.88,2.08,1.84,42.43,6.727570078337,0.1467996,61.84133745,410,2857,68.4,2026-08-24,2.27,42.3,False
1059,002567,唐人神,3.7,2.49,1.03,-2.12,3.576957031491,0.2294312,61.81537873,-136,2875,76.8,2026-08-24,3.44,47.5,False
1060,002568,百润股份,17.92,0.11,0.45,19.49,17.940798266681,0.1776484,68.39818409,-593,1014,80.8,2026-08-24,-0.12,55.3,False
1061,002569,*ST步森,11.16,-0.09,0.35,-60.35,11.480693420149,0.307728,50.00742525,-959,5121,63.2,2026-08-24,-2.79,31.6,False
1062,002570,贝因美,4.51,2.5,0.86,31.26,4.414805122223,0.2903528,65.09485142,445,1853,75.2,2026-08-24,2.16,49.0,False
1063,002571,德力股份,10.75,1.8,0.67,-58.3,10.668519824334,0.3464948,59.10392327,162,3724,66.8,2026-08-24,0.76,39.5,False
1064,002572,索菲亚,8.2,1.23,0.55,-51.37,8.135149375918,0.1510892,63.10333591,-1068,2450,77.2,2026-08-24,0.8,48.7,False
1065,002573,清新环境,3.2,0.95,0.43,52.49,3.166595540061,0.2187148,59.22731582,-256,3686,73.2,2026-08-24,1.05,43.4,False
1066,002574,明牌珠宝,4.97,4.19,6.52,53.28,4.789230099592,0.2421896,64.82538623,1896,1908,70.4,2026-08-24,3.77,45.6,False
1067,002575,群兴玩具,5.0,2.88,2.35,-31.72,4.867927888669,0.1771604,55.85356028,325,4515,77.6,2026-08-24,2.71,43.3,False
1068,002576,通达动力,14.2,1.72,0.62,28.02,13.979522087795,0.1506616,64.42939708,-77,2020,71.6,2026-08-24,1.58,46.1,False
1069,002577,雷柏科技,18.39,-0.7,0.52,173.04,18.731983987105,0.1441596,65.89324884,684,1660,81.6,2026-08-24,-1.83,53.8,False
1070,002578,闽发铝业,3.89,0.0,1.81,-751.15,3.798470028979,0.233556,68.70060333,2631,954,84.4,2026-08-24,2.41,58.0,False
1071,002579,中京电子,13.48,-2.81,4.72,-45.96,13.996168874964,0.2724032,52.37359888,-263,4987,93.6,2026-08-24,-3.69,49.0,False
1072,002580,圣阳股份,20.46,-2.8,13.64,38.09,20.781596662957,0.5982016,76.20606825,3798,107,88.0,2026-08-24,-1.55,67.1,False
1073,002581,*ST未名,5.44,4.41,3.35,-16.55,5.372384358753,0.3417876,55.98474318,-2024,4489,83.2,2026-08-24,1.26,46.6,False
1074,002582,好想你,10.07,0.5,3.51,3.03,10.002368543331,0.2367392,57.91284035,-938,4072,90.8,2026-08-24,0.68,52.6,False
1075,002583,海能达,8.34,1.46,1.19,178.01,8.183222868019,0.2271948,63.36206671,545,2373,76.0,2026-08-24,1.92,48.2,False
1076,002584,西陇科学,8.01,-0.99,2.11,97.82,8.026802694636,0.2148436,60.63774445,1139,3243,74.0,2026-08-24,-0.21,44.9,False
1077,002585,双星新材,9.62,-2.04,3.17,119.93,9.801051509892,0.20849,56.82079444,-1422,4335,87.6,2026-08-24,-1.85,49.8,False
1078,002586,ST围海,4.34,-2.47,0.49,333.52,4.545375889476,0.3287028,62.25176432,-1563,2696,67.2,2026-08-24,-4.52,41.8,False
1079,002587,奥拓电子,5.4,1.31,1.02,129.3,5.328220642954,0.156694,56.92915795,-969,4309,75.6,2026-08-24,1.35,43.0,False
1080,002588,史丹利,7.71,0.52,0.81,8.16,7.690130276239,0.2487456,61.9415242,-1599,2824,75.2,2026-08-24,0.26,46.6,False
1081,002589,瑞康医药,3.1,2.65,5.53,209.45,3.053429511427,0.219398,58.13758002,-201,4010,84.4,2026-08-24,1.53,49.1,False
1082,002590,万安科技,9.46,1.39,0.51,39.9,9.42599550394,0.1325652,60.51462224,257,3281,75.6,2026-08-24,0.36,45.7,False
1083,002591,恒大高新,6.26,0.64,4.28,155.49,6.222168295577,0.1245556,63.22217765,1771,2415,70.0,2026-08-24,0.61,44.3,False
1084,002592,ST八菱,7.0,-0.99,1.46,17.23,6.95874464814,0.1949452,66.98791789,-843,1343,72.4,2026-08-24,0.59,48.5,False
1085,002593,日上集团,4.44,1.14,1.42,20.66,4.400078446808,0.1195144,69.50434984,1056,785,71.6,2026-08-24,0.91,49.8,False
1086,002594,比亚迪,90.27,-0.43,0.27,50.37,90.366447012965,0.4415396,78.34922055,31,47,89.6,2026-08-24,-0.11,70.2,False
1087,002595,豪迈科技,47.7,-0.75,0.07,26.84,48.049682632896,0.16913,71.53268115,48,492,74.8,2026-08-24,-0.73,53.5,False
1088,002596,海南瑞泽,3.22,0.94,1.14,-286.42,3.205009536018,0.2039008,57.89898392,-2090,4076,72.4,2026-08-24,0.47,41.9,False
1089,002597,金禾实业,19.88,0.61,0.32,29.44,19.79041421705,0.1842044,58.91606967,96,3783,73.2,2026-08-24,0.45,43.1,False
1090,002598,ST章鼓,6.65,1.06,0.3,30.17,6.544989300731,0.1517892,64.02369506,446,2156,70.4,2026-08-24,1.6,45.1,False
1091,002599,盛通股份,5.85,1.74,0.85,-101.46,5.730391522736,0.22283,60.67403803,17,3232,74.8,2026-08-24,2.09,45.4,False
1092,002600,领益智造,11.95,-1.08,0.47,61.94,12.214323079547,0.2795112,63.64857613,-975,2279,78.0,2026-08-24,-2.16,49.6,False
1093,002601,龙佰集团,15.42,0.33,0.21,49.15,15.484785219796,0.1863064,62.4785747,-553,2610,75.6,2026-08-24,-0.42,47.2,False
1094,002602,世纪华通,13.97,1.31,0.65,12.7,13.72429027642,0.350294,73.05510521,101,329,86.4,2026-08-24,1.79,63.1,False
1095,002603,以岭药业,15.8,-0.25,0.59,16.14,15.957485474272,0.2457552,65.26933736,-291,1816,88.8,2026-08-24,-0.99,58.0,False
1096,002605,姚记科技,17.44,1.04,0.54,13.02,17.290375833781,0.1355324,62.05188241,-952,2786,76.4,2026-08-24,0.87,47.4,False
1097,002606,大连电瓷,12.88,-2.87,2.04,18.27,13.221299386555,0.2290284,62.55323782,-1579,2592,76.8,2026-08-24,-2.58,48.0,False
1098,002607,中公教育,2.03,1.5,1.27,66.14,2.006120399363,0.3212152,60.99311635,348,3128,86.4,2026-08-24,1.19,52.7,False
1099,002608,江苏国信,7.04,0.28,0.14,7.31,7.02200154594,0.19768,62.18509607,656,2724,66.0,2026-08-24,0.26,41.0,False
1100,002609,捷顺科技,7.73,2.25,0.76,58.06,7.535233841558,0.148956,70.47767501,1081,626,70.8,2026-08-24,2.58,49.9,False
1101,002611,东方精工,14.51,0.35,0.66,2.3,14.539909872584,0.2463388,66.14738689,-1045,1582,84.0,2026-08-24,-0.21,55.6,False
1102,002612,朗姿股份,14.6,-0.48,1.0,32.73,14.787240927073,0.0827736,67.29422927,-14,1271,83.6,2026-08-24,-1.27,56.3,False
1103,002613,北玻股份,3.43,1.18,1.13,547.49,3.375068279798,0.2585888,63.32852391,-428,2383,69.6,2026-08-24,1.63,44.1,False
1104,002614,奥佳华,5.75,6.28,6.4,-13.56,5.28647018431,0.2258648,75.9742588,292,123,74.4,2026-08-24,8.77,56.5,False
1105,002615,哈尔斯,6.64,4.24,3.18,38.03,6.341071927335,0.1275764,59.08413134,-222,3729,70.8,2026-08-24,4.71,41.8,False
1106,002616,长青集团,4.79,1.05,0.7,10.35,4.735683673085,0.2047924,61.47985015,196,2984,71.6,2026-08-24,1.15,44.0,False
1107,002617,露笑科技,6.04,-0.33,1.23,40.65,6.056484467745,0.2244472,55.5738935,94,4573,76.4,2026-08-24,-0.27,42.5,False
1108,002620,*ST瑞和,5.69,-0.35,3.77,-24.5,5.466439578142,0.3613984,66.01316121,1337,1625,68.4,2026-08-24,4.09,45.2,False
1109,002622,皓宸医疗,2.54,2.83,1.7,-63.95,2.468025878109,0.1348748,65.48717667,403,1764,77.6,2026-08-24,2.92,50.8,False
1110,002623,亚玛顿,15.53,0.19,0.58,-19.34,15.438380825888,0.1435868,59.32221391,263,3655,71.6,2026-08-24,0.59,42.5,False
1111,002624,完美世界,10.89,0.65,0.9,-89.19,10.824323068216,0.2346188,58.27130925,555,3968,81.6,2026-08-24,0.61,47.5,False
1112,002625,光启技术,27.61,-0.75,0.28,84.43,27.915406502895,0.2714292,63.59867423,92,2297,76.8,2026-08-24,-1.09,48.8,False
1113,002626,金达威,16.7,2.33,0.59,38.81,16.570002531626,0.1956112,68.46278321,-76,1007,84.0,2026-08-24,0.78,57.5,False
1114,002627,三峡旅游,6.9,5.67,5.14,30.6,6.54612526475,0.1437876,61.6873121,-480,2918,68.4,2026-08-24,5.41,42.2,False
1115,002628,成都路桥,4.79,0.0,0.82,-55.07,4.787098552991,0.2704076,53.53588686,-121,4886,78.0,2026-08-24,0.06,41.8,False
1116,002629,仁智股份,4.83,2.11,1.38,-129.67,4.695846803088,0.0877296,62.27016713,92,2690,69.6,2026-08-24,2.86,43.3,False
1117,002630,*ST华西,1.62,0.62,0.38,-16.75,1.618468309402,0.309508,54.68607311,102,4727,71.2,2026-08-24,0.09,38.9,False
1118,002631,德尔未来,8.62,-1.26,2.07,-122.33,8.744632265502,0.3918968,67.43477202,-456,1236,84.8,2026-08-24,-1.43,57.2,False
1119,002632,道明光学,8.3,0.12,0.91,29.51,8.356164749911,0.1934148,63.25576925,-1243,2404,76.4,2026-08-24,-0.67,48.3,False
1120,002633,申科股份,14.4,1.55,0.51,110.32,14.247461849328,0.0709044,57.85320591,-1372,4091,64.8,2026-08-24,1.07,37.5,False
1121,002634,*ST棒杰,4.24,-0.47,0.47,-8.66,4.290980356618,0.2334248,52.54494785,-185,4977,64.0,2026-08-24,-1.19,33.6,False
1122,002635,安洁科技,15.13,-1.75,2.03,71.51,15.344953699049,0.2267904,55.58026771,116,4570,78.8,2026-08-24,-1.4,43.8,False
1123,002636,金安国纪,60.29,-0.3,2.06,54.36,60.164244885082,0.3077312,60.08093292,-2316,3427,85.6,2026-08-24,0.21,51.4,False
1124,002637,赞宇科技,11.11,-1.94,2.83,18.76,11.491133700546,0.2418036,67.83851825,106,1142,76.8,2026-08-24,-3.32,52.1,False
1125,002638,勤上股份,4.3,2.87,2.67,-66.1,4.19768486518,0.3612144,67.85535069,229,1136,84.0,2026-08-24,2.44,57.0,False
1126,002639,雪人集团,11.61,1.49,1.6,731.11,11.448946736975,0.1387624,55.37551027,-1195,4608,75.6,2026-08-24,1.41,41.9,False
1127,002640,跨境通,3.28,4.13,5.03,8.13,3.169632286616,0.2231124,54.17299668,20,4792,78.0,2026-08-24,3.48,42.3,False
1128,002641,公元股份,3.97,1.02,0.42,-38.24,3.940927559081,0.1419892,60.20154641,-1022,3388,68.8,2026-08-24,0.74,41.4,False
1129,002642,荣联科技,7.19,2.71,1.23,1457.84,6.976306478103,0.1540088,58.00518961,-414,4052,82.0,2026-08-24,3.06,47.6,False
1130,002643,万润股份,12.79,-1.46,1.05,33.01,12.946958517917,0.2543972,65.73041418,-475,1699,74.0,2026-08-24,-1.21,48.6,False
1131,002644,佛慈制药,8.39,2.57,1.68,53.91,8.231263110129,0.1751036,67.31225669,1253,1266,77.2,2026-08-24,1.93,52.0,False
1132,002645,华宏科技,18.47,-2.94,2.68,20.3,19.090928236362,0.2695748,67.83625083,-416,1143,78.0,2026-08-24,-3.25,52.9,False
1133,002646,天佑德酒,6.94,2.06,0.58,17.05,6.781675966048,0.0792108,61.26234066,116,3042,76.0,2026-08-24,2.33,46.6,False
1134,002647,仁东控股,11.46,-2.47,2.06,68.86,11.929729774256,0.45819,63.13948997,-1823,2441,87.6,2026-08-24,-3.94,55.3,False
1135,002648,卫星化学,26.67,0.38,0.61,7.21,26.516025120486,0.3086044,75.87409295,65,127,88.0,2026-08-24,0.58,66.8,False
1136,002649,博彦科技,9.78,3.82,2.3,124.4,9.402980971374,0.1999968,59.39900334,51,3636,82.8,2026-08-24,4.01,49.2,False
1137,002650,ST加加,6.21,0.0,0.11,50.81,6.251436519513,0.2274856,55.90576323,278,4502,66.4,2026-08-24,-0.66,37.1,False
1138,002651,利君股份,8.29,-3.72,4.09,67.99,8.36875602631,0.3793848,72.89464034,2649,345,89.6,2026-08-24,-0.94,65.3,False
1139,002652,扬子新材,4.03,2.54,1.45,-160.53,3.946606682776,0.1050852,57.38820283,56,4196,67.2,2026-08-24,2.11,38.6,False
1140,002653,海思科,63.41,-1.17,0.38,32.61,64.451364895241,0.2293952,72.16415755,-3,416,79.2,2026-08-24,-1.62,57.2,False
1141,002654,万润科技,13.61,-2.3,5.13,-535.58,13.911141049339,0.3364048,72.00774116,2594,433,81.2,2026-08-24,-2.16,58.5,False
1142,002655,共达电声,36.89,4.27,7.4,488.31,36.792288732191,0.4129788,63.8272757,-2102,2219,90.4,2026-08-24,0.27,57.7,False
1143,002656,摩登大道,2.98,1.02,0.82,-379.49,2.941815379983,0.199099215686,58.030839,974,4045,66.0,2026-08-24,1.3,38.3,False
1144,002657,中科金财,15.34,2.54,1.95,-18.17,15.076859892184,0.1501268,61.00994028,-107,3125,75.2,2026-08-24,1.75,45.9,False
1145,002658,雪迪龙,7.34,1.94,1.06,81.85,7.334061813799,0.1615216,62.34995759,-57,2663,79.2,2026-08-24,0.08,49.4,False
1146,002659,凯文教育,4.48,1.59,1.25,3473.3,4.384236247027,0.2643528,64.81440972,1019,1911,75.6,2026-08-24,2.18,49.0,False
1147,002660,茂硕电源,7.44,1.36,0.69,-43.59,7.361081820325,0.0723636,62.12617281,1347,2746,73.2,2026-08-24,1.07,45.5,False
1148,002661,克明食品,8.09,2.15,0.59,19.3,7.925706866896,0.0848856,58.04546815,175,4036,74.4,2026-08-24,2.07,43.2,False
1149,002662,峰璟股份,3.25,1.25,0.3,58.5,3.18010738649,0.2246536,62.06913957,-1020,2778,68.4,2026-08-24,2.2,42.5,False
1150,002663,普邦股份,1.69,3.68,1.14,-122.24,1.638222225881,0.2365812,55.82746764,-1060,4522,67.6,2026-08-24,3.16,37.7,False
1151,002664,信质集团,15.03,0.74,0.45,60.81,14.959195236585,0.1201028,59.31704218,412,3658,70.0,2026-08-24,0.47,41.5,False
1152,002666,德联集团,4.17,0.0,3.67,29.3,4.149281059209,0.1464848,66.62067581,1527,1439,69.2,2026-08-24,0.5,46.1,False
1153,002667,*ST威领,20.3,4.37,9.6,-135.02,19.369915730199,0.4786444,54.00662433,-2708,4813,87.2,2026-08-24,4.8,47.1,False
1154,002668,TCL智家,9.77,-0.31,0.81,10.35,9.502426588007,0.3330492,76.06638823,329,115,84.0,2026-08-24,2.82,63.9,False
1155,002669,康达新材,11.37,-0.7,2.07,60.14,11.498712684267,0.2273444,58.68279504,-939,3850,71.2,2026-08-24,-1.12,41.8,False
1156,002670,国盛证券,10.73,0.37,0.41,48.15,10.612137834698,0.2645544,54.329709,271,4777,78.0,2026-08-24,1.11,42.4,False
1157,002671,龙泉股份,3.96,1.54,0.92,-75.6,3.90519137391,0.1306004,67.3183551,1012,1265,69.2,2026-08-24,1.4,46.6,False
1158,002672,东江环保,3.72,2.2,0.41,-6.84,3.63652295068,0.1214892,61.53191383,1141,2965,63.2,2026-08-24,2.3,38.9,False
1159,002673,西部证券,6.54,1.08,0.26,25.69,6.462849957506,0.3436596,64.71081848,1813,1941,77.2,2026-08-24,1.19,50.0,False
1160,002674,兴业科技,26.28,-2.77,2.25,90.97,26.975151109519,0.3103952,64.83338284,-813,1906,81.6,2026-08-24,-2.58,52.9,False
1161,002675,东诚药业,12.92,1.17,0.43,56.83,12.864318250665,0.1771876,64.54462467,-93,1990,76.0,2026-08-24,0.43,49.1,False
1162,002676,顺威股份,5.14,1.78,0.91,35.22,5.026535328049,0.2341724,66.45292106,1018,1489,70.8,2026-08-24,2.26,47.0,False
1163,002677,浙江美大,6.89,3.14,0.69,382.44,6.692028631601,0.095795454545,62.30402149,425,2679,70.0,2026-08-24,2.96,43.6,False
1164,002678,珠江钢琴,4.81,0.21,0.44,-25.92,4.835919402653,0.1552304,59.00637093,362,3750,74.0,2026-08-24,-0.54,43.7,False
1165,002679,福建金森,9.47,2.38,1.52,-82.19,9.194865289188,0.055558,67.19995995,-720,1297,70.4,2026-08-24,2.99,47.3,False
1166,002681,奋达科技,4.38,0.92,0.75,-123.78,4.346561832321,0.1976148,54.27104742,-999,4782,80.0,2026-08-24,0.77,43.4,False
1167,002682,龙洲股份,4.65,2.65,3.96,-14.2,4.535092370595,0.1620388,53.69331319,-217,4863,88.8,2026-08-24,2.53,47.7,False
1168,002683,广东宏大,29.11,-0.72,0.64,21.26,29.532903153194,0.279514,72.82970747,16,352,76.8,2026-08-24,-1.43,55.9,False
1169,002685,华东重机,5.44,1.12,1.18,44.16,5.394093408206,0.2699984,60.57058729,923,3262,82.0,2026-08-24,0.85,49.7,False
1170,002686,亿利达,6.82,10.0,6.74,592.4,6.298022194975,0.2578932,66.2027418,-1163,1564,86.8,2026-08-24,8.29,57.5,False
1171,002687,乔治白,6.39,-3.47,5.39,138.48,6.365030228487,0.2952036,73.33696268,2836,306,70.4,2026-08-24,0.39,51.6,False
1172,002688,金河生物,5.22,0.77,0.5,16.12,5.162285163182,0.130798,66.07823946,1236,1602,72.8,2026-08-24,1.12,48.1,False
1173,002689,ST远智,2.87,0.35,0.18,-24.08,2.882192002336,0.234086,68.60204264,-421,974,72.8,2026-08-24,-0.42,49.9,False
1174,002690,美亚光电,15.31,0.59,0.27,29.12,15.2776847064,0.0936652,70.4765206,-191,627,74.8,2026-08-24,0.21,52.7,False
1175,002691,*ST冀凯,4.31,3.86,0.31,-12.96,4.155893520041,0.1362152,53.66286472,-707,4868,66.8,2026-08-24,3.71,35.8,False
1176,002692,远程股份,4.25,1.67,0.63,-22.14,4.206638010969,0.2141048,63.41994008,696,2353,68.8,2026-08-24,1.03,43.6,False
1177,002693,双成药业,8.79,-1.24,2.63,133.74,9.094311074791,0.2305108,59.2968607,171,3665,87.6,2026-08-24,-3.35,51.9,False
1178,002694,*ST顾地,2.24,5.16,0.59,-45.52,2.097705649434,0.0816256,60.74132264,-108,3214,63.6,2026-08-24,6.78,38.6,False
1179,002695,煌上煌,11.0,-1.79,1.38,35.68,11.187489011596,0.2902828,63.06165926,166,2463,77.6,2026-08-24,-1.68,48.9,False
1180,002696,百洋股份,6.2,1.81,3.34,-27.9,6.024270496722,0.1680164,67.65895505,1946,1182,74.4,2026-08-24,2.92,50.3,False
1181,002697,红旗连锁,4.57,2.24,1.04,11.6,4.47016944772,0.2008852,69.90968961,-505,710,74.8,2026-08-24,2.23,52.3,False
1182,002698,博实股份,12.23,-1.13,0.47,39.87,12.448274828581,0.3098036,62.07101463,-1958,2777,82.8,2026-08-24,-1.75,51.4,False
1183,002700,万憬能源,6.35,1.6,0.9,37.94,6.257455279467,0.1275464,61.8726536,303,2848,61.2,2026-08-24,1.48,37.9,False
1184,002701,奥瑞金,4.75,0.64,0.29,5.88,4.695163111326,0.2318612,75.21992496,981,158,70.4,2026-08-24,1.17,53.0,False
1185,002702,海欣食品,4.83,1.26,2.25,-91.31,4.770609482639,0.1509396,54.51163422,110,4749,82.8,2026-08-24,1.24,45.1,False
1186,002703,浙江世宝,15.87,9.98,12.34,62.94,14.784868069987,0.3928752,74.61135309,970,204,86.8,2026-08-24,7.34,64.8,False
1187,002705,新宝股份,11.27,2.18,0.47,33.53,11.066838863178,0.1777348,59.90211953,-159,3485,72.0,2026-08-24,1.84,43.1,False
1188,002706,良信股份,9.67,0.21,2.23,35.26,9.784213001891,0.2754244,67.38001872,-187,1249,84.8,2026-08-24,-1.17,57.1,False
1189,002707,众信旅游,5.35,1.33,2.37,132.85,5.277775939692,0.2361388,63.67790823,218,2264,80.0,2026-08-24,1.37,50.9,False
1190,002708,光洋股份,11.52,0.17,1.22,50.5,11.43275011221,0.3148528,69.88948267,648,711,78.0,2026-08-24,0.76,54.5,False
1191,002709,天赐材料,35.92,-4.16,2.3,12.8,38.077049585688,0.31784,69.36846072,-673,825,89.6,2026-08-24,-5.66,62.2,False
1192,002712,思美传媒,4.73,0.85,1.4,197.22,4.640485315117,0.1981232,68.85276349,77,924,74.0,2026-08-24,1.93,51.0,False
1193,002713,东易日盛,9.96,10.06,2.81,-139.16,9.21770003255,0.29155254902,54.20392205,8,4789,70.4,2026-08-24,8.05,38.2,False
1194,002714,牧原股份,39.62,2.03,0.93,-18.82,38.554585184598,0.411186,68.64006374,616,967,92.4,2026-08-24,2.76,63.4,False
1195,002715,登云股份,14.18,0.0,1.38,73.91,14.160935878638,0.1611508,64.06262432,1570,2136,71.6,2026-08-24,0.13,45.9,False
1196,002716,湖南白银,10.62,-7.33,14.81,89.15,11.234345527307,0.418622,78.30215296,-44,48,95.6,2026-08-24,-5.47,74.9,False
1197,002717,*ST岭南,0.99,3.13,1.89,-3.37,0.964536954759,0.4880632,49.31279924,17,5146,74.0,2026-08-24,2.64,36.5,False
1198,002718,友邦吊顶,81.96,-4.31,0.56,-5907.14,85.510649406688,0.2429456,58.34389395,937,3944,60.4,2026-08-24,-4.15,35.2,False
1199,002719,ST麦趣,6.1,1.5,0.67,-20.15,6.086265165691,0.1167588,49.94470572,-855,5124,70.0,2026-08-24,0.23,35.0,False
1200,002721,金一文化,2.8,-1.75,3.92,55.02,2.817389266404,0.328558,76.11227716,140,112,85.2,2026-08-24,-0.62,64.8,False
1201,002722,物产金轮,12.91,0.86,0.56,16.84,12.816970835286,0.0789808,66.64466687,181,1431,71.6,2026-08-24,0.73,47.7,False
1202,002723,小崧股份,7.43,0.81,1.12,-20.55,7.338808070283,0.248622,50.47783685,53,5099,64.4,2026-08-24,1.24,32.5,False
1203,002724,海洋王,6.65,4.07,4.84,90.3,6.373782451944,0.1776108,63.27228625,558,2399,80.4,2026-08-24,4.33,50.9,False
1204,002725,跃岭股份,11.16,1.0,0.71,-131.85,11.07277769552,0.0965312,54.89187004,-474,4687,72.0,2026-08-24,0.79,39.5,False
1205,002726,ST龙大,3.04,4.83,5.01,-1041.18,2.786994407157,0.322258,57.29632113,793,4219,84.0,2026-08-24,9.08,48.1,False
1206,002727,一心堂,11.61,1.57,0.88,9.67,11.482292087064,0.122032,69.43306033,-29,805,77.2,2026-08-24,1.11,53.6,False
1207,002728,特一药业,8.74,1.63,1.45,72.11,8.69405338745,0.1600648,59.75461974,-19,3524,76.4,2026-08-24,0.53,45.7,False
1208,002729,好利科技,13.61,0.74,0.76,64.88,13.528024340131,0.150884727273,63.83390996,1696,2217,66.0,2026-08-24,0.61,42.1,False
1209,002730,电光科技,20.91,0.19,0.91,86.59,20.829188302761,0.2003584,61.43074054,-1261,2993,72.0,2026-08-24,0.39,44.2,False
1210,002731,*ST萃华,1.26,-1.56,13.49,1.39,1.139533810365,0.21963172043,61.80488978,2237,2880,75.2,2026-08-24,10.57,46.5,False
1211,002732,燕塘乳业,13.9,1.68,0.31,11046.25,13.678130998081,0.0937296,59.13166873,-896,3714,69.6,2026-08-24,1.62,41.2,False
1212,002733,雄韬股份,18.21,-2.2,1.31,82.68,18.477067511396,0.1702548,60.53933238,1517,3272,72.8,2026-08-24,-1.45,44.1,False
1213,002734,利民股份,14.52,-0.48,1.65,12.61,14.801753655598,0.308002,68.9486302,882,905,75.2,2026-08-24,-1.9,51.8,False
1214,002735,王子新材,11.24,-0.88,2.22,104.58,11.371267441424,0.1552564,53.12805543,-1219,4926,74.4,2026-08-24,-1.15,39.5,False
1215,002736,国信证券,9.86,0.31,0.07,11.99,9.844228639596,0.3645372,67.5062103,-502,1214,77.2,2026-08-24,0.16,52.1,False
1216,002737,葵花药业,13.05,1.48,0.39,17.28,12.901980104677,0.0730892,60.53928091,-1274,3273,78.0,2026-08-24,1.15,47.2,False
1217,002738,中矿资源,49.68,-7.47,2.74,16.3,55.142114376336,0.3173892,77.21435972,16,76,88.4,2026-08-24,-9.91,68.3,False
1218,002739,儒意电影,8.27,0.73,1.02,50.23,8.256568085633,0.3334304,55.28998419,71,4624,85.6,2026-08-24,0.16,47.3,False
1219,002741,光华科技,24.61,-2.15,2.72,61.16,25.07086368331,0.2721544,64.04891864,-769,2141,84.0,2026-08-24,-1.84,53.8,False
1220,002742,冀衡医药,4.68,10.12,8.72,-79.49,4.238559884076,0.3229812,67.83495399,2931,1145,77.2,2026-08-24,10.41,52.4,False
1221,002743,富煌钢构,4.61,3.13,3.58,-11.12,4.551067289409,0.2204324,60.9682856,-543,3140,80.0,2026-08-24,1.29,48.8,False
1222,002745,木林森,11.04,-1.87,1.72,9.78,11.237314462148,0.3147228,59.19915768,-1449,3697,75.2,2026-08-24,-1.76,44.5,False
1223,002746,仙坛股份,6.33,0.96,1.52,15.09,6.1942124136,0.2771776,74.11693608,-68,243,74.4,2026-08-24,2.19,55.1,False
1224,002747,埃斯顿,31.03,0.68,3.27,93.08,31.171120353638,0.2873056,60.0003143,-2962,3448,94.4,2026-08-24,-0.45,56.6,False
1225,002748,世龙实业,12.07,1.51,2.26,14.47,12.006712540417,0.1661576,71.19457988,2085,529,74.0,2026-08-24,0.53,52.7,False
1226,002749,国光股份,8.67,1.05,0.27,13.14,8.634896740846,0.118372,67.81272907,-100,1148,72.8,2026-08-24,0.41,49.4,False
1227,002752,昇兴股份,5.92,1.72,0.61,9.54,5.850497908938,0.1412684,61.16252512,164,3075,66.8,2026-08-24,1.19,40.9,False
1228,002753,永东股份,6.86,0.59,1.45,551.06,6.737506620742,0.14546,65.33532405,2067,1800,69.2,2026-08-24,1.82,45.2,False
1229,002755,奥赛康,11.88,-0.75,0.72,32.64,12.366959845112,0.1613528,64.75476975,-50,1931,78.0,2026-08-24,-3.94,50.5,False
1230,002756,永兴材料,44.71,-6.37,2.47,12.57,48.365050811632,0.2440392,69.6041636,-79,761,78.0,2026-08-24,-7.56,54.3,False
1231,002757,南兴股份,15.77,0.38,1.12,26.82,15.693687361182,0.119734,60.80017962,483,3191,73.6,2026-08-24,0.49,44.7,False
1232,002758,浙农股份,8.08,2.02,0.94,19.35,7.952976538604,0.1745072,71.63174953,876,474,76.4,2026-08-24,1.6,54.7,False
1233,002759,ST天际,17.57,-4.25,3.07,19.5,18.616744669357,0.226846666667,59.15338289,-1907,3709,74.8,2026-08-24,-5.62,44.2,False
1234,002760,凤形股份,17.4,0.4,1.51,120.71,17.311473247928,0.0645084,60.35901915,403,3327,64.4,2026-08-24,0.51,38.9,False
1235,002761,浙江建投,7.18,1.99,0.53,19.07,7.03279136229,0.1328264,65.59338276,-992,1732,77.2,2026-08-24,2.09,50.6,False
1236,002762,金发拉比,9.48,-2.37,1.46,1974.49,9.849375530816,0.158291960784,59.11418222,-394,3718,80.8,2026-08-24,-3.75,47.8,False
1237,002763,汇洁股份,7.44,1.09,0.7,11.08,7.338019743503,0.11929,67.23950649,320,1286,72.0,2026-08-24,1.39,48.4,False
1238,002765,蓝黛科技,6.93,0.58,0.38,59.3,6.897127853537,0.1853864,61.85663575,1189,2853,76.4,2026-08-24,0.48,47.3,False
1239,002766,索菱股份,4.12,1.23,2.71,-43.09,4.127130004764,0.1822236,55.82147408,80,4523,81.2,2026-08-24,-0.17,45.3,False
1240,002767,先锋电子,17.76,-0.5,0.56,99.3,17.911331271091,0.1015424,64.87933999,649,1894,71.6,2026-08-24,-0.84,46.5,False
1241,002768,国恩股份,60.78,1.22,2.05,25.85,61.580751207642,0.3343576,76.18693001,-98,109,81.2,2026-08-24,-1.3,61.9,False
1242,002769,普路通,6.96,0.87,0.93,80.32,6.930933891552,0.0723608,53.54767162,-116,4884,70.0,2026-08-24,0.42,37.5,False
1243,002771,真视通,12.2,0.33,2.06,-48.32,12.186727271702,0.1279756,57.28290176,99,4224,71.2,2026-08-24,0.11,40.8,False
1244,002772,众兴菌业,10.53,2.43,2.14,10.34,10.26030771014,0.1838668,66.34320649,-408,1523,80.4,2026-08-24,2.63,53.3,False
1245,002773,康弘药业,20.37,-0.54,0.29,15.26,20.560220501713,0.235564,72.49586615,-238,382,81.2,2026-08-24,-0.93,58.9,False
1246,002774,快意电梯,16.24,-0.67,2.53,155.35,16.184431375209,0.2489352,63.56780305,894,2305,68.4,2026-08-24,0.34,43.5,False
1247,002775,文科股份,3.59,2.87,1.07,-45.98,3.514869832569,0.1638012,47.98432709,-126,5178,68.4,2026-08-24,2.14,32.8,False
1248,002777,久远银海,12.67,1.85,1.01,96.41,12.480728443151,0.1300688,61.67701441,-1425,2927,74.0,2026-08-24,1.52,45.6,False
1249,002778,中晟高科,15.7,1.09,0.62,-86.65,15.605218601384,0.097744,55.37587794,18,4607,64.4,2026-08-24,0.61,35.7,False
1250,002779,中坚科技,72.92,-0.63,0.46,117.59,72.872413584688,0.300854,66.46145549,-598,1481,76.4,2026-08-24,0.07,50.8,False
1251,002780,三夫户外,13.28,2.23,1.76,17.9,13.008924790261,0.0614604,68.1133488,-197,1072,71.2,2026-08-24,2.08,48.5,False
1252,002782,可立克,14.97,-0.13,0.7,51.69,14.958061872142,0.1338844,64.34895991,-1096,2046,70.0,2026-08-24,0.08,45.0,False
1253,002783,凯龙股份,7.85,1.03,1.02,25.44,7.778933413858,0.18647,58.49825083,-210,3896,78.8,2026-08-24,0.91,46.1,False
1254,002785,万里石,33.58,-2.27,1.34,3166.47,34.260953620483,0.3830512,66.20994287,2610,1559,66.8,2026-08-24,-1.99,44.2,False
1255,002786,银宝山新,7.99,0.88,0.95,68.9,7.829319072798,0.1582124,61.19813758,1328,3061,72.4,2026-08-24,2.05,44.3,False
1256,002787,华源控股,20.8,-0.29,2.02,46.04,20.884368694673,0.263224,63.14738916,-1025,2436,80.4,2026-08-24,-0.4,50.8,False
1257,002788,鹭燕医药,10.86,2.84,2.68,14.75,10.695762560146,0.1173428,60.38222341,-332,3323,72.4,2026-08-24,1.54,43.7,False
1258,002789,*ST建艺,9.86,1.86,0.66,-7.41,9.773929967112,0.1829876,52.29180944,-453,4993,64.8,2026-08-24,0.88,33.9,False
1259,002790,瑞尔特,5.94,1.02,0.87,-117.35,5.873523206751,0.0587472,59.28152915,-1161,3671,64.4,2026-08-24,1.13,38.2,False
1260,002791,坚朗五金,14.75,1.03,0.51,-27.08,14.744074387014,0.1410984,61.33646225,140,3016,75.2,2026-08-24,0.04,46.1,False
1261,002792,通宇通讯,30.37,0.23,3.06,-307.66,30.394174245427,0.1828752,50.19478309,-289,5115,88.8,2026-08-24,-0.08,44.6,False
1262,002793,罗欣药业,4.66,0.0,2.18,50.75,4.74596556527,0.2164332,56.75823943,36,4351,78.4,2026-08-24,-1.81,44.5,False
1263,002795,永和智控,6.96,-1.69,1.34,24.25,6.98591293789,0.2343148,61.87937163,-563,2846,74.4,2026-08-24,-0.37,46.0,False
1264,002796,世嘉科技,29.06,-1.22,1.45,-90.09,29.433341918371,0.1500248,51.10380785,-38,5069,79.6,2026-08-24,-1.27,40.7,False
1265,002797,第一创业,6.33,0.0,0.28,19.34,6.325393672561,0.3642448,65.24971568,1770,1820,75.2,2026-08-24,0.07,49.1,False
1266,002798,帝欧水华,5.64,1.62,0.63,-56.49,5.593124575531,0.1682892,55.35283331,242,4611,64.0,2026-08-24,0.84,35.4,False
1267,002799,环球印务,6.91,3.29,1.35,103.08,6.68078274627,0.047302,58.34937429,-1026,3942,69.2,2026-08-24,3.43,40.4,False
1268,002800,天顺股份,14.17,3.13,3.86,-141.61,14.038231682142,0.1115312,59.41232334,-727,3629,73.2,2026-08-24,0.94,43.5,False
1269,002801,微光股份,26.53,0.42,0.21,15.44,26.451241915831,0.1867996,62.92351805,269,2498,69.6,2026-08-24,0.3,43.8,False
1270,002802,洪汇新材,12.1,1.26,1.41,38.21,12.051496953371,0.1271132,66.93151751,-786,1357,71.6,2026-08-24,0.4,47.9,False
1271,002803,吉宏股份,18.35,-0.65,1.02,26.63,18.24799135896,0.2587276,69.81844169,2026,726,74.8,2026-08-24,0.56,52.2,False
1272,002805,丰元股份,18.53,-5.07,3.89,16.86,19.837613009034,0.2027376,58.15191525,-426,4004,72.8,2026-08-24,-6.59,42.3,False
1273,002806,华锋股份,14.21,0.85,1.37,-47.5,14.045660709993,0.1860052,58.49872634,-194,3895,69.6,2026-08-24,1.17,40.7,False
1274,002807,江阴银行,4.05,0.0,0.84,6.33,4.052688730802,0.3787292,72.14422118,963,417,73.2,2026-08-24,-0.07,52.8,False
1275,002809,红墙股份,8.54,1.3,2.61,-45.85,8.451431462213,0.1027928,59.0955653,1221,3727,71.2,2026-08-24,1.05,42.1,False
1276,002810,山东赫达,21.02,-2.95,1.14,17.17,21.416243572994,0.2303376,74.12632719,422,242,68.4,2026-08-24,-1.85,50.7,False
1277,002811,郑中设计,13.04,-1.36,2.18,18.65,13.271586416577,0.1753184,72.28126543,-333,400,82.0,2026-08-24,-1.74,59.3,False
1278,002812,恩捷股份,53.06,-5.08,1.58,31.74,56.464119455459,0.2882044,69.48812983,180,792,77.2,2026-08-24,-6.03,53.6,False
1279,002813,路畅科技,20.67,1.92,1.06,-56.32,20.278476852772,0.0724476,59.49669001,791,3608,72.4,2026-08-24,1.93,43.1,False
1280,002815,崇达技术,13.16,-1.5,1.77,125.24,13.33689393569,0.2614124,61.81637266,-2278,2874,82.8,2026-08-24,-1.33,51.2,False
1281,002816,*ST和科,23.84,-2.53,0.73,-65.18,24.501573184588,0.2922564,60.85232288,1781,3176,62.8,2026-08-24,-2.7,38.2,False
1282,002817,黄山胶囊,6.64,1.53,1.1,32.95,6.564338857984,0.0657228,64.36688435,-789,2040,67.6,2026-08-24,1.15,43.5,False
1283,002818,富森美,10.92,-0.82,0.85,5.27,10.960584254943,0.197244,65.21278337,-54,1825,68.4,2026-08-24,-0.37,44.6,False
1284,002819,东方中科,20.85,-1.42,0.74,-43.57,21.103482227495,0.2227548,64.67748831,1614,1949,85.6,2026-08-24,-1.2,55.4,False
1285,002820,桂发祥,9.67,3.64,11.37,-140.22,9.264455371484,0.1849624,64.78575359,1618,1922,87.6,2026-08-24,4.38,56.8,False
1286,002821,凯莱英,164.52,5.08,3.55,57.0,160.208376197167,0.3322524,66.56444159,-634,1457,92.0,2026-08-24,2.69,61.2,False
1287,002822,ST中装,3.14,0.32,0.14,-208.97,3.146172818336,0.3229016,60.07508963,153,3431,66.8,2026-08-24,-0.2,40.1,False
1288,002823,凯中精密,12.82,0.79,0.87,20.08,12.681831897203,0.1018952,59.05463251,143,3739,69.6,2026-08-24,1.09,41.1,False
1289,002824,和胜股份,23.61,-1.54,3.06,41.61,23.66453302286,0.2454264,61.15391098,-1670,3078,71.2,2026-08-24,-0.23,43.5,False
1290,002825,纳尔股份,8.9,-0.45,0.65,33.45,8.85999752809,0.1255988,62.13697291,474,2742,66.8,2026-08-24,0.45,41.5,False
1291,002826,易明医药,17.38,1.82,0.95,42.17,17.287677796585,0.1705492,64.1448732,-383,2103,74.8,2026-08-24,0.53,48.0,False
1292,002827,高争民爆,53.87,-1.8,1.74,229.96,54.582838081963,0.3070468,63.36292927,-835,2372,84.8,2026-08-24,-1.31,53.7,False
1293,002828,贝肯能源,12.17,-0.73,3.1,-9.84,12.031632719074,0.257813454545,63.34116304,-231,2381,78.0,2026-08-24,1.15,49.4,False
1294,002829,星网宇达,18.94,-0.89,1.72,17.69,19.108123194392,0.137968,56.62293356,-117,4378,77.2,2026-08-24,-0.88,43.7,False
1295,002830,名雕股份,13.79,0.66,1.55,190.29,13.618867013373,0.0827532,58.38416563,-1158,3929,60.0,2026-08-24,1.26,35.0,False
1296,002831,裕同科技,25.01,-0.95,0.45,32.77,25.171975169097,0.2070384,66.2555582,1574,1549,64.4,2026-08-24,-0.64,42.7,False
1297,002832,比音勒芬,24.07,-0.41,0.92,8.89,24.327821652446,0.1961336,71.70394127,1229,467,75.2,2026-08-24,-1.06,53.9,False
1298,002833,弘亚数控,17.9,1.19,0.52,13.23,17.783943255332,0.1009964,69.27376412,-233,846,73.6,2026-08-24,0.65,51.0,False
1299,002835,同为股份,12.49,1.05,0.71,24.69,12.401613024153,0.1386496,69.29262916,8,839,70.4,2026-08-24,0.71,48.8,False
1300,002836,新宏泽,9.95,1.43,0.39,34.56,9.807234502682,0.0389216,60.55273922,-66,3268,64.8,2026-08-24,1.46,39.2,False
1301,002837,英维克,60.23,10.01,6.21,208.16,54.553231110319,0.3378788,71.96603306,114,441,82.8,2026-08-24,10.41,59.6,False
1302,002838,道恩股份,23.44,-3.9,1.0,23.54,24.441398762475,0.2031312,66.94620414,-954,1354,83.2,2026-08-24,-4.1,55.7,False
1303,002839,张家港行,4.37,-0.68,0.57,4.63,4.370464211173,0.2652252,67.23696581,-314,1288,73.6,2026-08-24,-0.01,49.5,False
1304,002840,华统股份,8.23,0.73,1.53,-6.86,8.101558954546,0.2018188,57.52732224,-152,4170,74.0,2026-08-24,1.59,42.6,False
1305,002841,视源股份,46.59,-4.39,0.78,32.98,48.920314790455,0.19619,69.33538361,134,832,74.4,2026-08-24,-4.76,51.6,False
1306,002842,翔鹭钨业,36.59,-5.99,6.51,11.95,38.907815205796,0.2738716,63.62900465,-1932,2288,88.8,2026-08-24,-5.96,56.5,False
1307,002843,泰嘉股份,15.41,0.92,1.79,68.87,15.506945311468,0.1510532,56.32069016,-1715,4437,72.4,2026-08-24,-0.63,40.8,False
1308,002845,同兴达,12.93,0.15,1.45,202.0,12.888617141608,0.1347508,57.43671972,-231,4187,74.4,2026-08-24,0.32,42.7,False
1309,002846,英联股份,10.46,-0.29,0.76,67.89,10.429962289246,0.0948596,60.88423737,1094,3166,78.8,2026-08-24,0.29,48.0,False
1310,002847,盐津铺子,45.18,2.33,0.95,14.35,44.18018153762,0.2209312,64.75682328,-514,1930,79.2,2026-08-24,2.26,51.3,False
1311,002848,高斯贝尔,13.06,-0.68,0.78,-208.23,13.044520265385,0.3249064,64.14493717,416,2102,71.2,2026-08-24,0.12,45.7,False
1312,002849,威星智能,18.63,0.54,1.83,40.38,18.278240564857,0.2616072,63.91013065,-468,2190,71.2,2026-08-24,1.92,45.5,False
1313,002850,科达利,180.43,-1.84,0.49,27.39,184.245524136855,0.2843628,71.57644466,-231,485,81.2,2026-08-24,-2.07,58.1,False
1314,002851,麦格米特,119.03,-0.68,2.2,151.79,120.199687720496,0.3794668,65.78752306,-691,1687,88.4,2026-08-24,-0.97,58.2,False
1315,002852,道道全,8.01,2.43,2.33,81.7,7.844428946373,0.1548748,65.37971719,-302,1792,78.0,2026-08-24,2.11,51.0,False
1316,002853,皮阿诺,22.58,7.42,7.37,-92.65,21.803007855161,0.3395732,60.59670912,1827,3255,64.0,2026-08-24,3.56,38.8,False
1317,002855,捷荣技术,10.15,1.5,0.52,-33.92,10.002016347061,0.0816136,59.77807119,1011,3514,74.4,2026-08-24,1.48,44.5,False
1318,002856,*ST美芝,14.48,2.84,1.41,-197.03,14.323113069016,0.2846628,60.30629581,-780,3353,62.0,2026-08-24,1.1,37.4,False
1319,002857,三晖电气,19.35,0.31,1.23,-28.35,19.484243504507,0.233946,67.47502926,1269,1224,66.8,2026-08-24,-0.69,45.1,False
1320,002858,力盛体育,11.69,2.19,1.11,90.44,11.477425705795,0.1093728,68.06502678,-499,1087,66.8,2026-08-24,1.85,45.5,False
1321,002859,洁美科技,62.7,-2.93,1.75,103.23,64.288707676971,0.2861756,62.87644041,-1676,2508,85.2,2026-08-24,-2.47,53.6,False
1322,002860,星帅尔,15.41,-1.6,2.51,27.06,15.897428767105,0.433766,63.41668291,-1906,2354,77.2,2026-08-24,-3.07,49.0,False
1323,002861,瀛通通讯,15.36,-0.39,1.24,-26.42,15.4642471309,0.2181476,51.97614705,-166,5017,68.4,2026-08-24,-0.67,35.6,False
1324,002862,实丰文化,13.49,1.58,0.76,85.56,13.303150229532,0.0574572,60.64053226,600,3241,70.0,2026-08-24,1.4,42.4,False
1325,002863,今飞凯达,4.69,1.3,1.19,28.37,4.628017014746,0.1573192,59.81394859,410,3504,78.8,2026-08-24,1.34,47.1,False
1326,002864,盘龙药业,21.84,2.54,2.35,34.3,21.32089185216,0.1199188,61.2485778,671,3048,77.6,2026-08-24,2.43,47.5,False
1327,002865,钧达股份,39.4,-1.01,1.8,-24.23,40.214379227003,0.145822,51.5189535,-216,5047,74.0,2026-08-24,-2.03,38.1,False
1328,002866,传艺科技,14.64,-0.81,1.39,98.31,14.95709637968,0.1613184,63.5359039,2380,2318,73.6,2026-08-24,-2.12,46.8,False
1329,002867,周大生,12.29,0.08,0.3,11.37,12.351104174219,0.103194,72.87417904,641,348,74.0,2026-08-24,-0.49,53.9,False
1330,002868,绿康生化,21.71,0.65,0.43,230.59,21.731505806968,0.0774172,59.08376707,-518,3730,66.0,2026-08-24,-0.1,39.0,False
1331,002869,金溢科技,16.06,0.82,0.54,-36.41,15.926244511604,0.0661732,53.56314628,-555,4881,76.8,2026-08-24,0.84,41.1,False
1332,002870,香山股份,46.64,-1.19,0.98,-170.09,47.63286767749,0.2175008,58.28536729,517,3966,76.4,2026-08-24,-2.08,44.5,False
1333,002871,伟隆股份,16.51,0.67,1.21,46.1,16.333056619703,0.123394,63.35140306,45,2377,61.2,2026-08-24,1.08,38.8,False
1334,002872,ST天圣,5.31,-0.19,0.49,-34.93,5.291944252794,0.1405532,56.11880167,159,4468,64.0,2026-08-24,0.34,35.9,False
1335,002873,新天药业,8.68,3.46,2.83,151.55,8.455933788101,0.0906128,58.07097568,-17,4029,74.8,2026-08-24,2.65,43.4,False
1336,002875,安奈儿,12.91,0.39,1.23,45.66,12.940106107131,0.1032636,54.89972094,75,4684,68.8,2026-08-24,-0.23,37.8,False
1337,002876,三利谱,29.0,-0.96,0.7,37.84,29.290358728328,0.1950776,64.19172847,-814,2091,66.4,2026-08-24,-0.99,42.6,False
1338,002877,智能自控,7.46,2.05,1.28,109.24,7.289663020566,0.1252416,62.23878944,1524,2702,68.8,2026-08-24,2.34,42.8,False
1339,002878,元隆雅图,12.31,1.82,0.94,-438.44,12.113567873348,0.0726972,61.16230077,218,3076,73.2,2026-08-24,1.62,44.8,False
1340,002879,长缆科技,16.2,2.6,3.67,89.68,15.761717063738,0.1361928,61.94319188,430,2822,79.2,2026-08-24,2.78,49.1,False
1341,002880,卫光生物,22.55,10.0,1.46,57.61,20.82353288006,0.1968264,60.8929496,-1348,3162,76.8,2026-08-24,8.29,46.8,False
1342,002881,美格智能,39.03,-2.33,1.75,63.18,39.800374989099,0.2573864,74.51000672,1769,215,77.6,2026-08-24,-1.94,57.8,False
1343,002882,金龙羽,22.28,-6.23,5.04,125.62,23.338774029207,0.4577852,75.44275681,618,143,86.8,2026-08-24,-4.54,65.5,False
1344,002883,*ST中设,9.18,0.0,0.12,-88.09,9.112653322658,0.2165892,56.79882899,-1012,4344,65.6,2026-08-24,0.74,37.3,False
1345,002884,凌霄泵业,15.75,-1.81,0.74,13.25,16.011526722969,0.0990944,68.1722692,-22,1061,68.8,2026-08-24,-1.63,46.9,False
1346,002885,京泉华,28.02,-0.64,3.06,61.66,28.015255893628,0.1675224,58.77005156,-1896,3818,77.6,2026-08-24,0.02,45.6,False
1347,002886,沃特股份,21.25,3.76,8.07,101.97,20.543506727584,0.2262836,69.19686056,-319,861,88.8,2026-08-24,3.44,61.4,False
1348,002887,绿茵生态,9.05,0.0,0.82,31.47,9.090789084029,0.1485764,54.86647975,-1056,4695,69.2,2026-08-24,-0.45,38.0,False
1349,002888,惠威科技,17.63,1.61,0.99,-282.72,17.37509159126,0.0724312,59.04179351,-537,3744,68.0,2026-08-24,1.47,40.1,False
1350,002889,东方嘉盛,12.79,1.91,0.83,31.22,12.531806453235,0.1187416,60.80423227,213,3188,80.0,2026-08-24,2.06,48.6,False
1351,002890,弘宇股份,14.28,-0.35,0.54,136.53,14.238144645636,0.0697624,55.88745445,-1180,4508,64.8,2026-08-24,0.29,36.2,False
1352,002891,中宠股份,28.95,0.59,1.54,36.79,28.794164459185,0.2105572,66.61098531,-18,1444,79.2,2026-08-24,0.54,52.8,False
1353,002892,科力尔,9.03,1.35,0.55,-163.72,8.941715720766,0.1571408,53.73121823,-47,4860,72.8,2026-08-24,0.99,39.1,False
1354,002893,京能热力,9.98,1.53,2.86,3.46,9.871531548849,0.2649808,63.65392924,1810,2275,70.4,2026-08-24,1.1,44.8,False
1355,002895,川恒股份,32.02,-3.0,0.72,17.32,33.351233163758,0.1950808,73.83177484,295,267,76.8,2026-08-24,-3.99,56.7,False
1356,002896,中大力德,63.88,-0.73,2.24,283.72,64.725882723902,0.280674,53.59428185,-402,4877,88.8,2026-08-24,-1.31,47.6,False
1357,002897,意华股份,55.45,-2.03,2.74,53.56,56.969384436593,0.2300812,63.20913113,44,2418,72.0,2026-08-24,-2.67,45.5,False
1358,002899,英派斯,19.34,1.04,0.89,47.63,19.113834042866,0.1235012,54.36413115,-942,4771,65.2,2026-08-24,1.18,35.4,False
1359,002900,哈三联,13.69,-3.25,17.71,-153.43,13.896819097342,0.2261068,59.74464228,917,3526,90.8,2026-08-24,-1.49,54.2,False
1360,002901,大博医疗,45.47,-0.09,0.33,32.11,44.954055432306,0.2747812,75.01453279,1169,173,73.2,2026-08-24,1.15,54.9,False
1361,002902,铭普光磁,24.04,0.0,2.1,-183.5,23.992578567828,0.1298844,52.11281618,7,5008,79.6,2026-08-24,0.2,41.5,False
1362,002903,宇环数控,30.86,-5.57,9.99,-138.9,32.438684031231,0.3317244,64.80733068,-652,1913,90.8,2026-08-24,-4.87,58.8,False
1363,002905,金逸影视,7.8,1.83,0.61,-33.92,7.705370358397,0.1355112,59.05263357,-1426,3740,70.4,2026-08-24,1.23,41.6,False
1364,002906,华阳集团,27.63,-2.13,5.31,18.07,28.23,0.515885608466,75.93680118,857,126,78.4,2026-08-24,-2.13,59.5,False
1365,002907,华森制药,15.74,9.99,4.68,52.18,14.35585478036,0.193976,67.53589752,1521,1204,87.2,2026-08-24,9.64,58.9,False
1366,002908,德生科技,7.16,4.37,2.51,-58.68,6.864976387515,0.0996136,59.76573101,-1584,3517,79.6,2026-08-24,4.3,47.6,False
1367,002909,集泰股份,5.25,1.94,0.85,-40.53,5.159448452144,0.0428804,51.76039948,17,5034,68.8,2026-08-24,1.76,35.6,False
1368,002910,庄园牧场,9.71,2.86,2.32,-15.06,9.463001181648,0.0615512,47.22230584,-11,5186,67.6,2026-08-24,2.61,31.9,False
1369,002911,佛燃能源,11.07,0.18,0.28,21.78,10.955726721834,0.11019,75.33872593,579,150,70.4,2026-08-24,1.04,53.0,False
1370,002912,中新赛克,19.13,2.08,0.74,-9.96,18.711900477232,0.109142,55.786238,-39,4530,76.0,2026-08-24,2.23,42.4,False
1371,002913,奥士康,55.4,-3.65,0.93,251.88,57.81941072814,0.3131128,63.05796406,-1884,2465,75.6,2026-08-24,-4.18,47.7,False
1372,002915,中欣氟材,16.67,0.42,0.85,631.51,16.630352024993,0.1569248,55.91454585,323,4500,81.2,2026-08-24,0.24,45.4,False
1373,002916,深南电路,335.5,-2.37,0.51,67.2,343.242930279452,0.3371912,66.62633252,-1108,1437,89.2,2026-08-24,-2.26,59.4,False
1374,002917,金奥博,10.23,0.69,0.39,23.17,10.171882537052,0.096146,59.68259327,120,3544,70.4,2026-08-24,0.57,42.0,False
1375,002918,蒙娜丽莎,9.96,1.53,2.15,-56.17,9.88383790118,0.1444564,60.09798736,-1444,3425,75.2,2026-08-24,0.77,45.2,False
1376,002919,名臣健康,17.11,1.12,0.47,124.12,16.956601667472,0.2161996,53.78818713,22,4846,65.2,2026-08-24,0.9,35.1,False
1377,002920,德赛西威,85.32,-1.47,0.43,20.46,87.628817611643,0.2819492,74.86361733,52,184,82.8,2026-08-24,-2.63,62.0,False
1378,002921,联诚精密,21.55,-0.6,1.19,402.1,21.562486733156,0.2704436,57.0003238,138,4291,73.6,2026-08-24,-0.06,42.0,False
1379,002922,伊戈尔,24.09,-2.75,2.05,45.53,24.799769231024,0.2117632,65.37776674,-456,1794,76.8,2026-08-24,-2.86,50.2,False
1380,002923,润都股份,10.92,0.37,1.86,44.87,11.063245847897,0.0897092,60.78776349,99,3198,73.6,2026-08-24,-1.29,44.7,False
1381,002925,盈趣科技,21.67,-2.26,0.53,24.73,22.160574405097,0.2543352,68.18789648,980,1058,81.2,2026-08-24,-2.21,55.4,False
1382,002926,华西证券,8.25,0.24,0.33,11.14,8.224848761455,0.2796584,70.37687833,1016,642,73.6,2026-08-24,0.31,51.8,False
1383,002927,泰永长征,15.95,1.92,1.53,87.09,15.645480336363,0.111954,51.78011721,-72,5033,70.0,2026-08-24,1.95,36.2,False
1384,002928,华夏航空,6.2,0.0,0.58,14.78,6.19729308609,0.284976,63.3149235,-172,2388,68.4,2026-08-24,0.04,43.3,False
1385,002929,润建股份,53.82,2.55,3.35,305.77,52.930782312034,0.2513268,59.3872147,-787,3640,85.2,2026-08-24,1.68,50.6,False
1386,002930,宏川智慧,8.69,1.76,0.72,54.1,8.557670427967,0.1267288,50.48952543,60,5098,66.8,2026-08-24,1.55,33.7,False
1387,002931,锋龙股份,45.84,-0.71,1.05,-2485.32,46.275083568503,0.2079624,54.21705439,-269,4788,77.2,2026-08-24,-0.94,41.9,False
1388,002932,*ST明德,15.18,0.0,0.12,-2338.14,15.214931998377,0.3178416,58.83486594,-1056,3806,70.8,2026-08-24,-0.23,41.7,False
1389,002933,新兴装备,26.42,0.92,0.43,94.94,26.238212267958,0.16428,58.13168006,39,4012,72.0,2026-08-24,0.69,41.9,False
1390,002935,天奥电子,15.46,0.26,0.4,352.69,15.455400911046,0.1207452,58.74363096,-93,3827,69.6,2026-08-24,0.03,40.9,False
1391,002936,郑州银行,1.78,0.56,0.89,3.78,1.76139446294,0.5287756,63.90236015,1594,2193,72.0,2026-08-24,1.06,46.0,False
1392,002937,兴瑞科技,28.48,-1.96,1.05,62.19,28.938742217538,0.4110608,63.82375013,1287,2222,67.6,2026-08-24,-1.59,43.1,False
1393,002938,鹏鼎控股,86.55,-1.59,0.35,78.13,86.925545147327,0.3395052,68.3697381,-194,1023,86.4,2026-08-24,-0.43,59.1,False
1394,002939,长城证券,7.96,0.13,0.16,12.93,7.945001030469,0.337108,66.54240276,260,1461,74.8,2026-08-24,0.19,49.8,False
1395,002940,昂利康,24.82,-1.86,2.82,45.58,25.463871779696,0.277542,63.67253709,-580,2269,84.8,2026-08-24,-2.53,54.0,False
1396,002941,新疆交建,10.74,1.9,0.81,21.53,10.606827411581,0.1855452,67.86457013,14,1130,74.4,2026-08-24,1.26,50.5,False
1397,002942,新农股份,15.68,-0.38,0.33,13.22,15.713820050125,0.07257,63.27741506,-837,2397,66.4,2026-08-24,-0.22,42.0,False
1398,002943,宇晶股份,32.0,-2.11,2.12,-109.5,32.996104368419,0.1905936,53.36767137,-532,4902,75.2,2026-08-24,-3.02,40.1,False
1399,002945,华林证券,13.68,-1.51,0.13,98.48,13.888837601495,0.2106448,59.53170058,297,3593,82.0,2026-08-24,-1.5,48.8,False
1400,002946,新乳业,16.13,2.02,0.38,18.62,15.74176873064,0.116274,64.27066315,-38,2069,72.8,2026-08-24,2.47,46.8,False
1401,002947,恒铭达,59.61,10.0,5.59,30.06,54.573420507937,0.2628756,66.29082481,-232,1542,67.6,2026-08-24,9.23,44.8,False
1402,002948,青岛银行,5.95,-0.83,0.66,5.68,5.965706704485,0.3130472,70.81202362,379,585,74.4,2026-08-24,-0.26,52.7,False
1403,002949,华阳国际,12.44,9.99,12.52,136.52,11.335649267425,0.196494,65.91341224,2364,1653,65.6,2026-08-24,9.74,43.2,False
1404,002950,奥美医疗,9.25,1.2,0.64,13.44,9.178276074565,0.143058,61.60691439,-356,2946,68.4,2026-08-24,0.78,42.1,False
1405,002951,金时科技,16.32,1.24,0.86,-661.16,16.063151103665,0.1237152,59.84524284,-1448,3496,79.6,2026-08-24,1.6,47.6,False
1406,002952,亚世光电,19.66,0.67,0.77,90.44,19.475820056232,0.0357704,60.15575978,-1197,3404,68.8,2026-08-24,0.95,41.4,False
1407,002953,日丰股份,10.88,3.62,8.21,29.87,10.797383562894,0.21845,68.79465597,-14,936,87.2,2026-08-24,0.77,60.0,False
1408,002955,鸿合科技,34.45,-0.46,0.85,-55.84,34.750936428992,0.2926184,60.67057455,-611,3234,69.6,2026-08-24,-0.87,42.2,False
1409,002956,西麦食品,16.82,0.72,0.53,17.73,16.665654982592,0.1004512,64.38793784,429,2034,70.8,2026-08-24,0.93,45.6,False
1410,002957,科瑞技术,40.44,-1.03,1.56,61.16,40.993686618399,0.2430208,66.68881634,-1108,1416,86.8,2026-08-24,-1.35,57.9,False
1411,002958,青农商行,2.95,0.0,0.79,3.28,2.927845770948,0.4043636,70.60657418,1218,601,71.2,2026-08-24,0.76,50.3,False
1412,002959,小熊电器,33.11,1.78,0.25,21.45,32.720986012186,0.1089596,66.87364787,-766,1368,74.4,2026-08-24,1.19,49.8,False
1413,002960,青鸟智控,8.46,0.95,0.29,32.13,8.377693604278,0.22054,62.37798965,44,2654,65.2,2026-08-24,0.98,40.7,False
1414,002961,瑞达期货,18.74,1.24,0.62,10.97,18.603122629668,0.1084404,64.73507327,1001,1935,66.8,2026-08-24,0.74,43.2,False
1415,002962,五方光电,12.45,0.08,1.62,122.6,12.476502274162,0.0959996,61.88691354,210,2843,71.2,2026-08-24,-0.21,44.1,False
1416,002963,豪尔赛,19.54,5.79,5.53,-51.89,17.895325691817,0.248116,65.10247527,1184,1851,73.2,2026-08-24,9.19,47.7,False
1417,002965,祥鑫科技,30.2,1.07,2.98,-117.4,29.930459375159,0.1985228,53.7455566,-797,4856,74.4,2026-08-24,0.9,40.0,False
1418,002966,苏州银行,8.66,-0.46,0.37,5.75,8.679005467859,0.2971836,70.5263157,246,615,75.6,2026-08-24,-0.22,53.3,False
1419,002967,广电计量,17.03,-0.7,0.3,44.71,17.181334888309,0.1171144,64.79979392,392,1915,70.8,2026-08-24,-0.88,45.9,False
1420,002968,新大正,9.24,1.54,0.59,15.33,9.123479022392,0.0305868,64.2884397,-1296,2064,65.6,2026-08-24,1.28,42.2,False
1421,002969,嘉美包装,12.14,-2.33,1.42,49.81,12.550156285315,0.19656,56.26520392,-2473,4450,82.8,2026-08-24,-3.27,46.6,False
1422,002970,锐明技术,48.68,-2.17,0.93,51.5,49.760370280687,0.2389204,62.5564945,-1451,2591,68.4,2026-08-24,-2.17,42.8,False
1423,002971,和远气体,41.91,-4.4,5.37,122.65,43.984076606815,0.3227336,64.36288664,-516,2042,92.0,2026-08-24,-4.72,59.2,False
1424,002972,科安达,12.46,-1.27,1.82,32.64,12.715042549879,0.1757568,56.86697974,210,4321,64.4,2026-08-24,-2.01,36.6,False
1425,002973,侨银股份,11.38,-1.81,2.0,53.37,11.156734288286,0.218926,69.26802578,1866,849,69.2,2026-08-24,2.0,47.9,False
1426,002975,博杰股份,106.43,-2.25,10.24,84.03,106.911497037079,0.4742004,81.86433747,153,8,91.2,2026-08-24,-0.45,74.7,False
1427,002976,瑞玛精密,23.51,1.47,1.54,-82.84,23.404313647124,0.3417848,63.04854653,883,2468,63.6,2026-08-24,0.45,40.1,False
1428,002977,*ST天箭,20.71,1.27,0.34,159.54,20.665081023757,0.1645048,50.6558543,-1087,5094,68.4,2026-08-24,0.22,34.6,False
1429,002978,安宁股份,25.78,-0.92,0.31,19.89,26.133182041559,0.1990048,60.6886047,-99,3230,70.0,2026-08-24,-1.35,42.5,False
1430,002979,雷赛智能,53.82,-0.61,1.53,58.96,54.189964235906,0.2386896,64.99102659,-703,1874,82.0,2026-08-24,-0.68,53.3,False
1431,002980,华盛昌,94.68,0.74,4.76,251.11,94.681166241271,0.2824452,62.86348914,-2054,2512,84.4,2026-08-24,-0.0,53.1,False
1432,002981,朝阳科技,23.48,0.09,0.36,216.34,23.38705034642,0.2453612,68.56258335,1172,985,68.8,2026-08-24,0.4,47.2,False
1433,002982,湘佳股份,12.53,1.29,1.28,-105.25,12.257711092497,0.1387408,62.18504397,292,2725,68.4,2026-08-24,2.22,42.5,False
1434,002983,芯瑞达,19.05,-0.37,0.67,41.7,19.148695537365,0.0776512,56.90232945,-266,4316,66.4,2026-08-24,-0.52,37.8,False
1435,002984,森麒麟,14.42,2.2,1.41,17.78,14.1579431226,0.1903292,66.57285052,162,1455,72.8,2026-08-24,1.85,48.5,False
1436,002985,北摩高科,25.15,0.08,0.37,31.03,25.197038455585,0.124212,58.10630929,146,4019,70.4,2026-08-24,-0.19,40.9,False
1437,002986,宇新股份,13.38,0.98,0.44,-21.3,13.225606312925,0.1902668,65.10454723,-793,1850,65.2,2026-08-24,1.17,42.4,False
1438,002987,京北方,11.46,2.05,1.62,118.47,11.159122449235,0.2205,71.66018406,-351,472,79.6,2026-08-24,2.7,57.0,False
1439,002988,豪美新材,23.3,-2.02,1.19,36.58,23.765071297055,0.2250456,69.77355366,-363,732,82.8,2026-08-24,-1.96,57.8,False
1440,002989,中天精装,23.93,0.0,1.21,-134.58,23.824972491462,0.1998336,56.41481359,-857,4421,69.2,2026-08-24,0.44,39.0,False
1441,002990,盛视科技,46.53,-2.45,2.71,57.12,47.682245566112,0.2047708,56.54196924,101,4394,77.6,2026-08-24,-2.42,43.9,False
1442,002991,甘源食品,39.38,0.59,1.33,22.92,38.690934220176,0.1179532,68.20352065,377,1054,67.6,2026-08-24,1.78,46.1,False
1443,002992,宝明科技,33.78,-0.06,0.21,-108.86,33.907760704011,0.1164108,57.51698554,463,4172,68.4,2026-08-24,-0.38,39.3,False
1444,002993,奥海科技,37.18,-0.29,0.92,55.0,37.052362168339,0.153206,65.78434858,401,1689,68.4,2026-08-24,0.34,45.0,False
1445,002995,天地在线,16.74,1.45,1.94,-2181.67,16.483220985451,0.0526952,56.97434084,108,4298,76.0,2026-08-24,1.56,43.3,False
1446,002996,顺博合金,6.29,-0.16,0.78,8.33,6.25169143901,0.131156,64.32712064,-778,2051,69.6,2026-08-24,0.61,44.8,False
1447,002997,瑞鹄模具,28.13,-0.67,0.58,12.22,28.266767426886,0.295118,65.49602409,-1226,1760,72.8,2026-08-24,-0.48,47.7,False
1448,002998,优彩资源,7.89,0.51,1.76,16.95,7.831608833553,0.1043972,66.47001805,1782,1479,66.8,2026-08-24,0.75,44.4,False
1449,002999,天禾股份,6.22,4.71,4.4,35.39,5.946175119741,0.0864036,61.7656809,459,2893,73.2,2026-08-24,4.61,45.2,False
1450,003000,劲仔食品,9.59,-3.62,2.36,20.32,10.033579033288,0.1215712,62.69671191,-1167,2551,69.2,2026-08-24,-4.42,43.4,False
1451,003001,中岩大地,15.39,1.05,2.71,101.53,15.283265331991,0.1625916,50.06304118,0,5118,72.0,2026-08-24,0.7,36.0,False
1452,003002,壶化股份,16.46,0.0,0.49,51.47,16.220346779604,0.0734088,62.16311127,-1625,2733,68.0,2026-08-24,1.48,42.3,False
1453,003003,天元股份,11.14,1.09,1.25,31.18,10.989252009918,0.0660692,59.08631316,-1465,3728,66.8,2026-08-24,1.37,39.5,False
1454,003004,声迅股份,67.63,-1.76,1.26,-410.7,70.107733111711,0.2230332,64.46173378,152,2012,64.4,2026-08-24,-3.53,41.5,False
1455,003005,竞业达,13.5,1.28,0.93,-20.26,13.259640538242,0.0583412,56.64962602,119,4373,79.2,2026-08-24,1.81,44.9,False
1456,003006,百亚股份,13.56,1.57,1.1,16.28,13.310641047221,0.1839812,68.08111417,-392,1083,67.6,2026-08-24,1.87,46.0,False
1457,003007,直真科技,38.36,-2.49,2.05,-89.79,38.579319644441,0.1846784,70.36809259,2299,645,72.0,2026-08-24,-0.57,50.7,False
1458,003008,开普检测,19.61,1.29,0.89,31.16,19.30661499575,0.0352976,61.24679102,-290,3049,66.4,2026-08-24,1.57,40.7,False
1459,003009,中天火箭,45.7,0.71,0.79,222.26,45.677581240303,0.2047776,58.43956159,179,3912,78.0,2026-08-24,0.05,45.6,False
1460,003010,若羽臣,29.85,4.96,5.12,32.09,28.334607213912,0.1852836,74.58185047,-167,207,83.6,2026-08-24,5.35,62.4,False
1461,003011,海象新材,20.62,1.53,1.03,46.72,20.223762033958,0.1494144,58.71851027,-1631,3834,63.2,2026-08-24,1.96,37.1,False
1462,003012,东鹏控股,4.75,1.71,0.41,-27.49,4.706157335061,0.1327388,63.60022091,71,2296,68.0,2026-08-24,0.93,43.2,False
1463,003013,地铁设计,18.47,-2.79,0.94,29.53,18.725049626864,0.396652,75.34074361,76,149,69.6,2026-08-24,-1.36,52.4,False
1464,003015,日久光电,12.04,-0.08,1.02,48.67,12.056238483294,0.1539416,65.50438292,-208,1758,77.6,2026-08-24,-0.13,50.8,False
1465,003016,欣贺股份,6.96,2.35,0.52,40.54,6.829085077135,0.0536476,62.09555497,681,2763,65.6,2026-08-24,1.92,40.7,False
1466,003017,大洋生物,22.61,0.58,1.48,19.83,22.254614917105,0.2362008,68.67623884,1576,962,68.4,2026-08-24,1.6,47.0,False
1467,003018,金富科技,42.86,2.54,4.71,163.27,41.106098394313,0.3226448,69.99497578,-15,701,84.8,2026-08-24,4.27,59.4,False
1468,003019,宸展光电,24.5,-1.09,1.19,39.12,24.631550727138,0.2599368,73.6921359,1641,276,68.8,2026-08-24,-0.53,50.7,False
1469,003020,立方制药,17.79,1.72,2.48,28.76,17.617485926225,0.1720808,61.5433316,-22,2962,74.8,2026-08-24,0.98,46.0,False
1470,003021,兆威机电,69.36,4.84,1.57,124.31,66.702682639141,0.2337064,58.89905115,18,3790,80.0,2026-08-24,3.98,47.1,False
1471,003022,联泓新科,19.69,-2.77,0.33,30.8,20.174931365864,0.1384708,63.21453833,726,2417,74.4,2026-08-24,-2.4,47.0,False
1472,003023,彩虹集团,26.72,-1.29,1.65,60.04,27.456434591766,0.34125,66.11675226,2234,1593,75.2,2026-08-24,-2.68,49.7,False
1473,003025,思进智能,12.32,0.33,0.41,22.46,12.230000301386,0.1404024,63.63767404,-1022,2285,65.6,2026-08-24,0.74,41.7,False
1474,003026,中晶科技,28.54,-2.39,1.93,96.74,28.988336784684,0.1385868,62.15724912,509,2734,74.8,2026-08-24,-1.55,46.5,False
1475,003027,同兴科技,16.51,-0.06,0.86,59.37,16.459853813788,0.066664,62.17349495,492,2730,66.4,2026-08-24,0.3,41.3,False
1476,003028,振邦智能,22.54,1.49,0.56,97.17,22.169324952065,0.0536488,55.42913011,-978,4598,66.4,2026-08-24,1.67,36.8,False
1477,003029,吉大正元,16.88,2.3,1.41,-60.84,16.541658228865,0.0804468,57.82283119,-60,4101,78.4,2026-08-24,2.05,45.3,False
1478,003030,祖名股份,21.64,-0.73,1.25,-201.82,21.73989332362,0.2134616,60.1971111,1242,3390,64.8,2026-08-24,-0.46,39.0,False
1479,003031,中瓷电子,127.5,-5.27,2.03,71.4,136.466034450394,0.323576,71.12399536,-486,537,92.4,2026-08-24,-6.57,65.7,False
1480,003032,传智教育,10.0,0.1,11.6,690.09,10.041607315481,0.2624588,60.84260577,1279,3179,84.8,2026-08-24,-0.41,51.6,False
1481,003033,征和工业,63.08,-2.32,0.56,39.17,65.164596454252,0.2588576,69.42606469,-134,807,73.2,2026-08-24,-3.2,50.8,False
1482,003035,南网能源,5.82,1.57,2.81,64.4,5.65519711318,0.4813228,69.08333273,1935,880,74.0,2026-08-24,2.91,51.1,False
1483,003036,泰坦股份,50.21,-1.76,1.65,177.32,50.977338436656,0.1806512,55.64715961,-542,4558,73.6,2026-08-24,-1.51,41.0,False
1484,003037,三和管桩,5.66,1.62,0.18,38.68,5.595235587107,0.050974,58.29209633,-223,3961,66.8,2026-08-24,1.16,38.9,False
1485,003038,鑫铂股份,10.83,0.74,0.95,-82.98,10.737625408983,0.0880548,51.81515391,5,5031,66.4,2026-08-24,0.86,34.4,False
1486,003039,顺控发展,11.94,0.67,0.26,28.94,11.913944585594,0.1249112,65.20835237,-1324,1827,71.6,2026-08-24,0.22,46.7,False
1487,003040,楚天龙,15.48,10.02,9.65,-145.34,13.748235529804,0.4478628,70.85564228,66,578,93.6,2026-08-24,12.6,66.3,False
1488,003041,真爱美家,38.39,-0.18,0.39,294.77,38.664161995833,0.1343332,53.75006625,-51,4854,63.2,2026-08-24,-0.71,34.0,False
1489,003042,中农联合,13.9,0.87,3.69,247.82,13.818454189228,0.1537828,63.66017259,1870,2274,77.6,2026-08-24,0.59,49.4,False
1490,003043,华亚智能,74.79,2.93,4.23,345.14,72.074808469168,0.3315904,60.96569402,-404,3141,80.4,2026-08-24,3.77,49.0,False
1491,003816,中国广核,3.96,2.06,0.22,18.24,3.87898391267,0.3640256,71.03961541,1065,556,86.0,2026-08-24,2.09,61.1,False
1492,300001,特锐德,36.01,-0.69,0.51,44.44,35.894698327353,0.3516592,74.14605575,1519,240,78.4,2026-08-24,0.32,58.1,False
1493,300002,神州泰岳,7.94,1.02,0.55,22.82,7.877125127472,0.282906,65.96590248,334,1636,79.6,2026-08-24,0.8,52.5,False
1494,300003,乐普医疗,11.85,1.2,0.74,21.87,11.720882856334,0.269566,61.26559356,-1308,3041,82.4,2026-08-24,1.1,50.5,False
1495,300004,南风股份,9.21,-2.95,4.85,-211.93,9.707298553357,0.2624512,60.31697829,-2657,3341,83.2,2026-08-24,-5.12,50.2,False
1496,300005,探路者,10.21,-1.73,2.07,88.02,10.453364452802,0.3082712,54.8038573,-218,4705,72.4,2026-08-24,-2.33,39.7,False
1497,300006,莱美药业,5.05,-0.79,3.0,-113.85,5.206528045131,0.3995236,63.56430887,1923,2309,82.8,2026-08-24,-3.01,52.6,False
1498,300007,汉威科技,30.5,-0.55,0.91,100.92,30.728319160135,0.2167064,57.35463256,275,4202,78.8,2026-08-24,-0.74,45.2,False
1499,300008,天海防务,6.1,0.99,0.92,31.04,6.036617870172,0.2359396,66.19331869,-943,1568,78.4,2026-08-24,1.05,51.9,False
1500,300009,安科生物,8.49,0.0,3.47,21.16,8.76910090803,0.3113928,69.20295231,-178,859,88.8,2026-08-24,-3.18,61.5,False
1501,300010,ST豆神,2.34,4.46,2.48,-21.31,2.202993308841,0.3660832,63.72548875,2079,2249,74.4,2026-08-24,6.22,47.4,False
1502,300011,鼎汉技术,6.05,1.68,0.78,-124.47,5.972218889492,0.106372,58.44610502,-275,3910,71.6,2026-08-24,1.3,41.8,False
1503,300012,华测检测,15.0,-1.06,1.04,22.39,15.247406683802,0.2929164,75.18774552,30,161,88.4,2026-08-24,-1.62,66.5,False
1504,300013,新宁物流,4.04,1.51,1.18,94.88,3.993741319682,0.2051204,55.78656442,79,4529,66.8,2026-08-24,1.16,37.3,False
1505,300014,亿纬锂能,54.37,-2.6,0.91,17.9,56.070965925618,0.3633948,67.89665248,-650,1123,77.6,2026-08-24,-3.03,52.7,False
1506,300015,爱尔眼科,8.45,1.32,0.33,16.64,8.312762102045,0.2811028,68.50831448,46,995,85.2,2026-08-24,1.65,58.4,False
1507,300016,北陆药业,9.41,-3.39,6.69,34.32,10.005887041026,0.2924344,70.89313091,-535,573,87.2,2026-08-24,-5.96,61.8,False
1508,300017,网宿科技,14.9,-1.97,2.68,53.44,15.18497205405,0.3035308,69.77034204,493,733,88.4,2026-08-24,-1.88,61.7,False
1509,300018,中元股份,11.23,-0.09,0.88,47.6,11.378712163682,0.2977176,61.00906438,-697,3126,70.8,2026-08-24,-1.31,43.2,False
1510,300019,硅宝科技,14.07,0.14,0.52,30.28,14.052997068607,0.1787968,61.20675076,214,3059,74.4,2026-08-24,0.12,45.5,False
1511,300020,ST银江,3.44,1.47,0.39,-9.61,3.388283081912,0.2977004,50.04449631,-732,5120,69.2,2026-08-24,1.53,34.6,False
1512,300021,大禹节水,3.93,2.08,1.45,102.74,3.851912062401,0.266416,72.47846856,475,384,74.8,2026-08-24,2.03,54.2,False
1513,300022,吉峰科技,8.07,-0.62,0.51,362.94,8.103156226353,0.2771316,64.76034978,681,1928,68.8,2026-08-24,-0.41,44.6,False
1514,300024,机器人,14.33,0.49,0.59,-59.32,14.301317112383,0.2289396,52.69315313,-574,4967,87.2,2026-08-24,0.2,45.9,False
1515,300025,华星创业,5.19,1.76,0.85,-140.85,5.105841762452,0.1851084,63.79663895,13,2228,68.4,2026-08-24,1.65,43.6,False
1516,300026,红日药业,3.37,1.2,1.03,38.51,3.326451200886,0.3131152,67.14676682,1267,1309,80.4,2026-08-24,1.31,54.0,False
1517,300027,ST华谊,1.83,-0.54,0.5,-44.18,1.815762314907,0.5076412,65.16119431,617,1835,73.2,2026-08-24,0.78,47.7,False
1518,300030,阳普医疗,6.81,1.04,1.46,34.16,6.758706105847,0.1847728,67.67191389,1416,1175,73.2,2026-08-24,0.76,49.5,False
1519,300031,宝通科技,21.43,-0.33,1.46,20.28,21.278008718294,0.3423272,62.39030419,1770,2646,73.6,2026-08-24,0.71,45.9,False
1520,300032,金龙机电,3.82,1.6,1.05,-38.09,3.750078638351,0.2387356,61.0061779,-235,3127,70.0,2026-08-24,1.86,42.7,False
1521,300033,同花顺,213.82,-1.34,0.85,84.49,218.021698782526,0.4399412,71.06173933,-459,552,87.6,2026-08-24,-1.93,62.3,False
1522,300034,钢研高纳,15.37,-1.03,0.78,59.54,15.537737990871,0.2338028,65.94815294,681,1639,74.8,2026-08-24,-1.08,49.3,False
1523,300035,中科电气,13.28,-2.57,1.83,35.2,13.772406901469,0.2305772,65.74392825,-646,1697,82.0,2026-08-24,-3.58,53.9,False
1524,300036,超图软件,11.09,1.74,0.8,-32.53,10.943800393314,0.1480056,60.07022533,136,3432,78.0,2026-08-24,1.34,46.9,False
1525,300037,新宙邦,59.36,-4.26,1.66,22.74,62.301735822424,0.2599168,66.54000307,280,1463,74.4,2026-08-24,-4.72,49.5,False
1526,300039,上海凯宝,5.4,2.08,2.23,27.71,5.335977925246,0.2537996,62.14441172,436,2739,77.6,2026-08-24,1.2,48.2,False
1527,300040,九洲集团,5.63,-6.01,4.93,77.58,5.901780468517,0.2683792,63.52117095,1901,2323,73.2,2026-08-24,-4.61,46.5,False
1528,300041,回天新材,10.45,-1.42,1.42,17.51,10.561787839081,0.2663116,59.92412426,-137,3475,72.4,2026-08-24,-1.06,43.4,False
1529,300042,朗科科技,38.7,-0.57,2.21,40.78,38.707625611113,0.2196932,58.50302883,1,3894,73.2,2026-08-24,-0.02,42.8,False
1530,300043,星辉娱乐,4.37,0.69,0.74,26.22,4.351598308578,0.2516808,66.15844546,1607,1578,74.8,2026-08-24,0.42,49.5,False
1531,300044,*ST赛为,5.39,-0.92,1.42,-95.98,5.368444508531,0.3403832,63.20060793,1875,2420,73.6,2026-08-24,0.4,46.5,False
1532,300045,华力创通,12.39,-0.08,1.03,-171.67,12.453443532828,0.1021416,57.39507578,329,4195,75.6,2026-08-24,-0.51,43.4,False
1533,300046,台基股份,23.78,-2.58,1.57,83.72,24.742732671815,0.1836696,57.3355031,-2662,4208,82.0,2026-08-24,-3.89,47.0,False
1534,300047,天源迪科,9.15,2.58,1.36,88.68,8.928727359133,0.1638068,62.62166188,329,2567,75.2,2026-08-24,2.48,47.1,False
1535,300048,合康新能,5.01,1.42,0.43,-122.54,4.948047330031,0.2895188,62.4615023,1122,2618,68.4,2026-08-24,1.25,42.7,False
1536,300049,福瑞医科,38.49,1.42,2.29,79.46,38.611387319989,0.2664524,64.45996787,-850,2013,70.8,2026-08-24,-0.31,45.6,False
1537,300050,世纪鼎利,6.64,1.07,1.82,301.86,6.621496499745,0.298392,66.22753622,-973,1556,75.2,2026-08-24,0.28,49.8,False
1538,300051,琏升科技,8.12,-0.85,1.53,-36.33,8.170141130003,0.20023,56.03298472,545,4483,74.8,2026-08-24,-0.61,41.9,False
1539,300052,中青宝,10.44,0.19,1.37,-47.63,10.391076262147,0.2320852,57.00549262,729,4289,80.4,2026-08-24,0.47,45.8,False
1540,300053,航宇微,11.56,0.7,0.95,-100.12,11.595085000339,0.1953032,49.28992888,11,5150,74.0,2026-08-24,-0.3,36.5,False
1541,300054,鼎龙股份,71.12,-3.4,1.87,67.63,73.031194588742,0.3425736,67.05963526,-98,1331,89.6,2026-08-24,-2.62,60.1,False
1542,300055,万邦达,5.84,1.04,1.4,33.95,5.781440896383,0.162474,61.95645965,-964,2819,70.4,2026-08-24,1.01,43.6,False
1543,300056,中创环保,8.41,-0.47,0.86,-60.65,8.365554801055,0.2490528,54.86894152,-486,4694,67.6,2026-08-24,0.53,37.1,False
1544,300057,万顺新材,6.44,-1.38,1.22,73.65,6.523290571513,0.267512,63.78443001,-605,2232,71.2,2026-08-24,-1.28,45.4,False
1545,300058,蓝色光标,13.04,-0.84,2.25,92.81,13.192923402154,0.3130204,64.29530941,-119,2061,88.4,2026-08-24,-1.16,56.8,False
1546,300059,东方财富,18.8,-0.63,0.45,18.44,18.953041858116,0.4641644,65.74954039,-895,1694,94.4,2026-08-24,-0.81,62.1,False
1547,300061,旗天科技,5.82,-4.75,3.33,-89.51,6.139361254337,0.154988,53.98413085,-1630,4816,71.6,2026-08-24,-5.2,38.7,False
1548,300062,中能电气,6.15,-0.81,1.44,345.46,6.142272458387,0.2035076,53.1980233,-265,4922,74.8,2026-08-24,0.13,39.8,False
1549,300063,天龙集团,8.54,-0.58,1.47,93.65,8.606523303918,0.1691392,64.64550972,491,1959,84.0,2026-08-24,-0.77,54.3,False
1550,300065,海兰信,14.85,0.81,1.98,522.65,14.739588742907,0.1868404,57.04859467,-133,4282,80.0,2026-08-24,0.75,45.6,False
1551,300066,三川智慧,4.88,-0.41,0.55,101.2,4.904883288821,0.223078,57.58908734,-707,4153,68.4,2026-08-24,-0.51,39.4,False
1552,300067,安诺其,5.12,0.2,1.2,146.76,5.105202928964,0.2356088,53.00903228,1,4939,80.0,2026-08-24,0.29,42.4,False
1553,300068,ST南都,3.92,0.26,1.69,-2.89,3.961600660364,0.2573928,45.920711,5,5189,73.6,2026-08-24,-1.05,33.8,False
1554,300069,金利华电,25.56,0.04,6.38,176.29,25.529587161014,0.2144864,58.76214127,-921,3820,81.2,2026-08-24,0.12,47.7,False
1555,300070,碧水源,3.43,0.0,0.65,203.92,3.413640234525,0.3222976,64.76644243,720,1926,73.6,2026-08-24,0.48,47.7,False
1556,300071,福石控股,3.88,0.78,2.01,-1413.38,3.861803118814,0.21179,59.40322439,1207,3635,76.4,2026-08-24,0.47,45.4,False
1557,300072,海新能科,3.72,0.0,0.39,-45.75,3.72593278584,0.3084336,61.3738538,40,3006,76.0,2026-08-24,-0.16,46.6,False
1558,300073,当升科技,40.1,-3.77,1.56,19.71,41.871810023706,0.2900008,67.41064924,1842,1242,78.8,2026-08-24,-4.23,53.1,False
1559,300074,华平股份,3.81,1.87,1.58,-164.57,3.726308635209,0.1818012,63.85765906,-125,2210,67.6,2026-08-24,2.25,43.2,False
1560,300075,数字政通,10.84,2.36,1.29,158.04,10.621557939957,0.1948628,56.75488003,-170,4352,78.0,2026-08-24,2.06,44.3,False
1561,300076,*ST宁视,4.4,-0.68,0.63,-52.52,4.490061246155,0.1934788,60.88710236,364,3165,64.4,2026-08-24,-2.01,39.2,False
1562,300077,国民技术,19.27,-2.28,3.98,1479.92,20.143902595816,0.3175316,66.67600823,1264,1422,79.2,2026-08-24,-4.34,52.8,False
1563,300078,思创智联,3.1,0.98,1.1,-75.05,3.080831631476,0.18527,56.09028101,13,4472,74.4,2026-08-24,0.62,41.7,False
1564,300079,数码视讯,4.49,1.81,0.86,141.09,4.41796913842,0.2634424,62.44617396,238,2623,76.8,2026-08-24,1.63,48.0,False
1565,300080,易成新能,3.76,0.27,0.36,-14.53,3.758034741413,0.131628,52.06392122,89,5012,68.8,2026-08-24,0.05,35.8,False
1566,300081,ST恒信,3.06,0.33,0.5,-10.83,3.093597264912,0.2437572,51.54940125,-1346,5044,72.8,2026-08-24,-1.09,37.5,False
1567,300082,奥克股份,8.33,5.84,3.63,46.03,7.842909501094,0.1993408,61.6847716,1069,2919,68.4,2026-08-24,6.21,42.2,False
1568,300083,创世纪,13.25,-0.9,2.81,76.43,13.200254826911,0.4007276,69.1892336,92,863,80.8,2026-08-24,0.38,55.9,False
1569,300084,海默科技,10.18,0.69,0.57,-85.55,10.167596610078,0.2994736,54.14744762,-818,4795,68.8,2026-08-24,0.12,37.3,False
1570,300085,银之杰,28.7,-0.55,1.67,-234.8,28.876875257581,0.298704,56.98710652,-1656,4295,74.8,2026-08-24,-0.61,42.6,False
1571,300086,康芝药业,6.57,2.34,2.18,-63.62,6.470533641724,0.122708,59.64785227,1065,3556,72.4,2026-08-24,1.54,43.2,False
1572,300087,ST荃银,5.67,3.09,1.81,117.95,5.554174126201,0.26779,55.97717078,-222,4493,75.6,2026-08-24,2.09,42.3,False
1573,300088,长信科技,6.86,-1.86,1.7,89.39,6.994168325526,0.3020908,58.64120257,-125,3864,79.6,2026-08-24,-1.92,46.7,False
1574,300091,*ST金灵,2.49,-0.8,0.09,-4.11,2.50695494106,0.251742,54.81554427,-41,4701,67.2,2026-08-24,-0.68,36.8,False
1575,300092,科新机电,11.9,0.42,1.22,39.35,11.819205584115,0.2125412,65.21272862,1970,1826,69.2,2026-08-24,0.68,45.1,False
1576,300093,金刚光伏,23.71,-5.24,2.78,-50.27,24.934809693209,0.3898084,68.37764973,-478,1021,81.2,2026-08-24,-4.91,55.5,False
1577,300094,国联水产,2.86,1.42,2.69,186.55,2.799379644375,0.2058636,61.72422464,-97,2909,78.8,2026-08-24,2.17,48.6,False
1578,300095,华伍股份,8.03,1.39,0.69,46.83,7.885894611096,0.0919456,55.0050757,107,4671,68.4,2026-08-24,1.83,37.6,False
1579,300096,ST易联众,9.37,-2.09,0.41,-36.18,9.60194626476,0.4440556,63.76521113,-712,2236,66.8,2026-08-24,-2.42,42.6,False
1580,300097,智云股份,9.29,5.81,7.78,-40.96,9.275185229528,0.3126868,58.11834573,-3014,4016,79.2,2026-08-24,0.16,46.0,False
1581,300098,高新兴,4.43,1.14,1.0,83.11,4.396054436869,0.217312,56.49372086,230,4406,73.6,2026-08-24,0.77,41.6,False
1582,300099,尤洛卡,5.97,1.19,0.74,77.68,5.912962161246,0.21323,64.1476331,1681,2100,68.8,2026-08-24,0.96,44.1,False
1583,300100,双林股份,20.38,0.94,0.59,64.5,20.362218399719,0.147598,58.90108988,-290,3789,74.0,2026-08-24,0.09,43.6,False
1584,300101,振芯科技,14.01,1.01,0.45,-487.69,13.865819671116,0.221784,55.6409683,-659,4560,74.4,2026-08-24,1.04,41.4,False
1585,300102,乾照光电,17.37,-1.42,1.06,88.37,17.66808024978,0.1849412,57.59849345,-313,4152,79.2,2026-08-24,-1.69,45.6,False
1586,300103,达刚控股,7.65,2.55,1.49,-75.38,7.495613107822,0.191418,51.58383162,-31,5040,64.0,2026-08-24,2.06,33.0,False
1587,300105,龙源技术,7.61,0.4,1.48,210.54,7.498363015452,0.2356992,54.346635,217,4773,69.2,2026-08-24,1.49,37.6,False
1588,300106,西部牧业,10.17,3.56,4.56,108.38,9.764516016838,0.115742,56.46917911,16,4409,78.0,2026-08-24,4.15,44.0,False
1589,300107,建新股份,6.42,1.9,1.61,37.74,6.301493869239,0.1221508,58.25262846,-355,3973,71.6,2026-08-24,1.88,41.7,False
1590,300109,新开源,15.33,-3.89,3.74,34.14,15.938375971097,0.3923564,67.13689337,229,1313,82.8,2026-08-24,-3.82,55.6,False
1591,300110,华仁药业,2.83,1.07,1.17,52.41,2.799966286904,0.2206464,62.27624455,1512,2688,72.0,2026-08-24,1.07,44.8,False
1592,300111,向日葵,2.95,1.37,1.44,-182.04,2.923448235366,0.1826684,54.69266551,-21,4724,73.2,2026-08-24,0.91,40.0,False
1593,300112,万讯自控,10.4,10.99,11.88,-1034.74,9.551042405323,0.2506588,59.25452323,1036,3678,77.6,2026-08-24,8.89,46.0,False
1594,300113,顺网科技,15.63,-3.16,2.0,33.29,16.183453793569,0.2144104,59.91785495,-28,3480,77.2,2026-08-24,-3.42,46.3,False
1595,300115,长盈精密,25.13,0.96,0.91,68.29,25.083358406573,0.2984764,59.84520331,-2053,3497,85.6,2026-08-24,0.19,51.2,False
1596,300118,东方日升,9.65,0.0,1.2,-7.62,9.74765420347,0.186792,51.88475785,-251,5025,75.2,2026-08-24,-1.0,39.0,False
1597,300119,瑞普生物,17.43,0.52,0.63,18.79,17.449048909617,0.1149336,66.55243113,-114,1459,76.4,2026-08-24,-0.11,50.8,False
1598,300120,经纬辉开,8.94,0.34,4.7,412.37,8.831684142021,0.329206,62.30564505,-846,2677,79.2,2026-08-24,1.23,49.3,False
1599,300121,阳谷华泰,9.56,-0.1,0.59,17.72,9.532888197313,0.1402896,57.98011905,47,4058,69.2,2026-08-24,0.28,40.1,False
1600,300122,智飞生物,12.72,-0.86,2.0,-19.6,13.238219618717,0.278656,57.24017277,-646,4233,93.6,2026-08-24,-3.91,53.6,False
1601,300123,ST亚光,4.39,1.15,0.96,-37.97,4.382016045114,0.2675972,52.27049941,-163,4997,73.2,2026-08-24,0.18,38.3,False
1602,300124,汇川技术,60.15,3.17,0.94,28.98,58.471780309136,0.3118936,68.46283182,-420,1006,86.8,2026-08-24,2.87,59.4,False
1603,300125,聆达股份,9.22,6.71,2.84,-189.4,8.52571025108,0.223827254902,61.81790912,2056,2872,69.2,2026-08-24,8.14,42.8,False
1604,300126,锐奇股份,6.46,1.89,1.45,-33.92,6.331225738167,0.0545504,59.1781195,662,3701,66.0,2026-08-24,2.03,39.1,False
1605,300127,银河磁体,24.7,-1.4,2.11,34.0,25.227930556774,0.170972,69.52770239,1564,781,76.4,2026-08-24,-2.09,53.1,False
1606,300128,锦富技术,4.73,-1.87,1.66,-28.08,4.920619903356,0.2565408,58.96123106,-1445,3768,80.0,2026-08-24,-3.87,47.2,False
1607,300129,泰胜风能,7.05,0.14,0.8,191.14,7.113969091867,0.1700264,55.72192712,-1428,4540,73.6,2026-08-24,-0.9,41.0,False
1608,300130,新国都,19.07,3.81,5.95,19.96,18.400388826187,0.207236,62.05605057,-1189,2782,74.0,2026-08-24,3.64,45.9,False
1609,300131,英唐智控,16.12,-4.62,2.9,1122.75,16.674844965009,0.3980908,66.02408432,-266,1617,77.6,2026-08-24,-3.33,51.2,False
1610,300132,诺斯贝尔,6.32,1.61,1.05,37.23,6.206375533258,0.1895868,63.35286163,-60,2376,68.0,2026-08-24,1.83,43.1,False
1611,300133,华策影视,6.87,0.59,1.02,38.6,6.817097393279,0.2480076,65.51941099,-867,1751,77.2,2026-08-24,0.78,50.6,False
1612,300134,大富科技,8.19,0.99,0.6,-29.62,8.118522377036,0.1581408,55.71387033,116,4546,80.8,2026-08-24,0.88,45.0,False
1613,300135,宝利国际,3.49,-0.57,2.48,123.87,3.568013967092,0.2555276,70.05778065,313,692,70.0,2026-08-24,-2.19,49.0,False
1614,300136,信维通信,58.72,-0.34,2.14,135.42,58.780669899814,0.2997028,59.2195386,-136,3689,75.6,2026-08-24,-0.1,44.8,False
1615,300137,先河环保,11.22,-0.8,2.67,-141.64,11.284479548885,0.296316,48.88704225,-101,5158,67.6,2026-08-24,-0.57,33.0,False
1616,300138,晨光生物,10.84,-1.09,0.83,14.67,10.957595176564,0.1238592,63.00627953,-1869,2478,72.0,2026-08-24,-1.07,45.4,False
1617,300139,晓程科技,54.44,-6.67,18.38,133.88,57.042984972013,0.4155572,70.67081802,-476,598,92.8,2026-08-24,-4.56,65.6,False
1618,300140,节能环境,5.42,0.37,0.16,14.3,5.388804269545,0.183932,62.62436191,-728,2566,68.4,2026-08-24,0.58,42.8,False
1619,300141,和顺电气,9.83,0.92,0.83,-94.86,9.739551399671,0.0723624,53.86668597,-237,4831,70.8,2026-08-24,0.93,38.1,False
1620,300142,沃森生物,14.17,-4.9,8.98,51.19,15.422383074009,0.4279872,62.1907456,-1767,2721,94.8,2026-08-24,-8.12,59.0,False
1621,300143,盈康生命,7.51,1.35,0.67,54.21,7.466509825474,0.1877028,64.75966384,-563,1929,70.8,2026-08-24,0.58,45.8,False
1622,300144,宋城演艺,5.88,1.38,0.76,22.1,5.808783524643,0.2752504,64.52503308,-715,1997,77.6,2026-08-24,1.23,50.1,False
1623,300145,南方泵业,4.26,0.47,1.51,21.87,4.235852308624,0.3563184,68.53714068,-249,990,68.4,2026-08-24,0.57,46.9,False
1624,300146,汤臣倍健,9.7,1.15,0.35,13.6,9.614873360122,0.23303,61.72522501,-209,2908,76.8,2026-08-24,0.89,47.4,False
1625,300147,*ST香雪,6.64,-1.04,0.55,-9.85,6.825679486593,0.1955508,53.19709885,50,4923,73.2,2026-08-24,-2.72,38.9,False
1626,300148,天舟文化,3.37,1.81,1.1,70.56,3.320391293037,0.1603132,55.64177269,79,4559,70.0,2026-08-24,1.49,38.9,False
1627,300149,睿智医药,9.67,-0.31,3.82,-67.24,9.933015954218,0.233378,59.9530959,581,3468,79.6,2026-08-24,-2.65,47.7,False
1628,300150,世纪瑞尔,4.3,1.9,0.53,-51.4,4.213418695877,0.1025328,63.59484705,21,2298,64.0,2026-08-24,2.05,40.7,False
1629,300151,昌红科技,15.63,-2.86,1.84,206.18,16.184105128303,0.2570892,62.4050527,-635,2639,71.2,2026-08-24,-3.42,44.4,False
1630,300152,*ST动力,1.64,1.23,1.03,-86.23,1.628972056978,0.3375492,59.22146445,820,3687,70.4,2026-08-24,0.68,41.7,False
1631,300153,科泰电源,20.81,0.1,1.08,59.9,20.816553320775,0.135794,62.37485738,-515,2657,76.0,2026-08-24,-0.03,47.4,False
1632,300154,瑞凌股份,11.81,1.9,2.83,66.0,11.746619106959,0.195436,61.40336936,1029,3002,72.8,2026-08-24,0.54,44.7,False
1633,300155,安居宝,4.43,2.78,2.96,-72.96,4.324561395184,0.1255436,57.12514537,-1880,4261,73.6,2026-08-24,2.44,42.0,False
1634,300157,新锦动力,3.94,3.14,3.34,-18.39,3.823955728286,0.2122124,52.48986178,-1587,4980,72.4,2026-08-24,3.03,38.0,False
1635,300158,振东制药,5.19,1.76,0.89,-1231.0,5.127370685195,0.2276548,56.91945853,16,4311,78.4,2026-08-24,1.22,44.6,False
1636,300159,新研股份,2.9,1.4,0.81,46.94,2.86692114644,0.259884117647,57.62014998,-1813,4141,78.0,2026-08-24,1.15,44.9,False
1637,300160,秀强股份,4.37,1.16,0.34,28.15,4.328976037894,0.1854936,60.43840878,-1396,3306,70.0,2026-08-24,0.95,42.3,False
1638,300161,华中数控,25.9,-0.96,0.93,-16.27,26.226507629825,0.191982,50.19944737,-52,5114,83.6,2026-08-24,-1.24,42.0,False
1639,300162,雷曼光电,7.43,-0.13,2.24,-56.17,7.510622951445,0.1900688,49.69603209,-217,5133,76.0,2026-08-24,-1.07,37.8,False
1640,300163,先锋新材,6.5,-1.96,1.73,-72.49,6.5192179691,0.249146,58.43358874,-2061,3915,70.8,2026-08-24,-0.29,41.4,False
1641,300164,通源石油,9.86,3.9,15.51,-117.75,9.430758890942,0.2935856,54.29951638,-273,4779,78.4,2026-08-24,4.55,42.6,False
1642,300165,天瑞仪器,5.13,0.0,2.52,50.55,5.118414932526,0.228134,60.29008762,917,3355,67.6,2026-08-24,0.23,40.8,False
1643,300166,东方国信,12.88,-1.3,1.92,-135.68,13.222112100352,0.2703348,63.66971028,839,2271,74.8,2026-08-24,-2.59,47.6,False
1644,300167,ST迪威迅,3.98,-0.75,0.77,-18.8,4.061611702004,0.29456,52.11829978,-553,5007,64.4,2026-08-24,-2.01,33.6,False
1645,300168,万达信息,4.97,1.02,0.48,-45.13,4.928637235058,0.2079132,57.49064274,-22,4177,75.6,2026-08-24,0.84,43.5,False
1646,300169,天晟新材,5.47,0.37,1.02,-725.96,5.472940984162,0.1323584,55.16486643,-125,4646,74.8,2026-08-24,-0.05,41.3,False
1647,300170,汉得信息,14.91,-0.73,1.35,99.37,15.065519641691,0.2461484,65.01062547,-384,1869,83.6,2026-08-24,-1.03,54.3,False
1648,300171,东富龙,13.79,0.15,2.24,95.96,13.947039092577,0.2300968,65.13017239,-185,1840,81.6,2026-08-24,-1.13,53.1,False
1649,300172,中电环保,4.62,1.09,0.96,24.38,4.571675436907,0.2007292,57.93414766,-250,4070,72.4,2026-08-24,1.06,41.9,False
1650,300173,ST福能,3.25,0.62,0.27,-23.36,3.24738998513,0.22669,51.22649448,-1014,5062,68.8,2026-08-24,0.08,35.2,False
1651,300174,元力股份,18.32,-3.68,1.6,40.06,19.056775469513,0.2811112,61.4112086,-2007,2999,64.8,2026-08-24,-3.87,39.8,False
1652,300175,朗源股份,5.85,1.04,1.04,-102.18,5.784582153704,0.278008,61.02246824,1571,3120,69.6,2026-08-24,1.13,42.5,False
1653,300176,鸿特科技,4.67,2.19,2.22,83.66,4.580925046106,0.137764880952,60.24667441,-402,3373,70.4,2026-08-24,1.94,42.4,False
1654,300177,中海达,6.21,1.31,0.63,-53.8,6.121790275971,0.1370884,59.91984279,1318,3478,74.4,2026-08-24,1.44,44.6,False
1655,300179,四方达,34.67,0.03,3.33,98.07,34.476644133354,0.2562816,59.00344144,-2666,3753,79.2,2026-08-24,0.56,46.7,False
1656,300180,华峰超纤,4.9,5.6,5.82,127.61,4.613748689558,0.2969252,66.85422116,-214,1373,83.2,2026-08-24,6.2,55.6,False
1657,300181,佐力药业,13.96,-0.14,0.92,12.26,13.995510456365,0.2934956,68.5836473,-247,981,79.6,2026-08-24,-0.25,54.6,False
1658,300182,捷成股份,4.84,1.68,1.65,40.14,4.730219610358,0.3383496,61.29834644,197,3028,80.8,2026-08-24,2.32,49.5,False
1659,300183,东软载波,10.5,2.24,0.58,-53.76,10.288932194159,0.1111192,54.89919273,-128,4685,72.0,2026-08-24,2.05,39.5,False
1660,300184,力源信息,11.66,-1.52,2.34,22.52,11.895945632182,0.26298,66.20536443,326,1562,74.8,2026-08-24,-1.98,49.5,False
1661,300185,通裕重工,2.69,0.0,0.6,70.1,2.691604571408,0.3584532,65.88220427,372,1662,72.0,2026-08-24,-0.06,47.4,False
1662,300187,永清环保,4.59,0.44,0.47,16.98,4.548195135851,0.1866168,62.87511715,1340,2509,64.0,2026-08-24,0.92,40.2,False
1663,300188,国投智能,10.46,0.58,0.75,-17.64,10.206463955317,0.2050064,62.49117327,1844,2604,80.0,2026-08-24,2.48,50.0,False
1664,300189,神农种业,6.31,8.05,28.09,-248.61,5.774414180041,0.2912468,71.1047601,1387,543,92.0,2026-08-24,9.28,65.4,False
1665,300190,维尔利,3.59,0.28,0.68,52.85,3.602995870349,0.2258908,57.28802578,-1672,4221,64.0,2026-08-24,-0.36,36.7,False
1666,300191,潜能恒信,34.84,2.56,6.02,47.4,33.267411988648,0.325672,70.67546868,-214,596,76.0,2026-08-24,4.73,53.7,False
1667,300192,科德教育,17.22,-0.98,6.45,81.0,17.172437016003,0.3476512,70.22662706,-594,663,82.4,2026-08-24,0.28,57.9,False
1668,300193,佳士科技,7.72,1.71,0.45,35.52,7.601003028625,0.143906,62.47591748,-1240,2613,66.0,2026-08-24,1.57,41.2,False
1669,300194,福安药业,3.92,0.26,0.92,21.23,3.911357765692,0.2005476,60.12450719,-278,3414,72.4,2026-08-24,0.22,43.5,False
1670,300195,长荣股份,5.57,1.27,1.06,-17.78,5.462990919447,0.1596436,58.08589232,47,4027,65.6,2026-08-24,1.96,38.1,False
1671,300196,长海股份,16.24,-1.69,2.29,21.23,16.450614963624,0.2186768,61.81921607,-210,2870,66.4,2026-08-24,-1.28,41.0,False
1672,300197,节能铁汉,2.0,0.5,1.54,-12.22,1.976695058982,0.3176432,48.86607117,-154,5162,72.4,2026-08-24,1.18,35.4,False
1673,300198,*ST纳川,2.32,0.0,0.25,-14.47,2.336258701178,0.2765396,61.93232969,786,2833,67.2,2026-08-24,-0.7,41.6,False
1674,300199,翰宇药业,21.8,-1.67,2.89,40.67,22.134936994736,0.35046,63.94753164,1525,2178,84.4,2026-08-24,-1.51,54.0,False
1675,300200,高盟新材,8.37,-0.83,0.67,34.48,8.418407047947,0.1332824,55.90719956,108,4501,69.2,2026-08-24,-0.58,38.7,False
1676,300201,海伦哲,14.16,-0.98,0.86,56.02,14.220618137928,0.3886816,72.48809282,-150,383,71.6,2026-08-24,-0.43,51.9,False
1677,300203,聚光科技,13.29,2.7,1.24,-34.64,13.01035881011,0.2179628,55.33020956,282,4616,69.2,2026-08-24,2.15,38.3,False
1678,300204,舒泰神,20.83,-0.81,2.58,-153.34,21.407730500878,0.2652212,49.13003496,-76,5153,77.6,2026-08-24,-2.7,38.1,False
1679,300205,*ST天喻,4.73,0.21,0.07,-14.13,4.756406294301,0.1292868,48.25614861,-3,5175,66.0,2026-08-24,-0.56,31.8,False
1680,300206,理邦仪器,11.79,-1.17,0.76,16.26,11.838190487813,0.200658,70.60403096,97,602,69.2,2026-08-24,-0.41,48.9,False
1681,300207,欣旺达,17.7,-1.12,0.88,71.7,18.107660624698,0.2926064,62.6203277,-867,2568,84.0,2026-08-24,-2.25,52.6,False
1682,300209,行云科技,34.84,2.77,8.26,1346.34,32.421901103777,0.4933188,64.3105073,2535,2058,84.4,2026-08-24,7.46,54.3,False
1683,300210,森远股份,8.25,1.1,0.67,-85.26,8.235300963884,0.173058,48.61498223,-864,5168,66.4,2026-08-24,0.18,32.3,False
1684,300211,*ST亿通,7.44,0.0,0.26,-63.76,7.392490388936,0.2883036,59.92070695,-131,3476,66.0,2026-08-24,0.64,39.5,False
1685,300212,*ST易录,7.57,1.07,0.98,-8.74,7.613693124273,0.274566,48.44882742,12,5173,72.4,2026-08-24,-0.57,35.1,False
1686,300213,佳讯飞鸿,6.28,1.78,0.88,381.89,6.156727596749,0.1388564,54.84624137,162,4698,71.2,2026-08-24,2.0,39.1,False
1687,300214,日科化学,11.73,-4.4,5.0,90.07,12.447647530046,0.275383666667,59.64561658,-2939,3559,83.6,2026-08-24,-5.77,49.9,False
1688,300215,电科院,5.97,0.34,0.35,550.05,5.966118604048,0.1454792,60.71998737,215,3219,67.2,2026-08-24,0.07,40.8,False
1689,300217,东方电热,4.26,0.71,0.51,55.08,4.231352376191,0.25372,59.53950624,44,3590,73.2,2026-08-24,0.68,43.6,False
1690,300218,安利股份,12.66,0.8,0.35,122.56,12.549225274321,0.1510356,66.43402912,1247,1496,65.2,2026-08-24,0.88,43.3,False
1691,300219,鸿利智汇,6.87,1.33,1.22,58.54,6.777539559123,0.1658744,61.13841374,-903,3081,67.6,2026-08-24,1.36,41.3,False
1692,300220,金运激光,10.9,1.3,0.7,-154.65,10.749947996073,0.0261748,59.17925325,51,3699,68.8,2026-08-24,1.4,40.7,False
1693,300221,银禧科技,13.57,-4.57,4.28,34.42,14.41123883189,0.33002,74.74815909,-25,193,78.8,2026-08-24,-5.84,58.9,False
1694,300222,科大智能,10.03,-0.2,0.95,41.82,10.009437125556,0.1805532,58.70932053,-1069,3839,76.0,2026-08-24,0.21,44.6,False
1695,300223,君正股份,130.6,-2.29,2.63,52.71,133.293623032494,0.3274896,62.73760591,-1744,2539,90.8,2026-08-24,-2.02,57.0,False
1696,300224,正海磁材,10.99,-0.27,0.66,54.35,11.064339432991,0.1831484,67.5325877,1687,1207,74.0,2026-08-24,-0.67,50.0,False
1697,300225,金力泰,7.06,-0.98,0.74,58.34,7.136809524701,0.2909512,58.21294439,12,3982,69.2,2026-08-24,-1.08,40.3,False
1698,300226,上海钢联,16.64,3.55,2.22,25.53,16.142461192277,0.2364884,69.35387458,968,829,72.0,2026-08-24,3.08,49.9,False
1699,300227,光韵达,11.66,-0.51,1.59,-60.57,11.633305702384,0.2769888,62.91530541,1147,2499,74.4,2026-08-24,0.23,46.8,False
1700,300228,富瑞特装,7.21,0.7,0.69,18.9,7.174124690547,0.1926284,65.18839808,375,1831,72.4,2026-08-24,0.5,47.2,False
1701,300229,拓尔思,13.07,-0.53,0.83,-36.88,13.21163927946,0.1980864,53.41285274,112,4895,83.2,2026-08-24,-1.07,44.4,False
1702,300230,永利股份,4.28,0.71,0.45,21.25,4.247482413265,0.260282,62.67039719,-100,2559,66.4,2026-08-24,0.77,41.6,False
1703,300231,银信科技,8.19,2.38,1.09,71.2,8.017037470359,0.2016064,58.25589281,-72,3971,72.4,2026-08-24,2.16,42.2,False
1704,300232,洲明科技,5.4,2.08,2.02,91.34,5.372780022792,0.3049584,64.89126335,759,1891,70.0,2026-08-24,0.51,45.4,False
1705,300233,金城医药,13.3,1.76,2.14,18.38,13.273148966815,0.1927608,61.83548401,-113,2861,75.2,2026-08-24,0.2,46.5,False
1706,300234,开尔新材,9.59,0.63,1.27,-1990.8,9.513543723918,0.2635976,59.32966035,32,3652,64.8,2026-08-24,0.8,38.4,False
1707,300235,方直科技,10.86,2.36,2.58,236.36,10.724522038415,0.1519528,59.97803254,701,3455,67.6,2026-08-24,1.26,40.5,False
1708,300236,上海新阳,84.96,-4.43,2.09,62.43,88.640552798705,0.3345704,70.16749879,1331,674,83.2,2026-08-24,-4.15,58.4,False
1709,300237,ST美晨,1.95,0.52,0.22,-70.29,1.960397394,0.2822112,54.04864505,-903,4810,67.6,2026-08-24,-0.53,36.5,False
1710,300238,冠昊生物,11.53,0.79,1.01,75.21,11.523207770049,0.1686244,64.57804426,1416,1976,77.2,2026-08-24,0.06,49.9,False
1711,300239,东宝生物,5.1,2.41,1.24,40.47,5.04009373147,0.202176,62.11602979,-1273,2754,69.2,2026-08-24,1.19,43.0,False
1712,300240,飞力达,6.17,1.98,1.12,46.59,6.032213129336,0.086366,58.32984337,-297,3951,71.2,2026-08-24,2.28,41.5,False
1713,300241,瑞丰光电,5.62,0.54,1.58,37.48,5.571746604579,0.1932356,61.0989019,-452,3101,70.8,2026-08-24,0.87,43.3,False
1714,300242,佳云科技,3.96,0.51,0.76,-104.87,3.959161778624,0.179454181818,58.56552326,336,3881,72.4,2026-08-24,0.02,42.4,False
1715,300243,瑞丰高材,15.55,-2.69,4.48,36.88,16.053707117715,0.2154116,57.89627378,116,4077,80.8,2026-08-24,-3.14,46.8,False
1716,300244,迪安诊断,18.92,-4.54,4.16,25.45,19.978741459669,0.2803904,69.48592451,-578,793,86.4,2026-08-24,-5.3,60.0,False
1717,300245,ST天玑,5.58,1.45,0.72,-23.91,5.539570786657,0.2170388,54.79648894,94,4706,69.2,2026-08-24,0.73,37.9,False
1718,300246,宝莱特,14.5,-2.03,2.72,-55.63,14.773095612591,0.291764545455,56.92341041,839,4310,72.0,2026-08-24,-1.85,41.0,False
1719,300247,融捷健康,3.73,1.63,0.77,31.59,3.656473342644,0.2462104,67.85260564,428,1137,66.0,2026-08-24,2.01,44.8,False
1720,300248,新开普,8.63,2.37,1.61,-35.04,8.52123982847,0.1852532,60.95235982,-2435,3144,81.6,2026-08-24,1.28,49.7,False
1721,300249,依米康,12.76,1.19,2.06,139.32,12.617932031434,0.2214492,65.02590968,-987,1867,74.8,2026-08-24,1.13,48.6,False
1722,300250,初灵信息,14.88,0.74,1.36,855.21,14.738885130934,0.0981812,57.17795718,-334,4246,78.8,2026-08-24,0.96,45.1,False
1723,300251,光线传媒,10.87,1.02,0.36,342.51,10.814296166431,0.2500748,57.69631603,-1231,4126,78.8,2026-08-24,0.52,45.5,False
1724,300252,金信诺,11.45,0.17,1.73,92.7,11.461885307682,0.209102,56.47608768,-1114,4407,74.0,2026-08-24,-0.1,41.8,False
1725,300253,卫宁健康,6.98,0.14,0.87,273.77,6.982445208839,0.23964,56.9871258,-450,4294,81.6,2026-08-24,-0.04,46.5,False
1726,300254,仟源医药,9.15,-4.09,7.89,274.56,9.491529445074,0.2227052,71.97686618,3977,440,70.4,2026-08-24,-3.6,50.7,False
1727,300255,常山药业,23.47,0.38,1.39,918.51,23.676588681197,0.2705024,48.22137257,7,5176,77.6,2026-08-24,-0.87,37.4,False
1728,300256,星星科技,2.71,0.0,0.57,-97.35,2.696766290935,0.2185568,60.74537363,-1674,3212,76.0,2026-08-24,0.49,46.2,False
1729,300257,开山股份,17.32,0.99,0.5,54.01,17.062523294176,0.1337144,61.40930039,349,3000,63.2,2026-08-24,1.51,38.8,False
1730,300258,精锻科技,9.37,-3.0,1.02,-99.78,9.644284013049,0.2251588,55.53232135,187,4583,69.2,2026-08-24,-2.84,38.4,False
1731,300259,新天科技,4.08,-0.49,1.32,60.63,4.050426443259,0.233618,64.53566643,2305,1994,66.4,2026-08-24,0.73,42.9,False
1732,300260,新莱应材,56.82,-3.89,2.81,109.62,58.36761942405,0.265368,68.38260122,1526,1019,82.4,2026-08-24,-2.65,56.3,False
1733,300261,雅本化学,4.94,1.44,0.48,-20.66,4.889928643291,0.2257032,52.78271448,19,4958,76.8,2026-08-24,1.02,40.5,False
1734,300263,隆华科技,9.82,-3.63,3.14,39.4,10.401789578419,0.34173,72.08284946,3113,426,72.0,2026-08-24,-5.59,51.9,False
1735,300264,佳创视讯,6.39,1.91,1.89,-173.08,6.320306167623,0.19118,49.77145183,17,5130,69.2,2026-08-24,1.1,34.4,False
1736,300265,通光线缆,13.55,1.04,1.57,394.73,13.379285199715,0.1297288,55.19266995,-55,4640,70.8,2026-08-24,1.28,39.1,False
1737,300266,兴源环境,1.86,1.09,0.71,-13.86,1.840469581551,0.1671244,53.38244108,243,4899,65.2,2026-08-24,1.06,34.8,False
1738,300267,尔康制药,3.2,0.95,1.54,125.88,3.187785908261,0.2848864,59.32690202,1100,3654,71.6,2026-08-24,0.38,42.5,False
1739,300268,佳沃食品,12.66,1.93,2.46,-290.57,12.726436600621,0.18231,59.04975723,185,3742,70.0,2026-08-24,-0.52,41.3,False
1740,300269,联建光电,4.74,-0.63,1.43,-49.3,4.771818548283,0.1363012,55.83041151,-1146,4521,71.6,2026-08-24,-0.67,40.0,False
1741,300270,中威电子,11.3,-1.22,2.8,186.03,11.561275177127,0.1937384,58.36307215,770,3934,75.6,2026-08-24,-2.26,44.1,False
1742,300271,华宇软件,5.43,2.26,0.53,-19.59,5.315227429773,0.1789916,57.83792475,-501,4094,76.0,2026-08-24,2.16,44.0,False
1743,300272,开能健康,5.82,1.57,0.81,166.5,5.756207980679,0.1905648,58.6913143,235,3845,68.4,2026-08-24,1.11,40.1,False
1744,300274,阳光电源,108.82,-2.4,0.8,24.62,113.507282794804,0.4383084,69.72196486,-506,744,84.8,2026-08-24,-4.13,59.1,False
1745,300275,梅安森,8.99,0.33,0.95,53.1,8.986380954371,0.1569236,62.5264124,-1779,2600,66.8,2026-08-24,0.04,41.8,False
1746,300276,三丰智能,6.13,0.33,0.69,-174.37,6.141883231043,0.1624568,52.33667236,-731,4989,72.8,2026-08-24,-0.19,38.1,False
1747,300277,汽轮科技,11.65,-0.09,0.44,52.04,11.753781162697,0.1864876,58.54163381,123,3885,67.6,2026-08-24,-0.88,39.6,False
1748,300278,华昌达,3.75,1.35,0.52,833.3,3.712487967527,0.1179304,53.33044894,-482,4908,69.6,2026-08-24,1.01,37.1,False
1749,300279,和晶科技,5.61,1.81,0.96,66.69,5.514450526749,0.1123344,56.83150126,-31,4334,66.8,2026-08-24,1.73,38.0,False
1750,300281,金明精机,6.33,-0.94,0.85,171.58,6.414192298671,0.1243156,62.18637513,730,2723,66.4,2026-08-24,-1.31,41.3,False
1751,300283,温州宏丰,12.78,-1.54,3.19,34.39,12.941870206691,0.2252544,55.71406155,-149,4545,70.0,2026-08-24,-1.25,39.0,False
1752,300284,苏交科,5.22,1.36,0.39,41.4,5.173573539504,0.1461868,56.59305112,44,4384,72.0,2026-08-24,0.9,40.7,False
1753,300285,国瓷材料,62.22,-2.93,4.46,85.51,64.401031618248,0.3887452,64.05096841,-1818,2138,94.4,2026-08-24,-3.39,60.5,False
1754,300286,安科瑞,19.26,-1.78,0.91,24.02,19.527327507415,0.1820308,59.6562872,180,3555,64.0,2026-08-24,-1.37,38.2,False
1755,300287,飞利信,3.52,2.33,0.94,-44.17,3.453474416453,0.1571792,52.20366873,-425,5001,77.2,2026-08-24,1.93,40.3,False
1756,300288,朗玛信息,9.86,1.54,0.64,-199.91,9.713594957073,0.1328076,58.03226577,-1422,4044,72.4,2026-08-24,1.51,42.0,False
1757,300289,利德曼,5.77,0.35,0.35,-197.55,5.793363035475,0.1698076,56.39761627,-90,4422,66.4,2026-08-24,-0.4,37.4,False
1758,300290,ST荣科,6.14,0.82,1.65,-54.84,6.094179891812,0.209259607843,58.12160526,-1201,4015,75.6,2026-08-24,0.75,43.9,False
1759,300291,百纳千成,4.93,2.71,1.83,86.74,4.818238653847,0.1961456,56.84675466,311,4330,73.2,2026-08-24,2.32,41.6,False
1760,300292,吴通控股,4.19,1.45,2.12,34.02,4.117731061738,0.259542,65.3096514,-117,1803,70.0,2026-08-24,1.76,45.7,False
1761,300293,蓝英装备,15.58,-0.76,0.51,-1240.21,15.591307085704,0.1441272,60.17366746,1224,3395,79.2,2026-08-24,-0.07,47.7,False
1762,300294,博雅生物,14.68,1.73,0.75,72.3,14.682991098114,0.1734256,55.62483676,-705,4563,73.2,2026-08-24,-0.02,40.7,False
1763,300295,*ST三六,12.72,0.55,0.99,466.52,12.683916878632,0.2449304,60.26979627,-1817,3365,69.6,2026-08-24,0.28,41.9,False
1764,300296,利亚德,5.05,0.6,0.74,99.02,5.016338169472,0.3128404,60.3235158,-1214,3338,74.0,2026-08-24,0.67,44.6,False
1765,300298,三诺生物,16.1,1.19,0.5,20.25,15.911344708998,0.0952932,68.21570574,703,1049,73.6,2026-08-24,1.19,50.2,False
1766,300299,富春股份,5.3,1.53,1.11,54.83,5.219485650085,0.1690924,56.38926563,8,4425,80.0,2026-08-24,1.54,45.1,False
1767,300300,海峡创新,7.23,0.28,2.42,-107.08,7.224482965926,0.1703644,57.76321807,-2,4115,73.2,2026-08-24,0.08,42.3,False
1768,300301,ST长方,3.23,-0.62,0.24,-32.49,3.265835032206,0.1834228,51.44934766,-490,5051,63.6,2026-08-24,-1.1,32.7,False
1769,300302,同有科技,28.34,-1.19,1.85,38.95,28.518452621742,0.200488,57.29975575,-494,4218,74.8,2026-08-24,-0.63,42.9,False
1770,300303,聚飞光电,6.86,-0.15,1.08,47.55,6.87842309384,0.213626,60.21923825,-1754,3380,72.8,2026-08-24,-0.27,43.8,False
1771,300304,云意电气,10.99,-2.92,1.07,28.8,11.356117848648,0.2676216,60.79505444,-2354,3192,69.2,2026-08-24,-3.22,42.1,False
1772,300305,裕兴股份,6.02,0.67,0.78,-11.62,5.960981025076,0.1585712,50.35683795,-345,5107,71.6,2026-08-24,0.99,36.1,False
1773,300306,远方信息,10.29,2.29,1.4,42.59,10.062601639888,0.1655452,65.40323359,-12,1786,67.2,2026-08-24,2.26,44.0,False
1774,300307,慈星股份,7.31,-1.22,0.86,16.13,7.32066338556,0.1853124,60.33372457,-1402,3334,74.4,2026-08-24,-0.15,44.9,False
1775,300308,中际旭创,850.76,-2.24,1.23,36.45,886.463856946723,0.5997484,73.99346832,-237,257,94.8,2026-08-24,-4.03,70.1,False
1776,300310,宜通世纪,4.43,2.55,1.72,-193.27,4.33471788495,0.180242,59.19697289,-721,3698,71.2,2026-08-24,2.2,42.1,False
1777,300311,任子行,5.27,1.54,3.16,-36.97,5.264862774867,0.246680980392,56.13221794,181,4467,82.8,2026-08-24,0.1,46.5,False
1778,300313,天山生物,16.78,9.24,22.49,241.71,13.792429724083,0.351210196078,73.65430868,2925,279,85.2,2026-08-24,21.66,62.8,False
1779,300314,戴维医疗,12.12,-2.65,4.06,72.45,12.644043271546,0.150378,59.64689966,-1024,3557,80.4,2026-08-24,-4.14,48.0,False
1780,300315,掌趣科技,3.87,1.31,0.93,144.5,3.834734753529,0.327218,57.66027306,867,4133,76.0,2026-08-24,0.92,43.8,False
1781,300316,晶盛机电,42.51,-1.12,0.44,119.85,42.75541231847,0.2610392,63.26441884,105,2401,76.4,2026-08-24,-0.57,48.3,False
1782,300317,珈伟新能,4.13,-3.28,4.2,-179.43,4.286698052105,0.2862084,58.84653754,1342,3803,74.8,2026-08-24,-3.66,44.0,False
1783,300318,博晖创新,5.0,2.67,1.22,-140.16,4.927507979223,0.2224412,62.25751146,176,2694,74.8,2026-08-24,1.47,46.6,False
1784,300319,麦捷科技,17.44,-1.25,4.93,51.27,17.622917917167,0.3055012,59.2703582,-654,3675,84.0,2026-08-24,-1.04,49.8,False
1785,300320,海达股份,8.39,-0.47,0.42,19.07,8.434498459164,0.1947824,61.91328849,-1695,2838,68.0,2026-08-24,-0.53,42.1,False
1786,300321,同大股份,32.09,-2.58,1.21,324.37,33.480710836819,0.1744044,60.0829212,-152,3426,61.2,2026-08-24,-4.15,36.8,False
1787,300322,硕贝德,17.16,0.65,1.67,156.11,17.038570406575,0.1623668,57.77925857,57,4111,76.4,2026-08-24,0.71,44.1,False
1788,300323,华灿光电,11.15,-6.3,5.55,4407.38,11.95001308897,0.3343788,68.68384168,-389,958,84.8,2026-08-24,-6.69,58.2,False
1789,300324,旋极信息,3.35,2.13,1.24,-20.55,3.344317414676,0.1808612,52.63020842,-1142,4970,73.2,2026-08-24,0.17,38.5,False
1790,300326,ST凯利,6.04,2.55,0.65,16.17,5.926386377709,0.2480316,59.2371356,-37,3682,67.2,2026-08-24,1.92,39.8,False
1791,300327,中颖电子,21.98,-0.72,0.81,91.57,22.158693520641,0.179464,57.10147119,94,4267,73.2,2026-08-24,-0.81,41.8,False
1792,300328,宜安科技,15.94,-3.86,6.16,-143.46,16.096701886563,0.4029152,67.36170533,86,1254,84.8,2026-08-24,-0.97,57.1,False
1793,300329,海伦钢琴,12.08,1.0,0.7,-37.04,11.964888036231,0.1758808,53.05756944,1,4937,67.6,2026-08-24,0.96,35.9,False
1794,300331,苏大维格,46.42,-4.13,3.39,121.12,48.581176339014,0.3283524,67.48629578,1397,1221,72.8,2026-08-24,-4.45,49.1,False
1795,300332,天壕能源,5.02,1.21,2.07,29.55,4.949553401133,0.202950508475,58.96405585,-2540,3767,71.6,2026-08-24,1.42,42.2,False
1796,300333,兆日科技,10.64,-0.28,3.46,-201.19,10.708197443016,0.255928333333,56.59601686,-99,4383,82.8,2026-08-24,-0.64,46.9,False
1797,300334,津膜科技,8.33,0.48,1.03,279.0,8.310494136534,0.1090728,54.261211,107,4783,62.4,2026-08-24,0.23,33.9,False
1798,300335,迪森股份,5.31,0.57,1.39,39.4,5.230276721153,0.1938304,62.95871247,420,2492,65.6,2026-08-24,1.52,41.3,False
1799,300337,银邦股份,9.64,-1.23,0.77,36.24,9.752948274562,0.149724,57.25824719,304,4229,72.8,2026-08-24,-1.16,41.7,False
1800,300338,*ST开元,3.0,-1.64,1.65,-13.2,3.073598615917,0.25332,56.44327261,-276,4414,65.6,2026-08-24,-2.39,37.0,False
1801,300339,润和软件,35.36,1.0,1.02,170.34,35.25770695506,0.2393736,60.58315536,-785,3258,85.2,2026-08-24,0.29,51.6,False
1802,300340,科恒股份,8.86,-1.99,2.53,-28.47,9.052401380854,0.1640888,64.05283785,853,2137,76.0,2026-08-24,-2.13,48.7,False
1803,300341,麦克奥迪,13.3,2.94,0.77,31.13,12.804688625395,0.188582,68.83603605,809,928,69.2,2026-08-24,3.87,47.6,False
1804,300342,天银机电,31.19,-0.64,1.45,267.01,31.395020384642,0.1936428,55.92969554,78,4499,74.8,2026-08-24,-0.65,41.8,False
1805,300343,联创股份,5.61,-0.36,0.6,105.69,5.641649375534,0.266290196078,55.7174556,45,4541,78.8,2026-08-24,-0.56,43.9,False
1806,300345,华民股份,9.65,0.52,9.51,-22.47,9.727543663036,0.3515548,56.20282252,-3172,4458,84.4,2026-08-24,-0.8,47.4,False
1807,300346,南大光电,53.91,-3.77,2.43,75.0,55.595631233651,0.29963,59.12788253,-368,3715,88.0,2026-08-24,-3.03,52.0,False
1808,300347,泰格医药,49.84,1.38,1.55,218.75,50.32564114275,0.3351024,65.49745991,-434,1759,89.6,2026-08-24,-0.96,58.7,False
1809,300348,长亮科技,9.77,3.06,2.71,-51.69,9.457409209774,0.2355212,61.68038654,-1654,2924,79.6,2026-08-24,3.31,49.1,False
1810,300349,金卡智能,10.14,1.91,0.89,25.81,10.013291020514,0.2269428,59.94474985,-1481,3471,67.6,2026-08-24,1.27,40.5,False
1811,300350,华鹏飞,4.37,2.1,1.14,-89.63,4.289645845648,0.1160184,55.19083052,-1186,4641,68.0,2026-08-24,1.87,37.5,False
1812,300351,永贵电器,13.97,2.72,2.15,-62.47,13.587321201737,0.2120324,58.21565448,-461,3981,69.6,2026-08-24,2.82,40.5,False
1813,300352,ST信源,2.3,2.68,1.02,-16.72,2.242836159987,0.254476,48.6174723,19,5167,71.2,2026-08-24,2.55,34.6,False
1814,300353,东土科技,18.56,-0.48,1.38,-72.12,18.274321316279,0.3462612,64.19894897,2322,2088,73.2,2026-08-24,1.56,47.0,False
1815,300354,东华测试,26.13,-0.11,1.8,46.43,26.258970164794,0.2504712,61.62877107,-1440,2937,67.6,2026-08-24,-0.49,41.7,False
1816,300355,蒙草生态,2.93,1.38,0.68,-94.02,2.890996112902,0.2757376,61.79446888,-1104,2883,72.0,2026-08-24,1.35,44.5,False
1817,300357,我武生物,23.07,-0.82,1.03,25.33,23.542653641313,0.2865428,73.2184719,538,312,82.4,2026-08-24,-2.01,60.3,False
1818,300358,楚天科技,9.2,6.11,7.09,22.64,8.713273380469,0.2744556,70.53898279,1474,613,79.6,2026-08-24,5.59,56.1,False
1819,300359,全通教育,4.08,1.49,1.1,-31.78,3.996921056458,0.1510648,61.99046271,1543,2807,76.0,2026-08-24,2.08,47.1,False
1820,300360,炬华科技,11.68,0.6,0.41,15.76,11.652895741639,0.1679148,63.40798115,345,2355,68.8,2026-08-24,0.23,43.6,False
1821,300363,博腾股份,20.34,-0.59,4.94,-24.65,20.922301937956,0.3182548,63.60819709,2,2294,89.2,2026-08-24,-2.78,56.7,False
1822,300364,中文在线,22.34,0.31,2.02,-88.78,22.291730902391,0.2536284,57.96594133,-410,4062,88.4,2026-08-24,0.22,51.2,False
1823,300365,恒华科技,4.69,1.08,0.96,-45.18,4.602130346342,0.2084168,56.69088627,472,4365,68.0,2026-08-24,1.91,38.5,False
1824,300366,ST创意,5.11,-0.2,0.29,-14.57,5.091131470525,0.2131196,56.27079539,-196,4447,72.0,2026-08-24,0.37,40.5,False
1825,300368,汇金股份,7.71,2.66,4.67,-109.77,7.568633962717,0.1600432,50.50513251,79,5097,74.0,2026-08-24,1.87,37.4,False
1826,300369,绿盟科技,6.79,1.95,2.08,-14.01,6.677576885731,0.2763304,56.23657031,-688,4454,79.2,2026-08-24,1.68,44.5,False
1827,300370,安控科技,2.21,2.31,0.76,-33.28,2.158190981052,0.2577204,58.95307627,1047,3770,69.2,2026-08-24,2.4,40.8,False
1828,300371,汇中股份,10.45,1.26,0.57,72.07,10.314458745376,0.0456492,61.57304721,-1191,2952,65.6,2026-08-24,1.31,40.4,False
1829,300373,扬杰科技,92.0,-5.93,2.45,32.43,99.275970308901,0.3580008,69.03479579,-801,887,91.2,2026-08-24,-7.33,63.0,False
1830,300374,中铁装配,10.79,1.89,0.61,-19.86,10.603297138824,0.1258896,57.15106022,-858,4255,68.4,2026-08-24,1.76,39.1,False
1831,300375,鹏翎股份,4.02,1.52,0.96,202.87,3.948768153352,0.2446876,53.27279711,17,4914,66.4,2026-08-24,1.8,35.4,False
1832,300376,易事特,4.48,0.9,0.39,175.0,4.439075290697,0.1972968,60.59626328,570,3256,70.8,2026-08-24,0.92,42.9,False
1833,300377,赢时胜,13.98,0.43,2.39,-66.98,13.873882935835,0.2652024,60.46292407,-1466,3298,74.4,2026-08-24,0.76,45.0,False
1834,300378,鼎捷数智,30.0,-0.73,1.25,-253.47,30.355097907049,0.174234,62.01942865,-304,2802,79.6,2026-08-24,-1.17,49.4,False
1835,300380,安硕信息,28.58,2.11,0.85,110.64,28.000830840562,0.14933,61.17190887,-662,3070,70.8,2026-08-24,2.07,43.3,False
1836,300381,溢多利,6.29,1.29,0.8,45.8,6.207858619897,0.151196,58.31625118,-426,3954,68.8,2026-08-24,1.32,40.1,False
1837,300382,斯莱克,17.22,-3.96,1.99,-127.8,17.860004184625,0.4202464,70.13421488,682,679,77.6,2026-08-24,-3.58,54.4,False
1838,300383,光环新网,12.12,0.0,0.76,242.45,12.130481867124,0.23902,55.25966982,101,4630,81.6,2026-08-24,-0.09,45.1,False
1839,300384,三联虹普,12.19,0.33,0.59,21.45,12.395040098144,0.2128508,63.45025888,-1531,2348,72.0,2026-08-24,-1.65,45.7,False
1840,300385,ST雪浪,12.52,-0.79,0.56,-28.18,12.61250576,0.3315864,63.31030005,563,2390,63.2,2026-08-24,-0.73,40.0,False
1841,300386,飞天诚信,12.99,8.52,7.75,-44.75,11.828131991518,0.2007264,67.45024341,3103,1232,85.6,2026-08-24,9.82,57.7,False
1842,300387,富邦科技,7.39,2.21,2.32,19.37,7.23604873622,0.1677988,64.92198334,48,1886,71.2,2026-08-24,2.13,46.2,False
1843,300388,节能国祯,6.97,0.87,0.36,13.18,6.864107032681,0.12963,60.23114977,203,3376,66.4,2026-08-24,1.54,40.0,False
1844,300389,艾比森,12.42,2.48,1.07,15.85,12.148315702538,0.1055608,63.00389861,-1672,2480,68.0,2026-08-24,2.24,42.8,False
1845,300390,天华新能,62.13,-7.59,4.01,11.26,68.538776685976,0.381684,77.24612247,25,75,87.2,2026-08-24,-9.35,67.4,False
1846,300393,中来股份,6.22,1.8,1.4,-6.75,6.130670443726,0.2208752,53.737843,262,4858,71.6,2026-08-24,1.46,38.5,False
1847,300394,天孚通信,252.56,1.23,2.17,114.38,253.50157670765,0.4650196,76.05146992,-59,118,94.8,2026-08-24,-0.37,72.1,False
1848,300395,菲利华,82.44,-1.85,1.3,73.51,84.062680189317,0.2859648,62.32342493,163,2669,80.4,2026-08-24,-1.93,50.1,False
1849,300396,ST迪瑞,7.2,0.84,0.23,129.23,7.151042980274,0.1248836,57.28070149,-807,4225,66.8,2026-08-24,0.68,38.3,False
1850,300397,天和防务,11.24,-0.71,1.49,136.85,11.207093045964,0.1864444,55.51041003,-1666,4588,77.2,2026-08-24,0.29,42.9,False
1851,300398,飞凯材料,34.3,-2.45,2.17,37.26,34.714690791783,0.3198592,70.22387644,792,664,80.4,2026-08-24,-1.19,56.5,False
1852,300399,天利科技,18.35,0.6,3.03,140.49,18.515799190395,0.1849464,69.07810079,-192,881,78.4,2026-08-24,-0.9,54.2,False
1853,300400,劲拓股份,27.23,-2.65,2.21,64.7,27.673408146069,0.2318904,66.97357185,1678,1345,72.8,2026-08-24,-1.6,48.8,False
1854,300401,花园生物,14.25,0.78,2.22,29.42,14.41066709729,0.3061848,61.78940775,-2209,2887,75.6,2026-08-24,-1.11,46.7,False
1855,300402,宝色股份,14.83,1.92,1.31,65.02,14.626120139945,0.1367428,57.93561562,-2297,4069,73.2,2026-08-24,1.39,42.4,False
1856,300403,汉宇集团,9.14,1.11,0.82,30.91,9.041154414101,0.1309748,62.03103443,302,2794,76.8,2026-08-24,1.09,47.6,False
1857,300404,博济医药,13.82,-2.33,8.62,80.97,14.221768615651,0.18605,61.34807133,274,3011,82.0,2026-08-24,-2.83,50.3,False
1858,300405,科隆股份,5.71,1.06,1.47,331.99,5.625318568428,0.1028736,56.89096015,-207,4317,66.4,2026-08-24,1.51,37.8,False
1859,300406,九强生物,11.5,-0.09,0.57,16.03,11.581090834192,0.1624468,62.3102327,-366,2675,72.8,2026-08-24,-0.7,45.4,False
1860,300407,凯发电气,11.83,0.08,0.96,120.55,11.808148660366,0.1890036,64.25689916,-1521,2073,71.6,2026-08-24,0.19,46.0,False
1861,300408,三环集团,108.86,-0.07,1.15,68.71,108.706984218404,0.400886,65.74683379,-1233,1696,88.0,2026-08-24,0.14,57.9,False
1862,300409,道氏技术,17.99,-2.6,1.36,24.25,18.482713512578,0.2546624,69.5539522,1830,771,78.8,2026-08-24,-2.67,54.8,False
1863,300410,正业科技,7.71,-0.9,2.08,55.28,7.776871773647,0.1472504,61.44311128,-1077,2991,70.0,2026-08-24,-0.86,43.0,False
1864,300411,金盾股份,7.71,1.18,1.02,262.6,7.556138316345,0.141421818182,59.27803392,941,3672,75.2,2026-08-24,2.04,44.6,False
1865,300412,迦南科技,4.57,0.22,1.28,-545.06,4.513505985733,0.1585336,61.03658909,1119,3117,68.0,2026-08-24,1.25,41.5,False
1866,300413,芒果超媒,14.04,0.43,0.6,65.11,14.109463300484,0.2684704,60.79053952,-987,3197,79.2,2026-08-24,-0.49,48.1,False
1867,300414,中光防雷,10.55,0.67,0.75,142.74,10.525954062375,0.1648692,56.0761393,305,4477,74.4,2026-08-24,0.23,41.7,False
1868,300415,伊之密,19.44,-0.36,0.43,14.22,19.428739939578,0.2234872,70.98489313,233,564,69.6,2026-08-24,0.06,49.4,False
1869,300416,苏试试验,14.3,-0.28,1.03,28.09,14.364755287734,0.2049652,61.60751165,-1527,2945,73.2,2026-08-24,-0.45,45.1,False
1870,300417,南华仪器,11.14,1.55,1.4,-126.84,10.998260279685,0.0476936,59.39603098,-1252,3639,65.2,2026-08-24,1.29,38.7,False
1871,300418,昆仑万维,39.93,-1.5,1.91,23.58,41.17841192301,0.3488964,64.79888721,-478,1916,93.6,2026-08-24,-3.03,60.7,False
1872,300419,ST浩丰,8.48,-0.59,0.85,-86.18,8.756879760882,0.3220604,52.9981405,-610,4940,68.8,2026-08-24,-3.16,36.5,False
1873,300420,五洋自控,7.94,2.06,7.13,-1358.3,7.787017267824,0.3699176,63.51836074,59,2325,79.2,2026-08-24,1.96,50.3,False
1874,300421,力星股份,16.37,0.99,0.94,170.57,16.162276917274,0.0834168,53.90447839,10,4826,68.4,2026-08-24,1.29,36.9,False
1875,300422,博世科,4.12,1.23,1.18,-30.34,4.065881369855,0.2409028,59.27684459,374,3673,64.4,2026-08-24,1.33,38.2,False
1876,300423,昇辉科技,5.8,0.69,1.0,-30.51,5.783499230362,0.1019496,54.633651,-20,4735,67.6,2026-08-24,0.29,36.9,False
1877,300424,航新科技,14.12,-0.14,1.64,33.21,14.008582287421,0.1711248,58.92692068,-1089,3778,72.0,2026-08-24,0.8,42.4,False
1878,300425,中建环能,4.06,1.75,0.56,5553.87,4.003749456668,0.1471204,60.50752199,-848,3284,66.4,2026-08-24,1.4,40.2,False
1879,300426,华智数媒,6.17,1.15,1.48,32.62,6.115418885221,0.2017636,54.98427994,93,4674,73.2,2026-08-24,0.89,40.2,False
1880,300427,红相股份,6.52,-0.46,2.31,233.21,6.616744679399,0.1920848,60.45772813,1633,3302,72.0,2026-08-24,-1.46,43.5,False
1881,300428,立中集团,18.31,-0.27,0.41,15.8,18.277735520516,0.1293004,71.41605717,748,507,71.6,2026-08-24,0.18,51.1,False
1882,300429,强力新材,10.66,-0.84,1.96,-51.38,10.82379892694,0.2348076,61.94561079,2147,2821,73.6,2026-08-24,-1.51,45.6,False
1883,300430,*ST益通,4.24,0.47,0.72,-4.9,4.249929386484,0.1234104,44.86069346,-54,5193,66.4,2026-08-24,-0.23,29.8,False
1884,300432,富临精工,15.52,-3.3,0.78,32.71,16.017209634711,0.2241908,65.9225087,91,1648,78.0,2026-08-24,-3.1,51.4,False
1885,300433,蓝思科技,36.8,-3.03,1.11,168.39,37.514926942656,0.4728128,78.42249689,251,45,86.8,2026-08-24,-1.91,68.1,False
1886,300434,金石亚药,11.38,0.98,2.77,9.85,11.420345456853,0.187748,59.52754219,142,3599,74.4,2026-08-24,-0.35,44.3,False
1887,300435,中泰股份,16.36,-0.12,0.89,24.18,16.369475258033,0.2261124,65.59763045,-863,1730,73.6,2026-08-24,-0.06,48.3,False
1888,300436,广生堂,89.22,-0.49,1.44,-137.03,92.274559898033,0.3430384,58.12786937,791,4013,75.6,2026-08-24,-3.31,43.9,False
1889,300437,清水源,11.01,0.82,1.48,-767.05,10.976439691205,0.1034776,58.39623103,-1288,3925,68.0,2026-08-24,0.31,39.7,False
1890,300438,鹏辉能源,60.37,-2.35,1.71,23.49,62.319225566288,0.2464536,61.28944352,306,3033,77.2,2026-08-24,-3.13,47.3,False
1891,300439,美康生物,9.34,1.19,0.69,26.54,9.238851935744,0.161236,61.84172076,-129,2856,70.4,2026-08-24,1.09,43.5,False
1892,300440,运达科技,18.72,-0.43,1.16,-132.43,18.453195876289,0.3972016,65.58966433,763,1734,66.4,2026-08-24,1.45,43.6,False
1893,300441,鲍斯股份,6.68,-0.45,0.21,53.42,6.707547501229,0.2049264,60.34531181,-1481,3331,70.0,2026-08-24,-0.41,42.2,False
1894,300442,润泽科技,61.94,-0.82,0.42,43.65,62.61381343609,0.27048,67.0797423,377,1328,86.8,2026-08-24,-1.08,58.2,False
1895,300443,金雷股份,18.32,-5.37,1.81,20.57,19.392128790358,0.1492084,62.32319188,-409,2670,69.6,2026-08-24,-5.53,43.4,False
1896,300444,双杰电气,9.61,-1.44,1.52,6.87,9.744638430448,0.2193916,60.13605874,1247,3407,76.0,2026-08-24,-1.38,45.7,False
1897,300445,康斯特,19.33,7.99,4.53,27.37,17.889491618393,0.0835272,63.48259104,-189,2338,63.2,2026-08-24,8.05,40.1,False
1898,300446,航天智造,12.91,1.1,0.63,19.85,12.828840024797,0.1717632,63.79899193,143,2225,70.8,2026-08-24,0.63,45.2,False
1899,300447,全信股份,13.37,1.13,0.78,89.51,13.219958930665,0.1326024,63.70144357,-254,2254,68.8,2026-08-24,1.13,43.8,False
1900,300448,浩云科技,5.57,1.64,1.07,-224.75,5.495257427882,0.1574172,56.54554756,-1761,4393,70.0,2026-08-24,1.36,39.6,False
1901,300449,汉邦高科,6.98,1.45,0.82,-90.86,6.907838543766,0.1913404,52.81209697,156,4955,65.2,2026-08-24,1.04,34.4,False
1902,300450,先导智能,32.9,-2.78,0.85,33.97,34.207762052442,0.3032948,63.72208349,-50,2250,76.8,2026-08-24,-3.82,48.9,False
1903,300451,创业慧康,3.44,1.18,0.45,-16.76,3.407186985922,0.187196,53.25717574,-155,4918,73.2,2026-08-24,0.96,39.0,False
1904,300452,山河药辅,12.84,2.07,2.55,15.65,12.644116142147,0.2283856,66.83374704,-202,1377,75.2,2026-08-24,1.55,50.3,False
1905,300453,三鑫医疗,9.62,-1.03,1.77,19.01,9.729113543849,0.2160224,67.15379036,201,1306,74.8,2026-08-24,-1.12,50.2,False
1906,300454,深信服,114.45,-1.95,2.28,106.8,115.093808349525,0.4283428,77.57401367,-23,62,84.8,2026-08-24,-0.56,65.8,False
1907,300455,航天智装,17.03,0.12,0.38,2389.03,17.216128425443,0.1533884,54.4888074,-665,4751,73.2,2026-08-24,-1.08,39.9,False
1908,300456,赛微电子,30.38,-1.52,1.3,-113.26,31.058322678081,0.2512196,59.40350846,530,3634,76.4,2026-08-24,-2.18,45.4,False
1909,300457,赢合科技,20.7,-2.63,1.95,19.04,21.178189073783,0.2594112,68.77718041,-128,938,75.2,2026-08-24,-2.26,51.7,False
1910,300458,全志科技,30.22,-0.92,1.52,36.97,30.475423908145,0.2699088,60.30944268,-132,3350,80.8,2026-08-24,-0.84,48.7,False
1911,300459,汤姆猫,3.46,0.58,1.01,98.91,3.423358442573,0.3091112,58.83242741,473,3808,77.6,2026-08-24,1.07,45.7,False
1912,300460,ST惠伦,8.43,0.6,0.33,-31.15,8.489900664011,0.247106,51.34759199,-938,5056,69.2,2026-08-24,-0.71,35.5,False
1913,300461,田中精机,30.43,-0.49,0.79,-62.37,30.445828477835,0.1463876,53.65572605,-381,4869,68.0,2026-08-24,-0.05,36.5,False
1914,300462,ST华铭,11.33,3.09,0.44,-22.89,10.998801468241,0.3950772,56.70037525,462,4363,64.4,2026-08-24,3.01,36.5,False
1915,300463,迈克生物,9.22,0.88,0.62,81.37,9.17805950925,0.1585468,65.28792659,999,1809,73.2,2026-08-24,0.46,47.8,False
1916,300464,星徽股份,7.19,1.84,1.62,260.82,6.926817244885,0.238634,65.53032994,2672,1748,64.4,2026-08-24,3.8,42.2,False
1917,300465,高伟达,12.03,1.86,2.21,290.47,12.042305106439,0.254592,60.50069774,-2391,3289,85.2,2026-08-24,-0.1,51.5,False
1918,300466,赛摩智能,7.28,1.39,0.73,187.42,7.17150355419,0.0681624,55.31759935,177,4617,70.4,2026-08-24,1.51,38.9,False
1919,300467,迅游科技,33.01,0.92,0.7,276.0,32.503181015162,0.2862964,54.07437551,74,4805,69.2,2026-08-24,1.56,37.4,False
1920,300468,四方精创,24.13,4.96,9.33,301.82,22.636989960538,0.3375068,78.71236438,72,42,88.8,2026-08-24,6.6,69.9,False
1921,300469,信息发展,53.78,0.24,1.73,-106.31,54.285141039957,0.3598332,54.63805482,-5,4734,72.8,2026-08-24,-0.93,39.8,False
1922,300470,中密控股,27.74,-1.98,0.49,21.39,28.284988313791,0.2254596,66.70318375,708,1412,71.2,2026-08-24,-1.93,47.5,False
1923,300471,厚普股份,9.7,-1.02,0.67,27.46,9.729475594289,0.1264084,67.67285078,1197,1173,76.4,2026-08-24,-0.3,51.7,False
1924,300472,*ST新元,6.58,0.61,0.21,-22.24,6.623960354981,0.2883468,56.26140761,292,4453,64.8,2026-08-24,-0.66,36.5,False
1925,300473,德尔股份,24.49,-0.04,5.51,22.59,23.87822880109,0.2714524,73.20623256,1205,316,70.8,2026-08-24,2.56,51.8,False
1926,300474,景嘉微,50.23,0.7,0.51,-121.6,49.932536363857,0.2158184,56.94703638,-1078,4305,84.0,2026-08-24,0.6,47.8,False
1927,300475,香农芯创,150.78,-1.45,1.74,13.33,152.006259323074,0.329588,67.43619592,-852,1235,88.4,2026-08-24,-0.81,59.6,False
1928,300476,胜宏科技,242.6,-0.98,1.27,46.26,243.825134651804,0.4480692,67.23871431,-799,1287,89.6,2026-08-24,-0.5,60.2,False
1929,300477,ST合纵,2.44,-0.41,0.73,-17.74,2.485622787027,0.2497224,49.30735902,-33,5148,69.6,2026-08-24,-1.84,34.3,False
1930,300478,杭州高新,28.76,0.77,1.29,-141.89,28.857733516904,0.2554248,57.76419521,578,4114,65.6,2026-08-24,-0.34,37.9,False
1931,300479,神思电子,14.86,1.64,1.11,-47.05,14.586529586392,0.1131628,66.81554827,-925,1384,78.4,2026-08-24,1.87,52.4,False
1932,300480,光力科技,31.29,-4.28,3.64,78.09,32.266786778021,0.2465052,64.65407244,1877,1954,78.4,2026-08-24,-3.03,50.7,False
1933,300481,濮阳惠成,13.87,-0.86,1.2,32.53,13.958395470107,0.2354072,58.2860479,-73,3965,69.6,2026-08-24,-0.63,40.6,False
1934,300482,万孚生物,16.05,0.31,1.32,30.66,16.032715977895,0.2192868,58.36315148,34,3933,76.0,2026-08-24,0.11,44.4,False
1935,300483,首华燃气,23.71,2.2,3.56,24.45,23.007451036897,0.2477356,73.00511892,416,334,72.8,2026-08-24,3.05,53.1,False
1936,300484,蓝海华腾,12.62,0.16,0.62,75.74,12.598486002337,0.1090272,56.87129677,285,4320,70.0,2026-08-24,0.17,39.8,False
1937,300485,赛升药业,9.07,0.22,1.97,-15.2,9.315191725361,0.1519716,56.01434857,68,4487,75.6,2026-08-24,-2.63,42.3,False
1938,300486,东杰智能,23.04,4.73,1.94,309.45,21.698173687018,0.3735004,65.86036995,-418,1670,76.0,2026-08-24,6.18,50.1,False
1939,300487,蓝晓科技,61.93,-2.07,0.93,37.49,64.07279905412,0.2660304,71.77514586,-11,463,80.4,2026-08-24,-3.34,57.7,False
1940,300488,恒锋工具,31.45,-0.13,1.4,28.17,31.728782486582,0.1885704,67.78149007,572,1154,65.6,2026-08-24,-0.88,44.5,False
1941,300489,光智科技,200.58,-0.78,3.32,453.63,203.959968531831,0.37855,55.85399698,-200,4514,82.8,2026-08-24,-1.66,46.2,False
1942,300490,华自科技,11.38,-1.47,1.1,13.66,11.497861008769,0.1644432,59.96246014,1125,3464,73.2,2026-08-24,-1.03,43.9,False
1943,300491,通合科技,30.43,-0.88,3.76,-4371.74,30.559607401409,0.2951392,71.89635333,918,451,69.6,2026-08-24,-0.42,50.0,False
1944,300492,华图山鼎,23.0,-0.82,0.49,13.05,23.189696749149,0.0912932,63.88256488,-705,2201,68.4,2026-08-24,-0.82,43.7,False
1945,300493,润欣科技,11.9,0.68,0.8,90.49,11.884553783146,0.1368344,61.81947479,159,2869,73.6,2026-08-24,0.13,45.5,False
1946,300494,盛天网络,8.16,1.12,0.52,224.78,8.083504366997,0.0927628,54.60101313,90,4738,75.6,2026-08-24,0.95,41.3,False
1947,300496,中科创达,55.78,0.18,0.86,62.89,55.961434224303,0.2579408,65.39104161,2,1788,81.2,2026-08-24,-0.32,53.1,False
1948,300497,富祥股份,16.52,-2.94,2.17,25.14,17.026967475531,0.2851248,62.48824092,-769,2606,83.6,2026-08-24,-2.98,52.2,False
1949,300498,温氏股份,14.0,2.49,0.7,-21.76,13.533282537142,0.3638248,71.36298759,84,513,84.8,2026-08-24,3.45,60.5,False
1950,300499,高澜股份,30.07,3.87,10.03,178.35,28.670530009927,0.3020348,68.03254007,873,1093,77.6,2026-08-24,4.88,52.8,False
1951,300500,启迪设计,9.44,0.0,1.6,20.6,9.493468143956,0.0497928,59.67552359,627,3548,68.8,2026-08-24,-0.56,41.1,False
1952,300501,海顺新材,9.81,1.66,0.82,-62.99,9.705129238469,0.1616088,49.4580641,-57,5145,63.6,2026-08-24,1.08,31.5,False
1953,300502,新易盛,403.85,-1.98,1.43,37.39,415.985125413188,0.5601964,75.48100535,-136,141,94.4,2026-08-24,-2.92,71.3,False
1954,300503,昊志机电,67.19,0.24,2.75,44.57,66.909046999939,0.2769228,66.95272574,-279,1351,89.6,2026-08-24,0.42,60.0,False
1955,300504,天邑股份,14.81,0.75,1.28,43.84,14.682118649698,0.1169672,53.60558828,-20,4875,66.0,2026-08-24,0.87,35.4,False
1956,300505,川金诺,19.08,1.71,5.78,21.17,18.774187925257,0.2600176,64.9530032,-838,1880,78.8,2026-08-24,1.63,51.2,False
1957,300506,名家汇,5.09,-1.74,0.83,-108.49,5.082339356071,0.324082941176,62.6847702,1876,2556,72.4,2026-08-24,0.15,45.4,False
1958,300507,苏奥传感,6.39,1.43,0.47,78.49,6.317457678729,0.1369316,57.40378337,101,4192,68.8,2026-08-24,1.15,39.5,False
1959,300508,维宏股份,41.23,-1.48,1.64,372.47,41.776998734808,0.1705396,60.40648633,-225,3315,74.8,2026-08-24,-1.31,45.2,False
1960,300509,新美星,8.79,0.11,2.39,23.58,8.705943045456,0.117798,72.11181933,-145,422,66.0,2026-08-24,0.97,47.6,False
1961,300510,金冠股份,3.45,2.07,1.48,-23.27,3.385224861345,0.2206452,54.54266162,-753,4744,69.2,2026-08-24,1.91,37.7,False
1962,300511,雪榕生物,5.22,-4.92,5.89,93.68,5.493281432944,0.22398,70.99636774,1272,563,80.8,2026-08-24,-4.97,57.4,False
1963,300512,中亚股份,7.23,1.69,0.74,33.85,7.109479925023,0.0395112,58.34095557,-413,3945,63.2,2026-08-24,1.7,36.9,False
1964,300513,恒实科技,7.37,1.24,0.73,-21.8,7.228360588084,0.1450832,58.55877064,834,3882,67.6,2026-08-24,1.96,39.6,False
1965,300514,友讯达,10.02,1.21,1.44,-61.21,9.822802733457,0.056166,61.48765689,1133,2981,66.4,2026-08-24,2.01,40.8,False
1966,300515,三德科技,15.83,0.7,1.42,18.59,15.956343710728,0.1314604,65.68385234,-1401,1710,69.6,2026-08-24,-0.79,45.7,False
1967,300516,久之洋,30.34,-0.78,0.46,-126.38,30.676385530012,0.1369656,58.71755753,565,3835,70.8,2026-08-24,-1.1,41.6,False
1968,300517,海波重科,9.99,-1.87,2.53,-128.79,10.209608864349,0.1055024,60.38362515,831,3322,64.8,2026-08-24,-2.15,39.1,False
1969,300518,新迅达,22.86,0.04,1.75,-83.16,22.985886530911,0.3486196,56.31298618,214,4439,67.6,2026-08-24,-0.55,38.1,False
1970,300519,新光药业,15.15,7.6,7.97,30.52,14.098991826303,0.1230864,60.28974538,-1,3356,70.0,2026-08-24,7.45,42.2,False
1971,300520,科大国创,22.31,-4.45,2.05,-30.27,23.46163224064,0.1874648,47.93576206,-93,5180,74.0,2026-08-24,-4.91,35.5,False
1972,300521,爱司凯,23.02,-1.54,0.62,-168.28,23.158725336142,0.2025644,51.5223784,66,5046,64.4,2026-08-24,-0.6,33.2,False
1973,300522,世名科技,13.15,-3.66,3.93,1423.78,13.659018310732,0.2209976,58.56679698,-446,3879,72.0,2026-08-24,-3.73,42.2,False
1974,300523,辰安科技,19.79,0.25,0.24,-38.73,19.749921937922,0.1828104,62.30969983,-29,2676,66.0,2026-08-24,0.2,41.1,False
1975,300525,博思软件,8.13,2.14,0.88,-24.48,7.986011530995,0.1789904,63.64184076,409,2283,72.4,2026-08-24,1.8,46.1,False
1976,300527,ST应急,8.0,0.13,0.3,-71.57,7.987834245383,0.3349992,68.59030479,1191,977,70.8,2026-08-24,0.15,48.6,False
1977,300528,幸福蓝海,12.86,1.9,1.2,-52.4,12.597578947368,0.2506472,55.40747652,-717,4604,72.0,2026-08-24,2.08,39.9,False
1978,300529,健帆生物,15.71,0.96,0.51,16.42,15.562477576519,0.2004984,63.69166217,19,2260,76.4,2026-08-24,0.95,48.7,False
1979,300530,领湃科技,18.72,-5.41,4.02,-25.24,20.047869155393,0.1835844,63.49593749,2751,2333,76.0,2026-08-24,-6.62,48.3,False
1980,300531,优博讯,16.57,1.28,2.0,28.05,16.215171744969,0.2348736,69.32459751,2834,833,73.2,2026-08-24,2.19,50.7,False
1981,300532,今天国际,6.87,1.03,0.52,21.09,6.818889558925,0.2148448,63.10349806,-1300,2449,66.0,2026-08-24,0.75,41.6,False
1982,300533,冰川网络,14.19,0.92,0.75,-119.27,14.05969959766,0.116442,56.39678825,-56,4423,71.6,2026-08-24,0.93,40.4,False
1983,300534,陇神戎发,16.88,1.08,15.45,51.91,17.421917753695,0.2531356,53.2653914,-1983,4917,83.2,2026-08-24,-3.11,44.3,False
1984,300535,达威股份,17.23,1.41,3.01,-106.35,16.892849865441,0.1387748,63.17844428,-1144,2425,71.2,2026-08-24,2.0,45.0,False
1985,300536,农尚环境,8.91,1.25,1.26,-44.34,8.747270466854,0.1733552,53.78490214,-677,4847,67.2,2026-08-24,1.86,36.1,False
1986,300537,广信材料,19.06,-2.16,1.98,131.69,19.347085137795,0.143674,52.71486839,65,4964,70.8,2026-08-24,-1.48,37.3,False
1987,300538,同益股份,14.94,-0.86,1.43,81.95,15.082836205908,0.1609812,57.83488125,-2193,4096,68.0,2026-08-24,-0.95,39.3,False
1988,300539,横河精密,17.73,-0.39,0.89,118.89,17.761573068222,0.1048328,59.72320002,-414,3533,69.2,2026-08-24,-0.18,41.3,False
1989,300540,蜀道装备,27.54,-2.89,2.98,92.13,28.326653251419,0.1888148,60.31179805,-2475,3346,79.2,2026-08-24,-2.78,47.8,False
1990,300541,先进数通,10.0,2.88,1.61,-144.54,9.749276321944,0.1996384,60.84995821,-1237,3177,73.2,2026-08-24,2.57,44.5,False
1991,300542,新晨科技,14.34,20.0,14.77,-61.64,12.049277768394,0.0957456,59.93055381,-1982,3473,73.2,2026-08-24,19.01,43.9,False
1992,300543,朗科智能,7.75,1.84,0.81,-71.78,7.590017433818,0.0905084,56.352725,-430,4432,73.6,2026-08-24,2.11,41.5,False
1993,300545,联得装备,32.8,-4.09,8.44,55.95,34.089917037827,0.3527716,61.76445758,-2731,2894,84.0,2026-08-24,-3.78,51.9,False
1994,300546,雄帝科技,19.92,3.27,11.59,-131.07,18.887924329803,0.2573016,73.48771565,49,296,83.6,2026-08-24,5.46,61.4,False
1995,300547,川环科技,25.23,0.76,1.63,34.65,24.944606072035,0.1474184,67.30270265,1521,1270,70.8,2026-08-24,1.14,47.7,False
1996,300548,长芯博创,193.98,-2.49,3.0,88.95,201.749655526286,0.3944192,74.06887217,-4,248,86.4,2026-08-24,-3.85,64.0,False
1997,300549,优德精密,14.36,1.13,0.57,695.15,14.221086636216,0.0427144,60.15660422,1236,3403,67.6,2026-08-24,0.98,40.7,False
1998,300550,和仁科技,11.48,0.7,0.53,-47.69,11.455448497159,0.1499468,59.59629452,-1488,3572,62.8,2026-08-24,0.21,37.4,False
1999,300551,古鳌科技,10.02,2.24,1.05,-24.71,9.921794576587,0.1677488,57.54006255,-645,4166,68.8,2026-08-24,0.99,39.6,False
2000,300552,万集科技,20.58,2.9,4.14,-68.25,20.503191210349,0.1854092,59.23330254,1245,3684,80.0,2026-08-24,0.37,47.4,False
2001,300553,集智股份,40.57,-1.22,2.11,170.52,40.496914528617,0.16557,57.34543035,928,4204,63.6,2026-08-24,0.18,36.5,False
2002,300554,三超新材,20.28,-0.29,2.23,-151.49,20.33666325835,0.118962,56.52082707,649,4401,65.2,2026-08-24,-0.28,36.9,False
2003,300555,ST路通,12.4,1.64,0.21,-86.61,12.196542605983,0.294328,53.68536429,-265,4864,63.2,2026-08-24,1.67,33.9,False
2004,300556,丝路视觉,16.09,1.32,1.6,41.69,15.885662750414,0.0691676,60.3568514,1321,3328,69.2,2026-08-24,1.29,41.8,False
2005,300557,理工光科,25.22,0.0,0.81,83.18,25.29199908284,0.2060852,61.16724461,1398,3072,62.4,2026-08-24,-0.28,38.2,False
2006,300558,贝达药业,48.01,-1.07,1.8,33.63,48.661064152104,0.3403104,63.00413779,-213,2479,86.8,2026-08-24,-1.34,54.7,False
2007,300559,佳发教育,10.44,2.15,0.64,91.11,10.192762894937,0.1987816,59.31701737,528,3660,67.6,2026-08-24,2.43,40.1,False
2008,300560,中富通,17.16,-2.78,2.1,121.93,17.397730247398,0.2486748,68.13545717,338,1066,74.8,2026-08-24,-1.37,51.0,False
2009,300561,汇金科技,15.49,3.61,4.4,-447.71,15.012880168246,0.2339104,49.79894541,-452,5128,74.4,2026-08-24,3.18,37.1,False
2010,300562,乐心医疗,15.04,0.67,6.33,27.42,14.712622445943,0.1589032,63.67826861,1589,2263,74.8,2026-08-24,2.23,47.6,False
2011,300563,神宇股份,22.92,0.22,2.64,97.04,22.90362180803,0.1688664,55.53786237,-1275,4582,72.0,2026-08-24,0.07,40.0,False
2012,300564,筑博设计,12.44,1.14,0.82,-90.73,12.351467913768,0.0641764,57.26251779,-1185,4228,62.4,2026-08-24,0.72,35.7,False
2013,300565,科信技术,9.75,2.09,1.59,-40.13,9.538802344524,0.0965992,47.73740161,7,5182,67.6,2026-08-24,2.21,32.3,False
2014,300566,激智科技,27.71,-2.74,3.29,31.47,28.165072385206,0.381404,76.66915015,-65,89,81.2,2026-08-24,-1.62,62.3,False
2015,300567,精测电子,200.73,-6.07,2.26,328.68,214.116658190802,0.299776,59.76209575,-732,3519,81.2,2026-08-24,-6.25,48.5,False
2016,300568,星源材质,14.1,0.14,2.4,180.05,14.177254714238,0.2922724,56.85851911,-117,4324,77.6,2026-08-24,-0.54,44.1,False
2017,300569,天能重工,4.62,1.32,0.5,46.47,4.578293349656,0.1943188,56.90609849,-996,4315,68.8,2026-08-24,0.91,39.2,False
2018,300570,太辰光,200.79,-1.04,5.13,129.33,202.844062905054,0.40316,67.50680612,-1179,1212,93.6,2026-08-24,-1.01,63.2,False
2019,300571,平治信息,29.29,-0.98,2.34,209.29,29.607791724779,0.1565316,52.07091126,79,5011,68.0,2026-08-24,-1.07,35.4,False
2020,300572,安车检测,19.39,3.52,1.52,-214.38,18.692946981868,0.1789112,50.65820742,-167,5093,62.8,2026-08-24,3.73,31.8,False
2021,300573,兴齐眼药,39.19,1.74,1.24,16.85,38.796952405952,0.2975384,69.97603799,-161,705,75.6,2026-08-24,1.01,52.9,False
2022,300575,中旗股份,5.99,2.22,3.09,29.03,5.838851524578,0.1400396,62.4118896,1374,2637,71.2,2026-08-24,2.59,44.4,False
2023,300576,容大感光,29.05,-2.81,2.78,109.2,29.737785221916,0.1819472,57.96246133,411,4063,79.2,2026-08-24,-2.31,45.9,False
2024,300577,开润股份,17.39,0.4,0.43,10.56,17.421208974065,0.0945868,65.5053817,-639,1755,65.2,2026-08-24,-0.18,42.7,False
2025,300578,会畅科技,15.27,0.79,0.97,-49.62,15.168750853694,0.1175348,55.0994729,336,4653,69.2,2026-08-24,0.67,38.1,False
2026,300579,数字认证,23.63,9.96,4.57,-151.7,21.682511749273,0.1044808,60.55401472,-369,3267,75.6,2026-08-24,8.98,45.8,False
2027,300580,贝斯特,19.83,-0.35,0.54,34.07,19.961081038741,0.1457032,61.66652456,-954,2928,77.6,2026-08-24,-0.66,47.9,False
2028,300581,晨曦航空,9.83,0.31,0.81,-126.8,9.801650607134,0.13982,49.85326065,34,5126,70.8,2026-08-24,0.29,35.3,False
2029,300582,英飞特,11.06,0.0,1.1,98.26,11.037993210943,0.1169172,61.65088257,1440,2933,66.4,2026-08-24,0.2,40.9,False
2030,300583,赛托生物,12.9,1.42,0.81,169.16,12.749788277553,0.0879116,62.56686698,1355,2586,66.0,2026-08-24,1.18,41.3,False
2031,300584,海辰药业,31.15,-5.0,3.42,58.29,32.548608517829,0.1898372,63.44107482,2133,2349,67.6,2026-08-24,-4.3,42.9,False
2032,300585,奥联电子,15.12,-3.63,1.74,-86.59,15.718625803652,0.2753132,54.67603707,62,4729,68.4,2026-08-24,-3.81,37.4,False
2033,300586,美联新材,8.78,-2.12,1.24,1096.81,8.900790876995,0.2020032,50.44246139,-55,5101,68.4,2026-08-24,-1.36,34.5,False
2034,300587,天铁科技,4.98,-1.19,1.33,89.22,5.074295468106,0.257224,54.17420737,-1081,4791,69.6,2026-08-24,-1.86,37.7,False
2035,300588,熙菱信息,20.9,-1.04,0.69,-46.35,21.410609840132,0.3237088,58.30014946,-672,3958,74.4,2026-08-24,-2.38,43.4,False
2036,300589,江龙船艇,12.71,1.92,2.78,-153.36,12.485397105915,0.1721536,59.14180979,-780,3712,74.4,2026-08-24,1.8,44.0,False
2037,300590,移为通信,10.79,0.65,1.32,24.01,10.743154834688,0.1331672,56.80887412,168,4340,68.0,2026-08-24,0.44,38.6,False
2038,300591,万里马,6.68,2.77,2.73,240.49,6.573460103837,0.2129396,53.93585567,85,4822,73.2,2026-08-24,1.62,39.5,False
2039,300592,华凯易佰,14.44,-1.77,1.06,19.74,14.605113382613,0.1273188,64.7540092,-1155,1932,71.2,2026-08-24,-1.13,46.1,False
2040,300593,新雷能,29.57,-2.67,2.68,-107.8,30.389679723105,0.2913332,59.65967999,-1951,3553,76.4,2026-08-24,-2.7,45.6,False
2041,300594,ST朗进,14.35,0.42,0.47,-27.3,14.366239585262,0.0742128,57.39607513,-796,4194,62.8,2026-08-24,-0.11,36.0,False
2042,300595,欧普康视,10.82,1.03,0.58,16.55,10.79266462494,0.1896112,65.54046687,-536,1746,76.4,2026-08-24,0.25,50.1,False
2043,300596,利安隆,42.4,-0.52,0.59,16.37,42.431454341509,0.2697344,67.74764167,-136,1161,67.2,2026-08-24,-0.07,45.5,False
2044,300597,吉大通信,7.82,1.3,0.51,-101.37,7.703320468839,0.1500584,63.54205493,584,2316,65.6,2026-08-24,1.51,41.7,False
2045,300598,诚迈科技,31.98,-2.44,2.75,-50.83,32.641887726259,0.2260592,61.97514004,-644,2810,90.8,2026-08-24,-2.03,56.3,False
2046,300599,雄塑科技,11.44,-1.55,1.19,31.75,11.620390351862,0.2474216,61.86878105,380,2849,65.2,2026-08-24,-1.55,40.3,False
2047,300600,国瑞科技,10.06,2.55,0.73,-176.39,9.813388020878,0.0586508,62.12217079,101,2749,70.4,2026-08-24,2.51,43.7,False
2048,300601,康泰生物,12.65,0.24,2.7,140.21,12.932410193124,0.2872948,67.46679532,-791,1230,89.6,2026-08-24,-2.18,60.5,False
2049,300602,飞荣达,43.18,0.14,3.98,50.12,43.288332287108,0.345062,80.16951766,34,21,82.4,2026-08-24,-0.25,66.1,False
2050,300603,立昂技术,7.57,0.93,1.3,-28.64,7.546300967598,0.1963732,53.85663586,-238,4834,80.4,2026-08-24,0.31,43.3,False
2051,300604,长川科技,261.6,-3.5,2.32,119.76,272.085341410351,0.4020876,69.79707996,-471,729,84.0,2026-08-24,-3.85,58.6,False
2052,300605,恒锋信息,10.19,1.7,2.56,-30.49,10.002487755256,0.1138072,52.66485746,128,4969,73.2,2026-08-24,1.87,38.6,False
2053,300606,金太阳,34.32,-3.89,2.68,124.13,35.5675050464,0.2545104,62.00965065,-36,2805,68.4,2026-08-24,-3.51,42.4,False
2054,300607,拓斯达,35.82,7.5,11.41,81.91,33.671805060848,0.2824572,67.19322441,-1228,1299,92.0,2026-08-24,6.38,61.8,False
2055,300608,思特奇,9.63,0.0,1.1,-16.35,9.690940154636,0.1645848,51.96425192,-75,5018,68.8,2026-08-24,-0.63,35.8,False
2056,300609,汇纳科技,25.18,0.8,1.15,-37.39,25.205247352337,0.2087848,57.66996899,847,4129,67.6,2026-08-24,-0.1,39.0,False
2057,300610,晨化股份,10.36,0.58,1.04,19.76,10.294519089022,0.1592712,67.34469428,1684,1259,66.4,2026-08-24,0.64,44.7,False
2058,300611,美力科技,23.56,2.84,1.27,71.78,22.854241008874,0.2282608,59.2888793,-962,3669,66.0,2026-08-24,3.09,39.1,False
2059,300612,宣亚国际,11.67,0.95,1.31,-32.01,11.523556827107,0.0978052,57.09489576,-24,4269,70.4,2026-08-24,1.27,40.2,False
2060,300613,富瀚微,65.65,-4.02,2.36,44.93,68.560401900798,0.2398148,65.16692591,837,1833,82.8,2026-08-24,-4.25,54.0,False
2061,300614,百川畅银,10.64,0.57,0.63,-21.02,10.589250641175,0.0557792,57.16774162,826,4249,63.2,2026-08-24,0.48,36.1,False
2062,300615,欣天科技,15.95,-5.06,16.65,-33.55,16.35208510969,0.260082363636,52.16064811,162,5004,79.6,2026-08-24,-2.46,41.5,False
2063,300616,尚品宅配,10.65,2.4,1.38,-6.16,10.514298264072,0.0924836,55.66156337,328,4554,62.8,2026-08-24,1.29,35.0,False
2064,300617,安靠智电,38.95,-2.63,1.37,42.23,39.809577128649,0.20018,57.56187719,-1186,4160,69.2,2026-08-24,-2.16,39.8,False
2065,300618,寒锐钴业,34.01,-3.05,1.41,53.39,35.293568407228,0.2801776,65.12218485,-1271,1844,83.2,2026-08-24,-3.64,54.2,False
2066,300619,金银河,25.03,-8.72,3.96,188.77,27.150243263944,0.295158,70.10193352,1144,685,70.8,2026-08-24,-7.81,49.6,False
2067,300620,光库科技,287.96,-3.69,1.7,241.77,298.661489127194,0.35226,70.33813186,-421,649,86.8,2026-08-24,-3.58,61.1,False
2068,300621,维业股份,7.36,2.22,0.83,-8.39,7.250299669967,0.0533368,56.80976496,-926,4338,65.2,2026-08-24,1.51,37.0,False
2069,300622,博士眼镜,14.54,1.32,1.31,29.06,14.586694038757,0.1871724,65.48427924,-1261,1766,74.0,2026-08-24,-0.32,48.5,False
2070,300623,捷捷微电,28.86,-3.22,1.9,40.33,29.75783660624,0.303724,72.25471501,25,407,81.2,2026-08-24,-3.02,58.7,False
2071,300624,万兴科技,46.47,-1.42,1.7,-65.12,47.834818535139,0.2393564,58.20446533,-751,3985,84.4,2026-08-24,-2.85,49.1,False
2072,300625,三雄极光,9.66,1.68,0.79,-26.86,9.538441073097,0.1162316,60.99255133,904,3129,64.0,2026-08-24,1.27,39.0,False
2073,300626,华瑞股份,30.3,-4.14,1.52,200.23,31.128241943242,0.2716308,59.52080677,-30,3600,61.6,2026-08-24,-2.66,36.7,False
2074,300627,华测导航,27.22,0.89,0.37,32.43,26.972052725487,0.229046,63.65016683,-1058,2277,76.0,2026-08-24,0.92,48.4,False
2075,300628,亿联网络,41.84,-0.81,0.81,17.39,42.149645352154,0.266302,77.34729319,-15,72,84.4,2026-08-24,-0.73,65.3,False
2076,300629,新劲刚,16.64,0.24,0.8,97.57,16.616501702758,0.1422704,61.05852757,-1335,3111,67.2,2026-08-24,0.14,41.0,False
2077,300631,久吾高科,21.45,0.14,0.92,35.86,21.42466055549,0.1661672,62.58809095,1213,2578,69.6,2026-08-24,0.12,43.6,False
2078,300632,光莆股份,17.94,-1.05,1.99,1621.67,18.038060718231,0.13528,53.47166093,100,4891,69.6,2026-08-24,-0.54,37.2,False
2079,300633,开立医疗,18.96,-0.78,1.18,292.35,19.692555130252,0.1909924,61.42397207,-2190,2995,70.0,2026-08-24,-3.72,43.0,False
2080,300634,彩讯股份,18.98,0.26,0.81,84.58,18.965446022776,0.1954804,66.31888492,274,1535,78.4,2026-08-24,0.08,52.0,False
2081,300635,中达安,12.24,0.16,1.2,287.32,12.282966648313,0.1128008,60.13221165,515,3408,66.4,2026-08-24,-0.35,39.9,False
2082,300636,同和药业,6.88,0.73,0.47,38.46,6.826488698067,0.1763976,63.98073182,680,2167,66.0,2026-08-24,0.78,42.2,False
2083,300637,扬帆新材,8.89,-0.45,0.52,-164.78,8.929316703186,0.1068692,54.43838334,295,4760,71.6,2026-08-24,-0.44,39.0,False
2084,300638,广和通,18.52,-0.7,0.76,430.74,18.816567857109,0.199724,60.60851671,-20,3251,75.6,2026-08-24,-1.58,45.8,False
2085,300639,凯普生物,6.01,0.67,1.05,62.14,6.010386155342,0.1784056,59.49447714,224,3609,76.0,2026-08-24,-0.01,45.2,False
2086,300640,德艺文创,6.71,0.15,1.34,402.73,6.695896395233,0.1643196,69.02678028,-193,890,67.6,2026-08-24,0.21,46.7,False
2087,300641,正丹股份,13.86,0.87,0.53,15.38,13.763464822219,0.1771876,61.01583613,288,3122,71.6,2026-08-24,0.7,43.7,False
2088,300642,透景生命,16.2,20.0,7.77,114.53,13.582005427872,0.0548956,59.84805856,-54,3494,67.6,2026-08-24,19.28,40.5,False
2089,300643,万通智控,17.56,-2.06,0.65,25.73,17.815333520529,0.1739232,62.90588359,-102,2502,67.6,2026-08-24,-1.43,42.5,False
2090,300644,南京聚隆,19.97,-4.9,3.22,44.54,20.979336125139,0.1085168,63.51069353,1078,2328,68.0,2026-08-24,-4.81,43.2,False
2091,300645,正元智慧,13.18,2.73,1.17,-39.62,12.853932451062,0.1214984,63.88197268,1440,2202,70.0,2026-08-24,2.54,44.7,False
2092,300647,超频三,5.67,0.35,1.31,74.84,5.644511176473,0.1814516,60.51260577,1156,3283,69.6,2026-08-24,0.45,42.1,False
2093,300648,星云股份,39.77,-1.32,0.6,-108.03,40.218868310964,0.2302808,58.79643769,-311,3814,74.4,2026-08-24,-1.12,43.7,False
2094,300649,杭州园林,25.01,1.63,2.26,-87.96,24.44368952446,0.2242556,52.97693517,-1109,4941,66.0,2026-08-24,2.32,35.0,False
2095,300650,太龙股份,11.34,-2.49,2.83,112.64,11.576510687722,0.1357768,61.11718186,10,3089,70.4,2026-08-24,-2.04,43.0,False
2096,300651,金陵体育,16.78,-0.47,3.32,-73.16,16.864692251703,0.1459104,59.10615995,-935,3723,64.8,2026-08-24,-0.5,38.3,False
2097,300652,雷迪克,28.17,-0.46,0.53,35.08,28.338198034738,0.0834544,59.35848615,1,3647,63.2,2026-08-24,-0.59,37.5,True
2098,300653,正海生物,14.94,1.08,0.51,40.37,14.876422549668,0.1469256,64.13434028,172,2108,71.2,2026-08-24,0.43,45.7,False
2099,300654,世纪天鸿,9.78,0.1,0.66,164.07,9.855067808312,0.2610768,51.91470201,-1248,5020,73.2,2026-08-24,-0.76,38.0,False
2100,300655,晶瑞电材,12.3,-2.84,1.35,517.71,12.627671496186,0.2281512,57.37133254,26,4199,80.8,2026-08-24,-2.59,46.4,False
2101,300656,民德电子,25.26,-1.21,2.05,-41.23,25.719048514294,0.197738,53.68127307,-287,4866,67.6,2026-08-24,-1.78,36.3,False
2102,300657,弘信电子,33.79,1.11,3.2,65.71,33.612501140173,0.3004724,62.99394287,-1532,2484,74.8,2026-08-24,0.53,47.1,False
2103,300658,延江股份,10.51,1.25,1.7,27.83,10.473585115477,0.0557848,58.86987352,-53,3799,64.0,2026-08-24,0.35,37.7,False
2104,300659,中孚信息,10.21,1.29,0.86,-8.36,10.048767703463,0.0751776,61.153055,357,3079,67.6,2026-08-24,1.6,41.3,False
2105,300660,江苏雷利,23.72,0.94,0.41,52.45,23.615342551759,0.2177236,58.87057638,136,3798,78.0,2026-08-24,0.44,45.9,False
2106,300661,圣邦股份,111.22,0.08,0.69,154.11,111.790766320333,0.25452,67.98903253,-487,1106,79.2,2026-08-24,-0.51,53.8,False
2107,300662,科锐国际,19.52,0.36,0.46,10.45,19.542295433943,0.1025428,66.58068881,278,1453,65.6,2026-08-24,-0.11,43.7,False
2108,300663,科蓝软件,8.82,10.11,7.78,-37.3,7.997705575267,0.19857,50.97521216,31,5078,84.4,2026-08-24,10.28,43.0,False
2109,300664,鹏鹞环保,4.56,1.33,0.48,11.8,4.513028131786,0.1910744,56.75473231,-455,4353,64.8,2026-08-24,1.04,36.8,False
2110,300665,飞鹿股份,9.18,1.66,2.07,-46.85,9.193955355389,0.141583703704,50.8868808,-35,5080,61.6,2026-08-24,-0.15,31.3,False
2111,300666,江丰电子,230.14,-8.09,5.57,58.84,248.105485080766,0.433148,72.18154503,2387,415,88.8,2026-08-24,-7.24,64.1,False
2112,300667,必创科技,14.2,-0.56,1.23,206.89,14.285306315331,0.1186804,57.14326544,-1177,4258,70.0,2026-08-24,-0.6,40.0,False
2113,300668,杰恩股份,31.84,-2.09,2.17,2124.13,32.231484471938,0.1964924,55.42100979,394,4601,64.8,2026-08-24,-1.21,35.9,False
2114,300669,沪宁股份,23.23,-0.47,0.21,535.74,23.669335360556,0.1490208,59.49423285,802,3610,62.4,2026-08-24,-1.86,37.1,False
2115,300670,大烨智能,6.55,1.24,1.89,147.12,6.413456955741,0.1011512,58.36357801,1189,3932,68.8,2026-08-24,2.13,40.2,False
2116,300671,富满微,54.31,-3.21,2.36,66.33,56.319941383305,0.2078296,51.79481889,-132,5032,78.8,2026-08-24,-3.57,40.8,False
2117,300672,国科微,153.62,-3.11,2.05,151.76,158.105794086907,0.2937148,55.4771871,-794,4592,86.8,2026-08-24,-2.84,48.2,False
2118,300673,佩蒂股份,12.51,-1.34,0.84,63.6,12.686582477177,0.06926,60.3163816,-172,3342,68.4,2026-08-24,-1.39,41.3,False
2119,300674,宇信科技,15.64,3.17,1.35,60.36,15.363837208354,0.2320596,67.86192947,-956,1133,82.0,2026-08-24,1.8,55.6,False
2120,300675,建科院,12.81,0.87,0.69,-23.95,12.671779260349,0.08319,57.05009845,203,4281,66.8,2026-08-24,1.09,38.1,False
2121,300676,华大基因,40.58,-3.15,1.9,179.05,41.683124858875,0.3289872,69.41106484,859,811,90.0,2026-08-24,-2.65,62.5,True
2122,300677,英科医疗,49.41,2.72,2.87,19.32,47.76140605316,0.2153028,74.18964674,468,238,79.2,2026-08-24,3.45,58.8,False
2123,300678,中科信息,21.6,1.08,0.56,344.79,21.432056302987,0.1708836,62.70995344,304,2547,77.2,2026-08-24,0.78,48.4,False
2124,300679,电连技术,51.09,1.77,3.86,52.69,50.009816208356,0.3362976,67.56490245,-1153,1198,84.0,2026-08-24,2.16,56.8,False
2125,300680,隆盛科技,20.0,0.81,1.1,25.29,19.936727124286,0.1676012,60.40903493,-1873,3314,72.4,2026-08-24,0.32,43.7,False
2126,300681,英搏尔,21.07,-0.89,1.16,28.41,21.117630419873,0.1568612,61.97179959,-498,2811,66.4,2026-08-24,-0.23,41.1,False
2127,300682,朗新科技,9.3,1.2,0.81,-27.78,9.234857077686,0.212974,59.50165306,241,3607,75.6,2026-08-24,0.71,45.0,False
2128,300683,海特生物,25.42,-1.4,3.26,-21.14,26.664371233532,0.181908,58.86242904,1187,3801,72.4,2026-08-24,-4.67,42.6,False
2129,300684,中石科技,85.69,1.77,7.67,93.01,83.866601034325,0.4063432,73.34613035,-77,304,92.8,2026-08-24,2.17,68.1,False
2130,300685,艾德生物,17.76,-3.53,2.32,20.85,18.716732038589,0.2231668,67.19955029,-111,1298,76.0,2026-08-24,-5.11,51.1,False
2131,300686,智动力,14.1,-0.91,1.59,-117.73,14.296370991148,0.1437164,52.87108305,-673,4951,75.6,2026-08-24,-1.37,40.0,False
2132,300687,赛意信息,25.19,-3.49,2.32,91.82,26.199664012048,0.2815504,63.85732574,1704,2211,84.0,2026-08-24,-3.85,53.6,False
2133,300688,创业黑马,28.46,0.0,8.99,-266.07,28.96513617303,0.245178,56.37630986,13,4429,74.4,2026-08-24,-1.74,41.9,False
2134,300689,澄天伟业,51.76,-2.34,1.08,1095.55,52.90211858463,0.3238204,57.24211328,-150,4232,68.8,2026-08-24,-2.16,39.4,False
2135,300690,双一科技,23.22,13.88,12.03,14.3,20.449277739206,0.1601076,65.92137033,231,1649,69.2,2026-08-24,13.55,45.6,False
2136,300691,联合光电,14.37,1.27,0.69,-250.15,14.162566603385,0.1129572,61.83841505,-607,2859,69.6,2026-08-24,1.46,43.0,False
2137,300692,中赋科技,9.03,0.44,2.02,70.86,9.047485538515,0.274888,63.22675299,-254,2410,71.6,2026-08-24,-0.19,45.3,False
2138,300693,盛弘股份,41.88,-0.99,1.87,28.75,41.959151961534,0.2037472,74.91361339,-72,180,82.4,2026-08-24,-0.19,61.7,False
2139,300694,蠡湖股份,10.53,1.15,0.83,41.68,10.48428362791,0.0788808,61.73903121,495,2901,66.8,2026-08-24,0.44,41.2,False
2140,300695,兆丰股份,48.13,-0.89,0.25,-74.36,48.38825928809,0.1201376,61.68313737,-811,2920,66.0,2026-08-24,-0.53,40.7,False
2141,300696,爱乐达,19.32,-3.88,1.62,-217.07,19.982773985001,0.1762588,52.15783218,-326,5005,67.6,2026-08-24,-3.32,35.3,False
2142,300697,电工合金,14.7,-6.37,3.19,27.09,15.852734535186,0.2280252,65.89712061,-1595,1658,80.0,2026-08-24,-7.27,52.7,False
2143,300698,万马科技,25.98,4.04,3.01,99.37,25.579323948852,0.1172152,66.95666278,2619,1350,71.2,2026-08-24,1.57,47.7,False
2144,300699,光威复材,22.99,-4.17,1.37,48.06,24.091623661323,0.24767,60.45944828,-464,3300,76.0,2026-08-24,-4.57,45.9,False
2145,300700,岱勒新材,18.28,-1.61,1.31,456.92,18.572932518256,0.2256508,53.07294117,-1488,4933,65.6,2026-08-24,-1.58,34.8,False
2146,300701,森霸传感,9.69,1.36,0.56,83.6,9.56500997515,0.1030728,62.45431932,-1318,2620,64.8,2026-08-24,1.31,40.5,False
2147,300702,天宇股份,21.32,-0.74,0.49,43.96,21.564749774775,0.1761772,67.99302237,-71,1104,68.4,2026-08-24,-1.13,46.5,False
2148,300703,创源股份,13.5,2.27,1.07,-31.79,13.215798629137,0.1035684,61.32784636,-108,3018,68.4,2026-08-24,2.15,41.9,False
2149,300705,九典制药,11.16,2.2,2.0,17.48,11.126691388765,0.2211716,66.32683001,-294,1529,77.2,2026-08-24,0.3,51.2,False
2150,300706,阿石创,51.07,-4.17,5.72,111.84,53.049425157175,0.1775124,65.47248929,2973,1769,76.0,2026-08-24,-3.73,49.8,False
2151,300707,威唐工业,12.19,1.58,0.86,-45.82,12.048539290645,0.10726,57.26626857,-187,4227,68.4,2026-08-24,1.17,39.2,False
2152,300708,聚灿光电,7.64,0.0,0.5,46.77,7.675766487673,0.2212928,62.79709216,-1426,2528,74.0,2026-08-24,-0.47,46.5,False
2153,300709,精研科技,39.12,-2.59,3.96,-36.71,40.142356907434,0.3570768,68.54502437,-26,989,77.2,2026-08-24,-2.55,52.9,False
2154,300710,万隆光电,30.18,-1.57,2.75,-82.42,30.911782775703,0.2474152,56.5219067,-1912,4400,76.8,2026-08-24,-2.37,43.4,False
2155,300711,广哈通信,18.52,-3.44,2.72,221.89,18.459965235205,0.2148968,77.49930367,369,66,78.0,2026-08-24,0.33,60.4,False
2156,300712,永福股份,19.11,0.42,0.42,-68.18,19.300324041717,0.1926828,49.76747583,-67,5131,65.6,2026-08-24,-0.99,32.6,False
2157,300713,英可瑞,13.25,1.84,1.2,-27.37,13.047914743128,0.0928344,60.18840959,1125,3392,69.2,2026-08-24,1.55,41.7,False
2158,300715,凯伦股份,14.08,0.14,1.12,91.82,13.953630047181,0.2727888,65.00966123,-206,1870,64.4,2026-08-24,0.91,41.9,False
2159,300716,*ST泉为,20.24,1.71,1.4,-53.63,20.06559682052,0.4551204,62.30318189,901,2680,67.6,2026-08-24,0.87,42.1,False
2160,300717,华信新材,18.05,0.56,0.96,39.56,17.928643935762,0.0686628,58.44399089,-104,3911,62.4,2026-08-24,0.68,36.5,False
2161,300718,长盛轴承,55.19,-0.23,1.42,67.53,55.399105467702,0.2668364,61.13875897,42,3080,89.2,2026-08-24,-0.38,54.5,False
2162,300719,安达维尔,11.85,3.49,1.81,-54.84,11.475083283641,0.1325936,54.7020554,-285,4722,68.0,2026-08-24,3.27,37.2,False
2163,300720,海川智能,70.25,-4.45,3.77,628.78,73.541394152121,0.3559512,51.51819779,-261,5048,75.2,2026-08-24,-4.48,38.7,False
2164,300721,怡达股份,21.8,-4.13,3.6,58.36,22.586438815474,0.1976216,61.04605973,1692,3116,66.8,2026-08-24,-3.48,40.8,False
2165,300722,新余国科,21.08,1.54,0.38,412.42,20.753868015002,0.1158452,62.88036858,304,2506,70.8,2026-08-24,1.57,44.5,False
2166,300723,一品红,34.71,0.29,0.79,6.59,35.130948829308,0.276702,57.33744186,-52,4206,75.6,2026-08-24,-1.2,43.3,False
2167,300724,捷佳伟创,55.49,-1.42,1.35,17.88,56.614847376999,0.2667264,62.58773127,13,2580,80.8,2026-08-24,-1.99,50.6,False
2168,300725,药石科技,47.39,-1.7,6.98,55.71,49.115933152609,0.283078,66.40152475,687,1505,86.8,2026-08-24,-3.51,57.6,False
2169,300726,宏达电子,50.67,-3.12,2.6,55.54,53.305033378174,0.2894084,67.18426479,1224,1303,75.6,2026-08-24,-4.94,50.8,False
2170,300727,润禾材料,26.91,0.45,1.1,44.32,26.745183632239,0.224124,64.20034697,235,2087,67.2,2026-08-24,0.62,43.1,False
2171,300729,乐歌股份,10.24,0.89,0.36,1084.34,10.092357028101,0.1322728,67.49663459,1578,1216,67.2,2026-08-24,1.46,45.4,False
2172,300730,科创信息,11.28,1.08,0.66,-53.65,11.179947148205,0.0971168,52.28052577,-373,4996,68.8,2026-08-24,0.89,36.0,False
2173,300731,科创新源,41.09,-1.84,3.47,-607.45,41.296390926401,0.3084128,71.9998373,918,436,74.8,2026-08-24,-0.5,53.9,False
2174,300732,设研院,6.02,1.35,0.97,-25.5,5.939003474624,0.1014072,58.28703628,1019,3964,66.0,2026-08-24,1.36,38.5,False
2175,300733,西菱动力,13.47,0.0,0.6,41.34,13.587904410979,0.2128324,59.48591364,-771,3612,64.8,2026-08-24,-0.87,38.5,False
2176,300735,光弘科技,19.15,-2.2,0.89,139.95,19.594399156615,0.2645444,69.49036812,1284,789,73.6,2026-08-24,-2.27,51.1,False
2177,300736,百邦科技,29.24,-1.71,1.94,-198.8,29.734606164956,0.2669908,63.89857196,-336,2195,65.6,2026-08-24,-1.66,41.9,False
2178,300737,科顺股份,4.77,0.42,1.01,20.83,4.743622481988,0.1434584,55.05375306,91,4659,63.6,2026-08-24,0.56,35.0,False
2179,300738,奥飞数据,20.73,-2.36,1.53,51.95,20.863066562127,0.3569692,69.31493576,1613,835,85.6,2026-08-24,-0.64,59.3,False
2180,300739,明阳电路,21.77,-1.45,1.03,138.91,22.016380197953,0.1805056,55.6823513,-37,4550,68.8,2026-08-24,-1.12,38.3,False
2181,300740,水羊股份,21.55,7.43,5.12,68.28,20.580142724488,0.3823212,67.41951844,206,1241,80.8,2026-08-24,4.71,54.5,False
2182,300741,华宝股份,13.43,0.6,0.11,46.34,13.387374075243,0.1288892,58.22555183,-688,3977,68.8,2026-08-24,0.32,40.1,False
2183,300743,天地数码,14.45,-1.1,3.35,16.23,14.607057001427,0.0668884,63.73015049,979,2247,64.4,2026-08-24,-1.08,41.0,False
2184,300745,欣锐科技,27.75,-3.41,2.21,218.48,28.864474274391,0.1598884,61.16720881,862,3073,67.2,2026-08-24,-3.86,41.1,False
2185,300746,汉嘉数智,12.96,0.62,0.7,91.4,12.958494485735,0.1340692,58.89745345,778,3791,70.4,2026-08-24,0.01,41.5,False
2186,300747,锐科激光,35.01,-1.16,1.29,62.06,35.474534346857,0.2484364,64.36509113,-1495,2041,78.4,2026-08-24,-1.31,50.5,False
2187,300748,金力永磁,26.84,-3.14,1.14,40.12,27.960663967333,0.2890556,72.27614063,167,401,82.8,2026-08-24,-4.01,59.8,False
2188,300749,顶固集创,24.34,0.16,2.07,23.66,23.82982764303,0.3443624,68.74992845,484,943,69.2,2026-08-24,2.14,47.6,False
2189,300750,宁德时代,381.21,-1.72,0.2,20.37,389.655543685493,0.5094268,75.64897309,-121,135,89.6,2026-08-24,-2.17,67.8,False
2190,300751,迈为股份,202.99,0.63,3.09,112.28,198.322686451276,0.3386036,71.39284718,520,509,80.8,2026-08-24,2.35,57.7,False
2191,300752,隆利科技,10.75,0.09,1.44,55.67,10.7962276709,0.1174452,62.31153092,-1917,2673,73.2,2026-08-24,-0.43,45.6,False
2192,300753,爱朋医疗,21.68,2.51,5.66,-155.59,21.314871608595,0.1259376,54.13682531,-85,4798,81.6,2026-08-24,1.71,44.2,False
2193,300755,华致酒行,11.21,0.99,0.36,22.02,11.111265005852,0.0749792,64.15117298,1702,2099,64.4,2026-08-24,0.89,41.3,False
2194,300756,金马游乐,28.61,-1.85,0.66,58.0,28.635181800254,0.2994172,65.76033449,206,1690,64.0,2026-08-24,-0.09,42.1,False
2195,300757,罗博特科,485.32,-2.23,1.64,-523.88,494.56920119331,0.3951316,57.64858027,-822,4138,85.2,2026-08-24,-1.87,49.1,False
2196,300758,七彩化学,11.14,-1.68,2.19,40.11,11.185161780017,0.1920384,64.48191089,1775,2007,70.0,2026-08-24,-0.4,45.1,False
2197,300759,康龙化成,44.45,-0.91,2.67,54.43,45.746470774157,0.3202176,65.16674967,-900,1834,91.6,2026-08-24,-2.83,59.7,False
2198,300760,迈瑞医疗,160.63,1.23,0.54,20.89,157.489547308555,0.338202,81.53298832,222,9,90.0,2026-08-24,1.99,73.4,False
2199,300761,立华股份,18.49,0.43,0.52,-108.79,18.131454736895,0.2522188,71.86279672,150,454,71.2,2026-08-24,1.98,51.2,False
2200,300762,上海瀚讯,27.08,0.15,1.26,-99.58,27.237051111272,0.3395432,49.65228201,-33,5135,74.4,2026-08-24,-0.58,36.9,False
2201,300763,锦浪科技,60.94,-2.73,1.45,98.81,63.269083536354,0.2825668,66.36678928,166,1518,75.2,2026-08-24,-3.68,49.9,False
2202,300765,石药创新,43.19,-4.53,1.38,24.05,45.813118759167,0.4614848,75.06588884,510,169,87.2,2026-08-24,-5.73,65.5,False
2203,300766,每日互动,20.74,-0.77,1.62,-127.19,20.984907789704,0.2549196,58.80086994,529,3813,81.2,2026-08-24,-1.17,47.7,False
2204,300767,震安科技,17.57,-3.94,1.75,494.5,18.331702906415,0.254422,49.65216476,-606,5136,69.6,2026-08-24,-4.16,34.6,False
2205,300768,迪普科技,14.35,0.63,0.46,63.79,14.270842399669,0.1971872,64.07193501,271,2131,69.2,2026-08-24,0.55,44.3,False
2206,300769,德方纳米,45.01,-4.01,2.85,11.9,47.619695625111,0.3076148,60.44703326,590,3304,75.6,2026-08-24,-5.48,45.7,False
2207,300770,新媒股份,33.68,1.17,0.22,13.4,33.428725486769,0.121498,68.09783041,-40,1077,70.8,2026-08-24,0.75,48.2,False
2208,300771,智莱科技,11.35,1.25,0.96,43.24,11.16653508185,0.1033868,56.96864242,-1375,4303,66.0,2026-08-24,1.64,37.6,False
2209,300772,运达股份,10.88,-0.55,0.79,44.77,11.031098406935,0.2354872,63.14495105,-829,2439,75.2,2026-08-24,-1.37,47.5,False
2210,300773,拉卡拉,16.13,6.47,6.92,13.11,15.215455392599,0.3011604,64.11424496,-1669,2116,83.6,2026-08-24,6.01,53.6,False
2211,300774,倍杰特,10.86,-2.43,3.67,-37.11,11.106381364381,0.1472284,64.10863955,361,2120,63.2,2026-08-24,-2.22,40.5,False
2212,300775,三角防务,20.51,0.29,0.65,261.47,20.512045531541,0.2379616,56.26306275,-177,4452,72.8,2026-08-24,-0.01,41.0,False
2213,300776,帝尔激光,110.87,-5.97,2.26,51.7,116.833259989681,0.2998192,73.01518702,1876,332,76.4,2026-08-24,-5.1,55.8,False
2214,300777,中简科技,22.19,-0.94,0.57,127.84,22.646721041172,0.2806112,57.11054781,-323,4265,72.8,2026-08-24,-2.02,41.6,False
2215,300778,新城市,10.31,0.88,0.47,-30.84,10.214142091153,0.0713304,50.80388691,30,5086,65.2,2026-08-24,0.94,33.1,False
2216,300779,惠城环保,65.68,-1.23,0.93,2290.82,66.278993192639,0.3457888,62.36311517,-1152,2658,67.2,2026-08-24,-0.9,41.9,False
2217,300780,德恩精工,19.29,-0.72,1.88,-66.09,19.201115356356,0.1227612,51.22712538,85,5061,66.4,2026-08-24,0.46,34.0,False
2218,300781,因赛集团,26.08,0.19,1.02,92.3,26.092192401101,0.094424,59.79393234,-353,3510,76.4,2026-08-24,-0.05,45.7,False
2219,300782,卓胜微,73.92,-0.85,0.96,-73.63,74.565483208167,0.2696004,53.07965444,-557,4932,76.8,2026-08-24,-0.87,40.8,False
2220,300783,三只松鼠,17.06,1.67,1.12,6.27,16.712500077273,0.1428468,62.245139,-1396,2699,77.6,2026-08-24,2.08,48.3,False
2221,300784,利安科技,41.15,1.48,1.24,74.18,40.393036140158,0.0740492,59.52997429,-122,3595,64.4,2026-08-24,1.87,38.3,False
2222,300785,值得买,33.35,-3.25,2.97,367.45,34.666794326498,0.1417628,63.56531124,116,2307,78.4,2026-08-24,-3.8,49.8,False
2223,300786,国林科技,15.28,-2.24,2.74,145.51,15.531533580459,0.124372,54.87606415,-267,4691,68.0,2026-08-24,-1.62,37.3,False
2224,300787,海能实业,10.17,2.62,1.63,-82.28,9.946309622383,0.1168752,58.98805926,342,3755,66.8,2026-08-24,2.25,39.4,False
2225,300788,中信出版,23.4,0.47,0.77,28.87,23.399877136185,0.1764884,57.38504933,-63,4197,74.0,2026-08-24,0.0,42.5,False
2226,300789,唐源电气,17.4,2.11,1.22,43.81,17.077345413069,0.0817884,57.46495149,-992,4184,69.2,2026-08-24,1.89,39.8,False
2227,300790,宇瞳光学,18.78,-2.19,1.83,43.06,19.332505534072,0.259426,64.04979986,-1690,2139,76.4,2026-08-24,-2.86,48.9,False
2228,300791,仙乐健康,17.51,3.12,1.07,27.04,17.002976965812,0.1950968,66.39202033,883,1511,65.6,2026-08-24,2.98,43.6,False
2229,300792,壹网壹创,22.82,0.57,0.81,43.2,22.723646381956,0.1376444,60.66588397,264,3236,72.0,2026-08-24,0.42,43.7,False
2230,300793,佳禾智能,10.97,1.48,0.49,-120.4,10.843593864134,0.1491624,54.34252488,69,4775,72.0,2026-08-24,1.17,39.1,False
2231,300795,米奥会展,12.23,-3.32,5.33,-123.8,12.757614545054,0.1969184,58.1988016,291,3986,74.8,2026-08-24,-4.14,43.5,False
2232,300796,贝斯美,6.74,1.2,0.6,206.75,6.69088534401,0.074866,55.04292243,-292,4661,63.2,2026-08-24,0.73,34.8,False
2233,300797,钢研纳克,13.67,-1.94,0.77,34.01,13.981305374322,0.1169172,66.36798388,178,1517,76.4,2026-08-24,-2.23,50.7,False
2234,300798,锦鸡股份,7.24,1.26,3.35,-286.75,7.197924220173,0.1891868,61.80533904,1474,2878,70.8,2026-08-24,0.58,43.8,False
2235,300800,力合科技,10.04,1.62,0.69,56.65,9.858067591966,0.0395984,59.11096251,-155,3720,65.6,2026-08-24,1.85,38.8,False
2236,300801,泰和科技,21.92,-2.4,1.6,17.11,22.490120480537,0.1636272,63.74821486,-566,2241,72.4,2026-08-24,-2.53,46.2,False
2237,300802,矩子科技,23.35,-0.81,2.22,50.98,23.401909179854,0.310736,71.28783571,-55,519,76.4,2026-08-24,-0.22,54.5,False
2238,300803,指南针,79.46,-1.0,0.71,108.92,80.687856716843,0.3181844,67.12613729,-1005,1318,78.0,2026-08-24,-1.52,52.4,False
2239,300804,广康生化,43.14,1.34,1.16,-1386.88,42.460665636515,0.2805324,62.47019788,385,2616,63.2,2026-08-24,1.6,39.5,False
2240,300805,电声股份,7.85,1.95,1.21,321.76,7.732127386373,0.1010716,63.45386174,-1149,2345,66.4,2026-08-24,1.52,42.1,False
2241,300806,斯迪克,49.9,-0.6,4.15,519.16,49.268885966958,0.4611636,71.51355927,63,496,81.6,2026-08-24,1.28,58.4,False
2242,300807,天迈科技,37.15,3.37,1.54,-74.37,36.238765700109,0.2200548,55.20349883,533,4636,65.2,2026-08-24,2.51,36.0,False
2243,300808,久量股份,19.68,-0.2,1.3,-58.45,19.8635105199,0.1499188,63.34117635,2485,2380,62.0,2026-08-24,-0.92,39.3,False
2244,300809,华辰装备,23.17,-0.22,0.78,114.84,23.224448481205,0.1957504,62.08960878,1208,2767,75.2,2026-08-24,-0.23,46.7,False
2245,300810,中科海讯,23.74,0.38,0.53,-50.01,23.537120308409,0.1068652,63.50992621,519,2329,67.2,2026-08-24,0.86,42.7,False
2246,300811,铂科新材,73.08,-1.62,1.39,84.17,74.14187307544,0.326324,66.67570407,-999,1423,75.6,2026-08-24,-1.43,50.4,False
2247,300812,易天股份,18.73,-0.9,1.21,221.06,18.889776188904,0.1316264,55.02821682,205,4665,68.4,2026-08-24,-0.85,37.6,False
2248,300813,泰林生物,20.22,-0.74,2.48,126.57,20.509357776928,0.1681956,59.03111223,-1010,3745,70.8,2026-08-24,-1.41,41.8,False
2249,300814,中富电路,132.63,-0.28,1.74,328.72,132.886171918564,0.2880052,61.94202011,-1611,2823,75.2,2026-08-24,-0.19,46.6,False
2250,300815,玉禾田,15.86,-0.63,0.42,9.62,16.159349132106,0.1518532,66.29336875,472,1539,71.2,2026-08-24,-1.85,47.2,False
2251,300816,艾可蓝,50.71,-1.63,2.45,51.06,50.286493485409,0.15316,64.4986415,1405,2002,64.4,2026-08-24,0.84,41.5,False
2252,300817,双飞集团,15.07,0.8,0.58,49.45,14.974303185176,0.1028692,60.51332607,13,3282,68.4,2026-08-24,0.64,41.4,False
2253,300818,耐普矿机,18.19,-2.05,0.64,-169.68,18.729398799946,0.1131956,59.25141481,-2250,3679,62.4,2026-08-24,-2.88,37.0,False
2254,300819,聚杰微纤,44.79,-1.71,0.92,160.71,45.22664212362,0.1940216,60.25274862,-1725,3371,66.4,2026-08-24,-0.97,40.0,False
2255,300820,英杰电气,51.4,-2.37,1.51,78.58,52.37949706622,0.2041356,67.97588637,102,1109,72.0,2026-08-24,-1.87,48.9,False
2256,300821,东岳硅材,15.43,-5.28,2.87,21.59,16.353294048855,0.2536212,67.27773389,-384,1277,84.4,2026-08-24,-5.65,56.8,False
2257,300822,贝仕达克,10.73,0.47,0.95,110.04,10.77006404272,0.0857692,55.50552763,112,4589,68.4,2026-08-24,-0.37,38.0,False
2258,300823,建科智能,15.17,1.4,1.42,34.47,14.996200457908,0.0492432,61.25500293,-47,3045,63.6,2026-08-24,1.16,39.0,False
2259,300824,北鼎股份,7.7,2.39,0.75,26.38,7.501287043816,0.097988,68.84254996,1233,927,65.2,2026-08-24,2.65,44.9,False
2260,300825,阿尔特,10.1,-0.98,1.2,83.5,10.21107057219,0.2658984,65.02666303,264,1866,70.0,2026-08-24,-1.09,45.5,False
2261,300826,测绘股份,14.67,-1.41,1.23,119.92,15.159998624575,0.387724,68.90888705,1107,915,66.4,2026-08-24,-3.23,45.8,False
2262,300827,上能电气,25.34,-2.69,1.0,36.06,26.253154709478,0.2727976,71.09441075,847,544,74.0,2026-08-24,-3.48,52.6,False
2263,300828,锐新科技,17.05,3.4,5.23,93.13,16.534562085198,0.1289932,53.32716113,-351,4909,71.2,2026-08-24,3.12,38.0,False
2264,300829,金丹科技,14.7,0.48,1.05,32.15,14.708619757677,0.1728768,55.67074236,-354,4552,72.4,2026-08-24,-0.06,40.3,False
2265,300830,金现代,8.06,1.26,0.98,-115.66,7.928397667501,0.0650244,56.91422721,159,4314,68.0,2026-08-24,1.66,38.7,False
2266,300831,ST派瑞,14.52,3.2,1.55,74.52,14.061594814945,0.2775496,60.80557816,1348,3187,66.4,2026-08-24,3.26,40.4,False
2267,300832,新产业,51.31,-0.31,0.34,23.23,51.606402928515,0.1434912,73.21583258,-125,313,77.2,2026-08-24,-0.57,56.5,False
2268,300833,浩洋股份,36.77,0.91,0.34,27.97,36.259096733865,0.1818368,70.4239998,165,635,65.6,2026-08-24,1.41,46.2,False
2269,300834,星辉环材,37.56,-0.84,0.21,86.88,37.934692110746,0.1865528,54.17047709,-410,4793,59.6,2026-08-24,-0.99,32.3,False
2270,300835,龙磁科技,150.11,-4.1,2.22,162.22,156.760228264827,0.3962356,70.37158962,6,644,67.2,2026-08-24,-4.24,47.3,False
2271,300836,佰奥智能,48.58,-1.2,1.02,159.52,48.16448477057,0.2454616,68.271972,443,1039,64.4,2026-08-24,0.86,44.0,False
2272,300837,浙矿股份,22.96,0.88,1.0,47.99,22.79537548406,0.0682184,64.31596436,115,2055,62.4,2026-08-24,0.72,40.1,False
2273,300838,浙江力诺,13.9,1.09,0.77,369.15,13.765734987593,0.0614452,57.60521794,-89,4150,61.6,2026-08-24,0.98,35.5,False
2274,300839,博汇股份,12.79,-9.42,7.03,19.71,12.519353773263,0.2109084,74.5691731,-104,209,79.6,2026-08-24,2.16,59.4,False
2275,300840,酷特智能,17.98,-0.83,1.29,86.95,18.285931246535,0.2130264,54.64989545,-511,4732,71.6,2026-08-24,-1.67,39.1,False
2276,300841,康华生物,52.5,-1.45,2.36,24.17,54.555667337178,0.3069508,70.52945143,-539,614,83.2,2026-08-24,-3.77,58.7,False
2277,300842,帝科股份,61.43,-1.41,1.5,153.85,61.639091926036,0.2270352,64.78959126,-1203,1919,70.4,2026-08-24,-0.34,45.6,False
2278,300843,胜蓝股份,134.49,1.65,3.3,84.87,132.293396234679,0.465716,77.30907946,106,73,80.0,2026-08-24,1.66,61.8,False
2279,300844,山水比德,23.28,-0.39,0.74,-28.58,23.305546304862,0.0831376,59.14594817,500,3710,62.8,2026-08-24,-0.11,37.1,False
2280,300845,捷安高科,12.45,1.8,2.65,-45.94,12.19478157463,0.2608452,60.57477838,-1516,3260,66.4,2026-08-24,2.09,40.2,False
2281,300846,首都在线,18.26,-0.38,2.19,-143.05,18.446190321565,0.2315528,57.74300093,-2410,4120,77.6,2026-08-24,-1.01,44.8,False
2282,300847,中船汉光,13.84,0.58,0.36,37.0,13.74268149211,0.1560768,61.83451984,-338,2862,72.4,2026-08-24,0.71,44.8,False
2283,300848,美瑞新材,12.59,1.78,0.67,49.51,12.396760504652,0.1589676,57.22641576,-8,4236,61.2,2026-08-24,1.56,35.0,False
2284,300849,锦盛新材,20.37,1.6,1.13,-122.56,20.06611572006,0.2787404,57.75992066,507,4117,60.8,2026-08-24,1.51,35.1,False
2285,300850,新强联,24.66,-1.6,1.07,17.07,25.304115696867,0.2162232,71.08888305,459,545,73.6,2026-08-24,-2.55,52.3,False
2286,300851,交大思诺,24.21,1.51,0.81,158.94,23.908476487304,0.081182,62.61362778,-1292,2571,63.2,2026-08-24,1.26,39.6,False
2287,300852,四会富仕,43.98,-1.87,1.4,40.18,44.669530415951,0.2317928,59.31026701,-736,3662,76.8,2026-08-24,-1.54,45.6,False
2288,300853,申昊科技,26.05,-2.43,1.77,-31.93,26.439693094629,0.2345488,60.82791263,368,3183,70.4,2026-08-24,-1.47,42.8,False
2289,300854,中兰环保,17.44,-1.02,1.61,166.35,17.425074259306,0.155028,56.17492366,-508,4460,68.4,2026-08-24,0.09,38.4,False
2290,300855,图南股份,33.46,-1.59,1.08,26.57,34.287773828501,0.2222552,66.40975704,-1033,1502,74.0,2026-08-24,-2.41,49.1,False
2291,300856,科思股份,11.17,3.62,0.86,32.57,10.770472958014,0.1481504,56.55803736,-5,4390,66.0,2026-08-24,3.71,37.3,False
2292,300857,协创数据,236.28,-1.88,1.2,31.04,239.308621620175,0.4085844,68.33014068,188,1030,86.0,2026-08-24,-1.27,58.8,False
2293,300858,科拓生物,14.73,1.24,1.11,77.33,14.778799962065,0.2295816,62.02688846,-574,2797,70.8,2026-08-24,-0.33,43.9,False
2294,300859,西域旅游,26.53,1.26,1.75,558.85,26.402358423088,0.189332,61.96000852,1866,2817,68.4,2026-08-24,0.48,42.4,False
2295,300860,锋尚文化,27.37,0.44,0.5,265.79,26.973968096192,0.1800904,67.27751484,113,1279,68.0,2026-08-24,1.47,45.7,False
2296,300861,美畅股份,16.14,-2.95,1.82,13.95,16.634587380503,0.1420912,59.50665386,75,3604,63.6,2026-08-24,-2.97,37.8,False
2297,300862,蓝盾光电,53.12,-3.59,9.6,-282.97,54.511203941818,0.378778730159,53.80035866,-126,4844,84.4,2026-08-24,-2.55,45.4,False
2298,300863,卡倍亿,41.18,-1.25,0.9,26.75,41.488558851649,0.2757032,61.41476453,-1892,2998,67.2,2026-08-24,-0.74,41.3,False
2299,300864,南大环境,25.05,-2.49,2.81,21.65,24.902017555627,0.2781668,73.30218397,149,311,73.6,2026-08-24,0.59,54.0,False
2300,300865,大宏立,29.8,1.15,4.5,49.79,29.364093440347,0.2075928,71.06868407,2696,551,72.8,2026-08-24,1.48,51.7,False
2301,300866,安克创新,122.06,5.74,0.87,38.05,115.90727232515,0.2624364,78.09464105,-22,49,78.0,2026-08-24,5.31,60.9,False
2302,300867,圣元环保,17.63,-0.28,2.6,10.66,17.68465652127,0.2010068,64.12713253,-1839,2112,75.6,2026-08-24,-0.31,48.5,False
2303,300868,杰美特,90.9,-0.23,2.62,-397.8,90.713203870132,0.3479432,63.8750249,2493,2206,62.8,2026-08-24,0.21,40.1,False
2304,300869,康泰医学,11.35,1.07,0.41,-138.33,11.307439287985,0.1486648,55.54713071,111,4577,72.0,2026-08-24,0.38,40.0,False
2305,300870,欧陆通,205.88,1.42,2.25,-626.45,202.393532237296,0.2860848,59.81258116,-1716,3505,72.4,2026-08-24,1.72,43.3,False
2306,300871,回盛生物,22.63,-0.18,0.96,11.1,22.675806359066,0.1815964,64.26856449,-123,2070,69.6,2026-08-24,-0.2,44.7,False
2307,300872,天阳科技,15.31,2.07,1.96,62.26,15.113926182797,0.1593216,62.40449479,417,2641,72.4,2026-08-24,1.3,45.2,False
2308,300873,海晨股份,14.51,-2.81,2.15,950.21,14.843041180245,0.1216616,56.97039014,84,4302,66.8,2026-08-24,-2.24,38.1,False
2309,300875,捷强装备,31.9,2.15,1.92,-165.6,31.409680203637,0.1356044,56.42792368,-76,4416,71.6,2026-08-24,1.56,40.4,False
2310,300876,蒙泰高新,15.33,-1.1,0.77,-69.8,15.517639598219,0.0530344,54.49414785,-683,4750,63.2,2026-08-24,-1.21,34.4,False
2311,300877,金春股份,28.59,4.12,1.64,291.39,28.078029284857,0.2691856,71.05698998,-150,554,71.6,2026-08-24,1.82,50.9,False
2312,300878,维康药业,32.6,3.07,1.21,676.94,31.975664517705,0.231184,54.55745087,-782,4742,66.8,2026-08-24,1.95,36.4,False
2313,300879,大叶股份,16.34,1.3,0.54,85.65,16.185449299353,0.0834928,56.80925791,75,4339,67.2,2026-08-24,0.95,38.2,False
2314,300880,迦南智能,19.81,0.2,0.85,77.41,19.887840126682,0.2539152,66.81794983,1818,1382,64.8,2026-08-24,-0.39,43.3,False
2315,300881,盛德鑫泰,30.77,-0.58,1.14,28.08,31.359894575087,0.1348732,62.4284689,854,2628,63.2,2026-08-24,-1.88,39.5,False
2316,300882,万胜智能,14.02,-0.78,0.41,37.13,14.128419720264,0.0484012,58.00985386,-555,4048,63.6,2026-08-24,-0.77,36.9,False
2317,300883,龙利得,6.54,-0.3,2.25,-334.2,6.54083446955,0.2118024,54.74913861,17,4717,67.2,2026-08-24,-0.01,36.8,False
2318,300884,狄耐克,12.56,1.62,1.77,-408.5,12.104942440443,0.212674,64.11175661,1345,2118,69.6,2026-08-24,3.76,44.6,False
2319,300885,海昌新材,19.44,-2.8,1.86,54.88,19.580247994507,0.17863,65.57455403,717,1737,64.4,2026-08-24,-0.72,42.2,False
2320,300886,华业香料,24.54,0.78,1.24,134.9,24.328169927097,0.1143488,60.98316812,1224,3135,66.8,2026-08-24,0.87,40.7,False
2321,300887,谱尼测试,7.11,0.28,2.28,-13.96,7.224458062624,0.1933972,62.93440192,2176,2497,72.4,2026-08-24,-1.58,45.6,False
2322,300888,稳健医疗,29.49,3.51,0.43,16.74,28.755911769045,0.169994,66.22842555,256,1554,73.6,2026-08-24,2.55,48.7,False
2323,300889,爱克股份,20.96,0.87,1.2,-82.82,20.752492743979,0.3171752,58.78968154,561,3815,60.8,2026-08-24,1.0,35.7,False
2324,300890,翔丰华,26.41,-2.15,3.02,33.69,27.079727106719,0.2726668,64.19210964,535,2090,70.0,2026-08-24,-2.47,44.9,False
2325,300891,惠云钛业,7.48,1.91,1.78,200.7,7.315312938172,0.1186176,65.12867631,2109,1842,66.4,2026-08-24,2.25,43.2,False
2326,300892,品渥食品,23.0,4.88,3.39,-256.56,22.036793626317,0.0693364,52.00295437,-129,5015,71.6,2026-08-24,4.37,37.2,False
2327,300893,松原安全,14.1,1.22,1.04,26.85,14.205849346024,0.1403504,63.62892282,1015,2289,63.6,2026-08-24,-0.75,40.5,False
2328,300894,火星人,10.8,-0.55,0.91,-20.55,10.884708637031,0.2447756,60.25302343,-1052,3370,69.6,2026-08-24,-0.78,41.9,False
2329,300895,铜牛信息,53.06,-1.06,3.05,-101.58,52.677234191269,0.310204,63.24554308,-769,2408,82.0,2026-08-24,0.73,51.9,False
2330,300896,爱美客,92.79,1.52,0.85,23.66,92.021494494935,0.2450304,67.13390921,-438,1316,79.6,2026-08-24,0.84,53.4,False
2331,300897,山科智能,16.61,-1.89,2.32,205.88,16.639834767931,0.1687584,63.02821316,2254,2474,68.0,2026-08-24,-0.18,42.9,False
2332,300898,熊猫乳品,20.84,2.06,1.67,38.25,20.463213941785,0.1978588,60.22825529,-225,3377,72.4,2026-08-24,1.84,43.6,False
2333,300899,上海凯鑫,28.67,0.6,0.67,-40.57,28.502554120775,0.0805992,56.21695402,-747,4456,62.4,2026-08-24,0.59,35.1,False
2334,300900,广联航空,21.51,-0.23,2.11,167.27,21.592361260489,0.189832,49.48625719,30,5143,73.6,2026-08-24,-0.38,36.4,False
2335,300901,中胤时尚,16.68,-12.67,2.78,652.64,18.502729001296,0.400446,67.00832014,650,1338,70.4,2026-08-24,-9.85,47.2,False
2336,300902,国安达,16.46,9.59,3.83,-109.76,15.139358076976,0.1564984,48.86665919,-36,5161,65.2,2026-08-24,8.72,31.9,False
2337,300903,科翔股份,75.17,-3.38,2.73,-157.34,76.469175034081,0.444684,57.18085409,-1373,4245,78.4,2026-08-24,-1.7,44.8,False
2338,300904,威力传动,39.17,1.21,1.66,-27.28,38.961569875127,0.0440028,56.95917546,-260,4304,64.0,2026-08-24,0.53,36.5,False
2339,300905,宝丽迪,34.67,-1.28,1.26,45.23,35.167054747516,0.1665288,57.33114868,60,4210,66.0,2026-08-24,-1.41,37.8,False
2340,300906,日月明,30.94,-0.13,2.49,41.09,30.883832161049,0.1710488,68.88876732,-661,917,70.4,2026-08-24,0.18,48.5,False
2341,300907,康平科技,49.56,-3.8,3.11,69.96,51.465739124381,0.341616,68.97030127,1464,898,64.4,2026-08-24,-3.7,44.4,False
2342,300908,仲景食品,24.84,-0.6,0.68,16.74,24.806444663089,0.1291308,65.5052776,17,1756,72.0,2026-08-24,0.14,47.2,False
2343,300909,汇创达,53.58,0.17,2.24,173.03,53.330479010947,0.3335324,59.47342676,-235,3613,68.4,2026-08-24,0.47,40.7,False
2344,300910,瑞丰新材,25.31,0.2,0.46,17.32,25.290958464903,0.197432,62.44645303,381,2622,68.8,2026-08-24,0.08,43.0,False
2345,300911,亿田智能,21.43,-2.37,4.94,-27.74,22.450545121915,0.2607968,69.41022253,901,812,80.4,2026-08-24,-4.55,55.8,False
2346,300912,凯龙高科,19.47,2.15,2.2,54.81,19.012727688442,0.1586948,46.15235136,-189,5188,66.4,2026-08-24,2.41,30.6,False
2347,300913,兆龙互连,35.25,1.0,1.05,62.22,35.001503540595,0.2194004,65.8346836,-734,1677,75.2,2026-08-24,0.71,49.5,False
2348,300915,海融科技,20.52,2.75,1.29,35.17,20.067193844779,0.0723956,56.33816299,-1020,4434,66.4,2026-08-24,2.26,37.4,False
2349,300916,朗特智能,27.71,4.72,8.59,836.8,26.145564106583,0.2287564,76.5189812,72,98,75.6,2026-08-24,5.98,57.8,False
2350,300917,特发服务,26.65,3.41,2.64,35.15,26.040683973164,0.1810036,66.10878934,-62,1596,75.2,2026-08-24,2.34,49.7,False
2351,300918,南山智尚,10.22,0.29,0.3,42.0,10.244335434257,0.1641488,60.38136533,446,3324,66.0,2026-08-24,-0.24,39.9,False
2352,300919,中伟新材,40.11,0.28,1.47,16.08,40.386616657733,0.2684484,72.96992703,311,336,74.4,2026-08-24,-0.68,54.3,False
2353,300920,润阳科技,32.27,-2.45,0.72,332.8,33.22637213077,0.1813608,61.43862463,509,2992,61.6,2026-08-24,-2.88,37.8,False
2354,300921,南凌科技,15.32,5.51,8.02,82.2,14.595277658598,0.1098292,61.60949495,-714,2943,66.0,2026-08-24,4.97,40.7,False
2355,300922,天秦装备,19.05,11.34,7.7,170.66,17.059196837087,0.1684976,62.81978722,1674,2525,64.0,2026-08-24,11.67,40.2,False
2356,300923,研奥股份,24.7,0.9,0.69,289.84,24.428734901028,0.0875924,62.37583444,-1206,2656,66.0,2026-08-24,1.11,41.2,False
2357,300925,法本信息,14.74,3.29,2.12,70.29,14.278634436532,0.1065312,61.31802479,-1126,3021,71.6,2026-08-24,3.23,43.9,False
2358,300926,博俊科技,16.99,0.06,0.31,14.26,17.005281047276,0.1109036,65.31313505,-48,1801,69.2,2026-08-24,-0.09,45.2,False
2359,300927,江天化学,28.53,-2.29,11.23,34.66,28.594020122726,0.2925936,79.27069901,178,30,81.6,2026-08-24,-0.22,64.7,False
2360,300928,华安鑫创,25.23,0.56,1.04,-28.25,25.013186677928,0.0830388,53.41207825,96,4896,63.2,2026-08-24,0.87,33.8,False
2361,300929,华骐环保,17.06,4.92,5.62,-186.69,15.770745172432,0.1901512,63.18286036,2093,2423,67.6,2026-08-24,8.17,42.7,False
2362,300930,屹通新材,25.13,0.64,2.41,38.88,25.013968915736,0.1537368,59.09786688,-119,3726,61.6,2026-08-24,0.46,36.4,False
2363,300931,通用电梯,14.78,-1.0,0.88,-70.78,14.956128053922,0.2679992,56.81818687,-1475,4337,64.4,2026-08-24,-1.18,36.6,False
2364,300932,三友联众,10.46,-0.66,5.44,28.43,10.402875873528,0.2618128,67.39994454,1891,1244,66.0,2026-08-24,0.55,44.5,False
2365,300933,中辰股份,6.55,-0.76,1.54,54.22,6.553283527081,0.2374296,67.75246097,3443,1158,70.8,2026-08-24,-0.05,48.0,False
2366,300935,盈建科,29.81,1.53,2.35,-23.36,29.447861601323,0.110466,59.45818546,1084,3618,68.0,2026-08-24,1.23,40.4,False
2367,300936,中英科技,77.27,1.11,5.07,-813.08,78.161545295001,0.2806188,56.53978826,-2727,4395,72.4,2026-08-24,-1.14,40.9,False
2368,300937,药易购,25.12,-0.16,4.03,-126.13,25.45545714827,0.1724428,59.25513318,-26,3677,73.2,2026-08-24,-1.32,43.4,False
2369,300938,信测标准,26.67,-3.19,1.87,42.08,27.487896557386,0.2387896,61.195471,-68,3063,63.2,2026-08-24,-2.98,38.7,False
2370,300939,秋田微,59.98,-2.82,1.19,104.32,60.314534183252,0.292998,68.8068414,1587,934,66.4,2026-08-24,-0.55,45.7,False
2371,300940,南极光,13.5,0.37,0.91,120.31,13.493736815351,0.0925744,58.33393563,-47,3949,64.0,2026-08-24,0.05,37.3,False
2372,300941,创识科技,15.5,1.37,4.57,-519.32,15.154313416141,0.177398,61.53140563,-1820,2966,76.8,2026-08-24,2.28,47.3,False
2373,300942,易瑞生物,6.77,-3.01,4.76,-66.83,7.19596941738,0.1990564,65.0867703,1823,1854,67.6,2026-08-24,-5.92,44.0,False
2374,300943,春晖智控,30.28,3.24,7.54,109.47,29.430040398805,0.23757,59.42613279,-2064,3627,71.6,2026-08-24,2.89,42.5,False
2375,300945,曼卡龙,13.08,0.93,10.3,15.0,13.037390709547,0.2410672,82.56895057,11,4,77.2,2026-08-24,0.33,63.7,False
2376,300946,恒而达,38.06,-0.08,0.56,101.67,37.86817981147,0.1865244,61.79272119,-690,2885,68.0,2026-08-24,0.51,42.0,False
2377,300947,德必集团,14.23,2.01,0.84,294.03,14.04445343808,0.0632072,59.17148746,176,3702,66.0,2026-08-24,1.32,39.1,False
2378,300948,冠中生态,20.06,-2.19,0.89,7403.71,20.151099088416,0.2061864,53.87779103,130,4829,67.6,2026-08-24,-0.45,36.4,False
2379,300949,奥雅股份,22.4,0.58,0.64,-169.17,22.160503961529,0.0491476,59.000105,-130,3754,65.2,2026-08-24,1.08,38.5,False
2380,300950,德固特,16.61,0.67,0.59,117.8,16.466607156481,0.1288928,62.15216394,-1046,2736,65.6,2026-08-24,0.87,40.8,False
2381,300951,博硕科技,66.97,-2.1,1.39,-178.62,68.153002168665,0.335868,56.57585611,-2719,4388,68.8,2026-08-24,-1.74,38.9,False
2382,300952,恒辉安防,16.11,0.88,1.01,148.61,15.996793728915,0.1161924,56.04212188,-261,4481,64.0,2026-08-24,0.71,35.9,False
2383,300953,震裕科技,94.5,-3.24,1.26,20.42,97.17338459833,0.2417388,66.36418492,-804,1519,79.2,2026-08-24,-2.75,52.6,False
2384,300955,嘉亨家化,29.29,-0.68,0.48,-162.02,29.531461826329,0.162953636364,55.21601404,103,4634,61.2,2026-08-24,-0.82,33.8,False
2385,300956,英力股份,11.11,1.09,0.82,-105.31,10.96912205665,0.0486764,54.9274177,294,4681,64.0,2026-08-24,1.28,35.2,False
2386,300957,贝泰妮,32.78,5.57,2.17,23.79,31.078123421899,0.2390944,71.40778913,199,508,75.2,2026-08-24,5.48,53.7,False
2387,300958,建工修复,12.41,-0.8,2.57,482.83,12.486504870349,0.1172856,59.46161793,308,3616,67.6,2026-08-24,-0.61,40.2,False
2388,300959,线上线下,88.33,-2.48,1.57,-825.7,90.378281130169,0.1571304,53.11373092,-390,4929,64.4,2026-08-24,-2.27,34.2,False
2389,300960,通业科技,17.0,2.78,1.48,118.12,16.627442642648,0.0486372,62.70737368,-957,2549,63.6,2026-08-24,2.24,39.9,False
2390,300961,深水海纳,11.99,2.83,2.63,-20.11,11.465132399401,0.1460012,55.11600766,473,4651,64.0,2026-08-24,4.58,35.3,False
2391,300962,中金辐照,13.51,1.05,1.19,37.73,13.035124092974,0.2020752,70.45330871,2061,630,64.0,2026-08-24,3.64,45.1,False
2392,300963,中洲特材,11.22,0.99,0.82,66.92,11.092976497595,0.105496,54.68437797,221,4728,72.4,2026-08-24,1.15,39.6,False
2393,300964,本川智能,54.65,-1.42,1.79,122.27,55.044538386818,0.1964204,55.43576941,-318,4597,69.2,2026-08-24,-0.72,38.4,False
2394,300965,恒宇信通,43.53,2.04,0.85,-192.54,42.768832856816,0.0945212,59.07416706,210,3733,63.6,2026-08-24,1.78,37.6,False
2395,300966,共同药业,24.09,-0.9,1.61,217.06,24.426998618931,0.1502424,52.54008326,-782,4978,62.4,2026-08-24,-1.38,32.8,False
2396,300967,晓鸣股份,16.86,3.06,5.18,855.81,16.180820909576,0.1448488,56.5135757,-316,4403,72.8,2026-08-24,4.2,41.1,False
2397,300968,格林精密,10.04,1.62,1.06,-23.03,9.922911542393,0.112524,54.78605326,-211,4708,70.4,2026-08-24,1.18,38.6,False
2398,300969,恒帅股份,72.4,-2.23,0.79,73.97,74.288728556284,0.2335728,67.34681365,540,1258,66.8,2026-08-24,-2.54,45.0,False
2399,300970,华绿生物,18.23,2.3,17.24,31.38,18.36367991926,0.1870636,71.5672376,-444,486,77.2,2026-08-24,-0.73,55.2,False
2400,300971,博亚精工,17.84,2.12,2.19,31.36,17.567962607607,0.0911428,57.30943502,-2385,4215,63.6,2026-08-24,1.55,36.4,False
2401,300972,万辰集团,192.06,-5.34,1.42,15.04,200.479499442061,0.3152308,74.67724451,170,200,72.4,2026-08-24,-4.2,54.1,False
2402,300973,立高食品,24.69,3.05,1.69,16.33,23.970216107356,0.1689492,63.63463577,-494,2287,68.8,2026-08-24,3.0,43.8,False
2403,300975,商络电子,24.28,-1.58,2.89,16.25,24.554371266339,0.2319096,63.13315374,-205,2442,78.8,2026-08-24,-1.12,49.7,False
2404,300976,达瑞电子,55.57,-3.09,1.78,32.0,57.156455207112,0.2494172,75.79053445,-13,129,69.6,2026-08-24,-2.78,52.8,False
2405,300977,深圳瑞捷,16.15,0.31,0.93,-177.53,16.032445795464,0.1282036,56.77963398,-1085,4348,64.0,2026-08-24,0.73,36.3,False
2406,300978,东箭科技,8.63,1.29,0.34,28.54,8.504178592549,0.106758,59.59369875,-1518,3574,63.2,2026-08-24,1.48,37.7,False
2407,300979,华利集团,34.61,4.44,0.16,21.2,32.633102196784,0.130026,75.14540326,619,163,68.8,2026-08-24,6.06,51.7,False
2408,300980,祥源新材,22.21,-1.07,2.17,44.27,22.578311943245,0.157092,66.04550708,-332,1612,68.8,2026-08-24,-1.63,45.4,False
2409,300981,中红医疗,14.4,-0.28,1.1,313.15,14.436186089191,0.144546,58.17900385,389,3995,75.2,2026-08-24,-0.25,43.8,False
2410,300982,苏文电能,14.68,0.62,0.47,-89.7,14.573888681417,0.1158684,54.66150732,377,4730,62.0,2026-08-24,0.73,33.9,False
2411,300983,尤安设计,37.94,-3.61,0.21,-220.28,38.618231050046,0.2657756,61.31896961,1554,3020,62.0,2026-08-24,-1.76,38.0,False
2412,300984,金沃股份,30.61,-1.16,1.22,104.88,31.104483511294,0.2225828,62.48679134,-618,2607,64.4,2026-08-24,-1.59,40.2,False
2413,300985,致远新能,36.76,-3.54,1.68,152.36,38.205995416234,0.255878,62.38082942,1195,2652,69.2,2026-08-24,-3.78,43.2,False
2414,300986,志特新材,11.36,-1.22,1.43,42.47,11.558624442984,0.1746316,56.31283939,-435,4440,78.0,2026-08-24,-1.72,43.9,False
2415,300987,川网传媒,13.34,1.91,0.8,266.35,13.082104248876,0.0936296,66.68089954,1048,1419,64.8,2026-08-24,1.97,43.2,False
2416,300988,津荣天宇,14.42,0.56,0.63,23.27,14.371964237179,0.105242,60.07911937,414,3429,62.8,2026-08-24,0.33,37.7,False
2417,300989,蕾奥规划,14.05,-1.06,0.9,-25.0,14.28812397283,0.184446,54.39378532,-1126,4767,71.6,2026-08-24,-1.67,38.9,False
2418,300990,同飞股份,78.35,6.99,9.05,56.11,72.891639033231,0.2430836,72.18393921,-59,414,72.8,2026-08-24,7.49,52.5,False
2419,300991,创益通,26.41,2.09,2.1,-111.55,26.312569660462,0.0995548,52.18394581,-318,5003,67.6,2026-08-24,0.37,35.3,False
2420,300992,泰福泵业,24.2,0.92,0.94,-63.68,24.082804543936,0.1565812,60.01963788,143,3443,61.2,2026-08-24,0.49,36.7,False
2421,300993,玉马科技,9.87,1.13,0.52,27.29,9.738112599372,0.1318316,59.14161676,-778,3713,62.8,2026-08-24,1.35,37.1,False
2422,300994,久祺股份,11.46,1.24,1.34,39.13,11.30693832045,0.1721952,69.15193258,1549,868,63.6,2026-08-24,1.35,44.0,False
2423,300995,奇德新材,26.6,1.76,1.04,89.2,26.158738617283,0.054508,61.08475097,56,3105,62.8,2026-08-24,1.69,38.4,False
2424,300996,普联软件,13.9,-1.35,3.45,233.72,13.969201333308,0.262983207547,62.54350573,-847,2596,77.6,2026-08-24,-0.5,48.5,False
2425,300997,欢乐家,16.39,3.21,1.79,47.96,15.935253694072,0.110708,56.84939735,-12,4328,74.8,2026-08-24,2.85,42.5,False
2426,300998,宁波方正,25.74,0.35,1.67,356.68,25.638665378276,0.3660368,60.74126288,-24,3215,63.2,2026-08-24,0.4,38.4,False
2427,300999,金龙鱼,25.34,2.26,1.4,29.94,24.801441258233,0.2693368,64.62093208,-511,1969,84.8,2026-08-24,2.17,54.8,False
2428,301000,肇民科技,23.92,0.8,0.61,47.83,23.646520397309,0.1320516,59.67078305,263,3549,66.0,2026-08-24,1.16,39.4,False
2429,301001,凯淳股份,23.71,0.81,0.77,1071.52,23.45430988158,0.0461788,59.71416387,-22,3537,64.4,2026-08-24,1.09,38.5,False
2430,301002,崧盛股份,26.71,-3.15,2.64,47.65,27.661094613024,0.1396828,59.73774588,-351,3529,66.0,2026-08-24,-3.44,39.4,False
2431,301003,江苏博云,56.83,-1.17,1.6,49.23,56.59538420981,0.4218532,72.55455929,1088,377,63.6,2026-08-24,0.41,46.1,False
2432,301004,嘉益股份,34.88,2.11,0.2,20.7,33.834872973627,0.0663592,64.35593715,55,2043,65.2,2026-08-24,3.09,42.0,False
2433,301005,超捷股份,67.45,-5.43,3.55,551.61,71.499195423241,0.2394372,53.74935148,-1446,4855,85.2,2026-08-24,-5.66,45.8,False
2434,301006,迈拓股份,13.81,2.3,0.88,143.57,13.577439045045,0.02619,67.86092098,-38,1134,63.6,2026-08-24,1.71,43.2,False
2435,301007,德迈仕,28.84,-1.7,1.39,145.27,28.343767046679,0.3860476,66.1420172,2124,1584,69.6,2026-08-24,1.75,46.0,False
2436,301008,宏昌科技,37.08,-2.6,3.25,845.31,38.680799455855,0.3155012,60.3547003,-323,3329,78.4,2026-08-24,-4.14,47.3,False
2437,301009,可靠股份,9.09,1.68,0.89,328.66,8.950749816783,0.031294,63.69461438,1111,2258,64.0,2026-08-24,1.56,40.8,False
2438,301010,晶雪节能,17.72,1.32,0.68,219.26,17.544631927711,0.0691064,63.66241208,1460,2272,64.4,2026-08-24,1.0,41.0,False
2439,301011,华立科技,15.01,2.53,0.7,-55.29,14.65932062436,0.0731712,61.34077333,-1553,3014,66.8,2026-08-24,2.39,41.0,False
2440,301012,扬电科技,23.35,-5.85,2.42,74.16,24.876361723846,0.2210944,66.63535868,2098,1435,68.0,2026-08-24,-6.14,45.3,False
2441,301013,利和兴,38.3,-4.87,6.93,-122.96,40.067264897323,0.2628104,50.32448595,-1389,5110,77.6,2026-08-24,-4.41,39.1,False
2442,301015,百洋医药,24.35,-2.09,0.76,25.82,25.051534340221,0.2229416,69.60605054,248,760,72.8,2026-08-24,-2.8,50.7,False
2443,301016,雷尔伟,12.11,2.11,0.55,355.9,11.980283386909,0.1600576,62.57939413,484,2583,64.8,2026-08-24,1.08,40.6,False
2444,301017,漱玉平民,12.93,1.33,0.99,126.58,12.849597322493,0.17669,62.28591735,1075,2685,64.8,2026-08-24,0.63,40.4,False
2445,301018,申菱环境,97.36,8.54,6.66,321.84,90.02173666848,0.3313836,69.40993977,-212,813,83.6,2026-08-24,8.15,58.0,False
2446,301019,宁波色母,15.17,2.02,0.89,25.66,14.886327427509,0.089642,65.44504677,100,1776,62.0,2026-08-24,1.91,40.6,False
2447,301020,密封科技,20.8,2.97,1.15,25.42,20.114365433907,0.1011112,59.9194797,336,3479,60.4,2026-08-24,3.41,36.2,False
2448,301021,英诺激光,72.77,-3.41,2.91,241.38,75.229624964936,0.3071328,68.86821866,-464,921,74.0,2026-08-24,-3.27,51.0,False
2449,301022,海泰科,22.95,1.46,0.61,-106.31,22.807915334809,0.1124908,55.59441205,-924,4568,64.4,2026-08-24,0.62,35.8,False
2450,301023,奕帆传动,27.98,0.83,1.7,50.47,27.91892084291,0.0963456,55.38995159,-984,4605,64.8,2026-08-24,0.22,35.9,False
2451,301024,霍普股份,31.61,-0.85,0.96,-26.24,31.662787337449,0.0400836,55.03461863,460,4663,61.6,2026-08-24,-0.17,33.9,False
2452,301025,读客文化,9.2,1.77,2.21,168.38,8.985150925917,0.1571868,58.96455087,-158,3766,69.6,2026-08-24,2.39,41.0,False
2453,301026,浩通科技,20.4,-6.42,5.55,15.5,21.748335811895,0.254792,71.82465215,474,458,76.8,2026-08-24,-6.2,55.2,False
2454,301027,华蓝集团,20.59,1.53,1.99,-92.36,20.359509208759,0.3227024,58.82297688,5,3811,65.6,2026-08-24,1.13,38.6,False
2455,301028,鼎熔岩,12.83,0.71,0.77,18.56,12.756927580834,0.1535348,63.79706025,-1605,2227,64.4,2026-08-24,0.57,41.1,False
2456,301029,怡合达,25.61,3.73,2.31,25.58,24.364146752837,0.2906332,68.21511042,216,1050,65.6,2026-08-24,5.11,44.7,False
2457,301030,*ST仕净,8.15,0.12,1.18,-3.51,8.153484810127,0.2174176,47.46126085,-588,5185,62.0,2026-08-24,-0.04,29.4,False
2458,301031,中熔电气,88.0,-3.6,1.16,28.24,91.100619006269,0.2461104,73.99931657,-90,256,65.6,2026-08-24,-3.4,48.5,False
2459,301032,新柴股份,10.13,2.12,1.55,27.05,9.923569063134,0.0896164,66.01399141,1488,1621,62.0,2026-08-24,2.08,40.9,False
2460,301033,迈普医学,54.94,-0.65,1.07,32.57,55.977988812669,0.2271604,69.09294004,-486,879,69.6,2026-08-24,-1.85,48.1,False
2461,301035,润丰股份,54.42,-2.91,0.36,19.76,56.259946032813,0.1654172,70.48312371,-196,623,64.8,2026-08-24,-3.27,45.7,False
2462,301036,双乐股份,22.11,-0.09,0.87,795.23,22.079724539947,0.0202568,55.24271955,-863,4632,65.6,2026-08-24,0.14,36.2,False
2463,301037,保立佳,13.37,1.67,1.85,-31.8,13.139903313569,0.0506228,58.63883889,-249,3865,64.0,2026-08-24,1.75,37.5,False
2464,301038,深水规院,15.99,1.33,0.44,-25.87,15.79023181305,0.1253556,61.73797592,192,2903,65.2,2026-08-24,1.27,40.3,False
2465,301039,中集车辆,8.06,-2.42,0.92,22.62,8.214690805367,0.1708864,75.06877864,367,168,70.4,2026-08-24,-1.88,52.8,False
2466,301040,中环海陆,26.92,-1.32,0.98,-29.34,27.049338283468,0.2829536,60.87627591,94,3171,67.2,2026-08-24,-0.48,40.9,False
2467,301041,金百泽,25.94,3.06,5.02,123.88,25.135755659651,0.1014544,57.24338911,-121,4230,64.0,2026-08-24,3.2,36.6,False
2468,301042,安联锐视,31.96,-0.99,2.01,68.77,32.082287323399,0.1655832,54.82044332,-53,4700,67.6,2026-08-24,-0.38,37.1,False
2469,301043,绿岛风,44.25,0.96,0.42,39.72,43.500319075543,0.0904496,57.6111768,-1463,4147,62.0,2026-08-24,1.72,35.7,False
2470,301045,天禄科技,61.98,-3.23,2.82,177.17,63.69479826118,0.2258832,63.03417823,-450,2473,68.0,2026-08-24,-2.69,42.9,False
2471,301046,能辉科技,22.28,-2.79,1.38,-194.57,22.446750020436,0.2873888,66.29693407,1016,1538,64.4,2026-08-24,-0.74,42.7,False
2472,301047,义翘神州,108.65,-1.52,4.51,102.77,112.269442580391,0.3039904,62.03485273,658,2792,84.0,2026-08-24,-3.22,52.1,False
2473,301048,金鹰重工,9.09,0.78,0.57,25.7,9.091704759162,0.1394004,66.39330471,-1164,1510,69.6,2026-08-24,-0.02,46.2,False
2474,301049,超越科技,19.96,0.5,2.22,-25.69,19.899171401515,0.0511148,56.63779718,-285,4375,64.4,2026-08-24,0.31,36.5,False
2475,301050,雷电微力,27.48,-1.54,1.14,-37.18,28.10698434078,0.2233176,53.37087962,-354,4900,69.6,2026-08-24,-2.23,37.1,False
2476,301051,信濠光电,17.88,-1.6,3.04,-23.25,18.650390734966,0.2433012,58.03054787,-388,4046,70.4,2026-08-24,-4.13,40.9,False
2477,301052,果麦文化,22.65,1.71,1.77,-27.54,22.403283648664,0.1607052,60.87468591,1439,3172,68.0,2026-08-24,1.1,41.4,False
2478,301053,远信工业,39.3,-2.48,1.45,76.77,39.529258657786,0.4460184,63.8607661,-130,2209,62.8,2026-08-24,-0.58,40.1,False
2479,301055,张小泉,30.2,1.27,1.54,40.39,29.112211451683,0.2333448,68.45549781,2355,1008,58.0,2026-08-24,3.74,39.7,False
2480,301056,森赫股份,11.42,0.18,0.79,75.63,11.23804939759,0.1441224,66.8006473,1392,1389,62.0,2026-08-24,1.62,41.4,False
2481,301057,汇隆新材,21.75,1.54,1.04,38.96,21.538556640044,0.0356612,56.36911565,241,4430,63.6,2026-08-24,0.98,35.9,False
2482,301058,中粮科工,8.59,3.12,1.39,30.1,8.380450203362,0.2236656,71.28817003,565,518,72.4,2026-08-24,2.5,51.6,False
2483,301059,金三江,12.24,8.32,4.17,31.84,11.254818899913,0.1196268,67.68215826,737,1171,61.6,2026-08-24,8.75,41.7,False
2484,301060,兰卫医学,11.3,-1.14,4.93,35.58,11.580473667996,0.1965256,67.09067463,735,1327,75.2,2026-08-24,-2.42,50.5,False
2485,301061,匠心家居,35.16,1.74,0.63,15.02,34.687281632185,0.1069144,71.5888859,732,482,66.8,2026-08-24,1.36,47.8,False
2486,301062,上海艾录,7.09,-0.7,1.98,90.84,7.159504687899,0.1524328,60.61934574,-756,3247,69.6,2026-08-24,-0.97,42.2,False
2487,301063,海锅股份,18.0,0.78,0.61,71.57,17.873651303362,0.0469708,66.26113678,411,1548,63.2,2026-08-24,0.71,41.9,False
2488,301065,本立科技,20.03,4.27,3.61,23.72,19.039378790677,0.1967648,66.4608179,1246,1483,63.6,2026-08-24,5.2,42.3,False
2489,301066,万事利,12.04,1.6,0.55,47.43,12.047642063549,0.1312676,65.26440716,1684,1818,63.6,2026-08-24,-0.06,41.5,False
2490,301067,显盈科技,28.1,-0.78,1.35,-109.28,28.427276455935,0.1520236,54.74650841,444,4718,63.6,2026-08-24,-1.15,34.8,False
2491,301068,大地海洋,27.93,-0.14,0.74,72.53,27.800966819365,0.1388304,64.15272525,97,2097,64.0,2026-08-24,0.46,41.1,False
2492,301069,凯盛新材,15.94,-0.75,0.4,38.33,16.094010148227,0.1379676,59.92001569,240,3477,68.0,2026-08-24,-0.96,40.7,False
2493,301070,开勒股份,61.8,-4.44,2.13,369.49,65.626095920458,0.3807036,61.81884018,-367,2871,64.0,2026-08-24,-5.83,39.6,False
2494,301071,力量钻石,55.68,-1.66,3.13,78.64,56.676980819606,0.2474276,61.46033216,-601,2987,79.2,2026-08-24,-1.76,48.7,False
2495,301072,中捷精工,41.9,0.19,2.06,-122.27,42.047447475596,0.2765648,62.40500818,742,2640,66.0,2026-08-24,-0.35,41.2,False
2496,301073,君亭酒店,18.68,5.6,4.98,135.14,17.735724760845,0.149608,66.01247075,-290,1626,69.2,2026-08-24,5.32,45.7,False
2497,301075,多瑞医药,53.47,-0.52,0.68,-76.56,53.512759562842,0.242852,55.65128713,170,4556,64.0,2026-08-24,-0.08,35.6,False
2498,301076,新瀚新材,19.85,-0.05,0.72,71.93,19.848602155571,0.0747616,57.41018171,65,4191,68.0,2026-08-24,0.01,39.0,False
2499,301077,星华新材,20.58,0.0,0.91,26.69,20.613000473406,0.1227272,57.97759695,-61,4059,67.2,2026-08-24,-0.16,39.0,False
2500,301078,孩子王,7.03,1.59,0.65,45.71,6.920373649621,0.1814488,64.74665181,-139,1933,70.0,2026-08-24,1.58,45.3,False
2501,301079,邵阳液压,27.51,0.55,1.5,241.94,27.33410447376,0.0892684,52.72338599,51,4962,66.0,2026-08-24,0.64,34.8,False
2502,301080,百普赛斯,89.5,-3.38,7.01,81.11,95.213002175325,0.3870528,74.31980019,535,232,82.4,2026-08-24,-6.0,61.2,False
2503,301081,严牌股份,13.48,-9.77,3.54,266.4,14.171669807867,0.2400544,63.05620187,1394,2466,66.4,2026-08-24,-4.88,41.9,False
2504,301082,久盛电气,9.37,0.21,0.89,-101.21,9.338274673144,0.1618164,53.74259588,-667,4857,74.8,2026-08-24,0.34,40.2,False
2505,301083,百胜智能,13.89,1.68,1.54,228.18,13.785364960896,0.1010488,63.24863651,2014,2407,64.4,2026-08-24,0.76,40.7,False
2506,301085,亚康股份,56.87,-0.77,2.0,52.0,56.924424166044,0.2298788,61.65115263,-748,2932,80.8,2026-08-24,-0.1,49.8,False
2507,301086,鸿富瀚,114.27,-2.23,3.07,98.37,118.083764178326,0.2740896,64.04176126,-1731,2142,66.8,2026-08-24,-3.23,42.8,False
2508,301087,可孚医疗,47.71,0.61,0.28,26.29,47.363958652626,0.1343272,65.56804281,-318,1740,67.6,2026-08-24,0.73,44.3,False
2509,301088,戎美股份,12.57,0.64,0.25,52.27,12.46613913751,0.0719076,55.48823894,-9,4591,62.4,2026-08-24,0.83,34.6,False
2510,301089,拓新药业,23.66,2.25,2.13,-71.22,23.436392897178,0.1721988,56.8720337,254,4319,76.8,2026-08-24,0.95,43.7,False
2511,301090,华润材料,6.87,-2.14,1.28,19.99,7.035707632833,0.3441592,70.73877761,1248,591,68.0,2026-08-24,-2.36,48.1,False
2512,301091,深城交,18.46,0.11,0.52,126.26,18.336558587642,0.1554272,70.42819986,1607,633,74.0,2026-08-24,0.67,52.1,False
2513,301092,争光股份,42.96,-3.89,2.58,81.72,44.781485268079,0.1996736,64.74010818,2209,1934,66.4,2026-08-24,-4.07,43.0,False
2514,301093,华兰股份,73.77,-5.95,1.91,6447.44,79.084984074747,0.4764316,63.79710718,55,2226,72.0,2026-08-24,-6.72,45.9,False
2515,301095,广立微,71.31,-2.34,1.37,-333.17,72.948311669371,0.2354152,68.35683354,-432,1026,75.6,2026-08-24,-2.25,51.7,False
2516,301096,百诚医药,47.61,-1.22,1.17,101.47,48.391858076708,0.210534,58.41130771,-984,3922,70.0,2026-08-24,-1.62,40.9,False
2517,301097,天益医疗,33.21,0.03,1.09,84.08,33.398469290723,0.1779016,59.20152828,296,3694,62.8,2026-08-24,-0.56,37.2,False
2518,301098,金埔园林,8.89,-0.89,2.67,-31.19,9.072467367493,0.2482048,57.47795137,168,4181,63.6,2026-08-24,-2.01,36.6,False
2519,301099,雅创电子,50.23,4.47,7.55,19.51,47.872028663056,0.1976696,70.59406017,-162,605,68.4,2026-08-24,4.93,48.3,False
2520,301100,风光股份,15.85,0.25,0.5,-75.74,15.837663107948,0.0697816,59.70143681,503,3540,62.8,2026-08-24,0.08,37.5,False
2521,301101,明月镜片,29.02,3.02,0.78,26.32,28.473768913818,0.1351336,71.90095384,-195,450,68.4,2026-08-24,1.92,49.2,False
2522,301102,兆讯传媒,9.37,1.08,0.16,166.08,9.300480722133,0.04193,61.24921301,-1348,3047,62.4,2026-08-24,0.75,38.2,False
2523,301103,何氏眼科,16.61,1.34,0.67,20.07,16.518569711593,0.099854,64.79577051,1505,1917,66.4,2026-08-24,0.55,43.0,False
2524,301105,鸿铭股份,47.29,2.54,1.4,-151.6,45.983348592972,0.1879364,51.68187932,-377,5035,61.6,2026-08-24,2.84,31.8,False
2525,301106,骏成科技,21.05,0.91,4.37,93.07,21.136527699613,0.2226532,65.90927292,-1308,1655,75.2,2026-08-24,-0.41,49.6,True
2526,301107,瑜欣电子,19.89,0.1,0.96,54.69,19.823840415431,0.1622816,60.6200883,407,3246,59.6,2026-08-24,0.33,36.1,False
2527,301108,洁雅股份,36.78,-2.75,1.17,100.79,38.250598492238,0.2818344,69.44187651,450,803,67.6,2026-08-24,-3.84,46.9,False
2528,301109,军信股份,13.1,-0.23,0.36,12.08,13.163171498619,0.1327892,70.78800206,1095,588,64.4,2026-08-24,-0.48,45.6,False
2529,301110,青木科技,34.07,1.25,0.83,26.2,33.843515664922,0.1960092,62.62553346,246,2565,68.0,2026-08-24,0.67,42.6,False
2530,301111,粤万年青,20.96,-0.52,1.48,-253.55,21.131094134026,0.2056272,57.08772178,-1062,4271,70.0,2026-08-24,-0.81,40.0,False
2531,301112,信邦智能,30.31,0.56,0.35,474.42,29.986651301665,0.0661844,55.31223129,331,4619,69.6,2026-08-24,1.08,38.5,False
2532,301113,雅艺科技,16.83,2.31,1.43,230.94,16.44464839118,0.0512896,65.70295001,888,1706,63.2,2026-08-24,2.34,41.5,False
2533,301115,联检科技,27.47,-1.93,1.91,-38.89,27.926189321777,0.2984576,54.92687505,-279,4682,61.2,2026-08-24,-1.63,33.6,False
2534,301116,益客食品,9.49,1.28,0.67,33.98,9.246081213944,0.0870324,58.68442319,-1326,3849,69.2,2026-08-24,2.64,40.6,False
2535,301117,佳缘科技,14.18,-19.98,1.23,-26.52,17.636348923836,0.0571888,54.76091829,399,4715,72.8,2026-08-24,-19.6,39.9,False
2536,301118,恒光股份,22.07,-0.5,1.32,25.32,22.075163436968,0.1242376,63.64492245,757,2280,63.2,2026-08-24,-0.02,40.2,False
2537,301119,正强股份,21.61,-0.41,0.62,30.83,22.046253902717,0.1387224,59.52807328,-2204,3598,68.0,2026-08-24,-1.98,40.5,False
2538,301120,新特电气,14.43,-0.62,0.96,-717.11,14.487791146709,0.1664244,51.87773053,40,5026,68.8,2026-08-24,-0.4,35.7,False
2539,301121,紫建电子,34.12,-0.61,0.46,-193.56,34.170624689888,0.1034076,62.7134523,1718,2544,70.0,2026-08-24,-0.15,43.9,False
2540,301122,采纳股份,37.86,-2.92,3.34,88.26,38.66653219543,0.2000036,68.71123019,2110,950,73.2,2026-08-24,-2.09,50.3,False
2541,301123,奕东电子,74.5,1.11,2.77,460.51,74.261937029344,0.2438524,62.05947953,-1612,2780,72.4,2026-08-24,0.32,44.9,False
2542,301125,腾亚精工,12.04,0.92,0.59,-30.05,11.917152567098,0.1286668,54.45667431,307,4754,61.6,2026-08-24,1.03,33.5,False
2543,301126,达嘉维康,10.12,1.2,1.34,87.12,10.025939432867,0.0516972,61.82227465,-1201,2867,67.2,2026-08-24,0.94,41.5,False
2544,301127,武汉天源,18.98,2.48,4.13,71.52,18.275542420223,0.3911188,69.05435649,-159,885,75.6,2026-08-24,3.85,52.2,False
2545,301128,强瑞技术,108.02,1.81,2.64,90.83,105.782308442581,0.3041488,64.20474473,-166,2085,72.8,2026-08-24,2.12,46.7,False
2546,301129,瑞纳智能,23.34,-2.06,3.81,136.9,23.913899065667,0.1814572,68.10157833,-996,1076,78.4,2026-08-24,-2.4,53.4,False
2547,301130,西点药业,38.49,16.32,29.24,80.14,34.103920218366,0.2571124,73.57898089,1360,287,76.8,2026-08-24,12.86,56.5,False
2548,301131,聚赛龙,33.2,-0.3,1.6,240.35,33.200099831982,0.0863304,56.66670318,-25,4369,64.0,2026-08-24,-0.0,36.3,False
2549,301132,满坤科技,35.0,-1.16,2.01,71.5,35.285899991215,0.1692496,56.70317281,-604,4362,68.8,2026-08-24,-0.81,39.0,False
2550,301133,金钟股份,29.81,7.23,2.22,134.91,27.678748969128,0.1781732,54.08512917,-745,4803,64.8,2026-08-24,7.7,35.0,False
2551,301135,瑞德智能,16.91,1.62,0.89,-151.41,16.619876772772,0.0619568,58.28709334,-1378,3963,65.2,2026-08-24,1.75,38.0,False
2552,301136,招标股份,11.3,1.16,0.66,144.27,11.201353348349,0.1141468,57.87903843,-650,4081,65.2,2026-08-24,0.88,37.7,False
2553,301137,哈焊华通,29.47,0.27,1.0,197.25,29.726134974912,0.1308684,53.63065846,-182,4871,74.4,2026-08-24,-0.86,39.9,False
2554,301138,华研精机,30.07,3.69,5.54,41.11,29.933178529713,0.154328,63.03572469,896,2472,62.4,2026-08-24,0.46,39.3,False
2555,301139,*ST元道,3.37,-1.75,7.03,130.08,3.448274709814,0.1385756,52.89339685,231,4948,66.0,2026-08-24,-2.27,34.9,False
2556,301141,中科磁业,42.72,5.14,9.24,214.49,41.134586531452,0.2048888,59.33411732,799,3651,73.2,2026-08-24,3.85,43.4,False
2557,301148,嘉戎技术,50.74,1.08,0.94,769.53,50.341151376646,0.2141752,56.03796278,289,4482,62.8,2026-08-24,0.79,35.2,False
2558,301149,隆华新材,7.78,1.17,1.19,23.29,7.697259330816,0.1816676,65.03801782,108,1861,62.4,2026-08-24,1.07,40.6,False
2559,301150,中一科技,37.41,-3.13,1.81,42.76,38.547164455754,0.2073992,62.47848902,-1222,2611,73.6,2026-08-24,-2.95,46.0,False
2560,301151,冠龙节能,16.48,0.92,0.79,-107.14,16.192613996802,0.1118536,60.41838581,1464,3311,59.2,2026-08-24,1.77,35.8,False
2561,301152,天力锂能,24.24,3.95,27.94,85.13,22.84338425,0.3696672,68.97755247,3670,895,66.8,2026-08-24,6.11,46.1,False
2562,301153,中科江南,17.2,1.9,0.62,-61.01,16.920912391839,0.1086212,65.59196352,-1037,1733,66.8,2026-08-24,1.65,43.8,False
2563,301155,海力风电,40.6,-0.98,0.58,164.74,41.262212539851,0.1709716,63.02611055,555,2476,70.0,2026-08-24,-1.6,44.1,False
2564,301156,美农生物,11.88,3.94,4.22,40.65,11.488905944424,0.0857048,62.61375153,-68,2570,70.4,2026-08-24,3.4,44.1,False
2565,301157,华塑科技,59.13,-1.14,1.98,90.72,60.49399846413,0.1284028,68.53438998,-370,991,63.2,2026-08-24,-2.25,43.3,False
2566,301158,德石股份,14.83,1.78,1.63,45.74,14.591352899481,0.1246768,60.3935823,-438,3318,66.8,2026-08-24,1.64,40.3,False
2567,301159,三维天地,31.36,1.16,1.7,-39.49,31.234651812142,0.0702084,62.9875232,-484,2486,70.8,2026-08-24,0.4,44.6,False
2568,301160,翔楼新材,45.1,-0.33,1.32,39.4,44.9335568498,0.3517644,74.89323466,-88,183,66.8,2026-08-24,0.37,50.0,False
2569,301161,唯万密封,28.81,4.88,9.96,25.2,27.280483838757,0.177218,59.57074338,-782,3582,65.2,2026-08-24,5.61,38.8,False
2570,301162,国能日新,35.8,-0.67,0.47,47.65,35.899424884519,0.1411908,64.87945741,-85,1893,65.2,2026-08-24,-0.28,42.3,False
2571,301163,宏德股份,23.33,0.56,0.89,140.85,23.224841619682,0.0739576,64.38869209,1231,2033,64.0,2026-08-24,0.45,41.2,False
2572,301165,锐捷网络,113.9,-1.73,0.69,91.36,118.195483346648,0.3662288,67.00459238,-1095,1340,87.2,2026-08-24,-3.63,58.4,False
2573,301166,优宁维,29.0,0.0,5.23,-73.53,29.531297502892,0.1952816,60.98550077,-2208,3132,74.4,2026-08-24,-1.8,45.4,False
2574,301167,建研设计,14.41,0.98,1.0,39.0,14.255663461487,0.1889076,64.6652328,-275,1952,65.6,2026-08-24,1.08,42.4,False
2575,301168,通灵股份,41.57,-0.07,0.43,478.56,41.518318361179,0.2666844,60.26365082,753,3367,65.2,2026-08-24,0.12,39.3,False
2576,301169,零点有数,50.22,-1.04,0.56,-54.72,50.576764866339,0.1551244,56.76386694,237,4350,65.6,2026-08-24,-0.71,37.2,False
2577,301170,锡南科技,23.12,0.96,0.93,24.45,22.880156154317,0.110662,64.3291006,-1062,2049,63.6,2026-08-24,1.05,40.9,False
2578,301171,易点天下,33.69,-3.47,4.38,132.81,35.450641402624,0.2927688,68.10794963,1153,1074,87.6,2026-08-24,-4.97,59.7,False
2579,301172,君逸数码,16.45,-0.9,1.83,114.81,16.664134216888,0.09266,58.84046859,-1010,3805,65.2,2026-08-24,-1.29,38.4,False
2580,301173,毓恬冠佳,31.62,0.09,0.6,38.55,31.799033806344,0.1819316,67.10135549,128,1323,63.6,2026-08-24,-0.56,42.7,False
2581,301175,中科环保,5.52,1.47,2.46,17.84,5.432489710582,0.2403084,71.71764819,337,465,66.4,2026-08-24,1.61,47.6,False
2582,301176,逸豪新材,44.01,-2.31,1.44,198.08,44.800950465557,0.1524592,53.29335287,-446,4912,65.6,2026-08-24,-1.77,35.0,False
2583,301177,迪阿股份,23.58,-4.11,0.81,62.78,24.090305625998,0.2033984,67.89210766,1140,1125,64.4,2026-08-24,-2.12,43.7,False
2584,301178,天亿马,34.44,-0.12,1.06,881.75,34.333550927183,0.1842964,59.94524094,65,3470,65.6,2026-08-24,0.31,39.3,False
2585,301179,泽宇智能,19.73,-7.02,3.12,67.63,21.383681550166,0.2009248,76.10209005,1070,114,65.6,2026-08-24,-7.73,49.9,False
2586,301180,万祥科技,11.7,0.6,0.84,-1135.76,11.602854778651,0.0621424,58.87685985,891,3796,63.2,2026-08-24,0.84,37.2,False
2587,301181,标榜股份,23.55,3.61,1.1,34.39,22.560867937131,0.1272296,62.72657888,213,2543,62.0,2026-08-24,4.38,38.9,False
2588,301182,凯旺科技,66.59,-0.19,1.67,-44.59,66.242683923486,0.2265132,53.62385586,-1111,4872,72.0,2026-08-24,0.52,38.6,False
2589,301183,东田微,233.53,-0.71,5.13,107.52,242.075037423667,0.4173552,74.47816366,-168,218,84.8,2026-08-24,-3.53,63.2,False
2590,301185,鸥玛软件,16.47,1.1,0.43,165.08,16.16828818575,0.0842628,62.41196155,-1544,2636,66.4,2026-08-24,1.87,41.4,False
2591,301186,超达装备,33.45,-0.33,0.7,60.14,33.511636623381,0.1799936,62.02942421,1468,2795,61.6,2026-08-24,-0.18,38.2,False
2592,301187,欧圣电气,14.77,1.79,0.21,84.67,14.536534900764,0.0386728,54.45031241,-476,4756,64.4,2026-08-24,1.61,35.1,False
2593,301188,力诺药包,35.21,-6.01,3.7,151.17,37.168858656283,0.286114,57.30814871,120,4217,68.8,2026-08-24,-5.27,39.4,False
2594,301189,奥尼电子,49.74,0.46,1.64,124.34,49.833701721816,0.2775572,66.3972215,-604,1509,67.2,2026-08-24,-0.19,44.6,False
2595,301190,善水科技,20.31,-3.97,4.93,25.59,20.690652721464,0.2311344,71.35476855,862,515,72.0,2026-08-24,-1.84,51.4,False
2596,301191,菲菱科思,86.15,-1.67,2.34,108.83,87.571735946629,0.2601104,57.76016085,-1698,4116,69.6,2026-08-24,-1.62,40.2,False
2597,301192,泰祥股份,20.16,1.61,1.35,53.17,19.800242477243,0.0288692,67.51047097,1152,1211,63.6,2026-08-24,1.82,42.9,False
2598,301193,家联科技,17.92,1.13,0.83,-10.94,17.893360036551,0.2429776,57.76711913,873,4112,60.8,2026-08-24,0.15,35.1,False
2599,301195,北路智控,25.93,-0.65,0.71,37.48,26.077613377926,0.1881596,65.82169063,1609,1681,60.4,2026-08-24,-0.57,39.8,False
2600,301196,唯科科技,88.24,-0.83,3.4,50.77,89.564569661978,0.3512244,76.15761074,214,110,70.0,2026-08-24,-1.48,53.3,False
2601,301197,工大科雅,24.76,-0.88,0.93,-104.92,24.708779260138,0.2222536,59.44634229,-489,3622,63.6,2026-08-24,0.21,37.8,False
2602,301198,喜悦智行,12.38,0.16,1.02,-4370.4,12.597400557831,0.1052172,56.67221941,676,4367,60.4,2026-08-24,-1.73,34.2,False
2603,301199,迈赫股份,17.49,0.87,0.28,42.96,17.42390992365,0.0712816,57.65424413,-172,4134,66.8,2026-08-24,0.38,38.5,False
2604,301200,大族数控,262.85,-1.55,0.34,67.17,266.080254285827,0.2481036,71.14420145,-359,533,79.6,2026-08-24,-1.21,56.6,False
2605,301201,诚达药业,34.44,0.03,3.46,190.24,34.646226850952,0.2213276,60.51977153,-784,3279,74.8,2026-08-24,-0.6,45.3,False
2606,301202,朗威股份,36.31,-2.78,2.49,69.51,37.493409226951,0.2139348,64.11103023,-1717,2119,74.8,2026-08-24,-3.16,48.0,False
2607,301203,国泰环保,34.17,0.21,0.6,32.14,34.074543944271,0.1148912,62.3507879,1285,2662,61.2,2026-08-24,0.28,38.2,False
2608,301205,联特科技,289.49,-4.77,5.51,3090.97,302.632445384456,0.5027068,68.13216257,-48,1068,84.0,2026-08-24,-4.34,57.2,False
2609,301206,三元生物,23.87,1.23,0.5,46.27,23.709581472233,0.2007912,61.4036368,13,3001,68.0,2026-08-24,0.68,41.8,False
2610,301207,华兰疫苗,16.95,-0.76,0.78,68.16,17.526888089122,0.2212592,64.53902714,-235,1992,76.8,2026-08-24,-3.29,49.6,False
2611,301208,中亦科技,29.95,1.39,1.28,78.08,29.484479442971,0.1631176,68.58724642,1095,980,68.0,2026-08-24,1.58,46.6,False
2612,301209,联合化学,58.36,-0.75,0.95,510.11,59.365691637436,0.3366712,65.15972128,431,1836,68.4,2026-08-24,-1.69,44.6,False
2613,301210,金杨精密,23.47,-1.3,2.32,35.35,23.805702090501,0.082962,63.79041159,-586,2230,66.0,2026-08-24,-1.41,42.1,False
2614,301211,亨迪药业,13.17,12.09,7.9,91.25,11.936578818628,0.2032312,65.97554033,617,1634,79.6,2026-08-24,10.33,52.5,False
2615,301212,联盛化学,23.6,-0.8,2.02,104.61,24.391123933913,0.1622744,58.75250016,-2306,3823,69.6,2026-08-24,-3.24,40.9,False
2616,301213,观想科技,39.89,-6.19,1.67,-1301.64,42.576474856981,0.132476,55.72890105,-618,4538,66.0,2026-08-24,-6.31,36.8,False
2617,301215,中汽股份,5.37,0.37,0.55,27.14,5.339900232303,0.2650936,69.18187496,-571,866,68.8,2026-08-24,0.56,47.6,False
2618,301216,万凯新材,17.92,-6.33,4.88,9.25,18.529912422022,0.2497452,78.81411715,1281,40,72.4,2026-08-24,-3.29,57.1,False
2619,301217,铜冠铜箔,107.65,-3.11,1.39,209.79,109.636362210452,0.337054,65.15334341,-767,1837,88.8,2026-08-24,-1.81,57.9,False
2620,301218,华是科技,47.99,6.29,17.68,-463.78,45.415773782248,0.496742,68.52431439,961,992,69.2,2026-08-24,5.67,47.4,False
2621,301219,腾远钴业,44.37,-4.0,1.86,9.64,46.670869779203,0.3086968,67.54218814,-235,1202,78.4,2026-08-24,-4.93,53.0,False
2622,301220,亚香股份,28.14,2.44,0.88,50.39,27.444571428571,0.1697908,56.53182358,125,4397,62.0,2026-08-24,2.53,35.0,False
2623,301221,光庭信息,27.08,-0.55,1.03,-60.44,27.518266320331,0.169306,59.02731661,1019,3747,66.4,2026-08-24,-1.59,39.2,False
2624,301222,浙江恒威,23.89,-0.99,1.11,32.5,24.241414061659,0.0781612,63.55606079,525,2310,57.6,2026-08-24,-1.45,36.6,False
2625,301223,中荣股份,16.57,2.54,0.63,19.96,16.312176066877,0.117118,61.3377012,-1836,3015,62.4,2026-08-24,1.58,38.3,False
2626,301225,恒勃股份,56.17,-0.2,3.86,84.61,56.87169712254,0.1878508,57.16406576,-3146,4250,65.2,2026-08-24,-1.23,37.3,False
2627,301226,祥明智能,28.2,-0.91,0.45,795.33,28.117023222041,0.1109028,48.85276715,17,5163,63.6,2026-08-24,0.3,31.1,False
2628,301227,森鹰窗业,31.21,2.66,1.8,-53.18,30.73135220364,0.2453116,61.57199693,-947,2953,70.4,2026-08-24,1.56,43.3,False
2629,301228,实朴检测,61.2,2.38,1.46,-7044.03,59.071391854394,0.3743192,61.55781852,1134,2955,60.8,2026-08-24,3.6,37.4,False
2630,301229,纽泰格,12.19,0.91,1.11,-57.07,12.060187777393,0.0581948,51.84815063,41,5029,63.6,2026-08-24,1.08,33.0,False
2631,301230,泓博医药,33.29,-1.63,5.03,63.33,34.217526922194,0.2058744,62.09299955,455,2764,81.2,2026-08-24,-2.71,50.4,False
2632,301231,荣信文化,26.67,1.56,3.01,-47.23,26.614479876081,0.1706004,54.85874859,179,4697,70.4,2026-08-24,0.21,38.6,False
2633,301232,飞沃科技,94.3,-1.98,4.42,550.37,97.099506508038,0.2472124,63.6778418,-255,2265,74.8,2026-08-24,-2.88,47.6,False
2634,301233,盛帮股份,32.64,-0.18,1.92,33.47,32.983831059615,0.1468232,66.75146479,1419,1398,62.0,2026-08-24,-1.04,41.4,False
2635,301234,五洲医疗,102.94,-6.42,4.87,227.81,105.552241194752,0.355688666667,61.26843014,-1322,3038,74.8,2026-08-24,-2.47,45.8,False
2636,301235,华康洁净,40.58,-4.34,3.76,-80.91,42.625614003586,0.26793,67.97841182,1726,1108,72.4,2026-08-24,-4.8,49.2,False
2637,301236,软通动力,37.74,2.97,1.21,-27.91,36.933465992913,0.2796092,61.92857181,-504,2834,80.4,2026-08-24,2.18,49.8,False
2638,301237,和顺科技,53.7,-2.91,1.43,275.77,53.321906734223,0.2215392,62.73349003,2258,2541,59.2,2026-08-24,0.71,37.1,False
2639,301238,瑞泰新材,15.87,-3.47,1.17,32.17,16.566938625564,0.2251956,64.9277823,1392,1884,74.8,2026-08-24,-4.21,48.6,False
2640,301239,普瑞眼科,35.44,0.43,1.18,18.76,35.392354066508,0.18017,70.20817432,53,669,68.4,2026-08-24,0.13,48.0,False
2641,301246,宏源药业,20.23,-2.93,2.12,14.02,20.967234059846,0.1938128,62.14221278,-955,2740,63.6,2026-08-24,-3.52,39.5,False
2642,301248,杰创智能,59.13,-0.61,2.13,-159.73,58.970943047351,0.2724644,55.90474432,-871,4503,68.4,2026-08-24,0.27,38.2,False
2643,301251,威尔高,46.05,-3.88,4.96,98.02,47.848201349161,0.1865476,64.53646963,2470,1993,76.8,2026-08-24,-3.76,49.6,False
2644,301252,同星科技,32.68,-0.85,0.78,53.96,32.854693321964,0.166048,66.23222822,-1046,1553,65.2,2026-08-24,-0.53,43.2,False
2645,301255,通力科技,20.56,1.23,0.37,116.42,20.160668859649,0.0464572,58.64299572,930,3863,62.8,2026-08-24,1.98,36.8,False
2646,301256,华融化学,9.91,-1.1,0.27,76.8,9.973731856159,0.1391644,61.97885876,608,2808,63.2,2026-08-24,-0.64,39.2,False
2647,301257,普蕊斯,44.56,-1.46,2.96,73.2,46.191526565814,0.1980684,64.59634071,69,1971,68.4,2026-08-24,-3.53,44.2,False
2648,301258,富士莱,25.73,-1.27,1.04,-80.68,25.972211758717,0.1303944,57.66788093,-1189,4131,66.0,2026-08-24,-0.93,38.1,False
2649,301259,艾布鲁,22.17,-0.76,1.33,129.93,22.236394508429,0.3095756,56.94180762,716,4306,62.4,2026-08-24,-0.3,35.5,False
2650,301260,格力博,13.35,0.6,0.34,11.9,13.360660849162,0.0685712,54.42880266,-350,4761,64.4,2026-08-24,-0.08,35.1,False
2651,301261,恒工精密,55.21,0.35,1.65,28.08,53.870374250164,0.1476484,65.59947079,2019,1728,68.4,2026-08-24,2.49,44.9,False
2652,301262,海看股份,18.27,1.27,1.26,21.18,18.167625177564,0.1451764,66.47799941,-868,1478,70.4,2026-08-24,0.56,46.8,False
2653,301263,泰恩康,18.31,-0.22,0.44,1256.53,18.505132241392,0.2009632,60.16359604,-12,3399,64.8,2026-08-24,-1.05,39.0,False
2654,301265,华新科技,19.0,-3.7,1.59,44.5,19.600764923688,0.179918,63.07973958,1541,2460,63.2,2026-08-24,-3.07,39.9,False
2655,301266,宇邦新材,22.77,-0.26,1.26,25.49,22.884944347519,0.1453536,64.85163004,-869,1899,70.8,2026-08-24,-0.5,45.9,False
2656,301267,华厦眼科,15.96,0.88,0.29,19.52,15.806546206047,0.2064292,69.78187227,-394,730,67.6,2026-08-24,0.97,47.2,False
2657,301268,铭利达,13.23,0.46,0.26,240.78,13.168226349809,0.09938,58.47451964,1003,3901,62.8,2026-08-24,0.47,36.7,False
2658,301269,华大九天,90.3,-1.04,0.39,-169.42,91.911452605777,0.278494,58.98056578,-1141,3758,82.4,2026-08-24,-1.75,48.6,False
2659,301270,汉仪股份,32.11,1.36,1.26,-439.26,31.545631729519,0.252278,61.16466322,918,3074,70.8,2026-08-24,1.79,43.3,False
2660,301272,英华特,34.41,1.68,0.68,-406.99,33.940960974432,0.0795748,60.72413523,-1279,3218,62.8,2026-08-24,1.38,38.1,False
2661,301273,瑞晨环保,39.3,-1.95,1.2,-53.96,39.279788587565,0.2606308,59.04689078,590,3743,62.8,2026-08-24,0.05,37.1,False
2662,301275,汉朔科技,42.46,-0.31,0.83,24.81,42.059110880567,0.2808868,70.76246703,97,590,64.8,2026-08-24,0.95,45.9,False
2663,301276,嘉曼服饰,19.83,-1.34,1.67,12.78,20.011326676177,0.0799052,58.04035453,156,4038,62.0,2026-08-24,-0.91,36.0,False
2664,301277,新天地,10.37,1.37,0.77,28.16,10.32495873135,0.0998904,61.94933017,339,2820,70.8,2026-08-24,0.44,43.9,False
2665,301278,快可电子,27.58,0.69,0.62,109.62,27.394730217393,0.0742136,57.20891337,-8,4241,62.8,2026-08-24,0.68,35.9,False
2666,301279,金道科技,21.03,0.53,0.83,58.05,20.61260067093,0.1269528,65.1433321,583,1838,66.0,2026-08-24,2.02,43.0,False
2667,301280,珠城科技,42.95,-2.87,1.48,36.46,42.840754865011,0.3043932,72.38294181,2282,393,61.2,2026-08-24,0.26,44.3,False
2668,301281,科源制药,42.45,-3.46,1.32,38.21,43.914832559926,0.2040772,63.55167158,1643,2312,64.4,2026-08-24,-3.34,40.9,False
2669,301282,金禄电子,32.9,-1.73,4.27,62.37,33.429316100354,0.2093972,54.89667144,-296,4686,82.0,2026-08-24,-1.58,45.0,False
2670,301283,聚胶股份,25.37,0.12,0.53,20.67,25.503314508925,0.1917044,68.55627541,-362,986,63.2,2026-08-24,-0.52,43.3,False
2671,301285,鸿日达,85.66,-5.86,1.2,-196.07,89.060296146179,0.4077108,66.28939785,634,1543,63.6,2026-08-24,-3.82,42.2,False
2672,301286,侨源股份,43.0,-0.6,0.46,62.32,42.571594721955,0.1859652,69.63827813,958,756,63.2,2026-08-24,1.01,44.0,False
2673,301287,康力源,40.43,-1.73,2.49,116.67,40.588042513859,0.2144088,67.39557401,266,1245,67.2,2026-08-24,-0.39,45.3,False
2674,301288,清研环境,16.92,0.89,0.62,-42.78,16.835757328325,0.0894588,50.99278017,-89,5076,60.4,2026-08-24,0.5,30.8,False
2675,301289,国缆检测,43.9,1.27,0.47,33.58,43.353268399382,0.1391892,64.48681843,-492,2005,63.6,2026-08-24,1.26,41.0,False
2676,301290,东星医疗,29.09,2.39,1.85,42.68,28.38924909975,0.24384,64.39270397,1069,2031,63.6,2026-08-24,2.47,41.0,False
2677,301291,明阳电气,37.16,0.03,1.88,118.75,37.264280198518,0.2974868,61.30682322,-1511,3023,68.4,2026-08-24,-0.28,41.9,False
2678,301292,海科新源,63.5,-4.31,4.66,17.57,66.757838473788,0.2669532,57.11595749,-2030,4263,70.8,2026-08-24,-4.88,40.4,False
2679,301293,三博脑科,51.13,1.15,2.05,175.13,50.890221151331,0.2423924,57.27082445,-388,4226,82.8,2026-08-24,0.47,47.4,True
2680,301295,美硕科技,37.23,-0.35,3.44,46.37,37.358968548405,0.1314708,60.89257584,573,3163,63.6,2026-08-24,-0.35,38.7,False
2681,301296,新巨丰,6.38,1.59,0.34,113.16,6.322619812357,0.064228,59.30896806,-1275,3663,63.6,2026-08-24,0.91,37.7,False
2682,301297,富乐德,34.15,-4.87,1.81,57.36,36.078394116699,0.2616748,74.78227025,1898,190,78.0,2026-08-24,-5.35,58.3,False
2683,301298,东利机械,12.86,0.55,0.7,108.86,12.737280795552,0.067924,63.90344493,552,2192,62.0,2026-08-24,0.96,39.6,False
2684,301299,卓创资讯,43.83,2.69,1.52,36.46,42.88513935714,0.1210492,66.87221908,1606,1369,66.4,2026-08-24,2.2,44.4,False
2685,301300,远翔新材,32.06,0.72,0.67,41.39,31.762143710786,0.088376,61.94028605,336,2826,64.0,2026-08-24,0.94,39.6,False
2686,301301,川宁生物,8.79,1.97,1.39,35.35,8.744184185519,0.1911096,67.28237862,148,1273,79.2,2026-08-24,0.52,53.3,False
2687,301302,华如科技,20.46,-0.87,1.44,-25.4,20.704429868782,0.1086228,52.29858101,-20,4992,66.0,2026-08-24,-1.18,34.5,False
2688,301303,真兰仪表,14.06,0.07,0.43,24.35,13.894980151285,0.225938,67.58739068,2060,1196,60.4,2026-08-24,1.19,40.8,False
2689,301305,朗坤科技,23.81,-0.87,1.17,15.02,24.008230163672,0.2607144,72.20639024,1252,410,65.2,2026-08-24,-0.83,47.1,False
2690,301306,西测测试,85.34,-0.83,1.87,-46.29,86.132235450289,0.1855948,52.31295737,-250,4991,71.2,2026-08-24,-0.92,37.2,False
2691,301307,美利信,52.08,-1.4,6.22,-33.13,52.560409859404,0.2667152,57.97724228,676,4060,68.4,2026-08-24,-0.91,39.7,False
2692,301308,江波龙,362.66,-0.61,1.82,7.37,364.275050597877,0.4111712,67.53789665,-30,1203,89.6,2026-08-24,-0.44,60.5,False
2693,301309,万得凯,29.57,0.58,0.75,22.82,29.393561082263,0.107394,59.77308915,-35,3515,61.2,2026-08-24,0.6,36.6,False
2694,301310,鑫宏业,47.73,-3.2,2.38,80.35,49.573835309879,0.33888,66.38289436,-604,1513,62.4,2026-08-24,-3.72,41.4,False
2695,301311,昆船智能,13.69,2.01,0.4,-32.35,13.515924072383,0.153654,60.22465278,-68,3379,66.0,2026-08-24,1.29,39.7,False
2696,301312,智立方,71.51,1.0,5.68,209.11,71.224791681595,0.2613948,70.0383298,2327,695,69.6,2026-08-24,0.4,48.7,False
2697,301313,凡拓数创,32.61,-0.46,2.32,-33.19,32.655771578063,0.1358004,53.49078452,122,4889,65.2,2026-08-24,-0.14,34.9,False
2698,301314,科瑞思,42.74,1.04,1.54,577.58,42.474050674027,0.1061144,58.91817702,554,3782,61.2,2026-08-24,0.63,36.1,False
2699,301315,威士顿,39.56,0.69,1.02,94.43,39.611273355776,0.176388,63.64348464,-869,2282,73.2,2026-08-24,-0.13,46.6,False
2700,301316,慧博云通,37.8,0.67,0.95,497.66,37.674966880896,0.3212416,65.98613199,-984,1632,73.6,2026-08-24,0.33,48.6,False
2701,301317,鑫磊股份,42.96,0.28,2.71,-86.95,42.31109437636,0.150188,57.51411925,894,4174,60.8,2026-08-24,1.53,35.0,False
2702,301318,维海德,20.72,1.42,0.72,79.46,20.491630297795,0.1131812,64.80886296,1861,1912,65.2,2026-08-24,1.11,42.3,False
2703,301319,唯特偶,99.33,-3.1,4.1,173.98,103.102676360237,0.3655584,68.62161546,427,971,77.2,2026-08-24,-3.66,53.0,False
2704,301320,豪江智能,13.53,1.81,1.3,215.28,13.2970187498,0.0757644,57.21262665,-266,4239,64.4,2026-08-24,1.75,36.8,False
2705,301321,翰博高新,40.15,-2.17,3.33,186.11,40.513514727523,0.2749652,73.31975271,860,307,66.8,2026-08-24,-0.9,49.0,False
2706,301322,绿通科技,40.39,0.55,2.14,-512.81,40.250080384071,0.3221196,60.26768231,-699,3366,60.8,2026-08-24,0.35,36.6,False
2707,301323,新莱福,67.08,-2.78,0.95,41.72,69.410345947983,0.1650236,61.63981599,-771,2936,60.4,2026-08-24,-3.36,37.2,False
2708,301325,曼恩斯特,29.86,-1.68,0.6,-26.22,30.598310924111,0.1050884,58.3570993,1122,3938,65.6,2026-08-24,-2.41,38.3,False
2709,301326,捷邦科技,106.47,-0.37,1.19,-129.62,106.478241242474,0.2082972,65.83316299,323,1678,69.2,2026-08-24,-0.01,45.6,False
2710,301327,华宝新能,43.6,-2.55,0.66,134.18,45.391986214629,0.2420444,63.73188588,1985,2245,63.6,2026-08-24,-3.95,40.5,False
2711,301328,维峰电子,56.02,-2.29,1.16,84.71,56.746549877951,0.2292248,60.3112454,-682,3348,65.2,2026-08-24,-1.28,39.3,False
2712,301329,信音电子,18.7,-1.27,3.73,38.58,18.978113564099,0.0752688,54.92192901,-881,4683,59.6,2026-08-24,-1.47,32.7,False
2713,301330,熵基科技,23.85,1.27,0.43,110.97,23.547163355897,0.0815424,59.74974911,136,3525,66.4,2026-08-24,1.29,39.7,False
2714,301331,恩威医药,22.13,1.33,1.09,45.52,22.04754730798,0.0892204,59.29039702,15,3667,65.6,2026-08-24,0.37,38.9,False
2715,301332,德尔玛,7.98,2.97,1.07,32.06,7.732843233193,0.102148,56.73074994,388,4359,64.8,2026-08-24,3.2,36.8,False
2716,301333,诺思格,53.97,-2.02,1.71,57.09,55.907208117285,0.1700056,65.49170367,-152,1763,71.2,2026-08-24,-3.47,46.6,False
2717,301335,天元宠物,24.76,1.14,2.27,59.5,24.533327026283,0.2322672,70.12536196,-348,681,73.2,2026-08-24,0.92,51.3,False
2718,301336,趣睡科技,41.05,0.64,0.92,66.0,41.005901983827,0.2466628,63.77158759,422,2234,66.0,2026-08-24,0.11,42.1,False
2719,301337,亚华电子,25.71,-0.08,0.4,-76.3,25.758333667737,0.1366476,58.61269724,-269,3870,65.2,2026-08-24,-0.19,38.2,False
2720,301338,凯格精机,95.83,-1.71,2.06,51.93,97.529814644423,0.2169332,73.0136972,77,333,73.6,2026-08-24,-1.74,53.7,False
2721,301339,通行宝,10.99,1.1,0.21,30.23,10.914202244316,0.09394,60.24727772,-1196,3372,64.8,2026-08-24,0.69,39.0,False
2722,301345,涛涛车业,240.0,-1.15,0.94,37.11,241.46863859895,0.2312848,74.35428407,698,229,67.6,2026-08-24,-0.61,50.3,False
2723,301348,蓝箭电子,20.4,-0.73,1.82,-152.33,20.452652459839,0.1720744,51.88997181,-356,5024,72.0,2026-08-24,-0.26,37.4,False
2724,301349,信德新材,41.3,-4.13,3.35,41.78,43.17668147026,0.1667324,66.61258644,1984,1442,65.2,2026-08-24,-4.35,43.4,False
2725,301353,普莱得,19.14,1.54,1.89,41.36,18.882612686904,0.05991,66.90469579,315,1361,62.8,2026-08-24,1.36,42.0,False
2726,301355,南王科技,10.12,1.5,0.86,258.9,9.950663038809,0.0335956,53.49548224,-668,4887,62.8,2026-08-24,1.7,33.6,False
2727,301356,天振股份,19.58,-1.46,0.74,27.35,19.864548656163,0.1304504,57.5339607,-1135,4168,56.8,2026-08-24,-1.43,32.7,False
2728,301357,北方长龙,90.8,5.58,5.01,-173.52,87.778500632213,0.2425008,62.2385985,1796,2703,77.6,2026-08-24,3.44,48.3,False
2729,301358,湖南裕能,62.08,-5.94,1.67,9.04,67.228032253728,0.3277708,69.98602645,-531,702,84.0,2026-08-24,-7.66,58.8,False
2730,301359,东南电子,17.31,2.73,2.07,57.92,16.751799972395,0.0343672,60.77782005,-1137,3202,62.8,2026-08-24,3.33,38.2,False
2731,301360,荣旗科技,54.76,-0.62,4.89,-1733.89,55.175633683997,0.226868,63.11361795,-2061,2445,72.0,2026-08-24,-0.75,45.4,False
2732,301361,众智科技,26.57,0.8,0.73,37.32,26.221350066342,0.099464,62.84430959,271,2518,62.4,2026-08-24,1.33,39.2,False
2733,301362,民爆光电,111.54,-3.11,4.92,146.83,114.435101493385,0.2093404,58.29042998,609,3962,62.4,2026-08-24,-2.53,36.4,False
2734,301363,美好医疗,16.27,0.74,0.9,52.08,16.2746723311,0.2091068,66.24162787,-1110,1552,74.8,2026-08-24,-0.03,49.5,False
2735,301365,矩阵股份,38.67,0.1,0.95,130.01,38.081912433079,0.316164,64.84523572,-90,1902,66.8,2026-08-24,1.54,43.3,False
2736,301366,一博科技,54.13,-1.35,2.91,88.85,54.893971591861,0.2532556,58.78158262,-219,3816,80.4,2026-08-24,-1.39,47.3,False
2737,301367,瑞迈特,42.48,0.19,0.35,34.63,42.555838141423,0.147546,61.05345608,-762,3113,62.0,2026-08-24,-0.18,37.9,False
2738,301368,丰立智能,38.91,0.83,0.51,4453.83,38.593861677447,0.1286132,54.36464396,-50,4770,74.0,2026-08-24,0.82,40.2,False
2739,301369,联动科技,125.72,-4.1,2.3,941.76,130.190537940284,0.1812756,57.15773624,50,4252,67.2,2026-08-24,-3.43,38.4,False
2740,301370,国科恒泰,8.82,1.26,0.31,834.12,8.729116950248,0.1664804,66.04387379,1498,1613,64.0,2026-08-24,1.04,42.3,False
2741,301371,敷尔佳,21.51,1.99,4.41,21.85,21.370780631431,0.2040092,70.30641583,253,653,68.8,2026-08-24,0.65,48.4,False
2742,301372,科净源,29.3,-0.17,0.6,87.53,29.167435503686,0.160398,49.62853846,-433,5138,61.6,2026-08-24,0.45,30.6,False
2743,301373,凌玮科技,90.55,-2.66,2.75,72.38,93.54016140577,0.2210736,63.88503702,-1670,2199,67.6,2026-08-24,-3.2,43.2,False
2744,301376,致欧科技,20.81,0.92,0.88,27.85,20.41322161907,0.1528896,68.39385391,1051,1016,65.6,2026-08-24,1.94,44.9,False
2745,301377,鼎泰高科,390.92,-0.53,1.72,122.04,396.04325830761,0.2661296,69.54708769,-261,774,76.4,2026-08-24,-1.29,53.1,False
2746,301378,通达海,24.52,1.2,2.63,-18.46,24.130909505505,0.0466972,53.40428043,82,4897,67.6,2026-08-24,1.61,36.1,False
2747,301379,天山电子,21.19,-1.44,2.71,74.6,21.875828015807,0.267404,68.68553878,1333,957,69.6,2026-08-24,-3.14,47.8,False
2748,301380,挖金客,30.19,2.41,2.4,67.62,29.169432804708,0.2278852,61.84642308,-158,2855,64.8,2026-08-24,3.5,40.1,False
2749,301381,赛维时代,23.16,-1.61,0.56,55.31,23.079131454448,0.2862016,69.09641049,44,877,64.0,2026-08-24,0.35,44.2,False
2750,301382,蜂助手,38.57,-2.9,1.82,75.87,39.534087668191,0.2793224,64.02982592,-107,2153,76.8,2026-08-24,-2.44,49.2,False
2751,301383,天键股份,22.74,2.99,1.95,-40.62,22.044750564476,0.062714,57.83545735,477,4095,62.8,2026-08-24,3.15,36.3,False
2752,301386,未来电器,20.34,1.35,0.85,47.21,20.085288200382,0.0902888,57.94992431,-161,4065,63.6,2026-08-24,1.27,36.9,False
2753,301387,光大同创,54.45,-3.37,2.79,-176.71,56.169862359027,0.1364392,56.69590938,-2418,4364,62.4,2026-08-24,-3.06,35.4,False
2754,301388,欣灵电气,23.97,1.1,0.59,123.89,23.683053588644,0.0563436,60.14212586,1266,3406,62.0,2026-08-24,1.21,37.3,False
2755,301389,隆扬电子,50.89,-0.47,1.9,133.98,52.112410128409,0.2682972,65.02587096,-1502,1868,73.2,2026-08-24,-2.35,47.6,False
2756,301390,经纬股份,31.13,0.29,1.01,-108.11,30.812885288967,0.0790168,57.18945217,332,4243,62.8,2026-08-24,1.03,35.9,False
2757,301391,卡莱特,45.84,-0.35,0.52,173.69,46.11721333471,0.066882,60.71257193,32,3221,62.4,2026-08-24,-0.6,37.9,False
2758,301392,汇成真空,167.5,-3.85,6.29,152.31,172.671886756922,0.3111556,72.03318361,1829,431,74.4,2026-08-24,-3.0,53.6,False
2759,301393,昊帆生物,58.05,-5.33,5.75,44.31,62.711033158665,0.2027784,61.7038344,-168,2915,71.6,2026-08-24,-7.43,44.2,False
2760,301395,仁信新材,12.14,-0.57,0.71,-7.33,12.155799880393,0.1173788,61.34090442,890,3013,66.8,2026-08-24,-0.13,41.0,False
2761,301396,宏景科技,170.63,-1.29,4.4,303.0,173.460451692245,0.3375724,58.39571983,-469,3926,84.8,2026-08-24,-1.63,49.5,False
2762,301397,溯联股份,25.27,0.48,2.14,60.53,24.860065221249,0.2342776,69.09307793,3,878,63.6,2026-08-24,1.65,43.9,False
2763,301398,星源卓镁,32.87,5.05,3.08,-58.8,31.06706657665,0.171384,53.45185635,132,4893,66.8,2026-08-24,5.8,35.7,False
2764,301399,英特科技,17.12,0.35,1.84,-370.34,17.033785676524,0.0877336,56.44730583,-1408,4412,64.4,2026-08-24,0.51,36.4,False
2765,301408,华人健康,14.63,-1.75,2.38,18.44,15.002647113013,0.1321048,61.05036142,-84,3114,72.4,2026-08-24,-2.48,44.2,False
2766,301413,安培龙,59.19,-1.46,1.95,612.24,60.281861614498,0.1600592,56.86341656,236,4323,72.8,2026-08-24,-1.81,41.4,False
2767,301418,协昌科技,35.77,-3.69,3.78,303.18,36.979760946357,0.1399276,50.36072982,-472,5106,58.4,2026-08-24,-3.27,29.4,False
2768,301419,阿莱德,37.92,-7.74,7.99,114.91,42.743602344846,0.2854048,67.6087974,-657,1193,80.0,2026-08-24,-11.28,54.1,False
2769,301421,波长光电,74.39,-2.82,3.24,149.21,76.412063614598,0.2209676,66.1216541,2358,1592,80.4,2026-08-24,-2.65,53.2,False
2770,301428,世纪恒通,27.7,0.51,1.12,41.45,27.548228538767,0.1149944,57.06414828,76,4277,63.2,2026-08-24,0.55,36.1,False
2771,301429,森泰股份,17.33,1.05,1.05,32.26,17.147935906272,0.0318128,66.0034143,1187,1629,62.8,2026-08-24,1.06,41.5,False
2772,301439,泓淋电力,14.84,0.61,1.11,28.17,14.698183252272,0.1943576,60.31931762,330,3340,60.0,2026-08-24,0.96,36.2,False
2773,301446,福事特,33.61,-4.71,2.19,40.09,35.436459070797,0.1437164,66.1869771,474,1570,58.4,2026-08-24,-5.15,38.7,False
2774,301448,开创电气,42.59,3.25,2.42,353.93,41.056492852121,0.2277404,59.98875233,614,3451,61.2,2026-08-24,3.74,36.7,False
2775,301449,天溯计量,45.45,2.48,15.51,41.06,44.480102394016,0.213396,76.30357256,98,106,72.4,2026-08-24,2.18,55.2,False
2776,301456,盘古智能,23.04,0.96,1.24,49.44,22.749421238047,0.0890884,64.57483962,1533,1978,63.2,2026-08-24,1.28,40.8,False
2777,301458,钧崴电子,35.79,-1.78,2.13,64.97,36.306015204655,0.201884,60.10907471,-469,3419,62.0,2026-08-24,-1.42,37.3,False
2778,301459,丰茂股份,31.54,-1.84,3.5,37.85,31.396132239421,0.1916992,61.92744745,370,2835,66.4,2026-08-24,0.46,41.1,False
2779,301468,博盈特焊,32.76,-2.76,1.97,176.81,32.758378588833,0.1796672,57.74586927,263,4118,62.0,2026-08-24,0.0,35.8,False
2780,301469,恒达新材,28.87,1.33,1.05,23.99,28.611618236618,0.135922,68.3804435,1538,1020,64.0,2026-08-24,0.9,43.8,False
2781,301479,弘景光电,47.44,-2.25,1.16,48.81,48.795356082346,0.2119156,72.72906426,189,361,65.6,2026-08-24,-2.78,47.7,False
2782,301486,致尚科技,167.91,-0.05,2.4,-890.37,168.557131257026,0.3006128,60.4013701,-2006,3317,72.8,2026-08-24,-0.38,44.0,False
2783,301487,盟固利,16.1,-3.82,2.48,93.13,16.713156612802,0.2244824,67.8420995,3047,1140,70.8,2026-08-24,-3.67,48.0,False
2784,301488,豪恩汽电,96.96,0.17,1.11,157.29,97.662800887648,0.1661896,61.77487857,1473,2891,68.0,2026-08-24,-0.72,42.0,False
2785,301489,思泉新材,114.89,0.79,8.0,125.93,115.511655899477,0.3600136,71.07749377,1236,547,73.2,2026-08-24,-0.54,52.0,False
2786,301491,汉桑科技,38.92,1.09,0.69,43.05,38.628658077304,0.11024,64.06288095,250,2135,63.2,2026-08-24,0.75,40.5,False
2787,301498,乖宝宠物,38.66,2.36,1.31,31.34,37.808643292606,0.1697804,66.22341872,-448,1558,72.0,2026-08-24,2.25,47.7,False
2788,301499,维科精密,24.27,0.08,0.41,64.39,24.215355290243,0.0889612,62.67848772,1226,2558,63.2,2026-08-24,0.23,39.6,False
2789,301500,飞南资源,22.05,-5.16,5.49,9.54,23.392125836735,0.2586828,73.52644334,69,291,67.6,2026-08-24,-5.74,49.7,False
2790,301501,恒鑫生活,27.99,1.01,0.91,32.05,27.805569515722,0.1933452,66.36849205,788,1516,69.2,2026-08-24,0.66,45.9,False
2791,301502,华阳智能,50.32,-0.16,1.6,78.03,50.617297793912,0.075332,54.75611494,390,4716,59.6,2026-08-24,-0.59,32.6,False
2792,301503,智迪科技,22.08,2.22,0.73,126.02,21.618164734016,0.0552072,66.88712343,91,1366,64.4,2026-08-24,2.14,43.1,False
2793,301505,苏州规划,15.69,-2.3,3.12,-59.22,16.060150309133,0.169668,50.7218574,-335,5091,62.8,2026-08-24,-2.3,31.9,False
2794,301507,民生健康,12.75,0.71,1.2,18.1,12.689383970223,0.1682536,72.19544084,216,413,67.2,2026-08-24,0.48,48.5,False
2795,301508,中机认检,24.42,2.99,2.33,32.76,23.715627269728,0.1762996,65.31021746,1619,1802,65.6,2026-08-24,2.97,42.8,False
2796,301509,金凯生科,29.03,-1.49,3.01,57.75,30.017820117747,0.1399164,62.0150251,1516,2803,70.8,2026-08-24,-3.29,43.9,False
2797,301510,固高科技,25.66,0.04,0.66,117.59,25.685107499298,0.1757844,62.03592468,66,2791,68.0,2026-08-24,-0.1,42.2,False
2798,301511,德福科技,78.69,-3.88,4.95,94.13,82.699194891898,0.3328204,64.7114698,-1700,1940,86.8,2026-08-24,-4.85,56.2,False
2799,301512,智信精密,32.4,4.96,1.86,-23.42,30.757880228766,0.0965856,60.94683267,1282,3148,60.4,2026-08-24,5.34,36.8,False
2800,301513,尚水智能,47.8,-2.27,2.91,40.6,49.604798489704,0.1501056,65.84950248,2794,1674,62.0,2026-08-24,-3.64,40.8,False
2801,301515,港通医疗,19.66,3.04,1.27,-741.47,19.158676775624,0.0924432,61.64273391,1217,2935,63.2,2026-08-24,2.62,39.0,False
2802,301516,中远通,22.82,-5.43,8.8,-195.62,23.762091375261,0.1567736,63.67316019,-521,2268,78.0,2026-08-24,-3.96,49.7,False
2803,301517,陕西华达,36.72,-2.5,1.41,-73.65,37.432076045741,0.131848,52.94057063,-10,4943,67.6,2026-08-24,-1.9,35.8,False
2804,301518,长华化学,24.97,0.64,1.36,71.96,25.025648051925,0.1471788,57.86861735,-175,4086,65.2,2026-08-24,-0.22,37.7,False
2805,301519,舜禹股份,12.16,0.91,1.24,-32.65,12.015716741214,0.056022,55.67863141,-304,4551,63.6,2026-08-24,1.2,35.4,False
2806,301520,万邦医药,80.79,4.79,26.0,-7188.53,75.026933369396,0.3200352,62.6536382,1576,2560,78.8,2026-08-24,7.68,49.4,False
2807,301522,上大股份,22.8,1.33,0.52,68.97,22.583975363254,0.1301348,58.40077725,-27,3924,66.4,2026-08-24,0.96,38.8,False
2808,301525,儒竞科技,38.54,-0.28,0.52,121.45,38.884272337685,0.1582992,55.79030595,28,4528,61.2,2026-08-24,-0.89,34.1,False
2809,301526,国际复材,29.62,-1.56,3.63,87.31,30.116491555325,0.3307376,61.30596781,-767,3024,88.4,2026-08-24,-1.65,54.2,False
2810,301528,多浦乐,53.87,-2.39,1.28,113.48,55.05175684604,0.2368752,63.70095021,650,2255,62.4,2026-08-24,-2.15,39.7,False
2811,301529,福赛科技,108.32,-1.69,2.47,104.34,110.257720603396,0.3584256,77.06462639,-32,78,72.8,2026-08-24,-1.76,56.1,False
2812,301531,春光集团,47.78,-1.18,1.56,70.04,48.258538284686,0.1634472,56.47015574,212,4408,61.2,2026-08-24,-0.99,34.6,False
2813,301533,威马农机,27.01,1.2,1.48,81.97,26.60869433636,0.115332,58.31657572,-1110,3953,65.6,2026-08-24,1.51,38.3,False
2814,301535,浙江华远,14.12,-2.55,0.66,68.04,14.576956383999,0.0621928,59.21095656,-2253,3690,61.2,2026-08-24,-3.13,36.2,False
2815,301536,星宸科技,112.78,-1.34,3.36,53.99,114.02701717847,0.3557848,70.15531569,250,675,74.8,2026-08-24,-1.09,52.5,False
2816,301538,骏鼎达,37.49,0.37,1.95,27.4,37.17501468272,0.1208352,64.67769689,-181,1948,66.0,2026-08-24,0.85,42.7,False
2817,301539,宏鑫科技,14.63,0.62,0.93,-36.8,14.538202719628,0.0810784,53.69863962,135,4862,62.4,2026-08-24,0.63,33.5,False
2818,301548,崇德科技,60.23,-0.77,2.53,33.51,60.357392126835,0.1171516,66.31997378,-284,1533,58.8,2026-08-24,-0.21,39.0,False
2819,301550,斯菱智驱,83.09,-4.36,1.65,177.56,87.413297219824,0.2891512,65.19223485,-1338,1830,78.0,2026-08-24,-4.95,50.8,False
2820,301551,无线传媒,19.73,0.92,1.48,28.48,19.714995712065,0.1464832,62.11079929,243,2756,68.0,2026-08-24,0.08,42.2,False
2821,301552,科力装备,25.31,-2.09,3.73,31.04,25.520231506781,0.2231952,75.42299571,1175,145,68.0,2026-08-24,-0.82,51.3,False
2822,301555,惠柏新材,31.87,4.63,3.02,54.22,30.429774751845,0.0972492,59.7592766,364,3520,59.6,2026-08-24,4.73,35.6,False
2823,301556,托普云农,56.82,1.05,3.37,197.81,56.769043445976,0.1765928,64.70302803,-326,1944,72.4,2026-08-24,0.09,46.8,False
2824,301557,常友科技,85.81,-1.16,1.95,-261.7,86.127626263893,0.361332,68.52075281,-154,993,63.2,2026-08-24,-0.37,43.3,False
2825,301558,三态股份,6.61,1.85,1.29,91.51,6.49922597137,0.0695668,60.77908397,-189,3201,64.8,2026-08-24,1.7,39.4,False
2826,301559,中集环科,13.0,1.4,0.75,86.28,12.844045874055,0.1212732,62.69122433,-298,2553,63.6,2026-08-24,1.21,39.9,False
2827,301560,众捷汽车,22.59,1.3,0.82,-163.26,22.420078860546,0.0796292,54.83955063,45,4699,61.2,2026-08-24,0.76,33.6,False
2828,301563,云汉芯城,118.75,-1.33,2.71,30.29,120.044375157459,0.1638376,65.59457467,-112,1731,66.8,2026-08-24,-1.08,43.8,False
2829,301565,中仑新材,19.88,-0.25,2.53,58.47,19.949624470412,0.1914616,69.47490074,1936,800,63.6,2026-08-24,-0.35,44.2,False
2830,301566,达利凯普,24.13,-1.83,3.13,44.73,24.548436013174,0.2775096,62.68380743,1360,2557,76.0,2026-08-24,-1.7,47.6,False
2831,301567,贝隆精密,36.05,2.33,2.88,158.43,35.216362301666,0.0871096,55.74101743,-332,4534,63.6,2026-08-24,2.37,35.5,False
2832,301568,思泰克,68.51,-2.07,2.98,66.9,70.206914701074,0.2221264,73.55436536,-167,290,66.0,2026-08-24,-2.42,48.5,False
2833,301571,国科天成,63.8,-1.71,0.92,114.84,65.010490588508,0.2962892,70.73420773,1255,592,67.6,2026-08-24,-1.86,47.8,False
2834,301575,艾芬达,26.31,1.7,1.92,27.05,25.830586649695,0.104864,63.70539648,443,2253,62.4,2026-08-24,1.86,39.8,False
2835,301577,美信科技,54.93,-0.42,3.5,-65.3,55.122836286894,0.097312,55.33767706,543,4613,62.0,2026-08-24,-0.35,34.3,False
2836,301578,辰奕智能,22.8,1.15,0.93,-137.67,22.53651655036,0.0883264,62.79546809,918,2530,63.2,2026-08-24,1.17,39.7,False
2837,301580,爱迪特,49.23,0.55,2.77,35.14,49.042501087617,0.246822,67.3791305,-313,1250,60.4,2026-08-24,0.38,40.7,False
2838,301581,黄山谷捷,36.25,-2.53,0.9,207.43,36.997579771222,0.1097184,65.56845868,868,1739,61.2,2026-08-24,-2.02,40.1,False
2839,301584,建发致新,21.32,0.0,1.93,30.35,21.504240337125,0.147444,61.65236815,-437,2931,66.8,2026-08-24,-0.86,41.2,False
2840,301585,蓝宇股份,26.18,-1.95,0.58,58.67,26.606764117085,0.0848576,59.42856039,-380,3626,64.0,2026-08-24,-1.6,38.0,False
2841,301586,佳力奇,30.84,0.26,0.62,170.61,30.789563687544,0.0626412,58.21038998,145,3984,62.4,2026-08-24,0.16,36.3,False
2842,301587,中瑞股份,21.33,0.57,2.22,55.65,21.184097515949,0.1573568,57.48920597,-655,4178,61.6,2026-08-24,0.69,35.4,False
2843,301588,美新科技,27.57,2.8,3.13,76.08,26.753044182064,0.1845984,54.10874149,114,4799,60.4,2026-08-24,3.05,32.7,False
2844,301589,诺瓦星云,139.55,0.29,1.26,19.44,142.378780576679,0.2673,65.92749571,388,1647,67.2,2026-08-24,-1.99,44.3,False
2845,301590,优优绿能,71.47,-0.18,1.24,-225.58,72.125235167659,0.1037768,55.52521551,-60,4586,60.8,2026-08-24,-0.91,33.8,False
2846,301591,肯特股份,39.75,5.89,23.71,64.61,37.427223283199,0.257092,70.58336567,-124,607,77.6,2026-08-24,6.21,54.8,False
2847,301592,六九一二,102.14,-0.61,1.34,-132.48,102.865055412151,0.1931608,58.60500236,-1191,3873,61.6,2026-08-24,-0.7,36.1,False
2848,301595,太力科技,38.81,0.7,0.77,95.96,38.0821197411,0.1982124,59.89315939,423,3486,60.8,2026-08-24,1.91,36.4,False
2849,301596,瑞迪智驱,45.98,-1.12,1.33,61.25,46.685924151035,0.1685124,61.37096761,-1041,3008,72.0,2026-08-24,-1.51,44.2,False
2850,301598,博科测试,52.72,-4.94,10.1,25.57,55.314647442654,0.2546304,74.09391225,1887,245,63.6,2026-08-24,-4.69,47.1,False
2851,301599,理奇智能,33.03,-6.62,8.72,60.24,35.456923211518,0.2312616,72.08879798,825,425,66.4,2026-08-24,-6.84,47.9,False
2852,301600,慧翰股份,84.9,1.47,0.84,54.11,83.712650937271,0.1853316,67.97403951,1405,1111,61.6,2026-08-24,1.42,41.9,False
2853,301601,惠通科技,16.29,1.62,1.94,-325.24,16.4381876374,0.0946968,62.13079193,1259,2744,64.0,2026-08-24,-0.9,39.8,False
2854,301602,超研股份,16.18,0.62,1.23,190.09,16.176909946706,0.1436984,61.28881713,-208,3034,70.0,2026-08-24,0.02,42.9,False
2855,301603,乔锋智能,118.87,-0.11,6.88,26.26,117.483651950916,0.2578388,70.96796975,1259,565,65.2,2026-08-24,1.18,46.3,False
2856,301606,绿联科技,53.79,9.89,3.63,25.89,48.91373989413,0.126744,73.05910385,-21,328,65.6,2026-08-24,9.97,47.9,False
2857,301607,富特科技,41.41,-2.01,2.78,31.5,42.620209197116,0.3660092,73.34822386,-239,303,67.2,2026-08-24,-2.84,49.3,False
2858,301608,博实结,45.86,0.97,0.76,27.59,45.407151360014,0.1493752,65.6857057,-820,1708,63.6,2026-08-24,1.0,41.8,False
2859,301609,山大电力,32.88,-0.36,0.92,56.9,32.682175458403,0.2150592,66.1435562,2300,1583,61.2,2026-08-24,0.61,40.5,False
2860,301611,珂玛科技,97.82,-4.94,4.78,217.05,102.554765020224,0.2726988,66.18014948,2675,1574,76.8,2026-08-24,-4.62,50.8,False
2861,301613,新铝时代,35.72,-2.11,1.15,34.59,36.606915895016,0.1833216,59.66874307,100,3550,63.2,2026-08-24,-2.42,37.7,False
2862,301616,浙江华业,34.68,0.52,0.74,47.02,34.40684375,0.1367376,63.64991134,1680,2278,60.8,2026-08-24,0.79,38.7,False
2863,301617,博苑新材,49.34,2.56,2.31,43.92,48.465983047086,0.240956,63.10730231,-1210,2446,62.4,2026-08-24,1.8,39.4,False
2864,301618,长联科技,32.01,-0.12,1.38,161.4,32.361788219379,0.1906284,57.60572899,-1593,4149,69.6,2026-08-24,-1.09,40.1,False
2865,301622,英思特,39.91,0.73,1.65,-91.62,39.874857057854,0.0916956,57.21801591,-33,4238,63.6,2026-08-24,0.09,36.4,False
2866,301626,苏州天脉,249.06,-1.16,1.35,578.12,249.63945798269,0.4605684,66.4188108,-150,1498,74.8,2026-08-24,-0.23,49.7,False
2867,301628,强达电路,88.37,-0.15,4.37,73.59,87.725801107153,0.2584952,65.70331812,-919,1705,70.8,2026-08-24,0.73,46.5,False
2868,301629,矽电股份,253.41,-0.93,4.28,-851.47,255.474195080255,0.2025424,55.56841285,-999,4574,68.8,2026-08-24,-0.81,38.2,False
2869,301630,同宇新材,157.76,-2.58,2.52,49.03,160.48898738596,0.2221588,58.14592299,-511,4006,60.4,2026-08-24,-1.7,35.1,False
2870,301631,壹连科技,60.48,0.6,4.54,29.98,60.96605780674,0.2271216,64.70832114,-603,1942,68.0,2026-08-24,-0.8,44.0,False
2871,301632,广东建科,13.33,0.0,0.83,399.37,13.473742482716,0.1200808,58.54709725,-767,3884,66.4,2026-08-24,-1.07,38.9,False
2872,301633,港迪技术,57.1,2.33,2.37,-66.47,56.186355779784,0.229394,66.01555469,1955,1619,60.4,2026-08-24,1.63,39.9,False
2873,301636,泽润新能,39.53,-1.13,0.77,2287.32,39.910644962698,0.0987588,62.60615213,121,2573,61.2,2026-08-24,-0.95,38.3,False
2874,301638,南网数字,22.07,-0.14,0.98,227.28,22.183033764053,0.248998,65.52876345,-607,1749,68.4,2026-08-24,-0.51,44.8,False
2875,301656,联合动力,15.05,-8.4,3.89,-205.42,16.452570594192,0.2596684,61.08031804,-471,3107,62.0,2026-08-24,-8.52,37.9,False
2876,301658,首航新能,23.3,-2.31,3.77,-68.85,24.344489071007,0.1432872,64.17677999,2683,2093,62.8,2026-08-24,-4.29,40.3,False
2877,301662,宏工科技,70.13,-1.89,5.38,26.74,71.761005231395,0.1992104,71.02534475,3541,559,65.2,2026-08-24,-2.27,46.3,False
2878,301665,泰禾股份,24.28,0.21,2.47,20.38,24.268414946703,0.2391116,73.71251378,574,272,65.6,2026-08-24,0.05,48.4,False
2879,301666,大普微-UW,394.06,-3.57,3.86,64.43,406.815253870958,0.3599672,67.05191556,2181,1333,71.2,2026-08-24,-3.14,47.7,False
2880,301667,纳百川,62.51,0.11,3.99,240.78,63.496078239084,0.189212,58.00324222,-92,4053,70.8,2026-08-24,-1.55,41.1,False
2881,301668,昊创瑞通,33.66,-0.94,1.94,115.3,33.836692915845,0.2126484,66.40032231,918,1507,68.4,2026-08-24,-0.52,45.4,False
2882,301678,新恒汇,43.47,-1.83,0.78,153.94,44.000367357268,0.13343,56.53790763,17,4396,65.6,2026-08-24,-1.21,37.1,False
2883,301680,固德电材,95.1,-3.11,3.52,39.89,97.489755164503,0.3752528,77.28053952,1040,74,61.6,2026-08-24,-2.45,47.6,False
2884,301682,宏明电子,107.4,-2.08,3.58,34.23,110.023800477366,0.3179592,58.44903916,-788,3909,65.6,2026-08-24,-2.38,38.3,False
2885,301683,慧谷新材,97.92,-2.08,2.24,27.92,99.881205444905,0.2360076,71.46056875,2471,501,63.6,2026-08-24,-1.96,45.4,False
2886,301687,新广益,48.64,1.5,5.31,59.95,47.786471680754,0.2035768,56.99417498,-809,4293,60.0,2026-08-24,1.79,34.2,False
2887,301696,三瑞智能,95.41,-0.28,2.36,71.97,96.116937779447,0.27571,66.13408051,-935,1586,73.6,2026-08-24,-0.74,48.7,False
2888,302132,中航成飞,56.17,-0.93,0.39,105.84,56.837980112353,0.30612,66.73025157,-290,1402,78.0,2026-08-24,-1.18,52.0,False
2889,600000,浦发银行,9.15,-0.76,0.15,4.92,9.15978870039,0.4052432,72.59196482,902,372,90.8,2026-08-24,-0.11,65.9,False
2890,600004,白云机场,7.57,1.61,0.26,29.09,7.434341043118,0.26515,66.01235265,-624,1627,74.4,2026-08-24,1.82,49.1,False
2891,600006,东风股份,5.35,0.94,0.44,13.02,5.284803083031,0.18645,62.7748855,1178,2534,78.0,2026-08-24,1.23,49.0,False
2892,600007,中国国贸,18.81,-1.0,0.08,14.96,18.8811218716,0.0860608,71.93084468,1414,447,72.8,2026-08-24,-0.38,52.4,False
2893,600008,首创环保,2.85,0.35,0.36,12.17,2.824552829332,0.3913588,68.32248421,1096,1033,75.2,2026-08-24,0.9,51.4,False
2894,600009,上海机场,23.45,1.21,0.2,23.99,23.074839826935,0.3042948,70.34245273,940,648,82.4,2026-08-24,1.63,58.0,False
2895,600010,包钢股份,2.24,-0.88,0.82,181.31,2.249570450363,0.5268148,69.72488897,787,743,76.0,2026-08-24,-0.43,53.0,False
2896,600011,华能国际,6.65,0.15,0.23,7.93,6.622103921959,0.4113004,60.33263191,153,3335,80.8,2026-08-24,0.42,48.7,False
2897,600012,皖通高速,16.39,0.86,0.3,13.05,15.979417191493,0.1909468,72.80878373,1746,353,67.6,2026-08-24,2.57,49.2,False
2898,600015,华夏银行,6.86,0.15,0.24,5.47,6.812591621619,0.4236964,72.88327488,1152,346,84.8,2026-08-24,0.7,61.8,False
2899,600016,民生银行,3.52,0.28,0.32,3.35,3.49853111408,0.5009724,65.05524478,553,1858,86.8,2026-08-24,0.61,56.5,False
2900,600017,日照港,2.7,0.75,0.63,21.77,2.663495881961,0.3384804,64.8396667,2052,1905,70.8,2026-08-24,1.37,45.9,False
2901,600018,上港集团,5.25,0.19,0.07,7.62,5.24137251117,0.2884756,72.20287258,-218,412,82.0,2026-08-24,0.16,59.2,False
2902,600019,宝钢股份,5.85,-0.17,0.19,13.94,5.907714681608,0.3845672,69.5940036,153,764,86.4,2026-08-24,-0.98,60.1,False
2903,600020,中原高速,3.82,0.79,0.31,6.25,3.776468939532,0.302636,66.44909458,492,1491,70.8,2026-08-24,1.15,47.0,False
2904,600021,上海电力,13.65,0.89,0.51,16.98,13.552628884659,0.2399312,61.44946577,615,2989,75.6,2026-08-24,0.72,46.5,False
2905,600022,山东钢铁,1.33,0.76,0.44,-240.4,1.324948634842,0.5237736,62.47698583,1571,2612,73.2,2026-08-24,0.38,45.7,False
2906,600023,浙能电力,4.9,0.82,0.16,17.34,4.878323053756,0.3226804,64.84297819,388,1903,78.8,2026-08-24,0.44,51.1,False
2907,600025,华能水电,9.75,0.72,0.06,29.43,9.687371941373,0.3228716,75.59161727,356,138,84.4,2026-08-24,0.65,63.8,False
2908,600026,中远海能,18.9,-1.25,0.89,11.89,19.423117470046,0.3396516,73.923117,-254,261,84.4,2026-08-24,-2.69,62.4,False
2909,600027,华电国际,4.59,0.88,0.31,7.45,4.531189816179,0.4436184,70.18864008,1651,670,77.6,2026-08-24,1.3,54.5,False
2910,600028,中国石化,5.37,0.75,0.19,12.67,5.292558676482,0.4689036,81.98159564,350,7,88.8,2026-08-24,1.46,72.8,False
2911,600029,南方航空,5.05,0.4,0.18,15.45,5.011610332062,0.3955552,70.79317711,71,587,82.0,2026-08-24,0.77,58.1,False
2912,600030,中信证券,27.07,-0.73,0.28,9.06,27.241833115078,0.4869816,71.20276522,-304,526,90.4,2026-08-24,-0.63,64.4,False
2913,600031,三一重工,18.74,0.7,0.2,17.37,18.832642196402,0.3434396,71.94314122,849,445,81.2,2026-08-24,-0.49,58.4,False
2914,600032,浙江新能,6.8,0.59,0.27,143.95,6.756672584788,0.2516716,61.10956099,1506,3092,70.8,2026-08-24,0.64,43.3,False
2915,600033,福建高速,3.53,-0.28,0.62,9.52,3.543001933243,0.237676,67.8730312,-712,1129,70.0,2026-08-24,-0.37,47.5,False
2916,600035,楚天高速,3.4,0.89,0.35,5.72,3.360972490577,0.2833748,63.68454284,-600,2261,68.0,2026-08-24,1.16,43.3,False
2917,600036,招商银行,39.72,0.35,0.17,6.62,39.447272163241,0.4992008,77.4743318,117,68,94.4,2026-08-24,0.69,73.1,False
2918,600037,歌华有线,7.04,2.03,0.65,36.25,6.90505828688,0.1959496,68.58743986,391,979,72.8,2026-08-24,1.95,49.9,False
2919,600038,中直股份,27.04,0.33,0.41,146.42,26.839836779317,0.2366648,64.42167657,880,2023,80.4,2026-08-24,0.75,51.8,False
2920,600039,四川路桥,8.61,0.7,0.07,12.52,8.494752719691,0.151712,76.67316482,159,88,76.8,2026-08-24,1.36,58.9,False
2921,600048,保利发展,5.09,0.59,0.4,15.8,5.073252278301,0.444084,68.01374776,963,1096,84.0,2026-08-24,0.33,57.1,False
2922,600050,中国联通,4.32,1.65,0.23,16.32,4.250733083652,0.3558652,70.86690145,90,576,81.6,2026-08-24,1.63,57.8,False
2923,600051,宁波联合,6.26,-0.16,1.06,53.08,6.252538393158,0.0437876,61.12048016,-245,3087,68.0,2026-08-24,0.12,41.6,False
2924,600052,东望时代,3.86,1.31,0.53,-41.79,3.8246156902,0.1314992,56.34979974,34,4433,64.4,2026-08-24,0.93,36.3,False
2925,600053,*ST九鼎,7.37,4.54,0.5,-18.12,6.968912070352,0.1569472,55.2654019,217,4629,68.4,2026-08-24,5.76,37.8,False
2926,600054,黄山旅游,11.4,2.7,1.48,31.91,11.157339800769,0.2125944,65.93406694,-804,1645,74.4,2026-08-24,2.17,49.1,False
2927,600055,万东医疗,11.0,1.76,0.38,-121.34,10.882694011116,0.1838512,55.61453565,-1573,4565,76.4,2026-08-24,1.08,42.5,False
2928,600056,中国医药,9.33,1.74,0.64,19.15,9.151377328287,0.2492528,63.77123793,-20,2235,82.4,2026-08-24,1.95,52.5,False
2929,600057,厦门象屿,6.19,0.16,0.45,8.24,6.21456798384,0.128102,71.35755712,42,514,75.2,2026-08-24,-0.4,53.7,False
2930,600058,五矿发展,9.92,-3.03,0.54,156.38,10.34348504888,0.1785388,62.04628584,-390,2788,72.0,2026-08-24,-4.09,44.7,False
2931,600059,古越龙山,8.13,1.12,0.68,29.87,8.020038168873,0.2750316,70.83339986,1730,582,77.2,2026-08-24,1.37,54.7,False
2932,600060,海信视像,26.2,3.56,0.56,14.47,25.368804126625,0.1432396,73.36581334,495,301,75.2,2026-08-24,3.28,55.2,False
2933,600061,国投资本,6.29,0.48,0.18,13.13,6.273892141862,0.3529176,64.4660024,-576,2011,75.6,2026-08-24,0.26,48.7,False
2934,600062,华润双鹤,15.91,0.51,0.33,8.73,15.736125391608,0.2986968,73.13536136,587,320,83.2,2026-08-24,1.1,60.8,False
2935,600063,皖维高新,5.63,0.0,0.75,18.59,5.629605994827,0.2609144,56.13266047,-220,4466,71.2,2026-08-24,0.01,40.0,False
2936,600064,南京高科,7.67,1.05,0.5,5.28,7.565374929772,0.2467632,74.63479052,974,203,75.6,2026-08-24,1.38,56.4,False
2937,600066,宇通客车,30.34,-0.07,0.24,17.99,30.294410815936,0.2986844,82.89462064,72,2,86.8,2026-08-24,0.15,72.0,False
2938,600067,冠城新材,2.82,2.17,0.6,-47.66,2.758421675125,0.2327576,62.18192527,514,2726,67.2,2026-08-24,2.23,41.8,False
2939,600071,凤凰光学,15.62,0.13,0.3,332.9,15.652590473897,0.117678,59.31711442,142,3657,72.0,2026-08-24,-0.21,42.7,False
2940,600072,中船科技,8.7,0.81,0.51,-16.52,8.652585680367,0.1652844,55.89159903,270,4507,77.6,2026-08-24,0.55,43.4,False
2941,600073,光明肉业,5.36,1.32,0.79,25.33,5.276683347788,0.2270964,59.57419216,-1585,3581,76.0,2026-08-24,1.58,45.3,False
2942,600075,新疆天业,4.67,1.08,0.77,179.44,4.605019221584,0.1962696,63.19354454,-346,2422,74.0,2026-08-24,1.41,46.8,False
2943,600076,康欣新材,3.14,0.96,0.56,-20.34,3.100307330215,0.2050104,55.36582166,498,4610,69.2,2026-08-24,1.28,38.3,False
2944,600078,澄星股份,10.67,-1.48,2.08,30.82,10.640000325257,0.2942576,65.74930032,2110,1695,78.0,2026-08-24,0.28,51.3,False
2945,600079,ST人福,17.89,0.22,0.13,12.41,17.831434294299,0.4200636,72.45033757,438,386,78.8,2026-08-24,0.33,57.1,False
2946,600080,ST金花,4.74,1.07,0.21,1119.87,4.726545169946,0.1092552,54.97286583,-286,4677,64.8,2026-08-24,0.28,35.6,False
2947,600081,东风科技,10.15,1.2,0.28,31.41,10.052482062652,0.0491772,60.40381448,629,3316,72.8,2026-08-24,0.97,44.0,False
2948,600082,ST海泰,2.96,4.96,1.36,-35.34,2.796412873098,0.2587052,58.64662182,-1743,3862,66.8,2026-08-24,5.85,39.2,False
2949,600084,*ST尼雅,4.18,2.45,0.27,305.2,4.083003170013,0.1227952,55.1566503,298,4649,66.4,2026-08-24,2.38,36.6,False
2950,600085,同仁堂,24.1,1.35,0.21,17.54,23.711377254792,0.2505384,65.00950731,367,1871,83.2,2026-08-24,1.64,54.1,False
2951,600088,中视传媒,11.46,1.15,0.44,1683.5,11.32107077248,0.1433224,60.70117621,178,3224,71.2,2026-08-24,1.23,43.2,False
2952,600089,特变电工,19.01,0.05,0.55,18.82,19.037361139649,0.2947556,60.25760152,-851,3368,76.8,2026-08-24,-0.14,46.3,False
2953,600094,大名城,3.96,3.94,0.43,492.66,3.821708397438,0.2061972,63.95318036,749,2176,70.0,2026-08-24,3.62,44.8,False
2954,600095,湘财股份,7.82,-0.13,0.29,231.94,7.790427962445,0.259184,62.99680452,943,2481,78.8,2026-08-24,0.38,49.6,False
2955,600096,云天化,29.66,-0.84,1.59,9.21,30.060911046405,0.4518756,72.89937556,832,344,84.4,2026-08-24,-1.33,61.5,False
2956,600097,开创国际,8.71,1.99,0.57,-14.92,8.546843114175,0.0785512,65.22807117,193,1822,69.2,2026-08-24,1.91,45.1,False
2957,600098,广州发展,6.32,0.16,0.18,10.34,6.289757192155,0.2288324,60.76726419,114,3206,71.2,2026-08-24,0.48,43.3,False
2958,600099,林海股份,9.11,1.11,0.7,119.91,8.952505195207,0.0741172,65.4563121,1780,1774,66.8,2026-08-24,1.76,43.7,False
2959,600100,同方股份,6.66,0.91,0.22,-30.4,6.628813288167,0.2619436,57.45993248,4,4185,77.2,2026-08-24,0.47,44.4,False
2960,600101,明星电力,7.89,0.51,0.7,40.67,7.849400071539,0.2422628,62.18112824,750,2728,73.6,2026-08-24,0.52,45.8,False
2961,600103,青山纸业,3.15,10.14,6.59,87.73,2.855932136494,0.2634524,57.58566324,287,4154,74.8,2026-08-24,10.3,43.1,False
2962,600104,上汽集团,10.26,0.69,0.15,9.74,10.21119448152,0.3253432,74.81596832,442,189,82.0,2026-08-24,0.48,61.3,False
2963,600105,永鼎股份,38.36,0.81,4.13,55.7,38.09720692158,0.3206772,63.90103609,-1756,2194,90.4,2026-08-24,0.69,57.8,False
2964,600106,重庆路桥,4.24,-2.08,0.74,36.62,4.336973532296,0.2130804,59.79783051,-846,3508,68.0,2026-08-24,-2.24,40.7,False
2965,600107,*ST尔雅,5.8,0.0,0.04,139.69,5.777306747307,0.382872,55.85999058,597,4513,66.0,2026-08-24,0.39,36.9,False
2966,600108,亚盛集团,3.32,1.53,5.2,76.81,3.280173523409,0.2823116,62.86655997,-1353,2511,87.6,2026-08-24,1.21,55.1,False
2967,600109,国金证券,8.5,-0.35,0.2,11.37,8.520044939835,0.3381816,68.65326876,334,966,78.4,2026-08-24,-0.24,53.8,False
2968,600110,诺德股份,10.82,-2.26,7.46,91.22,10.991753565602,0.3245936,67.12459891,-976,1319,93.6,2026-08-24,-1.56,62.8,False
2969,600111,北方稀土,39.62,-1.98,0.66,34.88,40.762229866034,0.3267572,66.15563311,513,1579,81.6,2026-08-24,-2.8,54.0,False
2970,600113,浙江东日,29.52,-0.57,0.6,140.15,29.99571700111,0.2478296,60.56984529,-573,3263,80.8,2026-08-24,-1.59,48.9,False
2971,600114,东睦股份,28.88,-2.0,1.04,38.29,29.45674626126,0.3394228,66.49411902,-836,1474,79.2,2026-08-24,-1.96,52.7,False
2972,600115,中国东航,3.51,0.86,0.38,11.87,3.460326815536,0.447492,68.58932702,537,978,80.0,2026-08-24,1.44,54.9,False
2973,600116,三峡水利,6.28,-0.48,0.46,15.88,6.23592139539,0.143524,69.38786204,1272,819,79.2,2026-08-24,0.71,55.0,False
2974,600117,西宁特钢,2.26,0.89,0.17,-7.28,2.250998210192,0.2662092,62.28972733,64,2681,70.8,2026-08-24,0.4,44.1,False
2975,600118,中国卫星,59.68,0.47,1.14,1020.82,59.683524902556,0.2769268,58.1861903,-361,3994,89.2,2026-08-24,-0.01,51.9,False
2976,600119,*ST长投,4.7,0.86,0.28,-158.41,4.76789470708,0.1907424,50.84682555,-935,5085,68.8,2026-08-24,-1.42,35.0,False
2977,600120,浙江东方,4.81,1.48,0.39,9.36,4.751245892,0.243638,66.15181139,-4,1580,78.8,2026-08-24,1.24,52.1,False
2978,600121,郑州煤电,4.19,3.46,8.5,-7.53,4.034893127444,0.3088988,62.54001021,1619,2597,82.4,2026-08-24,3.84,51.5,False
2979,600123,兰花科创,7.33,0.41,0.86,64.97,7.30444719051,0.1687296,58.42624554,694,3918,78.0,2026-08-24,0.35,45.6,False
2980,600125,铁龙物流,5.46,0.92,0.54,9.25,5.402914618819,0.316986,69.19104379,269,862,71.6,2026-08-24,1.06,49.5,False
2981,600126,杭钢股份,6.67,-2.91,1.09,586.15,6.914918002222,0.2904692,72.11450148,735,421,86.0,2026-08-24,-3.54,62.0,False
2982,600127,金健米业,9.31,10.05,32.29,8534.52,8.338393197205,0.3224252,56.74474405,-512,4357,93.2,2026-08-24,11.65,52.9,False
2983,600128,苏豪弘业,8.29,1.1,0.79,39.75,8.203425086211,0.0857152,62.68748861,722,2555,70.4,2026-08-24,1.06,44.1,False
2984,600129,太极集团,14.5,2.04,1.52,30.46,14.44392996016,0.2491288,58.61867413,-188,3868,82.8,2026-08-24,0.39,48.5,False
2985,600130,波导股份,4.25,-2.07,1.41,434.36,4.278932189421,0.2431296,63.63608196,1477,2286,74.4,2026-08-24,-0.68,47.3,False
2986,600131,国网信通,14.89,-0.2,0.26,38.51,15.096542506436,0.22711,72.23262469,181,409,74.8,2026-08-24,-1.37,54.0,False
2987,600132,重庆啤酒,39.59,0.05,0.35,12.04,39.783825338342,0.1900912,62.8834616,-937,2504,80.4,2026-08-24,-0.49,50.6,False
2988,600133,东湖高新,8.24,0.0,0.59,-272.19,8.242636475006,0.2888548,62.340261,1636,2665,73.6,2026-08-24,-0.03,45.9,False
2989,600135,乐凯胶片,7.25,0.97,0.49,-42.27,7.171512103481,0.0710536,53.70323251,-78,4861,66.0,2026-08-24,1.09,35.4,False
2990,600136,ST明诚,1.45,1.4,0.21,-350.95,1.418716863575,0.4660992,59.8081815,1232,3506,64.8,2026-08-24,2.21,38.8,False
2991,600137,浪莎股份,18.03,-0.06,0.74,100.86,17.878721867349,0.1243568,67.07791345,1236,1329,67.2,2026-08-24,0.85,45.1,False
2992,600138,中青旅,7.1,2.16,0.87,-34.81,6.968100588235,0.1405168,61.16820325,283,3071,73.6,2026-08-24,1.89,45.0,False
2993,600141,兴发集团,29.39,-2.71,1.56,21.14,30.085670071009,0.3572664,62.58982159,599,2577,89.2,2026-08-24,-2.31,55.8,False
2994,600143,金发科技,14.17,1.43,0.67,27.65,13.997226999254,0.2501292,68.20975039,-590,1052,88.8,2026-08-24,1.23,60.6,False
2995,600148,长春一东,15.33,0.72,0.42,116.51,15.21296803653,0.0527936,58.12576194,-606,4014,69.2,2026-08-24,0.77,40.2,False
2996,600149,廊坊发展,4.93,1.23,1.26,300.53,4.89552277767,0.112822,65.4933906,1404,1762,72.4,2026-08-24,0.7,47.4,False
2997,600150,中国船舶,33.64,-0.47,0.28,13.1,33.921321472783,0.4356148,69.82031523,-512,725,89.6,2026-08-24,-0.83,62.6,False
2998,600151,航天机电,9.86,0.82,0.92,-211.92,9.865841825956,0.199074,52.77835424,-1867,4960,76.0,2026-08-24,-0.06,40.1,False
2999,600152,维科技术,8.0,-1.48,2.83,-56.77,8.130061424937,0.1797688,58.42542896,945,3919,72.4,2026-08-24,-1.6,42.3,False
3000,600153,建发股份,8.8,0.11,0.21,9.1,8.833668920408,0.1944168,67.28716092,1682,1272,78.8,2026-08-24,-0.38,53.0,False
3001,600155,华创云信,5.87,1.56,0.56,104.61,5.770789823182,0.2379288,61.19321863,-718,3065,74.4,2026-08-24,1.72,45.5,False
3002,600156,华升股份,8.04,1.77,1.15,-139.58,7.890902446603,0.21525,56.64892468,0,4374,75.2,2026-08-24,1.89,42.6,False
3003,600157,永泰能源,1.57,0.0,0.86,138.48,1.558032599319,0.6764756,61.73236013,373,2906,75.2,2026-08-24,0.77,46.4,False
3004,600158,中体产业,6.96,2.05,1.25,-291.23,6.833850498088,0.1688684,67.02825819,1808,1336,72.4,2026-08-24,1.85,48.5,False
3005,600159,大龙地产,2.57,3.21,1.19,-33.91,2.494542047251,0.1460524,57.61826036,-1417,4143,68.4,2026-08-24,3.02,39.4,False
3006,600160,巨化股份,37.52,-0.79,0.55,21.59,38.065425843346,0.364792,69.25441783,269,853,79.6,2026-08-24,-1.43,55.1,False
3007,600161,天坛生物,12.17,1.93,0.34,47.8,12.007878809631,0.2111608,66.43957573,179,1494,82.0,2026-08-24,1.35,54.5,False
3008,600162,香江控股,4.21,3.69,2.8,-156.29,4.043453789286,0.3042132,57.81354894,-1370,4102,82.8,2026-08-24,4.12,47.9,False
3009,600163,中闽能源,4.96,1.02,0.25,12.02,4.899277357659,0.1675884,58.74188387,373,3828,69.6,2026-08-24,1.24,40.9,False
3010,600165,ST宁科,,,0.0,-20.54,3.307332296498,0.3131628,62.88334551,-232,2505,77.2,2026-08-24,,48.5,False
3011,600166,福田汽车,2.85,0.0,0.67,11.25,2.848493794977,0.3313892,65.86344206,324,1667,75.2,2026-08-24,0.05,49.5,False
3012,600167,联美控股,5.71,1.6,0.18,6.06,5.613626554119,0.0696124,62.14709626,-794,2738,69.2,2026-08-24,1.72,43.0,False
3013,600168,武汉控股,4.41,0.0,0.18,21.63,4.412257365646,0.164356,61.60978655,-1085,2942,69.6,2026-08-24,-0.05,42.9,False
3014,600169,ST太重,2.05,-0.97,0.18,65.82,2.055830239935,0.3732872,62.0712657,379,2776,68.4,2026-08-24,-0.28,42.5,False
3015,600170,上海建工,2.28,1.33,0.69,5098.0,2.24855604071,0.40676,70.1794193,953,672,76.4,2026-08-24,1.4,53.6,False
3016,600171,上海贝岭,22.2,0.14,0.76,175.51,22.271781181137,0.1903604,62.57474762,-1041,2585,76.4,2026-08-24,-0.32,47.8,False
3017,600172,黄河旋风,12.73,0.08,5.03,-47.55,12.856364418563,0.285734,51.04307656,-131,5072,94.8,2026-08-24,-0.98,48.4,False
3018,600173,卧龙新能,6.08,1.16,0.4,142.71,6.053800751117,0.0914704,54.7337263,91,4720,68.0,2026-08-24,0.43,37.2,False
3019,600176,中国巨石,38.85,-2.56,2.19,26.51,40.171152360887,0.4268968,67.46862971,-372,1229,95.2,2026-08-24,-3.29,64.2,False
3020,600177,雅戈尔,7.89,-1.62,0.32,9.89,7.996614595965,0.2521152,75.66082533,140,134,80.4,2026-08-24,-1.33,60.8,False
3021,600178,东安动力,9.48,2.71,1.15,-247.47,9.237332461899,0.0706296,57.01679058,668,4287,73.2,2026-08-24,2.63,41.7,False
3022,600179,安通控股,4.39,0.69,0.47,14.15,4.395851273495,0.3209312,66.72200856,-697,1408,76.8,2026-08-24,-0.13,51.2,False
3023,600180,*ST瑞茂,1.53,0.0,0.72,-1.37,1.562059159321,0.3154644,50.21526966,-256,5113,66.4,2026-08-24,-2.05,33.3,False
3024,600182,S佳通,13.58,1.95,0.79,24.34,13.264612001257,0.3812036,68.56260653,1169,984,64.0,2026-08-24,2.38,43.9,False
3025,600183,生益科技,126.84,0.43,1.36,46.87,125.903913041017,0.4039808,67.74805711,-976,1160,94.0,2026-08-24,0.74,63.7,False
3026,600184,光电股份,17.31,0.17,0.73,2248.29,17.278425459532,0.137194,62.17009773,131,2732,74.4,2026-08-24,0.18,46.3,False
3027,600185,珠免集团,4.62,2.67,0.68,55.79,4.501231236354,0.170776,66.51696923,-808,1468,74.0,2026-08-24,2.64,49.2,False
3028,600186,莲花控股,11.3,-0.26,5.69,35.3,11.233064700831,0.332596,71.05858862,-286,553,95.6,2026-08-24,0.6,67.9,False
3029,600187,*ST国中,1.33,-1.48,0.66,369.69,1.350141840018,0.3682524,53.13194341,-1801,4925,73.6,2026-08-24,-1.49,39.1,False
3030,600188,兖矿能源,21.79,-0.18,0.56,13.82,21.866721590072,0.3672528,75.96543835,1135,125,86.0,2026-08-24,-0.35,65.3,False
3031,600189,泉阳泉,7.51,2.46,1.25,69.34,7.353357609424,0.1658452,56.1647414,205,4461,72.0,2026-08-24,2.13,40.4,False
3032,600191,华资实业,11.17,2.2,1.99,66.04,10.887462182992,0.3494684,70.92854568,1014,567,76.8,2026-08-24,2.6,54.5,False
3033,600192,长城电工,6.97,0.43,0.96,-13.57,6.85376439388,0.1831608,58.17776615,29,3997,83.2,2026-08-24,1.7,48.4,False
3034,600195,中牧股份,6.78,0.74,0.26,71.59,6.70076437338,0.1733872,62.86289521,-1151,2513,73.2,2026-08-24,1.18,46.0,False
3035,600196,复星医药,22.78,-0.04,0.62,17.46,23.035630225444,0.3244916,69.40957771,163,814,92.0,2026-08-24,-1.11,63.9,False
3036,600197,伊力特,10.08,1.41,0.53,11.37,9.964076207368,0.1893932,62.05527319,-1033,2783,77.2,2026-08-24,1.16,47.9,False
3037,600198,大唐电信,7.88,0.38,1.64,-84.17,7.847627462706,0.2501292,63.67428292,2314,2267,84.8,2026-08-24,0.41,54.0,False
3038,600199,金种子酒,6.97,0.72,1.23,-75.2,6.997567452895,0.1949732,56.26912997,-658,4448,85.6,2026-08-24,-0.39,48.2,False
3039,600201,生物股份,12.35,-0.64,0.67,65.25,12.457235288835,0.2184216,62.20801325,-362,2714,77.2,2026-08-24,-0.86,48.0,False
3040,600202,哈空调,5.11,1.59,1.07,-18.64,5.015885253176,0.0985964,56.66146151,-1412,4371,69.2,2026-08-24,1.88,39.2,False
3041,600203,福日电子,10.17,3.14,2.59,36.18,9.903149449008,0.23292,58.08658045,-1261,4026,78.8,2026-08-24,2.69,45.8,False
3042,600206,有研新材,50.49,-3.87,6.09,116.57,52.039001654246,0.335922,58.75565723,154,3822,94.4,2026-08-24,-2.98,55.5,False
3043,600207,安彩高科,4.35,0.93,0.65,-8.01,4.323247726164,0.2248928,60.32213173,-89,3339,71.2,2026-08-24,0.62,42.9,False
3044,600208,衢州发展,2.89,0.35,0.27,19.55,2.887353022861,0.3497512,62.48976317,-1556,2605,74.0,2026-08-24,0.09,46.2,False
3045,600210,紫江企业,6.07,0.5,0.29,10.54,6.027436349671,0.2210596,66.32606633,286,1530,74.8,2026-08-24,0.71,49.6,False
3046,600211,西藏药业,38.18,0.05,0.82,10.12,38.302728770148,0.25231,74.74673263,557,194,89.2,2026-08-24,-0.32,66.7,False
3047,600212,绿能慧充,5.99,1.53,2.58,-49.05,5.881067066991,0.2505764,72.41295707,1380,389,72.0,2026-08-24,1.85,52.1,False
3048,600215,派斯林,6.49,1.09,0.74,-32.97,6.447980238749,0.1235892,54.07524125,65,4804,70.8,2026-08-24,0.65,38.3,False
3049,600216,浙江医药,12.72,1.35,2.0,10.65,12.76805165441,0.3150188,71.51314763,-180,497,90.4,2026-08-24,-0.38,64.6,False
3050,600217,中再资环,3.17,1.93,0.34,-50.71,3.134035523312,0.1688532,56.9719069,-1062,4300,70.4,2026-08-24,1.15,40.1,False
3051,600218,全柴动力,7.68,2.13,0.49,26.83,7.532555052513,0.1103312,59.8718093,18,3490,74.4,2026-08-24,1.96,44.5,False
3052,600219,南山铝业,4.75,-1.04,0.67,12.14,4.796007350163,0.3669468,65.80236315,-931,1686,88.0,2026-08-24,-0.96,57.9,False
3053,600221,海航控股,1.3,0.0,0.29,103.97,1.301153048028,0.5991048,65.24230236,208,1821,76.8,2026-08-24,-0.09,50.1,False
3054,600222,太龙药业,7.94,5.17,3.31,426.86,7.622056672201,0.252114,56.07169297,-38,4478,84.8,2026-08-24,4.17,47.5,False
3055,600223,福瑞达,5.82,4.86,1.64,46.37,5.621190464163,0.2196612,69.4893884,1828,791,76.0,2026-08-24,3.54,52.8,False
3056,600226,亨通股份,5.79,-4.46,2.47,93.98,6.029987001797,0.295598,60.46144804,-1339,3299,76.8,2026-08-24,-3.98,46.4,False
3057,600227,赤天化,3.86,-2.28,11.81,-57.25,4.049590440027,0.2984336,60.11716815,-2988,3417,92.8,2026-08-24,-4.68,55.8,False
3058,600228,返利科技,8.38,2.2,3.11,-61.64,8.250869368895,0.231635714286,58.3564431,209,3939,79.6,2026-08-24,1.57,46.5,False
3059,600229,城市传媒,5.17,1.77,0.31,31.9,5.062484029224,0.0632204,58.24852346,-673,3974,63.6,2026-08-24,2.12,37.0,False
3060,600230,沧州大化,14.28,-1.11,1.26,29.34,14.523038584291,0.1903868,66.63569676,-188,1434,79.2,2026-08-24,-1.67,52.8,False
3061,600231,凌钢股份,1.74,2.96,0.63,-3.09,1.692752444117,0.18724,54.52746735,180,4747,68.0,2026-08-24,2.79,37.1,False
3062,600232,金鹰股份,6.43,0.63,0.57,50.43,6.388772420659,0.0585808,62.36050926,-1052,2659,66.4,2026-08-24,0.65,41.4,False
3063,600233,圆通速递,17.08,-1.27,0.23,9.21,17.489611318309,0.2368476,72.74510959,-260,358,77.6,2026-08-24,-2.34,56.5,False
3064,600234,科新发展,20.48,-2.89,0.45,7650.65,21.257402875497,0.1519292,56.07794628,39,4476,66.8,2026-08-24,-3.66,37.5,False
3065,600235,民丰特纸,5.75,0.17,0.87,-413.05,5.685793813277,0.1260736,58.09467882,888,4022,66.8,2026-08-24,1.13,38.8,False
3066,600236,桂冠电力,9.84,-0.51,0.04,22.05,9.856529081031,0.166702,66.17008869,-703,1577,74.8,2026-08-24,-0.17,49.5,False
3067,600237,铜峰电子,8.12,0.37,1.47,49.1,8.120680934363,0.2278072,54.86267829,-274,4696,71.2,2026-08-24,-0.01,39.1,False
3068,600238,ST椰岛,4.99,-0.6,0.6,-148.35,5.026992699939,0.336868039216,67.43451767,-467,1237,76.4,2026-08-24,-0.74,51.5,False
3069,600239,ST云城,1.42,-2.07,0.55,16.73,1.437722250543,0.4328064,63.36874982,2294,2371,69.2,2026-08-24,-1.23,43.9,False
3070,600241,时代万恒,7.36,1.1,0.75,-86.92,7.327069890484,0.106638,55.0217724,-345,4667,69.6,2026-08-24,0.45,38.3,False
3071,600243,*ST海华,3.69,-0.27,0.29,-56.71,3.727022473221,0.3726908,54.06200706,-526,4809,67.2,2026-08-24,-0.99,36.3,False
3072,600246,万通发展,11.16,-1.85,1.85,-48.28,11.25613991073,0.3200084,55.77416884,-1365,4532,75.2,2026-08-24,-0.85,41.9,False
3073,600248,陕建股份,2.93,2.09,0.32,15.24,2.861941784283,0.1627228,64.77150351,1457,1924,70.8,2026-08-24,2.38,45.9,False
3074,600249,两面针,5.29,1.54,0.51,-19.0,5.222352261745,0.1526692,62.56670635,121,2587,70.0,2026-08-24,1.3,43.8,False
3075,600250,南京商旅,9.57,0.84,10.04,162.18,9.300736300153,0.220502,69.80377122,2153,728,85.2,2026-08-24,2.9,59.5,False
3076,600251,冠农股份,10.25,0.79,1.77,6.83,10.303335569356,0.2953408,71.52671577,-382,493,80.8,2026-08-24,-0.52,57.8,False
3077,600252,中恒集团,2.21,1.38,0.82,-52.47,2.17588099305,0.2693756,61.62329049,1415,2939,79.6,2026-08-24,1.57,49.1,False
3078,600255,鑫科材料,3.24,-0.31,1.13,68.67,3.229725002908,0.3015988,66.98532016,164,1344,72.0,2026-08-24,0.32,48.2,False
3079,600256,广汇能源,6.19,0.49,1.16,15.48,6.157267957433,0.3142968,65.46189742,-636,1772,85.2,2026-08-24,0.53,55.8,False
3080,600257,大湖股份,5.59,1.45,1.32,79.68,5.462303342951,0.1492652,69.48948138,1224,790,80.4,2026-08-24,2.34,55.9,False
3081,600258,首旅酒店,12.29,0.99,0.65,20.29,12.17767707481,0.160746,67.35739363,-696,1256,77.6,2026-08-24,0.92,52.3,False
3082,600259,中稀有色,80.75,-3.99,1.81,39.74,84.768944478375,0.3361276,58.15561691,169,4002,80.8,2026-08-24,-4.74,47.0,False
3083,600261,阳光照明,3.15,2.27,0.84,42.57,3.072594040762,0.2663712,61.74607382,-821,2899,70.8,2026-08-24,2.52,43.7,False
3084,600262,北方股份,15.52,3.05,6.9,13.48,15.036484716488,0.1922636,76.34229262,2138,104,75.6,2026-08-24,3.22,57.7,False
3085,600265,*ST景谷,22.91,-4.1,0.92,-7103.02,23.317923749504,0.1668548,73.48929638,581,295,62.4,2026-08-24,-1.75,45.9,False
3086,600266,城建发展,4.08,1.49,0.94,12.91,4.072990407188,0.3513456,63.93210437,-630,2183,79.2,2026-08-24,0.17,50.6,False
3087,600267,海正药业,11.9,-1.33,2.04,9.87,12.317734854117,0.299004,64.86867339,40,1896,84.8,2026-08-24,-3.39,55.0,False
3088,600268,国电南自,10.45,-0.38,0.33,27.38,10.466933357824,0.196288,63.1461259,144,2438,74.8,2026-08-24,-0.16,47.2,False
3089,600269,赣粤高速,3.82,1.06,0.46,21.48,3.779991095276,0.3757768,69.01081555,1535,893,68.4,2026-08-24,1.06,47.2,False
3090,600271,航天信息,6.8,2.1,0.42,-12.0,6.664186126342,0.2581892,58.25745463,177,3970,76.0,2026-08-24,2.04,44.3,False
3091,600272,开开实业,19.05,4.96,23.77,69.31,17.35210456593,0.3061772,68.70475122,2858,953,89.6,2026-08-24,9.78,61.6,False
3092,600273,嘉化能源,6.62,1.22,0.77,19.83,6.512766256375,0.2677988,67.20332399,663,1295,73.2,2026-08-24,1.65,49.2,False
3093,600276,恒瑞医药,46.37,-0.83,0.6,34.46,47.065663285553,0.4065528,67.22482297,-302,1292,94.4,2026-08-24,-1.48,63.5,False
3094,600278,东方创业,6.29,2.44,0.32,37.99,6.156390269721,0.1851056,63.05913369,-1009,2464,68.8,2026-08-24,2.17,43.4,False
3095,600279,重庆港,4.43,2.78,0.63,106.58,4.317355432974,0.116946,61.83782957,-588,2860,69.2,2026-08-24,2.61,42.8,False
3096,600280,中央商场,3.04,4.11,2.06,-122.64,2.93507344994,0.136704,53.65103726,96,4870,71.2,2026-08-24,3.57,38.2,False
3097,600281,华阳新材,5.05,10.02,5.97,7193.67,4.6201023765,0.168238,63.74872818,-258,2240,85.2,2026-08-24,9.3,54.3,False
3098,600282,南钢股份,4.7,-1.67,0.27,10.96,4.757755211379,0.317046,72.08947881,1639,424,76.4,2026-08-24,-1.21,55.1,False
3099,600283,钱江水利,7.82,0.39,0.16,28.99,7.769637340581,0.17792,59.38248389,-1073,3641,71.2,2026-08-24,0.65,42.3,False
3100,600284,浦东建设,5.09,1.6,0.71,25.75,4.994266513376,0.3147952,62.19065936,438,2722,68.4,2026-08-24,1.92,42.5,False
3101,600285,羚锐制药,19.66,0.41,0.54,11.26,19.516027595518,0.2262636,68.27473124,23,1037,81.6,2026-08-24,0.74,55.7,False
3102,600287,苏豪时尚,4.86,1.89,0.41,88.35,4.771814603537,0.0316288,60.92502443,-15,3152,66.8,2026-08-24,1.85,40.7,False
3103,600288,大恒科技,10.96,-0.99,2.15,30.5,11.133114835289,0.2653588,66.68015133,-1013,1420,81.6,2026-08-24,-1.55,54.4,False
3104,600289,ST信通,4.49,5.4,0.49,-14.21,4.273241329333,0.1734444,53.29350383,-839,4911,64.8,2026-08-24,5.07,34.5,False
3105,600292,电投水电,12.1,-0.41,0.74,36.67,12.0379680989,0.2594588,62.20791256,547,2715,72.4,2026-08-24,0.52,45.0,False
3106,600293,三峡新材,2.83,1.43,1.13,-20.43,2.785976689593,0.241916,57.85323271,695,4090,67.2,2026-08-24,1.58,38.9,False
3107,600295,鄂尔多斯,13.02,-0.15,0.16,13.9,13.108152778473,0.1278212,74.77019733,-39,192,79.2,2026-08-24,-0.67,59.2,False
3108,600298,安琪酵母,41.3,1.8,0.45,20.34,40.550798508367,0.2201848,71.49742964,-102,499,84.8,2026-08-24,1.85,60.6,False
3109,600299,安迪苏,8.38,0.12,0.5,14.26,8.380453051767,0.2205592,65.34039715,-144,1798,77.2,2026-08-24,-0.01,50.4,False
3110,600300,维维股份,3.15,-0.94,1.42,19.43,3.171013643146,0.2659672,70.72354034,954,593,78.8,2026-08-24,-0.66,55.7,False
3111,600301,华锡有色,44.95,-5.03,1.69,26.63,47.493746581776,0.2662368,70.84288061,112,581,77.6,2026-08-24,-5.36,55.0,False
3112,600302,ST标准,6.34,0.48,0.26,-26.6,6.281897683139,0.0944748,55.66362485,429,4553,64.8,2026-08-24,0.92,36.1,False
3113,600303,曙光股份,2.86,1.06,1.3,-8.11,2.82844699899,0.1726552,62.21214136,157,2712,74.8,2026-08-24,1.12,46.5,False
3114,600305,恒顺醋业,6.82,1.79,0.62,31.18,6.65015575463,0.2348396,68.24669408,1662,1043,76.8,2026-08-24,2.55,52.4,False
3115,600307,酒钢宏兴,1.44,0.7,0.2,-12.4,1.435363228763,0.4530696,57.87646556,171,4082,70.8,2026-08-24,0.32,41.0,False
3116,600308,华泰股份,3.24,2.21,0.55,130.08,3.179845769712,0.2088536,55.45916375,-1397,4595,67.6,2026-08-24,1.89,37.5,False
3117,600309,万华化学,72.71,-0.66,0.91,11.31,73.39911127454,0.3630836,74.43216331,299,222,90.8,2026-08-24,-0.94,67.6,False
3118,600310,广西能源,4.15,0.97,1.4,-44.17,4.077588731074,0.3218996,60.87954601,610,3169,70.8,2026-08-24,1.78,43.1,False
3119,600312,平高电气,19.97,-1.04,0.55,16.59,20.064289176227,0.3355364,75.01747033,565,172,87.2,2026-08-24,-0.47,65.4,False
3120,600313,农发种业,6.91,3.91,10.73,76.36,6.643540766524,0.268428,74.92586205,1450,179,94.0,2026-08-24,4.01,70.4,False
3121,600315,上海家化,18.38,0.82,0.75,16.22,18.386602418035,0.196582,70.92960539,1606,566,81.6,2026-08-24,-0.04,57.9,False
3122,600316,洪都航空,28.5,-2.1,0.62,883.48,28.909446428921,0.3889332,67.79264021,2786,1153,83.6,2026-08-24,-1.42,56.7,False
3123,600318,新力金融,6.56,1.55,1.41,54.87,6.454059971079,0.1942188,59.66184735,-911,3552,74.4,2026-08-24,1.64,44.4,False
3124,600319,亚星化学,6.29,0.48,1.53,-11.48,6.37048152963,0.1094248,57.94635043,219,4066,68.4,2026-08-24,-1.26,39.6,False
3125,600320,振华重工,4.11,1.73,0.67,14.35,4.045800633258,0.2920588,63.86358878,272,2208,77.2,2026-08-24,1.59,49.3,False
3126,600322,津投城开,2.64,1.93,0.77,6383.76,2.601422451826,0.2458156,50.97770786,-135,5077,66.4,2026-08-24,1.48,33.8,False
3127,600323,瀚蓝环境,29.87,0.91,0.21,10.11,29.66550257102,0.0898464,69.8821236,-225,714,73.6,2026-08-24,0.69,51.4,False
3128,600325,华发股份,2.33,3.56,2.4,-1.69,2.265163605385,0.3254572,57.64899526,107,4137,74.8,2026-08-24,2.86,43.1,False
3129,600326,西藏天路,7.06,-0.42,0.53,-55.99,7.060512858151,0.2489688,57.20318016,-107,4242,86.0,2026-08-24,-0.01,49.2,False
3130,600327,大东方,4.05,1.0,1.42,49.39,4.049242675845,0.2211516,60.88017505,-210,3168,86.4,2026-08-24,0.02,52.6,False
3131,600328,中盐化工,6.39,0.47,0.75,-15.18,6.331542898428,0.265228,60.81406784,-994,3185,76.0,2026-08-24,0.92,46.2,False
3132,600329,达仁堂,36.06,0.95,0.2,21.54,35.594449119652,0.186328,63.2234204,525,2412,81.2,2026-08-24,1.31,51.3,False
3133,600330,天通股份,27.62,5.95,11.82,-203.53,26.275602282074,0.3359916,56.80623607,-1393,4341,94.0,2026-08-24,5.12,53.4,False
3134,600331,宏达股份,12.3,-5.75,1.66,-241.01,12.872917932196,0.4477236,71.81988942,-160,459,78.4,2026-08-24,-4.45,56.3,False
3135,600332,白云山,20.16,0.25,0.33,7.82,20.064059004362,0.255782,68.05978222,-97,1088,84.0,2026-08-24,0.48,57.2,False
3136,600333,长春燃气,6.27,0.16,0.69,49.75,6.226113042189,0.2424356,64.45610129,-974,2014,76.0,2026-08-24,0.7,49.0,False
3137,600335,国机汽车,5.17,2.58,1.42,14.93,5.068028567995,0.2234152,70.51095144,9,618,81.6,2026-08-24,2.01,57.5,False
3138,600336,澳柯玛,6.23,3.15,0.57,-57.75,6.039290094393,0.202912,60.52927724,-97,3276,71.6,2026-08-24,3.16,43.3,False
3139,600337,ST美克,3.25,0.0,0.55,-5.52,3.2119134693,0.3816044,55.16478097,-817,4647,67.2,2026-08-24,1.19,37.1,False
3140,600338,西藏珠峰,13.43,-3.59,2.74,17.29,13.971147981286,0.2880108,63.98157884,-1609,2166,83.6,2026-08-24,-3.87,53.5,False
3141,600339,中油工程,3.41,0.59,0.46,22.61,3.362371256582,0.2600008,66.70954916,-93,1410,75.6,2026-08-24,1.42,50.4,False
3142,600340,*ST华幸,1.09,0.0,0.33,-0.62,1.086743946166,0.5468524,56.28146663,-1074,4445,74.0,2026-08-24,0.3,41.6,False
3143,600343,航天动力,17.9,0.56,1.04,-128.45,17.797340823722,0.1815124,51.91347141,-41,5021,81.6,2026-08-24,0.58,42.4,False
3144,600345,长江通信,47.48,-0.46,3.32,17.53,48.197714292095,0.300322,71.99152241,491,437,75.2,2026-08-24,-1.49,54.1,False
3145,600346,恒力石化,18.46,-1.6,0.19,9.02,18.793516415991,0.2085428,71.6655744,-190,471,87.2,2026-08-24,-1.77,62.5,False
3146,600348,华阳股份,9.0,-0.88,0.5,16.78,9.050350685535,0.317122,67.8145229,408,1147,79.2,2026-08-24,-0.56,53.7,False
3147,600350,山东高速,10.96,2.14,0.18,15.87,10.641910808692,0.1705344,69.09993671,2097,876,71.6,2026-08-24,2.99,49.5,False
3148,600351,亚宝药业,6.92,2.06,1.76,13.48,6.768966380302,0.2074512,62.64025968,-496,2562,81.2,2026-08-24,2.23,50.9,False
3149,600352,浙江龙盛,12.6,-2.63,0.64,19.08,12.842562845279,0.3458404,70.32211331,751,652,81.2,2026-08-24,-1.89,57.1,False
3150,600353,旭光电子,35.62,-3.78,5.15,221.16,36.138361880417,0.4372256,69.38040253,-777,821,94.4,2026-08-24,-1.43,65.5,False
3151,600354,敦煌种业,7.02,5.88,16.08,19.6,6.576995193431,0.2375888,75.52947579,1812,139,90.4,2026-08-24,6.74,68.3,False
3152,600356,恒丰纸业,8.98,1.93,1.0,13.0,8.775462239583,0.1132008,74.41009246,256,224,70.0,2026-08-24,2.33,52.1,False
3153,600358,国旅联合,5.04,1.0,0.5,-231.5,4.977021060276,0.1489852,56.60483488,-1103,4381,68.0,2026-08-24,1.27,38.5,False
3154,600359,新农开发,6.69,2.14,4.11,28.54,6.527776183627,0.1819808,65.66634019,1853,1714,85.6,2026-08-24,2.49,56.2,False
3155,600360,华微电子,10.17,-2.77,2.32,42.17,10.50237633979,0.2730244,62.46580586,-1492,2617,84.4,2026-08-24,-3.16,52.7,False
3156,600361,创新新材,3.68,-0.81,0.53,12.89,3.696876794806,0.3078404,70.57970694,439,608,73.6,2026-08-24,-0.46,51.9,False
3157,600362,江西铜业,43.67,-4.96,1.61,13.42,45.968988843364,0.4156716,75.7724417,-46,130,93.2,2026-08-24,-5.0,70.6,False
3158,600363,联创光电,17.37,1.94,5.49,23.68,17.30511811696,0.1975956,54.97374465,-47,4676,86.8,2026-08-24,0.37,47.7,False
3159,600365,ST通葡,2.87,1.06,0.55,-21.37,2.815255035553,0.2499244,63.52481929,2191,2321,65.2,2026-08-24,1.94,41.4,False
3160,600366,宁波韵升,11.4,-1.38,1.43,22.86,11.626376840559,0.229812,62.90938132,613,2500,81.2,2026-08-24,-1.95,51.1,False
3161,600367,红星发展,37.52,-1.65,18.87,75.98,36.758792731097,0.48402,78.07722618,1166,50,93.6,2026-08-24,2.07,73.1,False
3162,600368,五洲交通,4.12,1.48,1.39,10.56,4.044295178943,0.387148,70.32502225,-179,651,78.8,2026-08-24,1.87,55.4,False
3163,600369,西南证券,4.03,0.5,0.18,22.15,3.999752702375,0.3460956,67.27430691,2042,1280,75.2,2026-08-24,0.76,50.6,False
3164,600370,*ST三房,1.51,2.72,0.4,46.38,1.473464274092,0.4524296,55.04076967,-206,4662,66.0,2026-08-24,2.48,36.3,False
3165,600371,万向德农,8.53,8.25,11.89,90.41,7.935468038725,0.2103088,68.07431655,2460,1084,87.6,2026-08-24,7.49,59.6,False
3166,600372,中航机载,10.8,-0.18,0.13,72.56,10.815783201016,0.2999088,60.66964942,121,3235,76.8,2026-08-24,-0.15,46.6,True
3167,600373,中文传媒,7.09,1.72,0.37,21.97,6.955118078128,0.1342792,53.82138537,-513,4838,73.2,2026-08-24,1.94,39.4,False
3168,600375,汉马科技,3.77,1.62,0.72,90.99,3.75341807063,0.2552756,59.11928797,-1662,3716,69.6,2026-08-24,0.44,41.1,False
3169,600376,首开股份,3.33,1.22,1.11,-2.34,3.35363025009,0.2137424,54.69243147,-915,4725,86.0,2026-08-24,-0.7,47.0,False
3170,600377,宁沪高速,12.31,0.98,0.15,11.35,12.096153703497,0.2174324,76.20182331,415,108,80.0,2026-08-24,1.77,61.0,False
3171,600378,昊华科技,42.68,-3.44,1.87,44.69,44.653671339081,0.317378,64.44135874,-1566,2016,90.8,2026-08-24,-4.42,58.5,False
3172,600379,宝光股份,14.41,-1.64,2.87,61.48,14.741408178346,0.261476,65.51738289,-1427,1752,83.6,2026-08-24,-2.25,54.8,False
3173,600380,健康元,9.18,-1.82,0.77,12.97,9.38433235973,0.2382372,63.9425361,-447,2181,79.6,2026-08-24,-2.18,50.9,False
3174,600381,*ST春天,4.76,0.21,0.53,-42.92,4.819270794186,0.2885892,57.56686941,-1650,4159,72.4,2026-08-24,-1.23,41.7,False
3175,600382,广东明珠,6.33,-1.71,0.67,18.72,6.404080439587,0.289078,69.8431875,2031,720,67.6,2026-08-24,-1.16,47.2,False
3176,600383,金地集团,2.21,1.38,0.83,-3.67,2.181204825036,0.5363236,63.16428616,645,2432,77.6,2026-08-24,1.32,49.0,False
3177,600386,北巴传媒,3.41,1.79,0.46,-73.47,3.347561883936,0.1161992,68.4886505,520,999,65.6,2026-08-24,1.87,44.9,False
3178,600388,紫金龙净,17.29,-0.35,0.29,19.72,17.47166128406,0.290338,68.12273894,-740,1070,78.0,2026-08-24,-1.04,53.1,False
3179,600389,江山股份,18.39,0.6,1.81,11.34,18.298540426358,0.2000268,64.5288129,35,1995,72.4,2026-08-24,0.5,46.7,False
3180,600390,五矿资本,4.97,1.43,0.64,19.66,4.884890723378,0.3171404,66.18507548,210,1572,76.8,2026-08-24,1.74,50.8,False
3181,600391,航发科技,30.89,-0.03,0.98,-224.66,31.036650675382,0.21904,58.89348634,753,3792,74.8,2026-08-24,-0.47,44.1,False
3182,600392,盛和资源,21.99,-3.72,1.78,29.44,22.921805619853,0.3690896,68.70007292,61,955,80.8,2026-08-24,-4.07,55.5,False
3183,600395,盘江股份,5.52,0.36,1.2,93.44,5.445693082054,0.2367032,67.79768354,-23,1150,82.4,2026-08-24,1.36,55.9,False
3184,600396,华电辽能,14.06,-0.78,5.31,32.83,14.170030989242,0.2483544,50.41437317,-8,5104,87.6,2026-08-24,-0.78,44.2,False
3185,600397,江钨装备,17.33,-4.94,5.34,3217.38,17.964507126327,0.343672,53.83036611,-2715,4837,93.2,2026-08-24,-3.53,50.2,False
3186,600398,海澜之家,6.02,0.67,0.24,7.61,5.963502568448,0.1963368,74.6949268,498,197,80.0,2026-08-24,0.95,59.8,False
3187,600399,抚顺特钢,4.28,2.39,1.23,-16.71,4.192939669834,0.2487952,61.64330001,-1913,2934,74.8,2026-08-24,2.08,46.1,False
3188,600400,红豆股份,2.97,-0.67,0.84,303.78,3.03029569699,0.3267796,55.21532352,-2332,4635,71.6,2026-08-24,-1.99,39.5,False
3189,600403,大有能源,7.1,-2.74,5.33,-13.2,7.015595095105,0.3333888,71.61701418,3702,476,92.8,2026-08-24,1.2,66.5,False
3190,600405,动力源,4.53,0.44,0.59,-25.66,4.508439924934,0.193016181818,57.02654328,-163,4286,74.4,2026-08-24,0.48,42.4,False
3191,600406,国电南瑞,23.12,-0.64,0.12,64.36,23.201426984591,0.3710276,73.51764914,-160,292,88.8,2026-08-24,-0.35,65.3,False
3192,600408,安泰集团,2.92,2.1,5.72,-19.83,2.856928237117,0.1819352,67.37709911,-1065,1251,79.2,2026-08-24,2.21,53.4,False
3193,600409,三友化工,6.91,-0.14,1.34,-38.97,6.886864694313,0.2322888,66.09091206,99,1601,75.6,2026-08-24,0.34,50.0,False
3194,600410,华胜天成,13.01,0.23,1.33,-38.64,13.105697251356,0.1622548,51.52597655,-8,5045,80.8,2026-08-24,-0.73,41.6,False
3195,600415,小商品城,12.21,-0.73,0.48,16.9,12.548718268561,0.3111716,71.80653876,-240,460,89.6,2026-08-24,-2.7,64.3,False
3196,600416,湘电股份,8.32,0.73,0.38,60.36,8.311504201679,0.2059796,52.71110772,0,4965,71.6,2026-08-24,0.1,37.7,False
3197,600418,江淮汽车,20.39,1.34,1.61,-30.69,20.476721007258,0.3519596,60.07011356,261,3433,88.8,2026-08-24,-0.42,53.3,False
3198,600419,天润乳业,8.71,0.81,0.73,25.33,8.774214479152,0.2224944,60.30984425,-223,3349,77.6,2026-08-24,-0.73,46.8,False
3199,600420,国药现代,8.51,0.71,0.29,20.62,8.438275990279,0.217518,68.47136219,1151,1004,76.4,2026-08-24,0.85,52.3,False
3200,600422,昆药集团,8.43,1.44,0.53,-8.77,8.350227629131,0.1665804,55.5586072,-497,4575,76.0,2026-08-24,0.96,42.2,False
3201,600423,*ST柳化,2.84,0.71,0.15,79.96,2.802668107045,0.3250864,64.87171579,1716,1895,65.2,2026-08-24,1.33,42.3,False
3202,600425,青松建化,3.66,1.1,0.66,23.63,3.618539236958,0.2416296,72.56529988,1360,375,76.4,2026-08-24,1.15,55.4,False
3203,600426,华鲁恒升,20.04,-0.15,0.97,11.71,20.142735042957,0.2762848,72.26235355,-325,406,86.0,2026-08-24,-0.51,62.1,False
3204,600428,中远海特,11.19,-1.41,0.86,18.91,11.544548860314,0.2512392,69.75775617,-467,736,80.4,2026-08-24,-3.07,56.1,False
3205,600429,三元股份,4.59,2.23,0.61,18.57,4.487090855457,0.1058804,58.33296107,-1560,3950,76.8,2026-08-24,2.29,44.8,False
3206,600433,冠豪高新,3.34,2.77,1.14,13.74,3.24784550092,0.330928,59.71548865,1198,3534,69.2,2026-08-24,2.84,41.3,False
3207,600435,北方导航,10.51,1.84,0.67,-252.72,10.338846698676,0.1806024,62.28613416,295,2684,78.0,2026-08-24,1.66,48.6,False
3208,600436,片仔癀,125.45,1.37,0.32,25.45,122.665540366233,0.3049172,66.31114339,37,1536,81.6,2026-08-24,2.27,54.1,False
3209,600438,通威股份,11.91,-1.73,0.34,-5.48,12.208377353801,0.306902,60.69700613,-1547,3227,88.0,2026-08-24,-2.44,53.4,False
3210,600439,ST瑞贝卡,1.86,0.54,0.52,137.32,1.856430457598,0.441796666667,58.03876635,-109,4039,68.0,2026-08-24,0.19,39.5,False
3211,600444,国机通用,14.31,1.85,1.29,31.96,14.114343985167,0.124636,62.97484275,-43,2489,74.0,2026-08-24,1.39,46.6,False
3212,600446,金证股份,10.69,0.66,0.84,399.39,10.600480114115,0.198668,59.68487026,-1195,3543,76.8,2026-08-24,0.84,45.8,False
3213,600448,华纺股份,2.95,1.03,1.4,-21.11,2.91959883813,0.0940128,60.54329987,678,3271,70.0,2026-08-24,1.04,42.4,False
3214,600449,宁夏建材,12.88,-2.5,1.9,-340.21,13.10398406114,0.3472116,73.61395584,461,286,78.8,2026-08-24,-1.71,58.0,False
3215,600452,涪陵电力,9.05,0.22,0.56,33.64,9.022023409025,0.2864692,60.54674264,-814,3270,72.4,2026-08-24,0.31,43.8,False
3216,600455,博通股份,24.04,0.88,0.94,22.28,23.897170093458,0.079562,66.46582755,-237,1480,70.0,2026-08-24,0.6,46.5,False
3217,600456,宝钛股份,27.14,-0.33,0.41,55.02,27.381844036121,0.1953776,57.96131109,-1749,4064,82.8,2026-08-24,-0.88,48.0,False
3218,600458,时代新材,11.44,-2.39,1.31,15.74,11.713753960452,0.2545032,69.48218115,680,796,71.6,2026-08-24,-2.34,49.7,False
3219,600459,贵研铂业,20.73,-2.9,1.79,24.41,21.429340726218,0.3288144,64.62713378,-1579,1968,91.6,2026-08-24,-3.26,59.2,False
3220,600460,士兰微,34.05,-4.25,6.92,54.91,36.172215008649,0.4086908,68.69998834,-884,956,95.2,2026-08-24,-5.87,65.4,False
3221,600461,洪城环境,8.98,0.79,0.36,9.12,8.877454573081,0.1230092,66.24563999,403,1551,69.2,2026-08-24,1.16,45.8,False
3222,600463,空港股份,8.2,2.12,0.65,95.0,8.09825487988,0.0793896,57.58089239,-1069,4158,66.0,2026-08-24,1.26,38.0,False
3223,600467,好当家,2.37,2.16,1.04,57.75,2.308297591616,0.2359572,62.21118776,-98,2713,74.0,2026-08-24,2.67,46.0,False
3224,600468,百利电气,5.95,1.36,0.91,63.37,5.826372414643,0.17637,58.55282731,-9,3883,85.6,2026-08-24,2.12,50.1,False
3225,600469,风神股份,5.24,0.38,0.49,22.9,5.219087296999,0.2009276,69.8724244,914,716,66.8,2026-08-24,0.4,46.7,False
3226,600470,六国化工,5.93,10.02,6.33,-8.56,5.404429113394,0.1919248,57.66894412,127,4130,75.2,2026-08-24,9.72,43.4,False
3227,600475,华光环能,14.92,2.54,0.76,30.7,14.640894692017,0.2288988,66.06696106,-716,1606,78.4,2026-08-24,1.91,51.8,False
3228,600476,*ST湘邮,9.44,0.43,0.22,219.4,9.579149122157,0.0747404,60.11231635,-2012,3418,69.6,2026-08-24,-1.45,41.8,False
3229,600477,杭萧钢构,2.42,1.68,0.73,34.95,2.373120936762,0.2788724,55.54302129,-787,4579,71.2,2026-08-24,1.98,39.5,False
3230,600478,科力远,4.85,-1.22,0.78,72.7,4.908165298765,0.1916064,65.43710296,-235,1780,74.0,2026-08-24,-1.19,48.4,False
3231,600479,千金药业,9.9,1.02,0.64,16.24,9.743202359637,0.1674512,64.24169237,55,2079,76.4,2026-08-24,1.61,49.1,False
3232,600480,凌云股份,8.3,0.85,0.43,16.67,8.242768809091,0.1540708,61.81728719,-231,2873,71.6,2026-08-24,0.69,44.3,False
3233,600481,双良节能,4.2,0.24,0.99,-5.49,4.209818495575,0.263716,53.92527956,-657,4823,74.8,2026-08-24,-0.23,40.3,False
3234,600482,中国动力,31.77,0.35,0.21,30.64,31.5866904732,0.319726,72.12134202,-69,420,79.2,2026-08-24,0.58,57.1,False
3235,600483,福能股份,10.67,-1.48,0.3,11.17,10.751300132337,0.2353184,69.67384274,761,749,68.8,2026-08-24,-0.76,47.9,False
3236,600486,扬农化工,54.75,0.0,0.89,14.01,54.785533540288,0.2210124,69.38736676,828,820,78.8,2026-08-24,-0.06,54.7,False
3237,600487,亨通光电,63.42,4.95,6.03,35.38,60.378774547414,0.4148184,67.22730632,62,1290,95.2,2026-08-24,5.04,64.0,False
3238,600488,津药药业,5.26,1.74,3.71,103.36,5.252788226819,0.2059524,57.78303079,35,4110,80.0,2026-08-24,0.14,46.2,False
3239,600489,中金黄金,25.96,-4.77,1.52,13.22,27.273228376559,0.4803008,80.83720922,-7,13,92.8,2026-08-24,-4.82,75.0,False
3240,600490,鹏欣资源,7.18,-3.62,2.31,36.02,7.456086875356,0.3901276,72.05636707,510,428,84.0,2026-08-24,-3.7,60.5,False
3241,600491,ST龙元,1.77,-0.56,3.83,-5.25,1.801186717088,0.325152909091,56.97145725,-782,4301,79.6,2026-08-24,-1.73,45.3,False
3242,600493,凤竹纺织,6.11,1.33,1.17,-61.51,6.02732184085,0.1164072,62.2750773,373,2689,66.0,2026-08-24,1.37,41.1,False
3243,600495,晋西车轴,4.1,1.23,0.51,125.25,4.033458108108,0.2137352,64.0816599,921,2124,73.6,2026-08-24,1.65,47.2,False
3244,600496,精工钢构,3.42,1.48,0.79,11.24,3.370233700642,0.33759,69.18545719,961,864,75.2,2026-08-24,1.48,52.0,False
3245,600497,驰宏锌锗,9.77,-4.12,1.63,18.6,10.175096540738,0.3931852,71.05303364,-197,555,87.6,2026-08-24,-3.98,62.2,False
3246,600498,烽火通信,40.02,2.3,4.56,353.94,39.021196196899,0.3220652,62.12540698,-1776,2747,92.0,2026-08-24,2.56,57.2,False
3247,600499,科达制造,14.22,1.86,1.26,10.62,14.061176278824,0.1986464,72.07414753,-290,427,82.8,2026-08-24,1.13,59.7,False
3248,600500,中化国际,5.2,-3.17,1.68,-33.21,5.352059693355,0.3027052,55.98388886,-2612,4491,87.6,2026-08-24,-2.84,49.0,False
3249,600501,航天晨光,13.95,1.53,0.53,-75.35,13.824080864514,0.0921404,55.65049271,-1630,4557,76.0,2026-08-24,0.91,42.3,False
3250,600502,安徽建工,4.53,1.57,1.02,5.83,4.442605867335,0.2294016,67.94306995,88,1116,76.4,2026-08-24,1.97,51.9,False
3251,600503,华丽家族,2.18,2.83,1.0,-169.14,2.126101428442,0.2357872,59.11741745,612,3717,74.4,2026-08-24,2.54,44.0,False
3252,600505,西昌电力,10.53,0.77,0.74,292.15,10.427544091069,0.1954784,57.51432302,-352,4173,71.2,2026-08-24,0.98,41.0,False
3253,600506,统一股份,15.01,-3.35,3.47,27.01,15.60600302717,0.2291028,74.4643083,2127,219,73.6,2026-08-24,-3.82,54.8,False
3254,600507,方大特钢,4.28,1.9,0.9,22.93,4.194542933929,0.3128116,69.88298807,1329,713,74.8,2026-08-24,2.04,52.3,False
3255,600508,上海能源,10.87,10.02,3.45,19.4,9.680713170662,0.361188,74.93538212,438,177,79.6,2026-08-24,12.29,59.6,False
3256,600509,天富能源,7.3,-1.35,0.5,16.65,7.31235986318,0.31455,59.32789065,523,3653,74.0,2026-08-24,-0.17,43.9,False
3257,600510,黑牡丹,6.89,1.03,0.42,-39.76,6.910406473752,0.3121356,65.71229874,-721,1702,73.6,2026-08-24,-0.3,48.4,False
3258,600511,国药股份,26.72,1.75,0.53,11.46,26.185404429263,0.2858464,69.98407597,-385,703,81.2,2026-08-24,2.04,56.8,False
3259,600512,腾达建设,2.04,1.49,0.99,20.36,2.009910923555,0.2685284,60.75463397,-200,3208,68.8,2026-08-24,1.5,41.8,False
3260,600513,联环药业,15.77,0.83,2.53,175.17,15.884825442105,0.1849652,54.98987987,-928,4673,78.8,2026-08-24,-0.72,43.3,False
3261,600515,海南机场,2.78,1.09,0.44,133.73,2.773632914926,0.3129808,58.67133014,-188,3854,74.8,2026-08-24,0.23,43.9,False
3262,600516,方大炭素,5.04,0.0,0.25,572.61,5.052324295054,0.2942656,59.31703917,-1067,3659,74.8,2026-08-24,-0.24,44.4,False
3263,600517,国网英大,4.92,1.44,0.16,18.05,4.856463107761,0.2214076,64.55875475,-858,1987,72.8,2026-08-24,1.31,47.0,False
3264,600518,康美药业,1.35,0.75,0.48,-281.77,1.341754572359,0.5426656,58.91183747,-493,3784,83.2,2026-08-24,0.61,49.0,False
3265,600519,贵州茅台,1307.0,0.18,0.09,18.35,1300.54714387638,0.540818,80.17830133,67,20,94.8,2026-08-24,0.5,76.0,False
3266,600520,三佳科技,23.52,-2.85,1.9,624.31,24.070686031821,0.1962976,55.73331084,203,4537,75.6,2026-08-24,-2.29,42.1,False
3267,600521,华海药业,15.99,-1.3,0.86,14.81,16.186468944776,0.2375324,60.93209347,-374,3151,85.2,2026-08-24,-1.21,51.9,False
3268,600522,中天科技,33.52,3.04,4.0,31.12,32.434292980847,0.3325388,64.08170657,-1482,2123,91.6,2026-08-24,3.35,58.7,False
3269,600523,贵航股份,11.87,0.76,0.54,23.24,11.741064838897,0.171968,68.51722743,-255,994,74.4,2026-08-24,1.1,51.0,False
3270,600525,ST长园,,,0.0,173.24,5.827708247621,0.4176096,59.63976704,-1663,3562,74.4,2026-08-24,,44.4,False
3271,600526,菲达环保,4.7,-0.42,0.57,14.29,4.710772752304,0.2843864,72.38696383,1633,392,76.0,2026-08-24,-0.23,55.0,False
3272,600527,江南高纤,2.22,2.3,2.89,102.67,2.158872806663,0.3671296,62.98095103,481,2488,69.2,2026-08-24,2.83,43.6,False
3273,600528,中铁工业,7.05,1.29,0.22,12.28,6.948021678126,0.1995956,67.98911238,-588,1105,73.6,2026-08-24,1.47,50.0,False
3274,600529,山东药玻,19.21,2.62,1.16,17.19,18.679410548069,0.2657604,69.44902472,168,802,79.2,2026-08-24,2.84,55.0,False
3275,600530,ST交昂,3.73,3.32,0.53,-103.43,3.647993393125,0.208882745098,45.64503653,-239,5191,64.4,2026-08-24,2.25,29.4,False
3276,600531,豫光金铅,13.21,-4.9,3.87,14.53,13.914690533439,0.3424368,75.31178693,-38,153,90.4,2026-08-24,-5.06,68.1,False
3277,600533,栖霞建设,2.18,1.87,0.64,-10.35,2.143633585633,0.1640548,60.10775918,-190,3420,68.4,2026-08-24,1.7,41.1,False
3278,600535,天士力,14.8,-0.13,0.41,12.38,14.822403155142,0.2032708,68.23384762,-670,1045,81.2,2026-08-24,-0.15,55.4,False
3279,600536,中国软件,32.26,-2.83,1.7,-102.16,33.328504192226,0.270324,66.79703183,33,1390,94.0,2026-08-24,-3.21,62.8,False
3280,600537,*ST亿晶,2.09,-0.48,0.68,-9.45,2.093688175741,0.3348636,51.017244,-27,5074,72.0,2026-08-24,-0.18,36.7,False
3281,600538,国发股份,5.23,1.95,0.72,-121.05,5.130347454419,0.3394328,59.24884259,302,3680,69.6,2026-08-24,1.94,41.2,False
3282,600539,狮头股份,14.74,-0.81,2.48,1610.49,15.129005299818,0.264932,55.27642496,-622,4626,82.8,2026-08-24,-2.57,45.8,False
3283,600540,新赛股份,4.08,0.74,4.91,14.18,4.009044200645,0.220536,71.3898286,1829,511,84.8,2026-08-24,1.77,60.5,False
3284,600543,*ST莫高,4.14,1.47,0.52,-37.07,4.042079241577,0.2295924,63.77267882,1509,2233,68.0,2026-08-24,2.42,43.4,False
3285,600545,卓郎智能,4.09,0.25,1.89,-60.75,4.075194686592,0.2118984,51.57489758,-940,5042,80.8,2026-08-24,0.36,41.7,False
3286,600546,山煤国际,13.47,-1.39,0.76,15.58,13.565737215257,0.2473648,75.28859712,1133,155,83.6,2026-08-24,-0.71,62.9,False
3287,600547,山东黄金,34.44,-5.64,2.59,27.46,36.880852731435,0.463198,75.33067199,-134,151,95.6,2026-08-24,-6.62,72.0,False
3288,600548,深高速,8.24,-0.12,0.06,10.27,8.233788201491,0.0715204,66.70315212,1504,1413,68.0,2026-08-24,0.08,45.4,False
3289,600549,厦门钨业,51.43,-4.64,1.58,18.55,54.265134678744,0.3799604,67.65990515,-1090,1181,93.2,2026-08-24,-5.22,63.1,False
3290,600550,保变电气,10.9,-0.09,0.39,75.09,10.910913994011,0.1799596,61.50155439,66,2976,78.0,2026-08-24,-0.1,48.0,False
3291,600551,时代出版,6.91,1.17,0.32,23.14,6.834792518266,0.1420604,63.75176797,-1115,2239,66.8,2026-08-24,1.1,42.6,False
3292,600552,凯盛科技,17.16,-1.89,2.27,145.15,17.411372862319,0.2553944,59.19968911,-259,3696,83.2,2026-08-24,-1.44,49.3,False
3293,600556,天下秀,4.53,1.12,0.77,635.03,4.482236875367,0.2176736,60.9517495,-63,3145,84.0,2026-08-24,1.07,51.2,False
3294,600557,康缘药业,12.03,1.01,0.48,21.48,11.900045288264,0.244834,65.35390737,924,1797,75.2,2026-08-24,1.09,49.1,False
3295,600558,大西洋,4.82,0.84,0.58,19.41,4.783813006137,0.2560732,65.9672274,135,1635,73.2,2026-08-24,0.76,48.3,False
3296,600559,老白干酒,11.69,1.48,0.65,16.16,11.494688333182,0.1595688,66.83030874,1503,1379,81.2,2026-08-24,1.7,54.3,False
3297,600560,金自天正,11.19,1.73,0.52,98.64,11.001004573808,0.0523392,57.87149321,16,4085,68.8,2026-08-24,1.72,39.8,False
3298,600561,江西长运,5.72,1.06,0.59,-14.52,5.658915470734,0.0299984,62.181183,-1040,2727,66.4,2026-08-24,1.08,41.3,False
3299,600562,国睿科技,26.11,0.0,0.33,55.34,26.03473658712,0.230344,72.79124701,-251,354,78.4,2026-08-24,0.29,57.1,False
3300,600563,法拉电子,125.98,-0.23,0.61,24.35,128.373250045686,0.3144288,65.40819273,-1387,1785,72.4,2026-08-24,-1.86,47.4,False
3301,600566,济川药业,24.86,1.89,0.36,14.31,24.515389018313,0.1321608,69.06338507,1251,884,80.8,2026-08-24,1.41,55.8,False
3302,600567,山鹰国际,1.35,1.5,0.51,-6.14,1.328664049043,0.4895596,51.25620862,-263,5058,71.2,2026-08-24,1.61,36.5,False
3303,600568,ST中珠,2.14,-0.93,0.13,-53.19,2.175629812943,0.3347212,55.01679775,-871,4668,64.8,2026-08-24,-1.64,35.7,False
3304,600569,安阳钢铁,1.79,1.7,0.44,-1.87,1.758196398632,0.2561716,57.48661426,271,4180,70.8,2026-08-24,1.81,40.7,False
3305,600570,恒生电子,21.22,0.38,0.43,72.39,21.213592997081,0.2845092,68.9433206,-596,907,84.8,2026-08-24,0.03,58.5,False
3306,600571,信雅达,10.94,5.6,3.18,-15.66,10.354235906908,0.1777336,62.8382628,152,2520,76.4,2026-08-24,5.66,48.0,False
3307,600572,康恩贝,4.28,1.66,1.25,13.69,4.228067392191,0.3110368,68.48835808,1222,1000,82.4,2026-08-24,1.23,56.4,False
3308,600573,惠泉啤酒,9.87,1.13,0.92,25.29,9.706293622873,0.1060124,60.75203267,45,3209,69.2,2026-08-24,1.69,42.0,False
3309,600575,淮河能源,3.33,0.91,0.44,18.43,3.298714714096,0.3403816,64.37584243,-829,2037,73.6,2026-08-24,0.95,47.4,False
3310,600576,祥源文旅,5.52,1.28,0.76,80.44,5.452687592063,0.1485184,55.57845496,-645,4571,68.4,2026-08-24,1.23,38.0,False
3311,600577,精达股份,8.4,-1.75,2.09,28.86,8.623257720989,0.306768,68.70557781,-824,952,92.8,2026-08-24,-2.59,63.8,False
3312,600578,京能电力,5.5,-1.26,0.42,9.26,5.561547416495,0.3354028,66.92427151,1617,1359,77.6,2026-08-24,-1.11,51.9,False
3313,600579,中化装备,6.87,1.33,0.34,-24.04,6.831944760316,0.0760628,50.09209014,11,5117,68.8,2026-08-24,0.56,34.5,False
3314,600580,卧龙电驱,29.41,-0.37,0.99,41.62,29.776117750048,0.2780188,57.90268458,117,4075,91.2,2026-08-24,-1.23,52.8,False
3315,600581,*ST八钢,2.31,0.87,0.14,-5.18,2.281188703329,0.3398208,64.12886271,1864,2110,71.6,2026-08-24,1.26,45.9,False
3316,600582,天地科技,4.89,2.3,0.36,11.69,4.76105708255,0.2704864,69.66781685,1526,750,77.6,2026-08-24,2.71,54.1,False
3317,600583,海油工程,6.06,-0.66,0.32,12.28,6.056384178078,0.2320456,66.61960508,-151,1441,84.0,2026-08-24,0.06,56.0,False
3318,600584,长电科技,73.38,-0.57,2.92,77.73,74.505970508845,0.3582804,59.84583199,-1283,3495,93.2,2026-08-24,-1.51,55.8,False
3319,600585,海螺水泥,17.58,0.06,0.18,15.8,17.571968058212,0.327434,66.78303331,14,1395,84.0,2026-08-24,0.05,56.1,False
3320,600586,金晶科技,4.19,0.48,0.48,-9.47,4.209181374039,0.2204184,54.40769583,-1521,4766,76.0,2026-08-24,-0.46,41.3,False
3321,600587,新华医疗,12.39,1.31,0.35,15.15,12.291097217514,0.1559272,63.10553935,22,2447,78.8,2026-08-24,0.8,49.7,False
3322,600588,用友网络,10.07,-0.59,0.62,-18.53,10.300713554985,0.2298924,57.22432893,-524,4237,87.6,2026-08-24,-2.24,50.1,False
3323,600589,大位科技,7.35,-0.94,1.27,-78.07,7.521623681122,0.2303764,50.88266075,69,5081,76.0,2026-08-24,-2.28,38.7,False
3324,600590,泰豪科技,8.16,0.62,0.97,35.27,8.101435016013,0.181424,59.03095804,-801,3746,75.6,2026-08-24,0.72,44.6,False
3325,600592,龙溪股份,13.96,1.16,0.55,-5749.1,13.823701109246,0.118304,60.0804967,118,3428,73.2,2026-08-24,0.99,44.0,False
3326,600593,大连圣亚,39.71,1.4,2.9,82.46,39.611827712836,0.161218,61.05877057,-1125,3110,73.6,2026-08-24,0.25,44.9,False
3327,600594,益佰制药,3.83,-6.36,8.02,-18.7,4.043572056513,0.5568868,66.44709688,3471,1492,77.2,2026-08-24,-5.28,51.3,False
3328,600595,中孚实业,6.1,-1.45,0.68,6.5,6.148352366925,0.3342452,69.39976156,-633,816,80.8,2026-08-24,-0.79,56.1,False
3329,600596,新安股份,10.3,-0.77,1.18,27.34,10.477879721383,0.2449444,60.0336539,-266,3439,74.0,2026-08-24,-1.7,44.4,False
3330,600597,光明乳业,6.8,2.41,0.46,35.16,6.636237021426,0.1409508,63.19576308,1393,2421,78.0,2026-08-24,2.47,49.3,False
3331,600598,北大荒,13.29,4.07,3.28,10.17,12.631102411637,0.322646,77.38984652,522,70,93.2,2026-08-24,5.22,72.1,False
3332,600600,青岛啤酒,51.11,0.77,0.22,9.69,50.823534736844,0.24689,68.97315812,121,896,85.6,2026-08-24,0.56,59.0,False
3333,600601,方正科技,11.34,-1.73,1.59,42.25,11.673963271982,0.3034016,60.98598091,-2042,3131,88.8,2026-08-24,-2.86,54.2,False
3334,600602,云赛智联,18.7,0.11,1.53,143.52,18.182687162582,0.2439796,69.63494247,711,758,87.2,2026-08-24,2.85,60.7,False
3335,600603,广汇物流,4.57,3.63,0.87,205.95,4.47750180689,0.1921552,58.41986039,-252,3921,71.6,2026-08-24,2.07,41.8,False
3336,600604,市北高新,4.58,-7.29,2.68,-60.32,4.938161661423,0.6131316,73.13631921,2667,319,81.2,2026-08-24,-7.25,59.4,False
3337,600605,汇通能源,25.63,6.08,1.18,102.52,24.311511920915,0.2107512,59.59016387,312,3576,66.8,2026-08-24,5.42,39.8,False
3338,600606,绿地控股,1.27,1.6,0.34,21.85,1.254112300491,0.428996,54.3099568,-29,4778,76.8,2026-08-24,1.27,41.7,False
3339,600609,金杯汽车,3.29,2.49,0.89,20.7,3.213911053995,0.1833636,59.82119526,-288,3503,69.2,2026-08-24,2.37,41.4,False
3340,600610,中毅达,8.75,1.04,12.97,134.95,8.194078899,0.3326468,78.95969576,634,35,90.8,2026-08-24,6.78,71.7,False
3341,600611,大众交通,4.5,-1.32,3.23,-16.0,4.726252435594,0.2750604,56.77242901,547,4349,87.6,2026-08-24,-4.79,49.7,False
3342,600612,老凤祥,35.46,-0.51,0.43,8.48,35.790810260538,0.1627128,76.5201622,969,97,75.2,2026-08-24,-0.92,57.5,False
3343,600613,神奇制药,9.81,-0.91,23.83,101.66,9.61043774109,0.3820912,63.17886487,1716,2424,92.0,2026-08-24,2.08,58.1,False
3344,600615,鑫源智造,9.4,0.43,0.42,-126.85,9.290892119521,0.06353,61.26703225,356,3039,63.6,2026-08-24,1.17,39.0,False
3345,600616,金枫酒业,4.36,2.59,0.59,602.01,4.246638765356,0.099686,58.09273689,-1077,4023,72.4,2026-08-24,2.67,42.1,False
3346,600617,国新能源,3.33,0.91,0.72,29.76,3.292619266018,0.1667392,58.3593989,-1359,3936,81.2,2026-08-24,1.14,47.4,False
3347,600618,氯碱化工,10.12,-0.2,0.59,15.69,10.118091626175,0.1688864,64.84292191,-1439,1904,70.8,2026-08-24,0.02,45.9,False
3348,600619,海立股份,14.15,-0.84,1.21,52.42,14.393448707936,0.2761136,71.38254352,844,512,85.2,2026-08-24,-1.69,60.8,False
3349,600620,天宸股份,4.41,1.61,0.35,-79.15,4.339268035113,0.1226288,62.32827925,1150,2667,66.8,2026-08-24,1.63,41.6,False
3350,600621,华鑫股份,12.7,0.0,0.15,21.69,12.711332054514,0.202682,56.15681705,193,4462,75.2,2026-08-24,-0.09,42.2,False
3351,600622,光大嘉宝,2.25,1.81,0.54,-7.55,2.222671277256,0.2451888,60.27111969,1102,3363,73.6,2026-08-24,1.23,44.4,False
3352,600623,华谊集团,8.06,-0.25,0.38,17.42,8.09244313561,0.2217468,73.41140518,-28,298,71.2,2026-08-24,-0.4,52.3,False
3353,600624,ST复华,4.13,1.47,0.2,-64.14,4.059341022455,0.1558052,56.62074707,-55,4379,72.4,2026-08-24,1.74,41.0,False
3354,600626,申达股份,3.61,2.56,0.53,-100.05,3.521013077915,0.176536,63.37428073,-930,2369,67.6,2026-08-24,2.53,42.8,False
3355,600628,新世界,6.25,2.46,0.83,42.65,6.110186349613,0.1132364,65.66827772,-899,1713,72.4,2026-08-24,2.29,47.5,False
3356,600629,华建集团,16.15,1.06,1.0,1130.66,16.217819470566,0.2643296,58.35018627,-64,3941,83.6,2026-08-24,-0.42,48.8,False
3357,600630,龙头股份,6.75,2.27,1.67,28.97,6.599322128839,0.1335496,58.97384384,-885,3761,74.8,2026-08-24,2.28,44.1,False
3358,600633,浙数文化,10.02,0.6,0.48,21.08,9.990188745327,0.2113048,60.39280057,-1114,3319,76.4,2026-08-24,0.3,46.1,False
3359,600635,大众公用,4.54,1.11,0.76,65.93,4.485763968426,0.2130716,59.84055835,-1229,3499,74.0,2026-08-24,1.21,44.3,False
3360,600637,东方明珠,8.28,3.5,1.43,32.95,8.149105565729,0.3351144,70.07663461,1707,688,76.4,2026-08-24,1.61,53.5,False
3361,600638,新黄浦,4.99,2.67,0.93,6.07,4.855876544384,0.2500452,65.6745839,352,1712,68.4,2026-08-24,2.76,44.9,False
3362,600639,浦东金桥,9.47,1.18,0.21,36.77,9.350824483866,0.1566912,66.65422657,-415,1430,72.0,2026-08-24,1.27,48.0,False
3363,600640,国脉文化,10.53,0.86,0.55,264.2,10.696570856391,0.1941848,69.14835002,130,870,73.6,2026-08-24,-1.56,50.9,False
3364,600641,先导基电,30.83,-4.17,3.91,69.46,31.837539247924,0.3652868,55.79212081,542,4527,87.2,2026-08-24,-3.16,48.7,False
3365,600642,申能股份,8.44,-0.59,0.11,13.11,8.472632401189,0.3201524,72.01796827,1391,432,77.2,2026-08-24,-0.39,55.6,False
3366,600643,爱建集团,4.05,2.53,0.79,204.31,3.928445755773,0.1808248,57.91346322,923,4071,68.0,2026-08-24,3.09,39.4,False
3367,600644,乐山电力,8.73,-0.34,1.19,366.71,8.73256644092,0.198802,55.96732934,544,4494,78.0,2026-08-24,-0.03,43.7,False
3368,600645,中源协和,19.2,-0.16,1.0,92.64,19.45717958569,0.2357156,64.64664433,-773,1958,80.8,2026-08-24,-1.32,52.2,False
3369,600648,外高桥,9.25,2.55,0.22,57.3,8.994616025914,0.1240036,65.95222148,333,1638,69.6,2026-08-24,2.84,45.9,False
3370,600649,城投控股,3.85,1.05,0.65,330.06,3.816159306642,0.2729536,74.10495357,1100,244,80.8,2026-08-24,0.89,59.9,False
3371,600650,锦江在线,10.44,-0.1,0.35,50.17,10.575194759494,0.196042,66.58439855,645,1452,75.6,2026-08-24,-1.28,50.3,False
3372,600651,飞乐音响,5.62,-0.71,0.43,558.27,5.802654496909,0.3038896,65.75016545,649,1693,76.8,2026-08-24,-3.15,50.5,False
3373,600653,申华控股,1.69,1.81,0.52,-36.96,1.665146319375,0.3175328,60.2755601,10,3360,71.6,2026-08-24,1.49,43.2,False
3374,600654,中安科,2.94,2.44,1.93,73.72,2.863824338126,0.2253476,66.51033626,1538,1472,71.2,2026-08-24,2.66,47.4,False
3375,600655,豫园股份,4.63,0.87,0.19,55.76,4.557396227559,0.1642984,67.20636873,526,1294,73.6,2026-08-24,1.59,49.5,False
3376,600657,信达地产,2.62,2.75,0.5,-3.95,2.571138515915,0.1606392,60.96852804,955,3139,74.4,2026-08-24,1.9,45.4,False
3377,600658,电子城,3.99,2.31,0.52,-9.52,3.931060055022,0.1313308,51.20301906,-5,5064,70.4,2026-08-24,1.5,36.0,False
3378,600660,福耀玻璃,57.88,2.46,0.38,19.02,56.619759254696,0.2291344,72.91505715,-222,342,89.6,2026-08-24,2.23,65.3,False
3379,600661,昂立教育,8.48,-0.12,0.78,39.05,8.479736821651,0.0629428,67.75183179,1000,1159,75.6,2026-08-24,0.0,51.2,False
3380,600662,外服控股,4.23,1.68,0.28,12.13,4.146911475626,0.1845024,67.4961644,-316,1217,70.8,2026-08-24,2.0,47.8,False
3381,600663,陆家嘴,9.39,0.43,0.15,21.33,9.39230895251,0.104024,71.27707556,-1,521,77.6,2026-08-24,-0.02,55.3,False
3382,600664,哈药股份,8.21,-0.12,7.12,32.08,8.140993494255,0.347818,68.36844788,505,1024,94.8,2026-08-24,0.85,64.8,False
3383,600665,天地源,3.45,0.0,0.43,-4.74,3.401254305118,0.1736248,58.721897,1010,3831,67.6,2026-08-24,1.43,39.7,False
3384,600666,奥瑞德,3.38,0.0,1.23,-583.45,3.390008004495,0.2568012,53.79312007,151,4845,78.0,2026-08-24,-0.3,42.0,False
3385,600667,太极实业,19.8,-2.46,4.92,80.18,20.37246686211,0.3159536,61.66608106,-1138,2929,90.0,2026-08-24,-2.81,55.5,False
3386,600668,尖峰集团,7.35,1.52,0.46,-41.41,7.255539000876,0.116658,55.86376105,-156,4512,75.2,2026-08-24,1.3,42.0,False
3387,600671,天目药业,19.93,0.45,0.56,159.0,19.979956939867,0.1643548,58.68742117,-236,3846,64.4,2026-08-24,-0.25,37.8,False
3388,600673,东阳光,31.81,-2.33,0.41,122.97,32.696127090042,0.3283296,65.37898842,513,1793,84.8,2026-08-24,-2.71,55.4,False
3389,600674,川投能源,15.61,0.13,0.19,16.33,15.493108209338,0.3027272,71.71512957,-129,466,80.8,2026-08-24,0.75,57.9,False
3390,600675,中华企业,2.25,2.27,0.35,-36.7,2.191872380441,0.2787092,60.77390854,6,3205,70.4,2026-08-24,2.65,42.8,False
3391,600676,久事动娱,6.58,1.39,0.27,-27.42,6.530050083083,0.2784352,62.7857824,146,2531,66.4,2026-08-24,0.76,41.7,False
3392,600678,ST金顶,5.35,0.56,0.6,251.98,5.368783852291,0.1916484,54.93451437,-1635,4679,72.8,2026-08-24,-0.35,40.0,False
3393,600679,上海凤凰,9.64,1.69,0.55,98.69,9.459421438309,0.0833912,61.93676721,-1083,2829,71.6,2026-08-24,1.91,44.3,False
3394,600681,百川能源,3.47,2.06,0.89,10.36,3.391190674891,0.192006,61.3032865,-648,3025,69.6,2026-08-24,2.32,42.7,False
3395,600682,南京新百,5.69,1.79,0.56,62.3,5.597933026515,0.2012064,59.45695996,940,3620,70.8,2026-08-24,1.64,42.1,False
3396,600683,京投发展,9.96,1.12,3.27,-11.78,9.965195532824,0.2002716,61.73686764,-294,2904,83.6,2026-08-24,-0.05,51.6,False
3397,600684,珠江股份,3.55,2.6,1.14,-151.21,3.476973242688,0.1858696,66.87408058,1109,1367,71.6,2026-08-24,2.1,47.9,False
3398,600685,中船防务,25.84,0.94,0.46,23.05,25.649295639468,0.2878792,67.6821985,-508,1170,80.0,2026-08-24,0.74,54.1,False
3399,600686,金龙汽车,10.96,2.24,1.92,14.23,10.77568921115,0.1647176,64.32756003,708,2050,78.0,2026-08-24,1.71,50.2,False
3400,600688,上海石化,2.85,0.35,0.71,50.01,2.833036922937,0.372892,63.96027571,-971,2173,70.8,2026-08-24,0.6,45.3,False
3401,600689,上海三毛,10.78,1.41,0.85,136.29,10.625717225438,0.1507944,67.84998434,145,1138,70.4,2026-08-24,1.45,47.8,False
3402,600690,海尔智家,21.32,1.81,0.26,10.75,20.936141491418,0.3137808,70.79789142,5,586,88.8,2026-08-24,1.83,62.9,False
3403,600691,潞化科技,2.56,0.39,1.07,-31.21,2.545349902406,0.250018,59.82483821,-1943,3502,74.4,2026-08-24,0.58,44.5,False
3404,600692,亚通股份,6.38,2.08,1.86,320.58,6.250411729822,0.1086064,65.39932736,-959,1787,72.8,2026-08-24,2.07,47.6,False
3405,600693,东百集团,8.83,3.76,5.57,51.39,8.600571822213,0.1830612,59.31855068,-179,3656,86.8,2026-08-24,2.67,51.5,False
3406,600694,大商股份,14.59,1.11,0.42,5.03,14.445304525417,0.1359004,67.13401255,-666,1315,70.8,2026-08-24,1.0,47.5,False
3407,600697,欧亚集团,10.88,0.93,1.63,58.05,10.828809877371,0.0628032,62.17396158,-1001,2729,69.2,2026-08-24,0.47,43.0,False
3408,600698,湖南天雁,7.28,9.97,3.35,1897.08,6.683739593374,0.1768032,64.03610624,1127,2145,82.0,2026-08-24,8.92,52.5,False
3409,600699,均胜电子,18.89,-1.05,0.58,18.21,19.172262754445,0.2059668,61.50978259,92,2969,76.4,2026-08-24,-1.47,47.0,False
3410,600702,舍得酒业,35.01,-0.34,0.95,40.05,35.439545549073,0.2787348,61.29157853,1804,3031,86.4,2026-08-24,-1.21,53.0,False
3411,600703,三安光电,12.89,0.08,1.07,238.21,13.07497995621,0.2876856,53.54003054,-1416,4885,87.2,2026-08-24,-1.41,46.7,False
3412,600704,物产中大,4.88,0.0,0.33,6.36,4.869391892291,0.3675332,69.55317815,-487,772,76.4,2026-08-24,0.22,53.1,False
3413,600706,曲江文旅,7.94,1.53,2.11,148.63,7.8351702921,0.0666148,59.5844648,1063,3577,74.8,2026-08-24,1.34,44.6,False
3414,600707,彩虹股份,9.02,-2.38,1.46,1463.05,9.27217423111,0.2463116,59.52848671,-360,3596,94.0,2026-08-24,-2.72,56.0,False
3415,600708,光明地产,3.01,0.33,0.24,-7.16,2.997722535209,0.317604,59.38244494,111,3642,64.4,2026-08-24,0.41,38.2,False
3416,600710,苏美达,10.54,1.05,0.41,9.93,10.382918520654,0.161884,68.24002712,968,1044,71.6,2026-08-24,1.51,48.9,False
3417,600711,盛屯矿业,11.21,-5.56,2.32,9.6,11.845593021986,0.396274,77.49560268,-49,67,92.0,2026-08-24,-5.37,71.3,False
3418,600712,南宁百货,5.35,2.69,1.28,1027.92,5.20769375257,0.1182192,56.41664579,-40,4420,80.4,2026-08-24,2.73,45.4,False
3419,600713,南京医药,5.21,0.97,0.34,9.76,5.159091889267,0.2333452,64.15151374,141,2098,74.8,2026-08-24,0.99,48.0,False
3420,600714,金瑞矿业,14.97,-4.59,4.97,-996.35,15.541776509348,0.2194792,67.42667219,-477,1239,78.0,2026-08-24,-3.68,52.6,False
3421,600715,文投控股,1.56,0.65,0.48,-488.91,1.544628667387,0.3716532,51.08971923,-361,5070,76.0,2026-08-24,1.0,38.8,False
3422,600716,凤凰股份,3.55,1.72,0.18,-5.59,3.508559749842,0.0644904,58.39340168,-586,3928,66.8,2026-08-24,1.18,39.0,False
3423,600717,天津港,4.32,0.47,0.38,9.23,4.27803572148,0.266168813559,68.09693378,-258,1078,72.8,2026-08-24,0.98,49.6,False
3424,600718,东软集团,8.16,2.13,0.4,-16.55,8.013417194696,0.150332,65.84356037,1452,1675,76.0,2026-08-24,1.83,50.0,False
3425,600719,大连热电,6.88,-0.29,0.99,27.76,6.899262856233,0.2040952,54.59508298,181,4740,69.6,2026-08-24,-0.28,38.0,False
3426,600720,中交设计,5.21,1.36,0.32,41.83,5.141763542928,0.1770904,65.98882681,-819,1631,76.4,2026-08-24,1.33,50.4,False
3427,600721,百花医药,14.71,3.66,22.05,191.62,13.810419024247,0.2794356,59.28592549,-422,3670,87.6,2026-08-24,6.51,51.9,False
3428,600722,金牛化工,14.52,0.97,13.54,189.28,14.696347370012,0.2633256,64.10399041,-1687,2121,94.8,2026-08-24,-1.2,60.8,False
3429,600724,宁波富达,5.05,1.41,0.2,30.39,4.98488222091,0.158414,60.31292646,-1118,3343,66.0,2026-08-24,1.31,39.8,False
3430,600725,云维股份,3.28,3.47,1.96,-1058.79,3.165822282705,0.267392,57.8260898,-341,4100,69.2,2026-08-24,3.61,40.0,False
3431,600726,华电能源,5.48,-1.62,0.57,36.62,5.549822027913,0.2284764,60.30747415,279,3351,76.8,2026-08-24,-1.26,46.3,False
3432,600727,鲁北化工,7.47,0.4,1.5,11.5,7.397347087379,0.229328,68.47175517,-309,1003,73.2,2026-08-24,0.98,50.1,False
3433,600728,佳都科技,4.61,2.22,0.64,199.41,4.517281822156,0.2026544,67.90324733,-685,1122,76.4,2026-08-24,2.05,51.9,False
3434,600729,重百集团,19.43,1.73,0.81,9.59,19.104345423689,0.110374,66.81409642,587,1385,70.0,2026-08-24,1.7,46.8,False
3435,600730,*ST高科,9.53,-1.65,0.62,-725.35,9.678419721946,0.3184,53.81236492,-134,4841,72.0,2026-08-24,-1.53,38.7,False
3436,600731,湖南海利,5.84,-0.68,0.71,20.5,5.867667492408,0.2089708,66.34751044,787,1521,70.4,2026-08-24,-0.47,46.7,False
3437,600732,爱旭股份,11.33,-1.05,0.38,-13.62,11.571042988483,0.3092448,56.38299921,-1158,4427,74.4,2026-08-24,-2.08,41.9,False
3438,600733,北汽蓝谷,4.9,-1.21,0.59,-8.96,5.009958076119,0.3426768,68.86023575,-116,922,86.8,2026-08-24,-2.19,59.8,False
3439,600734,*ST实达,1.65,0.61,0.42,-75.18,1.644323858615,0.3813104,51.63691193,-718,5038,72.4,2026-08-24,0.35,37.4,False
3440,600735,ST新华锦,6.08,1.67,0.34,174.16,5.97475286871,0.1927192,59.37168512,-10,3646,68.4,2026-08-24,1.76,40.6,False
3441,600736,苏州高新,6.73,1.36,0.91,9.0,6.605840272903,0.287274,60.21814028,1298,3382,74.8,2026-08-24,1.88,45.0,False
3442,600737,中粮糖业,14.87,2.27,2.92,36.82,14.816589931839,0.3684212,72.94462776,449,339,93.2,2026-08-24,0.36,68.0,False
3443,600738,丽尚国潮,4.13,2.99,1.17,15.2,4.033853275943,0.1291908,66.40886709,153,1503,72.0,2026-08-24,2.38,47.8,False
3444,600739,辽宁成大,10.69,0.47,0.41,7.38,10.653959711898,0.3682516,70.56789507,113,610,79.2,2026-08-24,0.34,55.9,False
3445,600740,山西焦化,3.83,2.13,2.18,-335.98,3.723944462074,0.2924756,74.59775726,395,205,81.2,2026-08-24,2.85,60.6,False
3446,600741,华域汽车,15.38,-0.65,0.16,9.75,15.45262679661,0.2435508,74.578372,54,208,79.6,2026-08-24,-0.47,59.4,False
3447,600742,富维股份,7.68,1.32,0.29,17.4,7.562208945199,0.1977656,64.40406035,-789,2028,73.2,2026-08-24,1.56,47.1,False
3448,600743,华远控股,2.25,1.35,0.25,-136.24,2.224347857882,0.3462216,58.43812753,209,3913,67.6,2026-08-24,1.15,39.5,False
3449,600744,华银电力,6.41,0.16,1.83,23.51,6.355977672743,0.242654,55.42270383,127,4600,80.8,2026-08-24,0.85,44.8,False
3450,600745,*ST闻泰,18.36,6.74,4.71,-28.79,17.212624807647,0.3527324,59.1067103,960,3722,75.6,2026-08-24,6.67,44.7,False
3451,600746,江苏索普,6.7,0.45,0.75,57.37,6.627248181503,0.129028,65.04024521,277,1860,72.0,2026-08-24,1.1,46.8,False
3452,600748,上实发展,3.84,2.13,0.47,-13.75,3.789060446239,0.1438632,60.93609072,-1623,3150,68.4,2026-08-24,1.34,41.7,False
3453,600749,西藏旅游,14.89,5.45,7.89,580.83,14.432881130216,0.2306664,62.95012225,2042,2494,74.4,2026-08-24,3.17,46.8,False
3454,600750,华润江中,23.17,2.89,0.52,14.98,22.766498262145,0.1799276,67.1901329,-1142,1300,84.4,2026-08-24,1.77,56.7,False
3455,600751,海航科技,3.11,-0.96,0.46,100.41,3.13785069889,0.1880488,61.62227748,25,2940,71.2,2026-08-24,-0.89,43.9,False
3456,600753,ST海钦,9.97,0.1,0.14,54.73,9.972506664374,0.378681372549,62.94039488,487,2495,65.2,2026-08-24,-0.03,41.0,False
3457,600754,锦江酒店,19.01,-0.31,0.67,36.95,18.948680638401,0.1805052,70.38485073,95,641,78.4,2026-08-24,0.32,55.2,False
3458,600755,厦门国贸,5.76,1.41,0.27,12.07,5.664462071005,0.2051296,63.25158861,508,2406,73.6,2026-08-24,1.69,46.6,False
3459,600756,浪潮软件,14.03,1.15,1.2,-14.21,13.987179661427,0.1866916,54.25776136,79,4784,86.4,2026-08-24,0.31,46.9,False
3460,600757,长江传媒,7.76,0.91,0.34,7.04,7.670524704048,0.1241216,64.81932313,882,1910,72.8,2026-08-24,1.17,47.2,False
3461,600758,辽宁能源,3.57,4.69,5.74,-10.21,3.391619421286,0.3262568,64.69401433,1193,1945,79.2,2026-08-24,5.26,51.2,False
3462,600759,ST洲际,2.68,-0.74,2.31,28.73,2.648760111605,0.3081484,69.27922381,-286,844,74.4,2026-08-24,1.18,51.5,False
3463,600760,中航沈飞,44.4,-1.46,0.21,190.76,44.962755825458,0.3720068,78.96127755,92,34,87.6,2026-08-24,-1.25,69.2,False
3464,600761,安徽合力,16.01,-3.84,1.34,10.61,16.708683096639,0.2115388,71.08326613,1495,546,74.0,2026-08-24,-4.18,52.6,False
3465,600763,通策医疗,34.92,0.9,0.75,17.04,34.736045978077,0.2158564,68.93039325,64,912,87.2,2026-08-24,0.53,60.1,False
3466,600764,中国海防,17.55,0.69,0.28,120.47,17.382779176694,0.1796216,61.68286989,242,2921,76.0,2026-08-24,0.96,46.9,False
3467,600765,中航重机,13.14,-0.23,0.21,32.28,13.147205443584,0.2807404,60.1023341,-743,3423,77.6,2026-08-24,-0.05,46.6,False
3468,600768,富邦新材,15.1,-0.53,1.09,17.26,15.149336778376,0.1018664,59.43851992,-509,3624,74.0,2026-08-24,-0.33,44.0,False
3469,600769,祥龙电业,14.22,0.28,1.89,287.51,14.705768832269,0.2815384,57.79818825,-1429,4107,70.0,2026-08-24,-3.3,40.5,False
3470,600770,综艺股份,4.99,0.0,0.67,68.81,4.984087185318,0.2405044,59.98445582,-758,3453,72.0,2026-08-24,0.12,43.2,False
3471,600771,广誉远,13.4,1.21,0.79,24.57,13.2910831923,0.1656268,60.57439128,-72,3261,76.8,2026-08-24,0.82,46.5,False
3472,600773,西藏城投,10.3,-4.54,1.65,-71.26,10.971120307676,0.2745396,61.49319716,-521,2978,78.8,2026-08-24,-6.12,48.5,False
3473,600774,汉商集团,7.27,1.39,0.57,-98.21,7.18575050127,0.0831112,60.02817712,1128,3442,69.6,2026-08-24,1.17,41.8,False
3474,600775,南京熊猫,9.32,1.19,0.72,-159.67,9.253377064452,0.1739124,55.41188471,-703,4603,85.6,2026-08-24,0.72,47.4,False
3475,600776,东方通信,12.8,2.24,0.82,93.15,12.557420143639,0.1789892,61.54900109,327,2957,74.8,2026-08-24,1.93,46.0,False
3476,600777,新潮能源,4.04,0.25,0.11,48.12,4.059898363351,0.33138627451,62.86952283,-424,2510,72.0,2026-08-24,-0.49,45.3,False
3477,600778,友好集团,5.56,1.09,1.72,66.83,5.503009046773,0.115988,65.21952053,582,1823,69.6,2026-08-24,1.04,45.4,False
3478,600779,水井坊,26.97,0.52,0.15,19.22,26.954365578809,0.2507356,62.7729452,1774,2535,75.2,2026-08-24,0.06,47.2,False
3479,600780,通宝能源,5.84,0.86,0.38,9.73,5.795409985313,0.3123708,64.47470413,-837,2009,66.4,2026-08-24,0.77,42.8,False
3480,600782,新钢股份,2.79,1.82,0.95,-3.04,2.741090145678,0.2698176,58.65053668,119,3861,71.2,2026-08-24,1.78,41.8,False
3481,600783,鲁信创投,15.96,-0.87,1.05,-191.04,16.168699844076,0.2727672,59.98032631,5,3454,88.0,2026-08-24,-1.29,52.8,False
3482,600784,鲁银投资,7.65,-0.39,0.64,23.98,7.711804496726,0.2165432,60.98536866,338,3133,67.6,2026-08-24,-0.8,41.2,False
3483,600785,新华百货,11.08,3.45,17.52,25.51,10.707546180719,0.3750348,74.32873578,119,231,86.4,2026-08-24,3.48,64.2,False
3484,600787,中储股份,4.65,2.42,0.54,34.45,4.548307586426,0.223282,67.48613266,1314,1222,75.6,2026-08-24,2.24,51.0,False
3485,600789,鲁抗医药,7.27,1.11,1.06,35.67,7.206319747717,0.2490488,67.99456234,-25,1103,83.6,2026-08-24,0.88,56.8,False
3486,600790,轻纺城,3.37,0.9,0.5,6.51,3.328384720229,0.273728,64.18177072,59,2092,64.4,2026-08-24,1.25,41.3,False
3487,600791,京能置业,7.33,0.14,1.11,-11.15,7.299251601117,0.170532,59.72867212,497,3532,68.0,2026-08-24,0.42,40.6,False
3488,600792,云煤能源,3.79,1.34,2.25,-8.46,3.728788462834,0.174106,72.59364271,162,370,76.4,2026-08-24,1.64,55.5,False
3489,600793,宜宾纸业,14.18,1.79,3.02,-24.24,13.960614493876,0.1656132,53.67871334,-144,4867,78.0,2026-08-24,1.57,41.9,False
3490,600794,保税科技,3.22,2.22,0.93,40.38,3.140500095934,0.17758,56.04904522,-102,4480,73.2,2026-08-24,2.53,41.0,False
3491,600795,国电电力,5.11,-0.97,0.31,15.12,5.170657906016,0.3470836,65.33713219,319,1799,89.6,2026-08-24,-1.17,58.5,False
3492,600796,钱江生化,5.14,0.98,0.77,30.45,5.058775322785,0.0914012,63.5930161,-847,2300,68.0,2026-08-24,1.61,43.2,False
3493,600797,浙大网新,6.7,0.6,0.46,-57.87,6.657684950748,0.2158652,59.55016485,-394,3587,81.2,2026-08-24,0.64,48.4,False
3494,600798,宁波海运,3.3,1.23,1.08,-211.88,3.29729287328,0.2584752,63.74733714,-1625,2242,77.2,2026-08-24,0.08,49.2,False
3495,600800,渤海化学,3.31,0.91,1.11,-6.43,3.301881054126,0.228142,57.45643293,-1701,4186,78.0,2026-08-24,0.25,44.8,False
3496,600801,华新建材,23.1,-2.08,0.24,19.05,23.659197568304,0.180206,80.95270667,114,11,78.8,2026-08-24,-2.36,63.8,False
3497,600802,福建水泥,4.61,1.32,0.64,-15.26,4.565299159638,0.0875892,53.86323394,118,4833,69.6,2026-08-24,0.98,37.5,False
3498,600803,新奥股份,17.5,-0.46,0.1,20.67,17.65484723733,0.12154,72.65597045,-4,369,76.0,2026-08-24,-0.88,55.2,False
3499,600805,悦达投资,4.67,1.3,0.8,33.6,4.611330035597,0.2096252,64.41405268,-802,2025,71.2,2026-08-24,1.27,45.9,False
3500,600807,济高发展,2.62,1.16,0.82,-25.35,2.581301639445,0.2032396,61.53795431,1455,2964,70.4,2026-08-24,1.5,43.3,False
3501,600808,马钢股份,2.59,1.57,0.96,117.69,2.533007643686,0.333926,69.2726595,1871,847,73.6,2026-08-24,2.25,51.0,False
3502,600809,山西汾酒,116.15,-0.81,0.2,6.58,117.786446609032,0.280476,71.51724001,-40,495,86.8,2026-08-24,-1.39,62.1,False
3503,600810,神马股份,6.32,0.48,0.27,-55.0,6.261339244946,0.1545596,53.05975879,-756,4935,71.6,2026-08-24,0.94,38.0,False
3504,600812,华北制药,4.72,2.39,0.76,63.42,4.662457185368,0.2233596,59.34759972,-1145,3648,82.8,2026-08-24,1.23,49.1,False
3505,600814,杭州解百,6.78,1.95,0.41,13.78,6.664863624634,0.1629668,66.1891895,-957,1569,70.8,2026-08-24,1.73,46.9,False
3506,600815,厦工股份,3.86,0.0,0.97,-233.94,3.823833615227,0.3363024,58.10427034,-1770,4020,80.8,2026-08-24,0.95,46.9,False
3507,600816,建元信托,2.49,1.63,0.74,11.44,2.459193036163,0.335054,61.27229781,-1236,3037,73.2,2026-08-24,1.25,44.9,False
3508,600817,宇通重工,9.65,1.05,0.23,24.89,9.524100346011,0.083836,64.48267838,183,2006,70.4,2026-08-24,1.32,45.4,False
3509,600818,ST中路,7.43,2.62,1.02,-32.82,7.216689521928,0.2964616,60.70234497,-216,3223,69.2,2026-08-24,2.96,42.0,False
3510,600819,耀皮玻璃,5.48,1.11,0.37,55.31,5.438930064649,0.13613,61.82067253,-296,2868,68.8,2026-08-24,0.76,42.5,False
3511,600820,隧道股份,5.44,1.12,0.31,14.39,5.354482949806,0.2336772,66.51081838,928,1471,74.4,2026-08-24,1.6,49.5,False
3512,600821,金开新能,5.91,-2.8,1.9,-151.4,6.141688455659,0.2529924,59.7549744,1577,3523,83.2,2026-08-24,-3.77,49.7,False
3513,600822,上海物贸,8.48,2.17,0.41,178.86,8.284964894255,0.1931572,66.32726244,728,1528,71.2,2026-08-24,2.35,47.2,False
3514,600824,益民集团,3.65,1.96,1.45,51.0,3.621857287133,0.1904888,66.3716154,176,1515,83.6,2026-08-24,0.78,55.5,False
3515,600825,新华传媒,5.0,2.46,0.52,990.8,4.896122539186,0.2468884,60.62576876,240,3245,70.0,2026-08-24,2.12,42.4,False
3516,600826,兰生股份,7.92,0.51,0.3,-108.26,7.853317936308,0.1373632,65.83970131,-779,1676,68.8,2026-08-24,0.85,45.3,False
3517,600827,百联股份,7.7,2.12,0.6,4.34,7.537433461583,0.3372492,66.59815813,1987,1448,74.0,2026-08-24,2.16,49.3,False
3518,600828,茂业商业,3.98,2.58,0.42,-93.5,3.904760021744,0.1000908,58.97256693,-148,3762,70.4,2026-08-24,1.93,41.5,False
3519,600829,人民同泰,9.59,4.01,3.5,34.33,9.345886459976,0.158532,62.39456913,10,2644,82.8,2026-08-24,2.61,51.7,False
3520,600830,香溢融通,8.34,1.96,0.76,37.49,8.17031189268,0.1810312,58.58874076,-945,3876,69.2,2026-08-24,2.08,40.5,False
3521,600831,广电网络,3.33,1.22,1.05,-3.15,3.295976108242,0.2707296,63.69949098,-540,2257,70.8,2026-08-24,1.03,45.1,False
3522,600833,第一医药,10.56,0.96,2.06,25.32,10.478960872419,0.11173,62.34511226,1193,2664,78.8,2026-08-24,0.77,49.1,False
3523,600834,申通地铁,7.44,1.64,0.23,217.49,7.33114937588,0.0966016,62.05756477,292,2781,72.0,2026-08-24,1.48,44.7,False
3524,600835,上海机电,17.63,1.09,0.29,22.45,17.651623113603,0.1423528,58.82930324,-1534,3809,72.4,2026-08-24,-0.12,42.6,False
3525,600838,上海九百,8.02,10.01,3.16,81.49,7.330163724207,0.1651268,63.89591651,-1366,2196,73.2,2026-08-24,9.41,46.8,False
3526,600839,四川长虹,6.83,0.0,0.35,80.04,6.842176452258,0.2763976,66.09385916,-83,1599,80.4,2026-08-24,-0.18,53.1,False
3527,600841,动力新科,5.58,1.45,0.58,53.48,5.530584203226,0.1438868,57.86675927,224,4087,70.4,2026-08-24,0.89,40.7,False
3528,600843,上工申贝,6.92,1.02,0.52,-49.33,6.842321855424,0.1283308,60.55904697,1253,3265,72.0,2026-08-24,1.14,43.6,False
3529,600844,金煤科技,3.72,3.91,13.04,92.62,3.541115419238,0.2788136,65.26004742,492,1819,76.8,2026-08-24,5.05,50.1,False
3530,600845,宝信软件,17.23,0.47,0.18,34.84,17.183943065408,0.1714436,67.71612539,-222,1166,84.8,2026-08-24,0.27,57.4,False
3531,600846,同济科技,11.4,-0.18,0.25,28.88,11.059868036553,0.2211616,64.20702628,388,2083,70.4,2026-08-24,3.08,45.2,False
3532,600847,万里股份,12.71,1.11,0.81,-26.57,12.539783731991,0.0490232,55.75956165,-513,4533,66.8,2026-08-24,1.36,37.2,False
3533,600848,上海临港,8.51,0.83,0.09,63.99,8.424996143242,0.119052,67.56023158,-725,1199,70.4,2026-08-24,1.01,47.6,False
3534,600850,电科数字,14.49,2.4,0.69,117.16,14.210385027956,0.1866136,62.24159411,-937,2701,80.4,2026-08-24,1.97,50.0,False
3535,600851,海欣股份,8.42,-0.24,0.67,39.29,8.512903577367,0.1883368,61.4229762,-344,2996,70.8,2026-08-24,-1.09,43.5,False
3536,600853,龙建股份,3.33,1.83,0.56,22.91,3.257004526986,0.2502816,71.87539278,405,453,72.4,2026-08-24,2.24,52.0,False
3537,600854,春兰股份,4.61,1.77,0.68,407.95,4.518022608765,0.161872,64.12799734,-1023,2111,66.4,2026-08-24,2.04,42.6,False
3538,600855,航天长峰,11.8,0.08,0.62,-37.09,11.80334147648,0.1273496,53.34772349,65,4905,74.4,2026-08-24,-0.03,39.7,False
3539,600857,宁波中百,19.23,-0.36,1.33,186.33,19.688498121019,0.24795,68.22130464,-563,1047,74.4,2026-08-24,-2.33,50.8,False
3540,600858,银座股份,4.89,1.45,1.14,17.13,4.833619704155,0.0921352,61.93516543,-11,2830,68.8,2026-08-24,1.17,42.6,False
3541,600859,王府井,9.9,2.17,0.87,53.87,9.689344217755,0.1762688,59.31122033,139,3661,77.2,2026-08-24,2.17,45.8,False
3542,600860,京城股份,8.3,-3.15,1.79,-36.28,8.646722601497,0.2164796,68.76508548,2268,942,87.2,2026-08-24,-4.01,60.0,False
3543,600861,北京人力,13.13,1.47,0.17,7.08,12.894496429354,0.0834588,62.54573157,181,2594,68.8,2026-08-24,1.83,43.0,False
3544,600862,中航高科,17.36,-0.86,0.23,24.09,17.54395778922,0.308548,69.51797595,1609,783,74.0,2026-08-24,-1.05,51.4,False
3545,600863,华能蒙电,4.63,-2.11,0.92,13.06,4.828817984363,0.303056,63.90772119,856,2191,84.4,2026-08-24,-4.12,53.9,False
3546,600864,哈投股份,5.45,0.18,0.54,14.03,5.402377401591,0.3598408,64.34906276,281,2045,79.6,2026-08-24,0.88,51.2,False
3547,600865,百大集团,8.66,1.76,1.12,143.16,8.486856440957,0.1027256,57.5581937,-820,4164,71.2,2026-08-24,2.04,41.0,False
3548,600866,星湖科技,4.27,0.95,0.58,50.16,4.204482535743,0.2571224,60.20989473,-1166,3385,74.0,2026-08-24,1.56,44.6,False
3549,600867,通化东宝,8.08,1.64,0.95,26.76,7.994007892376,0.2516876,71.61363144,366,478,80.8,2026-08-24,1.08,57.9,False
3550,600868,梅雁吉祥,2.76,0.36,0.98,-89.11,2.747505987326,0.289996,54.23335843,45,4787,75.6,2026-08-24,0.45,41.0,False
3551,600869,远东股份,15.99,-1.05,5.28,86.39,15.742689805922,0.35316,74.27526391,-96,235,86.0,2026-08-24,1.57,63.9,False
3552,600871,石化油服,2.23,0.9,0.48,41.48,2.192450510378,0.3367144,64.52829311,-1145,1996,77.6,2026-08-24,1.71,50.1,False
3553,600872,中炬高新,18.4,1.21,0.62,17.2,18.222149235624,0.2039856,65.94456708,-642,1640,80.8,2026-08-24,0.98,53.3,False
3554,600873,梅花生物,7.8,-0.89,0.34,16.52,7.834281941317,0.2535552,69.77475605,82,731,81.6,2026-08-24,-0.44,56.9,False
3555,600874,创业环保,5.57,0.0,0.19,7.91,5.565027520881,0.2387992,69.72559711,-447,741,73.2,2026-08-24,0.09,51.0,False
3556,600875,东方电气,25.24,-0.75,0.38,13.76,25.480086881783,0.2928308,67.31059237,-679,1268,87.2,2026-08-24,-0.94,58.7,False
3557,600876,凯盛新能,7.04,1.0,0.25,-3.22,6.978320848375,0.0861184,57.73396083,688,4122,70.8,2026-08-24,0.88,40.9,False
3558,600877,电科芯片,11.75,-1.34,0.47,-552.72,11.966213201374,0.153996,52.07344801,-76,5010,73.6,2026-08-24,-1.81,38.3,False
3559,600879,航天电子,13.99,-0.43,0.74,368.93,14.066770482981,0.2136444,57.29430152,-272,4220,82.8,2026-08-24,-0.55,47.4,False
3560,600880,博瑞传播,3.85,1.85,0.62,150.59,3.775079291434,0.154966,59.78160199,-803,3512,74.0,2026-08-24,1.98,44.2,False
3561,600881,亚泰集团,1.87,0.0,2.46,-6.73,1.88600134332,0.2899396,52.54498719,-77,4976,84.0,2026-08-24,-0.85,44.1,False
3562,600882,妙可蓝多,20.18,1.77,0.64,33.92,19.817416220571,0.115178,64.8217058,-146,1909,78.4,2026-08-24,1.83,50.8,False
3563,600883,博闻科技,7.9,2.46,1.27,45.47,7.71011577497,0.1226568,61.96686098,-959,2815,68.8,2026-08-24,2.46,42.6,False
3564,600884,杉杉股份,11.91,-1.57,0.98,20.2,12.111566448436,0.3383476,66.57629732,110,1454,80.8,2026-08-24,-1.66,53.8,False
3565,600885,宏发股份,33.95,-0.32,0.25,22.73,34.21710149458,0.2334384,72.58675097,-277,373,87.2,2026-08-24,-0.78,63.3,False
3566,600886,国投电力,13.97,0.22,0.13,13.2,13.891748156207,0.26162,69.35123547,-444,830,82.8,2026-08-24,0.56,57.4,False
3567,600887,伊利股份,25.89,0.19,0.35,7.59,25.742285860151,0.4241168,74.35723191,388,228,92.8,2026-08-24,0.57,69.0,False
3568,600888,新疆众和,10.13,-3.8,2.65,15.05,10.560418519634,0.3831128,72.55532051,459,376,79.2,2026-08-24,-4.08,57.5,False
3569,600889,*ST京化,13.11,1.55,0.16,81.97,12.98885984364,0.2743732,55.83932594,205,4517,72.0,2026-08-24,0.93,40.2,False
3570,600892,大晟文化,3.84,1.59,2.22,-31.49,3.808166293381,0.22619254902,54.74318113,-963,4719,77.2,2026-08-24,0.84,42.3,False
3571,600893,航发动力,35.82,-2.13,0.47,326.5,36.764783539421,0.3371668,65.10764715,-320,1848,86.4,2026-08-24,-2.57,56.3,False
3572,600894,广日股份,7.24,-6.22,1.03,23.35,7.750350567308,0.1048832,66.81636293,-399,1383,68.4,2026-08-24,-6.58,45.7,False
3573,600895,张江高科,30.19,-0.53,0.94,70.97,30.567563936693,0.3094856,65.40991947,134,1784,88.4,2026-08-24,-1.24,57.8,False
3574,600897,厦门空港,14.62,1.11,0.19,12.98,14.530853658537,0.1265936,64.94356489,-79,1883,67.6,2026-08-24,0.61,43.9,False
3575,600900,长江电力,28.26,0.39,0.17,25.57,28.101408725875,0.4682144,73.03194867,-219,331,94.4,2026-08-24,0.56,68.9,False
3576,600901,江苏金租,6.59,-0.6,0.22,11.17,6.60256010365,0.2198324,66.31957222,-802,1534,73.6,2026-08-24,-0.19,48.8,False
3577,600903,贵州燃气,6.19,2.15,1.75,17.77,6.044560968713,0.1852772,59.91113166,-1931,3482,72.4,2026-08-24,2.41,43.4,False
3578,600905,三峡能源,3.71,0.27,0.12,25.49,3.70143491761,0.4151228,66.72229373,1439,1406,77.2,2026-08-24,0.23,51.5,False
3579,600906,财达证券,6.37,-0.78,0.49,13.49,6.41773080596,0.2421044,60.87175674,51,3173,68.8,2026-08-24,-0.74,41.9,False
3580,600908,无锡银行,5.48,-0.9,0.51,4.74,5.475072008117,0.3125376,72.83914255,543,351,71.6,2026-08-24,0.09,52.2,False
3581,600909,华安证券,8.03,-1.95,1.08,9.62,8.171834689838,0.3395528,66.47894112,277,1477,77.6,2026-08-24,-1.74,51.6,False
3582,600916,中国黄金,7.95,-2.09,4.09,20.39,8.172299615693,0.3299908,73.09494208,-304,323,90.8,2026-08-24,-2.72,66.4,False
3583,600917,重庆燃气,4.83,0.84,0.18,50.24,4.783224945641,0.239042,66.61086243,856,1445,67.6,2026-08-24,0.98,45.0,False
3584,600918,中泰证券,5.67,1.43,0.69,12.81,5.574217540416,0.3721916,68.96340688,1118,899,77.6,2026-08-24,1.72,53.5,False
3585,600919,江苏银行,12.13,0.0,0.21,5.09,12.118760575712,0.4710492,77.81605425,628,57,86.8,2026-08-24,0.09,67.5,False
3586,600925,苏能股份,4.46,0.22,0.64,39.28,4.430743292666,0.2660648,64.25497672,2260,2074,66.8,2026-08-24,0.66,42.9,False
3587,600926,杭州银行,16.73,-0.54,0.18,4.57,16.814394324156,0.3263292,68.26252407,293,1042,81.2,2026-08-24,-0.5,55.4,False
3588,600927,永安期货,12.92,0.54,0.18,24.15,12.933780254777,0.1114884,61.02476122,346,3119,67.6,2026-08-24,-0.11,41.3,False
3589,600928,西安银行,3.59,0.28,0.24,5.28,3.561429139227,0.2290604,69.83832035,1339,722,70.0,2026-08-24,0.8,48.9,False
3590,600929,雪天盐业,5.2,0.0,0.54,53.85,5.209259295897,0.2174548,67.04349105,-26,1334,68.0,2026-08-24,-0.18,45.6,False
3591,600930,华电新能,3.94,-0.51,0.28,19.93,3.936086366471,0.3563516,64.28753223,393,2065,80.4,2026-08-24,0.1,51.7,False
3592,600933,爱柯迪,13.85,0.07,0.27,16.29,13.776339629776,0.16993,64.11560485,-913,2114,69.2,2026-08-24,0.53,44.4,False
3593,600935,华塑股份,2.29,1.78,0.26,-132.25,2.24608507049,0.2214252,55.33779782,-85,4612,65.2,2026-08-24,1.96,36.1,False
3594,600936,北投科技,5.09,9.94,5.33,81.23,4.711341983628,0.2815212,55.98163766,-1926,4492,80.4,2026-08-24,8.04,45.0,False
3595,600938,中国海油,33.78,0.18,0.61,10.25,33.580059075636,0.338214,74.89481577,-159,182,89.6,2026-08-24,0.6,67.1,False
3596,600939,重庆建工,2.65,2.71,0.34,-33.56,2.573069190148,0.1095864,63.68141443,191,2262,70.0,2026-08-24,2.99,44.6,False
3597,600941,中国移动,98.88,1.38,0.83,13.58,97.657930323175,0.4073904,80.40435766,18,17,91.2,2026-08-24,1.25,73.3,False
3598,600955,维远股份,12.45,0.0,0.27,-152.84,12.494559771492,0.083338,58.17835479,26,3996,64.8,2026-08-24,-0.36,37.7,False
3599,600956,新天绿能,7.07,0.28,0.12,11.12,7.035691106415,0.1403732,62.61078119,493,2572,70.0,2026-08-24,0.49,43.8,False
3600,600958,东方证券,8.93,0.0,0.18,8.4,8.916236215735,0.4537348,67.48854168,681,1219,84.8,2026-08-24,0.15,57.2,False
3601,600959,江苏有线,3.04,1.0,0.21,73.09,3.010934876303,0.2776912,58.48601313,20,3899,69.2,2026-08-24,0.97,40.5,False
3602,600960,渤海汽车,4.05,1.76,0.43,-142.47,3.969331043127,0.1657976,54.07076076,7,4807,69.6,2026-08-24,2.03,37.6,False
3603,600961,株冶集团,25.9,-6.9,4.96,7.13,28.032472314711,0.3600072,71.62765727,599,475,90.4,2026-08-24,-7.61,64.8,False
3604,600962,国投中鲁,25.52,-1.62,1.46,392.78,26.374231730692,0.3544552,69.49902141,1902,786,74.0,2026-08-24,-3.24,51.4,False
3605,600963,岳阳林纸,3.37,1.51,1.05,114.62,3.320104064505,0.2304344,58.29970397,-86,3959,75.2,2026-08-24,1.5,43.8,False
3606,600965,*ST福成,2.76,0.36,0.52,26.27,2.734287605589,0.1855236,64.20512937,142,2084,74.0,2026-08-24,0.94,47.5,False
3607,600966,博汇纸业,4.94,4.0,0.9,29.82,4.740085198746,0.115754,60.17902312,-1185,3394,68.8,2026-08-24,4.22,41.4,False
3608,600967,内蒙一机,11.03,1.19,0.59,33.93,10.845499071774,0.24159,63.96158311,-756,2171,81.2,2026-08-24,1.7,51.9,False
3609,600968,海油发展,4.0,-0.5,0.16,15.95,4.006134007899,0.320568,73.86748664,426,266,76.8,2026-08-24,-0.15,56.7,False
3610,600969,郴电国际,8.58,0.23,0.65,30.55,8.551500820023,0.1554844,59.54299479,-1579,3588,69.6,2026-08-24,0.33,41.4,False
3611,600970,中材国际,7.88,0.77,0.24,11.36,7.790961794267,0.1893812,73.66609802,705,277,77.6,2026-08-24,1.14,57.2,False
3612,600971,恒源煤电,8.67,-0.12,1.51,32.26,8.653825739268,0.1497748,67.65992172,139,1180,80.8,2026-08-24,0.19,54.7,False
3613,600973,宝胜股份,6.17,1.82,0.58,42.6,6.043395841752,0.2297628,60.30732136,-1017,3352,80.4,2026-08-24,2.09,48.5,False
3614,600975,新五丰,4.96,2.27,0.82,-4.11,4.82543959867,0.2269412,59.00558098,-186,3752,78.8,2026-08-24,2.79,46.5,False
3615,600976,健民集团,27.59,0.04,0.47,11.94,27.50853718649,0.2560064,66.4831411,1151,1476,70.8,2026-08-24,0.3,47.1,False
3616,600977,中国电影,12.09,1.26,0.64,-102.54,11.982459282652,0.29285,62.11912353,-261,2751,78.4,2026-08-24,0.9,48.7,False
3617,600979,广安爱众,3.91,0.77,1.05,30.38,3.852772863108,0.3122024,59.85029997,1184,3493,70.0,2026-08-24,1.49,41.9,False
3618,600980,北矿科技,19.67,-1.3,0.7,27.85,19.911329363308,0.084534,70.21225599,-434,668,75.6,2026-08-24,-1.21,53.1,False
3619,600981,苏豪汇鸿,2.46,2.07,0.45,-41.85,2.404195693645,0.2041272,62.25095489,777,2697,64.8,2026-08-24,2.32,40.3,False
3620,600982,宁波能源,4.79,0.63,0.59,18.46,4.763243556379,0.255636,58.6708327,160,3855,71.6,2026-08-24,0.56,42.0,False
3621,600983,惠而浦,7.74,-2.03,0.24,16.73,7.850554002097,0.1139728,67.48828562,-15,1220,68.4,2026-08-24,-1.41,46.2,False
3622,600984,建设机械,4.94,10.02,1.06,-5.56,4.396071430115,0.189788,62.81982724,579,2524,74.0,2026-08-24,12.37,46.5,False
3623,600985,淮北矿业,17.86,-0.72,0.38,24.49,18.059045387367,0.3681976,69.86013631,423,718,84.4,2026-08-24,-1.1,59.0,False
3624,600986,浙文互联,6.97,1.16,1.3,-114.14,6.890907586053,0.2257404,61.19340026,700,3064,86.4,2026-08-24,1.15,52.9,False
3625,600987,航民股份,6.54,0.77,0.24,11.12,6.489136564775,0.1826192,73.91472063,-2,262,68.0,2026-08-24,0.78,50.3,False
3626,600988,赤峰黄金,46.31,-5.04,3.5,22.26,49.448316724256,0.4496076,76.54020541,-30,96,94.8,2026-08-24,-6.35,72.6,False
3627,600989,宝丰能源,23.32,0.43,0.5,8.79,23.260825497105,0.3868628,73.98023419,-238,260,90.4,2026-08-24,0.25,66.9,False
3628,600990,四创电子,17.7,0.63,0.4,-17.81,17.66866963512,0.145532,52.2302888,-93,4998,74.8,2026-08-24,0.18,39.1,False
3629,600992,贵绳股份,9.68,1.47,1.0,-10.86,9.564125845976,0.0837164,52.56674636,107,4974,72.8,2026-08-24,1.21,38.3,False
3630,600993,马应龙,23.03,1.32,0.46,11.67,22.651110354121,0.2408052,71.98028699,154,439,80.8,2026-08-24,1.67,58.2,False
3631,600995,南网储能,12.23,-0.08,0.12,17.57,12.29707665251,0.1916672,64.73228143,-857,1936,76.0,2026-08-24,-0.55,49.2,False
3632,600996,贵广网络,6.61,3.28,1.85,-7.75,6.434726344074,0.212966,52.76220241,79,4961,71.2,2026-08-24,2.72,37.6,False
3633,600997,开滦股份,5.67,0.18,0.54,-20.6,5.623146006721,0.1296896,74.71796738,1200,195,72.8,2026-08-24,0.83,54.4,False
3634,600998,九州通,4.9,-0.41,0.28,10.29,4.89434891152,0.2248408,76.06101019,795,116,76.8,2026-08-24,0.12,58.4,False
3635,600999,招商证券,17.61,-1.4,0.27,11.71,17.848506114345,0.3456292,68.21788127,28,1048,80.8,2026-08-24,-1.34,55.1,False
3636,601000,唐山港,4.55,0.22,0.28,14.32,4.522289812545,0.2217932,71.55250856,1014,487,76.8,2026-08-24,0.61,55.0,False
3637,601001,晋控煤业,17.82,3.13,1.09,22.02,17.220049658821,0.3015524,72.03612343,1300,430,76.0,2026-08-24,3.48,54.7,False
3638,601002,晋亿实业,5.28,0.96,0.38,17.63,5.215458508182,0.2096104,64.14087151,-32,2104,70.8,2026-08-24,1.24,45.4,False
3639,601003,柳钢股份,3.63,0.55,0.28,101.38,3.593984937655,0.2622812,67.972876,626,1112,78.4,2026-08-24,1.0,53.3,False
3640,601005,重庆钢铁,1.2,0.84,0.35,-14.48,1.185288617682,0.541692,52.92900697,-466,4945,76.0,2026-08-24,1.24,40.2,False
3641,601006,大秦铁路,4.74,0.85,0.3,11.06,4.682642196426,0.4208976,73.34040288,1024,305,87.2,2026-08-24,1.22,64.0,False
3642,601007,金陵饭店,6.84,2.09,1.21,80.08,6.69990377408,0.1970552,64.02899288,-1055,2154,71.2,2026-08-24,2.09,45.6,False
3643,601008,连云港,4.49,2.98,1.48,36.81,4.369170932605,0.2194936,68.07301055,-129,1085,81.2,2026-08-24,2.77,55.3,False
3644,601009,南京银行,11.78,0.0,0.25,5.33,11.832273166349,0.3369196,68.76513264,86,941,84.8,2026-08-24,-0.44,58.3,False
3645,601010,ST文峰,1.42,0.71,0.54,14.04,1.412496677838,0.4275604,53.12186515,-555,4927,69.6,2026-08-24,0.53,37.0,False
3646,601011,宝泰隆,2.88,-4.0,4.42,-23.42,2.939952038471,0.2792208,74.82721622,1510,188,90.0,2026-08-24,-2.04,67.3,False
3647,601012,隆基绿能,12.07,-0.66,0.35,-11.91,12.265422253429,0.2960256,58.76143288,-1438,3821,76.4,2026-08-24,-1.59,44.9,False
3648,601015,陕西黑猫,3.58,-2.72,3.42,-5.84,3.660138330645,0.2442264,76.63953823,1857,92,90.8,2026-08-24,-2.19,69.6,False
3649,601016,节能风电,3.37,0.0,0.57,27.03,3.366472301788,0.3092352,58.22540155,337,3978,75.2,2026-08-24,0.1,43.8,False
3650,601018,宁波港,3.46,0.87,0.13,14.38,3.425591705552,0.3083484,69.72507985,1326,742,78.8,2026-08-24,1.0,54.9,False
3651,601019,山东出版,7.06,1.44,0.19,11.22,6.923584970034,0.0863376,63.08209389,577,2459,66.8,2026-08-24,1.97,42.1,False
3652,601020,华钰矿业,21.55,-7.47,3.55,144.57,22.849770270533,0.4184248,77.76048185,296,58,83.2,2026-08-24,-5.69,64.7,False
3653,601021,春秋航空,43.6,0.3,0.14,10.85,43.482721820443,0.2914368,65.81882011,-476,1682,74.8,2026-08-24,0.27,49.2,False
3654,601022,宁波远洋,8.31,-1.66,0.38,21.64,8.408722519294,0.1895412,67.34201275,-421,1261,74.0,2026-08-24,-1.17,49.8,False
3655,601026,道生天合,15.4,-0.52,1.34,56.8,15.511422199701,0.1596612,66.17102921,-122,1576,71.6,2026-08-24,-0.72,47.4,False
3656,601033,永兴股份,14.22,-0.49,0.47,13.48,14.23793463393,0.0966428,65.75076636,-839,1692,66.0,2026-08-24,-0.13,43.4,False
3657,601038,一拖股份,12.83,-0.77,0.36,6.41,12.866550576475,0.1662108,74.56345583,288,211,74.0,2026-08-24,-0.28,55.2,False
3658,601058,赛轮轮胎,13.88,-0.22,0.21,10.8,13.910517703699,0.2667648,77.01206776,221,79,80.8,2026-08-24,-0.22,62.2,False
3659,601059,信达证券,16.42,-0.67,0.08,24.26,16.48155464916,0.4048808,62.85908479,189,2514,74.8,2026-08-24,-0.37,47.0,False
3660,601061,中信金属,11.37,-2.07,0.32,10.42,11.727762251983,0.2455696,72.26960336,-342,402,74.8,2026-08-24,-3.05,54.1,False
3661,601065,江盐集团,6.86,0.44,0.36,50.18,6.794724053567,0.2533004,64.6916823,15,1946,66.4,2026-08-24,0.96,43.0,False
3662,601066,中信建投,24.42,-1.49,0.12,12.4,24.789148870362,0.3564228,69.12777446,1605,873,80.4,2026-08-24,-1.49,55.6,False
3663,601068,中铝国际,4.49,0.67,0.2,62.62,4.433501873773,0.1475252,66.33390077,1526,1526,77.2,2026-08-24,1.27,51.2,False
3664,601069,西部黄金,31.3,-8.16,3.87,26.08,32.713749761307,0.3801292,83.86531355,9,1,92.8,2026-08-24,-4.32,77.8,False
3665,601077,渝农商行,6.95,-1.28,0.34,4.83,6.982544980974,0.3040124,72.3405603,1345,397,74.4,2026-08-24,-0.47,53.8,False
3666,601083,锦江航运,13.07,-0.31,14.16,12.61,12.835545138733,0.3500092,78.03083321,6,52,76.4,2026-08-24,1.83,59.6,False
3667,601086,国芳集团,7.54,1.34,0.66,30.19,7.438702447656,0.1012008,63.02747358,-231,2475,80.8,2026-08-24,1.36,50.9,False
3668,601088,中国神华,47.17,0.6,0.09,23.98,46.818908222259,0.3412064,76.13503302,464,111,94.0,2026-08-24,0.75,71.6,False
3669,601089,福元医药,16.05,0.25,0.37,20.69,16.255848469411,0.1444748,65.88239777,-328,1661,73.6,2026-08-24,-1.27,48.5,False
3670,601096,宏盛华源,4.18,0.72,0.61,30.45,4.128792340919,0.277828,67.74126455,1618,1162,68.8,2026-08-24,1.24,46.6,False
3671,601098,中南传媒,10.31,0.98,0.2,12.2,10.270670640694,0.1281888,66.79323012,239,1392,72.0,2026-08-24,0.38,48.1,False
3672,601099,太平洋,3.38,0.3,0.47,236.24,3.371451552059,0.4464548,61.68089094,266,2922,80.0,2026-08-24,0.25,49.3,False
3673,601100,恒立液压,102.11,-2.85,0.23,47.66,105.159683347446,0.2410908,73.00116188,-121,335,80.8,2026-08-24,-2.9,59.0,False
3674,601101,昊华能源,13.18,-2.44,2.14,12.74,13.184640747312,0.3003332,79.70308972,322,26,86.0,2026-08-24,-0.04,68.5,False
3675,601106,中国一重,3.03,1.0,0.32,2675.35,3.017659583532,0.244102,57.0853267,-812,4272,74.8,2026-08-24,0.41,42.7,False
3676,601107,四川成渝,5.75,3.23,0.35,9.62,5.552253798423,0.13141,64.79495256,257,1918,72.0,2026-08-24,3.56,46.7,False
3677,601108,财通证券,8.34,-0.48,0.4,15.69,8.397499673108,0.3645764,71.11076575,133,541,79.2,2026-08-24,-0.68,56.3,False
3678,601111,中国国航,5.89,0.17,0.19,17.6,5.852376762322,0.4298576,68.13067084,1982,1069,80.8,2026-08-24,0.64,55.0,False
3679,601112,振石股份,14.98,-0.2,0.67,28.04,15.039569465614,0.124204,65.66429228,31,1717,66.4,2026-08-24,-0.4,43.6,False
3680,601113,华鼎股份,3.42,1.48,0.6,132.97,3.356151280436,0.2091008,54.45198962,123,4755,66.0,2026-08-24,1.9,35.9,False
3681,601116,三江购物,10.67,3.29,1.94,24.29,10.362131822152,0.2043392,65.99395263,6,1630,86.4,2026-08-24,2.97,57.0,False
3682,601117,中国化学,7.52,0.27,0.41,7.32,7.494122677525,0.443586,68.21095126,-674,1051,75.2,2026-08-24,0.35,51.3,False
3683,601118,海南橡胶,6.25,-0.48,2.72,-50.44,6.276088131716,0.3751944,67.89038325,749,1126,90.4,2026-08-24,-0.42,61.4,False
3684,601121,宝地矿业,7.24,-2.43,0.9,48.2,7.422105744015,0.16392,67.15117615,-1020,1308,71.6,2026-08-24,-2.45,48.1,False
3685,601126,四方股份,43.33,-1.84,1.03,33.34,44.452348705644,0.281282,64.58982164,-1462,1974,83.6,2026-08-24,-2.52,54.0,False
3686,601127,赛力斯,49.74,-0.02,0.4,-25.23,49.8025432806,0.335536,66.02028185,91,1618,87.6,2026-08-24,-0.13,57.8,False
3687,601128,常熟银行,6.29,-0.32,0.63,4.76,6.295367699775,0.3698856,72.54478881,1210,379,75.2,2026-08-24,-0.09,54.6,False
3688,601133,柏诚股份,24.33,-3.45,0.98,102.98,24.883698002855,0.161668,61.69897992,487,2916,75.2,2026-08-24,-2.23,46.4,False
3689,601136,首创证券,13.73,0.22,0.08,47.71,13.74491990103,0.193198,60.79110139,528,3195,74.8,2026-08-24,-0.11,45.5,False
3690,601137,博威合金,19.73,1.75,1.89,22.96,19.327054412463,0.3498324,69.57662015,720,767,76.0,2026-08-24,2.08,52.9,False
3691,601138,工业富联,59.84,-0.93,0.2,25.01,60.600429056986,0.38121,72.73957305,-266,360,92.8,2026-08-24,-1.25,67.5,False
3692,601139,深圳燃气,6.35,0.95,0.25,11.74,6.297238826756,0.1536004,73.07681834,62,326,73.2,2026-08-24,0.84,53.5,False
3693,601155,新城控股,11.14,2.67,0.48,20.16,10.871305448441,0.3672604,69.58452514,1074,766,80.4,2026-08-24,2.47,55.9,False
3694,601156,东航物流,18.75,0.43,0.44,12.87,18.864910280395,0.1830424,74.02374768,449,255,75.2,2026-08-24,-0.61,55.7,False
3695,601158,重庆水务,4.15,0.73,0.07,18.48,4.113933950879,0.1687116,67.18684348,514,1301,69.2,2026-08-24,0.88,46.5,False
3696,601162,天风证券,3.61,0.0,0.38,40669.26,3.607402099771,0.3911652,58.34772084,-706,3943,81.2,2026-08-24,0.07,47.4,False
3697,601163,三角轮胎,12.97,1.17,0.13,11.91,12.861794266442,0.0971232,70.92752341,1259,568,68.4,2026-08-24,0.84,48.5,False
3698,601166,兴业银行,18.13,-0.82,0.3,4.02,18.199663241467,0.4646572,68.71816298,413,947,91.2,2026-08-24,-0.38,62.7,False
3699,601168,西部矿业,35.53,-3.19,1.28,10.15,37.025112070728,0.4119648,80.23289486,-6,18,92.4,2026-08-24,-4.04,74.1,False
3700,601169,北京银行,5.16,-0.19,0.29,3.37,5.147167946252,0.4619196,72.78137194,1602,355,84.0,2026-08-24,0.25,61.1,False
3701,601177,杭齿前进,13.48,-2.25,2.79,17.31,14.109611746102,0.2456644,66.09766355,-1198,1597,89.2,2026-08-24,-4.46,59.0,False
3702,601179,中国西电,12.72,-0.08,0.52,47.38,12.72022271836,0.2744356,59.20862714,-60,3691,80.8,2026-08-24,-0.0,47.8,False
3703,601186,中国铁建,6.05,0.33,0.1,4.68,6.021424920673,0.3807992,73.62094298,495,284,80.8,2026-08-24,0.47,59.5,False
3704,601187,厦门银行,7.37,-0.54,0.25,7.01,7.35951412687,0.2460108,68.01406574,2462,1094,71.2,2026-08-24,0.14,48.4,False
3705,601188,龙江交通,2.9,2.11,0.82,17.64,2.837531270329,0.2393404,61.07636003,-244,3108,68.4,2026-08-24,2.2,41.8,False
3706,601198,东兴证券,13.62,-0.37,0.19,21.48,13.642322746656,0.3620424,64.14651399,3,2101,79.6,2026-08-24,-0.16,51.1,False
3707,601199,江南水务,6.26,-2.03,0.48,16.97,6.387448749317,0.2151256,66.72218168,-879,1407,74.4,2026-08-24,-2.0,49.6,False
3708,601200,上海环境,7.0,1.01,0.3,15.0,6.919648148177,0.2043504,63.98546769,172,2165,68.0,2026-08-24,1.16,43.5,False
3709,601208,东材科技,42.13,-3.64,2.25,68.27,43.813024560291,0.3500744,62.05515808,-1508,2784,88.0,2026-08-24,-3.84,54.6,False
3710,601211,国泰海通,17.43,-1.19,0.22,7.56,17.599183340584,0.3694348,70.86181409,-358,577,84.8,2026-08-24,-0.96,60.1,False
3711,601212,白银有色,6.49,-3.13,6.84,80.1,6.669812752368,0.5150456,79.34971908,2,28,95.6,2026-08-24,-2.7,75.9,False
3712,601216,君正集团,4.46,0.9,0.31,13.11,4.407306635056,0.2862332,69.22710706,180,856,78.4,2026-08-24,1.2,54.3,False
3713,601218,吉鑫科技,4.42,4.0,2.09,17.97,4.283412126279,0.173502,60.15244204,532,3405,80.4,2026-08-24,3.19,48.4,False
3714,601222,林洋能源,5.51,0.55,0.33,46.7,5.471332837282,0.201496,59.96622738,464,3461,72.4,2026-08-24,0.71,43.4,False
3715,601225,陕西煤业,26.46,-0.15,0.16,15.23,26.42506122638,0.3195336,76.80763541,202,84,89.2,2026-08-24,0.13,68.5,False
3716,601226,华电科工,6.24,1.79,0.53,-34.73,6.125672848165,0.207842,66.64053523,1364,1432,71.2,2026-08-24,1.87,47.4,False
3717,601228,广州港,3.09,1.31,0.21,20.97,3.046562226898,0.2300336,66.12204911,740,1591,68.0,2026-08-24,1.43,45.0,False
3718,601229,上海银行,9.78,-0.91,0.21,5.49,9.888502180171,0.355816,71.02468386,1286,560,82.8,2026-08-24,-1.1,58.8,False
3719,601231,环旭电子,25.7,-0.77,0.38,37.34,26.099167123248,0.230442,65.10531704,79,1849,80.4,2026-08-24,-1.53,52.3,False
3720,601233,桐昆股份,24.04,-1.88,1.08,7.53,24.839791163905,0.35062,76.10766045,-57,113,83.2,2026-08-24,-3.22,63.3,False
3721,601236,红塔证券,6.8,0.29,0.09,40.72,6.766946769802,0.2466452,60.20561836,489,3386,73.6,2026-08-24,0.49,44.3,False
3722,601238,广汽集团,5.16,0.78,0.19,-20.04,5.143981513614,0.3150992,71.4323799,1201,505,84.0,2026-08-24,0.31,60.0,False
3723,601279,英利汽车,3.28,1.86,0.28,-47.53,3.213036160619,0.0927172,58.94183801,528,3772,68.4,2026-08-24,2.08,40.3,False
3724,601288,农业银行,6.9,0.58,0.06,8.03,6.843799248435,0.5054056,76.03549659,261,119,94.0,2026-08-24,0.82,71.5,False
3725,601298,青岛港,9.0,0.0,0.05,10.63,8.970145618181,0.1089852,68.27457699,94,1038,74.0,2026-08-24,0.33,50.5,False
3726,601311,骆驼股份,7.36,0.14,0.36,15.45,7.352594415653,0.2437556,60.86471224,-730,3174,72.8,2026-08-24,0.1,44.3,False
3727,601318,中国平安,54.77,-0.27,0.38,5.36,54.678300107497,0.5012652,82.53978182,21,5,93.6,2026-08-24,0.17,77.3,False
3728,601319,中国人保,7.07,0.43,0.11,8.87,7.012971962345,0.4131668,73.74417774,13,271,81.2,2026-08-24,0.81,59.9,False
3729,601326,秦港股份,3.41,0.59,0.24,11.14,3.374655220534,0.163182,71.14039415,1555,534,66.8,2026-08-24,1.05,47.5,False
3730,601328,交通银行,7.18,-0.28,0.25,6.06,7.197731775419,0.4136616,68.94270919,-9,908,90.4,2026-08-24,-0.25,62.3,False
3731,601330,绿色动力,7.06,0.71,0.35,12.22,6.983711766648,0.1959248,64.06904116,498,2133,69.6,2026-08-24,1.09,44.6,False
3732,601333,广深铁路,2.94,0.68,0.64,8.98,2.903689040796,0.414922,74.2291993,795,237,73.6,2026-08-24,1.25,54.6,False
3733,601336,新华保险,58.93,-0.84,0.44,7.07,59.349884237871,0.446516,73.88138437,683,263,82.4,2026-08-24,-0.71,60.9,False
3734,601339,百隆东方,7.7,-0.65,0.18,10.32,7.786569022127,0.1252,69.07154847,21,882,71.6,2026-08-24,-1.11,49.5,False
3735,601360,三六零,8.58,0.12,0.35,139.22,8.592954036137,0.2692516,63.87410988,504,2207,83.6,2026-08-24,-0.15,53.4,False
3736,601366,利群股份,3.67,4.56,1.99,131.13,3.551775696064,0.2053864,62.72829301,-22,2542,79.2,2026-08-24,3.33,49.7,False
3737,601368,绿城水务,4.63,0.87,0.23,40.43,4.578789935573,0.1776312,68.13689997,167,1065,66.8,2026-08-24,1.12,45.5,False
3738,601369,陕鼓动力,8.74,0.0,0.15,19.64,8.731739294175,0.271323333333,68.60809716,527,973,69.6,2026-08-24,0.09,47.8,False
3739,601375,中原证券,4.02,0.75,0.43,27.67,3.992495343975,0.3352636,61.54517132,1533,2960,74.0,2026-08-24,0.69,45.5,False
3740,601377,兴业证券,5.8,-0.17,0.19,11.76,5.804970297774,0.4900024,66.35159724,985,1520,78.8,2026-08-24,-0.09,52.3,False
3741,601388,怡球资源,3.37,0.6,2.41,16.45,3.335505729359,0.2335988,66.62292566,-673,1438,79.6,2026-08-24,1.03,53.0,False
3742,601390,中国中铁,4.37,0.23,0.21,6.15,4.339562885131,0.4509796,69.53126416,1201,779,79.6,2026-08-24,0.7,55.3,False
3743,601398,工商银行,7.93,0.51,0.05,8.13,7.87558452328,0.5189836,75.29096632,271,154,94.0,2026-08-24,0.69,70.8,False
3744,601399,国机重装,3.12,0.97,0.34,44.3,3.084346513338,0.3343028,61.78434279,265,2888,73.2,2026-08-24,1.16,45.2,False
3745,601456,国联民生,8.74,0.0,0.13,24.99,8.755606918065,0.322498,62.37601763,-1171,2655,74.8,2026-08-24,-0.18,46.7,False
3746,601500,通用股份,4.03,1.26,0.41,12.6,3.974993100351,0.2445436,68.41726149,182,1012,70.0,2026-08-24,1.38,47.9,False
3747,601512,中新集团,7.72,1.18,0.1,24.37,7.587107932172,0.044386,62.95966084,17,2491,64.4,2026-08-24,1.75,40.5,False
3748,601515,衢州东峰,3.36,1.51,0.28,-152.77,3.312814195623,0.2890476,54.04338321,252,4811,67.2,2026-08-24,1.42,36.3,False
3749,601518,吉林高速,2.79,1.09,0.6,11.45,2.755244324566,0.4366596,70.07255909,378,689,65.6,2026-08-24,1.26,46.0,False
3750,601519,大智慧,7.88,0.9,0.54,-132.45,7.807655927643,0.2752204,58.90427607,-1936,3787,77.2,2026-08-24,0.93,45.5,False
3751,601528,瑞丰银行,5.0,0.6,0.59,5.46,4.920382503743,0.3056448,74.54063724,1466,212,71.2,2026-08-24,1.62,53.1,False
3752,601555,东吴证券,7.9,0.13,0.22,12.25,7.923371841515,0.3487828,64.24590265,96,2077,78.0,2026-08-24,-0.29,50.1,False
3753,601566,九牧王,8.4,0.96,0.39,60.6,8.331935838786,0.0473104,63.10245635,-271,2452,69.6,2026-08-24,0.82,43.9,False
3754,601567,三星电气,14.48,0.63,0.47,30.4,14.566972387316,0.1851312,62.99598344,-695,2483,74.4,2026-08-24,-0.6,46.9,False
3755,601568,北元化工,3.77,0.27,0.19,182.76,3.738893461914,0.2144876,70.06031214,502,691,66.0,2026-08-24,0.83,46.2,False
3756,601577,长沙银行,9.62,-0.62,0.23,4.21,9.620876479467,0.2310244,70.1884669,663,671,70.8,2026-08-24,-0.01,49.7,False
3757,601579,会稽山,19.77,-2.18,2.69,36.84,19.595650989499,0.324358,79.74799104,273,25,82.0,2026-08-24,0.89,65.4,False
3758,601588,北辰实业,1.72,2.38,0.77,-3.29,1.683546410299,0.3372924,57.72187549,-760,4124,65.6,2026-08-24,2.17,37.9,False
3759,601595,上海电影,16.2,2.86,0.67,139.57,15.891335512707,0.1038076,63.54723161,-20,2315,75.2,2026-08-24,1.94,47.8,False
3760,601598,中国外运,6.62,0.15,0.13,17.42,6.603682974847,0.0860216,70.41075998,109,636,77.2,2026-08-24,0.25,54.4,False
3761,601599,浙文影业,3.04,1.33,0.67,49.31,3.00024659985,0.2363704,61.12107179,-1145,3086,67.6,2026-08-24,1.33,41.3,False
3762,601600,中国铝业,9.26,-2.53,0.58,7.19,9.460819950238,0.3990468,70.0364059,-572,696,83.6,2026-08-24,-2.12,58.6,False
3763,601601,中国太保,31.16,0.42,0.39,7.46,30.958628455171,0.3994416,75.42628702,11,144,84.0,2026-08-24,0.65,63.4,False
3764,601606,长城军工,31.72,3.9,4.11,-119.09,30.627860614482,0.2458664,61.48477705,1752,2983,88.0,2026-08-24,3.57,54.1,False
3765,601607,上海医药,16.3,0.68,0.16,10.66,16.176203789697,0.2132296,74.44570388,490,220,84.4,2026-08-24,0.77,62.8,False
3766,601608,中信重工,4.66,0.43,0.3,56.11,4.630929230796,0.2573484,66.32604732,136,1531,78.4,2026-08-24,0.63,52.0,False
3767,601609,金田股份,13.24,-1.05,2.23,25.87,13.264574432783,0.2948364,65.51245964,-1099,1753,94.0,2026-08-24,-0.19,61.6,False
3768,601611,中国核建,10.56,0.0,0.3,19.75,10.556126165871,0.2385772,61.19241387,27,3067,88.4,2026-08-24,0.04,54.1,False
3769,601615,明阳智能,10.61,0.09,0.48,243.27,10.63435996339,0.2613024,58.40994635,-1754,3923,76.0,2026-08-24,-0.23,44.4,False
3770,601616,广电电气,3.97,2.06,2.55,-36.01,3.881495967123,0.284818,65.85509768,108,1673,81.2,2026-08-24,2.28,53.5,False
3771,601618,中国中冶,2.58,0.78,0.19,8.17,2.570759710144,0.4440912,66.45422307,539,1485,78.0,2026-08-24,0.36,51.8,False
3772,601619,嘉泽新能,4.03,0.5,0.46,25.58,4.015704036576,0.2396568,61.70961482,-716,2914,74.4,2026-08-24,0.36,45.9,False
3773,601628,中国人寿,37.41,-0.61,0.09,13.55,37.559793893882,0.4696492,79.45845625,91,27,85.2,2026-08-24,-0.4,67.7,False
3774,601633,长城汽车,15.25,0.26,0.05,34.59,15.302406728017,0.2197264,73.07178846,661,327,79.2,2026-08-24,-0.34,57.9,False
3775,601636,旗滨集团,5.66,-1.22,0.49,319.23,5.737783986249,0.2772996,58.847452,-1448,3802,76.8,2026-08-24,-1.36,45.2,False
3776,601658,邮储银行,5.06,0.4,0.11,5.91,5.028155454254,0.4668428,73.70828643,1134,273,86.0,2026-08-24,0.63,63.4,False
3777,601665,齐鲁银行,6.55,-0.15,0.4,6.44,6.554611054164,0.3553252,71.19960698,147,528,74.8,2026-08-24,-0.07,53.3,False
3778,601666,平煤股份,9.67,-1.33,0.76,37.69,9.785986345197,0.2440524,71.94810534,1443,442,84.8,2026-08-24,-1.19,61.0,False
3779,601668,中国建筑,4.43,0.23,0.25,3.3,4.412595125896,0.4354684,72.00624697,81,434,88.8,2026-08-24,0.39,63.9,False
3780,601669,中国电建,4.63,0.22,0.22,10.22,4.615401155392,0.3991048,63.83195407,297,2218,75.2,2026-08-24,0.32,48.0,False
3781,601677,明泰铝业,16.32,-0.18,1.02,7.21,16.380998355201,0.24775,67.9218272,-190,1119,78.8,2026-08-24,-0.37,53.5,False
3782,601678,滨化股份,6.18,-2.37,2.12,25.41,6.357612306503,0.2889176,64.64861877,-930,1956,78.4,2026-08-24,-2.79,50.7,False
3783,601686,友发集团,5.23,0.58,0.18,13.89,5.181710538835,0.1850268,63.76141355,-1016,2237,63.2,2026-08-24,0.93,40.3,False
3784,601688,华泰证券,18.48,-0.86,0.24,8.69,18.612030039239,0.3850128,64.38671716,-794,2035,80.4,2026-08-24,-0.71,51.8,False
3785,601689,拓普集团,46.0,-0.65,0.36,36.22,46.652326262786,0.2947132,64.44251965,-296,2015,83.6,2026-08-24,-1.4,53.9,False
3786,601696,中银证券,11.48,-1.12,0.38,22.05,11.598765234505,0.2933808,56.65230362,259,4372,73.6,2026-08-24,-1.02,41.7,False
3787,601698,中国卫通,23.56,-0.84,0.22,440.12,23.883024882462,0.2078912,62.08160536,779,2770,81.2,2026-08-24,-1.35,50.4,False
3788,601699,潞安环能,16.88,0.18,0.84,17.55,16.795885946338,0.2427132,71.39167022,-123,510,86.0,2026-08-24,0.5,61.4,False
3789,601700,风范股份,7.65,-0.78,14.04,76.68,7.37577624534,0.5638688,70.44586611,3642,631,91.6,2026-08-24,3.72,64.5,False
3790,601702,华峰铝业,15.75,-2.36,0.45,14.11,15.991706747692,0.1675672,70.39072841,196,640,83.6,2026-08-24,-1.51,58.8,False
3791,601717,中创智领,15.02,-0.66,0.37,7.52,15.182055587889,0.2468988,70.58950198,236,606,80.8,2026-08-24,-1.07,57.0,False
3792,601718,ST际华,1.86,1.09,0.18,-14.06,1.827541319724,0.3670928,55.72648892,266,4539,74.0,2026-08-24,1.78,41.2,False
3793,601727,上海电气,6.46,0.16,0.1,65.97,6.4684898481,0.2535544,63.84665527,-1145,2213,75.2,2026-08-24,-0.13,48.0,False
3794,601728,中国电信,6.43,-0.62,0.06,15.02,6.485405737447,0.259534,72.30096042,-13,398,89.6,2026-08-24,-0.85,64.8,False
3795,601766,中国中车,6.11,0.49,0.19,10.97,6.070531481272,0.3861292,71.94644068,-79,443,88.8,2026-08-24,0.65,63.9,False
3796,601777,千里科技,8.08,1.13,0.25,233.22,8.006971311718,0.196428,60.61108496,991,3250,75.6,2026-08-24,0.91,45.8,False
3797,601778,晶科科技,3.58,-0.28,1.2,-25.87,3.620707002348,0.2720348,62.5461437,1985,2593,73.6,2026-08-24,-1.12,46.0,False
3798,601788,光大证券,14.3,0.35,0.15,14.79,14.258862680841,0.3159916,61.5153228,-891,2968,79.2,2026-08-24,0.29,48.7,False
3799,601789,宁波建工,4.24,1.19,1.2,12.88,4.178489531801,0.2801564,64.26178994,190,2072,82.4,2026-08-24,1.47,53.0,False
3800,601798,蓝科高新,7.76,1.17,0.73,55.92,7.6441437459,0.1248824,61.56772591,-1653,2954,72.4,2026-08-24,1.52,44.6,False
3801,601799,星宇股份,82.8,-1.05,0.6,16.65,83.463449515259,0.2172016,62.02107523,-618,2801,74.8,2026-08-24,-0.79,46.4,False
3802,601800,中国交建,5.92,0.85,0.12,5.85,5.876460915516,0.3628492,71.07070971,943,550,78.4,2026-08-24,0.74,55.7,False
3803,601801,皖新传媒,5.44,0.93,0.34,7.96,5.443994186543,0.1831288,60.20089152,-1546,3389,71.6,2026-08-24,-0.07,43.1,True
3804,601808,中海油服,12.46,0.56,0.25,17.37,12.351486370708,0.2269652,70.42584032,-467,634,81.2,2026-08-24,0.88,57.2,False
3805,601811,新华文轩,12.12,1.25,0.12,14.54,11.959282808262,0.074798,64.99855899,179,1872,68.4,2026-08-24,1.34,44.5,False
3806,601816,京沪高铁,4.92,0.2,0.1,19.15,4.896918892262,0.4089516,75.42095004,329,146,82.8,2026-08-24,0.47,62.4,False
3807,601818,光大银行,3.08,0.33,0.22,3.97,3.06044849863,0.5233084,71.92278174,429,448,85.2,2026-08-24,0.64,61.3,False
3808,601825,沪农商行,8.88,-0.34,0.14,5.96,8.875020110242,0.1935176,68.60079707,234,975,73.6,2026-08-24,0.06,50.5,False
3809,601827,三峰环境,8.26,0.0,0.09,8.03,8.267090721968,0.1605604,71.68211518,32,470,67.6,2026-08-24,-0.09,48.5,False
3810,601828,美凯龙,2.14,1.9,0.77,48.85,2.10908725622,0.269596,55.43893642,114,4596,69.2,2026-08-24,1.47,38.4,False
3811,601838,成都银行,18.85,-0.16,0.17,6.33,18.826052589761,0.3314336,69.76580654,357,734,80.8,2026-08-24,0.13,56.4,False
3812,601857,中国石油,11.24,0.63,0.03,10.64,11.17286110501,0.3766368,71.4546277,-440,502,91.2,2026-08-24,0.6,65.2,False
3813,601858,中国科传,21.24,-2.3,0.52,111.91,21.706752446282,0.2707188,68.42583776,414,1010,84.4,2026-08-24,-2.15,57.8,False
3814,601860,紫金银行,2.57,0.39,0.94,5.49,2.549079432939,0.4830744,62.55651672,789,2590,71.2,2026-08-24,0.82,44.5,False
3815,601865,福莱特,10.14,-1.36,0.31,155.69,10.430220758253,0.2268808,68.37309871,-363,1022,84.8,2026-08-24,-2.78,58.0,False
3816,601866,中远海发,2.39,-0.42,0.25,18.99,2.401641647537,0.360378,64.24390063,280,2078,76.4,2026-08-24,-0.48,49.1,False
3817,601868,XD中国能,2.51,0.4,0.16,19.09,2.505051279957,0.4713692,63.62284967,-536,2291,75.6,2026-08-24,0.2,48.1,False
3818,601869,长飞光纤,392.53,3.52,3.33,55.56,369.929260187752,0.4520808,80.18544896,30,19,93.6,2026-08-24,6.11,75.1,False
3819,601872,招商轮船,18.71,-1.53,0.7,13.67,19.312808289745,0.3978512,73.98897136,-222,258,89.2,2026-08-24,-3.12,66.0,False
3820,601877,正泰电器,25.86,-1.37,0.57,8.88,26.322410513174,0.3599252,71.94581085,1518,444,90.4,2026-08-24,-1.76,65.0,False
3821,601878,浙商证券,9.16,0.11,0.12,13.94,9.16731824401,0.3420724,61.75017586,306,2897,77.2,2026-08-24,-0.08,47.7,False
3822,601880,辽港股份,1.46,0.69,0.21,23.95,1.450811122847,0.4727516,69.30162519,262,838,73.2,2026-08-24,0.63,50.7,False
3823,601881,中国银河,11.99,-0.33,0.1,9.87,12.034176315208,0.3591512,62.6299285,-1032,2563,79.2,2026-08-24,-0.37,49.6,False
3824,601882,海天精工,19.61,-0.71,0.41,22.98,19.82030267887,0.1979968,67.4819923,66,1223,83.2,2026-08-24,-1.06,56.1,False
3825,601886,江河集团,13.45,1.66,1.91,17.3,13.365877803482,0.1614488,72.94074706,988,340,83.2,2026-08-24,0.63,60.7,False
3826,601888,中国中免,52.43,0.71,0.6,17.53,52.088108334075,0.3511604,69.15138789,13,869,86.8,2026-08-24,0.66,60.0,False
3827,601890,亚星锚链,8.66,2.61,1.96,27.19,8.437134457294,0.204278,66.18483528,-156,1573,81.2,2026-08-24,2.64,53.7,False
3828,601898,中煤能源,15.07,1.76,0.44,12.26,14.753043762433,0.2981688,80.45594305,86,16,84.8,2026-08-24,2.15,68.2,False
3829,601899,紫金矿业,33.49,-3.04,0.73,11.37,34.803893341072,0.5378756,78.70382015,-42,43,94.8,2026-08-24,-3.78,74.6,False
3830,601900,南方传媒,11.82,0.42,0.23,10.98,11.847020963846,0.1203816,67.85689939,-717,1135,74.4,2026-08-24,-0.23,50.5,False
3831,601901,方正证券,6.65,0.0,0.33,9.21,6.691716348972,0.413586,61.73241441,-1042,2905,78.8,2026-08-24,-0.62,48.6,False
3832,601908,京运通,2.99,1.36,0.62,-12.05,2.961547622255,0.2219432,51.16462198,-207,5065,74.0,2026-08-24,0.96,37.9,False
3833,601916,浙商银行,2.94,-0.34,0.27,3.37,2.941093190696,0.461992,68.59675717,1119,976,78.8,2026-08-24,-0.04,54.1,False
3834,601918,新集能源,10.57,-3.21,0.98,11.25,10.753493021469,0.3234664,74.05575778,86,249,78.8,2026-08-24,-1.71,58.4,False
3835,601919,中远海控,17.11,-1.78,0.48,11.11,17.333583746852,0.4561764,76.69135636,46,87,92.8,2026-08-24,-1.29,71.2,False
3836,601921,浙版传媒,7.45,1.09,0.17,12.81,7.38232537919,0.1294328,62.03360819,308,2793,74.8,2026-08-24,0.92,46.4,False
3837,601928,凤凰传媒,8.87,0.68,0.23,13.34,8.80167232362,0.1419564,67.32215233,1563,1264,76.0,2026-08-24,0.78,51.2,False
3838,601929,吉视传媒,2.29,1.33,1.02,-18.13,2.255143970666,0.247972,58.42492558,-155,3920,74.8,2026-08-24,1.55,43.7,False
3839,601933,永辉超市,3.06,2.0,0.99,53.94,3.014855260922,0.2785796,58.50476575,-532,3893,81.2,2026-08-24,1.5,47.5,False
3840,601939,建设银行,10.74,0.75,0.64,8.14,10.635457812848,0.4089564,73.65938858,466,278,92.4,2026-08-24,0.98,68.1,False
3841,601949,中国出版,5.22,2.35,0.31,-24.75,5.083503725922,0.0841052,61.10909711,1368,3093,72.4,2026-08-24,2.69,44.2,False
3842,601952,苏垦农发,8.99,2.04,1.99,43.03,8.655625260847,0.3062644,77.46701551,196,69,86.8,2026-08-24,3.86,67.2,False
3843,601956,东贝集团,4.94,1.65,0.52,-30.95,4.849523780479,0.0631372,56.91735036,-396,4312,68.4,2026-08-24,1.87,38.9,False
3844,601958,金钼股份,21.97,-5.67,1.73,20.36,23.596027800963,0.4478084,77.75274485,843,59,81.6,2026-08-24,-6.89,63.4,False
3845,601963,重庆银行,11.2,-0.09,0.34,5.77,11.161960801624,0.2219896,67.93862559,-579,1117,72.8,2026-08-24,0.34,49.5,False
3846,601965,中国汽研,14.11,1.51,0.27,16.49,13.917671533374,0.1714428,68.66861799,46,964,71.6,2026-08-24,1.38,49.2,False
3847,601966,玲珑轮胎,11.19,1.82,0.43,242.35,10.99794788946,0.1545568,62.74102028,311,2538,73.6,2026-08-24,1.75,46.2,False
3848,601968,宝钢包装,4.48,2.28,0.31,21.85,4.392228675275,0.1774864,62.64068684,-958,2561,66.0,2026-08-24,2.0,41.3,False
3849,601969,海南矿业,9.35,-0.21,0.83,18.03,9.370078655655,0.2088904,76.45552711,-48,100,78.8,2026-08-24,-0.21,60.2,False
3850,601975,招商南油,3.98,-0.5,2.14,10.78,3.97148101281,0.4741548,74.68832396,-92,199,80.8,2026-08-24,0.21,60.3,False
3851,601985,中国核电,8.83,0.68,0.24,21.99,8.750013047779,0.4383032,69.1623186,355,867,89.6,2026-08-24,0.91,62.0,False
3852,601988,中国银行,6.17,0.65,0.05,8.78,6.123946041766,0.486762,72.58658045,-232,374,92.0,2026-08-24,0.75,66.8,False
3853,601990,南京证券,6.59,0.3,0.08,24.74,6.576835929506,0.3153388,64.31415523,348,2056,76.8,2026-08-24,0.2,49.4,False
3854,601991,大唐发电,5.87,-0.34,0.68,9.39,5.916078240272,0.2665736,60.92415243,303,3153,86.4,2026-08-24,-0.78,52.6,False
3855,601992,金隅集团,1.38,0.73,0.12,-2.2,1.377386419652,0.4968764,63.04087974,313,2470,71.2,2026-08-24,0.19,44.9,False
3856,601995,XD中金公,33.5,-0.36,0.18,11.3,33.703675222958,0.317482,65.49441738,1129,1761,81.2,2026-08-24,-0.6,53.2,False
3857,601996,丰林集团,2.59,3.6,1.61,-13.46,2.490594335126,0.341108,65.87303792,-408,1664,64.8,2026-08-24,3.99,42.7,False
3858,601997,贵阳银行,5.46,-5.7,2.75,4.23,5.782567017559,0.3506688,64.65256595,339,1955,72.4,2026-08-24,-5.58,46.8,False
3859,601998,中信银行,8.59,0.35,0.1,5.95,8.533449494357,0.3482936,78.06320904,701,51,86.8,2026-08-24,0.66,67.8,False
3860,601999,出版传媒,6.07,1.0,0.38,125.96,6.008105707824,0.1488748,60.78056602,-1277,3200,72.4,2026-08-24,1.03,44.0,False
3861,603000,人民网,16.27,3.43,0.88,-135.22,15.792893257237,0.2056632,63.08328645,70,2458,78.4,2026-08-24,3.02,49.5,False
3862,603001,奥康国际,8.04,-0.37,0.89,91.72,8.012146067469,0.259598363636,60.90961317,-1238,3158,66.4,2026-08-24,0.35,40.4,False
3863,603002,宏昌电子,15.23,-2.75,2.12,219.24,15.655724681212,0.2202932,57.32403402,-953,4212,88.4,2026-08-24,-2.72,50.7,False
3864,603004,鼎龙科技,18.6,0.49,1.73,42.55,18.7346741362,0.1581064,53.76897906,-561,4852,75.2,2026-08-24,-0.72,40.4,False
3865,603005,晶方科技,29.74,-6.03,4.35,73.07,31.619334938942,0.261598,57.07015021,-670,4276,79.2,2026-08-24,-5.94,45.2,False
3866,603006,联明股份,11.34,2.07,0.65,32.67,11.137256500574,0.1026532,57.46568866,-1990,4183,66.0,2026-08-24,1.82,37.9,False
3867,603007,顺景科技,4.62,2.21,1.52,-167.87,4.521193659362,0.1747528,47.93614723,5,5179,64.4,2026-08-24,2.19,30.9,False
3868,603008,ST喜临门,8.16,0.25,0.35,-20.95,8.201082165592,0.235134,62.28677812,775,2683,65.6,2026-08-24,-0.5,40.9,False
3869,603009,北特科技,44.28,-2.25,0.68,141.09,44.754937397195,0.316116,68.42460549,1540,1011,83.2,2026-08-24,-1.06,56.9,False
3870,603010,万盛股份,11.16,-2.53,0.69,1507.31,11.497192292128,0.222824,57.88488881,-1080,4080,79.2,2026-08-24,-2.93,45.8,False
3871,603011,合锻智能,22.37,-1.41,2.48,-96.39,22.75238701641,0.2317592,51.1528938,-852,5066,88.8,2026-08-24,-1.68,45.4,False
3872,603012,创力集团,8.67,0.7,0.86,60.23,8.617630686993,0.2963752,62.19864187,952,2719,73.2,2026-08-24,0.61,45.5,False
3873,603013,亚普股份,16.19,0.5,0.17,12.71,16.092134969325,0.0817252,69.03367645,1182,888,67.6,2026-08-24,0.61,46.7,False
3874,603014,威高血净,32.05,0.34,0.35,28.29,32.011252346377,0.1045744,63.92875854,355,2185,58.8,2026-08-24,0.12,37.6,False
3875,603015,弘讯科技,10.73,1.8,0.83,86.34,10.620522872659,0.0977848,56.5582461,-124,4389,72.4,2026-08-24,1.03,40.9,False
3876,603016,新宏泰,28.4,-1.56,0.96,82.24,29.07818502116,0.1704204,62.15122439,-1520,2737,78.4,2026-08-24,-2.33,48.7,False
3877,603017,中衡设计,9.8,4.37,2.35,20.33,9.378658485915,0.0881848,58.54011588,825,3886,69.6,2026-08-24,4.49,40.7,False
3878,603018,华设集团,5.3,1.92,0.48,15.94,5.198170417866,0.13292,61.97165199,-82,2812,68.8,2026-08-24,1.96,42.6,False
3879,603019,中科曙光,82.59,0.5,0.7,61.79,82.151081560473,0.3199868,61.59219011,-196,2949,82.4,2026-08-24,0.53,50.8,False
3880,603020,爱普股份,9.81,-0.51,0.45,27.47,9.846265486637,0.1450356,56.37776819,32,4428,65.2,2026-08-24,-0.37,36.8,False
3881,603021,*ST华鹏,5.27,-1.31,0.78,-11.28,5.421700917404,0.2236888,49.83469629,66,5127,64.8,2026-08-24,-2.8,32.3,False
3882,603022,新通联,8.85,1.61,0.77,35.79,8.694414184479,0.0564808,61.50481527,-1206,2974,68.4,2026-08-24,1.79,42.1,False
3883,603023,威帝股份,4.04,1.51,0.83,-147.09,4.020649329494,0.0917696,58.00884033,58,4049,69.2,2026-08-24,0.48,40.1,False
3884,603025,大豪科技,13.68,1.33,0.36,14.35,13.55606389517,0.1443664,68.84336908,-77,926,81.6,2026-08-24,0.91,56.2,False
3885,603026,石大胜华,61.12,-4.35,1.87,12.63,64.540993634728,0.2381976,59.64665024,-875,3558,73.6,2026-08-24,-5.3,43.9,False
3886,603027,千禾味业,7.32,1.39,0.41,16.44,7.203718674514,0.1611288,65.44311298,1286,1778,78.8,2026-08-24,1.61,51.6,False
3887,603028,赛福天,6.99,0.43,0.56,-30.93,6.978565095554,0.0332904,54.87447476,-113,4693,66.0,2026-08-24,0.16,36.2,False
3888,603029,天鹅股份,16.14,1.57,0.88,50.43,15.916297866999,0.1202624,62.17081494,-356,2731,73.6,2026-08-24,1.41,45.8,False
3889,603030,全筑股份,2.09,2.96,1.67,306.17,2.033909497573,0.2327448,61.51908775,16,2967,68.8,2026-08-24,2.76,42.3,False
3890,603031,安孚科技,38.65,1.74,1.89,36.78,37.785357512236,0.2567948,63.78667821,-90,2231,78.0,2026-08-24,2.29,49.8,False
3891,603032,德新科技,18.79,-7.07,4.9,41.05,19.905660840921,0.473006,71.53830715,3564,490,73.2,2026-08-24,-5.6,52.4,False
3892,603033,三维股份,7.29,-1.35,0.34,-16.05,7.55694107772,0.1718848,51.99318037,-226,5016,64.4,2026-08-24,-3.53,33.5,False
3893,603035,常熟汽饰,11.17,1.27,0.57,14.29,11.052944731309,0.1514204,61.93950876,-1252,2827,70.8,2026-08-24,1.06,43.9,False
3894,603036,如通股份,15.75,1.61,2.31,30.41,15.418958320231,0.2515776,67.27777367,-677,1276,76.8,2026-08-24,2.15,51.7,False
3895,603037,凯众股份,10.17,1.29,0.45,71.15,10.060424011098,0.0844412,56.22402876,-187,4455,67.6,2026-08-24,1.09,38.0,False
3896,603038,华立股份,16.96,0.36,1.72,16.56,16.903774423224,0.210738,69.23849731,531,854,82.8,2026-08-24,0.33,57.3,False
3897,603039,泛微网络,40.53,-2.9,2.28,54.33,41.427321437933,0.271376,68.95514388,779,903,82.8,2026-08-24,-2.17,57.1,False
3898,603040,新坐标,51.83,-0.52,0.13,38.67,52.197591173376,0.2698152,61.54539236,171,2959,64.4,2026-08-24,-0.7,39.6,False
3899,603041,美思德,11.08,1.37,0.54,35.61,10.908629431915,0.04826,59.45780705,-1073,3619,64.0,2026-08-24,1.57,38.1,False
3900,603042,华脉科技,13.87,1.24,1.61,78.08,13.584277537868,0.1482404,61.31329229,1201,3022,75.6,2026-08-24,2.1,46.4,False
3901,603043,广州酒家,13.68,1.63,0.26,125.49,13.538187316606,0.1624836,67.731087,271,1165,71.6,2026-08-24,1.05,48.5,False
3902,603045,福达合金,53.72,-4.63,4.71,10.05,57.474679315613,0.3092472,74.4943146,-70,216,82.0,2026-08-24,-6.53,61.1,False
3903,603048,浙江黎明,21.6,2.37,0.79,50.04,21.216289251019,0.0994568,58.71389889,-71,3838,65.2,2026-08-24,1.81,38.3,False
3904,603049,中策橡胶,49.04,-0.12,0.11,8.79,49.38229456844,0.2697392,67.84918393,-734,1139,71.2,2026-08-24,-0.69,48.3,False
3905,603050,科林电气,17.71,0.74,0.5,30.9,17.824328241971,0.2787824,60.34921952,-223,3330,69.6,2026-08-24,-0.64,42.0,False
3906,603051,鹿山新材,20.35,-3.33,1.04,37.19,20.912618473532,0.1093868,57.35843655,-786,4201,71.6,2026-08-24,-2.69,41.1,False
3907,603052,可川科技,55.8,-1.8,2.0,-185.37,57.030690776291,0.226458,63.47126785,-656,2341,88.4,2026-08-24,-2.16,56.1,False
3908,603053,成都燃气,8.77,0.8,0.12,15.54,8.677559933348,0.0680796,66.18594201,-77,1571,66.0,2026-08-24,1.07,43.7,False
3909,603055,台华新材,8.76,-0.45,0.15,14.8,8.762369696336,0.1577904,71.2282275,986,523,67.6,2026-08-24,-0.03,48.2,False
3910,603057,紫燕食品,21.32,-0.09,0.19,26.57,21.400450667457,0.0603028,61.96775519,-912,2813,68.8,2026-08-24,-0.38,42.6,False
3911,603058,永吉股份,8.88,0.68,0.52,22.48,8.785801997077,0.233572,54.88210998,-1052,4689,73.2,2026-08-24,1.07,40.2,False
3912,603059,倍加洁,24.84,0.89,0.48,31.88,24.782156950673,0.096194,67.62651096,741,1188,66.0,2026-08-24,0.23,44.6,False
3913,603060,国检集团,5.47,1.3,0.28,-106.59,5.418470506872,0.124524,55.6530815,-176,4555,62.4,2026-08-24,0.95,34.7,False
3914,603061,金海通,337.92,-2.7,2.68,89.09,348.453828997546,0.42793,75.15079095,-65,162,82.8,2026-08-24,-3.02,62.2,False
3915,603062,麦加芯彩,38.92,1.01,0.3,55.52,38.632145238977,0.0760596,58.22386973,-596,3979,62.4,2026-08-24,0.75,36.3,False
3916,603063,禾望电气,30.31,-1.53,1.45,44.98,30.76282751059,0.238268,62.81486984,380,2527,78.0,2026-08-24,-1.47,49.0,False
3917,603065,宿迁联盛,17.9,-4.84,7.6,344.71,17.777843508777,0.3120652,61.93441748,-948,2831,89.2,2026-08-24,0.69,55.2,False
3918,603066,音飞储存,9.08,1.45,0.76,5.35,8.964037717873,0.0904044,59.39717145,158,3637,69.6,2026-08-24,1.29,41.3,False
3919,603067,振华股份,32.86,0.67,1.04,51.03,32.690653656042,0.3668092,65.94287052,-1008,1641,86.4,2026-08-24,0.52,57.0,False
3920,603068,博通集成,36.2,-0.47,2.64,54.4,36.791887809013,0.2011892,57.31018983,-692,4214,83.6,2026-08-24,-1.61,47.9,False
3921,603069,海汽集团,12.9,0.7,0.7,-45.65,12.852060596559,0.06484,53.81273184,-434,4839,71.2,2026-08-24,0.37,38.3,False
3922,603070,万控智造,11.49,0.52,0.14,-122.96,11.454097920841,0.1346544,58.93364578,94,3776,62.8,2026-08-24,0.31,37.0,False
3923,603071,物产环能,12.63,0.08,0.46,9.74,12.61368838087,0.220492,71.20759547,967,525,75.2,2026-08-24,0.13,53.5,False
3924,603072,天和磁材,31.23,-0.1,0.77,43.1,31.402115100573,0.1065976,62.21643655,-1238,2709,68.4,2026-08-24,-0.55,42.6,False
3925,603073,彩蝶实业,16.66,0.18,1.28,37.97,16.751788928279,0.1312112,60.32543686,431,3337,64.0,2026-08-24,-0.55,38.6,False
3926,603075,热威股份,19.18,0.74,2.05,23.61,19.174344270392,0.1169288,61.10371437,-952,3098,65.2,2026-08-24,0.03,39.8,False
3927,603076,乐惠国际,20.51,1.13,0.59,75.42,20.278504774306,0.0771288,57.17559916,-870,4247,68.4,2026-08-24,1.14,39.1,False
3928,603077,和邦生物,2.38,-1.65,1.13,27.65,2.372681783747,0.4319704,69.3918412,1915,818,79.6,2026-08-24,0.31,55.2,False
3929,603078,江化微,33.49,-3.76,3.62,112.2,34.573300954128,0.2148108,60.90799474,-127,3159,89.6,2026-08-24,-3.13,54.6,False
3930,603079,圣达生物,13.89,9.98,7.98,49.82,12.873893515109,0.244308,62.70834109,-2245,2548,84.8,2026-08-24,7.89,53.2,False
3931,603080,新疆火炬,19.49,-0.76,0.53,13.13,19.505293538368,0.1524464,71.61685061,1100,477,70.0,2026-08-24,-0.08,50.1,False
3932,603081,大丰实业,9.53,1.71,0.34,265.31,9.380477497652,0.0785268,59.11385736,144,3719,70.0,2026-08-24,1.59,41.4,False
3933,603082,北自科技,43.51,3.92,10.77,72.47,42.338473353386,0.2483528,73.21196741,349,314,76.8,2026-08-24,2.77,56.2,False
3934,603083,剑桥科技,172.21,-1.59,3.42,96.75,176.762207404971,0.3896384,68.82431376,-363,930,88.0,2026-08-24,-2.58,60.6,False
3935,603085,天成自控,9.8,0.2,0.75,38.45,9.818162126902,0.1330924,66.29326872,1930,1540,68.4,2026-08-24,-0.18,45.3,False
3936,603086,先达股份,5.64,1.26,1.32,16.94,5.580091169534,0.0718496,57.53453484,-661,4167,70.4,2026-08-24,1.07,40.5,False
3937,603087,甘李药业,66.24,1.18,1.04,51.4,66.348639987209,0.2902364,65.63969973,-356,1719,85.6,2026-08-24,-0.16,56.2,False
3938,603088,宁波精达,9.66,1.26,0.97,151.21,9.686401334559,0.2060924,62.02295096,-1633,2799,78.0,2026-08-24,-0.27,48.4,False
3939,603089,正裕工业,10.72,1.8,5.85,-41.32,10.297387989248,0.4756468,70.86900212,1912,575,80.8,2026-08-24,4.1,57.3,False
3940,603090,宏盛股份,37.63,0.94,1.36,54.58,37.24337133724,0.0863824,62.71323891,1110,2545,64.4,2026-08-24,1.04,40.4,False
3941,603091,众鑫股份,49.29,0.0,0.6,18.8,49.613794367657,0.1367044,65.4669024,-902,1770,66.0,2026-08-24,-0.65,43.2,False
3942,603092,德力佳,41.52,0.68,2.66,20.17,41.608349507716,0.1562512,64.78800623,-825,1920,68.0,2026-08-24,-0.21,44.1,False
3943,603093,南华期货,11.41,0.88,0.8,15.25,11.352888348628,0.1663048,65.66441985,1906,1716,68.4,2026-08-24,0.5,44.9,False
3944,603095,越剑智能,16.4,9.99,6.74,70.88,14.81037030852,0.1857432,66.46038052,-420,1484,83.6,2026-08-24,10.73,55.6,False
3945,603096,新经典,15.0,0.94,0.77,26.19,14.92727449708,0.03709,57.6316096,-934,4140,65.6,2026-08-24,0.49,37.8,False
3946,603097,江苏华辰,19.1,-0.88,0.34,8417.07,19.050888696018,0.1438584,64.54163234,-412,1991,75.2,2026-08-24,0.26,48.5,False
3947,603098,森特股份,10.14,0.1,0.25,63.56,10.051606629834,0.1689368,61.19828922,288,3060,70.8,2026-08-24,0.88,43.3,False
3948,603099,长白山,38.25,-0.62,1.69,4106.24,38.915280684811,0.2035104,65.93978427,-1109,1642,81.2,2026-08-24,-1.71,53.5,False
3949,603100,川仪股份,17.46,0.92,0.21,15.85,17.324223677408,0.1512524,68.35688718,1259,1025,68.4,2026-08-24,0.78,46.8,False
3950,603101,汇嘉时代,7.34,2.09,0.82,17.59,7.155137453792,0.15694,66.41286207,-1044,1500,72.0,2026-08-24,2.58,47.8,False
3951,603102,百合股份,39.7,5.11,6.47,20.47,38.428582590793,0.2628516,71.18268785,1010,531,78.4,2026-08-24,3.31,55.8,False
3952,603103,横店影视,14.54,2.25,0.46,-74.83,14.333057759847,0.0801876,60.25490343,-224,3369,71.6,2026-08-24,1.44,43.1,False
3953,603105,芯能科技,7.61,-1.68,6.44,415.65,7.620475473786,0.4666856,71.57959531,2030,483,72.0,2026-08-24,-0.14,51.5,False
3954,603106,恒银科技,7.47,-2.1,2.24,341.54,7.415188109425,0.2068308,62.09904488,864,2761,84.8,2026-08-24,0.74,52.7,False
3955,603107,上海汽配,11.74,-1.59,0.56,31.4,11.862388968434,0.0983828,65.50525836,91,1757,67.6,2026-08-24,-1.03,44.3,False
3956,603108,润达医疗,9.57,0.21,0.77,-27.01,9.600114408841,0.1509784,54.78186323,-15,4711,79.6,2026-08-24,-0.31,43.6,False
3957,603109,神驰机电,17.63,-0.06,0.4,28.27,17.661256756673,0.1306564,61.34535456,-743,3012,66.8,2026-08-24,-0.18,41.0,False
3958,603110,东方材料,24.22,-4.53,2.04,116.86,25.094151664545,0.2725028,63.22305569,1691,2413,85.6,2026-08-24,-3.48,54.1,False
3959,603111,康尼机电,5.84,0.34,0.25,22.56,5.791360951431,0.2145852,69.47498564,329,799,68.0,2026-08-24,0.84,47.2,False
3960,603112,华翔股份,15.58,-2.38,0.74,14.32,16.158263877228,0.2591312,73.98211304,60,259,77.6,2026-08-24,-3.58,57.4,False
3961,603113,金能科技,5.48,10.04,3.98,-3.95,4.971727144531,0.1649788,63.46337058,-1005,2342,82.0,2026-08-24,10.22,52.0,False
3962,603115,海星股份,74.82,-0.41,1.46,115.37,74.314315375893,0.2674916,66.00397178,-904,1628,77.6,2026-08-24,0.68,51.2,False
3963,603116,红蜻蜓,6.47,-0.31,0.42,100.99,6.416105295232,0.1089768,61.25585766,824,3044,65.6,2026-08-24,0.84,40.2,False
3964,603117,万林物流,3.85,2.12,0.66,-94.92,3.779009128094,0.1081104,59.37436128,181,3644,66.4,2026-08-24,1.88,39.4,False
3965,603118,共进股份,16.22,1.31,8.92,130.57,16.428323441643,0.2816092,59.39683988,-765,3638,94.4,2026-08-24,-1.27,56.1,False
3966,603119,浙江荣泰,49.18,-1.9,0.58,77.44,50.534884124094,0.2272664,68.19897146,1912,1056,77.2,2026-08-24,-2.68,52.6,False
3967,603120,肯特催化,45.53,-3.54,1.81,50.02,46.84915285766,0.2092324,62.22857718,92,2707,64.8,2026-08-24,-2.82,40.3,False
3968,603121,华培动力,12.29,0.41,0.45,-298.19,12.169432133712,0.07906,53.00961266,22,4938,68.0,2026-08-24,0.99,36.0,False
3969,603122,合富中国,11.62,2.11,2.27,-139.57,11.524721578832,0.0990388,53.77217837,-389,4851,82.0,2026-08-24,0.83,44.1,False
3970,603123,翠微股份,10.18,2.52,7.01,-66.92,9.804895335132,0.2844124,69.6917969,1666,748,91.2,2026-08-24,3.83,63.6,False
3971,603124,江南新材,121.39,-3.83,2.65,56.59,125.96724354768,0.2736956,60.64833358,-819,3238,73.6,2026-08-24,-3.63,44.6,False
3972,603125,常青科技,22.6,-1.78,0.52,28.13,22.810144424048,0.144796,61.65602318,209,2930,69.2,2026-08-24,-0.92,42.7,False
3973,603126,中材节能,6.02,0.84,0.58,85.96,5.969619596372,0.1682876,65.02692453,414,1864,72.8,2026-08-24,0.84,47.3,False
3974,603127,昭衍新药,46.34,-0.11,3.26,36.42,47.231179432869,0.272446,65.61642945,-26,1723,90.0,2026-08-24,-1.89,59.1,True
3975,603128,华贸物流,5.53,2.41,0.88,16.37,5.382258200223,0.2090128,64.36930048,64,2039,74.4,2026-08-24,2.74,47.9,False
3976,603129,春风动力,306.8,-0.58,0.36,22.12,308.968741136106,0.2262144,76.60939292,-39,93,80.0,2026-08-24,-0.7,61.3,False
3977,603130,云中马,40.8,-0.99,0.36,97.62,40.795643078036,0.2669804,72.67277178,697,368,70.8,2026-08-24,0.01,51.5,False
3978,603131,上海沪工,14.1,-0.42,0.64,341.33,14.217355312138,0.0818508,50.93213476,24,5079,74.0,2026-08-24,-0.83,37.7,False
3979,603132,金徽股份,18.12,-3.36,0.51,21.67,18.927619607888,0.1616024,74.13334839,-38,241,74.0,2026-08-24,-4.27,54.9,False
3980,603135,中重科技,8.95,0.22,0.37,76.7,8.876190873419,0.06427,55.58281994,237,4569,62.4,2026-08-24,0.83,34.7,False
3981,603136,天目湖,9.22,2.67,1.26,32.48,9.018232277906,0.0885,64.42240382,1663,2022,67.6,2026-08-24,2.24,43.5,False
3982,603137,恒尚节能,21.44,-2.41,4.36,27.08,21.8784350753,0.259643666667,50.72648662,-229,5090,75.6,2026-08-24,-2.0,38.3,False
3983,603138,海量数据,12.63,0.56,0.62,-22.2,12.573536334338,0.1408504,57.28450655,-1168,4223,72.0,2026-08-24,0.45,41.2,False
3984,603139,康惠股份,33.92,0.0,0.79,43.23,34.014321880651,0.165958,49.31158728,-21,5147,64.8,2026-08-24,-0.28,32.0,False
3985,603150,万朗磁塑,52.0,-1.66,0.53,41.37,52.70156795153,0.1960504,67.14210507,-177,1311,60.8,2026-08-24,-1.33,40.8,False
3986,603151,邦基科技,15.39,-2.29,0.9,-2747.47,15.53559282052,0.0911248,66.12384263,-936,1588,69.6,2026-08-24,-0.94,46.0,False
3987,603153,上海建科,13.24,1.46,0.18,88.18,13.056048347771,0.0880364,66.49069481,-621,1475,67.6,2026-08-24,1.41,44.9,False
3988,603155,新亚强,13.18,-4.63,1.06,41.77,13.705264454953,0.1202548,58.93423683,402,3775,72.4,2026-08-24,-3.83,42.7,False
3989,603156,养元饮品,42.96,-9.99,1.35,31.7,50.150197050622,0.3969696,69.46194808,-697,801,87.6,2026-08-24,-14.34,60.8,False
3990,603158,腾龙股份,10.03,0.2,1.15,23.18,9.995492954218,0.1896852,60.52038723,-1503,3278,73.2,2026-08-24,0.35,44.3,False
3991,603159,上海亚虹,22.05,0.27,0.8,-171.08,21.98544064997,0.335662363636,60.8413113,-552,3180,63.6,2026-08-24,0.29,38.7,False
3992,603160,汇顶科技,47.45,0.34,0.38,43.96,47.530187998142,0.2252564,63.23348584,11,2409,76.8,2026-08-24,-0.17,48.6,False
3993,603161,科华控股,15.77,-1.44,0.51,56.31,15.939758024584,0.2155232,61.82438413,-958,2865,72.4,2026-08-24,-1.06,44.8,False
3994,603162,海通发展,12.04,-1.47,4.57,15.81,12.176140049475,0.2258204,79.0477304,-11,32,82.0,2026-08-24,-1.12,64.8,False
3995,603163,圣晖集成,77.88,-2.77,0.98,55.73,79.647659847925,0.1928812,65.64578916,-138,1718,76.4,2026-08-24,-2.22,50.2,False
3996,603165,荣晟环保,13.52,0.22,0.63,13.94,13.562879630286,0.1919248,55.14457649,-118,4650,72.4,2026-08-24,-0.32,39.9,False
3997,603166,福达股份,10.8,-1.82,0.59,22.21,11.080026689955,0.1654772,64.1180538,717,2113,72.4,2026-08-24,-2.53,46.4,False
3998,603167,渤海轮渡,8.79,0.23,0.32,21.67,8.741508946689,0.2489128,64.68780589,389,1947,72.4,2026-08-24,0.55,46.8,False
3999,603168,莎普爱思,5.69,2.71,1.17,-20.39,5.567802861518,0.0575584,56.72904918,42,4360,71.2,2026-08-24,2.19,40.4,False
4000,603169,兰石重装,6.31,0.8,0.37,-51.98,6.248214473229,0.1200624,54.35435301,182,4772,74.4,2026-08-24,0.99,40.4,False
4001,603170,宝立食品,12.43,0.81,0.17,18.96,12.240774097315,0.123138,66.61965756,112,1440,66.4,2026-08-24,1.55,44.2,False
4002,603171,税友股份,40.62,-2.05,0.59,87.79,41.495239727564,0.1947676,70.47992608,43,624,80.0,2026-08-24,-2.11,56.4,False
4003,603172,万丰股份,17.32,-0.29,0.3,41.39,17.330664151806,0.052436,59.70046789,-308,3541,64.4,2026-08-24,-0.06,38.4,False
4004,603173,福斯达,31.02,0.42,0.14,13.42,30.890888966359,0.0780236,64.3052392,-1125,2060,64.0,2026-08-24,0.42,41.2,False
4005,603175,超颖电子,87.45,-2.76,1.53,-99.88,89.240445345319,0.1787856,59.96404878,-1205,3463,64.4,2026-08-24,-2.01,38.6,False
4006,603176,汇通集团,5.07,2.63,0.52,-9.93,4.921837824033,0.1095736,65.63080541,162,1720,68.0,2026-08-24,3.01,44.6,False
4007,603177,德创环保,10.52,1.25,1.75,-46.42,10.396288458096,0.2041368,60.12259113,-2100,3415,76.8,2026-08-24,1.19,46.2,False
4008,603178,圣龙股份,16.63,1.9,2.21,140.16,16.437973413969,0.1705224,58.9745339,-157,3760,80.8,2026-08-24,1.17,47.7,False
4009,603179,新泉股份,36.76,-3.47,1.43,32.63,37.495688256437,0.433392,72.69274368,976,367,78.0,2026-08-24,-1.96,56.7,False
4010,603180,金牌家居,15.37,0.79,0.27,-41.83,15.281741767284,0.084794,57.56119128,70,4161,63.6,2026-08-24,0.58,36.6,False
4011,603181,皇马科技,12.56,0.24,0.31,15.93,12.535472219297,0.181438,67.82671511,1203,1146,66.8,2026-08-24,0.2,45.3,False
4012,603182,嘉华股份,13.21,1.07,0.65,19.18,13.071957154048,0.0978304,67.14584968,1278,1310,67.6,2026-08-24,1.06,45.4,False
4013,603183,建研院,4.65,-0.21,0.97,-188.43,4.634653748843,0.2320856,61.54369169,-708,2961,70.8,2026-08-24,0.33,43.6,False
4014,603185,弘元绿能,16.34,-1.15,0.51,-9.59,16.611008995181,0.1549616,59.26340385,-945,3676,80.4,2026-08-24,-1.63,47.6,False
4015,603186,华正新材,164.95,-0.2,9.27,209.1,164.581233687668,0.4023528,58.14341207,-2326,4007,94.0,2026-08-24,0.22,54.7,False
4016,603187,海容冷链,11.06,0.91,0.81,13.61,10.958991973964,0.228146,71.03328861,-135,558,72.4,2026-08-24,0.92,51.4,False
4017,603188,亚邦股份,4.72,1.29,2.35,48.1,4.729636583814,0.2325292,67.3099753,2765,1269,75.2,2026-08-24,-0.2,50.6,False
4018,603189,*ST网达,8.92,0.34,0.37,-99.74,8.888557674923,0.2108356,58.96722175,1103,3763,70.0,2026-08-24,0.35,41.3,True
4019,603190,亚通精工,16.56,0.85,0.5,14.46,16.333671723452,0.0881344,62.12956946,1351,2745,63.6,2026-08-24,1.39,39.5,False
4020,603191,望变电气,14.28,-0.97,0.93,95.87,14.42651817987,0.2053328,60.91725043,949,3154,79.6,2026-08-24,-1.02,48.5,False
4021,603192,汇得科技,19.92,1.12,0.4,54.93,19.86264270057,0.2109196,66.70643719,223,1411,66.0,2026-08-24,0.29,44.0,False
4022,603193,润本股份,21.35,3.24,2.8,19.19,21.165597841843,0.1652644,74.40045463,47,225,70.4,2026-08-24,0.87,52.4,False
4023,603194,中力股份,33.77,0.78,0.27,18.59,33.838584452056,0.1306508,67.75593581,1732,1156,65.6,2026-08-24,-0.2,44.4,False
4024,603195,公牛集团,40.17,0.83,0.05,17.11,40.143735383178,0.1526244,72.96754461,-15,337,82.8,2026-08-24,0.07,60.4,False
4025,603196,璞源材料,19.14,-0.52,0.22,67.73,19.227898336153,0.1632476,58.69809679,221,3843,64.0,2026-08-24,-0.46,37.6,False
4026,603197,保隆科技,30.13,-0.92,0.67,22.54,30.53706409454,0.1092688,66.88959927,1623,1365,73.6,2026-08-24,-1.33,49.2,False
4027,603198,迎驾贡酒,39.22,-1.43,0.24,9.4,39.826699774985,0.1851952,70.9201719,489,570,81.2,2026-08-24,-1.52,57.6,False
4028,603199,九华旅游,34.07,0.59,1.74,12.41,33.977440794577,0.1788388,68.29258823,-462,1034,75.6,2026-08-24,0.27,51.6,False
4029,603200,上海洗霸,38.62,-1.3,8.62,911.05,38.581057478753,0.5065772,69.65323382,3317,754,77.2,2026-08-24,0.1,53.8,False
4030,603201,常润股份,14.71,0.41,0.62,21.18,14.714212459269,0.1597864,58.19183195,-1304,3991,64.4,2026-08-24,-0.03,37.5,False
4031,603202,天有为,52.17,1.07,0.94,14.31,51.550327705469,0.1643248,66.75007738,209,1399,65.6,2026-08-24,1.2,43.8,False
4032,603203,快克智能,41.8,-2.45,1.02,44.75,42.485396268231,0.1437588,65.26736085,-459,1817,72.0,2026-08-24,-1.61,47.0,False
4033,603205,健尔康,21.97,0.64,1.58,31.18,21.8891419458,0.1544716,68.39702787,953,1015,64.0,2026-08-24,0.37,43.8,False
4034,603206,嘉环科技,13.67,0.74,0.38,66.68,13.549776131534,0.153774,59.51606115,176,3601,66.8,2026-08-24,0.89,39.8,False
4035,603207,小方制药,22.95,0.75,2.75,16.46,23.163471147344,0.162798,71.30738279,1501,517,74.8,2026-08-24,-0.92,53.3,False
4036,603208,江山欧派,11.36,1.34,0.38,-10.8,11.239166530423,0.0293952,55.61071501,336,4566,66.4,2026-08-24,1.08,36.9,False
4037,603209,兴通股份,14.35,-2.05,1.55,10.95,14.568898250091,0.1930572,78.89653099,27,38,75.6,2026-08-24,-1.5,59.6,False
4038,603210,泰鸿万立,13.3,0.45,0.33,20.16,13.288830537942,0.1354468,60.31238903,-132,3345,58.8,2026-08-24,0.08,35.5,False
4039,603211,晋拓股份,21.62,-1.77,1.5,129.68,22.131861265093,0.1724264,52.48324913,-86,4981,71.2,2026-08-24,-2.31,37.4,False
4040,603212,赛伍技术,11.46,-1.04,0.66,-108.68,11.62476559216,0.214736,61.9056253,1245,2839,72.0,2026-08-24,-1.42,44.6,False
4041,603213,镇洋发展,14.0,0.79,0.35,47.66,13.850369978953,0.231076,60.45836503,-1016,3301,69.2,2026-08-24,1.08,41.8,False
4042,603214,爱婴室,13.7,-0.29,1.33,22.45,13.674268035837,0.0737612,70.59955738,723,604,70.8,2026-08-24,0.19,50.0,False
4043,603215,比依股份,14.37,1.34,0.25,-46.69,14.213214537756,0.0539276,54.53364295,-1152,4746,66.4,2026-08-24,1.1,36.2,False
4044,603216,梦天家居,20.4,-0.73,0.55,134.27,20.603613186099,0.1491336,65.91657808,-233,1652,66.4,2026-08-24,-0.99,43.8,False
4045,603217,元利科技,26.41,2.32,1.05,22.63,26.047497363042,0.1996788,65.66476422,-1170,1715,72.0,2026-08-24,1.39,47.3,False
4046,603218,日月股份,9.64,0.63,0.21,29.24,9.594184793296,0.1909208,68.67661753,498,961,72.4,2026-08-24,0.48,49.7,False
4047,603219,富佳股份,13.9,2.21,0.25,1859.99,13.585430354056,0.1840376,59.98732542,1248,3452,66.4,2026-08-24,2.32,39.8,False
4048,603220,中贝通信,18.22,0.5,1.53,-858198.75,18.097971604614,0.2791972,59.95316263,-1208,3467,79.6,2026-08-24,0.67,47.7,False
4049,603221,爱丽家居,26.94,-2.57,3.35,-110.04,27.101890798708,0.239004482759,52.427737,87,4984,88.8,2026-08-24,-0.6,46.6,False
4050,603222,济民健康,8.15,1.12,1.6,-41.27,8.078889237672,0.1915408,47.67559036,-7,5184,80.8,2026-08-24,0.88,38.5,False
4051,603223,恒通股份,10.11,-2.13,0.53,19.15,10.346093740029,0.1413928,61.60786201,311,2944,63.6,2026-08-24,-2.28,39.2,False
4052,603225,新凤鸣,18.81,-4.52,0.56,21.46,19.693877356493,0.2314752,68.76969312,-149,940,67.6,2026-08-24,-4.49,46.5,False
4053,603226,菲林格尔,36.14,-10.01,1.05,-224.63,40.716340428268,0.4196552,53.09347926,-433,4931,62.0,2026-08-24,-11.24,32.9,False
4054,603227,雪峰科技,7.64,-0.13,0.24,16.15,7.618512950606,0.1480108,64.07942983,74,2125,72.4,2026-08-24,0.28,46.4,False
4055,603228,景旺电子,89.37,-2.48,1.26,74.37,91.244757531691,0.4185124,67.99662683,-913,1102,88.8,2026-08-24,-2.05,60.4,False
4056,603229,奥翔药业,7.93,-0.13,0.47,17.03,8.101117245076,0.175484,65.36581038,1506,1796,76.4,2026-08-24,-2.11,49.9,False
4057,603230,内蒙新华,9.22,0.66,0.26,13.11,9.160671552392,0.04497,56.44390983,205,4413,64.8,2026-08-24,0.65,36.6,False
4058,603231,索宝蛋白,16.14,0.5,1.12,24.31,16.00019383171,0.1129776,72.95217151,528,338,66.8,2026-08-24,0.87,48.7,False
4059,603232,格尔软件,14.8,1.23,1.09,-30.13,14.595928831953,0.0976272,55.1877219,110,4643,82.4,2026-08-24,1.4,45.5,False
4060,603233,大参林,18.36,5.76,0.77,11.28,17.509613917444,0.1320476,73.56444287,567,289,74.0,2026-08-24,4.86,54.4,False
4061,603235,天新药业,23.2,0.96,0.05,17.27,22.921380789022,0.054946,61.94115516,-1174,2825,66.4,2026-08-24,1.22,41.1,False
4062,603236,移远通信,56.4,-1.04,1.05,18.98,57.128562953166,0.259862,69.48572064,163,794,83.2,2026-08-24,-1.28,57.8,False
4063,603237,五芳斋,14.34,1.2,0.28,-12.27,14.167423415307,0.0286252,63.49976976,323,2332,64.0,2026-08-24,1.22,40.6,False
4064,603238,诺邦股份,12.31,1.32,0.58,17.6,12.14908362883,0.1113544,63.54996463,-1035,2313,68.0,2026-08-24,1.32,43.2,False
4065,603239,浙江仙通,14.08,-0.14,0.44,19.41,14.123679883203,0.0818692,61.29909852,-2,3027,68.4,2026-08-24,-0.31,41.9,False
4066,603248,锡华科技,18.15,0.5,1.07,72.39,18.062660890681,0.0830968,63.35609666,-92,2374,65.2,2026-08-24,0.48,41.3,False
4067,603255,鼎际得,29.54,4.01,3.16,45.62,28.148246096263,0.2128892,63.09132087,2580,2455,61.2,2026-08-24,4.94,38.6,False
4068,603256,宏和科技,130.67,-2.41,0.62,155.74,133.323925421624,0.2333764,66.85310018,-136,1374,88.0,2026-08-24,-1.99,58.8,False
4069,603257,中国瑞林,62.58,-1.76,1.04,36.46,63.423060583172,0.2034772,64.43422626,-1328,2018,64.8,2026-08-24,-1.33,41.8,False
4070,603258,电魂网络,12.89,2.63,0.53,-34.67,12.528534013983,0.06884,53.90875772,-588,4825,76.4,2026-08-24,2.89,41.2,False
4071,603259,药明康德,157.39,0.99,1.35,21.19,157.061470348346,0.4577036,74.8635394,27,185,94.8,2026-08-24,0.21,71.0,False
4072,603260,合盛硅业,32.9,-2.17,0.42,125.72,33.979230646539,0.224646,51.20537904,-30,5063,76.4,2026-08-24,-3.18,39.1,False
4073,603261,立航科技,49.45,-0.9,1.02,-83.94,49.647500214243,0.160936666667,61.7713326,826,2892,74.4,2026-08-24,-0.4,46.0,False
4074,603262,技源集团,18.22,-0.98,1.64,79.47,18.038305761739,0.24802,63.22480758,1517,2411,64.4,2026-08-24,1.01,40.7,False
4075,603266,天龙股份,15.57,0.45,0.37,25.97,15.515647653429,0.1489856,63.99757612,457,2159,73.2,2026-08-24,0.35,46.8,False
4076,603267,鸿远电子,46.49,-0.66,1.36,27.88,47.335432623138,0.2325644,60.35980271,-267,3326,76.0,2026-08-24,-1.79,45.9,False
4077,603268,松发股份,184.64,2.05,2.82,26.06,181.783750485257,0.4135668,80.71593386,23,14,82.0,2026-08-24,1.57,66.2,False
4078,603269,海鸥股份,18.17,-0.33,2.76,87.58,18.218858031558,0.2843508,69.36627607,402,827,79.2,2026-08-24,-0.27,54.9,False
4079,603270,金帝股份,27.81,0.14,1.55,36.41,27.901727502558,0.2485628,66.66829687,111,1425,69.6,2026-08-24,-0.33,46.4,False
4080,603271,永杰新材,42.21,-1.31,0.69,17.52,42.935661843569,0.1764508,61.85869439,228,2852,63.2,2026-08-24,-1.69,39.1,False
4081,603272,*ST联翔,13.71,0.37,0.96,-63.69,13.939267141146,0.2358784,55.83753011,439,4519,59.6,2026-08-24,-1.64,33.3,False
4082,603273,天元智能,14.56,1.04,1.93,105.98,14.455173171328,0.08415,64.03755515,-47,2143,69.6,2026-08-24,0.73,44.6,False
4083,603275,众辰科技,35.14,0.63,0.8,28.81,34.951247932642,0.10018,62.30455362,-912,2678,61.6,2026-08-24,0.54,38.4,False
4084,603276,恒兴新材,15.67,-1.32,1.38,31.38,15.85584586956,0.1103908,61.7474928,527,2898,62.4,2026-08-24,-1.17,38.5,False
4085,603277,银都股份,12.7,1.11,0.58,46.92,12.553119705508,0.1056404,66.96944158,-930,1346,76.0,2026-08-24,1.17,50.9,False
4086,603278,大业股份,8.97,0.45,1.09,-23.95,8.957681307854,0.0832736,48.58776074,-47,5169,69.2,2026-08-24,0.14,33.6,False
4087,603279,景津装备,12.61,0.88,0.49,14.72,12.463548449317,0.1173044,64.2009811,-917,2086,66.0,2026-08-24,1.18,42.4,False
4088,603280,南方路机,25.97,-1.44,1.05,43.8,26.325338001115,0.0999916,59.6266985,-967,3567,79.6,2026-08-24,-1.35,47.5,False
4089,603281,江瀚新材,18.72,-0.85,0.25,27.26,18.971696571528,0.124422,60.71524014,554,3220,68.4,2026-08-24,-1.33,41.5,False
4090,603282,亚光股份,15.57,0.84,0.43,-159.81,15.442702440481,0.0934928,63.40539988,307,2356,63.6,2026-08-24,0.82,40.3,False
4091,603283,赛腾股份,46.17,-3.0,4.23,44.95,46.711689178695,0.3444044,70.50920033,1849,619,80.8,2026-08-24,-1.16,57.0,False
4092,603284,林平发展,43.03,1.51,4.85,13.94,42.415451351386,0.271528,67.63804684,1752,1187,67.6,2026-08-24,1.45,45.7,False
4093,603285,键邦股份,33.89,-1.2,4.16,42.66,34.341546111755,0.2738948,66.92572088,-1116,1358,78.0,2026-08-24,-1.31,52.2,False
4094,603286,日盈电子,40.29,-1.54,0.66,-213.42,40.891660853432,0.1653512,58.60474715,1018,3874,82.4,2026-08-24,-1.47,48.3,False
4095,603288,海天味业,35.7,0.08,0.1,21.37,35.49385903919,0.2308376,72.76968774,296,357,88.4,2026-08-24,0.58,64.3,False
4096,603289,泰瑞机器,8.84,1.14,0.58,117.8,8.693269128376,0.1213024,65.69474331,1655,1707,70.4,2026-08-24,1.69,46.2,False
4097,603290,斯达半导,90.29,-2.9,2.46,166.32,95.670098950749,0.3055828,65.87118251,-1316,1665,94.0,2026-08-24,-5.62,61.9,False
4098,603291,联合水务,9.03,-0.33,0.49,64.2,9.015880177644,0.1495044,62.84482712,-1837,2517,68.0,2026-08-24,0.16,42.7,False
4099,603293,埃泰克,34.73,-0.14,0.83,33.29,34.663999599636,0.1441784,59.47259623,35,3614,64.4,2026-08-24,0.19,38.3,False
4100,603296,华勤技术,74.46,-1.01,0.92,26.6,75.618921007666,0.3253568,70.15472548,-496,676,78.4,2026-08-24,-1.53,55.0,False
4101,603297,永新光学,103.98,-0.88,0.51,62.39,104.889236850016,0.2502652,64.56428971,-975,1982,78.4,2026-08-24,-0.87,50.6,False
4102,603298,杭叉集团,25.48,-1.24,0.11,17.69,26.062674505097,0.2130656,72.36165061,263,394,73.2,2026-08-24,-2.24,53.0,False
4103,603299,苏盐井神,8.66,-3.56,0.94,23.65,9.000655927543,0.138586,66.79607772,1247,1391,72.8,2026-08-24,-3.78,48.6,False
4104,603300,海南华铁,4.75,0.85,0.67,19.96,4.710552311516,0.2040492,56.79870558,-69,4345,74.4,2026-08-24,0.84,42.3,False
4105,603301,振德医疗,82.37,0.1,0.24,99.8,81.589122679102,0.220592,63.54967523,355,2314,70.4,2026-08-24,0.96,44.7,False
4106,603303,得邦照明,22.48,-4.22,0.33,70.17,23.247332799603,0.114152,64.98540031,-233,1875,60.4,2026-08-24,-3.3,39.3,False
4107,603305,旭升集团,11.14,0.54,0.53,25.71,11.102286463585,0.170538,58.01287991,-33,4047,74.0,2026-08-24,0.34,42.9,False
4108,603306,华懋科技,72.37,-0.84,1.51,509.68,72.658284643271,0.353668,63.55293536,-1081,2311,80.8,2026-08-24,-0.4,51.4,False
4109,603307,扬州金泉,25.07,-5.4,1.87,18.6,26.004199772314,0.218916,69.42389753,1156,808,64.4,2026-08-24,-3.59,44.7,False
4110,603308,应流股份,42.92,0.75,1.79,62.01,42.65907423605,0.1740396,60.50441948,24,3286,74.8,2026-08-24,0.61,45.3,False
4111,603309,维力医疗,11.33,0.27,0.59,16.21,11.342211590188,0.1782572,59.37972602,-320,3643,70.8,2026-08-24,-0.11,42.0,False
4112,603310,巍华新材,14.6,0.07,0.2,30.64,14.611233886558,0.2201336,57.2101006,-873,4240,62.0,2026-08-24,-0.08,35.5,False
4113,603311,金海高科,27.85,-1.69,0.53,46.42,28.047379303107,0.3100796,58.7667303,208,3819,62.4,2026-08-24,-0.7,36.7,False
4114,603312,西典新能,31.77,-0.38,0.64,30.33,31.555436716539,0.0958696,66.03190626,-92,1615,64.8,2026-08-24,0.68,42.8,False
4115,603313,梦百合,6.1,0.83,1.25,-22.83,6.007562418692,0.181482,62.42188096,1613,2630,69.6,2026-08-24,1.54,43.4,False
4116,603315,福鞍股份,11.47,0.09,0.55,45.76,11.481011864906,0.0990908,58.30036699,-942,3957,66.8,2026-08-24,-0.1,38.9,False
4117,603316,诚邦股份,13.57,-1.09,1.31,38.99,13.691914132634,0.1335668,52.21543814,136,4999,74.0,2026-08-24,-0.89,38.6,False
4118,603317,天味食品,13.63,1.49,0.52,14.47,13.333824575083,0.1199956,67.34895284,142,1257,72.4,2026-08-24,2.22,48.8,False
4119,603318,水发燃气,10.24,9.99,15.86,269.52,9.314759038014,0.2561596,62.37861108,-2176,2653,88.8,2026-08-24,9.93,55.4,False
4120,603319,美湖股份,25.47,0.08,1.51,97.43,25.821976877142,0.3049164,60.91015582,-403,3157,78.4,2026-08-24,-1.36,47.8,False
4121,603320,迪贝电气,16.91,-1.05,2.1,39.41,17.208697835593,0.1783176,64.14000008,2397,2106,64.0,2026-08-24,-1.74,41.0,False
4122,603321,梅轮电梯,6.34,1.28,0.37,84.03,6.256682566826,0.0859648,62.44714458,203,2621,64.4,2026-08-24,1.33,40.2,False
4123,603322,超讯科技,25.04,0.12,0.81,38.14,25.190271825268,0.2388104,62.08142842,1302,2771,75.2,2026-08-24,-0.6,46.7,False
4124,603323,苏农银行,4.24,-0.24,0.89,5.09,4.230888999793,0.3263704,67.2612973,602,1282,69.2,2026-08-24,0.22,46.5,False
4125,603324,盛剑科技,26.73,-1.62,1.14,-38.63,27.114844439182,0.1781956,55.24398815,499,4631,66.0,2026-08-24,-1.42,36.5,False
4126,603325,博隆技术,53.18,-0.17,0.45,21.77,53.237127994295,0.0873516,62.38860443,-601,2648,62.4,2026-08-24,-0.11,38.9,False
4127,603326,我乐家居,7.09,1.43,0.53,62.8,6.965106105311,0.0731264,63.56452062,-1049,2308,70.0,2026-08-24,1.79,44.5,False
4128,603327,福蓉科技,9.48,-1.04,1.57,51.33,9.558316779209,0.2469196,66.74534645,-802,1400,82.0,2026-08-24,-0.82,54.7,False
4129,603328,依顿电子,10.61,-0.28,0.72,70.3,10.668387086129,0.1945768,59.79693039,-1324,3509,80.0,2026-08-24,-0.55,47.8,False
4130,603329,上海雅仕,10.53,0.86,0.92,16.37,10.506543370574,0.1195612,60.48450449,189,3292,68.0,2026-08-24,0.22,41.1,False
4131,603330,天洋新材,11.23,2.37,18.9,360.32,10.55346606936,0.4102236,61.1174248,-1958,3088,90.0,2026-08-24,6.41,55.0,False
4132,603331,百达精工,12.52,0.0,0.49,1043.25,12.410600372266,0.0748704,57.61727082,730,4144,67.2,2026-08-24,0.88,38.7,False
4133,603332,苏州龙杰,11.48,-0.09,0.86,22.74,11.484516662017,0.104942,65.75887329,-42,1691,72.0,2026-08-24,-0.04,47.3,False
4134,603333,福华尚纬,9.52,0.11,4.49,3237.17,9.827896807437,0.3539812,62.87848326,-1612,2507,87.2,2026-08-24,-3.13,54.8,False
4135,603334,丰倍生物,31.63,1.31,2.73,27.87,31.489108558941,0.1902708,64.3202664,-32,2053,69.6,2026-08-24,0.45,44.8,False
4136,603335,迪生力,6.52,-1.51,1.02,-33.81,6.657036132481,0.213616,58.98723716,1004,3756,68.0,2026-08-24,-2.06,40.1,False
4137,603336,宏辉果蔬,8.94,-1.43,1.64,452.16,9.169161971747,0.2243632,66.26871826,-375,1545,82.4,2026-08-24,-2.5,54.6,False
4138,603337,杰克科技,37.97,2.84,0.83,18.39,37.182966920505,0.1971188,67.62542181,-581,1189,72.4,2026-08-24,2.12,49.0,False
4139,603338,浙江鼎力,57.52,5.23,1.0,16.08,54.552231779207,0.149824,75.97735708,804,122,73.2,2026-08-24,5.44,55.6,False
4140,603339,四方科技,14.15,2.46,1.52,25.37,13.804321689683,0.1480024,67.36163729,-650,1255,74.8,2026-08-24,2.5,50.4,False
4141,603341,龙旗科技,36.57,1.08,1.08,310.07,36.338541874674,0.2305996,58.33754722,-1768,3947,75.6,2026-08-24,0.64,44.1,False
4142,603344,星德胜,22.7,2.44,3.23,32.88,22.358105084746,0.0571744,59.59276353,145,3575,62.8,2026-08-24,1.53,37.4,False
4143,603345,安井食品,76.6,-2.53,2.43,15.53,78.254447230523,0.2517604,73.315739,434,309,80.4,2026-08-24,-2.11,58.9,False
4144,603348,文灿股份,14.34,1.13,0.33,-10.44,14.150781302357,0.1296824,58.90845963,1017,3785,75.6,2026-08-24,1.34,44.5,False
4145,603350,安乃达,27.83,-0.25,0.26,29.91,27.970045576408,0.0933048,56.49582937,-74,4405,62.0,2026-08-24,-0.5,35.0,False
4146,603351,威尔药业,26.77,1.44,0.45,23.61,26.57558607823,0.2635944,68.3301519,965,1029,66.4,2026-08-24,0.73,45.4,False
4147,603352,至信股份,25.44,0.87,0.74,53.37,25.376956085983,0.1023228,56.5472335,12,4392,67.6,2026-08-24,0.25,38.2,False
4148,603353,和顺石油,29.93,-0.83,0.84,57.78,30.004837580368,0.1300672,58.46348255,-1757,3905,68.4,2026-08-24,-0.25,40.0,False
4149,603355,莱克电气,28.72,2.75,0.29,237.19,28.184227777068,0.230076,66.3028963,-506,1537,68.8,2026-08-24,1.9,45.6,False
4150,603356,华菱精工,16.73,0.78,1.05,-26.77,16.595520695683,0.1470812,56.72368123,284,4361,65.2,2026-08-24,0.81,37.0,False
4151,603357,设计总院,6.05,0.5,0.29,-57.0,6.001608816697,0.2126932,68.18327909,249,1060,70.0,2026-08-24,0.81,47.7,False
4152,603358,华达科技,45.18,-2.0,0.57,-68.98,46.578011999027,0.4519348,65.28949917,-137,1808,75.6,2026-08-24,-3.0,49.4,False
4153,603359,*ST东珠,2.12,0.47,0.54,-16.8,2.131958993921,0.1782544,45.70640857,-16,5190,65.2,2026-08-24,-0.56,29.8,False
4154,603360,百傲化学,13.77,9.98,1.52,122.61,12.552415433365,0.133324,59.69841445,-473,3542,68.4,2026-08-24,9.7,40.8,False
4155,603363,傲农生物,2.87,1.06,0.6,-147.0,2.843862951754,0.3270736,60.84446983,1013,3178,77.6,2026-08-24,0.92,47.2,False
4156,603365,水星家纺,17.95,3.4,0.57,11.21,17.806422263996,0.3223448,70.36088168,-175,646,66.0,2026-08-24,0.81,46.4,False
4157,603366,日出东方,7.43,1.5,2.7,82.42,7.260740741692,0.2383736,78.75451541,707,41,89.6,2026-08-24,2.33,70.6,False
4158,603367,辰欣药业,14.36,5.51,2.92,12.29,13.715814853043,0.2091368,64.55346356,57,1988,73.6,2026-08-24,4.7,47.5,False
4159,603368,柳药集团,15.84,0.64,0.47,7.0,15.794221747313,0.195334,68.08731287,-25,1081,74.4,2026-08-24,0.29,50.7,False
4160,603369,今世缘,27.96,0.65,0.53,8.37,27.91675474221,0.24931,75.34892819,-19,148,84.0,2026-08-24,0.15,63.3,False
4161,603370,华新精科,32.12,0.41,0.67,41.99,32.140184088692,0.1165956,52.44455464,-225,4982,60.4,2026-08-24,-0.06,31.7,False
4162,603373,安邦护卫,38.6,-0.85,1.26,62.34,38.435028711057,0.2679504,67.79348807,1136,1152,65.2,2026-08-24,0.43,44.2,False
4163,603375,盛景微,37.07,-0.64,1.14,640.86,37.789007091094,0.1364568,52.5876658,-963,4973,67.6,2026-08-24,-1.9,35.5,False
4164,603376,大明电子,25.42,-3.6,5.3,155.78,26.524298591103,0.1810728,65.82270354,285,1680,74.8,2026-08-24,-4.16,49.2,False
4165,603377,ST东时,2.9,0.69,0.31,-7.83,2.864466869084,0.2140756,54.42042299,182,4763,64.0,2026-08-24,1.24,34.8,False
4166,603378,*ST亚士,6.5,4.67,1.82,-7.14,6.234900487104,0.323282,57.94567774,-2720,4067,68.4,2026-08-24,4.25,39.6,False
4167,603379,三美股份,58.95,-1.59,1.08,16.81,60.281626024265,0.3488556,66.99770955,35,1341,75.2,2026-08-24,-2.21,50.4,False
4168,603380,易德龙,33.24,-2.21,1.23,23.1,34.409407362805,0.1579304,64.47441382,-1525,2010,65.6,2026-08-24,-3.4,42.3,False
4169,603381,永臻股份,15.33,-0.78,1.81,37.32,15.263854812206,0.1845668,62.43031185,802,2626,67.6,2026-08-24,0.43,42.2,False
4170,603382,海阳科技,19.0,3.77,4.44,26.63,18.826876746948,0.1349272,54.07120158,-1069,4806,71.2,2026-08-24,0.92,38.5,False
4171,603383,顶点软件,28.32,1.07,0.7,40.35,28.178447147999,0.1777776,66.94040577,-749,1356,76.0,2026-08-24,0.5,50.9,False
4172,603385,惠达卫浴,5.55,1.65,0.37,-17.33,5.471188232126,0.0681548,58.80102771,-638,3812,64.8,2026-08-24,1.44,38.1,False
4173,603386,骏亚科技,13.5,-0.37,0.73,-53.85,13.532000980339,0.1778528,52.8786358,115,4950,68.0,2026-08-24,-0.24,36.0,False
4174,603387,基蛋生物,9.26,0.87,0.92,15.39,9.173127611568,0.174978,61.79344875,-322,2884,72.4,2026-08-24,0.95,44.7,False
4175,603389,亚振家居,42.68,-0.14,0.62,-189.62,43.447225145599,0.346577254902,55.53946197,-372,4581,79.6,2026-08-24,-1.77,44.2,False
4176,603390,通达电气,9.73,-2.11,1.33,23.56,9.97014509523,0.1134884,60.69667783,-1302,3228,70.4,2026-08-24,-2.41,42.7,False
4177,603391,力聚热能,67.45,-0.18,4.52,93.59,67.694300488741,0.322466,71.85849309,-114,455,66.0,2026-08-24,-0.36,47.4,False
4178,603392,万泰生物,27.64,-1.6,0.41,-136.18,29.220803924237,0.248214,57.76648319,-2292,4113,86.8,2026-08-24,-5.41,50.1,False
4179,603393,新天然气,24.89,2.94,1.78,13.67,24.011782648949,0.237802,68.16628339,-668,1062,77.6,2026-08-24,3.66,52.9,False
4180,603395,红四方,28.55,10.02,19.65,89.3,26.150031675368,0.2154724,63.56727052,-818,2306,86.0,2026-08-24,9.18,54.7,False
4181,603396,金辰股份,25.51,-0.08,0.94,40.53,25.688543443361,0.1276628,68.08647823,350,1082,79.6,2026-08-24,-0.7,54.2,False
4182,603398,*ST沐邦,9.85,1.03,0.97,-9.68,10.045513636249,0.2923544,50.60190575,-501,5096,68.4,2026-08-24,-1.95,34.6,False
4183,603399,永杉锂业,14.46,-4.93,7.34,13.97,15.573894594599,0.2999516,57.30872974,-2667,4216,86.4,2026-08-24,-7.15,49.5,False
4184,603400,华之杰,43.68,-3.98,6.01,64.07,46.094975551799,0.25815,66.07122617,-1243,1604,78.4,2026-08-24,-5.24,51.8,False
4185,603402,陕西旅游,64.07,3.07,7.39,25.83,62.264840201024,0.245368,67.20115598,184,1296,69.6,2026-08-24,2.9,46.8,False
4186,603406,天富龙,29.14,1.78,4.07,23.01,29.173972929024,0.170444,67.61150521,-445,1191,74.8,2026-08-24,-0.12,50.6,False
4187,603407,长裕集团,54.5,-4.54,8.29,80.76,57.097906485494,0.2546832,61.91781814,-535,2837,66.4,2026-08-24,-4.55,41.1,False
4188,603408,建霖家居,11.12,3.25,0.99,12.09,10.76636093857,0.1579432,76.5773016,769,95,66.8,2026-08-24,3.28,51.2,False
4189,603409,汇通控股,18.07,0.5,1.38,20.39,17.970332773999,0.1142456,66.01374676,282,1622,65.2,2026-08-24,0.55,43.0,False
4190,603416,信捷电气,43.94,0.57,0.5,31.72,44.137895946109,0.2546624,62.0733795,-92,2773,71.2,2026-08-24,-0.45,44.2,False
4191,603418,友升股份,43.27,0.05,0.84,16.74,43.009682920505,0.1499344,64.28139655,528,2067,62.0,2026-08-24,0.61,39.9,False
4192,603421,鼎信通讯,5.91,1.55,0.43,-10.29,5.834329411195,0.0732748,51.39614632,32,5054,75.6,2026-08-24,1.3,38.9,False
4193,603429,*ST集友,8.9,0.79,0.28,-263.54,8.917512582472,0.3353636,60.70099043,-595,3225,67.2,2026-08-24,-0.2,40.8,False
4194,603435,嘉德利,47.92,-1.34,2.69,86.74,48.553453526752,0.16956,57.04275333,-312,4283,69.6,2026-08-24,-1.3,39.7,False
4195,603439,三力制药,12.28,1.32,2.21,27.92,11.869052765704,0.2793132,55.1938748,-674,4639,71.2,2026-08-24,3.46,39.3,False
4196,603444,吉比特,382.4,0.41,0.64,12.62,380.155646971144,0.3208844,73.77917788,-80,270,85.6,2026-08-24,0.59,63.2,False
4197,603456,九洲药业,15.7,-0.06,1.66,17.87,15.921852229171,0.2354456,68.74017152,-214,945,84.4,2026-08-24,-1.39,58.0,False
4198,603458,勘设股份,9.43,2.28,3.87,-11.12,8.922904717228,0.2238108,48.93547496,-27,5156,72.8,2026-08-24,5.68,35.6,False
4199,603459,红板科技,84.1,-2.48,5.86,128.02,85.136193230854,0.2686016,60.6036988,146,3253,83.2,2026-08-24,-1.22,50.4,False
4200,603466,风语筑,10.94,-0.73,2.95,38.18,11.061841775815,0.2519904,59.17832373,113,3700,85.6,2026-08-24,-1.1,50.7,False
4201,603477,巨星农牧,14.43,1.41,1.7,-5.29,14.105523586777,0.223338,59.50365444,22,3606,76.4,2026-08-24,2.3,45.5,False
4202,603486,科沃斯,56.8,3.18,1.67,13.17,55.91325713553,0.34233,69.11412227,-702,874,85.6,2026-08-24,1.59,59.2,False
4203,603488,展鹏科技,8.12,0.5,0.85,-36.38,8.052531497569,0.1364064,53.84241516,80,4835,63.2,2026-08-24,0.84,34.0,False
4204,603489,八方股份,27.73,-1.0,0.4,36.34,27.823223535632,0.1179448,60.13129323,377,3409,65.6,2026-08-24,-0.34,39.4,False
4205,603496,恒为科技,23.82,-0.42,0.84,327.81,23.588155365722,0.2330648,58.23876458,-381,3976,78.4,2026-08-24,0.98,45.7,False
4206,603499,翔港科技,11.65,-0.6,0.37,29.88,11.704494971973,0.1835908,62.054294,-766,2785,66.0,2026-08-24,-0.47,41.0,False
4207,603500,祥和实业,9.27,0.32,0.56,19.61,9.272062460745,0.1777172,62.42687275,-736,2629,61.6,2026-08-24,-0.02,38.5,False
4208,603501,豪威集团,82.19,-0.38,0.69,42.37,83.393663883952,0.3480396,67.09087438,-741,1326,81.6,2026-08-24,-1.44,54.7,False
4209,603505,金石资源,15.09,-1.63,0.47,70.78,15.397598148945,0.2946268,68.01378365,1564,1095,75.6,2026-08-24,-2.0,51.4,False
4210,603506,南都物业,10.81,2.17,1.74,10.64,10.695089636124,0.0896192,65.58902014,163,1735,76.0,2026-08-24,1.07,49.8,False
4211,603507,振江股份,22.67,-2.03,0.92,13.95,22.887708653358,0.2323692,63.73032463,343,2246,76.4,2026-08-24,-0.95,48.7,False
4212,603508,思维列控,21.44,0.19,0.23,12.87,21.291473919754,0.2437796,72.85646582,839,349,74.0,2026-08-24,0.7,53.9,False
4213,603511,爱慕股份,12.62,0.08,0.12,13.66,12.663873041047,0.0318196,62.04419558,-865,2790,68.8,2026-08-24,-0.35,42.7,False
4214,603515,欧普照明,16.62,0.3,0.06,23.54,16.403279347722,0.1050828,73.62084924,361,285,67.2,2026-08-24,1.32,49.5,False
4215,603516,淳中科技,96.7,0.86,1.43,2873.96,97.047381949974,0.283464,57.05297791,-1723,4280,71.2,2026-08-24,-0.36,40.6,False
4216,603517,ST绝味,11.25,0.18,0.31,25.29,11.209368725484,0.2529576,57.5822686,-1351,4157,74.0,2026-08-24,0.36,42.6,False
4217,603518,锦泓集团,8.04,-0.5,2.31,9.52,8.12377068094,0.1696984,66.45402028,-228,1486,71.2,2026-08-24,-1.03,47.3,False
4218,603519,立霸股份,16.78,-0.24,3.27,22.64,16.658326902078,0.2946964,76.65520042,288,90,80.0,2026-08-24,0.73,61.3,False
4219,603520,司太立,8.77,0.92,0.69,45.87,8.730228858866,0.1254456,54.0064121,-121,4814,68.4,2026-08-24,0.46,36.9,False
4220,603527,众源新材,9.93,-0.3,0.76,20.49,9.965351305581,0.1490588,63.97812636,544,2169,68.8,2026-08-24,-0.35,44.0,False
4221,603528,多伦科技,6.31,2.44,0.66,-55.2,6.147385883872,0.0954108,55.37460083,-201,4609,72.0,2026-08-24,2.65,39.9,False
4222,603529,爱玛科技,21.3,-2.29,0.61,13.84,21.751987826119,0.2162148,68.85023603,539,925,74.4,2026-08-24,-2.08,51.2,False
4223,603530,神马电力,45.97,-1.61,0.31,46.16,47.070707356375,0.1796324,68.71693264,-447,948,85.2,2026-08-24,-2.34,58.5,False
4224,603533,掌阅科技,20.37,0.69,1.21,-66.27,20.328326498763,0.1881872,63.38519039,239,2364,84.8,2026-08-24,0.21,53.8,False
4225,603535,嘉诚国际,6.28,3.29,0.65,56.2,6.120511911164,0.1255576,57.33641337,715,4207,64.4,2026-08-24,2.61,36.9,False
4226,603536,惠发食品,9.47,-0.32,1.34,313.57,9.477115569947,0.120214,61.35419395,1341,3010,76.4,2026-08-24,-0.08,46.9,False
4227,603538,美诺华,26.28,-0.45,8.1,70.13,26.417630336064,0.2942876,58.90357999,-120,3788,87.2,2026-08-24,-0.52,51.4,False
4228,603551,奥普科技,9.32,0.98,0.66,16.72,9.230637671977,0.0545528,66.1936856,-795,1567,68.8,2026-08-24,0.97,45.5,False
4229,603556,海兴电力,25.3,1.52,0.82,19.01,25.096808761393,0.2134092,71.69136285,28,468,82.8,2026-08-24,0.81,59.4,False
4230,603557,*ST起步,3.36,-3.17,0.66,-17.93,3.510092438091,0.1961948,44.76005068,-7,5194,62.0,2026-08-24,-4.28,27.8,True
4231,603558,健盛集团,11.89,-0.17,0.57,11.66,12.16206367114,0.1911112,71.28053571,1100,520,68.0,2026-08-24,-2.24,48.5,False
4232,603559,中通国脉,9.02,-0.22,0.93,134.27,8.914568346674,0.253513137255,61.80716503,916,2877,79.6,2026-08-24,1.18,49.2,False
4233,603565,中谷物流,12.74,-5.77,2.1,12.69,13.305476741566,0.3804756,76.74654976,63,85,80.4,2026-08-24,-4.25,61.7,False
4234,603566,普莱柯,10.16,-0.59,0.51,22.74,10.190242660822,0.109508,63.56846083,-1142,2304,69.2,2026-08-24,-0.3,44.0,False
4235,603567,珍宝岛,5.47,2.82,2.34,-7.15,5.362657579276,0.2541848,46.98428103,3,5187,78.0,2026-08-24,2.0,36.6,False
4236,603568,伟明环保,14.68,0.2,0.17,16.18,14.690242005665,0.1769724,67.13140054,-240,1317,73.6,2026-08-24,-0.07,49.4,False
4237,603569,长久物流,5.94,1.37,0.33,943.15,5.890562688945,0.1136268,62.19881727,1344,2718,69.2,2026-08-24,0.84,43.0,False
4238,603577,汇金通,10.17,-0.29,0.55,63.39,10.184068616601,0.1387728,64.72780248,1655,1937,74.8,2026-08-24,-0.14,48.4,False
4239,603578,三星新材,13.09,-1.36,1.47,-253.85,13.547624780686,0.2109072,69.25474575,-43,852,74.8,2026-08-24,-3.38,51.8,False
4240,603579,荣泰健康,18.06,2.91,0.72,16.18,17.596282731547,0.0888816,65.44976803,-1256,1775,67.6,2026-08-24,2.64,44.2,False
4241,603580,艾艾精工,74.2,1.92,6.85,855.19,74.352389397918,0.343744285714,59.00627023,113,3751,90.0,2026-08-24,-0.2,53.1,False
4242,603583,捷昌驱动,23.08,1.1,0.32,44.1,22.911945576786,0.1865272,61.39079736,-340,3004,72.8,2026-08-24,0.73,44.7,False
4243,603585,苏利股份,10.08,1.0,0.66,25.73,9.988023507006,0.20644,64.59424017,1711,1972,64.4,2026-08-24,0.92,41.6,False
4244,603586,金麒麟,13.48,1.35,0.4,76.41,13.346890658097,0.0548624,56.50883321,-38,4404,68.0,2026-08-24,1.0,38.4,False
4245,603587,地素时尚,11.78,1.82,0.16,13.83,11.587202550119,0.0712104,66.46118363,100,1482,68.4,2026-08-24,1.66,45.5,False
4246,603588,高能环境,13.56,0.59,2.62,10.11,13.504098625742,0.3654784,71.3095628,-351,516,79.6,2026-08-24,0.41,56.8,False
4247,603589,口子窖,19.12,0.95,0.33,8.7,18.9701685484,0.2011372,63.61004919,1404,2293,80.0,2026-08-24,0.79,50.9,False
4248,603590,康辰药业,30.15,0.1,1.12,25.39,30.982439638483,0.2241104,66.20849672,-413,1560,80.0,2026-08-24,-2.69,53.0,False
4249,603595,ST东尼,26.45,1.77,0.54,64.59,25.96695170436,0.270644,57.87334349,-60,4083,68.4,2026-08-24,1.86,39.6,False
4250,603596,伯特利,25.46,-1.13,0.62,21.27,25.554643674492,0.3031592,71.85831777,2119,456,77.2,2026-08-24,-0.37,55.5,False
4251,603598,引力传媒,16.57,0.06,1.27,107.67,16.560810035745,0.1121704,60.16423956,306,3398,84.4,2026-08-24,0.06,50.8,False
4252,603599,广信股份,9.99,-0.2,0.81,12.74,10.047930499713,0.2095136,62.57729224,1028,2584,68.0,2026-08-24,-0.58,42.6,False
4253,603600,永艺股份,9.65,1.05,0.43,11.06,9.558254500117,0.0545904,65.60993402,-240,1726,68.8,2026-08-24,0.96,45.1,False
4254,603601,再升科技,8.75,0.34,1.83,111.45,8.693413423226,0.1450008,53.49350362,-288,4888,74.8,2026-08-24,0.65,40.0,False
4255,603602,纵横通信,11.57,1.14,0.7,89.56,11.480113563523,0.0962356,64.63889904,183,1960,71.6,2026-08-24,0.78,46.3,False
4256,603605,珀莱雅,61.19,8.19,3.09,10.37,56.71475807011,0.261696,75.67431625,246,133,78.8,2026-08-24,7.89,59.6,False
4257,603606,东方电缆,34.78,1.84,1.07,25.4,34.270793992622,0.2544852,63.44081039,487,2350,86.8,2026-08-24,1.49,55.1,False
4258,603607,京华激光,21.17,-1.21,0.6,38.93,21.5842042342,0.3066996,62.81889943,1169,2526,71.6,2026-08-24,-1.92,45.0,False
4259,603608,天创时尚,17.43,-3.17,1.22,132.41,18.03600519234,0.3187084,58.89240941,-1740,3793,66.8,2026-08-24,-3.36,39.3,False
4260,603609,禾丰股份,6.42,1.58,0.21,167.53,6.333679585201,0.1414276,66.284594,393,1544,71.6,2026-08-24,1.36,47.5,False
4261,603610,麒盛科技,15.01,0.33,0.57,39.29,15.086209835862,0.2009028,58.31560749,-229,3955,72.0,2026-08-24,-0.51,42.0,False
4262,603611,诺力股份,17.1,0.94,0.4,14.75,17.194087858686,0.1507732,65.89920251,563,1657,68.8,2026-08-24,-0.55,45.3,False
4263,603612,索通发展,16.61,0.0,0.85,10.19,16.605853538113,0.1681144,64.76922753,-940,1925,73.2,2026-08-24,0.02,47.4,False
4264,603613,国联股份,18.05,0.78,0.41,11.87,18.014807016063,0.255388,63.5870078,-252,2301,74.0,2026-08-24,0.2,47.1,False
4265,603615,茶花股份,16.47,0.3,0.55,231.65,16.57562153889,0.1701404,63.01929751,144,2477,69.6,2026-08-24,-0.64,43.9,False
4266,603616,韩建河山,5.46,0.92,0.92,-53.88,5.413386270668,0.1065424,50.88240116,-8,5082,70.4,2026-08-24,0.86,35.8,False
4267,603617,君禾股份,6.73,0.9,0.49,37.49,6.689311588556,0.1088872,58.4279989,-300,3917,71.6,2026-08-24,0.61,41.8,False
4268,603618,杭电股份,28.76,3.45,7.02,61.49,27.651474413087,0.257058,56.88610722,-2121,4318,89.2,2026-08-24,4.01,50.7,False
4269,603619,中曼石油,23.5,-0.3,3.5,85.81,23.048906229462,0.3174984,72.41760388,-231,388,82.8,2026-08-24,1.96,60.0,False
4270,603626,科森科技,18.67,-4.16,6.39,19.06,19.266890898648,0.3741,73.31765411,83,308,94.4,2026-08-24,-3.1,69.2,False
4271,603628,清源股份,9.65,1.05,0.42,146.16,9.552632347476,0.1515208,58.48429154,392,3900,72.8,2026-08-24,1.02,42.6,False
4272,603629,利通电子,119.79,-1.63,4.36,40.49,121.768181645513,0.3697176,66.42447298,281,1497,88.8,2026-08-24,-1.62,59.0,False
4273,603630,拉芳家化,13.79,-1.78,2.0,41.76,14.10678505004,0.112418,61.15796404,468,3077,73.6,2026-08-24,-2.25,45.0,False
4274,603633,徕木股份,6.43,2.06,0.69,-19.16,6.308230477927,0.1001452,51.12199081,45,5068,65.6,2026-08-24,1.93,33.5,False
4275,603636,南威软件,6.87,1.33,0.59,-20.01,6.758452858163,0.1399468,50.69180263,-9,5092,73.6,2026-08-24,1.65,37.3,False
4276,603637,镇海股份,14.03,10.04,4.53,79.92,12.789396933561,0.2656028,60.16358683,-1778,3400,74.0,2026-08-24,9.7,44.5,False
4277,603638,艾迪精密,18.58,-0.21,0.3,27.01,18.720701228868,0.2279732,61.01678885,-141,3121,72.0,2026-08-24,-0.75,43.9,False
4278,603639,海利尔,10.72,0.75,0.23,12.44,10.656689375547,0.1940348,65.27384882,298,1815,67.2,2026-08-24,0.59,43.9,False
4279,603648,畅联股份,9.45,0.43,0.25,25.74,9.443463551594,0.1598072,67.51610833,236,1209,71.6,2026-08-24,0.07,48.3,False
4280,603650,彤程新材,61.02,-4.58,1.52,48.32,63.418376178984,0.2753112,67.57317373,1204,1197,91.2,2026-08-24,-3.78,61.6,False
4281,603655,朗博科技,31.46,1.13,0.68,88.33,31.522577534951,0.179882,60.19648915,-91,3391,71.2,2026-08-24,-0.2,42.9,False
4282,603656,泰禾智能,17.25,0.52,0.3,103.79,17.203375055313,0.1322276,56.66418828,-714,4370,66.4,2026-08-24,0.27,37.6,False
4283,603657,春光科技,24.66,-2.03,2.58,-23.54,26.237594986496,0.2281796,61.2917595,-781,3030,80.0,2026-08-24,-6.01,49.0,False
4284,603658,安图生物,33.68,-1.17,0.47,19.36,34.233900340153,0.1675812,75.10272865,661,164,79.2,2026-08-24,-1.62,59.5,False
4285,603659,璞泰来,23.57,-3.48,0.74,17.4,24.433713980169,0.2749264,68.97953583,370,894,76.4,2026-08-24,-3.53,52.7,False
4286,603660,苏州科达,10.66,-2.65,1.46,-9.28,10.999777326528,0.2958356,52.93042746,132,4944,81.6,2026-08-24,-3.09,43.2,False
4287,603661,恒林股份,32.57,-0.73,0.33,19.2,32.67398972796,0.2421788,63.91582634,-1458,2188,66.8,2026-08-24,-0.32,42.7,False
4288,603662,柯力传感,47.6,-0.77,0.62,81.27,48.126214650895,0.2545532,62.07860143,121,2772,81.2,2026-08-24,-1.09,50.4,False
4289,603663,三祥新材,40.38,-2.96,1.87,155.62,41.342467848208,0.353118,70.25076961,-239,661,82.8,2026-08-24,-2.33,58.2,False
4290,603665,康隆达,20.44,-0.44,1.05,38.2,20.849784181471,0.13718,51.27053384,-169,5057,62.0,2026-08-24,-1.97,31.8,False
4291,603666,亿嘉和,25.75,-2.68,1.11,-20.84,25.973038526337,0.3524764,61.19804287,-1030,3062,83.6,2026-08-24,-0.86,51.2,False
4292,603667,五洲新春,50.14,-2.36,1.53,155.94,52.249265451807,0.2997808,57.60603065,-1770,4148,77.6,2026-08-24,-4.04,44.7,False
4293,603668,天马科技,10.02,0.6,0.32,188.95,9.980651306206,0.1849072,55.33292634,147,4614,68.8,2026-08-24,0.39,38.1,False
4294,603669,灵康药业,5.43,0.74,2.16,91.6,5.402651568737,0.2018536,54.14493582,248,4796,68.0,2026-08-24,0.51,36.8,False
4295,603676,卫信康,9.27,1.42,0.27,14.76,9.200322109819,0.0540212,69.83638974,755,723,69.6,2026-08-24,0.76,48.6,False
4296,603677,奇精机械,13.6,1.42,0.39,243.23,13.443271960502,0.0895568,54.51663469,-575,4748,66.0,2026-08-24,1.17,36.0,False
4297,603678,火炬电子,45.05,-3.6,1.72,44.17,46.642247589505,0.2580796,62.38945911,-1185,2647,86.4,2026-08-24,-3.41,53.9,False
4298,603679,华体科技,22.01,-2.26,1.92,-69.3,22.184313942914,0.2751768,63.37664016,498,2368,73.6,2026-08-24,-0.79,46.6,False
4299,603680,今创集团,10.22,0.39,0.2,9.03,10.231680317923,0.100042,64.28142069,-321,2066,64.4,2026-08-24,-0.11,41.4,False
4300,603681,永冠新材,17.9,-0.78,0.84,39.73,18.036987076462,0.140124,60.64112076,-100,3240,64.8,2026-08-24,-0.76,39.3,False
4301,603682,锦和商管,11.32,0.44,1.47,117.03,11.364657698301,0.2548932,63.98801013,1771,2162,74.0,2026-08-24,-0.39,47.4,False
4302,603683,晶华新材,15.3,-1.48,2.04,46.21,15.633333255948,0.1918352,59.97734499,-1796,3456,78.8,2026-08-24,-2.13,47.3,False
4303,603685,晨丰科技,24.01,-1.84,0.3,152.3,24.352494589809,0.15765,58.33902024,-284,3946,63.2,2026-08-24,-1.41,36.9,False
4304,603686,福龙马,12.72,2.25,1.35,20.23,12.485727909189,0.0892416,59.5541771,-186,3586,73.6,2026-08-24,1.88,43.8,False
4305,603687,大胜达,13.15,0.38,1.28,81.96,13.046120358907,0.2081776,54.41376037,89,4765,67.6,2026-08-24,0.8,36.8,False
4306,603688,石英股份,45.91,-2.94,1.02,136.08,47.319122830867,0.2303132,59.27534777,-1054,3674,76.0,2026-08-24,-2.98,45.0,False
4307,603689,皖天然气,7.59,0.66,0.24,8.71,7.531646350535,0.1537988,66.71811221,-631,1409,69.2,2026-08-24,0.77,46.2,False
4308,603690,至纯科技,24.89,-2.39,4.09,-16.62,25.38130740063,0.2268044,52.50131817,191,4979,88.4,2026-08-24,-1.94,46.4,False
4309,603693,江苏新能,11.17,-0.18,0.22,22.74,11.164274616162,0.1910824,59.74361778,518,3527,69.2,2026-08-24,0.05,41.3,False
4310,603696,安记食品,13.08,2.43,3.13,92.5,12.816408876355,0.0886852,56.8550197,82,4325,83.6,2026-08-24,2.06,47.5,False
4311,603697,有友食品,9.42,2.61,0.59,16.23,9.17052754217,0.1167124,62.21510921,-31,2710,68.4,2026-08-24,2.72,42.6,False
4312,603698,航天工程,21.06,-0.66,0.88,68.89,21.357597445439,0.2254548,58.96647707,-173,3764,76.8,2026-08-24,-1.39,45.3,False
4313,603699,纽威股份,51.82,0.56,0.3,27.39,52.972821638,0.1456568,70.27707693,-477,658,76.0,2026-08-24,-2.18,53.4,False
4314,603700,宁水集团,11.46,1.06,0.78,53.08,11.349420382166,0.1453728,60.12958967,301,3410,66.8,2026-08-24,0.97,40.2,False
4315,603701,德宏股份,18.84,-1.72,0.32,200.98,19.082878912551,0.3861684,61.50684441,1483,2972,65.6,2026-08-24,-1.27,40.3,False
4316,603703,盛洋科技,9.77,1.56,2.32,165.9,9.577926867311,0.1766308,62.56546076,1409,2588,83.6,2026-08-24,2.01,52.3,False
4317,603706,东方环宇,19.33,-0.51,0.21,8.91,19.369987651884,0.0676828,67.47472606,389,1225,68.4,2026-08-24,-0.21,46.2,False
4318,603707,健友股份,7.87,1.16,0.21,35.71,7.824967692961,0.118962,67.704837,-226,1168,74.4,2026-08-24,0.58,50.4,False
4319,603708,家家悦,9.26,2.32,0.84,15.88,9.061763080472,0.1336776,69.73095644,-230,739,79.2,2026-08-24,2.19,55.2,False
4320,603709,中源家居,12.02,1.78,1.13,240.73,11.794142995469,0.063982,58.71575407,-138,3837,70.8,2026-08-24,1.91,41.6,False
4321,603711,香飘飘,11.49,0.52,0.73,218.42,11.454886339535,0.2001448,69.27938938,80,843,75.2,2026-08-24,0.31,52.1,False
4322,603712,七一二,10.89,1.02,0.73,-32.23,10.844979415005,0.1636656,51.82297477,-16,5030,72.8,2026-08-24,0.42,37.7,False
4323,603713,密尔克卫,63.53,-0.11,0.44,14.5,64.439748465233,0.243376,66.77893472,-942,1396,67.6,2026-08-24,-1.41,45.1,False
4324,603716,塞力医疗,15.29,1.46,3.69,-49.27,15.232165578176,0.2213,59.00657763,-715,3749,92.0,2026-08-24,0.38,54.3,False
4325,603717,天域生物,6.38,1.11,1.27,-44.0,6.302899626003,0.0855676,52.03905859,-147,5014,66.8,2026-08-24,1.22,34.8,False
4326,603718,*ST海利,2.94,0.34,0.3,75.28,2.957220733427,0.2474812,49.79465431,11,5129,66.8,2026-08-24,-0.58,33.3,False
4327,603719,良品铺子,9.43,1.07,0.78,115.87,9.400005513764,0.0531428,58.47094246,-314,3903,80.8,2026-08-24,0.32,47.2,False
4328,603721,中广天择,17.54,1.5,1.07,-75.6,17.395384392692,0.118954727273,64.50495774,-1238,2001,84.0,2026-08-24,0.83,54.2,False
4329,603722,阿科力,29.17,0.48,0.54,-54.84,29.045791604676,0.146866,49.9750564,35,5122,64.8,2026-08-24,0.43,32.4,False
4330,603725,天安新材,12.18,5.36,3.64,47.93,11.385776781745,0.2211844,67.9602917,-896,1113,71.2,2026-08-24,6.98,48.4,False
4331,603726,朗迪集团,22.88,-1.34,0.81,12.14,23.120217535702,0.171154,59.75570283,207,3522,72.0,2026-08-24,-1.04,43.0,False
4332,603727,博迈科,18.18,1.85,0.57,-36.35,17.880388356456,0.1603752,60.16224393,-1768,3401,64.0,2026-08-24,1.68,38.5,False
4333,603728,鸣志电器,45.98,0.15,0.51,348.48,46.254064655964,0.1816284,55.18870924,64,4642,87.2,2026-08-24,-0.59,48.1,False
4334,603729,ST龙韵,11.3,1.8,0.42,108.18,11.102532316443,0.2737088,60.01744562,1236,3445,65.6,2026-08-24,1.78,39.4,False
4335,603730,岱美股份,10.46,-1.13,0.45,30.14,10.540982661756,0.2797972,69.02368761,307,891,64.8,2026-08-24,-0.77,44.7,False
4336,603733,仙鹤股份,20.81,-1.56,0.27,16.95,21.154333370486,0.4104332,70.51591525,97,617,72.0,2026-08-24,-1.63,50.8,False
4337,603737,三棵树,24.74,-1.32,0.34,51.33,25.305447239398,0.1386244,65.92028357,-336,1650,78.0,2026-08-24,-2.23,51.4,False
4338,603738,泰晶科技,36.6,1.86,4.94,153.22,35.811931854628,0.2701272,56.30629045,-2777,4442,86.8,2026-08-24,2.2,48.9,False
4339,603739,蔚蓝生物,12.33,2.32,1.11,43.65,12.105347217813,0.0795052,60.7776276,-328,3203,83.6,2026-08-24,1.86,50.8,False
4340,603755,日辰股份,23.27,0.91,0.52,31.53,23.087921136273,0.13016,62.95436351,-627,2493,65.2,2026-08-24,0.79,41.0,False
4341,603757,大元泵业,65.59,3.29,5.91,266.94,62.933421218629,0.3082052,74.6470551,78,202,83.6,2026-08-24,4.22,62.4,False
4342,603758,秦安股份,11.1,0.73,2.97,49.76,11.195118919053,0.2726156,65.29723993,-893,1806,80.4,2026-08-24,-0.85,52.5,False
4343,603759,海天股份,7.47,0.81,0.33,222.92,7.410639156655,0.043728,62.8506826,-217,2516,69.2,2026-08-24,0.8,43.5,False
4344,603766,隆鑫通用,14.97,2.75,0.68,15.51,14.505321985181,0.1329896,74.65907013,369,201,76.0,2026-08-24,3.2,56.7,False
4345,603767,中马传动,14.22,0.78,0.67,167.29,14.163091553514,0.0514172,56.80244377,-121,4343,76.8,2026-08-24,0.4,43.6,False
4346,603768,常青股份,11.43,1.69,0.48,98.05,11.221336464384,0.0767596,60.37561744,389,3325,64.8,2026-08-24,1.86,39.1,False
4347,603773,沃格光电,93.0,-1.67,4.03,-102.22,94.365232627293,0.3452576,55.41628232,-827,4602,93.6,2026-08-24,-1.45,51.9,False
4348,603776,永安行,20.24,-1.84,0.23,-278.31,20.408789232465,0.1869412,62.310821,635,2674,71.2,2026-08-24,-0.83,44.4,False
4349,603777,来伊份,13.29,0.53,0.58,-79.14,13.204283346318,0.22037,50.62294495,-204,5095,72.4,2026-08-24,0.65,36.7,False
4350,603778,国晟科技,9.24,-0.32,1.75,-43.77,9.247275939171,0.1660024,55.05759713,438,4657,78.0,2026-08-24,-0.08,42.9,False
4351,603779,威龙股份,7.88,-0.25,2.16,-87.23,7.813320208009,0.1861448,59.66737281,1597,3551,70.8,2026-08-24,0.85,42.2,False
4352,603786,科博达,39.22,-0.56,0.19,26.19,39.73154811358,0.1715164,65.47742876,-163,1768,69.2,2026-08-24,-1.29,45.3,False
4353,603787,新日股份,10.27,1.38,0.58,23.47,10.122297654045,0.0905468,62.12193637,59,2750,68.8,2026-08-24,1.46,42.7,False
4354,603788,宁波高发,13.92,0.58,0.16,16.54,13.869312538523,0.1228564,64.23801261,-782,2080,66.0,2026-08-24,0.37,42.4,False
4355,603789,ST星农,6.19,1.14,0.54,-13.35,6.054066468086,0.299866181818,54.65049806,163,4731,68.8,2026-08-24,2.25,37.6,False
4356,603790,雅运股份,23.96,-1.68,0.69,31.31,24.214203207711,0.2818604,65.11680282,247,1846,74.8,2026-08-24,-1.05,48.7,False
4357,603797,联泰环保,4.73,-0.21,0.57,16.62,4.706612989552,0.1494056,56.75354119,-240,4355,70.8,2026-08-24,0.5,40.2,False
4358,603798,康普顿,12.85,2.23,1.13,17.74,12.505658646069,0.1304844,62.58194541,-228,2581,70.0,2026-08-24,2.75,43.8,False
4359,603799,华友钴业,38.83,-3.41,1.55,10.48,40.814056045148,0.3990876,67.5063216,-930,1213,92.0,2026-08-24,-4.86,62.1,False
4360,603800,洪田股份,65.35,-0.11,0.9,-212.11,65.867938265568,0.3891052,56.5261008,49,4398,72.0,2026-08-24,-0.79,40.7,False
4361,603801,志邦家居,6.82,-1.87,7.52,-7.85,6.957929949426,0.2056344,71.07131662,2639,548,81.6,2026-08-24,-1.98,58.0,False
4362,603803,瑞斯康达,11.13,0.0,5.3,172.79,11.342923200471,0.2513248,64.99169051,-940,1873,91.6,2026-08-24,-1.88,59.5,False
4363,603806,福斯特,15.22,0.07,0.46,23.57,15.18031961532,0.2143176,66.29233778,-581,1541,78.0,2026-08-24,0.26,51.7,False
4364,603808,歌力思,8.48,0.36,0.41,18.81,8.446430753233,0.0377152,69.60390389,-27,762,64.0,2026-08-24,0.4,44.5,False
4365,603809,豪能股份,8.9,1.25,0.37,21.8,8.833918806032,0.1066944,61.19303698,-1116,3066,73.6,2026-08-24,0.75,45.0,False
4366,603810,丰山集团,12.31,1.23,0.55,37.97,12.159203729742,0.057214,61.74430507,1637,2900,68.0,2026-08-24,1.24,42.0,False
4367,603811,诚意药业,7.32,1.1,0.59,18.93,7.28218603046,0.177666,68.06611222,1348,1086,68.4,2026-08-24,0.52,46.6,False
4368,603813,原尚股份,28.15,-1.16,0.34,-37.14,28.638056688022,0.088194901961,49.10804956,-173,5154,67.6,2026-08-24,-1.7,33.2,False
4369,603815,交建股份,5.41,-0.37,0.82,14.6,5.317619655078,0.2014876,61.10063982,1973,3100,65.6,2026-08-24,1.74,40.1,False
4370,603816,顾家家居,24.96,0.73,0.4,11.64,24.838905997676,0.221402,73.50893659,-47,293,75.2,2026-08-24,0.49,55.3,False
4371,603817,海峡环保,5.7,0.71,0.67,12.03,5.660609201829,0.1979952,63.9857853,177,2164,67.2,2026-08-24,0.7,43.0,False
4372,603818,曲美家居,3.72,-0.27,1.17,514.88,3.741862537556,0.301674,62.61473855,339,2569,70.4,2026-08-24,-0.58,44.1,False
4373,603819,神力股份,13.5,-0.81,0.66,106.65,13.524535651532,0.215806,55.73654834,79,4536,66.8,2026-08-24,-0.18,37.2,False
4374,603822,ST嘉澳,57.2,-0.63,0.21,32.72,58.164670807453,0.2435336,64.31941103,-27,2054,66.0,2026-08-24,-1.66,42.5,False
4375,603823,百合花,67.63,-3.36,4.12,121.91,72.656257814883,0.3918936,67.79702385,-78,1151,89.6,2026-08-24,-6.92,60.7,False
4376,603825,ST华扬,8.11,1.0,0.24,-21.55,8.09451409518,0.2228768,59.50380113,-1854,3605,71.6,2026-08-24,0.19,42.6,False
4377,603826,坤彩科技,15.67,-2.55,0.41,44.92,16.149383875088,0.110688,57.15867996,-273,4251,71.6,2026-08-24,-2.97,40.9,False
4378,603828,*ST利达,4.99,1.22,0.3,244.03,5.02540444441,0.313504,61.21052713,503,3058,70.8,2026-08-24,-0.7,43.3,False
4379,603829,洛凯股份,15.14,1.0,0.84,217.9,14.924050227492,0.0586172,59.95452808,77,3466,64.8,2026-08-24,1.45,38.9,False
4380,603833,欧派家居,32.38,1.79,0.33,31.68,31.982743206923,0.133594,63.50830972,20,2330,76.4,2026-08-24,1.24,48.5,False
4381,603836,海程邦达,9.15,0.77,0.46,54.32,9.018324930632,0.065294,63.53345196,1258,2319,66.0,2026-08-24,1.46,41.9,False
4382,603838,*ST四通,11.56,-2.53,0.8,-77.42,11.909447756262,0.3375008,58.29732256,-1586,3960,72.8,2026-08-24,-2.93,42.4,False
4383,603839,安正时尚,7.19,1.55,0.53,22.89,7.04328882241,0.0898676,64.43015912,126,2019,66.4,2026-08-24,2.08,42.8,False
4384,603843,*ST正平,7.19,2.57,0.68,-48.15,7.040057548957,0.2618496,50.85211013,-953,5084,69.2,2026-08-24,2.13,35.2,False
4385,603848,好太太,13.01,1.72,0.4,25.61,12.865950894006,0.1400216,64.64840075,-1088,1957,77.2,2026-08-24,1.12,49.9,False
4386,603855,华荣股份,15.97,0.13,0.14,14.28,15.949074139699,0.1201668,64.62717571,-1019,1967,67.2,2026-08-24,0.13,43.4,False
4387,603856,东宏股份,11.28,-1.14,0.79,15.44,11.547826096852,0.211686,67.65638456,196,1185,68.0,2026-08-24,-2.32,46.0,False
4388,603858,步长制药,15.25,0.46,0.17,12.55,15.242979236182,0.1957164,63.52125303,-1158,2322,80.8,2026-08-24,0.05,51.3,False
4389,603859,能科科技,37.05,-0.4,0.72,50.28,37.113508359091,0.229826,59.90795247,189,3484,71.6,2026-08-24,-0.17,42.9,False
4390,603860,中公高科,26.4,1.15,0.68,645.16,26.048367141813,0.1330412,64.1561061,-957,2095,68.0,2026-08-24,1.35,43.6,False
4391,603861,白云电器,11.85,-0.84,0.48,37.12,11.90866890947,0.2064568,64.07717758,1745,2126,72.0,2026-08-24,-0.49,46.1,False
4392,603863,松炀资源,12.41,-0.32,0.7,-124.73,12.383692707414,0.272394,56.31971081,642,4438,61.2,2026-08-24,0.21,34.5,False
4393,603866,桃李面包,4.27,2.4,0.41,23.52,4.159263021235,0.1160648,59.33786366,371,3650,72.8,2026-08-24,2.66,43.2,False
4394,603867,新化股份,28.62,-2.45,1.66,19.19,29.293211509773,0.376824,68.63869343,2358,969,63.6,2026-08-24,-2.3,43.7,False
4395,603868,飞科电器,30.28,1.34,0.09,17.49,29.971546496785,0.1975632,63.17243858,557,2428,68.0,2026-08-24,1.03,43.0,False
4396,603869,ST智知,8.69,-0.57,0.08,217.12,8.735541546407,0.2266252,62.85710018,577,2515,66.4,2026-08-24,-0.52,41.7,False
4397,603871,嘉友国际,12.81,1.03,0.32,13.37,12.756216062013,0.1740196,73.62522735,-222,283,70.0,2026-08-24,0.42,51.5,False
4398,603876,鼎胜新材,22.59,-2.71,1.36,27.08,23.451498895339,0.2745812,69.22812348,-479,855,76.8,2026-08-24,-3.67,53.2,False
4399,603877,太平鸟,12.65,1.12,0.12,29.22,12.484799982947,0.074972,60.2756014,-1243,3359,66.4,2026-08-24,1.32,40.0,False
4400,603878,武进不锈,5.08,1.6,1.02,-40.6,4.990947671732,0.1453152,57.52073821,318,4171,63.6,2026-08-24,1.78,36.6,False
4401,603879,永悦科技,5.54,0.54,1.16,-79.32,5.581556679111,0.157652,63.95648534,2138,2174,70.4,2026-08-24,-0.74,45.0,False
4402,603880,南卫股份,8.83,1.73,2.23,-125.35,8.705371139113,0.147814,58.08381592,-567,4028,77.2,2026-08-24,1.43,44.8,False
4403,603881,数据港,24.88,-1.27,2.7,124.87,26.04876009684,0.2465852,61.67971136,-888,2925,94.0,2026-08-24,-4.49,58.0,False
4404,603882,金域医学,29.09,-2.15,1.66,35.43,30.107476373054,0.2621452,69.66222422,-703,751,89.6,2026-08-24,-3.38,62.4,False
4405,603883,老百姓,13.15,1.08,0.69,9.46,13.067739773971,0.1493452,70.13468508,-83,678,82.4,2026-08-24,0.63,57.8,False
4406,603885,吉祥航空,10.5,0.77,0.17,12.92,10.424639986342,0.1959876,66.33987263,-480,1524,70.4,2026-08-24,0.72,46.7,False
4407,603886,元祖股份,11.97,1.44,1.99,-10.23,11.416340428344,0.25465,58.98630348,-157,3757,70.8,2026-08-24,4.85,41.8,False
4408,603887,城地香江,9.25,0.22,5.0,-431.48,9.158200651576,0.2251936,55.98463009,454,4490,84.4,2026-08-24,1.0,47.3,False
4409,603888,新华网,16.08,1.84,0.42,75.78,15.835889075696,0.207656,66.01370316,487,1623,72.8,2026-08-24,1.54,48.1,False
4410,603889,新澳股份,5.64,0.53,0.68,11.15,5.558385056404,0.1934176,68.85285338,-382,923,66.4,2026-08-24,1.47,45.7,False
4411,603890,春秋电子,18.15,-2.26,3.79,35.51,17.545960959473,0.2699956,64.00166411,-429,2158,77.6,2026-08-24,3.44,49.7,False
4412,603893,瑞芯微,174.34,-0.15,0.83,42.94,175.45955225251,0.3690488,66.96407567,-836,1347,81.2,2026-08-24,-0.64,54.4,False
4413,603895,天永智能,24.74,-1.39,0.61,128.07,24.47487842438,0.0943808,59.74102608,6,3528,65.2,2026-08-24,1.08,39.0,False
4414,603896,寿仙谷,15.1,2.17,0.57,25.87,14.789055201041,0.1001232,56.02911547,-125,4485,70.8,2026-08-24,2.1,39.7,False
4415,603897,长城科技,30.6,1.32,2.8,22.28,29.884443561775,0.199742,65.21312486,-1320,1824,82.8,2026-08-24,2.39,54.0,False
4416,603898,好莱客,11.27,0.99,0.32,-38.26,11.100069060774,0.1631504,59.07124183,248,3736,64.0,2026-08-24,1.53,37.8,False
4417,603899,晨光股份,22.7,1.07,0.14,15.42,22.369839718397,0.086806,69.81440959,63,727,76.0,2026-08-24,1.48,53.1,False
4418,603900,莱绅通灵,6.44,1.58,7.72,10.32,6.485252212301,0.161202,71.98726283,-128,438,77.6,2026-08-24,-0.7,55.9,False
4419,603901,永创智能,9.34,0.97,0.44,18.89,9.236853868283,0.1190664,62.28207097,246,2687,69.6,2026-08-24,1.12,43.3,False
4420,603903,中持股份,13.98,-2.85,1.78,51.74,14.023014038453,0.2987008,61.62643533,1626,2938,71.2,2026-08-24,-0.31,43.9,False
4421,603906,龙蟠科技,19.02,-3.84,1.86,17.56,20.006515313198,0.2390704,58.66627606,-168,3856,77.6,2026-08-24,-4.93,45.5,False
4422,603908,牧高笛,19.2,0.52,0.51,21.84,19.004926740561,0.0227176,60.32587742,868,3336,67.2,2026-08-24,1.03,40.5,False
4423,603909,建发合诚,9.69,1.25,0.3,24.27,9.533582879977,0.076986,67.97433267,185,1110,64.8,2026-08-24,1.64,44.0,False
4424,603912,佳力图,8.66,4.97,3.18,-57.97,8.282278921984,0.2630224,61.68074628,453,2923,84.0,2026-08-24,4.56,51.8,False
4425,603915,国茂股份,13.01,0.54,0.25,39.48,12.901218968121,0.1196112,65.61542419,1132,1724,70.8,2026-08-24,0.84,46.5,False
4426,603916,苏博特,11.43,-0.26,0.91,32.45,11.464354171122,0.1625956,59.46184743,-140,3615,78.8,2026-08-24,-0.3,46.9,False
4427,603917,合力科技,12.55,2.95,0.8,-116.76,12.19806395806,0.2240756,61.10292456,1365,3099,72.0,2026-08-24,2.89,44.0,False
4428,603918,金桥信息,10.87,5.13,4.59,-32.57,10.267950078021,0.1737064,64.06975731,1062,2132,84.0,2026-08-24,5.86,53.8,False
4429,603919,金徽酒,16.32,1.3,1.0,19.34,16.247062081308,0.1469388,67.27152839,1189,1281,80.0,2026-08-24,0.45,53.8,False
4430,603920,世运电路,36.33,-2.21,1.08,155.67,37.465053777653,0.2492932,62.48248051,-1737,2609,79.2,2026-08-24,-3.03,49.5,False
4431,603922,ST金鸿顺,13.86,-0.72,0.24,105.29,13.942725013703,0.3623752,63.10204224,-561,2453,64.0,2026-08-24,-0.59,40.4,False
4432,603926,铁流股份,15.51,-1.46,1.0,30.47,15.351449741612,0.113296,64.9677159,2190,1878,63.6,2026-08-24,1.03,41.3,False
4433,603927,中科软,13.42,2.13,0.67,-175.99,13.17936904131,0.13322,65.68547232,-991,1709,76.4,2026-08-24,1.83,50.2,False
4434,603928,兴业股份,11.96,-4.01,1.53,32.03,12.361826861501,0.1506476,64.78098728,177,1923,81.6,2026-08-24,-3.25,52.9,False
4435,603929,亚翔集成,157.92,-4.76,1.5,34.35,164.281892766843,0.282838,70.70755105,-377,595,88.0,2026-08-24,-3.87,62.2,False
4436,603931,格林达,34.38,-1.63,1.07,58.51,34.813244789833,0.1220912,60.7850511,414,3199,75.6,2026-08-24,-1.24,46.0,False
4437,603933,睿能科技,18.61,-0.91,0.75,29.39,18.741555035698,0.0852296,57.08512625,-132,4273,71.6,2026-08-24,-0.7,40.9,False
4438,603936,博敏电子,16.86,-2.03,3.97,-106.07,17.02795287652,0.2919008,59.44458773,-1435,3623,92.0,2026-08-24,-0.99,54.7,False
4439,603937,丽岛新材,11.69,-0.17,0.86,23.57,11.658382311712,0.1217836,64.40841296,-63,2026,65.6,2026-08-24,0.27,42.3,False
4440,603938,三孚股份,40.66,-1.81,1.99,65.3,41.256124069129,0.2488052,63.7359055,-1618,2244,78.0,2026-08-24,-1.44,49.7,False
4441,603939,益丰药房,23.75,0.42,0.26,14.41,23.735364646116,0.2182256,75.64375048,105,136,76.8,2026-08-24,0.06,58.1,False
4442,603948,建业股份,20.37,0.25,0.26,15.63,20.281841823056,0.0962348,66.6056641,25,1447,62.0,2026-08-24,0.43,41.3,False
4443,603949,雪龙集团,13.97,1.67,0.63,31.38,13.78390753918,0.099012,58.00528524,-263,4051,66.8,2026-08-24,1.35,38.7,False
4444,603950,长源东谷,62.39,2.11,1.21,61.02,61.132559848983,0.4168196,71.73519734,236,464,67.6,2026-08-24,2.06,48.5,False
4445,603955,大千生态,19.4,1.36,1.18,-52.11,19.377392522046,0.085774,59.53245744,1500,3592,70.4,2026-08-24,0.12,41.9,False
4446,603956,威派格,6.03,0.0,1.31,-13.2,6.158875419371,0.1778944,50.33397318,-111,5109,78.8,2026-08-24,-2.09,39.7,False
4447,603958,哈森股份,23.47,3.8,14.37,74.78,22.09166687262,0.3330948,64.06364104,-1655,2134,88.0,2026-08-24,6.24,56.4,False
4448,603959,ST百利,5.01,-1.38,0.57,-12.86,5.137224174333,0.304334,54.439255,-1654,4759,66.8,2026-08-24,-2.48,36.4,False
4449,603960,克来机电,15.71,0.71,0.45,364.4,15.726434366316,0.088118,55.64018097,348,4561,72.0,2026-08-24,-0.1,40.1,False
4450,603966,法兰泰克,7.95,3.11,1.16,19.06,7.714085991522,0.1340508,63.62276834,-28,2292,65.6,2026-08-24,3.06,41.7,False
4451,603967,中创物流,11.83,4.78,1.4,10.37,11.299382828158,0.0951864,68.13298724,-74,1067,67.6,2026-08-24,4.7,46.1,False
4452,603968,醋化股份,10.43,0.58,0.45,-29.42,10.360697898477,0.0496064,56.78526482,-128,4346,62.0,2026-08-24,0.67,35.2,False
4453,603969,银龙股份,7.59,6.9,2.65,13.73,7.163962521265,0.2797776,64.61497907,-1115,1970,75.6,2026-08-24,5.95,48.8,False
4454,603970,中农立华,10.75,1.42,0.54,13.15,10.610818469867,0.1049788,60.69841681,-31,3226,70.0,2026-08-24,1.31,42.5,False
4455,603976,正川股份,27.63,-0.47,0.73,173.63,27.835132562461,0.2298736,60.79101265,693,3196,66.0,2026-08-24,-0.74,40.1,False
4456,603977,国泰集团,11.26,-4.25,0.96,35.69,11.689065782862,0.2266,64.54656319,1415,1989,70.0,2026-08-24,-3.67,45.2,False
4457,603978,深圳新星,18.6,-1.38,1.23,54.41,18.902937324045,0.1626268,63.59333069,1586,2299,71.6,2026-08-24,-1.6,45.5,False
4458,603979,金诚信,72.4,-2.61,0.68,18.77,74.99087113893,0.2814924,76.30980269,77,105,76.4,2026-08-24,-3.45,58.3,False
4459,603980,吉华集团,6.53,-2.83,1.33,46.58,6.679473236762,0.2385192,66.24626075,1401,1550,78.0,2026-08-24,-2.24,51.7,False
4460,603982,泉峰汽车,6.12,1.16,0.37,-5.27,6.058287798773,0.0498432,55.71569967,204,4544,70.0,2026-08-24,1.02,39.0,False
4461,603983,丸美生物,26.17,-0.42,0.32,25.97,26.334167264038,0.1809444,67.03547758,234,1335,70.0,2026-08-24,-0.62,46.9,False
4462,603985,恒润股份,16.09,-1.05,0.8,51.89,16.290637906716,0.176672,64.50739609,-85,2000,74.4,2026-08-24,-1.23,48.0,False
4463,603986,兆易创新,385.88,1.11,3.12,19.75,387.008632313271,0.4851732,69.26722094,-712,850,94.4,2026-08-24,-0.29,65.4,False
4464,603987,康德莱,7.47,0.13,0.57,15.09,7.598072412175,0.1738128,69.3061233,1608,837,70.4,2026-08-24,-1.69,48.8,False
4465,603988,中电电机,19.95,-3.9,2.56,499.02,20.707191383669,0.284172,60.50399489,180,3287,85.2,2026-08-24,-3.66,51.5,False
4466,603989,艾华集团,26.94,-1.43,1.84,39.02,27.276218023759,0.215282,59.40719599,-1070,3633,77.6,2026-08-24,-1.23,46.1,False
4467,603990,麦迪科技,22.55,-0.88,1.71,447.4,22.83273194664,0.3753564,71.52416878,32,494,79.6,2026-08-24,-1.24,56.9,False
4468,603991,领先股份,130.77,-1.12,1.02,97.96,131.394872830248,0.365076,62.52520022,-20,2601,71.2,2026-08-24,-0.48,44.5,False
4469,603992,松霖科技,21.11,-0.09,0.34,24.51,21.075886748696,0.1433028,70.21492959,1885,667,62.4,2026-08-24,0.16,43.8,False
4470,603993,洛阳钼业,18.22,-4.05,0.7,12.07,19.077326582073,0.437046,78.94232675,53,37,92.4,2026-08-24,-4.49,72.9,False
4471,603995,甬金股份,24.36,-1.62,0.57,12.3,24.821954619522,0.2153912,66.86378505,410,1370,74.8,2026-08-24,-1.86,50.0,False
4472,603997,继峰股份,11.38,-0.09,0.51,19.83,11.442074642325,0.2256416,69.82647092,393,724,69.2,2026-08-24,-0.54,48.3,False
4473,603998,方盛制药,9.93,2.37,1.34,12.33,9.727259888781,0.1798024,68.62383984,418,970,79.6,2026-08-24,2.08,54.6,False
4474,603999,读者传媒,5.66,2.54,0.62,85.68,5.5153449224,0.1505728,61.23878307,-229,3050,66.8,2026-08-24,2.62,40.9,False
4475,605001,威奥股份,5.93,3.49,1.38,47.72,5.761488590417,0.15567,68.18457936,1155,1059,69.6,2026-08-24,2.92,47.5,False
4476,605003,众望布艺,22.39,2.19,0.66,42.28,22.226741812307,0.1172028,62.04576139,282,2789,65.2,2026-08-24,0.73,40.5,False
4477,605005,合兴股份,15.68,-0.63,0.19,38.99,15.755120304532,0.22513,66.79011232,1458,1394,65.6,2026-08-24,-0.48,43.8,False
4478,605006,山东玻纤,13.37,-2.76,1.34,149.49,13.650376785119,0.154456,59.28922399,-1098,3668,76.4,2026-08-24,-2.05,45.3,False
4479,605007,五洲特纸,14.79,-0.2,0.33,15.3,14.973242243618,0.1251828,63.45867544,187,2344,69.2,2026-08-24,-1.22,43.9,False
4480,605008,长鸿高科,12.76,-3.41,0.53,-71.41,13.10784679304,0.256448,64.24873722,1442,2076,71.2,2026-08-24,-2.65,45.7,False
4481,605009,豪悦护理,24.75,1.39,0.47,17.29,24.728435365921,0.188268,69.53435741,209,777,70.8,2026-08-24,0.09,49.2,False
4482,605011,杭州热电,16.57,0.49,0.32,34.65,16.512993842552,0.1101872,57.86299049,-486,4088,72.4,2026-08-24,0.35,41.9,False
4483,605016,百龙创园,19.66,0.1,0.69,17.12,19.835787978875,0.1886124,71.18317542,904,530,70.0,2026-08-24,-0.89,49.8,False
4484,605018,长华集团,12.03,-0.5,0.65,91.64,12.368577593661,0.162622,60.81471454,-1897,3184,73.2,2026-08-24,-2.74,44.5,False
4485,605020,永和股份,30.58,-2.36,0.8,15.23,31.481912310842,0.293158,67.94491705,105,1115,75.6,2026-08-24,-2.86,51.4,False
4486,605028,世茂能源,23.93,-0.71,0.14,319.27,24.096036073826,0.1015772,58.49384847,-121,3897,67.2,2026-08-24,-0.69,39.3,False
4487,605033,美邦股份,19.29,0.21,1.61,25.53,19.158712290191,0.1498188,69.52816211,1158,780,77.2,2026-08-24,0.69,53.7,False
4488,605050,福然德,10.27,1.18,0.11,14.62,10.206486605182,0.11422,62.07235038,-653,2774,64.0,2026-08-24,0.62,39.7,False
4489,605055,迎丰股份,9.71,-0.31,0.47,-58.4,9.729004914668,0.200094,64.02841529,221,2155,63.2,2026-08-24,-0.2,40.5,False
4490,605056,咸亨国际,13.89,1.09,0.66,44.88,13.80016848527,0.11946,63.06195318,-55,2462,71.6,2026-08-24,0.65,45.2,False
4491,605058,澳弘电子,26.4,-0.38,0.92,28.5,26.334812401023,0.0927908,60.47218477,973,3294,63.2,2026-08-24,0.25,38.2,False
4492,605060,联德股份,42.02,-0.4,0.81,36.3,41.546166543465,0.1351388,66.6573685,259,1429,78.0,2026-08-24,1.14,52.0,False
4493,605066,天正电气,7.15,-1.11,0.75,53.03,7.282038246724,0.163734,60.40920489,211,3313,72.8,2026-08-24,-1.81,44.0,False
4494,605068,明新旭腾,16.96,0.24,1.1,-44.61,16.879557971362,0.1017336,49.63758772,44,5137,73.6,2026-08-24,0.48,36.5,False
4495,605069,正和生态,10.61,1.63,1.02,-43.52,10.534605811622,0.090652,51.40273021,-11,5053,67.6,2026-08-24,0.72,34.7,False
4496,605077,华康股份,10.87,0.83,0.55,39.2,10.750439212173,0.0515012,58.53199993,194,3889,65.6,2026-08-24,1.11,38.4,False
4497,605080,浙江自然,22.27,-1.89,1.56,13.12,23.096093706715,0.2831672,76.03142795,1521,120,75.6,2026-08-24,-3.58,57.5,False
4498,605086,龙高股份,25.14,0.24,0.51,45.18,25.166615066926,0.1698312,64.14076704,-1638,2105,68.0,2026-08-24,-0.11,43.6,False
4499,605088,冠盛股份,19.89,-3.45,1.47,16.04,20.67420432991,0.1225792,60.67160206,-1690,3233,69.2,2026-08-24,-3.79,42.0,False
4500,605089,味知香,20.18,1.46,0.37,30.64,19.96310634913,0.0714316,59.10122081,-2128,3725,66.4,2026-08-24,1.09,39.2,False
4501,605090,九丰能源,34.84,0.64,0.72,12.95,34.423580932071,0.2725772,70.8433264,-317,580,79.2,2026-08-24,1.21,56.1,False
4502,605098,行动教育,56.45,1.57,0.29,19.6,55.052492071324,0.0797868,68.9596119,244,901,70.0,2026-08-24,2.54,48.3,False
4503,605099,共创草坪,32.12,-5.61,0.72,17.07,33.977704534753,0.1344296,74.51867055,120,214,67.6,2026-08-24,-5.47,50.4,False
4504,605100,华丰股份,34.16,1.18,1.13,158.31,33.351318742905,0.3194804,64.07513358,1696,2127,67.6,2026-08-24,2.42,43.3,False
4505,605108,同庆楼,12.68,2.84,0.78,49.17,12.386412584218,0.0585684,63.93680497,-1158,2182,72.4,2026-08-24,2.37,46.3,False
4506,605111,新洁能,58.16,-2.25,2.95,51.76,60.168785179271,0.3475356,66.1129296,-984,1595,85.2,2026-08-24,-3.34,56.3,False
4507,605116,奥锐特,19.6,0.62,0.46,31.13,19.682365568961,0.2215044,67.69935129,71,1169,77.6,2026-08-24,-0.42,52.5,False
4508,605117,德业股份,94.51,0.21,0.47,25.32,94.808168439639,0.289762,79.30306888,-13,29,83.2,2026-08-24,-0.31,66.0,True
4509,605118,力鼎光电,28.22,-1.29,0.22,41.19,28.358894936855,0.087464,68.1409609,-45,1064,65.6,2026-08-24,-0.49,44.7,False
4510,605122,四方新材,11.64,0.87,0.7,75.32,11.50807963069,0.0748132,53.96699902,-42,4821,67.6,2026-08-24,1.15,36.5,False
4511,605123,派克新材,75.04,-0.38,0.48,26.53,75.593889428465,0.1794164,61.26624119,46,3040,73.6,2026-08-24,-0.73,45.1,False
4512,605128,上海沿浦,23.06,-0.86,0.3,39.02,22.946018095484,0.350392,70.21845658,-24,666,69.6,2026-08-24,0.5,48.9,False
4513,605133,嵘泰股份,27.81,-0.96,0.92,44.4,28.134331170702,0.2984532,67.49409275,-326,1218,73.6,2026-08-24,-1.15,49.7,False
4514,605136,丽人丽妆,8.09,2.28,0.91,71.92,7.950127161343,0.0869844,58.92259293,97,3779,78.0,2026-08-24,1.76,46.0,False
4515,605138,盛泰集团,5.72,-0.87,0.84,9.92,5.794706071041,0.0585652,55.1830399,-1528,4644,66.0,2026-08-24,-1.29,36.4,False
4516,605151,西上海,19.29,0.57,0.42,32.6,19.210273056181,0.1014728,61.73896865,-147,2902,61.2,2026-08-24,0.42,37.8,False
4517,605155,西大门,13.95,0.36,0.29,33.13,13.893766527408,0.1529164,63.82415003,-139,2221,62.0,2026-08-24,0.4,39.6,False
4518,605158,华达新材,7.76,2.78,0.79,-34.39,7.566919906875,0.1380292,61.71142568,379,2913,66.8,2026-08-24,2.55,41.2,False
4519,605162,新中港,8.79,-1.46,4.18,47.76,8.815404253738,0.1651484,61.28011336,-2574,3035,84.0,2026-08-24,-0.29,51.5,False
4520,605166,聚合顺,8.24,0.86,0.71,20.58,8.182716322858,0.180516,58.13904381,171,4009,60.4,2026-08-24,0.7,35.1,False
4521,605167,利柏特,14.44,-2.89,1.03,54.95,14.966481727225,0.2680528,72.53217459,1344,380,75.6,2026-08-24,-3.52,54.8,False
4522,605168,三人行,46.6,-1.89,1.62,223.31,46.521217778405,0.378008,73.81972024,46,269,74.8,2026-08-24,0.17,55.2,False
4523,605169,洪通燃气,11.15,3.34,1.25,179.71,10.854159229353,0.108502,65.62713375,-1061,1722,70.4,2026-08-24,2.73,46.2,False
4524,605177,东亚药业,20.24,-1.94,1.76,-16.49,20.197226739027,0.2316476,64.31269407,-189,2057,71.2,2026-08-24,0.21,45.8,False
4525,605178,时空科技,64.5,-1.3,1.39,-235.1,65.615495288439,0.3017108,62.08646305,804,2769,75.6,2026-08-24,-1.7,46.9,False
4526,605179,一鸣食品,29.53,3.98,4.54,151.77,29.034765348816,0.2304352,60.09877884,886,3424,92.4,2026-08-24,1.71,55.5,False
4527,605180,华生科技,12.79,1.91,1.36,148.27,12.594403825777,0.0698444,55.87121653,-5,4510,76.0,2026-08-24,1.55,42.5,False
4528,605183,确成股份,14.37,-0.35,0.12,18.87,14.430550574391,0.0464536,63.87565998,-150,2205,64.8,2026-08-24,-0.42,41.4,False
4529,605186,健麾信息,25.43,-0.66,0.52,253.34,25.69724911329,0.1759596,60.05291855,-1325,3437,60.0,2026-08-24,-1.04,36.0,False
4530,605188,国光连锁,11.92,-2.13,0.66,139.63,12.174228628045,0.0658308,69.13908163,1105,871,79.6,2026-08-24,-2.09,55.0,False
4531,605189,富春染织,14.65,-2.53,2.64,11.9,14.877597765764,0.2037128,68.61581597,2624,972,68.8,2026-08-24,-1.53,47.2,False
4532,605196,华通线缆,32.82,-3.89,1.37,64.96,34.345346149843,0.2773784,69.43550199,-515,804,72.0,2026-08-24,-4.44,50.0,False
4533,605198,安德利,62.55,-3.46,1.91,84.79,63.643846263322,0.5689736,73.87021032,1296,265,64.0,2026-08-24,-1.72,47.3,False
4534,605199,ST葫芦娃,5.83,1.04,0.06,-20.14,5.796558535179,0.046358,51.49395235,132,5050,71.6,2026-08-24,0.58,36.9,False
4535,605208,永茂泰,13.91,0.87,1.38,28.52,13.612611567243,0.1919276,62.59433667,348,2575,77.6,2026-08-24,2.18,48.6,False
4536,605218,伟时电子,14.48,1.47,0.35,-34.33,14.313455651678,0.1056212,59.68242884,-8,3545,66.8,2026-08-24,1.16,39.9,False
4537,605222,起帆电缆,19.71,2.07,1.06,20.73,19.286715335828,0.1793124,60.28794622,-615,3357,67.2,2026-08-24,2.19,40.5,False
4538,605228,神通科技,10.41,1.26,0.36,26.98,10.322083765378,0.2019624,62.35577953,-749,2661,68.8,2026-08-24,0.85,42.9,False
4539,605255,天普股份,66.7,0.63,0.14,-939.43,66.433929435049,0.2044232,55.38847008,-1059,4606,71.6,2026-08-24,0.4,39.7,False
4540,605258,协和电子,28.0,0.83,1.98,43.61,28.105259225105,0.1090768,64.57647142,-576,1977,69.6,2026-08-24,-0.37,44.9,False
4541,605259,绿田机械,17.54,1.21,0.19,17.1,17.472402186064,0.0727628,60.05687349,-557,3435,62.8,2026-08-24,0.39,37.7,False
4542,605266,健之佳,16.69,1.4,0.5,17.94,16.474078927085,0.0762348,62.54524345,-1279,2595,67.2,2026-08-24,1.31,42.0,False
4543,605268,王力安防,9.45,1.07,0.65,36.1,9.343398616809,0.1015452,62.11059097,-47,2757,75.6,2026-08-24,1.14,47.0,False
4544,605277,新亚电子,14.9,2.69,0.77,32.56,14.504523055359,0.1821016,63.79607442,246,2229,69.2,2026-08-24,2.73,44.1,False
4545,605286,同力天启,25.73,-6.13,3.8,118.82,27.016782018369,0.4696732,71.21460433,2970,524,77.6,2026-08-24,-4.76,55.3,False
4546,605287,德才股份,38.51,-0.41,0.85,39.88,38.675625992416,0.2445656,65.30408477,738,1804,72.4,2026-08-24,-0.43,47.3,False
4547,605288,凯迪股份,55.02,-3.08,0.63,-112.31,57.061713139962,0.2182624,60.58472081,-1724,3257,64.0,2026-08-24,-3.58,38.8,False
4548,605289,罗曼股份,105.55,-1.17,1.19,86.55,106.732108498632,0.3370304,64.85356154,-1082,1898,73.2,2026-08-24,-1.11,47.5,False
4549,605296,神农集团,31.59,2.63,0.43,-10.28,30.273597749263,0.1519436,66.9519484,698,1352,69.2,2026-08-24,4.35,46.3,False
4550,605298,必得科技,46.64,-0.85,0.13,283.51,47.104241241213,0.2091492,64.15386644,-582,2096,64.0,2026-08-24,-0.99,41.1,False
4551,605299,舒华体育,12.66,1.44,1.34,55.59,12.443302011297,0.1487344,61.85588368,109,2854,70.4,2026-08-24,1.74,43.5,False
4552,605300,佳禾食品,9.78,2.41,0.26,62.33,9.555846662598,0.1966372,62.26734796,-105,2692,68.4,2026-08-24,2.35,42.6,False
4553,605303,园林股份,22.85,10.01,2.17,-79.53,20.475982188901,0.1799048,57.08834647,786,4270,66.0,2026-08-24,11.59,37.7,False
4554,605305,中际联合,37.01,2.1,0.68,15.26,36.389822031446,0.234726,65.38855982,-952,1789,64.0,2026-08-24,1.7,41.8,False
4555,605318,法狮龙,72.61,-3.37,0.45,-347.02,74.475671581088,0.2417048,59.51483623,327,3602,60.0,2026-08-24,-2.51,35.7,False
4556,605319,无锡振华,25.12,2.91,0.86,21.42,24.384137674879,0.257572,64.52237196,-761,1998,65.6,2026-08-24,3.02,42.3,False
4557,605333,沪光股份,16.82,-1.98,0.62,64.48,17.508761779064,0.1324632,68.2653034,764,1041,81.6,2026-08-24,-3.93,55.7,False
4558,605336,*ST帅电,10.76,0.0,0.17,-68.51,10.783292216078,0.1877976,60.64555272,1480,3239,68.0,2026-08-24,-0.22,41.2,False
4559,605337,李子园,9.3,1.64,0.47,27.71,9.188717544696,0.0774864,56.86383671,-1482,4322,77.2,2026-08-24,1.21,43.9,False
4560,605338,巴比食品,18.62,-0.96,0.46,16.56,18.927316625917,0.147366,69.28904778,1597,840,71.2,2026-08-24,-1.62,49.3,False
4561,605339,南侨食品,13.92,0.65,0.18,1138.45,13.905927847068,0.077128,58.65235609,-1348,3859,70.8,2026-08-24,0.1,41.5,False
4562,605358,立昂微,42.54,-4.34,3.07,195.6,43.791534553083,0.2992888,67.18287044,71,1304,93.2,2026-08-24,-2.86,62.6,False
4563,605365,立达信,14.12,-1.6,0.91,50.78,14.313230877214,0.1578388,68.95925808,1942,902,64.8,2026-08-24,-1.35,44.7,False
4564,605366,宏柏新材,7.6,-1.81,0.96,-52.4,7.697861828032,0.208428,48.80729405,-10,5165,75.6,2026-08-24,-1.27,36.9,False
4565,605368,蓝天燃气,6.76,0.45,0.23,14.08,6.694628744225,0.1304096,64.40137268,624,2029,68.4,2026-08-24,0.98,44.1,True
4566,605369,拱东医疗,16.49,-2.83,0.42,33.14,17.051405042118,0.1194544,62.11005541,588,2758,61.2,2026-08-24,-3.29,38.0,False
4567,605376,博迁新材,144.61,-1.99,1.74,132.04,146.913640400189,0.2896368,63.3253125,-1071,2384,84.8,2026-08-24,-1.57,53.7,False
4568,605377,华旺科技,9.14,2.35,0.86,19.55,8.98627845626,0.185678,58.88268102,144,3794,59.2,2026-08-24,1.71,34.9,False
4569,605378,野马电池,14.26,1.21,0.44,-126.91,14.1785661471,0.048042,60.01250142,1095,3447,68.8,2026-08-24,0.57,41.3,False
4570,605388,均瑶健康,6.03,2.38,0.8,104.47,5.887056952306,0.0905488,59.20504241,945,3692,79.6,2026-08-24,2.43,47.1,False
4571,605389,长龄液压,68.96,-0.73,0.17,85.53,68.398931646924,0.1861316,59.54254363,-593,3589,62.8,2026-08-24,0.82,37.4,False
4572,605398,新炬网络,20.13,1.36,0.35,261.27,19.965461177176,0.0316784,60.49209069,292,3291,69.6,2026-08-24,0.82,42.1,False
4573,605399,晨光新材,10.58,-1.21,0.54,-42.56,10.746571937417,0.0987656,54.64057467,404,4733,70.4,2026-08-24,-1.55,38.5,False
4574,605488,福莱新材,29.48,-0.37,0.8,117.38,29.657559386973,0.1630672,62.57946783,-1500,2582,80.4,2026-08-24,-0.6,50.3,False
4575,605499,东鹏饮料,124.13,2.6,0.64,15.9,120.727248911922,0.3497444,71.03793972,-41,557,86.0,2026-08-24,2.82,61.1,False
4576,605500,森林包装,7.08,2.31,0.72,179.05,6.922162558208,0.03348,60.43793783,269,3307,62.4,2026-08-24,2.28,37.7,False
4577,605507,国邦医药,15.41,0.2,0.12,17.66,15.323987697847,0.1545956,67.47438374,-505,1226,69.6,2026-08-24,0.56,47.0,False
4578,605555,德昌股份,12.05,-0.9,0.64,86.83,12.410824459575,0.1738184,66.60692376,2675,1446,67.2,2026-08-24,-2.91,44.8,False
4579,605566,福莱蒽特,25.2,0.4,0.9,33.53,25.140479273313,0.1086348,57.16838686,-267,4248,59.6,2026-08-24,0.24,34.1,False
4580,605567,春雪食品,9.18,1.77,0.69,53.36,9.02690828647,0.0603164,57.80379576,11,4105,67.6,2026-08-24,1.7,39.1,False
4581,605577,龙版传媒,9.93,2.37,1.15,8.95,9.728479197329,0.1068384,58.56631812,-437,3880,80.0,2026-08-24,2.07,46.9,False
4582,605580,恒盛能源,17.09,-1.5,0.59,24.61,17.365325342283,0.0985408,61.48908712,-120,2980,65.6,2026-08-24,-1.59,40.3,False
4583,605588,冠石科技,45.89,-2.8,0.86,-36.54,46.880482147511,0.1433504,53.20144471,84,4921,68.8,2026-08-24,-2.11,36.6,False
4584,605589,圣泉集团,36.54,-2.61,1.46,34.56,37.401654219474,0.2548892,66.72946445,-500,1404,78.4,2026-08-24,-2.3,52.3,False
4585,605598,上海港湾,26.24,1.35,0.55,399.38,25.963136268793,0.0734788,57.32531084,77,4211,70.0,2026-08-24,1.07,40.1,False
4586,605599,菜百股份,16.36,-4.33,1.17,7.99,17.211696263007,0.2093868,80.09265712,3,22,76.4,2026-08-24,-4.95,61.2,False
4587,688001,华兴源创,50.35,-1.81,0.78,2033.03,51.372775411536,0.2855128,60.52863864,82,3277,65.6,2026-08-24,-1.99,39.7,False
4588,688002,睿创微纳,154.41,-2.52,0.86,28.54,158.851302485299,0.3469372,74.25097413,51,236,81.6,2026-08-24,-2.8,60.6,False
4589,688003,天准科技,80.68,-2.49,1.42,79.79,82.846717175912,0.3145664,71.1321074,52,535,76.0,2026-08-24,-2.62,54.1,False
4590,688004,博汇科技,21.21,0.05,0.8,-40.95,21.273265897545,0.2124916,54.00241035,110,4815,63.2,2026-08-24,-0.3,34.1,False
4591,688005,容百科技,25.98,-3.31,0.84,84.85,26.989927821496,0.3264496,62.28730092,-31,2682,74.8,2026-08-24,-3.74,46.6,False
4592,688006,杭可科技,21.82,-2.76,0.89,25.71,22.633382304976,0.2776596,63.31535642,-452,2387,69.2,2026-08-24,-3.59,43.8,False
4593,688007,光峰科技,10.16,2.21,0.59,-25.28,10.131719135965,0.1474616,49.29787782,-60,5149,64.4,2026-08-24,0.28,31.7,False
4594,688008,澜起科技,190.89,-0.49,0.98,68.74,192.324623717789,0.4690388,66.61166993,-616,1443,88.8,2026-08-24,-0.75,59.2,False
4595,688009,中国通号,4.95,-0.4,0.13,17.79,4.949691709538,0.3154564,69.97700925,785,704,70.0,2026-08-24,0.01,49.0,False
4596,688010,福光股份,25.69,-1.27,0.95,-57.09,26.065786256396,0.1726904,54.97900714,-524,4675,61.6,2026-08-24,-1.44,33.9,False
4597,688011,新光光电,75.03,-3.56,0.72,-121.15,77.036985137108,0.2951176,63.14626109,446,2437,68.0,2026-08-24,-2.61,42.9,False
4598,688012,中微公司,351.49,-1.72,0.89,59.58,359.680028339712,0.5304576,72.35849163,13,395,92.8,2026-08-24,-2.28,67.1,False
4599,688013,天臣医疗,25.17,-0.2,0.49,52.68,25.275380808594,0.0703468,60.31163786,334,3347,62.4,2026-08-24,-0.42,37.6,False
4600,688015,交控科技,15.58,0.58,0.27,45.01,15.540384395146,0.0867852,63.62865115,145,2290,62.8,2026-08-24,0.25,40.0,False
4601,688016,心脉医疗,90.6,0.24,0.39,18.03,90.971399474176,0.3107996,66.94662528,-922,1353,69.2,2026-08-24,-0.41,46.3,False
4602,688017,绿的谐波,296.31,0.39,1.91,416.15,297.189996545915,0.4082152,57.61229973,-1611,4145,90.4,2026-08-24,-0.3,52.1,False
4603,688018,乐鑫科技,109.33,0.94,0.75,38.34,108.269815397895,0.344984,70.77889733,-339,589,79.6,2026-08-24,0.98,56.3,False
4604,688019,安集科技,233.71,-3.55,1.37,64.25,237.088738064453,0.3818896,69.31277691,-285,836,84.4,2026-08-24,-1.43,58.5,False
4605,688020,方邦股份,116.67,-1.59,2.14,-138.83,118.71523062987,0.3066064,51.68046754,-386,5036,68.8,2026-08-24,-1.72,35.6,False
4606,688021,奥福科技,20.8,1.96,1.39,43.88,20.548085787785,0.1276304,60.91258822,-1546,3155,62.0,2026-08-24,1.23,37.8,False
4607,688022,ST瀚川,8.49,-0.47,0.44,140.23,8.664886221729,0.2557008,59.99791835,586,3449,62.4,2026-08-24,-2.02,37.4,False
4608,688023,安恒信息,37.49,0.37,0.79,-8.39,37.663662897517,0.2415208,60.90399879,-88,3160,69.6,2026-08-24,-0.46,42.4,False
4609,688025,杰普特,409.65,0.09,2.05,99.66,410.377701189896,0.4899128,71.10804006,114,542,74.8,2026-08-24,-0.18,53.2,False
4610,688026,洁特生物,15.49,-0.32,1.89,-128.71,15.729499805783,0.1547156,56.11360266,189,4470,63.2,2026-08-24,-1.52,35.5,False
4611,688027,国盾量子,370.0,0.24,0.67,-821.1,372.779461261201,0.3041968,55.71602624,-482,4542,79.6,2026-08-24,-0.75,44.3,False
4612,688028,沃尔德,86.98,-0.97,1.37,115.79,87.899450896336,0.3051056,64.1142013,-392,2117,72.4,2026-08-24,-1.05,46.4,False
4613,688029,南微医学,74.77,1.25,0.64,23.97,74.839975029466,0.2985188,71.92126359,157,449,67.2,2026-08-24,-0.09,48.3,False
4614,688030,山石网科,16.46,1.86,0.69,-21.51,16.12530664555,0.121054,57.2327354,25,4234,64.8,2026-08-24,2.08,37.1,False
4615,688031,星环科技-U,98.8,-3.32,1.25,-53.43,102.214878417308,0.2234752,54.72705693,-104,4721,68.0,2026-08-24,-3.34,37.2,False
4616,688032,禾迈股份,73.95,0.08,0.36,-36.88,74.77847609566,0.179112,54.44448459,-19,4758,67.6,2026-08-24,-1.11,36.8,False
4617,688033,*ST天宜,6.05,-0.49,0.28,-9.98,5.922725257616,0.3531932,53.12131683,-48,4928,62.0,2026-08-24,2.15,32.9,False
4618,688035,德邦科技,63.3,-2.76,1.81,66.15,65.250796290182,0.3583152,67.55528223,-567,1201,74.8,2026-08-24,-2.99,50.5,False
4619,688036,传音控股,58.4,2.98,0.48,18.95,57.159417179879,0.3245728,70.22757355,-401,662,80.4,2026-08-24,2.17,56.5,False
4620,688037,芯源微,350.5,-4.48,1.79,5038.57,367.140910212165,0.4837324,70.5068392,-144,620,83.6,2026-08-24,-4.53,58.9,False
4621,688038,中科通达,17.84,-0.17,0.52,-224.05,17.668812231442,0.1609132,57.61854808,842,4142,62.8,2026-08-24,0.97,36.2,False
4622,688039,当虹科技,32.46,-1.1,0.76,-58.99,33.021084090092,0.2152264,57.0961562,604,4268,68.0,2026-08-24,-1.7,38.8,False
4623,688041,海光信息,230.98,0.07,0.41,149.26,232.941594572529,0.47232,68.28622093,-171,1036,88.0,2026-08-24,-0.84,60.1,False
4624,688045,必易微,56.26,-3.0,1.37,52.8,58.030229949308,0.1417812,58.52811478,270,3890,63.2,2026-08-24,-3.05,37.0,False
4625,688046,药康生物,33.02,-2.54,2.16,61.11,33.861233303278,0.2457064,68.54672332,2109,988,71.2,2026-08-24,-2.48,48.8,False
4626,688047,龙芯中科,102.0,-0.71,0.35,-89.72,103.539545961351,0.2937708,52.90498471,-512,4947,79.2,2026-08-24,-1.49,41.9,False
4627,688048,长光华芯,288.13,-2.0,2.14,2834.58,294.205274748722,0.4333744,55.54704235,-2398,4578,82.8,2026-08-24,-2.06,46.0,False
4628,688049,炬芯科技,38.47,0.0,2.22,31.12,38.26313383273,0.3379148,69.54747107,1606,773,67.2,2026-08-24,0.54,46.7,False
4629,688050,爱博医疗,40.52,3.31,0.94,21.95,39.517584321952,0.1902744,67.22630744,-6,1291,67.2,2026-08-24,2.54,45.2,False
4630,688051,佳华科技,24.35,0.45,0.48,-23.2,24.2532089699,0.0854632,55.20183111,-1039,4638,62.4,2026-08-24,0.4,34.4,False
4631,688052,纳芯微,228.63,-1.45,0.93,-261.51,233.391339631998,0.3392992,63.67583853,-969,2266,72.4,2026-08-24,-2.04,46.1,False
4632,688053,ST思科瑞,35.27,1.61,0.21,165.56,35.201746633091,0.2612908,58.93868239,-1659,3773,62.0,2026-08-24,0.19,36.5,False
4633,688055,龙腾光电,3.66,-1.35,0.21,-43.77,3.720297963904,0.217652,56.85501058,-28,4326,59.6,2026-08-24,-1.62,33.9,False
4634,688056,莱伯泰科,40.78,-0.54,0.57,104.0,41.547387442118,0.1325804,58.27401896,322,3967,58.4,2026-08-24,-1.85,34.0,False
4635,688057,金达莱,18.08,2.96,0.85,92.5,17.198885702403,0.2640808,65.29456184,1198,1807,63.6,2026-08-24,5.12,41.5,False
4636,688058,宝兰德,22.43,-0.31,0.41,-12.33,22.418319249024,0.0943104,58.03268524,-1029,4042,65.2,2026-08-24,0.05,37.8,False
4637,688059,华锐精密,84.0,-3.41,1.66,24.72,87.557430977163,0.3509652,68.94759767,47,906,68.8,2026-08-24,-4.06,47.4,False
4638,688060,云涌科技,34.41,0.85,0.22,-51.8,34.14292598465,0.032328,55.92995506,-67,4498,61.6,2026-08-24,0.78,34.5,False
4639,688061,灿瑞科技,35.56,-1.11,0.49,-48.64,35.895043984178,0.110244,54.8064058,216,4704,63.6,2026-08-24,-0.93,34.9,False
4640,688062,迈威生物-U,28.66,-1.95,2.13,-13.23,29.563855013472,0.2089184,64.62760494,1154,1966,68.4,2026-08-24,-3.06,44.2,False
4641,688063,派能科技,42.92,-1.96,1.01,66.41,44.035695303667,0.2754968,58.19331192,-1581,3990,72.0,2026-08-24,-2.53,41.9,False
4642,688065,凯赛生物,42.67,-3.02,0.53,41.29,44.478127396873,0.2896064,66.41434162,-231,1499,69.2,2026-08-24,-4.07,46.0,False
4643,688066,*ST航图,8.03,0.88,0.72,-4.88,8.066475791244,0.175862,48.49282354,-52,5171,67.6,2026-08-24,-0.45,32.8,False
4644,688067,爱威科技,22.73,0.8,0.77,52.03,22.554423785704,0.0709356,61.40285369,-1262,3003,62.4,2026-08-24,0.78,38.3,False
4645,688068,热景生物,95.21,-4.11,1.81,-32.44,100.962483742393,0.2846372,54.28103425,-302,4780,70.8,2026-08-24,-5.7,38.4,False
4646,688069,德林海,35.8,2.67,1.87,-196.54,33.248340760914,0.504136,70.29466427,1841,655,58.4,2026-08-24,7.67,41.1,False
4647,688070,纵横股份,33.41,0.6,0.57,-40.22,33.438974325236,0.2480196,57.07966047,-734,4275,67.2,2026-08-24,-0.09,38.4,False
4648,688071,华依科技,31.89,-0.81,0.9,500.41,32.288610194581,0.2580676,52.77906134,-500,4959,62.8,2026-08-24,-1.23,33.1,False
4649,688072,拓荆科技,643.92,-5.88,1.27,69.7,687.146920905798,0.576035666667,76.97611362,196,80,88.0,2026-08-24,-6.29,67.7,False
4650,688073,毕得医药,63.04,-4.63,3.4,30.59,67.39747014989,0.2334164,67.31159817,804,1267,68.4,2026-08-24,-6.47,46.0,False
4651,688075,安旭生物,29.39,1.07,0.17,-90.13,29.241865503535,0.2159188,54.42265093,-1062,4762,63.2,2026-08-24,0.51,34.4,False
4652,688076,ST诺泰,27.39,0.92,0.3,16.76,27.233910094245,0.4375432,66.33777468,1773,1525,67.6,2026-08-24,0.57,44.8,False
4653,688077,大地熊,28.37,-0.49,1.95,47.09,28.75172953386,0.1917924,61.27532206,1260,3036,70.0,2026-08-24,-1.33,42.9,False
4654,688078,龙软科技,23.52,3.25,0.69,-57.61,22.740701480134,0.0788348,59.01225248,-259,3748,62.8,2026-08-24,3.43,37.1,False
4655,688079,美迪凯,15.34,-1.48,1.88,-35.4,15.520066354119,0.169542,53.58103003,-96,4880,61.2,2026-08-24,-1.16,32.8,False
4656,688080,映翰通,36.18,0.56,0.41,71.69,35.833941129803,0.1818092,61.80466442,-333,2881,63.2,2026-08-24,0.97,39.1,False
4657,688081,兴图新科,28.4,0.35,0.61,-241.6,28.472454330894,0.0722048,57.36842515,801,4200,60.0,2026-08-24,-0.25,34.4,False
4658,688082,盛美上海,290.68,-3.56,0.52,70.92,299.689940266997,0.39566,67.46968515,-991,1228,82.8,2026-08-24,-3.01,55.9,False
4659,688083,中望软件,52.19,0.58,0.66,-256.59,52.035194085329,0.2839984,69.22150632,227,857,68.0,2026-08-24,0.3,47.1,False
4660,688084,晶品特装,40.8,-4.98,1.76,-91.07,43.124526213096,0.12383,58.15510547,526,4003,63.2,2026-08-24,-5.39,36.8,False
4661,688085,三友医疗,13.15,0.77,0.27,86.9,13.169084452992,0.1364844,59.99462651,-1455,3450,64.0,2026-08-24,-0.14,38.4,False
4662,688087,英科再生,42.15,2.86,0.99,39.87,40.84742594117,0.1730908,73.70645388,513,274,63.6,2026-08-24,3.19,46.9,False
4663,688088,虹软科技,28.87,-5.1,1.56,75.07,30.772106677917,0.1835532,63.30319313,-482,2391,71.6,2026-08-24,-6.18,45.3,False
4664,688089,ST嘉必优,7.73,2.25,0.74,-6.39,7.618966756226,0.235373529412,55.69021062,270,4549,62.0,2026-08-24,1.46,34.5,False
4665,688090,瑞松科技,69.23,3.02,3.6,133.47,67.567853159033,0.3414748,58.74562868,-2146,3825,64.0,2026-08-24,2.46,37.6,False
4666,688091,上海谊众,36.31,-1.76,1.19,103.28,38.012463196198,0.2805116,60.50112311,-714,3288,67.2,2026-08-24,-4.48,40.7,False
4667,688092,爱科科技,22.64,0.27,0.44,79.32,22.547212807828,0.037992,60.46391982,28,3297,61.6,2026-08-24,0.41,37.2,False
4668,688093,世华科技,21.22,-14.71,2.51,24.31,24.820383886093,0.2057672,62.56247444,-428,2589,62.4,2026-08-24,-14.51,39.0,False
4669,688095,福昕软件,56.92,-0.3,0.93,115.39,57.160232666948,0.2029396,63.6437133,317,2281,72.8,2026-08-24,-0.42,46.3,False
4670,688096,京源环保,8.48,2.05,1.22,-106.48,8.409285626092,0.2442068,55.28913944,50,4625,62.0,2026-08-24,0.84,34.3,False
4671,688097,博众精工,46.72,-3.41,0.83,40.56,48.971516847831,0.269908,72.47128186,-212,385,70.0,2026-08-24,-4.6,50.7,False
4672,688098,申联生物,7.99,-0.13,0.26,-473.88,8.028306734509,0.2121232,60.95345171,289,3143,64.8,2026-08-24,-0.48,39.5,False
4673,688099,晶晨股份,90.17,0.75,1.09,31.25,89.957408713341,0.2867176,65.38476612,76,1791,73.2,2026-08-24,0.24,47.9,False
4674,688100,威胜信息,25.4,0.71,0.28,30.86,25.340090638236,0.240256,64.63294192,-910,1962,66.4,2026-08-24,0.24,42.9,False
4675,688101,三达膜,14.55,0.28,0.47,13.14,14.448749672402,0.2899688,64.03285083,323,2149,63.2,2026-08-24,0.7,40.5,False
4676,688102,斯瑞新材,31.78,-0.44,0.91,144.06,32.306543047813,0.270676,61.41651761,-859,2997,81.2,2026-08-24,-1.63,49.9,False
4677,688103,国力电子,72.13,-2.7,1.22,255.6,73.48728116065,0.2878068,68.19772775,534,1057,64.4,2026-08-24,-1.85,43.9,False
4678,688105,诺唯赞,22.13,-1.69,1.91,683.99,23.182253583743,0.3389772,57.14225226,217,4259,76.0,2026-08-24,-4.54,43.4,False
4679,688106,金宏气体,26.48,-1.96,1.3,729.19,26.974463319654,0.2916384,57.06122241,-1973,4278,73.6,2026-08-24,-1.83,42.0,False
4680,688107,安路科技,29.7,-1.0,0.69,-72.93,30.098399112279,0.1902844,51.23308726,-89,5060,65.6,2026-08-24,-1.32,33.6,False
4681,688108,赛诺医疗,17.2,-2.44,0.99,73.47,17.800726623501,0.2529696,61.12873539,-2104,3083,65.2,2026-08-24,-3.37,39.9,False
4682,688109,品茗科技,70.04,-2.03,0.35,1519.11,70.973034836699,0.233796,59.80374507,237,3507,61.6,2026-08-24,-1.31,36.8,False
4683,688110,东芯股份,112.66,-2.96,2.13,37.8,116.145188656773,0.4513776,75.0414637,39,170,82.4,2026-08-24,-3.0,61.8,False
4684,688111,金山办公,234.25,0.41,0.53,21.59,234.736990993316,0.3883508,73.0518991,66,330,86.8,2026-08-24,-0.21,63.4,False
4685,688112,鼎阳科技,67.91,-0.44,1.36,59.04,68.436237310699,0.2104456,70.48440837,-144,622,72.8,2026-08-24,-0.77,51.3,False
4686,688113,联测科技,36.38,2.33,0.51,20.62,35.833039758655,0.1377904,64.56957526,-395,1980,62.0,2026-08-24,1.53,40.0,False
4687,688114,华大智造,68.97,-2.25,2.08,-91.2,71.85169683071,0.3791316,64.03056163,-1798,2150,78.0,2026-08-24,-4.01,49.9,False
4688,688115,思林杰,62.92,-4.26,1.24,278.59,65.833382312067,0.2417604,59.70394542,-264,3539,65.6,2026-08-24,-4.43,39.2,False
4689,688116,天奈科技,32.13,1.45,1.48,43.71,31.815524631647,0.2504664,61.88154338,332,2845,70.0,2026-08-24,0.99,43.3,False
4690,688117,圣诺生物,23.82,-1.57,1.67,19.41,24.679771884095,0.2582012,66.04643952,-148,1611,70.4,2026-08-24,-3.48,46.5,False
4691,688118,普元信息,19.95,0.71,0.85,-20.67,19.768876100341,0.1114772,56.467514,-48,4410,65.6,2026-08-24,0.92,37.0,False
4692,688119,中钢洛耐,3.89,1.57,0.37,383.95,3.836775615267,0.107392,53.55069166,-31,4883,59.6,2026-08-24,1.39,31.9,False
4693,688120,华海清科,258.33,-3.12,1.07,113.81,267.09981791644,0.4392392,70.47776702,-476,625,85.2,2026-08-24,-3.28,60.0,False
4694,688121,*ST卓然,1.83,-2.14,1.7,-2.45,1.833932126238,0.101829892473,51.25089854,136,5059,62.4,2026-08-24,-0.21,32.0,False
4695,688122,西部超导,47.87,-0.06,0.44,177.36,48.221795783546,0.2892648,58.25497649,-103,3972,81.2,2026-08-24,-0.73,47.3,False
4696,688123,聚辰股份,127.76,-3.51,2.49,19.32,132.804181827177,0.359178,63.42942122,-119,2351,75.6,2026-08-24,-3.8,48.0,False
4697,688125,安达智能,116.81,-1.63,0.64,-76.99,118.635249270642,0.1983088,56.52379979,-1131,4399,62.4,2026-08-24,-1.54,35.3,False
4698,688126,沪硅产业,23.78,-3.84,1.36,-40.72,24.461255076016,0.3814344,58.84452615,1020,3804,85.2,2026-08-24,-2.79,50.1,False
4699,688127,蓝特光学,60.5,-2.15,1.02,45.13,62.720546191636,0.2903112,67.13770947,-959,1312,70.0,2026-08-24,-3.54,47.0,False
4700,688128,中国电研,20.99,-2.69,0.51,16.09,21.641819117212,0.120674,63.27414741,-1600,2398,64.0,2026-08-24,-3.01,40.5,False
4701,688129,东来技术,21.16,1.39,0.38,27.89,20.806356741321,0.136442,63.69266342,638,2259,60.0,2026-08-24,1.7,38.2,False
4702,688130,晶华微,23.23,-0.98,1.65,-695.34,23.598017523368,0.1276824,61.85906571,485,2851,67.6,2026-08-24,-1.56,41.8,False
4703,688131,皓元医药,94.48,3.08,1.89,74.24,93.369117398582,0.2735644,68.39331471,-232,1017,72.8,2026-08-24,1.19,49.8,False
4704,688132,邦彦技术,13.31,0.83,0.28,-11.68,13.189459330711,0.0523132,50.30652364,-85,5111,62.4,2026-08-24,0.91,31.4,False
4705,688133,泰坦科技,22.0,-1.35,0.78,-27.92,22.416384692456,0.1983456,58.18731856,-207,3992,63.6,2026-08-24,-1.86,37.0,False
4706,688135,利扬芯片,24.48,-2.04,1.81,417.31,24.970313909086,0.1890444,55.71597211,79,4543,68.8,2026-08-24,-1.96,38.3,False
4707,688136,科兴制药,23.17,-1.82,7.76,17.47,23.445312617421,0.4055684,75.96708499,1027,124,70.0,2026-08-24,-1.17,53.2,False
4708,688137,近岸蛋白,82.5,9.29,8.13,-135.99,76.812587509191,0.3601492,59.783126,-2738,3511,77.6,2026-08-24,7.4,46.4,False
4709,688138,清溢光电,33.19,-2.98,1.26,46.9,33.727451200174,0.258318,61.49013031,-102,2979,70.4,2026-08-24,-1.59,43.3,False
4710,688139,海尔生物,29.86,2.97,0.85,32.05,29.045537787631,0.2044064,69.73154341,702,738,68.8,2026-08-24,2.8,48.0,False
4711,688141,杰华特,114.48,-0.51,1.67,-46.66,115.655907920009,0.3537464,52.36840422,-1005,4988,67.2,2026-08-24,-1.02,35.2,False
4712,688143,长盈通,162.81,8.38,11.52,698.24,150.56873750623,0.462303962264,61.87660922,-2339,2847,80.4,2026-08-24,8.13,49.7,False
4713,688146,中船特气,243.0,-2.83,4.12,184.89,250.267338501719,0.444608490566,61.47974947,-814,2985,85.2,2026-08-24,-2.9,52.4,False
4714,688147,微导纳米,109.55,-6.61,1.21,605.22,119.204116376708,0.3762968,68.38455177,-229,1018,72.8,2026-08-24,-8.1,49.8,False
4715,688148,芳源股份,6.16,-2.07,1.66,34.83,6.319945672637,0.16482,64.9171985,2131,1888,62.4,2026-08-24,-2.53,40.5,False
4716,688150,莱特光电,37.04,-3.64,0.8,81.05,37.853995499321,0.2661228,66.76496789,1527,1397,65.2,2026-08-24,-2.15,43.5,False
4717,688151,华强科技,15.89,1.66,0.53,287.27,15.681788816521,0.1544988,60.31271702,-460,3344,65.2,2026-08-24,1.33,39.3,False
4718,688152,麒麟信安,30.96,-2.7,1.93,-91.42,32.038777777041,0.2408184,60.67869642,158,3231,74.0,2026-08-24,-3.37,44.9,False
4719,688153,唯捷创芯,24.26,-3.77,1.05,-54.65,25.291993233804,0.1816132,56.42093462,-110,4418,64.4,2026-08-24,-4.08,36.3,False
4720,688155,先惠技术,58.26,-2.9,1.09,12.08,60.436392956724,0.2780584,63.52060361,-994,2324,64.8,2026-08-24,-3.6,41.2,False
4721,688156,路德科技,19.21,-0.16,1.37,108.37,19.335007416695,0.0543984,55.77596341,-35,4531,60.8,2026-08-24,-0.65,33.9,False
4722,688157,松井股份,19.06,-1.14,0.47,-130.8,19.020758176479,0.1210664,60.10418881,487,3421,62.8,2026-08-24,0.21,37.7,False
4723,688158,优刻得-W,29.25,-2.5,2.08,834.17,30.342277895309,0.3221528,58.35465037,-2050,3940,79.2,2026-08-24,-3.6,46.2,False
4724,688159,有方科技,31.6,-0.32,1.21,26.37,31.547721853465,0.151958,58.92962335,182,3777,64.4,2026-08-24,0.17,38.0,False
4725,688160,步科股份,94.6,0.29,0.78,162.03,95.344390744781,0.2757604,60.75637573,-1390,3207,70.4,2026-08-24,-0.78,42.8,False
4726,688161,威高骨科,21.98,1.24,0.15,49.7,21.83388020326,0.153562,67.50013715,1589,1215,64.0,2026-08-24,0.67,43.2,False
4727,688162,巨一科技,23.79,3.98,1.03,37.15,22.898920532181,0.0861984,64.01440974,380,2157,62.0,2026-08-24,3.89,39.7,False
4728,688163,赛伦生物,33.69,-2.77,0.52,51.13,34.773311511532,0.2247772,68.64003155,1392,968,60.8,2026-08-24,-3.12,41.7,False
4729,688165,埃夫特-U,16.15,1.13,0.58,-215.28,15.973316578836,0.183426,53.86528797,105,4832,70.4,2026-08-24,1.11,37.9,False
4730,688166,博瑞医药,33.98,-1.65,1.3,398.34,34.824097235962,0.2938056,57.80819585,-587,4103,72.0,2026-08-24,-2.42,41.6,False
4731,688167,炬光科技,259.89,-4.56,3.26,-251.54,271.875859090288,0.4256292,59.49191466,-2763,3611,83.2,2026-08-24,-4.41,49.5,False
4732,688168,安博通,34.55,-0.63,1.28,77.15,34.618461091886,0.2288716,53.60762202,147,4874,63.6,2026-08-24,-0.2,34.1,False
4733,688169,石头科技,135.0,20.0,6.76,17.76,113.350289136446,0.2822716,71.19997247,-236,527,80.0,2026-08-24,19.1,57.0,False
4734,688170,德龙激光,51.46,-2.39,1.75,-52.08,53.061603247054,0.327338,64.70749733,2123,1943,68.0,2026-08-24,-3.02,44.0,False
4735,688171,纬德信息,27.36,3.79,0.87,-5363.81,26.310988127146,0.1833056,59.22775212,-465,3685,63.6,2026-08-24,3.99,37.7,False
4736,688172,燕东微,51.17,-3.91,0.52,-84.05,53.372740370903,0.236484,52.72219666,-728,4963,65.2,2026-08-24,-4.13,34.4,False
4737,688173,希荻微,13.51,-1.89,1.33,-183.57,14.138596401478,0.2899,62.41605892,-96,2635,62.8,2026-08-24,-4.45,39.2,False
4738,688175,高凌信息,19.4,2.59,0.77,206.52,18.853302655449,0.1193944,58.58030193,-519,3877,61.6,2026-08-24,2.9,36.1,False
4739,688176,亚虹医药-U,11.5,0.09,0.77,-14.64,11.717092409327,0.2302712,57.68659318,-1412,4128,63.2,2026-08-24,-1.85,36.5,False
4740,688177,百奥泰,19.72,-1.25,0.43,-13.44,20.162669426273,0.1266656,59.89071433,-98,3488,66.0,2026-08-24,-2.2,39.5,False
4741,688178,万德斯,26.67,-4.65,1.21,49.88,27.849696066593,0.201678,53.36936502,-334,4901,60.8,2026-08-24,-4.24,32.4,False
4742,688179,阿拉丁,19.81,-5.94,2.63,52.8,20.934262561987,0.2703968,68.72395087,1580,946,64.0,2026-08-24,-5.37,44.0,False
4743,688180,君实生物-U,34.18,-1.92,1.18,-426.62,35.614517818798,0.3134604,62.53667517,-201,2598,78.4,2026-08-24,-4.03,49.0,False
4744,688181,八亿时空,36.92,-3.02,1.49,56.2,37.930083095224,0.250032,63.3900721,-69,2362,63.2,2026-08-24,-2.66,40.1,False
4745,688182,灿勤科技,27.33,-1.66,0.54,97.21,27.472551614403,0.1868188,59.4113252,-213,3630,65.2,2026-08-24,-0.52,38.7,False
4746,688183,生益电子,101.4,-0.88,0.47,38.23,102.551275391319,0.3610172,66.90996483,-1033,1360,80.0,2026-08-24,-1.12,53.5,False
4747,688184,ST帕瓦,10.93,0.0,0.28,19.01,10.940069449394,0.372662,55.70695702,275,4547,60.8,2026-08-24,-0.09,33.9,False
4748,688185,康希诺,71.5,-5.3,8.02,-109.24,77.563615985155,0.5035744,69.3710435,-373,824,84.4,2026-08-24,-7.82,58.5,False
4749,688186,广大特材,13.58,0.3,1.32,154.29,13.650027172224,0.202834,58.97612378,318,3759,64.4,2026-08-24,-0.51,38.0,False
4750,688187,时代电气,47.35,-0.57,0.16,18.4,47.790584865551,0.3156028,66.58605735,242,1451,75.2,2026-08-24,-0.92,50.1,False
4751,688188,柏楚电子,99.57,1.04,0.23,25.65,98.947479045743,0.2750236,66.34730739,-948,1522,70.0,2026-08-24,0.63,46.4,False
4752,688189,ST南新,6.38,0.47,0.36,-32.86,6.394208268647,0.2250628,49.53543629,19,5140,60.4,2026-08-24,-0.22,29.9,False
4753,688190,云路股份,71.35,-0.54,0.27,34.57,72.058657623156,0.2371156,62.69939689,-305,2550,62.4,2026-08-24,-0.98,39.1,False
4754,688191,智洋创新,20.9,-1.88,0.98,-153.31,21.299398577963,0.220748,59.70762041,138,3538,64.4,2026-08-24,-1.88,38.5,False
4755,688192,迪哲医药-U,60.01,1.42,0.96,-66.35,59.126957550898,0.3104904,61.50493186,923,2973,66.0,2026-08-24,1.49,40.6,False
4756,688193,仁度生物,47.28,1.5,0.48,94.81,46.957102964859,0.1145036,57.3728239,-99,4198,62.0,2026-08-24,0.69,35.6,False
4757,688195,腾景科技,162.88,-4.36,2.16,510.88,170.06765683253,0.3463184,67.75275639,-518,1157,82.4,2026-08-24,-4.23,55.8,False
4758,688196,卓越新能,34.74,1.7,1.09,36.66,34.57221056525,0.146134,59.34050484,131,3649,64.0,2026-08-24,0.49,38.0,False
4759,688197,首药控股-U,35.27,-2.57,1.43,-86.9,36.766444483808,0.2034644,63.47271547,1712,2340,65.2,2026-08-24,-4.07,41.4,False
4760,688198,佰仁医疗,76.58,0.66,0.18,63.74,76.639752091263,0.285444,63.39945892,-1202,2357,64.4,2026-08-24,-0.08,40.8,False
4761,688199,久日新材,22.47,-1.79,1.0,88.92,22.674429467121,0.2233608,61.12873109,1420,3084,62.0,2026-08-24,-0.9,37.9,False
4762,688200,华峰测控,374.16,-7.84,1.75,199.38,406.544673962672,0.4064916,69.88407034,256,712,77.6,2026-08-24,-7.97,54.2,False
4763,688201,ST信安,7.12,1.57,0.31,-39.36,7.032048066838,0.1647328,63.17476372,367,2426,60.8,2026-08-24,1.25,38.4,False
4764,688202,美迪西,100.45,6.07,5.25,130.77,96.054686930704,0.254808,59.56331552,781,3584,77.6,2026-08-24,4.58,46.2,True
4765,688203,海正生材,12.75,11.45,5.4,61.76,11.484763572115,0.1075252,61.25063114,373,3046,64.4,2026-08-24,11.02,39.4,False
4766,688205,德科立,151.85,-2.66,2.45,123.05,156.266125830893,0.3155412,63.99525344,-643,2161,76.4,2026-08-24,-2.83,48.9,False
4767,688206,概伦电子,40.41,-2.13,0.85,-414.27,41.791727736794,0.3128808,66.85905961,-841,1371,77.6,2026-08-24,-3.31,51.9,False
4768,688207,格灵深瞳,17.68,-0.23,1.96,-24.1,17.785883763355,0.2281632,54.27580882,-51,4781,66.8,2026-08-24,-0.6,36.3,False
4769,688208,道通科技,25.33,3.09,0.95,19.57,24.762203036795,0.2424324,64.55876541,-114,1986,68.4,2026-08-24,2.29,44.2,False
4770,688209,英集芯,21.69,-2.74,0.97,52.12,22.296559535163,0.31327,62.40735057,-1720,2638,66.8,2026-08-24,-2.72,41.7,False
4771,688210,统联精密,30.31,-2.57,1.17,-61.89,30.389695512851,0.2394904,67.81126816,251,1149,67.2,2026-08-24,-0.26,45.6,False
4772,688211,中科微至,30.62,-0.29,0.15,339.7,30.682429652452,0.1448524,59.40944412,975,3632,60.8,2026-08-24,-0.2,36.1,False
4773,688212,澳华内镜,27.84,2.54,1.49,-21.89,27.184479258249,0.1716664,56.99869949,-53,4292,64.0,2026-08-24,2.41,36.5,False
4774,688213,思特威-W,97.8,1.05,0.75,37.23,96.071996445359,0.2950364,70.43147911,-439,632,73.2,2026-08-24,1.8,51.6,False
4775,688215,瑞晟智能,44.14,-1.14,0.57,75.18,44.208959929147,0.27493,69.99756079,118,700,64.0,2026-08-24,-0.16,44.8,False
4776,688216,气派科技,29.1,-2.64,1.28,-223.46,29.788782648999,0.1850468,53.9833955,-175,4818,62.8,2026-08-24,-2.31,33.9,False
4777,688217,睿昂基因,24.27,-0.04,0.8,-68.01,24.182147749202,0.0851976,56.7816057,-228,4347,63.6,2026-08-24,0.36,36.1,False
4778,688218,江苏北人,40.08,-0.84,1.59,147.53,40.08049588255,0.3233376,59.84402469,-240,3498,65.2,2026-08-24,-0.0,39.0,False
4779,688219,会通股份,10.35,0.98,0.35,26.53,10.266449608478,0.2445936,66.59806628,208,1449,61.6,2026-08-24,0.81,41.0,False
4780,688220,翱捷科技-U,89.4,0.16,0.67,-333.68,90.391615854886,0.2945144,56.08062234,-828,4475,67.6,2026-08-24,-1.1,37.9,False
4781,688221,前沿生物-U,18.67,-2.56,1.92,7.69,19.541359044582,0.2130472,55.1607345,-789,4648,70.0,2026-08-24,-4.46,38.6,False
4782,688222,成都先导,34.2,-1.38,2.63,82.55,35.339992120727,0.2815332,67.91214902,519,1121,78.4,2026-08-24,-3.23,53.2,False
4783,688223,晶科能源,4.31,-0.46,0.22,-8.2,4.363929904936,0.2829688,56.58810291,299,4385,73.2,2026-08-24,-1.24,41.4,False
4784,688225,亚信安全,11.86,0.76,0.47,-9.29,11.655094449261,0.2029648,56.84776481,222,4329,65.6,2026-08-24,1.76,37.3,False
4785,688226,威腾电气,28.52,-1.42,0.81,200.51,28.802663343568,0.2163364,56.32741546,282,4435,61.6,2026-08-24,-0.98,34.7,False
4786,688227,品高股份,68.44,-0.52,0.96,874.42,69.315638221345,0.2483692,53.58508931,153,4879,59.6,2026-08-24,-1.26,31.9,False
4787,688228,开普云,79.3,-3.81,2.01,-158.85,82.448799483129,0.3538336,68.93753406,192,909,69.6,2026-08-24,-3.82,48.0,False
4788,688229,博睿数据,63.2,-0.68,0.28,-60.28,63.904014489146,0.1900292,53.33704943,-781,4906,61.2,2026-08-24,-1.1,32.6,False
4789,688230,芯导科技,52.8,-0.68,0.49,51.81,53.400418388361,0.1482008,57.98883565,-25,4057,63.6,2026-08-24,-1.12,36.9,False
4790,688231,隆达股份,28.49,-1.28,0.44,47.85,28.798805269539,0.133482,61.11199524,320,3091,63.2,2026-08-24,-1.07,38.6,False
4791,688232,新点软件,18.04,0.73,0.26,-60.43,17.965395850389,0.1269772,60.46769267,124,3296,63.6,2026-08-24,0.42,38.5,False
4792,688233,神工股份,107.18,-3.31,2.33,179.76,109.551015748089,0.3667908,60.75039515,-660,3210,78.8,2026-08-24,-2.16,47.9,False
4793,688234,天岳先进,105.8,0.71,1.53,-437.36,105.706687048978,0.269496,54.44540324,-444,4757,81.6,2026-08-24,0.09,44.4,False
4794,688235,百济神州,274.23,-0.88,1.76,64.66,278.513661166572,0.3821508,71.54227415,-199,489,88.8,2026-08-24,-1.54,63.5,False
4795,688236,春立医疗,14.32,0.56,0.32,22.25,14.343405338242,0.0835732,65.05681997,1,1857,62.8,2026-08-24,-0.16,40.9,False
4796,688237,超卓航科,54.57,-0.98,0.53,331.43,55.173031100778,0.277622727273,61.09655433,424,3102,62.8,2026-08-24,-1.09,38.4,False
4797,688238,和元生物,6.94,2.06,3.08,-22.21,6.939267175338,0.1973356,57.63955169,395,4139,73.2,2026-08-24,0.01,42.2,False
4798,688239,航宇科技,48.08,3.84,5.66,39.19,46.384141644725,0.355796,68.67957103,1099,959,71.6,2026-08-24,3.66,49.2,False
4799,688244,永信至诚,15.24,1.94,0.63,-24.51,14.700310333069,0.0909804,55.61957665,-70,4564,62.4,2026-08-24,3.67,34.7,False
4800,688246,嘉和美康,17.13,0.41,0.42,-41.16,17.112669718263,0.1109428,49.07333277,-249,5155,62.8,2026-08-24,0.1,30.8,False
4801,688247,宣泰医药,9.49,0.53,0.76,64.94,9.50739247195,0.2391868,61.32041172,198,3019,65.6,2026-08-24,-0.18,40.2,False
4802,688248,南网科技,39.91,-1.77,0.23,114.25,40.600813753208,0.2353736,63.07891485,-123,2461,68.4,2026-08-24,-1.7,43.1,False
4803,688249,晶合集成,36.98,-3.85,0.62,168.39,38.086858311934,0.2428496,60.0189129,-1032,3444,75.2,2026-08-24,-2.91,45.1,False
4804,688251,井松智能,20.86,0.87,0.81,-30.04,20.763426235719,0.1567288,60.38928576,921,3321,60.0,2026-08-24,0.47,36.2,False
4805,688252,天德钰,19.37,0.05,0.6,28.7,19.431531001483,0.1909432,64.35385561,440,2044,64.0,2026-08-24,-0.32,41.2,False
4806,688253,英诺特,53.9,-2.44,0.74,45.43,54.802015403272,0.320724,63.9803312,1146,2168,63.6,2026-08-24,-1.65,40.7,False
4807,688255,凯尔达,25.26,0.96,1.16,62.91,24.957440065391,0.1366972,60.34346641,227,3333,66.8,2026-08-24,1.21,40.3,False
4808,688256,寒武纪,997.11,2.9,1.16,135.67,977.199428740768,0.8054664,69.75408716,-601,737,92.8,2026-08-24,2.04,64.7,False
4809,688257,新锐股份,52.87,-3.24,2.0,15.04,54.804340201338,0.26623,65.2759248,-808,1814,66.8,2026-08-24,-3.53,43.6,False
4810,688258,卓易信息,90.51,-2.39,0.9,46.09,92.596952698276,0.2502148,59.62747703,-253,3566,69.2,2026-08-24,-2.25,41.3,False
4811,688259,创耀科技,29.0,-3.43,0.94,137.8,30.248733020716,0.1471568,55.02447286,-76,4666,62.4,2026-08-24,-4.13,34.3,False
4812,688260,昀冢科技,100.38,-3.48,3.5,-65.99,104.030246998737,0.418836415094,58.59354935,-1671,3875,74.8,2026-08-24,-3.51,43.8,False
4813,688261,东微半导,68.38,-4.55,2.62,39.45,72.116745706626,0.3436632,58.19654461,-2574,3988,73.6,2026-08-24,-5.18,42.8,False
4814,688262,国芯科技,25.86,-1.82,1.03,-44.64,26.246706714511,0.2370344,50.38709272,36,5105,71.2,2026-08-24,-1.47,35.9,False
4815,688265,南模生物,39.91,-0.3,1.64,1137.86,40.546950978459,0.2424236,64.72088502,156,1938,66.4,2026-08-24,-1.57,43.0,False
4816,688266,泽璟制药-U,119.0,0.99,1.11,24.61,120.715069016449,0.3664476,72.26591289,-151,404,75.6,2026-08-24,-1.42,54.6,False
4817,688267,中触媒,18.28,-0.92,0.14,25.91,18.350290954665,0.1638844,64.49339323,-419,2003,61.2,2026-08-24,-0.38,39.5,False
4818,688268,华特气体,138.89,-2.7,2.05,130.87,142.070066113671,0.326558,58.87157378,-2201,3797,80.4,2026-08-24,-2.24,47.3,False
4819,688269,凯立新材,30.63,-2.05,0.54,20.7,31.51386741245,0.1339036,62.38526486,-1839,2650,64.8,2026-08-24,-2.8,40.4,False
4820,688270,ST臻镭,58.15,-1.09,0.86,110.01,59.20670481062,0.371466,60.83375841,2,3181,71.2,2026-08-24,-1.78,43.3,False
4821,688271,联影医疗,106.1,0.66,0.2,48.74,105.615973448573,0.2892076,70.05695882,335,693,78.8,2026-08-24,0.46,55.2,False
4822,688272,富吉瑞,27.92,0.14,0.76,-39.46,28.026230958211,0.0826164,53.87931008,-574,4828,60.8,2026-08-24,-0.38,32.8,False
4823,688273,麦澜德,28.91,-0.52,0.59,31.53,29.51276501396,0.1415656,62.09107825,1329,2766,63.2,2026-08-24,-2.04,39.2,False
4824,688275,万润新能,80.73,-7.47,2.98,6.35,87.578779017803,0.3828036,69.94484896,481,708,69.6,2026-08-24,-7.82,48.7,False
4825,688276,百克生物,16.54,1.97,1.36,-65.66,16.75816992601,0.2584492,62.12388258,-854,2748,74.0,2026-08-24,-1.3,46.0,False
4826,688277,天智航-U,15.37,1.65,0.68,-38.59,15.297985226822,0.185757666667,50.79231155,-67,5087,66.0,2026-08-24,0.47,33.5,False
4827,688278,特宝生物,59.66,0.32,0.45,25.55,60.138124074649,0.3544952,76.49499153,274,99,72.4,2026-08-24,-0.8,55.4,False
4828,688279,峰岹科技,176.2,-1.63,0.91,57.45,181.137581682793,0.300902,71.93515,-120,446,69.2,2026-08-24,-2.73,49.8,False
4829,688280,精进电动-W,5.36,0.0,0.81,-8.65,5.361983326349,0.1060532,56.08865422,-134,4473,64.8,2026-08-24,-0.04,36.3,False
4830,688281,华秦科技,44.3,-0.45,0.24,49.37,45.258978511285,0.1931552,64.56330032,1189,1983,62.8,2026-08-24,-2.12,40.5,False
4831,688282,理工导航,55.39,0.38,0.35,-88.63,55.013381116654,0.2091736,62.3219786,52,2671,64.4,2026-08-24,0.68,40.1,False
4832,688283,坤恒顺维,27.59,-0.47,0.44,190.96,27.659951349958,0.110216,60.85794733,-1197,3175,60.8,2026-08-24,-0.25,37.0,False
4833,688285,高铁电气,7.61,0.93,0.27,58.33,7.565022327156,0.1646596,66.51538528,395,1469,62.0,2026-08-24,0.59,41.2,False
4834,688286,敏芯股份,45.1,-4.33,4.84,-85.66,47.116473189381,0.317368,59.15738738,-621,3708,71.6,2026-08-24,-4.28,42.4,False
4835,688288,鸿泉技术,18.4,1.15,0.56,-59.87,18.133252799023,0.0722148,63.80536124,48,2223,62.4,2026-08-24,1.47,39.8,False
4836,688289,圣湘生物,14.86,-0.27,0.57,43.27,15.145149361358,0.2180148,58.5112164,-330,3892,70.8,2026-08-24,-1.88,41.4,False
4837,688290,景业智能,65.09,-1.8,0.39,-265.87,66.37551254953,0.1899512,53.0672224,-775,4934,64.8,2026-08-24,-1.94,34.4,False
4838,688291,金橙子,41.34,-2.11,0.87,20.02,41.971080705964,0.2309536,67.60991732,1190,1192,60.8,2026-08-24,-1.5,41.1,False
4839,688292,浩瀚深度,17.29,1.71,1.12,-24.53,16.792337808501,0.1392756,50.78307745,-195,5088,62.0,2026-08-24,2.96,31.5,False
4840,688293,奥浦迈,57.8,-0.65,1.75,52.38,58.58557023172,0.2092068,60.62656506,-476,3244,67.2,2026-08-24,-1.34,40.7,False
4841,688295,中复神鹰,37.38,-2.45,0.19,276.16,38.226156584266,0.1907768,57.53379643,-77,4169,71.2,2026-08-24,-2.21,41.0,False
4842,688296,和达科技,24.64,2.2,3.54,-52.19,24.335965319585,0.2076472,48.86673895,-106,5160,70.4,2026-08-24,1.25,34.4,False
4843,688297,中无人机,38.3,0.03,0.23,235.34,38.498315699797,0.2753968,58.62386823,24,3867,74.4,2026-08-24,-0.52,43.6,False
4844,688298,东方生物,18.88,0.91,0.36,-10.14,18.916472423817,0.153376,54.77775062,-149,4712,67.2,2026-08-24,-0.19,36.8,False
4845,688299,长阳科技,12.73,0.0,0.56,82.08,12.687698462682,0.1818328,58.9188411,1026,3781,65.2,2026-08-24,0.33,38.4,False
4846,688300,联瑞新材,133.4,-4.13,2.04,108.08,138.98181414982,0.4006124,65.41313498,-1402,1783,79.6,2026-08-24,-4.02,52.1,False
4847,688301,奕瑞科技,96.49,-0.68,0.48,37.27,97.665836022014,0.329322,72.42243054,397,387,69.2,2026-08-24,-1.2,50.1,False
4848,688302,海创药业-U,33.98,-1.96,0.54,-28.15,35.034867703893,0.191394,58.45020609,-1111,3908,64.0,2026-08-24,-3.01,37.4,False
4849,688303,大全能源,17.58,-0.28,0.11,-11.75,17.75333974524,0.1887016,55.84756774,-957,4516,72.0,2026-08-24,-0.98,40.2,False
4850,688305,科德数控,60.95,-1.82,0.91,89.58,61.733130174032,0.3451724,61.82727176,-101,2864,79.2,2026-08-24,-1.27,49.0,False
4851,688306,均普智能,8.54,0.71,0.3,-76.44,8.528015551016,0.1518128,57.696376,162,4125,64.0,2026-08-24,0.14,36.9,False
4852,688307,中润光学,47.8,-0.62,1.97,99.68,48.445242727923,0.2039132,62.43718223,-1664,2625,63.2,2026-08-24,-1.33,39.5,False
4853,688308,欧科亿,90.61,-3.71,2.52,17.64,93.791458064701,0.2850536,64.5909564,-904,1973,73.2,2026-08-24,-3.39,47.3,False
4854,688309,恒誉科技,70.87,-2.92,0.7,34.7,72.785381379246,0.3823176,70.25236466,896,660,64.0,2026-08-24,-2.63,45.0,False
4855,688310,迈得医疗,15.9,5.65,3.09,-34.32,15.333937344126,0.1740688,62.62682011,-787,2564,62.0,2026-08-24,3.69,38.8,False
4856,688311,盟升电子,21.98,-0.81,0.89,-62.97,22.215386382679,0.2644584,55.55553637,175,4576,66.4,2026-08-24,-1.06,36.9,False
4857,688312,燕麦科技,47.39,-2.01,1.5,704.06,48.239866049728,0.2545796,63.45187916,154,2347,64.0,2026-08-24,-1.76,40.6,False
4858,688313,仕佳光子,151.27,-1.8,2.1,108.6,153.736017051167,0.420908,66.66429008,-789,1426,88.4,2026-08-24,-1.6,58.9,False
4859,688314,康拓医疗,31.3,1.76,0.42,48.54,31.156815198093,0.1712228,60.1040558,-1122,3422,61.2,2026-08-24,0.46,36.8,False
4860,688315,诺禾致源,15.86,-6.32,2.85,56.03,16.368437239075,0.2681816,72.38912366,1863,391,70.0,2026-08-24,-3.11,50.7,False
4861,688316,青云科技-U,46.07,-0.17,1.87,-40.21,46.546739042025,0.2078208,52.21293796,-322,5000,72.0,2026-08-24,-1.02,37.6,False
4862,688317,之江生物,17.08,-0.52,0.67,-31.78,17.353378193976,0.1755912,54.41855782,-215,4764,66.8,2026-08-24,-1.58,36.4,False
4863,688318,财富趋势,73.31,-0.39,0.38,190.27,74.277309893037,0.3484336,70.61344814,-351,600,70.0,2026-08-24,-1.3,49.4,False
4864,688319,欧林生物,27.67,-0.54,0.73,-170.62,28.27134182771,0.3168392,63.48690635,-576,2336,67.2,2026-08-24,-2.13,42.7,False
4865,688320,禾川科技,34.3,2.54,1.36,-230.02,33.177223655073,0.2126748,59.67624555,-357,3547,68.8,2026-08-24,3.38,41.1,False
4866,688321,微芯生物,25.37,-2.01,1.7,78.71,26.418331728526,0.3218392,68.91894436,1227,913,72.4,2026-08-24,-3.97,49.9,False
4867,688322,奥比中光-W,92.75,0.27,1.52,459.77,93.535488098939,0.3791744,66.07209547,-160,1603,82.8,2026-08-24,-0.84,54.7,False
4868,688323,瑞华泰,25.91,-3.86,3.69,-66.38,26.94441699198,0.2795352,52.62205101,-355,4971,64.8,2026-08-24,-3.84,34.1,False
4869,688325,赛微微电,105.49,-0.48,0.43,203.44,105.89274728498,0.3624456,63.16556971,346,2430,60.8,2026-08-24,-0.38,38.4,False
4870,688326,经纬恒润-W,62.91,0.33,0.55,-10.63,64.004427878781,0.2302776,64.4169332,1605,2024,64.8,2026-08-24,-1.71,41.7,False
4871,688327,云从科技-UW,9.68,0.31,1.12,-63.9,9.767247192634,0.22173,54.1604108,-240,4794,71.2,2026-08-24,-0.89,38.6,False
4872,688328,深科达,89.04,-0.07,6.29,68.44,88.823774495901,0.3505,74.59282734,-123,206,78.4,2026-08-24,0.24,58.5,False
4873,688329,艾隆科技,21.55,6.63,2.44,-59.52,20.279604898521,0.0891008,57.72351437,-1339,4123,61.2,2026-08-24,6.26,35.3,False
4874,688330,宏力达,33.31,0.7,0.27,82.17,32.821237797979,0.1842084,63.98684667,416,2163,61.6,2026-08-24,1.49,39.4,False
4875,688331,荣昌生物,118.91,2.14,2.05,7.2,118.830140657002,0.3283328,73.1399984,314,318,80.8,2026-08-24,0.07,59.1,False
4876,688332,中科蓝讯,85.95,-3.27,1.59,15.99,89.210806549177,0.3397388,63.91374041,-927,2189,71.6,2026-08-24,-3.66,45.8,False
4877,688333,铂力特,100.61,-4.1,3.14,269.85,106.567335555038,0.481388,75.08451057,517,166,79.6,2026-08-24,-5.59,59.8,False
4878,688334,西高院,17.84,0.45,0.13,20.29,17.780611885761,0.1303832,63.80173715,182,2224,61.6,2026-08-24,0.33,39.3,False
4879,688335,复洁科技,19.66,0.98,0.46,-46.75,19.505838434436,0.0965344,48.84351762,0,5164,59.2,2026-08-24,0.79,28.9,False
4880,688336,三生国健,42.97,-1.1,0.52,51.86,44.698438491145,0.334938,69.99945846,-376,699,75.2,2026-08-24,-3.87,52.6,False
4881,688337,普源精电,42.46,-1.14,0.98,100.27,42.89967610907,0.2179344,64.03717502,-851,2144,63.6,2026-08-24,-1.02,40.7,False
4882,688338,赛科希德,31.18,1.7,0.95,38.92,30.977485657418,0.1978876,65.56460802,-1414,1742,64.4,2026-08-24,0.65,42.2,False
4883,688339,亿华通-U,16.64,0.18,0.53,-19.6,16.735469477647,0.1365068,49.14922393,16,5152,65.6,2026-08-24,-0.57,32.2,False
4884,688343,云天励飞-U,54.69,-0.65,0.9,-36.69,55.587772178184,0.2363188,58.92067516,54,3780,69.6,2026-08-24,-1.62,41.0,False
4885,688345,博力威,50.48,-5.09,0.92,35.47,53.560018954536,0.2354072,68.87566989,61,919,64.0,2026-08-24,-5.75,44.1,False
4886,688347,华虹宏力,222.89,-2.68,1.41,693.81,227.598154691999,0.38569,58.674338,-1293,3852,79.2,2026-08-24,-2.07,46.5,False
4887,688348,昱能科技,31.59,-0.28,0.36,-20.03,31.997740959876,0.1602456,57.05383381,744,4279,62.8,2026-08-24,-1.27,35.8,False
4888,688349,三一重能,13.93,0.65,0.11,30.93,13.869732752384,0.165208,66.5280366,133,1465,64.4,2026-08-24,0.43,42.8,False
4889,688350,富淼科技,28.78,-2.11,0.38,54.04,29.182380560295,0.1741708,56.80431493,55,4342,60.4,2026-08-24,-1.38,34.3,False
4890,688351,微电生理,20.01,0.4,0.34,80.94,19.909268727687,0.141552,59.62256213,-779,3569,62.8,2026-08-24,0.51,37.4,False
4891,688352,颀中科技,17.4,-3.55,3.16,-34.11,17.966035324644,0.2799124,60.6650351,-1525,3237,70.8,2026-08-24,-3.15,43.0,False
4892,688353,华盛锂电,87.48,-4.81,2.23,31.3,91.482741408802,0.385066,61.26047949,-592,3043,72.8,2026-08-24,-4.38,44.6,False
4893,688355,明志科技,17.35,-0.23,0.57,167.33,17.320991761936,0.1093204,57.87313475,824,4084,61.6,2026-08-24,0.17,35.6,False
4894,688356,键凯科技,129.27,4.25,14.89,87.44,124.884043665923,0.5939908,77.57298799,93,63,78.0,2026-08-24,3.51,60.5,False
4895,688357,建龙微纳,26.45,-0.41,0.43,35.13,26.46942046731,0.142162,62.79634049,1274,2529,62.4,2026-08-24,-0.07,39.2,False
4896,688358,祥生医疗,28.05,0.04,0.26,17.08,28.075931010643,0.1074364,59.77829418,-147,3513,63.2,2026-08-24,-0.09,37.8,False
4897,688359,三孚新科,89.6,-5.27,2.21,400.91,92.601407642189,0.3037868,51.94938391,-17,5019,64.8,2026-08-24,-3.24,33.7,False
4898,688360,德马科技,15.11,-2.01,0.69,25.17,15.43635750413,0.08294,60.55154141,-691,3269,62.4,2026-08-24,-2.11,37.8,False
4899,688361,中科飞测,336.84,-3.62,1.51,-436.22,352.60991907992,0.5041004,66.58658442,1370,1450,81.2,2026-08-24,-4.47,54.1,False
4900,688362,甬矽电子,60.29,-4.66,2.54,256.74,62.535744538285,0.3394932,58.72030861,-1010,3833,76.0,2026-08-24,-3.59,44.6,False
4901,688363,华熙生物,35.76,1.22,0.24,66.6,35.720105506811,0.2202556,63.89006607,-405,2197,78.4,2026-08-24,0.11,50.1,False
4902,688365,光云科技,13.87,-0.64,0.85,253.97,14.031349398669,0.1936672,61.76110979,1111,2895,66.0,2026-08-24,-1.15,40.8,False
4903,688366,昊海生科,29.59,0.48,0.25,30.06,29.876683975845,0.1464472,58.72215661,-2207,3830,66.4,2026-08-24,-0.96,39.0,False
4904,688367,工大高科,29.6,2.28,0.9,2142.25,29.215745217204,0.1975012,53.83833611,-38,4836,57.6,2026-08-24,1.32,31.0,False
4905,688368,晶丰明源,115.68,-5.18,2.11,136.21,121.036151199233,0.2445768,63.74277225,-653,2243,65.6,2026-08-24,-4.43,41.8,False
4906,688369,致远互联,19.51,1.77,1.7,-8.65,19.172308292138,0.1145092,54.87550572,-1320,4692,66.4,2026-08-24,1.76,36.4,False
4907,688370,丛麟科技,23.12,-0.22,0.28,70.69,22.999811583717,0.2153208,57.88769542,-1214,4079,62.4,2026-08-24,0.52,36.1,False
4908,688371,菲沃泰,26.13,-3.22,0.88,-103.32,27.113324753924,0.2499732,53.27075228,41,4915,61.6,2026-08-24,-3.63,32.8,False
4909,688372,伟测科技,119.25,-2.43,2.29,71.1,122.539910518806,0.2822296,62.04805253,-81,2787,72.8,2026-08-24,-2.68,45.2,False
4910,688373,盟科药业-U,5.67,8.21,2.88,-43.36,5.271651731529,0.1501912,62.48351935,1520,2608,66.0,2026-08-24,7.56,41.2,False
4911,688375,国博电子,76.8,-0.79,0.2,233.2,77.375800481089,0.1866248,63.03836981,257,2471,68.8,2026-08-24,-0.74,43.4,False
4912,688376,美埃科技,64.74,-2.63,0.53,69.07,66.343417058122,0.21113,58.57289131,117,3878,64.0,2026-08-24,-2.42,37.5,False
4913,688377,迪威尔,19.05,1.01,0.59,67.43,19.141410934887,0.1317596,59.05234847,-1689,3741,61.6,2026-08-24,-0.48,36.4,False
4914,688378,奥来德,41.66,-4.6,1.67,30.97,43.602202873915,0.2811436,66.14826034,-1269,1581,71.6,2026-08-24,-4.45,47.4,False
4915,688379,华光新材,52.95,-2.09,1.69,33.93,53.185927032484,0.308756,72.00187742,-164,435,64.4,2026-08-24,-0.44,46.4,False
4916,688380,中微半导,40.15,-3.23,1.33,46.83,41.56584274927,0.3362048,69.42782949,313,806,82.4,2026-08-24,-3.41,57.2,False
4917,688381,帝奥微,32.7,0.06,2.72,29.21,33.199634348499,0.3056756,55.73698948,-625,4535,67.2,2026-08-24,-1.5,37.5,False
4918,688382,益方生物-U,18.32,-3.88,1.21,-38.73,19.313078426537,0.2052192,58.47194037,-436,3902,64.8,2026-08-24,-5.14,37.9,False
4919,688383,新益昌,118.68,-3.33,0.65,127.63,121.850550607428,0.3914448,61.22090872,-340,3057,66.4,2026-08-24,-2.6,40.7,False
4920,688385,复旦微电,51.84,-1.31,0.81,25.14,52.5255956682,0.2901964,66.26647906,-818,1546,83.2,2026-08-24,-1.31,55.1,False
4921,688386,泛亚微透,49.62,-0.34,0.72,68.04,50.247672205142,0.2498332,61.59151524,-1298,2950,63.6,2026-08-24,-1.25,39.2,False
4922,688387,信科移动-U,12.25,-0.41,0.68,-81.7,12.358682126446,0.3040376,54.81075379,-150,4703,72.0,2026-08-24,-0.88,39.5,False
4923,688388,嘉元科技,27.98,-6.04,3.34,24.15,29.368367560733,0.3281564,72.91628744,913,341,76.0,2026-08-24,-4.73,55.4,False
4924,688389,普门科技,10.93,1.2,0.22,29.54,10.875496714608,0.1309892,62.83446776,-1524,2521,64.0,2026-08-24,0.5,40.2,False
4925,688390,固德威,62.83,-2.59,1.46,37.63,65.046424716403,0.2398052,63.83898992,-1296,2216,72.4,2026-08-24,-3.41,46.2,False
4926,688391,钜泉科技,24.99,0.12,0.44,185.16,24.923590996817,0.1378756,55.17897369,-918,4645,62.4,2026-08-24,0.27,34.4,False
4927,688392,骄成超声,185.09,-4.15,2.44,106.46,194.89064363743,0.3956964,63.72028866,-40,2251,72.4,2026-08-24,-5.03,46.1,False
4928,688393,安必平,19.87,1.48,0.9,-253.35,19.641144513425,0.1082284,61.18412716,989,3068,64.4,2026-08-24,1.17,39.4,False
4929,688395,正弦电气,22.46,2.51,1.13,38.47,22.013052798031,0.1665584,65.1292888,981,1841,63.2,2026-08-24,2.03,41.2,False
4930,688396,华润微,58.11,-5.08,1.11,53.42,61.39325791835,0.3947344,73.3574063,104,302,86.4,2026-08-24,-5.35,63.4,False
4931,688398,赛特新材,20.33,2.52,0.75,1013.94,20.247141045594,0.1509412,57.56031863,676,4162,62.0,2026-08-24,0.41,35.7,False
4932,688399,硕世生物,27.78,-0.25,0.56,40.81,27.993689013367,0.1380688,52.6985308,61,4966,65.2,2026-08-24,-0.76,34.4,False
4933,688400,凌云光,45.5,-0.87,0.72,27.09,46.21456141701,0.274082,64.56057016,13,1985,74.0,2026-08-24,-1.55,47.8,False
4934,688401,路维光电,66.31,-3.93,1.36,49.9,67.674080933995,0.3678332,68.41497983,1417,1013,69.2,2026-08-24,-2.02,47.3,False
4935,688403,汇成股份,22.01,-5.54,2.67,2180.46,22.921903414343,0.3843984,65.86264567,2080,1668,72.8,2026-08-24,-3.98,47.9,False
4936,688408,中信博,24.63,-1.08,0.48,-27.82,25.250665067405,0.230358,60.44580567,1197,3305,62.0,2026-08-24,-2.46,37.5,False
4937,688409,富创精密,196.18,-5.34,1.47,259.18,209.493474785857,0.328712,65.71958905,247,1701,79.2,2026-08-24,-6.36,52.0,False
4938,688410,山外山,10.8,-0.64,0.76,22.18,11.072492109459,0.2295836,72.54591172,92,378,64.4,2026-08-24,-2.46,46.7,False
4939,688411,海博思创,196.61,-2.33,0.56,44.03,203.772284079584,0.3158456,67.43622907,-529,1234,66.4,2026-08-24,-3.51,44.8,False
4940,688416,恒烁股份,71.93,-1.29,1.91,39.89,72.899339951594,0.2676192,58.96520859,-1638,3765,70.0,2026-08-24,-1.33,41.3,False
4941,688418,震有科技,31.55,-1.77,0.99,-23.25,31.874725031467,0.2348532,49.92828558,-72,5125,64.8,2026-08-24,-1.02,32.4,False
4942,688419,耐科装备,54.53,-3.96,4.04,63.44,55.226435884597,0.3107804,65.59944905,-877,1729,66.4,2026-08-24,-1.26,43.6,False
4943,688420,美腾科技,22.35,1.36,0.23,127.66,22.033890655417,0.0449844,56.81992388,-779,4336,62.8,2026-08-24,1.43,35.7,False
4944,688425,铁建重工,4.06,1.0,0.12,21.45,4.029459918815,0.27019,62.3302767,54,2666,68.0,2026-08-24,0.76,42.4,False
4945,688426,康为世纪,20.81,-1.93,1.06,-38.12,21.170756814757,0.2135656,64.09187845,249,2122,68.4,2026-08-24,-1.7,43.8,False
4946,688428,诺诚健华,27.39,-0.54,2.24,98.35,28.113901350056,0.21045,68.56668526,1024,983,69.2,2026-08-24,-2.57,47.4,False
4947,688429,时创能源,10.47,-0.57,0.17,-9.86,10.723040967362,0.1650432,61.02899332,822,3118,62.0,2026-08-24,-2.36,37.8,False
4948,688432,有研硅,44.45,-7.95,2.7,209.21,44.703652606531,0.441826,72.05127715,1498,429,84.4,2026-08-24,-0.57,60.8,False
4949,688433,华曙高科,95.52,-9.89,1.56,2353.11,106.27446089079,0.47498,72.10602874,-172,423,72.8,2026-08-24,-10.12,52.5,False
4950,688435,英方软件,28.93,-3.08,2.35,-64.21,29.823495557293,0.107352,51.9090477,-111,5023,62.8,2026-08-24,-3.0,32.6,False
4951,688439,振华风光,37.83,-0.76,0.42,-140.85,37.997409567856,0.2317844,64.84805459,1412,1900,64.8,2026-08-24,-0.44,42.0,False
4952,688443,智翔金泰-U,24.09,-2.07,1.73,-14.78,25.054662763548,0.1863108,62.23488686,1266,2706,65.2,2026-08-24,-3.85,40.6,False
4953,688448,磁谷科技,63.49,-1.69,1.17,2560.41,64.799753520292,0.4586064,63.75497332,72,2238,64.0,2026-08-24,-2.02,40.8,False
4954,688449,联芸科技,66.23,0.29,1.7,859.61,67.284159676665,0.3227408,67.43958246,-565,1233,69.6,2026-08-24,-1.57,46.9,False
4955,688450,光格科技,32.66,-0.06,1.82,-119.19,32.673284347918,0.0751492,53.33121813,23,4907,61.2,2026-08-24,-0.04,32.6,False
4956,688455,科捷智能,15.96,-4.77,2.42,-15.28,16.182755953673,0.1716288,68.93251646,1896,911,62.4,2026-08-24,-1.38,43.0,False
4957,688456,有研粉材,77.43,-4.15,3.26,66.24,80.184523627277,0.26238,63.25217552,-297,2405,71.2,2026-08-24,-3.44,45.0,False
4958,688458,美芯晟,32.42,-2.7,0.56,-167.61,33.358038292336,0.2312764,59.5746027,1071,3580,61.6,2026-08-24,-2.81,36.7,False
4959,688459,哈铁科技,8.02,1.13,0.09,-589.03,7.911470457182,0.0593656,61.10747272,-512,3095,61.6,2026-08-24,1.37,37.6,False
4960,688466,金科环境,14.02,1.74,0.42,65.75,13.819643244857,0.025862,58.70315881,-1139,3841,61.2,2026-08-24,1.45,35.9,False
4961,688468,科美诊断,6.33,1.28,0.36,70.84,6.239844930142,0.078996,59.77062945,1004,3516,63.2,2026-08-24,1.44,37.8,False
4962,688469,芯联集成-U,8.51,-1.96,0.94,128.15,8.734895246802,0.352946,60.07553869,266,3430,77.2,2026-08-24,-2.57,46.4,False
4963,688472,阿特斯,10.06,-1.85,0.43,17.64,10.412859057776,0.3285108,71.23531599,-218,522,74.0,2026-08-24,-3.39,52.7,False
4964,688475,萤石网络,29.19,0.38,0.21,28.06,29.457610892627,0.1446312,70.29077454,-13,656,70.8,2026-08-24,-0.91,49.8,False
4965,688478,晶升股份,46.99,-2.21,1.93,-185.57,48.101352391587,0.2168328,53.29143691,-710,4913,63.6,2026-08-24,-2.31,33.9,False
4966,688479,友车科技,31.85,-1.85,1.26,274.86,32.425571726469,0.271266,59.62630919,-1196,3568,60.8,2026-08-24,-1.78,36.3,False
4967,688480,赛恩斯,74.34,-4.3,0.56,52.03,77.245741518531,0.230226,66.52336694,-467,1466,62.8,2026-08-24,-3.76,41.8,False
4968,688484,南芯科技,33.9,-2.73,0.58,-162.28,34.711058614839,0.2712916,64.33840566,187,2047,64.0,2026-08-24,-2.34,41.2,False
4969,688485,九州一轨,82.81,1.79,2.18,-714.81,80.929005774349,0.43799,58.65246483,-167,3858,69.6,2026-08-24,2.32,40.8,False
4970,688486,龙迅股份,41.74,-3.11,1.0,51.21,43.473499149235,0.2255772,67.67280084,-608,1174,64.4,2026-08-24,-3.99,43.6,False
4971,688488,艾迪药业,15.62,-1.95,0.77,216.03,16.058254386867,0.1851036,65.46003174,334,1773,69.2,2026-08-24,-2.73,45.3,False
4972,688489,三未信安,23.43,0.82,0.4,-43.92,23.518454018555,0.2013624,62.11367131,-527,2755,63.6,2026-08-24,-0.38,39.5,False
4973,688496,*ST清越,0.91,-1.09,1.03,-3.15,0.907973885766,0.213972,54.23492645,-363,4786,65.2,2026-08-24,0.22,35.4,False
4974,688498,源杰科技,1542.1,0.07,1.56,267.48,1544.1023014732,0.9859664,76.01749789,-44,121,88.8,2026-08-24,-0.13,67.5,False
4975,688499,利元亨,34.25,-3.66,1.26,74.18,35.904399024421,0.2652796,61.48752565,1057,2982,69.6,2026-08-24,-4.61,42.8,False
4976,688500,慧辰股份,35.54,-0.5,0.7,-24.5,35.936532505835,0.1257552,57.1433916,135,4257,61.2,2026-08-24,-1.1,35.0,False
4977,688501,青达环保,13.13,0.69,0.57,20.2,13.160092827346,0.1153768,60.17050701,-1073,3397,61.6,2026-08-24,-0.23,37.1,False
4978,688502,茂莱光学,417.57,-4.36,2.26,-496.22,443.125500232002,0.4754336,63.46156634,146,2343,78.4,2026-08-24,-5.77,49.8,False
4979,688503,聚和材料,85.2,-4.05,3.62,17.8,88.748935383092,0.3511328,68.87487864,-467,920,80.4,2026-08-24,-4.0,55.4,False
4980,688505,复旦张江,8.33,-0.6,0.82,117.02,8.417577010796,0.1842864,61.13693151,-281,3082,69.2,2026-08-24,-1.04,42.3,False
4981,688506,百利天恒,261.47,-1.32,0.18,-34.84,269.557631886082,0.2904204,59.73662416,-455,3530,74.8,2026-08-24,-3.0,44.7,False
4982,688507,索辰科技,147.8,-0.92,3.53,-97.01,149.558411854966,0.3543964,57.33840468,-2284,4205,72.4,2026-08-24,-1.18,41.5,False
4983,688508,芯朋微,87.74,7.66,5.53,36.87,81.123118262483,0.4144364,67.16378605,27,1305,75.6,2026-08-24,8.16,50.8,False
4984,688509,正元地信,4.2,1.69,0.61,-24.86,4.131768798036,0.1407368,53.14540159,207,4924,61.6,2026-08-24,1.65,32.7,False
4985,688510,航亚科技,23.49,-0.13,0.47,59.5,23.655095785737,0.1834744,63.95058609,-855,2177,65.6,2026-08-24,-0.7,42.0,False
4986,688511,天微电子,20.78,-0.57,0.55,129.13,20.993853154709,0.1349076,54.07013388,-1566,4808,59.2,2026-08-24,-1.02,32.0,False
4987,688512,慧智微-U,13.55,-1.45,1.57,-24.11,13.853384256076,0.2829884,56.26828097,-922,4449,62.4,2026-08-24,-2.19,35.1,False
4988,688513,苑东生物,42.86,-0.12,0.89,29.16,43.532369938931,0.2619168,59.96551737,-1323,3462,63.6,2026-08-24,-1.54,38.1,False
4989,688515,裕太微-U,144.88,-2.63,3.23,-66.98,150.491544524744,0.319226,60.61142777,-807,3249,66.8,2026-08-24,-3.73,40.5,False
4990,688516,奥特维,43.04,1.27,2.45,22.73,41.930486302039,0.1943428,68.05941526,2080,1089,68.0,2026-08-24,2.65,46.3,False
4991,688517,金冠电气,16.04,2.04,0.92,38.34,15.741533369906,0.1758892,58.03549217,254,4040,62.0,2026-08-24,1.9,36.0,False
4992,688518,联赢激光,19.57,-2.73,1.5,36.35,20.039634703991,0.307928,67.34224764,814,1260,66.8,2026-08-24,-2.34,45.0,False
4993,688519,南亚新材,282.4,1.51,1.31,110.59,276.153498118989,0.3944184,66.54422233,-1118,1460,79.2,2026-08-24,2.26,52.7,False
4994,688520,神州细胞,36.07,-0.88,0.5,-24.14,36.704778179344,0.1904024,64.67624796,1282,1950,69.6,2026-08-24,-1.73,45.0,False
4995,688521,芯原股份,164.71,-2.34,1.26,-70.76,170.084610426365,0.3719656,52.14652427,85,5006,83.6,2026-08-24,-3.16,43.6,False
4996,688522,纳睿雷达,17.83,0.17,0.87,71.56,18.044748388183,0.1703496,61.23536979,-2,3052,62.8,2026-08-24,-1.19,38.5,False
4997,688523,航天环宇,39.44,-2.86,0.38,2018.81,40.84375448532,0.1644436,58.0580788,124,4033,70.4,2026-08-24,-3.44,40.9,False
4998,688525,佰维存储,224.8,-0.35,1.68,7.4,226.07495610256,0.4917084,70.72138917,-454,594,90.8,2026-08-24,-0.56,64.2,False
4999,688526,科前生物,13.12,1.16,0.1,19.3,12.975977459048,0.1626372,64.9699502,-78,1877,65.2,2026-08-24,1.11,42.4,False
5000,688528,秦川物联,9.8,1.55,0.49,-17.49,9.690991835049,0.0248412,57.78347617,-378,4109,62.4,2026-08-24,1.12,36.1,False
5001,688529,豪森智能,16.01,1.78,0.3,-7.15,15.863034266781,0.1089244,56.9724577,-547,4299,64.8,2026-08-24,0.93,36.9,False
5002,688530,欧莱新材,62.0,-1.46,8.2,60.97,63.412282018623,0.322426,67.28233117,2504,1274,74.4,2026-08-24,-2.23,50.1,False
5003,688531,日联科技,130.66,-1.6,1.62,84.5,132.064938629368,0.2734192,69.84119175,-580,721,67.2,2026-08-24,-1.06,46.9,False
5004,688533,上声电子,20.82,0.87,0.22,35.31,20.693404351628,0.0628968,63.94397007,235,2180,61.6,2026-08-24,0.61,39.4,False
5005,688535,华海诚科,96.02,-3.54,1.89,254.25,98.392284127773,0.2728048,55.83685569,-199,4520,74.4,2026-08-24,-2.41,41.5,False
5006,688536,思瑞浦,304.9,1.06,1.97,68.4,303.290832813294,0.3761524,67.6759048,-746,1172,77.2,2026-08-24,0.53,52.2,False
5007,688538,和辉光电-U,2.3,0.44,0.41,-16.9,2.299765231158,0.2737904,55.95290866,-659,4496,65.6,2026-08-24,0.01,36.7,False
5008,688539,高华科技,24.51,-1.09,0.39,-313.3,24.86477838542,0.1588592,55.42903134,15,4599,65.6,2026-08-24,-1.43,36.4,False
5009,688543,国科军工,38.07,-0.31,1.17,80.78,38.365133387182,0.2564712,68.20574932,-300,1053,70.4,2026-08-24,-0.77,48.0,False
5010,688545,兴福电子,75.63,-7.17,3.99,110.58,80.380775788627,0.3640888,66.20383068,1292,1563,74.4,2026-08-24,-5.91,49.3,False
5011,688548,广钢气体,33.9,-3.42,0.76,121.82,35.215123374633,0.3148344,64.67443278,-1280,1951,74.4,2026-08-24,-3.73,48.1,False
5012,688549,中巨芯-U,24.15,-4.28,5.52,1268.92,25.395365945889,0.3506764,54.578982,-3526,4741,82.8,2026-08-24,-4.9,45.2,False
5013,688550,瑞联新材,36.75,-2.96,0.99,25.07,37.47402996908,0.2542632,64.63338736,-150,1961,67.6,2026-08-24,-1.93,43.7,False
5014,688551,科威尔,37.53,-1.37,1.38,135.72,38.266044787131,0.2027372,59.8516287,-694,3492,59.2,2026-08-24,-1.92,35.4,False
5015,688552,航天南湖,25.6,-1.04,0.22,-555.77,25.856790411389,0.108776,55.89339624,-687,4506,63.2,2026-08-24,-0.99,35.3,False
5016,688553,汇宇制药-W,11.8,-1.99,1.47,64.06,12.417609166313,0.2123428,69.48159078,1572,797,65.6,2026-08-24,-4.97,45.6,False
5017,688556,高测股份,7.9,-1.0,0.99,-32.67,8.005037220202,0.2153808,53.98350718,119,4817,65.6,2026-08-24,-1.31,35.4,False
5018,688557,兰剑智能,20.66,0.78,0.65,34.92,20.768227468752,0.23899,62.77551092,-290,2533,63.6,2026-08-24,-0.52,39.9,False
5019,688558,国盛智科,30.51,-2.05,0.43,24.53,31.104306682259,0.1517228,61.92307789,202,2836,66.0,2026-08-24,-1.91,40.9,False
5020,688559,海目星,54.19,-2.27,2.48,133.14,55.630541202388,0.3321868,63.28701323,678,2396,75.2,2026-08-24,-2.59,47.6,False
5021,688560,明冠新材,11.98,0.42,0.56,-37.46,11.99283434318,0.1176544,58.87841545,303,3795,62.0,2026-08-24,-0.11,36.5,False
5022,688561,奇安信-U,24.79,0.65,0.22,-10.89,24.823487277172,0.2323084,58.75220112,-134,3824,71.6,2026-08-24,-0.13,42.1,False
5023,688562,航天软件,13.97,0.5,0.31,-23.79,14.011016092823,0.1630952,61.71296439,252,2912,62.8,2026-08-24,-0.29,38.8,False
5024,688563,航材股份,49.25,0.0,0.26,45.99,49.725607362744,0.1740672,62.76956879,-262,2536,62.8,2026-08-24,-0.96,39.4,False
5025,688565,力源科技,11.02,0.09,0.53,738.49,11.007201412849,0.200372,61.96712247,54,2814,62.4,2026-08-24,0.12,38.7,False
5026,688566,吉贝尔,25.3,-0.43,0.32,30.29,25.556207201271,0.2948412,67.24785346,70,1283,64.4,2026-08-24,-1.0,43.3,False
5027,688567,孚能科技,9.48,-0.42,0.29,-20.65,9.627002787659,0.126546,55.31661541,238,4618,69.6,2026-08-24,-1.53,38.5,False
5028,688568,中科星图,31.07,0.23,0.43,-42.18,31.434286847133,0.2249296,55.05435276,-108,4658,72.4,2026-08-24,-1.16,39.9,False
5029,688569,铁科轨道,18.44,-0.05,0.27,21.92,18.320379655866,0.1241184,64.07343372,-113,2129,68.0,2026-08-24,0.65,43.6,False
5030,688570,天玛智控,15.38,1.18,0.18,135.12,15.065441081559,0.119834,59.5282652,119,3597,64.8,2026-08-24,2.09,38.6,False
5031,688571,杭华股份,8.31,-0.12,0.81,31.5,8.422316875615,0.1740932,61.89431886,-1389,2841,63.6,2026-08-24,-1.33,39.4,False
5032,688573,信宇人,16.22,-0.18,1.01,-11.15,16.290623076584,0.0413208,48.47406308,16,5172,61.6,2026-08-24,-0.43,29.9,False
5033,688575,亚辉龙,9.24,0.43,0.52,73.53,9.270163268634,0.174258,61.69054703,-337,2917,65.6,2026-08-24,-0.33,40.5,False
5034,688576,西山科技,40.9,0.71,0.56,94.87,40.734637172621,0.1059212,57.6538477,-604,4135,61.2,2026-08-24,0.41,35.3,False
5035,688577,浙海德曼,41.8,-0.17,0.24,98.28,41.85489851793,0.1522896,58.68677324,-845,3847,63.6,2026-08-24,-0.13,37.3,False
5036,688578,艾力斯,113.23,0.93,0.55,16.53,114.132129596499,0.33231,74.84858774,-144,187,78.0,2026-08-24,-0.79,58.4,False
5037,688579,地纬智能,7.85,2.48,0.48,-57.23,7.68935468059,0.1079024,58.16603959,-1853,4000,62.4,2026-08-24,2.09,36.3,False
5038,688580,伟思医疗,46.04,0.79,0.73,17.9,46.285135476651,0.268062,62.26740864,-162,2691,68.0,2026-08-24,-0.53,42.3,False
5039,688581,安杰思,51.5,0.82,0.33,17.6,51.099786382741,0.32135,64.37080342,462,2038,62.4,2026-08-24,0.78,40.2,False
5040,688582,芯动联科,41.4,-0.38,0.52,227.98,41.758489051694,0.283754,67.06133775,1061,1330,68.4,2026-08-24,-0.86,45.9,False
5041,688583,思看科技,86.1,5.0,2.59,366.03,82.447774648229,0.392148,63.31730328,-1698,2386,63.2,2026-08-24,4.43,40.0,False
5042,688584,上海合晶,28.23,-5.24,2.63,376.31,28.979065739143,0.2866344,66.8263353,1695,1381,68.4,2026-08-24,-2.58,45.7,False
5043,688585,上纬新材,138.92,-7.06,0.77,-168.24,154.168110863986,0.5131456,68.45129933,798,1009,83.6,2026-08-24,-9.89,57.2,False
5044,688586,江航装备,10.86,-1.81,0.71,134.86,10.864679282171,0.2563112,63.14800284,2476,2435,63.2,2026-08-24,-0.04,39.9,False
5045,688588,凌志软件,9.52,2.04,0.32,-468.2,9.359739562229,0.0799752,61.80843512,-1276,2876,62.8,2026-08-24,1.71,38.8,False
5046,688589,力合微,19.34,-0.97,1.29,72.87,19.776278951941,0.1753268,53.4568399,-483,4892,70.4,2026-08-24,-2.21,37.6,False
5047,688590,新致软件,12.47,1.3,0.7,561.6,12.396821855917,0.1874124,57.2428616,-2340,4231,65.2,2026-08-24,0.59,37.3,False
5048,688591,泰凌微,29.03,8.73,4.34,35.51,26.609350687365,0.2154116,61.10395313,224,3097,64.4,2026-08-24,9.1,39.4,False
5049,688592,司南导航,24.51,3.64,1.19,-98.43,23.789438091719,0.0964144,55.54166809,-1133,4580,62.8,2026-08-24,3.03,34.9,False
5050,688593,新相微,30.92,-1.84,1.6,1206.75,31.617145947788,0.4218808,65.43673846,-1015,1781,68.4,2026-08-24,-2.2,44.8,False
5051,688595,芯海科技,26.96,-0.7,0.86,-24.91,27.211869438614,0.1981264,53.09959273,163,4930,65.6,2026-08-24,-0.93,34.8,False
5052,688596,正帆科技,70.69,-0.65,7.06,-219.33,69.263856213027,0.4018276,69.56531647,661,769,75.2,2026-08-24,2.06,52.3,False
5053,688597,煜邦电力,6.78,1.95,0.99,-25.74,6.653784982668,0.0921748,58.14712808,842,4005,61.6,2026-08-24,1.9,35.8,False
5054,688598,金博股份,36.31,-1.52,4.52,-23.97,37.622484482052,0.3684172,63.8407652,2,2215,74.4,2026-08-24,-3.49,47.5,False
5055,688599,天合光能,12.6,-0.32,0.3,-54.69,12.754963606576,0.2635012,57.31652372,-1339,4213,74.8,2026-08-24,-1.21,42.9,False
5056,688600,皖仪科技,26.48,-1.3,0.62,57.49,26.215188810168,0.2529368,68.58330528,1350,982,66.8,2026-08-24,1.01,45.8,False
5057,688601,力芯微,48.78,-1.26,1.41,-1170.43,49.575388419596,0.3908528,66.22375396,261,1557,66.0,2026-08-24,-1.6,43.7,False
5058,688602,康鹏科技,6.5,-0.46,0.5,-41.38,6.556476096404,0.1621052,50.13316776,-44,5116,62.4,2026-08-24,-0.86,31.3,False
5059,688603,天承科技,100.52,-3.7,2.21,104.69,103.634166100881,0.267716,61.10891102,-1692,3094,69.2,2026-08-24,-3.0,42.3,False
5060,688605,先锋精科,68.41,-4.32,2.12,139.72,70.720650922669,0.199178,60.11994127,-234,3416,66.8,2026-08-24,-3.27,40.2,False
5061,688606,奥泰生物,47.83,0.4,0.15,46.64,47.616974451115,0.18199,63.10363654,-52,2448,64.0,2026-08-24,0.45,40.4,False
5062,688607,康众医疗,40.74,-1.26,0.67,-55.39,41.33933703588,0.2391008,60.27036437,660,3364,63.2,2026-08-24,-1.45,38.1,False
5063,688608,恒玄科技,103.81,1.4,0.57,71.86,103.733929856809,0.2949,63.3220878,-302,2385,71.2,2026-08-24,0.07,45.1,False
5064,688609,九联科技,8.75,0.11,0.99,65.04,8.747867076144,0.284672,64.88181058,1396,1892,67.6,2026-08-24,0.02,43.9,False
5065,688610,埃科光电,166.02,-1.76,2.51,81.62,168.083988282847,0.3585876,69.39289876,718,817,66.4,2026-08-24,-1.23,46.1,False
5066,688611,杭州柯林,60.65,-1.32,0.21,-773.69,61.667328082934,0.3223536,52.95364829,-727,4942,63.6,2026-08-24,-1.65,33.7,False
5067,688612,威迈斯,33.94,2.91,1.67,24.8,32.836424796211,0.2896348,67.62531416,-42,1190,64.8,2026-08-24,3.36,43.8,False
5068,688613,奥精医疗,15.31,1.59,0.91,371.66,15.136589825506,0.0885728,56.27788983,-921,4446,63.2,2026-08-24,1.15,35.6,False
5069,688615,合合信息,89.03,-0.78,2.03,35.37,90.123204267471,0.307854,66.53026603,1415,1464,69.6,2026-08-24,-1.21,46.3,False
5070,688616,西力科技,10.86,0.74,0.51,26.11,10.794009268813,0.0596692,61.88847121,-166,2842,61.6,2026-08-24,0.61,38.1,False
5071,688617,惠泰医疗,253.53,-1.95,0.66,33.39,259.151478107916,0.260318,77.52741858,67,64,71.6,2026-08-24,-2.17,55.5,False
5072,688618,三旺通信,29.73,-1.29,1.02,-957.64,30.262223998183,0.1875716,59.45102321,-1498,3621,63.6,2026-08-24,-1.76,37.8,False
5073,688619,罗普特,14.24,-1.18,0.71,-31.7,14.525211983137,0.186648,58.70735721,-596,3840,65.2,2026-08-24,-1.96,38.3,False
5074,688620,安凯微,14.87,-4.68,2.05,-74.24,15.310935966806,0.2257192,63.9543029,2277,2175,64.0,2026-08-24,-2.88,40.9,False
5075,688621,阳光诺和,63.94,-1.63,1.11,86.78,66.598329243745,0.4408992,75.02587083,393,171,70.0,2026-08-24,-3.99,52.5,False
5076,688622,*ST禾信,92.1,-5.61,0.55,-211.34,101.150260729829,0.3053492,48.31540278,-287,5174,59.2,2026-08-24,-8.95,28.6,False
5077,688623,双元科技,57.73,0.02,0.63,56.49,57.688741165702,0.2405756,58.43323225,153,3916,60.8,2026-08-24,0.07,35.5,False
5078,688625,呈和科技,51.53,-2.68,0.98,51.97,53.742026986732,0.3212276,67.24040906,-148,1285,62.8,2026-08-24,-4.12,42.2,False
5079,688626,翔宇医疗,41.69,0.0,0.51,65.86,42.171368818762,0.2072084,59.073385,-154,3734,71.6,2026-08-24,-1.14,42.3,False
5080,688627,精智达,441.48,-5.12,2.27,424.82,468.517098684248,0.4834968,65.12652511,-494,1843,74.0,2026-08-24,-5.77,48.2,False
5081,688628,优利德,80.37,-3.99,2.38,32.09,82.991558137121,0.3886764,70.46725712,-527,628,70.0,2026-08-24,-3.16,49.3,False
5082,688629,华丰科技,132.58,-1.02,0.93,147.65,134.095166389866,0.3857788,67.66084029,-422,1179,77.2,2026-08-24,-1.13,52.2,False
5083,688630,芯碁微装,406.1,-4.7,2.41,137.22,420.349461177961,0.4201184,71.87803635,-193,452,77.6,2026-08-24,-3.39,55.8,False
5084,688631,莱斯信息,39.16,-0.23,0.23,-125.44,39.283406891565,0.1086936,59.05493466,102,3738,64.4,2026-08-24,-0.31,38.0,False
5085,688633,星球石墨,23.81,1.41,0.74,13.84,23.546769630476,0.2411556,61.0810962,-448,3106,60.0,2026-08-24,1.12,36.6,False
5086,688635,长进光子,321.79,2.11,7.89,378.93,314.386187063091,0.39489,58.35923057,615,3937,72.4,2026-08-24,2.36,42.3,False
5087,688636,智明达,19.29,-1.03,1.4,31.26,19.592626781706,0.139608,63.04154956,-1274,2469,65.6,2026-08-24,-1.54,41.4,False
5088,688638,誉辰智能,33.29,0.6,0.71,-10.19,33.13853566717,0.0498172,60.70718731,242,3222,62.0,2026-08-24,0.46,37.6,False
5089,688639,华恒生物,16.33,1.55,1.56,20.25,16.324377768645,0.1341736,60.45427636,-1398,3303,66.4,2026-08-24,0.03,40.1,False
5090,688646,逸飞激光,67.4,-3.99,1.19,-201.21,69.918342234233,0.387535882353,56.93959696,-454,4307,64.8,2026-08-24,-3.6,36.9,False
5091,688648,中邮科技,32.81,4.19,3.58,-36.72,31.657691292401,0.1848356,64.43565248,-24,2017,66.0,2026-08-24,3.64,42.5,False
5092,688651,盛邦安全,22.49,0.85,1.24,-36.64,22.384473476871,0.0920208,57.39856869,-1588,4193,63.2,2026-08-24,0.47,36.3,False
5093,688652,京仪装备,141.8,-4.56,2.64,128.23,148.56671053198,0.2712556,68.95206829,836,904,69.2,2026-08-24,-4.55,47.7,False
5094,688653,康希通信,13.94,-9.01,6.1,107.52,15.414480937315,0.3077804,67.05830452,-748,1332,69.2,2026-08-24,-9.57,46.4,False
5095,688655,迅捷兴,45.62,9.16,7.96,213.32,40.802502428301,0.3840032,61.67750932,-1456,2926,70.0,2026-08-24,11.81,43.2,False
5096,688656,浩欧博,91.16,-3.92,0.69,173.6,94.452354440139,0.2968344,67.3246396,-768,1263,65.2,2026-08-24,-3.49,43.9,False
5097,688657,浩辰软件,32.29,-0.52,0.71,69.8,32.569656586877,0.1294488,67.00589319,550,1339,62.4,2026-08-24,-0.86,41.8,False
5098,688658,悦康药业,12.99,-1.67,2.23,-27.86,13.505036693752,0.2927528,62.83998654,-86,2519,73.6,2026-08-24,-3.81,46.3,False
5099,688659,元琛科技,10.44,-0.19,0.55,100.21,10.46249559609,0.0820152,59.91541945,1349,3481,62.4,2026-08-24,-0.22,37.4,False
5100,688660,电气风电,7.28,-1.09,0.57,-8.96,7.489845603051,0.1661428,53.36153137,-32,4903,68.4,2026-08-24,-2.8,36.5,False
5101,688661,和林微纳,93.94,-6.72,1.68,-1056.09,99.099078768478,0.2558144,63.72576035,493,2248,70.0,2026-08-24,-5.21,44.6,False
5102,688662,富信科技,86.41,-3.4,3.97,224.44,88.600311491529,0.3950916,59.10905247,-710,3721,73.2,2026-08-24,-2.47,43.3,False
5103,688663,新风光,52.96,-1.18,0.66,623.98,53.66164353836,0.3998516,60.88733226,-1437,3164,65.6,2026-08-24,-1.31,39.9,False
5104,688665,四方光电,43.07,-0.19,0.26,27.07,42.97467828062,0.166214,67.83912377,1269,1141,60.0,2026-08-24,0.22,40.7,False
5105,688667,菱电电控,85.05,-0.53,0.34,34.64,86.26562243737,0.3049664,62.39976317,-518,2643,61.6,2026-08-24,-1.41,38.4,False
5106,688668,鼎通科技,245.0,-1.21,1.48,92.84,248.915832954336,0.3864312,70.3918339,-416,639,75.6,2026-08-24,-1.57,53.2,False
5107,688669,聚石化学,74.37,-1.76,1.51,-43.05,75.586939173429,0.401092,58.39419555,-435,3927,63.6,2026-08-24,-1.61,37.1,False
5108,688670,金迪克,15.94,6.2,3.08,-19.23,15.599271665089,0.1222996,56.83417135,-278,4333,66.8,2026-08-24,2.18,38.0,False
5109,688671,碧兴物联,23.87,-0.21,0.79,-27.32,24.120771076825,0.1607432,54.25550236,353,4785,58.0,2026-08-24,-1.04,31.5,False
5110,688676,金盘科技,73.67,-2.23,1.39,55.96,75.420591729794,0.375758,71.59525014,468,481,81.6,2026-08-24,-2.32,58.4,False
5111,688677,海泰新光,80.6,-4.33,4.26,63.31,83.91531268228,0.4035716,70.99680882,-483,562,72.8,2026-08-24,-3.95,51.7,False
5112,688678,福立旺,19.71,0.87,2.21,43.63,19.302024711034,0.3120288,69.36725842,-45,826,64.4,2026-08-24,2.11,44.7,False
5113,688679,通源环境,38.08,-1.53,1.21,2342.26,39.021362208486,0.3130348,59.94601212,-1620,3469,64.0,2026-08-24,-2.41,38.4,False
5114,688680,海优新材,33.28,0.39,0.43,-21.32,33.252288477716,0.1707916,56.19880286,-422,4459,62.0,2026-08-24,0.08,34.8,False
5115,688681,科汇股份,16.86,0.18,0.5,172.63,16.802166901071,0.1526644,66.99534513,15,1342,63.2,2026-08-24,0.34,42.3,False
5116,688682,霍莱沃,31.15,0.84,0.64,122.25,30.9452776435,0.0910328,55.31059938,-120,4620,61.6,2026-08-24,0.66,34.1,False
5117,688683,莱尔科技,29.42,-2.03,0.39,93.64,30.084375418066,0.2015424,64.22882332,1449,2081,62.4,2026-08-24,-2.21,40.1,False
5118,688685,迈信林,38.81,-4.13,1.13,264.68,40.588531353082,0.3140772,55.22295472,194,4633,64.8,2026-08-24,-4.38,35.8,False
5119,688686,奥普特,124.32,4.27,1.35,44.56,121.657734955474,0.2716752,66.04960187,212,1610,70.4,2026-08-24,2.19,46.5,False
5120,688687,凯因科技,18.12,0.39,1.18,57.9,18.357444039373,0.254852,66.39780532,1473,1508,66.8,2026-08-24,-1.29,44.4,False
5121,688689,银河微电,38.68,-1.83,1.82,58.07,39.286746926004,0.235506333333,63.09931382,-541,2454,69.2,2026-08-24,-1.54,43.7,False
5122,688690,纳微科技,39.18,-3.43,1.64,58.05,41.148485714848,0.3046956,66.43874434,-282,1495,72.0,2026-08-24,-4.78,47.8,False
5123,688691,灿芯股份,61.4,-2.57,2.09,-64.56,62.880312991012,0.1802092,51.01616437,58,5075,64.0,2026-08-24,-2.35,32.7,False
5124,688692,达梦数据,234.04,0.16,0.44,43.76,233.796936018563,0.3910104,71.60168227,-247,479,70.8,2026-08-24,0.1,50.7,False
5125,688693,锴威特,72.09,-4.68,3.32,-73.71,76.156274066864,0.3154032,58.00732467,980,4050,68.0,2026-08-24,-5.34,39.4,False
5126,688695,中创股份,19.22,0.89,0.77,-39.54,19.028095779894,0.0755204,59.56255296,868,3585,62.8,2026-08-24,1.01,37.4,False
5127,688696,极米科技,68.58,1.92,0.54,23.88,67.73864448968,0.1468648,66.51380881,1485,1470,65.2,2026-08-24,1.24,43.4,False
5128,688697,纽威数控,14.34,-2.38,0.51,34.44,14.634993826564,0.237968,70.22273451,834,665,69.6,2026-08-24,-2.02,48.9,False
5129,688698,伟创电气,43.89,-0.97,0.4,48.84,44.389637457841,0.1697428,63.39056909,199,2361,67.2,2026-08-24,-1.13,42.6,False
5130,688699,明微电子,57.19,-3.31,1.75,37.03,58.885448727185,0.2456644,59.59517349,-232,3573,65.2,2026-08-24,-2.88,38.9,False
5131,688700,东威科技,54.27,-2.44,1.39,81.69,55.276146741688,0.2898784,66.01399817,183,1620,70.4,2026-08-24,-1.82,46.5,False
5132,688701,卓锦股份,8.44,2.06,0.72,-28.97,8.338171782214,0.0622512,55.46267199,-531,4594,62.4,2026-08-24,1.22,34.6,False
5133,688702,盛科通信-U,348.65,-0.78,1.53,-2098.49,354.273662761155,0.44129,59.15876233,-334,3707,81.6,2026-08-24,-1.59,48.3,False
5134,688707,振华新材,10.4,-1.33,0.79,-15.18,10.612734015936,0.2122036,56.91691612,315,4313,62.8,2026-08-24,-2.0,35.7,False
5135,688708,佳驰科技,39.34,-4.65,1.61,152.85,41.607090692118,0.206028,59.41086486,234,3631,61.6,2026-08-24,-5.45,36.6,False
5136,688709,成都华微,24.53,-1.72,0.74,-58.2,25.000479100496,0.1316688,53.5548751,19,4882,70.0,2026-08-24,-1.88,37.5,False
5137,688710,益诺思,92.79,3.23,3.16,166.97,91.096040130181,0.2363524,64.04957021,493,2140,70.4,2026-08-24,1.86,45.1,False
5138,688711,宏微科技,24.6,-1.52,2.07,1466.31,25.164432117824,0.2786192,53.80360225,-397,4843,69.2,2026-08-24,-2.24,37.2,False
5139,688712,北芯生命,32.48,0.93,5.28,72.84,32.243324194826,0.2856,65.91005187,-19,1654,63.6,2026-08-24,0.73,41.9,False
5140,688716,中研股份,27.04,-0.37,0.89,-170.88,27.102894313451,0.1529944,54.33433585,-832,4776,66.8,2026-08-24,-0.23,36.3,False
5141,688717,艾罗能源,49.02,-16.28,9.65,-111.62,59.092371903697,0.2402844,58.19440261,-1633,3989,66.4,2026-08-24,-17.05,38.6,False
5142,688718,唯赛勃,13.91,-0.86,0.41,60.7,14.092999694541,0.0610924,62.32666889,-1053,2668,60.4,2026-08-24,-1.3,37.6,False
5143,688719,爱科赛博,48.2,-1.99,1.48,-79.15,49.408314601712,0.1813052,65.8095219,-599,1684,61.6,2026-08-24,-2.45,40.5,False
5144,688720,艾森股份,63.53,-2.71,3.37,206.85,65.196224874902,0.2385228,59.53529502,-1439,3591,68.8,2026-08-24,-2.56,41.0,False
5145,688721,龙图光罩,40.75,-2.95,2.87,133.14,41.543104882956,0.1951812,58.0454442,-1611,4037,67.2,2026-08-24,-1.91,39.0,False
5146,688722,同益中,13.5,0.37,0.38,20.87,13.510137631044,0.1780828,57.3493543,152,4203,62.4,2026-08-24,-0.08,35.8,False
5147,688726,拉普拉斯,45.14,-4.0,4.11,28.92,47.571733289889,0.3874136,73.82758029,2244,268,64.0,2026-08-24,-5.11,47.2,False
5148,688727,恒坤新材,47.5,-4.21,5.22,208.63,49.650446676022,0.3540652,70.29992724,3691,654,65.6,2026-08-24,-4.33,46.1,False
5149,688728,格科微,14.85,-2.81,0.37,6846.68,15.323324432156,0.2636596,57.85673745,208,4089,69.2,2026-08-24,-3.09,40.0,False
5150,688729,屹唐股份,22.66,-2.75,0.82,105.07,23.463198947051,0.26814,58.4914544,-18,3898,66.0,2026-08-24,-3.42,38.6,False
5151,688733,壹石通,29.19,-3.28,1.4,3476.88,30.059465566393,0.243566,55.30535399,-700,4621,68.4,2026-08-24,-2.89,37.8,False
5152,688737,中自科技,17.76,0.57,0.42,154.18,17.629004457912,0.0538112,56.45668368,259,4411,61.6,2026-08-24,0.74,34.8,False
5153,688739,成大生物,20.76,0.97,0.27,129.89,20.609846567677,0.1850748,60.12535897,71,3412,67.2,2026-08-24,0.73,40.4,False
5154,688750,金天钛业,13.85,0.07,0.3,165.6,13.946289807586,0.1545024,51.41308778,-469,5052,61.6,2026-08-24,-0.69,31.7,False
5155,688755,汉邦科技,26.53,-1.23,0.65,34.18,27.303558533758,0.1160936,68.87646083,1730,918,62.8,2026-08-24,-2.83,43.3,False
5156,688757,胜科纳米,30.07,-2.08,1.98,408.98,30.554276706761,0.210252,54.88425864,84,4688,61.2,2026-08-24,-1.58,33.6,False
5157,688758,赛分科技,25.66,-3.35,1.53,75.28,26.58118328837,0.2344204,64.21448065,-2,2082,66.8,2026-08-24,-3.47,42.9,False
5158,688759,必贝特-U,24.72,-1.71,2.04,-57.12,25.532157850468,0.229904,55.52706533,-474,4585,64.0,2026-08-24,-3.18,35.5,False
5159,688765,禾元生物-U,35.2,-0.82,1.69,-87.28,35.962343165067,0.1843768,54.38758559,149,4769,65.6,2026-08-24,-2.12,35.7,False
5160,688766,普冉股份,393.82,-4.18,4.15,35.42,419.876756902341,0.5738064,70.87584626,-358,574,86.4,2026-08-24,-6.21,61.2,False
5161,688767,博拓生物,35.18,0.06,0.77,-128.66,36.431370540665,0.3207444,56.20628861,-1958,4457,65.2,2026-08-24,-3.43,36.6,False
5162,688768,容知日新,40.19,-0.27,0.37,-38.73,40.639506157093,0.2055424,61.97848507,-240,2809,60.8,2026-08-24,-1.11,37.7,False
5163,688772,珠海冠宇,14.27,-0.9,0.56,-47.93,14.635507081068,0.32704,59.20245565,-1246,3693,65.2,2026-08-24,-2.5,38.6,False
5164,688775,影石创新,120.18,3.04,0.82,142.38,117.166121650081,0.3306176,68.6744165,-589,963,72.8,2026-08-24,2.57,50.0,False
5165,688776,国光电气,45.65,-0.65,0.35,-30.83,46.176099373396,0.1253016,50.26704365,31,5112,66.8,2026-08-24,-1.14,33.6,False
5166,688777,中控技术,89.45,1.29,0.61,236.91,88.341491982882,0.3564956,59.6807036,-1733,3546,78.0,2026-08-24,1.25,46.6,False
5167,688778,厦钨新能,45.2,-3.6,0.55,23.22,47.321900526613,0.254486,69.49069193,2266,788,71.6,2026-08-24,-4.48,49.8,False
5168,688779,五矿新能,7.95,-2.45,0.68,20.31,8.148992094928,0.3698856,69.41345645,-16,810,72.0,2026-08-24,-2.44,50.0,False
5169,688781,视涯科技-UW,36.93,0.93,1.97,-343.71,36.57337413122,0.234876,56.28919304,-804,4444,62.4,2026-08-24,0.98,35.1,False
5170,688783,西安奕材-U,30.15,-4.62,6.48,-192.23,31.148750500027,0.3489692,61.23106583,1235,3055,78.8,2026-08-24,-3.21,48.3,False
5171,688785,恒运昌,264.18,-3.41,2.1,254.3,269.271053875163,0.3287224,71.57925145,1737,484,64.4,2026-08-24,-1.89,46.1,False
5172,688786,悦安新材,25.92,-4.46,1.85,61.7,26.998937345943,0.2144008,67.38760005,855,1247,60.0,2026-08-24,-4.0,40.4,False
5173,688787,海天瑞声,98.21,-3.0,0.87,176.26,101.285172479983,0.2457776,63.26359649,193,2403,70.0,2026-08-24,-3.04,44.3,False
5174,688788,科思科技,29.56,-3.62,1.11,-18.37,30.238879264548,0.2592044,60.16081863,1099,3402,64.0,2026-08-24,-2.25,38.5,False
5175,688789,宏华数科,46.5,2.51,0.28,50.42,45.509627032143,0.1459828,65.2831581,-979,1812,62.8,2026-08-24,2.18,41.0,False
5176,688790,昂瑞微-UW,94.67,0.72,0.95,-35.09,94.564686935099,0.158002,57.80572042,70,4104,62.4,2026-08-24,0.11,36.1,False
5177,688793,倍轻松,19.83,-1.59,1.5,-36.21,20.141142226451,0.18861,63.51195496,-467,2327,68.8,2026-08-24,-1.54,43.7,False
5178,688795,摩尔线程-U,528.0,0.06,1.28,-10731.33,527.36545520702,0.4275708,57.69382528,-449,4127,79.6,2026-08-24,0.12,45.9,False
5179,688796,百奥赛图,122.18,-2.19,3.18,131.21,127.827306703809,0.2640612,66.17252842,-308,1575,67.6,2026-08-24,-4.42,44.7,False
5180,688798,艾为电子,52.92,0.65,0.96,65.02,53.057046017659,0.234956,60.05529202,-696,3436,66.0,2026-08-24,-0.26,39.6,False
5181,688799,华纳药厂,42.34,-2.28,1.07,43.79,43.965177934413,0.351662,68.90780457,727,916,64.0,2026-08-24,-3.7,44.1,False
5182,688800,瑞可达,62.3,-2.96,3.07,81.01,64.026193553886,0.3795852,73.48146055,-33,297,70.4,2026-08-24,-2.7,51.7,False
5183,688802,沐曦股份-U,652.0,-1.81,2.18,-659.8,670.146636815754,0.4770008,54.99432341,-386,4672,78.4,2026-08-24,-2.71,43.1,False
5184,688805,健信超导,38.13,-4.2,2.52,64.85,38.777727705786,0.2170328,71.48932438,2415,500,60.0,2026-08-24,-1.67,42.9,False
5185,688807,优迅股份,320.06,-4.46,9.72,212.74,327.633189568304,0.5466236,74.71247893,6,196,70.4,2026-08-24,-2.31,52.6,False
5186,688808,联讯仪器,2206.52,-2.62,1.69,476.3,2245.8949833644,0.988058,77.94828886,46,53,81.6,2026-08-24,-1.75,63.6,False
5187,688809,强一股份,412.05,-6.03,2.96,119.15,436.016764370568,0.4081556,65.71175333,-513,1703,65.2,2026-08-24,-5.5,42.8,False
5188,688811,有研复材,20.57,-2.47,1.74,9698.94,21.045870422331,0.197344,54.20222947,-38,4790,62.8,2026-08-24,-2.26,34.0,False
5189,688813,泰金新能,107.2,-2.63,4.2,79.09,109.343404422099,0.360846,62.98874866,-853,2485,66.8,2026-08-24,-1.96,42.1,False
5190,688816,易思维,47.72,1.49,0.52,-39.53,47.363788588556,0.1206008,61.79065256,-1080,2886,62.8,2026-08-24,0.75,38.8,False
5191,688818,电科蓝天,44.48,-0.54,2.19,1295.99,45.119930728503,0.294426,63.6526093,-708,2276,71.2,2026-08-24,-1.42,45.3,False
5192,688819,天能股份,21.88,0.27,0.09,70.82,21.865757130068,0.1800792,63.96115436,-601,2172,66.4,2026-08-24,0.07,42.5,False
5193,688820,盛合晶微,119.81,-2.15,2.17,248.33,122.567266455224,0.3713808,57.58444952,-10,4156,82.8,2026-08-24,-2.25,47.7,False
5194,688981,中芯国际,119.39,-0.99,0.85,187.72,121.023745980035,0.4491564,63.31447708,285,2389,87.6,2026-08-24,-1.35,55.5,False
5195,689009,九号公司-WD,44.47,2.44,1.41,16.23,43.300103707811,0.2911372,69.58587793,175,765,77.2,2026-08-24,2.7,53.7,False
