序号,代码,名称,最新价,涨跌幅,换手率,市盈率,主力成本,机构参与度,综合得分,上升,目前排名,关注指数,交易日,cost_deviation_pct,score_x_focus,is_our_stock
1,000001,平安银行,11.09,-0.09,0.16,4.19,11.107677311408,0.369632,73.25774187,360,605,90.8,2026-08-17,-0.16,66.5,False
2,000002,万  科Ａ,3.09,-0.96,0.49,-1.55,3.107281121611,0.3616672,62.69267473,493,3341,77.6,2026-08-17,-0.56,48.6,False
3,000006,深振业Ａ,7.23,-1.36,0.77,324.16,7.297252718524,0.333644,65.24602296,-1451,2608,84.4,2026-08-17,-0.92,55.1,False
4,000007,全新好,10.9,2.54,1.5,-434.92,10.593917195623,0.264546,58.60715956,-1856,4376,66.4,2026-08-17,2.89,38.9,False
5,000008,神州高铁,2.39,-0.42,0.45,-53.39,2.39382615847,0.412292909091,56.93778794,316,4688,70.0,2026-08-17,-0.16,39.9,False
6,000009,中国宝安,7.68,-1.41,0.46,283.58,7.798687040924,0.1683736,60.40177744,-1021,3957,86.0,2026-08-17,-1.52,51.9,False
7,000010,*ST美丽,1.53,-1.29,0.73,16.24,1.524058875944,0.425104,60.68416263,601,3896,66.8,2026-08-17,0.39,40.5,False
8,000011,深物业A,8.22,0.0,0.69,-44.97,8.207757724389,0.134556,63.79520736,-604,3026,78.0,2026-08-17,0.15,49.8,False
9,000012,南  玻Ａ,3.82,0.0,0.83,-29.46,3.803796745469,0.2705996,63.16347314,496,3221,71.2,2026-08-17,0.43,45.0,False
10,000014,沙河股份,10.13,-0.39,0.86,-72.21,10.098809956593,0.0819928,53.9502319,-144,5016,70.8,2026-08-17,0.31,38.2,False
11,000016,*ST康佳A,2.41,0.42,0.58,-7.89,2.390565328455,0.3709664,59.32276335,-46,4218,72.4,2026-08-17,0.81,42.9,False
12,000017,深中华A,5.99,-0.5,0.6,168.76,6.004727062034,0.0888832,63.17646025,-412,3212,74.8,2026-08-17,-0.25,47.3,False
13,000019,深粮控股,6.96,9.95,9.34,30.88,6.295914241426,0.2380712,67.380343,2698,1941,70.8,2026-08-17,10.55,47.7,False
14,000020,深华发Ａ,12.49,10.04,3.37,210.37,11.324467469331,0.1033044,69.83857786,117,1287,68.0,2026-08-17,10.29,47.5,False
15,000021,深科技,41.69,-2.14,5.39,67.76,41.804345154995,0.4000404,76.07549659,1120,275,89.6,2026-08-17,-0.27,68.2,False
16,000025,特  力Ａ,15.09,-0.4,0.5,48.87,15.093646190794,0.255514,72.4445841,1188,744,76.0,2026-08-17,-0.02,55.1,False
17,000026,飞亚达,23.16,0.65,2.68,36.1,22.35399069077,0.4260672,76.9744221,1486,202,82.8,2026-08-17,3.61,63.7,False
18,000027,深圳能源,6.2,-0.64,0.15,5.9,6.217025664553,0.2875832,65.39039846,505,2555,75.6,2026-08-17,-0.27,49.4,False
19,000028,国药一致,19.83,-1.0,0.31,10.01,19.942782000484,0.1559248,67.44967524,-792,1919,74.4,2026-08-17,-0.57,50.2,False
20,000029,深深房Ａ,22.43,-8.15,1.21,-1444.62,24.071127850372,0.5223252,69.52567478,1778,1365,65.6,2026-08-17,-6.82,45.6,False
21,000030,富奥股份,4.35,0.46,0.26,15.0,4.292070005477,0.3238668,75.29464552,122,353,66.4,2026-08-17,1.35,50.0,False
22,000031,大悦城,2.17,0.0,0.4,-10.52,2.155008578844,0.3456676,62.0505382,-493,3529,70.8,2026-08-17,0.7,43.9,False
23,000032,深桑达Ａ,15.22,-2.69,2.35,-56.11,15.373468514851,0.3777016,68.7942048,26,1530,76.8,2026-08-17,-1.0,52.8,False
24,000034,神州数码,24.68,-2.06,3.22,26.58,24.803545777319,0.3748348,75.10322108,240,383,86.4,2026-08-17,-0.5,64.9,False
25,000035,中国天楹,4.72,-0.63,0.55,25.45,4.72029801041,0.2597976,62.6148239,-1182,3374,76.0,2026-08-17,-0.01,47.6,False
26,000036,华联控股,4.0,-1.72,1.08,53.91,3.978459512227,0.3385676,62.21213531,-1999,3483,68.4,2026-08-17,0.54,42.6,False
27,000037,深南电A,9.72,-0.1,3.26,121.8,9.650500223172,0.1737404,54.93751098,-1029,4937,83.2,2026-08-17,0.72,45.7,False
28,000039,中集集团,9.37,3.77,1.94,60.45,8.885531349653,0.343454,69.12268068,1445,1447,85.6,2026-08-17,5.45,59.2,False
29,000042,中洲控股,8.97,1.47,0.5,-22.51,8.760240736483,0.1428828,54.25087227,-184,4992,67.6,2026-08-17,2.39,36.7,False
30,000045,深纺织Ａ,10.0,-0.6,0.57,57.02,10.010853899904,0.1289908,63.17361307,-326,3215,75.2,2026-08-17,-0.11,47.5,False
31,000048,京基智农,24.02,-0.7,2.07,-13.78,23.920025304264,0.3752852,67.91707359,-383,1780,80.0,2026-08-17,0.42,54.3,False
32,000049,德赛电池,24.57,-4.47,3.39,23.02,25.058025045362,0.3017636,74.0219877,1601,507,82.0,2026-08-17,-1.95,60.7,False
33,000050,深天马Ａ,6.67,-0.3,0.58,-29.18,6.644610077555,0.2683232,59.70259114,-555,4111,72.0,2026-08-17,0.38,43.0,False
34,000055,方大集团,3.58,0.56,0.7,34.08,3.562542208619,0.167692,58.17093453,-1246,4473,64.8,2026-08-17,0.49,37.7,False
35,000056,*ST皇庭,1.96,-1.51,1.08,-17.93,2.008261872094,0.3955368,65.70832974,-1257,2445,69.2,2026-08-17,-2.4,45.5,False
36,000058,深 赛 格,6.75,-1.46,0.25,84.09,6.789666733749,0.147894,67.2129427,1441,1989,75.2,2026-08-17,-0.58,50.5,False
37,000059,华锦股份,4.6,0.0,0.74,41.47,4.576569402843,0.1910484,66.12800503,-1191,2310,70.8,2026-08-17,0.51,46.8,False
38,000060,中金岭南,6.6,-1.93,1.26,14.55,6.685339544498,0.368216,65.75380049,-701,2427,80.4,2026-08-17,-1.28,52.9,True
39,000061,农 产 品,6.03,3.25,2.2,22.16,5.788554130314,0.303338,72.28917412,338,777,73.2,2026-08-17,4.17,52.9,False
40,000062,深圳华强,23.42,-1.35,0.97,30.48,23.545102247182,0.2853264,66.81390981,330,2111,76.0,2026-08-17,-0.53,50.8,False
41,000063,中兴通讯,35.05,-2.69,2.21,31.99,35.577935566785,0.5283948,71.6585547,1845,874,92.0,2026-08-17,-1.48,65.9,False
42,000065,北方国际,9.01,-1.85,0.67,23.68,9.105680162997,0.254324,66.73130446,27,2134,73.2,2026-08-17,-1.05,48.8,False
43,000066,中国长城,14.7,-3.23,2.07,-141.78,15.008032621502,0.3680692,63.58528861,960,3098,82.8,2026-08-17,-2.05,52.6,False
44,000068,华控赛格,3.04,0.0,0.67,-42.12,3.020569897762,0.2626104,58.33473457,732,4435,65.2,2026-08-17,0.64,38.0,False
45,000069,华侨城Ａ,1.76,-0.56,0.22,-2.58,1.755253327806,0.3971544,61.08312215,539,3785,74.8,2026-08-17,0.27,45.7,False
46,000070,特发信息,15.17,-2.57,4.02,-345.4,15.344088227409,0.2852636,68.95875803,-549,1488,86.8,2026-08-17,-1.13,59.9,False
47,000078,ST海王,1.67,0.0,1.21,75.8,1.668231928167,0.3323,58.55549409,-1342,4386,76.0,2026-08-17,0.11,44.5,False
48,000088,盐 田 港,4.48,0.45,0.31,17.1,4.456631577149,0.2701684,69.83418933,-126,1288,75.2,2026-08-17,0.52,52.5,False
49,000089,深圳机场,6.47,-0.31,0.26,12.85,6.473564502068,0.203812,64.93456466,-1277,2695,74.4,2026-08-17,-0.06,48.3,False
50,000090,天健集团,3.48,0.29,0.37,-69.73,3.453988139509,0.1851016,64.56222779,-570,2803,66.8,2026-08-17,0.75,43.1,False
51,000096,广聚能源,7.9,1.15,0.77,85.28,7.794769907657,0.1348464,63.10260197,-560,3237,74.8,2026-08-17,1.35,47.2,False
52,000099,中信海直,13.97,-2.24,0.59,29.09,14.208814698389,0.1549644,61.02021368,-614,3799,75.6,2026-08-17,-1.68,46.1,False
53,000100,TCL科技,5.2,0.19,1.58,17.37,5.165139856153,0.4666252,69.01067738,-500,1472,86.0,2026-08-17,0.67,59.3,False
54,000151,中成股份,10.01,-0.79,0.7,52.35,10.037601941351,0.2307252,61.21269785,849,3742,70.4,2026-08-17,-0.27,43.1,False
55,000153,丰原药业,6.68,10.05,2.03,20.97,6.060015665522,0.1670904,72.29877946,1803,772,73.2,2026-08-17,10.23,52.9,False
56,000155,川能动力,12.19,-1.46,0.94,21.09,12.215810521153,0.3035392,62.99259982,-2438,3262,89.6,2026-08-17,-0.21,56.4,False
57,000156,华数传媒,6.7,-1.62,0.27,29.54,6.76608791375,0.1452164,71.45065436,-254,919,72.0,2026-08-17,-0.98,51.4,False
58,000157,中联重科,6.95,0.29,0.23,17.0,6.91614359792,0.2721412,66.34896694,-509,2244,80.8,2026-08-17,0.49,53.6,False
59,000158,常山北明,12.83,-4.11,1.74,-50.48,13.220229380345,0.2853908,65.88903549,-684,2392,76.4,2026-08-17,-2.95,50.3,False
60,000159,国际实业,5.7,-0.35,0.72,93.92,5.692969795388,0.2004204,60.40008021,-411,3958,68.4,2026-08-17,0.12,41.3,False
61,000166,申万宏源,4.49,-1.32,0.13,11.93,4.533910174576,0.4665936,72.99067116,426,652,79.2,2026-08-17,-0.97,57.8,False
62,000301,东方盛虹,12.78,0.95,0.18,14.75,12.622465328502,0.205708,75.10354945,-76,382,78.4,2026-08-17,1.25,58.9,False
63,000333,美的集团,82.71,0.12,0.12,12.45,82.743002797373,0.348522,72.89283895,-345,670,91.6,2026-08-17,-0.04,66.8,False
64,000338,潍柴动力,30.55,-0.84,0.6,21.39,30.4797424104,0.3616572,79.03302574,341,97,88.0,2026-08-17,0.23,69.5,False
65,000400,许继电气,22.03,-1.21,0.54,50.52,22.122155045382,0.2723432,69.78801833,575,1301,84.8,2026-08-17,-0.42,59.2,False
66,000401,金隅冀东,3.54,-0.28,0.15,-2.36,3.557292596197,0.1895316,63.17339565,1016,3216,72.0,2026-08-17,-0.49,45.5,False
67,000402,金 融 街,2.46,-0.81,0.64,5.33,2.45925161473,0.3521508,56.40172459,-1441,4761,72.8,2026-08-17,0.03,41.1,False
68,000403,派林生物,10.73,-1.47,0.58,111.0,10.78232827113,0.2659372,69.55817695,-213,1359,69.2,2026-08-17,-0.49,48.1,False
69,000404,长虹华意,7.04,-1.26,0.91,9.78,7.065784437292,0.2850776,66.88769439,1155,2089,73.2,2026-08-17,-0.36,49.0,False
70,000407,胜利股份,4.14,0.98,1.2,18.11,4.091475761776,0.195786,65.61526799,-1753,2482,71.6,2026-08-17,1.19,47.0,False
71,000408,藏格矿业,78.19,-1.54,0.47,16.86,79.1234585742,0.3726732,75.84590174,294,301,86.4,2026-08-17,-1.18,65.5,False
72,000409,云鼎科技,8.59,-1.83,0.48,73.66,8.712001799733,0.1269228,64.8874402,-548,2710,74.8,2026-08-17,-1.4,48.5,False
73,000410,沈阳机床,5.44,0.18,1.9,-106.48,5.486564724226,0.2958728,70.87637872,683,1045,86.8,2026-08-17,-0.85,61.5,False
74,000411,英特集团,9.91,-0.7,0.39,17.46,9.969184469759,0.1577368,68.58157964,-697,1597,71.6,2026-08-17,-0.59,49.1,False
75,000415,渤海租赁,4.62,-0.22,0.38,7.87,4.575653003841,0.2666556,64.04002405,-421,2963,75.6,2026-08-17,0.97,48.4,False
76,000417,合百集团,5.95,-0.34,2.01,18.05,5.903713378955,0.2613944,59.36914696,240,4199,74.4,2026-08-17,0.78,44.2,False
77,000419,通程控股,4.96,0.0,0.61,24.03,4.921402363169,0.2215292,70.77389072,565,1079,68.4,2026-08-17,0.78,48.4,False
78,000420,吉林化纤,3.73,-2.1,0.9,84.14,3.76987940201,0.2955208,59.98648866,-125,4044,72.4,2026-08-17,-1.06,43.4,False
79,000421,南京公用,5.52,-0.18,0.51,10.95,5.498017194976,0.2070276,69.18874529,1764,1435,72.0,2026-08-17,0.4,49.8,False
80,000422,湖北宜化,12.91,0.94,1.7,21.98,12.755072760078,0.3253552,62.21834162,-1353,3482,78.8,2026-08-17,1.21,49.0,False
81,000423,东阿阿胶,51.56,0.12,0.34,18.13,51.55509968303,0.1428316,72.21650124,-342,789,84.4,2026-08-17,0.01,61.0,False
82,000425,徐工机械,8.02,0.75,0.61,11.42,7.91613230428,0.3543432,65.88502226,-717,2393,82.4,2026-08-17,1.31,54.3,False
83,000426,兴业银锡,38.4,-2.74,1.59,12.74,39.155835830122,0.3994696,76.27450985,989,259,92.4,2026-08-17,-1.93,70.5,False
84,000428,华天酒店,4.27,0.0,2.59,-17.41,4.217747434571,0.2053772,58.69908237,-552,4359,86.8,2026-08-17,1.24,51.0,False
85,000429,粤高速Ａ,13.11,-0.23,0.28,15.16,13.159835247031,0.1347264,68.01000128,-573,1749,74.8,2026-08-17,-0.38,50.9,False
86,000430,张家界,6.72,1.66,2.24,8.82,6.592958291288,0.2098244,61.29225054,174,3720,74.0,2026-08-17,1.93,45.4,False
87,000488,ST晨鸣,1.88,-1.05,0.19,-2.7,1.893007257751,0.320692,53.64915081,-781,5041,72.8,2026-08-17,-0.69,39.1,False
88,000498,山东路桥,4.92,-0.81,0.2,11.39,4.945798916078,0.2214436,70.50058045,-142,1131,72.0,2026-08-17,-0.52,50.8,False
89,000501,武商集团,7.25,0.14,0.53,11.3,7.19874808847,0.2983648,71.03477786,1324,1005,70.8,2026-08-17,0.71,50.3,False
90,000503,国新健康,6.97,-3.33,0.85,-35.09,7.170734952623,0.1623272,57.83169315,-129,4536,79.2,2026-08-17,-2.8,45.8,False
91,000504,南华生物,8.58,-2.39,1.05,63.77,8.712637249972,0.15177745098,61.3111122,-835,3713,68.0,2026-08-17,-1.52,41.7,False
92,000505,京粮控股,6.79,10.05,11.03,151.63,6.01722879108,0.4880104,74.55779049,3678,446,74.0,2026-08-17,12.84,55.2,False
93,000506,招金黄金,17.78,0.17,5.32,36.42,17.72014394522,0.3026528,65.48680825,205,2527,93.2,2026-08-17,0.34,61.0,False
94,000507,珠海港,4.97,0.0,0.25,16.76,4.948907024861,0.254774,65.17286806,720,2628,74.0,2026-08-17,0.43,48.2,False
95,000509,华塑控股,3.32,-1.19,0.86,-355.19,3.321354866186,0.207554,60.47872297,-285,3939,66.4,2026-08-17,-0.04,40.2,False
96,000510,新金路,17.06,-2.96,3.57,-54.45,17.306629740261,0.3179036,61.94762158,-829,3559,78.0,2026-08-17,-1.43,48.3,False
97,000513,丽珠集团,29.89,-0.53,0.47,11.5,29.958719628735,0.21472,68.47241573,-282,1620,82.8,2026-08-17,-0.23,56.7,False
98,000514,渝 开 发,3.96,-1.0,0.46,25.87,3.98315959709,0.1661936,64.41626106,766,2849,73.2,2026-08-17,-0.58,47.2,False
99,000516,国际医学,4.23,-0.94,0.39,-48.98,4.250504733098,0.2159604,61.81101177,-1093,3600,77.2,2026-08-17,-0.48,47.7,False
100,000517,荣安地产,2.3,0.44,0.5,-64.34,2.258003607734,0.244226,61.28432153,-1451,3722,69.2,2026-08-17,1.86,42.4,False
101,000518,四环生物,3.7,-8.87,8.66,-84.18,4.030360816297,0.3145392,56.77758089,-349,4709,71.2,2026-08-17,-8.2,40.4,False
102,000519,中兵红箭,14.95,-1.39,1.42,95.27,15.070625965277,0.2918516,73.69342038,1486,548,87.2,2026-08-17,-0.8,64.3,False
103,000520,凤凰航运,4.17,-1.18,3.91,319.54,4.0728903033,0.4258912,69.59116922,1549,1347,67.6,2026-08-17,2.38,47.0,False
104,000521,长虹美菱,4.87,-0.61,0.21,17.85,4.878590104811,0.2500036,68.02902928,1491,1744,73.6,2026-08-17,-0.18,50.1,False
105,000523,红棉股份,3.0,1.35,1.78,29.0,2.959532770599,0.3177068,68.46629417,-26,1623,71.2,2026-08-17,1.37,48.7,False
106,000524,岭南控股,9.43,-0.11,0.35,48.07,9.382736694688,0.17196,68.83007115,-115,1520,76.0,2026-08-17,0.5,52.3,False
107,000525,红太阳,4.52,-0.22,1.43,459.95,4.521834409465,0.2755452,60.98605433,1135,3812,70.4,2026-08-17,-0.04,42.9,False
108,000526,学大教育,35.54,10.0,2.48,7.21,31.43677555798,0.1547868,64.46993599,-517,2831,76.8,2026-08-17,13.05,49.5,False
109,000528,柳    工,8.08,-0.37,0.54,6.79,8.089356383159,0.3087868,69.2362228,839,1427,80.8,2026-08-17,-0.12,55.9,False
110,000529,广弘控股,5.0,0.6,0.65,-332.18,4.947266786792,0.136766,63.72189216,-87,3050,69.2,2026-08-17,1.07,44.1,False
111,000530,冰山冷热,4.96,-1.98,0.98,44.36,5.026456626777,0.2352928,63.56659386,507,3103,72.8,2026-08-17,-1.32,46.3,False
112,000531,穗恒运Ａ,5.71,-0.87,0.34,7.68,5.745442872176,0.2599768,65.25560766,465,2603,66.0,2026-08-17,-0.62,43.1,False
113,000532,华金资本,11.18,-0.62,0.63,-178.75,11.074943103577,0.2102828,63.8296185,1531,3019,72.0,2026-08-17,0.95,46.0,False
114,000533,顺钠股份,11.68,-3.55,8.71,119.26,12.126155914298,0.2694824,68.31102392,2455,1679,87.6,2026-08-17,-3.68,59.8,False
115,000534,万泽股份,29.21,-2.05,1.0,48.03,29.40524448468,0.2536928,74.50567153,98,450,75.6,2026-08-17,-0.66,56.3,False
116,000536,华映科技,3.25,-2.11,0.64,-9.99,3.293561649797,0.283424,59.02467632,439,4285,73.6,2026-08-17,-1.32,43.4,False
117,000537,绿发电力,7.82,-3.46,0.98,45.18,7.959504242748,0.2711216,67.74302853,-118,1822,88.4,2026-08-17,-1.75,59.9,False
118,000538,云南白药,49.42,-0.76,0.24,10.82,49.702310297008,0.227268,75.41209575,317,342,90.0,2026-08-17,-0.57,67.9,False
119,000539,粤电力Ａ,5.52,-2.13,1.53,-47.78,5.598671352993,0.2600484,62.27314674,-695,3471,82.8,2026-08-17,-1.41,51.6,False
120,000541,佛山照明,4.92,-1.2,0.24,72.26,4.99883929814,0.2627024,67.04832775,1134,2040,69.2,2026-08-17,-1.58,46.4,False
121,000543,皖能电力,7.56,-0.4,0.24,9.64,7.56502391933,0.2984468,69.34301133,507,1406,75.2,2026-08-17,-0.07,52.1,False
122,000544,中原环保,7.29,-0.68,0.1,5.11,7.315211164426,0.1985852,65.9672617,933,2364,68.8,2026-08-17,-0.34,45.4,False
123,000545,金浦钛业,2.52,-0.79,1.3,-21.88,2.514150231691,0.2588204,53.85583586,158,5029,73.6,2026-08-17,0.23,39.6,False
124,000546,金圆股份,4.73,-1.66,1.26,-7.81,4.780694043808,0.228352,64.71633373,303,2750,71.6,2026-08-17,-1.06,46.3,False
125,000547,航天发展,15.71,-2.0,1.29,-56.99,15.863367996997,0.2335556,58.79858853,763,4334,74.4,2026-08-17,-0.97,43.7,False
126,000548,湖南投资,4.44,-1.11,0.64,35.87,4.483366839741,0.1177188,60.34410903,-17,3976,68.4,2026-08-17,-0.97,41.3,False
127,000550,江铃汽车,16.18,-0.25,0.24,9.45,16.14680316888,0.1418864,72.02405104,-60,813,74.8,2026-08-17,0.21,53.9,False
128,000551,创元科技,14.0,-9.74,7.97,18.88,14.854917320407,0.4319704,79.61194401,227,68,77.6,2026-08-17,-5.76,61.8,False
129,000552,甘肃能化,2.55,0.0,1.01,52.3,2.550797376741,0.2905612,62.57568851,-999,3385,72.4,2026-08-17,-0.03,45.3,False
130,000553,安道麦A,5.54,0.73,0.32,5.67,5.464418270889,0.2089088,62.7181943,1502,3335,64.8,2026-08-17,1.38,40.6,False
131,000554,泰山石油,6.49,1.25,2.66,11.52,6.400707650769,0.2208208,64.83338479,462,2720,72.0,2026-08-17,1.4,46.7,False
132,000555,神州信息,10.37,-3.17,1.12,-27.36,10.639616274491,0.1928836,60.30109132,-932,3986,84.0,2026-08-17,-2.53,50.7,False
133,000557,西部创业,3.64,-0.27,0.21,25.51,3.637852228435,0.1426144,58.70185392,-122,4357,68.4,2026-08-17,0.06,40.2,False
134,000558,天府文旅,3.46,-1.42,0.71,271.08,3.501074559126,0.2411116,52.85369411,-432,5083,74.4,2026-08-17,-1.17,39.3,False
135,000559,万向钱潮,11.9,-0.08,0.62,39.96,11.778460495931,0.2542924,66.25894635,512,2271,74.8,2026-08-17,1.03,49.6,False
136,000560,我爱我家,2.16,-0.46,1.39,233.35,2.140189655197,0.4255368,64.27456812,703,2886,77.6,2026-08-17,0.93,49.9,False
137,000561,烽火电子,7.51,-2.09,0.51,-30.49,7.638570989926,0.1635472,54.73959915,-80,4954,75.2,2026-08-17,-1.68,41.2,False
138,000563,陕国投Ａ,2.96,-1.33,0.3,10.4,2.974319389376,0.2929312,69.23888797,-404,1426,73.2,2026-08-17,-0.48,50.7,False
139,000564,供销大集,1.53,-0.65,3.56,-50.61,1.512182305352,0.6692452,70.2507112,3572,1190,75.2,2026-08-17,1.18,52.8,False
140,000565,渝三峡Ａ,5.91,-1.5,0.73,25.79,5.985051750822,0.1106636,58.24244368,-62,4456,70.0,2026-08-17,-1.25,40.8,False
141,000566,海南海药,5.39,-1.28,5.95,-22.87,5.384167555904,0.2588256,51.96312874,-110,5123,86.4,2026-08-17,0.11,44.9,False
142,000567,海德股份,6.1,-0.81,0.33,7.1,6.098821180344,0.1738528,69.47766379,875,1373,72.0,2026-08-17,0.02,50.0,False
143,000568,泸州老窖,86.27,-0.09,0.22,8.56,86.137553754777,0.3399616,70.93817059,-335,1026,90.0,2026-08-17,0.15,63.8,False
144,000570,苏常柴Ａ,5.05,-0.59,0.76,11.98,5.049715236069,0.2176792,66.4365898,1560,2215,67.6,2026-08-17,0.01,44.9,False
145,000571,新大洲A,6.31,-2.17,1.82,-40.07,6.43341333476,0.3779844,52.57345894,-767,5102,74.8,2026-08-17,-1.92,39.3,False
146,000572,海马汽车,3.91,0.26,1.05,-50.55,3.861191009992,0.2287916,66.24917055,730,2273,73.6,2026-08-17,1.26,48.8,False
147,000573,粤宏远Ａ,3.68,-0.81,1.03,14.07,3.696024028092,0.2851332,58.1014126,-1457,4484,69.2,2026-08-17,-0.43,40.2,False
148,000576,甘化科工,7.28,-1.09,0.72,410.77,7.285026864192,0.1322132,68.34728183,1726,1659,72.0,2026-08-17,-0.07,49.2,False
149,000581,威孚高科,17.45,0.06,0.36,11.27,17.239742184205,0.2454648,72.60681212,889,711,75.6,2026-08-17,1.22,54.9,False
150,000582,北部湾港,11.16,1.73,1.37,25.18,10.879125408197,0.320238,60.91907717,550,3838,83.2,2026-08-17,2.58,50.7,False
151,000586,汇源通信,12.54,-1.8,1.2,-109.38,12.611868403197,0.189262,60.93520085,-1365,3835,72.0,2026-08-17,-0.57,43.9,False
152,000589,贵州轮胎,4.28,-0.7,0.51,9.23,4.296907317759,0.3687104,67.01867917,-144,2049,73.6,2026-08-17,-0.39,49.3,False
153,000590,古汉医药,9.0,-1.32,0.73,-79.08,9.069779077838,0.057992,57.686914,-1315,4556,68.0,2026-08-17,-0.77,39.2,False
154,000591,太阳能,4.29,-1.83,0.52,22.83,4.334398906227,0.3738416,64.28347537,869,2881,73.6,2026-08-17,-1.02,47.3,False
155,000592,平潭发展,6.83,4.27,13.03,-1824.3,6.507281930786,0.2621812,59.20080554,-429,4251,75.2,2026-08-17,4.96,44.5,True
156,000593,德龙汇能,25.93,-0.5,5.1,158.56,25.056431841654,0.3592576,70.12154448,1937,1214,88.4,2026-08-17,3.49,62.0,False
157,000595,新能股份,5.69,-5.32,2.59,112.33,6.103379934469,0.262015294118,62.73600343,579,3328,86.0,2026-08-17,-6.77,54.0,False
158,000596,古井贡酒,95.71,0.7,0.91,7.87,94.775749647711,0.3056024,69.50979144,-298,1366,88.8,2026-08-17,0.99,61.7,False
159,000597,东北制药,5.21,3.99,3.39,69.79,4.99782774161,0.2485616,68.36993177,421,1655,80.0,2026-08-17,4.25,54.7,False
160,000598,兴蓉环境,7.16,0.14,0.23,10.13,7.140291976542,0.281618,72.62205893,-48,708,74.0,2026-08-17,0.28,53.7,False
161,000599,青岛双星,4.75,-1.66,0.6,40.59,4.802339209635,0.1336684,59.64835267,-1314,4120,74.4,2026-08-17,-1.09,44.4,False
162,000600,建投能源,8.11,-0.86,0.86,6.1,8.142408945979,0.2906696,67.51627357,-780,1898,77.2,2026-08-17,-0.4,52.1,False
163,000601,韶能股份,6.38,-1.24,1.46,160.76,6.403821479366,0.2796812,55.07339557,-619,4919,73.6,2026-08-17,-0.37,40.5,False
164,000603,盛达资源,32.8,-1.26,4.74,29.01,33.028817432078,0.3475172,71.34951659,967,945,87.6,2026-08-17,-0.69,62.5,False
165,000605,渤海股份,6.01,-1.15,0.48,28.49,6.035385916252,0.0405456,60.56447777,-910,3924,70.0,2026-08-17,-0.42,42.4,False
166,000607,华媒控股,3.66,-1.61,0.74,-34.17,3.683802277966,0.084014,62.45549534,-1565,3423,70.8,2026-08-17,-0.65,44.2,False
167,000608,阳光股份,7.98,5.28,3.77,-63.73,7.618273598321,0.3098904,54.9707488,-1294,4934,73.2,2026-08-17,4.75,40.2,False
168,000609,*ST中迪,10.58,-2.58,0.86,-18.29,10.912762117273,0.2813772,58.70382679,-1994,4356,70.0,2026-08-17,-3.05,41.1,False
169,000610,*ST西旅,5.91,-1.5,0.29,-13.13,5.975765163486,0.2521308,57.49597258,-113,4588,73.6,2026-08-17,-1.1,42.3,False
170,000612,焦作万方,11.15,-1.76,1.17,6.51,11.280956930862,0.3228556,70.90810572,263,1033,77.6,2026-08-17,-1.16,55.0,False
171,000615,*ST美谷,3.34,0.0,0.24,-6.91,3.341718371673,0.296272,66.08179214,-1134,2323,71.6,2026-08-17,-0.05,47.3,False
172,000617,中油资本,6.77,-2.03,0.24,13.6,6.880992063474,0.345084,63.40656298,-1006,3144,75.2,2026-08-17,-1.61,47.7,False
173,000619,海螺新材,4.78,-1.24,0.69,-20.24,4.803590873683,0.0584404,63.19499957,-731,3207,69.6,2026-08-17,-0.49,44.0,False
174,000620,盈新发展,3.41,10.0,7.24,-41.93,3.073851357955,0.365568,62.3310788,-2636,3459,92.4,2026-08-17,10.94,57.6,False
175,000623,吉林敖东,17.97,-1.05,0.43,6.2,18.030683288952,0.3139448,71.04344736,567,1002,78.0,2026-08-17,-0.34,55.4,False
176,000625,长安汽车,7.12,-0.7,0.23,50.34,7.151352792062,0.312032,69.92748733,642,1259,80.0,2026-08-17,-0.44,55.9,False
177,000626,远大控股,7.86,-0.51,1.78,9.26,7.881113833053,0.1996416,67.45520987,2387,1916,68.4,2026-08-17,-0.27,46.1,False
178,000628,高新发展,40.8,1.44,3.08,2007.48,39.92422205904,0.3050684,69.99352883,-261,1243,78.4,2026-08-17,2.19,54.9,False
179,000629,钒钛股份,3.05,-1.29,0.43,98.57,3.07842595132,0.3891376,68.07994453,-296,1731,79.6,2026-08-17,-0.92,54.2,False
180,000630,铜陵有色,6.63,-2.36,1.27,16.61,6.732083911547,0.3930672,73.96623901,298,511,80.4,2026-08-17,-1.52,59.5,False
181,000631,顺发恒能,2.94,-1.67,0.24,238.92,2.985522990357,0.256988,58.7264563,-1562,4349,67.2,2026-08-17,-1.52,39.5,False
182,000632,ST三木,3.65,-0.54,0.93,-7.33,3.663416791488,0.2826652,63.1104515,-1334,3233,70.8,2026-08-17,-0.37,44.7,False
183,000633,合金投资,5.36,0.37,1.11,435.39,5.30214397138,0.1201872,59.98441601,-570,4045,70.0,2026-08-17,1.09,42.0,False
184,000635,英 力 特,6.43,-0.62,0.55,-5.13,6.438607494383,0.1281864,58.5252434,312,4396,69.6,2026-08-17,-0.13,40.7,False
185,000636,风华高科,63.17,-0.43,8.71,206.33,62.310796086164,0.3955408,61.85921537,-2024,3583,96.0,2026-08-17,1.38,59.4,False
186,000637,茂化实华,3.95,-0.25,1.03,-18.17,3.921858967493,0.0897216,61.1304149,-558,3767,67.2,2026-08-17,0.72,41.1,False
187,000639,ST西王,1.77,2.91,4.07,-51.41,1.691390403969,0.429258,63.78214512,645,3032,73.6,2026-08-17,4.65,46.9,False
188,000650,仁和药业,5.48,0.18,0.91,13.66,5.42968821405,0.2095336,67.99149437,-1207,1759,82.0,2026-08-17,0.93,55.8,False
189,000651,格力电器,39.87,-0.05,0.22,9.18,39.83566440159,0.4198156,75.75475077,-88,315,92.4,2026-08-17,0.09,70.0,False
190,000652,泰达股份,3.46,-1.42,0.34,121.53,3.492435621882,0.2368608,59.91971605,-1053,4054,72.4,2026-08-17,-0.93,43.4,False
191,000655,金岭矿业,6.88,-1.57,0.39,29.15,6.945446309449,0.1792784,72.3723092,191,762,72.0,2026-08-17,-0.94,52.1,False
192,000656,金科股份,1.25,-1.57,1.17,-78.34,1.262003013263,0.505150588235,61.54393081,-944,3665,87.6,2026-08-17,-0.95,53.9,False
193,000657,中钨高新,72.92,3.45,5.34,45.1,69.616032869966,0.4302848,73.39090304,691,585,94.4,2026-08-17,4.75,69.3,False
194,000659,珠海中富,2.8,-2.44,1.52,-166.89,2.857168641709,0.2032104,49.73806758,-6,5180,68.4,2026-08-17,-2.0,34.0,False
195,000661,长春高新,82.89,-1.94,1.23,30.66,84.417667950869,0.2720532,66.21087817,554,2283,90.0,2026-08-17,-1.81,59.6,False
196,000663,永安林业,5.65,-0.35,1.82,-38.24,5.643190123741,0.0922308,70.92777791,501,1028,68.0,2026-08-17,0.12,48.2,False
197,000665,湖北广电,4.0,-4.08,1.89,-9.9,4.116969122661,0.2550268,68.57599822,679,1601,88.4,2026-08-17,-2.84,60.6,False
198,000668,荣丰控股,23.04,-0.86,2.28,-66.69,22.491083729703,0.380484,66.24241416,-1805,2276,74.0,2026-08-17,2.44,49.0,False
199,000669,ST金鸿,4.17,1.96,0.73,1049.79,4.064595528881,0.3166764,69.23929912,1210,1425,70.4,2026-08-17,2.59,48.7,False
200,000670,盈方微,7.59,0.66,11.36,-137.19,7.337041691658,0.485992,73.85879206,3623,527,80.8,2026-08-17,3.45,59.7,False
201,000672,上峰材料,14.47,-1.56,0.98,109.91,14.433540719609,0.2534104,69.92145498,1615,1264,72.4,2026-08-17,0.25,50.6,False
202,000676,智度股份,6.64,-5.14,5.35,45.33,6.941763146107,0.2926704,65.56934228,-2348,2502,88.8,2026-08-17,-4.35,58.2,False
203,000677,ST海龙,1.69,-1.74,1.67,72.66,1.714885387397,0.2969464,53.88712049,-314,5025,68.0,2026-08-17,-1.45,36.6,False
204,000678,襄阳轴承,10.51,10.05,9.07,-63.57,9.623596868155,0.3066816,64.27487322,2184,2885,74.0,2026-08-17,9.21,47.6,False
205,000679,大连友谊,6.06,-2.57,2.14,-43.0,6.196921835909,0.0897564,58.92658309,-667,4303,64.4,2026-08-17,-2.21,37.9,False
206,000680,山推股份,10.31,-0.58,0.49,11.35,10.294007128353,0.2343412,73.60108921,322,553,82.4,2026-08-17,0.16,60.6,False
207,000681,视觉中国,17.61,-3.14,1.82,12.91,18.023312163839,0.2396536,60.50310094,-534,3936,78.8,2026-08-17,-2.29,47.7,False
208,000682,东方电子,11.85,-2.15,0.55,16.84,11.964267355256,0.3531332,76.55389097,146,235,77.2,2026-08-17,-0.96,59.1,False
209,000683,博源化工,5.96,-0.5,0.77,13.28,5.957294158715,0.4163192,71.48018829,196,912,82.4,2026-08-17,0.05,58.9,False
210,000685,中山公用,11.05,-0.54,0.4,6.95,11.033876396123,0.3816676,74.57953539,535,443,71.6,2026-08-17,0.15,53.4,False
211,000686,东北证券,7.95,-1.73,0.39,11.34,8.026053504602,0.322738,65.22718681,767,2613,74.4,2026-08-17,-0.95,48.5,False
212,000688,国城矿业,32.04,-0.28,0.78,26.87,31.9793974605,0.2828188,71.60113372,956,883,76.4,2026-08-17,0.19,54.7,False
213,000690,宝新能源,4.68,-1.06,0.75,8.22,4.692114683272,0.4042304,70.15046308,641,1208,74.0,2026-08-17,-0.26,51.9,False
214,000691,亚太实业,10.02,-2.43,1.24,337.7,10.260193425194,0.273674,59.86636762,-2329,4066,68.8,2026-08-17,-2.34,41.2,False
215,000692,惠天热电,4.36,-5.83,5.76,11.78,4.596049889521,0.279156,70.06113577,1604,1229,83.2,2026-08-17,-5.14,58.3,False
216,000695,滨海能源,13.89,-1.42,1.96,-56.98,14.094817801741,0.2291228,62.67932525,-2429,3348,80.4,2026-08-17,-1.45,50.4,False
217,000697,炼石航空,8.59,-1.38,0.5,2458.94,8.633543450182,0.176176,58.29462646,-160,4446,68.8,2026-08-17,-0.5,40.1,False
218,000698,ST沈化,3.5,-1.13,0.42,18.43,3.570046029379,0.24339,69.3817742,-292,1397,70.4,2026-08-17,-1.96,48.8,False
219,000700,模塑科技,12.03,-0.99,1.96,16.98,11.973189817115,0.2814856,69.0775978,1631,1453,73.6,2026-08-17,0.47,50.8,False
220,000701,厦门信达,5.09,-0.78,0.7,79.09,5.096660283734,0.1911028,59.34726165,-1613,4210,72.8,2026-08-17,-0.13,43.2,False
221,000702,正虹科技,5.57,0.91,1.3,-38.39,5.49108231639,0.136852,60.9404726,-893,3832,71.2,2026-08-17,1.44,43.4,False
222,000703,恒逸石化,17.19,1.96,1.32,5.57,16.688517301675,0.3439944,78.25817515,451,127,86.8,2026-08-17,3.0,67.9,False
223,000705,浙江震元,7.14,1.42,2.19,-27.35,7.005955866612,0.077296,60.55533055,-2341,3928,73.2,2026-08-17,1.91,44.3,False
224,000707,双环科技,4.64,0.43,0.74,-29.6,4.599199337738,0.2487364,61.8731503,1320,3577,69.2,2026-08-17,0.89,42.8,False
225,000708,中信特钢,13.95,1.09,0.14,11.65,13.775709048826,0.2614216,76.04516787,-86,279,78.4,2026-08-17,1.27,59.6,False
226,000709,河钢股份,2.09,-0.48,0.28,16.72,2.088567952766,0.4232008,67.10040575,-518,2023,74.8,2026-08-17,0.07,50.2,False
227,000710,贝瑞基因,8.93,-1.43,1.98,-39.99,9.010584976667,0.1401336,58.21377683,-1549,4463,90.0,2026-08-17,-0.89,52.4,False
228,000711,ST京蓝,5.5,-5.98,4.02,436.57,5.980976303596,0.3687548,56.42431022,-1619,4758,82.0,2026-08-17,-8.04,46.3,False
229,000712,锦龙股份,8.79,-3.51,2.35,276.37,9.070608723761,0.2110644,61.84947537,-468,3586,84.4,2026-08-17,-3.09,52.2,False
230,000713,国投丰乐,6.27,6.09,3.75,-74.69,5.913321293464,0.2488352,74.38372915,935,461,75.2,2026-08-17,6.03,55.9,False
231,000715,中兴商业,5.23,-0.19,1.2,34.23,5.172226061401,0.1270012,69.04667682,373,1464,80.4,2026-08-17,1.12,55.5,False
232,000716,黑芝麻,5.81,10.04,12.72,33.24,5.271064449499,0.2558648,71.58707853,494,886,84.4,2026-08-17,10.22,60.4,False
233,000717,中南股份,2.21,-0.9,0.36,-23.22,2.214468757519,0.2556372,62.5592875,596,3388,73.2,2026-08-17,-0.2,45.8,False
234,000718,苏宁环球,1.9,-1.04,0.42,289.82,1.901232274764,0.3087124,63.54273419,-471,3109,70.0,2026-08-17,-0.06,44.5,False
235,000719,中原传媒,12.24,0.58,0.26,28.17,12.069805763926,0.093456,66.60601477,-1133,2167,71.2,2026-08-17,1.41,47.4,False
236,000720,新能泰山,3.82,-3.29,2.63,-53.89,3.913575635946,0.2664548,62.00955601,1383,3539,82.4,2026-08-17,-2.39,51.1,False
237,000721,西安饮食,6.59,0.3,0.99,-32.32,6.55122247503,0.1297208,59.34919122,-234,4209,84.4,2026-08-17,0.59,50.1,False
238,000722,湖南发展,13.2,-1.12,0.97,144.08,13.239430531132,0.1578872,57.00254173,-267,4676,81.2,2026-08-17,-0.3,46.3,False
239,000723,美锦能源,3.55,0.0,0.64,-11.62,3.552207192871,0.2833012,61.13531502,-1806,3763,77.2,2026-08-17,-0.06,47.2,False
240,000725,京东方Ａ,6.27,3.13,5.76,34.01,5.951838573188,0.5149656,77.58163781,1522,162,86.8,2026-08-17,5.35,67.3,False
241,000726,鲁  泰Ａ,5.85,-0.85,0.28,12.76,5.879481919937,0.2034764,68.81082046,-79,1525,69.2,2026-08-17,-0.5,47.6,False
242,000727,冠捷科技,2.23,-0.89,0.96,-8.93,2.228273853243,0.3709628,61.32638587,151,3708,72.0,2026-08-17,0.08,44.2,False
243,000728,国元证券,7.08,-1.12,0.22,14.25,7.14877516941,0.3279664,60.06958559,-579,4036,76.0,2026-08-17,-0.96,45.7,False
244,000729,燕京啤酒,12.46,0.48,0.41,33.16,12.352990395119,0.1620368,71.59324524,-675,885,79.6,2026-08-17,0.87,57.0,False
245,000731,四川美丰,6.17,2.32,1.47,-26.47,5.952178678349,0.2676664,65.29964363,2013,2590,72.4,2026-08-17,3.66,47.3,False
246,000733,振华科技,40.62,-2.07,1.27,353.77,41.054700247636,0.3418692,65.75026267,-823,2429,78.4,2026-08-17,-1.06,51.5,False
247,000735,罗 牛 山,6.18,9.96,10.03,-10.72,5.451633677999,0.4136812,74.0286231,3250,506,84.4,2026-08-17,13.36,62.5,False
248,000736,中交发展,4.42,-1.12,0.72,240.34,4.454530146187,0.2142192,57.93407158,-526,4522,84.4,2026-08-17,-0.78,48.9,False
249,000737,北方铜业,14.25,-4.68,3.95,11.03,14.624341785048,0.468174,77.41003334,2152,170,79.2,2026-08-17,-2.56,61.3,False
250,000738,航发控制,18.36,-1.87,0.44,47.68,18.651788984929,0.2220948,66.08506275,-324,2322,76.0,2026-08-17,-1.56,50.2,False
251,000739,普洛药业,22.45,1.13,1.35,26.11,22.172620578231,0.2454428,73.01325351,-571,648,84.4,2026-08-17,1.25,61.6,False
252,000750,国海证券,3.73,-1.32,0.27,23.19,3.757752876761,0.3235048,63.17137114,434,3217,76.8,2026-08-17,-0.74,48.5,False
253,000751,锌业股份,5.03,-2.14,2.02,27.56,5.09560548011,0.314742,68.92878879,2139,1500,84.4,2026-08-17,-1.29,58.2,False
254,000752,*ST西发,9.06,-0.98,0.28,79.03,9.150161792632,0.1953504,64.10102738,-1806,2949,67.2,2026-08-17,-0.99,43.1,False
255,000753,漳州发展,4.82,0.42,1.81,60.83,4.766367115489,0.1523324,60.57760436,-376,3922,72.4,2026-08-17,1.13,43.9,False
256,000755,山西高速,4.75,-1.86,0.21,15.49,4.757139515015,0.1165228,65.86558974,-28,2397,69.6,2026-08-17,-0.15,45.8,False
257,000756,新华制药,13.95,-0.99,1.13,28.96,14.004881096518,0.2209808,65.8958406,-1922,2390,82.8,2026-08-17,-0.39,54.6,False
258,000757,浩物股份,4.25,-1.39,0.7,68.39,4.290236821582,0.1419748,61.81706713,-635,3599,68.8,2026-08-17,-0.94,42.5,False
259,000758,中色股份,6.01,-1.8,0.76,11.51,6.086980954857,0.2774984,65.63344224,1462,2475,73.6,2026-08-17,-1.26,48.3,False
260,000759,中百集团,7.02,0.86,7.53,-11.94,6.971016805973,0.2520964,61.23897961,770,3735,84.8,2026-08-17,0.7,51.9,False
261,000761,本钢板材,2.32,0.43,0.21,-2.22,2.297751768383,0.1933556,61.19826445,-246,3743,68.0,2026-08-17,0.97,41.6,False
262,000762,西藏矿业,23.01,-2.04,1.28,99.76,23.437887163958,0.1940968,60.05715206,-760,4037,81.6,2026-08-17,-1.83,49.0,False
263,000766,通化金马,16.26,-1.99,0.66,430.35,16.474006299817,0.2874564,55.6633711,-57,4858,76.0,2026-08-17,-1.3,42.3,False
264,000767,晋控电力,3.58,-1.92,2.6,43.79,3.646548733834,0.256848,57.67107881,-708,4561,84.0,2026-08-17,-1.82,48.4,False
265,000768,中航西飞,21.3,-1.39,0.35,60.13,21.509731013279,0.3624268,70.43181555,-594,1145,83.2,2026-08-17,-0.98,58.6,False
266,000776,广发证券,20.87,-1.6,0.36,8.67,21.024140668556,0.4463252,72.68729262,281,695,84.8,2026-08-17,-0.73,61.6,False
267,000777,中核科技,17.52,-1.63,0.89,-156.83,17.670717207729,0.2689512,64.19188321,-1411,2911,74.8,2026-08-17,-0.85,48.0,False
268,000778,新兴铸管,3.76,0.8,0.98,18.89,3.700067419854,0.41263,68.43409756,-292,1632,76.8,2026-08-17,1.62,52.6,False
269,000779,甘咨询,11.01,3.57,18.37,21.97,10.273813886841,0.4068148,73.37063836,2547,586,88.0,2026-08-17,7.17,64.6,False
270,000782,恒申新材,7.67,-0.26,1.43,-56.74,7.670065587893,0.3063052,53.81732408,-594,5031,66.8,2026-08-17,-0.0,35.9,False
271,000783,长江证券,8.85,-3.17,1.15,8.23,9.08744454115,0.3739612,69.57365646,-280,1354,81.6,2026-08-17,-2.61,56.8,False
272,000785,居然智家,2.25,-0.44,0.54,56.4,2.235315727398,0.3031744,62.13311061,876,3506,70.8,2026-08-17,0.66,44.0,False
273,000786,北新建材,18.46,0.82,0.38,9.77,18.208269349414,0.1687324,70.90181549,-519,1036,81.6,2026-08-17,1.38,57.9,False
274,000788,北大医药,5.73,-0.87,2.37,31.62,5.754597500506,0.2187672,65.78097108,-1692,2422,80.4,2026-08-17,-0.43,52.9,False
275,000789,万年青,4.1,-0.49,0.17,-40.48,4.103705102525,0.1519952,55.18788217,-591,4906,71.2,2026-08-17,-0.09,39.3,False
276,000790,华神科技,4.14,-0.24,1.57,267.06,4.109854357679,0.2276768,53.46141848,-206,5052,73.2,2026-08-17,0.73,39.1,False
277,000791,甘肃能源,7.38,-2.12,0.58,14.26,7.492938115924,0.2922568,72.06589837,341,809,72.0,2026-08-17,-1.51,51.9,False
278,000792,盐湖股份,28.34,1.07,0.75,12.39,28.048187830295,0.3825288,70.91658285,-900,1032,89.6,2026-08-17,1.04,63.5,False
279,000793,ST华闻,2.19,0.0,0.18,-86.04,2.188247001899,0.275173846154,52.62967369,-566,5095,72.4,2026-08-17,0.08,38.1,False
280,000795,英洛华,8.57,-0.35,0.51,34.49,8.52879157441,0.2840572,67.46210759,774,1912,79.2,2026-08-17,0.48,53.4,False
281,000796,凯撒旅业,3.87,0.52,0.98,553.65,3.825628007211,0.2449472,54.81163003,-956,4949,74.8,2026-08-17,1.16,41.0,False
282,000797,中国武夷,2.42,0.0,0.78,-9.87,2.39637931334,0.2462252,63.64985407,-449,3076,72.8,2026-08-17,0.99,46.3,False
283,000798,中水渔业,8.74,3.55,3.84,-30.56,8.431958469793,0.1415032,68.51420301,-88,1611,74.0,2026-08-17,3.65,50.7,False
284,000799,酒鬼酒,39.51,-1.5,1.1,96.73,39.871112335712,0.2469492,55.7724499,-346,4838,84.0,2026-08-17,-0.91,46.8,False
285,000800,一汽解放,6.17,0.33,0.15,76.44,6.124170035421,0.2057728,69.45269772,-67,1381,76.8,2026-08-17,0.75,53.3,False
286,000801,四川九洲,11.39,-1.64,0.6,195.28,11.544475620915,0.236584,69.32431459,214,1412,76.8,2026-08-17,-1.34,53.2,False
287,000802,北京文化,4.86,-8.82,36.46,-44.37,5.33,0.2588872,60.864947,551,3854,90.8,2026-08-17,-8.82,55.3,False
288,000803,山高环能,7.27,-1.22,1.03,19.37,7.331921574757,0.2159292,66.8413302,667,2103,73.2,2026-08-17,-0.84,48.9,False
289,000807,云铝股份,26.44,-1.01,0.69,6.37,26.479838735969,0.4346464,78.19931161,597,130,91.2,2026-08-17,-0.15,71.3,False
290,000809,和展能源,3.44,-1.15,0.64,212.45,3.464165906086,0.1678208,57.01617332,-362,4672,65.6,2026-08-17,-0.7,37.4,False
291,000810,创维数字,9.6,-2.64,0.82,33.31,9.742156222167,0.2321072,64.20123739,-356,2907,78.4,2026-08-17,-1.46,50.3,False
292,000811,冰轮环境,43.43,-3.68,2.79,91.93,43.473772421023,0.391102,78.81270284,1032,107,81.2,2026-08-17,-0.1,64.0,False
293,000812,陕西金叶,3.58,-1.1,0.73,71.03,3.597459052695,0.202076,58.34449082,464,4432,78.8,2026-08-17,-0.49,46.0,False
294,000813,德展健康,3.48,-1.42,0.82,-53.0,3.504699544557,0.2537604,60.09451537,552,4033,76.4,2026-08-17,-0.7,45.9,False
295,000815,美利云,17.82,-5.51,9.11,139.53,18.239317096273,0.2760272,63.39098483,-2581,3150,95.6,2026-08-17,-2.3,60.6,False
296,000816,智慧农业,2.89,2.85,3.48,369.4,2.784837961988,0.256556,68.59909621,1790,1592,76.4,2026-08-17,3.78,52.4,False
297,000818,航锦科技,12.91,-4.09,2.17,85.44,13.361738031123,0.231592,57.39071912,-505,4607,81.6,2026-08-17,-3.38,46.8,False
298,000819,岳阳兴长,12.12,-1.38,0.85,157.53,12.049385750961,0.2000748,67.4688512,1394,1908,66.8,2026-08-17,0.59,45.1,False
299,000820,神雾节能,3.39,-2.59,5.02,-547.16,3.464071205915,0.184127647059,51.52868969,-104,5139,77.6,2026-08-17,-2.14,40.0,False
300,000821,ST京机,7.05,-1.67,0.64,46.12,7.128238717534,0.3005684,59.37888687,-449,4195,73.6,2026-08-17,-1.1,43.7,False
301,000822,山东海化,4.36,0.0,0.61,-12.16,4.351469366246,0.241404,58.71152949,265,4354,71.2,2026-08-17,0.2,41.8,False
302,000823,超声电子,15.66,-0.38,6.58,70.59,15.49927214419,0.302328,70.86028983,82,1051,83.6,2026-08-17,1.04,59.2,False
303,000825,太钢不锈,3.36,-2.89,0.59,237.13,3.426357833104,0.2449904,64.14169227,1100,2933,74.8,2026-08-17,-1.94,48.0,False
304,000826,*ST启环,1.9,-3.06,1.48,-3.74,1.948205160676,0.3540508,63.20129635,1625,3205,74.8,2026-08-17,-2.47,47.3,False
305,000828,东莞控股,9.76,-0.51,0.13,8.92,9.769943590504,0.1366744,66.3989035,-1347,2226,70.0,2026-08-17,-0.1,46.5,False
306,000829,天音控股,8.18,-1.21,0.99,-82.59,8.163934196034,0.2510284,65.43852259,-1560,2544,79.2,2026-08-17,0.2,51.8,False
307,000830,鲁西化工,12.06,0.33,0.91,13.11,11.975779443549,0.3429552,66.43517403,-1352,2216,80.4,2026-08-17,0.7,53.4,False
308,000831,中国稀土,62.02,-1.23,2.17,138.88,61.541021973828,0.4359388,71.02632533,-932,1008,95.2,2026-08-17,0.78,67.6,False
309,000833,粤桂股份,21.39,0.52,3.36,19.89,21.081925953574,0.3457492,74.11045824,762,490,75.6,2026-08-17,1.46,56.0,False
310,000837,秦川机床,11.4,6.34,6.24,120.16,10.748607001373,0.2311248,65.23447116,1096,2611,91.2,2026-08-17,6.06,59.5,False
311,000838,*ST发展,2.67,-5.32,3.22,-50.97,2.828582156155,0.348613090909,58.32444161,640,4437,80.4,2026-08-17,-5.61,46.9,False
312,000839,国安股份,2.76,-1.78,0.87,-841.24,2.792402209242,0.281674,62.32061416,-2474,3461,83.6,2026-08-17,-1.16,52.1,False
313,000848,承德露露,8.23,0.86,1.27,14.09,8.217036305629,0.1570144,70.92432772,230,1029,80.4,2026-08-17,0.16,57.0,False
314,000850,华茂股份,4.12,0.0,0.53,-4.93,4.103652627367,0.2298528,59.48046916,-249,4171,67.2,2026-08-17,0.4,40.0,False
315,000852,石化机械,5.79,10.08,2.41,-216.23,5.237584961302,0.1854372,58.36310922,259,4429,71.6,2026-08-17,10.55,41.8,False
316,000856,冀东装备,8.11,-0.37,0.9,-33.44,8.0895861807,0.1151936,64.15846011,1586,2925,72.0,2026-08-17,0.25,46.2,False
317,000858,五 粮 液,72.25,-0.41,0.25,8.7,72.251850863472,0.341404,66.13870474,-326,2306,92.4,2026-08-17,-0.0,61.1,False
318,000859,国风新材,9.35,-3.71,3.9,-97.24,9.62568948229,0.250806,56.18096298,-558,4784,92.8,2026-08-17,-2.86,52.1,False
319,000860,顺鑫农业,10.75,2.28,1.36,17.23,10.415455154575,0.1348492,58.91358426,-220,4307,80.0,2026-08-17,3.21,47.1,False
320,000862,银星能源,5.27,-1.5,1.42,21.8,5.303007657844,0.2395628,56.09658347,71,4797,82.8,2026-08-17,-0.62,46.4,False
321,000863,三湘印象,4.15,0.0,1.08,-241.27,4.116162704767,0.1927216,56.68656986,92,4718,70.0,2026-08-17,0.82,39.7,False
322,000868,安凯客车,3.5,-4.37,1.54,873.59,3.664291062056,0.1884132,66.05717831,789,2327,74.0,2026-08-17,-4.48,48.9,False
323,000869,张  裕Ａ,17.2,-0.46,0.1,19.03,17.218061191626,0.0380904,63.23851036,-826,3197,70.0,2026-08-17,-0.1,44.3,False
324,000875,电投绿能,5.02,-1.38,0.4,16.6,5.046471938044,0.3441896,54.45073769,-217,4981,76.0,2026-08-17,-0.52,41.4,False
325,000876,新 希 望,7.11,2.6,0.83,-8.92,6.897375511203,0.3490444,63.03661348,1253,3249,82.8,2026-08-17,3.08,52.2,False
326,000877,天山股份,3.7,-0.54,0.05,-4.4,3.714303189187,0.2001064,59.48530415,511,4168,76.4,2026-08-17,-0.39,45.4,False
327,000878,云南铜业,16.42,-3.07,1.13,14.74,16.723244217397,0.3284732,73.21646565,1391,611,83.2,2026-08-17,-1.81,60.9,False
328,000880,潍柴重机,25.32,-4.2,5.25,53.78,26.118092934185,0.3131592,80.09708387,636,49,80.0,2026-08-17,-3.06,64.1,False
329,000881,中广核技,6.51,-1.51,0.46,-26.13,6.596276795165,0.2568092,55.45641613,-1043,4873,75.6,2026-08-17,-1.31,41.9,False
330,000882,华联股份,1.46,0.0,1.57,-26.65,1.446213325975,0.5275716,62.90505814,1170,3283,74.4,2026-08-17,0.95,46.8,False
331,000883,湖北能源,4.45,-0.67,0.13,15.57,4.472805301709,0.2854992,68.66928466,-397,1566,73.6,2026-08-17,-0.51,50.5,False
332,000885,城发环境,12.72,0.0,0.27,6.5,12.650056499148,0.2227428,71.681224,-166,870,69.2,2026-08-17,0.55,49.6,False
333,000886,海南高速,4.56,-0.22,0.76,-47.98,4.532669812679,0.2257344,64.11920902,-1559,2942,72.8,2026-08-17,0.6,46.7,False
334,000887,中鼎股份,20.56,-1.86,2.71,21.02,20.548894751553,0.4553092,71.0357723,-516,1004,91.6,2026-08-17,0.05,65.1,False
335,000888,峨眉山Ａ,9.69,-0.21,0.44,21.56,9.671357103575,0.2064956,65.98505714,-1461,2358,74.4,2026-08-17,0.19,49.1,False
336,000889,中嘉博创,3.98,-2.21,2.19,-211.85,4.014399297111,0.2132424,56.53487382,-821,4745,82.0,2026-08-17,-0.86,46.4,False
337,000890,法尔胜,7.38,-2.25,1.23,-84.26,7.461458909853,0.1272148,60.63852547,233,3906,70.8,2026-08-17,-1.09,42.9,False
338,000892,欢瑞世纪,3.92,-2.97,2.21,-24.08,4.029531115408,0.2148628,59.15789007,-173,4264,82.4,2026-08-17,-2.72,48.7,False
339,000893,亚钾国际,46.91,1.43,0.97,20.35,45.996476788444,0.2937512,72.79100363,-296,687,78.8,2026-08-17,1.99,57.4,False
340,000895,双汇发展,24.88,0.4,0.14,16.68,24.744880906537,0.1781768,74.36454485,-75,465,87.2,2026-08-17,0.55,64.8,False
341,000897,津滨发展,1.77,-1.12,0.78,-446.34,1.783065603088,0.4244336,59.81726432,-360,4078,70.8,2026-08-17,-0.73,42.4,False
342,000898,鞍钢股份,1.98,-0.5,0.21,-3.18,1.973944365376,0.2754192,64.00191672,-17,2975,74.0,2026-08-17,0.31,47.4,False
343,000899,赣能股份,10.27,-1.63,0.43,12.4,10.339284980983,0.1932924,63.36213172,-673,3162,75.6,2026-08-17,-0.67,47.9,False
344,000900,现代投资,3.68,-0.27,0.2,8.44,3.665150850901,0.2541136,65.31297693,947,2586,66.8,2026-08-17,0.41,43.6,False
345,000901,航天科技,14.79,-1.6,0.79,196.37,14.913088668298,0.2292144,64.1306759,1475,2937,74.8,2026-08-17,-0.83,48.0,False
346,000902,新洋丰,13.73,3.54,1.96,8.96,13.205995102458,0.2210068,77.23347434,1302,184,74.4,2026-08-17,3.97,57.5,False
347,000903,ST云动,1.88,-1.05,0.18,-23.44,1.889835615269,0.3540624,54.68739628,-13,4961,73.2,2026-08-17,-0.52,40.0,False
348,000905,厦门港务,8.69,1.52,1.36,19.61,8.495998484716,0.1602996,69.68429159,811,1328,72.8,2026-08-17,2.28,50.7,False
349,000906,浙商中拓,5.31,-0.75,0.33,5.04,5.351809191714,0.1484928,62.83175885,-300,3304,66.0,2026-08-17,-0.78,41.5,False
350,000908,石药景峰,7.09,-0.14,2.05,849.77,7.084584685436,0.320334705882,67.28822056,1705,1969,74.8,2026-08-17,0.08,50.3,False
351,000909,*ST数源,4.26,-0.23,0.18,-63.35,4.248275525839,0.3555512,58.02741645,44,4498,70.0,2026-08-17,0.28,40.6,False
352,000910,大亚圣象,5.34,-1.84,0.28,-7.55,5.384562727425,0.1727968,61.99216288,1359,3543,64.0,2026-08-17,-0.83,39.7,False
353,000911,*ST广糖,4.93,3.57,1.99,-61.56,4.72781565109,0.2231564,64.18939805,341,2913,72.4,2026-08-17,4.28,46.5,False
354,000912,泸天化,3.76,2.45,1.23,-842.87,3.662236023465,0.233384,62.6323527,186,3369,72.8,2026-08-17,2.67,45.6,False
355,000913,钱江摩托,11.34,-0.44,0.33,-38.34,11.333483735851,0.1642676,67.58962948,-9,1873,68.4,2026-08-17,0.06,46.2,False
356,000915,华特达因,25.86,0.19,0.31,13.7,25.761697395877,0.1954148,71.60983463,-124,882,75.6,2026-08-17,0.38,54.1,False
357,000917,电广传媒,7.14,-1.65,1.6,-27.31,7.255860756182,0.3398688,65.79363389,-2167,2420,83.2,2026-08-17,-1.6,54.7,False
358,000919,金陵药业,6.84,0.0,2.59,37.98,6.827740345093,0.3010428,71.65949775,-449,873,78.8,2026-08-17,0.18,56.5,False
359,000920,沃顿科技,11.72,-1.51,0.63,31.4,11.779380227022,0.1999788,71.12422988,621,988,72.4,2026-08-17,-0.5,51.5,False
360,000921,海信家电,25.79,1.14,1.32,10.77,25.555333498405,0.244526,70.6869346,59,1093,74.4,2026-08-17,0.92,52.6,False
361,000922,佳电股份,11.89,-0.92,0.51,30.82,11.904120271469,0.3209672,62.80534445,296,3308,74.0,2026-08-17,-0.12,46.5,False
362,000923,河钢资源,15.62,-0.57,1.78,112.67,15.31579511096,0.3109868,74.81044592,1608,420,75.6,2026-08-17,1.99,56.6,False
363,000925,众合科技,8.19,3.8,5.03,-41.72,7.807358392605,0.2950956,61.35625359,-1225,3704,74.4,2026-08-17,4.9,45.6,False
364,000926,福星股份,2.15,-1.83,0.55,-6.43,2.155302640623,0.3588028,61.47223046,1137,3682,69.2,2026-08-17,-0.25,42.5,False
365,000927,中国铁物,2.42,-0.41,0.23,36.11,2.413069585289,0.4039872,68.96103023,-225,1486,69.6,2026-08-17,0.29,48.0,False
366,000928,中钢国际,4.97,-0.4,0.32,9.66,4.97330582083,0.2178224,64.52737439,-1322,2814,74.4,2026-08-17,-0.07,48.0,False
367,000929,兰州黄河,8.89,-1.55,0.61,-24.76,8.963031670804,0.092526666667,58.37578064,295,4424,68.0,2026-08-17,-0.81,39.7,False
368,000930,中粮科技,5.01,4.16,2.3,-19.15,4.781919845028,0.2593548,66.77899942,546,2119,76.4,2026-08-17,4.77,51.0,False
369,000931,中 关 村,4.31,-0.69,0.84,-49.92,4.271270005628,0.1857412,59.49226696,-2159,4165,74.0,2026-08-17,0.91,44.0,False
370,000932,华菱钢铁,3.58,-0.56,0.54,31.02,3.58815916225,0.4003464,66.0365082,-1356,2336,78.8,2026-08-17,-0.23,52.0,False
371,000933,神火股份,26.3,-0.98,0.64,6.19,26.398293251074,0.4126092,78.41448212,589,119,88.0,2026-08-17,-0.37,69.0,False
372,000935,四川双马,22.87,-2.14,0.23,74.24,23.197665465789,0.25535,57.19091658,-393,4645,73.6,2026-08-17,-1.41,42.1,False
373,000936,华西股份,6.12,-7.69,9.18,211.98,6.514945669429,0.3253436,60.95575373,-2020,3828,92.8,2026-08-17,-6.06,56.6,False
374,000937,冀中能源,4.63,-0.64,0.31,40.39,4.670763609187,0.1467208,60.91793028,539,3839,76.8,2026-08-17,-0.87,46.8,False
375,000938,紫光股份,39.08,-4.75,6.11,35.46,40.572165963176,0.4604952,80.77534276,330,38,95.6,2026-08-17,-3.68,77.2,False
376,000948,南天信息,13.84,-3.55,1.82,-56.63,14.276548639089,0.2077256,68.92479236,-652,1503,85.6,2026-08-17,-3.06,59.0,False
377,000949,新乡化纤,6.44,-4.31,2.26,23.0,6.577312348836,0.3680656,71.98108304,2782,817,72.4,2026-08-17,-2.09,52.1,False
378,000950,重药控股,5.83,-3.16,2.7,14.62,6.022174258684,0.3576292,73.74885217,-520,540,88.4,2026-08-17,-3.19,65.2,False
379,000951,中国重汽,21.07,-1.22,0.25,13.54,21.216067273512,0.286732,72.45898424,327,742,77.6,2026-08-17,-0.69,56.2,False
380,000952,广济药业,6.4,-0.47,1.1,-17.39,6.372169570952,0.0776084,58.17931728,86,4472,70.4,2026-08-17,0.44,41.0,False
381,000953,中哲精化,6.12,-0.65,0.93,587.41,6.148208718453,0.1492444,64.78965214,682,2732,72.4,2026-08-17,-0.46,46.9,False
382,000955,欣龙控股,4.28,-1.61,0.84,-757.59,4.318597091787,0.1736952,62.02597728,-215,3536,69.6,2026-08-17,-0.89,43.2,False
383,000957,中通客车,10.43,-0.19,0.63,15.54,10.297216727803,0.2915776,73.29183143,-43,598,78.0,2026-08-17,1.29,57.2,False
384,000958,电投产融,5.37,-0.56,0.08,22.01,5.378350402899,0.3262568,64.1156908,-857,2943,77.2,2026-08-17,-0.16,49.5,False
385,000959,首钢股份,3.49,-1.13,0.26,38.87,3.509924178331,0.3039548,69.50344672,821,1368,72.4,2026-08-17,-0.57,50.3,False
386,000960,锡业股份,38.55,-2.68,1.75,18.28,39.507325262616,0.379846,69.71136094,-168,1321,91.2,2026-08-17,-2.42,63.6,False
387,000962,东方钽业,56.3,-2.19,4.11,136.59,56.637962606775,0.3565224,72.79894445,-208,685,93.6,2026-08-17,-0.6,68.1,False
388,000963,华东医药,29.12,-1.09,0.77,12.74,29.242828760045,0.3270608,73.07821388,-529,641,90.8,2026-08-17,-0.42,66.4,False
389,000965,天保基建,3.14,-0.63,0.43,13.63,3.137821911576,0.2051948,61.32169815,-1628,3710,74.0,2026-08-17,0.07,45.4,False
390,000966,长源电力,4.06,-0.98,0.49,33.76,4.070644373361,0.3369544,60.07232254,530,4035,73.2,2026-08-17,-0.26,44.0,False
391,000967,盈峰环境,8.94,-2.93,1.43,35.04,9.197950172832,0.3494492,64.01769474,-2397,2969,84.8,2026-08-17,-2.8,54.3,False
392,000968,蓝焰控股,7.06,1.29,1.48,11.57,6.931070158338,0.2247448,63.78721465,-496,3031,74.0,2026-08-17,1.86,47.2,False
393,000969,安泰科技,17.37,-2.47,1.38,45.98,17.557076641645,0.2790232,70.3581121,1379,1166,75.2,2026-08-17,-1.07,52.9,False
394,000970,中科三环,13.31,-2.99,1.91,164.38,13.553725535858,0.3655668,61.82548216,-1882,3594,80.4,2026-08-17,-1.8,49.7,False
395,000972,中基健康,3.91,7.42,5.94,-38.41,3.567348815646,0.328585294118,62.37631919,444,3448,76.4,2026-08-17,9.61,47.7,False
396,000973,佛塑科技,13.74,-3.03,2.65,15.17,14.138280565972,0.2852872,70.69625677,-944,1090,90.4,2026-08-17,-2.82,63.9,False
397,000975,山金国际,26.7,-0.82,0.76,13.28,26.722685216292,0.3451076,78.2346766,182,129,86.0,2026-08-17,-0.08,67.3,False
398,000977,浪潮信息,78.41,-2.81,2.43,47.59,79.343251728472,0.439524,79.7151366,614,65,93.6,2026-08-17,-1.18,74.6,False
399,000978,桂林旅游,6.07,-0.33,0.64,-60.04,6.070736043844,0.1484996,55.53737023,-254,4863,71.6,2026-08-17,-0.01,39.8,False
400,000980,众泰汽车,1.68,-2.33,0.93,-25.82,1.696232146387,0.4157924,55.44239688,6,4877,73.6,2026-08-17,-0.96,40.8,False
401,000981,山子高科,2.75,-2.83,1.22,27.38,2.792753042971,0.3273136,60.1112266,1006,4031,81.2,2026-08-17,-1.53,48.8,False
402,000983,山西焦煤,6.86,0.73,0.5,12.05,6.786991521381,0.2679116,63.36225519,-2199,3161,83.6,2026-08-17,1.08,53.0,False
403,000985,大庆华科,15.69,-0.38,0.56,89.9,15.679514801444,0.1277156,66.74451669,619,2129,67.2,2026-08-17,0.07,44.9,False
404,000987,越秀资本,7.52,-1.31,0.2,7.27,7.565262611785,0.3493528,68.56953328,758,1603,75.2,2026-08-17,-0.6,51.6,False
405,000988,华工科技,111.38,-2.01,3.03,43.85,111.993191283823,0.4699368,79.20186584,-14,86,93.2,2026-08-17,-0.55,73.8,True
406,000989,九芝堂,9.44,-1.87,2.54,12.25,9.472927916072,0.2459524,64.91338915,-913,2700,80.4,2026-08-17,-0.35,52.2,False
407,000990,诚志股份,6.66,0.15,1.8,19.54,6.584592829266,0.341258,70.82222831,545,1068,78.8,2026-08-17,1.15,55.8,False
408,000993,闽东电力,9.92,-1.2,0.86,-41.78,9.999317397813,0.2342952,52.21648724,-85,5113,73.2,2026-08-17,-0.79,38.2,False
409,000995,皇台酒业,10.84,-0.73,2.49,-99.7,10.876661197989,0.1792204,58.00502941,-1429,4502,77.6,2026-08-17,-0.34,45.0,False
410,000997,新 大 陆,17.61,-1.57,0.56,15.87,17.709079934457,0.2253664,63.43460547,-601,3135,81.2,2026-08-17,-0.56,51.5,False
411,000998,隆平高科,8.95,6.8,5.26,-25.13,8.317586759486,0.298198,70.22141986,2507,1194,79.6,2026-08-17,7.6,55.9,False
412,000999,华润三九,24.46,0.25,0.25,12.17,24.35797424109,0.2139944,73.21209457,323,613,85.2,2026-08-17,0.42,62.4,True
413,001201,东瑞股份,12.06,1.34,1.3,-4.12,11.894472293875,0.165722,60.23781987,-28,3997,66.4,2026-08-17,1.39,40.0,False
414,001202,炬申股份,13.65,-0.36,0.98,64.6,13.63507561419,0.0982252,58.85192672,218,4322,68.8,2026-08-17,0.11,40.5,False
415,001203,大中矿业,27.28,-2.36,0.55,64.93,27.734190072104,0.2002168,63.63420137,-1316,3083,72.8,2026-08-17,-1.64,46.3,False
416,001205,盛航股份,14.37,0.07,1.46,18.61,14.079545663055,0.2175792,64.9993598,360,2677,66.8,2026-08-17,2.06,43.4,False
417,001206,依依股份,16.9,0.06,1.58,28.22,16.756855057018,0.1249572,55.13345292,-510,4913,68.4,2026-08-17,0.85,37.7,False
418,001207,联科科技,17.17,-1.32,1.86,16.37,16.828998458626,0.3527852,71.82398437,3146,846,66.8,2026-08-17,2.03,48.0,False
419,001208,华菱线缆,14.83,-2.18,2.35,77.74,14.984239779539,0.181714,61.40426723,-813,3698,85.6,2026-08-17,-1.03,52.6,False
420,001209,洪兴股份,17.39,1.22,1.28,25.43,17.066445986031,0.0961796,64.41646904,1150,2848,66.0,2026-08-17,1.9,42.5,False
421,001210,金房能源,26.82,3.95,6.09,11.09,25.153404037919,0.2729804,76.63657504,26,229,72.0,2026-08-17,6.63,55.2,False
422,001211,双枪科技,23.37,-3.35,3.13,107.3,23.753653738435,0.1702444,65.1639463,1882,2630,67.2,2026-08-17,-1.62,43.8,False
423,001212,中旗新材,35.08,-2.01,0.95,467.35,35.576442629098,0.225876,60.00155563,-733,4043,68.8,2026-08-17,-1.4,41.3,False
424,001213,中铁特货,3.51,-0.28,0.06,32.01,3.508074878669,0.2027916,64.0854343,529,2953,68.4,2026-08-17,0.05,43.8,False
425,001215,千味央厨,33.53,0.39,2.25,36.03,33.01688956294,0.2026172,60.99183234,310,3809,62.4,2026-08-17,1.55,38.1,False
426,001216,华瓷股份,14.79,-0.34,0.45,24.69,14.627345934573,0.1409716,65.54330482,-575,2511,74.0,2026-08-17,1.11,48.5,False
427,001217,华尔泰,10.04,0.5,0.64,111.54,9.935124289677,0.116846,66.42237674,681,2222,68.8,2026-08-17,1.06,45.7,False
428,001218,丽臣实业,24.94,-0.04,0.75,10.85,24.698108323419,0.0672324,64.52192413,-218,2817,64.0,2026-08-17,0.98,41.3,False
429,001219,青岛食品,12.91,0.0,0.93,19.97,12.9315864129,0.146464,63.72658274,-1867,3048,72.4,2026-08-17,-0.17,46.1,False
430,001220,世盟股份,31.3,-1.26,1.87,35.0,31.871986277596,0.1664152,69.58602611,245,1351,66.0,2026-08-17,-1.79,45.9,False
431,001221,悍高集团,41.46,-0.65,2.62,28.37,40.983037677886,0.1996084,79.28149594,165,80,70.4,2026-08-17,1.16,55.8,False
432,001222,源飞宠物,14.97,0.27,2.6,31.47,14.879333959743,0.1284884,69.84295498,-512,1284,77.2,2026-08-17,0.61,53.9,False
433,001223,欧克科技,41.41,-1.94,1.26,43.97,41.574944905693,0.2568916,62.49214461,-1838,3409,72.0,2026-08-17,-0.4,45.0,False
434,001225,和泰机电,45.45,1.34,3.56,111.16,44.597188501169,0.102368,57.25341234,-852,4633,68.0,2026-08-17,1.91,38.9,False
435,001226,拓山重工,45.99,2.36,1.22,81.66,44.026973179352,0.2271704,67.9447397,1887,1769,61.2,2026-08-17,4.46,41.6,False
436,001227,兰州银行,2.12,-0.47,0.52,5.68,2.115609184677,0.3943548,65.70794328,-385,2446,72.8,2026-08-17,0.21,47.8,False
437,001228,永泰运,27.48,-1.86,0.61,20.65,27.838719117647,0.1987132,62.47980971,-970,3417,62.4,2026-08-17,-1.29,39.0,False
438,001229,魅视科技,50.19,9.99,3.07,-384.06,43.637394776715,0.38969,74.38094933,1919,462,76.8,2026-08-17,15.02,57.1,False
439,001230,劲旅环境,22.95,0.97,5.54,25.44,22.424649064516,0.3407652,71.32360217,679,948,65.6,2026-08-17,2.34,46.8,False
440,001231,农心科技,21.02,1.79,1.89,27.1,20.468082002034,0.090188,64.97612388,682,2683,64.0,2026-08-17,2.7,41.6,False
441,001233,海安集团,44.75,-1.82,1.17,39.16,45.20506755067,0.1934972,68.00914995,-1329,1750,68.0,2026-08-17,-1.01,46.2,False
442,001234,泰慕士,22.49,1.76,1.95,44.21,21.928217011597,0.117646,63.55531401,373,3108,68.8,2026-08-17,2.56,43.7,False
443,001236,弘业期货,7.45,-2.1,0.59,150.05,7.56153734549,0.1325436,57.34287249,323,4618,72.0,2026-08-17,-1.48,41.3,False
444,001237,惠康科技,54.44,-1.82,2.85,24.34,54.593657414465,0.1784768,66.07862865,-504,2324,63.6,2026-08-17,-0.28,42.0,False
445,001238,浙江正特,25.49,-0.78,0.17,23.24,25.405775452659,0.1132124,58.928654,87,4302,60.4,2026-08-17,0.33,35.6,False
446,001239,永达股份,12.01,-1.15,0.6,280.29,12.086667032599,0.0815716,55.20753673,153,4904,64.4,2026-08-17,-0.63,35.6,False
447,001255,博菲电气,25.7,-0.31,0.63,-350.27,25.581690067149,0.0607644,59.25761555,-746,4230,64.8,2026-08-17,0.46,38.4,False
448,001256,炜冈科技,25.58,-3.33,1.91,24.26,26.365442360861,0.1747328,58.11305507,-550,4482,60.4,2026-08-17,-2.98,35.1,False
449,001257,盛龙股份,24.95,-1.27,4.13,29.74,25.049942034891,0.2965132,60.99188101,-429,3808,68.4,2026-08-17,-0.4,41.7,False
450,001258,立新能源,13.83,-3.96,10.3,88.38,14.098903646481,0.2696404,64.64927393,1871,2774,92.8,2026-08-17,-1.91,60.0,False
451,001259,利仁科技,47.86,-0.87,1.4,167.59,47.55543584159,0.0939112,55.68226833,119,4855,60.0,2026-08-17,0.64,33.4,False
452,001260,坤泰股份,20.1,-8.22,5.31,227.81,21.089782918798,0.27494,63.37510612,-1857,3158,79.2,2026-08-17,-4.69,50.2,False
453,001266,宏英智能,35.35,-1.75,1.98,25.23,35.519610181151,0.121976,66.22640599,152,2279,69.2,2026-08-17,-0.48,45.8,False
454,001267,汇绿生态,40.1,-4.43,3.07,581.01,40.95748742767,0.3157368,62.38362955,-905,3442,84.4,2026-08-17,-2.09,52.7,False
455,001268,联合精密,20.13,-0.59,1.74,-432.73,20.191948183067,0.1834892,57.19821652,-2308,4643,64.4,2026-08-17,-0.31,36.8,False
456,001269,欧晶科技,19.62,-0.66,0.77,-86.81,19.615505714521,0.1144808,53.24249216,102,5061,66.4,2026-08-17,0.02,35.4,False
457,001270,铖昌科技,119.5,-1.12,1.4,161.42,119.29570636156,0.4113516,76.26620841,-14,261,81.6,2026-08-17,0.17,62.2,False
458,001277,速达股份,29.61,-0.03,1.63,39.16,29.418921158488,0.0419544,66.10449198,283,2317,64.0,2026-08-17,0.65,42.3,False
459,001278,一彬科技,16.18,-2.41,1.18,-11.74,16.316574743997,0.0766496,59.51173446,-210,4152,62.4,2026-08-17,-0.84,37.1,False
460,001279,强邦新材,25.02,-1.3,0.5,154.74,25.189393836637,0.0924272,54.93584626,124,4938,63.2,2026-08-17,-0.67,34.7,False
461,001280,中国铀业,66.7,-0.89,2.68,161.09,65.000025945216,0.3345624,76.36311343,275,249,82.4,2026-08-17,2.62,62.9,False
462,001282,三联锻造,16.22,-1.7,0.51,32.91,16.33694849175,0.1082652,60.02190166,400,4041,62.4,2026-08-17,-0.72,37.5,False
463,001283,豪鹏科技,44.1,1.17,1.77,35.68,42.991000208784,0.2296144,62.91099284,-302,3281,64.8,2026-08-17,2.58,40.8,False
464,001285,瑞立科密,41.15,-0.99,0.82,22.46,41.299612245765,0.2231376,65.53968213,-189,2512,65.2,2026-08-17,-0.36,42.7,False
465,001286,陕西能源,10.71,0.19,0.53,11.31,10.649924309396,0.192542,65.48385505,-928,2529,72.8,2026-08-17,0.56,47.7,False
466,001287,中电港,24.34,-2.13,1.63,29.18,24.285912779093,0.282054,77.27861314,178,178,81.2,2026-08-17,0.22,62.8,False
467,001288,运机集团,25.88,-0.96,1.29,29.41,26.520316570039,0.30405,64.94208794,-2210,2692,69.6,2026-08-17,-2.41,45.2,False
468,001289,龙源电力,15.62,-0.38,0.04,20.1,15.595367228711,0.2245676,62.55530097,-20,3391,74.8,2026-08-17,0.16,46.8,False
469,001296,长江材料,19.57,-1.26,1.05,26.73,19.681316776929,0.1177728,63.68680742,-1602,3059,75.2,2026-08-17,-0.57,47.9,False
470,001298,好上好,17.93,-0.72,0.88,32.84,17.876472184519,0.1479104,68.30139098,1057,1683,73.2,2026-08-17,0.3,50.0,False
471,001299,美能能源,10.0,0.5,0.48,28.37,9.903474683695,0.1223308,62.27023093,131,3472,62.8,2026-08-17,0.97,39.1,False
472,001300,三柏硕,11.31,-0.79,0.88,-107.14,11.217291002417,0.189762,61.49478285,1217,3677,76.8,2026-08-17,0.83,47.2,False
473,001301,尚太科技,56.0,0.0,0.98,28.23,55.705979521837,0.2215836,67.28343816,-497,1972,70.0,2026-08-17,0.53,47.1,False
474,001306,夏厦精密,55.66,-0.8,2.16,-39.71,55.493622763726,0.1495472,63.76723097,1728,3037,67.6,2026-08-17,0.3,43.1,False
475,001308,康冠科技,18.04,-1.47,0.16,20.44,18.194555079098,0.0914772,68.62743526,972,1584,66.8,2026-08-17,-0.85,45.8,False
476,001309,德明利,436.33,0.21,7.58,7.39,426.21683245598,0.5191836,81.74038811,475,26,89.6,2026-08-17,2.37,73.2,False
477,001311,多利科技,18.09,-3.78,1.66,21.66,18.394434550164,0.1232324,64.1120924,348,2945,70.8,2026-08-17,-1.66,45.4,False
478,001312,福恩股份,18.08,-1.09,2.04,21.03,18.198352630604,0.184172,71.29848823,-465,952,70.0,2026-08-17,-0.65,49.9,False
479,001313,粤海饲料,8.02,0.5,2.27,124.67,7.966169816724,0.253928,72.23136738,1003,786,77.2,2026-08-17,0.68,55.8,False
480,001314,亿道信息,58.04,-0.19,1.21,48.22,57.124225657147,0.1519172,73.51782826,1638,571,75.2,2026-08-17,1.6,55.3,False
481,001316,润贝航科,26.87,-1.29,0.68,17.86,27.021684896728,0.137412,68.06447702,211,1734,64.4,2026-08-17,-0.56,43.8,False
482,001317,三羊马,54.41,-2.3,2.71,-3903.27,54.771008016897,0.2336128,61.79256144,-447,3607,84.4,2026-08-17,-0.66,52.2,False
483,001318,阳光乳业,11.9,-3.64,4.19,44.08,12.055367354565,0.3911688,71.49212974,3117,908,78.0,2026-08-17,-1.29,55.8,False
484,001319,铭科精技,19.85,-0.75,1.15,30.25,19.878425240223,0.1103004,68.65291292,1738,1573,68.4,2026-08-17,-0.14,47.0,False
485,001322,箭牌家居,6.18,-0.32,0.21,-23.22,6.170763053371,0.1403564,62.86577332,343,3295,63.6,2026-08-17,0.15,40.0,False
486,001323,慕思股份,18.56,-3.73,0.98,22.84,18.930379878018,0.161602,69.77632345,-862,1304,75.2,2026-08-17,-1.96,52.5,False
487,001324,长青科技,19.59,-2.97,0.82,54.45,20.008955434896,0.1634928,62.21929425,937,3481,66.8,2026-08-17,-2.09,41.6,False
488,001325,元创股份,37.53,-0.77,2.3,28.76,37.806532461075,0.1288496,64.3382116,-558,2869,67.2,2026-08-17,-0.73,43.2,False
489,001326,联域股份,62.35,0.06,3.06,75.17,61.225309919092,0.2962824,65.44129748,-396,2538,62.0,2026-08-17,1.84,40.6,False
490,001328,登康口腔,29.22,-0.34,0.45,24.29,29.230224875844,0.1212628,65.52097353,-1686,2521,70.4,2026-08-17,-0.03,46.1,False
491,001330,博纳影业,4.92,-2.96,2.56,-38.19,5.051085814584,0.2195828,53.74103798,-189,5036,76.0,2026-08-17,-2.6,40.8,False
492,001331,胜通能源,49.68,0.61,3.26,-609.11,50.077574215268,0.317856901408,57.18370908,-448,4647,75.6,2026-08-17,-0.79,43.2,False
493,001332,锡装股份,31.52,-1.53,1.14,13.35,31.847431878062,0.1025204,63.90995888,389,2999,62.0,2026-08-17,-1.03,39.6,False
494,001333,光华股份,20.07,0.96,0.57,26.13,19.727956561788,0.1218156,69.74357676,1107,1313,60.4,2026-08-17,1.73,42.1,False
495,001335,信凯科技,31.76,-0.97,0.98,30.75,31.954099494098,0.1229644,60.55563011,441,3927,59.2,2026-08-17,-0.61,35.8,False
496,001336,楚环科技,18.45,-1.02,1.12,45.51,18.418490900984,0.0274284,65.33177772,1406,2579,62.4,2026-08-17,0.17,40.8,False
497,001337,四川黄金,47.31,-1.29,1.72,18.71,47.437076945892,0.3068668,75.81605044,657,306,86.4,2026-08-17,-0.27,65.5,False
498,001338,永顺泰,8.79,2.21,0.95,33.2,8.570979446783,0.1491136,66.54002718,227,2184,66.8,2026-08-17,2.56,44.4,False
499,001339,智微智能,84.63,-3.11,2.78,35.62,85.6710181449,0.294044,79.47794334,1,74,84.4,2026-08-17,-1.22,67.1,False
500,001356,富岭股份,9.29,-2.42,6.46,92.75,9.193178437472,0.3579584,69.8882817,2298,1275,65.6,2026-08-17,1.05,45.8,False
501,001358,兴欣新材,27.0,-4.05,8.33,38.65,27.090151295978,0.328274,67.72257247,1356,1827,70.8,2026-08-17,-0.33,47.9,False
502,001359,平安电工,95.13,3.29,6.47,92.12,91.170734351919,0.2977832,73.71359181,443,547,72.8,2026-08-17,4.34,53.7,False
503,001360,南矿集团,17.31,1.82,2.81,68.21,16.822159379842,0.1450016,66.82379394,2018,2108,67.6,2026-08-17,2.9,45.2,False
504,001365,天海电子,37.16,-2.13,4.54,41.72,37.683255659256,0.2303592,58.49248467,-207,4399,65.2,2026-08-17,-1.39,38.1,False
505,001366,播恩集团,13.49,10.03,2.56,59.23,12.145586816455,0.1054028,62.78627557,-811,3317,62.0,2026-08-17,11.07,38.9,False
506,001367,海森药业,19.76,1.13,0.82,26.03,19.425768022466,0.1060036,64.38153868,-622,2858,63.2,2026-08-17,1.72,40.7,False
507,001368,通达创智,22.94,0.39,0.91,20.1,22.636306250278,0.1301108,69.47348845,296,1376,64.4,2026-08-17,1.34,44.7,False
508,001369,双欣材料,12.74,-0.55,1.49,28.59,12.741104285899,0.2670356,66.68113842,916,2151,67.6,2026-08-17,-0.01,45.1,False
509,001373,翔腾新材,28.14,-1.19,1.73,-51.05,28.147488097141,0.0680252,56.10153328,-500,4794,65.2,2026-08-17,-0.03,36.6,False
510,001376,百通能源,10.88,-4.39,4.92,29.43,11.250933953594,0.1873948,67.62400528,-574,1863,80.0,2026-08-17,-3.3,54.1,False
511,001378,德冠新材,21.13,-1.35,1.74,32.49,21.239249905204,0.1439496,57.99057661,-174,4508,67.2,2026-08-17,-0.51,39.0,False
512,001379,腾达科技,16.19,-0.92,1.52,43.2,16.221371388882,0.0946008,69.61681357,1791,1343,70.8,2026-08-17,-0.19,49.3,False
513,001380,华纬科技,16.84,-0.65,0.33,27.34,16.836983816409,0.1013472,68.47081574,18,1621,66.8,2026-08-17,0.02,45.7,False
514,001382,新亚电缆,16.89,-1.34,1.76,67.59,16.932519633508,0.16961,59.10699578,-253,4271,71.6,2026-08-17,-0.25,42.3,False
515,001386,马可波罗,15.74,-0.51,5.02,29.46,15.640007187756,0.2664748,77.9159293,2032,148,64.8,2026-08-17,0.64,50.5,False
516,001387,雪祺电气,12.09,-1.14,0.69,47.04,12.174814319704,0.0867256,66.57754909,1251,2175,59.6,2026-08-17,-0.7,39.7,False
517,001388,信通电子,22.33,-4.33,3.37,-106.72,22.874503096159,0.1730568,64.35057373,-22,2866,79.6,2026-08-17,-2.38,51.2,False
518,001389,广合科技,167.0,-2.95,2.71,41.31,169.802374117281,0.3323144,75.24358999,-268,360,76.4,2026-08-17,-1.65,57.5,False
519,001390,古麒绒材,18.13,0.17,0.39,22.68,18.054630664922,0.187442,71.5068867,1382,901,61.2,2026-08-17,0.42,43.8,True
520,001391,国货航,4.17,-0.71,0.54,26.96,4.189295777242,0.2755092,69.46010539,938,1378,70.0,2026-08-17,-0.46,48.6,False
521,001393,维通利,44.55,-2.32,2.32,56.5,45.163652880922,0.1489632,63.40726554,-68,3142,66.0,2026-08-17,-1.36,41.8,False
522,001395,亚联机械,29.64,-0.9,0.92,10.68,29.654176815479,0.0791492,61.64708581,-501,3641,63.2,2026-08-17,-0.05,39.0,False
523,001396,誉帆科技,34.26,-1.83,1.7,507.3,34.727732630314,0.0856828,61.39767865,-350,3700,64.8,2026-08-17,-1.35,39.8,False
524,001400,江顺科技,77.18,-1.53,1.89,43.14,76.970295843632,0.1233552,64.23779878,300,2897,67.6,2026-08-17,0.27,43.4,False
525,001696,宗申动力,16.4,-2.79,4.15,27.35,16.698103941177,0.3230644,77.91054612,875,149,86.0,2026-08-17,-1.79,67.0,False
526,001872,招商港口,22.25,2.11,0.06,12.2,21.641327905607,0.1271808,74.36905993,314,464,72.8,2026-08-17,2.81,54.1,False
527,001896,豫能控股,12.72,-2.83,2.19,165.71,12.987966299448,0.2452276,57.23136234,-775,4638,74.4,2026-08-17,-2.06,42.6,False
528,001914,招商积余,8.67,0.12,0.26,9.79,8.659257522662,0.1647188,67.65721911,-168,1849,70.0,2026-08-17,0.12,47.4,False
529,001965,招商公路,9.15,0.11,0.07,11.52,9.138812607916,0.2187144,72.44026591,-159,747,72.4,2026-08-17,0.12,52.4,False
530,001979,招商蛇口,7.57,0.4,0.33,436.18,7.499048370387,0.3111292,62.29475,-1647,3463,84.8,2026-08-17,0.95,52.8,False
531,002001,新 和 成,29.06,1.47,0.87,12.22,28.255874031233,0.3966044,78.81774841,510,106,85.6,2026-08-17,2.85,67.5,False
532,002003,伟星股份,10.17,1.09,0.62,32.47,9.922461660368,0.105932,76.56690933,857,234,72.0,2026-08-17,2.49,55.1,False
533,002004,华邦健康,4.54,0.67,0.79,14.51,4.474043750037,0.23897,68.46517459,-1228,1625,79.2,2026-08-17,1.47,54.2,False
534,002005,德豪润达,2.45,-1.21,0.58,115.59,2.510046753815,0.373424705882,60.54728724,-119,3930,75.6,2026-08-17,-2.39,45.8,False
535,002006,精工科技,13.86,-1.35,0.58,36.13,13.858007039549,0.24896,67.64817022,1396,1853,75.6,2026-08-17,0.01,51.1,False
536,002007,华兰生物,13.14,-0.3,0.34,26.04,13.123803653522,0.2162804,67.64955907,-1267,1852,84.8,2026-08-17,0.12,57.4,False
537,002008,大族激光,96.8,-3.94,2.5,38.75,98.82438357814,0.4085872,73.59861767,-437,554,91.2,2026-08-17,-2.05,67.1,False
538,002009,天奇股份,17.87,-0.94,1.57,73.02,17.864383406548,0.2359936,64.10278723,1659,2948,74.0,2026-08-17,0.03,47.4,False
539,002010,传化智联,4.71,-1.05,0.2,12.26,4.699605509871,0.2560536,64.64198133,-12,2777,72.8,2026-08-17,0.22,47.1,False
540,002011,盾安环境,10.06,-0.79,0.32,13.78,10.062221061708,0.2766152,68.90954069,-199,1507,74.8,2026-08-17,-0.02,51.5,False
541,002012,凯恩股份,6.66,0.0,1.61,189.31,6.568793641202,0.2690004,65.43868068,-86,2543,77.2,2026-08-17,1.39,50.5,False
542,002014,永新股份,10.71,0.0,0.21,18.07,10.656445357775,0.1605528,65.21434949,-1313,2617,68.8,2026-08-17,0.5,44.9,False
543,002015,协鑫能科,14.88,-2.36,2.07,20.98,14.990190244646,0.2724688,61.95402386,-715,3555,86.0,2026-08-17,-0.74,53.3,False
544,002016,世荣兆业,4.47,-0.89,0.58,43.89,4.492693710432,0.20575,73.54289272,637,565,68.4,2026-08-17,-0.51,50.3,False
545,002017,东信和平,13.45,-2.18,0.84,39.49,13.62589837878,0.1173432,62.59518563,-1462,3380,77.2,2026-08-17,-1.29,48.3,False
546,002019,亿帆医药,10.36,-0.96,0.87,29.49,10.45660731539,0.2816944,66.58223542,-1507,2173,79.2,2026-08-17,-0.92,52.7,False
547,002020,京新药业,13.91,-0.78,1.35,18.12,13.933365870748,0.2537516,69.76366921,-484,1306,76.4,2026-08-17,-0.17,53.3,False
548,002021,中捷资源,2.69,-2.54,0.96,-136.35,2.737824475983,0.3075828,64.36151928,1836,2864,64.8,2026-08-17,-1.75,41.7,False
549,002022,科华生物,5.55,-1.77,0.63,-14.73,5.625325179816,0.1232936,61.0263372,-19,3797,74.8,2026-08-17,-1.34,45.6,False
550,002023,海特高新,10.48,-2.87,2.64,76.1,10.677551356887,0.2913824,65.47343914,1370,2532,86.8,2026-08-17,-1.85,56.8,False
551,002024,ST易购,1.19,-0.83,0.09,95.36,1.197692244108,0.5239632,58.9343147,563,4301,75.6,2026-08-17,-0.64,44.6,False
552,002025,航天电器,64.62,-0.83,2.15,140.43,64.828349146911,0.2957648,66.86966289,562,2094,78.8,2026-08-17,-0.32,52.7,False
553,002026,山东威达,10.62,0.09,0.44,18.24,10.581247862878,0.2497492,63.90007693,-82,3002,73.2,2026-08-17,0.37,46.8,False
554,002027,分众传媒,4.89,-1.21,0.72,9.87,4.963081978992,0.3244632,70.04364305,-552,1234,86.8,2026-08-17,-1.47,60.8,False
555,002028,思源电气,181.71,-0.79,1.44,48.58,179.405426182945,0.5098296,83.32218773,194,10,85.2,2026-08-17,1.28,71.0,False
556,002029,七 匹 狼,8.94,-1.0,1.51,31.63,8.856093903073,0.2802576,68.84016409,2189,1519,77.2,2026-08-17,0.95,53.1,False
557,002030,达安基因,5.68,-0.7,0.89,-20.3,5.773917657363,0.2756752,58.33715268,-2161,4434,78.4,2026-08-17,-1.63,45.7,False
558,002031,巨轮智能,6.24,3.14,11.75,-95.72,5.95356505525,0.2572728,56.90677367,-58,4693,94.0,2026-08-17,4.81,53.5,False
559,002032,苏 泊 尔,40.87,-0.8,0.09,18.84,40.829776011291,0.172218,73.77998424,598,536,77.6,2026-08-17,0.1,57.3,False
560,002033,丽江股份,8.96,-0.22,1.34,18.55,8.942725948316,0.2609708,71.76230625,75,854,79.2,2026-08-17,0.19,56.8,False
561,002034,旺能环境,14.04,-0.28,0.44,9.02,13.996133151256,0.217502,61.16097525,-192,3754,66.0,2026-08-17,0.31,40.4,False
562,002035,华帝股份,4.81,-0.41,0.51,10.08,4.822682648083,0.2326908,72.48592028,609,734,72.8,2026-08-17,-0.26,52.8,False
563,002036,联创电子,6.8,-3.13,2.02,-18.57,6.846954865675,0.198366727273,52.02512496,-1,5119,85.6,2026-08-17,-0.69,44.5,False
564,002037,保利联合,6.88,-0.86,0.69,-10.18,6.922589011544,0.1534004,56.80158601,-15,4706,81.2,2026-08-17,-0.62,46.1,False
565,002038,双鹭药业,6.08,-1.46,2.19,-18.13,6.086138449061,0.2820984,67.611249,1695,1869,78.0,2026-08-17,-0.1,52.7,False
566,002039,黔源电力,19.05,-0.52,0.68,22.82,19.060326730681,0.2376564,64.55269524,-676,2807,70.0,2026-08-17,-0.05,45.2,False
567,002040,南 京 港,8.19,-1.09,0.54,19.41,8.268816040009,0.2252116,68.03784699,234,1742,72.0,2026-08-17,-0.95,49.0,False
568,002041,登海种业,9.8,9.99,5.01,63.9,8.90611918841,0.2491544,70.27597621,1726,1182,78.4,2026-08-17,10.04,55.1,False
569,002042,华孚时尚,3.82,-1.8,0.73,64.14,3.861148293132,0.28336,57.98788592,-481,4509,74.0,2026-08-17,-1.07,42.9,False
570,002043,兔 宝 宝,12.49,-0.56,0.36,17.5,12.446250417192,0.1687676,77.33919684,-2,174,78.4,2026-08-17,0.35,60.6,False
571,002044,美年健康,4.78,-3.63,1.77,-18.34,4.926218388854,0.282812,65.66676279,-815,2466,90.4,2026-08-17,-2.97,59.4,False
572,002045,国光电器,8.15,-3.32,1.52,-44.52,8.360322964432,0.1515848,57.13162524,-145,4655,79.2,2026-08-17,-2.52,45.2,False
573,002046,国机精工,50.5,-0.84,1.61,-745.46,49.972202135037,0.3869668,70.40859713,463,1147,75.2,2026-08-17,1.06,52.9,False
574,002047,宝鹰股份,3.4,-6.59,4.64,-140.17,3.566892286202,0.3328472,65.69529026,1086,2455,84.8,2026-08-17,-4.68,55.7,False
575,002048,宁波华翔,20.27,-0.15,1.31,15.08,20.259355453577,0.339608,72.29611487,-198,774,78.0,2026-08-17,0.05,56.4,False
576,002049,紫光国微,66.21,-3.06,2.07,34.99,67.191372951717,0.4156412,69.18804237,-1188,1436,90.8,2026-08-17,-1.46,62.8,False
577,002050,三花智控,39.08,0.15,1.18,44.32,38.690019184655,0.3562552,75.85824399,823,298,82.4,2026-08-17,1.01,62.5,False
578,002051,中工国际,8.64,-2.26,1.2,40.67,8.7630023175,0.2156892,57.97074587,-656,4513,71.6,2026-08-17,-1.4,41.5,False
579,002052,同洲电子,8.75,-3.31,0.99,253.77,8.989147760349,0.2973564,67.64429158,-1157,1854,76.8,2026-08-17,-2.66,52.0,False
580,002053,云南能投,9.41,0.97,0.47,10.51,9.250682889327,0.157242,62.2334937,677,3478,72.0,2026-08-17,1.72,44.8,False
581,002054,德美化工,7.24,-0.82,1.0,18.51,7.279969606977,0.1328332,63.11027592,-836,3234,74.0,2026-08-17,-0.55,46.7,False
582,002055,ST得润,5.68,-1.73,0.92,33.99,5.717564752361,0.355132,63.53560438,519,3113,72.4,2026-08-17,-0.66,46.0,False
583,002056,横店东磁,23.03,-0.9,0.78,24.27,23.00802458053,0.3584816,76.51888471,-76,238,81.2,2026-08-17,0.1,62.1,False
584,002057,中钢天源,8.82,-1.45,1.15,20.72,8.84475724171,0.289614,66.79265337,1656,2118,70.8,2026-08-17,-0.28,47.3,False
585,002058,威尔泰,16.49,-1.02,0.89,78.72,16.563316184608,0.176821960784,60.25443134,-429,3994,69.2,2026-08-17,-0.44,41.7,False
586,002059,云南旅游,4.46,-0.45,0.29,-33.73,4.477235459005,0.15312,56.85934634,-307,4698,73.2,2026-08-17,-0.38,41.6,False
587,002060,广东建工,3.23,-0.62,0.38,27.1,3.238073736062,0.1744756,66.52599632,526,2185,73.2,2026-08-17,-0.25,48.7,False
588,002061,浙江交科,3.5,0.0,0.2,10.6,3.48827764052,0.2349408,72.571275,-40,721,70.8,2026-08-17,0.34,51.4,False
589,002062,宏润建设,8.43,-1.06,1.03,35.36,8.477723574743,0.3529568,72.90721803,-13,668,74.0,2026-08-17,-0.56,54.0,False
590,002063,远光软件,5.36,-2.19,0.78,237.18,5.43520096942,0.2884572,71.93993239,-644,825,78.8,2026-08-17,-1.38,56.7,False
591,002064,华峰化学,11.26,-3.18,0.67,14.09,11.468577624659,0.26635,78.57906558,330,115,80.8,2026-08-17,-1.82,63.5,False
592,002065,东华软件,7.08,-3.15,1.38,91.57,7.274766249129,0.2611292,69.84098068,-224,1285,90.8,2026-08-17,-2.68,63.4,False
593,002066,瑞泰科技,22.1,-0.54,1.22,-406.08,22.033950989335,0.3599108,66.80052852,1492,2113,78.8,2026-08-17,0.3,52.6,False
594,002067,景兴纸业,4.54,3.42,3.9,78.92,4.33789017856,0.2863744,64.38798639,931,2856,78.4,2026-08-17,4.66,50.5,False
595,002068,黑猫股份,8.1,-2.17,1.31,-15.66,8.175891087142,0.2461688,61.46464206,873,3683,78.8,2026-08-17,-0.93,48.4,False
596,002069,獐子岛,3.48,2.35,1.62,241.81,3.368488956269,0.1549392,69.9517312,1786,1257,70.4,2026-08-17,3.31,49.2,False
597,002072,凯瑞德,7.48,-1.19,0.58,-152.97,7.527178556534,0.229858,65.66377444,653,2468,61.6,2026-08-17,-0.63,40.4,False
598,002073,软控股份,5.6,-0.88,0.51,47.21,5.585234873176,0.2019108,67.99666692,739,1757,73.6,2026-08-17,0.26,50.0,False
599,002074,国轩高科,26.87,-2.08,0.66,577.93,27.162618567699,0.2939552,62.04102792,-498,3532,80.8,2026-08-17,-1.08,50.1,False
600,002075,沙钢股份,3.69,-1.07,0.56,39.4,3.680680520247,0.3182924,66.00756061,1073,2350,76.4,2026-08-17,0.25,50.4,False
601,002076,星光股份,2.12,-1.4,1.32,-83.63,2.127228267656,0.331043529412,60.86344914,1101,3855,74.0,2026-08-17,-0.34,45.0,False
602,002077,大港股份,12.9,-1.6,2.41,48.74,12.93625291725,0.2420232,64.01014366,1451,2971,79.6,2026-08-17,-0.28,51.0,False
603,002078,太阳纸业,13.97,0.65,0.22,11.0,13.819386397402,0.1570356,68.52670672,-343,1608,78.4,2026-08-17,1.09,53.7,False
604,002079,苏州固锝,9.92,-2.07,2.24,26.52,9.904051768898,0.2911928,70.28574287,2218,1181,77.2,2026-08-17,0.16,54.3,False
605,002080,中材科技,60.06,-3.13,1.94,41.73,61.021643251181,0.3850768,79.61972302,11,67,93.6,2026-08-17,-1.58,74.5,False
606,002081,金 螳 螂,6.4,9.97,18.67,24.11,5.762483437045,0.4118144,74.92645074,30,404,94.8,2026-08-17,11.06,71.0,False
607,002082,ST万邦,10.12,-5.15,1.85,15.03,10.581999440618,0.2866332,58.80887156,-459,4331,71.2,2026-08-17,-4.37,41.9,False
608,002083,孚日股份,11.47,-4.73,3.7,13.47,11.838106821122,0.312186,75.95185032,766,289,86.8,2026-08-17,-3.11,65.9,False
609,002084,海鸥住工,,,0.0,-25.76,3.480071157717,0.0958912,57.49927465,-961,4587,74.0,2026-08-17,,42.5,False
610,002085,万丰奥威,10.44,-2.34,0.56,22.8,10.649364078553,0.2820656,66.90963637,782,2076,75.2,2026-08-17,-1.97,50.3,False
611,002086,东方海洋,2.1,-3.23,4.6,-91.27,2.116510732828,0.384378,68.96476827,-131,1485,81.6,2026-08-17,-0.78,56.3,False
612,002088,鲁阳节能,8.35,-0.71,0.93,364.77,8.185417567254,0.2290132,66.50280692,97,2188,73.2,2026-08-17,2.01,48.7,False
613,002090,金智科技,9.37,-1.26,0.8,42.92,9.342417648409,0.1880536,66.15475508,2254,2300,76.8,2026-08-17,0.3,50.8,False
614,002091,江苏国泰,7.75,-0.64,0.28,14.89,7.747508137176,0.2366792,69.58041445,-620,1352,75.6,2026-08-17,0.03,52.6,False
615,002092,中泰化学,4.46,-0.45,0.93,77.17,4.459512232949,0.3271024,60.19901419,-1668,4009,77.2,2026-08-17,0.01,46.5,False
616,002093,国脉科技,6.71,-2.75,0.79,-90.24,6.873303384241,0.1412604,65.456731,-388,2535,76.4,2026-08-17,-2.38,50.0,False
617,002094,青岛金王,4.65,-1.48,0.89,103.15,4.691747545284,0.1629012,63.16336808,826,3222,79.6,2026-08-17,-0.89,50.3,False
618,002095,生 意 宝,14.08,-1.74,0.4,776.75,14.256171465475,0.073336,62.79346225,-826,3312,73.6,2026-08-17,-1.24,46.2,False
619,002096,易普力,9.41,1.07,0.25,27.16,9.278728066677,0.1884444,71.576595,-264,889,70.0,2026-08-17,1.41,50.1,False
620,002097,山河智能,7.33,-1.08,0.93,108.43,7.350817905291,0.2541428,59.79831779,-466,4083,78.0,2026-08-17,-0.28,46.6,False
621,002098,浔兴股份,7.05,-1.54,0.58,20.99,7.136779837917,0.0990936,73.22015172,115,610,71.2,2026-08-17,-1.22,52.1,False
622,002099,海翔药业,5.4,-1.82,0.48,82.63,5.417663318837,0.2554948,60.64303863,208,3905,68.4,2026-08-17,-0.33,41.5,False
623,002100,天康生物,7.24,2.26,1.35,-15.13,7.073669158602,0.2825364,67.16679937,-572,2009,75.6,2026-08-17,2.35,50.8,False
624,002101,广东鸿图,8.69,-0.34,0.32,-204.54,8.630427194719,0.1701064,59.91053943,-46,4057,72.8,2026-08-17,0.69,43.6,False
625,002102,ST能特,2.22,-0.89,0.15,57.95,2.232254963638,0.3130972,58.83575045,-278,4327,66.0,2026-08-17,-0.55,38.8,False
626,002103,广博股份,6.55,-1.5,0.71,43.02,6.629002167873,0.1373664,66.71050281,-1355,2139,75.2,2026-08-17,-1.19,50.2,False
627,002104,恒宝股份,9.88,-2.85,3.08,-83.84,10.123505144824,0.1862984,53.99982996,-310,5012,86.0,2026-08-17,-2.41,46.4,False
628,002105,信隆健康,5.74,-1.54,0.8,-270.36,5.7788776252,0.06225,62.47445701,342,3418,71.6,2026-08-17,-0.67,44.7,False
629,002106,莱宝高科,10.72,0.19,2.35,54.21,10.558128301224,0.3169248,63.46147877,373,3130,74.8,2026-08-17,1.53,47.5,False
630,002107,沃华医药,6.36,-0.93,1.25,27.17,6.466924669557,0.2332268,72.3785625,1194,761,75.6,2026-08-17,-1.65,54.7,False
631,002108,沧州明珠,4.35,-0.68,0.53,40.54,4.353268809201,0.277432,57.33250498,-292,4622,71.6,2026-08-17,-0.08,41.1,False
632,002109,ST兴化,2.67,-1.11,0.23,-123.39,2.657665280253,0.307,64.1652828,1809,2922,66.0,2026-08-17,0.46,42.3,False
633,002110,三钢闽光,2.96,-0.34,0.49,-18.7,2.961240377766,0.2226572,62.46439806,-572,3421,70.8,2026-08-17,-0.04,44.2,False
634,002111,威海广泰,9.55,-1.55,0.76,16.44,9.653063403654,0.1917456,66.48763662,-1494,2192,72.0,2026-08-17,-1.07,47.9,False
635,002112,三变科技,16.76,-1.87,6.97,58.5,16.904204368553,0.23316,58.68706677,-853,4363,92.0,2026-08-17,-0.85,54.0,False
636,002114,罗平锌电,7.29,-1.09,1.1,-14.94,7.324334675078,0.12606,56.42226929,149,4759,75.2,2026-08-17,-0.47,42.4,False
637,002115,三维通信,11.52,-4.64,7.13,92.02,12.047335529085,0.2140412,71.14819414,-738,982,84.4,2026-08-17,-4.38,60.0,False
638,002116,中国海诚,7.14,-0.7,0.21,24.24,7.153070338802,0.1517468,72.01593561,584,815,72.8,2026-08-17,-0.18,52.4,False
639,002117,东港股份,7.97,-1.6,0.65,21.03,8.080584663432,0.1890788,62.23798736,-565,3477,73.2,2026-08-17,-1.37,45.6,False
640,002119,康强电子,25.29,-0.43,8.58,93.17,25.067262167295,0.2521984,74.76441955,1962,426,85.2,2026-08-17,0.89,63.7,False
641,002120,韵达股份,6.74,0.0,0.39,10.03,6.704619497606,0.308566,73.10547068,-223,638,75.2,2026-08-17,0.53,55.0,False
642,002121,科陆电子,5.04,-1.37,0.69,-52.19,5.073141797557,0.1903292,58.86378114,258,4317,72.0,2026-08-17,-0.65,42.4,False
643,002122,ST汇洲,2.63,1.15,0.67,96.46,2.587485255935,0.3636932,63.3924918,664,3149,73.2,2026-08-17,1.64,46.4,False
644,002123,梦网科技,8.16,-3.2,1.51,-37.36,8.436453509321,0.1865668,61.1348571,-1784,3765,78.0,2026-08-17,-3.28,47.7,False
645,002124,天邦食品,2.5,10.13,4.69,-1.96,2.27443114476,0.4148304,56.78299726,423,4707,73.2,2026-08-17,9.92,41.6,False
646,002125,湘潭电化,12.95,-0.69,2.06,22.81,12.856022349823,0.3153152,68.3175604,1583,1674,72.4,2026-08-17,0.73,49.5,False
647,002126,银轮股份,43.41,-2.36,0.86,42.94,43.517390730025,0.340076,74.04594701,1116,500,76.8,2026-08-17,-0.25,56.9,False
648,002127,南极电商,2.95,-1.67,0.92,55.48,2.981486302495,0.2835256,62.49136925,758,3410,72.8,2026-08-17,-1.06,45.5,False
649,002128,电投能源,27.43,0.62,0.17,10.71,27.144288885122,0.3121656,72.62345576,-381,707,77.6,2026-08-17,1.05,56.4,False
650,002129,TCL中环,9.83,2.08,2.77,-6.03,9.623053121941,0.4588452,65.70659271,379,2449,82.8,2026-08-17,2.15,54.4,False
651,002130,沃尔核材,16.87,-2.37,1.1,25.53,17.143398224196,0.254696,74.25607037,1024,477,79.6,2026-08-17,-1.59,59.1,False
652,002131,利欧股份,5.03,-5.45,5.95,272.39,5.263127339731,0.2984984,54.61056983,-312,4970,93.6,2026-08-17,-4.43,51.1,False
653,002132,恒星科技,4.58,0.0,2.54,28.33,4.486509191694,0.3447652,71.2934275,584,954,73.6,2026-08-17,2.08,52.5,False
654,002133,广宇集团,2.7,-0.37,0.64,-125.52,2.698482449115,0.1182272,68.61961177,-84,1586,66.8,2026-08-17,0.06,45.8,False
655,002134,天津普林,22.23,-1.9,1.32,118.82,22.446220914641,0.16766,60.81135872,-91,3871,66.8,2026-08-17,-0.96,40.6,False
656,002135,东南网架,6.07,-3.04,1.23,110.97,6.215408160946,0.2578264,59.50849351,813,4154,67.2,2026-08-17,-2.34,40.0,False
657,002136,安 纳 达,12.1,-1.94,1.18,87.75,12.193558396361,0.2471172,61.88812946,1230,3573,67.6,2026-08-17,-0.77,41.8,False
658,002137,实益达,8.01,-0.87,2.65,72.21,7.967144478339,0.2106348,58.79348026,391,4335,77.2,2026-08-17,0.54,45.4,False
659,002138,顺络电子,51.1,-3.2,2.66,46.08,52.278552379986,0.4029356,75.79232385,-251,310,91.2,2026-08-17,-2.25,69.1,False
660,002139,拓邦股份,9.98,1.22,1.17,59.95,9.797636643506,0.2266992,66.69418683,709,2146,83.2,2026-08-17,1.86,55.5,False
661,002140,东华科技,9.09,-0.66,0.37,12.98,9.124812358528,0.2576352,70.42033678,1354,1146,74.0,2026-08-17,-0.38,52.1,False
662,002141,贤丰控股,6.85,0.59,15.99,177.87,6.745789163141,0.2780076,60.14366141,644,4027,91.2,2026-08-17,1.54,54.9,False
663,002142,宁波银行,32.54,1.09,0.21,6.57,32.193258410784,0.3280644,71.30021963,-109,951,86.4,2026-08-17,1.08,61.6,False
664,002144,宏达高科,10.88,-1.0,1.03,39.85,10.941570812784,0.1082508,64.34400744,1747,2868,66.8,2026-08-17,-0.56,43.0,False
665,002145,钛能化学,4.43,-1.34,0.45,20.09,4.457234755214,0.3542376,70.8431287,1520,1060,80.8,2026-08-17,-0.61,57.2,False
666,002146,荣盛发展,1.16,-0.85,1.92,-1.91,1.164728864742,0.4917968,57.25735686,-277,4631,87.2,2026-08-17,-0.41,49.9,False
667,002148,北纬科技,6.47,-2.56,1.67,374.14,6.581953916022,0.16415,61.14937512,-567,3758,80.4,2026-08-17,-1.7,49.2,False
668,002149,西部材料,41.72,-2.09,5.09,553.68,42.848773327416,0.3187924,55.36178675,-2758,4886,85.2,2026-08-17,-2.63,47.2,False
669,002150,正泰电源,23.56,1.38,2.52,62.23,22.826675142711,0.2433796,73.34862268,1229,588,73.2,2026-08-17,3.21,53.7,False
670,002151,北斗星通,29.77,-1.68,1.3,298.08,29.814331703448,0.3159808,63.99921785,1785,2978,76.8,2026-08-17,-0.15,49.2,False
671,002152,广电运通,9.57,-2.45,0.83,26.26,9.83892939187,0.344978,63.38363357,-1499,3156,79.2,2026-08-17,-2.73,50.2,False
672,002153,石基信息,7.98,-4.09,1.9,230.29,8.250302004326,0.2508032,67.07685057,-1830,2031,91.6,2026-08-17,-3.28,61.4,False
673,002154,报 喜 鸟,4.29,0.47,1.51,10.74,4.185140422237,0.205552,71.80286004,601,850,74.4,2026-08-17,2.51,53.4,False
674,002155,湖南黄金,24.77,-1.31,1.34,16.25,25.000701620366,0.3559516,72.94830406,636,661,89.6,2026-08-17,-0.92,65.4,False
675,002156,通富微电,69.7,0.64,8.37,80.36,67.342579474583,0.5337792,84.35879566,1555,6,89.2,2026-08-17,3.5,75.2,False
676,002157,正邦科技,3.06,3.03,1.98,-17.08,2.974717311549,0.509366,61.18299764,851,3751,78.4,2026-08-17,2.87,48.0,False
677,002158,汉钟精机,28.22,-3.02,0.9,26.91,28.689325207129,0.29015,74.77535997,1280,425,76.0,2026-08-17,-1.64,56.8,False
678,002159,三特索道,13.5,-1.17,1.04,28.94,13.560769801146,0.2129504,69.43844833,-21,1383,67.6,2026-08-17,-0.45,46.9,False
679,002160,常铝股份,3.94,-1.99,0.71,80.05,3.959682698333,0.289054,59.7708437,436,4089,72.0,2026-08-17,-0.5,43.0,False
680,002161,远 望 谷,5.95,-1.82,0.85,-28.72,6.014705887987,0.3175044,69.05192911,1650,1463,71.2,2026-08-17,-1.08,49.2,False
681,002162,悦心健康,4.1,-1.68,0.86,353.66,4.132681064442,0.2332664,70.66848216,99,1101,76.8,2026-08-17,-0.79,54.3,False
682,002163,海南发展,8.36,-0.24,1.75,-448.65,8.301324503736,0.125222,63.13637179,1058,3226,74.4,2026-08-17,0.71,47.0,False
683,002164,宁波东力,11.86,-1.17,1.66,59.26,11.959976017294,0.3002928,67.52228483,-278,1895,82.4,2026-08-17,-0.84,55.6,False
684,002165,红 宝 丽,7.01,-1.68,9.8,-53.66,6.976494027159,0.4860612,71.14701069,3778,983,80.4,2026-08-17,0.48,57.2,False
685,002166,莱茵生物,6.89,0.73,1.25,30.05,6.834739072283,0.2003048,62.03386857,-1824,3534,74.8,2026-08-17,0.81,46.4,False
686,002167,东方锆业,17.94,-2.45,7.1,171.61,17.903151515852,0.341474,65.53792926,-247,2514,89.6,2026-08-17,0.21,58.7,False
687,002168,ST惠程,3.91,0.77,0.26,-159.87,3.870562961841,0.2722116,57.871038,-1893,4529,70.8,2026-08-17,1.02,41.0,False
688,002169,智光电气,13.01,-3.2,1.65,111.68,13.26611626819,0.3596916,69.86296384,-70,1280,77.6,2026-08-17,-1.93,54.2,False
689,002170,芭田股份,11.49,1.59,1.91,10.19,11.220395650257,0.2936908,75.8145754,27,307,75.2,2026-08-17,2.4,57.0,False
690,002171,楚江新材,9.98,-2.06,1.75,28.89,10.055595059087,0.324272,70.78051033,10,1077,76.0,2026-08-17,-0.75,53.8,False
691,002172,澳洋健康,4.49,-10.02,21.13,71.14,4.769352659037,0.3926296,71.2810152,-294,955,91.2,2026-08-17,-5.86,65.0,False
692,002173,创新医疗,20.09,-4.06,6.99,-83.9,20.711160899672,0.2341024,58.48294629,-129,4402,91.2,2026-08-17,-3.0,53.3,False
693,002174,游族网络,13.12,-3.24,2.79,30.98,13.187962502013,0.3973224,69.49078655,1920,1371,89.2,2026-08-17,-0.52,62.0,False
694,002175,*ST东智,2.6,0.39,0.78,-393.41,2.594400779247,0.297401090909,60.15526341,-1351,4022,71.6,2026-08-17,0.22,43.1,False
695,002176,江特电机,9.25,-0.96,2.47,-21.91,9.290061651794,0.2408576,53.24308123,-466,5060,86.0,2026-08-17,-0.43,45.8,False
696,002177,御银股份,5.52,-2.3,1.62,173.15,5.597402468888,0.2349896,57.92587666,-80,4523,74.0,2026-08-17,-1.38,42.9,False
697,002178,延华智能,4.52,-2.8,1.34,-141.22,4.624879808981,0.219676,59.03896516,-396,4283,86.0,2026-08-17,-2.27,50.8,False
698,002179,中航光电,35.29,-1.48,0.5,46.52,35.517700746654,0.3569772,68.47592732,-1303,1618,88.8,2026-08-17,-0.64,60.8,False
699,002180,奔图科技,18.32,1.27,0.92,100.89,18.053319034051,0.345512,59.41796795,-2031,4184,83.6,2026-08-17,1.48,49.7,False
700,002181,粤 传 媒,8.83,-2.97,1.33,146.36,9.001050545013,0.159508,54.36807967,-151,4987,76.0,2026-08-17,-1.9,41.3,False
701,002182,宝武镁业,12.27,-1.37,0.78,597.81,12.335964006344,0.3037124,58.64795802,-296,4370,82.8,2026-08-17,-0.53,48.6,False
702,002183,怡 亚 通,4.49,-2.81,0.92,173.37,4.556768361933,0.2985364,58.56842841,-124,4381,73.2,2026-08-17,-1.47,42.9,False
703,002184,海得控制,10.05,-0.4,1.61,288.89,10.066003636663,0.1649316,56.63241013,-186,4732,78.0,2026-08-17,-0.16,44.2,False
704,002185,华天科技,18.68,-1.68,5.93,178.83,18.676941404709,0.3443656,72.83081143,2590,682,84.0,2026-08-17,0.02,61.2,False
705,002186,全 聚 德,9.57,0.95,1.01,108.29,9.438597013953,0.1338852,68.11520169,-171,1724,74.8,2026-08-17,1.39,51.0,False
706,002187,广百股份,5.37,0.0,0.66,38.98,5.338180356922,0.0976292,58.24126677,-266,4457,71.6,2026-08-17,0.6,41.7,False
707,002188,中天服务,5.5,-1.08,1.39,71.15,5.471835668064,0.0910076,67.04843574,651,2039,66.4,2026-08-17,0.51,44.5,False
708,002189,中光学,18.75,-2.39,0.68,-19.54,19.177822801303,0.1616372,55.7039205,-868,4850,84.4,2026-08-17,-2.23,47.0,False
709,002190,成飞集成,24.08,-3.76,1.95,-105.11,25.082957158317,0.2406436,57.82127403,-1774,4538,85.6,2026-08-17,-4.0,49.5,False
710,002191,劲嘉股份,3.69,-2.64,1.33,54.05,3.7671241224,0.2607496,55.13590296,-540,4912,71.2,2026-08-17,-2.05,39.3,False
711,002192,融捷股份,70.15,-5.24,7.42,9.09,73.615793789374,0.3441016,75.83721794,63,303,83.2,2026-08-17,-4.71,63.1,False
712,002193,ST如意,4.85,-2.61,1.17,-6.75,4.854586303312,0.29311,62.13611066,998,3505,72.4,2026-08-17,-0.09,45.0,False
713,002194,武汉凡谷,10.23,-3.13,4.52,-1190.57,10.471569603978,0.2185408,61.1192546,-551,3770,91.2,2026-08-17,-2.31,55.7,False
714,002195,岩山科技,6.61,-2.94,1.45,444.51,6.76721598831,0.2664856,61.18669395,-815,3747,86.8,2026-08-17,-2.32,53.1,False
715,002196,方正电机,11.27,-0.44,2.35,120.15,11.196285004584,0.2152308,60.36024465,1073,3972,74.8,2026-08-17,0.66,45.1,False
716,002197,证通电子,7.02,-2.5,2.51,602.92,7.154875800368,0.1670508,51.08942973,-131,5150,84.8,2026-08-17,-1.89,43.3,False
717,002198,ST嘉应,3.39,-1.74,0.58,34.53,3.447441431645,0.1669588,58.0712403,-327,4493,64.0,2026-08-17,-1.67,37.2,False
718,002199,东晶电子,12.53,-2.49,1.28,-424.59,12.766682675868,0.217358431373,57.27244634,-192,4627,79.6,2026-08-17,-1.85,45.6,False
719,002200,交投生态,6.97,-0.14,1.2,29.55,6.934345575,0.165016,63.49633658,384,3123,62.4,2026-08-17,0.51,39.6,False
720,002201,九鼎新材,8.43,-1.06,1.01,87.72,8.488417070481,0.172278,63.04241137,-2404,3248,72.8,2026-08-17,-0.69,45.9,False
721,002202,金风科技,21.6,-0.74,1.51,25.14,21.421938641339,0.405458,76.64981969,1039,227,86.8,2026-08-17,0.83,66.5,False
722,002203,海亮股份,18.89,-4.5,0.57,24.82,19.469528244712,0.294988,65.48147813,150,2530,72.4,2026-08-17,-2.98,47.4,False
723,002204,大连重工,5.27,-1.31,0.57,12.21,5.321024988394,0.2633692,70.70725831,-178,1087,75.6,2026-08-17,-0.96,53.5,False
724,002205,国统股份,10.64,-0.75,0.49,-14.46,10.657653982204,0.06759,59.2186373,583,4243,72.4,2026-08-17,-0.17,42.9,False
725,002206,海 利 得,5.22,-0.76,0.26,12.31,5.248865280457,0.274968,68.74238413,885,1549,69.2,2026-08-17,-0.55,47.6,False
726,002207,*ST准油,5.89,-2.64,2.52,-41.29,5.968614455551,0.20513,59.19656826,668,4253,71.2,2026-08-17,-1.32,42.1,False
727,002208,合肥城建,11.55,-0.86,3.03,-93.17,11.460336262106,0.2177364,63.19435109,1568,3208,79.6,2026-08-17,0.78,50.3,False
728,002209,达 意 隆,11.5,-0.35,0.98,32.37,11.49288495447,0.2260632,65.60903824,-1014,2486,70.0,2026-08-17,0.06,45.9,False
729,002210,飞马国际,2.25,-2.17,0.85,129.01,2.280593497764,0.2985756,63.61821431,-13,3090,70.0,2026-08-17,-1.34,44.5,False
730,002211,ST宏达,3.76,-1.57,0.51,212.0,3.795898928385,0.2656588,58.42906372,-691,4411,74.0,2026-08-17,-0.95,43.2,False
731,002212,天融信,6.3,-3.67,2.56,-18.44,6.471204439843,0.2496036,66.03573908,-679,2337,91.2,2026-08-17,-2.65,60.2,False
732,002213,大为股份,30.7,-0.74,3.93,118.09,30.607108333185,0.2133456,70.89937018,344,1037,81.6,2026-08-17,0.3,57.9,False
733,002214,大立科技,14.12,0.43,0.81,-30.94,13.977465837934,0.290437058824,52.87363648,-64,5082,76.8,2026-08-17,1.02,40.6,False
734,002215,诺 普 信,9.06,0.67,2.06,3.02,8.94193579967,0.2161512,75.39869836,1440,343,69.6,2026-08-17,1.32,52.5,False
735,002216,三全食品,12.96,-0.77,0.78,10.58,12.88318719077,0.1954408,74.88260968,-240,413,83.6,2026-08-17,0.6,62.6,False
736,002217,ST合力泰,1.49,-0.67,0.83,2231.07,1.49916819817,0.394700196078,59.20183853,-568,4249,72.8,2026-08-17,-0.61,43.1,False
737,002218,拓日新能,4.05,-1.7,1.24,-35.38,4.091138222237,0.2147696,53.94707263,-946,5017,82.8,2026-08-17,-1.01,44.7,False
738,002219,新里程,2.53,-1.94,3.85,106.69,2.530699301066,0.3736484,74.65819917,-127,436,88.0,2026-08-17,-0.03,65.7,False
739,002221,东华能源,5.5,0.0,0.77,13.48,5.448739366777,0.2169316,61.3955833,-1344,3701,72.8,2026-08-17,0.94,44.7,False
740,002222,福晶科技,66.51,-1.69,3.23,119.85,66.428533622874,0.3415492,79.76779444,276,61,90.0,2026-08-17,0.12,71.8,False
741,002223,鱼跃医疗,25.91,-1.33,0.49,15.16,26.17020524688,0.2397404,67.93790877,-195,1773,85.6,2026-08-17,-0.99,58.2,False
742,002224,三 力 士,3.57,-1.38,0.48,-60.51,3.616130873107,0.1504172,59.48944521,380,4167,70.0,2026-08-17,-1.28,41.6,False
743,002225,濮耐股份,3.71,-2.11,2.37,141.42,3.750501345872,0.301666,57.35587248,-650,4614,65.6,2026-08-17,-1.08,37.6,False
744,002226,江南化工,5.04,-1.75,0.28,24.84,5.079155138634,0.290514,71.48908178,174,910,77.2,2026-08-17,-0.77,55.2,False
745,002227,*ST特迅,6.59,-3.8,0.54,-26.01,6.73393322767,0.3160864,65.93692645,-554,2376,70.8,2026-08-17,-2.14,46.7,False
746,002228,合兴包装,3.11,-1.27,0.68,23.18,3.12305063286,0.232066,63.64673535,1312,3078,67.6,2026-08-17,-0.42,43.0,False
747,002229,鸿博股份,12.72,-7.96,18.69,-49.78,13.458814856247,0.449684,71.76069709,2890,855,95.2,2026-08-17,-5.49,68.3,False
748,002230,科大讯飞,40.78,-2.77,1.2,-144.29,41.589349920038,0.3200036,65.76889097,-545,2424,88.4,2026-08-17,-1.95,58.1,True
749,002232,启明信息,14.18,-2.34,0.53,21465.65,14.458522786831,0.1218648,64.27436229,-112,2887,76.8,2026-08-17,-1.93,49.4,False
750,002233,塔牌集团,7.13,-1.38,0.46,19.07,7.235579836039,0.2159224,67.79102456,-424,1809,74.4,2026-08-17,-1.46,50.4,False
751,002234,民和股份,7.66,0.39,1.13,-9.9,7.639615206888,0.1300276,59.55803637,-530,4138,75.6,2026-08-17,0.27,45.0,False
752,002235,安妮股份,9.29,-2.72,7.35,-1844.28,9.496139541087,0.36418,61.26840667,-2052,3725,91.2,2026-08-17,-2.17,55.9,False
753,002236,大华股份,16.25,-0.85,0.83,11.15,16.240372940257,0.3253052,70.13457644,-494,1210,86.8,2026-08-17,0.06,60.9,False
754,002237,恒邦股份,14.46,0.07,1.64,28.34,14.218228393513,0.321784,73.2752898,613,601,82.4,2026-08-17,1.7,60.4,False
755,002238,天威视讯,5.99,-1.96,0.34,-55.79,6.084820923734,0.0856512,62.54625472,-236,3395,73.6,2026-08-17,-1.56,46.0,False
756,002239,奥特佳,2.49,-1.19,0.64,52.78,2.492392163744,0.3551048,69.71473368,-231,1319,75.6,2026-08-17,-0.1,52.7,False
757,002240,盛新锂能,32.94,-2.11,2.32,16.24,33.786942986018,0.3262972,66.54563733,-1840,2182,86.4,2026-08-17,-2.51,57.5,False
758,002241,歌尔股份,21.86,-1.13,0.75,38.59,21.960292669604,0.37436,65.59669931,575,2495,76.4,2026-08-17,-0.46,50.1,False
759,002242,九阳股份,9.24,-0.54,0.58,21.27,9.279132442612,0.23135,69.0747541,343,1454,80.8,2026-08-17,-0.42,55.8,False
760,002243,力合科创,7.38,-0.54,0.45,-103.98,7.389221615,0.1969036,59.54081522,-1914,4142,72.0,2026-08-17,-0.12,42.9,False
761,002244,滨江集团,9.18,0.99,0.64,8.81,9.022317221096,0.3069572,68.75322735,-1154,1543,84.8,2026-08-17,1.75,58.3,False
762,002245,蔚蓝锂芯,19.01,-2.26,3.07,31.81,19.266486673192,0.3478584,72.22239999,-401,788,88.4,2026-08-17,-1.33,63.8,False
763,002246,北化股份,20.77,-1.52,1.33,25.31,20.978713077753,0.2918908,72.60693158,-426,710,88.4,2026-08-17,-0.99,64.2,False
764,002247,聚力文化,2.37,-0.84,1.26,587.85,2.3670404006,0.2738876,68.98711497,477,1476,67.2,2026-08-17,0.13,46.4,False
765,002248,华东数控,12.34,4.58,24.78,116.71,11.843079012824,0.2510324,62.12907109,-3291,3509,93.6,2026-08-17,4.2,58.2,False
766,002249,大洋电机,7.41,-1.85,1.2,15.29,7.463943238528,0.3092944,69.72272993,740,1317,79.6,2026-08-17,-0.72,55.5,False
767,002250,联化科技,16.13,-0.68,0.57,35.61,16.157069928591,0.206766,62.38256626,-1839,3443,78.8,2026-08-17,-0.17,49.2,False
768,002251,步步高,3.77,-0.26,3.55,21.76,3.748567395118,0.2950056,65.60781025,629,2488,77.2,2026-08-17,0.57,50.6,False
769,002252,上海莱士,4.91,-0.81,0.34,25.62,4.911828454323,0.3111472,71.02823531,-301,1007,77.2,2026-08-17,-0.04,54.8,False
770,002253,川大智胜,9.59,-2.34,1.02,-30.13,9.800986706459,0.103710980392,54.85984979,-134,4947,77.6,2026-08-17,-2.15,42.6,False
771,002254,泰和新材,12.8,-1.46,1.18,172.55,12.866669531876,0.2790068,63.65194482,-365,3075,71.6,2026-08-17,-0.52,45.6,False
772,002255,海陆重工,8.38,-1.41,0.9,16.82,8.429179008141,0.2562448,69.33975329,937,1409,74.4,2026-08-17,-0.58,51.6,False
773,002256,兆新股份,3.5,-1.41,1.38,166.53,3.519570424369,0.2961768,55.51081354,-826,4867,84.0,2026-08-17,-0.56,46.6,False
774,002258,利尔化学,14.99,0.33,3.54,26.07,14.480865564888,0.4639824,72.36262174,3423,765,80.8,2026-08-17,3.52,58.5,False
775,002259,升达林业,3.8,-3.8,1.26,9.29,3.929744853615,0.2016888,62.07586781,844,3520,62.4,2026-08-17,-3.3,38.7,False
776,002261,拓维信息,25.9,-3.03,2.68,235.71,26.345640372035,0.2850452,61.34541915,-1720,3707,80.8,2026-08-17,-1.69,49.6,False
777,002262,恩华药业,22.42,3.46,1.52,15.37,21.657726501465,0.234874,71.20103881,-187,969,81.6,2026-08-17,3.52,58.1,False
778,002263,大东南,3.03,-1.62,1.04,329.32,3.059235484687,0.3111784,53.85928285,-954,5027,71.6,2026-08-17,-0.96,38.6,False
779,002264,新 华 都,6.59,-0.75,0.93,14.16,6.579040338602,0.1607872,73.74585674,-214,541,73.6,2026-08-17,0.17,54.3,False
780,002265,建设工业,19.51,-3.13,1.03,146.1,20.437565279089,0.2269144,67.154755,-1432,2011,90.0,2026-08-17,-4.54,60.4,False
781,002266,浙富控股,5.01,-1.18,0.58,10.85,5.044075970024,0.3148644,72.74743228,485,692,77.6,2026-08-17,-0.68,56.5,False
782,002267,陕天然气,7.04,0.43,0.37,5.27,6.979909866014,0.1889292,68.33339507,-251,1668,68.0,2026-08-17,0.86,46.5,False
783,002268,电科网安,13.86,-2.26,0.55,-18.8,14.056570318741,0.1978808,57.88543989,-566,4528,79.2,2026-08-17,-1.4,45.8,False
784,002269,美邦服饰,1.46,-0.68,0.69,590.18,1.459447111247,0.428296,57.10287831,406,4662,76.0,2026-08-17,0.04,43.4,False
785,002270,华明装备,20.49,-0.87,0.75,28.16,20.45883169847,0.271236,75.03531372,939,391,80.8,2026-08-17,0.15,60.6,False
786,002271,东方雨虹,11.59,1.05,1.26,17.22,11.394251963376,0.1999876,67.59731424,-641,1872,82.4,2026-08-17,1.72,55.7,False
787,002272,川润股份,15.47,-1.02,3.69,-60.73,15.280819514457,0.311688,65.97900397,588,2362,75.6,2026-08-17,1.24,49.9,False
788,002273,水晶光电,28.3,-2.75,1.95,39.89,28.369550594079,0.3910608,79.26702524,82,81,82.0,2026-08-17,-0.25,65.0,False
789,002274,华昌化工,5.87,1.03,1.5,28.86,5.787860488104,0.310106,66.29514904,-737,2264,74.8,2026-08-17,1.42,49.6,False
790,002275,桂林三金,13.37,0.38,0.22,15.79,13.290691367792,0.0843516,71.39624773,-217,930,70.0,2026-08-17,0.6,50.0,False
791,002276,万马股份,10.32,-0.58,0.75,41.25,10.295600411682,0.1752816,62.92572314,-658,3277,76.4,2026-08-17,0.24,48.1,False
792,002277,友阿股份,5.79,-0.69,0.53,47.6,5.770448909021,0.3048448,53.59176108,-145,5045,74.8,2026-08-17,0.34,40.1,False
793,002278,神开股份,8.29,0.85,2.6,-370.39,8.160686905257,0.1933992,70.75306152,306,1081,74.4,2026-08-17,1.58,52.6,False
794,002279,久其软件,6.64,-4.05,5.37,-16.7,6.882783434937,0.256526,66.88815911,-2033,2087,92.8,2026-08-17,-3.53,62.1,False
795,002281,光迅科技,194.56,-2.6,2.58,167.83,196.970140565312,0.4594792,79.75215059,25,63,92.0,2026-08-17,-1.22,73.4,False
796,002282,博深股份,5.97,-0.17,0.4,21.85,5.972609832212,0.1929604,63.66770747,-1004,3068,67.6,2026-08-17,-0.04,43.0,False
797,002283,天润工业,9.56,-3.34,1.22,18.72,9.616840602849,0.282982,75.24630764,1488,359,70.8,2026-08-17,-0.59,53.3,False
798,002284,亚太股份,10.22,10.01,6.86,14.08,9.213821115744,0.2326308,71.69014674,-17,866,76.0,2026-08-17,10.92,54.5,False
799,002285,世联行,2.17,-0.46,0.77,-267.72,2.154684275748,0.246254,61.92349053,-263,3564,72.8,2026-08-17,0.71,45.1,False
800,002286,保龄宝,8.16,0.87,1.97,14.32,8.045364082677,0.228688,67.30637471,1904,1965,74.8,2026-08-17,1.42,50.3,False
801,002287,奇正藏药,20.44,-0.58,0.18,30.72,20.487844426287,0.1204232,68.9505345,-561,1492,73.6,2026-08-17,-0.23,50.7,False
802,002289,宇顺电子,42.4,3.82,2.51,60.31,39.128817790777,0.432171764706,74.08562885,1440,494,78.0,2026-08-17,8.36,57.8,False
803,002290,禾盛新材,67.59,1.61,2.38,61.56,65.422140451725,0.3904804,75.84345295,106,302,72.0,2026-08-17,3.31,54.6,False
804,002291,遥望科技,5.34,-2.55,1.59,5.49,5.435198154872,0.231988,62.2753038,-425,3470,83.6,2026-08-17,-1.75,52.1,False
805,002292,奥飞娱乐,8.09,-3.46,2.41,54.66,8.32354759269,0.2653784,66.19341758,1458,2289,84.0,2026-08-17,-2.81,55.6,False
806,002293,罗莱生活,11.05,0.36,0.19,15.67,10.915231875135,0.1432188,70.52393623,-544,1127,70.4,2026-08-17,1.23,49.6,False
807,002294,信立泰,34.81,-0.88,1.33,43.07,34.972483438977,0.2900352,66.05133188,-904,2331,80.0,2026-08-17,-0.46,52.8,False
808,002295,精艺股份,8.84,-2.43,0.65,76.87,8.97269771445,0.113826,65.62875203,1671,2476,68.0,2026-08-17,-1.48,44.6,False
809,002296,辉煌科技,8.91,-1.66,0.96,14.71,8.995649805073,0.1700304,58.68294669,-157,4364,73.6,2026-08-17,-0.95,43.2,False
810,002297,博云新材,19.38,-2.76,6.05,20.99,19.758517433332,0.2866024,75.45440688,271,339,74.8,2026-08-17,-1.92,56.4,False
811,002298,中电鑫龙,8.61,-2.27,3.37,37.09,8.684707757708,0.2390012,58.36792237,188,4428,92.8,2026-08-17,-0.86,54.2,False
812,002299,圣农发展,16.4,1.17,0.72,20.15,16.195458560244,0.2920496,73.94004393,-139,516,80.0,2026-08-17,1.26,59.2,False
813,002300,太阳电缆,7.01,-3.58,2.71,78.6,7.198280822671,0.2154956,63.86566438,-770,3012,90.8,2026-08-17,-2.62,58.0,False
814,002301,齐心集团,7.83,-1.26,0.83,36.92,7.799213289073,0.2557952,65.88030032,-1555,2395,71.6,2026-08-17,0.39,47.2,False
815,002302,西部建设,4.73,-0.63,0.26,-6.62,4.719533988832,0.2198392,64.57552323,1007,2796,81.2,2026-08-17,0.22,52.4,False
816,002303,美盈森,5.11,-1.35,1.82,31.88,5.131819754203,0.3371788,59.25051145,-124,4232,77.6,2026-08-17,-0.43,46.0,False
817,002304,洋河股份,39.55,-0.68,0.14,6.09,39.676610866663,0.2176644,62.42551029,-774,3432,86.4,2026-08-17,-0.32,53.9,False
818,002305,*ST南置,2.07,-0.96,0.34,56.83,2.088658061784,0.3231416,54.85533809,-325,4948,71.2,2026-08-17,-0.89,39.1,False
819,002306,ST云网,1.89,-2.58,0.53,-56.21,1.916162585283,0.355806078431,66.29331471,591,2265,68.4,2026-08-17,-1.37,45.3,False
820,002307,北新路桥,2.97,-1.33,0.54,-19.84,2.994268236262,0.270784,58.28561126,-387,4449,73.6,2026-08-17,-0.81,42.9,False
821,002309,中利集团,3.21,-2.73,2.78,42.01,3.278671069448,0.235446,53.22343969,-661,5063,86.4,2026-08-17,-2.09,46.0,False
822,002310,东方新能,2.35,-2.49,1.17,-254.83,2.404589887374,0.3151248,57.41286922,-1518,4604,84.4,2026-08-17,-2.27,48.5,False
823,002311,海大集团,45.63,1.26,0.24,21.29,44.909451073448,0.1527272,73.19530537,-323,621,76.8,2026-08-17,1.6,56.2,False
824,002312,川发龙蟒,8.61,0.58,0.98,35.98,8.525170372974,0.3018016,72.48097976,2540,735,78.8,2026-08-17,1.0,57.1,False
825,002313,日海智能,8.41,-2.21,0.99,108.81,8.534606573528,0.1377576,57.58646042,-1717,4574,75.6,2026-08-17,-1.46,43.5,False
826,002314,南山控股,2.12,-0.93,0.59,-10.03,2.127012893609,0.198198,56.9177701,-1394,4690,69.2,2026-08-17,-0.33,39.4,False
827,002315,焦点科技,25.2,-2.4,2.15,26.53,25.790977081038,0.1722736,68.69316479,-539,1556,80.8,2026-08-17,-2.29,55.5,False
828,002316,亚联发展,4.44,-2.63,1.41,305.5,4.494472160558,0.0824168,59.53434454,-334,4146,70.8,2026-08-17,-1.21,42.2,False
829,002317,众生药业,28.11,-0.46,2.57,59.83,27.690188428861,0.2924224,70.32309873,-309,1172,83.6,2026-08-17,1.52,58.8,False
830,002318,久立特材,19.4,-0.15,0.3,12.01,19.393210656571,0.1818468,68.55361012,-964,1605,79.2,2026-08-17,0.04,54.3,False
831,002319,乐通股份,11.32,0.44,1.71,112.44,11.129903469278,0.2552868,62.5134721,1541,3403,68.4,2026-08-17,1.71,42.8,False
832,002320,海峡股份,6.6,0.92,0.4,30.22,6.504311516416,0.1428968,65.8087688,1355,2414,72.8,2026-08-17,1.47,47.9,False
833,002321,华英农业,2.08,2.97,1.6,-73.51,2.017736072669,0.2645848,68.73482178,1735,1551,70.8,2026-08-17,3.09,48.7,False
834,002322,理工能科,12.47,-4.0,7.61,18.92,13.398559333407,0.2670804,69.80411604,-1254,1298,85.2,2026-08-17,-6.93,59.5,False
835,002323,*ST雅博,1.29,-0.77,0.49,-61.41,1.300919418648,0.406352,51.38321544,-508,5141,68.4,2026-08-17,-0.84,35.1,False
836,002324,普利特,9.28,-2.52,1.32,54.27,9.409062051574,0.1536224,64.19389822,287,2909,72.4,2026-08-17,-1.37,46.5,False
837,002326,永太科技,21.08,0.81,4.47,46.58,20.380073229103,0.3939764,70.71779402,2951,1083,81.6,2026-08-17,3.43,57.7,False
838,002327,富安娜,6.57,0.31,0.43,21.2,6.508677188239,0.1057148,67.88641903,-214,1790,69.2,2026-08-17,0.94,47.0,False
839,002328,新朋股份,7.28,-2.54,2.29,13.38,7.402659922763,0.204092,59.46058906,-187,4177,76.0,2026-08-17,-1.66,45.2,False
840,002329,皇氏集团,4.2,-3.67,20.68,214.65,4.280504980413,0.2984068,63.75216561,1765,3042,91.2,2026-08-17,-1.88,58.1,False
841,002330,得利斯,4.2,0.72,3.14,72.67,4.16060894808,0.2361528,67.41818948,1033,1927,78.8,2026-08-17,0.95,53.1,False
842,002331,皖通科技,6.88,-2.13,0.84,-25.55,7.018023473776,0.1077752,55.80360608,-112,4832,68.4,2026-08-17,-1.97,38.2,False
843,002332,仙琚制药,8.45,-0.94,0.46,22.26,8.423640516073,0.2351396,72.18188746,700,795,72.4,2026-08-17,0.31,52.3,False
844,002333,罗普斯金,5.72,2.51,1.31,92.42,5.558571096654,0.3274164,69.23414822,15,1428,69.6,2026-08-17,2.9,48.2,False
845,002334,英威腾,6.58,-2.23,0.91,-44.39,6.696176960406,0.2084544,60.83987019,-278,3862,73.6,2026-08-17,-1.73,44.8,False
846,002335,科华数据,32.07,-3.05,2.07,77.54,32.55954782232,0.3133424,67.80260088,-1001,1805,87.6,2026-08-17,-1.5,59.4,False
847,002337,赛象科技,4.65,-1.06,0.75,91.8,4.68138121854,0.1159712,66.39524357,233,2228,69.6,2026-08-17,-0.67,46.2,False
848,002338,奥普光电,45.75,-0.52,1.33,88.27,45.642876776663,0.2631168,68.62827814,-914,1583,88.4,2026-08-17,0.23,60.7,False
849,002339,积成电子,7.18,-2.31,1.23,-12.33,7.286149669984,0.2214568,56.6416869,-300,4727,78.8,2026-08-17,-1.46,44.6,False
850,002340,格林美,6.6,-2.08,0.87,16.11,6.69046842454,0.4442276,70.18890345,1635,1201,82.8,2026-08-17,-1.35,58.1,False
851,002342,巨力索具,8.24,-1.9,2.0,1040.82,8.283700363101,0.208388,61.09903785,1266,3778,74.0,2026-08-17,-0.53,45.2,False
852,002343,慈文传媒,5.04,-1.95,1.02,-45.45,5.109172055556,0.0778328,58.88957804,-535,4311,72.4,2026-08-17,-1.35,42.6,False
853,002344,海宁皮城,3.88,-0.26,0.4,33.4,3.865715298982,0.2002652,61.53299038,-558,3666,71.6,2026-08-17,0.37,44.1,False
854,002345,潮宏基,10.16,-1.36,1.2,8.56,10.262764805453,0.2389332,76.978441,-88,201,83.6,2026-08-17,-1.0,64.4,False
855,002346,柘中股份,25.62,5.3,4.33,4212.37,24.036906945577,0.3429056,70.92308741,-382,1030,76.4,2026-08-17,6.59,54.2,False
856,002347,泰尔股份,6.06,-0.98,1.81,-100.15,6.05768418065,0.1334768,56.31427857,-2053,4768,76.8,2026-08-17,0.04,43.2,False
857,002348,高乐股份,12.09,-2.11,1.31,-214.28,12.387670368301,0.3807916,55.93294423,-331,4818,83.6,2026-08-17,-2.4,46.8,False
858,002349,精华制药,7.13,0.14,1.44,22.49,7.071582712555,0.2568568,66.30698908,-607,2261,84.0,2026-08-17,0.83,55.7,False
859,002350,北京科锐,15.18,-1.11,0.97,-86.15,15.176660067665,0.2876348,66.82485483,1804,2107,70.8,2026-08-17,0.02,47.3,False
860,002351,漫步者,9.73,-1.42,0.66,21.16,9.785912165805,0.1488044,71.21708833,553,966,76.0,2026-08-17,-0.57,54.1,False
861,002352,顺丰控股,32.43,-0.28,0.18,16.9,32.493515402966,0.3153064,73.11815571,-167,636,85.2,2026-08-17,-0.2,62.3,False
862,002353,杰瑞股份,163.62,-1.49,1.71,70.04,160.881237797811,0.5262708,82.60641454,31,17,89.2,2026-08-17,1.7,73.7,False
863,002354,天娱数科,7.83,-4.98,8.6,107.1,8.157482647733,0.2952828,62.27784799,-839,3469,92.0,2026-08-17,-4.01,57.3,False
864,002355,兴民智通,4.78,-2.05,1.48,-4.78,4.859887466373,0.2048116,51.96055875,-5,5124,81.6,2026-08-17,-1.64,42.4,False
865,002356,鹏飞绿能,2.77,-1.07,0.82,-121.06,2.800215591291,0.2990896,68.12994971,536,1718,66.4,2026-08-17,-1.08,45.2,False
866,002357,富临运业,10.79,-0.83,2.39,12.9,10.728861752822,0.2392836,73.26319033,50,604,80.4,2026-08-17,0.57,58.9,False
867,002358,森源电气,5.49,-2.14,0.76,23.99,5.561433913217,0.2222056,60.69435651,-988,3893,77.2,2026-08-17,-1.28,46.9,False
868,002360,ST同德,5.48,-0.54,0.61,-49.59,5.51853816281,0.4056252,57.1080116,482,4660,62.4,2026-08-17,-0.7,35.6,False
869,002361,神剑股份,12.01,-2.36,5.87,-542.05,12.112209754891,0.23726,62.7436221,1707,3325,80.8,2026-08-17,-0.84,50.7,False
870,002362,汉王科技,15.86,-1.92,0.89,-22.93,16.063742449946,0.1424556,61.1108096,1056,3773,75.2,2026-08-17,-1.27,46.0,False
871,002363,隆基机械,6.46,-1.37,0.64,38.4,6.516426891294,0.1081504,64.69376518,-309,2755,70.0,2026-08-17,-0.87,45.3,False
872,002364,中恒电气,44.02,-3.42,4.99,248.72,45.207239468041,0.4102808,71.12457353,-955,987,92.4,2026-08-17,-2.63,65.7,False
873,002365,永安药业,15.55,9.97,8.18,148.07,13.717367678529,0.296114,69.89404017,2567,1273,76.8,2026-08-17,13.36,53.7,False
874,002366,融发核电,5.89,-3.44,1.86,303.63,6.078170133211,0.2654256,59.31896976,-367,4219,87.2,2026-08-17,-3.1,51.7,False
875,002367,康力电梯,5.42,-1.28,0.69,29.36,5.471664966914,0.281202,62.22663245,-780,3479,72.0,2026-08-17,-0.94,44.8,False
876,002368,太极股份,13.9,-3.2,0.99,-18.1,14.229833029729,0.191364,59.73517227,-1879,4094,82.0,2026-08-17,-2.32,49.0,False
877,002369,卓翼科技,5.74,-2.38,1.79,-39.3,5.872930778403,0.1870244,57.00211159,-829,4677,83.2,2026-08-17,-2.26,47.4,False
878,002370,亚太药业,6.02,-3.22,6.51,-433.71,6.270369007108,0.3674504,74.65525509,596,437,90.0,2026-08-17,-3.99,67.2,False
879,002371,北方华创,764.11,-0.24,0.64,84.8,755.049856965824,0.5295436,80.39756958,312,43,90.8,2026-08-17,1.2,73.0,False
880,002372,伟星新材,8.4,-0.36,0.37,17.14,8.38235334732,0.1350364,71.87265081,538,833,77.2,2026-08-17,0.21,55.5,False
881,002373,千方科技,7.66,-1.54,0.58,810.0,7.716235419998,0.195068,64.55844957,-545,2804,76.4,2026-08-17,-0.73,49.3,False
882,002374,中锐股份,3.1,-0.96,0.61,-6.96,3.102593720665,0.2654328,50.63521518,-108,5163,76.0,2026-08-17,-0.08,38.5,False
883,002375,亚厦股份,3.66,-0.27,0.52,18.67,3.646451602943,0.2149352,70.94912854,745,1023,66.0,2026-08-17,0.37,46.8,False
884,002376,新北洋,6.8,-3.0,1.71,146.72,6.984319048871,0.23895,70.29822323,-307,1177,78.4,2026-08-17,-2.64,55.1,False
885,002377,国创高新,2.75,0.73,2.37,92.26,2.708465546984,0.1977156,62.54382179,-1275,3396,69.2,2026-08-17,1.53,43.3,False
886,002378,章源钨业,26.67,-0.34,2.35,21.01,26.53932877269,0.3081964,71.49733541,1080,906,84.8,2026-08-17,0.49,60.6,False
887,002379,宏桥控股,19.1,-2.75,2.48,9.21,19.562176400391,0.340626,78.01516681,-71,138,88.0,2026-08-17,-2.36,68.7,False
888,002380,科远智慧,28.85,-1.94,1.39,22.7,29.094711972266,0.2160776,71.64796948,527,876,73.6,2026-08-17,-0.84,52.7,False
889,002381,双箭股份,5.47,-0.55,0.61,32.76,5.477290846513,0.0709676,63.0142715,522,3257,68.0,2026-08-17,-0.13,42.8,False
890,002382,蓝帆医疗,5.93,0.0,0.62,1551.4,5.911479109598,0.1520668,59.42528103,-302,4182,72.4,2026-08-17,0.31,43.0,False
891,002383,合众思壮,7.07,-1.81,0.65,3091.78,7.123845795482,0.3184316,66.46017199,2131,2205,73.6,2026-08-17,-0.76,48.9,False
892,002384,东山精密,210.55,-3.27,2.31,86.87,214.336149151054,0.5543416,78.00649707,498,140,94.0,2026-08-17,-1.77,73.3,False
893,002385,大北农,3.29,7.17,5.38,-20.13,3.055048922223,0.4063884,65.85227296,2292,2401,78.8,2026-08-17,7.69,51.9,False
894,002386,天原股份,5.73,-1.55,0.52,24.35,5.787445582416,0.3740336,62.28578747,218,3466,73.6,2026-08-17,-0.99,45.8,False
895,002387,维信诺,7.11,0.0,0.55,-3.97,7.090606734024,0.2395272,56.69380116,-267,4717,79.2,2026-08-17,0.27,44.9,False
896,002388,新亚制程,5.98,-0.66,4.79,164.86,5.916201482585,0.2184036,55.7987636,-644,4834,86.4,2026-08-17,1.08,48.2,False
897,002389,航天彩虹,18.18,-2.47,1.14,44.28,18.556101323491,0.2786476,58.64356824,-879,4371,87.2,2026-08-17,-2.03,51.1,False
898,002390,信邦制药,3.11,-0.96,0.88,31.06,3.137824295325,0.293944,73.01537677,-283,647,76.4,2026-08-17,-0.89,55.8,False
899,002391,长青股份,5.19,0.19,1.11,31.24,5.158567747477,0.1809088,59.27173145,-820,4226,68.8,2026-08-17,0.61,40.8,False
900,002392,北京利尔,7.77,2.51,1.1,17.73,7.536922862426,0.2875808,70.39502454,1023,1151,72.8,2026-08-17,3.09,51.2,False
901,002393,力生制药,14.72,-0.54,0.41,21.87,14.759892965156,0.1481188,64.40422697,-227,2850,72.8,2026-08-17,-0.27,46.9,False
902,002394,联发股份,9.65,-1.83,0.5,69.73,9.788810886508,0.1692004,64.2136043,-585,2903,67.2,2026-08-17,-1.42,43.2,False
903,002395,双象股份,12.52,0.08,0.66,27.75,12.491132536666,0.1286716,64.48790905,-405,2823,67.6,2026-08-17,0.23,43.6,False
904,002396,星网锐捷,32.2,-5.04,9.36,32.85,33.11322041896,0.3634536,82.36763649,-8,19,94.8,2026-08-17,-2.76,78.1,False
905,002397,梦洁股份,3.53,-1.4,0.86,41.68,3.554783012129,0.152272,61.80588388,-46,3603,67.6,2026-08-17,-0.7,41.8,False
906,002398,垒知集团,4.08,-1.45,0.81,24.93,4.127029492914,0.2004124,61.71083508,736,3630,70.8,2026-08-17,-1.14,43.7,False
907,002399,海普瑞,10.48,-0.76,0.22,20.5,10.514895824181,0.1770064,63.04346771,-820,3245,81.2,2026-08-17,-0.33,51.2,False
908,002400,省广集团,6.78,-3.14,4.3,193.03,6.923791873558,0.361696,75.0170356,850,394,92.8,2026-08-17,-2.08,69.6,False
909,002401,中远海科,12.04,-2.11,0.58,153.26,12.28896290068,0.1133412,64.79568712,-1347,2731,75.2,2026-08-17,-2.03,48.7,False
910,002402,和而泰,21.45,-1.83,1.33,29.13,21.523333690693,0.3453832,72.26124126,1360,780,79.2,2026-08-17,-0.34,57.2,False
911,002403,爱仕达,9.78,-0.1,0.87,-79.44,9.712306182838,0.1130296,54.86558074,-10,4945,74.4,2026-08-17,0.7,40.8,False
912,002404,嘉欣丝绸,6.07,1.0,1.3,15.48,5.966135694934,0.2184448,68.33898464,1421,1662,63.6,2026-08-17,1.74,43.5,False
913,002405,四维图新,6.36,-2.3,0.85,-26.08,6.473791164053,0.2158168,59.50880146,-423,4153,77.6,2026-08-17,-1.76,46.2,False
914,002406,远东传动,6.81,-1.02,1.48,24.73,6.849097704358,0.1712888,69.28009965,1589,1419,72.0,2026-08-17,-0.57,49.9,False
915,002407,多氟多,38.66,-1.35,9.33,44.96,39.052011719575,0.3253252,64.90501734,-487,2703,95.2,2026-08-17,-1.0,61.8,False
916,002408,齐翔腾达,5.16,0.58,0.61,-40.02,5.070632991379,0.2898668,65.00402963,-1206,2673,73.6,2026-08-17,1.76,47.8,False
917,002409,雅克科技,156.56,-1.54,5.36,69.85,155.759075805283,0.4398348,78.18924797,1223,132,92.4,2026-08-17,0.51,72.2,False
918,002410,广联达,9.0,-1.32,0.7,108.68,9.064619481563,0.1846588,69.14219512,-539,1444,80.8,2026-08-17,-0.71,55.9,False
919,002412,汉森制药,7.59,1.07,5.8,24.86,7.44239913315,0.2493692,72.64815104,2163,703,78.4,2026-08-17,1.98,57.0,False
920,002413,雷科防务,8.54,-2.51,1.69,-310.9,8.669977837019,0.2092076,58.18744264,-198,4467,76.4,2026-08-17,-1.5,44.5,False
921,002414,高德红外,13.92,-1.14,1.04,40.62,13.884450214757,0.348414,72.3667568,281,764,82.8,2026-08-17,0.26,59.9,False
922,002415,海康威视,34.7,-1.11,0.3,20.14,35.018622775824,0.4272984,74.07700437,-175,495,90.0,2026-08-17,-0.91,66.7,False
923,002416,爱施德,9.55,-2.55,0.99,23.12,9.721434907077,0.2527232,68.05846904,-1220,1736,81.2,2026-08-17,-1.76,55.3,False
924,002418,康盛股份,3.87,-4.68,8.01,227.48,4.134327760248,0.3008072,65.35470818,-2050,2570,91.2,2026-08-17,-6.39,59.6,False
925,002419,天虹股份,4.66,0.65,0.71,8.98,4.608408418387,0.2148396,64.36010006,-1331,2865,73.2,2026-08-17,1.12,47.1,False
926,002420,毅昌科技,5.91,-1.01,0.87,28.98,5.862566392759,0.2379688,69.02893123,1981,1467,70.0,2026-08-17,0.81,48.3,False
927,002421,达实智能,3.33,-3.2,6.29,-194.02,3.39809868523,0.2601208,57.71206512,-2041,4553,89.6,2026-08-17,-2.0,51.7,False
928,002422,科伦药业,46.52,-0.36,1.44,40.78,46.345860877338,0.3390008,72.07779144,88,808,90.0,2026-08-17,0.38,64.9,False
929,002423,中粮资本,8.95,-0.33,0.24,19.1,8.920389417094,0.274172,67.51104709,706,1899,77.2,2026-08-17,0.33,52.1,False
930,002424,ST百灵,4.57,-0.44,0.2,56.64,4.580813687559,0.277506,57.58136675,-447,4576,74.8,2026-08-17,-0.24,43.1,False
931,002425,凯撒文化,3.12,-4.29,2.97,62.94,3.231699182525,0.1717832,54.14260484,-223,5001,83.6,2026-08-17,-3.46,45.3,False
932,002426,胜利精密,2.72,-3.2,1.43,-30.65,2.789823735043,0.39966,58.96406617,-623,4294,76.8,2026-08-17,-2.5,45.3,False
933,002427,尤夫股份,4.36,-0.68,0.45,-53.56,4.374682418405,0.1656612,51.91439678,-349,5126,73.2,2026-08-17,-0.34,38.0,False
934,002428,云南锗业,108.04,-1.47,10.17,1937.03,107.41963085074,0.4681424,66.13188042,2163,2308,95.2,2026-08-17,0.58,63.0,False
935,002429,兆驰股份,8.52,-2.41,0.93,46.0,8.618477600971,0.3971096,76.19228622,-61,272,82.4,2026-08-17,-1.14,62.8,False
936,002430,杭氧股份,23.76,0.3,0.74,21.92,23.572823002128,0.3134424,68.21586728,-480,1703,77.2,2026-08-17,0.79,52.7,False
937,002431,ST棕榈,1.38,2.99,1.67,-4.91,1.336387920475,0.4480504,54.64410936,165,4969,70.4,2026-08-17,3.26,38.5,False
938,002432,九安医疗,73.87,-2.31,2.42,29.31,75.216747156641,0.3787328,74.47397041,90,451,88.8,2026-08-17,-1.79,66.1,False
939,002434,万里扬,5.91,-1.34,0.48,26.97,5.952317971521,0.278446,62.72224637,-116,3334,76.8,2026-08-17,-0.71,48.2,False
940,002436,兴森科技,37.01,-3.37,5.87,838.97,37.057601324322,0.4871604,76.25638533,1104,264,92.0,2026-08-17,-0.13,70.2,False
941,002437,誉衡药业,4.75,-4.62,26.34,27.9,4.727701964701,0.4861784,76.76375005,856,221,92.4,2026-08-17,0.47,70.9,False
942,002438,江苏神通,14.24,-0.14,0.87,24.0,14.266192975599,0.274776,71.41211764,1515,925,78.8,2026-08-17,-0.18,56.3,False
943,002439,启明星辰,13.64,-2.08,1.44,84.8,13.802820766598,0.3431704,64.0028688,519,2974,84.0,2026-08-17,-1.18,53.8,False
944,002440,闰土股份,13.02,-0.15,2.28,19.91,12.824023810038,0.3184536,71.07209429,1901,996,82.0,2026-08-17,1.53,58.3,False
945,002441,众业达,7.87,-1.87,0.66,11.18,7.985026778206,0.1719888,60.21899894,-115,4003,70.4,2026-08-17,-1.44,42.4,False
946,002442,龙星科技,5.01,-0.79,0.71,71.38,5.008696564985,0.1690164,54.51808187,159,4977,68.0,2026-08-17,0.03,37.1,False
947,002443,金洲管道,9.37,-2.29,2.56,30.55,9.323485291307,0.3516832,76.70324816,7,222,78.4,2026-08-17,0.5,60.1,False
948,002444,巨星科技,30.32,0.83,0.36,17.57,30.010469701053,0.285022,66.89618874,-1273,2083,76.8,2026-08-17,1.03,51.4,False
949,002445,中南文化,,,0.0,69.04,3.059591481567,0.1772256,62.79063354,267,3314,75.2,2026-08-17,,47.2,False
950,002446,盛路通信,8.94,-3.04,1.98,81.81,9.111467027941,0.3084388,66.27084683,-1002,2270,75.2,2026-08-17,-1.88,49.8,False
951,002448,中原内配,13.85,1.61,6.01,10.28,13.406161292113,0.4804424,81.47776479,445,29,80.4,2026-08-17,3.31,65.5,False
952,002449,国星光电,6.46,-1.97,0.78,-29.75,6.540748951393,0.229824,58.42761552,-729,4412,72.8,2026-08-17,-1.23,42.5,False
953,002451,摩恩电气,7.34,-1.48,0.85,135.85,7.417445318688,0.1446404,58.78995655,-460,4337,78.8,2026-08-17,-1.04,46.3,False
954,002452,长高电气,11.55,-2.12,1.12,31.64,11.770259185771,0.2960852,71.72358373,953,859,75.6,2026-08-17,-1.87,54.2,False
955,002453,华软科技,4.4,-2.0,0.83,-23.33,4.437436997883,0.2002064,53.15529505,98,5067,70.0,2026-08-17,-0.84,37.2,False
956,002454,松芝股份,4.96,-1.78,0.73,15.27,5.047718358346,0.2098736,61.13528241,-386,3764,70.0,2026-08-17,-1.74,42.8,False
957,002455,百川股份,7.38,-1.2,2.29,37.67,7.359964445103,0.23992,58.41821464,716,4417,81.2,2026-08-17,0.27,47.4,False
958,002456,欧菲光,7.07,-1.81,1.23,-24.97,7.180158592314,0.3043396,56.65469067,-169,4724,74.8,2026-08-17,-1.53,42.4,False
959,002457,青龙管业,11.06,2.03,5.02,-145.41,10.79461139855,0.2342156,58.75137318,172,4344,78.0,2026-08-17,2.46,45.8,False
960,002458,益生股份,9.73,0.0,4.85,22.64,9.663655252083,0.245504,70.85278041,561,1057,89.6,2026-08-17,0.69,63.5,False
961,002459,晶澳科技,7.65,-0.65,0.63,-5.93,7.675812298395,0.2987716,61.94965944,1116,3558,75.6,2026-08-17,-0.34,46.8,False
962,002460,赣锋锂业,53.44,-1.55,1.66,15.25,53.947011891958,0.3353464,67.58705177,-1395,1875,85.6,2026-08-17,-0.94,57.9,False
963,002461,珠江啤酒,8.69,0.35,0.09,26.84,8.589074617113,0.078166,66.30780466,-545,2260,70.0,2026-08-17,1.18,46.4,False
964,002462,嘉事堂,12.28,-0.81,0.55,23.52,12.289047414755,0.2342456,68.58607026,170,1596,69.6,2026-08-17,-0.07,47.7,False
965,002463,沪电股份,121.9,-2.55,1.11,47.22,123.367007852618,0.4291204,75.12970049,226,378,87.2,2026-08-17,-1.19,65.5,False
966,002465,海格通信,10.49,-2.42,0.9,1116.88,10.640001080585,0.2605476,52.61975022,-91,5097,75.2,2026-08-17,-1.41,39.6,False
967,002466,天齐锂业,47.78,-2.13,1.56,10.91,48.550678650821,0.3423972,65.85632622,-1946,2399,89.6,2026-08-17,-1.59,59.0,False
968,002467,二六三,4.76,-4.61,2.94,-134.27,4.959623233243,0.2655468,60.97609397,-2565,3818,87.6,2026-08-17,-4.02,53.4,False
969,002468,申通快递,14.6,-0.27,0.37,12.18,14.421359414958,0.2486196,70.37564185,-391,1159,75.2,2026-08-17,1.24,52.9,False
970,002469,三维化学,6.1,-3.33,2.34,-1027.42,6.171141064505,0.4895364,72.77239369,1688,689,69.2,2026-08-17,-1.15,50.4,False
971,002470,金正大,2.01,2.03,2.1,144.32,1.958084486515,0.3441176,63.45408711,173,3131,72.0,2026-08-17,2.65,45.7,False
972,002471,中超控股,5.73,-1.72,1.49,-308.88,5.765363677027,0.2243548,56.33367949,393,4766,73.6,2026-08-17,-0.61,41.5,False
973,002472,双环传动,39.13,1.24,2.34,29.27,38.297091629373,0.310032,67.38626887,477,1937,83.2,2026-08-17,2.17,56.1,False
974,002474,榕基软件,6.26,-3.99,4.61,-124.92,6.482117358821,0.2533236,61.08716007,-615,3784,88.4,2026-08-17,-3.43,54.0,False
975,002475,立讯精密,57.43,-2.4,0.74,30.36,57.906093984267,0.5077404,79.98041831,196,53,88.4,2026-08-17,-0.82,70.7,False
976,002476,新叶股份,4.92,-1.99,3.85,61.86,4.876396128331,0.4562012,73.89820977,1753,524,67.6,2026-08-17,0.89,50.0,False
977,002478,常宝股份,6.79,-1.02,3.29,22.85,6.534269404759,0.3226336,74.64168319,2335,439,69.2,2026-08-17,3.91,51.7,False
978,002479,富春环保,5.73,-0.17,0.84,11.99,5.706652456601,0.130118,68.98029853,1670,1479,71.2,2026-08-17,0.41,49.1,False
979,002480,新筑股份,5.66,0.0,0.39,-28.69,5.633287790816,0.23369,60.96556699,-496,3821,74.4,2026-08-17,0.47,45.4,False
980,002481,双塔食品,4.32,0.7,0.92,88.97,4.26426442779,0.2055332,64.9036828,1535,2704,75.6,2026-08-17,1.31,49.1,False
981,002482,广田集团,1.26,-0.79,0.6,-46.64,1.269443546337,0.5417232,62.19481269,-366,3490,71.2,2026-08-17,-0.74,44.3,False
982,002483,润邦股份,5.53,-0.72,1.2,17.91,5.544193638971,0.28185,75.10212677,4,384,80.8,2026-08-17,-0.26,60.7,False
983,002484,江海股份,67.17,-3.97,4.48,88.16,68.407678075997,0.4284044,72.88037879,-374,673,88.4,2026-08-17,-1.81,64.4,False
984,002485,ST雪发,6.08,-0.16,0.23,-52.73,6.11766746988,0.1698012,60.93838749,-1071,3833,65.2,2026-08-17,-0.62,39.7,False
985,002486,嘉麟杰,2.56,-4.12,2.84,346.34,2.653605523187,0.2699124,66.24774065,-1041,2274,75.2,2026-08-17,-3.53,49.8,False
986,002487,大金重工,41.3,-1.48,1.34,17.58,41.637212671926,0.2248936,68.29209018,-549,1687,83.6,2026-08-17,-0.81,57.1,False
987,002488,金固股份,8.4,-1.41,0.95,90.08,8.456950100945,0.2044976,59.35636357,425,4205,75.6,2026-08-17,-0.67,44.9,False
988,002489,浙江永强,2.73,-1.09,1.26,-736.22,2.7462928303,0.33284,63.39788076,-693,3148,70.8,2026-08-17,-0.59,44.9,False
989,002490,山东墨龙,8.08,5.62,11.99,297.91,7.698428275099,0.2313708,60.67159677,-52,3899,82.8,2026-08-17,4.96,50.2,False
990,002491,通鼎互联,19.4,-4.43,10.09,116.34,19.766073029236,0.3530472,70.95809448,-114,1020,95.6,2026-08-17,-1.85,67.8,False
991,002492,恒基达鑫,5.54,-1.42,0.46,28.58,5.598911302851,0.107364,52.56814373,43,5103,64.4,2026-08-17,-1.05,33.9,False
992,002493,荣盛石化,12.65,-0.94,0.31,11.22,12.725694521298,0.3239448,71.1360399,-786,985,82.4,2026-08-17,-0.59,58.6,False
993,002494,华斯股份,4.82,-1.03,1.28,54.46,4.815126074819,0.1212996,68.21226173,1257,1705,68.0,2026-08-17,0.1,46.4,False
994,002495,佳隆股份,2.43,-0.41,1.19,231.75,2.423462620215,0.2419284,64.6654398,-792,2767,70.0,2026-08-17,0.27,45.3,False
995,002496,辉丰股份,2.16,2.37,1.59,1408.24,2.089920743779,0.403199803922,57.52412118,535,4582,69.2,2026-08-17,3.35,39.8,False
996,002497,雅化集团,19.22,-1.84,1.98,16.35,19.426439981291,0.2889972,75.0825794,-157,385,82.0,2026-08-17,-1.06,61.6,False
997,002498,汉缆股份,6.56,-3.1,1.87,34.02,6.683399705138,0.2429328,63.62017986,-795,3089,87.6,2026-08-17,-1.85,55.7,False
998,002500,山西证券,5.24,-1.32,0.21,18.44,5.299137057225,0.2702196,59.21693945,-317,4244,74.8,2026-08-17,-1.12,44.3,False
999,002501,*ST利源,1.29,-0.77,0.21,-88.75,1.298559014544,0.4211932,49.77121405,-236,5179,69.6,2026-08-17,-0.66,34.6,False
1000,002506,协鑫集成,2.71,-1.09,1.67,-21.21,2.721642488168,0.2746604,56.50830382,-513,4749,74.4,2026-08-17,-0.43,42.0,False
1001,002507,涪陵榨菜,11.35,0.09,0.47,12.02,11.275539473303,0.2032488,67.52758606,-786,1892,81.6,2026-08-17,0.66,55.1,False
1002,002508,老板电器,15.51,-0.77,0.38,11.95,15.616815465235,0.1701904,69.13815333,-805,1445,79.2,2026-08-17,-0.68,54.8,False
1003,002510,天汽模,5.61,-0.36,1.73,96.94,5.598613530689,0.2741796,57.46814707,-48,4593,74.8,2026-08-17,0.2,43.0,False
1004,002511,中顺洁柔,7.16,0.14,0.36,22.34,7.086722230006,0.2012176,67.82039298,250,1803,74.8,2026-08-17,1.03,50.7,False
1005,002512,ST达华,3.93,-2.48,1.41,29.73,4.027482941256,0.2633656,60.13824993,-3026,4028,77.6,2026-08-17,-2.42,46.7,False
1006,002513,蓝丰生化,5.31,-0.19,1.17,-33.59,5.297029488667,0.1122212,61.24252278,687,3733,68.0,2026-08-17,0.24,41.6,False
1007,002514,*ST宝馨,1.77,-4.84,4.18,-25.38,1.83660955087,0.2854004,48.61637486,-11,5187,73.2,2026-08-17,-3.63,35.6,False
1008,002515,金字火腿,8.36,5.56,9.57,-622.53,7.772355256323,0.4181228,66.76263966,-164,2123,76.8,2026-08-17,7.56,51.3,False
1009,002516,旷达科技,5.33,-1.66,0.3,35.83,5.356862532989,0.2940712,68.45930543,1242,1627,70.4,2026-08-17,-0.5,48.2,False
1010,002517,恺英网络,17.1,-2.56,2.18,11.7,17.593562074241,0.3116936,71.06529238,-928,997,90.8,2026-08-17,-2.81,64.5,False
1011,002518,科士达,35.15,-3.14,1.12,36.9,35.759408857941,0.2567228,74.54702578,51,448,81.2,2026-08-17,-1.7,60.5,False
1012,002519,银河电子,5.53,-1.6,1.17,572.41,5.574709833341,0.1766128,57.23519401,-241,4637,76.4,2026-08-17,-0.8,43.7,False
1013,002520,日发精机,6.85,4.74,10.03,37.99,6.484788467295,0.2307496,64.39033503,-2298,2854,91.6,2026-08-17,5.63,59.0,False
1014,002521,齐峰新材,6.8,-0.44,0.51,23.94,6.787870833056,0.2245832,66.61625898,-76,2166,66.4,2026-08-17,0.18,44.2,False
1015,002522,浙江众成,5.0,-2.53,1.4,74.07,5.076325515642,0.2431512,58.97799914,85,4292,71.6,2026-08-17,-1.5,42.2,False
1016,002523,天桥起重,3.42,0.0,0.77,66.81,3.399447772839,0.3237156,71.03759158,690,1003,71.2,2026-08-17,0.6,50.6,False
1017,002524,光正眼科,4.02,-0.74,1.34,-135.04,4.007526736351,0.1363816,60.73770512,-987,3886,74.0,2026-08-17,0.31,44.9,False
1018,002526,山东矿机,2.7,-1.82,0.78,119.63,2.738852693043,0.306208,59.55276912,-563,4140,74.8,2026-08-17,-1.42,44.5,False
1019,002527,新时达,11.76,-0.76,0.6,-259.48,11.787651901493,0.1760728,59.35778216,510,4202,74.0,2026-08-17,-0.23,43.9,False
1020,002528,*ST英飞,5.07,4.32,1.08,-77.71,4.877607915808,0.3493128,56.14829305,-1274,4790,74.4,2026-08-17,3.94,41.8,False
1021,002529,海源复材,7.24,0.7,1.18,-23.18,7.11173049324,0.118808235294,55.53736942,139,4864,70.4,2026-08-17,1.8,39.1,False
1022,002530,金财互联,7.09,-2.88,1.34,85.69,7.248815564456,0.2427408,67.45863937,769,1915,79.2,2026-08-17,-2.19,53.4,False
1023,002531,天顺风能,6.38,-2.6,1.16,69.22,6.502170482488,0.1886528,56.06589799,-160,4800,78.0,2026-08-17,-1.88,43.7,False
1024,002532,天山铝业,13.23,-2.36,1.17,6.9,13.449744408258,0.400356,73.58782125,405,556,88.0,2026-08-17,-1.63,64.8,False
1025,002533,金杯电工,11.44,-1.12,0.51,13.25,11.494358741845,0.2906112,76.31457523,280,256,77.2,2026-08-17,-0.47,58.9,False
1026,002534,西子洁能,16.01,-0.5,0.67,55.6,15.853362874874,0.2032848,67.4446105,28,1921,77.6,2026-08-17,0.99,52.3,False
1027,002535,林州重机,2.52,-0.79,0.69,95.89,2.53130181038,0.1009672,58.91894899,321,4306,70.4,2026-08-17,-0.45,41.5,False
1028,002536,飞龙股份,44.53,-3.43,4.78,110.64,44.627969805394,0.4208024,73.20357807,704,617,84.4,2026-08-17,-0.22,61.8,False
1029,002537,海联金汇,5.65,-2.25,0.72,31.9,5.722722818483,0.2152488,66.03334544,954,2340,76.0,2026-08-17,-1.27,50.2,False
1030,002538,ST司特,7.19,0.98,0.61,22.2,7.127401358642,0.3280412,67.37850491,-783,1943,73.6,2026-08-17,0.88,49.6,False
1031,002539,云图控股,12.78,2.4,1.69,12.71,12.444994855838,0.1637912,69.6877705,791,1326,79.6,2026-08-17,2.69,55.5,False
1032,002540,亚太科技,5.13,-0.97,0.33,40.35,5.15544117547,0.1251344,68.42344124,403,1636,71.6,2026-08-17,-0.49,49.0,False
1033,002541,鸿路钢构,19.97,2.41,0.98,23.34,19.396393768085,0.1363112,70.51020548,1065,1128,78.4,2026-08-17,2.96,55.3,False
1034,002542,*ST中岩,1.7,-2.3,0.73,-18.2,1.734421171833,0.4233564,58.44402306,-2685,4406,73.2,2026-08-17,-1.98,42.8,False
1035,002543,万和电气,6.84,-1.58,0.73,15.97,6.946586518801,0.2045392,71.26764426,898,958,82.0,2026-08-17,-1.53,58.4,False
1036,002544,普天科技,16.81,-3.61,1.24,-172.59,17.092744888798,0.2887588,68.92708886,1746,1502,74.8,2026-08-17,-1.65,51.6,False
1037,002545,东方铁塔,18.01,0.45,0.84,13.94,17.760484206756,0.1915716,75.38216957,1145,344,77.6,2026-08-17,1.4,58.5,False
1038,002546,新联电子,8.29,-3.83,2.93,7.63,8.534321303247,0.2442168,69.64093981,1291,1337,82.8,2026-08-17,-2.86,57.7,False
1039,002547,*ST春兴,2.58,-5.15,1.94,-14.53,2.744067348335,0.2762416,57.34359285,-2533,4617,74.0,2026-08-17,-5.98,42.4,False
1040,002548,金新农,4.26,1.43,3.28,-4.78,4.168597756439,0.2983956,60.86240184,979,3856,74.4,2026-08-17,2.19,45.3,False
1041,002549,凯美特气,14.35,-1.58,1.26,227.59,14.435185932966,0.2080992,59.06577429,566,4277,81.2,2026-08-17,-0.59,48.0,False
1042,002550,千红制药,7.14,-0.28,2.16,29.9,7.089677300471,0.2397444,69.71746008,-1154,1318,86.8,2026-08-17,0.71,60.5,False
1043,002551,尚荣医疗,3.31,-3.22,3.17,-387.35,3.410172750297,0.1787764,67.43120085,1571,1924,77.6,2026-08-17,-2.94,52.3,False
1044,002552,宝鼎科技,57.06,-7.97,7.0,83.8,60.268063940471,0.3129828,75.93213742,-212,291,94.4,2026-08-17,-5.32,71.7,False
1045,002553,南方精工,16.8,5.53,4.51,5738.81,15.770276264709,0.1454952,67.58420511,1454,1876,75.2,2026-08-17,6.53,50.8,False
1046,002554,惠博普,2.89,1.76,1.33,-35.5,2.833804006758,0.2899708,56.0974755,-921,4795,70.4,2026-08-17,1.98,39.5,False
1047,002555,三七互娱,19.14,-1.95,1.12,12.12,19.387064741534,0.3487744,70.97700742,-876,1014,92.4,2026-08-17,-1.27,65.6,False
1048,002556,辉隆股份,5.26,2.53,2.03,21.84,5.110639577141,0.2014912,69.91436928,451,1266,72.8,2026-08-17,2.92,50.9,False
1049,002557,洽洽食品,19.14,0.26,0.75,14.39,18.939432617101,0.2020028,64.06348176,-1448,2959,80.4,2026-08-17,1.06,51.5,False
1050,002558,巨人网络,27.06,-0.48,1.77,11.9,27.316285096333,0.3443884,72.02101841,-438,814,86.8,2026-08-17,-0.94,62.5,False
1051,002559,亚威股份,10.02,-1.47,1.96,50.01,10.084794584541,0.2845476,68.75778687,347,1539,83.2,2026-08-17,-0.64,57.2,False
1052,002560,通达股份,6.45,-1.53,1.91,41.01,6.491974129155,0.1686232,64.69622104,226,2754,76.0,2026-08-17,-0.65,49.2,False
1053,002561,徐家汇,6.81,0.0,0.71,-1168.88,6.756606018334,0.1136096,57.37047444,174,4612,72.8,2026-08-17,0.79,41.8,False
1054,002562,兄弟科技,5.01,1.42,5.09,40.64,4.922105988113,0.2498244,71.95802065,852,822,87.2,2026-08-17,1.79,62.7,False
1055,002563,森马服饰,5.88,2.08,0.91,16.53,5.743731041817,0.1158424,74.90513937,354,407,75.6,2026-08-17,2.37,56.6,False
1056,002564,天沃科技,4.5,-1.32,0.69,296.38,4.536431321306,0.1478456,60.85150525,-1529,3859,75.2,2026-08-17,-0.8,45.8,False
1057,002565,顺灏股份,9.43,-3.08,1.5,125.05,9.593988045232,0.1853084,60.43937277,1056,3951,73.2,2026-08-17,-1.71,44.2,False
1058,002566,益盛药业,6.83,-0.58,1.81,35.0,6.84162192179,0.1159324,54.67707045,59,4965,74.0,2026-08-17,-0.17,40.5,False
1059,002567,唐人神,3.69,1.37,1.03,-2.11,3.633887435048,0.2972164,65.98512204,883,2357,75.6,2026-08-17,1.54,49.9,False
1060,002568,百润股份,18.95,-0.21,0.83,20.61,18.742196782429,0.2145488,68.6264582,-581,1585,82.8,2026-08-17,1.11,56.8,False
1061,002569,*ST步森,12.29,-1.29,0.09,-106.08,12.365426841995,0.2395928,56.56138469,-308,4740,62.0,2026-08-17,-0.61,35.1,False
1062,002570,贝因美,4.65,0.0,0.99,32.23,4.628386647793,0.3437784,70.80462794,368,1072,77.2,2026-08-17,0.47,54.7,False
1063,002571,德力股份,11.22,-0.27,0.39,-60.85,11.168302521008,0.2879112,57.25129938,-167,4635,68.4,2026-08-17,0.46,39.2,False
1064,002572,索菲亚,8.01,-0.87,0.66,-50.18,8.037362735366,0.1929224,64.96961575,-588,2684,77.6,2026-08-17,-0.34,50.4,False
1065,002573,清新环境,3.25,-0.91,0.65,53.31,3.270884435104,0.2527988,67.9252335,734,1776,79.2,2026-08-17,-0.64,53.8,False
1066,002574,明牌珠宝,4.6,-0.86,0.49,49.32,4.656236907929,0.177684,59.20615992,443,4247,67.6,2026-08-17,-1.21,40.0,False
1067,002575,群兴玩具,5.22,-5.26,4.82,-903.59,5.467207118148,0.2808644,62.89823863,-625,3288,87.2,2026-08-17,-4.52,54.8,False
1068,002576,通达动力,14.33,-1.31,1.01,28.28,14.42219950853,0.1555488,62.15526746,-42,3502,72.4,2026-08-17,-0.64,45.0,False
1069,002577,雷柏科技,19.52,-0.96,1.2,183.67,19.181370229084,0.253542,65.02516232,933,2668,79.2,2026-08-17,1.77,51.5,False
1070,002578,闽发铝业,3.84,2.4,5.01,85.53,3.611502119624,0.3576456,71.6225554,1037,879,72.0,2026-08-17,6.33,51.6,False
1071,002579,中京电子,15.03,-2.4,7.4,409.6,15.217412217068,0.2354948,69.32727458,897,1411,88.8,2026-08-17,-1.23,61.6,False
1072,002580,圣阳股份,20.64,-6.05,10.72,38.43,21.627005537463,0.2693612,60.89188347,-855,3845,96.0,2026-08-17,-4.56,58.5,False
1073,002581,*ST未名,5.15,6.63,4.64,-15.66,4.677449390505,0.3653472,64.43723681,190,2843,79.2,2026-08-17,10.1,51.0,False
1074,002582,好想你,11.48,3.33,10.86,1.16,11.108942243421,0.2594344,69.47673598,1434,1375,92.0,2026-08-17,3.34,63.9,False
1075,002583,海能达,8.12,-2.4,0.87,-118.81,8.298264217734,0.172284,56.95395031,-648,4686,75.6,2026-08-17,-2.15,43.1,False
1076,002584,西陇科学,8.17,-2.39,2.5,99.77,8.294332524945,0.1988604,59.43463424,488,4180,80.0,2026-08-17,-1.5,47.5,False
1077,002585,双星新材,10.7,-4.29,6.28,752.35,11.009955487193,0.2624108,62.79200994,633,3313,92.8,2026-08-17,-2.82,58.3,False
1078,002586,ST围海,4.26,-1.16,0.46,-324.07,4.229133462215,0.3742712,67.91719856,-193,1779,66.4,2026-08-17,0.73,45.1,False
1079,002587,奥拓电子,5.5,-1.79,1.29,131.7,5.554605407352,0.1651188,56.19830351,-97,4779,76.4,2026-08-17,-0.98,42.9,False
1080,002588,史丹利,8.72,1.4,1.17,7.35,8.546674768343,0.1980144,75.85482015,813,300,72.0,2026-08-17,2.03,54.6,False
1081,002589,瑞康医药,3.47,-3.07,8.78,125.85,3.548117100812,0.329216,70.89355531,354,1038,91.2,2026-08-17,-2.2,64.7,False
1082,002590,万安科技,9.7,1.57,2.15,40.92,9.466531402015,0.1667276,64.56520105,776,2799,73.2,2026-08-17,2.47,47.3,False
1083,002591,恒大高新,6.38,-0.93,1.68,77.01,6.382682124274,0.09794,60.15170101,-649,4023,70.0,2026-08-17,-0.04,42.1,False
1084,002592,ST八菱,6.16,-1.28,0.37,15.16,6.199599396191,0.079048,60.22206499,-391,4002,66.8,2026-08-17,-0.64,40.2,False
1085,002593,日上集团,4.46,-1.11,1.04,27.8,4.471801059935,0.1792904,68.94739473,-127,1494,72.0,2026-08-17,-0.26,49.6,False
1086,002594,比亚迪,89.57,-0.34,0.37,49.98,89.756715821417,0.426816,74.96305499,369,401,87.6,2026-08-17,-0.21,65.7,False
1087,002595,豪迈科技,53.12,-1.14,0.13,29.89,53.46252154255,0.2966124,82.75189033,66,15,75.6,2026-08-17,-0.64,62.6,False
1088,002596,海南瑞泽,3.23,-0.62,0.77,-287.31,3.238739416075,0.245856,54.51534289,-120,4978,74.0,2026-08-17,-0.27,40.3,False
1089,002597,金禾实业,19.99,-0.1,0.49,29.6,19.818203490184,0.2503288,65.56870944,1523,2503,72.4,2026-08-17,0.87,47.5,False
1090,002598,ST章鼓,6.66,-0.75,0.33,30.22,6.707311905333,0.1764976,59.2237128,-185,4240,70.0,2026-08-17,-0.71,41.5,False
1091,002599,盛通股份,5.95,-1.49,0.93,-103.19,6.0138062476,0.1245164,56.43955543,-1325,4756,74.8,2026-08-17,-1.06,42.2,False
1092,002600,领益智造,12.76,-1.69,0.91,66.14,12.811791062358,0.3810116,72.8916983,160,671,82.4,2026-08-17,-0.4,60.1,False
1093,002601,龙佰集团,15.34,-2.54,0.48,48.9,15.624165414631,0.2564228,67.68410073,639,1842,80.0,2026-08-17,-1.82,54.1,False
1094,002602,世纪华通,14.01,-0.43,0.53,12.73,14.059046193678,0.4329128,72.69324478,-669,694,92.0,2026-08-17,-0.35,66.9,False
1095,002603,以岭药业,16.79,-1.29,1.04,17.15,16.919188045805,0.2709272,68.33393369,-1269,1667,90.4,2026-08-17,-0.76,61.8,False
1096,002605,姚记科技,17.67,-2.0,0.89,13.19,17.896365414854,0.1330024,62.55566353,-1530,3390,75.6,2026-08-17,-1.26,47.3,False
1097,002606,大连电瓷,14.49,-1.83,2.73,26.73,14.594068862851,0.2787884,72.91600654,1596,666,81.6,2026-08-17,-0.71,59.5,False
1098,002607,中公教育,2.1,-0.47,1.42,68.42,2.09168688542,0.3476748,65.59864562,625,2494,85.6,2026-08-17,0.4,56.2,False
1099,002608,江苏国信,7.04,-1.4,0.19,8.52,7.109127427906,0.2173212,62.54738718,-316,3394,66.0,2026-08-17,-0.97,41.3,False
1100,002609,捷顺科技,7.63,-2.55,0.75,664.15,7.784475648347,0.170576,68.89134527,-953,1512,71.2,2026-08-17,-1.98,49.1,False
1101,002611,东方精工,15.54,-0.83,1.14,2.46,15.500264976542,0.3050684,71.68159825,1009,869,78.0,2026-08-17,0.26,55.9,False
1102,002612,朗姿股份,15.63,-1.82,1.22,35.04,15.662150598108,0.1277272,66.23289169,-1710,2278,86.0,2026-08-17,-0.21,57.0,False
1103,002613,北玻股份,3.39,-0.88,1.07,541.11,3.391220471248,0.1819944,57.97947633,-572,4511,69.2,2026-08-17,-0.04,40.1,False
1104,002614,奥佳华,4.93,-0.6,0.68,-11.62,4.94025383451,0.1494128,64.62756415,-460,2781,73.2,2026-08-17,-0.21,47.3,False
1105,002615,哈尔斯,6.56,-2.96,1.48,37.57,6.725203628029,0.1762244,65.39259971,720,2554,69.6,2026-08-17,-2.46,45.5,False
1106,002616,长青集团,4.81,0.42,1.05,10.39,4.768898381201,0.25225,61.80938858,-580,3601,73.2,2026-08-17,0.86,45.2,False
1107,002617,露笑科技,6.44,0.31,4.86,43.34,6.364926484033,0.2847832,62.70165918,1410,3338,79.6,2026-08-17,1.18,49.9,False
1108,002620,*ST瑞和,5.05,-1.37,0.83,-21.74,5.130672604564,0.2100024,56.04718643,-1393,4803,68.4,2026-08-17,-1.57,38.3,False
1109,002622,皓宸医疗,2.54,-0.39,1.84,-63.95,2.520248977607,0.1873016,62.53459265,-252,3399,82.4,2026-08-17,0.78,51.5,False
1110,002623,亚玛顿,15.75,-1.38,0.98,-19.61,15.917484850724,0.0924208,56.07417114,-616,4798,70.8,2026-08-17,-1.05,39.7,False
1111,002624,完美世界,11.3,-1.14,1.02,53.37,11.366575749434,0.2292192,60.20579131,-1126,4007,82.0,2026-08-17,-0.59,49.4,False
1112,002625,光启技术,29.64,-1.82,0.61,90.63,30.15080787632,0.3072772,65.90937304,-762,2386,80.8,2026-08-17,-1.69,53.3,False
1113,002626,金达威,16.33,3.81,1.77,37.95,15.756897147358,0.1387644,67.38225367,-509,1938,87.6,2026-08-17,3.64,59.0,False
1114,002627,三峡旅游,6.41,-0.62,0.34,79.7,6.383039334843,0.1428112,59.905304,153,4060,66.4,2026-08-17,0.42,39.8,False
1115,002628,成都路桥,4.98,-3.86,3.36,69.96,5.287570059101,0.4230436,62.74177684,-1661,3326,87.6,2026-08-17,-5.82,55.0,False
1116,002629,仁智股份,4.84,0.62,1.55,-129.93,4.782094472913,0.1803612,65.94680425,398,2370,68.4,2026-08-17,1.21,45.1,False
1117,002630,*ST华西,1.64,-2.38,0.48,-26.35,1.678958482422,0.3873832,58.92237545,546,4304,71.6,2026-08-17,-2.32,42.2,False
1118,002631,德尔未来,9.05,-1.2,1.52,-128.43,9.153555388551,0.3949024,67.45116095,-698,1918,80.0,2026-08-17,-1.13,54.0,False
1119,002632,道明光学,8.39,-1.76,1.04,31.96,8.477263091571,0.2350392,63.20487569,-2097,3204,77.6,2026-08-17,-1.03,49.0,False
1120,002633,申科股份,14.54,-1.76,0.5,111.39,14.659992670482,0.0838108,61.825265,-570,3596,66.0,2026-08-17,-0.82,40.8,False
1121,002634,*ST棒杰,4.38,0.69,1.06,-8.95,4.316629141739,0.24585,58.39497747,317,4419,64.0,2026-08-17,1.47,37.4,False
1122,002635,安洁科技,15.9,-3.75,3.03,75.15,16.282877775565,0.2547628,67.63628114,-300,1860,81.2,2026-08-17,-2.35,54.9,False
1123,002636,金安国纪,68.91,-3.47,3.72,62.14,70.052978437009,0.4075868,76.21562946,607,270,91.2,2026-08-17,-1.63,69.5,False
1124,002637,赞宇科技,11.25,3.02,3.08,13.07,10.873190150505,0.2784968,69.66425281,24,1334,67.6,2026-08-17,3.47,47.1,False
1125,002638,勤上股份,3.85,10.0,1.68,-59.18,3.48783177487,0.2563188,52.61706621,-126,5098,68.4,2026-08-17,10.38,36.0,False
1126,002639,雪人集团,12.02,-2.51,1.67,652.94,12.231471081924,0.18284,55.01211145,-163,4932,74.8,2026-08-17,-1.73,41.1,False
1127,002640,跨境通,3.28,-2.09,2.07,8.13,3.309767013386,0.288716,59.07433008,-508,4275,81.2,2026-08-17,-0.9,48.0,False
1128,002641,公元股份,3.93,-0.25,0.28,-37.85,3.922314808729,0.1701352,60.87496373,196,3849,67.6,2026-08-17,0.2,41.2,False
1129,002642,荣联科技,7.19,-3.36,1.19,1457.84,7.355044890882,0.1985604,61.3092097,-1841,3714,83.6,2026-08-17,-2.24,51.3,False
1130,002643,万润股份,14.27,-2.46,1.42,37.2,14.363396285114,0.2753912,73.85776757,264,528,81.2,2026-08-17,-0.65,60.0,False
1131,002644,佛慈制药,8.36,-1.07,1.22,47.1,8.401975406217,0.1860756,64.89276439,-681,2707,83.2,2026-08-17,-0.5,54.0,False
1132,002645,华宏科技,20.51,-2.75,4.02,17.84,21.094606998785,0.3206516,75.2841905,-219,356,86.0,2026-08-17,-2.77,64.7,False
1133,002646,天佑德酒,6.94,-0.43,0.56,17.05,6.955802278611,0.1274796,64.12142795,770,2940,78.4,2026-08-17,-0.23,50.3,False
1134,002647,仁东控股,11.71,0.17,1.46,70.37,11.566947309568,0.4741936,70.39204785,-251,1152,86.4,2026-08-17,1.24,60.8,False
1135,002648,卫星化学,26.8,3.88,1.24,7.25,25.450620747021,0.3888392,81.67908127,454,27,87.6,2026-08-17,5.3,71.6,False
1136,002649,博彦科技,9.7,-3.29,2.55,123.38,9.909742406793,0.2526748,65.08994338,-1739,2649,84.0,2026-08-17,-2.12,54.7,False
1137,002650,ST加加,6.13,-0.65,0.08,50.16,6.191357572855,0.2213172,56.22298618,-1081,4777,67.2,2026-08-17,-0.99,37.8,False
1138,002651,利君股份,8.66,-6.18,8.08,71.02,8.982999892942,0.439526,74.03140994,258,505,90.8,2026-08-17,-3.6,67.2,False
1139,002652,扬子新材,4.08,-0.97,2.06,-162.52,4.037948074636,0.1857268,65.21015273,612,2618,66.0,2026-08-17,1.04,43.0,False
1140,002653,海思科,68.57,-2.2,0.7,35.26,69.910764116384,0.3385868,74.99969494,-303,396,78.8,2026-08-17,-1.92,59.1,False
1141,002654,万润科技,14.15,0.07,4.58,-556.83,13.986413379816,0.3521648,68.91567432,-1122,1505,82.0,2026-08-17,1.17,56.5,False
1142,002655,共达电声,36.26,3.36,6.32,479.95,34.664219122789,0.4078496,76.88706214,-125,210,88.4,2026-08-17,4.6,68.0,False
1143,002656,摩登大道,2.99,-0.33,0.75,-380.76,2.985234186107,0.173359607843,53.95708553,-58,5015,66.8,2026-08-17,0.16,36.0,False
1144,002657,中科金财,15.19,-3.0,1.24,-17.99,15.543923753537,0.1551008,52.58739225,-86,5100,74.8,2026-08-17,-2.28,39.3,False
1145,002658,雪迪龙,7.77,-1.15,2.66,86.65,7.895625486749,0.229718,64.80979969,-2443,2726,87.2,2026-08-17,-1.59,56.5,False
1146,002659,凯文教育,4.56,-0.87,1.38,3535.33,4.555228952779,0.1994656,62.04705395,425,3530,77.2,2026-08-17,0.1,47.9,False
1147,002660,茂硕电源,7.37,-1.47,0.64,-22.59,7.380646498867,0.0750632,58.27945147,294,4451,73.6,2026-08-17,-0.14,42.9,False
1148,002661,克明食品,7.95,1.02,1.03,18.96,7.847290636916,0.1156164,64.07578299,252,2958,72.4,2026-08-17,1.31,46.4,False
1149,002662,峰璟股份,3.23,-0.92,0.31,58.14,3.244336703604,0.217232,61.72392348,-652,3623,70.4,2026-08-17,-0.44,43.5,False
1150,002663,普邦股份,1.67,-1.76,0.84,-120.79,1.674047081264,0.3856812,60.97988289,353,3816,68.4,2026-08-17,-0.24,41.7,False
1151,002664,信质集团,16.08,-3.19,1.65,65.06,16.465130200502,0.218168,68.09729456,2368,1727,69.2,2026-08-17,-2.34,47.1,False
1152,002666,德联集团,4.27,-0.23,0.98,26.86,4.255511050348,0.1764968,66.48160693,-157,2195,69.6,2026-08-17,0.34,46.3,False
1153,002667,*ST威领,14.18,1.43,4.12,55.33,14.180015302984,0.4021036,59.27833764,780,4225,77.6,2026-08-17,-0.0,46.0,False
1154,002668,TCL智家,10.35,-4.34,4.65,10.97,10.561281973078,0.5453368,82.7790709,997,14,75.2,2026-08-17,-2.0,62.2,False
1155,002669,康达新材,12.75,-2.45,2.91,140.88,12.897951395191,0.2806208,70.36811654,1456,1161,74.4,2026-08-17,-1.15,52.4,False
1156,002670,国盛证券,11.01,-1.87,0.61,3626.65,11.136846449696,0.3169132,57.6931402,428,4555,78.4,2026-08-17,-1.14,45.2,False
1157,002671,龙泉股份,3.95,-0.5,0.62,-75.41,3.965806797812,0.1560992,64.47894051,-1324,2827,69.2,2026-08-17,-0.4,44.6,False
1158,002672,东江环保,3.64,-1.09,0.4,-6.7,3.644706104632,0.1170316,62.95835911,1186,3266,66.0,2026-08-17,-0.13,41.6,False
1159,002673,西部证券,6.57,-1.65,0.27,25.8,6.649060183795,0.3632988,66.04253133,446,2333,78.4,2026-08-17,-1.19,51.8,False
1160,002674,兴业科技,30.13,0.03,6.29,98.53,29.406628169799,0.3357476,72.69664763,-267,693,83.6,2026-08-17,2.46,60.8,False
1161,002675,东诚药业,12.99,-0.46,0.42,80.09,13.028950742811,0.1711712,64.25976529,-773,2892,73.6,2026-08-17,-0.3,47.3,False
1162,002676,顺威股份,5.02,-0.99,0.78,34.4,5.046778263256,0.2772,67.02535918,412,2046,66.8,2026-08-17,-0.53,44.8,False
1163,002677,浙江美大,7.01,-0.71,0.52,389.1,7.050132143253,0.101317636364,59.69607364,-881,4114,72.8,2026-08-17,-0.57,43.5,False
1164,002678,珠江钢琴,4.66,-0.85,0.28,-34.82,4.653647813107,0.1029608,59.62261847,411,4127,66.4,2026-08-17,0.14,39.6,False
1165,002679,福建金森,9.12,0.33,1.62,-24.96,9.053604577365,0.0250052,65.43158684,-1259,2547,68.8,2026-08-17,0.73,45.0,False
1166,002681,奋达科技,4.46,-2.41,1.15,-126.04,4.507330309996,0.256722,57.91125531,558,4525,78.8,2026-08-17,-1.05,45.6,False
1167,002682,龙洲股份,4.8,-5.88,9.79,-14.65,4.966193407628,0.4449888,66.69491359,2592,2145,89.6,2026-08-17,-3.35,59.8,False
1168,002683,广东宏大,30.4,-1.3,0.73,55.81,30.279638543011,0.3463196,72.40061949,-62,756,74.8,2026-08-17,0.4,54.2,False
1169,002685,华东重机,5.8,-1.02,1.98,26.99,5.840146542998,0.2421756,63.06975427,-985,3238,89.2,2026-08-17,-0.69,56.3,False
1170,002686,亿利达,6.1,-1.77,1.67,529.86,6.180985709896,0.212496,63.28668707,-1619,3184,78.0,2026-08-17,-1.31,49.4,False
1171,002687,乔治白,6.53,0.62,5.25,74.37,6.230148892525,0.2541992,66.74022471,-741,2131,79.2,2026-08-17,4.81,52.9,False
1172,002688,金河生物,5.34,1.52,1.16,16.49,5.231166768092,0.1783644,63.35733303,-1194,3166,69.6,2026-08-17,2.08,44.1,False
1173,002689,ST远智,2.78,-0.71,0.23,-23.32,2.789933585897,0.2148112,64.98269639,-1541,2681,72.0,2026-08-17,-0.36,46.8,False
1174,002690,美亚光电,15.39,-0.84,0.56,29.27,15.416194033018,0.1503012,73.94418183,-12,515,74.4,2026-08-17,-0.17,55.0,False
1175,002691,*ST冀凯,4.33,-1.59,0.18,-14.22,4.363157779985,0.1193184,60.15806377,943,4020,66.4,2026-08-17,-0.76,39.9,False
1176,002692,远程股份,4.11,-2.61,0.95,-20.06,4.202060488711,0.158466,58.55065342,-281,4390,68.0,2026-08-17,-2.19,39.8,False
1177,002693,双成药业,9.82,-1.6,1.45,295.24,9.853705438324,0.216434,60.99345596,783,3807,79.6,2026-08-17,-0.34,48.6,False
1178,002694,*ST顾地,2.06,-1.44,0.18,-41.87,2.08962242072,0.0942336,56.81248207,-339,4704,63.2,2026-08-17,-1.42,35.9,False
1179,002695,煌上煌,11.33,-0.79,0.72,34.75,11.20889155303,0.297658,63.90344285,-915,3000,77.6,2026-08-17,1.08,49.6,False
1180,002696,百洋股份,6.23,-0.64,3.38,-28.03,6.208778203129,0.232122,69.44296549,-776,1382,82.0,2026-08-17,0.34,56.9,False
1181,002697,红旗连锁,4.66,1.75,1.67,11.83,4.518104291273,0.23311,75.04783682,-130,390,74.0,2026-08-17,3.14,55.5,False
1182,002698,博实股份,12.71,-2.23,1.19,41.44,12.922501641825,0.3141968,65.34208684,37,2575,83.2,2026-08-17,-1.64,54.4,False
1183,002700,万憬能源,6.41,0.16,1.49,55.11,6.334247097297,0.1839348,69.11115914,952,1450,59.6,2026-08-17,1.2,41.2,False
1184,002701,奥瑞金,4.73,-0.63,0.38,5.85,4.741527754726,0.2958124,75.20383842,417,368,72.4,2026-08-17,-0.24,54.4,False
1185,002702,海欣食品,5.15,1.38,4.29,62.53,5.040007533452,0.1825636,57.01578625,4,4673,86.4,2026-08-17,2.18,49.3,False
1186,002703,浙江世宝,15.28,3.8,6.69,75.06,14.457408486715,0.2350636,59.86335884,-1675,4069,86.8,2026-08-17,5.69,52.0,False
1187,002705,新宝股份,11.44,-2.05,0.43,29.47,11.585007671883,0.1896536,64.80871427,-32,2727,72.0,2026-08-17,-1.25,46.7,False
1188,002706,良信股份,10.05,-0.4,6.32,36.65,9.962930941823,0.306832,70.25873137,-1100,1186,86.8,2026-08-17,0.87,61.0,False
1189,002707,众信旅游,5.16,-0.19,0.66,128.13,5.137744377166,0.2423788,63.13193219,572,3230,75.2,2026-08-17,0.43,47.5,False
1190,002708,光洋股份,11.57,-4.62,3.59,50.72,11.983927675342,0.3443472,75.59206721,176,329,82.8,2026-08-17,-3.45,62.6,False
1191,002709,天赐材料,39.27,-1.92,2.0,12.1,39.607646452833,0.3445016,74.47291764,-303,452,86.4,2026-08-17,-0.85,64.3,False
1192,002712,思美传媒,4.72,-1.67,0.93,196.8,4.7582556563,0.151904,66.61963575,778,2163,74.4,2026-08-17,-0.8,49.6,False
1193,002713,东易日盛,10.1,-1.46,1.56,-141.12,10.161028087859,0.335274117647,62.13142514,-422,3507,80.4,2026-08-17,-0.6,50.0,False
1194,002714,牧原股份,39.96,1.71,1.15,-47.47,39.319393111936,0.3840932,72.86735285,581,677,92.0,2026-08-17,1.63,67.0,False
1195,002715,登云股份,14.46,-0.48,1.45,75.37,14.433224326007,0.12081,58.84051445,28,4325,77.6,2026-08-17,0.19,45.7,False
1196,002716,湖南白银,9.29,-2.11,4.54,42.16,9.385357307912,0.2720192,67.30106289,-844,1966,92.0,2026-08-17,-1.02,61.9,False
1197,002717,*ST岭南,1.0,-0.99,1.25,-3.41,1.010710867545,0.510676,50.30835585,-146,5171,73.6,2026-08-17,-1.06,37.0,False
1198,002718,友邦吊顶,91.66,0.53,0.58,3238.2,89.91906433383,0.2712736,55.45071539,-1780,4875,60.4,2026-08-17,1.94,33.5,False
1199,002719,ST麦趣,6.03,-1.31,0.51,-19.92,6.082518709197,0.1553916,49.42742685,-3,5182,69.2,2026-08-17,-0.86,34.2,False
1200,002721,金一文化,2.6,-3.35,2.84,51.09,2.686229777639,0.2880956,71.50577226,228,903,88.0,2026-08-17,-3.21,62.9,False
1201,002722,物产金轮,13.16,1.46,1.86,17.16,12.932228694841,0.0976444,69.15266683,622,1441,70.4,2026-08-17,1.76,48.7,False
1202,002723,小崧股份,7.43,-0.67,1.56,-20.55,7.345005138178,0.217346,52.69233374,38,5088,66.0,2026-08-17,1.16,34.8,False
1203,002724,海洋王,6.67,-7.1,9.05,-53.72,7.048097783824,0.324162,65.80570334,-2125,2415,88.0,2026-08-17,-5.36,57.9,False
1204,002725,跃岭股份,11.46,-5.05,2.13,-135.4,11.892934939507,0.2334616,64.46156573,511,2834,76.8,2026-08-17,-3.64,49.5,False
1205,002726,ST龙大,2.48,5.08,4.42,-849.39,2.368902565295,0.323362,57.02687391,-2973,4671,81.2,2026-08-17,4.69,46.3,False
1206,002727,一心堂,11.77,-1.51,1.35,9.8,11.832334283569,0.1686168,71.36043086,-775,941,83.2,2026-08-17,-0.53,59.4,False
1207,002728,特一药业,9.48,-0.84,2.2,47.22,9.449823864404,0.2136664,67.31179113,1516,1963,78.4,2026-08-17,0.32,52.8,False
1208,002729,好利科技,13.9,-1.56,1.05,66.27,14.005540427198,0.108209272727,62.48178213,0,3416,66.0,2026-08-17,-0.75,41.2,False
1209,002730,电光科技,22.45,-2.09,1.22,92.97,22.940746269891,0.2476948,62.88071755,-2075,3292,76.0,2026-08-17,-2.14,47.8,False
1210,002731,*ST萃华,1.52,-4.4,7.27,1.68,1.597638631841,0.187238064516,52.23045432,-131,5112,70.4,2026-08-17,-4.86,36.8,False
1211,002732,燕塘乳业,14.03,0.57,0.57,11149.56,13.928873158873,0.0720136,66.00627427,1805,2351,70.4,2026-08-17,0.73,46.5,False
1212,002733,雄韬股份,19.55,-2.3,1.65,88.76,19.764646046668,0.2289644,61.73334879,209,3620,73.2,2026-08-17,-1.09,45.2,False
1213,002734,利民股份,14.94,-2.92,2.48,12.97,15.361388776923,0.2870436,66.9715638,996,2061,76.4,2026-08-17,-2.74,51.2,False
1214,002735,王子新材,11.73,-2.17,2.21,109.14,11.935192166062,0.2354256,51.67042997,-161,5136,72.8,2026-08-17,-1.72,37.6,False
1215,002736,国信证券,9.96,-0.8,0.08,12.12,10.012602060506,0.4378712,71.25588026,121,959,78.4,2026-08-17,-0.53,55.9,False
1216,002737,葵花药业,13.2,-1.05,0.5,17.47,13.279988505473,0.151124,62.17013185,-755,3498,79.2,2026-08-17,-0.6,49.2,False
1217,002738,中矿资源,53.38,-1.98,1.61,19.17,54.153117985663,0.2811852,69.01707471,-1327,1470,88.0,2026-08-17,-1.43,60.7,False
1218,002739,儒意电影,8.68,-1.25,3.0,52.72,8.875360280325,0.3373784,58.55330546,-1401,4388,92.4,2026-08-17,-2.2,54.1,False
1219,002741,光华科技,26.61,0.64,7.59,66.13,26.056306198853,0.3334736,75.88420295,1040,295,78.0,2026-08-17,2.12,59.2,False
1220,002742,冀衡医药,4.26,-9.36,6.42,-72.36,4.534431798714,0.4638004,66.38561355,791,2232,70.8,2026-08-17,-6.05,47.0,False
1221,002743,富煌钢构,4.47,10.1,2.59,-10.79,4.033653215921,0.104604,50.16479972,-180,5174,68.4,2026-08-17,10.82,34.3,False
1222,002745,木林森,11.66,-2.18,2.35,10.33,11.773280627622,0.3058272,60.44395105,-494,3950,78.4,2026-08-17,-0.96,47.4,False
1223,002746,仙坛股份,6.17,0.16,1.38,20.03,6.148004549967,0.1771032,71.86085567,327,837,76.4,2026-08-17,0.36,54.9,False
1224,002747,埃斯顿,36.99,1.62,8.0,91.48,35.497510304387,0.343442,72.26667553,2529,779,82.4,2026-08-17,4.2,59.5,False
1225,002748,世龙实业,11.93,0.51,0.86,18.6,11.835354038941,0.0992448,61.89845031,-442,3570,78.8,2026-08-17,0.8,48.8,False
1226,002749,国光股份,8.71,1.75,0.59,20.15,8.521709963549,0.1496272,72.94205882,850,663,72.0,2026-08-17,2.21,52.5,False
1227,002752,昇兴股份,5.97,-1.0,0.31,9.62,5.957154864437,0.230374,69.41504517,393,1392,66.8,2026-08-17,0.22,46.4,False
1228,002753,永东股份,6.54,1.71,1.52,525.36,6.392460440204,0.1681128,62.64016533,-772,3362,65.6,2026-08-17,2.31,41.1,False
1229,002755,奥赛康,13.46,-1.9,0.63,36.98,13.6407623305,0.1325336,66.45684986,-828,2207,72.8,2026-08-17,-1.33,48.4,False
1230,002756,永兴材料,47.8,-1.85,1.45,13.17,48.425307005003,0.2208816,64.49786752,-1818,2818,79.2,2026-08-17,-1.29,51.1,False
1231,002757,南兴股份,17.32,-3.51,3.36,29.46,17.686792215162,0.2150396,66.70892658,-1796,2140,78.8,2026-08-17,-2.07,52.6,False
1232,002758,浙农股份,8.16,2.0,1.67,19.54,7.952568292413,0.2282544,73.94841505,1663,514,72.0,2026-08-17,2.61,53.2,False
1233,002759,ST天际,18.14,-5.18,4.1,11.53,19.412825236483,0.218798431373,57.45192555,-1118,4596,74.4,2026-08-17,-6.56,42.7,False
1234,002760,凤形股份,17.8,-0.84,1.55,72.14,17.763782877292,0.1122628,64.72678067,1811,2749,64.4,2026-08-17,0.2,41.7,False
1235,002761,浙江建投,7.25,-1.09,0.62,8.23,7.286493372294,0.1915592,69.80799115,293,1297,76.8,2026-08-17,-0.5,53.6,False
1236,002762,金发拉比,10.3,-2.09,3.7,7692.31,10.428453300934,0.21766745098,66.4805258,584,2197,87.2,2026-08-17,-1.23,58.0,False
1237,002763,汇洁股份,7.63,-0.78,0.91,8.53,7.598054946252,0.1416008,71.1553495,1484,980,72.0,2026-08-17,0.42,51.2,False
1238,002765,蓝黛科技,7.14,-1.24,0.74,61.1,7.21364963409,0.1824776,59.22386231,-268,4239,76.4,2026-08-17,-1.02,45.2,False
1239,002766,索菱股份,4.29,-1.38,4.7,-50.74,4.307068175335,0.2442728,58.29746636,-2705,4444,88.8,2026-08-17,-0.4,51.8,False
1240,002767,先锋电子,18.17,-0.27,1.59,101.59,18.169831478046,0.0758356,59.64656908,126,4122,70.8,2026-08-17,0.0,42.2,False
1241,002768,国恩股份,63.33,-1.36,1.66,26.94,61.714923415151,0.3747924,82.58942397,169,18,73.2,2026-08-17,2.62,60.5,False
1242,002769,普路通,6.95,-2.25,1.0,173.93,7.050415487795,0.070846,54.68734272,-672,4962,69.6,2026-08-17,-1.42,38.1,False
1243,002771,真视通,12.68,-3.13,1.41,-50.22,12.943195012705,0.1594564,58.39156346,-701,4420,71.2,2026-08-17,-2.03,41.6,False
1244,002772,众兴菌业,11.37,5.57,5.57,11.16,10.723830812592,0.1811644,74.11156331,1953,489,74.8,2026-08-17,6.03,55.4,False
1245,002773,康弘药业,22.16,-0.67,0.45,16.6,22.259989079074,0.2797664,72.32849902,-408,767,80.0,2026-08-17,-0.45,57.9,False
1246,002774,快意电梯,16.64,-2.69,6.16,-708.57,16.240025360159,0.3082636,70.55779565,270,1121,81.2,2026-08-17,2.46,57.3,False
1247,002775,文科股份,3.66,-1.61,0.97,-46.88,3.702941554538,0.1895088,51.75429089,52,5133,72.4,2026-08-17,-1.16,37.5,False
1248,002777,久远银海,12.62,-2.32,0.86,109.76,12.795370839451,0.1935872,67.66836131,-774,1847,76.0,2026-08-17,-1.37,51.4,False
1249,002778,中晟高科,15.75,-0.94,0.75,-86.93,15.776054878684,0.1326136,60.28520988,-115,3991,66.4,2026-08-17,-0.17,40.0,False
1250,002779,中坚科技,77.96,2.3,1.06,125.72,75.806203199685,0.3022148,67.36881973,-706,1945,77.2,2026-08-17,2.84,52.0,False
1251,002780,三夫户外,13.19,-1.42,1.04,17.78,13.287176459475,0.1181276,66.39195479,-1215,2229,72.8,2026-08-17,-0.73,48.3,False
1252,002782,可立克,16.02,-2.2,1.77,77.98,16.118136435087,0.2156512,73.9839964,1635,509,71.2,2026-08-17,-0.61,52.7,False
1253,002783,凯龙股份,7.86,0.26,1.22,101.72,7.760659995631,0.2955028,64.65798149,759,2772,83.6,2026-08-17,1.28,54.1,False
1254,002785,万里石,35.13,-1.15,0.91,3312.63,35.194928550567,0.3927064,60.75189639,-78,3883,70.4,2026-08-17,-0.18,42.8,False
1255,002786,银宝山新,7.71,-1.28,0.6,66.48,7.776602091624,0.1424976,55.14163276,-912,4911,70.8,2026-08-17,-0.86,39.0,False
1256,002787,华源控股,22.81,-3.35,4.35,50.49,22.618276978573,0.3725888,74.5438994,1934,449,66.4,2026-08-17,0.85,49.5,False
1257,002788,鹭燕医药,11.71,0.26,2.77,15.91,11.634190888407,0.1670572,63.04272641,-456,3246,76.4,2026-08-17,0.65,48.2,False
1258,002789,*ST建艺,10.21,-0.1,0.86,-7.67,10.186698624427,0.2698888,55.08329293,-174,4918,65.6,2026-08-17,0.23,36.1,False
1259,002790,瑞尔特,5.87,-1.01,0.84,688.1,5.896355853533,0.0923596,60.22352832,246,4000,64.4,2026-08-17,-0.45,38.8,False
1260,002791,坚朗五金,14.8,-1.46,0.63,-27.17,14.886622749961,0.1371612,64.67781526,578,2762,74.4,2026-08-17,-0.58,48.1,False
1261,002792,通宇通讯,34.84,-4.02,8.51,-352.95,35.8861653359,0.303752,66.47049957,-50,2202,93.6,2026-08-17,-2.92,62.2,False
1262,002793,罗欣药业,5.35,-1.29,2.03,60.23,5.365260562882,0.284536,67.90027926,1784,1785,81.2,2026-08-17,-0.28,55.1,False
1263,002795,永和智控,7.22,0.56,1.95,11.72,7.089680536867,0.2147196,58.57136749,-501,4380,76.8,2026-08-17,1.84,45.0,False
1264,002796,世嘉科技,31.4,-3.0,1.7,-97.35,32.092026214767,0.172232,56.55015424,-36,4742,79.2,2026-08-17,-2.16,44.8,False
1265,002797,第一创业,6.4,-1.84,0.57,19.55,6.484435161213,0.35885,61.77206201,-213,3608,76.0,2026-08-17,-1.3,46.9,False
1266,002798,帝欧水华,5.83,-0.85,0.68,-58.56,5.843799137073,0.1774804,57.60690554,-800,4571,65.2,2026-08-17,-0.24,37.6,False
1267,002799,环球印务,6.78,-1.02,0.68,101.14,6.807469760311,0.0933356,59.54114205,599,4141,70.4,2026-08-17,-0.4,41.9,False
1268,002800,天顺股份,13.89,1.61,3.17,299.16,13.560005319057,0.071762,55.10178022,186,4917,67.6,2026-08-17,2.43,37.2,False
1269,002801,微光股份,27.9,-0.5,0.46,16.24,27.778577726651,0.1528356,66.68746046,-307,2148,70.4,2026-08-17,0.44,46.9,False
1270,002802,洪汇新材,11.63,-1.27,0.63,41.22,11.683787449514,0.1297732,68.1767485,2013,1710,64.0,2026-08-17,-0.46,43.6,False
1271,002803,吉宏股份,19.63,-1.7,2.1,28.49,19.649908093114,0.316164,69.69157161,1235,1324,80.4,2026-08-17,-0.1,56.0,False
1272,002805,丰元股份,19.84,-2.27,2.09,18.06,20.036327927951,0.2078012,60.2501695,-1164,3996,73.6,2026-08-17,-0.98,44.3,False
1273,002806,华锋股份,14.1,-2.22,1.8,-47.14,14.408095183442,0.2292428,51.15431076,-184,5149,68.4,2026-08-17,-2.14,35.0,False
1274,002807,江阴银行,3.9,0.26,0.52,7.2,3.882945996406,0.315326,67.91546033,-367,1782,70.0,2026-08-17,0.44,47.5,False
1275,002809,红墙股份,8.46,-1.05,1.82,-45.42,8.493776093379,0.1146224,60.23321164,1022,3998,69.2,2026-08-17,-0.4,41.7,False
1276,002810,山东赫达,20.9,-1.28,0.73,17.7,20.762105360891,0.2141148,71.85888236,1676,839,64.8,2026-08-17,0.66,46.6,False
1277,002811,郑中设计,12.01,3.53,5.2,25.88,11.339789136618,0.1986716,76.14784832,134,273,81.6,2026-08-17,5.91,62.1,False
1278,002812,恩捷股份,57.42,-0.33,1.35,54.12,57.273441305941,0.2882564,66.47842459,-897,2199,79.2,2026-08-17,0.26,52.7,False
1279,002813,路畅科技,20.58,-1.29,0.59,-56.07,20.800948204782,0.0588484,57.31220084,-1120,4625,72.8,2026-08-17,-1.06,41.7,False
1280,002815,崇达技术,14.31,5.69,6.82,136.19,13.279468232907,0.2727404,65.08612681,-368,2650,71.2,2026-08-17,7.76,46.3,False
1281,002816,*ST和科,26.2,-2.53,0.52,-159.53,26.602587032897,0.377958,58.95329934,-871,4295,64.0,2026-08-17,-1.51,37.7,False
1282,002817,黄山胶囊,6.6,-0.6,0.92,28.42,6.611065232851,0.0489028,62.33840204,-1211,3454,67.6,2026-08-17,-0.17,42.1,False
1283,002818,富森美,10.83,-0.55,0.28,5.23,10.862555002264,0.1800092,67.5769502,882,1878,67.6,2026-08-17,-0.3,45.7,False
1284,002819,东方中科,20.18,-2.56,0.49,-42.17,20.560897086609,0.1333664,56.53057843,-207,4746,76.0,2026-08-17,-1.85,43.0,False
1285,002820,桂发祥,12.27,10.04,1.71,-177.92,11.15,0.461696,70.55919306,-267,1120,86.8,2026-08-17,10.04,61.2,False
1286,002821,凯莱英,176.51,-0.34,1.8,52.31,175.092218237131,0.3703992,74.15368839,216,485,90.8,2026-08-17,0.81,67.3,False
1287,002822,ST中装,3.21,-0.93,0.32,-213.63,3.227618239359,0.3622444,67.76113574,1623,1818,68.0,2026-08-17,-0.55,46.1,False
1288,002823,凯中精密,13.45,-1.54,1.25,21.06,13.533356785815,0.208732,67.1352106,643,2017,74.0,2026-08-17,-0.62,49.7,False
1289,002824,和胜股份,25.2,-3.0,3.87,79.72,25.598142801361,0.3239004,74.87934927,-8,414,74.4,2026-08-17,-1.56,55.7,False
1290,002825,纳尔股份,9.1,-1.83,0.79,34.2,9.272136675113,0.1207892,61.91621403,-877,3565,70.0,2026-08-17,-1.86,43.3,False
1291,002826,易明医药,17.96,0.67,2.01,43.57,17.711751354246,0.1767352,68.29711724,325,1685,74.4,2026-08-17,1.4,50.8,False
1292,002827,高争民爆,57.17,0.69,3.25,244.05,57.281329945062,0.3025044,62.35563625,-1013,3451,91.6,2026-08-17,-0.19,57.1,False
1293,002828,贝肯能源,12.04,-1.31,4.57,-9.73,12.127372215122,0.257030181818,57.59471459,-23,4572,83.2,2026-08-17,-0.72,47.9,False
1294,002829,星网宇达,21.03,-1.04,2.05,-41.18,21.102339725585,0.162176,56.64382506,-580,4726,76.8,2026-08-17,-0.34,43.5,False
1295,002830,名雕股份,13.71,-1.65,1.64,189.18,13.782872125065,0.1328596,59.2501533,-631,4233,60.4,2026-08-17,-0.53,35.8,False
1296,002831,裕同科技,27.26,-3.26,0.66,35.72,27.977644914057,0.3181384,69.8847418,358,1276,66.8,2026-08-17,-2.57,46.7,False
1297,002832,比音勒芬,26.3,-0.45,0.94,9.72,26.203942831532,0.1828544,69.00728542,-799,1473,79.2,2026-08-17,0.37,54.7,False
1298,002833,弘亚数控,18.26,-1.24,0.51,13.49,18.370242214262,0.0790892,69.95945512,-186,1252,74.0,2026-08-17,-0.6,51.8,False
1299,002835,同为股份,12.38,-1.67,1.15,24.48,12.559910301002,0.106052,70.8861068,-692,1040,76.0,2026-08-17,-1.43,53.9,False
1300,002836,新宏泽,10.14,-0.49,0.58,35.22,10.105124372732,0.0357792,63.48788648,670,3126,64.4,2026-08-17,0.35,40.9,False
1301,002837,英维克,57.03,-2.83,1.94,2098.62,57.819821679045,0.3752772,77.04023054,3,197,88.0,2026-08-17,-1.37,67.8,False
1302,002838,道恩股份,26.08,-4.08,2.61,26.19,26.504011921362,0.447006,74.62707675,1821,440,72.8,2026-08-17,-1.6,54.3,False
1303,002839,张家港行,4.26,-0.47,0.45,4.52,4.250790807006,0.2815108,69.95234043,614,1256,72.8,2026-08-17,0.22,50.9,False
1304,002840,华统股份,8.66,1.17,2.56,-7.22,8.577651666013,0.2947564,67.18652631,707,2002,73.2,2026-08-17,0.96,49.2,False
1305,002841,视源股份,50.7,-0.82,0.55,35.89,50.143593915784,0.2193224,73.1778339,-286,624,74.4,2026-08-17,1.11,54.4,False
1306,002842,翔鹭钨业,40.85,1.04,11.33,13.34,40.048185530953,0.3142568,73.77128059,1556,538,92.8,2026-08-17,2.0,68.5,False
1307,002843,泰嘉股份,16.72,-2.85,1.98,43.01,16.847247600894,0.1722264,63.93431996,1485,2995,68.8,2026-08-17,-0.76,44.0,False
1308,002845,同兴达,13.54,-0.15,1.71,-26.04,13.348860462345,0.1941036,63.10531775,1038,3236,74.0,2026-08-17,1.43,46.7,False
1309,002846,英联股份,10.61,-1.94,0.98,68.87,10.717861783181,0.1013676,58.47832364,-163,4403,78.0,2026-08-17,-1.01,45.6,False
1310,002847,盐津铺子,48.99,1.05,1.08,14.34,48.02696055829,0.235438,67.85867215,-177,1796,78.0,2026-08-17,2.01,52.9,False
1311,002848,高斯贝尔,12.89,-0.08,1.48,-205.52,12.827388789589,0.2821068,55.99296005,-227,4809,71.2,2026-08-17,0.49,39.9,False
1312,002849,威星智能,18.64,2.42,3.07,40.4,17.719850922157,0.3237572,69.97680799,2344,1247,64.0,2026-08-17,5.19,44.8,False
1313,002850,科达利,197.0,2.05,1.54,29.91,191.145839782174,0.3472568,79.10621053,443,92,80.4,2026-08-17,3.06,63.6,False
1314,002851,麦格米特,131.03,-3.3,3.14,167.09,133.313984288141,0.452998,74.64219622,1325,438,88.0,2026-08-17,-1.71,65.7,False
1315,002852,道道全,8.01,1.65,2.72,81.7,7.89824351778,0.154198,68.21289874,729,1704,74.4,2026-08-17,1.41,50.8,False
1316,002853,皮阿诺,21.05,0.05,0.52,-86.37,20.820235432833,0.1928472,54.78436504,169,4952,62.8,2026-08-17,1.1,34.4,False
1317,002855,捷荣技术,10.03,-1.08,0.7,-33.52,10.086879577746,0.0403756,56.67718251,211,4720,73.6,2026-08-17,-0.56,41.7,False
1318,002856,*ST美芝,14.93,2.12,1.87,-203.15,14.47466946064,0.234002,61.97980421,1179,3546,62.8,2026-08-17,3.15,38.9,False
1319,002857,三晖电气,18.66,-2.71,1.89,-24.66,18.839299481097,0.261446,66.64429268,-435,2159,73.2,2026-08-17,-0.95,48.8,False
1320,002858,力盛体育,11.6,-1.61,0.76,89.75,11.687552633496,0.1200928,70.07002122,714,1228,69.6,2026-08-17,-0.75,48.8,False
1321,002859,洁美科技,75.5,0.76,3.82,124.31,74.007291406517,0.3722072,76.93389578,878,205,91.2,2026-08-17,2.02,70.2,False
1322,002860,星帅尔,16.78,-0.18,1.19,25.84,16.539179507007,0.3061728,65.92217508,-19,2382,74.4,2026-08-17,1.46,49.0,False
1323,002861,瀛通通讯,16.74,-0.95,1.46,-28.79,16.729670255737,0.2476316,55.96409235,-409,4813,71.2,2026-08-17,0.06,39.8,False
1324,002862,实丰文化,13.54,-2.66,1.26,85.88,13.886509688952,0.0739188,61.6966238,-37,3634,71.6,2026-08-17,-2.5,44.2,False
1325,002863,今飞凯达,4.95,-0.8,9.39,29.94,4.958335668336,0.371028,68.53201638,1966,1606,68.4,2026-08-17,-0.17,46.9,False
1326,002864,盘龙药业,22.65,-2.29,2.46,35.57,22.718554776757,0.1967504,72.64285583,1691,705,76.8,2026-08-17,-0.3,55.8,False
1327,002865,钧达股份,46.34,-0.62,2.03,254.6,45.912278267428,0.1935152,63.06577126,1544,3240,73.6,2026-08-17,0.93,46.4,False
1328,002866,传艺科技,15.15,-3.07,2.8,101.74,15.343301374924,0.1366588,54.17673965,-359,5000,79.2,2026-08-17,-1.26,42.9,False
1329,002867,周大生,12.41,-0.32,0.27,11.48,12.381852789443,0.0635684,66.75646372,-759,2125,74.0,2026-08-17,0.23,49.4,False
1330,002868,绿康生化,23.27,0.39,0.99,247.16,23.093723243243,0.0816348,63.5009638,1462,3121,64.0,2026-08-17,0.76,40.6,False
1331,002869,金溢科技,16.07,-1.35,0.87,-28.18,16.121106236168,0.061244,55.33422795,147,4893,76.4,2026-08-17,-0.32,42.3,False
1332,002870,香山股份,49.75,2.05,2.49,-181.43,48.241633081527,0.268444,67.39749419,-303,1935,82.4,2026-08-17,3.13,55.5,False
1333,002871,伟隆股份,17.72,0.0,1.57,49.48,17.366921826652,0.2648704,73.41673715,1252,581,64.4,2026-08-17,2.03,47.3,False
1334,002872,ST天圣,5.27,-0.94,0.5,-42.82,5.328906170507,0.242824,56.32307638,-82,4767,64.4,2026-08-17,-1.11,36.3,False
1335,002873,新天药业,8.4,-2.21,1.69,146.66,8.482128159885,0.1534748,65.08106311,1680,2653,72.8,2026-08-17,-0.97,47.4,False
1336,002875,安奈儿,13.5,-1.39,0.89,47.74,13.663266180689,0.0974656,57.46633789,-171,4595,68.8,2026-08-17,-1.19,39.5,False
1337,002876,三利谱,29.76,-0.47,1.2,38.83,29.402957903961,0.1753388,67.24505505,-440,1977,71.6,2026-08-17,1.21,48.1,False
1338,002877,智能自控,7.34,-1.08,0.58,107.48,7.374704328326,0.1198712,56.95954019,-207,4685,68.4,2026-08-17,-0.47,39.0,False
1339,002878,元隆雅图,12.37,-1.9,0.88,-268.01,12.502202802547,0.1074036,58.37036454,-216,4427,73.2,2026-08-17,-1.06,42.7,False
1340,002879,长缆科技,16.79,-2.55,5.18,92.94,17.16297437451,0.1558628,61.86120681,-484,3580,82.4,2026-08-17,-2.17,51.0,False
1341,002880,卫光生物,20.52,-1.25,0.22,52.43,20.619298058157,0.1194228,60.96718177,-359,3820,68.0,2026-08-17,-0.48,41.5,False
1342,002881,美格智能,38.94,-0.31,2.54,63.03,38.452333756243,0.2711596,70.5805761,1152,1117,77.2,2026-08-17,1.27,54.5,False
1343,002882,金龙羽,21.55,-3.23,2.11,305.43,22.028781315663,0.1786088,69.05376877,1702,1462,85.2,2026-08-17,-2.17,58.8,False
1344,002883,*ST中设,9.28,2.09,1.0,354.32,9.069491269467,0.2813928,60.84625988,496,3861,65.6,2026-08-17,2.32,39.9,False
1345,002884,凌霄泵业,16.07,-0.19,0.17,14.68,16.053807610994,0.160414,73.01580717,-124,646,68.8,2026-08-17,0.1,50.2,False
1346,002885,京泉华,30.92,-3.28,4.61,68.04,31.440514594585,0.2164672,69.78381115,779,1302,86.0,2026-08-17,-1.66,60.0,False
1347,002886,沃特股份,20.33,-2.26,2.58,102.85,20.517767611029,0.2080556,67.73952588,705,1824,77.2,2026-08-17,-0.92,52.3,False
1348,002887,绿茵生态,10.62,-2.3,1.23,20.17,10.570586149443,0.1566028,67.78068752,2479,1812,69.2,2026-08-17,0.47,46.9,False
1349,002888,惠威科技,17.5,-1.46,1.07,-280.63,17.705350250868,0.069474,59.22924917,16,4237,68.4,2026-08-17,-1.16,40.5,False
1350,002889,东方嘉盛,12.39,-0.48,0.58,30.25,12.387112249205,0.0973944,60.33442275,-188,3978,79.6,2026-08-17,0.02,48.0,False
1351,002890,弘宇股份,14.29,-0.76,0.41,109.71,14.371973333333,0.176464,59.35161653,743,4207,64.4,2026-08-17,-0.57,38.2,False
1352,002891,中宠股份,30.17,0.63,1.38,33.21,29.820084480044,0.2065464,67.96318043,-566,1764,82.8,2026-08-17,1.17,56.3,False
1353,002892,科力尔,9.52,0.42,1.1,-151.9,9.437426899051,0.146582,58.55880462,469,4385,72.8,2026-08-17,0.87,42.6,False
1354,002893,京能热力,9.87,1.23,2.46,3.42,9.702509871447,0.2486468,56.7659226,-123,4711,69.2,2026-08-17,1.73,39.3,False
1355,002895,川恒股份,34.88,0.84,0.66,28.01,34.183189973915,0.1983136,73.82956911,-140,532,75.2,2026-08-17,2.04,55.5,False
1356,002896,中大力德,84.65,5.81,8.03,375.96,78.876361301651,0.3178356,70.47867498,1863,1133,92.0,2026-08-17,7.32,64.8,False
1357,002897,意华股份,60.63,-1.92,2.36,72.98,60.726799552133,0.2896484,72.59812112,-228,713,74.4,2026-08-17,-0.16,54.0,False
1358,002899,英派斯,19.73,-1.35,0.97,48.59,19.884505934303,0.1668572,55.93262424,41,4821,65.6,2026-08-17,-0.78,36.7,False
1359,002900,哈三联,14.33,-3.95,9.77,-160.6,14.471341511751,0.2061288,63.49050978,1416,3125,90.0,2026-08-17,-0.98,57.1,False
1360,002901,大博医疗,43.8,-0.34,0.26,30.93,43.938851018881,0.1807032,68.42047852,-331,1637,75.2,2026-08-17,-0.32,51.5,False
1361,002902,铭普光磁,25.67,-2.13,4.02,-65.98,25.873532002651,0.2285644,57.37427661,-1776,4610,83.2,2026-08-17,-0.79,47.7,False
1362,002903,宇环数控,28.89,-1.9,11.93,-130.03,30.222308734368,0.2998232,55.74349347,-1458,4841,78.8,2026-08-17,-4.41,43.9,False
1363,002905,金逸影视,7.58,-1.94,0.87,-32.96,7.698681726588,0.1327212,58.86102641,-650,4320,72.0,2026-08-17,-1.54,42.4,False
1364,002906,华阳集团,,,0.0,20.32,25.491902429674,0.2546076,67.57679734,-1350,1879,75.2,2026-08-17,,50.8,False
1365,002907,华森制药,16.13,-3.93,11.95,51.35,16.571891548331,0.4934472,77.04475824,439,196,88.0,2026-08-17,-2.67,67.8,False
1366,002908,德生科技,7.0,-1.55,0.72,-78.27,7.08754766487,0.1297704,64.12418939,462,2939,78.8,2026-08-17,-1.24,50.5,False
1367,002909,集泰股份,5.18,-1.52,0.71,-39.99,5.207032532685,0.1066856,56.40379174,-124,4760,69.2,2026-08-17,-0.52,39.0,False
1368,002910,庄园牧场,9.7,-0.41,2.42,-15.05,9.698006173403,0.119712,54.654141,225,4968,69.2,2026-08-17,0.02,37.8,False
1369,002911,佛燃能源,10.9,1.21,0.23,21.46,10.659886962089,0.0803248,68.31950107,-252,1673,71.2,2026-08-17,2.25,48.6,False
1370,002912,中新赛克,19.11,-2.8,1.18,-9.95,19.595500896844,0.1310172,59.39351728,-459,4192,76.4,2026-08-17,-2.48,45.4,False
1371,002913,奥士康,59.35,0.32,0.97,269.84,58.181096699116,0.3369024,72.13609814,480,803,74.4,2026-08-17,2.01,53.7,False
1372,002915,中欣氟材,17.71,-1.77,1.35,-297.38,17.80912275937,0.1978,60.1172393,371,4029,81.6,2026-08-17,-0.56,49.1,False
1373,002916,深南电路,376.28,-4.23,0.68,75.36,386.423049969453,0.456644,77.15494409,666,191,91.2,2026-08-17,-2.62,70.4,False
1374,002917,金奥博,10.38,-1.52,0.64,23.51,10.509121775557,0.172206,61.68240876,-208,3637,70.0,2026-08-17,-1.23,43.2,False
1375,002918,蒙娜丽莎,10.04,-4.2,5.63,-56.62,10.336101815702,0.2094088,75.22174904,2177,366,72.0,2026-08-17,-2.86,54.2,False
1376,002919,名臣健康,17.98,-4.0,0.87,130.43,18.235270329583,0.237278,59.7727965,-691,4088,65.6,2026-08-17,-1.4,39.2,False
1377,002920,德赛西威,90.28,-1.08,0.57,21.64,91.040089803751,0.3043356,71.15906834,-332,978,82.8,2026-08-17,-0.83,58.9,False
1378,002921,联诚精密,22.65,-1.78,2.1,-888.78,22.760224688905,0.2554676,60.04463509,-1988,4039,81.6,2026-08-17,-0.48,49.0,False
1379,002922,伊戈尔,27.18,-2.41,4.29,41.81,27.43123331279,0.2628504,73.20165591,-375,618,78.0,2026-08-17,-0.92,57.1,False
1380,002923,润都股份,11.67,-0.68,1.51,62.62,11.632164141438,0.1253536,57.91665402,-151,4524,74.0,2026-08-17,0.33,42.9,False
1381,002925,盈趣科技,23.96,-0.58,2.05,49.57,23.801789959679,0.3544672,70.93885787,74,1025,82.4,2026-08-17,0.66,58.5,False
1382,002926,华西证券,8.31,-1.31,0.22,13.85,8.374809400409,0.2867024,63.9489181,-1616,2992,78.0,2026-08-17,-0.77,49.9,False
1383,002927,泰永长征,16.65,-2.23,1.26,86.72,16.850505817875,0.170912,64.5768611,570,2794,71.6,2026-08-17,-1.19,46.2,False
1384,002928,华夏航空,6.26,-2.03,0.78,14.92,6.35461861164,0.2013736,59.72774461,-411,4096,68.4,2026-08-17,-1.49,40.9,False
1385,002929,润建股份,56.06,-4.14,4.43,318.49,57.169277059412,0.2933844,74.04528869,-29,501,91.2,2026-08-17,-1.94,67.5,False
1386,002930,宏川智慧,8.88,-1.88,0.68,55.28,8.967029988372,0.1421764,51.47028644,-64,5140,68.4,2026-08-17,-0.97,35.2,False
1387,002931,锋龙股份,53.11,1.34,3.14,-2879.48,52.059794999988,0.220474,58.53907137,424,4392,74.0,2026-08-17,2.02,43.3,False
1388,002932,*ST明德,15.21,-0.91,0.3,-2342.76,15.241940065251,0.2794032,61.54923214,-337,3663,70.4,2026-08-17,-0.21,43.3,False
1389,002933,新兴装备,26.85,-0.74,1.11,96.49,26.919693787418,0.1004788,59.53122528,461,4147,69.2,2026-08-17,-0.26,41.2,False
1390,002935,天奥电子,17.01,-1.05,0.49,-350.55,17.030168141843,0.1866312,67.46769909,281,1910,67.6,2026-08-17,-0.12,45.6,False
1391,002936,郑州银行,1.75,-0.57,0.67,3.72,1.749561087785,0.5027612,63.69420801,-494,3055,72.0,2026-08-17,0.03,45.9,False
1392,002937,兴瑞科技,31.64,-0.25,0.99,69.09,31.084922651734,0.3556424,62.64492702,-1469,3361,64.0,2026-08-17,1.79,40.1,False
1393,002938,鹏鼎控股,93.58,-4.99,0.7,84.47,96.042261491167,0.3478152,75.18196191,788,371,90.8,2026-08-17,-2.56,68.3,False
1394,002939,长城证券,8.1,-1.58,0.4,13.16,8.198898301284,0.352752,68.45233536,525,1629,80.0,2026-08-17,-1.21,54.8,False
1395,002940,昂利康,26.84,-0.92,2.05,76.67,26.777052324182,0.2055164,54.66579025,-224,4967,73.6,2026-08-17,0.24,40.2,False
1396,002941,新疆交建,10.51,-1.59,0.56,-120.66,10.6087784076,0.190784,64.40378247,75,2851,74.8,2026-08-17,-0.93,48.2,False
1397,002942,新农股份,15.65,0.45,0.67,13.19,15.541809685192,0.1258696,64.5768525,312,2795,65.2,2026-08-17,0.7,42.1,False
1398,002943,宇晶股份,35.88,-1.73,3.31,-122.78,35.910638955808,0.282972,66.12674483,1401,2311,77.6,2026-08-17,-0.09,51.3,False
1399,002945,华林证券,14.11,-2.56,0.24,101.58,14.484819800039,0.2110876,59.17227948,-485,4258,81.6,2026-08-17,-2.59,48.3,False
1400,002946,新乳业,15.78,-0.57,0.55,18.22,15.676746039074,0.1083408,70.37674745,766,1158,73.2,2026-08-17,0.66,51.5,False
1401,002947,恒铭达,61.11,-0.26,1.87,25.81,60.442758633487,0.3122276,77.26010545,340,181,67.6,2026-08-17,1.1,52.2,False
1402,002948,青岛银行,5.78,0.87,0.44,5.52,5.68970868388,0.2918176,69.3872093,-342,1395,71.2,2026-08-17,1.59,49.4,False
1403,002949,华阳国际,10.72,-0.09,1.26,117.64,10.642350309291,0.132382,62.3981331,466,3438,64.8,2026-08-17,0.73,40.4,False
1404,002950,奥美医疗,9.47,-0.21,0.74,13.76,9.427050389719,0.1562728,63.63796775,-1883,3082,72.4,2026-08-17,0.46,46.1,False
1405,002951,金时科技,16.79,-10.02,4.29,-145.66,18.692829699877,0.270222,68.63726567,-575,1581,86.8,2026-08-17,-10.18,59.6,False
1406,002952,亚世光电,20.04,-1.67,0.86,92.19,20.301044631368,0.0955564,64.56385322,532,2800,68.4,2026-08-17,-1.29,44.2,False
1407,002953,日丰股份,10.66,10.01,1.68,29.26,9.615010511955,0.1229548,66.46819849,-58,2203,78.0,2026-08-17,10.87,51.8,False
1408,002955,鸿合科技,34.55,-6.57,1.97,-56.0,36.209867177948,0.2741932,66.12572559,950,2312,72.4,2026-08-17,-4.58,47.9,False
1409,002956,西麦食品,18.5,0.98,0.72,14.26,18.013484493756,0.0733916,66.30957051,333,2259,70.0,2026-08-17,2.7,46.4,False
1410,002957,科瑞技术,43.62,3.44,5.58,65.97,41.732494098387,0.305018,75.71644758,-38,318,82.4,2026-08-17,4.52,62.4,False
1411,002958,青农商行,2.91,-0.68,0.37,3.24,2.916761210164,0.4050888,67.51649103,359,1897,71.2,2026-08-17,-0.23,48.1,False
1412,002959,小熊电器,34.1,0.62,0.36,22.09,33.80105001711,0.1866388,73.16624633,279,625,74.8,2026-08-17,0.88,54.7,False
1413,002960,青鸟智控,8.66,2.49,1.19,32.89,8.274644876921,0.2403884,68.38516316,1397,1649,62.8,2026-08-17,4.66,42.9,False
1414,002961,瑞达期货,18.61,-2.46,0.53,10.9,18.866354561212,0.1192716,60.95172181,-244,3829,66.0,2026-08-17,-1.36,40.2,False
1415,002962,五方光电,13.37,0.45,6.29,131.66,13.167333569638,0.174148,67.97824436,905,1763,74.4,2026-08-17,1.54,50.6,False
1416,002963,豪尔赛,18.16,-1.73,2.82,-48.23,18.347224450101,0.2048848,65.26001084,409,2602,74.8,2026-08-17,-1.02,48.8,False
1417,002965,祥鑫科技,32.94,-4.05,4.67,-128.05,33.502384076455,0.3214516,70.77719444,246,1078,74.8,2026-08-17,-1.68,52.9,False
1418,002966,苏州银行,8.58,0.59,0.43,5.7,8.493437415614,0.2221344,64.66345745,-1759,2769,76.4,2026-08-17,1.02,49.4,False
1419,002967,广电计量,17.65,-2.0,0.38,166.7,17.821203842911,0.215424,72.87068738,1155,676,70.4,2026-08-17,-0.96,51.3,False
1420,002968,新大正,9.14,-0.76,0.56,15.17,9.15994138846,0.0240148,67.18903163,-694,2001,64.8,2026-08-17,-0.22,43.5,False
1421,002969,嘉美包装,14.31,-0.49,1.38,58.71,14.185825563571,0.2297444,60.82524776,214,3868,82.8,2026-08-17,0.88,50.4,False
1422,002970,锐明技术,53.04,-1.28,1.09,56.11,52.958570999388,0.350676,72.24444853,1134,783,68.8,2026-08-17,0.15,49.7,False
1423,002971,和远气体,46.1,-1.45,10.02,134.53,45.923280677968,0.2788392,69.45275294,2011,1380,84.8,2026-08-17,0.38,58.9,False
1424,002972,科安达,14.66,3.75,4.04,24.17,13.929717896291,0.1676348,60.54345094,274,3932,60.4,2026-08-17,5.24,36.6,False
1425,002973,侨银股份,11.84,-1.42,0.84,34.73,11.937113532644,0.1623088,63.12707489,-190,3231,70.4,2026-08-17,-0.81,44.4,False
1426,002975,博杰股份,104.05,-1.85,5.16,82.15,104.388284801723,0.364476,79.58034094,605,70,86.4,2026-08-17,-0.32,68.8,False
1427,002976,瑞玛精密,23.41,-2.25,2.12,-82.49,23.831814946052,0.3345396,58.55174724,-1047,4389,63.2,2026-08-17,-1.77,37.0,False
1428,002977,*ST天箭,21.05,-0.99,0.82,162.16,21.120337524726,0.1473656,56.91465187,308,4692,68.4,2026-08-17,-0.33,38.9,False
1429,002978,安宁股份,25.85,-1.37,0.35,19.94,25.99205375064,0.2525764,60.83777553,-1634,3863,71.6,2026-08-17,-0.55,43.6,False
1430,002979,雷赛智能,61.32,-0.7,4.42,67.18,60.733955947086,0.3450592,80.52570937,46,41,83.2,2026-08-17,0.96,67.0,False
1431,002980,华盛昌,103.16,2.95,8.31,273.6,96.692178930429,0.35157,74.3801029,-160,463,80.0,2026-08-17,6.69,59.5,False
1432,002981,朝阳科技,23.01,-0.3,0.49,212.01,23.005124053438,0.1566104,61.9630503,-1721,3551,66.0,2026-08-17,0.02,40.9,False
1433,002982,湘佳股份,12.65,1.36,2.83,41.04,12.437411010253,0.142394,61.70327263,109,3633,66.4,2026-08-17,1.71,41.0,False
1434,002983,芯瑞达,19.93,-1.97,0.82,36.39,20.167819776298,0.1294652,62.45847749,-807,3422,66.4,2026-08-17,-1.18,41.5,False
1435,002984,森麒麟,13.9,-1.07,0.52,17.17,13.972442466619,0.1837856,65.80430035,-764,2416,70.0,2026-08-17,-0.52,46.1,False
1436,002985,北摩高科,26.06,-1.92,0.73,32.16,26.411518227305,0.1422928,61.84280787,-89,3590,70.0,2026-08-17,-1.33,43.3,False
1437,002986,宇新股份,13.34,-0.52,0.71,-21.24,13.178782637319,0.2820112,68.78154785,922,1534,67.2,2026-08-17,1.22,46.2,False
1438,002987,京北方,10.67,-2.2,0.57,110.31,10.840961146371,0.1620208,69.60653715,-792,1345,83.6,2026-08-17,-1.58,58.2,False
1439,002988,豪美新材,24.11,5.88,3.28,37.86,22.789410280476,0.234744,66.69525347,-938,2142,78.8,2026-08-17,5.79,52.6,False
1440,002989,中天精装,24.58,-5.32,2.53,-138.23,25.336175427712,0.307278,67.92245469,440,1777,79.6,2026-08-17,-2.98,54.1,False
1441,002990,盛视科技,55.04,-2.77,5.06,945.83,54.595846937315,0.290962,69.90495854,2058,1270,80.4,2026-08-17,0.81,56.2,False
1442,002991,甘源食品,43.36,0.44,1.16,15.23,42.920420182841,0.1143832,70.90660224,-267,1034,68.0,2026-08-17,1.02,48.2,False
1443,002992,宝明科技,35.83,-1.94,0.42,-115.47,36.244681823876,0.1838368,66.21397402,1848,2282,70.4,2026-08-17,-1.14,46.6,False
1444,002993,奥海科技,40.65,-0.61,1.57,60.13,40.002193531711,0.2001908,67.93668124,-552,1774,68.8,2026-08-17,1.62,46.7,False
1445,002995,天地在线,17.44,-2.52,2.37,-2272.9,17.765807538888,0.0833948,55.95898378,-72,4814,75.6,2026-08-17,-1.83,42.3,False
1446,002996,顺博合金,6.19,-1.9,0.89,8.2,6.279198359716,0.1406492,65.68026343,-352,2462,68.4,2026-08-17,-1.42,44.9,False
1447,002997,瑞鹄模具,27.53,-1.99,0.97,11.96,27.688149963533,0.2896664,73.79668303,1798,535,66.8,2026-08-17,-0.57,49.3,False
1448,002998,优彩资源,7.92,-0.5,1.87,17.01,7.917172089733,0.1288832,62.22407769,-7,3480,66.4,2026-08-17,0.04,41.3,False
1449,002999,天禾股份,6.05,1.68,2.23,62.35,5.904559825024,0.1128312,66.74614333,671,2128,68.8,2026-08-17,2.46,45.9,False
1450,003000,劲仔食品,10.53,1.25,0.98,16.66,10.393287746171,0.1423656,71.22807251,522,963,69.6,2026-08-17,1.32,49.6,False
1451,003001,中岩大地,17.3,-1.87,7.16,114.13,17.401549372904,0.2082352,57.14611483,-85,4651,78.0,2026-08-17,-0.58,44.6,False
1452,003002,壶化股份,16.8,-1.23,0.7,52.53,16.78165649069,0.1137332,66.38970728,224,2230,66.4,2026-08-17,0.11,44.1,False
1453,003003,天元股份,11.02,-1.34,1.39,30.85,11.06853239141,0.0630316,65.14474742,1158,2635,67.6,2026-08-17,-0.44,44.0,False
1454,003004,声迅股份,74.45,-0.36,1.07,-452.12,73.251116879388,0.269956,65.18875768,-1595,2624,66.8,2026-08-17,1.64,43.5,False
1455,003005,竞业达,13.49,-2.46,1.24,-20.24,13.735363833574,0.08897,60.76773825,104,3877,79.6,2026-08-17,-1.79,48.4,False
1456,003006,百亚股份,13.38,-0.52,0.59,10.0,13.291402743208,0.1539212,68.4137495,938,1639,66.8,2026-08-17,0.67,45.7,False
1457,003007,直真科技,38.14,-2.73,1.2,-48.33,38.911215959221,0.1640196,61.1910765,-892,3746,72.0,2026-08-17,-1.98,44.1,False
1458,003008,开普检测,19.41,0.15,0.62,72.36,19.320803302466,0.0628068,67.49671766,157,1902,66.4,2026-08-17,0.46,44.8,False
1459,003009,中天火箭,50.69,-1.46,0.81,440.67,50.841601639466,0.1977468,61.46007131,961,3685,73.2,2026-08-17,-0.3,45.0,False
1460,003010,若羽臣,28.09,1.12,2.49,30.2,27.588189187008,0.197408,71.53655573,-745,897,80.8,2026-08-17,1.82,57.8,False
1461,003011,海象新材,20.97,-0.57,2.0,47.51,20.804513917505,0.2179188,68.84367213,1216,1518,60.4,2026-08-17,0.8,41.6,False
1462,003012,东鹏控股,4.73,-0.21,0.25,-27.37,4.718270654081,0.1936752,68.80488691,-101,1527,67.2,2026-08-17,0.25,46.2,False
1463,003013,地铁设计,19.44,-0.92,1.1,31.85,19.218562608618,0.399994,82.06298657,20,23,72.0,2026-08-17,1.15,59.1,False
1464,003015,日久光电,12.2,-0.65,1.12,49.32,12.185348813186,0.2942768,75.79987518,457,309,76.4,2026-08-17,0.12,57.9,False
1465,003016,欣贺股份,7.01,-0.57,0.45,40.83,6.981828634345,0.0487612,66.66573532,1755,2154,66.0,2026-08-17,0.4,44.0,False
1466,003017,大洋生物,23.11,-0.17,3.0,18.86,22.894186850875,0.2164508,69.96681833,-741,1251,71.2,2026-08-17,0.94,49.8,False
1467,003018,金富科技,41.64,-2.23,2.28,158.62,42.037041812158,0.351924,74.56356381,-34,445,78.0,2026-08-17,-0.94,58.2,False
1468,003019,宸展光电,25.32,1.2,3.03,40.43,24.261931185975,0.2164724,72.66506225,1950,700,63.6,2026-08-17,4.36,46.2,False
1469,003020,立方制药,19.07,-1.9,4.84,30.83,19.319260421872,0.2102412,72.42706805,1339,750,71.2,2026-08-17,-1.29,51.6,False
1470,003021,兆威机电,80.76,-1.45,1.02,144.74,80.588990319769,0.299886,64.83006398,-1797,2721,81.2,2026-08-17,0.21,52.6,False
1471,003022,联泓新科,20.81,-0.14,0.48,32.55,20.695177714376,0.1669896,66.04799285,1192,2332,71.2,2026-08-17,0.55,47.0,False
1472,003023,彩虹集团,27.22,-0.04,3.98,37.55,27.524762900676,0.2918864,65.38332438,498,2560,79.6,2026-08-17,-1.11,52.0,False
1473,003025,思进智能,12.53,-0.71,0.78,22.85,12.583244145163,0.1322504,64.46382835,-350,2833,68.0,2026-08-17,-0.42,43.8,False
1474,003026,中晶科技,30.77,0.16,4.75,104.3,30.289938216644,0.1831632,62.81685987,433,3307,75.6,2026-08-17,1.58,47.5,False
1475,003027,同兴科技,16.6,-1.01,0.79,52.3,16.668307149728,0.0738788,65.8914364,625,2391,66.0,2026-08-17,-0.41,43.5,False
1476,003028,振邦智能,22.54,-1.49,0.53,142.52,22.692595432652,0.0883764,57.94856476,-200,4518,65.6,2026-08-17,-0.67,38.0,False
1477,003029,吉大正元,16.39,-3.19,1.17,-59.08,16.815404255757,0.1051828,61.69288528,548,3635,78.4,2026-08-17,-2.53,48.4,False
1478,003030,祖名股份,22.47,1.86,2.23,-209.56,22.030692939981,0.1765144,58.80865468,406,4332,62.4,2026-08-17,1.99,36.7,False
1479,003031,中瓷电子,143.05,-0.03,3.56,83.45,138.783665758843,0.4561624,81.85429002,-6,25,91.2,2026-08-17,3.07,74.7,False
1480,003032,传智教育,12.71,1.6,20.19,877.11,12.370074050972,0.256909411765,66.97861271,-480,2059,92.0,2026-08-17,2.75,61.6,False
1481,003033,征和工业,69.48,-2.14,3.52,43.15,70.884864442213,0.5383444,75.62593283,947,326,70.4,2026-08-17,-1.98,53.2,False
1482,003035,南网能源,5.35,-1.83,0.28,59.2,5.417620738201,0.1817276,59.63104714,-1280,4126,74.8,2026-08-17,-1.25,44.6,False
1483,003036,泰坦股份,58.66,-1.26,2.59,154.87,58.774492579135,0.288102,73.32963561,-31,592,73.6,2026-08-17,-0.19,54.0,False
1484,003037,三和管桩,5.65,-0.88,0.23,38.61,5.689030247698,0.1444868,61.71283181,-210,3625,66.0,2026-08-17,-0.69,40.7,False
1485,003038,鑫铂股份,10.78,-1.82,0.83,-82.6,10.901906700162,0.135714,55.44043283,168,4878,66.0,2026-08-17,-1.12,36.6,False
1486,003039,顺控发展,11.84,-0.59,0.17,28.05,11.811923761006,0.1084204,65.75378743,-636,2428,71.6,2026-08-17,0.24,47.1,False
1487,003040,楚天龙,11.47,-2.63,1.45,-107.69,11.667029510742,0.1683588,59.28854187,304,4224,84.8,2026-08-17,-1.69,50.3,False
1488,003041,真爱美家,42.75,-0.65,0.42,328.25,42.94052413801,0.1607996,57.13489423,-1369,4654,62.8,2026-08-17,-0.44,35.9,False
1489,003042,中农联合,14.05,3.92,2.44,250.5,13.443434712271,0.1181948,62.56473343,1502,3387,69.2,2026-08-17,4.51,43.3,False
1490,003043,华亚智能,73.83,2.12,4.74,340.71,71.229098738224,0.2913992,61.76381161,-356,3611,80.8,2026-08-17,3.65,49.9,False
1491,003816,中国广核,3.85,-0.26,0.09,17.73,3.848812729451,0.3124716,66.28965037,-464,2268,85.6,2026-08-17,0.03,56.7,False
1492,300001,特锐德,37.2,-0.64,1.0,136.44,37.410386024938,0.3785272,75.00615376,132,395,84.0,2026-08-17,-0.56,63.0,False
1493,300002,神州泰岳,8.12,-1.93,0.99,23.34,8.265357854507,0.2495824,68.38030196,-1202,1651,82.4,2026-08-17,-1.76,56.3,False
1494,300003,乐普医疗,12.62,-0.79,0.84,23.56,12.660117239619,0.307474,66.4432659,-168,2211,84.8,2026-08-17,-0.32,56.3,False
1495,300004,南风股份,8.47,-1.51,7.09,-194.9,8.448299456584,0.2223272,59.05030091,-2343,4281,74.8,2026-08-17,0.26,44.2,False
1496,300005,探路者,11.65,-3.48,2.81,45.6,11.944984692354,0.3277408,60.25866476,-505,3993,80.0,2026-08-17,-2.47,48.2,False
1497,300006,莱美药业,5.2,-1.33,0.87,-91.43,5.236019151178,0.3135532,57.26915297,-581,4628,76.4,2026-08-17,-0.69,43.8,False
1498,300007,汉威科技,35.15,-0.54,2.69,116.3,34.858036837109,0.2192756,61.00476392,417,3803,76.4,2026-08-17,0.84,46.6,False
1499,300008,天海防务,6.23,-2.66,1.93,31.7,6.343505361145,0.3176996,74.41424426,-280,458,84.4,2026-08-17,-1.79,62.8,False
1500,300009,安科生物,8.72,-1.13,1.54,21.73,8.765568480931,0.2838676,69.41909765,-1249,1391,82.8,2026-08-17,-0.52,57.5,False
1501,300010,ST豆神,2.2,-1.35,0.82,-20.04,2.208692443709,0.3108344,55.91805537,-415,4823,74.8,2026-08-17,-0.39,41.8,False
1502,300011,鼎汉技术,5.92,-1.99,0.43,-59.46,5.996513083307,0.1750612,56.96498423,-196,4682,67.2,2026-08-17,-1.28,38.3,False
1503,300012,华测检测,14.86,-2.37,2.23,22.18,14.86174579458,0.370884,84.26536011,351,7,84.8,2026-08-17,-0.01,71.5,False
1504,300013,新宁物流,4.03,-0.74,1.18,94.65,4.018566826675,0.2109756,56.48069242,-244,4752,69.2,2026-08-17,0.28,39.1,False
1505,300014,亿纬锂能,56.52,-1.19,0.68,21.23,56.56284116925,0.3735592,65.34036224,-1635,2576,81.2,2026-08-17,-0.08,53.1,False
1506,300015,爱尔眼科,8.57,-1.27,0.37,16.88,8.65003553374,0.3121988,70.19357783,-507,1199,88.0,2026-08-17,-0.93,61.8,False
1507,300016,北陆药业,8.61,-1.15,1.62,27.84,8.626218714366,0.2223188,61.30049739,-496,3717,78.0,2026-08-17,-0.19,47.8,False
1508,300017,网宿科技,16.85,-4.1,6.18,60.44,17.251803233673,0.3882192,74.9669206,-398,400,95.6,2026-08-17,-2.33,71.7,False
1509,300018,中元股份,11.83,-3.19,2.12,50.14,12.027193590249,0.4122644,66.51402341,538,2186,69.6,2026-08-17,-1.64,46.3,False
1510,300019,硅宝科技,15.15,-2.01,1.48,32.37,15.277104116588,0.2708416,71.52323221,-246,899,76.0,2026-08-17,-0.83,54.4,False
1511,300020,ST银江,3.44,-1.99,0.54,-9.61,3.500905370102,0.3234208,53.18947568,-115,5064,70.0,2026-08-17,-1.74,37.2,False
1512,300021,大禹节水,4.18,6.91,5.32,109.27,3.909895086886,0.300596,71.39636657,-40,929,69.2,2026-08-17,6.91,49.4,False
1513,300022,吉峰科技,8.24,0.49,0.99,241.12,8.172545670965,0.2987772,63.78834681,-1300,3029,69.6,2026-08-17,0.83,44.4,False
1514,300024,机器人,16.19,3.45,3.15,-68.51,15.482238529399,0.3299236,58.74375075,643,4346,80.8,2026-08-17,4.57,47.5,False
1515,300025,华星创业,5.22,-1.14,1.31,-141.66,5.354036223228,0.2505184,63.75562118,-1722,3041,70.4,2026-08-17,-2.5,44.9,False
1516,300026,红日药业,3.54,-2.75,2.34,40.46,3.610441514176,0.3085984,69.28722596,-150,1417,85.6,2026-08-17,-1.95,59.3,False
1517,300027,ST华谊,1.83,2.23,1.28,-44.18,1.783710336537,0.4226668,60.68589328,-228,3895,72.8,2026-08-17,2.6,44.2,False
1518,300030,阳普医疗,6.79,-2.58,2.26,34.06,6.875782273854,0.1569828,70.47698808,8,1134,73.2,2026-08-17,-1.25,51.6,False
1519,300031,宝通科技,21.93,-1.84,1.9,20.75,22.153692884922,0.2757976,60.05325915,-1193,4038,76.4,2026-08-17,-1.01,45.9,False
1520,300032,金龙机电,3.73,-2.61,0.96,-37.19,3.801898419501,0.2063704,57.94119893,286,4520,69.2,2026-08-17,-1.89,40.1,False
1521,300033,同花顺,230.35,-2.39,1.35,169.35,232.949480812941,0.483196,80.38310253,338,44,87.6,2026-08-17,-1.12,70.4,False
1522,300034,钢研高纳,16.06,-1.95,0.7,47.48,16.19081153947,0.2773496,67.17426811,352,2004,73.2,2026-08-17,-0.81,49.2,False
1523,300035,中科电气,13.51,-2.03,0.91,35.81,13.635012976195,0.2047848,62.38229301,-1725,3444,74.4,2026-08-17,-0.92,46.4,False
1524,300036,超图软件,11.16,-2.79,1.27,-32.74,11.416915304633,0.1484516,60.4535895,-656,3946,76.4,2026-08-17,-2.25,46.2,False
1525,300037,新宙邦,67.41,-3.24,1.42,26.44,68.03833110355,0.3667104,73.58474113,761,557,75.2,2026-08-17,-0.92,55.3,False
1526,300039,上海凯宝,5.94,-3.57,4.42,23.95,6.072281307527,0.2893888,74.66844522,804,434,83.2,2026-08-17,-2.18,62.1,False
1527,300040,九洲集团,6.04,-2.42,3.83,37.83,6.182320742628,0.2242768,60.59108093,-2009,3920,82.0,2026-08-17,-2.3,49.7,False
1528,300041,回天新材,11.31,-2.25,2.51,18.87,11.46496421786,0.3102464,66.93293083,-1353,2070,74.8,2026-08-17,-1.35,50.1,False
1529,300042,朗科科技,43.81,-2.77,5.85,46.17,44.173218506557,0.2843464,65.27996218,-378,2596,74.8,2026-08-17,-0.82,48.8,False
1530,300043,星辉娱乐,4.61,-3.35,1.43,27.67,4.719967412796,0.2631736,69.14497109,-271,1442,76.0,2026-08-17,-2.33,52.6,False
1531,300044,*ST赛为,5.25,0.38,0.98,-93.49,5.234044561443,0.2622336,53.60915221,-28,5043,74.0,2026-08-17,0.3,39.7,False
1532,300045,华力创通,13.41,-3.66,1.68,-185.8,13.669555152876,0.1147392,59.70598459,535,4107,74.4,2026-08-17,-1.9,44.4,False
1533,300046,台基股份,24.68,-1.67,1.36,106.93,24.897304512285,0.209516,59.14508971,-4,4266,76.8,2026-08-17,-0.87,45.4,False
1534,300047,天源迪科,9.38,-3.2,1.52,90.91,9.607649193803,0.2125896,60.47528107,-747,3940,75.2,2026-08-17,-2.37,45.5,False
1535,300048,合康新能,4.93,-1.6,0.38,-120.58,4.990613994826,0.2700212,61.50341114,-176,3674,68.4,2026-08-17,-1.21,42.1,False
1536,300049,福瑞医科,43.89,-2.07,1.82,91.11,44.344991048621,0.2984072,75.30328587,-167,351,76.8,2026-08-17,-1.03,57.8,False
1537,300050,世纪鼎利,6.79,4.46,3.87,289.2,6.464063531197,0.3680076,74.75183366,64,427,69.6,2026-08-17,5.04,52.0,False
1538,300051,琏升科技,8.63,-3.36,3.25,-38.61,8.77412241707,0.2281372,58.72081822,-765,4351,80.8,2026-08-17,-1.64,47.4,False
1539,300052,中青宝,11.17,-3.04,3.26,-50.96,11.507775800905,0.2604084,59.36865472,-1028,4200,87.2,2026-08-17,-2.94,51.8,False
1540,300053,航宇微,12.76,-2.67,1.2,-118.81,12.960285025376,0.2339408,52.01414849,63,5121,73.2,2026-08-17,-1.55,38.1,False
1541,300054,鼎龙股份,80.47,-1.02,2.43,76.52,80.025349225983,0.4175164,78.41289363,644,120,86.8,2026-08-17,0.56,68.1,False
1542,300055,万邦达,6.03,-0.5,0.99,35.06,5.986274114798,0.1350816,59.52240259,281,4149,68.4,2026-08-17,0.73,40.7,False
1543,300056,中创环保,8.54,-1.73,1.08,-61.59,8.66046563994,0.2710784,56.90634755,-1893,4694,73.2,2026-08-17,-1.39,41.7,False
1544,300057,万顺新材,6.47,-3.29,1.81,74.0,6.616467746486,0.3138676,63.79838928,540,3023,70.4,2026-08-17,-2.21,44.9,False
1545,300058,蓝色光标,14.76,-4.16,5.07,105.05,15.144680807229,0.3585824,69.58942445,251,1348,89.6,2026-08-17,-2.54,62.4,False
1546,300059,东方财富,19.24,-1.74,0.81,20.36,19.475142879478,0.4757244,66.35511531,-368,2242,94.8,2026-08-17,-1.21,62.9,False
1547,300061,旗天科技,6.47,-3.0,1.23,103.32,6.613557890522,0.1450188,57.13001099,-1339,4658,71.6,2026-08-17,-2.17,40.9,False
1548,300062,中能电气,6.53,-2.97,3.68,366.8,6.664454040562,0.2056044,57.18655382,-688,4646,88.0,2026-08-17,-2.02,50.3,False
1549,300063,天龙集团,9.26,-4.14,4.28,101.54,9.493272567036,0.224918,67.88729563,751,1789,88.4,2026-08-17,-2.46,60.0,False
1550,300065,海兰信,17.42,1.52,5.87,1870.46,16.923130559062,0.2767304,65.0814986,710,2652,79.2,2026-08-17,2.94,51.5,False
1551,300066,三川智慧,5.17,-1.9,0.79,89.67,5.226280411043,0.2469992,56.37809335,-336,4764,68.8,2026-08-17,-1.08,38.8,False
1552,300067,安诺其,5.49,-4.69,4.44,157.36,5.711095603375,0.2869128,58.09567383,-81,4487,85.6,2026-08-17,-3.87,49.7,False
1553,300068,ST南都,4.14,-4.39,3.69,-3.05,4.287375357642,0.3326348,55.68615767,296,4854,73.2,2026-08-17,-3.44,40.8,False
1554,300069,金利华电,28.35,-2.14,3.0,272.81,28.420541590509,0.1434452,58.18650837,701,4469,64.4,2026-08-17,-0.25,37.5,False
1555,300070,碧水源,3.42,-1.16,0.35,51.22,3.442567321919,0.2883372,64.25301813,978,2895,73.2,2026-08-17,-0.66,47.0,False
1556,300071,福石控股,4.21,-4.1,3.54,-1533.59,4.344079550175,0.2238012,58.20503444,199,4464,76.4,2026-08-17,-3.09,44.5,False
1557,300072,海新能科,3.8,-0.78,0.94,-46.73,3.834427385405,0.3394092,68.10996274,558,1726,74.4,2026-08-17,-0.9,50.7,False
1558,300073,当升科技,41.96,-1.39,1.13,20.62,42.147907725444,0.278186,63.94934552,-84,2991,79.6,2026-08-17,-0.45,50.9,False
1559,300074,华平股份,3.78,-1.82,1.3,-163.27,3.81625175532,0.2089136,61.25256956,579,3730,68.4,2026-08-17,-0.95,41.9,False
1560,300075,数字政通,10.91,-3.45,1.81,159.06,11.163121192227,0.273654,65.57932224,-302,2499,82.0,2026-08-17,-2.27,53.8,False
1561,300076,*ST宁视,4.55,0.0,0.46,-54.31,4.55652178982,0.2354044,57.25147589,-303,4634,67.2,2026-08-17,-0.14,38.5,False
1562,300077,国民技术,20.5,-0.29,5.15,-220.73,20.115518405049,0.3112196,67.19388454,2297,1998,84.8,2026-08-17,1.91,57.0,False
1563,300078,思创智联,3.1,-1.9,1.08,-95.33,3.139269944309,0.2330748,59.24784728,546,4234,75.2,2026-08-17,-1.25,44.6,False
1564,300079,数码视讯,4.47,-2.19,0.76,154.87,4.533297238721,0.270686,61.31722055,-1691,3712,78.0,2026-08-17,-1.4,47.8,False
1565,300080,易成新能,3.74,-1.06,0.28,-14.45,3.762714837476,0.189628,54.5401593,-350,4975,68.8,2026-08-17,-0.6,37.5,False
1566,300081,ST恒信,3.14,3.97,1.55,-11.12,2.998220174912,0.247172,55.04471267,174,4924,70.8,2026-08-17,4.73,39.0,False
1567,300082,奥克股份,7.8,-1.39,0.38,641.85,7.867732314144,0.1607632,58.29706225,-531,4445,67.2,2026-08-17,-0.86,39.2,False
1568,300083,创世纪,13.96,0.0,3.69,80.53,13.88899803253,0.3735172,63.42294325,-156,3139,82.4,2026-08-17,0.51,52.3,False
1569,300084,海默科技,11.01,-0.63,1.14,-92.53,11.103036352851,0.3407768,53.34660868,-2091,5056,68.4,2026-08-17,-0.84,36.5,False
1570,300085,银之杰,29.9,-3.8,3.08,-244.62,30.60002202947,0.3157252,57.84389612,221,4534,80.4,2026-08-17,-2.29,46.5,False
1571,300086,康芝药业,6.82,-0.73,2.69,-66.04,6.815020056858,0.142396,52.72068671,-145,5084,74.8,2026-08-17,0.07,39.4,False
1572,300087,ST荃银,6.06,11.4,3.96,126.06,5.431960543468,0.348909019608,65.73366224,1352,2437,69.6,2026-08-17,11.56,45.8,False
1573,300088,长信科技,7.8,0.13,4.84,101.64,7.694157055634,0.3896384,71.19002118,1547,972,79.2,2026-08-17,1.38,56.4,False
1574,300091,*ST金灵,2.58,-2.27,0.27,-2.12,2.64300189532,0.3626624,61.22215412,-629,3740,67.6,2026-08-17,-2.38,41.4,False
1575,300092,科新机电,11.8,-1.26,1.11,31.62,11.891082504681,0.2138468,59.06538848,-166,4278,74.0,2026-08-17,-0.77,43.7,False
1576,300093,金刚光伏,25.02,0.64,3.79,-53.05,24.829124729588,0.38538,68.71440692,-103,1555,81.6,2026-08-17,0.77,56.1,False
1577,300094,国联水产,3.02,3.42,6.48,196.99,2.903530061628,0.250278,66.31480769,891,2257,74.8,2026-08-17,4.01,49.6,False
1578,300095,华伍股份,8.15,-2.28,1.09,47.53,8.307011665837,0.1606164,55.67419647,-393,4857,68.0,2026-08-17,-1.89,37.9,False
1579,300096,ST易联众,9.39,-2.69,0.43,-36.26,9.594650020896,0.4067676,64.75720934,-1983,2743,68.4,2026-08-17,-2.13,44.3,False
1580,300097,智云股份,9.49,-0.42,6.78,-41.84,9.513254115087,0.2603032,66.33277062,1768,2253,69.6,2026-08-17,-0.24,46.2,False
1581,300098,高新兴,4.55,-2.99,1.35,85.36,4.635772697609,0.2588484,57.89564161,-902,4527,74.4,2026-08-17,-1.85,43.1,False
1582,300099,尤洛卡,6.15,-1.91,1.83,80.03,6.19158394039,0.29779,65.98674305,1376,2355,68.4,2026-08-17,-0.67,45.1,False
1583,300100,双林股份,23.28,-1.02,0.76,39.89,23.267346849987,0.221942,66.03432044,-775,2339,74.4,2026-08-17,0.05,49.1,False
1584,300101,振芯科技,14.83,-2.24,0.67,-516.23,14.997677860596,0.2074544,62.63750661,375,3364,73.6,2026-08-17,-1.12,46.1,False
1585,300102,乾照光电,20.09,-1.08,3.74,155.95,19.834668563443,0.3137072,69.09074961,2246,1451,74.4,2026-08-17,1.29,51.4,False
1586,300103,达刚控股,8.15,-0.61,0.67,-360.59,8.096048391804,0.219168,61.0353592,1187,3795,62.4,2026-08-17,0.67,38.1,False
1587,300105,龙源技术,8.45,1.44,5.49,233.78,8.365011863718,0.1902644,54.70849775,-461,4956,76.4,2026-08-17,1.02,41.8,False
1588,300106,西部牧业,10.66,3.5,9.46,113.6,10.349930047828,0.2037996,65.69251902,2517,2456,74.8,2026-08-17,3.0,49.1,False
1589,300107,建新股份,6.39,-1.54,1.27,37.56,6.469016998973,0.1421364,58.35079088,-550,4431,73.6,2026-08-17,-1.22,42.9,False
1590,300109,新开源,13.84,-0.43,0.55,30.82,13.737981918989,0.2972604,64.16562872,-347,2921,72.0,2026-08-17,0.74,46.2,False
1591,300110,华仁药业,2.88,-1.71,1.42,53.34,2.920093799009,0.247156,59.24655668,-172,4235,74.0,2026-08-17,-1.37,43.8,False
1592,300111,向日葵,3.1,-1.27,1.04,-191.29,3.116712830593,0.219548,57.90568913,292,4526,71.6,2026-08-17,-0.54,41.5,False
1593,300112,万讯自控,9.17,-4.38,3.66,-900.41,9.519690625283,0.231106,63.97176098,558,2985,78.4,2026-08-17,-3.67,50.2,False
1594,300113,顺网科技,17.94,-4.06,3.29,37.56,18.446535715396,0.264468,64.96467934,-2428,2686,84.0,2026-08-17,-2.75,54.6,False
1595,300115,长盈精密,28.06,-0.25,1.52,76.26,27.807993534664,0.3605992,67.14733042,1952,2013,78.8,2026-08-17,0.91,52.9,False
1596,300118,东方日升,10.38,-0.76,1.95,-8.19,10.359268317623,0.2414256,54.69103056,97,4959,74.0,2026-08-17,0.2,40.5,False
1597,300119,瑞普生物,18.99,0.42,1.07,20.47,18.9001556764,0.1048368,70.68590246,156,1094,77.6,2026-08-17,0.48,54.9,False
1598,300120,经纬辉开,9.03,-5.45,10.65,416.52,9.174169615858,0.342204,66.55071086,-204,2181,85.6,2026-08-17,-1.57,57.0,False
1599,300121,阳谷华泰,9.83,-1.9,1.27,18.22,9.863599003976,0.2916988,67.13776835,-379,2015,70.0,2026-08-17,-0.34,47.0,False
1600,300122,智飞生物,12.52,-2.87,1.33,-19.29,12.874192734243,0.2511196,56.569408,-772,4738,84.0,2026-08-17,-2.75,47.5,False
1601,300123,ST亚光,4.44,-2.84,1.58,-38.4,4.631217905306,0.292398,54.70785052,-1198,4957,73.6,2026-08-17,-4.13,40.3,False
1602,300124,汇川技术,61.42,-0.89,0.45,41.02,61.570875551345,0.4421736,73.7338865,977,544,86.8,2026-08-17,-0.25,64.0,False
1603,300125,聆达股份,8.81,0.0,1.36,-180.98,8.761769825633,0.263125490196,51.60373685,-275,5138,68.4,2026-08-17,0.55,35.3,False
1604,300126,锐奇股份,6.29,-2.02,0.86,-25.94,6.343246390037,0.0705264,60.82268474,382,3869,64.8,2026-08-17,-0.84,39.4,False
1605,300127,银河磁体,25.53,-0.89,0.92,38.35,25.493667526826,0.1568228,63.8662388,-1253,3011,76.4,2026-08-17,0.14,48.8,False
1606,300128,锦富技术,4.62,-2.94,1.11,-27.43,4.696376394114,0.2511604,56.81944976,211,4703,68.8,2026-08-17,-1.63,39.1,False
1607,300129,泰胜风能,8.11,-2.17,1.16,165.15,8.223008314812,0.2151492,66.16027694,1865,2299,72.8,2026-08-17,-1.37,48.2,False
1608,300130,新国都,18.83,-2.38,1.24,25.04,19.152324036433,0.2652584,63.35761658,-1577,3165,75.2,2026-08-17,-1.68,47.6,False
1609,300131,英唐智控,16.9,-0.59,2.39,1177.08,16.938413408211,0.376164,62.48869128,-2726,3412,81.6,2026-08-17,-0.23,51.0,False
1610,300132,诺斯贝尔,6.33,-2.01,1.19,37.29,6.427510093369,0.2383772,65.09565181,-1055,2647,72.4,2026-08-17,-1.52,47.1,False
1611,300133,华策影视,6.98,-2.79,1.89,40.26,7.122754605801,0.2575124,60.54470792,-979,3931,78.0,2026-08-17,-2.0,47.2,False
1612,300134,大富科技,8.27,-2.93,0.76,-29.91,8.433045862331,0.1490428,56.20845536,-241,4778,79.6,2026-08-17,-1.93,44.7,False
1613,300135,宝利国际,3.32,-0.9,0.9,86.82,3.320803170609,0.2375512,59.91595233,283,4055,70.4,2026-08-17,-0.02,42.2,False
1614,300136,信维通信,69.17,-1.75,2.64,159.52,69.4670539995,0.4056804,73.8996729,656,523,76.8,2026-08-17,-0.43,56.8,False
1615,300137,先河环保,12.56,-3.01,1.95,1295.65,12.687331998814,0.4434584,61.40149323,-1361,3699,74.4,2026-08-17,-1.0,45.7,False
1616,300138,晨光生物,11.28,1.35,1.35,14.09,11.05242279115,0.1787036,67.01876229,-1237,2048,72.0,2026-08-17,2.06,48.3,False
1617,300139,晓程科技,46.11,-1.91,8.5,113.4,47.214979939548,0.3517312,65.90071599,351,2388,91.2,2026-08-17,-2.34,60.1,False
1618,300140,节能环境,5.35,0.0,0.19,14.11,5.329646815059,0.1790968,63.5027056,-327,3120,70.0,2026-08-17,0.38,44.5,False
1619,300141,和顺电气,10.27,-2.56,1.29,-99.11,10.463389722576,0.1988144,59.78738087,82,4085,80.4,2026-08-17,-1.85,48.1,False
1620,300142,沃森生物,13.1,-1.5,2.58,47.33,13.206688194486,0.3355172,61.50856919,-860,3673,86.8,2026-08-17,-0.81,53.4,False
1621,300143,盈康生命,8.19,0.61,2.28,59.12,8.150813051477,0.2378096,69.7029191,-1256,1322,77.6,2026-08-17,0.48,54.1,False
1622,300144,宋城演艺,5.98,-0.66,0.4,18.45,5.99215124156,0.2908284,68.69201934,937,1558,77.2,2026-08-17,-0.2,53.0,False
1623,300145,南方泵业,4.29,-2.94,1.76,25.47,4.365432571422,0.3360728,63.22326286,-613,3202,67.2,2026-08-17,-1.73,42.5,False
1624,300146,汤臣倍健,9.91,-0.9,0.45,13.9,9.956721137917,0.261174,64.14467882,-644,2932,82.0,2026-08-17,-0.47,52.6,False
1625,300147,*ST香雪,7.01,-3.18,0.76,-10.4,7.181202053925,0.2235564,54.41792737,-1007,4983,74.4,2026-08-17,-2.38,40.5,False
1626,300148,天舟文化,3.45,-1.43,1.14,72.24,3.4779920324,0.2264828,58.11705438,-210,4481,71.6,2026-08-17,-0.8,41.6,False
1627,300149,睿智医药,10.74,-3.07,3.94,-74.68,10.95759823184,0.250356,61.84688673,-921,3588,80.8,2026-08-17,-1.99,50.0,False
1628,300150,世纪瑞尔,4.25,-1.85,0.47,-50.81,4.287532860322,0.1735064,67.61643372,652,1866,64.4,2026-08-17,-0.88,43.5,False
1629,300151,昌红科技,16.74,-3.4,2.59,131.44,17.07813413514,0.3282772,67.95295304,-81,1766,68.0,2026-08-17,-1.98,46.2,False
1630,300152,*ST动力,1.65,0.61,1.24,-86.76,1.629215624504,0.3201836,55.97381264,-426,4811,72.4,2026-08-17,1.28,40.5,False
1631,300153,科泰电源,23.51,-2.29,2.36,92.46,23.54772825316,0.209226,73.17941721,1468,623,74.0,2026-08-17,-0.16,54.2,False
1632,300154,瑞凌股份,11.72,2.0,3.88,47.25,11.130969192034,0.281456,66.1510416,-1223,2302,72.8,2026-08-17,5.29,48.2,False
1633,300155,安居宝,4.27,-1.39,0.84,-70.32,4.311341968703,0.08775,58.82532789,-546,4329,66.4,2026-08-17,-0.96,39.1,False
1634,300157,新锦动力,4.04,1.0,3.66,-18.86,3.988776080574,0.3247516,51.21620186,-113,5146,72.8,2026-08-17,1.28,37.3,False
1635,300158,振东制药,5.44,-2.33,1.61,-1290.29,5.510246590993,0.2791836,61.236015,333,3736,83.2,2026-08-17,-1.27,50.9,False
1636,300159,新研股份,3.03,-0.98,1.03,49.04,3.02592888381,0.334099607843,63.52426903,1166,3114,77.6,2026-08-17,0.13,49.3,False
1637,300160,秀强股份,4.36,-1.13,0.34,22.5,4.390222710232,0.245054,66.31371723,1588,2258,69.6,2026-08-17,-0.69,46.2,False
1638,300161,华中数控,30.55,2.35,4.96,-19.19,30.549928080347,0.2357796,63.67596376,692,3063,87.2,2026-08-17,0.0,55.5,False
1639,300162,雷曼光电,7.93,-0.38,5.94,-59.95,7.834940861111,0.2158632,58.47566733,745,4404,72.8,2026-08-17,1.21,42.6,False
1640,300163,先锋新材,7.0,0.86,4.3,-78.07,6.768103693752,0.3110172,60.63219708,1177,3910,66.0,2026-08-17,3.43,40.0,False
1641,300164,通源石油,10.92,3.21,17.23,-124.52,10.704244691823,0.3279712,57.48207371,-2394,4590,84.4,2026-08-17,2.02,48.5,False
1642,300165,天瑞仪器,5.1,-3.04,1.82,50.26,5.232594633995,0.1950752,56.49633438,320,4751,66.0,2026-08-17,-2.53,37.3,False
1643,300166,东方国信,14.22,-3.79,4.29,-149.8,14.564551993328,0.299476,69.98928604,-531,1245,86.0,2026-08-17,-2.37,60.2,False
1644,300167,ST迪威迅,4.34,-5.24,1.79,-20.5,4.590044007376,0.2701652,61.00086614,232,3804,69.6,2026-08-17,-5.45,42.5,False
1645,300168,万达信息,5.06,-2.88,0.7,-45.95,5.192997549826,0.2599224,63.28584133,413,3185,77.6,2026-08-17,-2.56,49.1,False
1646,300169,天晟新材,5.71,-2.23,1.57,-757.82,5.779737976847,0.2223656,62.19290329,815,3491,76.0,2026-08-17,-1.21,47.3,False
1647,300170,汉得信息,16.59,-4.49,3.27,110.57,17.104812387435,0.2620844,65.76561222,-2050,2425,87.6,2026-08-17,-3.01,57.6,False
1648,300171,东富龙,13.73,-2.49,1.65,95.54,13.983169493183,0.2247516,65.91338947,-2113,2384,80.8,2026-08-17,-1.81,53.3,False
1649,300172,中电环保,4.62,-0.86,0.83,24.38,4.643355221194,0.2278708,58.59763099,-1061,4379,73.6,2026-08-17,-0.5,43.1,False
1650,300173,ST福能,3.26,-2.1,0.45,-23.44,3.30641988327,0.1696824,52.33916955,-390,5108,68.4,2026-08-17,-1.4,35.8,False
1651,300174,元力股份,20.52,-2.98,2.65,44.87,20.704118206114,0.3476636,71.937048,690,826,68.4,2026-08-17,-0.89,49.2,False
1652,300175,朗源股份,6.17,-0.8,1.1,-129.33,6.20598334912,0.2642952,65.62124824,1524,2480,73.2,2026-08-17,-0.58,48.0,False
1653,300176,鸿特科技,,,0.0,68.28,5.223367199082,0.0947,56.24360923,-131,4774,67.2,2026-08-17,,37.8,False
1654,300177,中海达,6.31,-2.02,0.8,-40.25,6.389503392682,0.2109016,62.68493162,1499,3345,74.4,2026-08-17,-1.24,46.6,False
1655,300179,四方达,38.45,-3.44,9.03,108.76,39.25747116394,0.3405064,76.00076528,1965,284,79.6,2026-08-17,-2.06,60.5,False
1656,300180,华峰超纤,4.22,-2.76,0.65,-961.97,4.337028678694,0.257036,62.66507747,401,3352,72.0,2026-08-17,-2.7,45.1,False
1657,300181,佐力药业,14.55,-0.95,2.81,12.78,14.724179837881,0.3234404,72.22800805,-689,787,84.0,2026-08-17,-1.18,60.7,False
1658,300182,捷成股份,4.99,-2.92,2.36,29.44,5.093300820396,0.3675016,59.94108394,-768,4050,79.6,2026-08-17,-2.03,47.7,False
1659,300183,东软载波,10.46,-2.7,0.76,-53.56,10.661944156809,0.1498196,57.09191161,-526,4664,72.4,2026-08-17,-1.89,41.3,False
1660,300184,力源信息,12.67,-2.76,3.43,24.47,12.852817199154,0.3289304,75.29043035,138,354,81.6,2026-08-17,-1.42,61.4,False
1661,300185,通裕重工,2.72,-1.45,0.71,66.47,2.742350201644,0.3186796,66.03529773,334,2338,71.6,2026-08-17,-0.82,47.3,False
1662,300187,永清环保,4.62,-1.91,1.12,17.1,4.648363735442,0.2415476,64.01194943,184,2970,66.4,2026-08-17,-0.61,42.5,False
1663,300188,国投智能,10.48,-1.6,0.52,-14.82,10.568137059531,0.2244476,62.41188527,572,3437,80.8,2026-08-17,-0.83,50.4,False
1664,300189,神农种业,6.23,20.04,35.34,-245.45,5.187417211462,0.3674344,76.63967775,4086,228,78.0,2026-08-17,20.1,59.8,False
1665,300190,维尔利,3.67,-2.65,0.84,138.13,3.74165704495,0.3824344,63.61215884,1414,3093,65.6,2026-08-17,-1.92,41.7,False
1666,300191,潜能恒信,33.6,0.75,5.23,45.71,32.950877657986,0.2947464,65.59984902,682,2493,78.0,2026-08-17,1.97,51.2,False
1667,300192,科德教育,14.4,-0.76,2.27,67.74,14.455744673028,0.3124516,74.04375133,546,503,80.8,2026-08-17,-0.39,59.8,False
1668,300193,佳士科技,7.68,-1.41,0.32,35.34,7.722464576126,0.212958,63.73779492,-516,3046,66.0,2026-08-17,-0.55,42.1,False
1669,300194,福安药业,4.02,-0.74,1.52,21.77,4.018611200573,0.2917936,65.43650064,1269,2546,73.2,2026-08-17,0.03,47.9,False
1670,300195,长荣股份,5.51,-1.25,1.03,-17.59,5.532504283697,0.191338,55.36926745,117,4885,67.6,2026-08-17,-0.41,37.4,False
1671,300196,长海股份,18.71,-2.3,3.82,23.59,18.964005004214,0.2736132,75.24266904,251,361,68.0,2026-08-17,-1.34,51.2,False
1672,300197,节能铁汉,2.12,-2.3,3.07,-12.95,2.168175848492,0.3025376,56.17450544,-206,4785,77.6,2026-08-17,-2.22,43.6,False
1673,300198,*ST纳川,2.18,-1.36,0.48,-13.6,2.228613270978,0.2822656,54.12580095,-2319,5004,66.4,2026-08-17,-2.18,35.9,False
1674,300199,翰宇药业,25.57,-2.37,2.48,44.17,25.845113590017,0.3495396,58.90720076,-627,4309,88.0,2026-08-17,-1.06,51.8,False
1675,300200,高盟新材,8.88,-2.09,1.16,38.83,9.005604741231,0.2300168,65.06126294,-1147,2659,75.6,2026-08-17,-1.39,49.2,False
1676,300201,海伦哲,14.89,-2.49,1.58,87.35,15.132542445951,0.3650592,65.2988467,-1990,2591,70.8,2026-08-17,-1.6,46.2,False
1677,300203,聚光科技,13.0,-0.61,1.14,-20.07,13.207499754881,0.281186,58.27426931,-282,4452,69.2,2026-08-17,-1.57,40.3,False
1678,300204,舒泰神,24.38,-2.17,3.9,-391.32,24.801323933698,0.3011336,52.30185078,-117,5110,82.0,2026-08-17,-1.7,42.9,False
1679,300205,*ST天喻,4.82,-2.43,0.47,-14.4,4.899620136918,0.2392912,49.05697769,-15,5184,66.4,2026-08-17,-1.63,32.6,False
1680,300206,理邦仪器,12.04,-1.39,0.77,16.61,12.146292031676,0.126802,67.19437645,-1479,1997,69.6,2026-08-17,-0.88,46.8,False
1681,300207,欣旺达,18.1,-2.53,1.31,73.32,18.412013490412,0.2954112,61.42261671,-1747,3694,83.6,2026-08-17,-1.69,51.3,False
1682,300209,行云科技,36.36,-7.48,11.21,1405.08,38.4771157046,0.4668236,58.6296103,-2483,4373,92.0,2026-08-17,-5.5,53.9,False
1683,300210,森远股份,8.82,0.0,1.02,-91.15,8.740797629228,0.241884,51.33077099,-149,5144,66.0,2026-08-17,0.91,33.9,False
1684,300211,*ST亿通,7.37,-4.41,1.24,-47.24,7.735290507946,0.2875376,60.79642603,332,3873,67.2,2026-08-17,-4.72,40.9,False
1685,300212,*ST易录,8.73,-5.62,2.07,-32.68,9.177157517792,0.3280144,63.05350629,1289,3242,73.6,2026-08-17,-4.87,46.4,False
1686,300213,佳讯飞鸿,6.3,-1.87,1.53,383.1,6.351767672396,0.1683024,55.02656377,-784,4929,71.2,2026-08-17,-0.82,39.2,False
1687,300214,日科化学,12.7,-2.68,7.97,710.44,12.523549564116,0.324874333333,73.59600243,194,555,76.4,2026-08-17,1.41,56.2,False
1688,300215,电科院,6.22,-1.11,0.85,573.08,6.228216691069,0.1501916,62.02714673,23,3535,67.2,2026-08-17,-0.13,41.7,False
1689,300217,东方电热,4.41,-3.29,1.67,57.02,4.532483244311,0.3991912,69.23178693,205,1430,73.2,2026-08-17,-2.7,50.7,False
1690,300218,安利股份,12.75,-1.01,0.39,123.43,12.868336903305,0.18089,69.68441352,-5,1327,66.8,2026-08-17,-0.92,46.5,False
1691,300219,鸿利智汇,7.0,-1.27,0.99,122.78,7.004443645412,0.2029428,65.56351262,576,2505,68.0,2026-08-17,-0.06,44.6,False
1692,300220,金运激光,10.8,-1.73,0.69,-153.23,10.904374162307,0.0257588,56.76159189,194,4712,69.2,2026-08-17,-0.96,39.3,False
1693,300221,银禧科技,13.77,-2.13,1.86,34.93,13.92110607081,0.2475692,65.43654225,-1156,2545,70.0,2026-08-17,-1.09,45.8,False
1694,300222,科大智能,10.7,-1.29,1.73,44.61,10.691457140106,0.2265948,61.53140833,422,3668,76.0,2026-08-17,0.08,46.8,False
1695,300223,君正股份,153.34,-1.32,5.96,58.13,151.877038369881,0.4650568,81.19666571,150,33,91.6,2026-08-17,0.96,74.4,False
1696,300224,正海磁材,11.34,-1.82,0.66,56.08,11.432289685731,0.273378,69.84336015,1006,1283,76.0,2026-08-17,-0.81,53.1,False
1697,300225,金力泰,7.56,0.27,1.21,62.47,7.41118572901,0.323673333333,65.21915844,424,2616,68.0,2026-08-17,2.01,44.3,False
1698,300226,上海钢联,16.06,-2.67,0.74,28.96,16.209021235962,0.3321152,65.15179048,-593,2634,74.0,2026-08-17,-0.92,48.2,False
1699,300227,光韵达,11.95,-0.67,1.5,-62.07,11.935003370303,0.2986904,59.46863703,-2704,4174,78.4,2026-08-17,0.13,46.6,False
1700,300228,富瑞特装,7.51,0.54,1.77,19.69,7.414259299287,0.2036016,64.15711873,-489,2926,72.0,2026-08-17,1.29,46.2,False
1701,300229,拓尔思,14.01,-3.71,1.57,-39.53,14.379582346434,0.2095376,56.16549865,-558,4788,84.4,2026-08-17,-2.57,47.4,False
1702,300230,永利股份,4.26,-0.23,0.53,21.15,4.258479213715,0.3139884,67.04020434,-353,2042,65.6,2026-08-17,0.04,44.0,False
1703,300231,银信科技,8.49,-3.52,2.17,73.81,8.751051569155,0.2155856,66.61850537,-776,2164,72.4,2026-08-17,-2.98,48.2,False
1704,300232,洲明科技,5.17,-1.71,0.9,-16.99,5.241833223591,0.244158,55.88538247,-76,4825,68.8,2026-08-17,-1.37,38.4,False
1705,300233,金城医药,14.11,-0.63,1.86,23.43,14.13370625453,0.2105392,61.87888687,-2668,3576,78.4,2026-08-17,-0.17,48.5,False
1706,300234,开尔新材,9.65,-0.52,1.52,-2003.26,9.737465699104,0.3294924,59.30271668,-382,4220,65.2,2026-08-17,-0.9,38.7,False
1707,300235,方直科技,11.28,-1.14,2.02,341.79,11.422480049132,0.3071368,62.35709947,631,3450,69.2,2026-08-17,-1.25,43.2,False
1708,300236,上海新阳,100.65,-0.8,1.79,76.05,100.222564231933,0.3578236,72.81263668,-376,683,80.4,2026-08-17,0.43,58.5,False
1709,300237,ST美晨,1.97,-1.01,0.35,-71.01,1.983442179686,0.2912484,53.59523536,-67,5044,67.2,2026-08-17,-0.68,36.0,False
1710,300238,冠昊生物,12.09,-1.55,1.45,78.86,12.238505090731,0.174078,60.40650779,-2969,3955,77.6,2026-08-17,-1.21,46.9,False
1711,300239,东宝生物,5.11,-0.39,0.8,38.51,5.103855515472,0.2173672,65.20824788,812,2620,65.6,2026-08-17,0.12,42.8,False
1712,300240,飞力达,6.01,2.74,3.24,45.38,5.763940658357,0.1545636,67.48907092,2075,1905,67.2,2026-08-17,4.27,45.4,False
1713,300241,瑞丰光电,5.87,0.34,3.83,39.15,5.75365094358,0.2968624,73.18966647,2528,622,67.6,2026-08-17,2.02,49.5,False
1714,300242,佳云科技,4.21,-2.77,1.72,-111.49,4.2921259226,0.266347272727,58.56179251,-1542,4383,74.4,2026-08-17,-1.91,43.6,False
1715,300243,瑞丰高材,19.35,15.18,20.59,45.89,16.562692100024,0.2619592,72.07849213,-515,807,80.8,2026-08-17,16.83,58.2,False
1716,300244,迪安诊断,20.15,-1.9,2.3,48.91,20.423769610941,0.2252868,62.07990547,-1032,3519,80.8,2026-08-17,-1.34,50.2,False
1717,300245,ST天玑,5.62,-1.58,0.82,-24.08,5.687725039057,0.1499264,56.90225966,-467,4695,69.6,2026-08-17,-1.19,39.6,False
1718,300246,宝莱特,17.78,-6.03,6.18,-160.7,18.9675394579,0.248530909091,53.42900723,-2132,5053,78.8,2026-08-17,-6.26,42.1,False
1719,300247,融捷健康,3.77,-2.58,1.39,31.93,3.854963645126,0.2571496,62.76485206,-1843,3321,69.2,2026-08-17,-2.2,43.4,False
1720,300248,新开普,8.81,-2.54,1.26,-19.67,8.935579193411,0.1717768,65.71349192,628,2443,80.4,2026-08-17,-1.41,52.8,False
1721,300249,依米康,12.94,-4.36,4.12,158.03,13.265877547759,0.2896508,71.77554659,180,852,78.0,2026-08-17,-2.46,56.0,False
1722,300250,初灵信息,15.27,-3.48,2.65,-339.63,15.636460245323,0.1534428,58.9122562,-1556,4308,80.4,2026-08-17,-2.34,47.4,False
1723,300251,光线传媒,11.15,-1.68,0.65,351.33,11.297146569713,0.2198788,59.21921226,-623,4242,80.0,2026-08-17,-1.3,47.4,False
1724,300252,金信诺,11.77,-3.52,2.65,95.29,12.073112699576,0.255056,66.12074782,-799,2313,75.6,2026-08-17,-2.51,50.0,False
1725,300253,卫宁健康,7.35,-3.67,2.18,288.28,7.588822467132,0.2414396,57.62958828,-698,4568,84.4,2026-08-17,-3.15,48.6,False
1726,300254,仟源医药,9.25,2.21,10.1,177.96,8.957371500644,0.1329852,54.08373793,-119,5006,67.2,2026-08-17,3.27,36.3,False
1727,300255,常山药业,26.79,-1.8,2.56,1048.44,26.736579515634,0.302332,51.18576439,-227,5147,79.6,2026-08-17,0.2,40.7,False
1728,300256,星星科技,2.68,-1.83,0.42,-82.11,2.704185469404,0.2298712,63.31946932,-513,3175,74.4,2026-08-17,-0.89,47.1,False
1729,300257,开山股份,19.33,-0.97,0.49,60.28,19.312409848245,0.168158,66.2544218,-392,2272,64.4,2026-08-17,0.09,42.7,False
1730,300258,精锻科技,10.34,-0.1,0.76,514.61,10.24248203799,0.22208,56.44395174,-50,4755,68.0,2026-08-17,0.95,38.4,False
1731,300259,新天科技,4.27,-3.39,1.42,63.46,4.367893059558,0.2549624,58.1654467,-360,4474,65.6,2026-08-17,-2.24,38.2,False
1732,300260,新莱应材,61.99,-2.32,2.92,119.59,62.023552802867,0.2935208,70.32048867,2294,1173,82.8,2026-08-17,-0.05,58.2,False
1733,300261,雅本化学,5.17,-0.19,0.86,-21.62,5.165336251464,0.2540744,55.18730992,-293,4907,78.4,2026-08-17,0.09,43.3,False
1734,300263,隆华科技,10.6,0.95,3.24,42.53,10.365646485718,0.3330168,71.85442693,282,841,71.6,2026-08-17,2.26,51.4,False
1735,300264,佳创视讯,6.66,-3.2,1.43,-180.39,6.830551228188,0.2310612,54.42622181,126,4982,68.0,2026-08-17,-2.5,37.0,False
1736,300265,通光线缆,14.58,-3.32,2.92,424.74,14.857169391946,0.2351516,61.03978162,323,3793,71.6,2026-08-17,-1.87,43.7,False
1737,300266,兴源环境,1.88,-1.57,0.5,-22.92,1.894658731823,0.1983,52.18535586,-421,5116,67.2,2026-08-17,-0.77,35.1,False
1738,300267,尔康制药,3.27,-1.51,1.18,128.63,3.300978465569,0.2897424,54.23506043,-564,4993,70.4,2026-08-17,-0.94,38.2,False
1739,300268,佳沃食品,12.72,5.3,5.97,-70.67,12.337599556092,0.2073648,62.15320805,805,3503,64.4,2026-08-17,3.1,40.0,False
1740,300269,联建光电,4.82,-1.83,1.69,-38.24,4.858767094117,0.2201112,59.7985392,607,4082,71.2,2026-08-17,-0.8,42.6,False
1741,300270,中威电子,12.83,-2.43,3.66,478.92,12.704094951616,0.1979724,53.78942529,89,5033,75.2,2026-08-17,0.99,40.4,False
1742,300271,华宇软件,5.48,-2.14,0.8,-19.78,5.56810204226,0.2193032,59.09352212,-536,4273,76.8,2026-08-17,-1.58,45.4,False
1743,300272,开能健康,6.08,-0.98,1.66,173.94,6.139470580937,0.1823484,60.82925246,-1884,3867,72.8,2026-08-17,-0.97,44.3,False
1744,300274,阳光电源,119.04,0.2,1.82,26.93,117.394670358219,0.4555984,75.19574728,26,369,91.6,2026-08-17,1.4,68.9,False
1745,300275,梅安森,9.13,-0.22,1.34,63.35,9.048416473083,0.1889628,68.46526243,-681,1624,68.8,2026-08-17,0.9,47.1,False
1746,300276,三丰智能,6.86,1.78,2.57,-195.13,6.701526416305,0.2823172,57.99740608,547,4506,71.2,2026-08-17,2.36,41.3,False
1747,300277,汽轮科技,12.39,-2.13,0.78,55.34,12.498571735949,0.2375812,66.84195572,1282,2102,68.0,2026-08-17,-0.87,45.5,False
1748,300278,华昌达,3.9,-1.02,0.5,866.63,3.909579002793,0.18457,54.40175804,-705,4984,70.0,2026-08-17,-0.25,38.1,False
1749,300279,和晶科技,5.69,-2.57,0.92,67.64,5.772696812224,0.2092396,62.34288517,549,3453,66.8,2026-08-17,-1.43,41.6,False
1750,300281,金明精机,6.29,-1.72,0.81,134.83,6.364196148228,0.1696096,55.4496279,-116,4876,68.4,2026-08-17,-1.17,37.9,False
1751,300283,温州宏丰,14.58,-2.41,7.03,39.23,14.762430206636,0.2604876,61.01332849,-1938,3801,70.0,2026-08-17,-1.24,42.7,False
1752,300284,苏交科,5.35,-2.73,1.06,42.43,5.468348125471,0.2757276,64.11328576,-562,2944,75.2,2026-08-17,-2.16,48.2,False
1753,300285,国瓷材料,74.99,2.0,9.93,103.06,71.840621289908,0.4769136,76.23214294,1049,268,94.8,2026-08-17,4.38,72.3,False
1754,300286,安科瑞,20.8,-1.65,0.93,25.94,20.965252353378,0.2015608,64.22722608,118,2900,65.2,2026-08-17,-0.79,41.9,False
1755,300287,飞利信,3.63,-3.46,1.33,-45.55,3.728988257945,0.2431288,54.95814369,-343,4935,77.6,2026-08-17,-2.65,42.6,False
1756,300288,朗玛信息,9.85,-2.28,1.01,-199.7,10.01275955743,0.1371792,60.76125106,-403,3879,74.0,2026-08-17,-1.63,45.0,False
1757,300289,利德曼,5.93,-0.84,0.58,-203.03,5.998707098833,0.1611008,56.98863362,-1474,4679,64.8,2026-08-17,-1.15,36.9,False
1758,300290,ST荣科,5.88,-1.01,2.17,-52.52,5.91135625431,0.169793529412,53.17462652,-126,5066,73.6,2026-08-17,-0.53,39.1,False
1759,300291,百纳千成,5.03,-3.45,1.58,88.5,5.169333995554,0.1670072,54.57912527,-587,4973,70.8,2026-08-17,-2.7,38.6,False
1760,300292,吴通控股,4.3,-2.93,3.0,34.91,4.3754245504,0.319226,75.22617569,32,364,72.4,2026-08-17,-1.72,54.5,False
1761,300293,蓝英装备,16.03,-1.78,0.67,-1276.03,16.22130119624,0.1593424,59.56631684,657,4137,80.8,2026-08-17,-1.18,48.1,False
1762,300294,博雅生物,15.15,-1.5,0.87,63.2,15.314822912332,0.1773196,59.16669292,-1836,4259,70.8,2026-08-17,-1.08,41.9,False
1763,300295,*ST三六,12.11,-3.51,1.19,444.15,12.794487278446,0.2682928,60.9484408,-3255,3830,70.0,2026-08-17,-5.35,42.7,False
1764,300296,利亚德,5.32,-1.66,0.99,212.01,5.360830133958,0.3203792,62.47146358,-193,3419,73.2,2026-08-17,-0.76,45.7,False
1765,300298,三诺生物,15.94,-1.36,0.64,20.05,16.133069085608,0.12205,65.70722324,-794,2447,74.0,2026-08-17,-1.2,48.6,False
1766,300299,富春股份,5.35,-2.73,1.14,55.35,5.440946601472,0.1766644,60.97854546,532,3817,79.6,2026-08-17,-1.67,48.5,False
1767,300300,海峡创新,8.2,0.99,12.1,-121.45,8.049193243771,0.2056464,58.3051978,-378,4443,73.2,2026-08-17,1.87,42.7,False
1768,300301,ST长方,3.33,-2.35,0.64,-33.49,3.412171306292,0.2704704,52.00967468,-746,5122,65.2,2026-08-17,-2.41,33.9,False
1769,300302,同有科技,32.14,-1.71,5.8,44.17,31.986336878904,0.3721604,73.090413,568,640,74.0,2026-08-17,0.48,54.1,False
1770,300303,聚飞光电,7.41,-0.4,2.37,51.36,7.356541537429,0.33335,66.55459952,66,2179,72.4,2026-08-17,0.73,48.2,False
1771,300304,云意电气,11.97,-7.14,2.29,37.36,12.668342938853,0.3556288,74.30269252,348,470,72.0,2026-08-17,-5.51,53.5,False
1772,300305,裕兴股份,6.25,-3.4,2.6,-12.07,6.381662312885,0.226874,61.52001923,-1195,3672,75.6,2026-08-17,-2.06,46.5,False
1773,300306,远方信息,10.09,-0.98,0.86,65.64,10.087132473987,0.109404,69.0686939,1805,1455,66.4,2026-08-17,0.03,45.9,False
1774,300307,慈星股份,7.99,2.3,2.82,17.63,7.705163309513,0.2505984,63.56895264,-1141,3102,71.6,2026-08-17,3.7,45.5,False
1775,300308,中际旭创,978.5,-2.25,1.09,49.9,971.050446572478,0.689802,87.26859543,4,1,94.8,2026-08-17,0.77,82.7,False
1776,300310,宜通世纪,4.36,-3.11,1.55,-190.22,4.45601910674,0.2786,58.74582298,-284,4345,70.8,2026-08-17,-2.15,41.6,False
1777,300311,任子行,5.87,-3.61,4.97,-38.98,6.050965061661,0.275297647059,59.33196353,-834,4215,82.8,2026-08-17,-2.99,49.1,False
1778,300313,天山生物,12.88,20.04,7.2,185.53,10.151155215512,0.478762156863,72.97202034,77,656,76.4,2026-08-17,26.88,55.8,False
1779,300314,戴维医疗,15.25,3.46,25.86,111.07,14.166671101663,0.4092964,74.15658851,-352,483,77.6,2026-08-17,7.65,57.5,False
1780,300315,掌趣科技,4.1,-2.61,1.21,51.31,4.156637429031,0.2382932,55.72794412,-293,4844,76.0,2026-08-17,-1.36,42.4,False
1781,300316,晶盛机电,45.76,0.88,0.58,146.09,44.710578069986,0.2983412,66.55820825,-247,2177,79.6,2026-08-17,2.35,53.0,False
1782,300317,珈伟新能,4.29,-4.88,5.75,346.0,4.476564272281,0.2542568,54.89207268,-615,4941,85.2,2026-08-17,-4.17,46.8,False
1783,300318,博晖创新,5.08,-0.59,0.56,-142.41,5.096524244789,0.1520368,57.0028598,-1582,4675,70.8,2026-08-17,-0.32,40.4,False
1784,300319,麦捷科技,18.94,-0.84,14.25,89.14,18.814953413716,0.3566276,65.4756505,-2294,2531,92.4,2026-08-17,0.66,60.5,False
1785,300320,海达股份,8.79,-2.87,0.95,21.14,8.844804034663,0.3503804,73.32305921,322,594,70.0,2026-08-17,-0.62,51.3,False
1786,300321,同大股份,34.02,-3.32,1.63,1595.71,34.965933586659,0.2458952,64.16215998,-278,2924,64.0,2026-08-17,-2.71,41.1,False
1787,300322,硕贝德,18.72,-3.6,3.58,206.45,18.986029929563,0.263334,71.1499668,-334,981,80.4,2026-08-17,-1.4,57.2,False
1788,300323,华灿光电,12.58,-1.26,3.15,100.73,12.536468313726,0.3292936,67.99054155,104,1761,74.4,2026-08-17,0.35,50.6,False
1789,300324,旋极信息,3.72,-2.36,0.91,-52.73,3.767461352697,0.2310716,59.70328188,-46,4110,72.8,2026-08-17,-1.26,43.5,False
1790,300326,ST凯利,5.93,-2.31,0.52,16.08,6.070801150744,0.2627404,61.72942064,-1273,3622,67.6,2026-08-17,-2.32,41.7,False
1791,300327,中颖电子,23.38,-1.81,1.37,97.4,23.517578694965,0.2412228,62.33132914,530,3458,76.0,2026-08-17,-0.59,47.4,False
1792,300328,宜安科技,14.7,-1.8,1.99,-132.3,14.873401651853,0.3545296,56.63933192,179,4728,75.6,2026-08-17,-1.17,42.8,False
1793,300329,海伦钢琴,12.01,-0.58,0.61,-36.83,11.767499254732,0.2525944,59.22786465,785,4238,66.0,2026-08-17,2.06,39.1,False
1794,300331,苏大维格,51.79,-1.58,2.77,111.96,51.439349041086,0.4221428,71.86413795,934,836,74.8,2026-08-17,0.68,53.8,False
1795,300332,天壕能源,4.84,0.83,1.57,38.46,4.758747842371,0.276779830508,58.1085771,547,4483,66.8,2026-08-17,1.71,38.8,False
1796,300333,兆日科技,12.42,2.22,14.81,-234.85,11.417583560473,0.369641666667,67.6425691,2317,1856,88.8,2026-08-17,8.78,60.1,False
1797,300334,津膜科技,8.61,-2.05,0.99,288.37,8.685229929055,0.200632,60.34087992,1074,3977,61.6,2026-08-17,-0.87,37.2,False
1798,300335,迪森股份,5.29,-1.12,1.25,39.26,5.298730334984,0.1734896,57.8121042,-653,4542,70.0,2026-08-17,-0.16,40.5,False
1799,300337,银邦股份,10.13,-1.36,0.88,38.08,10.189859106441,0.1975952,58.00257946,212,4503,72.0,2026-08-17,-0.59,41.8,False
1800,300338,*ST开元,2.94,3.16,1.34,-12.94,2.809953431128,0.228276,59.86506228,-357,4068,65.2,2026-08-17,4.63,39.0,False
1801,300339,润和软件,35.85,-3.0,1.5,92.39,36.592061015618,0.2808744,65.66991201,73,2465,76.4,2026-08-17,-2.03,50.2,False
1802,300340,科恒股份,8.58,-1.27,0.76,-27.57,8.639745328041,0.1108164,51.84262011,-428,5129,72.8,2026-08-17,-0.69,37.7,False
1803,300341,麦克奥迪,12.86,-2.13,0.3,39.27,13.048592042265,0.1018328,63.37047018,-515,3160,69.6,2026-08-17,-1.45,44.1,False
1804,300342,天银机电,37.07,-1.67,1.82,317.35,37.134660040732,0.2878976,64.32365285,1,2875,74.4,2026-08-17,-0.17,47.9,False
1805,300343,联创股份,5.9,-2.8,1.58,111.15,6.087868010451,0.291820588235,56.65009999,-398,4725,76.4,2026-08-17,-3.09,43.3,False
1806,300345,华民股份,9.34,4.94,19.81,-22.4,8.331839299618,0.4915216,68.34496376,-568,1660,78.0,2026-08-17,12.1,53.3,False
1807,300346,南大光电,60.99,-0.34,4.77,84.85,60.538853224649,0.3916372,74.33845051,1551,468,88.8,2026-08-17,0.75,66.0,False
1808,300347,泰格医药,53.25,-3.5,2.49,233.72,54.772671013226,0.343238,70.2929818,-723,1179,91.2,2026-08-17,-2.78,64.1,False
1809,300348,长亮科技,9.01,-2.91,1.1,-47.67,9.222425558899,0.2136516,60.79548184,-536,3874,78.4,2026-08-17,-2.3,47.7,False
1810,300349,金卡智能,10.54,-1.68,0.83,36.99,10.618176059072,0.2470716,66.58296846,756,2172,67.2,2026-08-17,-0.74,44.7,False
1811,300350,华鹏飞,4.33,-0.92,0.78,-88.81,4.347584220119,0.213938,57.84867643,301,4532,67.6,2026-08-17,-0.4,39.1,False
1812,300351,永贵电器,14.27,-2.99,2.04,-63.81,14.621700041611,0.2580436,62.79668528,-944,3311,70.0,2026-08-17,-2.41,44.0,False
1813,300352,ST信源,2.38,-3.25,0.91,-17.3,2.445469347728,0.2777196,55.33176298,199,4894,70.8,2026-08-17,-2.68,39.2,False
1814,300353,东土科技,18.94,-1.41,1.25,-73.59,18.931167435175,0.2616108,64.03126251,1381,2967,73.2,2026-08-17,0.05,46.9,False
1815,300354,东华测试,30.47,-1.68,0.94,38.67,30.667747512494,0.1915168,65.69575523,-1732,2454,68.8,2026-08-17,-0.64,45.2,False
1816,300355,蒙草生态,2.98,-1.32,0.73,-95.62,3.014739338285,0.3094348,67.41155932,791,1929,76.0,2026-08-17,-1.15,51.2,False
1817,300357,我武生物,24.64,-2.76,1.83,27.05,25.292130614072,0.2815472,70.44602987,-941,1139,82.0,2026-08-17,-2.58,57.8,False
1818,300358,楚天科技,8.92,-1.11,1.61,23.52,8.958631877423,0.298318,65.72440456,-545,2440,76.0,2026-08-17,-0.43,50.0,False
1819,300359,全通教育,4.18,-2.11,1.69,-32.56,4.24396983379,0.1872668,62.7864534,583,3316,77.2,2026-08-17,-1.51,48.5,False
1820,300360,炬华科技,11.87,-1.9,0.58,16.02,12.011333497577,0.2076536,65.12448603,-5,2639,70.0,2026-08-17,-1.18,45.6,False
1821,300363,博腾股份,21.33,-2.6,2.85,104.0,21.71070596133,0.2972512,66.8739318,-684,2091,88.8,2026-08-17,-1.75,59.4,False
1822,300364,中文在线,24.15,-3.86,3.58,-95.97,25.011760951988,0.3008508,63.89918983,654,3003,88.8,2026-08-17,-3.45,56.7,False
1823,300365,恒华科技,4.74,-1.86,0.69,-54.61,4.784596912264,0.1775672,56.85100286,-79,4700,68.8,2026-08-17,-0.93,39.1,False
1824,300366,ST创意,5.14,-1.91,0.72,-14.65,5.179743985438,0.2251368,62.76365109,-609,3322,72.4,2026-08-17,-0.77,45.4,False
1825,300368,汇金股份,8.14,-5.02,3.58,-115.89,8.443136745594,0.1978376,51.34184017,-189,5143,83.2,2026-08-17,-3.59,42.7,False
1826,300369,绿盟科技,7.44,-5.22,3.75,-15.36,7.672310684202,0.3062868,63.28276979,-2393,3186,85.6,2026-08-17,-3.03,54.2,False
1827,300370,安控科技,2.23,0.0,0.81,-33.58,2.208888868648,0.2789496,59.43204873,104,4181,70.0,2026-08-17,0.96,41.6,False
1828,300371,汇中股份,10.42,-0.76,1.03,71.87,10.427435556528,0.0521188,64.10710885,260,2947,64.8,2026-08-17,-0.07,41.5,False
1829,300373,扬杰科技,99.47,-0.31,1.84,35.1,98.647647306058,0.3612684,75.02888244,1253,392,81.6,2026-08-17,0.83,61.2,False
1830,300374,中铁装配,10.82,-1.64,0.58,-19.92,10.925268380695,0.0587488,55.89020597,-622,4824,70.0,2026-08-17,-0.96,39.1,False
1831,300375,鹏翎股份,4.01,-0.5,1.06,202.37,4.001496371515,0.2762088,58.38643658,645,4421,66.4,2026-08-17,0.21,38.8,False
1832,300376,易事特,4.62,-3.14,0.46,180.47,4.728706613409,0.2138704,59.97884269,324,4047,71.2,2026-08-17,-2.3,42.7,False
1833,300377,赢时胜,13.89,-3.88,2.2,-29.74,14.238702846223,0.2794312,62.43788585,203,3428,73.6,2026-08-17,-2.45,46.0,False
1834,300378,鼎捷数智,35.0,-3.29,1.74,-295.72,35.952406706264,0.178612,67.77376403,-657,1815,80.8,2026-08-17,-2.65,54.8,False
1835,300380,安硕信息,28.49,-2.96,0.95,110.29,29.178093837188,0.1482368,61.79660053,-464,3606,72.4,2026-08-17,-2.36,44.7,False
1836,300381,溢多利,6.45,1.74,1.6,46.97,6.293841209706,0.2035792,65.13987495,1779,2637,66.8,2026-08-17,2.48,43.5,False
1837,300382,斯莱克,16.27,-0.37,1.88,-120.75,16.179866053149,0.3625312,65.20957875,-1390,2619,76.0,2026-08-17,0.56,49.6,False
1838,300383,光环新网,12.78,-3.55,2.1,255.65,13.05128921223,0.3221332,58.4426417,-2241,4407,88.4,2026-08-17,-2.08,51.7,False
1839,300384,三联虹普,12.07,-2.03,0.59,21.24,12.218304318942,0.1485844,63.29810217,-305,3182,68.0,2026-08-17,-1.21,43.0,False
1840,300385,ST雪浪,11.96,-0.5,1.33,-26.92,12.127424900447,0.3086696,54.27564948,-345,4989,64.8,2026-08-17,-1.38,35.2,False
1841,300386,飞天诚信,11.57,3.21,5.01,-43.34,11.118244596453,0.1893136,60.59142276,832,3919,79.2,2026-08-17,4.06,48.0,False
1842,300387,富邦科技,7.76,3.6,4.89,21.08,7.428668227778,0.1794844,72.80342084,2243,684,67.2,2026-08-17,4.46,48.9,False
1843,300388,节能国祯,6.84,-1.3,0.48,12.93,6.910706030703,0.1801612,65.70108565,39,2452,70.0,2026-08-17,-1.02,46.0,False
1844,300389,艾比森,12.38,-1.59,0.89,29.09,12.447316228292,0.1348492,68.90016662,879,1510,67.2,2026-08-17,-0.54,46.3,False
1845,300390,天华新能,64.72,-4.26,3.49,11.73,67.040813641913,0.3678692,74.1228527,-385,487,86.8,2026-08-17,-3.46,64.3,False
1846,300393,中来股份,6.33,-1.71,0.77,-6.87,6.354018675,0.209748,58.1342513,645,4478,70.8,2026-08-17,-0.38,41.2,False
1847,300394,天孚通信,281.31,-1.83,2.25,155.86,283.396765638044,0.5674232,85.07105313,1,2,95.2,2026-08-17,-0.74,81.0,False
1848,300395,菲利华,92.83,-2.54,2.39,84.89,94.253570876195,0.3684404,71.10744968,-525,991,87.6,2026-08-17,-1.51,62.3,False
1849,300396,ST迪瑞,7.17,-1.1,0.48,128.69,7.239304630934,0.1364048,55.04911178,-98,4923,66.4,2026-08-17,-0.96,36.6,False
1850,300397,天和防务,11.65,-3.56,4.9,141.84,11.882941872523,0.310272,69.85179645,-317,1281,80.8,2026-08-17,-1.96,56.4,False
1851,300398,飞凯材料,37.96,-3.16,4.41,41.23,38.201747013935,0.3848856,78.69201511,859,112,80.0,2026-08-17,-0.63,63.0,False
1852,300399,天利科技,17.2,-2.66,1.01,454.69,17.513222585116,0.1250944,59.59149894,-250,4133,67.6,2026-08-17,-1.79,40.3,False
1853,300400,劲拓股份,30.35,-1.11,3.45,72.12,30.186532215801,0.2545172,71.48506345,-171,911,72.8,2026-08-17,0.54,52.0,False
1854,300401,花园生物,15.3,-3.89,5.64,31.59,15.834213477799,0.3185912,69.36798522,-1181,1398,79.6,2026-08-17,-3.37,55.2,False
1855,300402,宝色股份,14.7,-1.08,0.34,56.36,14.794420484311,0.1722204,64.21367887,1521,2902,69.6,2026-08-17,-0.64,44.7,False
1856,300403,汉宇集团,9.88,-1.59,1.85,33.41,9.911933095831,0.2406564,70.68104457,1775,1096,74.0,2026-08-17,-0.32,52.3,False
1857,300404,博济医药,16.53,-6.08,19.18,96.84,17.022555053517,0.3209212,76.86453681,-143,213,89.2,2026-08-17,-2.89,68.6,False
1858,300405,科隆股份,5.64,-1.74,1.41,327.92,5.687996905193,0.070726,58.43854455,-386,4408,66.0,2026-08-17,-0.84,38.6,False
1859,300406,九强生物,11.81,-0.67,0.67,16.39,11.853729055851,0.1899652,63.37440396,-945,3159,73.2,2026-08-17,-0.37,46.4,False
1860,300407,凯发电气,12.0,-1.88,1.59,122.28,12.258546545976,0.1660056,62.66984602,-905,3350,71.6,2026-08-17,-2.11,44.9,False
1861,300408,三环集团,127.38,-2.13,2.04,80.4,127.14868547118,0.4875076,71.08819911,-365,993,93.6,2026-08-17,0.18,66.5,False
1862,300409,道氏技术,19.11,-3.19,2.56,25.76,19.253492587483,0.3070196,72.63248784,1890,706,77.2,2026-08-17,-0.75,56.1,False
1863,300410,正业科技,8.12,-2.75,2.82,58.22,8.156087354799,0.23076,71.00098322,-37,1012,68.0,2026-08-17,-0.44,48.3,False
1864,300411,金盾股份,7.88,-2.84,4.69,268.39,8.044816681693,0.218296545455,64.45688206,2314,2837,69.6,2026-08-17,-2.05,44.9,False
1865,300412,迦南科技,4.52,-2.38,1.09,-60.98,4.592688995759,0.1447948,60.38447606,513,3964,70.8,2026-08-17,-1.58,42.8,False
1866,300413,芒果超媒,15.09,-2.14,0.78,35.4,15.38277536194,0.2441468,64.92488614,-932,2697,79.6,2026-08-17,-1.9,51.7,False
1867,300414,中光防雷,11.46,-2.8,1.61,155.06,11.702750353528,0.1919104,67.10114444,2468,2022,78.4,2026-08-17,-2.07,52.6,False
1868,300415,伊之密,20.64,-1.62,0.48,17.89,20.774548794709,0.2380572,75.32590186,464,349,69.2,2026-08-17,-0.65,52.1,False
1869,300416,苏试试验,15.49,-1.9,1.54,30.43,15.479019093911,0.3139492,74.10398265,1883,492,71.2,2026-08-17,0.07,52.8,False
1870,300417,南华仪器,11.06,-1.07,1.41,-125.93,11.070569781521,0.0724584,63.59917989,31,3095,66.0,2026-08-17,-0.1,42.0,False
1871,300418,昆仑万维,44.18,-1.16,2.28,-16.0,44.26725301427,0.4062196,71.45288641,3,917,89.2,2026-08-17,-0.2,63.7,False
1872,300419,ST浩丰,9.18,0.0,0.67,-93.3,9.171795370534,0.305752,57.50460258,-322,4585,69.2,2026-08-17,0.09,39.8,False
1873,300420,五洋自控,7.89,-4.83,5.1,542.58,8.102883089936,0.370616,63.26439888,297,3189,76.8,2026-08-17,-2.63,48.6,False
1874,300421,力星股份,17.7,-1.72,1.33,184.43,17.764260567574,0.1904996,64.43302901,1536,2844,69.2,2026-08-17,-0.36,44.6,False
1875,300422,博世科,4.16,-2.58,1.86,-30.63,4.247371025325,0.1802944,55.49537177,-677,4870,67.2,2026-08-17,-2.06,37.3,False
1876,300423,昇辉科技,5.88,-3.45,2.76,-30.93,6.085856199433,0.1687068,63.38477483,1894,3155,66.4,2026-08-17,-3.38,42.1,False
1877,300424,航新科技,14.9,-2.1,2.14,35.04,15.044277229137,0.1999356,68.08972606,1110,1728,70.4,2026-08-17,-0.96,47.9,False
1878,300425,中建环能,3.98,-1.0,0.48,5444.44,4.01090277852,0.2049904,60.71700129,-18,3889,66.8,2026-08-17,-0.77,40.6,False
1879,300426,华智数媒,6.45,-3.01,2.74,34.1,6.593212559563,0.1939268,55.11041652,-1122,4916,80.0,2026-08-17,-2.17,44.1,False
1880,300427,红相股份,6.9,-2.95,2.83,246.8,7.016842274881,0.1492328,55.11319575,126,4915,75.2,2026-08-17,-1.67,41.4,False
1881,300428,立中集团,18.64,-1.38,0.37,16.08,18.70894488597,0.1369836,69.14411275,-258,1443,74.0,2026-08-17,-0.37,51.2,False
1882,300429,强力新材,10.85,-2.08,2.11,-52.29,10.971569534206,0.2620832,60.95770689,185,3827,76.4,2026-08-17,-1.11,46.6,False
1883,300430,*ST益通,4.55,-3.6,1.52,-5.26,4.671812426254,0.1818392,51.17546236,-24,5148,65.6,2026-08-17,-2.61,33.6,False
1884,300432,富临精工,16.46,-1.44,0.81,34.69,16.475890802021,0.2810488,72.6749606,240,697,76.8,2026-08-17,-0.1,55.8,False
1885,300433,蓝思科技,37.06,0.19,1.93,-326.92,36.206045372194,0.4645028,76.57633677,79,233,86.0,2026-08-17,2.36,65.9,False
1886,300434,金石亚药,12.63,1.28,6.22,10.93,12.401809343815,0.2395996,62.1745234,-649,3497,79.2,2026-08-17,1.84,49.2,False
1887,300435,中泰股份,18.13,2.72,5.24,26.8,17.431408155622,0.2630092,71.80859889,261,848,72.8,2026-08-17,4.01,52.3,False
1888,300436,广生堂,97.76,-0.66,2.34,-150.15,98.159361874632,0.3528716,57.82996758,-1026,4537,77.6,2026-08-17,-0.41,44.9,False
1889,300437,清水源,11.26,-1.31,1.82,-784.47,11.352027391172,0.1613876,61.87072464,-622,3578,69.6,2026-08-17,-0.81,43.1,False
1890,300438,鹏辉能源,65.36,-0.23,2.55,25.43,64.749629936008,0.2983408,64.63357782,-1992,2778,84.8,2026-08-17,0.94,54.8,False
1891,300439,美康生物,9.37,0.11,0.65,26.63,9.327401960784,0.1602816,63.19369495,-2287,3209,70.4,2026-08-17,0.46,44.5,False
1892,300440,运达科技,19.29,2.99,2.58,-136.46,18.308422056788,0.4074884,64.13664292,-2236,2935,68.0,2026-08-17,5.36,43.6,False
1893,300441,鲍斯股份,7.26,5.68,2.58,58.06,6.835014762234,0.1812652,61.29618236,-276,3719,66.8,2026-08-17,6.22,40.9,False
1894,300442,润泽科技,69.38,-4.42,1.61,48.89,71.453268805076,0.4386044,77.52807289,-24,164,92.8,2026-08-17,-2.9,71.9,False
1895,300443,金雷股份,20.36,-1.5,0.65,23.9,20.521611881768,0.1555188,65.07279955,-398,2656,71.6,2026-08-17,-0.79,46.6,False
1896,300444,双杰电气,10.67,-2.65,3.77,7.63,10.825972927608,0.1986976,59.46348823,-540,4175,86.0,2026-08-17,-1.44,51.1,False
1897,300445,康斯特,18.86,-2.18,0.57,29.66,19.102439605216,0.1276224,72.4203457,1560,752,63.2,2026-08-17,-1.27,45.8,False
1898,300446,航天智造,13.68,-2.08,0.91,21.03,13.85882548304,0.169112,67.99775905,324,1754,72.8,2026-08-17,-1.29,49.5,False
1899,300447,全信股份,13.74,-2.9,0.96,91.99,14.037006275494,0.1647436,66.36870508,630,2237,68.4,2026-08-17,-2.12,45.4,False
1900,300448,浩云科技,5.84,-0.51,1.25,722.94,5.787367492912,0.159116,60.59842514,254,3917,70.0,2026-08-17,0.91,42.4,False
1901,300449,汉邦高科,7.14,-1.79,1.11,-92.94,7.251890867588,0.16919,55.1282434,-294,4914,69.6,2026-08-17,-1.54,38.4,False
1902,300450,先导智能,35.0,-1.07,1.0,36.14,35.025030918064,0.306706,66.33300793,13,2252,77.2,2026-08-17,-0.07,51.2,False
1903,300451,创业慧康,3.5,-3.05,0.91,-17.06,3.581595268845,0.2798748,59.16558583,-140,4260,73.6,2026-08-17,-2.28,43.5,False
1904,300452,山河药辅,12.97,-0.08,1.35,16.15,12.927730747277,0.2051112,66.59136551,-465,2171,70.0,2026-08-17,0.33,46.6,False
1905,300453,三鑫医疗,9.87,-1.3,2.12,18.85,9.949765290567,0.2202284,66.05273918,-1712,2329,76.0,2026-08-17,-0.8,50.2,False
1906,300454,深信服,119.85,-2.66,2.12,-200.46,121.955354175256,0.3552508,72.46720616,-571,739,86.0,2026-08-17,-1.73,62.3,False
1907,300455,航天智装,19.06,-2.11,0.46,2673.81,19.260719915723,0.1317828,58.60245032,393,4377,72.0,2026-08-17,-1.04,42.2,False
1908,300456,赛微电子,32.42,-3.28,1.98,-120.87,32.873138562512,0.2982604,67.03910462,1996,2043,75.2,2026-08-17,-1.38,50.4,False
1909,300457,赢合科技,20.41,-1.11,0.74,53.18,20.440123308568,0.2563952,65.71431663,-652,2442,77.2,2026-08-17,-0.15,50.7,False
1910,300458,全志科技,34.69,-3.1,4.53,42.44,34.566678588889,0.3632556,75.56446071,1546,331,86.8,2026-08-17,0.36,65.6,False
1911,300459,汤姆猫,3.54,-3.01,1.38,101.2,3.621730850007,0.2644832,55.48967871,-198,4871,78.4,2026-08-17,-2.26,43.5,False
1912,300460,ST惠伦,8.54,-3.17,0.64,-71.73,8.734290904198,0.155536,58.72231272,732,4350,68.0,2026-08-17,-2.22,39.9,False
1913,300461,田中精机,32.89,-1.41,1.5,-67.41,33.340964395457,0.1550452,59.37824206,-2754,4196,75.6,2026-08-17,-1.35,44.9,False
1914,300462,ST华铭,11.24,-1.23,0.09,-28.51,11.332453046267,0.348488,55.79527253,-40,4835,64.0,2026-08-17,-0.82,35.7,False
1915,300463,迈克生物,9.3,-2.72,1.43,82.08,9.532231663844,0.1728776,62.25623493,-2758,3473,76.4,2026-08-17,-2.44,47.6,False
1916,300464,星徽股份,7.03,-0.99,1.57,255.02,7.041889595177,0.2541516,67.34967244,1744,1951,70.0,2026-08-17,-0.17,47.1,False
1917,300465,高伟达,13.38,0.68,3.22,-104.52,13.010611843654,0.2623504,68.12883899,-590,1719,79.6,2026-08-17,2.84,54.2,False
1918,300466,赛摩智能,7.39,-0.27,0.74,190.25,7.384848224461,0.1353172,59.57971655,680,4135,70.4,2026-08-17,0.07,41.9,False
1919,300467,迅游科技,34.85,-1.08,3.56,291.39,35.87444840765,0.3719692,60.37641144,-2892,3967,77.6,2026-08-17,-2.86,46.9,False
1920,300468,四方精创,20.63,-2.55,1.66,258.05,20.988658173484,0.241734,62.56640124,-653,3386,78.8,2026-08-17,-1.71,49.3,False
1921,300469,信息发展,60.69,-2.43,0.98,-119.96,61.697570683989,0.4050784,58.38455561,188,4422,72.0,2026-08-17,-1.63,42.0,False
1922,300470,中密控股,28.4,-0.25,0.43,22.19,28.300946599594,0.2114468,64.80191658,-494,2729,68.4,2026-08-17,0.35,44.3,False
1923,300471,厚普股份,10.04,-1.57,1.42,28.42,10.160361534067,0.2362928,67.39995963,-1508,1933,82.0,2026-08-17,-1.18,55.3,False
1924,300472,*ST新元,6.65,-2.06,0.68,-22.48,6.859422059935,0.2765548,52.97675563,-382,5076,66.4,2026-08-17,-3.05,35.2,False
1925,300473,德尔股份,22.28,-2.88,0.89,20.55,22.712781416919,0.1279612,69.06725584,1542,1456,71.6,2026-08-17,-1.91,49.5,False
1926,300474,景嘉微,51.8,-2.69,1.06,-120.67,52.562415410568,0.2611484,62.75889111,1282,3323,84.0,2026-08-17,-1.45,52.7,False
1927,300475,香农芯创,171.07,-0.53,4.57,15.13,167.342685587209,0.4587932,81.2052136,315,32,90.0,2026-08-17,2.23,73.1,False
1928,300476,胜宏科技,267.54,-3.07,2.04,51.02,271.153511148028,0.5298592,74.82555523,212,418,92.0,2026-08-17,-1.33,68.8,False
1929,300477,ST合纵,2.61,-1.88,0.99,-18.98,2.668458359674,0.2923144,52.69303792,-153,5087,72.0,2026-08-17,-2.19,37.9,False
1930,300478,杭州高新,30.8,-1.57,1.23,-106.0,30.497438257579,0.3061352,57.45032297,-744,4598,67.6,2026-08-17,0.99,38.8,False
1931,300479,神思电子,14.43,1.12,3.11,-45.69,14.172450339052,0.18951,68.33333035,704,1669,74.4,2026-08-17,1.82,50.8,False
1932,300480,光力科技,34.99,-2.24,3.86,102.71,35.6483554936,0.3081488,70.86793744,-136,1047,81.6,2026-08-17,-1.85,57.8,False
1933,300481,濮阳惠成,14.96,-1.84,3.75,35.08,15.016024170678,0.2574688,64.15072854,-33,2928,64.4,2026-08-17,-0.37,41.3,False
1934,300482,万孚生物,17.32,-0.57,0.64,24.01,17.286340236161,0.1904376,62.43740311,461,3430,74.4,2026-08-17,0.19,46.5,False
1935,300483,首华燃气,23.61,1.29,1.61,42.56,23.124921215002,0.2015828,71.4973324,1435,907,73.2,2026-08-17,2.1,52.3,False
1936,300484,蓝海华腾,13.42,-2.26,1.75,58.7,13.640671011153,0.1597612,63.12502269,-1499,3232,74.0,2026-08-17,-1.62,46.7,False
1937,300485,赛升药业,9.95,-1.49,1.6,256.93,9.979718682169,0.1651472,61.19305928,879,3745,73.6,2026-08-17,-0.3,45.0,False
1938,300486,东杰智能,20.42,-0.92,0.85,274.26,20.456185175271,0.2977148,64.47906348,863,2826,67.2,2026-08-17,-0.18,43.3,False
1939,300487,蓝晓科技,68.29,-2.32,0.84,47.78,69.270231073796,0.2449548,74.77719867,308,423,75.2,2026-08-17,-1.42,56.2,False
1940,300488,恒锋工具,32.9,-1.79,1.12,37.9,32.961070993399,0.2712156,70.11521151,-61,1217,65.6,2026-08-17,-0.19,46.0,False
1941,300489,光智科技,252.14,-2.44,7.36,570.23,255.3101967057,0.5529128,75.49294107,-43,336,87.6,2026-08-17,-1.24,66.1,False
1942,300490,华自科技,11.89,-2.86,1.42,14.27,12.051001084318,0.2139292,60.87324548,1161,3851,73.6,2026-08-17,-1.34,44.8,False
1943,300491,通合科技,31.44,-1.75,3.77,-4516.84,31.343934018688,0.2886736,75.23266485,-13,363,77.2,2026-08-17,0.31,58.1,False
1944,300492,华图山鼎,25.59,-1.43,0.76,14.52,25.582782670376,0.110772,71.02928695,1313,1006,68.4,2026-08-17,0.03,48.6,False
1945,300493,润欣科技,12.59,-3.52,1.42,95.73,12.828931381835,0.1773596,64.03480371,-43,2966,73.2,2026-08-17,-1.86,46.9,False
1946,300494,盛天网络,8.44,-2.65,1.29,232.49,8.620037206111,0.13823,59.09594399,-386,4272,76.4,2026-08-17,-2.09,45.1,False
1947,300496,中科创达,59.09,-1.5,1.42,66.62,59.283436471832,0.3072828,66.07218113,-524,2325,83.6,2026-08-17,-0.33,55.2,False
1948,300497,富祥股份,18.45,-2.84,5.12,28.08,18.804332138612,0.3453124,73.1566766,837,627,83.6,2026-08-17,-1.88,61.2,False
1949,300498,温氏股份,13.78,2.3,0.6,-21.42,13.505860940789,0.3325744,67.28223695,-362,1973,82.8,2026-08-17,2.03,55.7,False
1950,300499,高澜股份,29.36,-3.67,4.35,147.98,29.96344834792,0.3342976,69.2100163,-514,1432,84.4,2026-08-17,-2.01,58.4,False
1951,300500,启迪设计,9.34,-1.68,0.75,17.99,9.429138733036,0.0407504,56.09701727,-210,4796,68.4,2026-08-17,-0.95,38.4,False
1952,300501,海顺新材,10.11,-2.69,0.5,-64.92,10.338222234514,0.0622436,54.5941769,115,4971,64.0,2026-08-17,-2.21,34.9,False
1953,300502,新易盛,449.2,-3.75,1.94,56.32,450.565717223979,0.6242964,82.91183,-12,13,94.4,2026-08-17,-0.3,78.3,False
1954,300503,昊志机电,78.58,2.34,7.5,52.12,75.245640822946,0.3417132,78.93348278,713,101,88.0,2026-08-17,4.43,69.5,False
1955,300504,天邑股份,15.11,-3.14,2.15,44.73,15.277598682427,0.1644088,63.22480629,931,3201,68.8,2026-08-17,-1.1,43.5,False
1956,300505,川金诺,21.24,6.41,14.68,35.46,19.811069956522,0.3033192,76.43388086,3303,245,71.6,2026-08-17,7.21,54.7,False
1957,300506,名家汇,5.7,1.06,4.59,-158.33,5.437241472938,0.392243921569,67.46284263,2772,1911,68.8,2026-08-17,4.83,46.4,False
1958,300507,苏奥传感,6.54,-1.8,0.54,80.33,6.618615683133,0.2559164,59.98298765,-537,4046,69.2,2026-08-17,-1.19,41.5,False
1959,300508,维宏股份,50.85,-0.84,3.64,459.38,49.35574184837,0.2361736,73.33712687,2052,591,75.6,2026-08-17,3.03,55.4,False
1960,300509,新美星,8.59,-1.49,0.78,25.2,8.66017810737,0.0552156,65.0174265,-1520,2669,64.0,2026-08-17,-0.81,41.6,False
1961,300510,金冠股份,3.44,-1.71,0.97,-23.21,3.464109921993,0.27277,58.8586953,-515,4321,76.0,2026-08-17,-0.7,44.7,False
1962,300511,雪榕生物,6.3,14.75,13.61,5.83,5.460797766199,0.242062,64.53940208,682,2809,70.4,2026-08-17,15.37,45.4,False
1963,300512,中亚股份,7.2,-2.04,0.55,33.71,7.301684487317,0.1069808,64.45888248,-910,2835,64.0,2026-08-17,-1.39,41.3,False
1964,300513,恒实科技,7.31,-1.35,0.7,-21.62,7.382595453701,0.087042,54.21848968,-366,4995,68.0,2026-08-17,-0.98,36.9,False
1965,300514,友讯达,9.82,-1.21,0.58,-15.23,9.871911507329,0.0547956,65.93426969,1556,2378,66.8,2026-08-17,-0.53,44.0,False
1966,300515,三德科技,16.82,1.88,2.04,26.11,16.379264007267,0.20237,72.68326349,-310,696,75.6,2026-08-17,2.69,54.9,False
1967,300516,久之洋,32.85,-3.81,1.46,-136.84,33.58881308504,0.2114108,64.62058121,-1234,2784,73.6,2026-08-17,-2.2,47.6,False
1968,300517,海波重科,10.15,-0.1,1.2,145.41,10.105106020314,0.1470324,57.25919109,-35,4630,66.0,2026-08-17,0.44,37.8,False
1969,300518,新迅达,23.86,-2.01,1.75,-86.8,24.083742149793,0.2769248,50.57421882,-33,5164,65.6,2026-08-17,-0.93,33.2,False
1970,300519,新光药业,14.42,-1.9,2.52,21.88,14.63003879886,0.1329956,62.86014456,-2109,3296,71.6,2026-08-17,-1.44,45.0,False
1971,300520,科大国创,25.22,-3.26,1.29,-47.41,25.861103116222,0.180344,53.83648145,-44,5030,74.4,2026-08-17,-2.48,40.1,False
1972,300521,爱司凯,23.74,-3.02,1.4,-173.55,24.134086462822,0.2696508,55.19367229,-294,4905,64.4,2026-08-17,-1.63,35.5,False
1973,300522,世名科技,14.61,-3.12,3.05,550.96,14.831585079255,0.1830104,59.59330796,-943,4132,70.8,2026-08-17,-1.49,42.2,False
1974,300523,辰安科技,19.63,-2.14,0.3,-38.42,19.873971125449,0.1736652,61.03237605,-259,3796,66.4,2026-08-17,-1.23,40.5,False
1975,300525,博思软件,8.4,-3.0,1.45,-25.3,8.589084768162,0.228286,69.69144365,749,1325,72.4,2026-08-17,-2.2,50.5,False
1976,300527,ST应急,7.79,-0.64,0.21,-69.69,7.801816571143,0.2298632,63.34638989,-528,3167,71.6,2026-08-17,-0.15,45.4,False
1977,300528,幸福蓝海,13.31,-1.99,1.61,-296.23,13.614263519402,0.250862,53.93977033,-659,5021,75.2,2026-08-17,-2.23,40.6,False
1978,300529,健帆生物,15.82,-1.62,0.9,16.54,16.017120674849,0.1895624,63.9827013,-1763,2982,76.0,2026-08-17,-1.23,48.6,False
1979,300530,领湃科技,19.07,-2.9,1.21,-25.71,19.674311202579,0.138582,53.33860676,-1107,5057,80.0,2026-08-17,-3.07,42.7,False
1980,300531,优博讯,16.33,-2.51,1.74,30.34,16.575202444321,0.2316756,61.43525092,-236,3689,76.4,2026-08-17,-1.48,46.9,False
1981,300532,今天国际,6.93,-1.98,0.61,21.28,6.998823990693,0.2309228,68.33696123,-73,1664,66.4,2026-08-17,-0.98,45.4,False
1982,300533,冰川网络,14.81,-2.57,1.34,-124.48,15.06968373957,0.1594192,57.49930634,-303,4586,72.4,2026-08-17,-1.72,41.6,False
1983,300534,陇神戎发,19.03,-5.93,18.63,58.52,19.717603327421,0.33112,67.49020459,1185,1904,89.2,2026-08-17,-3.49,60.2,False
1984,300535,达威股份,16.75,-0.3,7.19,-55.56,16.806671024067,0.1546248,64.67225789,1667,2764,65.2,2026-08-17,-0.34,42.2,False
1985,300536,农尚环境,9.0,0.11,3.22,-44.79,8.926137502506,0.2746652,53.72846321,-241,5037,64.0,2026-08-17,0.83,34.4,False
1986,300537,广信材料,20.64,-1.85,4.03,142.61,20.738094031827,0.2081508,62.68721266,-1414,3342,80.0,2026-08-17,-0.47,50.1,False
1987,300538,同益股份,15.88,1.28,1.95,87.11,15.488472709822,0.1764304,59.29319149,-950,4223,69.6,2026-08-17,2.53,41.3,False
1988,300539,横河精密,19.32,-0.97,1.14,129.56,19.223962786398,0.1654552,66.75690154,1832,2124,68.0,2026-08-17,0.5,45.4,False
1989,300540,蜀道装备,33.02,-3.11,3.93,152.9,33.522148781382,0.2606488,75.90276321,86,293,78.8,2026-08-17,-1.5,59.8,False
1990,300541,先进数通,9.84,-3.15,1.58,-142.23,10.053503728453,0.2036404,61.42616361,-679,3692,75.2,2026-08-17,-2.12,46.2,False
1991,300542,新晨科技,11.83,-2.47,0.76,-50.85,12.04957302799,0.1154008,58.00192617,-2046,4505,74.0,2026-08-17,-1.82,42.9,False
1992,300543,朗科智能,8.13,2.52,2.36,-75.3,7.868894337526,0.1693668,64.04428972,1557,2961,70.0,2026-08-17,3.32,44.8,False
1993,300545,联得装备,29.4,-2.03,3.27,50.15,29.955557834234,0.3217256,68.99516559,42,1475,72.8,2026-08-17,-1.85,50.2,False
1994,300546,雄帝科技,15.89,-2.69,1.32,-33.97,16.171134589541,0.1579432,61.13817597,-1485,3761,75.6,2026-08-17,-1.74,46.2,False
1995,300547,川环科技,26.08,-3.23,2.22,35.81,26.553999790218,0.2292896,68.2667253,-1288,1693,72.0,2026-08-17,-1.79,49.2,False
1996,300548,长芯博创,213.93,-2.32,2.89,121.22,211.399522478608,0.44403,79.15907273,-75,88,88.0,2026-08-17,1.2,69.7,False
1997,300549,优德精密,14.21,-1.32,0.66,687.88,14.312788388083,0.0854448,59.73661883,-764,4093,66.8,2026-08-17,-0.72,39.9,False
1998,300550,和仁科技,11.84,-1.66,0.79,-49.19,11.944675741172,0.1154308,61.7361709,370,3619,61.6,2026-08-17,-0.88,38.0,False
1999,300551,古鳌科技,10.26,-0.1,1.14,-25.3,10.132220004989,0.1290088,58.42697279,204,4413,67.2,2026-08-17,1.26,39.3,False
2000,300552,万集科技,21.69,-1.18,2.7,-44.34,21.672498204437,0.2100664,62.24489484,-340,3476,79.6,2026-08-17,0.08,49.5,False
2001,300553,集智股份,45.5,-4.73,2.76,191.24,46.195593663238,0.2639384,56.39003071,128,4763,62.4,2026-08-17,-1.51,35.2,False
2002,300554,三超新材,21.44,-1.61,1.92,-160.15,21.523122348024,0.1634084,60.39596712,77,3960,66.0,2026-08-17,-0.39,39.9,False
2003,300555,ST路通,13.02,1.56,0.41,-90.94,12.808949564586,0.3641,57.56818175,152,4577,62.8,2026-08-17,1.65,36.2,False
2004,300556,丝路视觉,16.22,-1.99,1.53,42.03,16.3621628373,0.1540884,62.66334163,1418,3354,70.0,2026-08-17,-0.87,43.9,False
2005,300557,理工光科,26.68,-2.59,1.02,119.99,26.9673858832,0.2660772,63.98287482,7,2981,64.4,2026-08-17,-1.07,41.2,False
2006,300558,贝达药业,55.72,-20.0,7.19,25.0,69.391134906352,0.3627492,72.24083531,478,785,82.0,2026-08-17,-19.7,59.2,False
2007,300559,佳发教育,10.79,-2.09,0.84,-194.15,11.01482015081,0.2483024,69.04090175,-436,1466,68.4,2026-08-17,-2.04,47.2,False
2008,300560,中富通,17.73,-2.04,3.28,125.98,17.617427735735,0.3226212,72.1636276,884,799,78.0,2026-08-17,0.64,56.3,False
2009,300561,汇金科技,16.1,-4.28,4.17,-465.34,16.630472728118,0.2438396,50.84612641,-1,5157,76.0,2026-08-17,-3.19,38.6,False
2010,300562,乐心医疗,15.35,-3.52,4.92,26.15,16.041992173366,0.1942344,62.82615109,-1386,3305,80.8,2026-08-17,-4.31,50.8,False
2011,300563,神宇股份,23.7,-2.51,1.04,79.97,24.016172526428,0.146788,61.12864056,-233,3768,71.6,2026-08-17,-1.32,43.8,False
2012,300564,筑博设计,12.32,-1.52,1.15,-89.86,12.454200619555,0.066582,59.70862927,852,4106,62.0,2026-08-17,-1.08,37.0,False
2013,300565,科信技术,9.68,-2.32,1.65,-39.85,9.818695134033,0.112034,52.13316978,53,5118,67.6,2026-08-17,-1.41,35.2,False
2014,300566,激智科技,29.88,-5.14,9.91,34.38,29.779787178528,0.4086108,77.78666805,-49,156,71.6,2026-08-17,0.34,55.7,False
2015,300567,精测电子,236.42,-1.7,1.22,387.11,234.3706495264,0.407981090909,72.40204524,1923,755,83.2,2026-08-17,0.87,60.2,False
2016,300568,星源材质,14.73,-2.77,2.24,188.09,14.952528480463,0.3513104,62.67234958,-2570,3349,81.2,2026-08-17,-1.49,50.9,False
2017,300569,天能重工,4.8,-1.64,0.49,36.21,4.849105960774,0.2590392,58.18043392,-372,4470,69.6,2026-08-17,-1.01,40.5,False
2018,300570,太辰光,195.18,0.71,9.09,125.71,184.645991426096,0.5246892,80.65190545,-31,39,85.2,2026-08-17,5.7,68.7,False
2019,300571,平治信息,33.37,-4.77,4.43,238.44,34.47972897449,0.2130304,56.11659067,-1579,4793,77.2,2026-08-17,-3.22,43.3,False
2020,300572,安车检测,20.31,-1.6,1.01,-224.56,20.458852217967,0.2580684,55.73178136,168,4842,64.4,2026-08-17,-0.73,35.9,False
2021,300573,兴齐眼药,41.33,0.44,1.68,17.77,40.949867613301,0.3000316,76.36165693,159,250,77.6,2026-08-17,0.93,59.3,False
2022,300575,中旗股份,6.01,-2.12,7.3,29.12,6.005491510296,0.2741056,72.17137053,755,796,72.0,2026-08-17,0.08,52.0,False
2023,300576,容大感光,33.44,0.94,7.87,125.7,32.658705892518,0.2866816,66.09616217,-785,2318,79.6,2026-08-17,2.39,52.6,False
2024,300577,开润股份,18.07,-1.2,0.91,10.97,18.187764494567,0.1525672,70.19500395,-858,1198,66.0,2026-08-17,-0.65,46.3,False
2025,300578,会畅科技,16.06,-1.47,0.89,-66.54,16.128777619538,0.1408636,55.29509042,-436,4898,68.4,2026-08-17,-0.43,37.8,False
2026,300579,数字认证,21.28,-2.43,0.59,-136.62,21.65181897541,0.1359056,66.39689602,-243,2227,74.4,2026-08-17,-1.72,49.4,False
2027,300580,贝斯特,21.68,-1.99,1.64,37.24,21.733900967267,0.2815832,66.44046785,-1278,2212,78.8,2026-08-17,-0.25,52.4,False
2028,300581,晨曦航空,10.13,-3.8,1.69,-130.67,10.49153402751,0.1838844,53.09953349,-885,5070,72.8,2026-08-17,-3.45,38.7,False
2029,300582,英飞特,11.42,-1.81,1.0,101.46,11.521881914288,0.1584772,65.3462591,349,2573,66.4,2026-08-17,-0.88,43.4,False
2030,300583,赛托生物,12.85,-1.98,0.84,168.51,12.989760647659,0.0700568,59.3983588,304,4190,64.8,2026-08-17,-1.08,38.5,False
2031,300584,海辰药业,34.59,-1.79,2.5,59.77,34.833618932978,0.1907368,59.19255673,-2108,4254,68.0,2026-08-17,-0.7,40.3,False
2032,300585,奥联电子,15.85,-5.77,1.93,-119.52,16.559345534464,0.2225288,58.87055636,355,4314,69.6,2026-08-17,-4.28,41.0,False
2033,300586,美联新材,9.42,-3.29,1.99,1176.76,9.555035958393,0.2013836,59.60558266,670,4129,69.2,2026-08-17,-1.41,41.2,False
2034,300587,天铁科技,5.16,0.0,1.77,92.45,5.131168950495,0.256534,52.56054566,-322,5104,72.0,2026-08-17,0.56,37.8,False
2035,300588,熙菱信息,21.1,-2.63,1.11,-46.79,21.85202741893,0.2126652,53.42405062,-838,5054,64.8,2026-08-17,-3.44,34.6,False
2036,300589,江龙船艇,13.61,-2.37,4.11,401.43,13.689089189997,0.207236,64.77837865,-2271,2735,81.6,2026-08-17,-0.58,52.9,False
2037,300590,移为通信,11.26,-2.6,2.08,25.06,11.384008719477,0.2189476,61.8597006,-1218,3582,69.6,2026-08-17,-1.09,43.1,False
2038,300591,万里马,8.38,4.36,9.46,301.7,7.909803853186,0.34161,69.28063865,-70,1418,77.6,2026-08-17,5.94,53.8,False
2039,300592,华凯易佰,16.27,-1.99,2.44,22.24,16.031218388591,0.2370424,75.83050764,1032,304,71.2,2026-08-17,1.49,54.0,False
2040,300593,新雷能,30.78,-0.77,2.76,-96.92,31.01097088435,0.381684,64.17694699,-589,2917,73.6,2026-08-17,-0.74,47.2,False
2041,300594,ST朗进,14.95,-2.29,0.62,-28.44,15.052473785872,0.2340116,67.46206718,1953,1913,62.8,2026-08-17,-0.68,42.4,False
2042,300595,欧普康视,11.22,-2.26,0.94,17.16,11.402062264022,0.2246056,70.11925659,-584,1215,78.4,2026-08-17,-1.6,55.0,False
2043,300596,利安隆,43.48,-0.25,2.93,16.79,43.098450549383,0.3286256,74.90547326,-4,406,65.2,2026-08-17,0.89,48.8,False
2044,300597,吉大通信,7.73,-0.51,0.62,-100.21,7.733241875259,0.1073876,62.58998266,-196,3382,65.6,2026-08-17,-0.04,41.1,False
2045,300598,诚迈科技,27.96,-3.02,1.38,-44.44,28.555372303242,0.2051608,59.18710853,-561,4255,75.6,2026-08-17,-2.08,44.7,False
2046,300599,雄塑科技,11.8,-1.75,1.47,32.75,11.931070520344,0.3175744,59.16042391,-801,4263,62.8,2026-08-17,-1.1,37.2,False
2047,300600,国瑞科技,10.28,-0.68,1.36,-180.24,10.288992263885,0.1973568,68.31649238,342,1675,70.0,2026-08-17,-0.09,47.8,False
2048,300601,康泰生物,12.37,-1.2,0.92,103.61,12.508131463275,0.2323912,62.49572251,-2082,3407,80.4,2026-08-17,-1.1,50.2,False
2049,300602,飞荣达,42.42,1.24,4.87,80.4,40.431021622223,0.3101104,70.714292,-887,1084,78.0,2026-08-17,4.92,55.2,False
2050,300603,立昂技术,8.46,-3.75,4.53,-32.01,8.727766092968,0.2783456,62.77167568,-883,3319,87.2,2026-08-17,-3.07,54.7,False
2051,300604,长川科技,294.36,-2.71,1.84,134.76,296.719214147726,0.49436,82.74012498,424,16,89.6,2026-08-17,-0.8,74.1,False
2052,300605,恒锋信息,10.37,-2.72,3.1,-31.03,10.572670238036,0.1170132,51.08032686,14,5154,74.4,2026-08-17,-1.92,38.0,False
2053,300606,金太阳,39.32,0.54,5.22,142.22,38.402283630871,0.3060904,65.17677292,-2188,2625,74.4,2026-08-17,2.39,48.5,False
2054,300607,拓斯达,36.3,-3.28,8.47,90.02,36.392234901139,0.371516,75.72897651,-53,317,89.2,2026-08-17,-0.25,67.6,False
2055,300608,思特奇,10.3,-3.1,1.35,-13.23,10.519219045228,0.1858624,54.6978368,-1192,4958,70.0,2026-08-17,-2.08,38.3,False
2056,300609,汇纳科技,26.2,-3.64,1.15,-38.91,26.830494722955,0.2269108,56.74815714,-145,4713,69.6,2026-08-17,-2.35,39.5,False
2057,300610,晨化股份,10.45,2.65,2.13,19.93,10.126234499518,0.1002924,68.30672424,1860,1680,64.8,2026-08-17,3.2,44.3,False
2058,300611,美力科技,23.61,-1.05,0.9,71.93,23.80782333506,0.2098912,60.95795817,-1397,3826,66.0,2026-08-17,-0.83,40.2,False
2059,300612,宣亚国际,12.04,-1.31,1.41,-27.95,12.132720038847,0.1029904,56.67860102,-298,4719,70.8,2026-08-17,-0.76,40.1,False
2060,300613,富瀚微,75.3,-3.97,3.29,51.53,76.728224050694,0.2914496,71.20340397,503,968,84.8,2026-08-17,-1.86,60.4,False
2061,300614,百川畅银,10.7,-0.93,0.71,-21.14,10.669513748523,0.0755332,59.7150308,986,4104,62.8,2026-08-17,0.29,37.5,False
2062,300615,欣天科技,17.85,-1.54,12.39,-25.61,18.006372659267,0.279618545455,61.80578349,599,3604,82.4,2026-08-17,-0.87,50.9,False
2063,300616,尚品宅配,10.55,-2.22,1.33,-6.1,10.667808454835,0.1043884,59.19784462,-590,4252,64.0,2026-08-17,-1.1,37.9,False
2064,300617,安靠智电,43.48,-3.36,2.26,36.82,44.589483298751,0.2794236,66.34616376,-61,2247,71.6,2026-08-17,-2.49,47.5,False
2065,300618,寒锐钴业,35.4,-2.91,1.64,55.58,35.885652038818,0.2876792,72.58938933,1259,715,86.8,2026-08-17,-1.35,63.0,False
2066,300619,金银河,26.28,-1.02,1.09,-102.61,26.33817080878,0.2274112,57.95094757,-374,4517,68.8,2026-08-17,-0.22,39.9,False
2067,300620,光库科技,320.28,-1.97,3.07,268.9,324.561456729092,0.3949724,76.04044382,-207,280,91.2,2026-08-17,-1.32,69.3,False
2068,300621,维业股份,7.16,-0.56,1.39,-8.16,7.194897751739,0.0500704,55.98866886,-819,4810,65.2,2026-08-17,-0.49,36.5,False
2069,300622,博士眼镜,14.72,-2.13,1.4,29.42,14.900450930052,0.1343988,63.17068249,-404,3218,72.4,2026-08-17,-1.21,45.7,False
2070,300623,捷捷微电,28.91,0.45,2.16,60.0,28.020327037293,0.3095832,73.13138817,597,631,78.4,2026-08-17,3.18,57.3,False
2071,300624,万兴科技,54.16,-2.66,2.04,-54.56,54.881288309952,0.255642,60.76108926,-380,3880,85.2,2026-08-17,-1.31,51.8,False
2072,300625,三雄极光,9.62,-1.03,0.4,-26.07,9.690405535114,0.087606,63.70156791,498,3053,63.6,2026-08-17,-0.73,40.5,False
2073,300626,华瑞股份,33.53,-0.97,1.42,221.58,33.412128253924,0.2817516,65.44817758,1926,2537,66.4,2026-08-17,0.35,43.5,False
2074,300627,华测导航,28.46,-2.17,0.84,33.91,28.93346494964,0.2986328,71.17924089,-343,976,78.8,2026-08-17,-1.64,56.1,False
2075,300628,亿联网络,40.24,0.3,0.64,19.43,39.879895367302,0.2400188,75.16564135,-88,375,82.4,2026-08-17,0.9,61.9,False
2076,300629,新劲刚,17.51,-2.12,1.41,102.67,17.726110464622,0.2199816,66.84529683,1111,2101,66.8,2026-08-17,-1.22,44.7,False
2077,300631,久吾高科,21.9,-1.71,0.55,43.25,22.126347352455,0.1634372,60.16525091,-1718,4016,70.8,2026-08-17,-1.02,42.6,False
2078,300632,光莆股份,19.67,-1.94,3.81,1778.05,19.817415030666,0.2206392,64.08941084,-766,2951,69.6,2026-08-17,-0.74,44.6,False
2079,300633,开立医疗,20.31,-1.17,0.6,-185.81,20.380682268323,0.1460904,65.52757505,-1562,2518,69.6,2026-08-17,-0.35,45.6,False
2080,300634,彩讯股份,20.72,-2.72,2.55,92.33,21.228002861884,0.3006728,69.95477535,-1214,1254,86.4,2026-08-17,-2.39,60.4,False
2081,300635,中达安,11.76,-2.16,1.26,276.05,11.922756747667,0.0983008,53.62383098,-3,5042,63.6,2026-08-17,-1.37,34.1,False
2082,300636,同和药业,7.09,-0.14,0.81,39.64,7.073261489358,0.1712452,58.5589953,-416,4384,66.4,2026-08-17,0.24,38.9,False
2083,300637,扬帆新材,9.12,-1.72,0.99,-169.05,9.235820368986,0.1546912,61.02160996,1293,3798,71.6,2026-08-17,-1.25,43.7,False
2084,300638,广和通,19.58,-3.17,1.84,455.39,20.052733013286,0.2720284,66.41621914,-610,2224,80.8,2026-08-17,-2.36,53.7,False
2085,300639,凯普生物,6.0,-2.44,2.01,62.04,6.216675708865,0.2001696,56.18183465,-3153,4783,78.4,2026-08-17,-3.49,44.0,False
2086,300640,德艺文创,6.63,-2.5,1.69,397.92,6.779002063308,0.1710572,59.35126595,-533,4208,71.2,2026-08-17,-2.2,42.3,False
2087,300641,正丹股份,14.82,-1.27,0.59,28.99,14.930845678108,0.2692836,65.90297068,192,2387,71.6,2026-08-17,-0.74,47.2,False
2088,300642,透景生命,13.61,-1.31,1.08,-99.29,13.699262068966,0.0762896,54.73166497,-1138,4955,66.8,2026-08-17,-0.65,36.6,False
2089,300643,万通智控,19.32,-0.77,0.61,28.31,19.297516023556,0.2042596,65.1667524,-2033,2629,75.6,2026-08-17,0.12,49.3,False
2090,300644,南京聚隆,21.45,-2.05,0.83,22.99,21.731027392534,0.1407868,64.08370726,415,2954,67.2,2026-08-17,-1.29,43.1,False
2091,300645,正元智慧,12.9,-1.9,0.96,-38.78,13.027594849524,0.0765824,62.88205183,1013,3291,68.8,2026-08-17,-0.98,43.3,False
2092,300647,超频三,5.67,-3.9,1.84,74.84,5.789153701079,0.2153832,61.91072813,-554,3566,72.0,2026-08-17,-2.06,44.6,False
2093,300648,星云股份,40.25,-1.71,0.62,-109.33,40.237684947743,0.263066,59.51724394,910,4150,69.6,2026-08-17,0.03,41.4,False
2094,300649,杭州园林,26.86,1.94,3.08,-94.46,26.110390373762,0.2808408,59.81886216,944,4077,63.6,2026-08-17,2.87,38.0,False
2095,300650,太龙股份,12.04,-2.67,2.46,94.64,12.044796743414,0.203226,67.3245407,2093,1959,67.6,2026-08-17,-0.04,45.5,False
2096,300651,金陵体育,17.46,-1.3,1.59,1125.04,17.471985680316,0.1536564,64.38647125,1581,2857,68.0,2026-08-17,-0.07,43.8,False
2097,300652,雷迪克,29.96,-1.71,0.66,37.31,30.178535508972,0.1509988,65.5082316,478,2524,64.4,2026-08-17,-0.72,42.2,True
2098,300653,正海生物,15.0,-1.25,0.51,45.76,15.111561486635,0.1428552,62.12629865,-1522,3511,69.6,2026-08-17,-0.74,43.2,False
2099,300654,世纪天鸿,10.12,-3.16,2.21,169.78,10.380872564935,0.2810264,56.14215059,-334,4791,73.2,2026-08-17,-2.51,41.1,False
2100,300655,晶瑞电材,13.59,-1.45,2.33,572.0,13.637675744501,0.3073532,68.21763621,430,1702,80.8,2026-08-17,-0.35,55.1,False
2101,300656,民德电子,28.02,-4.07,3.3,-45.73,27.986625478298,0.28157,66.77855359,324,2120,66.0,2026-08-17,0.12,44.1,False
2102,300657,弘信电子,36.64,-3.93,3.58,116.47,37.18163398484,0.38759,73.77145118,63,537,76.4,2026-08-17,-1.46,56.4,False
2103,300658,延江股份,10.89,-2.42,1.41,28.84,11.007930643936,0.0460348,63.68092371,355,3062,64.0,2026-08-17,-1.07,40.8,False
2104,300659,中孚信息,10.11,-2.69,1.1,-8.27,10.360294442639,0.0961552,55.75215387,-105,4840,68.4,2026-08-17,-2.42,38.1,False
2105,300660,江苏雷利,27.57,0.92,1.14,60.97,26.98624132936,0.2650524,66.28994341,1477,2267,76.8,2026-08-17,2.16,50.9,False
2106,300661,圣邦股份,118.33,-3.98,1.28,163.96,121.567046804064,0.3677264,78.32818798,-105,123,83.6,2026-08-17,-2.66,65.5,False
2107,300662,科锐国际,20.06,-2.76,1.04,10.74,20.205768945168,0.204484,71.63276431,408,878,68.4,2026-08-17,-0.72,49.0,False
2108,300663,科蓝软件,8.59,-3.81,3.39,-36.33,8.889012030111,0.181286,48.2203739,-28,5190,85.2,2026-08-17,-3.36,41.1,False
2109,300664,鹏鹞环保,4.64,-0.43,0.33,12.01,4.61722521305,0.2490592,63.80670623,948,3022,65.6,2026-08-17,0.49,41.9,False
2110,300665,飞鹿股份,9.69,-1.12,1.64,-92.97,9.845376778756,0.209931851852,57.41102727,581,4605,66.0,2026-08-17,-1.58,37.9,False
2111,300666,江丰电子,270.3,0.18,4.31,88.91,267.55885829595,0.4434876,74.82391505,1136,419,89.6,2026-08-17,1.02,67.0,False
2112,300667,必创科技,14.54,-1.62,1.2,-627.15,14.600510703145,0.1144684,57.68075938,-970,4557,66.8,2026-08-17,-0.41,38.5,False
2113,300668,杰恩股份,35.66,-1.76,2.86,-165.06,35.438337210848,0.193234,52.67844073,6,5090,65.2,2026-08-17,0.63,34.3,False
2114,300669,沪宁股份,24.82,5.17,1.02,572.41,23.400512990301,0.2163904,56.6712083,-2233,4721,63.6,2026-08-17,6.07,36.0,False
2115,300670,大烨智能,6.48,-3.71,3.23,-52.95,6.55410569689,0.1690724,59.33080856,973,4216,66.4,2026-08-17,-1.13,39.4,False
2116,300671,富满微,63.58,-3.36,3.27,77.65,65.428636139027,0.3300048,64.71366095,765,2752,81.2,2026-08-17,-2.83,52.5,False
2117,300672,国科微,182.69,-6.79,5.78,180.48,183.424791254887,0.4780812,67.76056131,-528,1819,85.6,2026-08-17,-0.4,58.0,False
2118,300673,佩蒂股份,13.31,-0.22,0.81,101.99,13.278965610737,0.1545504,67.45415143,1146,1917,68.4,2026-08-17,0.23,46.1,False
2119,300674,宇信科技,15.29,-2.92,0.99,59.01,15.573822318435,0.2062312,66.68777267,-553,2147,82.4,2026-08-17,-1.82,55.0,False
2120,300675,建科院,12.66,-1.25,0.45,-23.67,12.734016090309,0.075506,52.60920266,-525,5099,66.0,2026-08-17,-0.58,34.7,False
2121,300676,华大基因,38.98,-2.01,1.09,-428.18,39.714614039521,0.2916412,63.53601023,-1116,3112,86.0,2026-08-17,-1.85,54.6,True
2122,300677,英科医疗,48.85,-0.25,0.8,797.17,49.029854212344,0.2446812,72.50537442,-20,729,79.6,2026-08-17,-0.37,57.7,False
2123,300678,中科信息,22.4,-2.78,1.09,357.56,22.803875382008,0.22522,65.81343141,-172,2412,78.4,2026-08-17,-1.77,51.6,False
2124,300679,电连技术,53.93,5.39,9.4,65.73,47.659687081316,0.480298,77.47412089,294,167,70.0,2026-08-17,13.16,54.2,False
2125,300680,隆盛科技,22.07,-1.52,1.56,27.91,22.099990909192,0.2023884,62.19101721,-72,3492,70.4,2026-08-17,-0.14,43.8,False
2126,300681,英搏尔,22.1,-1.38,1.46,29.8,22.211966639009,0.1994932,66.16843363,-1172,2297,66.8,2026-08-17,-0.5,44.2,False
2127,300682,朗新科技,9.85,-3.43,2.14,-29.42,10.135186483986,0.2408292,63.00871554,-235,3259,74.8,2026-08-17,-2.81,47.1,False
2128,300683,海特生物,30.27,-0.26,4.05,-42.98,29.972790386972,0.2212752,55.0591828,-2825,4920,76.4,2026-08-17,0.99,42.1,False
2129,300684,中石科技,97.0,20.0,18.76,112.12,80.83,0.5588692,83.54177541,-3,9,92.8,2026-08-17,20.0,77.5,False
2130,300685,艾德生物,18.84,-0.58,1.2,21.58,18.964169527007,0.1757916,68.08307073,-472,1729,74.8,2026-08-17,-0.65,50.9,False
2131,300686,智动力,14.85,-1.85,3.58,-18.78,14.567720727656,0.2195328,60.63838783,1195,3907,73.6,2026-08-17,1.94,44.6,False
2132,300687,赛意信息,29.14,-1.85,2.2,94.25,29.163503353053,0.3138496,65.37095051,-665,2563,83.2,2026-08-17,-0.08,54.4,False
2133,300688,创业黑马,31.3,-3.75,3.92,-292.62,31.751490300599,0.2623108,57.66052307,-90,4563,81.2,2026-08-17,-1.42,46.8,False
2134,300689,澄天伟业,57.85,1.76,1.66,1224.45,55.458926770951,0.3050732,61.62011957,353,3648,66.4,2026-08-17,4.31,40.9,False
2135,300690,双一科技,21.12,-1.54,1.1,41.08,21.286719708249,0.1769612,62.06122707,-284,3527,69.6,2026-08-17,-0.78,43.2,False
2136,300691,联合光电,14.11,-1.47,0.8,-245.62,14.204779008126,0.1332012,63.68627293,-195,3060,69.2,2026-08-17,-0.67,44.1,False
2137,300692,中赋科技,9.64,-1.83,2.69,75.65,9.727571439945,0.2403984,56.56695826,-225,4739,72.4,2026-08-17,-0.9,41.0,False
2138,300693,盛弘股份,44.42,-1.6,2.66,30.5,44.932315820651,0.2376704,68.47443855,-533,1619,86.8,2026-08-17,-1.14,59.4,False
2139,300694,蠡湖股份,10.8,-2.0,0.58,39.42,10.881099492414,0.1398468,67.09662072,1860,2024,65.2,2026-08-17,-0.75,43.7,False
2140,300695,兆丰股份,51.8,-2.25,0.5,-80.03,52.605582526228,0.1139784,64.6331492,-1032,2779,65.6,2026-08-17,-1.53,42.4,False
2141,300696,爱乐达,21.67,-2.21,1.09,1080.88,21.979496413497,0.2930168,59.90682469,-1822,4059,72.4,2026-08-17,-1.41,43.4,False
2142,300697,电工合金,14.61,-2.99,2.39,25.32,14.847356159772,0.2726912,73.91924619,2167,520,70.8,2026-08-17,-1.6,52.3,False
2143,300698,万马科技,25.63,-2.62,1.18,141.64,26.105279435832,0.1472796,59.97750116,-764,4048,73.6,2026-08-17,-1.82,44.1,False
2144,300699,光威复材,25.7,-1.57,0.6,43.99,25.801481904408,0.305374,69.23207457,1610,1429,75.6,2026-08-17,-0.39,52.3,False
2145,300700,岱勒新材,19.77,-1.49,1.02,796.33,19.976635310464,0.3537628,65.6539106,178,2470,71.2,2026-08-17,-1.03,46.7,False
2146,300701,森霸传感,9.85,-0.1,0.49,84.99,9.788606135584,0.0664572,64.22794151,509,2899,65.6,2026-08-17,0.63,42.1,False
2147,300702,天宇股份,22.49,0.13,0.71,46.37,22.127645419245,0.1751376,66.75561961,388,2126,70.4,2026-08-17,1.64,47.0,False
2148,300703,创源股份,13.53,-1.81,0.9,-31.86,13.577938202912,0.1462808,63.34129873,1394,3170,69.2,2026-08-17,-0.35,43.8,False
2149,300705,九典制药,11.98,-2.12,3.14,26.41,12.194903367313,0.2329956,70.98054957,-975,1013,78.8,2026-08-17,-1.76,55.9,False
2150,300706,阿石创,56.39,-1.71,5.55,123.49,56.324789218853,0.2458816,68.82829,2508,1522,76.4,2026-08-17,0.12,52.6,False
2151,300707,威唐工业,12.09,-1.14,0.85,-45.44,12.139755530578,0.1389468,59.34446618,-794,4212,67.2,2026-08-17,-0.41,39.9,False
2152,300708,聚灿光电,8.1,-1.58,1.18,49.59,8.202361984482,0.2413376,68.64420094,-535,1575,76.8,2026-08-17,-1.25,52.7,False
2153,300709,精研科技,40.0,-4.15,4.64,-37.54,41.074129136017,0.3730856,72.54498889,-194,726,74.8,2026-08-17,-2.62,54.3,False
2154,300710,万隆光电,28.23,-1.74,1.08,-77.09,28.330447997676,0.2627488,52.21199471,-150,5114,63.2,2026-08-17,-0.35,33.0,False
2155,300711,广哈通信,17.5,-2.94,1.71,-147.87,17.92140163972,0.1536292,68.24215165,-1364,1697,77.6,2026-08-17,-2.35,53.0,False
2156,300712,永福股份,21.05,-2.32,0.41,393.18,21.424899496213,0.1387784,55.24764668,115,4902,68.0,2026-08-17,-1.75,37.6,False
2157,300713,英可瑞,13.16,-1.72,1.47,-27.19,13.268281852925,0.1204224,59.40691079,-202,4188,68.0,2026-08-17,-0.82,40.4,False
2158,300715,凯伦股份,14.16,-2.01,2.06,92.34,14.434305499905,0.2253932,61.23531367,-328,3737,61.6,2026-08-17,-1.9,37.7,False
2159,300716,*ST泉为,16.81,-2.15,0.52,-44.54,17.079846509791,0.3688152,52.34501104,4,5107,62.8,2026-08-17,-1.58,32.9,False
2160,300717,华信新材,18.49,-2.01,0.99,38.3,18.690304969206,0.0865412,61.37070058,492,3703,62.4,2026-08-17,-1.07,38.3,False
2161,300718,长盛轴承,71.25,6.66,6.67,87.19,66.145032840029,0.32189,72.78126442,1495,688,85.6,2026-08-17,7.72,62.3,False
2162,300719,安达维尔,11.63,-1.94,1.18,-53.82,11.775333824566,0.1506488,55.0168051,40,4931,68.4,2026-08-17,-1.23,37.6,False
2163,300720,海川智能,89.32,-7.44,7.17,614.89,95.07913431952,0.4490544,66.5531496,-1553,2180,81.2,2026-08-17,-6.06,54.0,False
2164,300721,怡达股份,24.11,-2.66,6.23,230.56,24.455419865753,0.2273736,65.65336669,1715,2471,68.0,2026-08-17,-1.41,44.6,False
2165,300722,新余国科,21.62,-2.22,0.54,422.99,22.021778420919,0.162944,64.87013953,224,2714,70.8,2026-08-17,-1.82,45.9,False
2166,300723,一品红,39.08,3.3,3.52,7.42,37.850852809307,0.2686428,59.74810968,-846,4092,75.2,2026-08-17,3.25,44.9,False
2167,300724,捷佳伟创,63.06,5.0,5.29,20.32,59.757614303634,0.2416528,63.93734289,161,2994,74.8,2026-08-17,5.53,47.8,False
2168,300725,药石科技,52.23,-2.36,8.11,61.4,53.402743074402,0.3149904,67.23731422,-1238,1980,90.4,2026-08-17,-2.2,60.8,False
2169,300726,宏达电子,55.81,-2.94,3.68,61.17,56.366166883413,0.3521776,75.86344609,-9,297,80.0,2026-08-17,-0.99,60.7,False
2170,300727,润禾材料,28.31,-1.63,0.78,46.63,28.500074407982,0.2219888,71.18726296,-333,975,68.4,2026-08-17,-0.67,48.7,False
2171,300729,乐歌股份,10.18,-0.97,0.21,1077.98,10.194094191714,0.1632816,67.82717981,1181,1801,67.2,2026-08-17,-0.14,45.6,False
2172,300730,科创信息,11.59,-2.36,1.07,-55.12,11.782352338319,0.1868808,53.50438765,-581,5051,69.6,2026-08-17,-1.63,37.2,False
2173,300731,科创新源,39.97,-3.8,2.55,-590.89,40.588712946611,0.2610252,69.42576555,-108,1389,72.0,2026-08-17,-1.52,50.0,False
2174,300732,设研院,6.19,-0.8,0.55,-84.13,6.215104588405,0.073104,54.25832646,88,4991,66.0,2026-08-17,-0.4,35.8,False
2175,300733,西菱动力,14.55,-1.42,0.65,131.68,14.589552580275,0.2249884,64.77647324,60,2737,68.4,2026-08-17,-0.27,44.3,False
2176,300735,光弘科技,20.36,-3.92,1.28,241.65,21.01916971986,0.307876,67.7883708,371,1810,73.6,2026-08-17,-3.14,49.9,False
2177,300736,百邦科技,30.28,6.39,5.67,-205.87,28.160887804878,0.2714268,56.85123935,-1677,4699,62.4,2026-08-17,7.53,35.5,False
2178,300737,科顺股份,5.0,-1.38,1.17,21.84,5.007222557981,0.164422,59.04058371,714,4282,62.8,2026-08-17,-0.14,37.1,False
2179,300738,奥飞数据,22.82,-3.39,3.64,57.19,23.539190006391,0.3305076,68.29342628,-1649,1686,93.2,2026-08-17,-3.06,63.6,False
2180,300739,明阳电路,23.75,-1.7,2.03,151.54,23.909075385154,0.2579932,65.92732876,750,2380,69.2,2026-08-17,-0.67,45.6,False
2181,300740,水羊股份,21.27,-3.76,3.92,67.39,21.549832517364,0.3345172,67.49204788,2054,1903,81.2,2026-08-17,-1.3,54.8,False
2182,300741,华宝股份,13.6,1.04,0.29,46.93,13.387839539622,0.0994848,58.00197993,-1032,4504,68.4,2026-08-17,1.58,39.7,False
2183,300743,天地数码,14.91,-1.39,0.64,14.29,15.004350863821,0.0799604,65.00644935,202,2672,64.8,2026-08-17,-0.63,42.1,False
2184,300745,欣锐科技,30.38,-1.65,1.97,239.19,30.431281643577,0.2347276,60.21602964,-1515,4005,66.8,2026-08-17,-0.17,40.2,False
2185,300746,汉嘉数智,14.31,-1.17,0.66,100.92,14.462724808634,0.1402228,55.05099884,-17,4921,70.8,2026-08-17,-1.06,39.0,False
2186,300747,锐科激光,37.13,-1.41,2.08,65.82,37.145384781176,0.3210196,74.65885077,-181,435,78.4,2026-08-17,-0.04,58.5,False
2187,300748,金力永磁,27.91,-0.07,0.99,50.02,27.697705308212,0.2891684,65.01285852,-1841,2671,80.8,2026-08-17,0.77,52.5,False
2188,300749,顶固集创,24.8,1.64,1.64,-68.6,23.649986217973,0.3596564,64.03964963,1349,2964,66.4,2026-08-17,4.86,42.5,False
2189,300750,宁德时代,399.04,-0.24,0.18,21.33,396.706158366552,0.60373,84.50234445,187,5,89.6,2026-08-17,0.59,75.7,False
2190,300751,迈为股份,199.13,6.45,3.8,117.64,185.175827609906,0.3400772,75.81278105,-23,308,74.8,2026-08-17,7.54,56.7,False
2191,300752,隆利科技,11.95,9.13,8.42,61.89,10.729454391839,0.1600332,70.23020614,640,1192,64.4,2026-08-17,11.38,45.2,False
2192,300753,爱朋医疗,23.48,-3.29,5.23,-168.51,24.029441069698,0.1682004,57.7048041,-581,4554,84.8,2026-08-17,-2.29,48.9,False
2193,300755,华致酒行,11.42,-1.64,0.38,22.43,11.463184278563,0.1681508,62.88062939,848,3293,65.2,2026-08-17,-0.38,41.0,False
2194,300756,金马游乐,30.5,0.76,0.94,61.84,30.26428434114,0.2583036,61.59991261,-1099,3652,64.0,2026-08-17,0.78,39.4,False
2195,300757,罗博特科,532.56,0.29,2.09,-574.87,528.851409617806,0.5196556,68.9570274,681,1489,84.8,2026-08-17,0.7,58.5,False
2196,300758,七彩化学,10.83,-1.99,0.89,68.34,10.994377726189,0.198486,57.84580229,-906,4533,69.6,2026-08-17,-1.5,40.3,False
2197,300759,康龙化成,50.55,0.88,2.61,69.24,49.433270595587,0.4124168,79.59901066,98,69,93.2,2026-08-17,2.26,74.2,False
2198,300760,迈瑞医疗,149.39,-0.21,0.27,19.43,149.007971634279,0.3217276,73.57608839,-262,558,89.6,2026-08-17,0.26,65.9,False
2199,300761,立华股份,18.8,2.12,1.21,25.69,18.350603039256,0.2047532,72.29775933,613,773,68.4,2026-08-17,2.45,49.5,False
2200,300762,上海瀚讯,33.01,-0.54,1.71,-121.38,32.650374017565,0.3859764,61.15339106,-7,3756,74.8,2026-08-17,1.1,45.7,False
2201,300763,锦浪科技,65.3,-0.41,2.16,105.88,64.293572541705,0.2988748,70.3296523,1642,1169,80.4,2026-08-17,1.57,56.5,False
2202,300765,石药创新,44.27,-0.38,1.58,24.65,44.154074495334,0.4164548,74.11981666,3349,488,82.8,2026-08-17,0.26,61.4,False
2203,300766,每日互动,23.12,-3.95,3.6,-141.79,23.741879037268,0.2504364,61.70866743,-1472,3631,84.4,2026-08-17,-2.62,52.1,False
2204,300767,震安科技,20.55,-2.42,3.35,-746.6,20.224119479391,0.3515916,61.40605653,204,3697,63.2,2026-08-17,1.61,38.8,False
2205,300768,迪普科技,15.34,-5.43,2.51,68.19,16.205610750592,0.2554188,70.45539675,-549,1138,74.4,2026-08-17,-5.34,52.4,False
2206,300769,德方纳米,47.96,-2.5,2.87,12.68,48.30532264899,0.3946104,67.30720005,103,1964,73.6,2026-08-17,-0.71,49.5,False
2207,300770,新媒股份,33.45,-0.98,0.24,13.31,33.475683751413,0.099158,69.42663392,-342,1388,69.6,2026-08-17,-0.08,48.3,False
2208,300771,智莱科技,11.61,-2.27,0.73,44.23,11.755905655937,0.261846,66.04166204,1142,2335,68.0,2026-08-17,-1.24,44.9,False
2209,300772,运达股份,11.99,-1.88,0.94,49.34,12.17682099155,0.2587188,71.64428382,991,877,79.2,2026-08-17,-1.53,56.7,False
2210,300773,拉卡拉,14.98,-3.42,1.85,12.17,15.340928509387,0.2754692,57.67205766,-118,4560,77.2,2026-08-17,-2.35,44.5,False
2211,300774,倍杰特,11.02,-1.87,2.04,-37.65,11.08130222031,0.0956176,64.30968075,1572,2877,62.0,2026-08-17,-0.55,39.9,False
2212,300775,三角防务,21.68,-1.54,0.9,276.39,21.797888669167,0.2514844,58.67477958,-953,4366,73.6,2026-08-17,-0.54,43.2,False
2213,300776,帝尔激光,125.81,-1.6,3.01,54.82,125.038741717279,0.4081504,79.34214547,207,79,77.2,2026-08-17,0.62,61.3,False
2214,300777,中简科技,24.59,-0.97,0.83,141.66,24.57296409372,0.263188,60.61491398,-883,3912,72.0,2026-08-17,0.07,43.6,False
2215,300778,新城市,10.35,-1.33,0.63,-30.96,10.445297355797,0.0891664,50.44399721,-21,5168,65.6,2026-08-17,-0.91,33.1,False
2216,300779,惠城环保,73.82,-2.43,2.85,2574.74,72.26426911358,0.4623004,72.17137009,-577,797,76.4,2026-08-17,2.15,55.1,False
2217,300780,德恩精工,21.4,-1.29,3.42,-73.32,21.221646021636,0.1883176,52.9745743,-1046,5077,65.2,2026-08-17,0.84,34.5,False
2218,300781,因赛集团,28.02,-3.21,1.58,99.16,28.537056560773,0.16034,65.22045686,-83,2615,78.4,2026-08-17,-1.81,51.1,False
2219,300782,卓胜微,80.55,-2.35,1.19,-80.23,81.830727164455,0.3400304,62.68518264,1328,3344,79.6,2026-08-17,-1.57,49.9,False
2220,300783,三只松鼠,17.74,0.11,1.85,6.52,17.606478521703,0.1908568,65.67867875,-1517,2463,80.0,2026-08-17,0.76,52.5,False
2221,300784,利安科技,40.57,-2.08,1.92,73.14,41.113928571429,0.094102,59.65693344,-660,4118,62.0,2026-08-17,-1.32,37.0,False
2222,300785,值得买,38.14,-3.76,3.18,530.22,39.023048415417,0.1722484,67.52282971,-248,1894,78.4,2026-08-17,-2.26,52.9,False
2223,300786,国林科技,16.36,-1.33,2.56,155.8,16.269185807322,0.1895864,61.64089651,-150,3644,68.4,2026-08-17,0.56,42.2,False
2224,300787,海能实业,10.4,-0.67,1.27,-84.14,10.278909324738,0.1168124,60.53279078,-1518,3934,72.0,2026-08-17,1.18,43.6,False
2225,300788,中信出版,25.5,0.0,2.32,29.14,25.298353147305,0.2201192,60.1843887,-671,4014,73.6,2026-08-17,0.8,44.3,False
2226,300789,唐源电气,17.65,-2.81,1.12,44.44,18.016295155436,0.1504792,60.59232465,838,3918,69.6,2026-08-17,-2.03,42.2,False
2227,300790,宇瞳光学,20.42,-3.36,4.02,47.04,20.826769306603,0.3693612,72.97377609,1173,655,76.0,2026-08-17,-1.95,55.5,False
2228,300791,仙乐健康,17.12,-1.33,0.81,26.43,17.046949218228,0.127878,61.44284605,-1991,3687,70.8,2026-08-17,0.43,43.5,False
2229,300792,壹网壹创,24.24,-3.43,1.29,45.88,24.713934759206,0.1538548,61.88141359,-431,3575,72.0,2026-08-17,-1.92,44.6,False
2230,300793,佳禾智能,11.02,-2.56,0.73,-120.95,11.203376074471,0.2327856,59.12565013,497,4270,70.8,2026-08-17,-1.64,41.9,False
2231,300795,米奥会展,16.8,-7.34,19.39,-50.85,18.157484220028,0.2934116,80.0077156,283,52,82.0,2026-08-17,-7.48,65.6,False
2232,300796,贝斯美,6.69,-0.74,0.47,203.77,6.702052812973,0.1146876,60.60493089,1097,3914,63.2,2026-08-17,-0.18,38.3,False
2233,300797,钢研纳克,15.97,11.13,4.77,39.73,14.008368230694,0.1507924,75.76416567,1665,313,68.4,2026-08-17,14.0,51.8,False
2234,300798,锦鸡股份,7.33,-4.56,2.7,-56.79,7.629139403419,0.2222064,58.61801762,679,4375,72.4,2026-08-17,-3.92,42.4,False
2235,300800,力合科技,10.0,-1.48,0.47,39.67,10.096821980992,0.0646284,62.36052057,180,3449,64.8,2026-08-17,-0.96,40.4,False
2236,300801,泰和科技,23.71,-3.11,2.7,15.05,24.159906377215,0.223946,70.53406439,1152,1126,75.6,2026-08-17,-1.86,53.3,False
2237,300802,矩子科技,22.96,-4.09,2.11,50.13,23.421128065114,0.2779692,75.23601888,9,362,76.8,2026-08-17,-1.97,57.8,False
2238,300803,指南针,82.33,-2.95,1.21,112.85,84.052917240626,0.3518944,68.72340396,-190,1554,79.6,2026-08-17,-2.05,54.7,False
2239,300804,广康生化,44.28,1.42,2.73,-1423.52,43.690594621268,0.2083912,62.90776867,361,3282,67.6,2026-08-17,1.35,42.5,False
2240,300805,电声股份,8.14,-3.33,1.55,333.65,8.326377112363,0.1767856,64.53459749,-544,2812,66.4,2026-08-17,-2.24,42.9,False
2241,300806,斯迪克,51.82,0.52,4.51,539.14,50.331306577316,0.4198596,68.73071111,203,1553,80.8,2026-08-17,2.96,55.5,False
2242,300807,天迈科技,37.73,-0.66,0.94,-75.53,37.871597901264,0.1305436,53.18895388,-140,5065,66.0,2026-08-17,-0.37,35.1,False
2243,300808,久量股份,19.19,-2.54,0.62,-56.99,19.306400059373,0.2002068,61.94730674,1311,3560,63.6,2026-08-17,-0.6,39.4,False
2244,300809,华辰装备,25.75,1.98,4.62,127.63,25.138267144073,0.2229988,62.04649437,-1080,3531,78.8,2026-08-17,2.43,48.9,False
2245,300810,中科海讯,24.37,-2.21,0.64,-51.33,24.754800286864,0.0639468,61.84918795,-1062,3587,68.8,2026-08-17,-1.55,42.6,False
2246,300811,铂科新材,80.6,0.15,2.28,92.84,79.220255337426,0.3507248,78.09971203,-99,135,80.4,2026-08-17,1.74,62.8,False
2247,300812,易天股份,19.68,-2.04,2.01,232.28,19.784512381557,0.1761872,55.01801522,-2269,4930,66.8,2026-08-17,-0.53,36.8,False
2248,300813,泰林生物,20.38,-1.5,1.97,127.58,20.406606333785,0.137828,58.42182334,-2479,4416,66.8,2026-08-17,-0.13,39.0,False
2249,300814,中富电路,150.2,-4.82,2.59,372.27,156.83944239346,0.3635412,71.57168985,-257,891,86.4,2026-08-17,-4.23,61.8,False
2250,300815,玉禾田,16.3,-0.49,0.78,9.89,16.247222009786,0.1698208,66.37657011,-130,2234,73.2,2026-08-17,0.32,48.6,False
2251,300816,艾可蓝,53.09,-1.69,1.5,53.46,52.993827438349,0.1561336,68.36422609,687,1658,66.4,2026-08-17,0.18,45.4,False
2252,300817,双飞集团,15.76,-0.19,0.89,51.71,15.684969902442,0.1132028,67.94258057,709,1771,66.4,2026-08-17,0.48,45.1,False
2253,300818,耐普矿机,19.99,-1.58,1.1,-186.47,20.165161644786,0.0836892,65.30129753,-263,2589,67.2,2026-08-17,-0.87,43.9,False
2254,300819,聚杰微纤,48.34,-4.75,1.9,173.45,49.671426862375,0.278742,71.84979675,1313,842,65.2,2026-08-17,-2.68,46.8,False
2255,300820,英杰电气,55.87,-0.82,2.12,85.42,55.784675562864,0.2508776,74.97095978,391,399,74.8,2026-08-17,0.15,56.1,False
2256,300821,东岳硅材,17.9,1.19,6.78,27.68,17.484233893778,0.31232,72.95085237,-130,660,78.4,2026-08-17,2.38,57.2,False
2257,300822,贝仕达克,11.61,-2.03,0.8,40.99,11.807380875203,0.1043232,58.33269347,-1597,4436,68.8,2026-08-17,-1.67,40.1,False
2258,300823,建科智能,14.95,-1.77,1.4,33.97,15.038422987921,0.05918,61.06583685,389,3788,63.2,2026-08-17,-0.59,38.6,False
2259,300824,北鼎股份,7.73,-1.53,0.6,26.48,7.776068360773,0.077344,69.36445154,243,1400,66.0,2026-08-17,-0.59,45.8,False
2260,300825,阿尔特,10.87,-4.73,2.58,89.87,11.065134023261,0.2504104,64.07800829,1170,2957,70.4,2026-08-17,-1.76,45.1,False
2261,300826,测绘股份,14.54,0.55,1.35,118.86,14.276347216873,0.3254848,62.12770093,-1505,3510,65.6,2026-08-17,1.85,40.8,False
2262,300827,上能电气,26.64,-1.48,1.86,37.91,26.818476598484,0.3024472,68.9517294,-387,1491,79.2,2026-08-17,-0.67,54.6,False
2263,300828,锐新科技,17.63,-3.71,10.69,114.17,17.471876745243,0.2230072,61.43412872,-11,3690,75.2,2026-08-17,0.91,46.2,False
2264,300829,金丹科技,16.28,1.24,5.36,31.12,16.105838638493,0.2220552,66.17595451,1212,2294,68.8,2026-08-17,1.08,45.5,False
2265,300830,金现代,8.21,-2.61,1.13,-117.82,8.342048716545,0.0834988,57.34426456,-1698,4616,68.4,2026-08-17,-1.58,39.2,False
2266,300831,ST派瑞,14.84,-2.82,1.67,76.16,15.056268436243,0.277276862745,59.50406286,758,4158,66.0,2026-08-17,-1.44,39.3,False
2267,300832,新产业,52.63,2.29,0.86,23.83,51.016622252433,0.2480132,79.23443307,-21,85,78.0,2026-08-17,3.16,61.8,False
2268,300833,浩洋股份,36.98,-1.54,0.4,28.13,37.814744152702,0.121994,70.67402442,-431,1098,67.6,2026-08-17,-2.21,47.8,False
2269,300834,星辉环材,41.1,0.46,0.83,95.07,40.41958539571,0.2545696,62.85632011,1559,3298,64.0,2026-08-17,1.68,40.2,False
2270,300835,龙磁科技,166.66,-0.13,1.74,180.1,164.910395674118,0.4243604,73.56777594,-451,561,75.6,2026-08-17,1.06,55.6,False
2271,300836,佰奥智能,51.96,-2.17,2.33,170.62,51.471414956331,0.3055776,65.57536869,85,2501,63.6,2026-08-17,0.95,41.7,False
2272,300837,浙矿股份,23.13,-2.41,0.72,48.35,23.503726708075,0.0676748,62.93455534,370,3271,63.2,2026-08-17,-1.59,39.8,False
2273,300838,浙江力诺,13.79,-1.08,0.87,366.23,13.856978253186,0.0429324,53.78713672,-97,5034,63.2,2026-08-17,-0.48,34.0,False
2274,300839,博汇股份,10.74,-0.74,1.34,16.55,10.721393322479,0.0865816,64.12897096,-13,2938,62.4,2026-08-17,0.17,40.0,False
2275,300840,酷特智能,19.88,-1.0,1.82,96.14,19.914055287026,0.2249236,58.69516855,-286,4361,70.0,2026-08-17,-0.17,41.1,False
2276,300841,康华生物,53.32,9.46,6.47,24.54,48.196210326939,0.1905836,65.29480608,-1490,2592,71.6,2026-08-17,10.63,46.8,False
2277,300842,帝科股份,65.14,-2.96,2.1,163.14,65.679616388446,0.2744856,75.62898674,-43,325,73.2,2026-08-17,-0.82,55.4,False
2278,300843,胜蓝股份,128.71,-0.52,2.19,146.08,127.27508952632,0.3938556,73.22861341,76,607,75.6,2026-08-17,1.13,55.4,False
2279,300844,山水比德,23.31,-2.06,0.5,-13.87,23.418465678289,0.0661352,63.67473706,1488,3064,63.6,2026-08-17,-0.46,40.5,False
2280,300845,捷安高科,12.15,-2.41,2.65,-44.83,12.156246457909,0.2883664,66.97406837,916,2060,64.8,2026-08-17,-0.05,43.4,False
2281,300846,首都在线,20.7,-4.78,5.21,-121.25,21.378340238264,0.3152428,61.76587301,-2707,3610,87.2,2026-08-17,-3.17,53.9,False
2282,300847,中船汉光,14.21,-1.86,0.67,41.01,14.341461433058,0.2148192,69.92300766,824,1263,72.8,2026-08-17,-0.92,50.9,False
2283,300848,美瑞新材,12.84,-1.76,0.54,50.49,12.984215352441,0.168792,59.57894622,87,4136,62.8,2026-08-17,-1.11,37.4,False
2284,300849,锦盛新材,20.63,-2.13,2.39,-124.13,21.210756771749,0.2668688,52.71251069,-176,5086,60.4,2026-08-17,-2.74,31.8,False
2285,300850,新强联,26.31,-2.66,1.43,18.21,26.825869141621,0.170422,64.68214229,-691,2759,76.4,2026-08-17,-1.92,49.4,False
2286,300851,交大思诺,23.94,-0.83,1.0,157.16,23.960666100976,0.1249532,65.95595648,-270,2368,62.4,2026-08-17,-0.09,41.2,False
2287,300852,四会富仕,48.72,-0.77,3.14,44.51,47.429633422723,0.2616708,70.50919071,921,1129,73.2,2026-08-17,2.72,51.6,False
2288,300853,申昊科技,28.36,-0.74,2.63,-32.16,28.227330972807,0.2001992,59.05314575,-2162,4280,69.2,2026-08-17,0.47,40.9,False
2289,300854,中兰环保,18.18,-0.6,3.43,173.41,18.231984161894,0.1661716,61.66266863,1217,3638,68.0,2026-08-17,-0.29,41.9,False
2290,300855,图南股份,32.91,-0.45,1.57,34.05,32.736910764522,0.2355712,67.34454581,-995,1954,67.2,2026-08-17,0.53,45.3,False
2291,300856,科思股份,10.9,-2.24,1.19,31.79,11.22133434101,0.2179512,60.31193049,52,3983,70.0,2026-08-17,-2.86,42.2,False
2292,300857,协创数据,261.5,-2.84,2.48,34.35,263.560147015837,0.5170264,73.96531492,-495,512,93.2,2026-08-17,-0.78,68.9,False
2293,300858,科拓生物,15.39,1.92,3.25,67.81,15.080589788741,0.1973212,63.83620313,-625,3018,69.6,2026-08-17,2.05,44.4,False
2294,300859,西域旅游,26.73,-2.8,1.17,563.07,27.449877147146,0.1665636,60.38851362,-460,3962,68.0,2026-08-17,-2.62,41.1,False
2295,300860,锋尚文化,27.47,-2.24,1.2,266.76,27.89008760836,0.3019004,70.0906201,1127,1223,68.0,2026-08-17,-1.51,47.7,False
2296,300861,美畅股份,17.59,-1.51,1.37,15.21,17.652196817412,0.2331336,67.33936382,1708,1955,69.2,2026-08-17,-0.35,46.6,False
2297,300862,蓝盾光电,57.51,5.0,14.44,-306.36,51.450299246588,0.48984,56.02092872,-1492,4805,85.6,2026-08-17,11.78,48.0,False
2298,300863,卡倍亿,44.16,-2.06,1.14,28.69,44.513573659297,0.3518756,67.0149186,-986,2051,67.6,2026-08-17,-0.79,45.3,False
2299,300864,南大环境,19.56,0.31,0.4,16.9,19.352356425703,0.0836096,67.71518962,1389,1831,63.6,2026-08-17,1.07,43.1,False
2300,300865,大宏立,25.37,-2.16,2.66,57.16,25.427553869833,0.1327756,62.94808825,-1716,3268,69.6,2026-08-17,-0.23,43.8,False
2301,300866,安克创新,116.43,-1.5,0.39,36.3,117.281693460282,0.206786,76.57716381,-138,232,79.2,2026-08-17,-0.73,60.6,False
2302,300867,圣元环保,17.23,4.87,5.05,10.42,16.304444514383,0.1536252,66.05248795,1434,2330,64.8,2026-08-17,5.68,42.8,False
2303,300868,杰美特,95.05,-2.51,2.11,-374.93,95.132204670896,0.3653484,67.43684981,-13,1923,64.8,2026-08-17,-0.09,43.7,False
2304,300869,康泰医学,11.43,-1.72,0.55,-139.31,11.572176994232,0.1324092,57.20385387,-1634,4641,71.6,2026-08-17,-1.23,41.0,False
2305,300870,欧陆通,230.61,-3.51,2.03,-701.7,236.541886319705,0.451408,73.62588332,-129,551,77.2,2026-08-17,-2.51,56.8,False
2306,300871,回盛生物,24.05,0.71,2.33,11.79,23.542646765311,0.2770148,65.36574757,-2334,2568,72.4,2026-08-17,2.16,47.3,False
2307,300872,天阳科技,15.46,-1.84,1.58,250.19,15.634514351146,0.204918,58.86628199,-766,4316,70.4,2026-08-17,-1.12,41.4,False
2308,300873,海晨股份,17.08,-4.31,3.43,1118.52,17.267929826296,0.2061728,63.43019714,794,3137,65.6,2026-08-17,-1.09,41.6,False
2309,300875,捷强装备,33.5,-0.68,1.8,-110.77,33.564637252229,0.1946228,57.34048295,-1322,4620,79.6,2026-08-17,-0.19,45.6,False
2310,300876,蒙泰高新,15.69,-1.63,0.79,-69.81,15.812728186529,0.1216632,58.86328449,763,4318,63.2,2026-08-17,-0.78,37.2,False
2311,300877,金春股份,28.35,10.23,2.84,288.94,25.371456659032,0.1907632,63.79449801,543,3027,61.6,2026-08-17,11.74,39.3,False
2312,300878,维康药业,34.69,-1.22,0.7,720.34,34.852507795329,0.279886,54.86404408,-285,4946,67.2,2026-08-17,-0.47,36.9,False
2313,300879,大叶股份,16.97,-0.59,0.59,36.66,17.004476170637,0.0737724,58.60233054,-102,4378,68.0,2026-08-17,-0.2,39.8,False
2314,300880,迦南智能,19.89,-2.55,0.91,77.72,20.108736512451,0.2371296,61.14695525,456,3759,64.8,2026-08-17,-1.09,39.6,False
2315,300881,盛德鑫泰,33.82,0.36,1.63,21.19,33.367684385665,0.1533872,62.38698084,584,3439,62.8,2026-08-17,1.36,39.2,False
2316,300882,万胜智能,14.82,-2.63,0.42,47.55,15.091927328336,0.1216704,67.99303864,1211,1758,68.0,2026-08-17,-1.8,46.2,False
2317,300883,龙利得,6.25,0.64,2.25,-319.38,6.180843219789,0.1590652,53.10359845,103,5069,64.8,2026-08-17,1.12,34.4,False
2318,300884,狄耐克,12.67,-2.54,2.08,-412.08,12.596721839274,0.2852704,72.15723409,822,801,70.0,2026-08-17,0.58,50.5,False
2319,300885,海昌新材,20.96,-1.36,1.12,53.98,20.997807604078,0.180562,63.16597649,119,3220,64.4,2026-08-17,-0.18,40.7,False
2320,300886,华业香料,25.11,-3.42,2.54,107.64,25.582075714162,0.1536516,66.16541204,500,2298,69.6,2026-08-17,-1.85,46.1,False
2321,300887,谱尼测试,7.27,-2.81,1.66,-14.27,7.405138913263,0.2009292,61.77012507,399,3609,71.6,2026-08-17,-1.82,44.2,False
2322,300888,稳健医疗,29.23,-0.51,0.14,16.94,29.048123306018,0.1596484,66.93234694,-349,2071,72.4,2026-08-17,0.63,48.5,False
2323,300889,爱克股份,21.95,0.18,1.13,-66.87,21.725171147814,0.3185588,57.54603673,-419,4581,62.8,2026-08-17,1.03,36.1,False
2324,300890,翔丰华,26.69,-2.06,1.39,34.04,26.951888906919,0.2188952,59.34709806,270,4211,68.8,2026-08-17,-0.97,40.8,False
2325,300891,惠云钛业,7.21,-1.23,0.79,-94.8,7.237372100683,0.099898,64.87098214,2021,2713,70.4,2026-08-17,-0.38,45.7,False
2326,300892,品渥食品,24.03,0.54,4.53,-342.86,23.671168007625,0.1363168,57.9420664,54,4519,76.8,2026-08-17,1.52,44.5,False
2327,300893,松原安全,15.99,-0.68,0.27,25.14,16.082805762984,0.0715928,62.63027319,65,3370,63.2,2026-08-17,-0.58,39.6,False
2328,300894,火星人,11.53,-1.28,0.92,-21.94,11.608691707111,0.2223156,58.6752783,-523,4365,68.4,2026-08-17,-0.68,40.1,False
2329,300895,铜牛信息,60.16,2.3,8.27,-141.04,59.690607520929,0.3208844,66.50153923,-1760,2189,88.0,2026-08-17,0.79,58.5,False
2330,300896,爱美客,97.96,-1.54,0.98,24.85,99.448946424804,0.3129116,68.91553167,-678,1506,84.0,2026-08-17,-1.5,57.9,False
2331,300897,山科智能,16.05,-2.01,1.38,116.32,16.315511986588,0.1238904,58.97402382,-2014,4293,68.4,2026-08-17,-1.63,40.3,False
2332,300898,熊猫乳品,21.99,0.64,2.44,40.36,21.69376149382,0.186252,65.00279661,84,2675,75.6,2026-08-17,1.37,49.1,False
2333,300899,上海凯鑫,28.75,-2.44,0.89,-40.69,29.142667603959,0.1167168,62.7874448,1627,3315,62.8,2026-08-17,-1.35,39.4,False
2334,300900,广联航空,25.21,-2.17,3.06,196.04,25.266368905641,0.265262,52.94502933,116,5078,70.8,2026-08-17,-0.22,37.5,False
2335,300901,中胤时尚,18.1,0.5,1.22,708.2,17.374827198285,0.247506,65.39017163,-392,2556,70.4,2026-08-17,4.17,46.0,False
2336,300902,国安达,17.15,-3.71,2.2,-114.37,17.569744880342,0.286576,60.62856469,970,3911,67.6,2026-08-17,-2.39,41.0,False
2337,300903,科翔股份,82.85,-1.87,3.72,-173.42,82.289165627311,0.5102104,69.18524305,144,1437,84.4,2026-08-17,0.68,58.4,False
2338,300904,威力传动,41.79,-1.58,1.02,-30.36,42.032802190962,0.0799056,59.5265214,318,4148,64.4,2026-08-17,-0.58,38.3,False
2339,300905,宝丽迪,38.98,-2.74,2.78,50.86,39.592700683464,0.2054824,67.99759091,372,1755,66.0,2026-08-17,-1.55,44.9,False
2340,300906,日月明,28.16,1.88,0.81,37.4,27.48972127969,0.0904704,66.42515961,253,2221,67.2,2026-08-17,2.44,44.6,False
2341,300907,康平科技,50.5,-1.17,1.87,88.16,51.10694819919,0.2878752,60.18911824,-2701,4013,70.8,2026-08-17,-1.19,42.6,False
2342,300908,仲景食品,26.91,5.78,5.1,18.13,25.294685456703,0.1953868,69.52879666,-831,1364,71.6,2026-08-17,6.39,49.8,False
2343,300909,汇创达,55.1,1.12,1.15,226.57,54.415247818981,0.3519148,62.10151064,-1624,3515,69.2,2026-08-17,1.26,43.0,False
2344,300910,瑞丰新材,27.02,-0.41,0.89,18.49,27.192700369915,0.2424464,62.87884772,-1211,3294,66.8,2026-08-17,-0.64,42.0,False
2345,300911,亿田智能,22.02,-5.25,4.74,-28.51,22.488137099597,0.2541692,71.0735999,780,995,75.6,2026-08-17,-2.08,53.7,False
2346,300912,凯龙高科,20.83,-0.86,2.15,58.64,20.819353165667,0.208746,45.88271018,1,5194,67.2,2026-08-17,0.05,30.8,False
2347,300913,兆龙互连,36.21,-3.18,2.01,63.92,37.010303564343,0.2550196,75.13985987,857,377,73.6,2026-08-17,-2.16,55.3,False
2348,300915,海融科技,20.92,-1.27,1.24,35.86,21.032290486292,0.180026,63.86364399,1896,3013,68.0,2026-08-17,-0.53,43.4,False
2349,300916,朗特智能,24.23,-3.23,2.99,731.71,24.88584912819,0.1594664,65.38201665,-492,2561,71.6,2026-08-17,-2.64,46.8,False
2350,300917,特发服务,26.28,-0.9,1.1,33.84,26.203963974226,0.205242,63.62765147,-918,3086,73.6,2026-08-17,0.29,46.8,False
2351,300918,南山智尚,10.6,-1.49,0.48,43.56,10.621812801021,0.1651796,63.64955052,497,3077,66.0,2026-08-17,-0.21,42.0,False
2352,300919,中伟新材,40.71,-1.97,0.6,19.14,41.340997307241,0.2719028,65.93027173,-577,2379,76.8,2026-08-17,-1.53,50.6,False
2353,300920,润阳科技,35.73,0.85,1.61,368.48,35.197489944533,0.2597108,60.40623412,86,3956,62.0,2026-08-17,1.51,37.5,False
2354,300921,南凌科技,15.69,-3.74,2.59,84.67,16.025948350803,0.2176528,75.41292955,-85,341,69.2,2026-08-17,-2.1,52.2,False
2355,300922,天秦装备,17.5,-4.0,2.14,2888.62,17.957056077204,0.1771084,67.87898305,1921,1792,70.4,2026-08-17,-2.55,47.8,False
2356,300923,研奥股份,24.68,1.61,1.64,289.61,24.209622757724,0.3046924,68.34429371,1135,1661,64.0,2026-08-17,1.94,43.7,False
2357,300925,法本信息,14.58,-2.54,1.03,69.53,14.80207431804,0.1435932,61.26422718,-621,3727,71.6,2026-08-17,-1.5,43.9,False
2358,300926,博俊科技,18.2,-0.76,0.62,15.28,18.232447223782,0.3180268,74.26938182,373,474,68.8,2026-08-17,-0.18,51.1,False
2359,300927,江天化学,22.46,0.27,1.38,62.9,22.268660190421,0.212134,61.24819085,-885,3732,66.4,2026-08-17,0.86,40.7,False
2360,300928,华安鑫创,25.68,-0.73,1.03,-28.75,25.674912660704,0.1073512,55.35154796,163,4889,63.2,2026-08-17,0.02,35.0,False
2361,300929,华骐环保,17.18,1.48,9.27,-188.0,17.147724891272,0.2261252,63.34423239,-720,3168,75.2,2026-08-17,0.19,47.6,False
2362,300930,屹通新材,25.72,-2.24,1.56,35.14,25.800683583276,0.1283708,67.20868447,1745,1990,60.8,2026-08-17,-0.31,40.9,False
2363,300931,通用电梯,15.37,3.85,4.47,-73.6,15.010504389694,0.344162,56.53668289,-2279,4744,66.8,2026-08-17,2.39,37.8,False
2364,300932,三友联众,10.71,-2.64,1.8,79.44,10.808616701368,0.1843712,63.58080287,-27,3099,67.2,2026-08-17,-0.91,42.7,False
2365,300933,中辰股份,6.47,-2.71,1.06,53.56,6.582766807073,0.2306092,58.28501923,-269,4450,70.8,2026-08-17,-1.71,41.3,False
2366,300935,盈建科,33.05,-0.96,3.72,-25.89,32.41406950639,0.1533716,64.52499577,1510,2815,72.0,2026-08-17,1.96,46.5,False
2367,300936,中英科技,83.69,-3.53,3.27,-1423.36,83.417972948964,0.307046,63.34235325,-347,3169,69.2,2026-08-17,0.33,43.8,False
2368,300937,药易购,29.52,-1.76,9.75,-259.55,30.142814924798,0.2765708,73.5321169,-21,566,81.2,2026-08-17,-2.07,59.7,False
2369,300938,信测标准,30.11,-0.73,1.62,57.25,29.90110135485,0.3325948,68.4141153,-1089,1638,67.2,2026-08-17,0.7,46.0,False
2370,300939,秋田微,67.47,-2.33,1.05,117.35,67.297543494092,0.324154,73.93623255,57,517,66.4,2026-08-17,0.26,49.1,False
2371,300940,南极光,13.91,-2.11,1.68,123.97,14.142717156439,0.1221848,61.99280127,-1586,3542,66.0,2026-08-17,-1.65,40.9,False
2372,300941,创识科技,14.44,-1.84,1.76,3251.1,14.593868200003,0.1181536,57.73529599,-132,4549,72.0,2026-08-17,-1.05,41.6,False
2373,300942,易瑞生物,6.75,-1.6,0.8,-66.63,6.845346148474,0.1247328,60.73955284,1003,3885,67.2,2026-08-17,-1.39,40.8,False
2374,300943,春晖智控,32.28,-2.77,7.46,173.11,31.40166178982,0.3060812,71.67148961,669,872,70.8,2026-08-17,2.8,50.7,False
2375,300945,曼卡龙,12.16,-1.38,2.34,13.95,12.239468624391,0.2407572,75.95452694,1601,288,75.2,2026-08-17,-0.65,57.1,False
2376,300946,恒而达,39.88,-0.6,0.87,106.53,40.044988720696,0.1966752,57.22315167,-504,4639,65.6,2026-08-17,-0.41,37.5,False
2377,300947,德必集团,14.08,-1.12,0.83,290.93,14.158145009993,0.0377428,58.37807309,-72,4423,65.6,2026-08-17,-0.55,38.3,False
2378,300948,冠中生态,22.38,-1.41,1.33,8259.8,22.138444352627,0.2702552,63.22730555,1693,3200,63.2,2026-08-17,1.09,40.0,False
2379,300949,奥雅股份,22.25,-1.11,1.02,-168.04,22.323038313664,0.0578792,59.90920301,294,4058,64.8,2026-08-17,-0.33,38.8,False
2380,300950,德固特,16.7,-1.47,0.82,118.44,16.875229688297,0.0881468,63.44976271,-231,3133,64.8,2026-08-17,-1.04,41.1,False
2381,300951,博硕科技,74.33,-1.03,1.87,-159.37,75.596922380988,0.4502448,70.86378818,-199,1049,75.6,2026-08-17,-1.68,53.6,False
2382,300952,恒辉安防,17.21,-1.49,1.27,158.76,17.207671040625,0.201478,65.16370314,1452,2631,62.8,2026-08-17,0.01,40.9,False
2383,300953,震裕科技,107.0,-1.1,2.11,23.12,105.425829895393,0.3368728,71.50435455,-701,904,78.8,2026-08-17,1.49,56.3,False
2384,300955,嘉亨家化,32.32,-0.25,0.78,-194.66,31.864328444597,0.295498363636,61.2542537,-30,3729,62.0,2026-08-17,1.43,38.0,False
2385,300956,英力股份,11.24,-1.49,1.07,-106.54,11.308192415105,0.1155988,55.87341682,-80,4827,66.0,2026-08-17,-0.6,36.9,False
2386,300957,贝泰妮,32.04,-1.69,0.74,51.44,32.383097844287,0.1826424,64.58808459,-1031,2790,76.8,2026-08-17,-1.06,49.6,False
2387,300958,建工修复,11.94,-0.67,1.09,-22.25,11.856558846758,0.2226536,59.20701007,899,4246,63.6,2026-08-17,0.7,37.7,False
2388,300959,线上线下,99.18,-4.37,2.98,-927.13,101.498899527029,0.2233044,60.31612637,35,3981,68.0,2026-08-17,-2.28,41.0,False
2389,300960,通业科技,16.3,-1.21,0.48,-49.19,16.351588125866,0.087166,66.9000604,2023,2078,63.2,2026-08-17,-0.32,42.3,False
2390,300961,深水海纳,11.99,-1.72,1.3,-20.11,12.114241304199,0.202676,58.49755552,98,4398,66.8,2026-08-17,-1.03,39.1,False
2391,300962,中金辐照,13.32,-1.7,0.4,37.2,13.484240458478,0.2044704,68.8054291,-93,1526,64.8,2026-08-17,-1.22,44.6,False
2392,300963,中洲特材,11.77,-2.4,1.23,70.2,11.959062148619,0.1877432,57.13128638,-241,4656,73.2,2026-08-17,-1.58,41.8,False
2393,300964,本川智能,59.92,-2.81,3.08,134.06,60.107848227585,0.3048704,69.77850904,1165,1303,68.4,2026-08-17,-0.31,47.7,False
2394,300965,恒宇信通,46.17,-1.56,1.73,-204.22,45.948729448347,0.1394528,63.78210084,1289,3033,64.4,2026-08-17,0.48,41.1,False
2395,300966,共同药业,26.42,-0.9,1.07,238.06,26.560115929204,0.1166944,58.79309247,520,4336,65.2,2026-08-17,-0.53,38.3,False
2396,300967,晓鸣股份,17.04,3.52,8.75,864.95,16.389975379756,0.242208,65.43983487,2243,2542,67.2,2026-08-17,3.97,44.0,False
2397,300968,格林精密,10.56,-2.58,1.17,-24.22,10.792160033619,0.172384,56.46279144,-2199,4753,70.4,2026-08-17,-2.15,39.7,False
2398,300969,恒帅股份,78.5,-1.05,1.51,80.21,78.256007917058,0.2371048,69.04282208,1326,1465,68.4,2026-08-17,0.31,47.2,False
2399,300970,华绿生物,21.66,20.0,7.77,7.82,17.847808154861,0.1329948,77.2400659,1686,183,62.4,2026-08-17,21.36,48.2,False
2400,300971,博亚精工,19.1,-1.19,1.1,46.0,19.188876292097,0.0809124,65.00352901,-620,2674,63.6,2026-08-17,-0.46,41.3,False
2401,300972,万辰集团,203.61,0.7,0.34,15.95,199.736646807984,0.2646052,72.25667933,-380,781,70.8,2026-08-17,1.94,51.2,False
2402,300973,立高食品,26.55,3.03,3.4,17.56,25.577965665716,0.2296768,64.75838331,-1736,2741,68.8,2026-08-17,3.8,44.6,False
2403,300975,商络电子,27.9,-3.63,7.06,18.67,28.396226238135,0.3417508,79.19309539,-4,87,85.6,2026-08-17,-1.75,67.8,False
2404,300976,达瑞电子,58.8,-2.33,2.23,33.86,59.47974384357,0.2782904,79.91478869,4,56,64.8,2026-08-17,-1.14,51.8,False
2405,300977,深圳瑞捷,15.96,-1.85,0.54,-175.44,16.167329306307,0.1207864,61.00817613,1121,3802,63.2,2026-08-17,-1.28,38.6,False
2406,300978,东箭科技,8.72,-1.8,0.53,28.84,8.786534489206,0.2579144,67.55955732,649,1882,68.8,2026-08-17,-0.76,46.5,False
2407,300979,华利集团,34.53,1.53,0.12,26.23,33.82509464595,0.1413468,75.41448187,-189,340,71.6,2026-08-17,2.08,54.0,False
2408,300980,祥源新材,23.13,-2.16,3.27,46.1,23.308070393659,0.188756,69.06368134,2717,1458,64.4,2026-08-17,-0.76,44.5,False
2409,300981,中红医疗,14.98,-2.28,1.85,325.77,15.3523132833,0.1546216,57.60994448,-527,4570,74.8,2026-08-17,-2.43,43.1,False
2410,300982,苏文电能,15.06,-2.59,0.88,-92.02,15.4192216396,0.156768,51.38157145,-62,5142,64.0,2026-08-17,-2.33,32.9,False
2411,300983,尤安设计,39.33,-1.11,0.31,-2026.05,39.323848342688,0.1830424,54.02744696,-642,5011,64.4,2026-08-17,0.02,34.8,False
2412,300984,金沃股份,34.83,0.23,1.2,114.39,34.683202481024,0.2033284,59.07897211,232,4274,62.4,2026-08-17,0.42,36.9,False
2413,300985,致远新能,41.71,-0.22,1.52,172.88,41.409873102147,0.2644344,67.14822712,-799,2012,76.8,2026-08-17,0.72,51.6,False
2414,300986,志特新材,12.88,-2.42,5.23,48.15,13.117491727987,0.2668528,65.32426062,130,2584,78.4,2026-08-17,-1.81,51.2,False
2415,300987,川网传媒,13.41,-1.32,0.89,267.74,13.468684525427,0.0930628,62.41537303,-631,3436,64.8,2026-08-17,-0.44,40.4,False
2416,300988,津荣天宇,14.88,-3.06,1.03,24.02,15.127508195315,0.1792864,64.28077658,-913,2882,66.8,2026-08-17,-1.64,42.9,False
2417,300989,蕾奥规划,14.09,-0.77,1.06,-25.07,13.948158185299,0.1928132,53.94603947,-285,5018,68.8,2026-08-17,1.02,37.1,False
2418,300990,同飞股份,75.32,-3.68,4.48,53.94,76.806262040849,0.2845208,74.28168816,-351,473,71.2,2026-08-17,-1.94,52.9,False
2419,300991,创益通,28.68,-3.11,1.17,-160.58,29.229410876133,0.1004612,59.35663201,-385,4204,65.2,2026-08-17,-1.88,38.7,False
2420,300992,泰福泵业,24.98,-1.73,0.73,-65.74,25.079020810878,0.1227656,60.8737325,66,3850,64.0,2026-08-17,-0.39,39.0,False
2421,300993,玉马科技,10.0,-0.6,0.52,27.65,10.000416428683,0.1946248,62.10708034,-67,3514,63.2,2026-08-17,-0.0,39.3,False
2422,300994,久祺股份,11.2,-1.32,0.7,38.24,11.306787172647,0.0912364,67.87898215,-116,1793,64.4,2026-08-17,-0.94,43.7,False
2423,300995,奇德新材,26.56,-1.59,0.63,89.06,26.752752076148,0.0619128,61.59171292,374,3653,62.8,2026-08-17,-0.72,38.7,False
2424,300996,普联软件,16.41,-4.26,9.67,275.92,16.966008010149,0.281245849057,62.33209978,-169,3456,79.2,2026-08-17,-3.28,49.4,False
2425,300997,欢乐家,18.21,0.83,3.03,53.29,17.899439462924,0.1993732,62.6543649,-442,3358,80.0,2026-08-17,1.74,50.1,False
2426,300998,宁波方正,26.19,-0.61,1.2,362.91,26.167932579315,0.2665632,54.12834603,-104,5002,62.0,2026-08-17,0.08,33.6,False
2427,300999,金龙鱼,25.66,2.8,2.61,30.32,24.987006319244,0.3322536,65.96494095,-445,2366,81.6,2026-08-17,2.69,53.8,False
2428,301000,肇民科技,25.71,-1.04,0.79,58.34,25.750839974269,0.1696644,62.38217939,470,3445,65.6,2026-08-17,-0.16,40.9,False
2429,301001,凯淳股份,23.86,-1.32,0.98,1078.3,24.030813330688,0.0892816,54.68572581,-805,4963,64.8,2026-08-17,-0.71,35.4,False
2430,301002,崧盛股份,30.2,-2.17,4.23,66.61,30.464926190641,0.2228432,69.67454352,1227,1331,64.0,2026-08-17,-0.87,44.6,False
2431,301003,江苏博云,53.52,-0.8,0.85,46.36,53.386413938175,0.2680092,61.96180325,-775,3552,64.0,2026-08-17,0.25,39.7,False
2432,301004,嘉益股份,33.91,-1.45,0.28,20.13,34.472836355692,0.0918824,69.21212512,-508,1431,64.4,2026-08-17,-1.63,44.6,False
2433,301005,超捷股份,87.84,-1.11,2.72,290.09,86.776596849656,0.347216,72.57973212,514,718,81.6,2026-08-17,1.23,59.2,False
2434,301006,迈拓股份,13.72,-0.8,0.71,142.63,13.724578892633,0.0410336,65.37046686,-532,2564,62.8,2026-08-17,-0.03,41.1,False
2435,301007,德迈仕,28.34,-2.85,1.38,122.57,28.9269937804,0.3075728,57.93900782,-385,4521,70.8,2026-08-17,-2.03,41.0,False
2436,301008,宏昌科技,42.4,3.62,11.49,966.59,40.261340405638,0.3744288,70.15736229,1505,1207,77.6,2026-08-17,5.31,54.4,False
2437,301009,可靠股份,9.06,-1.52,0.76,327.57,9.119205561952,0.0479836,64.44741107,1112,2839,64.8,2026-08-17,-0.65,41.8,False
2438,301010,晶雪节能,17.34,-1.48,0.69,214.55,17.497626736984,0.0594036,59.93488034,203,4052,64.4,2026-08-17,-0.9,38.6,False
2439,301011,华立科技,15.18,-0.78,0.98,-55.92,15.13506760617,0.0754004,70.36814736,1713,1160,66.0,2026-08-17,0.3,46.4,False
2440,301012,扬电科技,25.41,-4.26,2.52,60.88,26.234322249419,0.2216952,61.9058476,-742,3567,76.4,2026-08-17,-3.14,47.3,False
2441,301013,利和兴,47.63,1.53,13.08,863.32,45.950261367322,0.3291212,54.68984302,-2353,4960,87.6,2026-08-17,3.66,47.9,False
2442,301015,百洋医药,26.83,-1.4,1.67,28.45,26.656258993157,0.3447316,78.32605475,-112,124,78.4,2026-08-17,0.65,61.4,False
2443,301016,雷尔伟,12.49,-1.65,0.4,367.07,12.650358473488,0.11303,57.34788991,-146,4615,65.6,2026-08-17,-1.27,37.6,False
2444,301017,漱玉平民,13.81,-0.65,2.28,135.2,13.882627026338,0.2318384,67.35210451,-903,1950,72.0,2026-08-17,-0.52,48.5,False
2445,301018,申菱环境,95.09,-5.08,3.27,314.34,96.910462981619,0.4144152,76.05352698,524,277,84.8,2026-08-17,-1.88,64.5,False
2446,301019,宁波色母,14.99,-1.64,0.57,25.36,15.223426576623,0.0987704,60.60237395,171,3915,61.2,2026-08-17,-1.53,37.1,False
2447,301020,密封科技,21.19,-0.75,0.44,25.86,21.245510018629,0.2431508,65.26093705,-959,2601,60.8,2026-08-17,-0.26,39.7,False
2448,301021,英诺激光,79.44,4.8,6.52,263.5,74.313394777115,0.3169716,77.22835451,-95,185,74.4,2026-08-17,6.9,57.5,False
2449,301022,海泰科,23.05,-1.41,0.73,-106.78,23.258671133198,0.10639,57.95647962,307,4516,62.8,2026-08-17,-0.9,36.4,False
2450,301023,奕帆传动,30.1,-1.05,1.42,53.5,30.10162454506,0.1395764,59.94395441,159,4049,64.0,2026-08-17,-0.01,38.4,False
2451,301024,霍普股份,31.61,-1.34,0.69,-26.24,32.02945232927,0.0465452,50.54396828,-26,5165,61.6,2026-08-17,-1.31,31.1,False
2452,301025,读客文化,9.11,0.55,4.31,166.74,8.982702373534,0.1517492,62.60918122,-266,3376,74.8,2026-08-17,1.42,46.8,False
2453,301026,浩通科技,22.17,-6.02,6.22,19.15,23.014759784536,0.2655268,73.44255946,3142,579,73.2,2026-08-17,-3.67,53.8,False
2454,301027,华蓝集团,20.5,-1.77,2.51,-91.96,20.947940534584,0.344774,55.54867089,136,4862,64.8,2026-08-17,-2.14,36.0,False
2455,301028,鼎熔岩,13.08,-1.73,0.75,21.67,13.212843560873,0.1454636,70.83142023,1114,1064,60.0,2026-08-17,-1.01,42.5,False
2456,301029,怡合达,26.84,-1.65,0.74,33.04,26.988030501879,0.259666,69.1192651,326,1448,64.0,2026-08-17,-0.55,44.2,False
2457,301030,*ST仕净,8.57,-1.72,1.59,-3.69,8.69884641323,0.2254908,51.0566899,-896,5155,62.8,2026-08-17,-1.48,32.1,False
2458,301031,中熔电气,92.87,-1.6,0.76,29.8,92.717804869771,0.249704,78.25517457,186,128,65.2,2026-08-17,0.16,51.0,False
2459,301032,新柴股份,10.01,-1.77,0.81,29.81,10.120009290917,0.0991444,62.16572748,112,3500,62.8,2026-08-17,-1.09,39.0,False
2460,301033,迈普医学,55.6,0.34,1.25,45.01,55.564626631912,0.2268168,69.81991254,-446,1292,65.6,2026-08-17,0.06,45.8,False
2461,301035,润丰股份,53.44,2.08,0.26,29.46,51.756378525853,0.1169224,73.83883701,1353,530,63.6,2026-08-17,3.25,47.0,False
2462,301036,双乐股份,22.28,-0.58,0.51,-103.87,22.333845417237,0.0720048,65.54561988,1679,2510,66.4,2026-08-17,-0.24,43.5,False
2463,301037,保立佳,13.01,-0.84,1.41,-17.39,13.146962113244,0.0428696,54.03559065,-809,5010,62.4,2026-08-17,-1.04,33.7,False
2464,301038,深水规院,16.39,-0.79,0.47,-26.52,16.450232958411,0.1069008,56.24362628,-125,4773,65.6,2026-08-17,-0.37,36.9,False
2465,301039,中集车辆,7.84,0.9,0.48,23.41,7.735259269284,0.152098,70.11140346,495,1219,68.8,2026-08-17,1.35,48.2,False
2466,301040,中环海陆,27.29,-3.47,1.31,-26.38,28.104873598076,0.3331576,63.64257785,-577,3079,67.2,2026-08-17,-2.9,42.8,False
2467,301041,金百泽,26.45,-2.04,3.72,-3941.81,26.382716632758,0.1386504,67.40659847,1300,1932,64.8,2026-08-17,0.26,43.7,False
2468,301042,安联锐视,34.71,-1.45,2.59,74.68,34.559074659994,0.1925044,58.30700272,217,4442,72.4,2026-08-17,0.44,42.2,False
2469,301043,绿岛风,43.64,-2.55,0.55,39.17,43.8318114241,0.106756,62.0874547,-1228,3518,62.0,2026-08-17,-0.44,38.5,False
2470,301045,天禄科技,70.88,-2.33,2.74,202.61,70.576572997166,0.3743512,76.96004363,63,204,68.4,2026-08-17,0.43,52.6,False
2471,301046,能辉科技,20.28,-1.46,0.81,-177.1,20.256239106869,0.1670684,61.49745312,558,3676,61.6,2026-08-17,0.12,37.9,False
2472,301047,义翘神州,123.48,-11.48,8.66,116.8,129.991024028961,0.3947072,75.0708201,-162,387,85.2,2026-08-17,-5.01,64.0,False
2473,301048,金鹰重工,9.04,-0.77,0.24,25.56,9.04659417825,0.1446312,68.03988696,940,1739,63.2,2026-08-17,-0.07,43.0,False
2474,301049,超越科技,20.01,-1.82,1.19,-26.56,20.171986870792,0.073358,58.2229368,-720,4461,64.4,2026-08-17,-0.8,37.5,False
2475,301050,雷电微力,31.48,-2.33,0.72,-35.75,31.943341635391,0.158654,60.30126509,47,3985,68.8,2026-08-17,-1.45,41.5,False
2476,301051,信濠光电,21.81,-1.89,2.51,-28.36,21.847443656658,0.2481684,58.05481489,664,4496,74.4,2026-08-17,-0.17,43.2,False
2477,301052,果麦文化,23.77,-1.57,2.82,-28.9,23.932267753131,0.1145796,59.14334402,-184,4268,69.6,2026-08-17,-0.68,41.2,False
2478,301053,远信工业,42.17,-2.86,2.91,82.37,42.855409979117,0.4474424,62.46677734,-258,3420,66.8,2026-08-17,-1.6,41.7,False
2479,301055,张小泉,30.53,-1.36,1.13,40.83,30.68610328271,0.2572112,66.29983832,411,2263,59.6,2026-08-17,-0.51,39.5,False
2480,301056,森赫股份,11.27,-2.59,0.83,74.63,11.437717903029,0.155946,67.16971767,215,2007,64.8,2026-08-17,-1.47,43.5,False
2481,301057,汇隆新材,21.92,-0.45,1.27,39.27,21.69387934649,0.1206004,61.7109525,1276,3629,62.8,2026-08-17,1.04,38.8,False
2482,301058,中粮科工,9.06,4.74,3.63,31.75,8.577444622256,0.2847136,77.26309043,1461,180,67.6,2026-08-17,5.63,52.2,False
2483,301059,金三江,11.4,-1.47,0.46,29.04,11.454746086004,0.08915,62.18749269,20,3493,60.8,2026-08-17,-0.48,37.8,False
2484,301060,兰卫医学,12.58,-3.82,10.86,34.12,12.832486953424,0.2820692,74.07444939,-317,496,82.8,2026-08-17,-1.97,61.3,False
2485,301061,匠心家居,34.39,-1.12,0.37,14.69,34.644652992678,0.1255792,71.81839537,663,847,65.2,2026-08-17,-0.74,46.8,False
2486,301062,上海艾录,6.78,-2.73,2.47,86.87,6.968860915317,0.115358,55.17896483,234,4909,62.4,2026-08-17,-2.71,34.4,False
2487,301063,海锅股份,17.97,-1.21,0.5,71.45,18.061869777305,0.0576552,64.00085914,218,2976,63.2,2026-08-17,-0.51,40.4,False
2488,301065,本立科技,19.21,-1.89,0.75,48.08,19.374521276719,0.1281744,67.28644658,357,1970,63.6,2026-08-17,-0.85,42.8,False
2489,301066,万事利,12.24,-0.41,1.34,48.21,12.237511044677,0.0745212,63.01317546,796,3258,63.2,2026-08-17,0.02,39.8,False
2490,301067,显盈科技,30.34,-2.35,2.17,-117.99,31.040604828423,0.176464,53.56913983,-368,5048,68.8,2026-08-17,-2.26,36.9,False
2491,301068,大地海洋,28.63,-2.69,0.44,74.35,29.086834732126,0.1108928,61.06704247,-863,3787,66.0,2026-08-17,-1.57,40.3,False
2492,301069,凯盛新材,16.91,-4.57,1.71,40.66,17.336425233831,0.2906124,71.01899877,2726,1010,66.4,2026-08-17,-2.46,47.2,False
2493,301070,开勒股份,67.41,-1.5,1.81,-300.41,67.461921410861,0.3963344,59.48966381,-733,4166,61.6,2026-08-17,-0.08,36.6,False
2494,301071,力量钻石,63.86,-2.01,6.56,90.19,64.301584117544,0.3340752,78.09195211,1276,136,80.0,2026-08-17,-0.69,62.5,False
2495,301072,中捷精工,41.31,3.98,2.61,-101.7,38.605300367957,0.25024,66.84735363,-537,2100,66.4,2026-08-17,7.01,44.4,False
2496,301073,君亭酒店,18.23,0.28,1.51,131.88,18.065656412649,0.113014,60.44907701,-1948,3947,68.8,2026-08-17,0.91,41.6,False
2497,301075,多瑞医药,55.21,-2.77,0.41,-79.05,55.756684482123,0.1870516,58.1961103,221,4466,63.2,2026-08-17,-0.98,36.8,False
2498,301076,新瀚新材,22.31,-2.06,1.08,80.84,22.48395495863,0.1133732,61.2917767,336,3721,67.6,2026-08-17,-0.77,41.4,False
2499,301077,星华新材,22.2,-3.65,3.27,28.79,22.95599668599,0.2276584,66.68136423,-1153,2150,73.6,2026-08-17,-3.29,49.1,False
2500,301078,孩子王,7.26,0.0,0.58,47.21,7.176780069334,0.1663056,68.39340926,887,1646,68.8,2026-08-17,1.16,47.1,False
2501,301079,邵阳液压,29.61,-1.33,1.67,260.4,29.761161779835,0.1344352,55.94301368,262,4816,66.0,2026-08-17,-0.51,36.9,False
2502,301080,百普赛斯,90.69,-5.41,10.8,82.19,90.952274302937,0.3669292,75.18069931,-217,372,83.6,2026-08-17,-0.29,62.9,False
2503,301081,严牌股份,12.45,-3.11,0.84,246.05,12.763464351203,0.1586596,59.67475832,-66,4116,59.2,2026-08-17,-2.46,35.3,False
2504,301082,久盛电气,10.09,-2.79,1.91,-108.99,10.317991713823,0.178564,57.63195967,-489,4567,76.0,2026-08-17,-2.21,43.8,False
2505,301083,百胜智能,14.2,-0.56,1.2,140.91,14.15009118541,0.1085524,67.72601076,574,1825,64.0,2026-08-17,0.35,43.3,False
2506,301085,亚康股份,61.64,-3.93,3.32,56.36,62.845668324672,0.2398496,67.34563067,-1099,1953,80.8,2026-08-17,-1.92,54.4,False
2507,301086,鸿富瀚,128.48,0.59,2.48,104.11,125.837992540313,0.3419544,75.48296789,500,338,67.6,2026-08-17,2.1,51.0,False
2508,301087,可孚医疗,49.98,-1.98,0.41,27.54,50.229696556848,0.1600936,75.77875532,88,311,70.8,2026-08-17,-0.5,53.7,False
2509,301088,戎美股份,12.58,-1.72,0.29,52.31,12.716671361965,0.1386036,61.05760423,-167,3789,64.4,2026-08-17,-1.07,39.3,False
2510,301089,拓新药业,24.81,-1.94,1.35,-74.68,25.224206100737,0.199128,56.01067379,-249,4806,75.2,2026-08-17,-1.64,42.1,False
2511,301090,华润材料,6.62,0.3,0.29,116.46,6.56523632389,0.2316972,62.44168039,630,3426,64.4,2026-08-17,0.83,40.2,False
2512,301091,深城交,18.74,-1.94,0.45,128.18,18.994835479139,0.1108072,64.76435268,2,2739,76.0,2026-08-17,-1.34,49.2,False
2513,301092,争光股份,47.81,-0.91,3.14,90.94,46.949120976565,0.2493396,67.24503988,1919,1978,65.6,2026-08-17,1.83,44.1,False
2514,301093,华兰股份,79.76,-3.11,0.83,6970.97,81.223206339711,0.407672,67.09625675,1211,2025,67.2,2026-08-17,-1.8,45.1,False
2515,301095,广立微,78.34,-3.43,1.96,-366.02,78.799092728473,0.3003668,76.91607298,330,208,73.2,2026-08-17,-0.58,56.3,False
2516,301096,百诚医药,49.88,-1.25,1.67,106.31,49.70154109398,0.2396036,64.57766002,-1156,2793,74.0,2026-08-17,0.36,47.8,False
2517,301097,天益医疗,35.13,-1.87,0.77,77.11,35.43630046715,0.0759236,58.01588086,-671,4499,61.2,2026-08-17,-0.86,35.5,False
2518,301098,金埔园林,8.63,-2.82,1.82,-29.15,8.807643307645,0.2161624,52.99478975,-548,5075,62.4,2026-08-17,-2.02,33.1,False
2519,301099,雅创电子,52.57,-1.74,3.89,36.29,52.419310462474,0.2860112,77.36519138,-11,172,68.4,2026-08-17,0.29,52.9,False
2520,301100,风光股份,16.32,-1.98,0.7,-77.99,16.56891363673,0.1300408,61.10093305,142,3776,62.0,2026-08-17,-1.5,37.9,False
2521,301101,明月镜片,29.27,-0.95,0.33,26.26,29.347370778551,0.0936196,69.49566076,-123,1369,66.8,2026-08-17,-0.26,46.4,False
2522,301102,兆讯传媒,9.94,1.43,0.37,176.19,9.682959986145,0.093172,69.06045338,1882,1459,62.4,2026-08-17,2.65,43.1,False
2523,301103,何氏眼科,16.83,-2.09,1.15,20.34,17.119343662042,0.0865908,61.13645927,-1259,3762,68.8,2026-08-17,-1.69,42.1,False
2524,301105,鸿铭股份,46.98,-2.17,1.45,-150.61,48.109375,0.1413016,52.14110151,-133,5117,62.4,2026-08-17,-2.35,32.5,False
2525,301106,骏成科技,21.18,20.0,3.87,93.64,17.345101330422,0.0701496,68.6612775,1536,1568,60.4,2026-08-17,22.11,41.5,True
2526,301107,瑜欣电子,20.58,-0.96,1.7,56.59,20.550014788443,0.2007616,62.43677101,728,3431,62.8,2026-08-17,0.15,39.2,False
2527,301108,洁雅股份,37.13,-2.01,0.93,101.75,37.738738884676,0.1437556,64.57292687,473,2797,66.8,2026-08-17,-1.61,43.1,False
2528,301109,军信股份,13.51,-0.22,0.25,12.13,13.466162297753,0.091368,67.22151836,-1161,1987,64.4,2026-08-17,0.33,43.3,False
2529,301110,青木科技,36.94,-2.79,2.02,28.4,37.876172098869,0.2982348,63.75093123,-1733,3043,68.4,2026-08-17,-2.47,43.6,False
2530,301111,粤万年青,22.2,8.08,8.41,-268.55,20.275346569454,0.1886864,53.5482773,-171,5049,60.8,2026-08-17,9.49,32.6,False
2531,301112,信邦智能,31.53,-0.85,0.37,493.52,31.61369146564,0.1552336,53.99077072,-59,5014,68.8,2026-08-17,-0.26,37.1,False
2532,301113,雅艺科技,16.5,-1.02,0.92,-187.45,16.51666292122,0.0813572,60.29787359,-409,3988,62.0,2026-08-17,-0.1,37.4,False
2533,301115,联检科技,33.48,0.9,1.42,-47.4,32.900951605915,0.3381264,66.14345925,-606,2305,66.8,2026-08-17,1.76,44.2,False
2534,301116,益客食品,9.71,1.46,2.78,34.77,9.502879736487,0.1280108,61.43158706,-1180,3691,70.8,2026-08-17,2.18,43.5,False
2535,301117,佳缘科技,19.12,-3.77,3.59,-35.76,19.461200838187,0.1734512,57.13894552,328,4652,70.4,2026-08-17,-1.75,40.2,False
2536,301118,恒光股份,22.77,-0.78,0.98,26.12,22.748871740317,0.1029888,65.6916929,932,2457,64.0,2026-08-17,0.09,42.0,False
2537,301119,正强股份,21.85,-1.44,0.84,31.18,21.995125418569,0.1307808,59.82813846,-2319,4073,68.8,2026-08-17,-0.66,41.2,False
2538,301120,新特电气,15.48,-3.07,2.46,-769.29,15.768214464772,0.1878576,57.1831533,-192,4648,72.0,2026-08-17,-1.83,41.2,False
2539,301121,紫建电子,36.3,-1.65,0.54,-205.92,36.681686800168,0.19366,64.08242169,-1490,2955,71.2,2026-08-17,-1.04,45.6,False
2540,301122,采纳股份,34.49,-5.01,3.4,80.41,35.196122246592,0.2177792,71.40593406,1764,927,70.4,2026-08-17,-2.01,50.3,False
2541,301123,奕东电子,78.11,-3.81,4.53,482.82,79.573293955328,0.3136712,73.22107147,-290,609,75.6,2026-08-17,-1.84,55.4,False
2542,301125,腾亚精工,13.07,-1.58,0.83,-32.62,13.183159471251,0.1340136,50.0323985,-23,5175,60.8,2026-08-17,-0.86,30.4,False
2543,301126,达嘉维康,10.13,-2.41,1.46,87.21,10.27336250366,0.0938188,64.89037315,-1167,2709,67.2,2026-08-17,-1.4,43.6,False
2544,301127,武汉天源,18.85,3.91,7.66,71.03,17.545631528086,0.5067496,71.82917558,2480,843,67.6,2026-08-17,7.43,48.6,False
2545,301128,强瑞技术,118.51,0.25,2.68,99.65,116.397724862917,0.379304,71.87065621,-221,835,75.2,2026-08-17,1.81,54.0,False
2546,301129,瑞纳智能,26.46,20.0,15.54,155.2,21.937413184478,0.1439664,66.38765054,-1340,2231,73.6,2026-08-17,20.62,48.9,False
2547,301130,西点药业,28.17,-6.81,10.77,58.65,30.511401403433,0.2637076,70.46763639,-621,1136,75.6,2026-08-17,-7.67,53.3,False
2548,301131,聚赛龙,33.92,-1.4,0.82,50.06,34.10568893233,0.1218648,65.73903974,1822,2436,62.8,2026-08-17,-0.54,41.3,False
2549,301132,满坤科技,37.3,-2.79,4.15,76.19,37.072475035969,0.1988088,69.57085416,608,1355,70.8,2026-08-17,0.61,49.3,False
2550,301133,金钟股份,30.06,5.18,2.74,136.04,28.171095868976,0.144066,57.45069863,-685,4597,64.4,2026-08-17,6.71,37.0,False
2551,301135,瑞德智能,16.66,-1.01,0.66,-149.17,16.785394967404,0.0878372,60.31860059,619,3980,64.8,2026-08-17,-0.75,39.1,False
2552,301136,招标股份,11.56,-1.11,1.67,147.59,11.601264971592,0.0994708,58.12190265,313,4480,64.8,2026-08-17,-0.36,37.7,False
2553,301137,哈焊华通,34.51,-1.32,1.1,230.99,34.620638695344,0.2300276,65.77726205,1512,2423,74.8,2026-08-17,-0.32,49.2,False
2554,301138,华研精机,27.3,-1.69,0.65,78.44,27.469531691265,0.146294,68.93741483,1957,1497,62.8,2026-08-17,-0.62,43.3,False
2555,301139,*ST元道,3.95,0.25,13.72,152.46,3.896695772803,0.1290844,49.33763413,7,5183,68.0,2026-08-17,1.37,33.5,False
2556,301141,中科磁业,42.68,-0.61,3.73,214.29,42.558492642383,0.2219936,56.77498207,-3015,4710,75.2,2026-08-17,0.29,42.7,False
2557,301148,嘉戎技术,51.8,-1.82,1.05,785.61,52.541313032527,0.2495668,58.0061894,-303,4501,69.2,2026-08-17,-1.41,40.1,False
2558,301149,隆华新材,7.95,-0.63,0.8,23.8,7.980711387911,0.1878176,64.27263106,469,2889,62.4,2026-08-17,-0.38,40.1,False
2559,301150,中一科技,40.79,-3.25,3.33,46.63,41.522915596706,0.2724552,68.96046881,-231,1487,80.0,2026-08-17,-1.77,55.2,False
2560,301151,冠龙节能,16.91,-3.09,0.96,-109.94,17.305375772,0.1060096,59.26549899,361,4228,58.4,2026-08-17,-2.28,34.6,False
2561,301152,天力锂能,19.62,-3.02,3.0,68.91,20.02482493278,0.1076836,53.79971708,-24,5032,69.6,2026-08-17,-2.02,37.4,False
2562,301153,中科江南,17.15,-2.39,0.52,-60.83,17.362985675284,0.1658792,70.12515137,617,1212,66.0,2026-08-17,-1.23,46.3,False
2563,301155,海力风电,45.41,-1.22,1.52,184.26,45.746226539289,0.2245272,64.69164145,-1423,2756,70.8,2026-08-17,-0.73,45.8,False
2564,301156,美农生物,12.82,9.11,9.43,43.86,11.688064896483,0.1699168,69.56795111,2099,1356,63.6,2026-08-17,9.68,44.2,False
2565,301157,华塑科技,62.52,-1.25,2.45,95.92,62.305685464268,0.1654376,63.31198803,234,3178,61.6,2026-08-17,0.34,39.0,False
2566,301158,德石股份,17.19,2.32,7.5,53.02,16.625240043507,0.2371964,71.1937146,-428,970,79.2,2026-08-17,3.4,56.4,False
2567,301159,三维天地,32.98,-3.14,2.16,-41.53,33.52880030635,0.1588196,64.37136325,-1100,2862,73.6,2026-08-17,-1.64,47.4,False
2568,301160,翔楼新材,45.08,-1.72,2.68,39.38,45.006033548666,0.3243128,75.50383391,-176,335,73.6,2026-08-17,0.16,55.6,False
2569,301161,唯万密封,29.12,-1.82,2.67,29.85,29.130737843674,0.1748232,61.58598682,740,3655,62.0,2026-08-17,-0.04,38.2,False
2570,301162,国能日新,40.59,1.07,1.39,54.03,39.38693198102,0.1569904,66.89236768,-1423,2086,66.0,2026-08-17,3.05,44.1,False
2571,301163,宏德股份,23.36,-1.52,0.76,141.04,23.476765189046,0.0404776,62.66219852,495,3355,63.6,2026-08-17,-0.5,39.9,False
2572,301165,锐捷网络,140.0,-5.41,1.66,112.3,144.228089903044,0.421182,76.33805798,-149,254,92.4,2026-08-17,-2.93,70.5,False
2573,301166,优宁维,29.25,-3.15,2.13,-74.16,30.030856492027,0.1627212,59.41230165,-2792,4185,69.6,2026-08-17,-2.6,41.4,False
2574,301167,建研设计,13.95,-0.99,0.83,37.76,13.97067534963,0.1083436,63.82890014,454,3020,64.0,2026-08-17,-0.15,40.9,False
2575,301168,通灵股份,41.85,-0.92,0.45,481.79,41.981937686726,0.3407148,56.94951619,-869,4687,62.8,2026-08-17,-0.31,35.8,False
2576,301169,零点有数,53.35,-3.04,1.17,-58.13,54.369883623107,0.1872572,66.33828237,1789,2251,66.0,2026-08-17,-1.88,43.8,False
2577,301170,锡南科技,23.06,-1.58,0.96,24.39,23.304341140969,0.0700776,67.06481306,-1175,2036,63.6,2026-08-17,-1.05,42.7,False
2578,301171,易点天下,37.44,-4.56,7.27,-91.11,37.596455773736,0.3433784,72.97946275,1452,653,87.6,2026-08-17,-0.42,63.9,False
2579,301172,君逸数码,18.15,-3.41,1.41,457.22,18.55338574769,0.144976,67.10767342,653,2020,65.2,2026-08-17,-2.17,43.8,False
2580,301173,毓恬冠佳,32.58,-1.36,1.23,39.72,32.581130739265,0.1303972,68.76943155,212,1537,63.6,2026-08-17,-0.0,43.7,False
2581,301175,中科环保,5.4,-1.1,1.3,17.45,5.449520200467,0.2462264,67.46135369,-545,1914,66.4,2026-08-17,-0.91,44.8,False
2582,301176,逸豪新材,49.53,-3.54,2.28,222.93,50.208568709649,0.2456824,64.74080707,867,2746,63.2,2026-08-17,-1.35,40.9,False
2583,301177,迪阿股份,22.89,-1.89,0.07,60.94,23.084531912169,0.0345452,61.85555796,-635,3584,61.2,2026-08-17,-0.84,37.9,False
2584,301178,天亿马,37.11,0.3,1.52,950.1,36.629658712968,0.248644,69.42875412,-11,1386,65.2,2026-08-17,1.31,45.3,False
2585,301179,泽宇智能,20.39,-1.73,0.55,80.95,20.451583097437,0.2283768,67.89496064,1567,1786,66.0,2026-08-17,-0.3,44.8,False
2586,301180,万祥科技,11.71,-2.01,1.17,-1136.73,11.792609442262,0.062166,58.44687588,229,4405,62.8,2026-08-17,-0.7,36.7,False
2587,301181,标榜股份,22.85,-1.47,0.82,33.37,23.07069950003,0.1720232,65.2427234,-1383,2610,64.8,2026-08-17,-0.96,42.3,False
2588,301182,凯旺科技,71.75,-3.47,1.68,-48.05,73.008537676352,0.345436,56.27231857,-105,4771,71.2,2026-08-17,-1.72,40.1,False
2589,301183,东田微,212.89,-1.3,4.72,98.02,211.292146138031,0.413654,80.02864133,195,51,77.2,2026-08-17,0.76,61.8,False
2590,301185,鸥玛软件,16.31,-1.75,0.53,163.47,16.440251703157,0.0868992,64.39696633,-819,2852,68.8,2026-08-17,-0.79,44.3,False
2591,301186,超达装备,35.45,-2.15,0.48,63.74,36.46438528308,0.1924176,60.42831878,-1781,3953,62.8,2026-08-17,-2.78,37.9,False
2592,301187,欧圣电气,15.1,-0.98,0.55,86.56,15.06050089182,0.0781164,59.34030697,706,4213,66.8,2026-08-17,0.26,39.6,False
2593,301188,力诺药包,43.95,0.39,6.64,71.69,42.635680886534,0.4036284,70.61297694,1,1109,70.4,2026-08-17,3.08,49.7,False
2594,301189,奥尼电子,53.92,-2.19,1.9,134.79,53.134467999162,0.2699712,70.25110185,508,1189,63.2,2026-08-17,1.48,44.4,False
2595,301190,善水科技,18.18,-0.71,1.81,25.7,18.119725953344,0.1466832,59.79487446,-828,4084,68.4,2026-08-17,0.33,40.9,False
2596,301191,菲菱科思,97.17,-4.27,5.29,122.75,100.173426060002,0.311224,67.32109746,-46,1960,74.0,2026-08-17,-3.0,49.8,False
2597,301192,泰祥股份,20.06,-1.57,1.12,52.91,20.109280125811,0.068046,68.40915756,1014,1641,63.2,2026-08-17,-0.25,43.2,False
2598,301193,家联科技,18.13,-2.47,0.87,-11.07,18.610025200663,0.2532008,57.65802969,-420,4564,61.2,2026-08-17,-2.58,35.3,False
2599,301195,北路智控,26.69,-1.62,0.56,33.16,26.879908480933,0.138146,62.66470135,-1764,3353,63.6,2026-08-17,-0.71,39.9,False
2600,301196,唯科科技,91.57,-3.96,4.34,52.68,92.254207119771,0.3624004,78.82338694,51,105,65.2,2026-08-17,-0.74,51.4,False
2601,301197,工大科雅,24.89,-0.92,0.8,-105.47,24.964218643802,0.1649604,56.63304232,186,4731,60.8,2026-08-17,-0.3,34.4,False
2602,301198,喜悦智行,12.44,-2.2,0.94,-4391.58,12.692394347911,0.095062,52.99893701,-108,5074,61.2,2026-08-17,-1.99,32.4,False
2603,301199,迈赫股份,18.59,-0.27,0.39,45.67,18.52292097737,0.0748068,63.96004936,1459,2987,64.4,2026-08-17,0.36,41.2,False
2604,301200,大族数控,308.74,2.61,0.67,116.88,296.399987171289,0.3932908,80.80374387,84,36,78.0,2026-08-17,4.16,63.0,False
2605,301201,诚达药业,36.92,-1.28,3.68,203.94,36.739944404261,0.2218144,65.6249094,679,2478,76.4,2026-08-17,0.49,50.1,False
2606,301202,朗威股份,38.28,6.19,4.15,73.78,35.283818866735,0.1376604,65.99756169,-646,2353,68.0,2026-08-17,8.49,44.9,False
2607,301203,国泰环保,34.46,-2.19,0.75,37.06,34.763482599432,0.1485408,63.62936382,-1214,3085,62.8,2026-08-17,-0.87,40.0,False
2608,301205,联特科技,297.91,-2.03,5.0,3180.87,298.777225262601,0.5141084,70.61143825,903,1110,83.2,2026-08-17,-0.29,58.7,False
2609,301206,三元生物,24.52,1.41,1.27,47.53,24.138036852043,0.16025,65.41420043,549,2549,66.0,2026-08-17,1.58,43.2,False
2610,301207,华兰疫苗,17.85,-1.16,0.36,71.78,18.021690873617,0.2072388,67.67979072,565,1844,67.6,2026-08-17,-0.95,45.8,False
2611,301208,中亦科技,30.21,-0.95,1.54,78.75,30.315038028981,0.131792,65.91277863,-1057,2385,65.6,2026-08-17,-0.35,43.2,False
2612,301209,联合化学,60.07,-1.61,2.93,525.06,60.148874218894,0.4023644,68.78360901,393,1533,72.8,2026-08-17,-0.13,50.1,False
2613,301210,金杨精密,25.91,-3.32,3.53,40.99,26.083252927408,0.1477304,70.688051,1731,1092,66.0,2026-08-17,-0.66,46.7,False
2614,301211,亨迪药业,12.13,-2.49,2.89,137.38,12.364029234298,0.2232276,70.94940229,328,1022,69.6,2026-08-17,-1.89,49.4,False
2615,301212,联盛化学,22.83,-1.04,0.46,101.2,22.905264191914,0.05665,57.26419805,-623,4629,62.4,2026-08-17,-0.33,35.7,False
2616,301213,观想科技,44.6,-2.73,1.17,178.78,45.067446420174,0.2090256,67.58364689,2061,1877,70.8,2026-08-17,-1.04,47.8,False
2617,301215,中汽股份,5.18,-0.96,0.23,36.73,5.186421597339,0.2372136,71.97768895,306,818,66.4,2026-08-17,-0.12,47.8,False
2618,301216,万凯新材,17.4,-0.91,1.01,6.63,17.317336853693,0.224564,70.82671322,2044,1065,70.8,2026-08-17,0.48,50.1,False
2619,301217,铜冠铜箔,123.51,-6.59,4.03,240.7,126.922273200513,0.4224004,77.18750089,-42,187,93.2,2026-08-17,-2.69,71.9,False
2620,301218,华是科技,45.18,1.16,10.05,-436.62,44.557124178735,0.4064916,67.60101411,668,1871,74.8,2026-08-17,1.4,50.6,False
2621,301219,腾远钴业,48.54,-2.28,1.63,8.75,49.109538654997,0.308922,75.11763773,651,380,81.2,2026-08-17,-1.16,61.0,False
2622,301220,亚香股份,28.0,-0.6,0.69,50.14,28.083895482306,0.1217384,61.35222935,256,3705,61.6,2026-08-17,-0.3,37.8,False
2623,301221,光庭信息,28.25,-2.55,0.92,-264.34,28.697100971215,0.0962816,58.78024379,360,4339,66.0,2026-08-17,-1.56,38.8,False
2624,301222,浙江恒威,24.84,-2.24,0.56,33.8,25.142437811514,0.1073756,60.96533571,332,3822,58.0,2026-08-17,-1.2,35.4,False
2625,301223,中荣股份,16.69,-1.36,0.2,18.85,16.832096357227,0.1014316,62.99732361,-1279,3261,62.0,2026-08-17,-0.84,39.1,False
2626,301225,恒勃股份,61.08,-2.32,2.29,82.73,62.112971196525,0.1731396,68.20962984,-512,1706,67.6,2026-08-17,-1.66,46.1,False
2627,301226,祥明智能,30.51,-2.24,0.93,860.48,31.003190426356,0.2277628,60.47069182,68,3942,64.0,2026-08-17,-1.59,38.7,False
2628,301227,森鹰窗业,25.44,-0.39,0.88,-39.62,25.171628342246,0.193672,62.66201108,1242,3356,64.8,2026-08-17,1.07,40.6,False
2629,301228,实朴检测,59.96,-1.83,1.17,-413.94,60.877744655221,0.388074,48.18414517,-86,5192,62.8,2026-08-17,-1.51,30.3,False
2630,301229,纽泰格,12.32,-1.12,0.95,-57.68,12.370061495061,0.076328,56.63115758,191,4733,63.6,2026-08-17,-0.4,36.0,False
2631,301230,泓博医药,36.92,-2.87,6.53,70.23,37.484834914089,0.2379828,60.3888545,-1179,3961,86.4,2026-08-17,-1.51,52.2,False
2632,301231,荣信文化,27.56,-2.61,2.61,-48.81,27.717078657477,0.1775712,56.9898022,19,4678,69.6,2026-08-17,-0.57,39.7,False
2633,301232,飞沃科技,115.39,-0.59,2.7,673.45,114.517837907498,0.2965128,67.0124821,-788,2052,69.2,2026-08-17,0.76,46.4,False
2634,301233,盛帮股份,33.65,-0.85,0.86,31.56,33.815531215283,0.1285692,62.33631732,-1462,3455,64.4,2026-08-17,-0.49,40.1,False
2635,301234,五洲医疗,94.0,-0.05,5.68,198.49,93.761614446662,0.345488333333,65.82592048,-409,2410,78.0,2026-08-17,0.25,51.3,False
2636,301235,华康洁净,49.57,-3.09,14.06,-98.84,49.15007487755,0.3324696,70.92209688,853,1031,72.4,2026-08-17,0.85,51.3,False
2637,301236,软通动力,37.8,-3.18,1.78,-27.96,38.76670014746,0.3036644,68.81131587,617,1524,76.4,2026-08-17,-2.49,52.6,False
2638,301237,和顺科技,55.92,-0.89,1.09,287.17,55.712448521826,0.2399936,57.43524049,173,4601,60.8,2026-08-17,0.37,34.9,False
2639,301238,瑞泰新材,16.52,-2.59,0.59,23.98,16.816657159641,0.2427764,59.64791377,-218,4121,72.8,2026-08-17,-1.76,43.4,False
2640,301239,普瑞眼科,35.1,-2.15,1.04,18.58,35.701122459129,0.1653968,68.38946581,279,1648,72.8,2026-08-17,-1.68,49.8,False
2641,301246,宏源药业,21.39,-1.84,2.04,14.82,21.523315175987,0.2373684,69.75316066,1502,1308,65.6,2026-08-17,-0.62,45.8,False
2642,301248,杰创智能,65.58,-3.2,2.78,-177.15,66.650816752249,0.3737624,64.94540246,-1229,2691,76.0,2026-08-17,-1.61,49.4,False
2643,301251,威尔高,46.81,-1.27,6.79,99.64,46.846431144717,0.2411808,62.17973228,-1441,3496,74.8,2026-08-17,-0.08,46.5,False
2644,301252,同星科技,33.9,0.12,0.94,65.02,33.308783573908,0.2017808,71.88330224,111,831,65.6,2026-08-17,1.77,47.2,False
2645,301255,通力科技,20.91,-1.27,0.41,118.41,21.044341946691,0.113082,57.55937434,262,4578,63.2,2026-08-17,-0.64,36.4,False
2646,301256,华融化学,10.49,-1.78,0.42,81.29,10.590131123574,0.1197932,69.059085,2067,1460,63.6,2026-08-17,-0.95,43.9,False
2647,301257,普蕊斯,51.2,-1.77,3.36,84.1,51.670857594476,0.215774,63.53826947,-1265,3111,69.2,2026-08-17,-0.91,44.0,False
2648,301258,富士莱,26.4,-2.22,0.55,-218.6,26.853061679907,0.1406196,60.4961847,-638,3937,65.6,2026-08-17,-1.69,39.7,False
2649,301259,艾布鲁,24.07,-3.33,2.08,141.06,24.906304279688,0.3165416,58.14690611,-2228,4475,64.8,2026-08-17,-3.36,37.7,False
2650,301260,格力博,13.93,-0.29,0.5,12.41,13.987044495616,0.0892844,58.80533492,515,4333,64.0,2026-08-17,-0.41,37.6,False
2651,301261,恒工精密,59.8,-0.66,1.04,25.45,59.594448593357,0.2229432,67.79397168,1440,1807,69.2,2026-08-17,0.34,46.9,False
2652,301262,海看股份,19.88,-1.09,4.29,23.04,19.767718314445,0.2474652,77.18689948,1303,188,69.2,2026-08-17,0.57,53.4,False
2653,301263,泰恩康,20.51,1.33,2.55,1407.5,20.157365635197,0.2572688,62.73143581,-373,3330,64.0,2026-08-17,1.75,40.1,False
2654,301265,华新科技,20.92,-3.73,2.08,49.0,21.144441730595,0.2483884,64.5960652,482,2787,62.0,2026-08-17,-1.06,40.0,False
2655,301266,宇邦新材,21.93,-2.1,0.93,24.55,22.231429745374,0.1655988,67.92782307,1691,1775,64.4,2026-08-17,-1.36,43.7,False
2656,301267,华厦眼科,16.01,-1.66,0.34,19.59,16.293037580211,0.1250288,70.04036408,-933,1235,67.2,2026-08-17,-1.74,47.1,False
2657,301268,铭利达,13.47,-1.75,0.4,245.14,13.558834902771,0.1413,61.32350597,1173,3709,63.2,2026-08-17,-0.66,38.8,False
2658,301269,华大九天,97.79,-1.39,0.7,-183.47,98.116716012153,0.3649504,67.48475991,1538,1907,82.4,2026-08-17,-0.33,55.6,False
2659,301270,汉仪股份,33.03,-1.52,1.54,-451.85,33.439003339277,0.2468084,61.2398516,-1308,3734,71.2,2026-08-17,-1.22,43.6,False
2660,301272,英华特,34.3,-1.18,0.93,-405.68,34.423567522087,0.1429044,65.57917873,1593,2500,62.4,2026-08-17,-0.36,40.9,False
2661,301273,瑞晨环保,42.69,-2.38,5.04,-58.61,42.766254414668,0.3893392,62.81903974,-1686,3306,71.6,2026-08-17,-0.18,45.0,False
2662,301275,汉朔科技,42.07,-1.31,0.69,24.58,42.355854041654,0.2472412,67.61849837,-406,1865,64.8,2026-08-17,-0.67,43.8,False
2663,301276,嘉曼服饰,21.98,-2.57,2.58,14.16,22.172056648795,0.1030976,65.84421677,1301,2403,59.2,2026-08-17,-0.87,39.0,False
2664,301277,新天地,10.85,-0.82,0.86,29.46,10.887069451539,0.1366196,61.18565532,-2026,3749,64.8,2026-08-17,-0.34,39.6,False
2665,301278,快可电子,27.82,-1.42,0.9,110.57,27.90801985784,0.1165444,64.38022338,1628,2860,62.4,2026-08-17,-0.32,40.2,False
2666,301279,金道科技,21.06,-3.04,1.01,58.13,21.140004288602,0.200796,66.02704741,1661,2346,69.2,2026-08-17,-0.38,45.7,False
2667,301280,珠城科技,42.97,-0.72,0.71,36.48,42.938648211827,0.2176352,67.88607313,-233,1791,61.2,2026-08-17,0.07,41.5,False
2668,301281,科源制药,44.36,0.25,1.53,39.93,43.933814942357,0.1653452,61.44195199,-550,3688,66.4,2026-08-17,0.97,40.8,False
2669,301282,金禄电子,39.42,12.08,19.73,74.73,32.597785194281,0.3724076,69.58609082,1056,1350,80.0,2026-08-17,20.93,55.7,False
2670,301283,聚胶股份,26.3,-0.79,0.53,19.23,26.383629714441,0.1619304,69.76324734,722,1307,62.8,2026-08-17,-0.32,43.8,False
2671,301285,鸿日达,89.0,1.15,0.68,-265.71,85.20031545349,0.3246236,67.87431089,952,1794,61.6,2026-08-17,4.46,41.8,False
2672,301286,侨源股份,45.06,4.09,1.66,73.91,42.742879831611,0.1756088,67.99730008,-479,1756,60.4,2026-08-17,5.42,41.1,False
2673,301287,康力源,40.4,-3.79,6.9,77.71,41.31447733439,0.2087864,73.21097911,-163,614,70.8,2026-08-17,-2.21,51.8,False
2674,301288,清研环境,17.21,-0.86,0.63,-43.51,17.266101726845,0.1827152,58.95059426,565,4296,61.6,2026-08-17,-0.32,36.3,False
2675,301289,国缆检测,43.85,-1.24,0.25,33.89,44.109157943925,0.1426872,63.77517047,-332,3035,64.4,2026-08-17,-0.59,41.1,False
2676,301290,东星医疗,29.24,-2.7,2.13,40.87,29.911435978522,0.2977692,65.98493139,-628,2359,64.4,2026-08-17,-2.24,42.5,False
2677,301291,明阳电气,41.68,-0.05,7.11,133.2,40.508454118263,0.3476972,70.96860286,1731,1016,74.4,2026-08-17,2.89,52.8,False
2678,301292,海科新源,70.53,-4.56,10.72,19.51,70.870770302505,0.343192,68.59753772,-166,1594,78.8,2026-08-17,-0.48,54.1,False
2679,301293,三博脑科,55.0,-4.01,3.37,188.39,56.578353758049,0.2971764,65.34812174,-990,2572,88.4,2026-08-17,-2.79,57.8,True
2680,301295,美硕科技,46.86,-0.72,6.15,58.36,47.247590829948,0.2808476,63.2951768,1352,3183,63.2,2026-08-17,-0.82,40.0,False
2681,301296,新巨丰,6.38,-1.39,0.32,113.16,6.42884490526,0.0912936,63.16946251,532,3219,62.4,2026-08-17,-0.76,39.4,False
2682,301297,富乐德,37.09,-1.09,1.58,66.44,36.867148118122,0.3248208,75.89131733,444,294,82.0,2026-08-17,0.6,62.2,False
2683,301298,东利机械,12.78,-1.01,0.69,108.18,12.792611616404,0.0400136,65.62354345,1615,2479,62.0,2026-08-17,-0.1,40.7,False
2684,301299,卓创资讯,43.7,-2.87,1.32,35.57,44.420739212833,0.1382108,69.54876453,1792,1360,65.6,2026-08-17,-1.62,45.6,False
2685,301300,远翔新材,32.46,0.12,1.52,41.9,32.227285003928,0.0977388,64.72765676,1165,2748,62.4,2026-08-17,0.72,40.4,False
2686,301301,川宁生物,9.21,3.95,3.52,46.42,8.827484212308,0.2318612,66.47090426,-554,2201,73.2,2026-08-17,4.33,48.7,False
2687,301302,华如科技,23.17,-2.65,1.24,-54.52,23.543468929917,0.1267588,55.72155763,-119,4846,66.0,2026-08-17,-1.59,36.8,False
2688,301303,真兰仪表,14.32,-1.04,1.29,27.17,14.403690382358,0.186968,62.95936322,-1143,3265,61.2,2026-08-17,-0.58,38.5,False
2689,301305,朗坤科技,24.57,-2.23,3.2,15.5,24.889931979209,0.3405308,77.17209232,234,189,67.2,2026-08-17,-1.29,51.9,False
2690,301306,西测测试,99.88,-2.28,2.16,-54.18,99.621848068875,0.24306,54.38685597,139,4986,67.6,2026-08-17,0.26,36.8,False
2691,301307,美利信,54.84,-3.45,4.29,-53.94,54.91451168212,0.311668,63.17816992,1535,3211,66.8,2026-08-17,-0.14,42.2,False
2692,301308,江波龙,411.02,-1.97,4.15,8.35,416.099163733591,0.5481076,76.87428795,-85,211,94.8,2026-08-17,-1.22,72.9,False
2693,301309,万得凯,31.64,1.38,1.54,24.42,30.245548294337,0.1923044,65.02639006,75,2667,63.6,2026-08-17,4.61,41.4,False
2694,301310,鑫宏业,56.36,0.05,7.33,72.81,54.06933620856,0.2992108,64.25466629,55,2893,65.2,2026-08-17,4.24,41.9,False
2695,301311,昆船智能,13.5,-1.75,0.45,-31.9,13.70327732942,0.1159444,56.03282189,28,4804,66.0,2026-08-17,-1.48,37.0,False
2696,301312,智立方,73.54,-1.29,5.86,215.05,72.802887565198,0.2699736,73.50675384,-268,573,71.2,2026-08-17,1.01,52.3,False
2697,301313,凡拓数创,37.56,-1.55,4.28,-38.65,37.59745000372,0.1760904,61.09370531,875,3781,65.2,2026-08-17,-0.1,39.8,False
2698,301314,科瑞思,43.65,-0.98,1.82,589.88,43.792218697962,0.1145192,60.53305245,-1424,3933,62.4,2026-08-17,-0.32,37.8,False
2699,301315,威士顿,41.68,-2.39,1.97,99.49,42.445216870745,0.209366,65.05722498,-472,2660,79.6,2026-08-17,-1.8,51.8,False
2700,301316,慧博云通,41.66,1.61,1.84,548.48,41.055265729533,0.4270528,69.25628613,-1251,1422,76.0,2026-08-17,1.47,52.6,False
2701,301317,鑫磊股份,45.97,-2.32,2.01,-93.04,46.371135085427,0.1804004,55.75954706,-378,4839,60.8,2026-08-17,-0.87,33.9,False
2702,301318,维海德,20.51,-2.1,0.59,177.05,20.779083719354,0.1298336,60.42053467,-1537,3954,66.4,2026-08-17,-1.29,40.1,False
2703,301319,唯特偶,132.57,7.61,10.91,232.2,119.367516261525,0.4375888,78.76832532,77,109,76.0,2026-08-17,11.06,59.9,False
2704,301320,豪江智能,13.07,-1.13,0.74,287.81,13.151242491324,0.0953756,57.28716407,191,4626,64.0,2026-08-17,-0.62,36.7,False
2705,301321,翰博高新,39.07,0.28,2.01,394.93,38.526374668299,0.2149484,65.59415164,-1221,2496,65.2,2026-08-17,1.41,42.8,False
2706,301322,绿通科技,39.43,-2.18,1.58,-500.62,40.0979654664,0.27168,61.95109599,-201,3556,62.4,2026-08-17,-1.67,38.7,False
2707,301323,新莱福,75.54,-2.95,1.01,49.41,77.258263319656,0.2319328,69.4770245,-447,1374,61.2,2026-08-17,-2.22,42.5,False
2708,301325,曼恩斯特,30.96,-1.56,0.52,-27.19,31.343832901339,0.1097696,55.72703315,184,4845,65.6,2026-08-17,-1.22,36.6,False
2709,301326,捷邦科技,108.31,-3.2,1.72,-131.86,109.117292857143,0.2736632,69.54192497,-25,1362,68.8,2026-08-17,-0.74,47.8,False
2710,301327,华宝新能,44.07,-2.11,0.33,135.63,44.836891723924,0.0989836,58.98658063,-904,4290,64.8,2026-08-17,-1.71,38.2,False
2711,301328,维峰电子,62.49,-1.15,1.13,134.01,62.425120903241,0.3031932,69.85027783,-921,1282,70.8,2026-08-17,0.1,49.5,False
2712,301329,信音电子,19.69,-1.99,1.92,40.63,19.872267992946,0.1547064,65.24731142,990,2605,60.4,2026-08-17,-0.92,39.4,False
2713,301330,熵基科技,24.46,-1.89,0.43,113.81,24.648236417158,0.133278,64.66233524,203,2771,66.8,2026-08-17,-0.76,43.2,False
2714,301331,恩威医药,22.4,-0.36,1.0,46.08,22.345641664333,0.1255828,61.96670639,-755,3549,65.2,2026-08-17,0.24,40.4,False
2715,301332,德尔玛,7.73,-1.9,0.82,40.96,7.832739080634,0.167236,55.93293629,-31,4819,64.0,2026-08-17,-1.31,35.8,False
2716,301333,诺思格,62.65,-1.73,1.72,66.27,62.632636888538,0.2365632,73.19585201,675,620,74.8,2026-08-17,0.03,54.8,False
2717,301335,天元宠物,22.58,-3.91,3.28,54.27,24.078188651679,0.2105532,71.70286303,2250,865,67.2,2026-08-17,-6.22,48.2,False
2718,301336,趣睡科技,42.91,-1.96,1.96,68.99,43.746777328761,0.257872,56.66798362,-69,4722,71.2,2026-08-17,-1.91,40.3,False
2719,301337,亚华电子,25.67,-2.25,0.53,-76.18,26.103430372743,0.1653176,55.87530222,-852,4826,64.4,2026-08-17,-1.66,36.0,False
2720,301338,凯格精机,104.73,-1.97,2.37,60.02,104.840188534315,0.2789152,77.68987608,644,158,70.4,2026-08-17,-0.11,54.7,False
2721,301339,通行宝,11.11,-2.46,0.47,30.56,11.408029008887,0.1217312,66.68509014,663,2149,66.4,2026-08-17,-2.61,44.3,False
2722,301345,涛涛车业,264.0,-2.58,1.63,40.82,263.772477539684,0.3407188,74.75019327,292,428,68.0,2026-08-17,0.09,50.8,False
2723,301348,蓝箭电子,21.91,-2.06,4.74,-163.6,22.151889907296,0.1929804,58.08741891,-1847,4489,80.8,2026-08-17,-1.09,46.9,False
2724,301349,信德新材,46.7,-0.68,2.31,53.13,46.558148079439,0.2641612,72.947934,-128,662,67.2,2026-08-17,0.3,49.0,False
2725,301353,普莱得,19.23,-1.64,1.64,41.55,19.256287601742,0.088374,67.20570111,37,1993,64.4,2026-08-17,-0.14,43.3,False
2726,301355,南王科技,10.09,-1.56,0.94,258.13,10.174834355675,0.0977648,55.29591334,-83,4897,62.8,2026-08-17,-0.83,34.7,False
2727,301356,天振股份,19.74,-1.6,0.55,27.57,19.881157706268,0.14805,63.31203449,609,3177,61.6,2026-08-17,-0.71,39.0,False
2728,301357,北方长龙,102.22,-1.85,2.8,-195.35,103.940106010501,0.281178,64.02194475,-1190,2968,85.6,2026-08-17,-1.65,54.8,False
2729,301358,湖南裕能,70.72,-2.59,1.46,11.05,71.197208974018,0.4282364,79.45479781,112,76,84.8,2026-08-17,-0.67,67.4,False
2730,301359,东南电子,16.8,-1.29,0.95,97.87,16.901021321209,0.039428,65.69099007,1495,2458,62.8,2026-08-17,-0.6,41.3,False
2731,301360,荣旗科技,54.9,-1.05,2.26,-1738.32,54.497408348328,0.2156304,63.19062339,-1077,3210,64.8,2026-08-17,0.74,40.9,False
2732,301361,众智科技,27.51,-2.72,1.44,38.64,28.017570152062,0.11186,61.10421992,-418,3775,63.2,2026-08-17,-1.81,38.6,False
2733,301362,民爆光电,135.06,-1.97,4.36,222.67,135.405889997131,0.2949616,67.23095833,26,1985,62.0,2026-08-17,-0.26,41.7,False
2734,301363,美好医疗,17.53,0.34,2.8,56.12,17.240201748958,0.163724,67.02496453,56,2047,70.4,2026-08-17,1.68,47.2,False
2735,301365,矩阵股份,38.93,-2.7,2.77,-114.18,40.463620893897,0.3654708,62.3798623,-2723,3446,73.2,2026-08-17,-3.79,45.7,False
2736,301366,一博科技,55.92,-2.34,6.33,91.79,56.448825169462,0.3525744,72.88958852,520,672,80.8,2026-08-17,-0.94,58.9,False
2737,301367,瑞迈特,46.27,-1.85,0.96,37.71,47.015752399906,0.2563576,65.60951324,-1392,2485,67.6,2026-08-17,-1.59,44.4,False
2738,301368,丰立智能,43.51,0.48,1.45,4980.37,42.790832299692,0.2086196,61.88963343,1341,3572,72.0,2026-08-17,1.68,44.6,False
2739,301369,联动科技,145.46,-0.84,2.33,1089.63,145.785655078778,0.248916,63.88239672,350,3006,74.0,2026-08-17,-0.22,47.3,False
2740,301370,国科恒泰,9.03,-1.31,0.42,853.98,9.12999288748,0.1022316,61.98115022,-924,3545,66.0,2026-08-17,-1.1,40.9,False
2741,301371,敷尔佳,26.2,0.85,2.39,19.86,25.355937971023,0.104126,69.29307861,1809,1416,66.0,2026-08-17,3.33,45.7,False
2742,301372,科净源,29.31,-0.44,1.4,87.56,29.244899246158,0.160632,48.19037641,-9,5191,60.4,2026-08-17,0.22,29.1,False
2743,301373,凌玮科技,106.23,-2.99,5.44,75.25,106.660084936185,0.3215428,76.02206512,-185,282,72.8,2026-08-17,-0.4,55.3,False
2744,301376,致欧科技,20.54,-1.77,0.59,27.49,20.849619156037,0.1242304,66.2089736,-1455,2284,69.2,2026-08-17,-1.49,45.8,False
2745,301377,鼎泰高科,468.3,1.17,2.95,190.52,458.550985202121,0.3324496,81.45618466,354,30,79.6,2026-08-17,2.13,64.8,False
2746,301378,通达海,25.48,-2.49,2.36,-14.99,25.872825784578,0.08753,53.37057682,-160,5055,67.6,2026-08-17,-1.52,36.1,False
2747,301379,天山电子,23.87,-2.73,6.8,84.03,24.00625903151,0.3063672,77.21249054,326,186,70.4,2026-08-17,-0.57,54.4,False
2748,301380,挖金客,31.92,-2.56,1.66,71.49,32.007989676217,0.3189852,72.46046912,1540,741,65.6,2026-08-17,-0.27,47.5,False
2749,301381,赛维时代,23.3,0.52,0.53,55.64,22.947671776233,0.2431916,68.97947073,315,1480,64.8,2026-08-17,1.54,44.7,False
2750,301382,蜂助手,44.3,-3.42,2.82,87.22,45.107725030327,0.3526956,71.3433444,296,946,82.4,2026-08-17,-1.79,58.8,False
2751,301383,天键股份,22.44,-2.52,1.2,-26.59,22.846555838346,0.0626152,58.5418073,-705,4391,64.4,2026-08-17,-1.78,37.7,False
2752,301386,未来电器,20.48,-2.1,1.79,47.53,20.874124978874,0.1453876,61.82544563,-788,3595,63.2,2026-08-17,-1.89,39.1,False
2753,301387,光大同创,59.28,-2.61,2.71,-1008.02,59.996643990465,0.1813156,62.38670732,-1891,3440,62.8,2026-08-17,-1.19,39.2,False
2754,301388,欣灵电气,23.99,-1.92,0.55,124.0,24.299905538858,0.0651604,59.60025355,442,4130,62.8,2026-08-17,-1.28,37.4,False
2755,301389,隆扬电子,56.13,-4.56,1.94,147.77,56.651615958248,0.3201384,73.30043531,-31,597,68.4,2026-08-17,-0.92,50.1,False
2756,301390,经纬股份,30.83,-1.19,0.72,-107.07,31.059629776596,0.0641416,61.06985171,-297,3786,63.2,2026-08-17,-0.74,38.6,False
2757,301391,卡莱特,49.06,-2.17,0.57,185.89,49.323583581292,0.1000012,58.43406691,-1825,4409,63.6,2026-08-17,-0.53,37.2,False
2758,301392,汇成真空,178.01,0.26,5.41,161.87,174.20188860987,0.2832856,70.62998567,1871,1106,72.0,2026-08-17,2.19,50.9,False
2759,301393,昊帆生物,67.83,-2.35,2.49,54.76,68.514698451936,0.168516,64.86433475,-319,2716,71.2,2026-08-17,-1.0,46.2,False
2760,301395,仁信新材,13.46,6.57,3.61,-8.13,12.460199213819,0.1577324,63.32723312,1110,3172,64.4,2026-08-17,8.02,40.8,False
2761,301396,宏景科技,213.9,-5.97,8.25,379.84,216.580094985133,0.464424,76.00273284,-184,283,92.0,2026-08-17,-1.24,69.9,False
2762,301397,溯联股份,27.56,-1.32,3.84,66.01,27.185331361924,0.3134064,72.16228624,1832,800,65.2,2026-08-17,1.38,47.0,False
2763,301398,星源卓镁,35.04,-1.07,0.47,-62.68,34.962627258733,0.1564624,56.4320497,194,4757,64.8,2026-08-17,0.22,36.6,False
2764,301399,英特科技,17.54,-1.57,2.09,-289.81,17.656743774996,0.1635072,60.83721113,-271,3864,66.4,2026-08-17,-0.66,40.4,False
2765,301408,华人健康,16.57,-1.89,4.01,20.88,16.815264764087,0.218064,68.68525195,-1157,1561,77.6,2026-08-17,-1.46,53.3,False
2766,301413,安培龙,70.1,-5.27,8.11,725.09,70.58156044718,0.304296,70.34396964,2011,1168,74.0,2026-08-17,-0.68,52.1,False
2767,301418,协昌科技,38.28,-1.97,2.05,82.68,38.558350436833,0.1982004,58.24021706,679,4458,58.0,2026-08-17,-0.72,33.8,False
2768,301419,阿莱德,39.35,-5.29,11.29,119.24,40.980720795602,0.3023432,66.01047465,-2220,2349,80.8,2026-08-17,-3.98,53.3,False
2769,301421,波长光电,81.75,-1.06,7.44,163.97,81.745178901509,0.2345596,63.98882827,-154,2980,82.0,2026-08-17,0.01,52.5,False
2770,301428,世纪恒通,29.28,-2.17,2.62,43.82,29.58519030874,0.1941656,60.3750347,-2282,3968,68.4,2026-08-17,-1.03,41.3,False
2771,301429,森泰股份,17.12,-1.21,1.56,31.87,17.231154603644,0.0336808,62.97696804,-392,3264,63.2,2026-08-17,-0.65,39.8,False
2772,301439,泓淋电力,15.37,-0.19,3.1,29.18,15.239656258976,0.2551896,62.66569594,-2133,3351,66.8,2026-08-17,0.86,41.9,False
2773,301446,福事特,37.9,-0.97,1.24,42.16,38.046296516748,0.2340424,66.65212136,-792,2157,62.8,2026-08-17,-0.38,41.9,False
2774,301448,开创电气,43.21,-4.47,1.69,-906.74,46.184610563287,0.337748,64.7336256,-1418,2747,68.0,2026-08-17,-6.44,44.0,False
2775,301449,天溯计量,41.88,6.86,12.81,252.51,39.063391950596,0.170816,64.33638124,-220,2871,70.0,2026-08-17,7.21,45.0,False
2776,301456,盘古智能,23.25,-2.19,0.75,49.89,23.578158487789,0.0950304,64.28451733,-769,2880,64.4,2026-08-17,-1.39,41.4,False
2777,301458,钧崴电子,39.84,-2.11,4.56,71.88,39.920566166317,0.353496,71.65259784,-356,875,65.2,2026-08-17,-0.2,46.7,False
2778,301459,丰茂股份,35.42,-10.53,12.13,42.5,38.678991538481,0.222208,70.50283447,2830,1130,70.8,2026-08-17,-8.43,49.9,False
2779,301468,博盈特焊,35.52,-1.36,3.36,191.7,35.089724346032,0.2352436,68.06665631,2871,1733,59.6,2026-08-17,1.23,40.6,False
2780,301469,恒达新材,28.87,-1.47,0.96,25.8,29.119044918788,0.0664888,67.78551876,-400,1811,62.4,2026-08-17,-0.86,42.3,False
2781,301479,弘景光电,53.02,-4.47,3.61,64.71,54.950331246155,0.3074112,76.27566153,-158,258,72.8,2026-08-17,-3.51,55.5,False
2782,301486,致尚科技,177.01,-3.0,4.05,-938.62,180.186062604487,0.4402972,74.26084334,-129,475,78.0,2026-08-17,-1.76,57.9,False
2783,301487,盟固利,16.5,-1.55,1.09,95.44,16.543481705578,0.1580444,60.98898724,88,3810,71.2,2026-08-17,-0.26,43.4,False
2784,301488,豪恩汽电,105.5,-1.03,1.55,171.15,104.557047803504,0.2624504,63.63243076,396,3084,67.6,2026-08-17,0.9,43.0,False
2785,301489,思泉新材,114.76,-4.05,6.22,125.79,117.918977320464,0.3263332,67.19602214,-1667,1996,81.6,2026-08-17,-2.68,54.8,False
2786,301491,汉桑科技,40.35,-1.99,1.17,44.63,40.762399608362,0.1667676,67.35570102,-1273,1949,64.8,2026-08-17,-1.01,43.6,False
2787,301498,乖宝宠物,40.43,-0.64,1.39,32.77,40.508877649732,0.211006,68.27920214,-500,1691,74.8,2026-08-17,-0.19,51.1,False
2788,301499,维科精密,25.27,-1.52,0.56,67.05,25.376965034409,0.083142,63.24324909,469,3195,63.6,2026-08-17,-0.42,40.2,False
2789,301500,飞南资源,23.66,-3.15,3.73,8.19,23.952839004028,0.2614728,69.06440053,2271,1457,65.6,2026-08-17,-1.22,45.3,False
2790,301501,恒鑫生活,30.83,-4.34,8.39,35.3,31.96189054635,0.271522,77.86950705,348,150,69.2,2026-08-17,-3.54,53.9,False
2791,301502,华阳智能,53.0,-2.57,1.33,82.18,53.434336655903,0.0703344,58.9499983,678,4298,59.6,2026-08-17,-0.81,35.1,False
2792,301503,智迪科技,21.78,-1.31,0.66,124.31,22.008852440497,0.0869548,62.2112819,-1212,3484,63.6,2026-08-17,-1.04,39.6,False
2793,301505,苏州规划,16.4,-1.56,0.85,198.08,16.488242659844,0.0930604,58.23172095,190,4460,62.0,2026-08-17,-0.54,36.1,False
2794,301507,民生健康,13.29,-2.42,3.67,18.87,13.528960274464,0.178208,76.21450582,1644,271,65.6,2026-08-17,-1.77,50.0,False
2795,301508,中机认检,23.85,-0.83,0.64,43.18,23.878368140616,0.2179068,67.23173454,1033,1982,65.2,2026-08-17,-0.12,43.8,False
2796,301509,金凯生科,32.26,-1.5,4.07,58.37,32.635679248002,0.1974692,59.88667329,-3286,4062,75.2,2026-08-17,-1.15,45.0,False
2797,301510,固高科技,28.52,1.6,2.38,130.7,27.524699778053,0.227908,70.55111772,1630,1124,65.6,2026-08-17,3.62,46.3,False
2798,301511,德福科技,97.01,-3.95,4.93,103.83,98.308419024874,0.4007388,78.57638694,31,116,88.4,2026-08-17,-1.32,69.5,False
2799,301512,智信精密,31.66,-0.97,0.99,-22.88,31.596411322601,0.0712308,60.88582662,-403,3847,62.0,2026-08-17,0.2,37.7,False
2800,301513,尚水智能,50.45,-2.17,3.55,42.85,51.247198082974,0.2220696,68.95352866,-144,1490,63.2,2026-08-17,-1.56,43.6,False
2801,301515,港通医疗,19.54,-0.26,0.99,-736.94,19.457360697609,0.171412,64.1914511,578,2912,63.2,2026-08-17,0.42,40.6,False
2802,301516,中远通,21.0,8.7,30.17,-180.02,17.844360828036,0.2607836,71.45639966,1724,916,64.4,2026-08-17,17.68,46.0,False
2803,301517,陕西华达,41.25,-1.81,1.16,-97.52,41.500218909226,0.1686816,58.84856593,314,4323,66.8,2026-08-17,-0.6,39.3,False
2804,301518,长华化学,25.91,-1.26,2.04,74.67,25.914517366214,0.1302564,62.4160352,-1467,3435,68.8,2026-08-17,-0.02,42.9,False
2805,301519,舜禹股份,12.07,-0.49,1.58,-32.41,12.02773561666,0.0723812,61.50132076,1108,3675,63.2,2026-08-17,0.35,38.9,False
2806,301520,万邦医药,77.14,-9.31,23.45,-6863.76,84.048761637409,0.28284,56.87287692,-246,4697,85.2,2026-08-17,-8.22,48.5,False
2807,301522,上大股份,23.45,-2.21,0.64,70.94,23.717476874174,0.1371148,60.66434084,377,3900,67.2,2026-08-17,-1.13,40.8,False
2808,301525,儒竞科技,41.2,-2.0,0.84,129.83,41.838343331698,0.185172,57.74440311,-396,4548,62.8,2026-08-17,-1.53,36.3,False
2809,301526,国际复材,37.45,-2.6,5.87,130.67,37.929931969473,0.3977024,67.16775117,-339,2008,92.4,2026-08-17,-1.27,62.1,False
2810,301528,多浦乐,56.03,0.29,1.86,-3386.4,55.361848541266,0.2285176,58.42998297,151,4410,60.0,2026-08-17,1.21,35.1,False
2811,301529,福赛科技,103.89,-2.72,2.21,100.07,103.889709779659,0.3563864,79.23697498,713,84,75.6,2026-08-17,0.0,59.9,False
2812,301531,春光集团,53.51,-2.14,3.75,99.02,53.971751164193,0.262796,71.55657813,96,895,68.0,2026-08-17,-0.86,48.7,False
2813,301533,威马农机,27.87,1.12,3.72,84.58,27.18117268643,0.0997996,67.74616715,2174,1820,65.2,2026-08-17,2.53,44.2,False
2814,301535,浙江华远,15.11,-2.52,0.68,58.82,15.481464919948,0.0658964,59.59500371,-909,4131,66.8,2026-08-17,-2.4,39.8,False
2815,301536,星宸科技,126.33,-2.58,3.65,60.48,126.924632155336,0.4015368,70.70910366,-560,1086,82.8,2026-08-17,-0.47,58.5,False
2816,301538,骏鼎达,39.52,-2.11,2.47,30.35,39.952113928366,0.169392,72.46537155,1326,740,61.6,2026-08-17,-1.08,44.6,False
2817,301539,宏鑫科技,14.8,-1.46,0.75,-37.23,14.919191067731,0.1102572,55.03492663,165,4927,63.2,2026-08-17,-0.8,34.8,False
2818,301548,崇德科技,66.0,-1.48,3.03,36.72,65.765832958401,0.213458,69.01526367,-399,1471,63.2,2026-08-17,0.36,43.6,False
2819,301550,斯菱智驱,87.23,-3.76,3.73,186.4,89.301342172339,0.3308748,73.31645021,1180,596,82.8,2026-08-17,-2.32,60.7,False
2820,301551,无线传媒,20.48,-2.98,2.7,29.56,20.903432229658,0.20307,65.587622,-679,2497,72.0,2026-08-17,-2.03,47.2,False
2821,301552,科力装备,25.49,0.31,3.26,31.26,25.236294520842,0.1816536,66.94462427,1452,2067,72.0,2026-08-17,1.01,48.2,False
2822,301555,惠柏新材,31.93,-2.18,1.75,54.32,32.460846227187,0.1755492,61.75000582,-2471,3615,61.2,2026-08-17,-1.64,37.8,False
2823,301556,托普云农,68.91,9.02,15.03,239.91,62.534855300708,0.2052808,76.77591355,2519,219,65.2,2026-08-17,10.19,50.1,False
2824,301557,常友科技,85.64,-1.05,1.34,-261.18,84.357797558456,0.3118096,68.37082143,-331,1654,59.2,2026-08-17,1.52,40.5,False
2825,301558,三态股份,6.58,-2.23,1.15,91.1,6.652984030486,0.1238936,65.44026045,1714,2540,64.0,2026-08-17,-1.1,41.9,False
2826,301559,中集环科,13.14,-0.83,0.7,86.6,13.201155803636,0.0812712,59.39485962,84,4191,63.2,2026-08-17,-0.46,37.5,False
2827,301560,众捷汽车,23.46,-1.76,1.08,-169.54,23.879278251872,0.140132,54.92093186,-173,4939,62.8,2026-08-17,-1.76,34.5,False
2828,301563,云汉芯城,132.15,-1.9,6.55,54.17,132.470455507675,0.303466,75.96900148,1326,286,62.8,2026-08-17,-0.24,47.7,False
2829,301565,中仑新材,20.13,0.45,2.02,63.32,19.851040706277,0.1690832,63.8808707,-382,3007,62.0,2026-08-17,1.41,39.6,False
2830,301566,达利凯普,27.19,-2.33,7.14,50.4,27.549553312918,0.3141528,65.03339205,-1872,2666,83.2,2026-08-17,-1.31,54.1,False
2831,301567,贝隆精密,36.67,0.05,3.02,161.16,36.285072334005,0.054502,63.68846147,1464,3057,64.0,2026-08-17,1.06,40.8,False
2832,301568,思泰克,72.72,-2.39,4.17,71.02,73.092133041139,0.2805612,78.53237727,72,118,65.2,2026-08-17,-0.51,51.2,False
2833,301571,国科天成,69.34,0.3,1.41,124.81,68.370821517235,0.2873212,66.94901194,-621,2066,68.0,2026-08-17,1.42,45.5,False
2834,301575,艾芬达,26.81,-2.08,2.23,27.96,27.340753063029,0.152392,66.35498609,1074,2243,62.8,2026-08-17,-1.94,41.7,False
2835,301577,美信科技,56.84,-1.95,3.37,-49.61,57.484455965857,0.1524524,57.86876053,415,4531,62.4,2026-08-17,-1.12,36.1,False
2836,301578,辰奕智能,23.24,-0.9,1.83,-140.32,23.349284092174,0.0666608,67.07678373,-634,2032,66.0,2026-08-17,-0.47,44.3,False
2837,301580,爱迪特,54.05,-3.84,3.5,52.7,55.347857751636,0.3354584,76.24202312,974,267,70.4,2026-08-17,-2.34,53.7,False
2838,301581,黄山谷捷,37.5,-1.32,0.83,91.72,37.715330929998,0.1451664,67.71966743,1298,1829,61.6,2026-08-17,-0.57,41.7,False
2839,301584,建发致新,23.98,-0.91,5.35,34.14,24.185035459296,0.221026,72.29058043,-742,775,71.6,2026-08-17,-0.85,51.8,False
2840,301585,蓝宇股份,27.46,-1.26,0.51,52.16,27.803816513093,0.1439284,65.55974509,1265,2507,67.2,2026-08-17,-1.24,44.1,False
2841,301586,佳力奇,31.68,-1.86,0.66,175.26,32.041743119266,0.1237644,61.25029024,236,3731,62.8,2026-08-17,-1.13,38.5,False
2842,301587,中瑞股份,21.37,-2.15,1.71,52.23,21.555013719458,0.1748888,60.69591216,358,3892,68.4,2026-08-17,-0.86,41.5,False
2843,301588,美新科技,31.74,-0.81,2.3,87.59,31.489434271844,0.2498792,58.25893086,194,4453,60.8,2026-08-17,0.8,35.4,False
2844,301589,诺瓦星云,143.02,-1.74,0.55,34.68,143.44355784306,0.2654388,72.44285827,1326,746,64.4,2026-08-17,-0.3,46.7,False
2845,301590,优优绿能,77.46,-1.68,1.85,-244.48,77.973294132986,0.1415728,61.52950275,360,3669,61.6,2026-08-17,-0.66,37.9,False
2846,301591,肯特股份,34.43,-5.1,11.57,55.97,34.877446287531,0.2688856,73.49129183,1887,576,70.0,2026-08-17,-1.28,51.4,False
2847,301592,六九一二,106.78,-2.38,2.78,-138.5,108.844789822267,0.2613612,64.32015921,573,2876,64.8,2026-08-17,-1.9,41.7,False
2848,301595,太力科技,40.76,-2.74,1.72,100.78,41.828163804814,0.2456332,70.82663515,1,1066,59.6,2026-08-17,-2.55,42.2,False
2849,301596,瑞迪智驱,53.37,-1.15,4.45,71.1,53.844478509992,0.2436984,71.35549459,307,942,77.2,2026-08-17,-0.88,55.1,False
2850,301598,博科测试,48.1,-1.6,1.47,40.07,48.477945930196,0.0808288,60.70721332,387,3891,62.0,2026-08-17,-0.78,37.6,False
2851,301599,理奇智能,37.99,-4.88,13.51,64.34,39.497519739905,0.274154,76.32584136,200,255,72.0,2026-08-17,-3.82,55.0,False
2852,301600,慧翰股份,88.03,-0.59,1.02,56.1,88.216533900081,0.1360508,65.0563638,-1260,2661,64.4,2026-08-17,-0.21,41.9,False
2853,301601,惠通科技,16.3,-1.45,0.91,-325.44,16.471412782956,0.1326168,61.75803768,1366,3612,64.0,2026-08-17,-1.04,39.5,False
2854,301602,超研股份,17.76,-5.78,5.11,208.65,18.842171240262,0.183694,68.08120247,-369,1730,76.4,2026-08-17,-5.74,52.0,False
2855,301603,乔锋智能,129.65,-1.05,2.07,36.97,129.789945729246,0.2860332,68.73305467,-1357,1552,65.2,2026-08-17,-0.11,44.8,False
2856,301606,绿联科技,52.25,-1.34,0.75,22.81,52.308694113498,0.1123788,71.44947626,296,920,64.4,2026-08-17,-0.11,46.0,False
2857,301607,富特科技,45.3,-0.15,3.52,34.46,44.940832841433,0.3941264,77.49059495,-115,166,69.2,2026-08-17,0.8,53.6,False
2858,301608,博实结,47.41,-2.25,1.07,28.52,48.301834013179,0.1808732,72.58344364,322,717,65.6,2026-08-17,-1.85,47.6,False
2859,301609,山大电力,33.67,-3.72,2.42,94.44,34.672135859783,0.2206404,62.94077172,-700,3269,70.8,2026-08-17,-2.89,44.6,False
2860,301611,珂玛科技,112.2,2.85,5.65,266.52,108.093594956981,0.3244788,73.55894554,956,562,80.0,2026-08-17,3.8,58.8,False
2861,301613,新铝时代,38.81,-2.12,1.08,24.16,39.67481069156,0.2844696,67.94861225,218,1767,64.4,2026-08-17,-2.18,43.8,False
2862,301616,浙江华业,35.38,-0.59,1.19,47.97,35.452554390358,0.1614908,61.48743556,104,3680,62.4,2026-08-17,-0.2,38.4,False
2863,301617,博苑新材,50.96,0.43,1.13,43.37,49.379412303984,0.3154056,70.80900894,2197,1069,61.6,2026-08-17,3.2,43.6,False
2864,301618,长联科技,33.38,-2.34,1.4,168.3,33.609907947489,0.2032428,57.62364419,-1408,4569,62.8,2026-08-17,-0.68,36.2,False
2865,301622,英思特,42.12,-0.59,0.7,-96.7,41.938722913493,0.1799116,63.66320653,878,3070,63.2,2026-08-17,0.43,40.2,False
2866,301626,苏州天脉,290.52,-5.39,5.53,674.36,286.221919711315,0.6207656,78.29120799,253,125,69.2,2026-08-17,1.5,54.2,False
2867,301628,强达电路,94.8,2.97,10.96,78.95,88.520264057632,0.2669512,74.41217369,2456,459,65.6,2026-08-17,7.09,48.8,False
2868,301629,矽电股份,272.0,0.18,2.79,-272.86,265.503915068713,0.2430584,64.63079448,1429,2780,68.8,2026-08-17,2.45,44.5,False
2869,301630,同宇新材,180.0,-2.36,4.14,55.95,180.965696100437,0.3490728,71.97336529,1111,820,61.2,2026-08-17,-0.53,44.0,False
2870,301631,壹连科技,70.86,1.39,6.48,32.09,67.136897169186,0.2170532,76.77145825,-31,220,68.4,2026-08-17,5.55,52.5,False
2871,301632,广东建科,14.02,0.86,1.93,420.04,13.804152938463,0.153976,59.76114678,253,4091,67.2,2026-08-17,1.56,40.2,False
2872,301633,港迪技术,54.78,-6.2,5.18,-63.77,57.676233660731,0.1766568,65.53450377,-1415,2516,67.6,2026-08-17,-5.02,44.3,False
2873,301636,泽润新能,40.91,-0.97,1.11,2367.17,40.999583802615,0.1135308,64.68016225,1755,2760,60.8,2026-08-17,-0.22,39.3,False
2874,301638,南网数字,22.73,-2.36,2.23,234.07,23.029449190191,0.287454,66.1790638,-536,2293,74.4,2026-08-17,-1.3,49.2,False
2875,301656,联合动力,16.98,-1.57,1.25,210.33,17.240709725645,0.3164124,68.87680357,1289,1513,62.0,2026-08-17,-1.51,42.7,False
2876,301658,首航新能,24.72,-0.72,2.26,-73.05,24.71836521728,0.1283524,57.96087459,-70,4515,64.4,2026-08-17,0.01,37.3,False
2877,301662,宏工科技,71.78,-1.87,3.12,27.37,71.977686281282,0.1763692,62.44119841,180,3427,64.8,2026-08-17,-0.27,40.5,False
2878,301665,泰禾股份,23.92,1.7,2.43,20.08,23.341547825167,0.2503508,74.04515565,722,502,65.2,2026-08-17,2.48,48.3,False
2879,301666,大普微-UW,462.1,0.79,11.3,136.24,453.168121510462,0.44598,73.3207148,281,595,70.8,2026-08-17,1.97,51.9,False
2880,301667,纳百川,72.28,3.48,11.08,278.41,69.123256513294,0.1854696,56.19386405,-1634,4780,69.6,2026-08-17,4.57,39.1,False
2881,301668,昊创瑞通,37.05,1.01,4.64,126.92,36.352839820356,0.1822804,66.085291,622,2321,67.6,2026-08-17,1.92,44.7,False
2882,301678,新恒汇,46.8,-0.97,1.04,165.74,46.755829819159,0.1803944,60.52459407,-210,3935,65.2,2026-08-17,0.09,39.5,False
2883,301680,固德电材,98.38,-1.72,4.16,41.48,98.915770129951,0.3445912,75.96043415,-118,287,66.8,2026-08-17,-0.54,50.7,False
2884,301682,宏明电子,130.61,-1.46,4.61,28.47,130.784384596747,0.3361212,73.12691238,1274,633,68.8,2026-08-17,-0.13,50.3,False
2885,301683,慧谷新材,103.43,-1.84,2.88,29.49,104.5185983538,0.2938712,71.45072734,-79,918,64.0,2026-08-17,-1.04,45.7,False
2886,301687,新广益,52.31,-1.45,6.09,72.88,52.290612862841,0.271594,77.15602288,161,190,65.6,2026-08-17,0.04,50.6,False
2887,301696,三瑞智能,113.6,3.02,7.42,85.69,107.371919320396,0.2954104,79.40409931,1257,77,67.2,2026-08-17,5.8,53.4,False
2888,302132,中航成飞,58.82,-0.98,0.66,203.87,58.879235780019,0.3493452,69.90267565,-636,1272,80.0,2026-08-17,-0.1,55.9,False
2889,600000,浦发银行,8.99,-0.55,0.1,4.84,9.041678913022,0.4136788,70.69949027,-505,1089,90.4,2026-08-17,-0.57,63.9,False
2890,600004,白云机场,7.42,-0.4,0.11,28.51,7.43476356764,0.2308164,69.90312211,-290,1271,75.6,2026-08-17,-0.2,52.8,False
2891,600006,东风股份,5.32,-1.12,0.2,12.94,5.331021255961,0.2717688,62.68423546,769,3346,78.4,2026-08-17,-0.21,49.1,False
2892,600007,中国国贸,18.59,-0.48,0.08,15.32,18.576495506267,0.1500932,67.82318461,-1003,1802,72.0,2026-08-17,0.07,48.8,False
2893,600008,首创环保,2.82,0.0,0.26,12.04,2.81239721456,0.371484,68.59772731,402,1593,75.2,2026-08-17,0.27,51.6,False
2894,600009,上海机场,23.0,-0.3,0.12,24.76,22.990501741607,0.26508,67.01781628,-642,2050,81.2,2026-08-17,0.04,54.4,False
2895,600010,包钢股份,2.21,-0.9,0.41,-54.0,2.228041820101,0.5187404,59.70491055,-1971,4108,75.6,2026-08-17,-0.81,45.1,False
2896,600011,华能国际,6.89,0.0,0.26,6.03,6.853941767151,0.4351408,67.06767054,688,2034,81.6,2026-08-17,0.53,54.7,False
2897,600012,皖通高速,15.79,-0.82,0.2,12.57,15.949002189917,0.1109888,67.31823395,-1075,1961,72.4,2026-08-17,-1.0,48.7,False
2898,600015,华夏银行,6.62,0.46,0.13,5.28,6.579215620155,0.3766996,70.10850555,-385,1221,84.8,2026-08-17,0.62,59.5,False
2899,600016,民生银行,3.41,0.0,0.2,3.24,3.402513328851,0.5079332,67.0798006,-463,2029,86.0,2026-08-17,0.22,57.7,False
2900,600017,日照港,2.66,-0.37,0.39,21.45,2.657922099751,0.2894976,59.26701796,-407,4227,71.2,2026-08-17,0.08,42.2,False
2901,600018,上港集团,5.1,0.2,0.07,7.41,5.085623007763,0.2873816,75.10390969,-58,381,80.8,2026-08-17,0.28,60.7,False
2902,600019,宝钢股份,5.8,1.05,0.27,14.2,5.723571237966,0.4088876,73.2258321,442,608,86.0,2026-08-17,1.34,63.0,False
2903,600020,中原高速,3.75,0.0,0.33,6.14,3.758622325531,0.3845796,67.22159937,-24,1986,68.8,2026-08-17,-0.23,46.2,False
2904,600021,上海电力,13.93,-1.42,0.54,17.33,14.053562718402,0.2644304,61.64642128,-614,3642,76.0,2026-08-17,-0.88,46.9,False
2905,600022,山东钢铁,1.32,0.0,0.44,-16.19,1.319906160182,0.55863,62.24754558,-111,3474,73.2,2026-08-17,0.01,45.6,False
2906,600023,浙能电力,4.88,-0.2,0.07,17.27,4.891330351586,0.2409568,65.29074601,-742,2593,79.6,2026-08-17,-0.23,52.0,False
2907,600025,华能水电,9.65,0.94,0.04,29.13,9.567644879053,0.282266,74.88966168,-116,410,85.2,2026-08-17,0.86,63.8,False
2908,600026,中远海能,17.7,0.0,0.65,11.14,17.347874217865,0.3500428,76.45609029,1173,243,77.2,2026-08-17,2.03,59.0,False
2909,600027,华电国际,4.56,0.22,0.2,7.4,4.539744494181,0.3443688,64.45756791,-893,2836,79.2,2026-08-17,0.45,51.1,False
2910,600028,中国石化,5.05,0.8,0.1,8.98,5.008268284476,0.3487492,70.37805948,-905,1155,87.2,2026-08-17,0.83,61.4,False
2911,600029,南方航空,5.0,-0.6,0.13,15.29,5.017415569523,0.3405156,69.73499424,323,1315,82.0,2026-08-17,-0.35,57.2,False
2912,600030,中信证券,27.25,-1.05,0.29,10.42,27.418320367109,0.5163656,69.92935881,-330,1258,86.8,2026-08-17,-0.61,60.7,False
2913,600031,三一重工,18.83,0.7,0.33,17.45,18.672070384294,0.3612824,71.1878219,-233,974,83.2,2026-08-17,0.85,59.2,False
2914,600032,浙江新能,6.97,-1.69,0.52,147.55,7.040362186157,0.2098656,57.75714002,-747,4547,76.0,2026-08-17,-1.0,43.9,False
2915,600033,福建高速,3.55,0.28,0.43,9.53,3.50984596737,0.2969432,69.81385607,-787,1294,69.2,2026-08-17,1.14,48.3,False
2916,600035,楚天高速,3.38,-0.59,0.31,5.69,3.396923784442,0.2090888,63.55892318,-379,3106,67.6,2026-08-17,-0.5,43.0,False
2917,600036,招商银行,38.15,-0.13,0.12,6.35,38.225899530496,0.4382728,70.88202595,-422,1043,94.4,2026-08-17,-0.2,66.9,False
2918,600037,歌华有线,6.88,-1.71,0.45,35.42,6.961573107876,0.1246552,65.03947399,-1663,2664,74.0,2026-08-17,-1.17,48.1,False
2919,600038,中直股份,26.33,-1.97,0.54,142.57,26.76094214302,0.2611284,64.82809487,-1492,2722,81.6,2026-08-17,-1.61,52.9,False
2920,600039,四川路桥,8.43,-0.47,0.07,12.26,8.396369263248,0.2066764,75.34706154,-71,347,78.4,2026-08-17,0.4,59.1,False
2921,600048,保利发展,5.23,0.19,0.31,16.24,5.216984707206,0.4831864,66.75123122,-1290,2127,84.8,2026-08-17,0.25,56.6,False
2922,600050,中国联通,4.31,-0.23,0.17,15.76,4.326608705839,0.411332,70.30268709,-936,1176,84.0,2026-08-17,-0.38,59.1,False
2923,600051,宁波联合,6.36,0.63,0.94,91.69,6.264274498818,0.0550108,63.66418321,220,3069,67.6,2026-08-17,1.53,43.0,False
2924,600052,东望时代,3.96,-1.49,0.48,-42.87,3.976228500837,0.2564628,58.14422676,-2166,4476,66.4,2026-08-17,-0.41,38.6,False
2925,600053,*ST九鼎,7.02,-2.09,0.2,-22.24,7.115545779032,0.0971452,50.32894406,-9,5170,68.0,2026-08-17,-1.34,34.2,False
2926,600054,黄山旅游,11.15,0.0,0.37,58.72,11.106811812113,0.1915636,65.42745791,-1454,2548,74.4,2026-08-17,0.39,48.7,False
2927,600055,万东医疗,11.28,-0.97,0.4,-124.43,11.257071972128,0.2283568,63.19725034,-542,3206,74.8,2026-08-17,0.2,47.3,False
2928,600056,中国医药,9.48,-0.21,0.52,19.46,9.417355414609,0.2683536,68.5116836,-1130,1613,85.2,2026-08-17,0.67,58.4,False
2929,600057,厦门象屿,6.27,0.97,0.43,8.54,6.176587340637,0.2064212,72.83899941,-94,681,73.2,2026-08-17,1.51,53.3,False
2930,600058,五矿发展,10.67,0.09,0.46,168.2,10.562854452375,0.1730404,62.09307403,-1588,3517,77.2,2026-08-17,1.01,47.9,False
2931,600059,古越龙山,7.95,-1.24,0.81,29.21,8.063108332544,0.212838,65.83104396,-210,2408,80.8,2026-08-17,-1.4,53.2,False
2932,600060,海信视像,25.53,1.07,0.2,14.1,25.216156480622,0.1845248,70.00232313,-375,1241,74.8,2026-08-17,1.24,52.4,False
2933,600061,国投资本,6.27,-1.57,0.29,13.09,6.358603922561,0.3937064,69.29642623,285,1415,76.4,2026-08-17,-1.39,52.9,False
2934,600062,华润双鹤,16.02,-0.25,0.4,8.58,15.959521338316,0.2025328,67.77439667,-367,1814,84.0,2026-08-17,0.38,56.9,False
2935,600063,皖维高新,5.98,-0.99,0.88,22.72,5.999047553494,0.3279948,57.67292735,-287,4559,70.8,2026-08-17,-0.32,40.8,False
2936,600064,南京高科,7.62,0.26,0.29,5.26,7.563292812696,0.2918556,72.89629504,-132,669,73.2,2026-08-17,0.75,53.4,False
2937,600066,宇通客车,29.84,3.07,0.53,17.69,29.019628893245,0.2513332,76.46754265,-103,242,86.8,2026-08-17,2.83,66.4,False
2938,600067,冠城新材,2.8,-1.75,0.48,-47.32,2.825546856233,0.2098548,59.20375828,-780,4248,66.8,2026-08-17,-0.9,39.5,False
2939,600071,凤凰光学,16.0,-0.19,0.37,-631.99,15.904705317088,0.1086884,64.14152317,1244,2934,72.4,2026-08-17,0.6,46.4,False
2940,600072,中船科技,8.79,-1.35,0.69,-16.69,8.843186269324,0.1986472,55.71145321,-217,4848,76.8,2026-08-17,-0.6,42.8,False
2941,600073,光明肉业,5.45,2.06,2.02,25.75,5.365505698675,0.2739872,68.68934703,518,1559,75.6,2026-08-17,1.57,51.9,False
2942,600075,新疆天业,4.48,0.22,0.44,-32.29,4.442792390691,0.1663084,57.19965355,-913,4642,71.6,2026-08-17,0.84,41.0,False
2943,600076,康欣新材,3.14,-0.32,0.92,-20.34,3.107457381981,0.2174968,52.41217096,-388,5105,72.8,2026-08-17,1.05,38.2,False
2944,600078,澄星股份,11.5,3.42,4.45,33.22,11.094947384447,0.2922724,70.37691986,3088,1157,79.2,2026-08-17,3.65,55.7,False
2945,600079,ST人福,17.89,-0.11,0.2,12.41,17.895959191199,0.4113248,69.35957831,-319,1401,78.4,2026-08-17,-0.03,54.4,False
2946,600080,ST金花,4.82,-1.03,0.18,115.1,4.845787125558,0.2155184,61.95084913,806,3557,65.6,2026-08-17,-0.53,40.6,False
2947,600081,东风科技,10.31,-2.64,0.43,35.73,10.456160205099,0.231862,67.88960435,563,1788,74.0,2026-08-17,-1.4,50.2,False
2948,600082,ST海泰,2.8,-1.41,0.38,-33.43,2.832254619993,0.1994732,58.18030339,-1436,4471,65.6,2026-08-17,-1.14,38.2,False
2949,600084,*ST尼雅,4.13,0.73,0.1,213.37,4.1079658204,0.1668132,53.86905314,-615,5026,66.4,2026-08-17,0.54,35.8,False
2950,600085,同仁堂,24.2,-0.98,0.24,17.61,24.270603939612,0.2676372,69.82688801,317,1290,82.8,2026-08-17,-0.29,57.8,False
2951,600088,中视传媒,11.52,-1.96,0.62,1692.31,11.71352403804,0.1859492,63.14021261,-1910,3225,73.6,2026-08-17,-1.65,46.5,False
2952,600089,特变电工,20.78,-1.7,0.66,14.47,20.958819157416,0.3610664,69.05564029,946,1461,83.6,2026-08-17,-0.85,57.7,False
2953,600094,大名城,4.05,-2.17,0.4,503.85,4.105906426354,0.2752728,66.41719907,-1051,2223,70.0,2026-08-17,-1.36,46.5,False
2954,600095,湘财股份,7.86,-2.6,0.44,233.12,7.990303578163,0.2816828,59.71045707,329,4105,81.2,2026-08-17,-1.63,48.5,False
2955,600096,云天化,30.43,3.01,2.41,9.45,29.386693269516,0.4234752,75.29962108,1673,352,82.8,2026-08-17,3.55,62.3,False
2956,600097,开创国际,8.65,0.7,1.08,-14.82,8.546726122648,0.0909996,69.90842834,-33,1269,68.8,2026-08-17,1.21,48.1,False
2957,600098,广州发展,6.25,0.0,0.21,10.23,6.225745811582,0.254712,62.14206922,-611,3504,72.8,2026-08-17,0.39,45.2,False
2958,600099,林海股份,8.94,-1.97,0.72,117.67,9.037426675776,0.113276,62.03620284,-1751,3533,67.2,2026-08-17,-1.08,41.7,False
2959,600100,同方股份,6.78,-1.88,0.39,-30.95,6.880702129739,0.2506488,59.51379799,-215,4151,78.4,2026-08-17,-1.46,46.7,False
2960,600101,明星电力,7.97,-0.99,0.62,41.08,7.992507901129,0.2931124,64.87543226,639,2712,74.8,2026-08-17,-0.28,48.5,False
2961,600103,青山纸业,2.98,-1.32,2.39,110.1,2.993555180994,0.3331524,66.72019769,1806,2138,74.8,2026-08-17,-0.45,49.9,False
2962,600104,上汽集团,9.98,-0.89,0.16,9.48,10.044715986977,0.3097784,71.61362238,-180,880,81.6,2026-08-17,-0.64,58.4,False
2963,600105,永鼎股份,42.12,-0.89,6.26,96.93,42.052433901109,0.3891224,75.74850256,340,316,95.2,2026-08-17,0.16,72.1,False
2964,600106,重庆路桥,4.36,-0.68,0.32,54.57,4.391601818115,0.2493856,60.30435801,-91,3984,68.0,2026-08-17,-0.72,41.0,False
2965,600107,*ST尔雅,5.66,-0.53,0.05,136.32,5.7056585326,0.0739768,51.08834689,-47,5151,69.6,2026-08-17,-0.8,35.6,False
2966,600108,亚盛集团,3.56,9.88,4.17,82.36,3.224659684084,0.3549776,65.15698672,1839,2633,72.0,2026-08-17,10.4,46.9,False
2967,600109,国金证券,8.57,-1.27,0.28,11.47,8.641386809411,0.328676,67.20707165,-300,1992,80.4,2026-08-17,-0.83,54.0,False
2968,600110,诺德股份,10.55,-2.59,5.87,88.95,10.66270900903,0.3422532,72.86623435,411,678,81.6,2026-08-17,-1.06,59.5,False
2969,600111,北方稀土,41.94,-1.96,0.86,41.3,42.292019097688,0.38954,65.36695279,-2135,2567,89.2,2026-08-17,-0.83,58.3,False
2970,600113,浙江东日,32.39,1.22,0.9,157.06,31.888346078347,0.2480616,60.95905353,-544,3824,71.2,2026-08-17,1.57,43.4,False
2971,600114,东睦股份,30.6,0.13,1.46,38.37,30.189109525861,0.3541496,73.34971349,196,587,75.6,2026-08-17,1.36,55.5,False
2972,600115,中国东航,3.5,-0.85,0.37,11.84,3.519651983304,0.440604,63.23740185,-1519,3198,78.8,2026-08-17,-0.56,49.8,False
2973,600116,三峡水利,6.36,-0.63,0.27,94.06,6.382334390357,0.1593608,63.30826409,-1747,3179,79.6,2026-08-17,-0.35,50.4,False
2974,600117,西宁特钢,2.27,0.0,0.2,-7.31,2.257494755457,0.2165428,59.49248126,-1378,4164,70.4,2026-08-17,0.55,41.9,False
2975,600118,中国卫星,68.09,-1.12,1.11,-471.51,67.879002079416,0.3751388,69.43401438,2065,1385,82.8,2026-08-17,0.31,57.5,False
2976,600119,*ST长投,4.46,-1.76,0.23,-150.33,4.483681930693,0.1952076,54.04232829,164,5009,68.0,2026-08-17,-0.53,36.7,False
2977,600120,浙江东方,4.89,-3.17,1.3,9.52,4.990441314131,0.3161656,69.39570637,507,1393,78.4,2026-08-17,-2.01,54.4,False
2978,600121,郑州煤电,3.94,0.51,2.49,-6.14,3.902316964122,0.2360672,50.19264317,-182,5173,79.2,2026-08-17,0.97,39.8,False
2979,600123,兰花科创,7.34,1.1,1.13,-98.45,7.229491845027,0.221828,59.21317223,-539,4245,79.2,2026-08-17,1.53,46.9,False
2980,600125,铁龙物流,5.46,0.37,0.32,8.23,5.422670766678,0.272054,70.4008336,705,1149,72.0,2026-08-17,0.69,50.7,False
2981,600126,杭钢股份,6.89,-3.77,1.71,605.48,7.147293719278,0.2641884,68.52394942,-1535,1609,94.8,2026-08-17,-3.6,65.0,False
2982,600127,金健米业,7.11,10.06,8.19,6517.77,6.452017392173,0.574758,72.08458152,4033,805,83.6,2026-08-17,10.2,60.3,False
2983,600128,苏豪弘业,8.18,-0.85,0.6,39.22,8.223617513453,0.1527888,61.88793936,-1183,3574,69.2,2026-08-17,-0.53,42.8,False
2984,600129,太极集团,16.34,-3.66,4.06,34.33,16.928295631989,0.2599484,67.85591676,37,1799,86.4,2026-08-17,-3.48,58.6,False
2985,600130,波导股份,4.38,-0.68,1.05,321.2,4.370931233051,0.2057996,61.92644408,-564,3563,75.6,2026-08-17,0.21,46.8,False
2986,600131,国网信通,15.64,-0.38,0.19,40.45,15.677643078986,0.175716,76.04735578,399,278,77.6,2026-08-17,-0.24,59.0,False
2987,600132,重庆啤酒,42.74,-0.56,0.27,11.81,42.711238063654,0.190896,69.6317948,863,1338,78.8,2026-08-17,0.07,54.9,False
2988,600133,东湖高新,8.38,-1.99,0.85,-1265.13,8.4988224566,0.3136492,65.32743539,941,2580,74.0,2026-08-17,-1.4,48.3,False
2989,600135,乐凯胶片,7.41,-1.59,0.42,-43.21,7.498862409109,0.1584664,56.82124102,175,4702,67.2,2026-08-17,-1.19,38.2,False
2990,600136,ST明诚,1.44,0.0,0.31,-348.53,1.435561211428,0.4621224,59.48162228,505,4170,65.2,2026-08-17,0.31,38.8,False
2991,600137,浪莎股份,17.95,-0.55,0.48,55.71,17.935455868915,0.1029796,65.07312049,233,2655,66.8,2026-08-17,0.08,43.5,False
2992,600138,中青旅,7.01,-0.71,0.33,-34.37,7.016695357234,0.2737676,64.89475629,-563,2706,73.2,2026-08-17,-0.1,47.5,False
2993,600141,兴发集团,33.39,1.12,2.94,39.09,32.594843519433,0.3992216,71.98868773,2137,816,86.4,2026-08-17,2.44,62.2,False
2994,600143,金发科技,16.08,3.01,2.02,35.22,15.525762628701,0.3013772,76.25825077,849,263,86.4,2026-08-17,3.57,65.9,False
2995,600148,长春一东,15.42,-0.84,0.46,117.19,15.424958682319,0.0970004,63.70501064,1287,3052,70.0,2026-08-17,-0.03,44.6,False
2996,600149,廊坊发展,4.9,-0.81,0.8,60.12,4.891911549414,0.0653912,61.10015947,67,3777,70.0,2026-08-17,0.17,42.8,False
2997,600150,中国船舶,33.43,-0.65,0.35,13.02,33.486287906197,0.4570724,68.40035234,-500,1645,86.4,2026-08-17,-0.17,59.1,False
2998,600151,航天机电,10.74,-1.2,0.67,-230.83,10.780371872349,0.1829852,54.20748492,-201,4998,74.0,2026-08-17,-0.37,40.1,False
2999,600152,维科技术,8.11,-2.29,1.24,-42.57,8.231601805653,0.155566,55.33426991,-536,4892,72.4,2026-08-17,-1.48,40.1,False
3000,600153,建发股份,8.79,0.57,0.23,9.09,8.697855239433,0.1740532,66.2045301,-657,2286,77.2,2026-08-17,1.06,51.1,False
3001,600155,华创云信,5.77,-2.2,0.56,102.83,5.871144233711,0.228396,61.23151136,-1519,3738,77.6,2026-08-17,-1.72,47.5,False
3002,600156,华升股份,8.24,-3.06,1.88,-143.06,8.414321988214,0.1892252,59.55285981,-470,4139,80.0,2026-08-17,-2.07,47.6,False
3003,600157,永泰能源,1.56,-0.64,1.0,137.6,1.572517401021,0.6037576,57.78428374,-1433,4545,76.4,2026-08-17,-0.8,44.1,False
3004,600158,中体产业,7.0,-1.41,1.19,-292.9,7.071101478099,0.2152804,59.14020299,-624,4269,76.0,2026-08-17,-1.01,44.9,False
3005,600159,大龙地产,2.53,-0.78,0.87,-33.38,2.522521305253,0.1924796,64.67294826,659,2763,68.8,2026-08-17,0.3,44.5,False
3006,600160,巨化股份,39.57,-3.11,1.18,22.77,40.856576512342,0.4125132,70.40673706,-154,1148,80.0,2026-08-17,-3.15,56.3,False
3007,600161,天坛生物,12.4,-0.32,0.3,48.7,12.389721783929,0.2485512,68.00004793,-541,1752,81.2,2026-08-17,0.08,55.2,False
3008,600162,香江控股,4.24,-3.64,4.21,-157.4,4.446490203896,0.315272,54.88480182,-990,4942,90.4,2026-08-17,-4.64,49.6,False
3009,600163,中闽能源,5.06,-0.98,0.35,12.26,5.079823073391,0.2249532,64.1774278,875,2916,70.8,2026-08-17,-0.39,45.4,False
3010,600165,ST宁科,2.94,10.11,0.17,-18.47,2.67,0.4513616,62.53874776,925,3398,72.0,2026-08-17,10.11,45.0,False
3011,600166,福田汽车,2.88,-1.03,0.54,11.37,2.893941366375,0.3587712,65.36745183,29,2565,74.4,2026-08-17,-0.48,48.6,False
3012,600167,联美控股,5.65,-0.53,0.15,6.0,5.63882238176,0.1157572,64.98389562,218,2680,69.2,2026-08-17,0.2,45.0,False
3013,600168,武汉控股,4.39,-0.45,0.27,21.53,4.40691652702,0.1848032,60.35036231,-381,3975,69.6,2026-08-17,-0.38,42.0,False
3014,600169,ST太重,2.06,-0.48,0.11,66.73,2.056300224607,0.4410636,61.31810026,533,3711,68.4,2026-08-17,0.18,41.9,False
3015,600170,上海建工,2.26,0.0,0.49,5053.28,2.256441076623,0.4497744,69.8797175,-475,1278,77.6,2026-08-17,0.16,54.2,False
3016,600171,上海贝岭,23.25,-2.31,1.17,183.81,23.541306090632,0.2810564,69.74418923,1425,1312,81.2,2026-08-17,-1.24,56.6,False
3017,600172,黄河旋风,13.97,2.42,16.1,-52.18,13.403251447947,0.5501216,67.42743601,2600,1926,82.8,2026-08-17,4.23,55.8,False
3018,600173,卧龙新能,6.25,-0.95,0.37,91.8,6.314317605332,0.2714352,63.6404334,-171,3081,73.2,2026-08-17,-1.02,46.6,False
3019,600176,中国巨石,45.16,-2.5,3.15,35.67,46.115565515685,0.4979536,79.51654555,23,73,95.2,2026-08-17,-2.07,75.7,False
3020,600177,雅戈尔,7.83,-0.63,0.22,9.82,7.869734132036,0.1983624,70.21294199,-495,1197,82.4,2026-08-17,-0.5,57.9,False
3021,600178,东安动力,9.4,-1.26,0.72,-55.07,9.501425591538,0.0920752,57.05512991,-665,4668,82.0,2026-08-17,-1.07,46.8,False
3022,600179,安通控股,4.26,-0.93,0.43,17.76,4.280829345919,0.30384,63.49094264,-1551,3124,81.6,2026-08-17,-0.49,51.8,False
3023,600180,*ST瑞茂,1.59,-1.85,0.86,-1.43,1.635338377047,0.3398664,53.58572521,-1186,5046,66.8,2026-08-17,-2.77,35.8,False
3024,600182,S佳通,13.86,-0.86,0.44,24.84,13.84725693873,0.4575832,74.28351914,215,472,65.2,2026-08-17,0.09,48.4,False
3025,600183,生益科技,138.51,-4.14,1.66,51.18,143.947202478679,0.4486384,75.06102639,-174,388,94.4,2026-08-17,-3.78,70.9,False
3026,600184,光电股份,18.43,-2.33,1.37,2393.76,18.5638326795,0.2732056,72.17136337,305,798,77.2,2026-08-17,-0.72,55.7,False
3027,600185,珠免集团,4.64,0.0,0.57,56.03,4.621091062257,0.2054452,67.06188966,-359,2037,74.8,2026-08-17,0.41,50.2,False
3028,600186,莲花控股,12.71,-3.2,14.12,39.7,12.887941231603,0.4522744,73.00346327,-644,651,96.0,2026-08-17,-1.38,70.1,False
3029,600187,*ST国中,1.35,0.0,0.75,31.1,1.34917228941,0.4880168,56.23271618,275,4775,70.8,2026-08-17,0.06,39.8,False
3030,600188,兖矿能源,22.31,1.0,0.53,14.15,22.071718425752,0.3666172,68.00402043,-1535,1751,91.6,2026-08-17,1.08,62.3,False
3031,600189,泉阳泉,7.56,-0.66,0.75,134.6,7.566638203291,0.2195416,61.96596868,1200,3550,73.6,2026-08-17,-0.09,45.6,False
3032,600191,华资实业,10.85,0.0,1.88,64.15,10.648584452072,0.2550892,68.77434811,2222,1536,74.8,2026-08-17,1.89,51.4,False
3033,600192,长城电工,7.04,-1.68,1.56,-13.71,7.128796030851,0.1860728,51.23821731,-186,5145,86.8,2026-08-17,-1.25,44.5,False
3034,600195,中牧股份,6.79,2.88,0.75,71.69,6.586459447472,0.1449124,62.85541531,-353,3299,69.2,2026-08-17,3.09,43.5,False
3035,600196,复星医药,24.17,0.67,0.82,18.53,24.006806152691,0.364414,69.67982307,-189,1330,91.6,2026-08-17,0.68,63.8,False
3036,600197,伊力特,10.41,-0.38,0.45,11.74,10.357316931185,0.1889724,59.72011512,-401,4099,78.0,2026-08-17,0.51,46.6,False
3037,600198,大唐电信,7.66,-5.43,2.56,-38.16,7.961446858039,0.2834196,64.07935081,-1479,2956,91.6,2026-08-17,-3.79,58.7,False
3038,600199,金种子酒,7.41,-0.8,1.43,-79.95,7.462724326952,0.1927508,57.02708391,-312,4670,85.6,2026-08-17,-0.71,48.8,False
3039,600201,生物股份,13.44,-0.52,0.57,71.0,13.461778443409,0.3368964,66.10466077,-523,2316,77.6,2026-08-17,-0.16,51.3,False
3040,600202,哈空调,4.98,-1.39,0.55,-15.63,5.001313976476,0.1089732,64.19235057,1683,2910,69.2,2026-08-17,-0.43,44.4,False
3041,600203,福日电子,10.0,-2.25,1.75,35.57,10.173192036952,0.262212,55.828046,-438,4830,78.0,2026-08-17,-1.7,43.5,False
3042,600206,有研新材,56.85,1.77,13.2,131.25,54.282921106575,0.5266496,75.66032457,2227,323,94.4,2026-08-17,4.73,71.4,False
3043,600207,安彩高科,4.46,-1.11,0.75,-8.21,4.459386089447,0.1930504,59.71658403,298,4103,70.8,2026-08-17,0.01,42.3,False
3044,600208,衢州发展,2.98,-1.32,0.54,20.16,3.031508536845,0.3490992,65.2641041,-1255,2600,74.4,2026-08-17,-1.7,48.6,False
3045,600210,紫江企业,6.01,-0.83,0.33,10.44,6.016688368056,0.2604768,70.72543614,654,1082,74.4,2026-08-17,-0.11,52.6,False
3046,600211,西藏药业,38.96,-0.28,0.71,10.33,38.677229171865,0.223546,70.35842968,-348,1165,84.8,2026-08-17,0.73,59.7,False
3047,600212,绿能慧充,5.67,-0.7,1.36,-46.43,5.602251295116,0.2339248,71.13451645,2454,986,69.6,2026-08-17,1.21,49.5,False
3048,600215,派斯林,6.69,-1.04,0.83,-33.99,6.745707599572,0.1885884,55.27476125,-1152,4900,72.0,2026-08-17,-0.83,39.8,False
3049,600216,浙江医药,13.88,5.15,6.52,11.63,13.183913410323,0.328052,78.990652,-48,98,90.0,2026-08-17,5.28,71.1,False
3050,600217,中再资环,3.1,-1.59,0.41,-49.59,3.136363295067,0.2743568,64.45491053,1491,2838,71.2,2026-08-17,-1.16,45.9,False
3051,600218,全柴动力,7.63,-0.91,0.38,26.65,7.657596909424,0.19141,58.5535411,-556,4387,74.4,2026-08-17,-0.36,43.6,False
3052,600219,南山铝业,4.78,-1.65,0.59,12.47,4.798578601419,0.4152436,76.50650982,817,239,88.4,2026-08-17,-0.39,67.6,False
3053,600221,海航控股,1.32,0.0,0.23,8.27,1.320559318115,0.5636792,67.69271327,-384,1839,76.4,2026-08-17,-0.04,51.7,False
3054,600222,太龙药业,8.33,-6.93,6.82,447.83,8.73259994638,0.354018,67.23696532,2651,1981,80.0,2026-08-17,-4.61,53.8,False
3055,600223,福瑞达,5.56,-1.07,0.45,44.3,5.58547517813,0.1184424,65.93896923,-1439,2374,74.4,2026-08-17,-0.46,49.1,False
3056,600226,亨通股份,6.37,-2.0,4.53,65.96,6.488673361597,0.3415288,71.41642571,-83,924,86.0,2026-08-17,-1.83,61.4,False
3057,600227,赤天化,3.75,9.97,12.39,-55.62,3.425332330829,0.2443324,62.4239817,1379,3433,90.4,2026-08-17,9.48,56.4,False
3058,600228,返利科技,8.55,1.18,4.2,-63.52,8.329492724362,0.256151428571,61.15337092,-1113,3757,79.6,2026-08-17,2.65,48.7,False
3059,600229,城市传媒,5.11,-0.97,0.21,31.53,5.153890353263,0.0958584,57.07646801,-1468,4666,63.6,2026-08-17,-0.85,36.3,False
3060,600230,沧州大化,15.03,0.07,2.21,30.88,14.835220662408,0.22428,74.1287303,963,486,82.8,2026-08-17,1.31,61.4,False
3061,600231,凌钢股份,1.69,-0.59,0.19,-2.53,1.69345334411,0.2892972,58.8940094,181,4310,67.6,2026-08-17,-0.2,39.8,False
3062,600232,金鹰股份,6.42,-0.62,0.59,50.35,6.402157151341,0.0869412,65.63947542,-730,2474,68.8,2026-08-17,0.28,45.2,False
3063,600233,圆通速递,19.2,2.24,0.36,11.93,18.74681228674,0.1750996,73.93496615,-483,518,79.2,2026-08-17,2.42,58.6,False
3064,600234,科新发展,22.31,-0.76,0.44,-944.85,22.309152735562,0.2570764,59.79899678,-1075,4081,75.6,2026-08-17,0.0,45.2,False
3065,600235,民丰特纸,5.71,-0.87,0.49,-410.17,5.704294530027,0.0815668,55.92612727,165,4822,67.2,2026-08-17,0.1,37.6,False
3066,600236,桂冠电力,10.23,0.49,0.08,22.92,10.104038071462,0.1805728,66.9366813,-579,2069,81.6,2026-08-17,1.25,54.6,False
3067,600237,铜峰电子,8.82,-2.11,2.9,56.6,8.913746903035,0.3136876,63.03398008,-1469,3250,70.4,2026-08-17,-1.05,44.4,False
3068,600238,ST椰岛,4.56,0.22,0.38,554.05,4.520772822656,0.328155686275,66.22406526,515,2280,74.4,2026-08-17,0.87,49.3,False
3069,600239,ST云城,1.42,0.71,0.49,-24.68,1.405453978864,0.3748844,57.47266092,-367,4591,69.2,2026-08-17,1.03,39.8,False
3070,600241,时代万恒,7.3,-0.27,0.52,-45.62,7.300135186355,0.063352,52.62935021,-49,5096,67.2,2026-08-17,-0.0,35.4,False
3071,600243,*ST海华,3.83,-1.29,0.51,-58.86,3.875459357031,0.2417532,55.38226972,-1758,4883,69.2,2026-08-17,-1.17,38.3,False
3072,600246,万通发展,13.3,0.15,4.78,-57.54,12.914922376641,0.4264496,67.18650925,1832,2003,78.0,2026-08-17,2.98,52.4,False
3073,600248,陕建股份,2.87,-1.71,0.33,14.93,2.901227634254,0.2379568,68.40972803,1202,1640,70.4,2026-08-17,-1.08,48.2,False
3074,600249,两面针,5.33,0.19,0.91,-19.15,5.287516688397,0.1483164,60.64622718,-352,3904,69.6,2026-08-17,0.8,42.2,False
3075,600250,南京商旅,8.4,-1.18,0.68,142.35,8.4737311073,0.1140952,58.01354305,341,4500,70.0,2026-08-17,-0.87,40.6,False
3076,600251,冠农股份,10.18,2.72,1.73,6.79,9.862006418566,0.3538008,78.84295436,227,104,77.2,2026-08-17,3.22,60.9,False
3077,600252,中恒集团,2.29,-1.72,1.0,-54.37,2.304927466179,0.3320936,63.02613551,-646,3255,79.6,2026-08-17,-0.65,50.2,False
3078,600255,鑫科材料,3.29,-2.37,1.74,69.73,3.34537662095,0.2950308,60.19386328,-1488,4012,72.8,2026-08-17,-1.66,43.8,False
3079,600256,广汇能源,6.04,1.85,1.09,40.83,5.955463905403,0.3086952,57.81973093,-2283,4540,78.4,2026-08-17,1.42,45.3,False
3080,600257,大湖股份,5.63,-1.05,2.27,80.25,5.603699398411,0.2274244,65.98660328,-1549,2356,81.2,2026-08-17,0.47,53.6,False
3081,600258,首旅酒店,12.11,1.68,0.91,19.99,11.816626493481,0.1554676,70.5893357,576,1114,76.8,2026-08-17,2.48,54.2,False
3082,600259,中稀有色,89.55,-1.94,1.87,44.07,89.487377925877,0.3757036,65.65311717,-2037,2472,90.8,2026-08-17,0.07,59.6,False
3083,600261,阳光照明,3.19,0.95,1.04,147.03,3.150619118871,0.2597076,64.16736795,142,2920,68.8,2026-08-17,1.25,44.1,False
3084,600262,北方股份,14.9,-1.65,0.98,11.78,15.072632190637,0.2118176,73.26904729,1344,602,75.2,2026-08-17,-1.15,55.1,False
3085,600265,*ST景谷,22.97,-1.67,0.45,-710.89,23.270949296094,0.1729448,66.41071926,-668,2225,62.8,2026-08-17,-1.29,41.7,False
3086,600266,城建发展,4.23,-1.63,1.03,13.38,4.265930436165,0.3307888,69.89053172,-485,1274,86.0,2026-08-17,-0.84,60.1,False
3087,600267,海正药业,14.15,-1.53,2.7,11.74,14.243374681441,0.301558,71.92253076,-712,827,91.6,2026-08-17,-0.66,65.9,False
3088,600268,国电南自,10.97,-2.58,0.82,66.23,11.048818150229,0.3248608,71.5783247,1350,888,79.2,2026-08-17,-0.71,56.7,False
3089,600269,赣粤高速,3.77,-0.53,0.24,21.2,3.755494756391,0.237316,64.98608155,-1186,2679,69.6,2026-08-17,0.39,45.2,False
3090,600271,航天信息,6.8,-1.45,0.34,-12.0,6.855295065778,0.2303504,62.70689074,531,3337,76.0,2026-08-17,-0.81,47.7,False
3091,600272,开开实业,20.39,7.15,26.88,74.18,18.335797057932,0.266198,65.94598132,-2316,2372,92.0,2026-08-17,11.2,60.7,False
3092,600273,嘉化能源,6.85,-0.15,0.55,21.72,6.786460238417,0.278638,66.57896616,-1226,2174,73.2,2026-08-17,0.94,48.7,False
3093,600276,恒瑞医药,52.55,-0.61,0.55,38.21,52.766874791352,0.4350632,73.11421754,-179,637,93.6,2026-08-17,-0.41,68.4,False
3094,600278,东方创业,6.25,-0.95,0.12,37.75,6.263429371065,0.1622568,66.76771099,968,2122,69.6,2026-08-17,-0.21,46.5,False
3095,600279,重庆港,4.26,0.47,0.3,1359.41,4.230758457267,0.1779088,60.80072491,804,3872,66.8,2026-08-17,0.69,40.6,False
3096,600280,中央商场,3.04,0.66,1.61,-122.64,2.9925682153,0.21544,58.51345997,563,4397,70.4,2026-08-17,1.58,41.2,False
3097,600281,华阳新材,5.08,4.74,7.93,7236.4,4.649932159772,0.3614808,65.84160771,1915,2404,73.2,2026-08-17,9.25,48.2,False
3098,600282,南钢股份,4.66,1.53,0.43,12.03,4.560052982497,0.3126244,70.44494512,-12,1140,74.8,2026-08-17,2.19,52.7,False
3099,600283,钱江水利,7.93,-0.25,0.16,29.4,7.927773089115,0.2102112,59.01710218,-1404,4287,72.0,2026-08-17,0.03,42.5,False
3100,600284,浦东建设,5.09,-2.3,0.78,25.75,5.166297078795,0.320508,66.22304165,-393,2281,73.6,2026-08-17,-1.48,48.7,False
3101,600285,羚锐制药,19.62,0.67,1.09,11.24,19.42564261452,0.2352964,71.85600661,-286,840,82.4,2026-08-17,1.0,59.2,False
3102,600287,苏豪时尚,4.77,-1.24,0.3,86.72,4.784901218421,0.0443496,61.44660014,-70,3686,67.2,2026-08-17,-0.31,41.3,False
3103,600288,大恒科技,12.0,-9.23,13.8,25.62,13.077706887474,0.3317396,80.53463505,18,40,89.6,2026-08-17,-8.24,72.2,False
3104,600289,ST信通,4.5,-1.1,0.21,-14.24,4.544692054037,0.1917732,53.31191405,-132,5058,68.0,2026-08-17,-0.98,36.3,False
3105,600292,电投水电,12.15,-1.3,1.07,36.82,12.281121600849,0.2673532,61.1639347,-349,3752,73.2,2026-08-17,-1.07,44.8,False
3106,600293,三峡新材,2.85,0.35,1.36,-33.11,2.814848200966,0.30447,57.6471105,-166,4565,66.4,2026-08-17,1.25,38.3,False
3107,600295,鄂尔多斯,12.38,-0.16,0.17,13.22,12.374086938733,0.078914,68.75224916,-191,1544,76.4,2026-08-17,0.05,52.5,False
3108,600298,安琪酵母,42.08,0.45,0.65,20.73,41.333215853087,0.2702236,76.92235695,71,207,87.6,2026-08-17,1.81,67.4,False
3109,600299,安迪苏,8.73,3.07,1.29,14.85,8.406963595238,0.2285516,68.24141875,-201,1698,74.0,2026-08-17,3.84,50.5,False
3110,600300,维维股份,3.31,1.53,2.02,15.9,3.238228105131,0.2781952,70.88446455,-222,1041,76.0,2026-08-17,2.22,53.9,False
3111,600301,华锡有色,49.19,-3.53,2.3,29.14,50.727265465107,0.2915076,69.62198494,-587,1341,80.0,2026-08-17,-3.03,55.7,False
3112,600302,ST标准,6.62,-5.16,1.11,-27.77,6.935402153408,0.2049828,53.92910301,-1596,5023,66.0,2026-08-17,-4.55,35.6,False
3113,600303,曙光股份,2.91,0.69,1.98,-8.26,2.882680089035,0.20015,55.95728877,-390,4815,73.2,2026-08-17,0.95,41.0,False
3114,600305,恒顺醋业,6.86,0.73,0.47,28.42,6.780998276414,0.1322764,65.60839959,-831,2487,76.8,2026-08-17,1.17,50.4,False
3115,600307,酒钢宏兴,1.45,0.0,0.24,-12.48,1.445604878093,0.4891108,56.54423096,-156,4743,71.6,2026-08-17,0.3,40.5,False
3116,600308,华泰股份,3.23,0.0,0.27,53.54,3.221726074541,0.2714336,56.06705954,-648,4799,68.0,2026-08-17,0.26,38.1,False
3117,600309,万华化学,73.5,0.51,0.61,15.47,72.954819385924,0.392204,75.20580425,370,367,91.2,2026-08-17,0.75,68.6,False
3118,600310,广西能源,4.18,-2.34,1.83,-44.49,4.260362486202,0.2760052,55.49547901,-741,4869,72.0,2026-08-17,-1.89,40.0,False
3119,600312,平高电气,19.52,-2.74,0.76,15.96,19.815924573662,0.346238,74.42227905,963,456,85.2,2026-08-17,-1.49,63.4,False
3120,600313,农发种业,6.78,10.06,8.49,103.76,6.042704466981,0.459258,79.57592052,3316,71,77.2,2026-08-17,12.2,61.4,False
3121,600315,上海家化,17.27,-1.88,0.43,13.07,17.388590764788,0.1774228,68.78073928,-374,1535,76.4,2026-08-17,-0.68,52.5,False
3122,600316,洪都航空,28.99,-1.02,0.67,898.67,29.032056865689,0.3363508,65.74959427,1493,2430,88.8,2026-08-17,-0.14,58.4,False
3123,600318,新力金融,6.45,-2.86,1.13,53.95,6.572329968408,0.2620984,65.52840588,1644,2517,75.6,2026-08-17,-1.86,49.5,False
3124,600319,亚星化学,6.23,-0.95,0.39,-11.37,6.254907140256,0.0527328,55.57832733,197,4861,65.6,2026-08-17,-0.4,36.5,False
3125,600320,振华重工,4.11,0.24,0.47,14.35,4.069968229293,0.319694,68.24905771,-93,1696,77.2,2026-08-17,0.98,52.7,False
3126,600322,津投城开,2.7,-0.74,0.6,6528.84,2.697991728701,0.3055664,55.7911504,-1247,4837,68.8,2026-08-17,0.07,38.4,False
3127,600323,瀚蓝环境,29.3,-0.41,0.26,9.91,29.389281963705,0.1401248,70.35330478,-737,1167,73.2,2026-08-17,-0.3,51.5,False
3128,600325,华发股份,2.36,-0.84,1.02,-1.72,2.361618057773,0.321424,63.17390437,-600,3214,76.0,2026-08-17,-0.07,48.0,False
3129,600326,西藏天路,7.34,0.27,1.96,-58.21,7.26313379939,0.2363616,59.82488386,-702,4075,90.8,2026-08-17,1.06,54.3,False
3130,600327,大东方,3.96,-1.74,1.08,48.29,3.983989832425,0.153642,62.12025612,-931,3513,85.6,2026-08-17,-0.6,53.2,False
3131,600328,中盐化工,6.31,0.64,0.62,-14.99,6.243400616962,0.2490852,63.31623882,258,3176,74.4,2026-08-17,1.07,47.1,False
3132,600329,达仁堂,35.83,-0.91,0.24,21.4,35.690034444325,0.2130544,67.71285022,520,1832,82.4,2026-08-17,0.39,55.8,False
3133,600330,天通股份,28.15,2.44,9.37,-207.44,26.392724729968,0.5043372,70.26466988,-214,1184,93.6,2026-08-17,6.66,65.8,False
3134,600331,宏达股份,12.69,-1.48,0.85,-248.65,12.771971590021,0.357068,66.98487718,168,2056,78.8,2026-08-17,-0.64,52.8,False
3135,600332,白云山,21.14,-0.38,0.26,4.82,21.142435396254,0.2443064,68.30467838,-1038,1681,82.8,2026-08-17,-0.01,56.6,False
3136,600333,长春燃气,6.33,0.96,0.81,50.23,6.250191583389,0.251572,64.24898646,-1376,2896,74.8,2026-08-17,1.28,48.1,False
3137,600335,国机汽车,5.04,-0.59,0.29,14.88,5.034129670862,0.1245756,69.26090106,779,1421,72.4,2026-08-17,0.12,50.1,False
3138,600336,澳柯玛,6.24,-1.58,0.35,33.22,6.29694455384,0.1540984,58.69783915,-634,4360,72.0,2026-08-17,-0.9,42.3,False
3139,600337,ST美克,3.0,-2.28,0.78,-5.09,3.067106985983,0.369648,56.98777391,478,4680,70.4,2026-08-17,-2.19,40.1,False
3140,600338,西藏珠峰,13.52,-2.59,1.94,17.18,13.788524304698,0.2476116,62.98509441,-164,3263,77.6,2026-08-17,-1.95,48.9,False
3141,600339,中油工程,3.37,3.69,1.4,22.34,3.230633988739,0.3003388,68.92784981,1043,1501,71.2,2026-08-17,4.31,49.1,False
3142,600340,*ST华幸,1.09,0.0,0.44,-0.62,1.095284450893,0.5112648,59.80877779,-253,4079,73.2,2026-08-17,-0.48,43.8,False
3143,600343,航天动力,20.21,-1.75,1.25,-145.03,20.236927979484,0.2568492,59.50567569,950,4155,80.0,2026-08-17,-0.13,47.6,False
3144,600345,长江通信,48.26,-1.47,2.35,221.64,48.36744543185,0.2949204,71.85971448,-57,838,75.6,2026-08-17,-0.22,54.3,False
3145,600346,恒力石化,17.62,0.92,0.17,7.93,17.364724922356,0.2882076,75.22429144,264,365,83.6,2026-08-17,1.47,62.9,False
3146,600348,华阳股份,8.95,1.24,0.48,16.69,8.828417513617,0.2853272,61.97581708,-2341,3548,82.0,2026-08-17,1.38,50.8,False
3147,600350,山东高速,10.57,-0.47,0.12,15.3,10.673368269043,0.1539436,62.85104064,-710,3301,72.8,2026-08-17,-0.97,45.8,False
3148,600351,亚宝药业,7.07,-1.26,2.28,13.77,7.106735848912,0.3183832,77.4439477,268,168,82.0,2026-08-17,-0.52,63.5,False
3149,600352,浙江龙盛,12.96,-1.07,0.65,19.62,12.949941391088,0.3412668,65.93878674,148,2375,87.2,2026-08-17,0.08,57.5,False
3150,600353,旭光电子,37.54,9.99,6.77,233.08,33.962560188279,0.5929236,75.85744088,-164,299,92.8,2026-08-17,10.53,70.4,False
3151,600354,敦煌种业,6.82,7.4,15.47,19.05,6.338942460933,0.2867232,74.35433577,2473,467,82.4,2026-08-17,7.59,61.3,False
3152,600356,恒丰纸业,8.91,0.22,0.59,12.9,8.875250640865,0.1352828,75.9471838,604,290,75.6,2026-08-17,0.39,57.4,False
3153,600358,国旅联合,5.15,-1.34,0.46,-236.55,5.243886007699,0.1807816,57.38019954,-262,4608,70.0,2026-08-17,-1.79,40.2,False
3154,600359,新农开发,6.64,5.4,5.33,28.33,6.263081721623,0.1351644,64.52456939,2064,2816,72.4,2026-08-17,6.02,46.7,False
3155,600360,华微电子,10.9,-1.27,3.86,45.19,10.815269195355,0.3674748,67.53307596,1961,1890,79.6,2026-08-17,0.78,53.8,False
3156,600361,创新新材,3.62,-1.09,0.4,12.68,3.640529859464,0.2560212,70.08690511,1171,1224,72.0,2026-08-17,-0.56,50.5,False
3157,600362,江西铜业,45.95,-3.71,1.74,14.12,46.676554805839,0.4337684,77.84084468,303,151,87.6,2026-08-17,-1.56,68.2,False
3158,600363,联创光电,20.07,-5.11,5.87,27.37,20.660585766719,0.259194,59.89316677,-473,4061,90.0,2026-08-17,-2.86,53.9,False
3159,600365,ST通葡,2.76,-0.72,0.11,-27.2,2.776737523105,0.08154,56.36928069,-1486,4765,65.6,2026-08-17,-0.6,37.0,False
3160,600366,宁波韵升,12.29,-2.54,2.9,24.64,12.489256505995,0.2757472,63.62440486,-1924,3087,86.8,2026-08-17,-1.6,55.2,False
3161,600367,红星发展,36.97,6.39,6.64,110.05,34.418188166053,0.27659,67.12091995,362,2018,82.8,2026-08-17,7.41,55.6,False
3162,600368,五洲交通,3.98,0.25,0.34,8.12,3.953702885727,0.3234664,65.12901227,-1612,2638,76.0,2026-08-17,0.67,49.5,False
3163,600369,西南证券,4.04,-1.46,0.27,21.63,4.085334803743,0.3278904,67.70675298,681,1836,76.4,2026-08-17,-1.11,51.7,False
3164,600370,*ST三房,1.49,-0.67,0.2,45.77,1.495139896322,0.4512612,51.82649195,-88,5130,66.0,2026-08-17,-0.34,34.2,False
3165,600371,万向德农,8.14,10.0,3.26,86.28,7.357057527924,0.1028052,65.58057267,2414,2498,72.8,2026-08-17,10.64,47.7,False
3166,600372,中航机载,11.11,-1.51,0.21,74.64,11.255515502993,0.3218984,63.2596258,-1847,3191,78.4,2026-08-17,-1.29,49.6,True
3167,600373,中文传媒,7.0,-1.41,0.43,21.69,7.053996397756,0.1431348,55.86457202,-150,4828,74.4,2026-08-17,-0.77,41.6,False
3168,600375,汉马科技,3.95,-0.75,0.42,58.32,3.95057982587,0.305068,64.10817774,-297,2946,69.6,2026-08-17,-0.01,44.6,False
3169,600376,首开股份,4.2,1.45,4.27,-3.59,4.058240124085,0.346568,68.53047467,1763,1607,90.8,2026-08-17,3.49,62.2,False
3170,600377,宁沪高速,11.9,-0.25,0.07,10.97,11.931392572994,0.1205632,67.67456374,-1373,1846,79.2,2026-08-17,-0.26,53.6,False
3171,600378,昊华科技,49.28,-1.99,3.03,51.6,49.640433377491,0.4113912,77.24499708,1118,182,87.2,2026-08-17,-0.73,67.4,False
3172,600379,宝光股份,14.83,0.2,3.11,132.74,14.657403954598,0.246784,69.36712643,1677,1399,87.2,2026-08-17,1.18,60.5,False
3173,600380,健康元,10.23,0.89,0.55,11.28,10.075467673138,0.200622,67.44152287,-562,1922,79.2,2026-08-17,1.53,53.4,False
3174,600381,*ST春天,4.52,-1.09,0.45,-40.76,4.512821715207,0.350718,63.61331815,1417,3092,70.0,2026-08-17,0.16,44.5,False
3175,600382,广东明珠,6.23,-2.35,0.98,18.42,6.381265196748,0.2518632,62.74667487,-1515,3324,67.6,2026-08-17,-2.37,42.4,False
3176,600383,金地集团,2.2,0.0,0.78,-3.65,2.190011006991,0.4388632,60.02468916,-224,4040,76.4,2026-08-17,0.46,45.9,False
3177,600386,北巴传媒,3.36,-0.88,0.4,-72.4,3.377683462638,0.14212,63.52335194,-743,3115,65.6,2026-08-17,-0.52,41.7,False
3178,600388,紫金龙净,17.64,-0.11,0.72,20.11,17.355836843941,0.2475328,70.11756321,-577,1216,77.2,2026-08-17,1.64,54.1,False
3179,600389,江山股份,19.02,0.53,1.71,11.21,18.796238100096,0.2656104,66.33155439,650,2254,76.4,2026-08-17,1.19,50.7,False
3180,600390,五矿资本,4.83,-1.23,0.25,19.1,4.845013999859,0.3089176,66.02897735,725,2344,77.6,2026-08-17,-0.31,51.2,False
3181,600391,航发科技,31.34,-2.61,1.44,-227.94,31.965665667398,0.2264604,60.83488485,-179,3866,73.2,2026-08-17,-1.96,44.5,False
3182,600392,盛和资源,23.5,-2.73,2.15,31.46,23.785875422511,0.3908624,70.85916955,-753,1054,93.2,2026-08-17,-1.2,66.0,False
3183,600395,盘江股份,5.19,-0.76,0.58,61.45,5.230499715631,0.2734904,67.54134105,145,1886,81.2,2026-08-17,-0.77,54.8,False
3184,600396,华电辽能,16.36,-3.31,10.53,38.2,16.836606600005,0.2607684,54.91454136,-120,4940,93.6,2026-08-17,-2.83,51.4,False
3185,600397,江钨装备,18.84,0.91,8.03,3497.72,18.397237172674,0.330072,63.69709064,-846,3054,92.4,2026-08-17,2.41,58.9,False
3186,600398,海澜之家,5.88,-0.68,0.26,7.44,5.893711111293,0.2099364,73.56988058,464,559,79.2,2026-08-17,-0.23,58.3,False
3187,600399,抚顺特钢,4.34,-0.69,0.72,-14.61,4.343588664064,0.2823816,68.01243011,451,1748,74.8,2026-08-17,-0.08,50.9,False
3188,600400,红豆股份,3.23,-0.92,1.04,330.37,3.218721190969,0.4249772,64.26536209,669,2891,74.0,2026-08-17,0.35,47.6,False
3189,600403,大有能源,6.41,1.75,3.01,-10.38,6.266877763058,0.2380228,53.3044255,-580,5059,90.0,2026-08-17,2.28,48.0,False
3190,600405,动力源,4.56,0.22,1.21,-19.85,4.519691194549,0.157705272727,55.25877358,-143,4901,79.2,2026-08-17,0.89,43.8,False
3191,600406,国电南瑞,23.37,-0.76,0.21,65.06,23.442351284814,0.3484268,76.70209252,180,223,89.2,2026-08-17,-0.31,68.4,False
3192,600408,安泰集团,2.86,0.35,2.3,-14.42,2.819796457248,0.2450172,67.91644018,631,1781,70.8,2026-08-17,1.43,48.1,False
3193,600409,三友化工,6.78,-0.15,0.72,-38.23,6.725728959079,0.2168852,69.54217154,1105,1361,80.0,2026-08-17,0.81,55.6,False
3194,600410,华胜天成,14.93,-3.43,2.72,-44.34,15.321688077187,0.1760752,55.53441597,-400,4865,81.6,2026-08-17,-2.56,45.3,False
3195,600415,小商品城,12.29,3.1,1.09,17.01,11.847185306954,0.42182,78.73743982,146,111,85.6,2026-08-17,3.74,67.4,False
3196,600416,湘电股份,8.81,-2.0,0.58,63.92,8.936218748557,0.23408,54.74941146,-876,4953,71.2,2026-08-17,-1.41,39.0,False
3197,600418,江淮汽车,22.01,-2.48,2.14,-20.47,22.669451459505,0.3835808,57.3762208,-944,4609,90.4,2026-08-17,-2.91,51.9,False
3198,600419,天润乳业,9.07,1.23,1.57,24.05,8.965033235597,0.2462192,70.03035863,-120,1237,79.6,2026-08-17,1.17,55.7,False
3199,600420,国药现代,8.66,-0.46,0.35,20.98,8.636672522188,0.2327924,71.42818612,-310,923,75.2,2026-08-17,0.27,53.7,False
3200,600422,昆药集团,8.68,0.12,0.72,-11.59,8.675991121535,0.1697072,59.61429945,-624,4128,80.0,2026-08-17,0.05,47.7,False
3201,600423,*ST柳化,2.88,-0.35,0.16,81.09,2.84214074956,0.3656992,69.35361361,2114,1404,65.2,2026-08-17,1.33,45.2,False
3202,600425,青松建化,3.61,0.28,0.73,23.3,3.568964997965,0.2690296,70.66910866,684,1100,73.6,2026-08-17,1.15,52.0,False
3203,600426,华鲁恒升,21.13,1.0,0.67,13.01,20.799307113741,0.3048648,74.88769728,133,411,82.4,2026-08-17,1.59,61.7,False
3204,600428,中远海特,12.11,2.45,1.17,20.47,11.676416050078,0.276666,68.63768549,-73,1580,81.2,2026-08-17,3.71,55.7,False
3205,600429,三元股份,4.68,0.86,0.85,17.51,4.648406049521,0.1674892,67.46838944,1899,1909,77.2,2026-08-17,0.68,52.1,False
3206,600433,冠豪高新,3.38,-0.88,0.97,13.9,3.403317658991,0.3338232,62.02032945,-24,3538,71.6,2026-08-17,-0.69,44.4,False
3207,600435,北方导航,10.95,-2.58,1.54,-263.3,11.31075789193,0.3057096,73.81261248,218,534,81.6,2026-08-17,-3.19,60.2,False
3208,600436,片仔癀,128.64,-1.18,0.36,26.1,130.295806803049,0.2982368,66.73936064,-821,2132,81.6,2026-08-17,-1.27,54.5,False
3209,600438,通威股份,12.8,-0.85,0.63,-5.89,13.027442611972,0.3568468,62.07545035,-1893,3521,88.8,2026-08-17,-1.75,55.1,False
3210,600439,ST瑞贝卡,1.85,-1.07,0.6,136.59,1.864693347341,0.436248823529,59.30094633,588,4221,66.8,2026-08-17,-0.79,39.6,False
3211,600444,国机通用,13.77,-1.43,0.73,53.33,13.894141062992,0.11244,63.45247321,505,3132,69.6,2026-08-17,-0.89,44.2,False
3212,600446,金证股份,10.62,-2.93,0.9,-51.05,10.851365951005,0.2244916,60.90114975,400,3843,76.4,2026-08-17,-2.13,46.5,False
3213,600448,华纺股份,2.91,-0.34,0.89,-16.27,2.901969692508,0.1232052,60.3884446,-660,3963,70.0,2026-08-17,0.28,42.3,False
3214,600449,宁夏建材,11.9,-2.3,1.59,-314.32,12.083802778818,0.2675696,62.63301786,692,3368,78.8,2026-08-17,-1.52,49.4,False
3215,600452,涪陵电力,9.16,-1.4,0.74,27.42,9.261367898128,0.3229212,64.58676744,792,2791,77.6,2026-08-17,-1.09,50.1,False
3216,600455,博通股份,24.16,-1.55,0.76,22.39,24.342269359758,0.1259864,74.2152396,225,480,70.0,2026-08-17,-0.75,52.0,False
3217,600456,宝钛股份,27.32,-1.8,0.54,55.39,27.630967858544,0.242628,58.62651072,40,4374,79.2,2026-08-17,-1.13,46.4,False
3218,600458,时代新材,11.56,-1.78,0.77,17.39,11.658831495875,0.25303,65.98264488,-1770,2360,70.4,2026-08-17,-0.85,46.5,False
3219,600459,贵研铂业,22.75,-0.96,5.44,21.08,22.150855999086,0.4913192,75.27109346,1167,358,84.4,2026-08-17,2.7,63.5,False
3220,600460,士兰微,34.12,0.21,3.46,67.97,33.569048100997,0.3737344,73.90968525,1602,522,84.4,2026-08-17,1.64,62.4,False
3221,600461,洪城环境,8.87,0.11,0.25,9.01,8.833200778375,0.1800952,68.92215303,-199,1504,69.2,2026-08-17,0.42,47.7,False
3222,600463,空港股份,8.09,-1.22,0.41,93.73,8.167414088171,0.0846244,58.06794885,-1118,4495,67.2,2026-08-17,-0.95,39.0,False
3223,600467,好当家,2.39,1.7,1.58,58.24,2.337867328508,0.2996704,69.55895979,1611,1357,72.0,2026-08-17,2.23,50.1,False
3224,600468,百利电气,6.06,-2.26,0.93,64.54,6.145263972734,0.2160504,60.90396696,-300,3842,86.8,2026-08-17,-1.39,52.9,False
3225,600469,风神股份,5.27,-0.75,0.27,23.04,5.281902093752,0.1915764,69.29657508,878,1414,67.6,2026-08-17,-0.23,46.8,False
3226,600470,六国化工,5.71,1.96,3.91,-8.24,5.575915904845,0.298342,63.423377,1830,3138,76.0,2026-08-17,2.4,48.2,False
3227,600475,华光环能,15.1,0.73,1.34,31.07,14.771083955313,0.2493256,69.35743548,-855,1402,83.6,2026-08-17,2.23,58.0,False
3228,600476,*ST湘邮,9.53,-1.75,0.36,146.05,9.621611036938,0.2006596,65.04446523,598,2663,69.2,2026-08-17,-0.95,45.0,False
3229,600477,杭萧钢构,2.43,-1.22,0.52,35.1,2.444351070689,0.2699804,59.02070118,84,4286,72.4,2026-08-17,-0.59,42.7,False
3230,600478,科力远,4.92,-0.81,0.66,53.77,4.925654020348,0.1637384,61.26294211,-1524,3728,73.6,2026-08-17,-0.11,45.1,False
3231,600479,千金药业,9.92,-0.6,0.58,16.27,9.936441672803,0.1785404,67.26824275,-427,1974,78.0,2026-08-17,-0.17,52.5,False
3232,600480,凌云股份,8.6,-1.15,0.44,17.13,8.594087629178,0.2562228,69.2462153,1460,1424,70.4,2026-08-17,0.07,48.7,False
3233,600481,双良节能,4.38,-0.68,0.92,-5.73,4.387652884152,0.2625024,56.2255095,-444,4776,74.0,2026-08-17,-0.17,41.6,False
3234,600482,中国动力,33.59,-0.68,0.3,32.39,33.044055497101,0.353124,75.70097669,732,319,78.4,2026-08-17,1.65,59.3,False
3235,600483,福能股份,10.37,0.29,0.24,11.09,10.319291338941,0.2425948,67.41482784,-1382,1928,74.0,2026-08-17,0.49,49.9,False
3236,600486,扬农化工,55.82,2.74,1.0,13.85,53.791896705911,0.2377628,70.78647053,1355,1075,78.4,2026-08-17,3.77,55.5,False
3237,600487,亨通光电,64.85,-0.32,7.29,36.17,64.407491790935,0.471268,76.36121646,-247,251,95.6,2026-08-17,0.69,73.0,False
3238,600488,津药药业,6.03,0.17,4.29,118.49,5.902060540161,0.2756148,64.5536153,1668,2806,76.8,2026-08-17,2.17,49.6,False
3239,600489,中金黄金,25.27,-0.82,0.69,12.86,25.215691775729,0.4488232,79.69476027,429,66,89.6,2026-08-17,0.22,71.4,False
3240,600490,鹏欣资源,7.08,-1.39,1.24,35.51,7.153301815823,0.3040544,65.32633544,177,2581,88.0,2026-08-17,-1.02,57.5,False
3241,600491,ST龙元,1.57,-4.27,5.05,-4.65,1.55886026635,0.439662363636,67.79106002,1897,1808,76.0,2026-08-17,0.71,51.5,False
3242,600493,凤竹纺织,6.03,-1.31,0.87,-60.71,6.07556845703,0.061614,59.53742007,-418,4145,66.4,2026-08-17,-0.75,39.5,False
3243,600495,晋西车轴,4.16,0.24,0.49,127.08,4.145182716126,0.2013336,60.93737488,-733,3834,76.8,2026-08-17,0.36,46.8,False
3244,600496,精工钢构,3.22,-0.62,0.53,10.58,3.20849610425,0.256634,65.49638978,-1301,2526,71.6,2026-08-17,0.36,46.9,False
3245,600497,驰宏锌锗,10.1,-2.23,1.48,19.23,10.300892832738,0.3562852,66.50905328,262,2187,84.0,2026-08-17,-1.95,55.9,False
3246,600498,烽火通信,40.63,-2.64,4.52,359.33,40.902201242215,0.3974768,74.4654978,-195,454,92.4,2026-08-17,-0.67,68.8,False
3247,600499,科达制造,14.53,2.61,1.24,11.88,14.013759369935,0.2607016,72.57140038,-631,720,85.6,2026-08-17,3.68,62.1,False
3248,600500,中化国际,5.51,-1.43,3.36,-35.18,5.517836499069,0.3517164,67.63206045,413,1862,82.0,2026-08-17,-0.14,55.5,False
3249,600501,航天晨光,14.64,-2.47,0.61,-25.27,14.86595812062,0.1548636,62.85825071,1524,3297,74.4,2026-08-17,-1.52,46.8,False
3250,600502,安徽建工,4.43,0.0,0.57,5.71,4.407867618056,0.2901892,71.72166433,-241,861,75.6,2026-08-17,0.5,54.2,False
3251,600503,华丽家族,2.14,-1.38,0.76,-166.03,2.154661088396,0.199464,54.38759645,-971,4985,72.8,2026-08-17,-0.68,39.6,False
3252,600505,西昌电力,10.77,-1.46,1.14,315.34,10.899311049324,0.1877452,55.52997093,-253,4866,71.6,2026-08-17,-1.19,39.8,False
3253,600506,统一股份,14.98,-0.07,1.09,14.82,14.884259883924,0.2112228,69.34052073,1863,1408,72.8,2026-08-17,0.64,50.5,False
3254,600507,方大特钢,4.14,-0.72,0.45,22.18,4.167500465199,0.2580852,66.80003047,-989,2115,76.8,2026-08-17,-0.66,51.3,False
3255,600508,上海能源,8.75,1.16,0.39,29.92,8.607341992706,0.1241224,61.71371411,-763,3624,73.6,2026-08-17,1.66,45.4,False
3256,600509,天富能源,7.6,1.33,1.35,17.33,7.446930174629,0.2845828,59.05558857,-907,4279,72.8,2026-08-17,2.06,43.0,False
3257,600510,黑牡丹,6.6,-1.05,0.26,30.41,6.649209652574,0.138064,60.45813272,-792,3945,69.2,2026-08-17,-0.74,41.8,False
3258,600511,国药股份,27.21,-0.04,0.3,10.82,27.173784272072,0.2244252,72.67431648,-41,698,82.8,2026-08-17,0.13,60.2,False
3259,600512,腾达建设,2.05,0.0,0.51,20.46,2.046073307106,0.3895104,64.9619753,-617,2688,70.0,2026-08-17,0.19,45.5,False
3260,600513,联环药业,18.34,-0.97,4.1,203.71,18.021180726481,0.2596992,68.268156,2530,1692,81.6,2026-08-17,1.77,55.7,False
3261,600515,海南机场,2.86,0.0,0.32,72.64,2.859417180337,0.2833444,57.7126773,-1574,4552,74.8,2026-08-17,0.02,43.2,False
3262,600516,方大炭素,5.2,-0.95,0.56,590.78,5.211149799205,0.3346192,60.68879989,-718,3894,77.2,2026-08-17,-0.21,46.9,False
3263,600517,国网英大,4.92,-1.01,0.11,18.05,4.946599803386,0.2704852,66.85509059,-1264,2098,77.2,2026-08-17,-0.54,51.6,False
3264,600518,康美药业,1.39,-1.42,0.52,-290.12,1.409782821197,0.54994,63.9790842,392,2984,86.4,2026-08-17,-1.4,55.3,False
3265,600519,贵州茅台,1290.01,-0.24,0.15,18.11,1289.67345624532,0.5467612,76.92457894,-192,206,94.8,2026-08-17,0.03,72.9,False
3266,600520,三佳科技,25.91,-1.48,2.06,687.75,25.859572054064,0.2129368,62.06644484,489,3524,77.6,2026-08-17,0.2,48.2,False
3267,600521,华海药业,17.19,-0.98,1.48,15.92,17.30142460179,0.2577544,59.58417231,-900,4134,88.8,2026-08-17,-0.64,52.9,False
3268,600522,中天科技,35.21,-1.92,5.5,32.69,35.630503597275,0.4132128,71.70507733,-843,864,94.8,2026-08-17,-1.18,68.0,False
3269,600523,贵航股份,11.88,-3.1,1.31,23.26,12.131722896972,0.1709736,68.13443591,909,1717,70.8,2026-08-17,-2.07,48.2,False
3270,600525,ST长园,5.44,0.0,1.06,163.05,5.483629049813,0.4660112,58.53497276,-1026,4393,72.4,2026-08-17,-0.8,42.4,False
3271,600526,菲达环保,4.55,0.89,0.51,19.47,4.503050103425,0.1871584,63.75992594,218,3040,70.8,2026-08-17,1.04,45.1,False
3272,600527,江南高纤,2.18,-0.91,0.98,120.32,2.195091106285,0.3102748,60.55220173,182,3929,70.4,2026-08-17,-0.69,42.6,False
3273,600528,中铁工业,6.97,-0.85,0.15,12.14,7.006584942444,0.2119624,68.05161343,-428,1737,73.6,2026-08-17,-0.52,50.1,False
3274,600529,山东药玻,18.94,-1.15,0.59,15.62,19.077895148831,0.2896104,72.02696373,-597,812,80.0,2026-08-17,-0.72,57.6,False
3275,600530,ST交昂,3.76,-0.27,0.32,-115.5,3.764315526545,0.272069411765,51.04253252,-40,5156,64.0,2026-08-17,-0.11,32.7,False
3276,600531,豫光金铅,13.25,-2.0,1.88,14.57,13.404720849418,0.2771012,65.3955881,495,2552,84.0,2026-08-17,-1.15,54.9,False
3277,600533,栖霞建设,2.15,-1.38,0.4,-10.21,2.160775797159,0.1005112,62.07517395,1280,3522,68.0,2026-08-17,-0.5,42.2,False
3278,600535,天士力,15.45,0.59,0.65,12.93,15.254825561823,0.2189464,67.63522336,-321,1861,82.0,2026-08-17,1.28,55.5,False
3279,600536,中国软件,30.5,-2.62,0.9,-96.59,31.041273773158,0.264342,59.82861648,-651,4072,82.0,2026-08-17,-1.74,49.1,False
3280,600537,*ST亿晶,2.18,-2.24,1.15,-9.85,2.217785562261,0.3254332,53.10521003,-59,5068,71.6,2026-08-17,-1.7,38.0,False
3281,600538,国发股份,5.22,2.55,1.35,-90.61,5.026628392155,0.2443516,52.67807132,-26,5091,67.2,2026-08-17,3.85,35.4,False
3282,600539,狮头股份,14.01,-2.71,2.83,1530.73,14.273210865015,0.2207784,51.72589653,-133,5134,75.2,2026-08-17,-1.84,38.9,False
3283,600540,新赛股份,4.2,3.96,8.76,14.6,4.013155880637,0.2215776,64.90074271,75,2705,78.8,2026-08-17,4.66,51.1,False
3284,600543,*ST莫高,4.03,-1.47,0.42,-36.09,4.031154118352,0.151082,66.8284346,2200,2105,68.0,2026-08-17,-0.03,45.4,False
3285,600545,卓郎智能,4.52,-7.0,6.47,-67.14,4.775718367421,0.5031656,63.38968826,1224,3151,72.0,2026-08-17,-5.35,45.6,False
3286,600546,山煤国际,13.35,2.14,0.9,15.44,12.994783963175,0.2685908,67.35959919,-1611,1947,83.2,2026-08-17,2.73,56.0,False
3287,600547,山东黄金,30.09,-0.03,0.77,23.99,30.083930696106,0.39788,76.90966979,634,209,92.8,2026-08-17,0.02,71.4,False
3288,600548,深高速,8.3,-0.36,0.05,10.34,8.321885804603,0.0803476,62.91397491,-725,3280,68.8,2026-08-17,-0.26,43.3,False
3289,600549,厦门钨业,58.36,-0.07,2.91,20.93,57.536919430039,0.4876496,78.05997989,76,137,93.6,2026-08-17,1.43,73.1,False
3290,600550,保变电气,11.63,-2.43,0.94,89.89,11.752719550261,0.2783028,71.27334262,400,957,83.2,2026-08-17,-1.04,59.3,False
3291,600551,时代出版,6.92,-0.43,0.17,23.18,6.931742055946,0.1641964,63.67064097,-1534,3066,67.6,2026-08-17,-0.17,43.0,False
3292,600552,凯盛科技,19.26,0.1,6.93,162.91,18.964053983489,0.339504,73.9271773,411,519,84.0,2026-08-17,1.56,62.1,False
3293,600556,天下秀,4.81,-2.43,1.23,674.29,4.886794791821,0.2151548,64.56270092,-433,2801,84.4,2026-08-17,-1.57,54.5,False
3294,600557,康缘药业,12.61,-1.41,0.66,22.51,12.738553357899,0.1711764,66.02783614,-1443,2345,78.4,2026-08-17,-1.01,51.8,False
3295,600558,大西洋,4.88,-3.37,1.75,19.65,5.035782944244,0.3151608,74.79963264,-49,421,78.8,2026-08-17,-3.09,58.9,False
3296,600559,老白干酒,11.74,-0.84,0.53,16.23,11.732098402891,0.184228,66.72998925,-364,2135,84.0,2026-08-17,0.07,56.1,False
3297,600560,金自天正,11.17,-1.06,0.37,98.46,11.217086323857,0.1069276,60.55734327,-804,3926,69.6,2026-08-17,-0.42,42.1,False
3298,600561,江西长运,5.66,-0.88,0.46,-14.37,5.666148764905,0.036356,62.53185773,543,3400,67.2,2026-08-17,-0.11,42.0,False
3299,600562,国睿科技,26.6,1.92,0.53,106.99,26.033814371924,0.3151432,77.81670269,-41,155,82.4,2026-08-17,2.17,64.1,False
3300,600563,法拉电子,135.64,-2.48,1.21,28.5,137.002165763176,0.3676828,71.11863213,223,989,75.6,2026-08-17,-0.99,53.8,False
3301,600566,济川药业,24.17,-0.33,0.25,13.91,24.220343109106,0.100254,67.60357943,508,1870,78.4,2026-08-17,-0.21,53.0,False
3302,600567,山鹰国际,1.35,0.75,0.49,-4.21,1.339731293107,0.4691656,50.73007951,-19,5160,71.2,2026-08-17,0.77,36.1,False
3303,600568,ST中珠,2.22,-0.45,0.13,-55.17,2.229090619102,0.3622556,56.18301502,-1124,4782,65.6,2026-08-17,-0.41,36.9,False
3304,600569,安阳钢铁,1.76,0.0,0.29,-1.84,1.751745390917,0.2789524,56.61996611,245,4734,71.2,2026-08-17,0.47,40.3,False
3305,600570,恒生电子,21.53,-2.62,0.72,73.45,21.949714032878,0.3280808,72.56663395,284,723,86.0,2026-08-17,-1.91,62.4,False
3306,600571,信雅达,10.2,-3.04,0.97,-14.6,10.474768624196,0.1881712,66.15337523,754,2301,76.0,2026-08-17,-2.62,50.3,False
3307,600572,康恩贝,4.61,-3.96,3.41,14.74,4.782478156439,0.34821,78.81139887,-78,108,89.2,2026-08-17,-3.61,70.3,False
3308,600573,惠泉啤酒,9.9,1.54,1.21,75.23,9.657306074672,0.1540228,60.89599058,-1276,3844,65.6,2026-08-17,2.51,39.9,False
3309,600575,淮河能源,3.33,-0.6,0.39,18.43,3.338044568403,0.3059444,63.79651831,-780,3024,74.0,2026-08-17,-0.24,47.2,False
3310,600576,祥源文旅,5.44,-1.09,0.4,79.27,5.470945188566,0.2775176,53.92785838,-32,5024,67.2,2026-08-17,-0.57,36.2,False
3311,600577,精达股份,8.56,3.76,4.32,34.96,8.16956530431,0.2679304,66.85725676,105,2097,76.8,2026-08-17,4.78,51.3,False
3312,600578,京能电力,5.73,-3.21,1.21,8.71,5.878054310452,0.3111248,66.77350656,-593,2121,85.2,2026-08-17,-2.52,56.9,False
3313,600579,中化装备,7.15,-1.24,0.56,-25.02,7.265704473666,0.1401932,52.91604577,-622,5080,68.4,2026-08-17,-1.59,36.2,False
3314,600580,卧龙电驱,36.73,4.17,3.88,51.98,34.822118928656,0.3108432,69.30441419,1617,1413,88.4,2026-08-17,5.48,61.3,False
3315,600581,*ST八钢,2.29,-0.43,0.13,-5.13,2.293046367521,0.3655224,58.53283141,-1404,4395,72.0,2026-08-17,-0.13,42.1,False
3316,600582,天地科技,4.82,-0.41,0.18,11.52,4.838052704564,0.2763544,68.74727291,-376,1546,78.4,2026-08-17,-0.37,53.9,False
3317,600583,海油工程,6.04,7.66,2.04,12.24,5.568827382242,0.3006056,71.1171626,126,990,76.8,2026-08-17,8.46,54.6,False
3318,600584,长电科技,84.73,-1.3,5.6,130.58,82.795588747854,0.4651376,78.13673194,2093,133,90.0,2026-08-17,2.34,70.3,False
3319,600585,海螺水泥,17.38,0.06,0.16,15.62,17.337273944489,0.327136,65.55971526,-1454,2508,84.0,2026-08-17,0.25,55.1,False
3320,600586,金晶科技,4.2,0.24,0.45,-9.53,4.180910049223,0.2394396,54.58834701,-830,4972,72.4,2026-08-17,0.46,39.5,False
3321,600587,新华医疗,12.46,-0.8,0.53,15.23,12.494328361535,0.2097164,66.34018725,-673,2248,79.2,2026-08-17,-0.27,52.5,False
3322,600588,用友网络,11.36,-2.24,0.85,-13.43,11.479169947966,0.280052,58.31808364,-1886,4438,88.4,2026-08-17,-1.04,51.6,False
3323,600589,大位科技,8.29,-3.38,2.91,-96.37,8.431144221847,0.3183088,63.66918611,-204,3067,82.4,2026-08-17,-1.67,52.5,False
3324,600590,泰豪科技,8.76,-3.84,2.63,37.86,8.936608830552,0.254438,69.49174361,2152,1370,75.2,2026-08-17,-1.98,52.3,False
3325,600592,龙溪股份,14.99,1.22,1.35,-6173.28,14.648516467963,0.1973012,65.85381555,763,2400,71.6,2026-08-17,2.33,47.2,False
3326,600593,大连圣亚,40.23,-2.05,1.79,83.54,41.041908579175,0.2100224,61.05601023,-1950,3790,75.2,2026-08-17,-1.98,45.9,False
3327,600594,益佰制药,3.9,-0.76,3.13,-25.9,3.915534578884,0.2826884,63.17393471,1368,3213,81.2,2026-08-17,-0.4,51.3,False
3328,600595,中孚实业,6.23,-2.04,1.01,6.64,6.297027829133,0.3643868,71.87158778,-274,834,82.4,2026-08-17,-1.06,59.2,False
3329,600596,新安股份,11.19,-0.09,1.59,39.21,11.066487160976,0.3272716,67.37891175,1717,1942,72.4,2026-08-17,1.12,48.8,False
3330,600597,光明乳业,6.75,0.15,0.37,34.9,6.708978073407,0.2061048,65.32448046,1059,2583,79.2,2026-08-17,0.61,51.7,False
3331,600598,北大荒,13.29,8.58,4.58,10.17,12.191104036523,0.3285524,74.91704321,583,405,84.0,2026-08-17,9.01,62.9,False
3332,600600,青岛啤酒,51.63,-0.92,0.51,9.78,52.006442213023,0.2470588,69.55846586,-384,1358,85.6,2026-08-17,-0.72,59.5,False
3333,600601,方正科技,12.97,-0.15,3.1,59.83,12.746077648763,0.3463312,68.44807002,-100,1630,88.4,2026-08-17,1.76,60.5,False
3334,600602,云赛智联,19.25,-4.47,3.41,147.74,19.838678426596,0.2614156,70.25475955,-1153,1187,95.6,2026-08-17,-2.97,67.2,False
3335,600603,广汇物流,4.76,5.08,1.81,93.32,4.472005526036,0.2279216,62.48758945,1254,3413,66.8,2026-08-17,6.44,41.7,False
3336,600604,市北高新,4.66,-3.32,1.25,-28.55,4.874567024007,0.3002212,66.37592342,-1014,2235,87.6,2026-08-17,-4.4,58.1,False
3337,600605,汇通能源,25.5,-0.2,0.6,151.4,25.359281293372,0.2743848,62.20292506,73,3486,68.0,2026-08-17,0.55,42.3,False
3338,600606,绿地控股,1.27,-0.78,0.35,21.85,1.272683856707,0.5009356,58.09694157,305,4486,77.6,2026-08-17,-0.21,45.1,False
3339,600609,金杯汽车,3.2,-1.54,0.81,20.13,3.241015805534,0.2202076,60.11228357,-571,4030,68.4,2026-08-17,-1.27,41.1,False
3340,600610,中毅达,7.1,-0.42,2.27,102.8,7.092838588583,0.1733676,68.97139936,1769,1483,74.0,2026-08-17,0.1,51.0,False
3341,600611,大众交通,4.68,-5.07,3.92,-16.64,4.919253636965,0.2511308,60.37389576,-2786,3969,93.6,2026-08-17,-4.86,56.5,False
3342,600612,老凤祥,33.96,-0.59,0.29,8.12,33.964561109651,0.1423112,70.88310675,824,1042,74.4,2026-08-17,-0.01,52.7,False
3343,600613,神奇制药,7.76,10.07,9.08,80.42,6.977016947819,0.4244284,73.13984305,-405,628,88.8,2026-08-17,11.22,64.9,False
3344,600615,鑫源智造,9.37,-1.06,0.31,-126.44,9.433923534462,0.0647372,54.81088252,-843,4950,64.4,2026-08-17,-0.68,35.3,False
3345,600616,金枫酒业,4.31,0.0,0.95,595.1,4.304394584935,0.1630532,63.27395113,943,3188,73.6,2026-08-17,0.13,46.6,False
3346,600617,国新能源,3.49,0.58,1.15,13.39,3.420364749678,0.1259848,60.47468868,572,3941,82.0,2026-08-17,2.04,49.6,False
3347,600618,氯碱化工,10.26,0.49,0.44,14.41,10.13072898089,0.1903276,68.63918735,-835,1579,71.6,2026-08-17,1.28,49.1,False
3348,600619,海立股份,14.45,-1.37,1.17,53.53,14.538352188407,0.2588168,71.73025917,2152,857,87.2,2026-08-17,-0.61,62.5,False
3349,600620,天宸股份,4.33,-0.92,0.3,-77.72,4.333382998581,0.1007328,62.95521607,256,3267,66.0,2026-08-17,-0.08,41.6,False
3350,600621,华鑫股份,12.93,-2.05,0.48,22.09,13.138269671609,0.2407228,62.59394865,798,3381,76.4,2026-08-17,-1.59,47.8,False
3351,600622,光大嘉宝,2.2,-0.45,0.69,-7.39,2.195554079805,0.2144184,58.18675999,-308,4468,72.4,2026-08-17,0.2,42.1,False
3352,600623,华谊集团,8.3,-0.12,0.32,26.2,8.275228455775,0.2520984,72.38447225,-178,760,71.6,2026-08-17,0.3,51.8,False
3353,600624,ST复华,4.27,-0.23,0.36,-66.32,4.294337596625,0.3103228,65.79300715,757,2421,71.6,2026-08-17,-0.57,47.1,False
3354,600626,申达股份,3.55,-0.28,0.36,-98.38,3.531922599507,0.2118964,68.17418099,1528,1711,67.6,2026-08-17,0.51,46.1,False
3355,600628,新世界,6.25,-0.32,0.53,45.09,6.212025016063,0.2076668,70.96251649,226,1017,72.4,2026-08-17,0.61,51.4,False
3356,600629,华建集团,17.13,5.55,3.1,1199.27,16.216145663127,0.2611948,59.0130304,-1123,4288,82.8,2026-08-17,5.64,48.9,False
3357,600630,龙头股份,6.67,-1.33,1.04,28.63,6.703113209748,0.2178996,62.62775135,1505,3371,75.6,2026-08-17,-0.49,47.3,False
3358,600633,浙数文化,10.46,-2.61,0.9,22.0,10.687714203048,0.2549812,62.10056982,-1513,3516,79.2,2026-08-17,-2.13,49.2,False
3359,600635,大众公用,4.7,0.64,0.88,68.26,4.633115358269,0.2905264,65.32516081,740,2582,73.2,2026-08-17,1.44,47.8,False
3360,600637,东方明珠,8.03,-1.83,0.44,109.49,8.086719098672,0.3547792,68.64327603,-214,1577,74.8,2026-08-17,-0.7,51.3,False
3361,600638,新黄浦,4.94,-0.4,0.71,6.01,4.949070572148,0.1960068,60.86875115,-685,3852,68.0,2026-08-17,-0.18,41.4,False
3362,600639,浦东金桥,9.48,-0.32,0.13,36.81,9.46995675695,0.1543532,67.07776902,-321,2030,71.2,2026-08-17,0.11,47.8,False
3363,600640,国脉文化,10.79,-1.28,0.51,269.91,10.840620061693,0.2400152,63.73895076,-2189,3045,76.0,2026-08-17,-0.47,48.4,False
3364,600641,先导基电,35.42,-1.77,5.61,79.8,35.225036605703,0.3967608,68.02066311,2014,1747,94.0,2026-08-17,0.55,63.9,False
3365,600642,申能股份,8.43,0.0,0.26,13.09,8.45336920524,0.2720828,67.65589366,-425,1850,80.4,2026-08-17,-0.28,54.4,False
3366,600643,爱建集团,3.9,-1.52,0.34,196.75,3.910718188669,0.1863,55.15260632,191,4910,68.8,2026-08-17,-0.27,37.9,False
3367,600644,乐山电力,9.1,-2.15,1.87,382.25,9.279994236976,0.176078,52.65782715,-608,5092,85.6,2026-08-17,-1.94,45.1,False
3368,600645,中源协和,22.6,5.71,6.6,109.05,21.487527494037,0.32194,68.33602952,-1583,1665,88.0,2026-08-17,5.18,60.1,False
3369,600648,外高桥,9.0,0.0,0.09,206.43,8.947563608327,0.095884,64.65745866,-658,2773,68.8,2026-08-17,0.59,44.5,False
3370,600649,城投控股,3.74,0.0,0.29,320.63,3.713595151638,0.2883684,71.25323224,699,960,70.0,2026-08-17,0.71,49.9,False
3371,600650,锦江在线,10.73,-1.11,0.4,107.12,10.831429909117,0.2702084,67.85745931,1133,1798,78.0,2026-08-17,-0.94,52.9,False
3372,600651,飞乐音响,5.88,-1.01,0.36,584.09,5.914472996057,0.1600524,61.0937903,-1720,3780,76.4,2026-08-17,-0.58,46.7,False
3373,600653,申华控股,1.69,-0.59,0.46,-36.96,1.690535299393,0.3462488,61.86094538,-1590,3581,72.4,2026-08-17,-0.03,44.8,False
3374,600654,中安科,2.89,-2.03,1.57,72.46,2.917354431936,0.2784076,67.06827397,1046,2033,74.0,2026-08-17,-0.94,49.6,False
3375,600655,豫园股份,4.62,-0.22,0.13,28.63,4.583568408878,0.1167148,66.48657863,-93,2194,73.2,2026-08-17,0.79,48.7,False
3376,600657,信达地产,2.58,-0.39,0.37,-3.89,2.550138007269,0.1788948,61.65079766,-387,3640,71.6,2026-08-17,1.17,44.1,False
3377,600658,电子城,3.94,-1.5,0.49,-9.4,3.996427647898,0.2007948,51.82523963,-2,5131,70.0,2026-08-17,-1.41,36.3,False
3378,600660,福耀玻璃,56.21,0.99,0.18,21.43,55.723384245591,0.2113664,72.79683242,-629,686,88.8,2026-08-17,0.87,64.6,False
3379,600661,昂立教育,9.1,0.44,3.41,41.9,8.981610333922,0.1238156,65.6066754,-193,2489,77.2,2026-08-17,1.32,50.6,False
3380,600662,外服控股,4.22,-1.4,0.21,10.18,4.256209825436,0.1603872,70.78149823,428,1076,70.8,2026-08-17,-0.85,50.1,False
3381,600663,陆家嘴,9.49,0.42,0.26,21.56,9.258065152321,0.1287708,72.87267728,75,675,78.8,2026-08-17,2.51,57.4,False
3382,600664,哈药股份,9.11,1.11,8.36,35.6,8.91640288157,0.3422532,69.8318738,-600,1289,95.6,2026-08-17,2.17,66.8,False
3383,600665,天地源,3.45,1.17,1.04,-4.74,3.41383261117,0.2289828,55.02757007,-949,4928,67.2,2026-08-17,1.06,37.0,False
3384,600666,奥瑞德,3.77,-4.07,2.54,-267.5,3.88634262684,0.2908812,67.10798462,1262,2019,79.6,2026-08-17,-2.99,53.4,False
3385,600667,太极实业,23.01,-3.56,9.06,93.18,23.454646644124,0.3730688,65.71442854,290,2441,96.0,2026-08-17,-1.9,63.1,False
3386,600668,尖峰集团,7.46,-0.8,0.56,-42.03,7.488712497957,0.1570752,57.34123417,-547,4619,78.8,2026-08-17,-0.38,45.2,False
3387,600671,天目药业,21.41,-1.7,0.86,170.81,21.600024586335,0.382148,60.14779468,-1865,4025,66.8,2026-08-17,-0.88,40.2,False
3388,600673,东阳光,35.88,-4.5,1.32,138.7,36.596994305706,0.4179532,72.61009711,-501,709,90.4,2026-08-17,-1.96,65.6,False
3389,600674,川投能源,15.28,1.13,0.24,15.99,15.198634533744,0.3563336,72.39330296,-384,758,82.8,2026-08-17,0.54,59.9,False
3390,600675,中华企业,2.27,1.34,0.55,-37.03,2.227624390144,0.2648328,64.16483648,-579,2923,69.2,2026-08-17,1.9,44.4,False
3391,600676,久事动娱,6.66,-1.19,0.29,-27.75,6.698100272463,0.2645772,68.65847234,638,1569,66.4,2026-08-17,-0.57,45.6,False
3392,600678,ST金顶,5.46,-0.91,0.66,257.16,5.495495761444,0.1793064,52.92407035,-149,5079,71.6,2026-08-17,-0.65,37.9,False
3393,600679,上海凤凰,9.55,0.32,0.4,97.76,9.483458718287,0.0865532,65.22718529,1248,2614,71.2,2026-08-17,0.7,46.4,False
3394,600681,百川能源,3.47,0.87,0.87,10.36,3.41671739703,0.2820764,65.94332078,943,2373,68.8,2026-08-17,1.56,45.4,False
3395,600682,南京新百,5.84,0.0,0.73,63.94,5.792398843937,0.1792232,56.06293849,-1600,4801,72.0,2026-08-17,0.82,40.4,False
3396,600683,京投发展,10.86,-7.26,6.84,-12.84,11.321151598524,0.3099992,71.02073344,834,1009,89.6,2026-08-17,-4.07,63.6,False
3397,600684,珠江股份,3.42,-0.58,0.75,-145.67,3.407692191682,0.1468128,64.56264902,409,2802,72.0,2026-08-17,0.36,46.5,False
3398,600685,中船防务,25.84,-2.27,0.62,23.05,26.122719659269,0.2669752,68.29111208,-504,1688,80.8,2026-08-17,-1.08,55.2,False
3399,600686,金龙汽车,11.4,-1.38,0.75,13.62,11.484430324538,0.199046,63.51471822,-1102,3118,78.8,2026-08-17,-0.74,50.0,False
3400,600688,上海石化,2.83,0.71,0.6,17.97,2.796688883742,0.3754624,65.20571454,-208,2621,68.8,2026-08-17,1.19,44.9,False
3401,600689,上海三毛,10.57,-0.47,0.63,133.64,10.569644500942,0.1065668,63.5181617,-1468,3117,69.2,2026-08-17,0.0,44.0,False
3402,600690,海尔智家,21.49,0.0,0.23,10.83,21.439393319044,0.3477104,74.9453267,-61,402,87.6,2026-08-17,0.24,65.7,False
3403,600691,潞化科技,2.56,3.23,1.16,-31.21,2.465698926735,0.2460056,63.02864618,642,3253,70.8,2026-08-17,3.82,44.6,False
3404,600692,亚通股份,6.17,-0.96,0.83,310.02,6.178166996638,0.1119312,71.04643659,514,1001,69.6,2026-08-17,-0.13,49.4,False
3405,600693,东百集团,9.86,2.07,7.26,57.38,9.558389798532,0.193166,66.8637798,-236,2095,89.6,2026-08-17,3.16,59.9,False
3406,600694,大商股份,14.42,0.14,0.3,4.97,14.32998562457,0.1697352,69.91007135,557,1268,70.0,2026-08-17,0.63,48.9,False
3407,600697,欧亚集团,10.76,-0.19,0.96,119.01,10.693759160384,0.057314,67.02648763,718,2045,69.6,2026-08-17,0.62,46.7,False
3408,600698,湖南天雁,6.9,-3.23,1.66,996.73,7.128559975129,0.1976016,65.20454442,278,2623,90.0,2026-08-17,-3.21,58.7,False
3409,600699,均胜电子,20.84,-0.67,0.7,20.09,20.838898874719,0.3020568,64.20506931,-331,2904,76.8,2026-08-17,0.01,49.3,False
3410,600702,舍得酒业,35.87,-0.91,1.27,12.86,35.995457172384,0.2328476,59.93517729,-644,4051,87.6,2026-08-17,-0.35,52.5,False
3411,600703,三安光电,14.39,1.7,3.66,265.93,13.972655808983,0.3863328,66.43322733,2012,2217,86.8,2026-08-17,2.99,57.7,False
3412,600704,物产中大,4.88,0.21,0.33,6.5,4.855018667991,0.3940664,73.00863048,-140,649,75.6,2026-08-17,0.51,55.2,False
3413,600706,曲江文旅,7.91,0.0,1.44,-34.97,7.846282739825,0.091084,60.67703008,1047,3898,74.0,2026-08-17,0.81,44.9,False
3414,600707,彩虹股份,10.41,6.01,5.66,1688.51,9.719314139429,0.3024468,70.85450853,917,1056,81.2,2026-08-17,7.11,57.5,False
3415,600708,光明地产,3.16,-0.32,0.25,-7.52,3.155092470622,0.3145676,60.19612399,-201,4011,66.8,2026-08-17,0.16,40.2,False
3416,600710,苏美达,10.35,-0.77,0.25,9.75,10.383384493457,0.191116,70.84119574,-179,1061,74.0,2026-08-17,-0.32,52.4,False
3417,600711,盛屯矿业,11.78,-2.16,1.36,10.09,11.919645634081,0.424438,76.63356655,98,230,90.8,2026-08-17,-1.17,69.6,False
3418,600712,南宁百货,5.47,0.37,1.12,271.52,5.385155764953,0.185684,64.34902067,1337,2867,79.6,2026-08-17,1.58,51.2,False
3419,600713,南京医药,5.33,-0.93,0.6,9.99,5.354828727395,0.2621532,67.70843096,-1527,1835,76.8,2026-08-17,-0.46,52.0,False
3420,600714,金瑞矿业,16.15,0.06,3.42,-1074.88,15.925635235464,0.2220612,67.53660329,1835,1887,69.6,2026-08-17,1.41,47.0,False
3421,600715,文投控股,1.61,-1.83,0.7,-504.58,1.635063423799,0.4103308,57.43837758,-659,4600,82.8,2026-08-17,-1.53,47.6,False
3422,600716,凤凰股份,3.54,-0.28,0.22,-29.45,3.548565344089,0.1137288,58.95050662,-893,4297,67.2,2026-08-17,-0.24,39.6,False
3423,600717,天津港,4.26,0.47,0.4,8.73,4.209713639428,0.244169322034,69.98732925,-99,1246,73.2,2026-08-17,1.19,51.2,False
3424,600718,东软集团,8.06,-1.47,0.38,-16.34,8.124582696758,0.1310528,65.44006191,368,2541,76.0,2026-08-17,-0.79,49.7,False
3425,600719,大连热电,7.27,-1.76,1.68,29.34,7.411842249671,0.1497624,53.22963001,-865,5062,70.4,2026-08-17,-1.91,37.5,False
3426,600720,中交设计,5.1,-0.58,0.32,40.95,5.11655876994,0.2132284,68.7513579,-413,1545,74.8,2026-08-17,-0.32,51.4,False
3427,600721,百花医药,13.83,-1.36,17.18,200.15,13.839914816565,0.233218,59.50159117,-255,4160,94.0,2026-08-17,-0.07,55.9,False
3428,600722,金牛化工,13.02,9.97,17.95,169.72,12.061598632906,0.283956,68.78412348,2146,1532,94.8,2026-08-17,7.95,65.2,False
3429,600724,宁波富达,5.09,-0.59,0.2,30.63,5.073582033896,0.1312324,60.9155704,-213,3841,65.2,2026-08-17,0.32,39.7,False
3430,600725,云维股份,3.25,-0.91,0.52,-621.97,3.270559030654,0.2876844,59.71715665,46,4102,69.2,2026-08-17,-0.63,41.3,False
3431,600726,华电能源,6.05,-3.51,1.18,19.88,6.249587278989,0.29136,62.92793505,-789,3274,87.6,2026-08-17,-3.19,55.1,False
3432,600727,鲁北化工,7.52,0.53,1.49,11.58,7.439499254199,0.2131704,72.40771661,1534,753,74.0,2026-08-17,1.08,53.6,False
3433,600728,佳都科技,4.56,-2.15,0.59,197.25,4.617520397981,0.2070408,72.65600906,306,702,78.0,2026-08-17,-1.25,56.7,False
3434,600729,重百集团,19.31,0.21,0.76,9.53,19.060205170966,0.127864,65.79565751,-448,2419,70.4,2026-08-17,1.31,46.3,False
3435,600730,*ST高科,10.74,3.37,1.63,-817.44,10.358400815513,0.4170448,58.70728774,207,4355,70.8,2026-08-17,3.68,41.6,False
3436,600731,湖南海利,5.91,1.72,0.95,18.34,5.787064636541,0.1898652,69.17677638,209,1439,69.2,2026-08-17,2.12,47.9,False
3437,600732,爱旭股份,12.43,2.22,1.11,-14.95,12.115306042582,0.3636624,62.89972109,1267,3286,73.6,2026-08-17,2.6,46.3,False
3438,600733,北汽蓝谷,5.1,-3.41,0.91,-9.33,5.238249428943,0.3706908,69.58736544,571,1349,86.4,2026-08-17,-2.64,60.1,False
3439,600734,*ST实达,1.67,-1.18,0.74,-76.09,1.685847034664,0.3319044,51.60903823,-337,5137,72.0,2026-08-17,-0.94,37.2,False
3440,600735,ST新华锦,5.99,-0.99,0.42,171.58,6.037828732446,0.1640544,52.63690368,-1297,5094,68.4,2026-08-17,-0.79,36.0,False
3441,600736,苏州高新,6.92,0.73,1.81,9.26,6.843920421199,0.2982168,58.30879192,-175,4441,76.0,2026-08-17,1.11,44.3,False
3442,600737,中粮糖业,14.15,3.21,2.51,35.03,13.618220421662,0.3620576,76.375474,31,246,88.8,2026-08-17,3.9,67.8,False
3443,600738,丽尚国潮,4.05,0.0,0.8,12.56,4.024977438885,0.1318576,68.64327849,-138,1576,68.8,2026-08-17,0.62,47.2,False
3444,600739,辽宁成大,10.68,-0.84,0.46,7.38,10.689323068034,0.298136,70.54530228,618,1125,76.4,2026-08-17,-0.09,53.9,False
3445,600740,山西焦化,3.61,0.56,0.71,-127.02,3.58541649583,0.2245644,66.67436266,-1627,2152,75.6,2026-08-17,0.69,50.4,False
3446,600741,华域汽车,15.23,-0.59,0.16,9.65,15.301967779257,0.2147924,73.74462131,-179,542,80.0,2026-08-17,-0.47,59.0,False
3447,600742,富维股份,7.59,-0.78,0.25,17.2,7.62160589002,0.2267372,68.60928132,800,1590,74.8,2026-08-17,-0.41,51.3,False
3448,600743,华远控股,2.27,-0.87,0.44,-137.45,2.269548621717,0.3517024,63.57860065,234,3101,69.2,2026-08-17,0.02,44.0,False
3449,600744,华银电力,6.79,-1.45,4.07,24.91,6.811272644506,0.2802368,64.53846378,381,2811,88.8,2026-08-17,-0.31,57.3,False
3450,600745,*ST闻泰,17.17,-2.44,1.54,-26.93,17.448885768125,0.342552,53.53999096,-190,5050,75.6,2026-08-17,-1.6,40.5,False
3451,600746,江苏索普,6.81,2.87,0.79,58.31,6.566199183293,0.1273136,65.2545033,149,2604,72.8,2026-08-17,3.71,47.5,False
3452,600748,上实发展,3.9,0.52,0.33,-15.38,3.861725817316,0.1985368,63.68351447,27,3061,69.6,2026-08-17,0.99,44.3,False
3453,600749,西藏旅游,13.75,-0.87,1.04,-39.01,13.814990789986,0.1444184,49.47686789,-15,5181,71.6,2026-08-17,-0.47,35.4,False
3454,600750,华润江中,23.85,0.21,0.31,13.16,23.674113955418,0.123428,72.50599547,217,728,82.4,2026-08-17,0.74,59.7,False
3455,600751,海航科技,3.15,-1.56,0.43,175.06,3.182380645407,0.263668,61.6146651,-1445,3651,73.2,2026-08-17,-1.02,45.1,False
3456,600753,ST海钦,9.92,-1.0,0.33,54.45,10.006747710242,0.361788039216,59.37576053,-1865,4197,64.8,2026-08-17,-0.87,38.5,False
3457,600754,锦江酒店,19.06,0.58,0.58,37.04,18.815688756296,0.1981756,66.89753703,-1088,2081,80.4,2026-08-17,1.3,53.8,False
3458,600755,厦门国贸,5.71,0.35,0.26,11.99,5.68131690388,0.2691964,68.33322146,-293,1670,72.8,2026-08-17,0.5,49.7,False
3459,600756,浪潮软件,14.35,-3.43,2.65,-14.53,14.718711642315,0.1917056,53.93649144,-357,5022,87.6,2026-08-17,-2.51,47.2,False
3460,600757,长江传媒,7.63,-0.39,0.22,6.92,7.641066996679,0.097204,65.01573807,-1600,2670,73.2,2026-08-17,-0.14,47.6,False
3461,600758,辽宁能源,3.38,-0.59,1.92,-9.66,3.391908858855,0.2542788,55.00282521,-1765,4933,76.0,2026-08-17,-0.35,41.8,False
3462,600759,ST洲际,2.58,3.2,2.77,24.15,2.500158507376,0.3207888,63.78730081,-683,3030,76.8,2026-08-17,3.19,49.0,False
3463,600760,中航沈飞,43.84,-1.51,0.25,188.35,44.301567528181,0.4047244,75.66253983,-146,322,90.4,2026-08-17,-1.04,68.4,False
3464,600761,安徽合力,16.65,-0.54,0.44,11.39,16.657731980099,0.2493284,68.9478465,587,1493,72.8,2026-08-17,-0.05,50.2,False
3465,600763,通策医疗,35.96,-2.94,1.86,17.54,37.021383697418,0.2577096,72.91007685,-621,667,89.6,2026-08-17,-2.87,65.3,False
3466,600764,中国海防,17.88,-1.97,0.41,122.74,18.091451684219,0.1744776,63.47314115,-1461,3127,79.6,2026-08-17,-1.17,50.5,False
3467,600765,中航重机,13.33,-1.7,0.53,32.75,13.48907669168,0.326234,62.92007079,-1015,3279,80.0,2026-08-17,-1.18,50.3,False
3468,600768,宁波富邦,15.34,-3.58,2.93,17.53,15.833736519899,0.1928052,64.64858163,-2202,2775,75.6,2026-08-17,-3.12,48.9,False
3469,600769,祥龙电业,16.3,-1.57,1.87,321.66,16.217844394112,0.293076,68.69288482,-522,1557,82.8,2026-08-17,0.51,56.9,False
3470,600770,综艺股份,5.23,-2.79,1.09,72.12,5.314749233751,0.2752236,65.11771517,1378,2641,71.6,2026-08-17,-1.59,46.6,False
3471,600771,广誉远,13.73,-0.87,0.9,25.18,13.812767305119,0.1867332,64.93775588,-1684,2693,77.6,2026-08-17,-0.6,50.4,False
3472,600773,西藏城投,10.97,-3.09,1.69,-49.2,11.183700612754,0.2353468,57.97662153,-671,4512,74.4,2026-08-17,-1.91,43.1,False
3473,600774,汉商集团,7.26,-1.22,0.55,-98.08,7.317320872274,0.0544412,55.0441194,-98,4926,69.6,2026-08-17,-0.78,38.3,False
3474,600775,南京熊猫,9.76,-2.4,1.21,-167.21,9.911716485467,0.171034,57.39319945,-314,4606,86.8,2026-08-17,-1.53,49.8,False
3475,600776,东方通信,12.74,-2.3,0.72,92.71,12.955203199155,0.2117188,62.63407627,-641,3366,74.8,2026-08-17,-1.66,46.9,False
3476,600777,新潮能源,4.17,0.0,0.31,49.66,4.165850742106,0.339067254902,65.729955,562,2438,76.8,2026-08-17,0.1,50.5,False
3477,600778,友好集团,5.59,-0.53,0.98,20.6,5.578813569187,0.0577168,62.80159385,-479,3309,69.2,2026-08-17,0.2,43.5,False
3478,600779,水井坊,27.78,-0.64,0.21,19.8,27.885374381875,0.1511892,59.78032747,-190,4086,77.6,2026-08-17,-0.38,46.4,False
3479,600780,通宝能源,5.86,-0.17,0.26,9.76,5.828395018574,0.3006252,65.7119419,-450,2444,67.2,2026-08-17,0.54,44.2,False
3480,600782,新钢股份,2.7,0.0,0.62,-2.94,2.694856457584,0.2779756,62.42265565,-289,3434,71.2,2026-08-17,0.19,44.4,False
3481,600783,鲁信创投,18.44,-2.38,1.08,-220.73,18.575057597368,0.32043,67.26031345,677,1975,75.6,2026-08-17,-0.73,50.8,False
3482,600784,鲁银投资,8.14,-0.73,1.15,24.71,8.106369537733,0.322004,69.76395809,1450,1305,69.2,2026-08-17,0.41,48.3,False
3483,600785,新华百货,9.19,0.77,2.38,11.16,8.986666858702,0.1511372,68.66446024,949,1567,70.8,2026-08-17,2.26,48.6,False
3484,600787,中储股份,4.57,0.0,0.33,33.85,4.530347004124,0.2317296,67.99060981,827,1760,75.2,2026-08-17,0.88,51.1,False
3485,600789,鲁抗医药,7.54,-0.4,1.26,37.0,7.53283653521,0.264934,66.17522655,-1533,2295,84.8,2026-08-17,0.1,56.1,False
3486,600790,轻纺城,3.35,0.0,0.24,3.51,3.326535256574,0.2481516,63.64044221,-230,3080,63.6,2026-08-17,0.71,40.5,False
3487,600791,京能置业,7.74,-1.78,2.08,-11.78,7.677185951941,0.1947564,63.41769693,1618,3141,71.2,2026-08-17,0.82,45.2,False
3488,600792,云煤能源,3.65,-0.82,1.04,-10.41,3.666258043506,0.1372384,62.29032225,-772,3465,72.8,2026-08-17,-0.44,45.3,False
3489,600793,宜宾纸业,14.6,-2.01,2.15,-24.95,14.961095030868,0.1722316,59.3722701,378,4198,82.8,2026-08-17,-2.41,49.2,False
3490,600794,保税科技,3.17,-0.31,0.51,39.75,3.162543220174,0.2543388,63.87293103,1289,3009,71.2,2026-08-17,0.24,45.5,False
3491,600795,国电电力,5.02,0.4,0.6,14.85,5.022336946045,0.4196156,66.7429921,-1580,2130,88.4,2026-08-17,-0.05,59.0,False
3492,600796,钱江生化,5.15,-0.39,0.67,30.51,5.144111656223,0.1834444,68.6558079,1334,1572,68.0,2026-08-17,0.11,46.7,False
3493,600797,浙大网新,7.02,-2.64,1.65,-37.89,7.156207130772,0.228122,62.89954948,-814,3287,88.8,2026-08-17,-1.9,55.9,False
3494,600798,宁波海运,3.27,0.0,0.59,-119.15,3.255001579824,0.3052564,65.8152731,1538,2411,72.4,2026-08-17,0.46,47.7,False
3495,600800,渤海化学,3.43,-2.56,3.04,-6.66,3.5062812496,0.2707952,64.71497188,899,2751,84.0,2026-08-17,-2.18,54.4,False
3496,600801,华新建材,22.77,-0.44,0.26,18.78,22.878773701222,0.1641712,76.36560971,-40,247,80.8,2026-08-17,-0.48,61.7,False
3497,600802,福建水泥,4.59,-0.43,0.72,-12.46,4.56994497875,0.0619736,55.42552319,-358,4881,69.2,2026-08-17,0.44,38.4,False
3498,600803,新奥股份,17.69,1.09,0.09,20.9,17.383528628235,0.101968,78.0138834,455,139,75.2,2026-08-17,1.76,58.7,False
3499,600805,悦达投资,4.41,-0.23,0.22,63.61,4.40209228857,0.1408468,61.74842433,-1273,3616,69.6,2026-08-17,0.18,43.0,False
3500,600807,济高发展,2.61,0.0,0.91,-25.25,2.598384510526,0.198686,60.46449273,-502,3944,70.8,2026-08-17,0.45,42.8,False
3501,600808,马钢股份,2.5,-1.19,0.37,113.6,2.507840096005,0.3279152,68.98092454,278,1477,73.6,2026-08-17,-0.31,50.8,False
3502,600809,山西汾酒,119.48,0.45,0.26,6.77,119.013996518758,0.3271596,74.56416926,-341,444,90.8,2026-08-17,0.39,67.7,False
3503,600810,神马股份,6.38,-0.93,0.36,-55.53,6.365665561622,0.2563388,60.95879159,-557,3825,72.4,2026-08-17,0.23,44.1,False
3504,600812,华北制药,5.1,0.99,0.99,61.67,5.017413902152,0.2093248,62.8328744,-568,3303,82.8,2026-08-17,1.65,52.0,False
3505,600814,杭州解百,6.79,0.59,0.49,13.8,6.698900788834,0.1222256,68.23012475,87,1699,70.0,2026-08-17,1.36,47.8,False
3506,600815,厦工股份,4.05,-0.49,2.02,-245.46,3.965500814711,0.3680148,64.4678712,-531,2832,88.0,2026-08-17,2.13,56.7,False
3507,600816,建元信托,2.48,-2.36,1.12,11.39,2.538686263804,0.327968,66.14799859,-1443,2303,77.2,2026-08-17,-2.31,51.1,False
3508,600817,宇通重工,9.41,-1.77,0.28,24.27,9.511145384562,0.0877488,66.91621777,151,2074,67.6,2026-08-17,-1.06,45.2,False
3509,600818,ST中路,7.09,-2.88,1.04,-31.32,7.283216433264,0.3427496,56.2944662,-88,4769,70.0,2026-08-17,-2.65,39.4,False
3510,600819,耀皮玻璃,5.55,1.83,0.61,56.02,5.411492716164,0.2205872,62.90281962,-350,3284,66.0,2026-08-17,2.56,41.5,False
3511,600820,隧道股份,5.44,0.18,0.21,14.39,5.424546489287,0.2288792,66.970227,-540,2062,74.0,2026-08-17,0.28,49.6,False
3512,600821,金开新能,6.41,-4.9,4.0,-164.2,6.706361621101,0.3293432,59.26183021,-527,4229,92.4,2026-08-17,-4.42,54.8,False
3513,600822,上海物贸,8.47,-0.12,0.27,178.65,8.448790068368,0.1199092,63.30616807,-392,3180,72.8,2026-08-17,0.25,46.1,False
3514,600824,益民集团,3.78,-2.83,3.11,52.82,3.820788825348,0.5300824,75.35306575,2220,345,71.2,2026-08-17,-1.07,53.7,False
3515,600825,新华传媒,4.99,-1.58,0.28,988.82,5.038006889067,0.2213164,56.83329421,-1531,4701,70.0,2026-08-17,-0.95,39.8,False
3516,600826,兰生股份,7.87,-1.75,0.23,-107.58,7.941344501486,0.133898,65.73995179,-945,2433,67.2,2026-08-17,-0.9,44.2,False
3517,600827,百联股份,7.64,0.39,0.44,4.3,7.563697986472,0.233196,64.82253539,207,2723,74.4,2026-08-17,1.01,48.2,False
3518,600828,茂业商业,4.02,0.75,0.52,-94.44,3.96535848245,0.1707292,55.37142188,-781,4884,69.6,2026-08-17,1.38,38.5,False
3519,600829,人民同泰,11.89,3.03,10.28,42.56,11.583548210461,0.2733496,70.07278296,-1200,1227,90.0,2026-08-17,2.65,63.1,False
3520,600830,香溢融通,8.07,-0.86,0.31,36.28,8.099250666218,0.3262696,56.74541173,-760,4714,68.0,2026-08-17,-0.36,38.6,False
3521,600831,广电网络,3.36,-0.59,0.72,-3.18,3.357671433256,0.2240884,61.58285349,-598,3657,72.0,2026-08-17,0.07,44.3,False
3522,600833,第一医药,11.33,-3.74,5.35,27.16,11.801558207331,0.2061988,70.85980619,-317,1053,85.6,2026-08-17,-4.0,60.7,False
3523,600834,申通地铁,7.25,-0.41,0.13,211.94,7.280501972033,0.1020024,63.79616317,-1545,3025,69.6,2026-08-17,-0.42,44.4,False
3524,600835,上海机电,18.91,-1.56,0.41,26.68,19.053356770459,0.217636,66.03064112,-233,2342,74.8,2026-08-17,-0.75,49.4,False
3525,600838,上海九百,7.59,0.26,1.11,77.12,7.481212412383,0.1427112,71.40790425,885,926,72.4,2026-08-17,1.45,51.7,False
3526,600839,四川长虹,7.03,-1.95,1.01,82.38,7.168240704108,0.2865344,66.42698046,-1929,2220,85.6,2026-08-17,-1.93,56.9,False
3527,600841,动力新科,5.83,-2.02,0.57,55.88,5.871302911515,0.1898484,63.7429825,1489,3044,70.0,2026-08-17,-0.7,44.6,False
3528,600843,上工申贝,7.04,-2.09,0.72,1107.77,7.161926128967,0.1500936,62.37863841,-140,3447,72.4,2026-08-17,-1.7,45.2,False
3529,600844,金煤科技,3.54,0.57,2.55,88.14,3.505291099656,0.2601988,55.82504167,-1412,4831,81.2,2026-08-17,0.99,45.3,False
3530,600845,宝信软件,17.76,-1.82,0.37,33.28,17.970442627911,0.2648952,67.16677156,-775,2010,89.6,2026-08-17,-1.17,60.2,False
3531,600846,同济科技,12.26,-0.73,0.8,33.36,12.255670695654,0.2351992,69.61010389,626,1344,77.2,2026-08-17,0.04,53.7,False
3532,600847,万里股份,12.8,-1.54,0.61,-34.05,12.855393746108,0.0748336,57.98323299,443,4510,66.8,2026-08-17,-0.43,38.7,False
3533,600848,上海临港,8.53,-0.81,0.1,64.14,8.531962174495,0.1489092,68.57762298,-147,1600,71.6,2026-08-17,-0.02,49.1,False
3534,600850,电科数字,14.59,-3.06,0.76,117.97,14.865944276569,0.2403444,67.03226604,425,2044,79.2,2026-08-17,-1.86,53.1,False
3535,600851,海欣股份,8.85,-1.88,1.4,92.29,8.791065669247,0.2781148,67.23122746,640,1984,71.6,2026-08-17,0.67,48.1,False
3536,600853,龙建股份,3.29,-0.3,0.42,22.52,3.293112909265,0.1750848,71.32592604,-173,947,72.4,2026-08-17,-0.09,51.6,False
3537,600854,春兰股份,4.53,-0.22,0.55,400.87,4.524703302605,0.2135704,67.20438968,79,1994,66.4,2026-08-17,0.12,44.6,False
3538,600855,航天长峰,12.58,-2.86,0.69,-39.54,12.833450784904,0.1868036,62.18187753,1420,3495,73.6,2026-08-17,-1.97,45.8,False
3539,600857,宁波中百,21.02,1.45,1.96,61.88,20.414127430367,0.2610652,72.97809382,1009,654,74.8,2026-08-17,2.97,54.6,False
3540,600858,银座股份,4.97,0.2,0.92,9.1,4.931594182342,0.1592324,65.61411236,-723,2483,68.4,2026-08-17,0.78,44.9,False
3541,600859,王府井,9.91,-0.5,0.6,53.92,9.845773445321,0.2722308,66.88127864,895,2090,77.6,2026-08-17,0.65,51.9,False
3542,600860,京城股份,8.78,-6.89,4.34,-38.37,8.949163860605,0.3125932,69.69416013,1780,1323,76.8,2026-08-17,-1.89,53.5,False
3543,600861,北京人力,12.87,-1.83,0.26,6.94,13.053231770597,0.1613916,68.39322437,535,1647,68.8,2026-08-17,-1.4,47.1,False
3544,600862,中航高科,17.79,-1.55,0.4,24.69,17.959022822932,0.2656784,66.85774441,-215,2096,74.4,2026-08-17,-0.94,49.7,False
3545,600863,华能蒙电,4.92,0.61,1.01,13.88,4.836882526996,0.3788264,65.70280599,238,2451,89.2,2026-08-17,1.72,58.6,False
3546,600864,哈投股份,5.44,-3.2,1.42,14.0,5.583470913426,0.3266224,66.92346286,1726,2072,74.8,2026-08-17,-2.57,50.1,False
3547,600865,百大集团,8.88,0.34,0.96,146.8,8.775693362811,0.0816704,57.67942492,-1676,4558,70.4,2026-08-17,1.19,40.6,False
3548,600866,星湖科技,4.44,1.6,0.86,-39.33,4.337270388087,0.2872616,65.00144816,-563,2676,71.6,2026-08-17,2.37,46.5,False
3549,600867,通化东宝,8.39,-0.83,1.05,32.4,8.400138342011,0.2662312,72.49601129,-596,732,83.2,2026-08-17,-0.12,60.3,False
3550,600868,梅雁吉祥,2.74,-2.49,1.72,-88.46,2.765955935165,0.3356124,63.68795252,1254,3058,81.6,2026-08-17,-0.94,52.0,False
3551,600869,远东股份,16.8,-2.15,4.39,96.47,16.982956103171,0.342754,75.50741014,-59,334,85.6,2026-08-17,-1.08,64.6,False
3552,600871,石化油服,2.29,4.09,1.4,42.6,2.18924737161,0.4178648,70.90348712,813,1035,74.8,2026-08-17,4.6,53.0,False
3553,600872,中炬高新,18.89,0.11,0.64,13.92,18.723754754477,0.1811972,65.10383267,-597,2645,80.4,2026-08-17,0.89,52.3,False
3554,600873,梅花生物,7.91,0.13,0.59,16.76,7.903957103322,0.276996,69.35452875,-525,1403,76.4,2026-08-17,0.08,53.0,False
3555,600874,创业环保,5.59,0.54,0.24,7.94,5.559302794115,0.1742276,73.16237695,522,626,71.6,2026-08-17,0.55,52.4,False
3556,600875,东方电气,27.52,-1.64,1.24,15.01,27.608003164993,0.448288,75.34066715,922,348,86.4,2026-08-17,-0.32,65.1,False
3557,600876,凯盛新能,7.08,0.43,0.59,-3.23,7.039913332709,0.1012516,55.99566469,-492,4808,70.0,2026-08-17,0.57,39.2,False
3558,600877,电科芯片,13.01,-1.74,0.75,-3186.71,13.089201645287,0.1766692,58.37538171,235,4425,79.6,2026-08-17,-0.61,46.5,False
3559,600879,航天电子,16.15,-1.82,0.95,425.89,16.134835608473,0.3468692,69.73374595,2422,1316,80.4,2026-08-17,0.09,56.1,False
3560,600880,博瑞传播,3.88,-2.27,0.88,151.76,3.936739168388,0.1867236,62.27883792,-555,3468,74.8,2026-08-17,-1.44,46.6,False
3561,600881,亚泰集团,2.04,-7.69,8.33,-7.34,2.187763271637,0.3926628,68.4707549,2956,1622,89.6,2026-08-17,-6.75,61.3,False
3562,600882,妙可蓝多,20.86,0.0,0.9,35.07,20.802107557959,0.1493528,60.85669849,-753,3858,76.4,2026-08-17,0.28,46.5,False
3563,600883,博闻科技,7.89,1.94,2.42,45.41,7.673154486381,0.1456568,67.91027521,794,1784,65.6,2026-08-17,2.83,44.5,False
3564,600884,杉杉股份,12.0,-1.4,1.4,20.35,12.060690752574,0.3196916,62.85347363,-1536,3300,85.6,2026-08-17,-0.5,53.8,False
3565,600885,宏发股份,36.04,-0.85,0.47,24.13,35.795155092887,0.3144128,80.48154106,-3,42,88.0,2026-08-17,0.68,70.8,False
3566,600886,国投电力,13.79,-0.43,0.24,13.03,13.899604243694,0.3480716,72.32165016,-201,768,84.4,2026-08-17,-0.79,61.0,False
3567,600887,伊利股份,25.12,-0.44,0.49,7.36,25.263906806266,0.319888,68.18090362,-543,1708,92.0,2026-08-17,-0.57,62.7,False
3568,600888,新疆众和,10.17,-2.31,1.76,14.92,10.275955551932,0.3956536,69.42038962,-928,1390,80.4,2026-08-17,-1.03,55.8,False
3569,600889,*ST京化,14.2,-3.01,0.55,88.78,14.56989447629,0.3136584,62.54872059,-114,3392,72.4,2026-08-17,-2.54,45.3,False
3570,600892,大晟文化,3.82,-2.8,3.94,-31.32,3.915261130011,0.259837254902,59.33987262,898,4214,76.8,2026-08-17,-2.43,45.6,False
3571,600893,航发动力,37.18,-1.12,0.48,9681.14,37.437721191393,0.3751164,70.93738198,-110,1027,88.0,2026-08-17,-0.69,62.4,False
3572,600894,广日股份,7.8,0.0,0.12,182.18,7.772498167149,0.2115492,73.63114177,14,550,67.6,2026-08-17,0.35,49.8,False
3573,600895,张江高科,32.45,-1.4,0.75,150.44,32.717794053498,0.377372,66.32933949,-523,2255,88.4,2026-08-17,-0.82,58.6,False
3574,600897,厦门空港,14.78,0.41,0.14,13.12,14.696369425892,0.1368396,70.11206784,772,1218,66.4,2026-08-17,0.57,46.6,False
3575,600900,长江电力,28.11,0.54,0.14,25.43,27.970855856477,0.4472304,72.87602627,-549,674,94.4,2026-08-17,0.5,68.8,False
3576,600901,江苏金租,6.65,0.45,0.23,11.72,6.596298070828,0.2290892,69.57730105,-634,1353,73.2,2026-08-17,0.81,50.9,False
3577,600903,贵州燃气,6.48,2.69,3.07,18.6,6.263207766761,0.1720828,59.17355736,-73,4257,70.4,2026-08-17,3.46,41.7,False
3578,600905,三峡能源,3.71,-0.27,0.1,25.49,3.720617956317,0.3730696,62.24721191,-993,3475,80.8,2026-08-17,-0.29,50.3,False
3579,600906,财达证券,6.48,-2.26,0.68,20.75,6.601623582115,0.2594348,58.6993075,-353,4358,70.0,2026-08-17,-1.84,41.1,False
3580,600908,无锡银行,5.33,0.0,0.23,4.61,5.302795419315,0.2845644,70.1105407,-254,1220,70.8,2026-08-17,0.51,49.6,False
3581,600909,华安证券,8.29,-2.93,1.13,24.03,8.431112345001,0.4225188,67.18998591,1734,2000,77.6,2026-08-17,-1.67,52.1,False
3582,600916,中国黄金,7.63,-0.13,0.76,19.57,7.609443205531,0.2628852,72.3878344,-89,759,86.8,2026-08-17,0.27,62.8,False
3583,600917,重庆燃气,4.83,0.42,0.23,-47.89,4.79514894598,0.1451492,63.7712819,-366,3036,67.2,2026-08-17,0.73,42.9,False
3584,600918,中泰证券,5.51,-1.08,0.27,23.26,5.537729884218,0.375484,63.5122386,110,3119,76.0,2026-08-17,-0.5,48.3,False
3585,600919,江苏银行,11.7,0.69,0.23,4.91,11.615655431183,0.4386168,69.80968661,-881,1295,85.2,2026-08-17,0.73,59.5,False
3586,600925,苏能股份,4.35,0.23,0.22,38.31,4.344153697061,0.1853468,58.71890889,-1302,4352,66.8,2026-08-17,0.13,39.2,False
3587,600926,杭州银行,16.58,2.03,0.41,4.53,16.298762194725,0.4397704,74.25068774,121,478,80.4,2026-08-17,1.73,59.7,False
3588,600927,永安期货,12.88,-1.68,0.19,24.08,13.011966315459,0.153302,66.4391277,651,2213,68.4,2026-08-17,-1.01,45.4,False
3589,600928,西安银行,3.52,0.28,0.13,5.17,3.485079105473,0.1961008,68.74289326,-288,1548,69.6,2026-08-17,1.0,47.8,False
3590,600929,雪天盐业,5.33,0.57,0.59,147.0,5.240422291358,0.1871984,65.9783773,339,2363,71.6,2026-08-17,1.71,47.2,False
3591,600930,华电新能,4.03,-0.74,0.51,20.39,4.043570308677,0.3042876,64.47485296,996,2829,79.2,2026-08-17,-0.34,51.1,False
3592,600933,爱柯迪,13.97,-0.5,0.38,16.43,13.935108582901,0.2569336,70.67095435,1216,1099,69.2,2026-08-17,0.25,48.9,False
3593,600935,华塑股份,2.3,0.0,0.18,-132.83,2.288398923401,0.263874,60.35568393,-43,3973,66.0,2026-08-17,0.51,39.8,False
3594,600936,北投科技,4.94,-1.4,2.88,82.67,5.04313812126,0.2964856,56.25171727,-172,4772,85.6,2026-08-17,-2.05,48.2,False
3595,600938,中国海油,33.68,2.4,0.88,10.22,32.91999506646,0.3865004,79.1201364,4,91,92.4,2026-08-17,2.31,73.1,False
3596,600939,重庆建工,2.59,-0.38,0.22,-32.8,2.603091067196,0.1342208,64.38102,-553,2859,69.6,2026-08-17,-0.5,44.8,False
3597,600941,中国移动,95.86,-0.17,0.41,13.17,96.45452335741,0.3257168,78.35228288,-113,122,92.0,2026-08-17,-0.62,72.1,False
3598,600955,维远股份,12.77,-0.85,0.32,24.62,12.814900585662,0.1903056,64.47034245,1694,2830,63.6,2026-08-17,-0.35,41.0,False
3599,600956,新天绿能,7.2,-0.69,0.13,11.32,7.203810831605,0.1405396,68.22582779,1348,1701,70.4,2026-08-17,-0.05,48.0,False
3600,600958,东方证券,8.98,-1.32,0.3,8.44,9.061821707859,0.4048212,68.30107999,562,1684,85.6,2026-08-17,-0.9,58.5,False
3601,600959,江苏有线,3.03,-1.62,0.2,59.83,3.057439395898,0.3574124,62.72883311,-635,3331,70.8,2026-08-17,-0.9,44.4,False
3602,600960,渤海汽车,3.99,-1.48,0.4,-140.35,4.015115989682,0.2231188,57.80138029,-1000,4544,70.0,2026-08-17,-0.63,40.5,False
3603,600961,株冶集团,29.13,-2.31,4.14,6.83,29.564358807438,0.4012644,76.09007504,751,274,86.8,2026-08-17,-1.47,66.0,False
3604,600962,国投中鲁,26.04,-1.03,1.24,400.79,25.868360915133,0.322866,65.15816335,1887,2632,76.4,2026-08-17,0.66,49.8,False
3605,600963,岳阳林纸,3.37,0.0,0.8,114.62,3.342016689124,0.3153656,59.82081387,212,4076,75.2,2026-08-17,0.84,45.0,False
3606,600965,*ST福成,2.97,4.21,1.96,28.27,2.774679622945,0.3350508,72.26779576,2155,778,66.8,2026-08-17,7.04,48.3,False
3607,600966,博汇纸业,4.86,-0.41,0.33,29.33,4.896826949469,0.1296944,62.43750838,-1242,3429,71.2,2026-08-17,-0.75,44.5,False
3608,600967,内蒙一机,11.21,-3.36,1.11,34.48,11.59343265488,0.2520404,68.13525716,34,1716,88.8,2026-08-17,-3.31,60.5,False
3609,600968,海油发展,3.97,2.06,0.35,15.83,3.883332606918,0.3997876,74.86223931,529,415,73.2,2026-08-17,2.23,54.8,False
3610,600969,郴电国际,8.94,-1.54,1.18,73.09,8.971056380083,0.2782708,65.99050683,896,2354,73.2,2026-08-17,-0.35,48.3,False
3611,600970,中材国际,7.77,-1.27,0.32,11.2,7.821217928971,0.2132228,70.60000523,-696,1112,78.4,2026-08-17,-0.65,55.4,False
3612,600971,恒源煤电,8.4,1.57,0.59,82.56,8.266316148567,0.1019236,58.64266973,-2122,4372,78.0,2026-08-17,1.62,45.7,False
3613,600973,宝胜股份,6.11,-2.08,0.81,42.19,6.20981378213,0.3156804,65.60155343,-821,2491,83.2,2026-08-17,-1.61,54.6,False
3614,600975,新五丰,5.03,1.62,0.98,-4.17,4.960425764389,0.2557792,63.93077683,869,2996,76.4,2026-08-17,1.4,48.8,False
3615,600976,健民集团,28.85,1.09,0.97,12.61,28.599501455069,0.2301868,63.03032788,-1177,3252,71.2,2026-08-17,0.88,44.9,False
3616,600977,中国电影,11.97,-0.91,0.62,-49.01,12.026849339918,0.2753028,63.90145181,-866,3001,84.8,2026-08-17,-0.47,54.2,False
3617,600979,广安爱众,3.89,-1.77,1.15,30.22,3.935615997128,0.3018752,56.45195774,-250,4754,72.8,2026-08-17,-1.16,41.1,False
3618,600980,北矿科技,19.83,0.92,1.34,28.18,19.371227319062,0.1252688,73.26533571,1771,603,78.0,2026-08-17,2.37,57.1,False
3619,600981,苏豪汇鸿,2.41,-1.23,0.31,-41.0,2.428664038009,0.2406836,61.52919514,-1703,3670,65.2,2026-08-17,-0.77,40.1,False
3620,600982,宁波能源,4.89,-1.41,0.83,18.84,4.925709243231,0.263736,62.50234758,381,3404,72.0,2026-08-17,-0.72,45.0,False
3621,600983,惠而浦,7.66,-0.78,0.11,15.42,7.694206083471,0.1483456,67.5351928,-172,1888,67.6,2026-08-17,-0.44,45.7,False
3622,600984,建设机械,,,0.0,-5.06,4.396071430115,0.189788,62.55685474,-618,3389,83.6,2026-08-17,,52.3,False
3623,600985,淮北矿业,17.0,0.71,0.46,23.31,16.906232979825,0.243832,65.24615349,-2084,2607,84.0,2026-08-17,0.55,54.8,False
3624,600986,浙文互联,7.46,-4.6,3.13,-122.17,7.757066150739,0.23206,61.58614262,-637,3654,87.6,2026-08-17,-3.83,53.9,False
3625,600987,航民股份,6.6,-0.45,0.13,12.12,6.599627801249,0.1491144,75.02046845,358,393,69.2,2026-08-17,0.01,51.9,False
3626,600988,赤峰黄金,41.49,1.74,1.79,19.95,40.716060582503,0.3851656,71.97742871,-593,819,91.6,2026-08-17,1.9,65.9,False
3627,600989,宝丰能源,23.44,2.22,0.57,8.84,22.821295355015,0.338564,71.77119378,-732,853,90.8,2026-08-17,2.71,65.2,False
3628,600990,四创电子,18.19,-2.2,0.75,-21.34,18.506277119527,0.2128916,57.13699113,-198,4653,81.2,2026-08-17,-1.71,46.4,False
3629,600992,贵绳股份,9.93,-1.19,0.78,-11.14,9.957252876311,0.1028924,48.61985775,-101,5186,72.8,2026-08-17,-0.27,35.4,False
3630,600993,马应龙,22.93,-0.99,0.52,11.62,23.06907131283,0.1478036,68.26150959,-810,1694,79.2,2026-08-17,-0.6,54.1,False
3631,600995,南网储能,12.53,-0.71,0.17,17.15,12.491992083992,0.2413436,70.04660589,1331,1232,78.4,2026-08-17,0.3,54.9,False
3632,600996,贵广网络,6.72,-1.47,0.66,-7.88,6.806920615486,0.1825764,52.33604229,-140,5109,70.4,2026-08-17,-1.28,36.8,False
3633,600997,开滦股份,5.56,1.83,0.33,-20.2,5.475526247965,0.124332,65.2730604,-1674,2599,70.4,2026-08-17,1.54,46.0,False
3634,600998,九州通,5.01,0.4,0.32,8.61,4.984766868901,0.2680764,70.38896051,-459,1154,80.0,2026-08-17,0.51,56.3,False
3635,600999,招商证券,18.0,-1.75,0.33,11.97,18.171683550282,0.4188752,68.97807265,299,1481,81.2,2026-08-17,-0.94,56.0,False
3636,601000,唐山港,4.5,0.67,0.24,14.16,4.475166395363,0.2391856,67.08686691,-1211,2026,76.4,2026-08-17,0.55,51.3,False
3637,601001,晋控煤业,17.4,1.64,0.58,21.5,17.1551138033,0.2391772,65.30908843,-553,2588,81.2,2026-08-17,1.43,53.0,False
3638,601002,晋亿实业,5.37,0.0,0.69,17.93,5.330239327527,0.2086076,71.88319921,1666,832,70.0,2026-08-17,0.75,50.3,False
3639,601003,柳钢股份,3.72,0.0,0.33,103.9,3.678448986588,0.2212332,64.20309165,-1456,2906,78.0,2026-08-17,1.13,50.1,False
3640,601005,重庆钢铁,1.2,0.0,0.2,-14.48,1.199459237844,0.6924976,57.5829985,311,4575,76.8,2026-08-17,0.05,44.2,False
3641,601006,大秦铁路,4.74,0.85,0.24,9.87,4.693052200891,0.3807192,70.64824479,-345,1102,87.2,2026-08-17,1.0,61.6,False
3642,601007,金陵饭店,6.71,0.15,0.65,78.56,6.683310119594,0.1676912,63.93968422,-589,2993,71.6,2026-08-17,0.4,45.8,False
3643,601008,连云港,4.37,0.0,0.29,43.98,4.342334079748,0.2219528,67.91242186,1737,1783,74.0,2026-08-17,0.64,50.3,False
3644,601009,南京银行,11.47,1.77,0.18,5.37,11.258424618264,0.3167592,72.54813051,-100,724,80.4,2026-08-17,1.88,58.3,False
3645,601010,ST文峰,1.48,4.23,1.29,14.64,1.420333201429,0.4648348,57.18072412,486,4649,68.0,2026-08-17,4.2,38.9,False
3646,601011,宝泰隆,2.77,3.75,3.81,-24.44,2.671919561572,0.2291984,61.90162381,-305,3569,73.2,2026-08-17,3.67,45.3,False
3647,601012,隆基绿能,12.83,0.0,0.62,-12.66,12.814195304473,0.358422,63.61381317,562,3091,78.8,2026-08-17,0.12,50.1,False
3648,601015,陕西黑猫,3.4,1.19,1.33,-5.54,3.358369136998,0.2481012,62.7707899,-501,3320,76.8,2026-08-17,1.24,48.2,False
3649,601016,节能风电,3.44,-1.71,1.02,27.59,3.474309770698,0.2722252,58.49125618,-724,4400,75.6,2026-08-17,-0.99,44.2,False
3650,601018,宁波港,3.33,0.3,0.09,13.84,3.339535964386,0.3611672,67.34773875,-321,1952,77.6,2026-08-17,-0.29,52.3,False
3651,601019,山东出版,6.85,-0.58,0.16,10.88,6.874307264444,0.1370916,62.33178052,-2063,3457,66.0,2026-08-17,-0.35,41.1,False
3652,601020,华钰矿业,21.59,-2.26,1.56,144.83,21.981783821629,0.366768,70.28865957,561,1180,88.4,2026-08-17,-1.78,62.1,False
3653,601021,春秋航空,44.25,-0.72,0.12,11.01,44.288457918719,0.3087952,68.94070906,735,1496,74.4,2026-08-17,-0.09,51.3,False
3654,601022,宁波远洋,8.32,1.22,0.45,19.5,8.162029180218,0.2504788,72.30150377,1817,771,69.6,2026-08-17,1.94,50.3,False
3655,601026,道生天合,16.55,-1.08,4.89,88.25,16.708434847201,0.22793,71.36530328,-817,940,79.6,2026-08-17,-0.95,56.8,False
3656,601033,永兴股份,14.42,0.49,0.44,13.67,14.306081952605,0.1141136,68.07070234,-959,1732,66.8,2026-08-17,0.8,45.5,False
3657,601038,一拖股份,12.94,1.41,0.53,6.46,12.697933466799,0.0974224,67.33345882,-179,1956,78.4,2026-08-17,1.91,52.8,False
3658,601058,赛轮轮胎,13.79,-1.29,0.31,10.73,13.804316271303,0.307354,79.86054002,76,58,77.6,2026-08-17,-0.1,62.0,False
3659,601059,信达证券,16.37,-1.21,0.09,24.19,16.548631371612,0.2013884,63.79239999,-711,3028,74.8,2026-08-17,-1.08,47.7,False
3660,601061,中信金属,12.01,-0.17,0.19,10.69,11.98143016903,0.2509872,79.1448264,618,89,78.0,2026-08-17,0.24,61.7,False
3661,601065,江盐集团,6.81,0.15,0.27,41.62,6.770187538709,0.1950588,66.20449674,1124,2287,66.4,2026-08-17,0.59,44.0,False
3662,601066,中信建投,25.06,-2.76,0.26,13.25,25.587395430892,0.3909308,64.99277133,-932,2678,80.8,2026-08-17,-2.06,52.5,False
3663,601068,中铝国际,4.45,-0.67,0.24,62.06,4.423870768699,0.1397844,67.67672113,1326,1845,75.2,2026-08-17,0.59,50.9,False
3664,601069,西部黄金,28.28,-0.42,1.11,12.33,28.406699203659,0.301038,70.22198628,-1069,1193,90.4,2026-08-17,-0.45,63.5,False
3665,601077,渝农商行,6.62,1.22,0.29,4.6,6.544277880706,0.3524176,68.03895605,-679,1741,73.6,2026-08-17,1.16,50.1,False
3666,601083,锦江航运,11.33,1.34,1.61,10.93,11.130055371332,0.1152056,72.30273881,-206,769,69.6,2026-08-17,1.8,50.3,False
3667,601086,国芳集团,7.95,1.02,0.97,31.83,7.827938178458,0.124838,66.06761106,-465,2326,81.6,2026-08-17,1.56,53.9,False
3668,601088,中国神华,45.54,1.67,0.1,23.15,44.878229392563,0.365922,74.69474178,-142,431,94.0,2026-08-17,1.47,70.2,False
3669,601089,福元医药,17.12,-2.17,0.76,22.07,17.48447320851,0.1091124,66.63248013,-436,2161,69.2,2026-08-17,-2.08,46.1,False
3670,601096,宏盛华源,4.27,-1.39,0.51,28.08,4.280338180532,0.2802628,70.80663371,1229,1070,69.2,2026-08-17,-0.24,49.0,False
3671,601098,中南传媒,10.14,-0.78,0.17,11.99,10.200593601241,0.1635964,70.3105385,-138,1174,72.0,2026-08-17,-0.59,50.6,False
3672,601099,太平洋,3.44,-2.82,1.38,240.43,3.51231869416,0.4675556,67.82920052,323,1800,84.4,2026-08-17,-2.06,57.2,False
3673,601100,恒立液压,107.29,-1.41,0.24,55.14,107.945438640666,0.288834,71.71951332,304,863,80.4,2026-08-17,-0.61,57.7,False
3674,601101,昊华能源,13.13,3.47,2.56,14.78,12.719271955425,0.2108356,66.17188785,-2057,2296,82.4,2026-08-17,3.23,54.5,False
3675,601106,中国一重,3.07,-2.23,0.39,2710.66,3.131434482952,0.2925028,59.71789098,24,4101,75.2,2026-08-17,-1.96,44.9,False
3676,601107,四川成渝,5.51,-0.18,0.16,9.22,5.482290613981,0.1347832,64.48274894,-1365,2825,72.0,2026-08-17,0.51,46.4,False
3677,601108,财通证券,8.83,-0.67,0.86,16.61,8.832680098915,0.349136,67.38841852,-453,1936,85.2,2026-08-17,-0.03,57.4,False
3678,601111,中国国航,5.85,-0.85,0.2,17.48,5.881945096352,0.3424452,67.55708349,-70,1883,80.4,2026-08-17,-0.54,54.3,False
3679,601112,振石股份,15.67,1.16,2.51,29.33,15.497465226889,0.1881484,66.32090984,-264,2256,63.2,2026-08-17,1.11,41.9,False
3680,601113,华鼎股份,3.39,-0.59,0.3,131.81,3.403637982372,0.1938972,55.46078011,-962,4872,65.2,2026-08-17,-0.4,36.2,False
3681,601116,三江购物,11.77,10.0,4.21,26.79,10.571450874293,0.1773388,66.4583378,950,2206,73.2,2026-08-17,11.34,48.6,False
3682,601117,中国化学,7.45,0.27,0.39,7.26,7.399955217428,0.4184116,67.94569784,-394,1768,76.0,2026-08-17,0.68,51.6,False
3683,601118,海南橡胶,5.53,1.84,1.6,-44.63,5.373404007687,0.3338232,64.47528151,1225,2828,78.4,2026-08-17,2.91,50.5,False
3684,601121,宝地矿业,7.4,-2.12,1.01,49.27,7.516479194849,0.2704044,74.7754224,1623,424,67.2,2026-08-17,-1.55,50.2,False
3685,601126,四方股份,47.4,-2.19,2.12,36.47,47.578030322727,0.3871656,76.81095281,679,216,86.0,2026-08-17,-0.37,66.1,False
3686,601127,赛力斯,51.52,-3.05,1.09,29.74,52.885676722345,0.305782,71.23640738,564,962,86.0,2026-08-17,-2.58,61.3,False
3687,601128,常熟银行,6.13,0.49,0.48,4.64,6.073298454502,0.3770764,67.21804967,-1316,1988,73.6,2026-08-17,0.93,49.5,False
3688,601133,柏诚股份,27.67,-2.5,1.76,117.11,28.040339768224,0.2758232,72.64691634,167,704,75.6,2026-08-17,-1.32,54.9,False
3689,601136,首创证券,14.0,-1.75,0.15,48.65,14.232690274383,0.2327532,62.06540863,-706,3526,76.4,2026-08-17,-1.63,47.4,False
3690,601137,博威合金,18.58,-3.13,1.02,-46.68,18.872086331176,0.297294,66.60543952,-1214,2168,73.6,2026-08-17,-1.55,49.0,False
3691,601138,工业富联,65.93,-3.37,0.44,27.55,67.672174484245,0.484514,82.3272033,29,20,94.4,2026-08-17,-2.57,77.7,False
3692,601139,深圳燃气,6.29,0.96,0.33,11.63,6.235353695481,0.191578,72.3025238,845,770,73.2,2026-08-17,0.88,52.9,False
3693,601155,新城控股,11.16,0.36,0.67,20.19,11.060852068843,0.4029072,71.38644102,-179,934,85.6,2026-08-17,0.9,61.1,False
3694,601156,东航物流,18.8,-0.69,0.68,12.9,18.468699224496,0.259068,75.48538507,422,337,73.2,2026-08-17,1.79,55.3,False
3695,601158,重庆水务,4.11,0.24,0.04,18.3,4.108722582771,0.1834908,71.49838762,571,905,69.2,2026-08-17,0.03,49.5,False
3696,601162,天风证券,3.64,-2.41,0.95,41007.23,3.705135878394,0.3536864,58.23316355,-391,4459,82.4,2026-08-17,-1.76,48.0,False
3697,601163,三角轮胎,12.96,-0.31,0.1,11.9,12.999593566234,0.12584,68.67874902,-859,1562,68.4,2026-08-17,-0.3,47.0,False
3698,601166,兴业银行,17.84,0.06,0.19,3.96,17.854471615448,0.4286636,67.72089664,-801,1828,91.2,2026-08-17,-0.08,61.8,False
3699,601168,西部矿业,38.52,-2.08,1.0,11.01,38.862678937822,0.4497264,82.23584589,2,21,88.0,2026-08-17,-0.88,72.4,False
3700,601169,北京银行,4.96,0.2,0.16,3.24,4.949746810273,0.4561664,67.8580748,638,1797,82.4,2026-08-17,0.21,55.9,False
3701,601177,杭齿前进,13.5,0.52,0.75,21.93,13.303981543352,0.1944616,68.51739517,1221,1610,72.4,2026-08-17,1.47,49.6,False
3702,601179,中国西电,13.54,-2.94,1.66,50.06,13.807349075523,0.3978596,70.13507161,1810,1209,87.6,2026-08-17,-1.94,61.4,False
3703,601186,中国铁建,6.02,-0.33,0.1,4.65,6.026315855663,0.3418008,74.07305649,-47,497,82.0,2026-08-17,-0.1,60.7,False
3704,601187,厦门银行,7.48,0.81,0.3,7.12,7.362549974223,0.211364,66.63680266,-593,2160,72.4,2026-08-17,1.6,48.2,False
3705,601188,龙江交通,2.85,-1.04,0.37,17.34,2.862716866422,0.288866,64.64607238,1025,2776,68.0,2026-08-17,-0.44,44.0,False
3706,601198,东兴证券,13.47,-1.54,0.26,21.25,13.631042066691,0.3160772,67.61497711,433,1867,78.0,2026-08-17,-1.18,52.7,False
3707,601199,江南水务,6.48,1.89,1.48,17.57,6.29240816516,0.2716588,70.17618747,-598,1205,80.0,2026-08-17,2.98,56.1,False
3708,601200,上海环境,6.94,-0.57,0.18,14.88,6.936920304452,0.261132,68.42912873,-169,1635,68.0,2026-08-17,0.04,46.5,False
3709,601208,东材科技,48.89,-1.43,3.95,66.09,49.201183418473,0.4160944,75.76288959,607,314,94.0,2026-08-17,-0.63,71.2,False
3710,601211,国泰海通,17.83,-1.16,0.25,12.27,18.032980879659,0.3904632,70.37788275,-794,1156,82.0,2026-08-17,-1.13,57.7,False
3711,601212,白银有色,5.55,-2.12,1.07,68.5,5.610496909766,0.2998072,70.09457492,1272,1222,86.8,2026-08-17,-1.08,60.8,False
3712,601216,君正集团,4.41,-1.34,0.27,12.97,4.465145156863,0.3278256,72.43898697,-171,748,78.4,2026-08-17,-1.24,56.8,False
3713,601218,吉鑫科技,4.55,-1.52,1.15,16.9,4.58761792453,0.2265036,60.19734858,-1175,4010,81.2,2026-08-17,-0.82,48.9,False
3714,601222,林洋能源,5.52,-1.08,0.3,46.78,5.537688243628,0.1995144,61.10814948,-498,3774,74.0,2026-08-17,-0.32,45.2,False
3715,601225,陕西煤业,25.61,1.51,0.24,14.74,25.260699412118,0.2515532,72.57917356,-615,719,89.2,2026-08-17,1.38,64.7,False
3716,601226,华电科工,6.2,-0.96,0.32,-34.5,6.220218999275,0.1472636,62.65528301,-530,3357,71.2,2026-08-17,-0.33,44.6,False
3717,601228,广州港,3.05,0.33,0.14,24.68,3.026813466552,0.2666624,67.6862664,1190,1841,68.0,2026-08-17,0.77,46.0,False
3718,601229,上海银行,9.54,1.17,0.25,5.35,9.431882343356,0.372952,73.19681442,339,619,82.8,2026-08-17,1.15,60.6,False
3719,601231,环旭电子,28.85,-0.35,0.76,41.92,28.722442970316,0.321742,74.97163207,1179,398,80.4,2026-08-17,0.44,60.3,False
3720,601233,桐昆股份,23.77,1.36,0.73,7.45,23.167485653105,0.2530616,72.85763117,220,679,81.2,2026-08-17,2.6,59.2,False
3721,601236,红塔证券,6.85,-1.15,0.12,41.02,6.916735042817,0.2753424,64.78664515,475,2733,74.4,2026-08-17,-0.96,48.2,False
3722,601238,广汽集团,5.08,-1.17,0.13,-19.73,5.10957252314,0.2904216,68.31285667,-191,1678,78.4,2026-08-17,-0.58,53.6,False
3723,601279,英利汽车,3.23,-0.92,0.22,-46.8,3.239821949758,0.1204616,57.72715306,-1082,4551,68.8,2026-08-17,-0.3,39.7,False
3724,601288,农业银行,6.54,1.24,0.06,7.61,6.448294104766,0.4911716,71.38733318,263,933,93.6,2026-08-17,1.42,66.8,False
3725,601298,青岛港,8.78,0.0,0.08,10.37,8.736170929261,0.0633704,68.12828675,-158,1720,71.2,2026-08-17,0.5,48.5,False
3726,601311,骆驼股份,7.74,-0.51,0.38,14.25,7.754866014835,0.238112,66.72693625,-228,2136,73.6,2026-08-17,-0.19,49.1,False
3727,601318,中国平安,51.47,-0.64,0.25,9.31,51.77515283563,0.4691356,70.68165356,-79,1095,92.0,2026-08-17,-0.59,65.0,False
3728,601319,中国人保,6.87,-0.58,0.04,8.62,6.877330501283,0.4079124,71.04732822,359,1000,84.0,2026-08-17,-0.11,59.7,False
3729,601326,秦港股份,3.41,0.0,0.14,11.14,3.37942421472,0.1839796,65.7071841,-1348,2448,68.8,2026-08-17,0.9,45.2,False
3730,601328,交通银行,6.92,0.29,0.21,5.84,6.893360382197,0.4624848,71.29776524,-265,953,90.0,2026-08-17,0.39,64.2,False
3731,601330,绿色动力,7.02,-1.27,0.3,12.16,7.070626216961,0.2019408,63.25483942,-783,3193,69.6,2026-08-17,-0.72,44.0,False
3732,601333,广深铁路,2.92,0.0,0.34,8.92,2.906798430371,0.3725836,73.62412254,-207,552,73.2,2026-08-17,0.45,53.9,False
3733,601336,新华保险,57.73,-1.4,0.26,6.93,58.136791380318,0.4675568,71.5464936,517,896,81.6,2026-08-17,-0.7,58.4,False
3734,601339,百隆东方,7.93,1.28,0.35,10.63,7.786787678366,0.119736,72.20204255,-223,793,70.8,2026-08-17,1.84,51.1,False
3735,601360,三六零,9.03,-3.53,0.93,144.61,9.361131860096,0.2982912,63.86925011,-1890,3010,84.4,2026-08-17,-3.54,53.9,False
3736,601366,利群股份,3.78,-1.82,4.98,135.06,3.730227581785,0.41023,74.05315901,1733,499,65.2,2026-08-17,1.33,48.3,False
3737,601368,绿城水务,4.54,0.0,0.22,39.64,4.518303452277,0.2131208,67.56004836,-296,1881,65.2,2026-08-17,0.48,44.0,False
3738,601369,陕鼓动力,8.96,-0.22,0.34,20.14,8.955487944058,0.196319333333,62.79938209,-860,3310,69.2,2026-08-17,0.05,43.5,False
3739,601375,中原证券,4.04,-1.46,0.53,27.8,4.074722546436,0.3120796,63.78074342,734,3034,76.0,2026-08-17,-0.85,48.5,False
3740,601377,兴业证券,5.81,-0.68,0.24,15.97,5.845176144637,0.4349248,65.48650984,824,2528,79.6,2026-08-17,-0.6,52.1,False
3741,601388,怡球资源,3.33,-1.19,0.63,30.56,3.352428714554,0.2690988,68.11786434,580,1723,81.2,2026-08-17,-0.67,55.3,False
3742,601390,中国中铁,4.35,-0.46,0.13,6.12,4.349926892787,0.403658,69.02321739,30,1469,80.0,2026-08-17,0.0,55.2,False
3743,601398,工商银行,7.6,0.53,0.05,7.79,7.556046698304,0.5236028,65.56236081,-962,2506,94.0,2026-08-17,0.58,61.6,False
3744,601399,国机重装,3.2,-1.84,0.31,45.44,3.242310281136,0.3466608,66.80023872,-162,2114,73.2,2026-08-17,-1.3,48.9,False
3745,601456,国联民生,8.86,-1.01,0.18,25.33,8.921860883767,0.3646472,67.4869735,473,1906,76.8,2026-08-17,-0.69,51.8,False
3746,601500,通用股份,4.02,-0.5,0.34,12.57,4.009457800972,0.2438972,70.63187915,1462,1104,68.8,2026-08-17,0.26,48.6,False
3747,601512,中新集团,7.82,0.64,0.09,24.69,7.735630525981,0.0943264,63.65291527,-346,3074,64.4,2026-08-17,1.09,41.0,False
3748,601515,衢州东峰,3.4,-1.45,0.39,-154.59,3.411152085491,0.3410292,53.72809464,71,5038,68.4,2026-08-17,-0.33,36.8,False
3749,601518,吉林高速,2.78,0.0,0.34,11.41,2.774104186759,0.3126624,68.93463324,-24,1498,66.0,2026-08-17,0.21,45.5,False
3750,601519,大智慧,7.89,-3.31,0.87,-132.62,8.075504243017,0.2786996,62.49607769,811,3406,77.2,2026-08-17,-2.3,48.2,False
3751,601528,瑞丰银行,4.85,-0.41,0.29,5.64,4.826797153231,0.1975312,70.27162744,-300,1183,70.4,2026-08-17,0.48,49.5,False
3752,601555,东吴证券,7.98,-1.72,0.36,12.37,8.102108975865,0.4381808,72.18225718,249,794,78.0,2026-08-17,-1.51,56.3,False
3753,601566,九牧王,8.55,0.47,0.43,17.69,8.46945271929,0.0911204,60.98813144,-202,3811,68.8,2026-08-17,0.95,42.0,False
3754,601567,三星电气,15.25,-1.68,0.44,32.02,15.334531167341,0.2007964,67.94106125,250,1772,76.0,2026-08-17,-0.55,51.6,False
3755,601568,北元化工,3.7,0.27,0.2,179.37,3.663952867087,0.1790324,68.03959073,-135,1740,64.8,2026-08-17,0.98,44.1,False
3756,601577,长沙银行,9.25,0.33,0.14,4.05,9.164877615839,0.2649872,69.64556314,-652,1336,69.2,2026-08-17,0.93,48.2,False
3757,601579,会稽山,18.25,-1.67,2.63,18.24,18.288560371599,0.274744,71.94118282,-723,824,88.4,2026-08-17,-0.21,63.6,False
3758,601588,北辰实业,1.71,-0.58,0.32,-9.54,1.707347236837,0.4090476,60.29623054,-464,3989,67.2,2026-08-17,0.16,40.5,False
3759,601595,上海电影,16.82,-1.64,0.51,144.91,17.121226972884,0.1114056,65.47032917,-1202,2533,77.2,2026-08-17,-1.76,50.5,False
3760,601598,中国外运,6.64,0.91,0.13,17.48,6.512336260202,0.0675884,72.39517248,319,757,77.2,2026-08-17,1.96,55.9,False
3761,601599,浙文影业,3.06,-0.33,0.49,49.63,3.04672374267,0.3089464,67.58840686,1,1874,68.4,2026-08-17,0.44,46.2,False
3762,601600,中国铝业,9.38,-1.68,0.56,7.28,9.417295728914,0.374848,72.46743377,265,738,88.8,2026-08-17,-0.4,64.4,False
3763,601601,中国太保,30.0,-0.5,0.19,7.19,30.023036250796,0.440268,74.09623194,152,493,85.2,2026-08-17,-0.08,63.1,False
3764,601606,长城军工,33.68,-1.78,1.8,-109.53,34.353190027477,0.2230972,61.08823609,-1142,3783,94.4,2026-08-17,-1.96,57.7,False
3765,601607,上海医药,16.43,-0.24,0.16,10.74,16.430017315297,0.2048112,76.33841644,-51,253,85.2,2026-08-17,-0.0,65.0,False
3766,601608,中信重工,4.88,0.0,0.34,58.76,4.858865167622,0.2560572,66.45349489,-370,2208,77.2,2026-08-17,0.43,51.3,False
3767,601609,金田股份,11.85,1.2,3.48,30.08,11.479802792846,0.339088,73.20436478,-335,616,92.0,2026-08-17,3.22,67.3,False
3768,601611,中国核建,11.03,-2.56,0.65,20.63,11.280615692026,0.2724388,63.76472364,-599,3038,88.4,2026-08-17,-2.22,56.4,False
3769,601615,明阳智能,11.41,-1.98,1.19,261.61,11.626456964039,0.3264096,61.90251037,-1125,3568,81.2,2026-08-17,-1.86,50.3,False
3770,601616,广电电气,3.71,-1.07,0.92,-33.66,3.730524053236,0.2617852,63.53967068,1390,3110,79.6,2026-08-17,-0.55,50.6,False
3771,601618,中国中冶,2.57,-0.39,0.14,8.14,2.568790974945,0.4313348,68.89992056,-329,1511,78.4,2026-08-17,0.05,54.0,False
3772,601619,嘉泽新能,4.33,-1.37,0.99,24.25,4.368701098735,0.3066472,65.27391955,71,2598,81.6,2026-08-17,-0.89,53.3,False
3773,601628,中国人寿,36.94,-1.76,0.06,13.38,37.306985025508,0.3927348,77.95928702,656,144,86.4,2026-08-17,-0.98,67.4,False
3774,601633,长城汽车,15.32,-0.84,0.08,34.78,15.380394540896,0.217648,72.28958354,-196,776,80.4,2026-08-17,-0.39,58.1,False
3775,601636,旗滨集团,6.16,-0.16,2.36,347.43,6.106922421396,0.324604,65.06215195,-484,2657,77.2,2026-08-17,0.87,50.2,False
3776,601658,邮储银行,4.92,0.2,0.06,5.74,4.909859847118,0.3921268,69.20226849,646,1433,85.6,2026-08-17,0.21,59.2,False
3777,601665,齐鲁银行,6.41,1.1,0.41,6.31,6.284996134903,0.3783088,71.95301609,36,823,71.6,2026-08-17,1.99,51.5,False
3778,601666,平煤股份,9.36,0.54,0.76,48.1,9.339012529915,0.2242296,64.37677894,-2127,2861,86.8,2026-08-17,0.22,55.9,False
3779,601668,中国建筑,4.36,0.0,0.2,3.24,4.366331621105,0.4210592,71.38382713,-778,935,88.4,2026-08-17,-0.15,63.1,False
3780,601669,中国电建,4.68,-0.21,0.24,10.33,4.6839459319,0.3785472,63.96792976,-1563,2986,76.0,2026-08-17,-0.08,48.6,False
3781,601677,明泰铝业,16.54,-0.84,1.77,7.31,16.499850395182,0.3119736,74.89757458,1636,409,76.8,2026-08-17,0.24,57.5,False
3782,601678,滨化股份,6.85,-1.86,3.34,28.17,6.892363465742,0.3144256,66.62622525,-327,2162,86.8,2026-08-17,-0.61,57.8,False
3783,601686,友发集团,5.16,-0.19,0.11,14.78,5.127781062642,0.2061596,65.46394905,-1236,2534,62.8,2026-08-17,0.63,41.1,False
3784,601688,华泰证券,19.16,-1.08,0.36,9.01,19.299452932521,0.472328,69.50759977,485,1367,84.4,2026-08-17,-0.72,58.7,False
3785,601689,拓普集团,50.2,-0.22,0.79,39.52,49.950370320542,0.3531456,68.90855111,226,1508,83.6,2026-08-17,0.5,57.6,False
3786,601696,中银证券,11.78,-2.4,0.6,22.63,11.979962725108,0.3769352,64.69138995,1588,2757,72.8,2026-08-17,-1.67,47.1,False
3787,601698,中国卫通,26.73,-0.85,0.2,1051.71,26.700799167289,0.3173316,67.44534853,433,1920,77.2,2026-08-17,0.11,52.1,False
3788,601699,潞安环能,16.52,1.29,0.54,17.18,16.193086989455,0.2772548,69.65373217,-857,1335,84.0,2026-08-17,2.02,58.5,False
3789,601700,风范股份,7.59,5.12,18.53,76.08,6.934846915925,0.4906912,70.08189237,3096,1225,92.0,2026-08-17,9.45,64.5,False
3790,601702,华峰铝业,15.94,5.01,1.14,14.28,15.091032640757,0.1429704,70.6920043,1492,1091,70.8,2026-08-17,5.63,50.0,False
3791,601717,中创智领,15.22,-0.72,0.47,7.62,15.245204082449,0.289008,73.39599361,-172,584,80.4,2026-08-17,-0.17,59.0,False
3792,601718,ST际华,1.86,-2.11,0.33,-16.69,1.8797307692,0.3751944,62.00550217,1252,3540,73.6,2026-08-17,-1.05,45.6,False
3793,601727,上海电气,6.68,-1.04,0.2,68.22,6.727003199286,0.3361464,69.99466631,1032,1242,75.6,2026-08-17,-0.7,52.9,False
3794,601728,中国电信,6.66,0.76,0.07,20.73,6.620500884463,0.4047236,75.07781074,-302,386,91.2,2026-08-17,0.6,68.5,False
3795,601766,中国中车,6.0,0.5,0.21,12.74,5.950783164467,0.5581624,80.29691413,94,47,87.6,2026-08-17,0.83,70.3,False
3796,601777,千里科技,8.18,-2.27,0.24,191.14,8.334092202274,0.2281632,61.47286394,-722,3681,75.6,2026-08-17,-1.85,46.5,False
3797,601778,晶科科技,3.8,-0.78,2.09,-27.46,3.786833522425,0.2760848,60.86167019,-871,3857,73.6,2026-08-17,0.35,44.8,False
3798,601788,光大证券,14.41,-1.71,0.25,14.24,14.570984239234,0.3904824,68.38501399,958,1650,81.6,2026-08-17,-1.1,55.8,False
3799,601789,宁波建工,4.35,-4.4,4.97,8.95,4.511184584414,0.3231672,77.83504783,618,153,88.4,2026-08-17,-3.57,68.8,False
3800,601798,蓝科高新,7.79,0.13,0.99,56.13,7.670642336673,0.179506,68.11142399,2045,1725,70.8,2026-08-17,1.56,48.2,False
3801,601799,星宇股份,91.0,-1.03,0.53,18.3,91.688259136073,0.1890264,69.42692603,807,1387,74.4,2026-08-17,-0.75,51.7,False
3802,601800,中国交建,5.88,-0.51,0.09,5.81,5.902621007644,0.304258,66.91237274,-306,2075,78.4,2026-08-17,-0.38,52.5,False
3803,601801,皖新传媒,5.41,0.19,0.22,7.92,5.38068582743,0.1818332,65.31004072,-317,2587,70.4,2026-08-17,0.54,46.0,True
3804,601808,中海油服,12.24,1.58,0.46,17.06,11.980506211713,0.2598244,72.47167167,418,737,79.2,2026-08-17,2.17,57.4,False
3805,601811,新华文轩,11.98,0.59,0.1,14.37,11.915415861361,0.1236684,63.92858562,-658,2997,68.0,2026-08-17,0.54,43.5,False
3806,601816,京沪高铁,4.86,-0.41,0.09,18.92,4.874514732167,0.4293928,75.05998884,-128,389,83.2,2026-08-17,-0.3,62.4,False
3807,601818,光大银行,2.99,0.0,0.13,3.85,2.989941626044,0.5084356,68.65819936,-315,1570,85.2,2026-08-17,0.0,58.5,False
3808,601825,沪农商行,8.55,-0.81,0.13,5.74,8.681317527553,0.2600208,65.69807803,-1994,2453,75.2,2026-08-17,-1.51,49.4,False
3809,601827,三峰环境,8.32,0.0,0.16,8.09,8.330255705333,0.1938636,68.43853775,-717,1631,71.2,2026-08-17,-0.12,48.7,False
3810,601828,美凯龙,2.18,-0.46,0.45,49.77,2.158473992515,0.323684,60.38036832,298,3966,68.8,2026-08-17,1.0,41.5,False
3811,601838,成都银行,18.16,0.72,0.17,6.1,17.980832679626,0.2526256,71.92037224,-206,828,78.8,2026-08-17,1.0,56.7,False
3812,601857,中国石油,10.9,2.16,0.03,10.32,10.69689763652,0.408306,75.6955951,-57,320,89.2,2026-08-17,1.9,67.5,False
3813,601858,中国科传,23.7,-1.54,0.68,124.87,24.096377244435,0.1786544,64.27407532,-647,2888,84.4,2026-08-17,-1.64,54.2,False
3814,601860,紫金银行,2.51,-0.79,0.41,5.36,2.512463447847,0.4369952,64.57788455,-181,2792,71.2,2026-08-17,-0.1,46.0,False
3815,601865,福莱特,10.53,-1.22,0.67,161.68,10.735108718789,0.217838,64.27788431,-777,2883,84.8,2026-08-17,-1.91,54.5,False
3816,601866,中远海发,2.4,0.84,0.34,19.07,2.372307897645,0.4082576,67.55386458,-213,1884,76.0,2026-08-17,1.17,51.3,False
3817,601868,中国能建,2.53,-0.78,0.35,19.24,2.546159986364,0.4476664,66.36009816,464,2240,74.8,2026-08-17,-0.63,49.6,False
3818,601869,长飞光纤,381.7,1.37,2.68,159.56,367.681386466706,0.4669716,77.42232022,-9,169,94.0,2026-08-17,3.81,72.8,False
3819,601872,招商轮船,17.8,-0.5,0.49,13.0,17.575413123631,0.3906148,76.49267673,-34,240,84.4,2026-08-17,1.28,64.6,False
3820,601877,正泰电器,24.71,-0.76,0.34,10.48,24.768836202509,0.3020056,65.8403542,-503,2405,80.0,2026-08-17,-0.24,52.7,False
3821,601878,浙商证券,9.27,-0.86,0.17,14.11,9.322550257779,0.36032,63.40498773,-693,3145,79.6,2026-08-17,-0.56,50.5,False
3822,601880,辽港股份,1.46,0.0,0.18,23.95,1.450599864209,0.4869848,67.89220246,-15,1787,73.2,2026-08-17,0.65,49.7,False
3823,601881,中国银河,12.07,-1.39,0.16,9.94,12.206978356461,0.4036024,63.32436516,-750,3174,78.8,2026-08-17,-1.12,49.9,False
3824,601882,海天精工,21.26,-0.47,1.68,24.92,21.456679149936,0.2803184,76.65315225,729,226,84.8,2026-08-17,-0.92,65.0,False
3825,601886,江河集团,12.48,-2.12,1.93,16.05,12.27387012835,0.21001,70.70297355,-767,1088,85.2,2026-08-17,1.68,60.2,False
3826,601888,中国中免,53.92,-0.2,0.52,18.03,53.62258457849,0.3555256,69.39384504,-536,1394,85.6,2026-08-17,0.55,59.4,False
3827,601890,亚星锚链,8.83,-2.0,2.44,25.1,8.979830510271,0.2755204,69.13638894,-1318,1446,89.6,2026-08-17,-1.67,61.9,False
3828,601898,中煤能源,14.48,3.65,0.31,12.48,13.931217032156,0.2780184,72.66714899,-280,699,87.2,2026-08-17,3.94,63.4,False
3829,601899,紫金矿业,32.96,-1.2,0.43,10.91,33.258401354112,0.5088132,79.72867234,321,64,94.0,2026-08-17,-0.9,74.9,False
3830,601900,南方传媒,11.92,-0.83,0.32,8.75,11.896650761031,0.21247,71.5078339,290,900,73.2,2026-08-17,0.2,52.3,False
3831,601901,方正证券,6.81,-1.16,0.21,9.43,6.868100882809,0.3944364,63.85352803,-356,3015,80.0,2026-08-17,-0.85,51.1,False
3832,601908,京运通,3.1,-1.9,0.99,-12.49,3.158367923293,0.3331952,59.46309877,823,4176,77.6,2026-08-17,-1.85,46.1,False
3833,601916,浙商银行,2.9,-0.34,0.15,3.32,2.908410146195,0.425664,68.32466454,499,1672,78.8,2026-08-17,-0.29,53.8,False
3834,601918,新集能源,10.23,1.89,0.79,12.09,9.939808441833,0.3000672,71.10067945,-389,992,78.8,2026-08-17,2.92,56.0,False
3835,601919,中远海控,16.32,2.19,0.56,10.6,15.855498927828,0.4190772,75.86479968,353,296,88.8,2026-08-17,2.93,67.4,False
3836,601921,浙版传媒,7.56,0.93,0.26,13.0,7.440715776625,0.1954408,70.32312533,1307,1171,70.4,2026-08-17,1.6,49.5,False
3837,601928,凤凰传媒,9.21,-0.32,0.14,13.85,9.21563987331,0.19715,66.35722063,-91,2241,76.0,2026-08-17,-0.06,50.4,False
3838,601929,吉视传媒,2.33,-3.32,1.15,-20.32,2.389650934642,0.2758616,65.39572265,529,2551,74.8,2026-08-17,-2.5,48.9,False
3839,601933,永辉超市,3.27,0.93,1.59,25.43,3.197673652073,0.3877936,64.492455,1336,2821,76.4,2026-08-17,2.26,49.3,False
3840,601939,建设银行,10.42,1.17,0.72,7.9,10.271139978103,0.4483564,67.71176863,-1320,1833,92.0,2026-08-17,1.45,62.3,False
3841,601949,中国出版,5.18,-0.77,0.27,-24.56,5.156556616427,0.1670636,61.61511343,467,3650,74.8,2026-08-17,0.45,46.1,False
3842,601952,苏垦农发,9.04,5.98,2.67,43.81,8.424550728691,0.3211392,74.10957827,1736,491,75.2,2026-08-17,7.31,55.7,False
3843,601956,东贝集团,4.96,-0.8,0.32,-45.9,4.952218753333,0.1013592,63.04263221,421,3247,66.8,2026-08-17,0.16,42.1,False
3844,601958,金钼股份,22.5,-1.96,0.68,20.86,22.742653917145,0.3834528,75.12707793,751,379,81.6,2026-08-17,-1.07,61.3,False
3845,601963,重庆银行,10.88,0.28,0.2,5.61,10.796379142692,0.1613704,64.7559278,-1418,2744,70.8,2026-08-17,0.77,45.8,False
3846,601965,中国汽研,13.95,-0.92,0.32,16.3,13.985703192706,0.1962568,75.97032147,969,285,72.8,2026-08-17,-0.26,55.3,False
3847,601966,玲珑轮胎,10.95,-0.82,0.23,237.15,10.966732494146,0.194814,65.86507583,531,2398,74.0,2026-08-17,-0.15,48.7,False
3848,601968,宝钢包装,4.41,-0.68,0.13,21.51,4.406821296353,0.1527308,66.91913465,869,2073,65.2,2026-08-17,0.07,43.6,False
3849,601969,海南矿业,9.36,0.21,0.4,23.15,9.238133158407,0.1952092,76.96145211,303,203,76.4,2026-08-17,1.32,58.8,False
3850,601975,招商南油,3.65,-0.54,1.32,9.89,3.612887734893,0.3816728,70.88988547,506,1039,71.6,2026-08-17,1.03,50.8,False
3851,601985,中国核电,8.79,0.23,0.12,21.89,8.767742122807,0.3839344,65.66457867,-443,2467,89.6,2026-08-17,0.25,58.8,False
3852,601988,中国银行,5.96,1.02,0.07,8.48,5.891702676638,0.5044012,73.5279653,155,569,92.4,2026-08-17,1.16,67.9,False
3853,601990,南京证券,6.63,-0.9,0.14,24.89,6.660193391806,0.2985896,65.08159547,481,2651,76.8,2026-08-17,-0.45,50.0,False
3854,601991,大唐发电,6.23,-3.11,2.1,9.96,6.392174553902,0.3464096,64.62337248,-381,2782,93.6,2026-08-17,-2.54,60.5,False
3855,601992,金隅集团,1.4,0.0,0.11,-2.23,1.39477403134,0.5219176,61.95603106,786,3554,72.0,2026-08-17,0.37,44.6,False
3856,601995,中金公司,34.37,-1.91,0.38,11.59,34.799998334812,0.3735612,69.97221678,298,1248,82.0,2026-08-17,-1.24,57.4,False
3857,601996,丰林集团,2.5,1.21,0.85,-25.35,2.442808243765,0.3048772,66.14549242,-895,2304,64.4,2026-08-17,2.34,42.6,False
3858,601997,贵阳银行,5.62,0.72,0.8,3.48,5.552814115801,0.3702572,64.6634144,-1523,2770,71.2,2026-08-17,1.21,46.0,False
3859,601998,中信银行,7.78,1.17,0.06,5.39,7.69207654092,0.2760228,72.05295515,-248,810,84.0,2026-08-17,1.14,60.5,False
3860,601999,出版传媒,6.25,-0.48,0.84,129.69,6.241252344021,0.2678764,64.94600386,-332,2690,79.2,2026-08-17,0.14,51.4,False
3861,603000,人民网,16.28,-2.63,0.67,-135.31,16.645723881151,0.2517852,65.3934786,-754,2553,80.0,2026-08-17,-2.2,52.3,False
3862,603001,奥康国际,8.01,0.88,1.5,91.38,7.723882241814,0.298527818182,65.36698569,466,2566,66.0,2026-08-17,3.7,43.1,False
3863,603002,宏昌电子,17.57,-0.11,8.98,10632.03,17.136560134343,0.4471252,73.09836516,451,639,83.6,2026-08-17,2.53,61.1,False
3864,603004,鼎龙科技,20.17,-1.71,1.8,41.34,20.342593373261,0.1694732,66.89484148,1915,2085,75.2,2026-08-17,-0.85,50.3,False
3865,603005,晶方科技,34.47,-1.93,3.47,85.89,34.534911938796,0.3399696,75.34943949,527,346,81.6,2026-08-17,-0.19,61.5,False
3866,603006,联明股份,11.25,-1.32,0.35,32.41,11.352352318815,0.0417508,60.29934438,-682,3987,65.2,2026-08-17,-0.9,39.3,False
3867,603007,顺景科技,4.77,-1.04,1.21,-173.32,4.782402218612,0.2272956,48.39254516,-9,5189,64.0,2026-08-17,-0.26,31.0,False
3868,603008,ST喜临门,7.91,0.38,0.74,-20.3,7.876858540497,0.2563716,59.36178985,333,4201,64.8,2026-08-17,0.42,38.5,False
3869,603009,北特科技,47.93,-1.07,1.17,152.72,47.645506880663,0.2981228,67.8713424,149,1795,89.6,2026-08-17,0.6,60.8,False
3870,603010,万盛股份,12.09,-2.42,1.58,125.84,11.864216176193,0.3069708,66.36847173,1025,2238,68.4,2026-08-17,1.9,45.4,False
3871,603011,合锻智能,25.0,-6.3,8.44,-107.73,26.057755417156,0.3503296,64.86086103,1830,2718,91.2,2026-08-17,-4.06,59.2,False
3872,603012,创力集团,9.27,0.54,2.77,64.4,9.187700630468,0.322294,55.04929021,-1207,4922,82.0,2026-08-17,0.9,45.1,False
3873,603013,亚普股份,16.57,-0.66,0.17,13.0,16.502881148008,0.0931464,67.08357401,196,2027,66.4,2026-08-17,0.41,44.5,False
3874,603014,威高血净,33.35,-1.01,0.62,29.44,33.582710569928,0.1168108,66.6704977,-401,2153,59.6,2026-08-17,-0.69,39.7,False
3875,603015,弘讯科技,11.15,1.73,1.02,166.54,10.897497163389,0.1335964,59.40015172,468,4189,72.0,2026-08-17,2.32,42.8,False
3876,603016,新宏泰,28.86,-1.9,0.54,161.55,29.25391537047,0.0858004,62.54089646,-1277,3397,65.6,2026-08-17,-1.35,41.0,False
3877,603017,中衡设计,9.6,-1.64,0.74,31.64,9.661762448892,0.0856876,63.42036779,789,3140,68.4,2026-08-17,-0.64,43.4,False
3878,603018,华设集团,5.3,-1.3,0.42,15.94,5.357286418683,0.2038876,67.31800502,-68,1962,69.6,2026-08-17,-1.07,46.9,False
3879,603019,中科曙光,88.65,-2.11,1.57,66.33,89.973583971084,0.4249776,71.9192762,527,829,93.6,2026-08-17,-1.47,67.3,False
3880,603020,爱普股份,10.3,-0.96,0.73,28.84,10.299110410632,0.14782,58.65717932,-424,4369,69.6,2026-08-17,0.01,40.8,False
3881,603021,*ST华鹏,5.33,-7.63,3.14,-10.87,5.788617805519,0.2291932,43.03420899,-12,5195,64.0,2026-08-17,-7.92,27.5,False
3882,603022,新通联,8.72,-1.02,0.42,35.26,8.747166910334,0.03152,66.89550738,1546,2084,65.6,2026-08-17,-0.31,43.9,False
3883,603023,威帝股份,4.11,-0.96,0.93,-181.59,4.100327402484,0.136968,60.60535614,-978,3913,69.6,2026-08-17,0.24,42.2,False
3884,603025,大豪科技,14.28,-4.8,1.55,14.98,14.885189921489,0.2736344,79.36917551,-31,78,89.6,2026-08-17,-4.07,71.1,False
3885,603026,石大胜华,67.36,-2.06,2.62,13.92,67.816773600036,0.2991292,64.96530603,-1589,2685,82.4,2026-08-17,-0.67,53.5,False
3886,603027,千禾味业,7.35,0.0,0.5,16.51,7.293060399775,0.2234392,66.79611863,699,2117,78.4,2026-08-17,0.78,52.4,False
3887,603028,赛福天,7.0,-0.99,0.8,-103.7,6.994465799716,0.073072,64.55121863,2041,2808,66.0,2026-08-17,0.08,42.6,False
3888,603029,天鹅股份,15.95,0.38,1.39,65.34,16.009167097803,0.1189592,69.99071601,1969,1244,72.8,2026-08-17,-0.37,51.0,False
3889,603030,全筑股份,2.07,-0.96,0.82,303.24,2.080677020168,0.1611664,60.49335005,59,3938,69.2,2026-08-17,-0.51,41.9,False
3890,603031,安孚科技,41.49,-5.17,3.33,39.48,42.517106061008,0.3970776,77.94745037,87,146,77.2,2026-08-17,-2.42,60.2,False
3891,603032,德新科技,19.3,-1.73,1.12,44.82,19.429936449252,0.1667916,62.00200108,298,3541,70.4,2026-08-17,-0.67,43.6,False
3892,603033,三维股份,7.72,-1.53,0.29,-17.0,7.830793036359,0.1515272,51.08182249,-590,5153,64.0,2026-08-17,-1.41,32.7,False
3893,603035,常熟汽饰,11.04,-0.45,0.38,14.13,11.007162023623,0.1788772,62.92399267,-78,3278,70.4,2026-08-17,0.3,44.3,False
3894,603036,如通股份,13.67,-0.22,1.29,31.84,13.666711112416,0.2522208,66.72213351,-1349,2137,68.0,2026-08-17,0.02,45.4,False
3895,603037,凯众股份,10.28,-2.19,0.9,71.92,10.480407340797,0.114056,63.99086364,-403,2979,67.6,2026-08-17,-1.91,43.3,False
3896,603038,华立股份,15.73,-3.2,1.26,15.36,16.163001813912,0.1772004,62.02248668,-1116,3537,84.8,2026-08-17,-2.68,52.6,False
3897,603039,泛微网络,43.97,-1.59,5.18,54.43,43.917892601808,0.2764424,64.61408134,-1291,2785,83.2,2026-08-17,0.12,53.8,False
3898,603040,新坐标,56.94,-0.85,0.45,42.48,56.488923128611,0.2706816,67.1998052,848,1995,64.8,2026-08-17,0.8,43.5,False
3899,603041,美思德,11.19,-0.71,0.43,35.96,11.151861601401,0.0318908,63.40670443,1122,3143,63.2,2026-08-17,0.34,40.1,False
3900,603042,华脉科技,13.8,-3.9,2.26,-328.66,13.934110913197,0.1793736,66.13541848,1633,2307,72.8,2026-08-17,-0.96,48.1,False
3901,603043,广州酒家,13.66,0.74,0.31,125.67,13.55779666056,0.132278,67.98206343,-1197,1762,70.4,2026-08-17,0.75,47.9,False
3902,603045,福达合金,56.6,-0.56,3.76,10.58,55.747719041285,0.2701116,73.88944585,1572,525,69.2,2026-08-17,1.53,51.1,False
3903,603048,浙江黎明,22.29,0.04,0.89,51.64,21.927205919878,0.13095,59.49996768,125,4162,66.0,2026-08-17,1.65,39.3,False
3904,603049,中策橡胶,49.09,1.09,0.4,8.8,47.84245206239,0.2870108,74.99326513,31,397,68.4,2026-08-17,2.61,51.3,False
3905,603050,科林电气,19.12,1.76,1.29,45.48,18.58449879154,0.3162996,68.57881831,2025,1599,71.6,2026-08-17,2.88,49.1,False
3906,603051,鹿山新材,21.41,-1.79,0.78,43.6,21.704409931915,0.121712,54.50641589,-100,4979,69.6,2026-08-17,-1.36,37.9,False
3907,603052,可川科技,58.58,-1.5,1.82,-237.45,58.742111894521,0.2083852,63.85182288,-1766,3017,80.0,2026-08-17,-0.28,51.1,False
3908,603053,成都燃气,8.73,0.46,0.17,15.46,8.65728963579,0.1224316,70.62673714,-515,1107,68.0,2026-08-17,0.84,48.0,False
3909,603055,台华新材,9.1,1.22,0.57,15.38,9.052048144552,0.2561388,74.39764241,507,460,70.4,2026-08-17,0.53,52.4,False
3910,603057,紫燕食品,22.54,0.4,0.58,28.09,22.408959308662,0.1904572,62.72539593,-2320,3333,69.2,2026-08-17,0.58,43.4,False
3911,603058,永吉股份,9.49,-2.77,1.19,24.02,9.700557452419,0.2303252,58.87080806,48,4313,73.6,2026-08-17,-2.17,43.3,False
3912,603059,倍加洁,24.89,-1.89,0.41,31.94,25.064955575781,0.0845164,65.06130481,-606,2658,66.4,2026-08-17,-0.7,43.2,False
3913,603060,国检集团,5.47,-0.36,0.23,-41.36,5.459727951746,0.1972264,63.95608964,-334,2988,62.0,2026-08-17,0.19,39.7,False
3914,603061,金海通,354.0,-0.9,2.14,93.32,351.057375547387,0.3976912,73.48859851,383,577,79.2,2026-08-17,0.84,58.2,False
3915,603062,麦加芯彩,39.17,-0.48,0.39,105.05,38.962288572155,0.0643352,68.42937405,1958,1634,61.6,2026-08-17,0.53,42.2,False
3916,603063,禾望电气,34.13,-3.67,2.75,50.65,34.836754363397,0.3444056,74.6810635,999,432,82.0,2026-08-17,-2.03,61.2,False
3917,603065,宿迁联盛,17.36,5.47,10.58,334.31,16.36353379361,0.2400896,59.93319827,1014,4053,82.4,2026-08-17,6.09,49.4,False
3918,603066,音飞储存,9.17,0.0,0.54,5.41,9.151948567589,0.0562436,55.70163823,-135,4851,69.6,2026-08-17,0.2,38.8,False
3919,603067,振华股份,36.29,-0.63,2.62,56.36,35.251306798471,0.4661568,73.42164165,2013,580,78.4,2026-08-17,2.95,57.6,False
3920,603068,博通集成,41.9,-2.63,3.91,97.95,42.597029874199,0.2405408,69.62553951,1165,1340,85.6,2026-08-17,-1.64,59.6,False
3921,603069,海汽集团,13.24,-0.08,0.43,-50.23,13.245266033351,0.0575424,58.08437999,267,4490,71.6,2026-08-17,-0.04,41.6,False
3922,603070,万控智造,11.57,-1.78,0.26,-60.7,11.726461336828,0.1761268,58.13823209,-829,4477,62.4,2026-08-17,-1.33,36.3,False
3923,603071,物产环能,13.2,10.0,1.67,10.18,11.9771821521,0.1214152,67.5176101,325,1896,64.8,2026-08-17,10.21,43.8,False
3924,603072,天和磁材,32.4,-1.1,0.76,44.72,32.425772026828,0.144968,68.79565631,173,1529,71.2,2026-08-17,-0.08,49.0,False
3925,603073,彩蝶实业,16.52,-0.78,1.74,36.19,16.609536846248,0.110396,60.56756934,-160,3923,65.2,2026-08-17,-0.54,39.5,False
3926,603075,热威股份,18.98,-0.73,1.84,26.7,19.02940759636,0.1206372,59.43963433,-387,4179,62.0,2026-08-17,-0.26,36.9,False
3927,603076,乐惠国际,21.36,-0.05,1.07,78.54,21.281832878909,0.1293712,63.01741987,-540,3256,74.8,2026-08-17,0.37,47.1,False
3928,603077,和邦生物,2.43,-0.41,1.13,28.23,2.431728709288,0.3905268,71.67555045,2101,871,79.2,2026-08-17,-0.07,56.8,False
3929,603078,江化微,37.81,-1.02,6.68,126.67,37.602966164444,0.2848316,73.54443039,1584,564,86.8,2026-08-17,0.55,63.8,False
3930,603079,圣达生物,16.23,10.03,11.98,58.22,14.749993568881,0.3618284,73.13590966,-312,630,81.6,2026-08-17,10.03,59.7,False
3931,603080,新疆火炬,19.8,1.8,1.18,15.53,19.197006447934,0.1809216,72.4859244,1423,733,67.6,2026-08-17,3.14,49.0,False
3932,603081,大丰实业,9.37,-1.78,0.37,260.86,9.519789297918,0.1687248,63.3888737,747,3153,69.2,2026-08-17,-1.57,43.9,False
3933,603082,北自科技,43.65,-1.18,9.34,95.63,42.786851238207,0.3930104,71.16134237,3242,977,75.6,2026-08-17,2.02,53.8,False
3934,603083,剑桥科技,185.11,-2.68,4.35,144.02,189.170123688067,0.5170428,74.59227776,-431,441,94.8,2026-08-17,-2.15,70.7,False
3935,603085,天成自控,9.95,-2.83,0.79,39.33,10.138519167397,0.2200724,67.80203115,775,1806,68.0,2026-08-17,-1.86,46.1,False
3936,603086,先达股份,5.73,0.53,1.03,28.35,5.672283092952,0.175062,66.08716933,380,2320,69.6,2026-08-17,1.02,46.0,False
3937,603087,甘李药业,72.75,-1.98,1.53,56.45,73.817012086144,0.3582648,68.75619422,-848,1541,92.0,2026-08-17,-1.45,63.3,False
3938,603088,宁波精达,9.29,-1.59,0.6,145.42,9.405159613957,0.1854568,61.73152355,-1563,3621,69.6,2026-08-17,-1.22,43.0,False
3939,603089,正裕工业,11.8,9.97,1.49,-45.49,10.626126469269,0.3639952,69.97076772,-69,1249,79.2,2026-08-17,11.05,55.4,False
3940,603090,宏盛股份,39.88,-2.13,1.1,57.85,40.404198604733,0.1613084,62.19575154,-711,3489,64.4,2026-08-17,-1.3,40.1,False
3941,603091,众鑫股份,49.85,-3.05,1.1,19.01,51.585490209981,0.2981092,74.29461857,122,471,68.4,2026-08-17,-3.36,50.8,False
3942,603092,德力佳,48.7,-1.08,1.35,22.92,48.787076079041,0.1794396,70.85552683,755,1055,66.0,2026-08-17,-0.18,46.8,False
3943,603093,南华期货,11.73,-3.93,0.97,15.68,12.051329201577,0.1759408,68.02154398,2011,1746,68.8,2026-08-17,-2.67,46.8,False
3944,603095,越剑智能,15.29,-6.94,5.53,69.44,15.86655053593,0.2766964,67.9984045,-656,1753,81.6,2026-08-17,-3.63,55.5,False
3945,603096,新经典,15.25,-1.29,0.65,26.63,15.326387111759,0.0737648,56.55949241,-1094,4741,66.4,2026-08-17,-0.5,37.6,False
3946,603097,江苏华辰,20.06,-0.69,0.52,8840.13,19.974997084836,0.0995864,60.38060424,52,3965,73.2,2026-08-17,0.43,44.2,False
3947,603098,森特股份,10.32,-0.67,0.51,64.69,10.412220384943,0.19171,65.38450354,1838,2559,68.4,2026-08-17,-0.89,44.7,False
3948,603099,长白山,39.2,-2.22,1.29,4208.26,39.84870255006,0.2350188,71.39655884,-309,928,81.2,2026-08-17,-1.63,58.0,False
3949,603100,川仪股份,17.49,-0.91,0.25,15.88,17.484464540603,0.185682,69.45607045,957,1379,69.6,2026-08-17,0.03,48.3,False
3950,603101,汇嘉时代,7.31,1.39,1.02,17.52,7.13815584823,0.1583744,71.72003815,158,862,69.2,2026-08-17,2.41,49.6,False
3951,603102,百合股份,44.73,3.04,10.11,23.06,42.823352649919,0.4996216,78.54430044,830,117,77.2,2026-08-17,4.45,60.6,False
3952,603103,横店影视,15.07,-1.05,0.27,59.55,15.136940686165,0.1074144,59.40703502,-981,4187,73.6,2026-08-17,-0.44,43.7,False
3953,603105,芯能科技,7.06,-0.84,0.42,385.61,7.087799029247,0.1709172,61.81814784,468,3598,72.4,2026-08-17,-0.39,44.8,False
3954,603106,恒银科技,7.8,-5.68,6.15,356.63,8.231184755821,0.2036792,58.74124186,-426,4347,89.6,2026-08-17,-5.24,52.6,False
3955,603107,上海汽配,11.98,-0.83,0.34,22.57,12.048875779332,0.1379592,61.75101844,-1279,3613,67.6,2026-08-17,-0.57,41.7,False
3956,603108,润达医疗,9.95,-2.64,1.68,-28.08,10.199571962069,0.15246,57.55914142,-205,4579,80.0,2026-08-17,-2.45,46.0,False
3957,603109,神驰机电,17.42,-1.69,0.26,39.17,17.700009502161,0.1143808,58.84794424,-235,4324,67.2,2026-08-17,-1.58,39.5,False
3958,603110,东方材料,26.9,-3.03,7.35,129.79,26.765505757227,0.3697832,64.89206759,1947,2708,76.8,2026-08-17,0.5,49.8,False
3959,603111,康尼机电,5.77,-1.03,0.23,22.29,5.813551921207,0.2710916,70.86114919,320,1050,68.0,2026-08-17,-0.75,48.2,False
3960,603112,华翔股份,15.76,4.51,2.05,14.49,14.990227585817,0.2271424,71.46677442,706,915,65.2,2026-08-17,5.14,46.6,False
3961,603113,金能科技,4.63,0.43,0.34,-1.66,4.586100370791,0.1672,57.51698227,-287,4583,70.0,2026-08-17,0.96,40.3,False
3962,603115,海星股份,83.85,-1.65,2.24,129.29,83.045094998279,0.3148328,76.86720757,-171,212,86.4,2026-08-17,0.97,66.4,False
3963,603116,红蜻蜓,6.41,0.94,0.6,100.05,6.33008283185,0.17907,66.03280487,385,2341,66.4,2026-08-17,1.26,43.8,False
3964,603117,万林物流,3.75,-1.32,0.49,-92.45,3.785351130685,0.0864872,54.80019742,-558,4951,66.0,2026-08-17,-0.93,36.2,False
3965,603118,共进股份,18.47,-4.4,21.52,148.68,19.298406482384,0.4967604,76.25024361,-236,265,94.8,2026-08-17,-4.29,72.3,False
3966,603119,浙江荣泰,54.32,-1.83,0.87,85.53,54.814067222736,0.2284288,71.50677495,1308,902,79.2,2026-08-17,-0.9,56.6,False
3967,603120,肯特催化,49.94,-0.7,2.87,58.29,49.593436066718,0.2350996,61.35159188,853,3706,63.6,2026-08-17,0.7,39.0,False
3968,603121,华培动力,12.67,-0.47,0.44,-307.41,12.605370934575,0.11324,59.82764637,792,4074,69.2,2026-08-17,0.51,41.4,False
3969,603122,合富中国,12.54,-0.24,5.12,-150.62,12.410621426053,0.1732492,60.98293782,158,3814,84.8,2026-08-17,1.04,51.7,False
3970,603123,翠微股份,8.82,-2.22,1.45,-57.98,8.973007796339,0.2088712,58.72896188,-1356,4348,86.4,2026-08-17,-1.71,50.7,False
3971,603124,江南新材,141.67,-3.63,3.36,66.04,145.544572307877,0.3480108,72.44379808,-74,745,76.4,2026-08-17,-2.66,55.3,False
3972,603125,常青科技,24.63,-0.85,0.43,30.66,24.586209344616,0.1781056,71.72853757,725,858,72.0,2026-08-17,0.18,51.6,False
3973,603126,中材节能,6.02,-1.15,0.54,85.96,6.052989408009,0.1594316,66.18844736,221,2292,72.8,2026-08-17,-0.55,48.2,False
3974,603127,昭衍新药,53.32,-0.3,4.09,41.91,52.538629679715,0.3418968,76.02868068,856,281,92.0,2026-08-17,1.49,69.9,True
3975,603128,华贸物流,5.35,0.38,0.21,19.02,5.310329407352,0.2379288,69.34805879,-125,1405,73.6,2026-08-17,0.75,51.0,False
3976,603129,春风动力,293.94,0.66,1.02,21.19,287.388348225813,0.2162048,80.2433786,214,48,78.4,2026-08-17,2.28,62.9,False
3977,603130,云中马,41.52,-0.88,0.28,99.34,41.644518742131,0.1878792,65.65793564,-973,2469,74.8,2026-08-17,-0.3,49.1,False
3978,603131,上海沪工,15.47,-1.84,0.81,110.71,15.615130435886,0.1168052,54.22091646,100,4994,72.0,2026-08-17,-0.93,39.0,False
3979,603132,金徽股份,18.96,-0.47,0.32,22.68,18.867365864979,0.13348,72.96304187,1346,658,70.8,2026-08-17,0.49,51.7,False
3980,603135,中重科技,9.39,-1.26,0.53,80.47,9.446419448095,0.0934168,55.69117726,-101,4853,61.6,2026-08-17,-0.6,34.3,False
3981,603136,天目湖,9.06,0.55,0.59,58.51,8.985014835157,0.0501656,58.66949283,-323,4367,67.2,2026-08-17,0.83,39.4,False
3982,603137,恒尚节能,26.92,2.67,10.29,34.0,25.848412762377,0.271111666667,55.43766642,57,4879,81.6,2026-08-17,4.15,45.2,False
3983,603138,海量数据,13.12,-2.96,0.94,-23.06,13.399522309135,0.1588556,60.16305417,-621,4017,73.2,2026-08-17,-2.09,44.0,False
3984,603139,康惠股份,36.71,-1.05,0.88,46.79,36.63175829831,0.2222084,53.99141678,97,5013,65.2,2026-08-17,0.21,35.2,False
3985,603150,万朗磁塑,54.04,-1.73,0.97,42.99,54.82764875586,0.188468,65.61576048,55,2481,61.2,2026-08-17,-1.44,40.2,False
3986,603151,邦基科技,15.45,1.38,1.93,163.67,15.427767793696,0.1454528,68.28167139,-1542,1690,75.6,2026-08-17,0.14,51.6,False
3987,603153,上海建科,13.1,-0.83,0.18,87.25,13.155247578887,0.117166,66.11152662,-1434,2314,68.8,2026-08-17,-0.42,45.5,False
3988,603155,新亚强,14.48,0.0,1.35,45.89,14.246140592774,0.1935412,63.05153471,-1031,3243,72.0,2026-08-17,1.64,45.4,False
3989,603156,养元饮品,54.02,1.26,0.69,21.07,52.173851078678,0.3371336,69.46385392,-638,1377,83.6,2026-08-17,3.54,58.1,False
3990,603158,腾龙股份,10.33,-4.26,2.18,23.87,10.663217239003,0.2523352,62.64942283,-1692,3360,78.4,2026-08-17,-3.12,49.1,False
3991,603159,上海亚虹,21.28,-0.37,0.61,-165.1,21.12569233579,0.250659818182,56.13080219,-971,4792,62.4,2026-08-17,0.73,35.0,False
3992,603160,汇顶科技,50.83,-2.25,0.51,50.53,51.493388817348,0.2329212,67.23128448,-133,1983,76.4,2026-08-17,-1.29,51.4,False
3993,603161,科华控股,16.57,-1.07,1.36,59.16,16.475941183588,0.218348,60.86747971,-1598,3853,82.0,2026-08-17,0.57,49.9,False
3994,603162,海通发展,12.04,1.52,4.08,15.81,11.694734882871,0.219264,74.66983657,81,433,83.2,2026-08-17,2.95,62.1,False
3995,603163,圣晖集成,89.0,-2.8,1.89,63.69,89.880605482998,0.2733008,80.30643029,226,46,76.4,2026-08-17,-0.98,61.4,False
3996,603165,荣晟环保,13.79,-0.29,0.4,14.22,13.752193997319,0.1488988,59.7690122,516,4090,70.0,2026-08-17,0.27,41.8,False
3997,603166,福达股份,11.72,2.09,1.2,25.19,11.383639151648,0.1677076,66.83462231,776,2104,70.4,2026-08-17,2.95,47.1,False
3998,603167,渤海轮渡,8.68,0.12,0.19,21.4,8.658489536955,0.1503544,64.84493353,-489,2719,72.8,2026-08-17,0.25,47.2,False
3999,603168,莎普爱思,5.59,-1.24,0.83,-20.03,5.632925800493,0.0876092,58.78515107,384,4338,69.6,2026-08-17,-0.76,40.9,False
4000,603169,兰石重装,6.61,-2.07,0.45,-54.46,6.713690677709,0.1440136,55.68050345,-780,4856,73.6,2026-08-17,-1.54,41.0,False
4001,603170,宝立食品,12.71,0.16,0.34,19.38,12.573636952765,0.0862536,71.91560849,897,830,67.2,2026-08-17,1.08,48.3,False
4002,603171,税友股份,44.45,-2.8,0.83,144.38,45.033879786758,0.2147152,73.56956375,-180,560,80.0,2026-08-17,-1.3,58.9,False
4003,603172,万丰股份,17.7,-0.84,0.51,42.3,17.67559384482,0.1457008,68.56518648,1786,1604,65.2,2026-08-17,0.14,44.7,False
4004,603173,福斯达,32.09,0.28,0.33,13.88,31.640992314428,0.1282572,66.34763847,-942,2245,63.2,2026-08-17,1.42,41.9,False
4005,603175,超颖电子,93.14,-3.35,2.69,-106.38,95.943917255159,0.2848528,60.36317549,-3083,3971,68.0,2026-08-17,-2.92,41.0,False
4006,603176,汇通集团,4.84,-1.02,0.38,-9.48,4.82670398137,0.1565616,67.38199045,569,1939,67.6,2026-08-17,0.28,45.6,False
4007,603177,德创环保,10.41,2.76,4.65,-45.93,10.337389574983,0.2122188,63.91407431,-1489,2998,79.2,2026-08-17,0.7,50.6,False
4008,603178,圣龙股份,17.81,2.89,3.77,55.76,17.236238582677,0.185326,57.82002211,-576,4539,80.8,2026-08-17,3.33,46.7,False
4009,603179,新泉股份,38.74,-2.49,1.64,33.4,39.62324290091,0.3139288,64.14545349,-1037,2930,83.2,2026-08-17,-2.23,53.4,False
4010,603180,金牌家居,15.58,-3.65,2.29,-42.4,15.954797689187,0.121236,66.82666605,6,2106,64.8,2026-08-17,-2.35,43.3,False
4011,603181,皇马科技,13.01,-2.69,0.73,16.5,13.437003510805,0.2567676,72.36878398,2040,763,64.8,2026-08-17,-3.18,46.9,False
4012,603182,嘉华股份,13.08,0.54,0.87,19.7,12.992805501461,0.069494,61.80303756,-177,3605,65.6,2026-08-17,0.67,40.5,False
4013,603183,建研院,4.78,0.21,2.5,-137.78,4.719035906295,0.2194176,61.74699395,649,3618,66.8,2026-08-17,1.29,41.2,False
4014,603185,弘元绿能,17.06,-0.93,0.69,-10.02,17.199098765057,0.2604796,62.18485065,-42,3494,81.2,2026-08-17,-0.81,50.5,False
4015,603186,华正新材,184.96,0.35,13.38,234.47,184.01263034468,0.5499912,73.03194298,-186,643,94.0,2026-08-17,0.51,68.7,False
4016,603187,海容冷链,11.18,-2.7,2.15,13.76,11.354113430598,0.2284992,70.83459978,-411,1063,70.8,2026-08-17,-1.53,50.2,False
4017,603188,亚邦股份,4.67,-0.64,2.15,47.59,4.679157910789,0.1502504,61.55166104,100,3662,81.2,2026-08-17,-0.2,50.0,False
4018,603189,*ST网达,9.26,-4.04,1.17,-103.54,9.541306730023,0.2149088,58.86973472,5,4315,68.8,2026-08-17,-2.95,40.5,True
4019,603190,亚通精工,16.77,-1.99,0.57,14.64,16.988848618244,0.1062948,63.38911931,944,3152,64.0,2026-08-17,-1.29,40.6,False
4020,603191,望变电气,15.46,-2.95,2.53,103.8,15.716848818247,0.2161928,65.93504274,-80,2377,86.4,2026-08-17,-1.63,57.0,False
4021,603192,汇得科技,20.93,-1.69,0.5,57.71,21.175426532223,0.2121312,68.02154962,783,1745,72.0,2026-08-17,-1.16,49.0,False
4022,603193,润本股份,20.92,-0.48,0.89,40.2,20.671489629033,0.1468216,76.53904785,80,236,65.2,2026-08-17,1.2,49.9,False
4023,603194,中力股份,33.69,-0.74,0.29,18.54,33.671489914615,0.107994,67.23760867,658,1979,63.2,2026-08-17,0.05,42.5,False
4024,603195,公牛集团,39.47,-0.85,0.21,16.82,39.958321704501,0.1804352,78.27241388,317,126,84.4,2026-08-17,-1.22,66.1,False
4025,603196,璞源材料,20.69,-1.94,0.43,73.21,21.107407247161,0.1688688,61.71181758,115,3628,63.2,2026-08-17,-1.98,39.0,False
4026,603197,保隆科技,31.02,0.85,1.47,23.2,30.41923253357,0.1309328,61.11137257,-236,3772,71.6,2026-08-17,1.97,43.8,False
4027,603198,迎驾贡酒,39.66,0.66,0.47,9.5,39.453896407696,0.2381348,68.2265177,-474,1700,86.0,2026-08-17,0.52,58.7,False
4028,603199,九华旅游,32.64,0.09,0.54,12.98,32.567794786158,0.1532548,65.61233242,-469,2484,70.8,2026-08-17,0.22,46.5,False
4029,603200,上海洗霸,36.96,-1.88,1.03,871.89,37.213966107461,0.1198992,57.58969353,-276,4573,76.4,2026-08-17,-0.68,44.0,False
4030,603201,常润股份,16.08,-0.5,0.84,23.16,15.960536536589,0.1714744,58.66071552,-750,4368,64.4,2026-08-17,0.75,37.8,False
4031,603202,天有为,52.16,-0.93,0.79,16.44,52.339321497301,0.155904,61.95880191,-337,3553,65.6,2026-08-17,-0.34,40.6,False
4032,603203,快克智能,46.0,-1.29,1.66,49.24,45.933244187507,0.2783264,76.3078878,22,257,75.6,2026-08-17,0.15,57.7,False
4033,603205,健尔康,22.0,0.36,1.02,31.22,21.852078373618,0.0763556,65.98065676,819,2361,63.6,2026-08-17,0.68,42.0,False
4034,603206,嘉环科技,14.11,-2.29,0.92,68.83,14.322260864501,0.0959176,61.41429849,-844,3696,67.6,2026-08-17,-1.48,41.5,False
4035,603207,小方制药,23.47,-1.1,1.65,16.83,23.717931998025,0.144558,65.67443985,-619,2464,70.8,2026-08-17,-1.05,46.5,False
4036,603208,江山欧派,11.24,-1.92,0.39,-10.68,11.381833386331,0.0362812,54.062321,88,5007,66.0,2026-08-17,-1.25,35.7,False
4037,603209,兴通股份,13.5,-0.74,0.82,9.84,13.562301658133,0.1103804,69.96761032,907,1250,66.0,2026-08-17,-0.46,46.2,False
4038,603210,泰鸿万立,13.61,-0.95,0.52,20.63,13.692406164909,0.2161244,62.16928261,-187,3499,60.8,2026-08-17,-0.6,37.8,False
4039,603211,晋拓股份,27.93,0.87,1.52,167.53,27.49399076017,0.2441844,64.27636222,1453,2884,73.2,2026-08-17,1.59,47.1,False
4040,603212,赛伍技术,11.84,-1.17,1.05,-112.29,11.869781949051,0.2208896,60.22479211,175,3999,74.0,2026-08-17,-0.25,44.6,False
4041,603213,镇洋发展,13.66,-0.58,0.33,46.5,13.72631945606,0.21388,60.71415279,-1505,3890,67.6,2026-08-17,-0.48,41.0,False
4042,603214,爱婴室,13.78,-0.65,0.51,55.74,13.804637352998,0.0838392,73.02528,524,644,70.4,2026-08-17,-0.18,51.4,False
4043,603215,比依股份,14.4,-1.37,0.22,-46.79,14.518093946626,0.1070504,59.07160438,563,4276,66.0,2026-08-17,-0.81,39.0,False
4044,603216,梦天家居,21.16,1.34,1.72,139.27,20.604976330756,0.1171028,64.03559619,403,2965,62.8,2026-08-17,2.69,40.2,False
4045,603217,元利科技,25.53,-4.53,1.46,21.88,26.320829806571,0.2712964,72.76998109,-39,690,71.2,2026-08-17,-3.0,51.8,False
4046,603218,日月股份,9.77,-1.11,0.26,29.63,9.828349827805,0.1564768,64.17020437,-514,2919,72.8,2026-08-17,-0.59,46.7,False
4047,603219,富佳股份,14.29,-1.92,0.16,1912.18,14.456996233716,0.1848208,56.28331048,-442,4770,68.0,2026-08-17,-1.16,38.3,False
4048,603220,中贝通信,19.95,-3.34,3.92,-939685.25,20.544689230207,0.3268792,66.99487066,-1623,2054,85.6,2026-08-17,-2.89,57.3,False
4049,603221,爱丽家居,29.77,9.17,11.21,-121.6,26.138312554625,0.140140188679,60.93068983,31,3836,86.8,2026-08-17,13.89,52.9,False
4050,603222,济民健康,8.8,-1.79,1.78,-44.57,8.882265973045,0.1519688,48.55820168,-33,5188,80.8,2026-08-17,-0.93,39.2,False
4051,603223,恒通股份,10.81,-1.91,0.65,20.47,10.916539577946,0.2931364,68.61949282,1513,1587,66.4,2026-08-17,-0.98,45.6,False
4052,603225,新凤鸣,19.1,0.53,0.42,21.79,18.923443248778,0.1974456,65.81211964,-1216,2413,66.0,2026-08-17,0.93,43.4,False
4053,603226,菲林格尔,48.2,-1.47,0.51,-299.59,49.39241593588,0.3841296,57.73433161,-2246,4550,65.6,2026-08-17,-2.41,37.9,False
4054,603227,雪峰科技,7.95,2.58,1.07,16.8,7.755137103239,0.1267384,64.2050621,-1061,2905,69.6,2026-08-17,2.51,44.7,False
4055,603228,景旺电子,92.99,-4.06,2.28,100.03,95.32448903368,0.4722884,70.12750526,-234,1211,93.6,2026-08-17,-2.45,65.6,False
4056,603229,奥翔药业,8.17,-0.85,0.52,17.54,8.20279783577,0.1645928,61.4193732,-1191,3695,76.8,2026-08-17,-0.4,47.2,False
4057,603230,内蒙新华,9.22,-0.22,0.23,13.11,9.221393643865,0.1375396,60.43591702,-308,3952,66.4,2026-08-17,-0.02,40.1,False
4058,603231,索宝蛋白,16.1,-0.19,1.32,24.25,15.955874660106,0.1783864,73.9775324,270,510,66.0,2026-08-17,0.9,48.8,False
4059,603232,格尔软件,15.33,-3.28,2.14,-31.21,15.752707157647,0.1779004,59.49901689,-830,4163,88.4,2026-08-17,-2.68,52.6,False
4060,603233,大参林,17.97,1.13,0.26,10.01,17.66723183537,0.12878,69.78820076,-887,1300,76.4,2026-08-17,1.71,53.3,False
4061,603235,天新药业,23.58,1.2,0.12,17.56,23.239741724687,0.02255,64.53849682,-288,2810,66.8,2026-08-17,1.46,43.1,False
4062,603236,移远通信,60.91,1.01,2.82,20.37,59.501270185433,0.3609244,70.391321,-625,1153,89.6,2026-08-17,2.37,63.1,False
4063,603237,五芳斋,14.36,0.28,0.44,-12.28,14.230044482101,0.0796176,64.81424175,417,2724,65.2,2026-08-17,0.91,42.3,False
4064,603238,诺邦股份,12.36,-0.48,0.73,17.67,12.370654155394,0.1080868,69.83878806,508,1286,68.0,2026-08-17,-0.09,47.5,False
4065,603239,浙江仙通,14.98,3.1,1.54,20.65,14.471306127616,0.101512,61.61569952,-526,3649,67.2,2026-08-17,3.52,41.4,False
4066,603248,锡华科技,19.02,0.32,3.13,75.86,18.901959933147,0.101878,64.33425126,-441,2873,61.6,2026-08-17,0.62,39.6,False
4067,603255,鼎际得,28.69,-1.75,1.05,86.36,29.10389082913,0.2011964,55.18376214,-1208,4908,63.2,2026-08-17,-1.42,34.9,False
4068,603256,宏和科技,156.46,-2.78,1.31,186.48,158.936791650897,0.3571572,77.9771554,100,141,92.8,2026-08-17,-1.56,72.4,False
4069,603257,中国瑞林,64.08,-0.8,1.5,37.33,64.257903371011,0.1984428,63.58634288,-556,3097,62.4,2026-08-17,-0.28,39.7,False
4070,603258,电魂网络,12.7,-2.16,0.53,-34.16,12.932529143212,0.0804072,57.09819594,188,4663,76.0,2026-08-17,-1.8,43.4,False
4071,603259,药明康德,165.64,-0.75,1.0,22.3,164.852479487021,0.5146116,84.80658758,42,3,95.2,2026-08-17,0.48,80.7,False
4072,603260,合盛硅业,36.23,-0.74,0.56,138.45,36.30564600907,0.2987464,59.0368988,-161,4284,74.0,2026-08-17,-0.21,43.7,False
4073,603261,立航科技,52.86,-3.1,1.54,-84.39,53.814417465764,0.286319019608,56.00315501,-983,4807,81.2,2026-08-17,-1.77,45.5,False
4074,603262,技源集团,18.66,-0.11,2.42,81.39,18.425933356373,0.2255764,56.16929696,-123,4787,64.8,2026-08-17,1.27,36.4,False
4075,603266,天龙股份,15.94,-1.06,0.37,26.59,16.035122645802,0.0813784,61.28094204,182,3724,72.8,2026-08-17,-0.59,44.6,False
4076,603267,鸿远电子,52.02,-1.92,1.87,31.2,52.51561621256,0.2887048,63.88871204,-1138,3005,80.0,2026-08-17,-0.94,51.1,False
4077,603268,松发股份,182.1,-0.65,0.63,42.41,181.747285538693,0.3957768,79.24957644,-31,83,80.0,2026-08-17,0.19,63.4,False
4078,603269,海鸥股份,17.91,1.19,2.87,86.32,17.639778249006,0.1972208,65.20526832,-824,2622,84.8,2026-08-17,1.53,55.3,False
4079,603270,金帝股份,29.42,-0.03,2.71,38.52,28.737516574121,0.2237656,69.81547085,2872,1293,68.8,2026-08-17,2.37,48.0,False
4080,603271,永杰新材,43.55,-1.11,0.82,18.08,43.297339329412,0.2910848,62.73670409,-957,3327,60.8,2026-08-17,0.58,38.1,False
4081,603272,*ST联翔,14.4,-4.32,2.33,-66.89,14.780664733487,0.2719916,54.67423219,147,4966,61.2,2026-08-17,-2.58,33.5,False
4082,603273,天元智能,14.63,1.04,4.38,106.49,14.411444919727,0.1224912,63.36113999,503,3163,67.2,2026-08-17,1.52,42.6,False
4083,603275,众辰科技,36.66,-1.43,0.68,30.06,36.968419665628,0.1305424,69.38476096,1166,1396,61.2,2026-08-17,-0.83,42.5,False
4084,603276,恒兴新材,15.81,-0.32,1.24,31.66,15.753952439456,0.1932832,62.38461734,-474,3441,61.2,2026-08-17,0.36,38.2,False
4085,603277,银都股份,11.37,-3.48,0.67,42.01,11.635131332245,0.1627976,71.80598291,150,849,75.6,2026-08-17,-2.28,54.3,False
4086,603278,大业股份,9.65,-0.62,1.78,-33.57,9.593868463925,0.136918,51.91586817,29,5125,68.8,2026-08-17,0.59,35.7,False
4087,603279,景津装备,12.6,0.32,0.41,14.71,12.410771405089,0.1343128,65.35907208,215,2569,66.8,2026-08-17,1.52,43.7,False
4088,603280,南方路机,29.22,10.02,2.78,70.62,26.57118936182,0.1549076,62.48567003,-2153,3415,75.2,2026-08-17,9.97,47.0,False
4089,603281,江瀚新材,19.63,-10.0,2.09,28.58,21.630714348475,0.1949164,64.59264623,237,2788,65.2,2026-08-17,-9.25,42.1,False
4090,603282,亚光股份,15.46,0.13,0.59,-158.68,15.268493914807,0.0262944,60.35271544,485,3974,63.2,2026-08-17,1.25,38.1,False
4091,603283,赛腾股份,50.71,2.49,6.0,49.08,48.56438239302,0.4057484,79.08950372,-22,93,83.6,2026-08-17,4.42,66.1,False
4092,603284,林平发展,43.43,-5.98,12.32,14.07,45.409291626481,0.290734,77.27982775,366,177,73.6,2026-08-17,-4.36,56.9,False
4093,603285,键邦股份,37.91,2.27,10.66,47.72,36.012725774458,0.4235616,77.02934836,404,198,70.4,2026-08-17,5.27,54.2,False
4094,603286,日盈电子,44.65,-3.25,2.83,-236.52,44.532188268498,0.363278,63.87372976,1845,3008,72.4,2026-08-17,0.26,46.2,False
4095,603288,海天味业,35.42,0.0,0.09,21.2,35.438268874366,0.2302296,70.82258921,-754,1067,88.4,2026-08-17,-0.05,62.6,False
4096,603289,泰瑞机器,8.87,-1.66,0.89,118.2,8.948001852311,0.1516884,66.1074328,503,2315,76.8,2026-08-17,-0.87,50.8,False
4097,603290,斯达半导,88.85,-1.13,1.5,199.77,88.834188325281,0.2668548,65.41019809,738,2550,80.4,2026-08-17,0.02,52.6,False
4098,603291,联合水务,9.02,-0.11,0.35,64.13,8.997270726794,0.1494236,65.34867413,1138,2571,64.0,2026-08-17,0.25,41.8,False
4099,603293,埃泰克,36.68,-1.56,4.25,35.16,36.771604467228,0.2203172,68.15099598,2390,1715,64.4,2026-08-17,-0.25,43.9,False
4100,603296,华勤技术,83.66,-3.73,1.85,29.9,85.980559225016,0.402762,80.80222822,133,37,92.0,2026-08-17,-2.7,74.3,False
4101,603297,永新光学,106.44,-0.93,0.54,63.86,106.086621290386,0.2394916,67.32608429,-1558,1958,79.6,2026-08-17,0.33,53.6,False
4102,603298,杭叉集团,26.37,0.27,0.1,18.31,26.007318087827,0.2171984,70.17894108,222,1202,70.8,2026-08-17,1.39,49.7,False
4103,603299,苏盐井神,9.22,1.21,0.57,20.13,9.051532156921,0.1573792,67.19018683,-563,1999,71.6,2026-08-17,1.86,48.1,False
4104,603300,海南华铁,4.86,-2.02,1.1,22.31,4.930734479201,0.2674216,59.86577647,-674,4067,78.4,2026-08-17,-1.43,46.9,False
4105,603301,振德医疗,85.04,-0.68,0.31,103.03,84.307613238625,0.2779736,62.90126595,-937,3285,71.2,2026-08-17,0.87,44.8,False
4106,603303,得邦照明,23.31,-1.69,0.17,62.71,23.335884849305,0.147818,70.63580668,-61,1103,60.0,2026-08-17,-0.11,42.4,False
4107,603305,旭升集团,11.71,-1.35,0.58,27.03,11.731847168933,0.225004,61.64284175,109,3643,72.8,2026-08-17,-0.19,44.9,False
4108,603306,华懋科技,75.67,-1.21,2.04,532.92,74.888731846696,0.3947332,71.61243213,1059,881,82.0,2026-08-17,1.04,58.7,False
4109,603307,扬州金泉,25.26,0.16,0.44,18.74,24.920859014116,0.0433104,63.10813558,343,3235,63.2,2026-08-17,1.36,39.9,False
4110,603308,应流股份,49.35,-3.89,1.38,69.72,50.704530817366,0.2835808,74.71065157,442,430,75.6,2026-08-17,-2.67,56.5,False
4111,603309,维力医疗,11.8,-1.01,1.02,16.88,11.849212215042,0.1867332,65.89844805,-589,2389,72.8,2026-08-17,-0.42,48.0,False
4112,603310,巍华新材,14.82,-0.07,0.36,31.1,14.78957116782,0.2727556,59.2293175,-378,4236,64.0,2026-08-17,0.21,37.9,False
4113,603311,金海高科,30.64,-1.61,0.64,51.07,30.606630106016,0.274378,68.58941053,449,1595,63.6,2026-08-17,0.11,43.6,False
4114,603312,西典新能,31.12,-0.48,1.42,29.71,31.268415060038,0.1426252,62.93194379,-2733,3273,67.2,2026-08-17,-0.47,42.3,False
4115,603313,梦百合,6.11,-1.13,4.53,-22.87,6.22586060493,0.2055176,55.45554967,-487,4874,70.4,2026-08-17,-1.86,39.0,False
4116,603315,福鞍股份,11.91,-3.01,1.11,47.52,12.11314798331,0.2116176,61.69071103,-433,3636,68.0,2026-08-17,-1.68,41.9,False
4117,603316,诚邦股份,14.83,-1.4,2.84,42.61,14.716435516207,0.2139752,59.53919727,971,4144,74.4,2026-08-17,0.77,44.3,False
4118,603317,天味食品,14.86,1.36,0.54,15.78,14.391242691485,0.1857244,73.49796814,-232,575,78.0,2026-08-17,3.26,57.3,False
4119,603318,水发燃气,9.57,5.16,13.27,251.89,8.958846537318,0.2017692,56.53027118,120,4747,75.2,2026-08-17,6.82,42.5,False
4120,603319,美湖股份,28.12,-0.25,1.53,107.57,27.943743315571,0.3463088,60.60218163,221,3916,74.0,2026-08-17,0.63,44.8,False
4121,603320,迪贝电气,16.8,-1.47,0.5,39.16,16.915324890296,0.1629976,63.26438381,1381,3190,63.6,2026-08-17,-0.68,40.2,False
4122,603321,梅轮电梯,6.37,0.0,0.61,84.43,6.345808827728,0.064188,61.62695016,-316,3647,65.6,2026-08-17,0.38,40.4,False
4123,603322,超讯科技,26.54,-4.77,3.21,40.43,27.727719851111,0.2550116,57.10688604,-447,4661,78.8,2026-08-17,-4.28,45.0,False
4124,603323,苏农银行,4.13,0.0,0.47,4.96,4.116352397055,0.3253396,70.44168826,-274,1141,68.4,2026-08-17,0.33,48.2,False
4125,603324,盛剑科技,29.08,-2.84,1.67,-42.2,29.59036577975,0.1604564,59.68240365,-91,4115,66.0,2026-08-17,-1.72,39.4,False
4126,603325,博隆技术,52.95,-1.94,0.87,32.21,53.891918358562,0.1240248,62.62699132,-1576,3372,61.6,2026-08-17,-1.75,38.6,False
4127,603326,我乐家居,6.95,1.46,1.28,61.56,6.80071402062,0.051962,62.59673689,-17,3378,66.8,2026-08-17,2.2,41.8,False
4128,603327,福蓉科技,8.74,-2.56,1.2,47.33,8.949435659428,0.1823408,61.97694806,-839,3547,75.6,2026-08-17,-2.34,46.9,False
4129,603328,依顿电子,11.61,2.83,2.99,76.93,11.050538130741,0.3006552,69.11614955,1616,1449,80.4,2026-08-17,5.06,55.6,False
4130,603329,上海雅仕,10.5,0.1,0.86,16.33,10.381569686424,0.1313264,66.59220272,959,2170,66.0,2026-08-17,1.14,44.0,False
4131,603330,天洋新材,10.91,-7.15,30.24,350.06,11.75,0.3987732,65.24689647,-476,2606,88.8,2026-08-17,-7.15,57.9,False
4132,603331,百达精工,13.01,-1.21,0.76,1084.08,13.134027372053,0.121888,58.20349392,-1605,4465,74.4,2026-08-17,-0.94,43.3,False
4133,603332,苏州龙杰,11.44,1.42,1.94,22.66,11.258176588541,0.0684092,64.79917229,-821,2730,68.0,2026-08-17,1.62,44.1,False
4134,603333,福华尚纬,8.87,-1.33,1.09,2515.72,8.962528713438,0.2368852,57.41794286,-333,4603,73.2,2026-08-17,-1.03,42.0,False
4135,603334,丰倍生物,33.66,-2.15,4.76,29.54,34.144009319885,0.1927264,72.42350317,2436,751,64.0,2026-08-17,-1.42,46.4,False
4136,603335,迪生力,6.63,-2.07,1.03,-35.81,6.725696420478,0.1962436,52.27673365,-22,5111,67.2,2026-08-17,-1.42,35.1,False
4137,603336,宏辉果蔬,9.37,2.07,4.27,473.91,9.102844677979,0.2325628,60.28986748,231,3990,79.2,2026-08-17,2.93,47.7,False
4138,603337,杰克科技,40.33,1.0,0.54,18.71,39.421790056309,0.2119316,74.43358114,838,455,72.4,2026-08-17,2.3,53.9,False
4139,603338,浙江鼎力,56.34,0.79,0.34,15.75,55.758952291255,0.2390388,73.64473248,-192,549,75.6,2026-08-17,1.04,55.7,False
4140,603339,四方科技,14.08,-0.42,0.96,25.25,13.936965312206,0.1796204,71.35536721,2018,943,71.2,2026-08-17,1.03,50.8,False
4141,603341,龙旗科技,38.62,-4.17,4.94,327.45,39.61012708042,0.3846648,70.1786672,1734,1203,81.6,2026-08-17,-2.5,57.3,False
4142,603344,星德胜,23.5,0.43,2.37,34.04,23.190260418243,0.1093912,63.13416109,1199,3227,59.6,2026-08-17,1.34,37.6,False
4143,603345,安井食品,83.06,-1.39,1.04,12.29,83.650601125687,0.241476,70.67716673,-435,1097,80.0,2026-08-17,-0.71,56.5,False
4144,603348,文灿股份,14.4,-1.71,0.3,-14.19,14.569443284955,0.0997504,55.7310532,60,4843,75.6,2026-08-17,-1.16,42.1,False
4145,603350,安乃达,28.7,0.1,1.22,30.85,28.594266241299,0.2310656,62.50179952,103,3405,63.6,2026-08-17,0.37,39.8,False
4146,603351,威尔药业,27.54,1.06,0.95,24.78,27.19763891199,0.1924784,65.27831307,-418,2597,66.0,2026-08-17,1.26,43.1,False
4147,603352,至信股份,26.39,-1.64,1.65,61.76,26.677669171509,0.1575612,65.14077562,700,2636,66.8,2026-08-17,-1.08,43.5,False
4148,603353,和顺石油,31.85,-1.18,1.2,61.48,32.514737752976,0.2175152,68.16494534,499,1712,72.0,2026-08-17,-2.04,49.1,False
4149,603355,莱克电气,27.2,-0.8,0.13,224.63,27.37418205349,0.1743824,64.38982541,187,2855,63.6,2026-08-17,-0.64,41.0,False
4150,603356,华菱精工,17.1,1.0,1.47,-27.37,16.847797497716,0.2421888,59.72505023,776,4097,65.2,2026-08-17,1.5,38.9,False
4151,603357,设计总院,6.02,-0.17,0.21,42.35,6.012151609445,0.1219868,65.74437702,-198,2432,70.8,2026-08-17,0.13,46.5,False
4152,603358,华达科技,47.16,0.81,2.01,-72.01,46.264553525638,0.498502,62.78000725,-1573,3318,74.0,2026-08-17,1.94,46.5,False
4153,603359,*ST东珠,2.2,-3.08,0.82,-17.44,2.262388136747,0.375886,52.68394528,-15,5089,64.0,2026-08-17,-2.76,33.7,False
4154,603360,百傲化学,13.53,-1.1,1.11,120.47,13.462582370287,0.1832944,68.68903175,1532,1560,66.0,2026-08-17,0.5,45.3,False
4155,603363,傲农生物,3.01,2.38,2.16,-154.18,2.943171659368,0.2992332,56.66677857,-111,4723,77.2,2026-08-17,2.27,43.7,False
4156,603365,水星家纺,17.42,-0.17,0.17,10.87,17.300253745445,0.143696,71.30529042,1008,950,66.0,2026-08-17,0.69,47.1,False
4157,603366,日出东方,6.94,-0.43,0.44,-35.52,6.928382555815,0.1272536,63.9992246,-1841,2977,75.2,2026-08-17,0.17,48.1,False
4158,603367,辰欣药业,14.8,-1.2,1.2,12.81,14.905166302434,0.1971848,65.10538666,-545,2644,79.6,2026-08-17,-0.71,51.8,False
4159,603368,柳药集团,16.55,0.55,0.73,7.32,16.443148068315,0.2428308,74.36343337,-196,466,79.2,2026-08-17,0.65,58.9,False
4160,603369,今世缘,29.83,0.67,2.14,8.93,29.04462731653,0.252394,79.9324494,188,54,89.6,2026-08-17,2.7,71.6,False
4161,603370,华新精科,34.6,-1.03,1.21,45.29,34.843715031382,0.1837944,58.21548586,-206,4462,61.2,2026-08-17,-0.7,35.6,False
4162,603373,安邦护卫,41.68,1.63,2.25,67.31,40.073149910728,0.3689252,70.4610402,-368,1137,66.0,2026-08-17,4.01,46.5,False
4163,603375,盛景微,39.06,-1.46,1.14,398.56,39.301388427805,0.2007504,60.17949723,1021,4015,64.8,2026-08-17,-0.61,39.0,False
4164,603376,大明电子,26.11,-1.58,2.14,192.98,26.320911687051,0.1208,64.06202069,-1519,2960,69.6,2026-08-17,-0.8,44.6,False
4165,603377,ST东时,2.94,-1.34,0.19,-7.94,2.955124856426,0.2639536,54.10533761,-216,5005,65.2,2026-08-17,-0.51,35.3,False
4166,603378,*ST亚士,5.57,-0.71,0.49,-6.12,5.636967523906,0.4125452,60.94112668,-141,3831,66.8,2026-08-17,-1.19,40.7,False
4167,603379,三美股份,63.99,-0.33,0.64,19.31,63.522665874196,0.38108,76.26991259,811,260,74.4,2026-08-17,0.74,56.7,False
4168,603380,易德龙,35.17,-1.51,0.81,46.21,35.03214478145,0.1817512,70.84990374,-184,1058,66.4,2026-08-17,0.39,47.0,False
4169,603381,永臻股份,15.17,-0.78,1.11,36.93,15.180448641908,0.1276156,58.0717207,192,4492,66.8,2026-08-17,-0.07,38.8,False
4170,603382,海阳科技,21.2,2.37,6.06,61.37,20.760345763834,0.2453804,63.56182289,-2120,3105,78.0,2026-08-17,2.12,49.6,False
4171,603383,顶点软件,29.34,-1.21,0.72,32.44,29.448919246503,0.146336,67.71058834,-380,1834,75.6,2026-08-17,-0.37,51.2,False
4172,603385,惠达卫浴,5.44,-0.73,0.34,-16.99,5.440492808142,0.0833668,58.3580878,283,4430,64.0,2026-08-17,-0.01,37.3,False
4173,603386,骏亚科技,14.09,-0.91,1.52,-56.21,13.94122169853,0.1808644,57.02720814,155,4669,68.8,2026-08-17,1.07,39.2,False
4174,603387,基蛋生物,9.38,-0.11,1.23,15.59,9.338920763542,0.2065192,63.02767219,-579,3254,69.6,2026-08-17,0.44,43.9,False
4175,603389,亚振家居,47.94,-0.62,1.08,-212.99,46.653939828818,0.505191568627,64.62149257,1012,2783,73.6,2026-08-17,2.76,47.6,False
4176,603390,通达电气,10.25,-2.19,0.82,14.11,10.395945177285,0.1532996,65.45197026,-1691,2536,72.0,2026-08-17,-1.4,47.1,False
4177,603391,力聚热能,67.56,4.57,7.91,410.51,63.447673400747,0.3335096,62.63365167,-1076,3367,66.4,2026-08-17,6.48,41.6,False
4178,603392,万泰生物,28.84,-2.6,0.32,-212.09,29.531028041912,0.1751012,57.77020523,-447,4546,79.6,2026-08-17,-2.34,46.0,False
4179,603393,新天然气,24.28,2.27,2.01,13.34,23.677226404727,0.209148,64.13453343,-599,2936,76.0,2026-08-17,2.55,48.7,False
4180,603395,红四方,26.36,10.02,7.11,82.45,23.346015900225,0.4234048,73.72543287,1954,545,69.2,2026-08-17,12.91,51.0,False
4181,603396,金辰股份,26.36,-0.94,1.35,41.88,26.518746231323,0.1781428,71.44273935,1043,921,85.6,2026-08-17,-0.6,61.2,False
4182,603398,*ST沐邦,11.08,-0.54,0.87,-10.89,11.078566945177,0.32375,60.84639006,-299,3860,69.6,2026-08-17,0.01,42.3,False
4183,603399,永杉锂业,15.5,-5.95,8.44,14.98,16.286413118323,0.2797892,58.07117559,-1608,4494,92.0,2026-08-17,-4.83,53.4,False
4184,603400,华之杰,48.14,10.01,15.63,70.62,43.314939931948,0.2436316,70.58527655,940,1116,72.0,2026-08-17,11.14,50.8,False
4185,603402,陕西旅游,62.66,0.87,3.44,25.27,61.732195653677,0.1539776,63.34037394,-951,3171,68.4,2026-08-17,1.5,43.3,False
4186,603406,天富龙,29.56,10.01,7.48,23.34,26.675139205737,0.1828052,63.62179058,-322,3088,64.8,2026-08-17,10.81,41.2,False
4187,603407,长裕集团,65.23,-0.64,18.98,119.27,63.490296756,0.3028952,74.84746063,1041,417,72.4,2026-08-17,2.74,54.2,False
4188,603408,建霖家居,10.37,0.48,0.17,12.3,10.324960671211,0.087964,69.66514105,-735,1333,66.4,2026-08-17,0.44,46.3,False
4189,603409,汇通控股,17.76,-1.17,1.77,20.04,17.754653717717,0.1208008,71.73621228,1164,856,68.0,2026-08-17,0.03,48.8,False
4190,603416,信捷电气,48.9,-1.45,0.98,35.3,49.330621820237,0.2700812,70.56110573,1452,1118,69.2,2026-08-17,-0.87,48.8,False
4191,603418,友升股份,43.88,-1.68,1.13,20.52,44.475353366586,0.1605584,68.57478221,865,1602,62.8,2026-08-17,-1.34,43.1,False
4192,603421,鼎信通讯,5.96,-1.97,0.66,-10.37,6.04808318643,0.118658,54.52606203,-107,4976,75.6,2026-08-17,-1.46,41.2,False
4193,603429,*ST集友,7.91,2.33,0.22,-234.23,7.790139613094,0.238518,55.65953317,42,4859,63.2,2026-08-17,1.54,35.2,False
4194,603435,嘉德利,54.12,-1.47,4.55,97.96,54.415732399211,0.2162664,70.36335731,1328,1164,70.8,2026-08-17,-0.54,49.8,False
4195,603439,三力制药,12.88,-3.23,3.03,29.28,13.333694076666,0.3230068,65.52259902,-1608,2520,78.4,2026-08-17,-3.4,51.4,False
4196,603444,吉比特,384.81,-1.28,1.08,12.7,386.379144678502,0.372996,79.57171075,-11,72,88.8,2026-08-17,-0.41,70.7,False
4197,603456,九洲药业,16.92,-1.23,2.05,19.26,17.148270185391,0.268742,73.40971579,-465,583,90.0,2026-08-17,-1.33,66.1,False
4198,603458,勘设股份,10.25,-0.97,3.76,-49.17,10.041043896438,0.4209488,59.64942493,1019,4119,63.2,2026-08-17,2.08,37.7,False
4199,603459,红板科技,95.14,-4.54,11.16,144.82,98.19086109395,0.32487,77.27350721,1282,179,84.4,2026-08-17,-3.11,65.2,False
4200,603466,风语筑,12.25,-2.39,6.05,42.75,12.526698331402,0.3119916,61.09632982,-659,3779,92.8,2026-08-17,-2.21,56.7,False
4201,603477,巨星农牧,14.88,0.81,2.54,-5.46,14.724369124644,0.2512336,66.36222313,1493,2239,76.4,2026-08-17,1.06,50.7,False
4202,603486,科沃斯,60.9,4.6,0.87,21.76,57.104985289731,0.3227352,75.58935187,1206,330,79.2,2026-08-17,6.65,59.9,False
4203,603488,展鹏科技,8.4,-2.44,1.17,-32.86,8.428590879411,0.2219292,58.71422195,-1750,4353,73.2,2026-08-17,-0.34,43.0,False
4204,603489,八方股份,27.88,-0.85,0.36,36.54,28.038298402226,0.1558196,56.63770905,-212,4729,65.2,2026-08-17,-0.56,36.9,False
4205,603496,恒为科技,25.81,-3.51,5.21,355.19,26.753192961843,0.3027276,66.8534199,-1934,2099,89.6,2026-08-17,-3.53,59.9,False
4206,603499,翔港科技,12.48,-2.27,0.4,32.01,12.762670412638,0.26085,66.4512616,-1114,2209,64.8,2026-08-17,-2.21,43.1,False
4207,603500,祥和实业,9.65,-1.73,0.89,20.42,9.674502192341,0.2015412,64.77897805,641,2734,60.8,2026-08-17,-0.25,39.4,False
4208,603501,豪威集团,90.35,-1.94,0.81,56.48,91.590455890647,0.4181984,73.28828905,327,599,85.2,2026-08-17,-1.35,62.4,False
4209,603505,金石资源,16.17,-1.82,0.9,55.54,16.393753185509,0.3060352,65.68621498,-441,2459,73.2,2026-08-17,-1.36,48.1,False
4210,603506,南都物业,10.8,-0.18,0.77,10.63,10.73247106462,0.0529156,66.0047621,-1112,2352,68.8,2026-08-17,0.63,45.4,False
4211,603507,振江股份,24.1,-1.55,1.7,14.83,24.515673654834,0.2503468,66.90462579,-1825,2077,80.0,2026-08-17,-1.7,53.5,False
4212,603508,思维列控,21.47,-0.79,0.29,12.88,21.492163027463,0.2242344,72.14562961,518,802,74.4,2026-08-17,-0.1,53.7,False
4213,603511,爱慕股份,12.63,-1.79,0.24,13.67,12.617882873977,0.0863244,69.34249685,1246,1407,66.4,2026-08-17,0.1,46.0,False
4214,603515,欧普照明,16.42,-1.91,0.1,23.25,16.711469403699,0.05768,66.19268777,-610,2290,67.2,2026-08-17,-1.74,44.5,False
4215,603516,淳中科技,101.91,-0.3,3.23,3028.8,100.372975439495,0.2911056,60.75897613,45,3881,70.8,2026-08-17,1.53,43.0,False
4216,603517,ST绝味,11.13,-0.36,0.16,23.63,11.067429086696,0.2939552,64.14478192,1502,2931,72.0,2026-08-17,0.57,46.2,False
4217,603518,锦泓集团,8.18,-0.97,0.78,6.37,8.18310675157,0.105764,66.33964926,1151,2249,69.2,2026-08-17,-0.04,45.9,False
4218,603519,立霸股份,15.32,-0.65,0.85,30.17,15.290065149719,0.2581644,70.29552963,-263,1178,72.8,2026-08-17,0.2,51.2,False
4219,603520,司太立,9.01,-1.53,0.87,47.13,9.052138552541,0.2255768,61.71276498,1000,3626,66.0,2026-08-17,-0.47,40.7,False
4220,603527,众源新材,9.9,-2.27,0.87,20.43,10.061620781684,0.1773956,61.74756799,182,3617,66.0,2026-08-17,-1.61,40.8,False
4221,603528,多伦科技,6.28,-1.88,0.55,-54.94,6.365062952243,0.166504,59.47786987,-499,4172,72.0,2026-08-17,-1.34,42.8,False
4222,603529,爱玛科技,20.55,-0.24,0.17,22.64,20.439305436542,0.2159064,66.88808249,-486,2088,71.6,2026-08-17,0.54,47.9,False
4223,603530,神马电力,51.69,-0.25,1.16,51.91,50.144273986583,0.262834,77.7689144,630,157,79.2,2026-08-17,3.08,61.6,False
4224,603533,掌阅科技,21.42,-2.55,1.52,-69.69,21.831296778985,0.2029188,63.67455833,-308,3065,86.0,2026-08-17,-1.88,54.8,False
4225,603535,嘉诚国际,6.35,-0.47,0.34,44.03,6.42594141262,0.151156,57.4862766,-1143,4589,67.2,2026-08-17,-1.18,38.6,False
4226,603536,惠发食品,10.1,1.41,1.69,866.51,9.842943513279,0.1251456,65.834942,1832,2406,78.0,2026-08-17,2.61,51.4,False
4227,603538,美诺华,30.89,-0.8,12.17,82.43,30.628688593871,0.2791888,67.05225569,-687,2038,90.8,2026-08-17,0.85,60.9,False
4228,603551,奥普科技,9.29,-0.32,0.24,21.74,9.30555992211,0.1443464,65.11300282,-506,2642,67.6,2026-08-17,-0.17,44.0,False
4229,603556,海兴电力,26.56,3.67,2.68,19.95,25.57588665335,0.243316,75.27286433,930,357,78.4,2026-08-17,3.85,59.0,False
4230,603557,*ST起步,3.7,-1.86,0.22,-19.75,3.761180303423,0.2164476,48.64608357,-8,5185,63.2,2026-08-17,-1.63,30.7,True
4231,603558,健盛集团,12.12,0.25,0.34,11.89,11.961660455845,0.1753932,72.60476075,1297,712,69.2,2026-08-17,1.32,50.2,False
4232,603559,中通国脉,9.47,0.0,5.26,140.97,9.479818247018,0.420979215686,66.43906303,2287,2214,76.0,2026-08-17,-0.1,50.5,False
4233,603565,中谷物流,10.78,1.03,0.26,10.74,10.591444305223,0.1503204,72.84533678,1040,680,75.6,2026-08-17,1.78,55.1,False
4234,603566,普莱柯,10.54,0.48,0.91,22.39,10.410893853917,0.1296576,67.10623544,974,2021,68.0,2026-08-17,1.24,45.6,False
4235,603567,珍宝岛,6.37,-3.78,3.18,-8.32,6.420146961113,0.2484096,53.08382074,-220,5072,79.2,2026-08-17,-0.78,42.0,False
4236,603568,伟明环保,14.9,0.95,0.42,16.42,14.753432351387,0.2206468,69.62194928,-577,1342,72.8,2026-08-17,0.99,50.7,False
4237,603569,长久物流,5.89,-0.34,0.18,935.21,5.895453690073,0.1139584,58.83962431,-77,4326,70.0,2026-08-17,-0.09,41.2,False
4238,603577,汇金通,10.3,-1.34,0.7,64.2,10.451736812701,0.159402,58.83176454,-496,4328,74.0,2026-08-17,-1.45,43.5,False
4239,603578,三星新材,13.1,0.54,0.98,-254.05,13.043801885309,0.1915976,61.53224525,156,3667,61.2,2026-08-17,0.43,37.7,False
4240,603579,荣泰健康,18.36,-0.86,0.45,13.23,18.473730728558,0.1256332,66.543396,-1251,2183,68.8,2026-08-17,-0.62,45.8,False
4241,603580,艾艾精工,64.02,10.0,5.47,737.86,56.581662502929,0.461399285714,67.04682749,751,2041,84.4,2026-08-17,13.15,56.6,False
4242,603583,捷昌驱动,24.4,0.21,0.63,46.62,24.000563631144,0.231418,71.06325203,1116,998,74.4,2026-08-17,1.66,52.9,False
4243,603585,苏利股份,10.27,-0.19,0.51,26.21,10.215472912947,0.116842,65.94893654,260,2369,64.8,2026-08-17,0.53,42.7,False
4244,603586,金麒麟,13.78,0.66,1.14,78.11,13.598848499173,0.0790444,64.88178155,1632,2711,65.6,2026-08-17,1.33,42.6,False
4245,603587,地素时尚,11.75,-0.25,0.14,13.8,11.72519062339,0.091328,65.83327556,-1272,2407,68.8,2026-08-17,0.21,45.3,False
4246,603588,高能环境,13.62,-4.15,2.85,10.15,13.840794013417,0.4277408,77.34070581,1509,173,79.6,2026-08-17,-1.6,61.6,False
4247,603589,口子窖,19.35,-0.67,0.42,8.8,19.378870595105,0.1419988,61.80689997,-835,3602,82.0,2026-08-17,-0.15,50.7,False
4248,603590,康辰药业,32.33,-1.04,0.87,27.22,32.394129056478,0.176036,65.53516096,-882,2515,69.6,2026-08-17,-0.2,45.6,False
4249,603595,ST东尼,27.33,1.49,0.68,66.74,26.800656269986,0.3235272,59.20179157,-1303,4250,69.6,2026-08-17,1.98,41.2,False
4250,603596,伯特利,26.16,0.04,0.66,21.85,26.135651252663,0.2553044,65.50349493,-701,2525,77.6,2026-08-17,0.09,50.8,False
4251,603598,引力传媒,17.77,-3.11,3.6,115.47,18.224183501071,0.2237824,68.510921,-562,1614,89.6,2026-08-17,-2.49,61.4,False
4252,603599,广信股份,10.25,0.69,0.56,14.83,10.113360832797,0.232756,64.25433058,636,2894,68.4,2026-08-17,1.35,43.9,False
4253,603600,永艺股份,9.62,0.63,0.77,11.03,9.596906434818,0.1348756,66.49640971,-565,2190,68.4,2026-08-17,0.24,45.5,False
4254,603601,再升科技,9.89,-2.37,3.54,197.42,9.987285758151,0.2604792,65.8007572,1602,2418,74.8,2026-08-17,-0.97,49.2,False
4255,603602,纵横通信,11.45,-2.39,1.05,133.18,11.672128511473,0.2066044,67.14116998,-354,2014,74.0,2026-08-17,-1.9,49.7,False
4256,603605,珀莱雅,56.47,-0.7,0.33,15.25,56.418094722126,0.2769172,69.75180339,-249,1309,77.6,2026-08-17,0.09,54.1,False
4257,603606,东方电缆,37.37,-1.29,1.03,27.29,37.778717149951,0.2969708,70.23352123,797,1191,87.2,2026-08-17,-1.08,61.2,False
4258,603607,京华激光,22.31,-1.37,2.11,37.27,21.839816795596,0.3125212,62.54807363,-227,3393,73.2,2026-08-17,2.15,45.8,False
4259,603608,天创时尚,20.05,-0.99,1.91,163.83,19.967889125685,0.3832088,59.47078064,-122,4173,63.2,2026-08-17,0.41,37.6,False
4260,603609,禾丰股份,6.38,1.43,0.25,166.48,6.300972422273,0.0472164,66.01171722,1122,2348,71.6,2026-08-17,1.25,47.3,False
4261,603610,麒盛科技,15.79,0.57,0.88,41.33,15.564365093866,0.2729392,61.82665243,-527,3593,74.8,2026-08-17,1.45,46.2,False
4262,603611,诺力股份,16.99,-0.59,0.28,14.65,16.954635257723,0.176886,61.01807589,-336,3800,68.4,2026-08-17,0.21,41.7,False
4263,603612,索通发展,16.81,-2.32,1.04,10.14,16.991521507615,0.2922128,71.31436176,1732,949,72.8,2026-08-17,-1.07,51.9,False
4264,603613,国联股份,18.28,-2.92,0.67,12.02,18.586250407197,0.2386896,65.37411888,-1518,2562,74.8,2026-08-17,-1.65,48.9,False
4265,603615,茶花股份,17.23,-2.66,0.87,242.34,17.412267516349,0.2309116,70.25173209,-77,1188,74.8,2026-08-17,-1.05,52.5,False
4266,603616,韩建河山,5.49,0.18,1.09,-54.18,5.441165532719,0.1652284,55.04466189,232,4925,69.2,2026-08-17,0.9,38.1,False
4267,603617,君禾股份,6.96,0.14,0.74,38.77,6.920092094418,0.1453352,60.31246916,757,3982,71.6,2026-08-17,0.58,43.2,False
4268,603618,杭电股份,29.51,-3.88,8.26,63.09,30.491442426927,0.364144,67.50895078,-1583,1900,95.2,2026-08-17,-3.22,64.3,False
4269,603619,中曼石油,22.6,0.18,4.42,82.52,22.557724138069,0.263778,61.70414027,-1618,3632,85.6,2026-08-17,0.19,52.8,False
4270,603626,科森科技,16.74,-1.01,2.29,6.02,16.732909112339,0.2619096,65.70344458,279,2450,87.2,2026-08-17,0.04,57.3,False
4271,603628,清源股份,9.67,-0.1,0.97,146.47,9.641204953918,0.1344144,59.80746778,299,4080,72.8,2026-08-17,0.3,43.5,False
4272,603629,利通电子,136.88,-4.17,8.04,46.26,139.683623939253,0.4648048,70.56096469,-1103,1119,95.6,2026-08-17,-2.01,67.5,False
4273,603630,拉芳家化,14.53,-2.29,1.27,38.12,14.760185081526,0.1264556,58.88306584,-524,4312,75.6,2026-08-17,-1.56,44.5,False
4274,603633,徕木股份,6.5,-2.55,0.95,-19.36,6.578338503919,0.1964452,60.87860197,-443,3848,67.2,2026-08-17,-1.19,40.9,False
4275,603636,南威软件,7.15,-3.38,0.93,-20.82,7.278432771184,0.2731684,58.0306632,414,4497,77.2,2026-08-17,-1.76,44.8,False
4276,603637,镇海股份,13.74,-0.79,1.81,-435.46,13.656073789737,0.1761996,61.22924773,-171,3739,64.0,2026-08-17,0.61,39.2,False
4277,603638,艾迪精密,20.08,0.2,0.47,29.19,19.850894751399,0.24275,65.10918641,142,2643,70.4,2026-08-17,1.15,45.8,False
4278,603639,海利尔,10.64,0.76,0.31,12.35,10.523715290235,0.2085428,65.74923994,175,2431,66.4,2026-08-17,1.1,43.7,False
4279,603648,畅联股份,9.12,-0.65,0.24,24.84,9.18702653507,0.0752944,64.42305294,143,2846,69.6,2026-08-17,-0.73,44.8,False
4280,603650,彤程新材,69.31,2.23,3.32,58.56,66.712972872082,0.314588,73.82829713,495,533,84.8,2026-08-17,3.89,62.6,False
4281,603655,朗博科技,33.87,-3.48,1.56,109.16,34.765502949334,0.2232176,70.25914167,-352,1185,77.6,2026-08-17,-2.58,54.5,False
4282,603656,泰禾智能,17.71,0.06,0.29,144.33,17.644588428315,0.1535428,57.19607491,-363,4644,66.0,2026-08-17,0.37,37.7,False
4283,603657,春光科技,26.96,-7.7,4.03,-25.73,28.601239261642,0.44849,64.90633094,1377,2702,71.2,2026-08-17,-5.74,46.2,False
4284,603658,安图生物,32.9,0.09,0.32,19.88,32.963922666089,0.1633616,73.52853825,-140,567,80.0,2026-08-17,-0.19,58.8,False
4285,603659,璞泰来,24.45,-2.08,0.78,18.62,24.642052777255,0.3304264,73.7243836,-57,546,80.0,2026-08-17,-0.78,59.0,False
4286,603660,苏州科达,12.43,-1.89,2.9,-10.82,12.320729109492,0.4081348,58.77027845,261,4340,82.0,2026-08-17,0.89,48.2,False
4287,603661,恒林股份,32.98,-0.24,0.99,19.44,32.571837547365,0.2885952,69.71359187,1290,1320,65.6,2026-08-17,1.25,45.7,False
4288,603662,柯力传感,54.46,-0.6,1.64,92.99,53.882139977594,0.3136688,68.18081667,425,1709,80.8,2026-08-17,1.07,55.1,False
4289,603663,三祥新材,45.24,1.3,5.2,181.99,43.239309403538,0.373458,77.6306028,189,160,88.0,2026-08-17,4.63,68.3,False
4290,603665,康隆达,21.47,-2.14,0.94,53.79,21.905535896679,0.1220988,50.49143553,15,5166,62.4,2026-08-17,-1.99,31.5,False
4291,603666,亿嘉和,25.88,-1.07,1.09,-26.2,25.648814047338,0.2370676,60.1580474,1051,4021,72.8,2026-08-17,0.9,43.8,False
4292,603667,五洲新春,55.9,-0.78,2.76,173.85,55.612521293641,0.3004828,64.76396612,1485,2740,77.6,2026-08-17,0.52,50.3,False
4293,603668,天马科技,10.85,2.65,1.82,204.6,10.563880633444,0.2777576,57.2556883,-1318,4632,72.0,2026-08-17,2.71,41.2,False
4294,603669,灵康药业,6.2,-2.52,1.29,104.59,6.299892625621,0.20554,60.73130269,-84,3888,69.6,2026-08-17,-1.59,42.3,False
4295,603676,卫信康,9.34,0.21,0.38,14.87,9.299422912564,0.0379268,66.28419661,-496,2269,69.6,2026-08-17,0.44,46.1,False
4296,603677,奇精机械,13.64,-0.58,0.48,56.27,13.801626749818,0.0889084,57.44547038,19,4599,65.2,2026-08-17,-1.17,37.5,False
4297,603678,火炬电子,51.86,-0.97,3.51,155.46,51.321770571307,0.3646216,68.97159887,-1363,1482,91.2,2026-08-17,1.05,62.9,False
4298,603679,华体科技,22.17,-3.06,3.12,-69.8,22.560920556102,0.3138272,56.97061692,-614,4681,77.2,2026-08-17,-1.73,44.0,False
4299,603680,今创集团,10.22,-0.68,0.2,9.03,10.22179061852,0.0862344,64.14884089,-382,2929,68.4,2026-08-17,-0.02,43.9,False
4300,603681,永冠新材,18.7,-2.45,1.8,41.5,18.98204356528,0.3125744,69.80069952,987,1299,67.2,2026-08-17,-1.49,46.9,False
4301,603682,锦和商管,12.06,0.42,3.06,156.33,11.50086642425,0.290764,58.07943204,-31,4491,76.8,2026-08-17,4.86,44.6,False
4302,603683,晶华新材,16.35,-0.37,4.67,46.57,16.078494068706,0.2518176,64.00500142,1862,2972,77.2,2026-08-17,1.69,49.4,False
4303,603685,晨丰科技,27.14,4.79,1.58,172.16,25.776156926412,0.209718,59.72342897,-613,4098,61.2,2026-08-17,5.29,36.6,False
4304,603686,福龙马,13.22,0.15,1.46,21.03,13.151942090026,0.1362048,61.30173841,-369,3716,73.6,2026-08-17,0.52,45.1,False
4305,603687,大胜达,14.51,-1.23,1.54,90.43,14.556598549615,0.2944964,62.57621678,1200,3384,67.6,2026-08-17,-0.32,42.3,False
4306,603688,石英股份,50.76,-0.82,1.69,186.94,50.526971265189,0.331148,69.73905152,1073,1314,78.0,2026-08-17,0.46,54.4,False
4307,603689,皖天然气,7.46,0.54,0.44,8.56,7.409734333443,0.087246,68.40115115,1057,1644,66.4,2026-08-17,0.68,45.4,False
4308,603690,至纯科技,27.42,1.03,8.08,-33.29,26.563494555928,0.304424,63.04647808,1560,3244,94.0,2026-08-17,3.22,59.3,False
4309,603693,江苏新能,11.58,-1.78,0.35,23.57,11.715906114992,0.1663212,59.38521809,-678,4193,71.6,2026-08-17,-1.16,42.5,False
4310,603696,安记食品,14.89,2.34,8.59,78.22,14.555939725845,0.18836,67.37104029,-89,1944,89.6,2026-08-17,2.3,60.4,False
4311,603697,有友食品,9.85,2.18,1.36,16.97,9.497442382797,0.1319676,68.64801082,829,1574,68.0,2026-08-17,3.71,46.7,False
4312,603698,航天工程,24.02,-1.72,0.99,78.57,24.132145485327,0.2490892,63.49739471,458,3122,77.6,2026-08-17,-0.46,49.3,False
4313,603699,纽威股份,53.46,-0.8,0.2,30.02,53.754575923746,0.1132936,73.25268566,9,606,72.8,2026-08-17,-0.55,53.3,False
4314,603700,宁水集团,11.71,-2.42,1.26,54.24,11.798409583057,0.220668,69.00057449,846,1474,67.6,2026-08-17,-0.75,46.6,False
4315,603701,德宏股份,19.62,-1.41,0.53,209.3,19.809687904805,0.2257328,60.44428256,-761,3949,66.4,2026-08-17,-0.96,40.1,False
4316,603703,盛洋科技,10.16,-5.31,5.02,172.52,10.329702017915,0.3708576,70.79194822,278,1074,76.4,2026-08-17,-1.64,54.1,False
4317,603706,东方环宇,19.49,0.83,0.33,8.99,19.281711296745,0.0929368,70.01891501,855,1238,66.8,2026-08-17,1.08,46.8,False
4318,603707,健友股份,8.04,0.12,0.32,36.48,7.998836995195,0.1377696,67.17098402,-1057,2006,70.8,2026-08-17,0.51,47.6,False
4319,603708,家家悦,10.27,9.96,3.0,10.8,9.258984343903,0.0921628,71.42897882,1019,922,67.2,2026-08-17,10.92,48.0,False
4320,603709,中源家居,12.09,3.69,6.58,242.13,11.505216321003,0.088438,66.46650627,655,2204,64.0,2026-08-17,5.08,42.5,False
4321,603711,香飘飘,11.85,0.85,1.15,225.26,11.738608731978,0.116156,69.92614857,217,1262,80.8,2026-08-17,0.95,56.5,False
4322,603712,七一二,11.7,-2.26,0.74,-34.63,11.985727604864,0.1967308,54.87189833,-843,4943,73.2,2026-08-17,-2.38,40.2,False
4323,603713,密尔克卫,65.72,-1.29,0.54,15.0,65.448100299982,0.2266736,71.01780551,-644,1011,68.0,2026-08-17,0.42,48.3,False
4324,603716,塞力医疗,16.75,-1.93,2.66,-53.97,16.99005827863,0.1305816,57.12144029,-417,4659,86.8,2026-08-17,-1.41,49.6,False
4325,603717,天域生物,6.56,2.82,5.74,-45.24,6.339770011984,0.0967684,53.94298239,44,5020,68.4,2026-08-17,3.47,36.9,False
4326,603718,*ST海利,2.92,-1.02,0.55,74.77,2.92392978993,0.2565408,49.93591886,-317,5176,68.0,2026-08-17,-0.13,34.0,False
4327,603719,良品铺子,10.07,0.7,0.75,21.0,9.916788246943,0.1075444,65.68490621,1750,2460,79.6,2026-08-17,1.54,52.3,False
4328,603721,中广天择,18.55,-6.69,4.73,-79.96,19.224651261096,0.390583571429,75.82527548,690,305,79.6,2026-08-17,-3.51,60.4,False
4329,603722,阿科力,30.65,-1.32,0.44,-57.62,30.875573456586,0.128415090909,52.02368183,-72,5120,64.0,2026-08-17,-0.73,33.3,False
4330,603725,天安新材,12.37,2.83,5.37,48.68,11.95101305333,0.2703036,75.16844471,-169,374,81.2,2026-08-17,3.51,61.0,False
4331,603726,朗迪集团,24.63,-1.99,1.44,13.07,24.767937378363,0.2649912,69.62629409,143,1339,72.4,2026-08-17,-0.56,50.4,False
4332,603727,博迈科,18.67,1.85,0.65,-37.33,18.1284809854,0.1242476,60.16210575,-101,4018,72.0,2026-08-17,2.99,43.3,False
4333,603728,鸣志电器,53.58,0.15,1.13,406.08,52.692279560731,0.2808404,63.70534574,1442,3051,85.6,2026-08-17,1.68,54.5,False
4334,603729,ST龙韵,11.36,-0.87,0.47,108.75,11.316094163808,0.2052516,66.69501869,2010,2143,66.0,2026-08-17,0.39,44.0,False
4335,603730,岱美股份,9.98,-2.92,0.4,28.75,10.234580439844,0.2507216,64.8698289,-323,2715,62.0,2026-08-17,-2.49,40.2,False
4336,603733,仙鹤股份,22.8,3.59,1.25,18.57,21.852410086212,0.3395388,73.85123889,298,529,70.4,2026-08-17,4.34,52.0,False
4337,603737,三棵树,24.19,-0.08,0.52,50.19,24.05452799072,0.1570524,66.87318018,59,2092,74.4,2026-08-17,0.56,49.8,False
4338,603738,泰晶科技,39.22,-3.61,9.9,164.19,39.253588287946,0.367448,73.77125315,411,539,87.2,2026-08-17,-0.09,64.3,False
4339,603739,蔚蓝生物,13.81,10.04,3.32,48.89,12.50917986418,0.1306632,62.59552464,-2517,3379,78.0,2026-08-17,10.4,48.8,False
4340,603755,日辰股份,23.66,-1.17,0.36,32.06,23.703482153516,0.1652628,67.3979223,815,1934,64.8,2026-08-17,-0.18,43.7,False
4341,603757,大元泵业,63.6,-1.36,3.29,258.85,63.124827141271,0.3237496,73.52827097,-68,568,77.2,2026-08-17,0.75,56.8,False
4342,603758,秦安股份,13.56,-4.64,7.3,62.64,13.701086303686,0.225854,65.12420211,-156,2640,84.8,2026-08-17,-1.03,55.2,False
4343,603759,海天股份,7.46,-0.27,0.25,222.62,7.42479296644,0.105276,67.68141396,1484,1843,68.4,2026-08-17,0.47,46.3,False
4344,603766,隆鑫通用,13.59,-1.45,0.3,14.8,13.560943305311,0.1933736,78.74862415,126,110,73.2,2026-08-17,0.21,57.6,False
4345,603767,中马传动,15.49,2.04,1.59,196.89,15.049471536208,0.0845088,58.69489837,428,4362,72.4,2026-08-17,2.93,42.5,False
4346,603768,常青股份,11.24,-0.44,0.41,96.42,11.183147207476,0.0756008,62.48731764,1307,3414,65.6,2026-08-17,0.51,41.0,False
4347,603773,沃格光电,112.24,7.42,9.7,-123.37,101.86739096254,0.5660232,66.89838181,2000,2080,88.4,2026-08-17,10.18,59.1,False
4348,603776,永安行,21.17,-2.58,0.52,-291.1,21.816154329251,0.3023068,57.96109015,18,4514,71.6,2026-08-17,-2.96,41.5,False
4349,603777,来伊份,14.62,-1.22,2.09,-87.06,14.466763164668,0.2974824,56.0602347,273,4802,71.2,2026-08-17,1.06,39.9,False
4350,603778,国晟科技,10.36,-2.63,2.66,-49.07,10.544397307494,0.1362688,52.91106268,97,5081,78.0,2026-08-17,-1.75,41.3,False
4351,603779,威龙股份,7.92,-0.38,1.77,-87.68,7.933831646203,0.1331504,48.17362102,-2,5193,76.4,2026-08-17,-0.17,36.8,False
4352,603786,科博达,42.41,-1.28,0.18,28.32,42.662427473836,0.1754608,67.64184255,-190,1857,70.4,2026-08-17,-0.59,47.6,False
4353,603787,新日股份,10.13,-1.46,0.62,23.15,10.255203731317,0.138654,63.37713858,-460,3157,69.2,2026-08-17,-1.22,43.9,False
4354,603788,宁波高发,13.92,-1.49,0.21,16.54,14.095735857823,0.1817548,68.25268018,-164,1695,67.6,2026-08-17,-1.25,46.1,False
4355,603789,ST星农,6.24,-2.35,0.77,-13.46,6.451865889014,0.245077636364,58.53394317,-1776,4394,69.6,2026-08-17,-3.28,40.7,False
4356,603790,雅运股份,26.15,-7.56,4.75,34.17,27.951466406673,0.5275404,73.2096122,53,615,72.0,2026-08-17,-6.44,52.7,False
4357,603797,联泰环保,4.89,0.82,3.24,17.18,4.741165410193,0.1976696,66.02949866,-880,2343,78.4,2026-08-17,3.14,51.8,False
4358,603798,康普顿,13.44,-0.07,0.9,18.55,13.386910355264,0.1485104,64.17518414,-510,2918,70.0,2026-08-17,0.4,44.9,False
4359,603799,华友钴业,41.85,-2.81,1.82,7.93,42.512124371838,0.4217688,74.88292283,791,412,93.6,2026-08-17,-1.56,70.1,False
4360,603800,洪田股份,71.22,-2.86,1.43,-231.16,72.195335063249,0.4835444,67.76906987,-153,1817,72.4,2026-08-17,-1.35,49.1,False
4361,603801,志邦家居,5.9,0.0,0.49,-6.79,5.87974634327,0.0824264,58.82209915,-1360,4330,71.2,2026-08-17,0.34,41.9,False
4362,603803,瑞斯康达,10.75,-3.33,3.57,166.89,11.01803449055,0.2069548,60.21851101,-2967,4004,84.0,2026-08-17,-2.43,50.6,False
4363,603806,福斯特,15.66,0.13,0.43,32.76,15.555347059607,0.2601748,71.14368984,1356,984,72.8,2026-08-17,0.67,51.8,False
4364,603808,歌力思,8.52,0.47,0.32,18.9,8.443916825224,0.0679344,68.64082474,-309,1578,66.0,2026-08-17,0.9,45.3,False
4365,603809,豪能股份,9.2,-1.18,0.9,22.53,9.294538150233,0.1395688,62.49120648,-918,3411,72.8,2026-08-17,-1.02,45.5,False
4366,603810,丰山集团,12.29,-0.73,0.45,37.91,12.294093876098,0.0749212,64.23350649,585,2898,68.0,2026-08-17,-0.03,43.7,False
4367,603811,诚意药业,7.74,3.2,2.44,20.02,7.457540659615,0.1749044,64.44631661,-682,2840,66.8,2026-08-17,3.79,43.1,False
4368,603813,原尚股份,32.54,3.3,1.19,-42.93,31.374284119453,0.153263529412,49.92862728,-259,5177,64.0,2026-08-17,3.72,32.0,False
4369,603815,交建股份,5.28,-1.68,0.61,14.24,5.351422040496,0.134836,50.19661394,-19,5172,64.0,2026-08-17,-1.33,32.1,False
4370,603816,顾家家居,23.48,-0.51,0.22,10.95,23.306077074186,0.1364736,69.92670725,-59,1260,72.8,2026-08-17,0.75,50.9,False
4371,603817,海峡环保,5.68,-0.53,0.64,11.99,5.679322465293,0.120472,65.87240118,910,2396,67.2,2026-08-17,0.01,44.3,False
4372,603818,曲美家居,3.67,-0.54,1.32,507.96,3.632074892296,0.2492768,62.4936277,-352,3408,68.8,2026-08-17,1.04,43.0,False
4373,603819,神力股份,14.16,1.51,1.92,111.86,13.888453326972,0.1666964,55.240167,-233,4903,65.6,2026-08-17,1.96,36.2,False
4374,603822,ST嘉澳,57.48,1.29,0.57,32.88,55.909220349187,0.3260368,71.21833595,1692,965,66.4,2026-08-17,2.81,47.3,False
4375,603823,百合花,85.9,10.0,3.07,208.24,76.920080368105,0.5665428,72.9708905,1278,657,88.4,2026-08-17,11.67,64.5,False
4376,603825,ST华扬,8.04,-1.35,0.37,-21.37,8.11850050497,0.2400432,58.91958395,-1208,4305,71.6,2026-08-17,-0.97,42.2,False
4377,603826,坤彩科技,17.3,-1.54,0.34,49.59,17.491620165615,0.1353008,60.39615328,-865,3959,72.8,2026-08-17,-1.1,44.0,False
4378,603828,*ST利达,4.15,-0.48,0.14,202.95,4.174686723323,0.2667288,55.30053669,-353,4896,63.2,2026-08-17,-0.59,34.9,False
4379,603829,洛凯股份,15.13,-2.26,0.77,217.76,15.231750271439,0.114282,59.77477454,480,4087,65.2,2026-08-17,-0.67,39.0,False
4380,603833,欧派家居,31.66,0.73,0.29,30.97,31.188679229718,0.2199264,66.65403856,416,2156,74.4,2026-08-17,1.51,49.6,False
4381,603836,海程邦达,8.91,-1.44,0.51,52.89,8.971977111557,0.0754568,62.8414212,-595,3302,65.6,2026-08-17,-0.69,41.2,False
4382,603838,*ST四通,9.66,0.94,0.3,-64.69,9.615610459527,0.2926524,58.56776986,-2217,4382,65.2,2026-08-17,0.46,38.2,False
4383,603839,安正时尚,7.02,-0.28,0.45,22.35,7.005359141409,0.0701636,64.08617416,23,2952,66.0,2026-08-17,0.21,42.3,False
4384,603843,*ST正平,6.88,-2.41,0.99,-46.08,7.095463869636,0.2709992,50.81580557,-44,5158,69.6,2026-08-17,-3.04,35.4,False
4385,603848,好太太,13.34,-4.1,0.68,26.26,13.758363060631,0.1331476,65.3846894,203,2558,66.4,2026-08-17,-3.04,43.4,False
4386,603855,华荣股份,16.26,-1.99,0.21,14.54,16.456734171184,0.2620936,69.91370035,11,1267,66.8,2026-08-17,-1.2,46.7,False
4387,603856,东宏股份,11.27,-0.27,0.46,17.81,11.247307272791,0.2187904,61.54890017,-1359,3664,64.8,2026-08-17,0.2,39.9,False
4388,603858,步长制药,15.76,-2.11,0.45,12.97,16.001251968478,0.2405024,69.67366079,-334,1332,80.0,2026-08-17,-1.51,55.7,False
4389,603859,能科科技,41.46,-1.99,1.08,56.26,41.770256666763,0.2893168,61.18483044,-358,3750,71.6,2026-08-17,-0.74,43.8,False
4390,603860,中公高科,26.23,-0.94,0.51,641.01,26.261660787357,0.0567592,65.92130846,479,2383,67.6,2026-08-17,-0.12,44.6,False
4391,603861,白云电器,12.48,-2.35,0.74,49.54,12.639113258927,0.2401264,64.48629931,-222,2824,70.4,2026-08-17,-1.26,45.4,False
4392,603863,松炀资源,12.68,-2.16,0.82,-127.44,12.889289511739,0.1936344,52.41189178,-617,5106,67.6,2026-08-17,-1.62,35.4,False
4393,603866,桃李面包,4.28,0.94,0.53,33.02,4.212889087125,0.133924,65.33668665,1102,2578,73.6,2026-08-17,1.59,48.1,False
4394,603867,新化股份,29.31,-1.51,1.22,19.61,29.557450227184,0.3244392,64.98028054,-1476,2682,65.2,2026-08-17,-0.84,42.4,False
4395,603868,飞科电器,30.45,-1.07,0.06,17.58,30.4370213498,0.1915032,64.80636368,269,2728,68.0,2026-08-17,0.04,44.1,False
4396,603869,ST智知,8.76,-1.24,0.13,290.82,8.892056400706,0.1034064,57.81197804,-2291,4543,67.2,2026-08-17,-1.49,38.8,False
4397,603871,嘉友国际,12.19,-0.33,0.19,12.72,12.116668735954,0.1159904,74.5904957,-88,442,66.8,2026-08-17,0.61,49.8,False
4398,603876,鼎胜新材,22.51,-1.32,1.3,26.98,22.425429464463,0.2780096,70.21822079,-545,1195,82.0,2026-08-17,0.38,57.6,False
4399,603877,太平鸟,13.05,-1.14,0.28,30.14,12.952408997232,0.0842428,65.95679702,-192,2367,63.6,2026-08-17,0.75,41.9,False
4400,603878,武进不锈,5.04,-0.98,0.75,-40.28,5.048746807074,0.1365528,59.50260989,490,4159,65.2,2026-08-17,-0.17,38.8,False
4401,603879,永悦科技,5.39,-1.64,1.85,-77.18,5.495558997155,0.1042036,59.29924431,-137,4222,71.2,2026-08-17,-1.92,42.2,False
4402,603880,南卫股份,9.45,6.9,7.13,-134.15,8.630092836863,0.3567288,64.36783718,1948,2863,64.8,2026-08-17,9.5,41.7,False
4403,603881,数据港,28.04,-3.64,4.48,134.95,28.590590868447,0.355294,68.32755648,-1649,1671,95.6,2026-08-17,-1.93,65.3,False
4404,603882,金域医学,28.96,-0.31,1.01,78.38,29.026440176781,0.2132728,68.90355292,-225,1509,85.6,2026-08-17,-0.23,59.0,False
4405,603883,老百姓,13.21,-0.15,1.22,9.5,13.196538093186,0.1976824,73.73869245,-480,543,88.4,2026-08-17,0.1,65.2,False
4406,603885,吉祥航空,10.63,-0.84,0.14,13.08,10.637539158987,0.3462488,70.94322345,-298,1024,70.4,2026-08-17,-0.07,49.9,False
4407,603886,元祖股份,10.8,0.93,0.9,-9.23,10.654297217876,0.124576,55.93285354,-401,4820,62.4,2026-08-17,1.37,34.9,False
4408,603887,城地香江,10.56,-8.01,9.07,-118.49,11.013925830431,0.2934616,63.85269769,-721,3016,91.2,2026-08-17,-4.12,58.2,False
4409,603888,新华网,16.16,-2.47,0.62,76.16,16.444166326455,0.247452,71.57057334,380,892,72.8,2026-08-17,-1.73,52.1,False
4410,603889,新澳股份,5.67,0.0,0.22,11.21,5.635104637413,0.1694516,69.87162879,-722,1279,66.8,2026-08-17,0.62,46.7,False
4411,603890,春秋电子,20.09,-4.74,6.88,36.96,20.739210530892,0.294344,69.92649127,-1087,1261,90.8,2026-08-17,-3.13,63.5,False
4412,603893,瑞芯微,199.58,-5.64,3.03,49.15,206.311001706845,0.435958,76.34124147,250,252,89.2,2026-08-17,-3.26,68.1,False
4413,603895,天永智能,26.15,3.07,1.28,135.37,25.18459953248,0.1279852,63.55617978,-390,3107,64.4,2026-08-17,3.83,40.9,False
4414,603896,寿仙谷,15.18,-0.2,0.38,26.0,15.126355290131,0.133124,55.40190898,-1687,4882,72.4,2026-08-17,0.35,40.1,False
4415,603897,长城科技,30.51,-4.69,5.86,22.22,31.837998254269,0.2751028,72.9218825,-179,665,87.6,2026-08-17,-4.17,63.9,False
4416,603898,好莱客,11.41,-2.23,0.44,-38.73,11.718290413454,0.182498,60.7932063,-702,3875,66.4,2026-08-17,-2.63,40.4,False
4417,603899,晨光股份,22.31,-0.04,0.13,15.15,22.22922820257,0.1394624,70.63127919,-801,1105,75.6,2026-08-17,0.36,53.4,False
4418,603900,莱绅通灵,6.11,-0.33,0.93,9.79,6.101090944232,0.08854,67.52294067,420,1893,73.6,2026-08-17,0.15,49.7,False
4419,603901,永创智能,9.71,-1.12,0.54,19.64,9.699057700589,0.1542492,65.73963717,-794,2434,70.8,2026-08-17,0.11,46.5,False
4420,603903,中持股份,14.38,-1.57,1.7,53.22,14.337974105581,0.259888,61.55634826,-1612,3661,76.4,2026-08-17,0.29,47.0,False
4421,603906,龙蟠科技,20.02,-3.56,2.33,18.48,20.443388727023,0.2952088,67.17144043,-55,2005,82.4,2026-08-17,-2.07,55.3,False
4422,603908,牧高笛,18.82,-1.77,0.77,21.4,18.926951913926,0.0377876,62.92659339,1512,3275,66.8,2026-08-17,-0.57,42.0,False
4423,603909,建发合诚,9.51,-1.55,0.27,24.53,9.555437291199,0.0259564,73.83115748,1295,531,64.4,2026-08-17,-0.48,47.5,False
4424,603912,佳力图,8.29,-3.27,3.99,-55.5,8.564772688018,0.2903692,64.09394838,-1651,2950,88.8,2026-08-17,-3.21,56.9,False
4425,603915,国茂股份,13.78,0.36,0.55,41.82,13.540448398662,0.1538336,69.33032665,1398,1410,69.2,2026-08-17,1.77,48.0,False
4426,603916,苏博特,12.17,0.08,4.14,42.36,11.998820224446,0.5231316,73.13819745,2899,629,68.0,2026-08-17,1.43,49.7,False
4427,603917,合力科技,12.39,-1.51,0.46,-115.27,12.501011907884,0.1323188,56.17243558,-94,4786,73.6,2026-08-17,-0.89,41.3,False
4428,603918,金桥信息,10.46,-4.21,3.1,-31.34,10.866516132243,0.1726844,60.75694302,-2426,3882,89.2,2026-08-17,-3.74,54.2,False
4429,603919,金徽酒,16.57,0.49,0.75,10.27,16.439999805486,0.131856,64.18589109,-1099,2914,81.2,2026-08-17,0.79,52.1,False
4430,603920,世运电路,40.05,0.48,2.96,171.61,39.028812412376,0.3334768,72.5876226,1292,716,82.4,2026-08-17,2.62,59.8,False
4431,603922,ST金鸿顺,12.97,-1.97,0.67,66.42,13.074551603822,0.3435424,61.58492665,-1451,3656,67.2,2026-08-17,-0.8,41.4,False
4432,603926,铁流股份,16.67,-0.18,0.88,32.75,16.62643317886,0.1477984,64.66500901,237,2768,66.4,2026-08-17,0.26,42.9,False
4433,603927,中科软,13.15,-1.87,0.72,-172.45,13.390003970067,0.1652476,65.68395293,-522,2461,76.8,2026-08-17,-1.79,50.4,False
4434,603928,兴业股份,13.18,-0.83,2.61,35.29,13.162241861209,0.1614,68.73543144,2026,1550,81.6,2026-08-17,0.13,56.1,False
4435,603929,亚翔集成,179.3,0.18,3.88,39.0,177.43274640124,0.6299848,79.78373626,749,59,80.8,2026-08-17,1.05,64.5,False
4436,603931,格林达,38.65,-3.06,1.87,65.77,39.308949860218,0.2415056,70.05067975,-496,1231,77.6,2026-08-17,-1.68,54.4,False
4437,603933,睿能科技,20.67,-1.1,1.08,31.08,20.691350452291,0.1014812,65.28157712,1475,2595,72.0,2026-08-17,-0.1,47.0,False
4438,603936,博敏电子,19.12,10.01,10.55,-284.2,16.931931464512,0.4538744,68.96824699,2398,1484,84.4,2026-08-17,12.92,58.2,False
4439,603937,丽岛新材,11.57,-1.62,0.78,23.33,11.573142023106,0.1132524,59.73264902,-844,4095,63.6,2026-08-17,-0.03,38.0,False
4440,603938,三孚股份,46.13,0.35,4.41,113.58,45.401468181285,0.2834944,74.19685636,247,481,80.0,2026-08-17,1.6,59.4,False
4441,603939,益丰药房,24.09,0.38,0.19,14.62,23.792965544878,0.223344,74.93747,-223,403,79.6,2026-08-17,1.25,59.7,False
4442,603948,建业股份,20.73,-0.91,0.23,15.91,20.874597110443,0.0578084,63.8984542,98,3004,66.8,2026-08-17,-0.69,42.7,False
4443,603949,雪龙集团,14.39,-0.42,0.45,32.32,14.36246461778,0.0772724,61.7124222,320,3627,66.4,2026-08-17,0.19,41.0,False
4444,603950,长源东谷,63.95,-3.63,1.3,62.55,64.555365660467,0.4613616,75.93116215,78,292,72.0,2026-08-17,-0.94,54.7,False
4445,603955,大千生态,19.45,-1.52,0.91,-52.24,20.000981245357,0.1116184,53.65447092,-50,5040,70.4,2026-08-17,-2.75,37.8,False
4446,603956,威派格,6.99,-4.77,3.65,-15.31,7.283314649736,0.2636508,62.32823847,-1641,3460,87.2,2026-08-17,-4.03,54.4,False
4447,603958,哈森股份,18.46,10.01,0.39,58.81,16.385130703608,0.5043924,67.32910542,108,1957,70.8,2026-08-17,12.66,47.7,False
4448,603959,ST百利,5.05,0.4,0.88,-12.96,5.056762533316,0.3287832,54.47271945,36,4980,66.4,2026-08-17,-0.13,36.2,False
4449,603960,克来机电,16.33,-2.62,1.04,378.78,16.560903487396,0.1911356,61.94454687,1192,3561,71.2,2026-08-17,-1.39,44.1,False
4450,603966,法兰泰克,7.86,-1.26,0.42,18.85,7.926107457356,0.1007528,64.81342909,-341,2725,66.4,2026-08-17,-0.83,43.0,False
4451,603967,中创物流,11.45,-0.69,0.22,10.04,11.445676460341,0.033592,61.55860302,-1301,3660,65.2,2026-08-17,0.04,40.1,False
4452,603968,醋化股份,10.45,-0.1,0.45,-29.47,10.381950207469,0.12349,63.03355189,613,3251,62.4,2026-08-17,0.66,39.3,False
4453,603969,银龙股份,7.24,-0.14,0.6,24.04,7.172654713511,0.2868824,65.5384201,-1665,2513,74.4,2026-08-17,0.94,48.8,False
4454,603970,中农立华,10.79,1.7,0.8,13.2,10.569696446808,0.169496,67.70547965,1835,1837,66.8,2026-08-17,2.08,45.2,False
4455,603976,正川股份,27.77,-0.47,0.94,174.51,27.667671890941,0.2554212,58.94443652,155,4299,68.0,2026-08-17,0.37,40.1,False
4456,603977,国泰集团,11.95,-1.48,0.55,46.48,12.036260657912,0.2557492,64.30673518,67,2878,69.6,2026-08-17,-0.72,44.8,False
4457,603978,深圳新星,19.46,-1.72,2.19,56.93,19.563951109645,0.1968264,59.18414098,314,4256,70.0,2026-08-17,-0.53,41.4,False
4458,603979,金诚信,76.15,-1.86,0.59,19.74,77.551095824495,0.302498,79.25392733,-51,82,78.4,2026-08-17,-1.81,62.1,False
4459,603980,吉华集团,6.93,-1.7,1.74,49.43,7.022539517095,0.2881364,63.1326324,-45,3229,82.4,2026-08-17,-1.32,52.0,False
4460,603982,泉峰汽车,6.11,-0.81,0.62,-5.27,6.114630916058,0.055034,62.63942478,1442,3363,69.6,2026-08-17,-0.08,43.6,False
4461,603983,丸美生物,28.13,-2.33,0.49,27.92,28.123357483425,0.1682396,66.29161242,-140,2266,74.0,2026-08-17,0.02,49.1,False
4462,603985,恒润股份,18.15,-2.84,1.79,30.71,18.202688020742,0.2728468,77.57810245,28,163,79.6,2026-08-17,-0.29,61.8,False
4463,603986,兆易创新,433.43,-2.38,5.92,52.04,436.628074806583,0.5962184,84.63007736,173,4,94.4,2026-08-17,-0.73,79.9,False
4464,603987,康德莱,7.57,-0.39,0.37,15.29,7.601244348782,0.119256,65.34225646,-1400,2574,71.6,2026-08-17,-0.41,46.8,False
4465,603988,中电电机,20.31,-3.15,2.84,265.31,21.1239478787,0.2153504,55.71010165,41,4849,82.8,2026-08-17,-3.85,46.1,False
4466,603989,艾华集团,30.78,-4.17,5.67,44.59,32.23318191122,0.3417132,68.12225987,-1510,1722,89.6,2026-08-17,-4.51,61.0,False
4467,603990,麦迪科技,23.63,1.29,3.81,468.82,23.030653405766,0.384644,61.84352178,-2957,3589,84.8,2026-08-17,2.6,52.4,False
4468,603991,领先股份,139.23,-1.33,1.08,104.3,139.045401088401,0.4016916,72.57048333,700,722,71.2,2026-08-17,0.13,51.7,False
4469,603992,松霖科技,22.09,-1.95,0.43,25.65,22.296582758254,0.13874,64.1965188,-759,2908,61.2,2026-08-17,-0.93,39.3,False
4470,603993,洛阳钼业,18.64,-2.56,0.65,12.85,18.944346328309,0.4388716,77.32561271,776,176,88.4,2026-08-17,-1.61,68.4,False
4471,603995,甬金股份,27.4,6.41,2.69,13.83,25.369583352133,0.2976776,75.61512106,1141,328,73.2,2026-08-17,8.0,55.4,False
4472,603997,继峰股份,11.96,-5.0,2.2,20.84,12.430590625033,0.2472528,67.61125565,-1016,1868,68.8,2026-08-17,-3.79,46.5,False
4473,603998,方盛制药,10.39,-1.05,2.78,12.9,10.592187072001,0.2373552,70.84580169,-915,1059,86.4,2026-08-17,-1.91,61.2,False
4474,603999,读者传媒,5.63,0.18,0.63,85.23,5.565012800172,0.1112284,61.92690062,920,3562,68.4,2026-08-17,1.17,42.4,False
4475,605001,威奥股份,5.69,-1.56,0.5,45.79,5.717520073036,0.0711984,67.64277047,758,1855,65.6,2026-08-17,-0.48,44.4,False
4476,605003,众望布艺,21.69,-0.28,0.61,43.56,21.513443324458,0.0565048,66.8206016,1027,2110,63.6,2026-08-17,0.82,42.5,False
4477,605005,合兴股份,15.69,0.13,0.14,35.28,15.673643794217,0.1253,61.04511527,-2142,3792,68.4,2026-08-17,0.1,41.8,False
4478,605006,山东玻纤,15.29,-2.98,5.14,247.8,15.714427402783,0.2257228,72.05073947,538,811,74.4,2026-08-17,-2.7,53.6,False
4479,605007,五洲特纸,15.89,0.38,0.59,16.44,15.698648570955,0.0983704,68.86611116,547,1515,72.0,2026-08-17,1.22,49.6,False
4480,605008,长鸿高科,12.56,0.72,0.35,-70.29,12.341043219959,0.191284,63.95083651,20,2990,70.4,2026-08-17,1.77,45.0,False
4481,605009,豪悦护理,24.03,0.75,0.41,15.46,23.622405681837,0.125414,64.68437916,-1419,2758,68.4,2026-08-17,1.73,44.2,False
4482,605011,杭州热电,17.09,-0.06,0.5,42.19,16.990461976218,0.1479572,59.45236866,-529,4178,74.8,2026-08-17,0.59,44.5,False
4483,605016,百龙创园,20.23,0.7,0.9,17.62,19.865538073099,0.1779792,74.01214218,288,508,71.2,2026-08-17,1.83,52.7,False
4484,605018,长华集团,12.82,-1.84,0.45,97.66,12.950132339947,0.2348428,63.00582504,-178,3260,64.4,2026-08-17,-1.0,40.6,False
4485,605020,永和股份,34.76,-1.22,2.77,17.31,34.91359204521,0.274322,76.78862578,20,218,77.2,2026-08-17,-0.44,59.3,False
4486,605028,世茂能源,24.73,-0.24,0.38,329.94,24.65300705738,0.1181732,60.329653,-764,3979,70.0,2026-08-17,0.31,42.2,False
4487,605033,美邦股份,19.69,2.82,3.19,26.06,19.04502622123,0.150186,64.42358791,-2127,2845,82.0,2026-08-17,3.39,52.8,False
4488,605050,福然德,10.56,-1.58,0.19,15.03,10.670936629404,0.1700776,67.2497444,379,1976,64.8,2026-08-17,-1.04,43.6,False
4489,605055,迎丰股份,9.58,-1.44,0.28,-57.62,9.614048757686,0.117428,58.40094995,-1921,4418,62.4,2026-08-17,-0.35,36.4,False
4490,605056,咸亨国际,14.81,-1.73,0.59,58.3,14.962607001446,0.1017988,69.08090196,354,1452,71.2,2026-08-17,-1.02,49.2,False
4491,605058,澳弘电子,27.65,-1.36,0.87,29.85,27.709968138255,0.159898,62.45136436,-596,3425,62.4,2026-08-17,-0.22,39.0,False
4492,605060,联德股份,46.22,-3.83,1.33,44.59,46.837194524886,0.3740296,77.09657469,827,194,66.0,2026-08-17,-1.32,50.9,False
4493,605066,天正电气,7.21,-0.14,1.45,46.87,7.138175559307,0.3003012,73.12161462,1118,635,69.6,2026-08-17,1.01,50.9,False
4494,605068,明新旭腾,18.43,-2.85,1.9,-48.48,18.683081327601,0.1489164,52.19314621,17,5115,73.6,2026-08-17,-1.35,38.4,False
4495,605069,正和生态,10.79,-1.64,0.74,-44.26,10.852046991481,0.0795244,49.87158613,14,5178,71.6,2026-08-17,-0.57,35.7,False
4496,605077,华康股份,11.12,0.45,0.83,38.0,11.054361961984,0.0886484,59.69975617,-117,4112,64.8,2026-08-17,0.59,38.7,False
4497,605080,浙江自然,19.99,-2.06,0.71,9.82,20.336042269188,0.1145564,63.24111144,-1466,3196,66.4,2026-08-17,-1.7,42.0,False
4498,605086,龙高股份,23.99,0.29,0.27,56.98,23.975520601106,0.0833784,63.30583675,-430,3181,64.4,2026-08-17,0.06,40.8,False
4499,605088,冠盛股份,21.21,-1.03,0.72,13.82,21.214630083693,0.1300872,62.69281371,96,3340,68.8,2026-08-17,-0.02,43.1,False
4500,605089,味知香,20.72,0.05,0.39,31.46,20.528954919252,0.0961176,68.40347482,1033,1643,65.2,2026-08-17,0.93,44.6,False
4501,605090,九丰能源,36.35,-1.22,1.05,13.51,36.49061309068,0.2717668,76.21923674,-153,269,83.6,2026-08-17,-0.39,63.7,False
4502,605098,行动教育,56.65,1.82,0.54,19.67,55.345831484503,0.145464,70.32347784,-280,1170,71.6,2026-08-17,2.36,50.4,False
4503,605099,共创草坪,32.98,-0.21,0.12,16.54,32.684279848389,0.0644672,67.53493706,-335,1889,66.4,2026-08-17,0.9,44.8,False
4504,605100,华丰股份,34.65,-2.59,0.85,160.58,35.363826945969,0.3282456,67.3628961,473,1946,76.0,2026-08-17,-2.02,51.2,False
4505,605108,同庆楼,12.65,-0.39,0.53,49.05,12.629525502769,0.083138,67.42751751,-134,1925,72.8,2026-08-17,0.16,49.1,False
4506,605111,新洁能,61.69,-2.0,2.94,67.75,60.780778517953,0.372844,73.91833659,1549,521,85.2,2026-08-17,1.5,63.0,False
4507,605116,奥锐特,20.44,-0.73,0.32,32.47,20.456057633165,0.1872848,66.65728566,-861,2155,69.6,2026-08-17,-0.08,46.4,False
4508,605117,德业股份,97.48,1.98,0.89,26.12,93.662047028657,0.3631456,81.60808451,337,28,87.6,2026-08-17,4.08,71.5,True
4509,605118,力鼎光电,29.84,-1.26,0.36,43.55,29.866211352054,0.1585128,68.67580795,-585,1564,69.6,2026-08-17,-0.09,47.8,False
4510,605122,四方新材,11.3,0.0,0.7,73.12,11.235644881757,0.0820904,52.71940612,42,5085,65.6,2026-08-17,0.57,34.6,False
4511,605123,派克新材,79.72,-0.91,0.68,28.19,79.431868281361,0.2567992,68.98064697,1636,1478,70.0,2026-08-17,0.36,48.3,False
4512,605128,上海沿浦,24.93,0.12,1.11,42.19,24.625786667873,0.37387,74.8500978,762,416,74.4,2026-08-17,1.24,55.7,False
4513,605133,嵘泰股份,29.24,5.37,4.87,46.68,27.308854515167,0.3013252,68.75658466,1009,1540,68.8,2026-08-17,7.07,47.3,False
4514,605136,丽人丽妆,8.16,-2.16,1.02,72.54,8.28743244062,0.0853248,57.46641383,-1912,4594,78.0,2026-08-17,-1.54,44.8,False
4515,605138,盛泰集团,5.84,-1.52,0.3,4.9,5.911140473888,0.0996716,58.48573612,-221,4401,65.6,2026-08-17,-1.2,38.4,False
4516,605151,西上海,19.13,-1.44,0.56,32.33,19.128994862631,0.1196296,70.43455748,424,1144,64.4,2026-08-17,0.01,45.4,False
4517,605155,西大门,14.73,-0.74,0.61,34.99,14.793252564371,0.1565592,67.40901105,-182,1930,67.6,2026-08-17,-0.43,45.6,False
4518,605158,华达新材,7.33,0.14,0.25,-32.48,7.262534972419,0.1372428,60.92754497,573,3837,64.4,2026-08-17,0.93,39.2,False
4519,605162,新中港,9.68,1.57,6.18,88.26,9.04326197588,0.306782,68.94687408,2488,1495,84.8,2026-08-17,7.04,58.5,False
4520,605166,聚合顺,8.36,-1.65,0.71,20.88,8.503514073205,0.0946508,54.28811251,-217,4988,58.8,2026-08-17,-1.69,31.9,False
4521,605167,利柏特,14.46,-0.96,1.04,55.02,14.444766490077,0.224518,62.27936414,-1653,3467,76.0,2026-08-17,0.11,47.3,False
4522,605168,三人行,45.49,-2.51,1.66,217.99,45.136728353442,0.296472,76.43541656,7,244,78.8,2026-08-17,0.78,60.2,False
4523,605169,洪通燃气,10.37,1.47,0.79,167.14,10.160911727063,0.079396,64.9111553,-940,2701,64.8,2026-08-17,2.06,42.1,False
4524,605177,东亚药业,18.97,1.5,1.54,-15.46,18.478178879413,0.1361148,58.3107555,-1459,4440,66.0,2026-08-17,2.66,38.5,False
4525,605178,时空科技,68.65,0.54,3.22,-250.23,67.546207809837,0.4061456,59.3285754,259,4217,71.2,2026-08-17,1.63,42.2,False
4526,605179,一鸣食品,36.18,3.08,7.47,229.33,33.811312613524,0.3113604,69.18251353,2107,1438,92.0,2026-08-17,7.01,63.6,False
4527,605180,华生科技,14.04,0.57,6.68,162.76,13.548003634327,0.4706004,68.36618687,1809,1656,64.4,2026-08-17,3.63,44.0,False
4528,605183,确成股份,14.74,-0.54,0.13,19.36,14.679348269075,0.1726248,70.83576122,1353,1062,66.8,2026-08-17,0.41,47.3,False
4529,605186,健麾信息,27.56,-1.36,0.56,274.56,27.514104477612,0.2517692,65.96635161,-1150,2365,61.2,2026-08-17,0.17,40.4,False
4530,605188,国光连锁,13.21,0.84,1.08,63.13,12.917127176599,0.1063148,71.24163733,1560,961,78.8,2026-08-17,2.27,56.1,False
4531,605189,富春染织,15.61,-4.06,4.33,12.68,15.982583457615,0.1959652,65.85011411,-1604,2402,79.2,2026-08-17,-2.33,52.2,False
4532,605196,华通线缆,35.47,-1.36,1.15,70.2,35.550115802943,0.2962536,73.5475186,-119,563,80.0,2026-08-17,-0.23,58.8,False
4533,605198,安德利,68.42,0.43,0.6,78.62,67.199568439204,0.2877416,68.45729355,-1289,1628,67.2,2026-08-17,1.82,46.0,False
4534,605199,ST葫芦娃,5.92,-2.31,0.24,-20.45,6.054552580013,0.198498,51.75429608,-692,5132,71.6,2026-08-17,-2.22,37.1,False
4535,605208,永茂泰,14.98,2.53,2.56,69.19,14.347370702028,0.2606876,61.56348321,688,3659,70.8,2026-08-17,4.41,43.6,False
4536,605218,伟时电子,14.52,-1.76,0.48,-34.42,14.719609413872,0.1885156,59.72003755,-1740,4100,67.6,2026-08-17,-1.36,40.4,False
4537,605222,起帆电缆,20.62,-0.63,1.61,22.33,20.33516335157,0.2343576,69.88315008,2018,1277,67.6,2026-08-17,1.4,47.2,False
4538,605228,神通科技,11.09,-0.89,0.36,28.71,11.103092490564,0.2736464,67.38078942,977,1940,70.4,2026-08-17,-0.12,47.4,False
4539,605255,天普股份,73.25,6.01,1.02,-1031.68,68.643558737504,0.1838656,55.80328082,-386,4833,69.6,2026-08-17,6.71,38.8,False
4540,605258,协和电子,27.42,-1.9,0.81,118.01,27.644459409999,0.1124692,64.70704779,607,2753,67.2,2026-08-17,-0.81,43.5,False
4541,605259,绿田机械,18.09,-1.42,0.12,17.35,18.237537058968,0.2376488,68.82002487,-79,1523,63.2,2026-08-17,-0.81,43.5,False
4542,605266,健之佳,16.74,-0.3,0.46,17.99,16.754718430034,0.0764112,64.04398293,-631,2962,70.4,2026-08-17,-0.09,45.1,False
4543,605268,王力安防,10.16,9.96,1.75,38.81,9.23494708378,0.0959596,59.87879946,-1359,4064,63.2,2026-08-17,10.02,37.8,False
4544,605277,新亚电子,15.09,-2.9,0.75,32.98,15.447693916647,0.2529496,66.30602647,-1393,2262,72.0,2026-08-17,-2.32,47.7,False
4545,605286,同力天启,27.47,-8.89,4.7,126.86,29.489290112386,0.2081076,68.75336231,38,1542,84.8,2026-08-17,-6.85,58.3,False
4546,605287,德才股份,38.95,-1.04,1.36,40.33,39.113798744837,0.24941,64.75824132,-1723,2742,72.0,2026-08-17,-0.42,46.6,False
4547,605288,凯迪股份,61.34,-2.53,0.98,-176.61,62.525141116609,0.272298,66.38264997,-206,2233,75.2,2026-08-17,-1.9,49.9,False
4548,605289,罗曼股份,111.11,-2.1,1.05,91.11,112.107397596118,0.4162328,77.82346398,4,154,77.6,2026-08-17,-0.89,60.4,False
4549,605296,神农集团,31.11,1.34,0.38,-6.31,30.836898618448,0.2024116,64.59087764,764,2789,71.2,2026-08-17,0.89,46.0,False
4550,605298,必得科技,46.74,-0.11,0.17,284.12,46.603944408411,0.2045112,58.28811886,-1316,4447,61.2,2026-08-17,0.29,35.7,False
4551,605299,舒华体育,12.65,-1.48,1.1,55.54,12.740653056526,0.0930812,69.68165617,556,1329,74.4,2026-08-17,-0.71,51.8,False
4552,605300,佳禾食品,10.08,1.1,0.59,64.24,9.951549713673,0.1369188,67.40768524,1760,1931,68.0,2026-08-17,1.29,45.8,False
4553,605303,园林股份,21.89,-1.04,0.69,-76.19,21.811697624037,0.1973128,61.75099744,1118,3614,66.4,2026-08-17,0.36,41.0,False
4554,605305,中际联合,38.27,-1.39,0.66,15.78,38.329937275627,0.2092856,68.43031902,-49,1633,68.0,2026-08-17,-0.16,46.5,False
4555,605318,法狮龙,82.85,2.5,0.82,-2648.09,79.909369416319,0.259218,62.72573941,-457,3332,61.2,2026-08-17,3.68,38.4,False
4556,605319,无锡振华,25.18,0.6,0.28,21.86,24.984954501093,0.2179628,68.06434926,-464,1735,64.4,2026-08-17,0.78,43.8,False
4557,605333,沪光股份,16.84,-0.71,0.25,64.56,16.871340638599,0.0697656,63.2050399,-155,3203,70.8,2026-08-17,-0.19,44.7,False
4558,605336,*ST帅电,10.87,-0.91,0.59,-69.21,10.805030342368,0.230304,57.3725143,-519,4611,69.6,2026-08-17,0.6,39.9,False
4559,605337,李子园,9.81,0.51,0.96,17.88,9.741606625677,0.0914496,60.46801367,-1049,3943,78.8,2026-08-17,0.7,47.6,False
4560,605338,巴比食品,20.1,2.87,1.19,25.5,19.380983154311,0.07293,64.49442358,-819,2819,71.2,2026-08-17,3.71,45.9,False
4561,605339,南侨食品,15.01,0.07,0.5,1227.59,14.754858995262,0.2145424,67.95543903,107,1765,73.6,2026-08-17,1.73,50.0,False
4562,605358,立昂微,48.72,4.57,7.87,224.01,45.909140949165,0.3186988,72.59430893,459,714,82.0,2026-08-17,6.12,59.5,False
4563,605365,立达信,13.96,-1.34,0.36,88.13,14.017049227793,0.1149008,61.98562539,574,3544,64.8,2026-08-17,-0.41,40.2,False
4564,605366,宏柏新材,8.37,-1.53,1.52,-57.71,8.391649853584,0.2230368,55.35643555,219,4888,76.4,2026-08-17,-0.26,42.3,False
4565,605368,蓝天燃气,6.65,1.06,0.36,13.85,6.567660273,0.13061,65.73919759,585,2435,67.6,2026-08-17,1.25,44.4,True
4566,605369,拱东医疗,17.17,-0.46,0.29,29.49,17.072856065354,0.1002912,65.80145928,883,2417,64.0,2026-08-17,0.57,42.1,False
4567,605376,博迁新材,171.57,-2.33,3.35,156.66,172.835164886774,0.4323124,77.9589134,179,145,90.0,2026-08-17,-0.73,70.2,False
4568,605377,华旺科技,9.0,-2.07,0.5,19.25,9.087122827945,0.1855196,67.73990051,1514,1823,65.6,2026-08-17,-0.96,44.4,False
4569,605378,野马电池,14.24,-1.04,0.49,-126.74,14.268213083658,0.051872,58.75629,311,4343,68.8,2026-08-17,-0.2,40.4,False
4570,605388,均瑶健康,6.3,0.32,2.64,109.15,6.194306906489,0.1310036,59.1640795,137,4261,80.4,2026-08-17,1.71,47.6,False
4571,605389,长龄液压,75.11,-1.42,0.3,93.15,75.149736861611,0.2071596,63.52285379,-299,3116,62.8,2026-08-17,-0.05,39.9,False
4572,605398,XD新炬网,20.42,-2.76,0.62,265.04,20.858446278389,0.0853136,60.58538592,-2039,3921,72.4,2026-08-17,-2.1,43.9,False
4573,605399,晨光新材,10.98,-0.99,0.63,-44.17,11.027648496965,0.0617608,53.75776191,113,5035,69.2,2026-08-17,-0.43,37.2,False
4574,605488,福莱新材,30.31,-1.91,1.03,120.68,30.668764450366,0.2202652,71.68668336,1098,867,79.6,2026-08-17,-1.17,57.1,False
4575,605499,东鹏饮料,122.78,-0.56,0.56,15.72,122.682589425621,0.3137004,75.51845301,258,333,87.2,2026-08-17,0.08,65.9,False
4576,605500,森林包装,7.01,0.0,0.33,-246.82,6.987219677749,0.055816,59.1450527,792,4267,61.6,2026-08-17,0.33,36.4,False
4577,605507,国邦医药,15.68,0.64,0.36,17.97,15.510110925605,0.1481124,67.77520765,-1067,1813,67.6,2026-08-17,1.1,45.8,False
4578,605555,德昌股份,12.18,-0.57,0.35,116.42,12.100806361907,0.3055424,66.87010487,2209,2093,65.2,2026-08-17,0.65,43.6,False
4579,605566,福莱蒽特,27.32,1.04,1.23,36.35,26.814080806365,0.1137248,61.85034572,-56,3585,58.8,2026-08-17,1.89,36.4,False
4580,605567,春雪食品,9.16,0.0,0.64,53.24,9.112495649117,0.0673032,59.63778706,444,4125,67.6,2026-08-17,0.52,40.3,False
4581,605577,龙版传媒,10.76,10.02,2.45,9.7,9.701976430454,0.10011,59.35728084,-82,4203,71.6,2026-08-17,10.91,42.5,False
4582,605580,恒盛能源,18.53,-2.37,0.86,26.69,18.765435307199,0.1564924,70.03115095,1236,1236,66.8,2026-08-17,-1.25,46.8,False
4583,605588,冠石科技,48.8,-1.69,0.86,-40.76,48.650007220796,0.1835768,58.94265594,441,4300,70.0,2026-08-17,0.31,41.3,False
4584,605589,圣泉集团,42.47,-3.48,3.74,40.17,42.70597888314,0.368746,79.87222805,11,57,82.8,2026-08-17,-0.55,66.1,False
4585,605598,上海港湾,28.78,-1.64,0.59,438.04,28.558561642774,0.120646,66.55547235,2009,2178,69.2,2026-08-17,0.78,46.1,False
4586,605599,菜百股份,15.99,0.82,0.44,7.8,15.812385675242,0.1417588,76.84335988,782,214,72.4,2026-08-17,1.12,55.6,False
4587,688001,华兴源创,57.5,2.53,2.24,2321.73,54.361578115465,0.339392,71.22482414,377,964,65.2,2026-08-17,5.77,46.4,False
4588,688002,睿创微纳,171.35,1.52,2.6,31.67,167.614251488738,0.3681108,79.46911948,55,75,80.4,2026-08-17,2.23,63.9,False
4589,688003,天准科技,89.26,-5.84,3.18,925.84,90.132370244677,0.3895488,77.01838176,741,199,70.0,2026-08-17,-0.97,53.9,False
4590,688004,博汇科技,23.32,-3.64,2.53,-59.33,24.050662447893,0.2996656,62.69862974,195,3339,66.8,2026-08-17,-3.04,41.9,False
4591,688005,容百科技,27.68,0.0,0.9,90.41,27.336763277317,0.316536,63.57941148,1242,3100,75.6,2026-08-17,1.26,48.1,False
4592,688006,杭可科技,24.3,6.39,3.14,28.63,22.454218114305,0.22195,64.66873585,-649,2765,65.6,2026-08-17,8.22,42.4,False
4593,688007,光峰科技,10.91,-2.15,0.61,-33.63,11.038872951429,0.2817008,54.57180202,57,4974,64.8,2026-08-17,-1.17,35.4,False
4594,688008,澜起科技,217.25,-3.17,2.32,78.23,218.741375167737,0.5960004,81.10198752,442,34,92.0,2026-08-17,-0.68,74.6,False
4595,688009,中国通号,4.9,-0.2,0.11,24.88,4.8787671328,0.3449212,71.18826057,-75,973,71.2,2026-08-17,0.44,50.7,False
4596,688010,福光股份,27.63,-2.37,1.01,-61.4,27.778624541581,0.258398,58.76988811,-1387,4341,60.8,2026-08-17,-0.54,35.7,False
4597,688011,新光光电,87.55,-0.88,1.17,-141.37,84.975838137555,0.3643888,63.13306024,1647,3228,66.4,2026-08-17,3.03,41.9,False
4598,688012,中微公司,384.88,-0.76,1.03,99.05,383.025069775534,0.5753468,82.11876181,300,22,94.0,2026-08-17,0.48,77.2,False
4599,688013,天臣医疗,25.98,-2.55,1.08,54.38,26.283828698498,0.129078,64.55641466,-33,2805,63.6,2026-08-17,-1.16,41.1,False
4600,688015,交控科技,15.8,-2.23,0.39,45.65,16.001778264907,0.1555612,65.28835972,1452,2594,62.8,2026-08-17,-1.26,41.0,False
4601,688016,心脉医疗,92.27,-0.58,0.47,18.36,92.226963078026,0.3004996,67.94268258,-712,1770,69.6,2026-08-17,0.05,47.3,False
4602,688017,绿的谐波,379.67,4.83,5.7,533.22,355.269136004236,0.5159712,70.39921444,1472,1150,91.6,2026-08-17,6.87,64.5,False
4603,688018,乐鑫科技,112.89,-1.32,1.05,39.58,113.303346151635,0.3245412,74.33182821,-247,469,80.0,2026-08-17,-0.36,59.5,False
4604,688019,安集科技,261.18,-0.28,1.71,71.8,256.419266244345,0.4792612,79.78246886,20,60,84.4,2026-08-17,1.86,67.3,False
4605,688020,方邦股份,145.98,-4.39,3.41,-173.7,149.596767262287,0.481376,66.4810776,-757,2196,69.2,2026-08-17,-2.42,46.0,False
4606,688021,奥福科技,21.11,-1.81,0.57,36.9,21.182182366428,0.106388,66.89899882,1503,2079,60.8,2026-08-17,-0.34,40.7,False
4607,688022,ST瀚川,8.31,-2.92,0.63,-270.89,8.581082506019,0.1935508,57.21328051,12,4640,62.0,2026-08-17,-3.16,35.5,False
4608,688023,安恒信息,39.13,-2.42,1.06,-8.76,39.477262212472,0.3409472,66.93892545,-970,2068,70.8,2026-08-17,-0.88,47.4,False
4609,688025,杰普特,410.78,-1.02,2.46,99.93,411.856585449213,0.5654608,78.11453173,-110,134,75.6,2026-08-17,-0.26,59.1,False
4610,688026,洁特生物,16.76,-1.64,3.21,-139.26,17.252318350537,0.1898844,54.21698792,-289,4996,67.6,2026-08-17,-2.85,36.7,False
4611,688027,国盾量子,409.77,-2.15,0.91,-554.2,413.757062800918,0.406214,66.19103215,1401,2291,81.6,2026-08-17,-0.96,54.0,False
4612,688028,沃尔德,95.15,-0.94,2.38,126.66,94.579975030578,0.4096592,73.50458838,444,574,71.2,2026-08-17,0.6,52.3,False
4613,688029,南微医学,72.78,-0.53,0.38,23.34,72.744465772,0.2710964,70.58924759,-625,1115,68.8,2026-08-17,0.05,48.6,False
4614,688030,山石网科,17.02,-1.1,0.89,-22.24,17.05056400959,0.1776256,57.6341075,-1070,4566,64.8,2026-08-17,-0.18,37.3,False
4615,688031,星环科技-U,114.29,-5.42,3.34,-61.81,117.044939904536,0.381522,70.05593988,-25,1230,68.8,2026-08-17,-2.35,48.2,False
4616,688032,禾迈股份,77.51,-1.51,0.37,-38.66,78.081718700167,0.1693232,56.70508189,106,4716,68.0,2026-08-17,-0.73,38.6,False
4617,688033,*ST天宜,6.14,0.82,0.66,-10.13,6.062888357391,0.3054228,50.74806704,-31,5159,61.2,2026-08-17,1.27,31.1,False
4618,688035,德邦科技,70.87,-5.7,6.03,74.06,73.769715514932,0.4413172,78.84494437,116,103,71.6,2026-08-17,-3.93,56.5,False
4619,688036,传音控股,56.09,1.25,0.85,18.21,54.865330466387,0.358478,74.74846101,1019,429,74.0,2026-08-17,2.23,55.3,False
4620,688037,芯源微,351.5,1.58,1.41,5052.95,341.737862731694,0.4499296,73.33808628,100,590,85.2,2026-08-17,2.86,62.5,False
4621,688038,中科通达,19.09,1.76,1.1,-239.75,18.415412204994,0.2097644,63.06749297,1749,3239,62.0,2026-08-17,3.66,39.1,False
4622,688039,当虹科技,34.82,-3.33,0.76,-63.28,35.571082545834,0.1776856,54.95573866,-222,4936,67.2,2026-08-17,-2.11,36.9,False
4623,688041,海光信息,277.5,-3.91,0.6,179.32,284.220167299833,0.5092124,78.89201645,337,102,90.4,2026-08-17,-2.36,71.3,False
4624,688045,必易微,65.4,2.4,3.3,61.38,62.801590296418,0.1844772,67.00448042,-1310,2053,65.6,2026-08-17,4.14,44.0,False
4625,688046,药康生物,39.06,-2.79,2.1,85.03,39.841456875796,0.3056776,71.05668978,-606,999,77.2,2026-08-17,-1.96,54.9,False
4626,688047,龙芯中科,111.28,-2.03,0.49,-97.88,112.322394349041,0.3267144,62.52806155,1329,3401,80.4,2026-08-17,-0.93,50.3,False
4627,688048,长光华芯,330.5,-0.71,2.46,3251.41,325.21983545542,0.5660808,67.81661361,800,1804,83.6,2026-08-17,1.62,56.7,False
4628,688049,炬芯科技,41.68,-2.16,1.94,37.66,41.890235607152,0.3354092,68.50485443,76,1615,72.4,2026-08-17,-0.5,49.6,False
4629,688050,爱博医疗,41.57,0.27,1.17,22.52,41.405423711366,0.293546,71.56786323,-621,894,69.2,2026-08-17,0.4,49.5,False
4630,688051,佳华科技,24.6,-3.07,0.66,-23.43,25.125888339118,0.0816772,61.2203877,1192,3741,62.0,2026-08-17,-2.09,38.0,False
4631,688052,纳芯微,237.94,-2.48,0.71,-272.16,241.630513099773,0.3648848,67.6405807,-1417,1858,73.2,2026-08-17,-1.53,49.5,False
4632,688053,ST思科瑞,34.67,-1.23,0.18,-249.67,34.841132410419,0.269468,60.65999878,-255,3901,61.2,2026-08-17,-0.49,37.1,False
4633,688055,龙腾光电,3.94,-1.25,0.21,-47.12,3.936098892899,0.2288564,57.24151751,-780,4636,59.6,2026-08-17,0.1,34.1,False
4634,688056,莱伯泰科,45.13,-2.9,0.99,115.09,45.217386386603,0.3248296,68.57919129,1396,1598,57.6,2026-08-17,-0.19,39.5,False
4635,688057,金达莱,18.68,0.11,0.92,95.57,18.48899714608,0.2344036,66.96192805,1821,2064,66.0,2026-08-17,1.03,44.2,False
4636,688058,宝兰德,22.82,-2.56,0.43,-12.54,23.320971843931,0.0642464,57.6622411,-1345,4562,65.2,2026-08-17,-2.15,37.6,False
4637,688059,华锐精密,95.53,-1.6,2.28,28.11,94.89407924477,0.3888452,77.92257004,286,147,71.2,2026-08-17,0.67,55.5,False
4638,688060,云涌科技,34.74,-1.33,0.28,-52.3,35.142316850287,0.065174,58.42541137,354,4414,62.0,2026-08-17,-1.14,36.2,False
4639,688061,灿瑞科技,39.5,-3.59,1.2,-54.03,39.777911511293,0.179674,64.76566202,1985,2738,60.8,2026-08-17,-0.7,39.4,False
4640,688062,迈威生物-U,33.12,-2.01,2.25,-15.29,33.541911436272,0.2105924,60.7870258,-1449,3876,70.8,2026-08-17,-1.26,43.0,False
4641,688063,派能科技,45.18,-1.87,0.97,124.34,45.391060172075,0.2526204,59.66695311,59,4117,71.2,2026-08-17,-0.46,42.5,False
4642,688065,凯赛生物,46.92,0.58,0.47,51.06,46.301616739136,0.297372,66.43043346,-623,2218,70.4,2026-08-17,1.34,46.8,False
4643,688066,*ST航图,9.3,-3.63,1.87,-5.66,9.277522778189,0.2947404,61.28177067,1262,3723,67.2,2026-08-17,0.24,41.2,False
4644,688067,爱威科技,22.75,-1.34,0.66,52.08,22.936455014302,0.0859296,64.33601698,-826,2872,63.2,2026-08-17,-0.81,40.7,False
4645,688068,热景生物,111.16,-3.91,2.35,-37.87,113.408949369227,0.3550504,63.40232778,-1110,3147,72.4,2026-08-17,-1.98,45.9,False
4646,688069,德林海,31.65,-0.47,1.42,-173.76,31.276789066854,0.4367388,57.16676731,-382,4650,58.4,2026-08-17,1.19,33.4,False
4647,688070,纵横股份,35.77,-2.69,1.08,-43.06,35.637425125602,0.2281756,62.88421071,1193,3290,65.2,2026-08-17,0.37,41.0,False
4648,688071,华依科技,36.77,1.07,2.2,576.98,35.901307021798,0.2608908,58.42301737,-844,4415,66.4,2026-08-17,2.42,38.8,False
4649,688072,拓荆科技,732.55,1.88,1.43,93.29,708.242646381835,0.580055666667,79.03826472,502,95,87.2,2026-08-17,3.43,68.9,False
4650,688073,毕得医药,79.55,-2.8,3.83,38.6,81.151254124373,0.2907048,69.82510175,-544,1291,74.8,2026-08-17,-1.97,52.2,False
4651,688075,安旭生物,29.74,-1.85,0.31,-91.2,29.990929218362,0.2250676,60.14635367,926,4026,63.2,2026-08-17,-0.84,38.0,False
4652,688076,ST诺泰,27.49,-1.5,0.29,16.82,27.954126170063,0.3636472,65.17427402,-1473,2627,67.2,2026-08-17,-1.66,43.8,False
4653,688077,大地熊,30.99,11.27,4.39,51.44,27.454870894909,0.196192,65.38682912,-469,2557,65.2,2026-08-17,12.88,42.6,False
4654,688078,龙软科技,22.56,-2.34,0.41,-55.26,22.936551249656,0.0960772,55.49812297,-579,4868,63.2,2026-08-17,-1.64,35.1,False
4655,688079,美迪凯,16.87,-1.63,2.47,-41.85,16.798104204196,0.2925712,63.66164908,1038,3072,60.8,2026-08-17,0.43,38.7,False
4656,688080,映翰通,36.59,-2.58,0.87,72.51,37.311469827046,0.1727336,66.69653907,615,2141,62.8,2026-08-17,-1.93,41.9,False
4657,688081,兴图新科,29.52,-4.31,0.84,-251.13,30.275908150592,0.1412804,56.96461406,-1245,4683,60.4,2026-08-17,-2.5,34.4,False
4658,688082,盛美上海,328.73,3.21,1.15,80.21,313.394986071089,0.427502,76.8091181,756,217,84.4,2026-08-17,4.89,64.8,False
4659,688083,中望软件,54.54,-0.62,1.54,-268.15,52.582125999535,0.2967124,72.34364656,-21,766,67.2,2026-08-17,3.72,48.6,False
4660,688084,晶品特装,46.77,-0.13,0.99,-421.36,46.613529673787,0.1954484,62.2090414,-740,3485,66.0,2026-08-17,0.34,41.1,False
4661,688085,三友医疗,13.28,-2.57,0.56,172.59,13.532828645851,0.1470632,60.44546457,-461,3948,66.4,2026-08-17,-1.87,40.1,False
4662,688087,英科再生,40.31,3.17,0.27,38.13,38.690957089998,0.2479408,76.68812082,236,224,61.6,2026-08-17,4.18,47.2,False
4663,688088,虹软科技,32.77,-2.67,0.78,60.77,33.160264814482,0.2465316,67.28349143,-1259,1971,72.8,2026-08-17,-1.18,49.0,False
4664,688089,ST嘉必优,7.58,-1.81,0.51,-7.24,7.673309404135,0.220531176471,61.5243947,925,3671,62.8,2026-08-17,-1.22,38.6,False
4665,688090,瑞松科技,73.07,-2.38,2.0,140.87,73.852658419664,0.4472244,69.74809707,-343,1311,64.8,2026-08-17,-1.06,45.2,False
4666,688091,上海谊众,41.46,-1.05,0.93,117.93,41.096951075989,0.3015476,61.11177738,-217,3771,64.0,2026-08-17,0.88,39.1,False
4667,688092,爱科科技,22.69,-1.09,0.55,79.5,22.777982157366,0.1784808,64.28899538,386,2879,61.2,2026-08-17,-0.39,39.3,False
4668,688093,世华科技,26.66,-2.45,0.52,21.89,27.110839422,0.3155312,73.00860553,388,650,62.0,2026-08-17,-1.66,45.3,False
4669,688095,福昕软件,62.72,-4.54,2.36,127.15,64.557043750816,0.2625856,64.93650822,-906,2694,72.0,2026-08-17,-2.85,46.8,False
4670,688096,京源环保,8.8,-1.46,0.86,-110.5,8.810614760227,0.1783928,51.87981127,-190,5128,60.4,2026-08-17,-0.12,31.3,False
4671,688097,博众精工,49.5,0.1,1.76,194.08,47.556780590197,0.3711548,77.37897195,1038,171,65.2,2026-08-17,4.09,50.5,False
4672,688098,申联生物,8.42,-0.36,0.64,-499.38,8.474998274688,0.1629632,56.90155739,-1785,4696,63.2,2026-08-17,-0.65,36.0,False
4673,688099,晶晨股份,96.77,-3.44,1.53,59.13,98.299582072447,0.3595708,76.26026068,931,262,78.0,2026-08-17,-1.56,59.5,False
4674,688100,威胜信息,26.42,-1.53,0.97,32.1,25.913236188232,0.2910756,69.27790642,577,1420,64.8,2026-08-17,1.96,44.9,False
4675,688101,三达膜,15.45,-1.47,0.3,13.02,15.542774820128,0.2394628,70.07940025,1457,1226,61.2,2026-08-17,-0.6,42.9,False
4676,688102,斯瑞新材,40.0,0.03,1.46,181.32,39.339841855534,0.4321468,75.76724604,184,312,78.4,2026-08-17,1.68,59.4,False
4677,688103,国力电子,76.76,-3.66,1.37,272.01,79.133750295552,0.3456296,73.52078749,1131,570,64.0,2026-08-17,-3.0,47.1,False
4678,688105,诺唯赞,23.0,-2.29,1.54,710.88,23.92407706365,0.392612,61.63926766,-1353,3646,74.0,2026-08-17,-3.86,45.6,False
4679,688106,金宏气体,29.93,-2.57,2.76,824.19,30.156413408717,0.3750792,67.61982705,-146,1864,73.2,2026-08-17,-0.75,49.5,False
4680,688107,安路科技,33.23,-1.22,0.87,-81.6,32.962066314152,0.223976,56.91765469,151,4691,66.0,2026-08-17,0.81,37.6,False
4681,688108,赛诺医疗,18.8,-2.13,1.32,80.3,18.936317639463,0.3021628,71.36976649,-606,938,68.8,2026-08-17,-0.72,49.1,False
4682,688109,品茗科技,75.61,-0.12,0.9,-107.78,74.949095262347,0.2055676,58.28596743,-852,4448,62.0,2026-08-17,0.88,36.1,False
4683,688110,东芯股份,123.33,-2.11,2.42,98.63,122.150911157418,0.45116,70.17718549,81,1204,82.4,2026-08-17,0.97,57.8,False
4684,688111,金山办公,253.43,-0.79,0.71,13.39,253.168045274842,0.4945136,75.16346273,-107,376,88.8,2026-08-17,0.1,66.7,False
4685,688112,鼎阳科技,69.83,20.0,2.85,60.71,55.867092952597,0.2838592,75.63599011,215,324,60.4,2026-08-17,24.99,45.7,False
4686,688113,联测科技,35.99,-2.44,0.45,20.4,36.618244429926,0.160382,68.04049764,1586,1738,61.6,2026-08-17,-1.72,41.9,False
4687,688114,华大智造,62.52,-3.2,1.28,-61.89,64.914511666462,0.2618024,63.98154929,-971,2983,74.8,2026-08-17,-3.69,47.9,False
4688,688115,思林杰,71.67,-0.13,1.53,317.33,70.042545812523,0.3644308,63.58940457,-1945,3096,70.0,2026-08-17,2.32,44.5,False
4689,688116,天奈科技,32.74,-2.27,0.77,53.2,32.990687137207,0.259278,61.19724967,146,3744,69.6,2026-08-17,-0.76,42.6,False
4690,688117,圣诺生物,26.9,-0.48,2.34,22.33,26.896670369994,0.289236,65.0986942,-935,2646,68.8,2026-08-17,0.01,44.8,False
4691,688118,普元信息,20.71,-2.77,1.27,-16.92,20.903815646623,0.1439708,63.46912928,-41,3128,67.6,2026-08-17,-0.93,42.9,False
4692,688119,中钢洛耐,4.0,-2.2,0.4,394.81,4.050107820507,0.2008284,56.77817254,253,4708,61.6,2026-08-17,-1.24,35.0,False
4693,688120,华海清科,275.59,-0.67,1.01,138.26,269.725438193759,0.4766932,75.18852529,462,370,85.2,2026-08-17,2.17,64.1,False
4694,688121,*ST卓然,2.13,0.0,1.55,-2.85,2.133349898134,0.177653225806,50.68435504,14,5161,62.8,2026-08-17,-0.16,31.8,False
4695,688122,西部超导,50.92,-2.75,0.88,188.66,51.943523244771,0.312792,61.46316238,-158,3684,81.6,2026-08-17,-1.97,50.2,False
4696,688123,聚辰股份,147.03,1.26,5.57,22.24,143.142900835298,0.459356,71.07832309,-886,994,77.6,2026-08-17,2.72,55.2,False
4697,688125,安达智能,133.33,0.25,0.74,-87.88,128.693411480709,0.3365644,67.06690825,958,2035,62.0,2026-08-17,3.6,41.6,False
4698,688126,沪硅产业,27.75,3.54,4.02,-47.46,26.624173081103,0.4471616,63.66102488,1449,3073,81.2,2026-08-17,4.23,51.7,False
4699,688127,蓝特光学,69.66,-1.44,0.96,54.56,69.843971620444,0.2724716,74.03218226,-131,504,68.0,2026-08-17,-0.26,50.3,False
4700,688128,中国电研,22.4,-1.28,0.15,16.91,22.478142299809,0.1460436,68.45983482,277,1626,64.0,2026-08-17,-0.35,43.8,False
4701,688129,东来技术,21.16,-1.95,0.31,27.89,21.143401272731,0.1358616,61.86254016,408,3579,60.0,2026-08-17,0.08,37.1,False
4702,688130,晶华微,25.18,-1.91,2.49,-753.71,25.263582058734,0.1759916,60.5631091,-1136,3925,71.2,2026-08-17,-0.33,43.1,False
4703,688131,皓元医药,98.51,-1.9,1.74,77.41,99.670069760067,0.340448,71.35311122,-124,944,75.6,2026-08-17,-1.16,53.9,False
4704,688132,邦彦技术,13.43,-2.61,0.23,-11.78,13.604679620911,0.0617616,54.25836318,174,4990,62.8,2026-08-17,-1.28,34.1,False
4705,688133,泰坦科技,23.79,-0.5,1.82,-30.2,23.842574635927,0.3118992,54.19464155,-1433,4999,64.8,2026-08-17,-0.22,35.1,False
4706,688135,利扬芯片,26.64,-2.35,2.31,454.13,26.929325892724,0.2477256,62.0682416,-432,3523,72.0,2026-08-17,-1.07,44.7,False
4707,688136,科兴制药,20.56,-0.96,1.02,-57.88,20.588826583523,0.14753,60.25033398,-1819,3995,67.6,2026-08-17,-0.14,40.7,False
4708,688137,近岸蛋白,61.57,-10.02,7.55,-101.49,66.087207288003,0.3373208,62.19957268,-2902,3488,74.4,2026-08-17,-6.84,46.3,False
4709,688138,清溢光电,34.82,-1.64,1.32,49.2,34.898985799009,0.3370948,72.08018594,572,806,70.8,2026-08-17,-0.23,51.0,False
4710,688139,海尔生物,28.72,-1.07,0.38,28.6,28.719513890657,0.2641528,69.74888853,1291,1310,67.2,2026-08-17,0.0,46.9,False
4711,688141,杰华特,138.0,-1.29,1.87,-56.25,134.869967872696,0.4635124,57.87095475,-2570,4530,74.8,2026-08-17,2.32,43.3,False
4712,688143,长盈通,145.71,-5.38,9.81,795.28,142.673432876952,0.561011698113,70.49116995,-628,1132,79.6,2026-08-17,2.13,56.1,False
4713,688146,中船特气,292.33,-5.73,9.02,222.43,301.048735367034,0.527527358491,68.40884748,-837,1642,88.0,2026-08-17,-2.9,60.2,False
4714,688147,微导纳米,122.25,-5.74,1.6,675.39,125.403828703416,0.4518072,73.21362832,-312,612,76.8,2026-08-17,-2.51,56.2,False
4715,688148,芳源股份,6.64,-2.5,1.98,37.55,6.705273694237,0.1778784,57.36117065,-1279,4613,64.4,2026-08-17,-0.97,36.9,False
4716,688150,莱特光电,42.1,-0.75,1.09,92.12,41.711711999722,0.3410248,72.96238668,814,659,65.2,2026-08-17,0.93,47.6,False
4717,688151,华强科技,16.53,-2.25,0.59,222.18,16.782593745317,0.2670184,69.18885049,1258,1434,70.4,2026-08-17,-1.51,48.7,False
4718,688152,麒麟信安,28.31,-2.88,0.52,-83.59,28.684011224445,0.1532524,61.18586106,1151,3748,62.8,2026-08-17,-1.3,38.4,False
4719,688153,唯捷创芯,26.47,-2.58,0.4,-59.16,26.880492595457,0.17252,60.98003864,282,3815,66.0,2026-08-17,-1.53,40.2,False
4720,688155,先惠技术,61.3,-1.64,0.63,12.71,61.559930025591,0.283756,64.49266189,80,2820,64.4,2026-08-17,-0.42,41.5,False
4721,688156,路德科技,20.36,-0.59,1.36,114.86,20.287137718819,0.1161976,58.09509679,-255,4488,60.8,2026-08-17,0.36,35.3,False
4722,688157,松井股份,18.84,-1.93,0.63,-129.29,19.098456036154,0.130098,56.71981972,169,4715,63.2,2026-08-17,-1.35,35.8,False
4723,688158,优刻得-W,34.82,-4.18,4.36,1463.27,35.52069883358,0.3694576,72.20623455,-184,792,83.6,2026-08-17,-1.97,60.4,False
4724,688159,有方科技,34.29,-3.87,2.59,28.61,34.95811471766,0.2422508,70.04651082,2218,1233,63.2,2026-08-17,-1.91,44.3,False
4725,688160,步科股份,116.3,4.14,2.19,199.2,109.944800895858,0.3343064,66.01606918,397,2347,71.6,2026-08-17,5.78,47.3,False
4726,688161,威高骨科,22.09,-1.65,0.15,49.94,22.364766573451,0.1847628,63.69106301,-1650,3056,64.0,2026-08-17,-1.23,40.8,False
4727,688162,巨一科技,22.99,-2.67,0.3,37.98,23.39063667465,0.1073804,62.16349182,374,3501,62.4,2026-08-17,-1.71,38.8,False
4728,688163,赛伦生物,35.19,1.71,0.9,1678.61,33.762098492495,0.2385456,60.76625201,-1025,3878,58.4,2026-08-17,4.23,35.5,False
4729,688165,埃夫特-U,17.73,0.28,0.94,-236.34,17.448044726337,0.2117192,56.1912013,246,4781,69.2,2026-08-17,1.62,38.9,False
4730,688166,博瑞医药,38.77,-1.97,2.23,454.49,39.464696552343,0.3368164,65.64124646,-1160,2473,76.0,2026-08-17,-1.76,49.9,False
4731,688167,炬光科技,283.91,-2.5,5.63,-274.79,284.508510380526,0.5462608,70.59259928,-508,1113,85.6,2026-08-17,-0.21,60.4,False
4732,688168,安博通,38.16,-4.81,2.1,85.21,38.981602885628,0.2645144,64.67866539,806,2761,64.8,2026-08-17,-2.11,41.9,False
4733,688169,石头科技,118.46,4.61,2.31,23.78,110.903596180019,0.3502216,71.3941962,441,932,77.2,2026-08-17,6.81,55.1,False
4734,688170,德龙激光,56.05,-1.75,2.39,-56.73,56.343973194113,0.354272,72.13527753,179,804,70.4,2026-08-17,-0.52,50.8,False
4735,688171,纬德信息,27.78,-2.53,0.68,-5446.15,27.879651301949,0.1804832,67.70010318,1404,1838,64.0,2026-08-17,-0.36,43.3,False
4736,688172,燕东微,57.3,-2.98,0.45,-78.95,58.190260146569,0.2772868,57.32984293,222,4623,67.2,2026-08-17,-1.53,38.5,False
4737,688173,希荻微,14.12,-1.88,1.2,-191.86,14.210603019032,0.214472,60.647371,-466,3903,64.4,2026-08-17,-0.64,39.1,False
4738,688175,高凌信息,19.41,-2.56,0.81,206.62,19.667733888655,0.097482,59.42063619,-77,4183,61.6,2026-08-17,-1.31,36.6,False
4739,688176,亚虹医药-U,12.81,-0.93,1.13,-16.3,12.767895857572,0.2323652,58.34447792,-1980,4433,63.6,2026-08-17,0.33,37.1,False
4740,688177,百奥泰,20.86,-4.31,0.94,-14.22,21.43308459836,0.200314,61.83558961,-2544,3592,69.2,2026-08-17,-2.67,42.8,False
4741,688178,万德斯,29.74,-2.07,1.07,55.63,29.34974159732,0.3088012,61.42397101,1236,3693,60.0,2026-08-17,1.33,36.9,False
4742,688179,阿拉丁,23.41,-1.97,2.45,72.82,23.547912331538,0.3048444,66.73431513,-1803,2133,70.8,2026-08-17,-0.59,47.2,False
4743,688180,君实生物-U,38.59,-1.68,1.88,-481.67,39.118392055317,0.331818,68.84975347,416,1517,78.8,2026-08-17,-1.35,54.3,False
4744,688181,八亿时空,40.82,-0.92,3.6,62.13,40.71551863912,0.3458408,68.6132281,-1140,1588,66.4,2026-08-17,0.26,45.6,False
4745,688182,灿勤科技,30.78,4.37,2.74,109.48,28.996906996324,0.2431708,68.63665332,1116,1582,66.8,2026-08-17,6.15,45.8,False
4746,688183,生益电子,113.61,-3.95,0.99,42.84,115.870672964906,0.4797192,78.36985009,-68,121,79.2,2026-08-17,-1.95,62.1,False
4747,688184,ST帕瓦,11.26,-2.34,0.15,19.58,11.339505556765,0.1870704,53.94351108,24,5019,60.4,2026-08-17,-0.7,32.6,False
4748,688185,康希诺,56.24,-2.93,1.65,-85.92,58.052797560502,0.3404464,68.80314474,1739,1528,73.2,2026-08-17,-3.12,50.4,False
4749,688186,广大特材,14.32,-1.31,0.61,190.67,14.460062612839,0.2984596,60.10403544,-112,4032,64.8,2026-08-17,-0.97,38.9,False
4750,688187,时代电气,48.55,-1.1,0.33,25.11,48.9725956141,0.3422296,67.6876436,-406,1840,73.2,2026-08-17,-0.86,49.5,False
4751,688188,柏楚电子,106.61,3.61,0.72,27.46,101.588607610383,0.29486,73.51374277,46,572,68.4,2026-08-17,4.94,50.3,False
4752,688189,ST南新,6.74,-2.74,1.18,-34.71,6.854927416658,0.268444313725,55.35939468,183,4887,61.2,2026-08-17,-1.68,33.9,False
4753,688190,云路股份,76.63,-1.54,0.26,37.13,77.463422635676,0.2522064,65.04718516,-1054,2662,64.8,2026-08-17,-1.08,42.2,False
4754,688191,智洋创新,22.72,-4.14,1.24,-166.67,23.534027837902,0.35065,70.80641155,-592,1071,68.4,2026-08-17,-3.46,48.4,False
4755,688192,迪哲医药-U,61.53,0.33,1.0,-74.88,61.293144661228,0.3159304,59.25227923,-1041,4231,67.2,2026-08-17,0.39,39.8,False
4756,688193,仁度生物,48.34,-2.48,0.53,96.94,49.409921609048,0.098322,60.96515604,1199,3823,62.4,2026-08-17,-2.17,38.0,False
4757,688195,腾景科技,171.65,2.18,4.93,538.39,165.27481802232,0.391682,70.75750846,-402,1080,81.2,2026-08-17,3.86,57.5,False
4758,688196,卓越新能,36.08,1.72,1.48,38.08,35.141038763366,0.1776688,66.20701847,335,2285,64.0,2026-08-17,2.67,42.4,False
4759,688197,首药控股-U,36.55,-2.01,1.82,-90.05,37.144182555093,0.2065464,57.0911648,-1775,4665,63.2,2026-08-17,-1.6,36.1,False
4760,688198,佰仁医疗,79.33,-0.96,0.29,66.03,79.623643351362,0.3036016,67.13590804,-634,2016,64.0,2026-08-17,-0.37,43.0,False
4761,688199,久日新材,23.93,-0.79,1.44,94.7,23.787613901297,0.2610544,59.87907785,-443,4063,64.8,2026-08-17,0.6,38.8,False
4762,688200,华峰测控,429.88,-1.65,0.73,229.07,426.258830889134,0.4625772,74.78109019,289,422,79.2,2026-08-17,0.85,59.2,False
4763,688201,ST信安,7.16,-1.51,0.25,-39.58,7.22987027918,0.1781692,60.91641492,-636,3840,60.8,2026-08-17,-0.97,37.0,False
4764,688202,美迪西,107.37,0.01,3.91,230.95,106.552632807189,0.2921188,61.16385788,-932,3753,80.4,2026-08-17,0.77,49.2,True
4765,688203,海正生材,12.15,1.59,1.75,588.61,12.175712280509,0.198592,64.92347185,-514,2698,68.0,2026-08-17,-0.21,44.1,False
4766,688205,德科立,168.14,2.92,6.29,136.25,161.75788303648,0.4096412,75.62147462,868,327,75.2,2026-08-17,3.95,56.9,False
4767,688206,概伦电子,40.7,-2.09,1.38,-417.25,39.864258780418,0.3238536,69.43475147,1774,1384,69.2,2026-08-17,2.1,48.0,False
4768,688207,格灵深瞳,20.73,-4.03,2.46,-32.96,20.90437157158,0.3349448,68.33712817,-91,1663,64.0,2026-08-17,-0.83,43.7,False
4769,688208,道通科技,26.42,-1.56,1.1,22.74,26.580923188163,0.2943488,68.65605166,436,1571,69.6,2026-08-17,-0.61,47.8,False
4770,688209,英集芯,22.68,-2.95,0.88,54.5,22.821841315317,0.2968944,65.51174858,-557,2523,64.4,2026-08-17,-0.62,42.2,False
4771,688210,统联精密,31.02,-5.54,2.04,-63.34,31.416148601731,0.2806032,69.91863436,216,1265,63.2,2026-08-17,-1.26,44.2,False
4772,688211,中科微至,31.8,0.47,0.24,352.8,31.516976081515,0.166668,60.68191898,602,3897,61.6,2026-08-17,0.9,37.4,False
4773,688212,澳华内镜,31.0,-2.73,1.63,-42.71,31.940291737834,0.2682788,65.17431158,-2216,2626,68.0,2026-08-17,-2.94,44.3,False
4774,688213,思特威-W,98.87,-2.47,1.07,42.0,100.509659550647,0.3620552,73.34701279,188,589,72.4,2026-08-17,-1.63,53.1,False
4775,688215,瑞晟智能,45.99,1.3,0.41,116.74,44.82812312619,0.2434284,70.19095291,343,1200,62.8,2026-08-17,2.59,44.1,False
4776,688216,气派科技,32.66,-2.51,1.87,-250.79,32.621749739811,0.2360388,64.44543607,-68,2841,62.4,2026-08-17,0.12,40.2,False
4777,688217,睿昂基因,23.83,-4.07,1.09,-66.78,24.354455475322,0.1520216,55.93529159,-1898,4817,63.6,2026-08-17,-2.15,35.6,False
4778,688218,江苏北人,45.68,-0.59,1.78,350.47,45.825478422065,0.3606784,63.25501463,511,3192,65.6,2026-08-17,-0.32,41.5,False
4779,688219,会通股份,10.6,-0.75,0.41,26.44,10.613733362955,0.2478996,63.86178052,380,3014,61.6,2026-08-17,-0.13,39.3,False
4780,688220,翱捷科技-U,103.13,-4.37,1.04,-384.92,105.293226981458,0.3465224,61.82147868,597,3597,69.6,2026-08-17,-2.05,43.0,False
4781,688221,前沿生物-U,21.86,-1.89,2.61,9.0,21.819518189934,0.2722272,61.13092546,-2754,3766,70.4,2026-08-17,0.19,43.0,False
4782,688222,成都先导,37.67,-1.88,2.51,90.92,38.181159356908,0.269166,66.33862536,-752,2250,80.4,2026-08-17,-1.34,53.3,False
4783,688223,晶科能源,4.48,-0.22,0.42,-8.52,4.468878335676,0.3022852,59.16159807,376,4262,72.8,2026-08-17,0.25,43.1,False
4784,688225,亚信安全,12.4,-2.44,0.56,-6.66,12.542780127196,0.2275612,62.93280474,542,3272,65.6,2026-08-17,-1.14,41.3,False
4785,688226,威腾电气,30.49,-2.71,1.06,214.36,30.810205080652,0.2339868,60.15066944,80,4024,62.4,2026-08-17,-1.04,37.5,False
4786,688227,品高股份,79.75,-4.61,1.5,1018.92,82.886503452656,0.3075792,59.21945349,-476,4241,63.6,2026-08-17,-3.78,37.7,False
4787,688228,开普云,77.01,-5.76,3.66,-154.26,80.451862714717,0.31276,70.95439618,93,1021,69.6,2026-08-17,-4.28,49.4,False
4788,688229,博睿数据,68.54,-3.16,0.95,-65.37,69.919583739334,0.302492,55.29136907,-582,4899,62.4,2026-08-17,-1.97,34.5,False
4789,688230,芯导科技,56.94,-2.16,0.55,55.87,56.968732158583,0.2435488,64.32581783,-70,2874,64.4,2026-08-17,-0.05,41.4,False
4790,688231,隆达股份,31.63,-1.59,0.63,53.12,31.547559982229,0.2224964,70.60020449,1254,1111,62.8,2026-08-17,0.26,44.3,False
4791,688232,新点软件,18.41,-1.92,0.29,-61.67,18.644034832725,0.068064,62.51774885,-515,3402,64.0,2026-08-17,-1.26,40.0,False
4792,688233,神工股份,128.9,4.0,5.65,216.19,122.009088290038,0.4762488,75.30820825,181,350,76.4,2026-08-17,5.65,57.5,False
4793,688234,天岳先进,117.22,-2.51,1.84,-234.7,116.906731586382,0.4375076,70.21403178,1939,1196,82.0,2026-08-17,0.27,57.6,False
4794,688235,百济神州,294.95,1.74,3.4,69.54,288.025444184623,0.4269964,73.95984304,-282,513,88.8,2026-08-17,2.4,65.7,False
4795,688236,春立医疗,14.7,-2.0,0.41,22.84,15.045795170286,0.1962764,63.56542863,-1580,3104,63.2,2026-08-17,-2.3,40.2,False
4796,688237,超卓航科,61.2,0.15,1.05,371.69,59.897078868036,0.306801818182,62.61761926,-1113,3373,66.8,2026-08-17,2.18,41.8,False
4797,688238,和元生物,7.14,-2.72,2.33,-21.82,7.344699492654,0.200396,55.43299676,-1703,4880,72.0,2026-08-17,-2.79,39.9,False
4798,688239,航宇科技,46.75,-2.48,1.03,39.56,47.126508653257,0.221482,65.5181782,539,2522,66.8,2026-08-17,-0.8,43.8,False
4799,688244,永信至诚,15.06,-2.9,0.88,-24.22,15.362098173111,0.181716,56.96185331,-217,4684,63.2,2026-08-17,-1.97,36.0,False
4800,688246,嘉和美康,18.05,-2.9,1.02,-43.37,18.452245183418,0.2038812,50.39934613,-81,5169,62.4,2026-08-17,-2.18,31.4,False
4801,688247,宣泰医药,10.15,-4.78,2.08,69.45,10.821772754501,0.2977924,65.60123808,-2271,2492,70.8,2026-08-17,-6.21,46.4,False
4802,688248,南网科技,48.16,3.48,0.9,137.86,46.59476698125,0.3236544,66.98702296,-276,2055,69.6,2026-08-17,3.36,46.6,False
4803,688249,晶合集成,43.05,-1.26,0.7,474.75,42.590002701325,0.4047892,70.62480018,1836,1108,75.2,2026-08-17,1.08,53.1,False
4804,688251,井松智能,22.13,-0.67,0.56,-31.87,22.09062268132,0.1808612,62.20081142,446,3487,60.4,2026-08-17,0.18,37.6,False
4805,688252,天德钰,21.32,-2.34,1.12,31.59,21.107446125248,0.2653196,72.40524824,111,754,63.6,2026-08-17,1.01,46.0,False
4806,688253,英诺特,59.78,-1.06,0.83,50.39,61.682461025722,0.391814,66.19833,-749,2288,64.8,2026-08-17,-3.08,42.9,False
4807,688255,凯尔达,27.1,-0.29,1.44,67.49,26.839886581105,0.1962012,64.21939355,-268,2901,64.4,2026-08-17,0.97,41.4,False
4808,688256,寒武纪,1145.0,-0.95,0.96,155.65,1131.39394902205,0.9851388,80.03484844,77,50,92.8,2026-08-17,1.2,74.3,False
4809,688257,新锐股份,64.14,-2.82,2.94,18.24,63.308294656868,0.3963016,79.1382956,491,90,67.2,2026-08-17,1.31,53.2,False
4810,688258,卓易信息,105.48,-2.92,0.99,53.72,106.926914091022,0.3088788,64.57268918,-1482,2798,69.2,2026-08-17,-1.35,44.7,False
4811,688259,创耀科技,32.01,-0.19,1.05,86.06,31.681447547508,0.2002304,61.48946858,246,3679,63.2,2026-08-17,1.04,38.9,False
4812,688260,昀冢科技,122.35,1.59,4.7,-80.44,118.940974872891,0.45748,60.15873184,-1856,4019,79.6,2026-08-17,2.87,47.9,False
4813,688261,东微半导,74.84,-0.47,4.19,412.87,73.54302645298,0.3887104,65.75597794,1811,2426,72.8,2026-08-17,1.76,47.9,False
4814,688262,国芯科技,28.79,-1.71,1.72,-49.69,28.821496795242,0.3183076,61.14082788,-477,3760,74.4,2026-08-17,-0.11,45.5,False
4815,688265,南模生物,45.64,-5.29,3.08,1301.22,47.591042722361,0.295372,67.66283404,-1383,1848,71.2,2026-08-17,-4.1,48.2,False
4816,688266,泽璟制药-U,121.29,-0.7,1.37,25.08,120.782416679476,0.3297724,73.12316727,-182,634,74.4,2026-08-17,0.42,54.4,False
4817,688267,中触媒,19.18,0.74,0.4,34.58,18.854933684391,0.2463208,63.4626171,-1839,3129,60.8,2026-08-17,1.72,38.6,False
4818,688268,华特气体,158.43,-2.61,3.07,149.28,159.633354721602,0.4470516,71.57963855,172,887,80.4,2026-08-17,-0.75,57.6,False
4819,688269,凯立新材,31.65,-0.44,0.37,21.39,31.710564264851,0.2121724,68.60427454,612,1591,62.8,2026-08-17,-0.19,43.1,False
4820,688270,ST臻镭,67.83,-1.55,0.94,128.32,67.96749320312,0.4345564,72.21611689,117,790,70.4,2026-08-17,-0.2,50.8,False
4821,688271,联影医疗,107.68,-0.11,0.24,55.62,107.441511597951,0.3054464,69.4815544,-403,1372,79.2,2026-08-17,0.22,55.0,False
4822,688272,富吉瑞,29.53,-3.31,0.85,-41.73,30.003288968712,0.1724256,60.63647137,1061,3909,60.8,2026-08-17,-1.58,36.9,False
4823,688273,麦澜德,31.53,-2.47,0.43,34.38,31.901694965377,0.10183,64.44454682,985,2842,63.2,2026-08-17,-1.17,40.7,False
4824,688275,万润新能,83.1,-3.37,1.58,6.53,84.829713205751,0.3496852,68.61286608,4,1589,68.4,2026-08-17,-2.04,46.9,False
4825,688276,百克生物,15.63,-0.95,0.22,-465.26,15.763056933374,0.1686432,57.33364978,-237,4621,65.6,2026-08-17,-0.84,37.6,False
4826,688277,天智航-U,16.1,-2.13,0.75,-40.42,16.307090981364,0.214773333333,53.08627392,13,5071,66.0,2026-08-17,-1.27,35.0,False
4827,688278,特宝生物,58.85,0.43,0.53,36.51,58.742997136282,0.2836208,74.90134719,-226,408,70.4,2026-08-17,0.18,52.7,False
4828,688279,峰岹科技,181.26,1.47,1.55,59.1,170.98734344414,0.244766,74.15670192,948,482,64.4,2026-08-17,6.01,47.8,False
4829,688280,精进电动-W,5.63,-2.93,1.07,-9.09,5.7270914622,0.162276,59.50547069,185,4156,64.4,2026-08-17,-1.7,38.3,False
4830,688281,华秦科技,48.0,-2.48,0.33,57.92,48.788530404824,0.2715584,66.69492106,402,2144,63.6,2026-08-17,-1.62,42.4,False
4831,688282,理工导航,63.71,-1.51,1.23,-101.94,62.324070035639,0.272912,66.80422291,1488,2112,60.4,2026-08-17,2.22,40.3,False
4832,688283,坤恒顺维,29.38,-2.78,0.41,203.35,29.73107210015,0.1464468,64.96307903,-1089,2687,61.6,2026-08-17,-1.18,40.0,False
4833,688285,高铁电气,7.6,-1.3,0.32,58.26,7.659522259951,0.1358344,68.37361675,439,1653,62.4,2026-08-17,-0.78,42.7,False
4834,688286,敏芯股份,50.2,-5.16,5.76,-95.35,52.214121518706,0.33505,65.24431253,-2249,2609,76.0,2026-08-17,-3.86,49.6,False
4835,688288,鸿泉技术,18.21,-1.78,0.45,-59.25,18.480539336404,0.0706948,62.0587786,703,3528,62.0,2026-08-17,-1.46,38.5,False
4836,688289,圣湘生物,15.91,-1.73,0.52,46.33,16.160226370335,0.1976272,59.82932258,-722,4071,70.4,2026-08-17,-1.55,42.1,False
4837,688290,景业智能,69.23,0.19,0.57,-228.31,68.083465409025,0.2882996,63.23739945,662,3199,64.8,2026-08-17,1.68,41.0,False
4838,688291,金橙子,43.48,-1.81,0.82,21.06,43.436685135065,0.2575676,71.53563334,964,898,62.4,2026-08-17,0.1,44.6,False
4839,688292,浩瀚深度,17.41,-3.28,0.82,-24.7,17.819350642576,0.1469548,54.12644259,70,5003,62.4,2026-08-17,-2.3,33.8,False
4840,688293,奥浦迈,64.58,-2.89,1.8,58.52,65.962216772127,0.2656664,69.95578614,-447,1253,70.4,2026-08-17,-2.1,49.2,False
4841,688295,中复神鹰,41.6,0.53,0.36,307.34,40.818047376581,0.2881704,60.21370637,-170,4006,72.4,2026-08-17,1.92,43.6,False
4842,688296,和达科技,27.52,8.69,5.6,-58.29,25.218217783861,0.2410208,60.63831359,802,3908,70.4,2026-08-17,9.13,42.7,False
4843,688297,中无人机,40.47,-1.72,0.45,404.95,41.043788267091,0.2774936,60.08626478,-320,4034,75.2,2026-08-17,-1.4,45.2,False
4844,688298,东方生物,19.51,-0.91,0.31,-10.48,19.581662567309,0.160574,58.25486583,321,4454,66.0,2026-08-17,-0.37,38.4,False
4845,688299,长阳科技,13.22,-1.2,0.73,85.24,13.182029344737,0.1664896,62.12621959,1242,3512,64.8,2026-08-17,0.29,40.3,False
4846,688300,联瑞新材,158.49,-4.79,3.28,128.41,161.344587511487,0.4953564,73.87529376,-484,526,82.8,2026-08-17,-1.77,61.2,False
4847,688301,奕瑞科技,99.2,-0.65,1.13,38.32,98.549713377533,0.3274004,76.5233705,73,237,68.8,2026-08-17,0.66,52.6,False
4848,688302,海创药业-U,37.9,-0.66,0.86,-31.4,37.81315796574,0.1574024,58.86135051,-953,4319,63.2,2026-08-17,0.23,37.2,False
4849,688303,大全能源,18.33,-1.5,0.29,-12.2,18.732092208106,0.2703736,58.24457243,-1057,4455,71.2,2026-08-17,-2.15,41.5,False
4850,688305,科德数控,68.52,-1.97,3.72,100.71,69.933319561366,0.3964508,72.2131664,1311,791,78.8,2026-08-17,-2.02,56.9,False
4851,688306,均普智能,9.3,-1.69,0.43,-83.24,9.296504636772,0.2511132,64.75518528,1622,2745,64.8,2026-08-17,0.04,42.0,False
4852,688307,中润光学,51.95,-0.92,2.08,108.33,51.685022193676,0.2972464,71.82892064,322,844,65.6,2026-08-17,0.51,47.1,False
4853,688308,欧科亿,107.14,-0.63,3.89,20.86,104.468213944881,0.395928,76.36334961,462,248,73.2,2026-08-17,2.56,55.9,False
4854,688309,恒誉科技,77.68,2.89,2.37,38.04,76.17338418699,0.3743888,68.31590527,-902,1677,67.2,2026-08-17,1.98,45.9,False
4855,688310,迈得医疗,14.86,-1.2,0.31,-32.07,14.777038691644,0.1224,64.48841324,1471,2822,60.4,2026-08-17,0.56,39.0,False
4856,688311,盟升电子,24.72,-2.64,1.0,-70.82,24.827072320514,0.2528636,60.88888229,598,3846,64.8,2026-08-17,-0.43,39.5,False
4857,688312,燕麦科技,51.08,-1.39,2.45,758.88,50.751071345279,0.3059152,72.24782046,30,782,63.2,2026-08-17,0.65,45.7,False
4858,688313,仕佳光子,159.73,-0.17,2.96,114.67,154.527270838964,0.47428,78.62481083,350,113,88.0,2026-08-17,3.37,69.2,False
4859,688314,康拓医疗,33.21,-1.6,0.28,51.5,33.539314019906,0.1814324,61.12429999,-705,3769,59.6,2026-08-17,-0.98,36.4,False
4860,688315,诺禾致源,15.83,-1.19,1.13,55.93,15.943936040589,0.1982756,62.89242942,-1367,3289,68.4,2026-08-17,-0.71,43.0,False
4861,688316,青云科技-U,51.81,-4.41,3.96,-45.22,53.118592182497,0.3000292,59.69881323,-2451,4113,74.8,2026-08-17,-2.46,44.7,False
4862,688317,之江生物,18.05,-2.8,1.52,-33.58,18.536879773284,0.2572956,65.33865623,2202,2577,65.2,2026-08-17,-2.63,42.6,False
4863,688318,财富趋势,77.8,-4.42,1.05,201.92,80.477895351926,0.4020044,73.28519803,-248,600,72.4,2026-08-17,-3.33,53.1,False
4864,688319,欧林生物,28.89,1.8,2.04,-178.15,28.373174911854,0.2544772,58.31330853,-2115,4439,63.6,2026-08-17,1.82,37.1,False
4865,688320,禾川科技,35.52,-1.99,1.16,-238.21,35.472952626978,0.2806876,67.74339713,-18,1821,72.0,2026-08-17,0.13,48.8,False
4866,688321,微芯生物,30.16,-2.71,1.91,118.13,30.747050189142,0.3216424,65.09075719,-752,2648,72.4,2026-08-17,-1.91,47.1,False
4867,688322,奥比中光-W,114.98,1.75,3.22,382.85,110.797860514608,0.3565908,68.86871398,320,1514,84.8,2026-08-17,3.77,58.4,False
4868,688323,瑞华泰,29.88,-3.3,4.91,-66.15,29.709352769534,0.349386,65.03653299,-289,2665,64.8,2026-08-17,0.57,42.1,False
4869,688325,赛微微电,115.0,0.97,0.93,221.78,110.707493665438,0.4341332,62.3462222,-992,3452,60.8,2026-08-17,3.88,37.9,False
4870,688326,经纬恒润-W,65.79,-2.37,0.41,-11.11,65.98495059432,0.233338,60.75128311,-345,3884,64.4,2026-08-17,-0.3,39.1,False
4871,688327,云从科技-UW,10.58,-2.94,1.06,-211.33,10.729488737381,0.2486024,58.76609528,13,4342,71.2,2026-08-17,-1.39,41.8,False
4872,688328,深科达,83.96,-0.15,5.08,64.53,83.072415477361,0.398614,77.09097981,-20,195,71.2,2026-08-17,1.07,54.9,False
4873,688329,艾隆科技,20.3,-3.38,0.67,-16.95,20.815686679036,0.1058124,56.61973277,193,4735,61.6,2026-08-17,-2.48,34.9,False
4874,688330,宏力达,33.64,0.33,0.63,82.99,33.249359668426,0.1725028,60.00626807,-197,4042,62.0,2026-08-17,1.17,37.2,False
4875,688331,荣昌生物,133.69,-0.22,1.29,57.52,132.684535085972,0.3830876,77.10677712,528,193,81.2,2026-08-17,0.76,62.6,False
4876,688332,中科蓝讯,99.01,-1.95,1.36,-752.75,98.676455829409,0.4144288,74.23923988,-9,479,68.8,2026-08-17,0.34,51.1,False
4877,688333,铂力特,113.0,-2.38,1.31,461.95,112.491798421438,0.4921788,77.50154475,70,165,73.6,2026-08-17,0.45,57.0,False
4878,688334,西高院,18.12,0.0,0.17,21.6,17.959949471399,0.1409596,67.20812074,900,1991,61.2,2026-08-17,0.89,41.1,False
4879,688335,复洁科技,20.63,-1.24,0.66,-49.06,20.72733647083,0.1416448,50.67518693,-124,5162,60.4,2026-08-17,-0.47,30.6,False
4880,688336,三生国健,48.32,-0.96,0.68,60.78,48.254540957179,0.3443344,71.96094855,-759,821,73.2,2026-08-17,0.14,52.7,False
4881,688337,普源精电,48.23,3.63,2.75,113.89,45.507734153196,0.26906,71.7772842,563,851,62.4,2026-08-17,5.98,44.8,False
4882,688338,赛科希德,31.0,-0.23,0.89,42.58,30.757708303035,0.1519288,63.35938244,-1696,3164,63.2,2026-08-17,0.79,40.0,False
4883,688339,亿华通-U,17.41,-2.74,0.64,-20.51,17.728021419704,0.1296992,51.08793756,-53,5152,66.4,2026-08-17,-1.79,33.9,False
4884,688343,云天励飞-U,60.33,-3.3,1.49,-40.47,61.044949695764,0.3555852,69.02396622,1400,1468,70.4,2026-08-17,-1.17,48.6,False
4885,688345,博力威,57.64,-0.21,1.3,40.51,57.331071749713,0.2325156,63.60102429,-1586,3094,67.2,2026-08-17,0.54,42.7,False
4886,688347,华虹宏力,265.01,-1.82,2.7,824.93,263.51293195469,0.5099772,69.15656983,-265,1440,87.6,2026-08-17,0.57,60.6,False
4887,688348,昱能科技,32.32,-2.0,0.4,-20.49,32.645297032859,0.1574476,56.15981732,245,4789,63.2,2026-08-17,-1.0,35.5,False
4888,688349,三一重能,14.38,-0.9,0.19,31.93,14.511624266339,0.2093808,68.33519885,-266,1666,66.0,2026-08-17,-0.91,45.1,False
4889,688350,富淼科技,30.2,-1.66,0.51,56.71,30.519440706808,0.3071304,66.12926582,919,2309,61.2,2026-08-17,-1.05,40.5,False
4890,688351,微电生理,20.27,-1.7,0.33,81.99,20.433281511589,0.2037784,60.81300171,-154,3870,63.2,2026-08-17,-0.8,38.4,False
4891,688352,颀中科技,20.04,0.05,3.79,-39.28,19.705680887598,0.3622884,76.82968489,82,215,72.0,2026-08-17,1.7,55.3,False
4892,688353,华盛锂电,105.02,-3.03,2.66,43.16,103.786913745307,0.4421884,71.19284998,742,971,75.6,2026-08-17,1.19,53.8,False
4893,688355,明志科技,17.95,-0.72,0.37,173.12,17.910802137154,0.1412688,61.05340643,1171,3791,61.2,2026-08-17,0.22,37.4,False
4894,688356,键凯科技,78.82,-1.46,1.67,53.32,79.927449602826,0.1767424,64.42226285,-1610,2847,67.2,2026-08-17,-1.39,43.3,False
4895,688357,建龙微纳,27.37,-0.47,0.26,41.65,27.260295272456,0.1198572,60.26742602,319,3992,63.2,2026-08-17,0.4,38.1,False
4896,688358,祥生医疗,29.46,-1.54,0.38,17.94,29.888009455163,0.219464,62.6134738,-709,3375,63.2,2026-08-17,-1.43,39.6,False
4897,688359,三孚新科,107.25,-5.24,2.76,479.89,110.23271890118,0.496136,68.30252022,531,1682,65.2,2026-08-17,-2.71,44.5,False
4898,688360,德马科技,16.5,-2.08,1.44,29.36,16.715958484332,0.1977848,70.70915791,2427,1085,60.8,2026-08-17,-1.29,43.0,False
4899,688361,中科飞测,361.56,-1.94,1.38,-468.23,355.626982971562,0.491546,64.15251855,512,2927,80.0,2026-08-17,1.67,51.3,False
4900,688362,甬矽电子,72.28,-2.21,3.67,307.8,71.440331460491,0.465064,72.92963117,1862,664,75.6,2026-08-17,1.18,55.1,False
4901,688363,华熙生物,36.68,-0.78,0.28,68.32,36.880605638332,0.2175252,66.89680879,-388,2082,78.4,2026-08-17,-0.54,52.4,False
4902,688365,光云科技,15.4,-3.81,1.23,272.56,15.757202711048,0.1803384,58.37336271,-498,4426,66.0,2026-08-17,-2.27,38.5,False
4903,688366,昊海生科,31.9,-1.63,0.18,24.81,32.233837059234,0.1815228,62.70899525,-1762,3336,66.4,2026-08-17,-1.04,41.6,False
4904,688367,工大高科,31.07,-0.67,0.66,2248.64,30.836784826246,0.1991316,58.98013544,413,4291,60.4,2026-08-17,0.76,35.6,False
4905,688368,晶丰明源,135.87,1.14,2.24,188.33,131.688687196184,0.3216716,71.15835063,-46,979,66.0,2026-08-17,3.18,47.0,False
4906,688369,致远互联,20.48,-2.89,1.55,-9.08,20.879758229479,0.1695892,55.65702185,-559,4860,66.8,2026-08-17,-1.91,37.2,False
4907,688370,丛麟科技,23.71,-1.5,0.11,75.63,23.932778677275,0.1451384,61.29804457,-293,3718,64.4,2026-08-17,-0.93,39.5,False
4908,688371,菲沃泰,31.09,-2.54,1.3,-122.93,31.176693859222,0.3427476,59.64102367,-503,4124,66.0,2026-08-17,-0.28,39.4,False
4909,688372,伟测科技,132.88,-3.65,1.92,79.23,134.429558832591,0.3625732,70.12380847,-767,1213,73.6,2026-08-17,-1.15,51.6,False
4910,688373,盟科药业-U,5.38,-1.65,1.0,-41.14,5.450688124837,0.1449396,57.47149986,-429,4592,65.6,2026-08-17,-1.3,37.7,False
4911,688375,国博电子,84.97,-1.59,0.2,14785.43,84.939217752369,0.2850224,72.45357213,1452,743,70.0,2026-08-17,0.04,50.7,False
4912,688376,美埃科技,72.88,-2.02,0.8,77.76,73.023186731918,0.2750484,68.50410036,2108,1616,64.4,2026-08-17,-0.2,44.1,False
4913,688377,迪威尔,20.74,-1.52,0.35,70.64,20.902795750032,0.1349612,64.60734285,459,2786,62.4,2026-08-17,-0.78,40.3,False
4914,688378,奥来德,49.06,-2.58,3.35,40.04,47.012932564226,0.4062468,74.46753582,957,453,62.4,2026-08-17,4.35,46.5,False
4915,688379,华光新材,56.48,-3.04,4.18,36.19,55.830312120622,0.318898,79.0446565,12,94,68.8,2026-08-17,1.16,54.4,False
4916,688380,中微半导,45.68,-2.91,4.03,53.28,44.533826901738,0.37391,79.92543057,365,55,79.6,2026-08-17,2.57,63.6,False
4917,688381,帝奥微,34.89,-4.28,2.71,-87.57,35.35040783177,0.3861752,63.40468109,1072,3146,65.6,2026-08-17,-1.3,41.6,False
4918,688382,益方生物-U,21.86,0.74,2.45,-71.39,21.377972335862,0.2698848,64.12117594,1358,2941,67.2,2026-08-17,2.25,43.1,False
4919,688383,新益昌,128.57,0.26,1.21,153.16,125.997237310664,0.3710228,66.57267038,1438,2176,64.0,2026-08-17,2.04,42.6,False
4920,688385,复旦微电,57.74,1.65,2.99,28.01,55.786113008113,0.3663704,75.68306915,2310,321,79.2,2026-08-17,3.5,59.9,False
4921,688386,泛亚微透,56.57,-0.32,1.06,77.57,56.018530193407,0.2714252,66.47127603,-10,2200,64.0,2026-08-17,0.98,42.5,False
4922,688387,信科移动-U,14.62,-1.08,1.12,-97.5,14.533488779465,0.398796,67.29390516,-346,1968,73.2,2026-08-17,0.6,49.3,False
4923,688388,嘉元科技,30.2,-3.05,2.5,41.34,30.502613379906,0.3594416,72.657485,-28,701,75.6,2026-08-17,-0.99,54.9,False
4924,688389,普门科技,11.19,-1.67,0.26,36.9,11.357699342566,0.1605536,65.62512631,-1585,2477,64.0,2026-08-17,-1.48,42.0,False
4925,688390,固德威,68.96,-2.17,1.83,41.31,69.155994192096,0.2492472,67.55039615,38,1885,73.2,2026-08-17,-0.28,49.4,False
4926,688391,钜泉科技,26.16,-2.1,0.61,193.83,26.38887556906,0.2636212,63.27696601,50,3187,62.0,2026-08-17,-0.87,39.2,False
4927,688392,骄成超声,207.16,10.02,4.26,119.15,184.226095120882,0.3884048,68.36546906,-901,1657,72.4,2026-08-17,12.45,49.5,False
4928,688393,安必平,19.96,-1.63,0.88,-254.5,20.133040836147,0.1160184,56.60494736,-200,4736,64.8,2026-08-17,-0.86,36.7,False
4929,688395,正弦电气,22.7,0.09,1.11,41.0,22.461124663809,0.1505372,64.18511888,308,2915,66.4,2026-08-17,1.06,42.6,False
4930,688396,华润微,63.01,-0.19,0.84,63.4,62.315407233068,0.3794992,73.41564453,1093,582,80.8,2026-08-17,1.11,59.3,False
4931,688398,赛特新材,22.18,0.91,0.67,2441.72,21.226927405923,0.166996,59.00560721,484,4289,60.8,2026-08-17,4.49,35.9,False
4932,688399,硕世生物,28.73,-3.27,1.0,42.21,29.623625577924,0.1315492,53.57229542,-50,5047,64.4,2026-08-17,-3.02,34.5,False
4933,688400,凌云光,49.72,-0.88,1.31,29.6,49.528630229649,0.3430248,70.55534776,123,1122,75.6,2026-08-17,0.39,53.3,False
4934,688401,路维光电,72.44,-2.77,1.46,54.52,73.352482409359,0.416532,75.28691042,538,355,71.6,2026-08-17,-1.24,53.9,False
4935,688403,汇成股份,25.5,-1.73,3.15,2526.2,25.302954964426,0.4421692,70.55156095,2532,1123,71.2,2026-08-17,0.78,50.2,False
4936,688408,中信博,26.32,-1.13,0.62,-29.73,26.374019910834,0.2065656,59.54065162,238,4143,64.4,2026-08-17,-0.2,38.3,False
4937,688409,富创精密,221.67,-1.12,1.3,292.85,218.218209694549,0.394988,70.175018,1500,1206,80.8,2026-08-17,1.58,56.7,False
4938,688410,山外山,11.08,-1.77,0.81,22.75,11.166693763016,0.167946,63.24884132,-840,3194,64.0,2026-08-17,-0.78,40.5,False
4939,688411,海博思创,210.91,-1.46,0.9,47.24,212.037499748247,0.3636556,68.74588717,-265,1547,67.6,2026-08-17,-0.53,46.5,False
4940,688416,恒烁股份,80.11,-1.2,3.54,44.42,79.077774272069,0.3279808,70.43778503,-205,1143,71.2,2026-08-17,1.31,50.2,False
4941,688418,震有科技,36.72,-0.38,1.19,-39.36,36.485225175297,0.2625676,53.85754048,-247,5028,65.6,2026-08-17,0.64,35.3,False
4942,688419,耐科装备,52.28,-0.13,3.37,104.54,51.315527223638,0.3774952,70.95889786,-68,1019,65.6,2026-08-17,1.88,46.5,False
4943,688420,美腾科技,22.14,-2.04,0.29,126.46,22.343105116252,0.0448864,59.40977517,679,4186,62.0,2026-08-17,-0.91,36.8,False
4944,688425,铁建重工,4.12,-0.48,0.12,22.12,4.133552633857,0.2983588,70.30481488,722,1175,68.8,2026-08-17,-0.33,48.4,False
4945,688426,康为世纪,19.26,0.16,0.55,-35.28,19.193025123127,0.078862,55.32976014,-192,4895,63.2,2026-08-17,0.35,35.0,False
4946,688428,诺诚健华,31.29,-1.26,2.16,130.78,31.618975534963,0.2184496,66.34737673,-1749,2246,71.2,2026-08-17,-1.04,47.2,False
4947,688429,时创能源,10.55,-1.4,0.12,-9.93,10.642309248509,0.1574112,61.83840922,621,3591,62.8,2026-08-17,-0.87,38.8,False
4948,688432,有研硅,47.62,9.17,5.19,224.13,43.097898749414,0.4532696,76.05920542,335,276,82.8,2026-08-17,10.49,63.0,False
4949,688433,华曙高科,95.8,-0.36,0.76,2360.0,95.744705208793,0.403058,69.95398496,-618,1255,66.0,2026-08-17,0.06,46.2,False
4950,688435,英方软件,31.02,-3.42,1.41,-54.1,31.419972828481,0.1699488,61.89276991,1125,3571,62.8,2026-08-17,-1.27,38.9,False
4951,688439,振华风光,39.54,-1.27,0.38,-147.22,39.696984165201,0.1992556,66.98282967,1413,2058,65.2,2026-08-17,-0.4,43.7,False
4952,688443,智翔金泰-U,26.69,2.07,2.29,-16.38,26.09722623889,0.1667036,55.72120485,-1623,4847,65.6,2026-08-17,2.27,36.6,False
4953,688448,磁谷科技,62.6,4.68,2.18,2524.52,58.621123455372,0.4633564,67.71945769,23,1830,63.2,2026-08-17,6.79,42.8,False
4954,688449,联芸科技,70.22,-0.93,2.94,911.4,70.624176400132,0.3918476,75.54282207,-147,332,74.8,2026-08-17,-0.57,56.5,False
4955,688450,光格科技,34.94,-3.0,2.7,-127.51,35.138904571952,0.1288256,62.13035927,1154,3508,61.6,2026-08-17,-0.57,38.3,False
4956,688455,科捷智能,15.38,-1.79,0.55,-14.72,15.445957314351,0.1182148,65.44094682,1549,2539,60.0,2026-08-17,-0.43,39.3,False
4957,688456,有研粉材,92.39,-0.98,6.58,79.04,90.461332881255,0.4265964,77.61220268,192,161,68.0,2026-08-17,2.13,52.8,False
4958,688458,美芯晟,34.42,-2.96,0.75,-177.95,35.11081283372,0.2765416,63.81687599,-252,3021,62.8,2026-08-17,-1.97,40.1,False
4959,688459,哈铁科技,8.03,-0.86,0.09,-589.77,8.083294260171,0.1691928,61.30233361,-1214,3715,62.8,2026-08-17,-0.66,38.5,False
4960,688466,金科环境,13.83,-1.91,0.33,181.91,13.898662357983,0.0730692,64.00385205,386,2973,61.2,2026-08-17,-0.49,39.2,False
4961,688468,科美诊断,6.3,-2.02,0.37,70.5,6.382648229411,0.062206,60.83644474,-333,3865,62.8,2026-08-17,-1.29,38.2,False
4962,688469,芯联集成-U,9.32,-0.75,1.25,140.35,9.336025220052,0.387946,62.92585418,-38,3276,81.2,2026-08-17,-0.17,51.1,False
4963,688472,阿特斯,10.42,0.0,0.59,18.27,10.379996454074,0.3157868,71.57016013,849,893,72.4,2026-08-17,0.39,51.8,False
4964,688475,萤石网络,29.47,-1.5,0.2,28.33,29.754495396658,0.1968668,70.96897784,-128,1015,70.4,2026-08-17,-0.96,50.0,False
4965,688478,晶升股份,54.52,1.47,3.19,-215.31,52.353031649484,0.3330484,59.64131992,290,4123,68.0,2026-08-17,4.14,40.6,False
4966,688479,友车科技,34.85,1.93,2.99,163.84,33.9257971988,0.3528824,62.45428666,-2082,3424,60.0,2026-08-17,2.72,37.5,False
4967,688480,赛恩斯,80.85,-2.09,0.39,59.97,81.757298784201,0.2735028,66.96649066,535,2063,63.2,2026-08-17,-1.11,42.3,False
4968,688484,南芯科技,38.09,-1.7,2.38,-182.34,38.121849367019,0.2880872,66.47902065,-495,2198,65.2,2026-08-17,-0.08,43.3,False
4969,688485,九州一轨,85.0,6.09,6.0,-733.71,76.366872589937,0.513146,67.63811583,266,1859,71.2,2026-08-17,11.3,48.2,False
4970,688486,龙迅股份,46.32,-1.28,1.09,56.83,46.224693539161,0.2462484,67.57644113,227,1880,64.4,2026-08-17,0.21,43.5,False
4971,688488,艾迪药业,17.25,-2.6,1.01,238.57,17.612182881537,0.2568496,70.86014506,-683,1052,70.0,2026-08-17,-2.06,49.6,False
4972,688489,三未信安,24.18,1.38,0.62,-45.33,23.601139723358,0.1701468,61.15775562,693,3755,62.0,2026-08-17,2.45,37.9,False
4973,688496,*ST清越,0.93,8.14,3.97,-3.22,0.859748290295,0.2088776,56.58429261,289,4737,67.2,2026-08-17,8.17,38.0,False
4974,688498,源杰科技,1571.01,-1.5,1.65,272.5,1566.34598763411,0.9814668,78.19197145,135,131,90.8,2026-08-17,0.3,71.0,False
4975,688499,利元亨,35.86,-2.02,1.64,77.67,36.255574083879,0.219994,55.8281869,-689,4829,68.4,2026-08-17,-1.09,38.2,False
4976,688500,慧辰股份,37.72,-1.77,1.03,-26.0,37.991266943322,0.1034624,60.73591224,-78,3887,63.2,2026-08-17,-0.71,38.4,False
4977,688501,青达环保,13.28,-0.45,0.6,20.43,13.259136382331,0.1482776,61.03917757,-448,3794,60.8,2026-08-17,0.16,37.1,False
4978,688502,茂莱光学,477.23,5.0,3.53,-567.12,445.632947441002,0.519824,70.79325386,8,1073,77.2,2026-08-17,7.09,54.7,False
4979,688503,聚和材料,99.8,4.31,11.41,20.85,87.965173635274,0.5544676,83.58607079,47,8,75.6,2026-08-17,13.45,63.2,False
4980,688505,复旦张江,8.56,-4.36,2.01,120.25,8.790392721485,0.2916392,71.39478913,-267,931,69.6,2026-08-17,-2.62,49.7,False
4981,688506,百利天恒,302.32,0.98,0.22,-40.29,299.94673243652,0.3062516,62.29091423,-900,3464,76.4,2026-08-17,0.79,47.6,False
4982,688507,索辰科技,189.4,4.07,11.76,-124.31,176.303065194391,0.4609968,72.54650265,1835,725,75.6,2026-08-17,7.43,54.8,False
4983,688508,芯朋微,92.5,-4.42,4.92,38.87,93.154609707698,0.39457,64.96140795,-2031,2689,71.2,2026-08-17,-0.7,46.3,False
4984,688509,正元地信,4.19,-1.41,0.47,-24.8,4.217805525941,0.1733788,54.86725917,200,4944,61.6,2026-08-17,-0.66,33.8,False
4985,688510,航亚科技,24.06,-0.04,1.04,60.95,23.733427650182,0.232444,70.36527401,788,1163,64.4,2026-08-17,1.38,45.3,False
4986,688511,天微电子,22.98,-0.99,0.57,142.8,23.161668395609,0.18401,57.42463731,-968,4602,60.0,2026-08-17,-0.78,34.5,False
4987,688512,慧智微-U,14.9,-2.42,2.04,-26.51,15.225939841477,0.3096504,59.14996522,433,4265,64.4,2026-08-17,-2.14,38.1,False
4988,688513,苑东生物,47.8,-3.0,0.84,41.5,48.922374367391,0.235364,63.32488343,-807,3173,63.2,2026-08-17,-2.29,40.0,False
4989,688515,裕太微-U,157.4,-3.63,3.46,-72.77,159.103369529719,0.389088,67.35582158,1675,1948,70.0,2026-08-17,-1.07,47.1,False
4990,688516,奥特维,43.42,-0.5,1.2,40.15,43.010185348895,0.1821648,65.60275177,483,2490,67.2,2026-08-17,0.95,44.1,False
4991,688517,金冠电气,16.69,-4.57,2.37,39.9,17.701786239914,0.2557072,64.77708798,-434,2736,64.4,2026-08-17,-5.72,41.7,False
4992,688518,联赢激光,20.74,-0.53,2.13,38.52,20.576227869139,0.2698376,69.60179469,694,1346,66.4,2026-08-17,0.8,46.2,False
4993,688519,南亚新材,312.19,-1.05,1.42,122.26,314.657759279798,0.5150272,78.97488407,94,100,81.2,2026-08-17,-0.78,64.1,False
4994,688520,神州细胞,38.5,-1.86,0.36,-25.77,39.05201749512,0.1495532,60.65036584,-1593,3902,67.6,2026-08-17,-1.41,41.0,False
4995,688521,芯原股份,213.0,-5.88,4.07,-91.5,220.158644705938,0.4832772,66.61814074,1984,2165,80.4,2026-08-17,-3.25,53.6,False
4996,688522,纳睿雷达,19.32,-2.08,1.17,77.54,19.45255547945,0.1556864,64.66871741,-1580,2766,63.6,2026-08-17,-0.68,41.1,False
4997,688523,航天环宇,48.58,-0.84,0.46,3238.47,48.248214890204,0.2394076,68.12735082,2112,1721,70.0,2026-08-17,0.69,47.7,False
4998,688525,佰维存储,253.3,-1.36,4.0,10.3,252.481780237817,0.59573,81.90447969,208,24,92.0,2026-08-17,0.32,75.4,False
4999,688526,科前生物,13.45,2.05,0.34,19.78,13.127418908989,0.1009692,65.23247574,-1338,2612,64.0,2026-08-17,2.46,41.7,False
5000,688528,秦川物联,9.72,-1.42,0.43,-17.34,9.693045791322,0.0606224,60.99632698,817,3805,61.6,2026-08-17,0.28,37.6,False
5001,688529,豪森智能,16.01,-1.78,0.38,-7.15,16.146197845834,0.1455928,55.79523001,-9,4836,63.2,2026-08-17,-0.84,35.3,False
5002,688530,欧莱新材,67.87,-0.16,13.14,66.75,67.420716846743,0.3826672,72.50654741,2582,727,75.6,2026-08-17,0.67,54.8,False
5003,688531,日联科技,145.72,-0.91,2.04,94.24,144.512805474024,0.4030892,80.3311478,-30,45,66.0,2026-08-17,0.84,53.0,False
5004,688533,上声电子,21.29,-1.62,0.27,36.1,21.536671886416,0.1418468,64.93006239,-1417,2696,63.2,2026-08-17,-1.15,41.0,False
5005,688535,华海诚科,109.26,-2.2,3.18,289.31,109.182712931066,0.3902048,70.36737587,1405,1162,75.6,2026-08-17,0.07,53.2,False
5006,688536,思瑞浦,285.2,-1.49,1.27,93.4,283.893842936901,0.4336092,72.75377237,-180,691,73.2,2026-08-17,0.46,53.3,False
5007,688538,和辉光电-U,2.34,-0.85,0.46,-17.19,2.357957401916,0.2895876,56.40092327,-264,4762,65.6,2026-08-17,-0.76,37.0,False
5008,688539,高华科技,28.79,-1.74,0.86,-368.01,28.452809647974,0.2481904,66.79749292,1739,2116,63.2,2026-08-17,1.19,42.2,False
5009,688543,国科军工,39.23,-2.9,1.35,124.47,39.998318490413,0.3189696,71.20871169,-550,967,74.8,2026-08-17,-1.92,53.3,False
5010,688545,兴福电子,92.43,0.87,7.48,135.15,91.532872667248,0.421144,75.17850644,185,373,74.0,2026-08-17,0.98,55.6,False
5011,688548,广钢气体,40.34,-2.8,1.29,144.97,40.326723375365,0.4181024,77.33502344,93,175,77.2,2026-08-17,0.03,59.7,False
5012,688549,中巨芯-U,28.9,-4.75,11.52,1518.5,29.709974585508,0.4154744,74.25992948,-58,476,85.6,2026-08-17,-2.73,63.6,False
5013,688550,瑞联新材,42.42,3.26,4.06,42.77,40.642141033754,0.3238824,69.25474708,-929,1423,66.8,2026-08-17,4.37,46.3,False
5014,688551,科威尔,41.8,-3.49,2.28,156.11,42.534603105063,0.2914684,68.82890205,-653,1521,60.8,2026-08-17,-1.73,41.8,False
5015,688552,航天南湖,27.49,-1.54,0.55,-596.8,27.907199620189,0.2044852,59.91110693,-178,4056,64.8,2026-08-17,-1.49,38.8,False
5016,688553,汇宇制药-W,12.35,-1.59,0.99,88.37,12.331067896188,0.1867572,58.12726023,-697,4479,64.4,2026-08-17,0.15,37.4,False
5017,688556,高测股份,8.76,-0.68,1.23,-36.22,8.69530284476,0.2410188,56.637524,202,4730,67.2,2026-08-17,0.74,38.1,False
5018,688557,兰剑智能,22.87,3.67,1.52,264.38,21.57761629692,0.1616548,68.51401718,215,1612,64.8,2026-08-17,5.99,44.4,False
5019,688558,国盛智科,33.19,-1.98,0.57,26.68,33.50680396638,0.2609764,71.68305928,1371,868,65.2,2026-08-17,-0.95,46.7,False
5020,688559,海目星,56.2,6.52,4.91,138.08,51.228429731036,0.4317528,71.49019284,896,909,74.8,2026-08-17,9.7,53.5,False
5021,688560,明冠新材,12.09,-1.63,0.6,-37.81,12.18388756924,0.1654112,57.0565028,203,4667,61.2,2026-08-17,-0.77,34.9,False
5022,688561,奇安信-U,25.45,-3.23,0.66,-11.18,26.187656691508,0.302234,62.30630008,-1927,3462,73.6,2026-08-17,-2.82,45.9,False
5023,688562,航天软件,14.17,-1.87,0.38,-24.13,14.381674774914,0.1911768,56.91849945,-1028,4689,62.4,2026-08-17,-1.47,35.5,False
5024,688563,航材股份,50.86,-1.95,0.68,47.49,51.873668496659,0.299804,70.88135235,-253,1044,65.6,2026-08-17,-1.95,46.5,False
5025,688565,力源科技,11.04,-1.78,0.3,739.83,11.118549713744,0.1141752,61.65955059,-1044,3639,63.2,2026-08-17,-0.71,39.0,False
5026,688566,吉贝尔,26.75,-0.93,0.71,32.03,26.649526974229,0.2889308,68.16038051,-1448,1713,65.2,2026-08-17,0.38,44.4,False
5027,688567,孚能科技,9.83,-2.67,0.43,-21.41,9.986383120503,0.1727664,55.97226695,-126,4812,69.6,2026-08-17,-1.57,39.0,False
5028,688568,中科星图,35.61,-2.47,0.54,-48.34,36.072720547399,0.2135068,63.73276392,1200,3047,72.4,2026-08-17,-1.28,46.1,False
5029,688569,铁科轨道,17.03,-2.24,0.26,50.16,17.23684701142,0.1014704,68.03257431,1309,1743,60.8,2026-08-17,-1.2,41.4,False
5030,688570,天玛智控,15.2,-1.17,0.16,133.54,15.242857400877,0.1836136,63.38690083,689,3154,65.2,2026-08-17,-0.28,41.3,False
5031,688571,杭华股份,8.93,-2.3,0.84,33.85,9.129060358627,0.1751072,62.6088905,-196,3377,63.2,2026-08-17,-2.18,39.6,False
5032,688573,信宇人,16.19,-2.59,1.53,-11.13,16.417058031935,0.1073808,50.45940239,21,5167,60.8,2026-08-17,-1.38,30.7,False
5033,688575,亚辉龙,9.57,-4.2,2.3,76.16,9.977939072844,0.238604,68.18773249,-1098,1707,69.6,2026-08-17,-4.09,47.5,False
5034,688576,西山科技,42.07,-0.31,0.43,97.58,42.259864071003,0.1504092,61.64039622,-1088,3645,61.6,2026-08-17,-0.45,38.0,False
5035,688577,浙海德曼,43.76,-0.91,0.35,102.89,44.096605578155,0.1904988,62.5793635,-91,3383,64.0,2026-08-17,-0.76,40.1,False
5036,688578,艾力斯,117.34,-2.25,1.58,20.75,119.779526708257,0.4278528,81.08675659,-7,35,79.2,2026-08-17,-2.04,64.2,False
5037,688579,地纬智能,7.98,-1.85,0.33,-40.1,8.021936701929,0.1609996,65.83001467,19,2409,62.4,2026-08-17,-0.52,41.1,False
5038,688580,伟思医疗,49.57,-1.35,0.65,19.28,49.908699952592,0.269108,64.3371988,-1322,2870,68.0,2026-08-17,-0.68,43.7,False
5039,688581,安杰思,53.72,0.02,0.74,18.36,53.278978347537,0.2652468,65.94628815,200,2371,62.8,2026-08-17,0.83,41.4,False
5040,688582,芯动联科,42.95,-3.53,1.82,236.51,43.637802035257,0.3304296,71.57390922,-5,890,68.4,2026-08-17,-1.58,49.0,False
5041,688583,思看科技,89.88,-2.56,3.49,382.1,93.621403592649,0.4187036,68.28337438,-1196,1689,68.8,2026-08-17,-4.0,47.0,False
5042,688584,上海合晶,31.54,3.21,5.6,420.43,29.592975039494,0.3160256,67.72551717,2151,1826,65.2,2026-08-17,6.58,44.2,False
5043,688585,上纬新材,188.43,9.95,1.62,-228.19,167.04580400391,0.5086352,70.01750236,1497,1239,79.2,2026-08-17,12.8,55.5,False
5044,688586,江航装备,10.53,-2.86,0.45,130.77,10.764520793607,0.2144072,60.96741156,381,3819,63.2,2026-08-17,-2.18,38.5,False
5045,688588,凌志软件,9.54,-2.15,0.36,-469.18,9.712819952935,0.0902764,62.68279829,-363,3347,63.2,2026-08-17,-1.78,39.6,False
5046,688589,力合微,18.91,-2.98,1.13,-186.11,19.261684817955,0.2155716,57.553617,-2032,4580,68.4,2026-08-17,-1.83,39.4,False
5047,688590,新致软件,12.91,-3.15,1.0,581.41,13.164021270098,0.1949824,57.81864856,-563,4541,65.6,2026-08-17,-1.93,37.9,False
5048,688591,泰凌微,28.11,-1.61,1.52,204.82,28.240579885171,0.2123368,63.15703389,-823,3223,65.2,2026-08-17,-0.46,41.2,False
5049,688592,司南导航,25.35,-3.69,1.07,-101.8,25.794542919707,0.1919612,66.37105061,2025,2236,61.6,2026-08-17,-1.72,40.9,False
5050,688593,新相微,31.4,-3.3,1.65,671.91,32.430808529078,0.358204,66.48663123,1306,2193,67.2,2026-08-17,-3.18,44.7,False
5051,688595,芯海科技,28.61,-2.82,1.4,-26.44,29.240837144347,0.3069484,55.34553988,-1427,4890,67.6,2026-08-17,-2.16,37.4,False
5052,688596,正帆科技,70.22,-2.77,3.46,-217.87,71.826362841467,0.3590252,63.06226318,-518,3241,77.2,2026-08-17,-2.24,48.7,False
5053,688597,煜邦电力,7.08,-1.94,0.91,-26.5,7.114912602076,0.1650368,58.09884099,-708,4485,64.8,2026-08-17,-0.49,37.6,False
5054,688598,金博股份,37.74,-1.97,8.5,-24.91,37.464756047612,0.4030192,66.42996078,-1398,2219,76.4,2026-08-17,0.73,50.8,False
5055,688599,天合光能,13.11,-0.91,0.74,-56.9,13.198983671534,0.289352,59.50464245,552,4157,74.4,2026-08-17,-0.67,44.3,False
5056,688600,皖仪科技,28.42,6.52,2.54,61.7,26.456530770639,0.2161124,68.86441677,1335,1516,66.8,2026-08-17,7.42,46.0,False
5057,688601,力芯微,49.2,-2.57,1.96,-1180.5,48.777823553473,0.455792,67.65004224,97,1851,65.6,2026-08-17,0.87,44.4,False
5058,688602,康鹏科技,6.83,-2.43,0.56,-70.46,6.922305064488,0.3112216,60.98533358,202,3813,62.0,2026-08-17,-1.33,37.8,False
5059,688603,天承科技,116.16,-2.35,3.45,120.98,115.270551346074,0.389292,73.05500947,1109,642,66.8,2026-08-17,0.77,48.8,False
5060,688605,先锋精科,79.35,-1.32,1.78,162.07,79.390680077957,0.2882696,66.95254331,186,2065,68.8,2026-08-17,-0.05,46.1,False
5061,688606,奥泰生物,48.3,-1.45,0.32,47.1,48.969975684894,0.1879348,63.95352495,-820,2989,65.2,2026-08-17,-1.37,41.7,False
5062,688607,康众医疗,43.88,-4.34,1.1,-59.66,44.57855324485,0.2263992,57.51624257,-388,4584,64.4,2026-08-17,-1.57,37.0,False
5063,688608,恒玄科技,107.61,-2.56,0.94,71.57,109.261482467565,0.3151492,67.29497667,-160,1967,74.0,2026-08-17,-1.51,49.8,False
5064,688609,九联科技,9.18,-4.38,2.99,68.24,9.440456440467,0.2926536,66.05387063,-1371,2328,70.0,2026-08-17,-2.76,46.2,False
5065,688610,埃科光电,168.0,-4.76,3.05,123.08,172.101023547686,0.3974096,76.59505463,1141,231,60.8,2026-08-17,-2.38,46.6,False
5066,688611,杭州柯林,66.2,1.15,0.57,-844.49,64.291480084819,0.3236264,61.26486269,-372,3726,63.2,2026-08-17,2.97,38.7,False
5067,688612,威迈斯,35.65,0.51,1.41,26.05,34.437351171999,0.360842,77.84084283,315,152,64.4,2026-08-17,3.52,50.1,False
5068,688613,奥精医疗,15.33,-2.17,0.84,372.14,15.569833504833,0.173086,55.69579446,-124,4852,63.2,2026-08-17,-1.54,35.2,False
5069,688615,合合信息,117.11,-2.98,2.28,36.96,119.528655497583,0.3277308,73.46689986,-70,578,73.6,2026-08-17,-2.02,54.1,False
5070,688616,西力科技,10.83,-1.81,0.47,26.04,10.929616708888,0.093176,70.43940554,1608,1142,62.4,2026-08-17,-0.91,44.0,False
5071,688617,惠泰医疗,221.72,3.06,0.78,34.19,214.697554512373,0.192896,73.12706105,-499,632,68.4,2026-08-17,3.27,50.0,False
5072,688618,三旺通信,31.15,-2.9,2.63,-1003.38,31.441716222439,0.2752872,62.93488636,971,3270,64.4,2026-08-17,-0.93,40.5,False
5073,688619,罗普特,14.81,-4.7,0.9,-68.65,15.46201602527,0.1575936,57.83939269,-1304,4535,62.8,2026-08-17,-4.22,36.3,False
5074,688620,安凯微,16.24,-1.64,1.56,-81.08,16.292904199811,0.191118,59.35494614,-1336,4206,67.6,2026-08-17,-0.32,40.1,False
5075,688621,阳光诺和,65.91,-2.4,1.21,89.45,66.411944436879,0.3158176,76.46859397,439,241,70.8,2026-08-17,-0.76,54.1,False
5076,688622,*ST禾信,108.38,0.07,0.1,-248.7,108.732159039164,0.3833772,51.90042108,-64,5127,60.8,2026-08-17,-0.32,31.6,False
5077,688623,双元科技,61.2,-2.53,1.64,59.89,63.047853611879,0.312484,59.87505593,-3073,4065,64.0,2026-08-17,-2.93,38.3,False
5078,688625,呈和科技,62.04,-0.96,0.95,44.66,61.186185039376,0.4012168,74.05711196,415,498,62.8,2026-08-17,1.4,46.5,False
5079,688626,翔宇医疗,44.74,-1.32,0.49,70.67,44.975491692932,0.2330084,61.37390366,-887,3702,72.4,2026-08-17,-0.52,44.4,False
5080,688627,精智达,543.85,0.34,3.11,879.54,522.893334781904,0.6011776,77.6497179,-48,159,75.6,2026-08-17,4.01,58.7,False
5081,688628,优利德,76.78,0.39,3.05,30.65,74.395848234677,0.3569764,72.47955719,-512,736,64.4,2026-08-17,3.2,46.7,False
5082,688629,华丰科技,152.27,-1.78,1.74,169.58,151.971060043931,0.4514828,79.03807889,530,96,80.0,2026-08-17,0.2,63.2,False
5083,688630,芯碁微装,451.85,0.68,2.35,152.68,433.562344583112,0.4700508,83.08823094,198,11,76.0,2026-08-17,4.22,63.1,False
5084,688631,莱斯信息,40.87,-3.13,0.4,-130.92,41.633564149322,0.157562,63.14145269,909,3224,64.0,2026-08-17,-1.83,40.4,False
5085,688633,星球石墨,24.36,-1.3,0.96,14.16,24.500112767407,0.2129792,65.31594059,239,2585,60.4,2026-08-17,-0.57,39.5,False
5086,688636,智明达,20.73,-2.4,1.63,50.53,20.979673238899,0.1996132,65.88233022,561,2394,66.0,2026-08-17,-1.19,43.5,False
5087,688638,誉辰智能,32.82,-2.06,0.88,-10.05,33.180548381465,0.0841608,57.00949423,211,4674,61.2,2026-08-17,-1.09,34.9,False
5088,688639,华恒生物,17.6,2.86,2.17,26.14,16.999155610786,0.1419692,65.52533631,683,2519,66.4,2026-08-17,3.53,43.5,False
5089,688646,逸飞激光,74.48,-5.6,3.78,-222.35,75.095560825893,0.495834117647,66.82217744,1524,2109,67.6,2026-08-17,-0.82,45.2,False
5090,688648,中邮科技,33.43,-7.6,6.07,-37.42,35.067267887926,0.2468992,68.48556476,287,1617,62.4,2026-08-17,-4.67,42.7,False
5091,688651,盛邦安全,22.98,-2.79,1.62,-37.44,23.359660590433,0.1527464,63.43838551,1443,3134,63.6,2026-08-17,-1.63,40.3,False
5092,688652,京仪装备,160.49,-1.42,2.55,145.13,158.372146369651,0.3074608,73.32919567,492,593,72.0,2026-08-17,1.34,52.8,False
5093,688653,康希通信,14.15,-4.33,1.66,308.02,14.400173111977,0.331914,66.49136651,2168,2191,63.6,2026-08-17,-1.74,42.3,False
5094,688655,迅捷兴,44.96,5.1,8.45,-280.21,40.99736084092,0.3431304,65.56856977,1250,2504,64.0,2026-08-17,9.67,42.0,False
5095,688656,浩欧博,94.42,0.68,0.61,179.81,92.984864151879,0.1906912,59.50155722,324,4161,62.0,2026-08-17,1.54,36.9,False
5096,688657,浩辰软件,34.62,-3.73,1.81,74.83,35.737104243047,0.1931624,68.15153857,-294,1714,64.0,2026-08-17,-3.13,43.6,False
5097,688658,悦康药业,13.42,-0.59,1.5,-45.6,13.370379006133,0.1735056,54.2099882,-1337,4997,66.0,2026-08-17,0.37,35.8,False
5098,688659,元琛科技,10.56,-0.66,1.06,101.36,10.599858571292,0.076704,57.99236862,-124,4507,62.8,2026-08-17,-0.38,36.4,False
5099,688660,电气风电,8.68,-3.66,0.96,-10.68,8.89320261903,0.1985408,61.08894247,277,3782,68.8,2026-08-17,-2.4,42.0,False
5100,688661,和林微纳,106.3,-1.57,1.7,-314.68,106.405345093939,0.3720676,65.0807213,952,2654,70.0,2026-08-17,-0.1,45.6,False
5101,688662,富信科技,102.84,-4.7,9.32,399.25,103.316113256785,0.4694072,72.49937934,-577,730,81.6,2026-08-17,-0.46,59.2,False
5102,688663,新风光,57.1,-6.09,2.6,672.75,58.707360561264,0.4837924,71.82503554,196,845,66.8,2026-08-17,-2.74,48.0,False
5103,688665,四方光电,47.64,0.87,0.44,35.69,46.612331069286,0.14869,68.7610076,-136,1538,61.6,2026-08-17,2.2,42.4,False
5104,688667,菱电电控,92.27,0.46,0.71,38.67,91.058874632252,0.1891216,71.36809733,388,939,60.8,2026-08-17,1.33,43.4,False
5105,688668,鼎通科技,270.71,-7.67,3.32,102.58,281.843177244205,0.4608696,78.60895757,-88,114,76.8,2026-08-17,-3.95,60.4,False
5106,688669,聚石化学,78.33,-0.55,1.97,-39.76,77.791496176449,0.446136,64.86385107,-132,2717,65.2,2026-08-17,0.69,42.3,False
5107,688670,金迪克,15.75,-3.08,0.34,-21.67,15.996972186643,0.0388116,53.05051966,-637,5073,60.8,2026-08-17,-1.54,32.3,False
5108,688671,碧兴物联,24.41,-2.2,1.16,-27.94,24.634053904694,0.1322288,53.68248312,81,5039,60.8,2026-08-17,-0.91,32.6,False
5109,688676,金盘科技,73.26,-0.7,1.61,74.9,72.617132429912,0.4200632,72.49890374,64,731,78.0,2026-08-17,0.89,56.5,False
5110,688677,海泰新光,89.73,-0.03,9.15,56.97,83.443005997623,0.4614744,79.75224615,686,62,65.2,2026-08-17,7.53,52.0,False
5111,688678,福立旺,19.56,-2.98,2.28,43.3,19.74377602251,0.40961,74.55707305,1395,447,62.8,2026-08-17,-0.93,46.8,False
5112,688679,通源环境,39.86,4.7,4.24,2451.74,36.697951279101,0.3052356,67.53033974,151,1891,64.4,2026-08-17,8.62,43.5,False
5113,688680,海优新材,34.96,-1.24,0.43,-22.4,35.404316762981,0.1096292,56.50428419,-628,4750,62.0,2026-08-17,-1.25,35.0,False
5114,688681,科汇股份,16.9,-1.46,0.63,173.04,17.017601135011,0.152346,67.08333185,-458,2028,63.6,2026-08-17,-0.69,42.7,False
5115,688682,霍莱沃,32.37,-2.03,0.73,127.04,32.523963151445,0.157348,60.20408023,536,4008,62.0,2026-08-17,-0.47,37.3,False
5116,688683,莱尔科技,32.68,-2.68,0.51,94.08,32.699743278379,0.2565304,71.27507849,782,956,62.0,2026-08-17,-0.06,44.2,False
5117,688685,迈信林,43.4,-4.02,1.32,607.41,44.599857457029,0.3772376,54.05427827,53,5008,68.0,2026-08-17,-2.69,36.8,False
5118,688686,奥普特,122.4,-2.07,0.87,58.56,121.701840892308,0.32369,71.37707434,1680,936,66.8,2026-08-17,0.57,47.7,False
5119,688687,凯因科技,18.09,-1.36,0.79,126.03,18.223652797684,0.2189088,60.22251091,-349,4001,67.6,2026-08-17,-0.73,40.7,False
5120,688689,银河微电,42.07,0.33,4.36,63.16,41.460005590959,0.302197333333,67.77163803,491,1816,69.2,2026-08-17,1.47,46.9,False
5121,688690,纳微科技,44.26,-2.08,1.03,65.58,44.67799108843,0.3383964,70.86520914,607,1048,71.6,2026-08-17,-0.94,50.7,False
5122,688691,灿芯股份,68.74,-3.41,3.2,-72.28,69.99915435146,0.3000356,57.13075297,-964,4657,64.4,2026-08-17,-1.8,36.8,False
5123,688692,达梦数据,244.79,-0.33,0.94,45.77,244.29108330793,0.4031332,71.47794394,-849,914,68.8,2026-08-17,0.2,49.2,False
5124,688693,锴威特,83.63,-4.07,5.58,-85.51,86.214379601662,0.3250268,60.36471785,257,3970,68.0,2026-08-17,-3.0,41.0,False
5125,688695,中创股份,19.3,-2.03,0.96,-39.7,19.476753011195,0.1317112,61.5751676,970,3658,63.2,2026-08-17,-0.91,38.9,False
5126,688696,极米科技,71.76,-0.15,0.49,24.99,71.630668888503,0.1781804,62.65098123,-1853,3359,67.2,2026-08-17,0.18,42.1,False
5127,688697,纽威数控,15.25,1.33,0.93,36.62,15.032853986587,0.21663,73.02082135,1242,645,69.6,2026-08-17,1.44,50.8,False
5128,688698,伟创电气,49.17,-1.34,0.88,54.72,48.899019482963,0.1967196,68.37674996,254,1652,66.0,2026-08-17,0.55,45.1,False
5129,688699,明微电子,64.43,-4.09,2.86,41.72,66.651678364982,0.3046064,65.72466551,-1614,2439,71.2,2026-08-17,-3.33,46.8,False
5130,688700,东威科技,60.5,-1.14,2.57,91.07,59.985619467717,0.3426256,74.42038485,558,457,70.4,2026-08-17,0.86,52.4,False
5131,688701,卓锦股份,8.33,-0.72,1.05,-28.59,8.268513931901,0.1301384,57.31586751,-274,4624,62.4,2026-08-17,0.74,35.8,False
5132,688702,盛科通信-U,422.8,0.26,2.32,-2544.8,418.97972670975,0.5734532,72.43375701,912,749,83.6,2026-08-17,0.91,60.6,False
5133,688707,振华新材,10.49,-2.05,0.64,-13.95,10.650307646283,0.2112508,51.69763671,-35,5135,63.6,2026-08-17,-1.51,32.9,False
5134,688708,佳驰科技,43.93,-2.44,0.72,170.69,45.116808354737,0.1686588,60.99353516,-491,3806,62.4,2026-08-17,-2.63,38.1,False
5135,688709,成都华微,27.21,-1.77,1.14,-64.56,27.285513933538,0.2165096,62.68646078,-377,3343,70.4,2026-08-17,-0.28,44.1,False
5136,688710,益诺思,96.97,-3.07,1.79,279.94,97.47644046986,0.3133212,71.47836206,419,913,70.8,2026-08-17,-0.52,50.6,False
5137,688711,宏微科技,26.35,-2.8,2.24,1570.62,26.529051940883,0.2982448,61.49396987,-129,3678,67.2,2026-08-17,-0.67,41.3,False
5138,688712,北芯生命,34.34,-1.52,2.73,78.32,34.531952004651,0.2237812,63.72535223,-355,3049,64.8,2026-08-17,-0.56,41.3,False
5139,688716,中研股份,28.88,-1.6,1.39,-182.51,29.11270418291,0.1922944,56.51735816,179,4748,66.4,2026-08-17,-0.8,37.5,False
5140,688717,艾罗能源,61.91,-1.26,4.75,37.16,61.290131074435,0.2417324,66.0885488,-340,2319,69.2,2026-08-17,1.01,45.7,False
5141,688718,唯赛勃,14.24,-2.67,0.52,62.14,14.470616952006,0.153098,65.54798685,209,2509,60.8,2026-08-17,-1.59,39.9,False
5142,688719,爱科赛博,52.47,-3.62,2.33,-86.16,53.614162164106,0.3172908,72.24171599,-300,784,63.2,2026-08-17,-2.13,45.7,False
5143,688720,艾森股份,72.34,-0.48,4.32,235.53,69.90766270509,0.326112,71.72216206,1602,860,66.0,2026-08-17,3.48,47.3,False
5144,688721,龙图光罩,43.7,-1.29,4.73,142.78,43.134319809588,0.2614544,63.76381599,-1692,3039,66.8,2026-08-17,1.31,42.6,False
5145,688722,同益中,14.4,-1.17,0.44,22.26,14.428576364602,0.2359712,64.92052125,560,2699,61.6,2026-08-17,-0.2,40.0,False
5146,688726,拉普拉斯,46.97,2.67,2.43,39.52,45.356581273824,0.336512,66.04248274,313,2334,61.6,2026-08-17,3.56,40.7,False
5147,688727,恒坤新材,51.45,-1.27,4.61,225.98,51.185355163659,0.2899224,66.6449546,-418,2158,67.6,2026-08-17,0.52,45.1,False
5148,688728,格科微,16.62,-3.09,0.97,7662.75,16.666622420614,0.36563,68.31615823,11,1676,74.0,2026-08-17,-0.28,50.6,False
5149,688729,屹唐股份,26.82,-2.12,0.82,124.36,27.033675955447,0.3639424,68.79043611,1507,1531,71.6,2026-08-17,-0.79,49.3,False
5150,688733,壹石通,33.11,-4.72,2.25,3943.79,32.781151262623,0.3209468,65.92305112,-214,2381,67.6,2026-08-17,1.0,44.6,False
5151,688737,中自科技,18.29,-1.45,0.37,158.78,18.37523303748,0.0561116,62.63744471,1215,3365,61.6,2026-08-17,-0.46,38.6,False
5152,688739,成大生物,20.45,-1.06,0.19,-1116.05,20.651793025144,0.2126692,62.73332547,-254,3329,65.6,2026-08-17,-0.98,41.2,False
5153,688750,金天钛业,14.52,-1.63,0.6,173.61,14.662016318997,0.204502,54.67745598,-367,4964,63.2,2026-08-17,-0.97,34.6,False
5154,688755,汉邦科技,27.64,-1.29,0.79,42.83,27.850575939747,0.1702752,70.96026788,1018,1018,63.2,2026-08-17,-0.76,44.8,False
5155,688757,胜科纳米,35.4,-2.91,5.54,481.47,35.127707054337,0.3287684,70.01404044,583,1240,62.0,2026-08-17,0.78,43.4,False
5156,688758,赛分科技,28.64,-1.92,1.63,84.02,29.037584227665,0.2553388,71.36988873,-241,937,69.6,2026-08-17,-1.37,49.7,False
5157,688759,必贝特-U,27.53,-1.33,4.25,-58.73,27.641606086877,0.2986876,52.57644674,-209,5101,65.6,2026-08-17,-0.4,34.5,False
5158,688765,禾元生物-U,38.82,-2.46,2.78,-96.25,39.364685904317,0.233214,55.33663753,-361,4891,66.8,2026-08-17,-1.38,37.0,False
5159,688766,普冉股份,466.09,0.02,7.52,69.0,448.085831032942,0.6014688,82.92126711,218,12,85.6,2026-08-17,4.02,71.0,False
5160,688767,博拓生物,42.03,-0.76,0.99,-153.72,42.005094526357,0.415054,66.98320937,-103,2057,66.8,2026-08-17,0.06,44.7,False
5161,688768,容知日新,43.83,-0.36,0.23,-42.23,43.94320929956,0.1610588,59.48200674,-320,4169,60.8,2026-08-17,-0.26,36.2,False
5162,688772,珠海冠宇,14.7,-1.74,0.81,-49.38,14.830552513178,0.3358932,59.84247418,-1970,4070,65.2,2026-08-17,-0.88,39.0,False
5163,688775,影石创新,127.3,-4.08,1.12,150.81,132.427257006764,0.3635716,68.67106935,-684,1565,72.4,2026-08-17,-3.87,49.7,False
5164,688776,国光电气,49.15,-2.58,0.71,-33.19,49.997878104971,0.148814,52.6538313,47,5093,67.2,2026-08-17,-1.7,35.4,False
5165,688777,中控技术,95.29,-1.57,0.79,252.38,95.954124706027,0.4147376,67.92205659,1760,1778,78.8,2026-08-17,-0.69,53.5,False
5166,688778,厦钨新能,48.36,-1.53,0.44,24.85,48.685440597208,0.1975216,66.59909959,302,2169,71.6,2026-08-17,-0.67,47.7,False
5167,688779,五矿新能,8.49,5.2,2.51,21.69,7.969154364373,0.3037904,68.67757523,2125,1563,71.6,2026-08-17,6.54,49.2,False
5168,688781,视涯科技-UW,40.27,3.02,4.75,-221.18,38.576131826393,0.252184,59.38464211,326,4194,61.6,2026-08-17,4.39,36.6,False
5169,688783,西安奕材-U,35.7,8.84,17.1,-227.62,32.441922665219,0.4132228,66.44714878,2097,2210,72.0,2026-08-17,10.04,47.8,False
5170,688785,恒运昌,293.28,-1.21,2.26,282.32,294.17838275805,0.3491184,76.24485597,378,266,66.8,2026-08-17,-0.31,50.9,False
5171,688786,悦安新材,29.52,-0.71,1.95,66.62,29.066545941374,0.2949488,71.59669955,408,884,61.6,2026-08-17,1.56,44.1,False
5172,688787,海天瑞声,109.35,-3.14,1.83,196.26,111.447533451526,0.2826504,67.497907,122,1901,71.2,2026-08-17,-1.88,48.1,False
5173,688788,科思科技,30.31,-2.85,0.56,-22.85,30.598823660084,0.2247088,56.81128514,93,4705,62.4,2026-08-17,-0.94,35.5,False
5174,688789,宏华数科,46.9,-0.06,0.4,50.86,46.357085795365,0.2223312,66.2404891,-1213,2277,63.2,2026-08-17,1.17,41.9,False
5175,688790,昂瑞微-UW,101.81,-2.2,2.38,-37.74,103.515587675153,0.323952,63.66318652,-2500,3071,65.6,2026-08-17,-1.65,41.8,False
5176,688793,倍轻松,20.78,-0.53,2.64,-37.95,20.283049257522,0.1948608,64.26939387,1941,2890,67.2,2026-08-17,2.45,43.2,False
5177,688795,摩尔线程-U,576.07,-2.36,2.55,-11708.33,586.478715825803,0.5378984,68.93302324,1452,1499,82.4,2026-08-17,-1.77,56.8,False
5178,688796,百奥赛图,140.3,-0.28,5.62,150.67,141.271453233652,0.3319208,66.24256445,-1881,2275,72.0,2026-08-17,-0.69,47.7,False
5179,688798,艾为电子,55.53,-2.54,1.12,63.39,56.380675404335,0.3274172,69.52944844,-300,1363,65.2,2026-08-17,-1.51,45.3,False
5180,688799,华纳药厂,44.88,-1.47,0.93,55.79,44.959994987619,0.2951408,62.06636694,-181,3525,62.4,2026-08-17,-0.18,38.7,False
5181,688800,瑞可达,62.86,-4.58,2.58,76.94,64.343132995696,0.4342148,77.96927766,-51,142,69.2,2026-08-17,-2.31,54.0,False
5182,688802,沐曦股份-U,764.0,-2.8,3.51,-773.14,781.981977336842,0.590234,69.80849519,1755,1296,82.0,2026-08-17,-2.3,57.2,False
5183,688805,健信超导,40.16,-2.14,1.67,72.68,40.496597588248,0.226074,70.4715259,1128,1135,60.4,2026-08-17,-0.83,42.6,False
5184,688807,优迅股份,327.0,9.37,18.87,246.1,292.04572381574,0.5236656,76.99002553,-50,200,70.0,2026-08-17,11.97,53.9,False
5185,688808,联讯仪器,2350.01,4.21,4.19,507.28,2235.78291477888,0.9814984,81.25030998,78,31,82.4,2026-08-17,5.11,67.0,False
5186,688809,强一股份,500.0,2.67,5.05,144.58,481.873072874238,0.50562,78.98427576,756,99,70.0,2026-08-17,3.76,55.3,False
5187,688811,有研复材,23.54,-0.17,6.8,11099.32,23.390074511993,0.3619716,63.43313272,-609,3136,62.8,2026-08-17,0.64,39.8,False
5188,688813,泰金新能,126.3,0.25,12.65,93.18,121.101391316261,0.451054,77.96057506,673,143,64.4,2026-08-17,4.29,50.2,False
5189,688816,易思维,50.21,-1.12,0.91,-41.59,50.514168575796,0.1871288,64.53380358,-488,2813,64.4,2026-08-17,-0.6,41.6,False
5190,688818,电科蓝天,51.12,0.31,3.83,1489.46,50.413380213813,0.4102716,74.15383049,1991,484,67.6,2026-08-17,1.4,50.1,False
5191,688819,天能股份,21.89,-1.49,0.09,70.85,21.908086516269,0.141894,64.39521735,-1032,2853,66.8,2026-08-17,-0.08,43.0,False
5192,688820,盛合晶微,152.61,-0.32,5.36,371.45,149.254385519497,0.49603,77.14003937,1665,192,81.6,2026-08-17,2.25,62.9,False
5193,688981,中芯国际,133.6,-2.31,1.66,210.06,134.749647871457,0.5854312,76.6866389,-29,225,93.2,2026-08-17,-0.85,71.5,False
5194,689009,九号公司-WD,44.55,1.25,0.83,16.26,43.875230814721,0.3444668,70.86895036,-772,1046,78.8,2026-08-17,1.54,55.8,False
