序号,代码,名称,最新价,涨跌幅,换手率,市盈率,主力成本,机构参与度,综合得分,上升,目前排名,关注指数,交易日,cost_deviation_pct,score_x_focus,is_our_stock
1,000001,平安银行,11.9,0.17,0.21,4.49,11.982527176989,0.4481112,72.21582247,-304.0,562.0,89.6,2026-09-03,-0.69,64.7,False
2,000002,万  科Ａ,3.26,3.82,1.81,-1.3,3.149876592065,0.4597068,67.18351216,2098.0,1626.0,82.4,2026-09-03,3.5,55.4,False
3,000006,深振业Ａ,7.18,2.87,0.81,-50.63,7.00908990538,0.3051704,63.06871591,608.0,2956.0,77.6,2026-09-03,2.44,48.9,False
4,000007,全新好,12.53,0.24,1.0,-782.42,12.581939284791,0.3689752,66.98373261,-172.0,1683.0,70.0,2026-09-03,-0.41,46.9,False
5,000008,神州高铁,2.52,1.2,0.36,-64.11,2.505822727471,0.264118545455,56.47620835,-375.0,4671.0,71.6,2026-09-03,0.57,40.4,False
6,000009,中国宝安,7.18,0.98,0.25,-311.42,7.140853168804,0.1884072,58.20794667,-1543.0,4339.0,76.8,2026-09-03,0.55,44.7,False
7,000010,*ST美丽,1.69,2.42,1.88,-57.1,1.668782891167,0.343442,57.09331432,26.0,4572.0,66.0,2026-09-03,1.27,37.7,False
8,000011,深物业A,8.62,3.23,4.04,-37.68,8.388186194311,0.1969256,63.7639753,9.0,2723.0,83.2,2026-09-03,2.76,53.1,False
9,000012,南  玻Ａ,3.76,1.35,0.43,-13.58,3.721871551005,0.230232,62.25058069,689.0,3215.0,68.4,2026-09-03,1.02,42.6,False
10,000014,沙河股份,10.78,1.99,1.15,-92.49,10.649582724174,0.113168,58.19983469,-106.0,4340.0,74.8,2026-09-03,1.22,43.5,False
11,000016,*ST康佳A,,,0.0,-17.14,2.456638278291,0.627548888889,71.44282947,202.0,682.0,72.8,2026-09-03,,52.0,False
12,000017,深中华A,9.73,-8.03,20.46,316.82,10.58,0.1482092,61.92292729,-2943.0,3331.0,90.8,2026-09-03,-8.03,56.2,False
13,000019,深粮控股,7.14,2.15,3.78,36.78,6.987933977944,0.2743576,61.10775908,-286.0,3576.0,85.2,2026-09-03,2.18,52.1,False
14,000020,深华发Ａ,12.56,1.21,1.39,211.55,12.482588883942,0.1101376,62.88877578,203.0,3012.0,74.8,2026-09-03,0.62,47.0,False
15,000021,深科技,35.3,0.0,1.41,51.47,35.369266658232,0.2650492,63.05072194,-454.0,2964.0,78.8,2026-09-03,-0.2,49.7,False
16,000025,特  力Ａ,15.87,1.86,1.78,40.39,15.743463840986,0.258114,68.97411232,1037.0,1143.0,80.8,2026-09-03,0.8,55.7,False
17,000026,飞亚达,21.02,6.32,2.65,42.43,19.810033965697,0.220354,67.78934953,-257.0,1467.0,72.8,2026-09-03,6.11,49.4,False
18,000027,深圳能源,6.37,0.79,0.21,7.96,6.351082442573,0.295378,64.28832165,152.0,2543.0,74.4,2026-09-03,0.3,47.8,False
19,000028,国药一致,20.2,0.75,0.2,10.2,20.076452395761,0.1845796,68.88367665,1343.0,1166.0,71.6,2026-09-03,0.62,49.3,False
20,000029,深深房Ａ,22.5,1.4,0.18,-1329.56,22.059959041174,0.2064984,60.27802497,-985.0,3826.0,69.6,2026-09-03,1.99,42.0,False
21,000030,富奥股份,4.08,0.49,0.32,18.67,4.076033803106,0.1818144,69.55229475,1265.0,1017.0,66.4,2026-09-03,0.1,46.2,False
22,000031,大悦城,2.33,4.95,1.16,-6.91,2.232483654025,0.3149816,63.42366358,307.0,2833.0,71.6,2026-09-03,4.37,45.4,False
23,000032,深桑达Ａ,14.39,0.07,1.33,-41.95,14.470925225265,0.2239232,65.08230075,1133.0,2278.0,70.8,2026-09-03,-0.56,46.1,False
24,000034,神州数码,23.93,-0.21,1.37,24.52,24.084513795859,0.356262,73.99420896,900.0,341.0,78.4,2026-09-03,-0.64,58.0,False
25,000035,中国天楹,4.86,1.89,0.75,27.18,4.791420751922,0.3130924,65.59569292,1546.0,2101.0,71.6,2026-09-03,1.43,47.0,False
26,000036,华联控股,4.03,3.07,1.25,102.11,3.931095869087,0.2756072,68.44901303,1292.0,1288.0,70.0,2026-09-03,2.52,47.9,False
27,000037,深南电A,9.42,1.51,1.03,143.14,9.306692221003,0.1939672,60.06270059,522.0,3882.0,74.4,2026-09-03,1.22,44.7,False
28,000039,中集集团,9.2,3.84,0.92,33.54,8.840449927542,0.2453916,63.4122667,363.0,2838.0,78.8,2026-09-03,4.07,50.0,False
29,000042,中洲控股,8.84,1.49,0.56,2.97,8.733711701482,0.1560576,65.69662206,1158.0,2072.0,67.2,2026-09-03,1.22,44.1,False
30,000045,深纺织Ａ,11.18,2.29,0.59,55.76,11.02645589497,0.084328,65.223821,-597.0,2233.0,70.0,2026-09-03,1.39,45.7,False
31,000048,京基智农,22.7,-1.56,0.89,-12.3,22.934096471638,0.3381984,59.08299878,-1698.0,4142.0,68.4,2026-09-03,-1.02,40.4,False
32,000049,德赛电池,23.26,0.95,0.56,21.79,23.112800699445,0.2559932,61.6700527,-587.0,3405.0,78.4,2026-09-03,0.64,48.3,False
33,000050,深天马Ａ,6.63,1.22,0.35,-11.09,6.595735027108,0.2532436,57.79386825,104.0,4435.0,72.0,2026-09-03,0.52,41.6,False
34,000055,方大集团,3.62,1.97,0.67,35.66,3.570631765375,0.1096728,60.24454242,-1269.0,3832.0,64.4,2026-09-03,1.38,38.8,False
35,000056,*ST皇庭,2.39,5.75,2.15,-5.19,2.225020260769,0.418956,67.02457085,-1402.0,1672.0,71.6,2026-09-03,7.41,48.0,False
36,000058,深 赛 格,7.32,5.02,1.27,86.17,7.031677741703,0.1301352,63.78244415,76.0,2717.0,75.6,2026-09-03,4.1,48.2,False
37,000059,华锦股份,5.77,-1.2,3.46,12.64,6.002453906216,0.2696728,65.2877466,-722.0,2204.0,84.0,2026-09-03,-3.87,54.8,False
38,000060,中金岭南,6.6,-0.3,1.12,12.83,6.631917210673,0.3577712,64.26589764,-246.0,2548.0,78.4,2026-09-03,-0.48,50.4,True
39,000061,农 产 品,6.33,2.43,0.95,24.78,6.220529869182,0.2579816,72.57759814,-242.0,511.0,80.4,2026-09-03,1.76,58.4,False
40,000062,深圳华强,24.23,0.12,1.29,32.37,24.345676497286,0.2480448,67.59485887,-339.0,1513.0,93.2,2026-09-03,-0.48,63.0,False
41,000063,中兴通讯,33.42,0.36,0.68,29.04,33.410056214065,0.3853176,62.9026071,292.0,3007.0,82.0,2026-09-03,0.03,51.6,False
42,000065,北方国际,9.92,2.27,0.78,17.67,9.770946564502,0.2338112,67.42236289,-422.0,1564.0,80.4,2026-09-03,1.53,54.2,False
43,000066,中国长城,14.55,0.21,0.92,75.21,14.555190383945,0.3227364,62.91389199,1440.0,3003.0,78.0,2026-09-03,-0.04,49.1,False
44,000068,华控赛格,3.26,1.88,0.38,-40.69,3.238374329373,0.1893192,51.59878695,-30.0,5129.0,65.6,2026-09-03,0.67,33.8,False
45,000069,华侨城Ａ,1.87,2.75,0.65,-2.15,1.833800048686,0.3918792,59.13559117,-23.0,4123.0,77.2,2026-09-03,1.97,45.7,False
46,000070,特发信息,15.88,-2.46,3.81,111.09,15.879859114403,0.3013432,68.85342127,3172.0,1176.0,84.4,2026-09-03,0.0,58.1,False
47,000078,ST海王,1.47,2.8,1.85,-9.48,1.430067154074,0.4359112,56.24749266,377.0,4709.0,75.2,2026-09-03,2.79,42.3,False
48,000088,盐 田 港,4.56,0.44,0.24,17.02,4.563486639305,0.2586476,68.7305784,-355.0,1209.0,72.4,2026-09-03,-0.08,49.8,False
49,000089,深圳机场,6.62,0.61,0.26,9.21,6.600678170261,0.2237512,67.04599409,-954.0,1669.0,72.4,2026-09-03,0.29,48.5,False
50,000090,天健集团,3.54,1.72,0.48,-9.93,3.518578059909,0.2278012,67.0731715,1333.0,1657.0,66.4,2026-09-03,0.61,44.5,False
51,000096,广聚能源,8.34,1.09,0.48,32.09,8.279002440936,0.1340328,65.57592418,-1315.0,2112.0,73.6,2026-09-03,0.74,48.3,False
52,000099,中信海直,14.02,1.37,0.59,43.4,13.877165315675,0.2453424,65.59202436,1195.0,2105.0,74.0,2026-09-03,1.03,48.5,False
53,000100,TCL科技,4.89,0.2,0.56,14.09,4.886555920515,0.4651512,67.14490113,-268.0,1642.0,72.8,2026-09-03,0.07,48.9,False
54,000151,中成股份,10.34,1.47,0.87,96.69,10.246057830656,0.2232596,63.76720245,1229.0,2722.0,71.2,2026-09-03,0.92,45.4,False
55,000153,丰原药业,6.31,1.77,1.01,20.57,6.259822688784,0.1222764,60.86009553,372.0,3648.0,75.2,2026-09-03,0.8,45.8,False
56,000155,川能动力,12.15,-0.33,0.73,15.89,12.307681377429,0.3356256,64.60774386,-426.0,2434.0,79.6,2026-09-03,-1.28,51.4,False
57,000156,华数传媒,7.06,2.47,0.32,31.12,6.955503717783,0.1330796,66.50777823,-51.0,1812.0,74.0,2026-09-03,1.5,49.2,False
58,000157,中联重科,6.64,0.76,0.21,13.66,6.593959177057,0.2861076,65.46172572,-7.0,2147.0,78.4,2026-09-03,0.7,51.3,False
59,000158,常山北明,13.87,2.21,1.74,-97.77,13.765519362895,0.241022,61.15122368,-575.0,3560.0,93.2,2026-09-03,0.76,57.0,False
60,000159,国际实业,5.76,1.95,1.0,90.72,5.724042733553,0.2228396,60.23887986,-517.0,3833.0,65.6,2026-09-03,0.63,39.5,False
61,000166,申万宏源,4.6,1.32,0.17,10.05,4.564083798369,0.45545,72.47131395,777.0,526.0,78.0,2026-09-03,0.79,56.5,False
62,000301,东方盛虹,14.6,-0.88,0.41,10.72,14.571888298425,0.30714,82.1912012,225.0,21.0,87.2,2026-09-03,0.19,71.7,False
63,000333,美的集团,87.38,0.15,0.11,12.6,87.636971272236,0.3433388,74.80159662,31.0,268.0,90.0,2026-09-03,-0.29,67.3,False
64,000338,潍柴动力,27.22,3.97,1.02,15.27,26.289378316334,0.346392,68.54458641,679.0,1263.0,84.8,2026-09-03,3.54,58.1,False
65,000400,许继电气,21.76,3.52,1.04,26.65,21.078542333299,0.249104,65.97570284,126.0,1979.0,78.8,2026-09-03,3.23,52.0,False
66,000401,金隅冀东,3.63,2.25,0.23,-5.04,3.567977111992,0.2293456,57.18359781,-667.0,4559.0,70.8,2026-09-03,1.74,40.5,False
67,000402,金 融 街,2.62,2.75,1.85,-45.24,2.556325998081,0.4630012,67.99480841,172.0,1412.0,75.2,2026-09-03,2.49,51.1,False
68,000403,派林生物,10.41,0.87,0.2,58.68,10.291986029143,0.1870672,64.46148953,-145.0,2489.0,66.8,2026-09-03,1.15,43.1,False
69,000404,长虹华意,7.1,0.71,0.55,9.86,7.074246513121,0.2450088,67.15653481,1201.0,1638.0,66.0,2026-09-03,0.36,44.3,False
70,000407,胜利股份,4.26,1.19,0.72,18.64,4.24230926559,0.234934,65.41626297,-1483.0,2168.0,75.2,2026-09-03,0.42,49.2,False
71,000408,藏格矿业,76.26,0.53,0.3,16.44,76.991765168862,0.3756204,68.88107706,-541.0,1167.0,83.6,2026-09-03,-0.95,57.6,False
72,000409,云鼎科技,9.26,2.32,0.83,84.48,9.124117422765,0.1310344,67.93459979,-123.0,1430.0,78.4,2026-09-03,1.49,53.3,False
73,000410,沈阳机床,5.37,-0.74,0.5,-365.66,5.372002242264,0.2946136,68.57733465,772.0,1253.0,80.0,2026-09-03,-0.04,54.9,False
74,000411,英特集团,10.35,3.09,0.43,14.97,10.064654516093,0.08569,66.62716933,-305.0,1776.0,69.6,2026-09-03,2.84,46.4,False
75,000415,渤海租赁,4.64,2.88,0.8,4.48,4.491444928862,0.2822172,69.81474014,579.0,946.0,78.4,2026-09-03,3.31,54.7,False
76,000417,合百集团,6.17,2.66,4.92,39.85,6.016500682581,0.27712,71.75729669,2997.0,621.0,70.8,2026-09-03,2.55,50.8,False
77,000419,通程控股,5.13,1.99,0.85,18.95,5.082775398506,0.1168596,71.33779518,13.0,700.0,67.6,2026-09-03,0.93,48.2,False
78,000420,吉林化纤,3.85,4.34,4.01,147.7,3.719529855683,0.2804128,54.92297298,-35.0,4892.0,72.8,2026-09-03,3.51,40.0,False
79,000421,南京公用,5.85,1.39,0.76,20.38,5.825992931701,0.1886252,65.44996431,-1552.0,2153.0,78.0,2026-09-03,0.41,51.1,False
80,000422,湖北宜化,12.7,0.71,0.74,21.63,12.701044543622,0.3035992,62.20130031,-258.0,3232.0,80.0,2026-09-03,-0.01,49.8,False
81,000423,东阿阿胶,48.07,1.05,0.3,17.87,47.733517504048,0.1443632,69.56312709,-664.0,1014.0,82.8,2026-09-03,0.7,57.6,False
82,000425,徐工机械,8.18,3.15,1.12,12.09,7.98601886413,0.4544112,65.82981388,-343.0,2032.0,85.6,2026-09-03,2.43,56.4,False
83,000426,兴业银锡,38.9,-0.94,1.41,15.26,39.164796087873,0.3803228,77.93056244,467.0,94.0,86.4,2026-09-03,-0.68,67.3,False
84,000428,华天酒店,4.69,10.09,5.52,-21.11,4.374484363391,0.215616,63.90220664,-522.0,2684.0,76.8,2026-09-03,7.21,49.1,False
85,000429,粤高速Ａ,13.14,-0.23,0.22,16.16,13.223994539053,0.12385,66.76610907,-1055.0,1739.0,72.4,2026-09-03,-0.64,48.3,False
86,000430,张家界,7.53,1.89,7.11,9.89,7.650323450259,0.345028,68.95387477,1721.0,1150.0,78.8,2026-09-03,-1.57,54.3,False
87,000488,ST晨鸣,1.92,0.52,0.09,-3.59,1.924437015489,0.3603412,53.82510752,-351.0,4993.0,72.0,2026-09-03,-0.23,38.8,False
88,000498,山东路桥,4.98,0.81,0.26,5.29,4.95718515976,0.2309832,65.74654664,-1207.0,2059.0,70.8,2026-09-03,0.46,46.5,False
89,000501,武商集团,7.51,0.27,1.21,22.02,7.533446660519,0.316922,74.22237509,1383.0,324.0,73.2,2026-09-03,-0.31,54.3,False
90,000503,国新健康,7.24,2.99,1.02,-34.66,7.106245711183,0.257112,59.31642893,-462.0,4076.0,73.6,2026-09-03,1.88,43.7,False
91,000504,南华生物,8.26,1.72,0.48,227.44,8.149911499605,0.125752,69.60759273,-230.0,1003.0,65.6,2026-09-03,1.35,45.7,False
92,000505,京粮控股,7.09,5.35,8.28,320.83,6.766796870742,0.3524936,57.81873246,-129.0,4428.0,89.6,2026-09-03,4.78,51.8,False
93,000506,招金黄金,20.89,-0.48,4.12,42.79,21.182163576114,0.3150684,66.07435795,-1649.0,1951.0,93.2,2026-09-03,-1.38,61.6,False
94,000507,珠海港,5.1,0.79,0.31,14.43,5.082526169606,0.27793,64.83466528,1080.0,2362.0,73.2,2026-09-03,0.34,47.5,False
95,000509,华塑控股,3.61,1.98,1.1,-109.68,3.529507516645,0.2285876,63.01139914,566.0,2978.0,66.0,2026-09-03,2.28,41.6,False
96,000510,新金路,16.24,-6.72,5.47,-71.1,17.213066294414,0.319416,66.5616605,2649.0,1793.0,76.8,2026-09-03,-5.65,51.1,False
97,000513,丽珠集团,26.76,0.56,0.38,12.74,26.630393842928,0.2098516,64.38303546,-31.0,2515.0,80.8,2026-09-03,0.49,52.0,False
98,000514,渝 开 发,4.34,4.33,1.78,-501.89,4.198102460131,0.1582928,63.99963598,-661.0,2647.0,79.6,2026-09-03,3.38,50.9,False
99,000516,国际医学,4.11,1.23,0.27,-70.44,4.080935253129,0.2755184,63.36795714,1007.0,2854.0,72.4,2026-09-03,0.71,45.9,False
100,000517,荣安地产,2.25,0.45,0.94,-22.87,2.232129893868,0.2010716,58.47767787,-2030.0,4271.0,64.4,2026-09-03,0.8,37.7,False
101,000518,四环生物,3.93,-2.24,2.75,-78.31,3.975735079553,0.3849584,60.2114925,-1258.0,3840.0,73.6,2026-09-03,-1.15,44.3,False
102,000519,中兵红箭,15.65,2.29,3.65,292.94,15.208135957218,0.2849624,71.30554009,-519.0,709.0,92.4,2026-09-03,2.91,65.9,False
103,000520,凤凰航运,4.49,1.35,7.53,76.02,4.465724802826,0.39206,73.90004669,1481.0,348.0,78.0,2026-09-03,0.54,57.6,False
104,000521,长虹美菱,4.91,1.24,0.37,43.61,4.864439544378,0.2117364,65.95727136,1318.0,1988.0,67.6,2026-09-03,0.94,44.6,False
105,000523,红棉股份,3.35,0.6,1.86,40.41,3.324899437403,0.2810132,65.21083771,811.0,2240.0,80.0,2026-09-03,0.75,52.2,False
106,000524,岭南控股,10.32,2.18,1.18,61.29,10.344585098164,0.213512666667,62.97854922,-1676.0,2986.0,81.2,2026-09-03,-0.24,51.1,False
107,000525,红太阳,4.77,1.06,0.71,31.05,4.72194036215,0.252384,55.57252406,309.0,4812.0,79.2,2026-09-03,1.02,44.0,False
108,000526,学大教育,37.44,2.97,1.31,7.59,37.037874720358,0.1910856,73.21355074,-359.0,422.0,76.4,2026-09-03,1.09,55.9,False
109,000528,柳    工,7.99,1.01,0.57,7.67,7.936508884387,0.3091028,69.51278802,993.0,1028.0,76.4,2026-09-03,0.67,53.1,False
110,000529,广弘控股,5.06,2.43,0.53,45.4,4.981687139798,0.1385564,59.34064457,-165.0,4067.0,67.2,2026-09-03,1.57,39.9,False
111,000530,冰山冷热,5.42,-2.17,3.53,48.47,5.443811039937,0.235086,72.55786995,580.0,518.0,78.0,2026-09-03,-0.44,56.6,False
112,000531,穗恒运Ａ,5.65,1.25,0.3,12.11,5.603686975895,0.2138596,56.85474789,-16.0,4613.0,63.2,2026-09-03,0.83,35.9,False
113,000532,华金资本,11.71,1.65,0.79,38.69,11.595597858014,0.1586344,66.6160947,1556.0,1779.0,73.2,2026-09-03,0.99,48.8,False
114,000533,顺钠股份,12.38,5.72,9.18,82.55,11.822217640772,0.2013236,61.88340685,-2089.0,3341.0,80.0,2026-09-03,4.72,49.5,False
115,000534,万泽股份,25.1,3.76,2.99,51.0,23.554679480383,0.2607428,70.21664894,2145.0,861.0,73.2,2026-09-03,6.56,51.4,False
116,000536,华映科技,3.69,0.82,1.08,-11.34,3.686887810038,0.2653172,62.56652562,-359.0,3114.0,84.4,2026-09-03,0.08,52.8,False
117,000537,绿发电力,7.57,1.61,0.4,26.5,7.476471859198,0.2266184,62.45071065,96.0,3151.0,80.8,2026-09-03,1.25,50.5,False
118,000538,云南白药,50.94,0.33,0.16,12.28,50.825901880287,0.3048096,76.01143475,41.0,176.0,89.6,2026-09-03,0.22,68.1,False
119,000539,粤电力Ａ,5.2,1.36,0.91,-25.01,5.140083880891,0.2954476,60.37919813,992.0,3802.0,70.0,2026-09-03,1.17,42.3,False
120,000541,佛山照明,5.0,0.81,0.31,92.06,4.959434165269,0.2872852,63.95240241,1541.0,2665.0,68.8,2026-09-03,0.82,44.0,False
121,000543,皖能电力,7.45,0.27,0.31,10.24,7.425018002046,0.3619688,69.24620335,233.0,1081.0,71.6,2026-09-03,0.34,49.6,False
122,000544,中原环保,7.38,0.54,0.11,5.52,7.351401307419,0.1454996,61.42940017,-136.0,3483.0,67.2,2026-09-03,0.39,41.3,False
123,000545,金浦钛业,2.25,2.74,8.25,-77.84,2.206554537037,0.3222796,59.24879626,1090.0,4094.0,75.6,2026-09-03,1.97,44.8,False
124,000546,金圆股份,4.73,0.42,0.66,-7.81,4.75481808031,0.2035088,64.94163281,1261.0,2326.0,70.8,2026-09-03,-0.52,46.0,False
125,000547,航天发展,14.66,3.24,1.74,-52.41,14.302142937571,0.2128588,52.6793442,-794.0,5066.0,73.2,2026-09-03,2.5,38.6,False
126,000548,湖南投资,4.68,2.86,0.72,51.59,4.600092593213,0.211572,66.70941326,229.0,1758.0,66.4,2026-09-03,1.74,44.3,False
127,000550,江铃汽车,17.07,1.73,0.41,9.97,16.805257213795,0.0922724,67.58088798,204.0,1519.0,76.0,2026-09-03,1.58,51.4,False
128,000551,创元科技,12.34,1.31,1.21,16.64,12.227038066678,0.2465088,64.96960792,60.0,2315.0,70.8,2026-09-03,0.92,46.0,False
129,000552,甘肃能化,2.55,-0.78,1.05,39.19,2.607823886722,0.3490832,57.54942421,-222.0,4490.0,76.8,2026-09-03,-2.22,44.2,False
130,000553,安道麦A,5.7,2.15,0.23,15.35,5.631255423718,0.1973556,62.83126539,1430.0,3035.0,70.8,2026-09-03,1.22,44.5,False
131,000554,泰山石油,6.57,1.08,2.24,14.62,6.587663420431,0.2105332,67.86701681,-1241.0,1446.0,78.0,2026-09-03,-0.27,52.9,False
132,000555,神州信息,11.33,3.47,1.29,-19.54,11.032777916225,0.161534,63.41952673,-233.0,2835.0,77.6,2026-09-03,2.69,49.2,False
133,000557,西部创业,3.75,1.63,0.3,36.81,3.735642258092,0.2014904,59.81317431,-1240.0,3962.0,68.0,2026-09-03,0.38,40.7,False
134,000558,天府文旅,3.95,3.13,2.62,-120.87,3.909810136316,0.2281856,51.30190645,-658.0,5138.0,82.0,2026-09-03,1.03,42.1,False
135,000559,万向钱潮,11.27,0.45,1.0,33.77,11.24718488389,0.2039772,63.62055547,432.0,2781.0,72.8,2026-09-03,0.2,46.3,False
136,000560,我爱我家,3.15,10.14,25.97,45.92,2.954382344961,0.3290276,65.31913019,-537.0,2195.0,90.4,2026-09-03,6.62,59.0,False
137,000561,烽火电子,7.99,1.4,0.55,-27.54,7.934057782093,0.2247208,58.06121975,-268.0,4376.0,77.2,2026-09-03,0.71,44.8,False
138,000563,陕国投Ａ,3.05,0.66,0.48,10.71,3.041364666206,0.3110008,64.70653082,-128.0,2403.0,72.4,2026-09-03,0.28,46.8,False
139,000564,供销大集,1.63,1.88,2.22,554.37,1.61889145702,0.4835416,62.43916036,-1.0,3156.0,94.4,2026-09-03,0.69,58.9,False
140,000565,渝三峡Ａ,6.41,1.75,1.26,56.35,6.369107778714,0.124334,60.36499416,-2356.0,3804.0,83.2,2026-09-03,0.64,50.2,False
141,000566,海南海药,4.94,0.61,1.72,-15.11,4.905946188947,0.243134,51.36173746,-51.0,5135.0,77.2,2026-09-03,0.69,39.7,False
142,000567,海德股份,6.83,1.04,0.91,4.96,6.879978214867,0.204952,68.60265271,-253.0,1246.0,85.6,2026-09-03,-0.73,58.7,False
143,000568,泸州老窖,80.77,6.28,0.89,13.7,76.541193933164,0.3110048,66.11215632,-608.0,1933.0,86.4,2026-09-03,5.52,57.1,False
144,000570,苏常柴Ａ,5.28,1.73,0.66,17.73,5.232700142369,0.1922948,63.49253979,-641.0,2819.0,67.2,2026-09-03,0.9,42.7,False
145,000571,新大洲A,6.02,0.67,0.7,-39.98,6.010518818861,0.3308012,50.6322731,9.0,5159.0,64.4,2026-09-03,0.16,32.6,False
146,000572,海马汽车,4.02,3.88,1.85,-33.95,3.915063100165,0.1733544,62.88432566,-118.0,3015.0,72.4,2026-09-03,2.68,45.5,False
147,000573,粤宏远Ａ,3.85,1.85,1.15,27.16,3.812269769727,0.1625708,65.49357367,108.0,2138.0,72.0,2026-09-03,0.99,47.2,False
148,000576,甘化科工,8.59,1.9,2.87,52.64,8.461659789645,0.1777144,68.53956193,-1241.0,1266.0,86.0,2026-09-03,1.52,58.9,False
149,000581,威孚高科,18.19,0.5,0.28,10.51,18.200930604776,0.182898,66.90476734,7.0,1701.0,77.2,2026-09-03,-0.06,51.7,False
150,000582,北部湾港,11.97,1.44,1.53,27.0,11.697741220196,0.3775032,71.47229999,784.0,676.0,83.2,2026-09-03,2.33,59.5,False
151,000586,汇源通信,13.87,1.84,1.7,-156.4,13.696228232747,0.1109256,61.5977672,-362.0,3428.0,83.6,2026-09-03,1.27,51.5,False
152,000589,贵州轮胎,4.39,1.15,0.53,9.52,4.37316115113,0.2724428,64.63860623,-270.0,2422.0,73.2,2026-09-03,0.39,47.3,False
153,000590,古汉医药,9.4,0.21,0.52,-75.19,9.397704373156,0.1547412,60.44315758,759.0,3784.0,70.4,2026-09-03,0.02,42.6,False
154,000591,太阳能,4.29,0.7,0.47,17.06,4.279357945047,0.3135064,60.98983541,-79.0,3607.0,75.2,2026-09-03,0.25,45.9,False
155,000592,平潭发展,7.49,9.99,13.68,-104.14,6.818474416739,0.2999208,74.84312855,-63.0,263.0,92.4,2026-09-03,9.85,69.2,True
156,000593,德龙汇能,22.1,-0.45,2.56,141.71,21.855298581623,0.262274,67.60356431,2672.0,1509.0,78.8,2026-09-03,1.12,53.3,False
157,000595,新能股份,5.69,0.53,1.58,112.33,5.697159659497,0.317542156863,60.18680028,-460.0,3849.0,76.0,2026-09-03,-0.13,45.7,False
158,000596,古井贡酒,101.15,4.54,0.9,12.35,97.442492465404,0.2877436,68.51541684,-521.0,1274.0,88.0,2026-09-03,3.8,60.3,False
159,000597,东北制药,4.82,0.42,0.3,41.01,4.815113928484,0.2674612,65.86959319,1297.0,2022.0,78.4,2026-09-03,0.1,51.6,False
160,000598,兴蓉环境,7.29,-0.82,0.23,10.65,7.36114733285,0.2495992,74.27820054,-34.0,318.0,72.4,2026-09-03,-0.97,53.8,False
161,000599,青岛双星,4.77,1.27,0.42,40.76,4.749248813325,0.18076,58.00958808,28.0,4393.0,70.8,2026-09-03,0.44,41.1,False
162,000600,建投能源,7.47,0.67,0.74,8.67,7.420331816858,0.3085748,65.79636872,1466.0,2047.0,70.4,2026-09-03,0.67,46.3,False
163,000601,韶能股份,6.26,1.62,1.2,19.77,6.147678791758,0.31446,65.23393215,1622.0,2229.0,70.0,2026-09-03,1.83,45.7,False
164,000603,盛达资源,36.34,-1.78,5.05,32.14,36.875346340195,0.3518564,72.85078517,548.0,474.0,85.2,2026-09-03,-1.45,62.1,False
165,000605,渤海股份,6.06,2.36,0.54,74.51,6.005716054664,0.0692596,58.15976653,-1505.0,4350.0,67.6,2026-09-03,0.9,39.3,False
166,000607,华媒控股,3.88,2.37,1.16,-123.14,3.849348174945,0.1027524,67.2885676,-92.0,1599.0,71.6,2026-09-03,0.8,48.2,False
167,000608,阳光股份,7.27,-0.41,1.27,-52.49,7.278642582705,0.3572572,67.56072716,531.0,1528.0,75.2,2026-09-03,-0.12,50.8,False
168,000609,*ST中迪,9.73,2.42,1.37,-13.8,9.633620583528,0.2118336,53.71055496,-275.0,5004.0,66.8,2026-09-03,1.0,35.9,False
169,000610,*ST西旅,7.78,6.28,4.69,-15.75,7.399346119641,0.3145996,62.85389295,-1540.0,3030.0,83.2,2026-09-03,5.14,52.3,False
170,000612,焦作万方,11.22,-0.53,1.29,5.44,11.311350459068,0.3705884,76.77664268,825.0,137.0,75.6,2026-09-03,-0.81,58.0,False
171,000615,*ST美谷,3.3,0.61,0.39,-13.19,3.279133102997,0.38083,65.80652959,-260.0,2040.0,70.0,2026-09-03,0.64,46.1,False
172,000617,中油资本,7.41,3.06,1.01,13.94,7.257974762608,0.3038292,64.26561928,-161.0,2549.0,82.8,2026-09-03,2.09,53.2,False
173,000619,海螺新材,5.14,2.8,0.8,-35.08,5.067585880419,0.0680416,60.76880557,-1595.0,3683.0,69.2,2026-09-03,1.43,42.1,False
174,000620,盈新发展,3.03,0.33,2.09,103.32,3.04245011838,0.274434,54.37021675,-94.0,4950.0,84.8,2026-09-03,-0.41,46.1,False
175,000623,吉林敖东,18.66,1.19,0.63,5.44,18.451824156535,0.392584,73.14758129,1106.0,429.0,78.4,2026-09-03,1.13,57.3,False
176,000625,长安汽车,7.16,1.42,0.4,43.42,7.089220367621,0.2891044,68.369066,-39.0,1311.0,75.2,2026-09-03,1.0,51.4,False
177,000626,远大控股,9.51,5.67,3.66,11.2,8.952487068303,0.2181536,68.55795633,1499.0,1257.0,82.8,2026-09-03,6.23,56.8,False
178,000628,高新发展,54.69,1.26,4.29,198.47,54.906546129246,0.4062344,73.07845247,-366.0,437.0,92.4,2026-09-03,-0.39,67.5,False
179,000629,钒钛股份,3.02,0.67,0.33,63.36,3.009777643974,0.3318064,64.82636106,108.0,2366.0,75.6,2026-09-03,0.34,49.0,False
180,000630,铜陵有色,6.48,0.0,0.96,14.52,6.504069549531,0.397748,70.82092395,617.0,768.0,86.0,2026-09-03,-0.37,60.9,False
181,000631,顺发恒能,3.01,1.35,0.17,306.58,2.991714799865,0.3096728,62.40162453,-363.0,3167.0,64.8,2026-09-03,0.61,40.4,False
182,000632,ST三木,4.16,0.48,1.97,-1.14,4.052352951077,0.349552,57.14376139,-596.0,4564.0,72.4,2026-09-03,2.66,41.4,False
183,000633,合金投资,5.42,0.37,0.86,440.26,5.440352412404,0.1445108,61.1731223,-171.0,3554.0,69.6,2026-09-03,-0.37,42.6,False
184,000635,英 力 特,7.28,-2.02,6.82,-5.81,7.797890928193,0.303463461538,59.96718514,-3016.0,3915.0,85.6,2026-09-03,-6.64,51.3,False
185,000636,风华高科,49.7,-1.82,3.44,98.23,50.582856454984,0.3545752,65.12891626,2214.0,2261.0,90.0,2026-09-03,-1.75,58.6,False
186,000637,茂化实华,4.29,1.42,0.9,-33.99,4.275003152779,0.1100024,62.14358245,-1547.0,3256.0,71.2,2026-09-03,0.35,44.2,False
187,000639,ST西王,1.62,0.0,2.15,3.95,1.62365357124,0.4019296,54.16877683,235.0,4959.0,72.4,2026-09-03,-0.23,39.2,False
188,000650,仁和药业,5.43,1.12,0.5,13.02,5.391833991633,0.1989904,66.3084937,-366.0,1874.0,79.2,2026-09-03,0.71,52.5,False
189,000651,格力电器,38.95,0.54,0.27,8.22,38.810003151686,0.3602328,75.28467574,318.0,228.0,90.0,2026-09-03,0.36,67.8,False
190,000652,泰达股份,3.52,1.73,0.43,46.22,3.4935074006,0.1791284,59.13215582,-230.0,4124.0,71.2,2026-09-03,0.76,42.1,False
191,000655,金岭矿业,7.29,0.14,0.81,18.29,7.283574492479,0.1493168,66.66090649,-645.0,1768.0,76.0,2026-09-03,0.09,50.7,False
192,000656,金科股份,1.26,1.61,1.43,359.41,1.243754324829,0.582495098039,63.35881641,902.0,2856.0,80.8,2026-09-03,1.31,51.2,False
193,000657,中钨高新,58.75,-2.12,1.76,32.24,59.911099500285,0.3247808,64.43955846,-50.0,2496.0,87.6,2026-09-03,-1.94,56.4,False
194,000659,珠海中富,2.93,2.09,1.04,-68.35,2.932869582338,0.1769152,52.08584036,-743.0,5103.0,68.8,2026-09-03,-0.1,35.8,False
195,000661,长春高新,74.61,0.72,0.5,32.02,74.296156459315,0.2772464,64.75065098,-10.0,2391.0,81.6,2026-09-03,0.42,52.8,False
196,000663,永安林业,6.19,3.34,1.69,-53.89,6.046296839499,0.1097792,69.97639373,-234.0,910.0,72.0,2026-09-03,2.38,50.4,False
197,000665,湖北广电,4.21,2.43,1.03,-9.56,4.168743045573,0.2194572,56.45311415,-56.0,4680.0,82.0,2026-09-03,0.99,46.3,False
198,000668,荣丰控股,22.37,0.0,0.73,-68.07,22.30706423828,0.2877692,67.06087389,-744.0,1663.0,61.2,2026-09-03,0.28,41.0,False
199,000669,ST金鸿,4.31,0.0,0.19,115.69,4.28245738463,0.325234,61.76102386,-1492.0,3379.0,66.0,2026-09-03,0.64,40.8,False
200,000670,盈方微,7.15,0.28,1.91,-184.33,7.177568355229,0.1890232,58.05512955,-3289.0,4378.0,88.8,2026-09-03,-0.38,51.6,False
201,000672,上峰材料,15.14,3.56,1.19,5.38,14.634945979798,0.1726292,61.66460585,-150.0,3409.0,72.8,2026-09-03,3.45,44.9,False
202,000676,智度股份,7.21,3.59,4.0,31.69,7.048664811465,0.2318248,65.46109719,-576.0,2148.0,78.8,2026-09-03,2.29,51.6,False
203,000677,ST海龙,1.82,2.25,1.83,44.9,1.803377991509,0.271414,55.65269986,23.0,4801.0,70.4,2026-09-03,0.92,39.2,False
204,000678,襄阳轴承,9.44,1.07,1.79,-105.25,9.386668719513,0.1758032,62.56825683,726.0,3113.0,82.8,2026-09-03,0.57,51.8,False
205,000679,大连友谊,6.45,1.1,0.73,-36.76,6.416932509221,0.1612896,64.82901811,310.0,2363.0,65.2,2026-09-03,0.52,42.3,False
206,000680,山推股份,10.6,1.63,0.69,11.67,10.476397932643,0.215414,69.30405282,-115.0,1063.0,79.2,2026-09-03,1.18,54.9,False
207,000681,视觉中国,17.53,4.78,5.61,60.73,17.044293621179,0.2495196,65.57095651,387.0,2114.0,77.2,2026-09-03,2.85,50.6,False
208,000682,东方电子,11.3,0.98,0.35,18.8,11.203950530186,0.2969076,67.01498721,-120.0,1676.0,71.2,2026-09-03,0.86,47.7,False
209,000683,博源化工,6.22,0.97,0.97,13.86,6.138051944501,0.4467772,73.19452841,68.0,424.0,82.0,2026-09-03,1.34,60.0,False
210,000685,中山公用,11.58,1.22,0.65,5.79,11.447497618795,0.284154,75.71741156,471.0,200.0,70.8,2026-09-03,1.16,53.6,False
211,000686,东北证券,8.19,0.99,0.43,12.54,8.142345732767,0.3027928,66.41070887,835.0,1848.0,75.6,2026-09-03,0.59,50.2,False
212,000688,国城矿业,28.54,-1.25,0.48,18.65,29.158245616366,0.2289852,65.33730917,-240.0,2190.0,76.0,2026-09-03,-2.12,49.7,False
213,000690,宝新能源,4.94,0.61,0.85,8.49,4.913439521162,0.428494,64.56241237,66.0,2450.0,72.8,2026-09-03,0.54,47.0,False
214,000691,亚太实业,10.14,-2.59,1.84,-1412.29,10.397829797929,0.2971088,64.26454888,-568.0,2550.0,62.4,2026-09-03,-2.48,40.1,False
215,000692,惠天热电,4.34,0.93,1.43,-12.09,4.319862826628,0.2193036,57.11300754,-2654.0,4568.0,77.6,2026-09-03,0.47,44.3,False
216,000695,滨海能源,14.71,1.87,1.41,-60.34,14.540043065479,0.1901028,58.95132534,188.0,4176.0,76.4,2026-09-03,1.17,45.0,False
217,000697,炼石航空,9.09,1.79,0.61,-124.89,8.99670154533,0.2088016,59.95979968,-2523.0,3920.0,74.0,2026-09-03,1.04,44.4,False
218,000698,ST沈化,3.67,1.66,0.22,19.33,3.647440180705,0.18434,64.4001408,-376.0,2509.0,68.8,2026-09-03,0.62,44.3,False
219,000700,模塑科技,11.42,-2.73,2.99,16.64,11.741448898785,0.330264,66.303809,-551.0,1879.0,71.2,2026-09-03,-2.74,47.2,False
220,000701,厦门信达,5.32,4.11,2.19,4.21,5.154491601905,0.1313372,60.77339372,40.0,3681.0,72.8,2026-09-03,3.21,44.2,False
221,000702,正虹科技,5.84,2.64,1.08,-48.9,5.746702304546,0.0836388,61.00852044,-519.0,3603.0,72.0,2026-09-03,1.62,43.9,False
222,000703,恒逸石化,17.92,-5.08,1.58,5.8,18.864002771587,0.3689436,80.75311913,89.0,33.0,85.6,2026-09-03,-5.0,69.1,False
223,000705,浙江震元,7.31,2.96,1.07,-91.15,7.145180619266,0.0761332,60.01521101,-1234.0,3894.0,70.4,2026-09-03,2.31,42.3,False
224,000707,双环科技,4.68,1.3,0.77,-18.33,4.663552538787,0.156856,55.47664761,-1124.0,4819.0,69.2,2026-09-03,0.35,38.4,False
225,000708,中信特钢,13.6,1.04,0.12,11.48,13.647456030141,0.1853644,68.32241644,-629.0,1328.0,74.0,2026-09-03,-0.35,50.6,False
226,000709,河钢股份,2.1,0.96,0.39,17.02,2.100410751303,0.4033968,62.72436856,-1712.0,3064.0,72.8,2026-09-03,-0.02,45.7,False
227,000710,贝瑞基因,8.96,1.7,1.73,-36.04,8.882297713845,0.1530208,52.1963385,-70.0,5096.0,82.4,2026-09-03,0.87,43.0,False
228,000711,京蓝科技,6.01,-2.28,2.29,119.61,5.967064479776,0.43072372549,60.8201698,16.0,3665.0,84.8,2026-09-03,0.72,51.6,False
229,000712,锦龙股份,12.52,-0.87,12.3,393.64,13.110878436922,0.3230928,64.60913614,-1813.0,2433.0,90.8,2026-09-03,-4.51,58.7,False
230,000713,国投丰乐,6.58,1.86,3.11,-84.17,6.389132115389,0.2469616,71.1514922,-19.0,738.0,88.0,2026-09-03,2.99,62.6,False
231,000715,中兴商业,5.77,2.67,1.33,33.92,5.680161258115,0.1606888,68.51894245,257.0,1273.0,75.2,2026-09-03,1.58,51.5,False
232,000716,黑芝麻,5.55,4.52,6.65,66.78,5.360546319065,0.2009636,59.22565109,11.0,4100.0,91.2,2026-09-03,3.53,54.0,False
233,000717,中南股份,2.29,1.33,0.46,-105.47,2.277386040323,0.2157496,60.83256702,727.0,3656.0,73.6,2026-09-03,0.55,44.8,False
234,000718,苏宁环球,2.02,2.54,0.86,99.02,1.981112131715,0.2944596,63.95819363,-224.0,2662.0,70.0,2026-09-03,1.96,44.8,False
235,000719,中原传媒,12.4,2.99,0.39,12.55,12.127359858021,0.0732692,70.21782662,716.0,860.0,69.2,2026-09-03,2.25,48.6,False
236,000720,新能泰山,3.88,1.04,0.71,-64.26,3.862759844652,0.2416336,57.59417663,675.0,4481.0,78.4,2026-09-03,0.45,45.2,False
237,000721,西安饮食,7.32,3.39,4.31,-40.16,7.256208134804,0.216596,65.6397605,-635.0,2091.0,90.0,2026-09-03,0.88,59.1,False
238,000722,湖南发展,13.37,4.05,1.67,23.11,12.906234628693,0.1794356,66.15163333,-309.0,1923.0,77.2,2026-09-03,3.59,51.1,False
239,000723,美锦能源,3.78,0.53,0.82,-13.89,3.81470650067,0.2704944,66.74998991,-123.0,1745.0,86.4,2026-09-03,-0.91,57.7,False
240,000725,京东方Ａ,5.7,-0.18,0.93,20.12,5.741433686861,0.4130044,68.66509139,-471.0,1221.0,85.2,2026-09-03,-0.72,58.5,False
241,000726,鲁  泰Ａ,5.99,1.35,0.46,9.64,5.936557694517,0.289334,69.10272851,67.0,1122.0,67.2,2026-09-03,0.9,46.4,False
242,000727,冠捷科技,2.28,1.33,0.63,-12.92,2.271533300299,0.2737116,55.47596196,-66.0,4820.0,72.0,2026-09-03,0.37,39.9,False
243,000728,国元证券,7.81,1.69,0.44,10.01,7.72593666309,0.2994068,62.64531225,-186.0,3091.0,76.8,2026-09-03,1.09,48.1,False
244,000729,燕京啤酒,11.36,0.98,0.31,11.44,11.279702019109,0.1317404,73.83868661,389.0,357.0,74.4,2026-09-03,0.71,54.9,False
245,000731,四川美丰,7.54,2.03,2.87,-38.71,7.367772320695,0.31848,69.22608007,-940.0,1088.0,83.2,2026-09-03,2.34,57.6,False
246,000733,振华科技,41.13,0.19,0.68,46.23,41.164268981101,0.28634,66.1620715,-45.0,1920.0,73.2,2026-09-03,-0.08,48.4,False
247,000735,罗 牛 山,5.92,6.28,3.93,-11.01,5.621466129283,0.1955136,57.08954269,-194.0,4574.0,84.8,2026-09-03,5.31,48.4,False
248,000736,中交发展,4.81,4.79,3.21,98.07,4.669566687054,0.2635192,66.24108051,1541.0,1894.0,84.4,2026-09-03,3.01,55.9,False
249,000737,北方铜业,14.66,-1.48,1.47,10.0,14.924921724766,0.2981352,70.54827263,-237.0,815.0,88.0,2026-09-03,-1.78,62.1,False
250,000738,航发控制,19.44,1.2,0.51,58.94,19.192032991256,0.302398,64.05088416,-1521.0,2624.0,77.2,2026-09-03,1.29,49.4,False
251,000739,普洛药业,21.94,2.05,0.65,24.33,21.488785482111,0.2349636,67.39160528,-1178.0,1571.0,82.0,2026-09-03,2.1,55.3,False
252,000750,国海证券,3.86,1.31,0.56,22.38,3.826441187089,0.402352,65.41779632,1781.0,2167.0,75.6,2026-09-03,0.88,49.5,False
253,000751,锌业股份,5.07,-0.78,1.5,63.36,5.128882179857,0.2706436,57.28159278,-41.0,4542.0,76.8,2026-09-03,-1.15,44.0,False
254,000752,*ST西发,8.75,3.8,0.59,52.04,8.412907200939,0.2338744,66.12665055,1466.0,1927.0,64.8,2026-09-03,4.01,42.9,False
255,000753,漳州发展,5.17,4.02,2.76,59.29,4.981590344517,0.2710488,68.26392415,2135.0,1345.0,71.2,2026-09-03,3.78,48.6,False
256,000755,山西高速,4.81,1.05,0.14,14.38,4.798753093642,0.087386,62.39672927,88.0,3170.0,69.2,2026-09-03,0.23,43.2,False
257,000756,新华制药,13.32,0.76,0.38,31.11,13.231066932502,0.1785412,61.86328883,-306.0,3351.0,72.8,2026-09-03,0.67,45.0,False
258,000757,浩物股份,4.37,0.69,0.98,62.24,4.393255645072,0.265346,62.56982408,-528.0,3111.0,63.2,2026-09-03,-0.53,39.5,False
259,000758,中色股份,6.25,-0.32,0.64,10.28,6.299040731928,0.2002504,59.86306235,-414.0,3948.0,76.8,2026-09-03,-0.78,46.0,False
260,000759,中百集团,6.44,-0.31,8.72,-7.13,6.457766804399,0.2790724,67.35846613,3439.0,1585.0,80.8,2026-09-03,-0.28,54.4,False
261,000761,本钢板材,2.34,0.43,0.24,-2.52,2.348635486034,0.1865672,59.78874618,-226.0,3966.0,65.6,2026-09-03,-0.37,39.2,False
262,000762,西藏矿业,22.7,0.09,1.05,98.41,22.871096322315,0.2065632,61.87806149,-726.0,3345.0,80.0,2026-09-03,-0.75,49.5,False
263,000766,通化金马,16.72,2.01,0.66,1137.27,16.333664766556,0.3183196,61.60773249,238.0,3425.0,70.4,2026-09-03,2.37,43.4,False
264,000767,晋控电力,3.43,1.78,1.44,44.1,3.384187547548,0.3027588,55.54659301,162.0,4814.0,70.4,2026-09-03,1.35,39.1,False
265,000768,中航西飞,23.54,2.17,0.64,66.83,23.108480209233,0.3295072,69.16461716,-991.0,1107.0,88.0,2026-09-03,1.87,60.9,False
266,000776,广发证券,22.46,1.4,0.58,7.54,22.118444511738,0.4788068,80.5429699,444.0,37.0,80.8,2026-09-03,1.54,65.1,False
267,000777,中核科技,17.2,1.3,0.58,52.92,17.004348292355,0.205888,60.66160356,53.0,3725.0,71.6,2026-09-03,1.15,43.4,False
268,000778,新兴铸管,3.74,1.08,0.59,19.94,3.702376856141,0.4220084,67.27219298,1196.0,1603.0,76.8,2026-09-03,1.02,51.7,False
269,000779,甘咨询,10.76,-0.28,10.39,23.97,10.451156317689,0.2893524,74.42715528,3762.0,305.0,82.4,2026-09-03,2.96,61.3,False
270,000782,恒申新材,7.69,1.05,0.59,-56.89,7.670799339262,0.2789968,49.71077746,-11.0,5174.0,64.0,2026-09-03,0.25,31.8,False
271,000783,长江证券,9.43,2.17,1.57,8.17,9.303530842842,0.4307692,79.46773829,661.0,48.0,73.2,2026-09-03,1.36,58.2,False
272,000785,居然智家,2.33,2.19,0.64,37.05,2.297104687979,0.2562812,60.22744973,98.0,3834.0,70.8,2026-09-03,1.43,42.6,False
273,000786,北新建材,16.64,0.48,1.2,10.3,16.679803417155,0.20992,68.59270995,-123.0,1251.0,82.8,2026-09-03,-0.24,56.8,False
274,000788,北大医药,5.63,2.18,0.94,30.14,5.547849923234,0.2304344,61.17630816,528.0,3552.0,75.6,2026-09-03,1.48,46.2,False
275,000789,万年青,4.21,2.18,0.3,-34.75,4.150662563542,0.0651216,58.98030168,-230.0,4166.0,68.8,2026-09-03,1.43,40.6,False
276,000790,华神科技,4.17,1.21,0.83,212.93,4.143017830578,0.30932,60.79503667,-228.0,3669.0,72.0,2026-09-03,0.65,43.8,False
277,000791,甘肃能源,7.31,1.11,0.44,14.12,7.248400113366,0.3288464,70.86032598,912.0,761.0,69.6,2026-09-03,0.85,49.3,False
278,000792,盐湖股份,26.98,-0.33,0.44,11.57,27.204896221539,0.4274916,71.14099315,-111.0,739.0,88.0,2026-09-03,-0.83,62.6,False
279,000793,ST华闻,2.05,1.99,0.26,77.28,2.028847013798,0.24355745098,50.15225276,-56.0,5166.0,71.6,2026-09-03,1.04,35.9,False
280,000795,英洛华,8.63,0.35,0.41,37.36,8.596106051268,0.2286936,64.56885801,1119.0,2449.0,74.0,2026-09-03,0.39,47.8,False
281,000796,凯撒旅业,4.41,3.52,5.91,-321.32,4.445986020984,0.2311712,67.7180537,1234.0,1481.0,88.4,2026-09-03,-0.81,59.9,False
282,000797,中国武夷,2.63,4.37,2.11,-4.69,2.535837919808,0.2735248,66.28113407,-186.0,1886.0,76.8,2026-09-03,3.71,50.9,False
283,000798,中水渔业,10.14,9.98,5.22,18.12,9.276635560908,0.1360128,70.56376944,-277.0,811.0,85.6,2026-09-03,9.31,60.4,False
284,000799,酒鬼酒,39.77,2.74,2.06,524.49,38.950667022889,0.2788656,57.08970634,-271.0,4573.0,75.6,2026-09-03,2.1,43.2,False
285,000800,一汽解放,6.1,0.49,0.1,48.98,6.077625802262,0.2198656,65.29196584,453.0,2203.0,75.6,2026-09-03,0.37,49.4,False
286,000801,四川九洲,12.72,0.55,0.7,79.61,12.697402007885,0.2320896,68.33217926,-428.0,1324.0,80.4,2026-09-03,0.18,54.9,False
287,000802,北京文化,4.24,4.69,15.86,-38.71,4.179193905211,0.246264,63.13734604,1953.0,2936.0,82.4,2026-09-03,1.45,52.0,False
288,000803,山高环能,7.56,0.8,0.67,27.08,7.59803619913,0.1938964,64.64331873,-835.0,2418.0,69.2,2026-09-03,-0.5,44.7,False
289,000807,云铝股份,27.1,-1.02,0.94,6.12,27.47846999937,0.4445788,82.66616579,163.0,11.0,89.6,2026-09-03,-1.38,74.1,False
290,000809,和展能源,3.44,2.08,1.1,149.28,3.408869390416,0.1749924,62.05276609,897.0,3288.0,62.4,2026-09-03,0.91,38.7,False
291,000810,创维数字,9.96,1.12,0.47,35.34,9.901242074568,0.2316056,62.71942861,-1519.0,3066.0,79.6,2026-09-03,0.59,49.9,False
292,000811,冰轮环境,37.22,-4.61,2.36,59.39,38.70922373806,0.291962,71.65711045,1265.0,642.0,79.6,2026-09-03,-3.85,57.0,False
293,000812,陕西金叶,3.87,3.48,2.6,65.06,3.785524385652,0.2333456,60.06710578,955.0,3880.0,76.4,2026-09-03,2.23,45.9,False
294,000813,德展健康,3.43,-4.99,4.27,-61.8,3.440620955529,0.4724236,68.16719299,3448.0,1366.0,71.2,2026-09-03,-0.31,48.5,False
295,000815,美利云,16.62,0.97,5.0,176.2,16.541216198815,0.2390268,65.12479172,-1159.0,2263.0,84.8,2026-09-03,0.48,55.2,False
296,000816,智慧农业,2.95,1.72,1.17,377.06,2.916582846319,0.301576,66.87789981,1173.0,1710.0,84.0,2026-09-03,1.15,56.2,False
297,000818,航锦科技,12.51,0.4,0.79,82.79,12.497945663659,0.2357184,54.56296105,8.0,4937.0,72.8,2026-09-03,0.1,39.7,False
298,000819,岳阳兴长,12.47,1.14,0.42,160.56,12.423438732663,0.1293656,64.95307108,-1408.0,2322.0,69.2,2026-09-03,0.37,44.9,False
299,000820,神雾节能,3.7,2.49,2.95,-151.63,3.643746125563,0.16973745098,58.32627586,-60.0,4308.0,68.4,2026-09-03,1.54,39.9,False
300,000821,ST京机,7.44,2.2,0.66,35.55,7.359123340266,0.2130692,58.24908424,-424.0,4331.0,73.6,2026-09-03,1.1,42.9,False
301,000822,山东海化,4.45,0.91,0.44,-7.08,4.453554810565,0.1844268,54.64644909,-24.0,4927.0,71.6,2026-09-03,-0.08,39.1,False
302,000823,超声电子,14.99,0.07,2.68,39.3,14.980915325225,0.2264764,59.54193353,-1223.0,4018.0,78.4,2026-09-03,0.06,46.7,False
303,000825,太钢不锈,3.55,1.43,0.24,74.63,3.521211017765,0.2855592,64.136939,-118.0,2589.0,74.8,2026-09-03,0.82,48.0,False
304,000826,*ST启环,1.87,1.08,0.24,-3.62,1.860730797007,0.2842316,56.84257453,-71.0,4617.0,69.2,2026-09-03,0.5,39.3,False
305,000828,东莞控股,10.14,1.2,0.34,9.58,10.098608534197,0.209076,65.50698618,284.0,2131.0,68.8,2026-09-03,0.41,45.1,False
306,000829,天音控股,9.21,0.88,0.68,297.93,9.210224669034,0.2209308,65.70715153,-345.0,2069.0,78.8,2026-09-03,-0.0,51.8,False
307,000830,鲁西化工,12.81,0.95,0.89,12.52,12.758265688205,0.2615528,65.84198111,-136.0,2025.0,85.6,2026-09-03,0.41,56.4,False
308,000831,中国稀土,56.96,-0.71,0.86,127.55,57.789478712722,0.353692,64.56194551,-211.0,2451.0,88.0,2026-09-03,-1.44,56.8,False
309,000833,粤桂股份,19.99,0.6,1.67,12.9,19.958212849336,0.274894,65.87101183,-68.0,2020.0,76.4,2026-09-03,0.16,50.3,False
310,000837,秦川机床,10.07,0.1,0.46,111.04,10.09835805027,0.1720044,58.05860446,89.0,4377.0,83.6,2026-09-03,-0.28,48.5,False
311,000838,*ST发展,2.81,-1.06,1.11,-30.8,2.825764232673,0.380083272727,58.93498446,911.0,4178.0,74.0,2026-09-03,-0.56,43.6,False
312,000839,国安股份,2.75,1.85,0.72,-36.36,2.716726554348,0.288064,60.83028089,-129.0,3658.0,77.6,2026-09-03,1.22,47.2,False
313,000848,承德露露,8.46,0.71,0.44,14.48,8.45885888974,0.1444428,68.8788539,-786.0,1168.0,76.0,2026-09-03,0.01,52.3,False
314,000850,华茂股份,4.24,0.71,0.33,-146.41,4.241416061513,0.099288,67.7831287,1233.0,1468.0,66.4,2026-09-03,-0.03,45.0,False
315,000852,石化机械,5.66,1.43,2.19,-421.94,5.648435627206,0.298166,64.14728822,-1517.0,2583.0,88.0,2026-09-03,0.2,56.4,False
316,000856,冀东装备,8.82,1.5,0.94,156.69,8.785631450269,0.0475636,60.88714835,-266.0,3642.0,73.6,2026-09-03,0.39,44.8,False
317,000858,五 粮 液,72.1,2.01,0.74,15.99,70.744644729687,0.340622,66.0568791,-487.0,1957.0,90.4,2026-09-03,1.92,59.7,False
318,000859,国风新材,9.04,1.46,1.57,-127.32,8.981971468301,0.252092,60.75077529,819.0,3690.0,84.4,2026-09-03,0.65,51.3,False
319,000860,顺鑫农业,10.86,3.72,1.22,99.82,10.569717386729,0.1557736,59.27017292,619.0,4086.0,78.8,2026-09-03,2.75,46.7,False
320,000862,银星能源,5.35,1.71,0.76,22.49,5.311690453695,0.2092344,55.371698,-78.0,4842.0,74.4,2026-09-03,0.72,41.2,False
321,000863,三湘印象,4.26,2.16,0.58,-124.86,4.197912648472,0.1926108,61.86614819,305.0,3349.0,68.8,2026-09-03,1.48,42.6,False
322,000868,安凯客车,3.63,1.68,0.44,906.04,3.602119646908,0.1134028,60.73316061,-1368.0,3699.0,72.8,2026-09-03,0.77,44.2,False
323,000869,张  裕Ａ,16.36,1.43,0.23,38.26,16.174182741117,0.079148,64.06686954,-428.0,2617.0,68.0,2026-09-03,1.15,43.6,False
324,000875,电投绿能,4.91,1.24,0.34,22.02,4.874415030306,0.2513728,54.40624492,-55.0,4949.0,72.8,2026-09-03,0.73,39.6,False
325,000876,新 希 望,7.28,4.0,0.9,-10.61,7.007254483865,0.270118,62.54991106,-677.0,3122.0,80.8,2026-09-03,3.89,50.5,False
326,000877,天山股份,3.77,2.45,0.11,-4.2,3.709695248128,0.1973896,55.28803989,-1056.0,4855.0,74.8,2026-09-03,1.63,41.4,False
327,000878,云南铜业,17.58,-0.68,1.09,11.24,17.716968013233,0.2970216,71.4787412,-91.0,674.0,91.2,2026-09-03,-0.77,65.2,False
328,000880,潍柴重机,24.44,4.27,5.01,32.49,23.410141560955,0.2455752,73.68809847,177.0,373.0,76.0,2026-09-03,4.4,56.0,False
329,000881,中广核技,6.7,0.3,0.3,-26.06,6.728714403532,0.139982,59.83657661,246.0,3957.0,72.4,2026-09-03,-0.43,43.3,False
330,000882,华联股份,1.55,1.97,1.19,-8.35,1.534310439357,0.391328,61.70034444,596.0,3397.0,71.6,2026-09-03,1.02,44.2,False
331,000883,湖北能源,4.54,0.44,0.19,14.68,4.551524908667,0.2806672,63.91220495,-159.0,2681.0,71.2,2026-09-03,-0.25,45.5,False
332,000885,城发环境,12.17,0.5,0.18,6.85,12.139326813685,0.3476384,68.23911486,1060.0,1351.0,66.8,2026-09-03,0.25,45.6,False
333,000886,海南高速,4.85,3.63,1.15,36.55,4.718100370793,0.1571248,67.07911678,-412.0,1654.0,72.8,2026-09-03,2.8,48.8,False
334,000887,中鼎股份,20.93,-2.38,1.52,20.25,21.389937393101,0.3930584,74.02268981,-174.0,338.0,86.0,2026-09-03,-2.15,63.7,False
335,000888,峨眉山Ａ,10.4,1.46,1.77,22.35,10.469007024821,0.262282,69.45192854,-848.0,1037.0,82.8,2026-09-03,-0.66,57.5,False
336,000889,中嘉博创,4.09,2.51,2.24,15.28,4.012326283835,0.2490564,65.60355479,1189.0,2098.0,72.4,2026-09-03,1.94,47.5,False
337,000890,法尔胜,8.72,-0.23,6.25,-67.24,8.846712228835,0.1846628,61.12128269,-1956.0,3572.0,91.2,2026-09-03,-1.43,55.7,False
338,000892,欢瑞世纪,5.58,9.84,38.08,-19.04,5.439027416486,0.4064592,63.58614057,-2520.0,2795.0,93.6,2026-09-03,2.59,59.5,False
339,000893,亚钾国际,48.37,2.39,1.08,16.55,47.634515104784,0.3493216,75.11542907,-157.0,238.0,82.0,2026-09-03,1.54,61.6,False
340,000895,双汇发展,23.87,0.84,0.15,17.93,23.742962798122,0.216134,68.03681762,-952.0,1403.0,85.2,2026-09-03,0.54,58.0,False
341,000897,津滨发展,1.9,2.7,1.22,-228.47,1.872851329835,0.3991036,62.08349434,73.0,3276.0,71.2,2026-09-03,1.45,44.2,False
342,000898,鞍钢股份,2.06,1.48,0.29,-4.71,2.044816392953,0.285786,62.54957072,-532.0,3123.0,72.8,2026-09-03,0.74,45.5,False
343,000899,赣能股份,9.5,1.06,0.37,18.48,9.398675313716,0.2068656,65.81517689,1230.0,2037.0,74.4,2026-09-03,1.08,49.0,False
344,000900,现代投资,3.68,0.82,0.34,11.94,3.671698914785,0.3026768,65.19529393,-157.0,2244.0,64.4,2026-09-03,0.23,42.0,False
345,000901,航天科技,14.4,1.62,0.79,163.92,14.224947274429,0.1602032,57.8516927,-297.0,4421.0,74.0,2026-09-03,1.23,42.8,False
346,000902,新洋丰,14.35,0.91,0.39,9.37,14.238660066145,0.32909,76.17140942,78.0,165.0,79.6,2026-09-03,0.78,60.6,False
347,000903,ST云动,1.94,0.0,0.61,-11.05,1.927570201146,0.4003076,61.38797452,1522.0,3497.0,72.4,2026-09-03,0.64,44.4,False
348,000905,厦门港务,9.37,4.58,1.97,20.75,8.985485970863,0.2394852,69.12250435,325.0,1116.0,73.6,2026-09-03,4.28,50.9,False
349,000906,浙商中拓,6.14,1.66,0.74,8.64,6.05463724191,0.1483484,67.20668076,-302.0,1622.0,72.8,2026-09-03,1.41,48.9,False
350,000908,石药景峰,6.31,0.32,0.42,945.9,6.341971292556,0.2770972,58.83162951,-1879.0,4207.0,75.2,2026-09-03,-0.5,44.2,False
351,000909,*ST数源,4.61,1.1,0.23,-68.56,4.637119475485,0.2685704,58.88158333,-2528.0,4190.0,68.4,2026-09-03,-0.58,40.3,False
352,000910,大亚圣象,5.47,2.43,0.59,-7.72,5.414407698804,0.2317584,59.49917985,-323.0,4031.0,63.2,2026-09-03,1.03,37.6,False
353,000911,*ST广糖,5.61,-0.18,1.72,-70.06,5.576797619353,0.2917608,65.5785294,1277.0,2110.0,78.4,2026-09-03,0.6,51.4,False
354,000912,泸天化,4.3,2.63,2.9,406.96,4.233808224786,0.2666416,62.00975144,-2208.0,3309.0,85.6,2026-09-03,1.56,53.1,False
355,000913,钱江摩托,11.35,1.52,0.32,29.53,11.196171466543,0.1342288,64.47997788,1363.0,2484.0,66.0,2026-09-03,1.37,42.6,False
356,000915,华特达因,25.23,0.44,0.62,13.23,25.207774861084,0.1526304,61.76491488,-39.0,3378.0,73.6,2026-09-03,0.09,45.5,False
357,000917,电广传媒,7.4,3.79,1.6,-94.28,7.26237970477,0.2372636,65.64089547,-80.0,2090.0,82.8,2026-09-03,1.89,54.4,False
358,000919,金陵药业,6.68,1.37,0.69,41.23,6.61479038788,0.2180012,61.5318567,-643.0,3443.0,74.8,2026-09-03,0.99,46.0,False
359,000920,沃顿科技,11.58,0.52,0.7,20.63,11.476196747724,0.1707032,66.85128974,-95.0,1718.0,67.6,2026-09-03,0.9,45.2,False
360,000921,海信家电,27.59,1.51,0.49,11.52,27.223326826811,0.2554032,71.77529679,-238.0,619.0,72.4,2026-09-03,1.35,52.0,False
361,000922,佳电股份,12.32,-0.48,0.76,27.72,12.14756318575,0.4359824,69.33280875,2222.0,1056.0,72.4,2026-09-03,1.42,50.2,False
362,000923,河钢资源,16.39,0.55,1.19,-41.44,16.342734159989,0.2667108,65.99867118,-579.0,1967.0,74.0,2026-09-03,0.29,48.8,False
363,000925,众合科技,8.77,2.1,2.58,-182.29,8.634264312188,0.2488812,61.73936009,-632.0,3383.0,84.8,2026-09-03,1.57,52.4,False
364,000926,福星股份,2.23,2.29,1.32,-0.76,2.192508488688,0.2902792,53.87431557,-1039.0,4988.0,69.6,2026-09-03,1.71,37.5,False
365,000927,中国铁物,2.53,1.61,0.26,28.4,2.506262191634,0.3475452,63.09112936,-81.0,2947.0,69.2,2026-09-03,0.95,43.7,False
366,000928,中钢国际,5.45,-0.18,0.42,9.82,5.480878330792,0.1222152,64.86262808,-86.0,2355.0,77.2,2026-09-03,-0.56,50.1,False
367,000929,兰州黄河,9.74,-0.51,2.09,-35.03,9.771755783668,0.2068716,71.46433536,1458.0,678.0,66.8,2026-09-03,-0.32,47.7,False
368,000930,中粮科技,5.09,2.83,0.94,-27.91,4.968920224875,0.218036,57.45853381,-265.0,4511.0,84.4,2026-09-03,2.44,48.5,False
369,000931,中 关 村,4.64,1.53,2.22,-58.64,4.585789163149,0.2641696,55.08298318,-1416.0,4876.0,77.2,2026-09-03,1.18,42.5,False
370,000932,华菱钢铁,3.65,0.55,0.46,55.5,3.634089488958,0.5186452,70.55867677,96.0,812.0,75.6,2026-09-03,0.44,53.3,False
371,000933,神火股份,27.37,-1.72,0.82,6.44,27.940893994546,0.4031584,77.9063316,610.0,96.0,85.6,2026-09-03,-2.04,66.7,False
372,000935,四川双马,22.49,0.94,0.14,-317.22,22.270123935612,0.2281116,57.86637026,-23.0,4415.0,72.0,2026-09-03,0.99,41.7,False
373,000936,华西股份,5.68,0.53,0.89,-14.39,5.661483737467,0.28637,57.29971019,440.0,4537.0,82.8,2026-09-03,0.33,47.4,False
374,000937,冀中能源,4.9,-1.61,0.44,36.08,5.039714481452,0.157458,57.159853,-12.0,4562.0,80.4,2026-09-03,-2.77,46.0,False
375,000938,紫光股份,36.21,-5.04,4.63,23.9,38.329880272347,0.4176788,74.61509872,-249.0,286.0,92.0,2026-09-03,-5.53,68.6,False
376,000948,南天信息,14.74,2.57,2.07,219.01,14.499138147104,0.166454,65.10224135,-1315.0,2271.0,80.0,2026-09-03,1.66,52.1,False
377,000949,新乡化纤,7.92,-0.38,1.73,19.05,7.97879726583,0.2761724,71.312138,-352.0,708.0,84.0,2026-09-03,-0.74,59.9,False
378,000950,重药控股,5.38,1.13,0.51,18.11,5.357899865812,0.2974928,65.47304609,-359.0,2143.0,78.8,2026-09-03,0.41,51.6,False
379,000951,中国重汽,21.59,0.94,0.3,12.97,21.387834322835,0.2215224,72.06087155,-66.0,574.0,81.6,2026-09-03,0.95,58.8,False
380,000952,广济药业,6.44,1.1,0.63,-19.12,6.428701305349,0.0505856,56.14973124,-1007.0,4724.0,69.2,2026-09-03,0.18,38.9,False
381,000953,中哲精化,6.18,0.82,0.47,1428.12,6.149303621489,0.2037736,61.45427444,-27.0,3472.0,69.6,2026-09-03,0.5,42.8,False
382,000955,欣龙控股,4.32,2.37,0.81,-377.22,4.272468250074,0.1835756,58.1201243,-1196.0,4364.0,67.6,2026-09-03,1.11,39.3,False
383,000957,中通客车,10.34,-0.48,1.24,10.84,10.441778805254,0.3187708,76.22130942,403.0,162.0,76.4,2026-09-03,-0.97,58.2,False
384,000958,电投产融,5.28,0.76,0.06,27.43,5.256075538856,0.32772,66.48829196,-1158.0,1825.0,72.8,2026-09-03,0.46,48.4,False
385,000959,首钢股份,3.73,0.81,0.13,26.31,3.679544634687,0.2861736,69.49715222,667.0,1030.0,70.0,2026-09-03,1.37,48.6,False
386,000960,锡业股份,34.07,-1.39,0.91,18.64,34.581973696969,0.3381676,69.41684205,667.0,1044.0,83.6,2026-09-03,-1.48,58.0,False
387,000962,东方钽业,52.95,-3.8,2.62,114.18,54.204518337675,0.3420208,69.2922969,2046.0,1067.0,90.0,2026-09-03,-2.31,62.4,False
388,000963,华东医药,27.49,0.11,0.37,12.95,27.261138004259,0.4099624,71.36160438,-38.0,695.0,85.6,2026-09-03,0.84,61.1,False
389,000965,天保基建,3.44,2.99,3.51,35.42,3.359416974418,0.2801684,71.33115729,433.0,701.0,84.8,2026-09-03,2.4,60.5,False
390,000966,长源电力,4.06,1.25,0.4,40.86,4.042355894647,0.303988,54.73838524,-619.0,4917.0,72.4,2026-09-03,0.44,39.6,False
391,000967,盈峰环境,8.19,-2.85,1.01,28.84,8.33307630283,0.2810172,64.8279103,-152.0,2364.0,73.2,2026-09-03,-1.72,47.5,False
392,000968,蓝焰控股,7.31,1.11,1.18,17.9,7.280981923843,0.246836,65.0292282,-1792.0,2299.0,77.6,2026-09-03,0.4,50.5,False
393,000969,安泰科技,17.36,-0.06,0.75,37.43,17.315414931008,0.2067644,63.7764939,-256.0,2719.0,75.2,2026-09-03,0.26,48.0,False
394,000970,中科三环,11.9,0.0,0.76,146.99,11.887942913245,0.3554208,62.81251433,1502.0,3036.0,71.2,2026-09-03,0.1,44.7,False
395,000972,中基健康,3.86,1.31,0.48,-22.58,3.802297691101,0.216310392157,55.88200014,-104.0,4777.0,70.4,2026-09-03,1.52,39.3,False
396,000973,佛塑科技,12.39,1.72,2.62,16.82,12.236842021619,0.2937532,64.21616219,818.0,2563.0,82.4,2026-09-03,1.25,52.9,False
397,000975,山金国际,26.32,-1.2,0.93,15.1,26.828930521648,0.3500592,75.01873431,424.0,251.0,80.8,2026-09-03,-1.9,60.6,False
398,000977,浪潮信息,79.7,-7.7,7.64,19.83,86.986494241667,0.4492084,76.07042385,-157.0,171.0,93.6,2026-09-03,-8.38,71.2,False
399,000978,桂林旅游,6.66,3.26,3.63,254.02,6.615488316469,0.287628,60.52245957,-2798.0,3762.0,79.2,2026-09-03,0.67,47.9,False
400,000980,众泰汽车,1.68,1.2,1.45,52.69,1.671526045959,0.3129664,51.0588265,-13.0,5144.0,73.2,2026-09-03,0.51,37.4,False
401,000981,山子高科,2.73,1.87,1.32,442.64,2.699915966909,0.3184348,56.18231697,-94.0,4717.0,82.0,2026-09-03,1.11,46.1,False
402,000983,山西焦煤,6.86,-0.72,0.61,15.74,6.962508471682,0.2842236,64.39329389,1117.0,2511.0,84.4,2026-09-03,-1.47,54.3,False
403,000985,大庆华科,17.15,1.6,1.76,292.45,16.880181427432,0.1861048,63.72623113,-2257.0,2739.0,73.6,2026-09-03,1.6,46.9,False
404,000987,越秀资本,7.78,1.57,0.32,6.95,7.696375900162,0.3517532,62.41195041,-362.0,3164.0,72.4,2026-09-03,1.09,45.2,False
405,000988,华工科技,98.45,-0.54,1.36,41.73,99.398008413193,0.3307272,64.1789415,-84.0,2579.0,79.2,2026-09-03,-0.95,50.8,True
406,000989,九芝堂,9.04,1.35,0.79,15.46,8.959372010356,0.2567104,63.29858927,-669.0,2873.0,76.4,2026-09-03,0.9,48.4,False
407,000990,诚志股份,6.63,0.15,0.88,19.45,6.669531118494,0.3052316,66.93031194,-315.0,1696.0,81.2,2026-09-03,-0.59,54.3,False
408,000993,闽东电力,10.75,2.48,3.8,83.68,10.575167787652,0.2565416,64.01129443,890.0,2643.0,74.0,2026-09-03,1.65,47.4,False
409,000995,皇台酒业,11.57,3.86,2.38,-59.96,11.239604867789,0.1280336,60.43663174,97.0,3787.0,74.8,2026-09-03,2.94,45.2,False
410,000997,新 大 陆,22.2,5.26,3.41,16.3,21.140476046712,0.254952,72.14108592,867.0,568.0,85.2,2026-09-03,5.01,61.5,False
411,000998,隆平高科,9.47,3.38,3.09,-25.51,9.193834580791,0.2934512,70.78325676,-100.0,774.0,94.0,2026-09-03,3.0,66.5,False
412,000999,华润三九,24.85,0.12,0.24,12.38,24.674465862874,0.3936996,74.40326518,455.0,309.0,82.4,2026-09-03,0.71,61.3,True
413,001201,东瑞股份,12.68,3.59,1.34,-3.85,12.263209707758,0.168024,62.99434464,1126.0,2981.0,67.2,2026-09-03,3.4,42.3,False
414,001202,炬申股份,14.47,0.84,0.68,41.06,14.473437886963,0.1728912,64.89371006,-149.0,2339.0,66.0,2026-09-03,-0.02,42.8,False
415,001203,大中矿业,26.51,0.45,0.32,63.1,26.558862967644,0.2473984,67.95727844,185.0,1427.0,73.6,2026-09-03,-0.18,50.0,False
416,001205,盛航股份,14.77,-0.4,0.95,19.13,14.887867057021,0.1383216,68.59659429,-263.0,1249.0,68.4,2026-09-03,-0.79,46.9,False
417,001206,依依股份,16.71,2.83,2.79,28.02,16.450804314336,0.115972,59.95300308,-502.0,3921.0,66.4,2026-09-03,1.58,39.8,False
418,001207,联科科技,17.56,-1.57,0.67,16.74,17.875238538623,0.2283164,67.40073217,-1323.0,1567.0,74.8,2026-09-03,-1.76,50.4,False
419,001208,华菱线缆,14.92,2.26,4.35,83.05,14.431221360933,0.2204568,71.59044278,2749.0,653.0,77.6,2026-09-03,3.39,55.6,False
420,001209,洪兴股份,18.46,1.65,1.25,76.89,18.527509264627,0.1087096,62.52162732,-2140.0,3134.0,68.0,2026-09-03,-0.36,42.5,False
421,001210,金房能源,29.33,-0.31,1.97,26.6,29.587587711836,0.29934,69.30426172,-282.0,1061.0,73.6,2026-09-03,-0.87,51.0,False
422,001211,双枪科技,23.33,-1.14,1.46,148.42,23.927417038422,0.1862912,59.01160213,-640.0,4162.0,64.4,2026-09-03,-2.5,38.0,False
423,001212,中旗新材,34.66,0.17,0.68,-1609.43,34.694227623203,0.2732212,63.04141725,1625.0,2966.0,67.2,2026-09-03,-0.1,42.4,False
424,001213,中铁特货,3.55,1.14,0.05,39.07,3.534878917038,0.2576916,65.75649668,28.0,2053.0,66.8,2026-09-03,0.43,43.9,False
425,001215,千味央厨,30.8,1.85,0.69,46.81,30.517063207696,0.2203392,61.86613499,713.0,3350.0,60.8,2026-09-03,0.93,37.6,False
426,001216,华瓷股份,15.0,1.01,0.39,21.29,14.934011603213,0.1530304,69.8780681,23.0,930.0,65.2,2026-09-03,0.44,45.6,False
427,001217,华尔泰,10.53,1.25,0.4,116.99,10.508695692536,0.0854104,60.20478803,10.0,3842.0,68.0,2026-09-03,0.2,40.9,False
428,001218,丽臣实业,24.31,1.08,0.54,10.54,24.122427783144,0.1271088,66.92772578,-327.0,1697.0,63.2,2026-09-03,0.78,42.3,False
429,001219,青岛食品,13.01,1.64,0.75,19.33,12.851086750796,0.0911364,67.26962958,1239.0,1604.0,68.4,2026-09-03,1.24,46.0,False
430,001220,世盟股份,31.73,1.54,1.22,25.85,31.638390731878,0.0867592,64.19624328,356.0,2572.0,62.0,2026-09-03,0.29,39.8,False
431,001221,悍高集团,39.83,0.33,2.07,27.25,39.635934083505,0.1716528,78.43225378,-2.0,74.0,74.4,2026-09-03,0.49,58.4,False
432,001222,源飞宠物,14.87,1.57,1.24,35.56,14.868557793165,0.0952412,67.21060305,-474.0,1621.0,72.0,2026-09-03,0.01,48.4,False
433,001223,欧克科技,39.92,1.78,1.95,148.66,39.287198454081,0.2187728,56.17433345,-308.0,4720.0,61.2,2026-09-03,1.61,34.4,False
434,001225,和泰机电,48.81,4.52,1.61,122.44,46.680033569564,0.125514,64.35683686,1172.0,2522.0,61.6,2026-09-03,4.56,39.6,False
435,001226,拓山重工,48.71,0.23,1.24,101.46,48.383926840707,0.1634488,68.81941823,379.0,1183.0,62.8,2026-09-03,0.67,43.2,False
436,001227,兰州银行,2.17,1.4,0.95,7.13,2.160232800865,0.3622688,60.63074264,-1652.0,3735.0,71.2,2026-09-03,0.45,43.2,False
437,001228,永泰运,30.28,4.96,3.29,32.71,28.712702222606,0.2404136,61.38220193,167.0,3499.0,64.0,2026-09-03,5.46,39.3,False
438,001229,魅视科技,36.18,-1.34,1.83,616.84,37.257152743127,0.1430688,63.83126219,-1333.0,2699.0,73.6,2026-09-03,-2.89,47.0,False
439,001230,劲旅环境,20.17,0.7,1.47,20.88,20.375283419242,0.2166048,60.18772364,-2.0,3848.0,64.8,2026-09-03,-1.01,39.0,False
440,001231,农心科技,21.97,0.69,1.38,20.97,22.072022025807,0.0844148,60.90888334,-842.0,3633.0,67.2,2026-09-03,-0.46,40.9,False
441,001233,海安集团,44.75,0.67,0.71,22.65,44.68197504163,0.1705684,65.44815163,-608.0,2154.0,65.6,2026-09-03,0.15,42.9,False
442,001234,泰慕士,23.45,1.21,0.44,54.68,23.470682814634,0.0781852,62.43736819,-552.0,3157.0,67.2,2026-09-03,-0.09,42.0,False
443,001236,弘业期货,8.31,2.97,1.13,171.55,8.180536506887,0.1388692,57.31229269,-322.0,4534.0,76.0,2026-09-03,1.58,43.6,False
444,001237,惠康科技,52.11,0.54,1.74,21.17,52.062979527948,0.1764184,66.31108458,162.0,1871.0,58.8,2026-09-03,0.09,39.0,False
445,001238,浙江正特,25.16,1.78,0.12,35.71,24.955506853033,0.0502176,59.10726193,-1388.0,4134.0,60.0,2026-09-03,0.82,35.5,False
446,001239,永达股份,12.28,1.49,0.75,423.58,12.255677286271,0.0909512,58.69464442,-213.0,4232.0,62.8,2026-09-03,0.2,36.9,False
447,001255,博菲电气,27.65,0.51,0.95,1162.97,27.587404139523,0.099128,59.88022957,-1368.0,3942.0,66.4,2026-09-03,0.23,39.8,False
448,001256,炜冈科技,22.87,0.53,1.12,10.13,22.849161461718,0.1135108,65.34038538,-742.0,2188.0,58.0,2026-09-03,0.09,37.9,False
449,001257,盛龙股份,24.5,-0.41,2.78,31.89,24.605993384613,0.2766364,66.30720973,1584.0,1877.0,69.2,2026-09-03,-0.43,45.9,False
450,001258,立新能源,12.57,8.27,14.74,80.33,11.965900087449,0.2124072,53.46081471,-245.0,5025.0,84.4,2026-09-03,5.05,45.1,False
451,001259,利仁科技,46.36,0.32,0.78,265.73,46.073725782414,0.098494,60.06058298,484.0,3883.0,58.4,2026-09-03,0.62,35.1,False
452,001260,坤泰股份,18.66,1.36,1.32,313.61,18.58798762393,0.07869,54.8234177,63.0,4904.0,68.8,2026-09-03,0.39,37.7,False
453,001266,宏英智能,34.6,3.78,4.36,42.03,33.64370265907,0.1271496,70.55443919,2844.0,814.0,67.6,2026-09-03,2.84,47.7,False
454,001267,汇绿生态,36.16,-1.2,1.93,523.92,36.397348434952,0.2345092,60.76390898,-414.0,3684.0,81.6,2026-09-03,-0.65,49.6,False
455,001268,联合精密,25.21,-0.36,1.97,-174.02,25.66383321728,0.1654096,56.05266409,-312.0,4747.0,71.6,2026-09-03,-1.77,40.1,False
456,001269,欧晶科技,19.57,1.77,0.38,-41.76,19.352536476954,0.072764,51.00348915,4.0,5145.0,65.6,2026-09-03,1.12,33.5,False
457,001270,铖昌科技,98.28,0.3,1.09,132.75,98.38592756253,0.2420872,64.35720619,-358.0,2521.0,76.8,2026-09-03,-0.11,49.4,False
458,001277,速达股份,31.33,0.9,2.05,25.42,31.345411153529,0.1266184,60.74196953,-425.0,3694.0,67.2,2026-09-03,-0.05,40.8,False
459,001278,一彬科技,16.45,-6.32,9.65,-9.96,17.979399904817,0.2516452,59.28827496,-2434.0,4081.0,76.0,2026-09-03,-8.51,45.1,False
460,001279,强邦新材,26.6,0.23,1.52,180.33,26.828701093232,0.2159964,65.57788815,1683.0,2111.0,60.8,2026-09-03,-0.85,39.9,False
461,001280,中国铀业,66.3,0.38,0.93,69.43,66.313395953694,0.2914464,65.82461507,-584.0,2034.0,79.2,2026-09-03,-0.02,52.1,False
462,001282,三联锻造,16.25,0.31,0.34,45.8,16.273717728055,0.0843368,59.18155684,-63.0,4114.0,64.4,2026-09-03,-0.15,38.1,False
463,001283,豪鹏科技,50.83,3.84,3.21,26.81,48.590606868469,0.3571416,72.31973238,-317.0,550.0,71.6,2026-09-03,4.61,51.8,False
464,001285,瑞立科密,44.68,2.2,2.55,21.73,43.849765200284,0.1716772,66.83961972,-115.0,1720.0,67.2,2026-09-03,1.89,44.9,False
465,001286,陕西能源,9.66,0.42,0.54,13.44,9.630239952549,0.2505232,67.02398757,-201.0,1674.0,74.0,2026-09-03,0.31,49.6,False
466,001287,中电港,22.71,0.49,0.89,16.82,22.471892904413,0.2332768,72.96043018,665.0,459.0,78.0,2026-09-03,1.06,56.9,False
467,001288,运机集团,29.11,1.93,1.62,90.21,28.76160323889,0.2316376,65.00135452,-1367.0,2308.0,75.6,2026-09-03,1.21,49.1,False
468,001289,龙源电力,15.18,1.0,0.04,26.52,15.069757156948,0.2273332,64.33864168,1379.0,2530.0,67.2,2026-09-03,0.73,43.2,False
469,001296,长江材料,20.28,-0.1,1.25,27.7,20.367244622857,0.1641552,67.48003936,-1192.0,1545.0,76.4,2026-09-03,-0.43,51.6,False
470,001298,好上好,18.39,-0.05,0.95,27.37,18.470991732881,0.1226208,67.83302409,-23.0,1454.0,81.2,2026-09-03,-0.44,55.1,False
471,001299,美能能源,11.58,1.94,12.24,45.55,10.84166292218,0.4621376,76.17446658,417.0,164.0,68.8,2026-09-03,6.81,52.4,False
472,001300,三柏硕,12.51,1.05,1.02,-74.09,12.604068368573,0.1524792,62.9438104,1383.0,2996.0,72.4,2026-09-03,-0.75,45.6,False
473,001301,尚太科技,57.45,-0.47,0.65,26.2,57.377773263616,0.2642996,74.68521044,289.0,281.0,74.4,2026-09-03,0.13,55.6,False
474,001306,夏厦精密,56.71,1.85,2.0,-33.5,55.85050752144,0.1836996,65.51669074,1654.0,2130.0,62.4,2026-09-03,1.54,40.9,False
475,001308,康冠科技,18.31,0.88,0.13,20.48,18.287783711456,0.1188968,64.79369212,-413.0,2378.0,65.2,2026-09-03,0.12,42.2,False
476,001309,德明利,399.81,-1.3,2.97,7.54,408.171598639703,0.4144336,73.51898492,-284.0,386.0,87.6,2026-09-03,-2.05,64.4,False
477,001311,多利科技,17.66,0.46,0.94,21.15,17.590401451752,0.088154,68.4087472,-35.0,1298.0,66.8,2026-09-03,0.4,45.7,False
478,001312,福恩股份,17.83,0.73,1.1,20.74,17.785788790106,0.1569896,63.94450022,-220.0,2669.0,67.2,2026-09-03,0.25,43.0,False
479,001313,粤海饲料,7.58,3.84,2.23,55.52,7.555382136524,0.1982344,63.93465579,-1521.0,2676.0,71.2,2026-09-03,0.33,45.5,False
480,001314,亿道信息,52.8,0.65,1.32,19.23,52.64439152556,0.150364,72.03357122,-105.0,583.0,74.0,2026-09-03,0.3,53.3,False
481,001316,润贝航科,27.73,1.06,1.21,19.97,27.659237888236,0.1899952,74.4512631,308.0,302.0,66.0,2026-09-03,0.26,49.1,False
482,001317,三羊马,54.97,4.7,4.1,1032.03,53.159410120218,0.2005156,63.86934693,478.0,2689.0,72.0,2026-09-03,3.41,46.0,False
483,001318,阳光乳业,11.78,1.64,0.47,35.9,11.649810139227,0.165358,62.42178828,658.0,3162.0,72.4,2026-09-03,1.12,45.2,False
484,001319,铭科精技,20.48,0.44,0.67,27.28,20.482706509049,0.0858276,63.35070772,-811.0,2860.0,66.4,2026-09-03,-0.01,42.1,False
485,001322,箭牌家居,6.57,0.61,0.12,-51.96,6.593986420122,0.1218876,61.08282328,-2238.0,3589.0,63.6,2026-09-03,-0.36,38.8,False
486,001323,慕思股份,18.72,0.48,0.24,21.95,18.937306581202,0.1318392,64.85092987,147.0,2358.0,65.2,2026-09-03,-1.15,42.3,False
487,001324,长青科技,19.44,1.41,0.75,57.05,19.349082413529,0.1872632,62.65395237,359.0,3087.0,69.6,2026-09-03,0.47,43.6,False
488,001325,元创股份,40.0,1.91,3.13,29.84,39.340911736342,0.21441,62.36610395,-1384.0,3180.0,65.6,2026-09-03,1.68,40.9,False
489,001326,联域股份,74.0,1.33,3.93,139.08,72.740260775336,0.3113,76.78301712,-3.0,136.0,74.8,2026-09-03,1.73,57.4,False
490,001328,登康口腔,30.1,2.49,0.49,25.56,29.662444265686,0.080456,65.80329986,-1245.0,2043.0,64.8,2026-09-03,1.48,42.6,False
491,001330,博纳影业,5.88,0.86,12.69,-23.93,5.987270590615,0.401462,73.31056549,1872.0,408.0,89.2,2026-09-03,-1.79,65.4,False
492,001331,胜通能源,42.55,-0.4,0.7,-923.82,43.162489990001,0.245135211268,66.00599946,153.0,1966.0,64.0,2026-09-03,-1.42,42.2,False
493,001332,锡装股份,27.8,0.58,1.26,22.01,27.653477373904,0.0736732,58.41751524,-154.0,4280.0,60.4,2026-09-03,0.53,35.3,False
494,001333,光华股份,20.42,0.79,0.7,31.08,20.358170999634,0.0555376,64.88796119,-263.0,2342.0,66.8,2026-09-03,0.3,43.3,False
495,001335,信凯科技,33.11,0.79,0.88,28.18,33.278073873618,0.0878244,59.56126334,-1647.0,4016.0,63.2,2026-09-03,-0.51,37.6,False
496,001336,楚环科技,18.86,1.18,1.1,57.7,18.798500376167,0.085282,58.54087793,-1623.0,4256.0,63.2,2026-09-03,0.33,37.0,False
497,001337,四川黄金,53.87,-1.36,2.06,26.15,53.881970975737,0.3394572,75.0266714,798.0,250.0,84.0,2026-09-03,-0.02,63.0,False
498,001338,永顺泰,9.2,1.77,0.8,44.83,9.068328205737,0.1585216,64.4254834,-280.0,2499.0,75.6,2026-09-03,1.45,48.7,False
499,001339,智微智能,76.58,-1.15,1.78,32.24,78.158293771453,0.2152156,69.81827145,-9.0,945.0,78.8,2026-09-03,-2.02,55.0,False
500,001356,富岭股份,9.38,0.64,0.77,65.04,9.390553565742,0.1186124,60.7349469,-115.0,3698.0,69.6,2026-09-03,-0.11,42.3,False
501,001358,兴欣新材,24.52,0.66,0.85,39.96,24.54409636347,0.139906,59.63958016,339.0,3998.0,62.0,2026-09-03,-0.1,37.0,False
502,001359,平安电工,81.97,-2.54,2.5,79.38,83.660671812345,0.2338752,63.89108463,-196.0,2686.0,64.0,2026-09-03,-2.02,40.9,False
503,001360,南矿集团,18.8,4.44,6.73,65.57,17.928840731257,0.17541,67.26505533,2146.0,1608.0,69.2,2026-09-03,4.86,46.5,False
504,001365,天海电子,35.01,0.63,2.12,31.9,34.943899941528,0.1891768,63.7905937,-1716.0,2713.0,64.8,2026-09-03,0.19,41.3,False
505,001366,播恩集团,14.36,10.04,8.56,113.36,13.326692677469,0.1773868,71.43492889,-579.0,683.0,78.8,2026-09-03,7.75,56.3,False
506,001367,海森药业,20.69,0.73,0.46,23.98,20.593628250437,0.1627512,66.06950354,-1086.0,1953.0,66.8,2026-09-03,0.47,44.1,False
507,001368,通达创智,24.37,1.5,0.79,23.89,24.006584811043,0.1422836,71.92150367,484.0,599.0,65.2,2026-09-03,1.51,46.9,False
508,001369,双欣材料,12.67,0.56,1.33,26.58,12.673299607031,0.2270136,61.14203182,-2250.0,3565.0,70.4,2026-09-03,-0.03,43.0,False
509,001373,翔腾新材,29.33,0.48,1.14,-44.64,29.528069041679,0.0965984,59.57029507,-1291.0,4014.0,63.2,2026-09-03,-0.67,37.6,False
510,001376,百通能源,11.65,1.13,3.04,30.17,11.528303464269,0.2021556,73.30635458,839.0,411.0,79.6,2026-09-03,1.06,58.4,False
511,001378,德冠新材,20.36,1.7,1.47,28.96,20.192273125398,0.1882064,65.89625412,-19.0,2009.0,63.2,2026-09-03,0.83,41.6,False
512,001379,腾达科技,16.42,0.61,0.71,62.48,16.222562728836,0.1775888,70.46766078,1491.0,822.0,68.0,2026-09-03,1.22,47.9,False
513,001380,华纬科技,18.15,1.11,0.9,21.06,17.956041431513,0.1166896,68.91090881,-622.0,1157.0,66.8,2026-09-03,1.08,46.0,False
514,001382,新亚电缆,17.4,0.93,3.73,80.54,17.31410381296,0.1215816,67.76506553,-279.0,1473.0,66.0,2026-09-03,0.5,44.7,False
515,001386,马可波罗,16.25,1.06,1.33,22.5,16.159934362816,0.1688856,65.14904894,-679.0,2253.0,68.8,2026-09-03,0.56,44.8,False
516,001387,雪祺电气,12.18,1.25,0.69,101.05,12.193543918371,0.0690812,68.59955996,805.0,1247.0,59.2,2026-09-03,-0.11,40.6,False
517,001388,信通电子,21.62,1.08,1.82,175.18,21.581022016503,0.1461408,62.14532255,-1704.0,3252.0,73.6,2026-09-03,0.18,45.7,False
518,001389,广合科技,156.35,-1.14,1.99,38.67,156.914040620557,0.2851932,78.63690703,670.0,67.0,70.8,2026-09-03,-0.36,55.7,False
519,001390,古麒绒材,17.41,0.81,0.68,18.72,17.378046937939,0.2261164,68.34789215,-40.0,1319.0,60.4,2026-09-03,0.18,41.3,True
520,001391,国货航,4.11,1.48,0.92,27.34,4.066049551027,0.2718252,68.31103179,1404.0,1333.0,68.8,2026-09-03,1.08,47.0,False
521,001393,维通利,42.78,0.75,2.74,39.26,42.441131540592,0.2041684,68.51116647,-1168.0,1275.0,67.6,2026-09-03,0.8,46.3,False
522,001395,亚联机械,30.26,0.8,1.03,10.9,30.163419371204,0.1520332,68.07284243,-549.0,1387.0,65.2,2026-09-03,0.32,44.4,False
523,001396,誉帆科技,33.41,1.58,1.26,95.41,33.212959372983,0.1258432,65.75273995,-553.0,2058.0,63.2,2026-09-03,0.59,41.6,False
524,001400,江顺科技,81.76,-4.15,5.73,61.94,85.040288759995,0.1995008,63.60837281,-1903.0,2789.0,69.2,2026-09-03,-3.86,44.0,False
525,001696,宗申动力,16.92,-0.7,4.39,23.14,16.323590774546,0.3041284,78.28332357,24.0,79.0,87.6,2026-09-03,3.65,68.6,False
526,001872,招商港口,23.61,-0.63,0.05,10.54,24.024928566832,0.150606,70.44523723,-412.0,826.0,76.0,2026-09-03,-1.73,53.5,False
527,001896,豫能控股,11.8,0.68,0.97,137.51,11.619987163748,0.223114,59.98257873,1011.0,3907.0,72.0,2026-09-03,1.55,43.2,False
528,001914,招商积余,9.25,3.82,0.77,9.79,8.949210242235,0.147846,69.57976104,-232.0,1012.0,72.4,2026-09-03,3.36,50.4,False
529,001965,招商公路,9.83,-0.3,0.06,12.82,9.914906150009,0.1466688,68.60854114,-210.0,1241.0,69.6,2026-09-03,-0.86,47.8,False
530,001979,招商蛇口,7.1,3.95,0.94,60.61,6.771321187571,0.4214296,72.33440868,563.0,548.0,86.8,2026-09-03,4.85,62.8,False
531,002001,新 和 成,26.88,0.6,0.33,10.3,26.721026775946,0.3441528,71.40924088,-205.0,688.0,83.2,2026-09-03,0.59,59.4,False
532,002003,伟星股份,12.19,1.25,0.4,17.54,12.071692454823,0.1087552,69.66210325,-66.0,988.0,74.0,2026-09-03,0.98,51.5,False
533,002004,华邦健康,4.47,0.9,0.48,13.86,4.469130335966,0.2314184,62.95496303,-325.0,2993.0,76.0,2026-09-03,0.02,47.8,False
534,002005,德豪润达,2.42,1.26,0.51,-462.1,2.431489406222,0.32645,54.50568158,-686.0,4941.0,69.2,2026-09-03,-0.47,37.7,False
535,002006,精工科技,13.7,3.47,1.13,28.71,13.32081519197,0.0834964,61.34632422,-316.0,3507.0,72.0,2026-09-03,2.85,44.2,False
536,002007,华兰生物,13.04,0.69,0.23,31.05,12.977129824516,0.2086392,63.25076882,-735.0,2891.0,82.8,2026-09-03,0.48,52.4,False
537,002008,大族激光,89.77,-3.47,2.84,35.88,92.639021110601,0.3954132,79.23759338,-14.0,52.0,89.6,2026-09-03,-3.1,71.0,False
538,002009,天奇股份,16.67,0.66,0.94,74.43,16.649515545655,0.18158,59.65776798,1044.0,3992.0,71.6,2026-09-03,0.12,42.7,False
539,002010,传化智联,4.64,1.75,0.27,14.31,4.597032115618,0.2548548,59.3836429,-1707.0,4058.0,69.2,2026-09-03,0.93,41.1,False
540,002011,盾安环境,10.8,3.05,1.79,12.43,10.373518475264,0.34354,76.42957911,1173.0,153.0,74.4,2026-09-03,4.11,56.9,False
541,002012,凯恩股份,7.18,-0.28,1.37,140.78,7.251879174839,0.3379252,67.05584232,-335.0,1666.0,71.2,2026-09-03,-0.99,47.7,False
542,002014,永新股份,11.44,0.26,0.14,19.04,11.455096554966,0.0827832,69.61587321,-688.0,1000.0,65.6,2026-09-03,-0.13,45.7,False
543,002015,协鑫能科,17.59,3.05,5.63,26.05,17.187353011845,0.3198648,67.24453631,623.0,1614.0,95.2,2026-09-03,2.34,64.0,False
544,002016,世荣兆业,4.85,4.3,1.33,36.37,4.682320800393,0.185776,70.37853586,-609.0,835.0,70.4,2026-09-03,3.58,49.5,False
545,002017,东信和平,17.43,5.83,9.31,58.77,16.563306956038,0.2370552,68.53218294,-1101.0,1268.0,88.0,2026-09-03,5.23,60.3,False
546,002019,亿帆医药,9.76,1.04,0.44,28.95,9.708209259859,0.200496,62.02485285,-14.0,3299.0,74.0,2026-09-03,0.53,45.9,False
547,002020,京新药业,12.85,1.02,0.41,15.73,12.715296055973,0.2457696,65.83820509,-284.0,2027.0,67.2,2026-09-03,1.06,44.2,False
548,002021,中捷资源,2.71,0.74,0.86,-1084.56,2.710054125999,0.2384964,61.00123244,144.0,3605.0,62.8,2026-09-03,-0.0,38.3,False
549,002022,科华生物,5.79,0.87,0.7,-14.35,5.767645976755,0.05118,56.10845921,-1318.0,4733.0,74.0,2026-09-03,0.39,41.5,False
550,002023,海特高新,9.99,0.71,0.5,72.21,9.943774945281,0.1790348,54.9436018,-60.0,4883.0,76.8,2026-09-03,0.46,42.2,False
551,002024,ST易购,1.18,0.0,0.08,42.94,1.179864973548,0.4683692,53.86249903,-9.0,4990.0,74.8,2026-09-03,0.01,40.3,False
552,002025,航天电器,66.16,-0.91,1.12,117.27,66.351431461061,0.29165,68.71135277,929.0,1213.0,78.4,2026-09-03,-0.29,53.9,False
553,002026,山东威达,11.82,-1.83,0.99,21.75,12.055469841416,0.2433304,69.55253577,-89.0,1016.0,78.0,2026-09-03,-1.95,54.3,False
554,002027,分众传媒,4.92,3.14,0.85,11.36,4.853957763102,0.3619768,71.5498515,-44.0,662.0,87.6,2026-09-03,1.36,62.7,False
555,002028,思源电气,149.63,3.92,1.15,40.0,142.713270669281,0.2797452,73.41136285,137.0,402.0,89.6,2026-09-03,4.85,65.8,False
556,002029,七 匹 狼,9.13,1.9,1.69,-117.88,9.068912898441,0.2777788,67.47133574,-147.0,1551.0,72.0,2026-09-03,0.67,48.6,False
557,002030,达安基因,5.48,1.11,0.48,-31.94,5.435104656609,0.212994,55.9889321,-114.0,4760.0,80.4,2026-09-03,0.83,45.0,False
558,002031,巨轮智能,5.46,-1.27,6.15,-80.85,5.606234448616,0.43849,65.46595472,2940.0,2145.0,85.6,2026-09-03,-2.61,56.0,False
559,002032,苏 泊 尔,39.9,1.01,0.13,18.39,39.580924846417,0.0839056,71.32899008,10.0,702.0,77.2,2026-09-03,0.81,55.1,False
560,002033,丽江股份,9.29,1.09,4.15,19.23,9.403755406138,0.2963112,72.58248723,-411.0,509.0,83.6,2026-09-03,-1.21,60.7,False
561,002034,旺能环境,14.99,1.97,0.86,9.37,14.693830801804,0.214436,66.53959352,1695.0,1800.0,68.0,2026-09-03,2.02,45.2,False
562,002035,华帝股份,4.67,1.74,0.77,11.43,4.623397082031,0.2617044,63.75788339,57.0,2726.0,72.0,2026-09-03,1.01,45.9,False
563,002036,联创电子,7.06,-0.84,4.49,-10.43,7.058344312599,0.239769818182,55.88361809,303.0,4776.0,78.4,2026-09-03,0.02,43.8,False
564,002037,保利联合,7.18,2.72,0.97,-11.94,6.975527769385,0.2425968,59.60123253,901.0,4008.0,76.0,2026-09-03,2.93,45.3,False
565,002038,双鹭药业,6.01,0.84,0.94,-12.1,5.954739709105,0.2610868,59.98622213,640.0,3905.0,82.0,2026-09-03,0.93,49.2,False
566,002039,黔源电力,19.58,0.67,0.31,17.97,19.63268731045,0.2507496,64.74523483,-1482.0,2393.0,68.4,2026-09-03,-0.27,44.3,False
567,002040,南 京 港,9.04,-1.42,2.67,21.62,9.140289430221,0.2412236,75.87962534,247.0,189.0,81.6,2026-09-03,-1.1,61.9,False
568,002041,登海种业,11.06,6.04,5.64,98.28,10.455011690681,0.3060928,69.84723279,-91.0,936.0,90.0,2026-09-03,5.79,62.9,False
569,002042,华孚时尚,3.98,0.76,0.58,19.07,3.971768812344,0.2438116,64.49825984,-597.0,2478.0,75.6,2026-09-03,0.21,48.8,False
570,002043,兔 宝 宝,12.75,1.35,0.37,21.39,12.612473106503,0.1812644,77.73564736,558.0,101.0,76.0,2026-09-03,1.09,59.1,False
571,002044,美年健康,4.68,1.52,0.64,-50.22,4.6428160235,0.2428492,63.85638954,-989.0,2695.0,82.8,2026-09-03,0.8,52.9,False
572,002045,国光电器,9.3,1.31,2.02,-34.53,9.244860891097,0.1641016,60.51126452,-326.0,3766.0,87.2,2026-09-03,0.6,52.8,False
573,002046,国机精工,52.17,-1.94,1.28,285.17,52.472301137192,0.41463,71.39741568,2471.0,689.0,74.8,2026-09-03,-0.58,53.4,False
574,002047,宝鹰股份,3.49,0.58,1.1,-143.52,3.469053512635,0.3272944,62.42509757,889.0,3159.0,76.4,2026-09-03,0.6,47.7,False
575,002048,宁波华翔,19.18,-0.21,1.1,10.77,19.299555338106,0.2340772,65.66300044,-1094.0,2081.0,74.0,2026-09-03,-0.62,48.6,False
576,002049,紫光国微,62.91,0.24,0.57,33.25,62.801074101765,0.3663336,68.63405289,1207.0,1234.0,82.0,2026-09-03,0.17,56.3,False
577,002050,三花智控,36.25,-0.14,0.59,37.31,36.367197199456,0.3593764,75.6009605,1071.0,209.0,72.0,2026-09-03,-0.32,54.4,False
578,002051,中工国际,8.64,1.53,0.83,40.67,8.463388478117,0.3479676,65.12256621,1484.0,2264.0,69.2,2026-09-03,2.09,45.1,False
579,002052,同洲电子,8.77,1.27,0.61,255.82,8.691316131906,0.325976,60.82522519,324.0,3660.0,75.6,2026-09-03,0.91,46.0,False
580,002053,云南能投,9.51,1.17,0.26,14.25,9.420846592213,0.2153368,63.59089113,1241.0,2794.0,66.8,2026-09-03,0.95,42.5,False
581,002054,德美化工,7.41,0.82,1.01,18.4,7.403587974117,0.2585692,68.62989411,930.0,1237.0,72.8,2026-09-03,0.09,50.0,False
582,002055,ST得润,6.27,0.0,0.75,31.94,6.206913390191,0.2879036,63.95869132,2081.0,2661.0,72.4,2026-09-03,1.02,46.3,False
583,002056,横店东磁,20.31,0.69,0.39,17.42,20.138672833046,0.2467536,69.65097424,1203.0,990.0,71.6,2026-09-03,0.85,49.9,False
584,002057,中钢天源,8.97,0.22,0.7,19.9,8.946194810909,0.2921136,67.23095177,177.0,1617.0,70.4,2026-09-03,0.27,47.3,False
585,002058,紫竹高科,17.02,3.97,2.72,73.55,16.550510161444,0.0877832,60.78076552,-127.0,3676.0,64.4,2026-09-03,2.84,39.1,False
586,002059,云南旅游,5.98,3.46,16.36,-21.72,5.78,0.5166204,69.39665044,704.0,1048.0,88.8,2026-09-03,3.46,61.6,False
587,002060,广东建工,3.22,1.58,0.43,33.34,3.197134569578,0.1605448,62.87311636,-1500.0,3021.0,72.0,2026-09-03,0.72,45.3,False
588,002061,浙江交科,3.51,1.15,0.3,10.51,3.478496822931,0.2330928,69.4220047,1100.0,1041.0,68.8,2026-09-03,0.91,47.8,False
589,002062,宏润建设,8.36,-0.83,0.58,46.31,8.406180414592,0.4120024,68.00826057,-1114.0,1409.0,74.4,2026-09-03,-0.55,50.6,False
590,002063,远光软件,5.61,1.81,0.84,71.01,5.55230583731,0.2836248,74.80763912,-63.0,267.0,78.4,2026-09-03,1.04,58.6,False
591,002064,华峰化学,11.3,-1.74,0.57,14.14,11.235923981993,0.2820344,72.05619663,-147.0,575.0,83.2,2026-09-03,0.57,60.0,False
592,002065,东华软件,7.05,1.88,0.73,50.74,6.933450447608,0.2367612,66.46237324,-370.0,1837.0,81.2,2026-09-03,1.68,54.0,False
593,002066,瑞泰科技,22.05,-1.43,0.62,-123.83,22.258781385414,0.3339528,60.46216821,51.0,3782.0,71.2,2026-09-03,-0.94,43.0,False
594,002067,景兴纸业,4.19,0.48,0.81,22.2,4.203861700955,0.203218,57.60725018,-345.0,4476.0,73.2,2026-09-03,-0.33,42.2,False
595,002068,黑猫股份,8.16,0.87,1.43,-28.2,8.080582125385,0.2315836,55.9041524,-247.0,4773.0,68.4,2026-09-03,0.98,38.2,False
596,002069,獐子岛,3.8,2.43,1.02,104.97,3.741657454184,0.1423244,65.83775759,-1407.0,2028.0,74.4,2026-09-03,1.56,49.0,False
597,002072,凯瑞德,9.21,1.88,3.66,-206.9,9.195297409473,0.1973944,62.35393866,-10.0,3185.0,79.6,2026-09-03,0.16,49.6,False
598,002073,软控股份,5.94,0.85,0.48,22.37,5.931592958184,0.1891472,64.75336304,-979.0,2390.0,74.8,2026-09-03,0.14,48.4,False
599,002074,国轩高科,26.33,0.73,0.39,17.24,26.150394574882,0.2955076,68.24912009,943.0,1349.0,78.4,2026-09-03,0.69,53.5,False
600,002075,沙钢股份,3.74,1.63,0.52,29.93,3.708756776773,0.2483976,59.78857231,-1480.0,3967.0,70.0,2026-09-03,0.84,41.9,False
601,002076,星光股份,2.16,1.41,1.32,-75.17,2.147673326686,0.2931452,55.59883074,-39.0,4808.0,70.8,2026-09-03,0.57,39.4,False
602,002077,大港股份,12.56,0.48,1.59,66.82,12.520019458354,0.162124,57.03708701,-178.0,4584.0,76.4,2026-09-03,0.32,43.6,False
603,002078,太阳纸业,14.77,0.48,0.24,10.8,14.810942370424,0.1931732,71.59525384,-476.0,651.0,78.0,2026-09-03,-0.28,55.8,False
604,002079,苏州固锝,9.12,1.0,1.3,53.6,9.06220442025,0.2533168,69.1039747,1241.0,1121.0,72.8,2026-09-03,0.64,50.3,False
605,002080,中材科技,48.88,-1.79,0.96,33.96,49.853084493895,0.2771072,68.9820244,-755.0,1142.0,85.6,2026-09-03,-1.95,59.0,False
606,002081,金 螳 螂,5.17,4.02,10.82,22.31,5.042963983636,0.2315388,61.68133333,-394.0,3402.0,92.0,2026-09-03,2.52,56.7,False
607,002082,ST万邦,9.44,2.61,1.02,45.63,9.174326798702,0.2788084,62.23632041,1407.0,3221.0,68.4,2026-09-03,2.9,42.6,False
608,002083,孚日股份,10.13,0.2,1.38,11.9,10.196523314509,0.2654176,67.43091483,190.0,1563.0,76.4,2026-09-03,-0.65,51.5,False
609,002084,海鸥住工,6.96,0.72,9.73,-56.26,6.825735029414,0.307714363636,69.58734775,2911.0,1006.0,90.8,2026-09-03,1.97,63.2,False
610,002085,万丰奥威,10.63,0.85,0.5,26.99,10.567190701921,0.2697612,67.53458645,562.0,1535.0,74.4,2026-09-03,0.59,50.2,False
611,002086,东方海洋,2.15,2.38,1.9,-43.64,2.116845323546,0.26483,56.13033939,-34.0,4730.0,78.0,2026-09-03,1.57,43.8,False
612,002088,鲁阳节能,8.08,0.62,0.22,361.56,8.064625625811,0.1194416,60.51811888,-387.0,3765.0,64.0,2026-09-03,0.19,38.7,False
613,002090,金智科技,9.59,2.02,1.25,53.56,9.34452815039,0.2083028,67.14652092,1217.0,1640.0,69.6,2026-09-03,2.63,46.7,False
614,002091,江苏国泰,7.77,0.65,0.23,13.49,7.75783510172,0.2364404,66.21461865,-1060.0,1899.0,72.0,2026-09-03,0.16,47.7,False
615,002092,中泰化学,4.82,0.21,0.88,82.94,4.825354474666,0.3316224,64.47717961,1089.0,2487.0,83.6,2026-09-03,-0.11,53.9,False
616,002093,国脉科技,7.05,1.73,0.5,-85.6,7.01162162926,0.2091128,66.51080626,-143.0,1808.0,74.4,2026-09-03,0.55,49.5,False
617,002094,青岛金王,5.81,4.68,6.72,250.81,5.645667113856,0.1342396,59.99325188,-426.0,3902.0,85.2,2026-09-03,2.91,51.1,False
618,002095,生 意 宝,15.02,2.32,0.61,622.67,14.788861790736,0.0800776,64.47937704,-117.0,2485.0,73.2,2026-09-03,1.56,47.2,False
619,002096,易普力,9.62,1.8,0.18,18.22,9.52002624151,0.1147552,69.68760656,-107.0,980.0,73.6,2026-09-03,1.05,51.3,False
620,002097,山河智能,7.56,1.61,1.15,321.41,7.462600095306,0.2522432,62.56919157,-189.0,3112.0,78.4,2026-09-03,1.31,49.1,False
621,002098,浔兴股份,8.08,3.59,1.21,11.83,7.96246906321,0.1172068,68.91080461,-1105.0,1158.0,80.0,2026-09-03,1.48,55.1,False
622,002099,海翔药业,5.42,1.5,0.43,-68.5,5.339078308167,0.2093664,60.38045842,294.0,3801.0,71.2,2026-09-03,1.52,43.0,False
623,002100,天康生物,8.14,3.17,1.64,-12.59,7.813919875023,0.2172416,63.86318308,-339.0,2691.0,81.2,2026-09-03,4.17,51.9,False
624,002101,广东鸿图,8.88,0.91,0.24,73.87,8.892708234255,0.1054104,60.48512793,18.0,3774.0,70.4,2026-09-03,-0.14,42.6,False
625,002102,ST能特,2.44,1.24,0.22,31.41,2.444271221731,0.3372236,62.05609944,-899.0,3286.0,64.8,2026-09-03,-0.17,40.2,False
626,002103,广博股份,6.92,2.06,1.27,37.11,6.854942870402,0.1194424,66.02576067,82.0,1965.0,79.6,2026-09-03,0.95,52.6,False
627,002104,恒宝股份,14.11,8.12,27.09,-109.13,13.610675912932,0.3239248,62.96236382,-2335.0,2990.0,95.6,2026-09-03,3.67,60.2,False
628,002105,信隆健康,6.27,0.8,0.69,142.91,6.292644370963,0.077068,59.84673362,-1599.0,3954.0,70.8,2026-09-03,-0.36,42.4,False
629,002106,莱宝高科,11.06,0.82,1.71,41.03,11.006445883643,0.2919608,67.14493464,-172.0,1641.0,74.0,2026-09-03,0.49,49.7,False
630,002107,沃华医药,6.97,1.01,2.16,29.77,6.885462481184,0.2163516,69.44508368,-376.0,1039.0,85.2,2026-09-03,1.23,59.2,False
631,002108,沧州明珠,4.43,0.91,0.5,27.76,4.41746395666,0.3410308,65.23198415,-22.0,2230.0,71.2,2026-09-03,0.28,46.4,False
632,002109,ST兴化,2.83,1.07,0.22,-63.9,2.828004577087,0.2096632,59.41319838,-348.0,4051.0,66.8,2026-09-03,0.07,39.7,False
633,002110,三钢闽光,3.08,2.33,0.61,-19.52,3.031433852845,0.1996668,56.92772894,-914.0,4597.0,67.6,2026-09-03,1.6,38.5,False
634,002111,威海广泰,10.07,2.65,1.51,16.87,9.857861092781,0.132446,66.73939194,-147.0,1751.0,73.6,2026-09-03,2.15,49.1,False
635,002112,三变科技,15.85,3.87,5.12,88.0,15.399584584103,0.2357356,58.97558234,-1930.0,4168.0,78.4,2026-09-03,2.92,46.2,False
636,002114,罗平锌电,7.67,-0.26,1.22,-18.85,7.770037001225,0.1880996,57.59659785,-6.0,4479.0,72.8,2026-09-03,-1.29,41.9,False
637,002115,三维通信,11.0,2.61,3.72,87.86,10.746095811597,0.2223028,65.04631023,-535.0,2294.0,79.2,2026-09-03,2.36,51.5,False
638,002116,中国海诚,7.36,1.24,0.26,17.2,7.312383073538,0.099014,69.02318638,-123.0,1136.0,69.6,2026-09-03,0.65,48.0,False
639,002117,东港股份,8.39,2.07,1.04,22.29,8.311917237242,0.18653,65.88886446,-513.0,2012.0,77.2,2026-09-03,0.94,50.9,False
640,002119,康强电子,22.64,0.62,6.6,67.1,22.564104548341,0.1630392,63.30130745,-1347.0,2871.0,76.8,2026-09-03,0.34,48.6,False
641,002120,韵达股份,6.87,0.88,0.45,9.97,6.812661988295,0.2816828,74.50071574,382.0,298.0,73.2,2026-09-03,0.84,54.5,False
642,002121,科陆电子,5.04,1.41,0.59,-19.25,4.991693222836,0.1942076,56.05736169,-84.0,4745.0,71.6,2026-09-03,0.97,40.1,False
643,002122,ST汇洲,2.76,1.47,0.29,-38.8,2.759507381581,0.30644,61.62869637,-1481.0,3421.0,72.4,2026-09-03,0.02,44.6,False
644,002123,梦网科技,8.39,2.44,1.52,-34.68,8.288479455305,0.183448,56.74519168,-40.0,4639.0,73.6,2026-09-03,1.22,41.8,False
645,002124,天邦食品,2.37,7.73,11.54,-1.71,2.208031540865,0.2356804,49.05506463,-45.0,5185.0,79.2,2026-09-03,7.34,38.9,False
646,002125,湘潭电化,12.51,0.64,0.87,17.51,12.445541936036,0.2397228,58.16126946,148.0,4349.0,72.0,2026-09-03,0.52,41.9,False
647,002126,银轮股份,42.17,-4.35,1.54,39.47,43.694953728886,0.3621652,78.24627013,50.0,82.0,82.0,2026-09-03,-3.49,64.2,False
648,002127,南极电商,3.01,2.73,1.12,71.49,2.974427325757,0.2589952,58.77147447,-44.0,4215.0,73.6,2026-09-03,1.2,43.3,False
649,002128,电投能源,29.13,-0.78,0.2,8.6,29.428919459789,0.2767248,76.97745902,209.0,129.0,80.8,2026-09-03,-1.02,62.2,False
650,002129,TCL中环,9.33,0.65,0.62,-5.89,9.353052629447,0.3270536,56.09618145,-134.0,4736.0,73.2,2026-09-03,-0.25,41.1,False
651,002130,沃尔核材,17.46,2.52,2.01,21.57,16.765879774122,0.2382292,72.77480532,1359.0,482.0,75.2,2026-09-03,4.14,54.7,False
652,002131,利欧股份,4.9,4.7,8.42,119.94,4.73059639414,0.2885448,59.72865509,-382.0,3980.0,90.0,2026-09-03,3.58,53.8,False
653,002132,恒星科技,4.29,0.23,1.67,35.75,4.344193020849,0.3361388,62.27478063,-1598.0,3207.0,74.0,2026-09-03,-1.25,46.1,False
654,002133,广宇集团,2.89,3.58,2.46,-58.07,2.817042086904,0.1775016,58.790621,-21.0,4213.0,76.8,2026-09-03,2.59,45.2,False
655,002134,天津普林,23.02,-0.73,1.67,64.3,23.14473630683,0.2383164,70.74850786,-380.0,780.0,83.6,2026-09-03,-0.54,59.1,False
656,002135,东南网架,6.48,0.0,0.38,125.95,6.513425657153,0.2399344,57.08162686,-67.0,4577.0,67.2,2026-09-03,-0.51,38.4,False
657,002136,安 纳 达,12.9,0.16,0.85,28.53,12.938311508185,0.1379236,64.82728358,939.0,2365.0,68.4,2026-09-03,-0.3,44.3,False
658,002137,实益达,7.85,0.64,1.54,70.77,7.799311803658,0.156112,58.92107907,27.0,4183.0,70.4,2026-09-03,0.65,41.5,False
659,002138,顺络电子,45.45,-0.74,1.06,40.98,45.674564123841,0.3174328,66.08277649,930.0,1946.0,79.2,2026-09-03,-0.49,52.3,False
660,002139,拓邦股份,9.54,1.71,0.49,46.17,9.426903919956,0.1649968,61.37905527,126.0,3500.0,77.2,2026-09-03,1.2,47.4,False
661,002140,东华科技,9.26,0.98,0.28,13.23,9.220567636552,0.230608,67.55062897,-1001.0,1531.0,75.6,2026-09-03,0.43,51.1,False
662,002141,贤丰控股,6.7,-0.3,5.63,110.78,6.738625832189,0.2303012,60.30175474,-593.0,3818.0,89.6,2026-09-03,-0.57,54.0,False
663,002142,宁波银行,34.51,0.32,0.15,6.88,34.666835075233,0.3387308,74.91880828,-9.0,259.0,86.0,2026-09-03,-0.45,64.4,False
664,002144,宏达高科,11.31,0.89,0.96,42.49,11.30775904558,0.1161852,64.59165827,159.0,2441.0,66.8,2026-09-03,0.02,43.1,False
665,002145,钛能化学,4.32,0.23,0.4,19.59,4.316598552025,0.2633188,64.05248538,23.0,2622.0,73.6,2026-09-03,0.08,47.1,False
666,002146,荣盛发展,1.22,4.27,3.49,-2.58,1.182181881973,0.5878756,63.75906938,1670.0,2725.0,82.0,2026-09-03,3.2,52.3,False
667,002148,北纬科技,6.55,2.18,1.28,382.63,6.464402103394,0.111376,60.50761601,-246.0,3769.0,72.0,2026-09-03,1.32,43.6,False
668,002149,西部材料,34.63,0.7,1.25,188.73,34.55784671084,0.1783612,48.76371517,-284.0,5188.0,73.6,2026-09-03,0.21,35.9,False
669,002150,正泰电源,21.37,1.62,1.23,56.45,20.973906260526,0.2178284,72.75203456,1123.0,484.0,70.0,2026-09-03,1.89,50.9,False
670,002151,北斗星通,29.01,1.86,1.1,192.55,28.602629124479,0.1886164,56.57185819,-589.0,4660.0,78.0,2026-09-03,1.42,44.1,False
671,002152,广电运通,9.98,2.89,0.86,29.28,9.781992870491,0.2473084,63.73143801,-299.0,2736.0,78.4,2026-09-03,2.02,50.0,False
672,002153,石基信息,8.17,3.68,1.45,433.88,7.924460176737,0.1781104,61.06767865,-235.0,3591.0,80.4,2026-09-03,3.1,49.1,False
673,002154,报 喜 鸟,4.17,2.46,1.31,10.44,4.099195845849,0.2889056,73.81630561,599.0,359.0,73.2,2026-09-03,1.73,54.0,False
674,002155,湖南黄金,26.99,-2.0,3.31,22.03,27.254871188546,0.392542,81.40358403,536.0,27.0,92.0,2026-09-03,-0.97,74.9,False
675,002156,通富微电,58.22,-2.2,2.35,25.72,59.684469676721,0.3210272,65.99802123,-558.0,1968.0,84.8,2026-09-03,-2.45,56.0,False
676,002157,正邦科技,3.13,3.3,1.77,-19.66,3.055086248168,0.42781,59.70994159,-1676.0,3983.0,83.2,2026-09-03,2.45,49.7,False
677,002158,汉钟精机,27.69,-4.81,2.69,26.4,28.577724831841,0.360676,76.45844733,47.0,151.0,76.4,2026-09-03,-3.11,58.4,False
678,002159,三特索道,14.26,3.26,2.62,23.46,14.081110974611,0.1901988,71.20938727,-313.0,722.0,68.4,2026-09-03,1.27,48.7,False
679,002160,常铝股份,4.1,0.49,0.48,83.21,4.110135043415,0.2451672,64.21129394,1555.0,2566.0,72.4,2026-09-03,-0.25,46.5,False
680,002161,远 望 谷,6.94,0.87,0.9,-26.79,6.924148193664,0.2437028,60.75272727,-1888.0,3688.0,78.0,2026-09-03,0.23,47.4,False
681,002162,悦心健康,4.09,1.49,0.38,352.8,4.06275769718,0.1795556,67.46717862,1094.0,1555.0,74.0,2026-09-03,0.67,49.9,False
682,002163,海南发展,9.16,6.14,2.48,-57.81,8.697071502614,0.1800716,65.30224424,-218.0,2199.0,75.2,2026-09-03,5.32,49.1,False
683,002164,宁波东力,10.95,-0.09,0.59,54.71,10.98445651311,0.2632288,63.07692094,513.0,2951.0,74.8,2026-09-03,-0.31,47.2,False
684,002165,红 宝 丽,8.13,0.62,8.3,-352.49,8.265134046382,0.2358836,55.06265241,-595.0,4879.0,92.0,2026-09-03,-1.63,50.7,False
685,002166,莱茵生物,6.85,1.33,0.59,44.92,6.778222975471,0.1986068,63.9083794,-196.0,2682.0,75.2,2026-09-03,1.06,48.1,False
686,002167,东方锆业,15.67,-2.25,2.76,75.62,15.891306540461,0.2505688,59.01155433,795.0,4163.0,74.0,2026-09-03,-1.39,43.7,False
687,002168,ST惠程,3.83,1.59,0.35,-67.14,3.799558359621,0.2247296,62.38361889,1169.0,3173.0,68.4,2026-09-03,0.8,42.7,False
688,002169,智光电气,12.76,2.49,1.61,113.92,12.567230912504,0.2452944,64.21701455,-208.0,2561.0,85.6,2026-09-03,1.53,55.0,False
689,002170,芭田股份,11.74,0.95,1.5,9.46,11.67224341503,0.347934,68.66980143,-978.0,1220.0,81.6,2026-09-03,0.58,56.0,False
690,002171,楚江新材,10.39,-1.05,2.87,27.77,10.277646444286,0.29891,71.54401768,2491.0,666.0,80.8,2026-09-03,1.09,57.8,False
691,002172,澳洋健康,4.42,-0.45,7.28,70.03,4.465198293794,0.3327524,63.84901493,544.0,2697.0,82.4,2026-09-03,-1.01,52.6,False
692,002173,创新医疗,18.9,1.72,3.46,-78.93,18.654112028341,0.2079308,54.97659431,-460.0,4882.0,78.8,2026-09-03,1.32,43.3,False
693,002174,游族网络,12.34,1.31,2.26,23.93,12.137674601214,0.352596,66.7933007,2632.0,1733.0,80.0,2026-09-03,1.67,53.4,False
694,002175,*ST东智,2.62,0.0,0.61,537.85,2.648506690716,0.299539636364,59.96883491,-1744.0,3914.0,70.4,2026-09-03,-1.08,42.2,False
695,002176,江特电机,8.95,0.9,1.32,-35.76,8.937809806596,0.290956,55.41554615,-77.0,4835.0,78.8,2026-09-03,0.14,43.7,False
696,002177,御银股份,6.28,4.15,7.42,196.99,6.100780966776,0.2144932,55.99905541,-79.0,4756.0,74.8,2026-09-03,2.94,41.9,False
697,002178,延华智能,4.75,1.71,0.76,-148.73,4.70605620226,0.2624384,59.68807097,868.0,3987.0,78.4,2026-09-03,0.93,46.8,False
698,002179,中航光电,34.61,-0.09,0.28,32.48,34.502120059089,0.2998016,71.54521783,1152.0,665.0,83.6,2026-09-03,0.31,59.8,False
699,002180,奔图科技,17.06,1.07,0.29,138.95,17.007588648107,0.3033428,60.39724322,176.0,3796.0,79.6,2026-09-03,0.31,48.1,False
700,002181,粤 传 媒,9.65,2.88,6.66,-163.85,9.676487485798,0.2762272,56.70360218,-2252.0,4646.0,92.8,2026-09-03,-0.27,52.6,False
701,002182,宝武镁业,12.27,-0.16,0.82,-331.59,12.217072158841,0.3394088,58.91390381,230.0,4185.0,75.2,2026-09-03,0.43,44.3,False
702,002183,怡 亚 通,4.44,2.07,0.88,209.99,4.394685438805,0.2519936,57.4961154,-94.0,4504.0,72.0,2026-09-03,1.03,41.4,False
703,002184,海得控制,10.21,1.29,0.58,93.05,10.160551453811,0.0816472,58.83648441,131.0,4205.0,71.2,2026-09-03,0.49,41.9,False
704,002185,华天科技,15.99,-0.19,1.89,32.7,16.030919371136,0.2634936,60.50863444,35.0,3768.0,79.2,2026-09-03,-0.26,47.9,False
705,002186,全 聚 德,9.87,3.03,1.02,111.72,9.739767301244,0.1781376,71.50241484,508.0,670.0,73.2,2026-09-03,1.34,52.3,False
706,002187,广百股份,5.76,1.23,1.43,93.66,5.743818558036,0.2096384,70.06495679,151.0,894.0,75.6,2026-09-03,0.28,53.0,False
707,002188,中天服务,5.7,1.6,1.26,63.8,5.680017409027,0.1480592,69.04023761,1587.0,1132.0,69.2,2026-09-03,0.35,47.8,False
708,002189,中光学,20.12,1.77,0.84,-36.38,19.796499066523,0.2105752,57.8621439,-2415.0,4418.0,81.2,2026-09-03,1.63,47.0,False
709,002190,成飞集成,26.23,1.59,1.46,-79.86,25.980176572318,0.230662,56.83539166,-3061.0,4618.0,92.8,2026-09-03,0.96,52.7,False
710,002191,劲嘉股份,3.68,1.38,0.24,53.9,3.640733515744,0.269566,58.53131217,665.0,4262.0,67.2,2026-09-03,1.08,39.3,False
711,002192,融捷股份,67.43,-2.32,2.78,8.74,69.706280638821,0.3019704,66.3701742,-254.0,1855.0,84.0,2026-09-03,-3.27,55.8,False
712,002193,ST如意,5.12,0.99,0.79,-7.13,5.199796570217,0.1842496,54.65417017,-301.0,4926.0,72.4,2026-09-03,-1.53,39.6,False
713,002194,武汉凡谷,10.18,1.29,2.86,2853.45,9.949756671159,0.226512,63.94413209,1491.0,2671.0,85.2,2026-09-03,2.31,54.5,False
714,002195,岩山科技,6.49,2.37,1.18,309.01,6.375949661837,0.2545348,63.01227971,-243.0,2977.0,77.6,2026-09-03,1.79,48.9,False
715,002196,方正电机,11.11,-1.42,8.07,113.0,11.438979644371,0.3355512,68.44519875,3731.0,1289.0,71.6,2026-09-03,-2.88,49.0,False
716,002197,证通电子,7.26,3.13,3.11,389.92,7.089288053026,0.2592688,60.78034319,503.0,3677.0,75.2,2026-09-03,2.41,45.7,False
717,002198,ST嘉应,3.88,5.72,1.8,-75.86,3.626745352068,0.241654,65.41899958,1433.0,2166.0,62.4,2026-09-03,6.98,40.8,False
718,002199,东晶电子,12.21,0.33,0.47,-93.95,12.243403262533,0.121230784314,56.36925463,-370.0,4694.0,70.8,2026-09-03,-0.27,39.9,False
719,002200,交投生态,7.14,1.71,0.91,30.27,7.050693104774,0.2003708,68.29320692,140.0,1337.0,62.0,2026-09-03,1.27,42.3,False
720,002201,九鼎新材,9.5,-3.94,6.7,72.91,9.535734827481,0.256902,77.32047474,77.0,119.0,90.4,2026-09-03,-0.37,69.9,False
721,002202,金风科技,17.74,0.23,0.84,20.2,17.771209448349,0.2899308,64.89737822,1.0,2338.0,78.8,2026-09-03,-0.18,51.1,False
722,002203,海亮股份,19.16,-1.49,0.4,34.27,19.524812200598,0.4136668,66.75898313,-688.0,1743.0,73.2,2026-09-03,-1.87,48.9,False
723,002204,大连重工,5.22,1.56,0.52,13.6,5.171089062878,0.2416024,65.91890493,-212.0,2004.0,73.2,2026-09-03,0.95,48.3,False
724,002205,国统股份,11.47,5.91,1.67,-10.6,10.909846436074,0.1002696,57.94853549,546.0,4401.0,72.0,2026-09-03,5.13,41.7,False
725,002206,海 利 得,5.33,1.14,0.32,10.48,5.306221527918,0.2404916,65.04851773,1078.0,2293.0,68.4,2026-09-03,0.45,44.5,False
726,002207,*ST准油,5.94,1.02,1.54,-41.64,5.925728751544,0.2671516,57.75590195,-1335.0,4444.0,70.0,2026-09-03,0.24,40.4,False
727,002208,合肥城建,10.39,1.66,2.02,-21.65,10.241312823259,0.1955072,58.03436646,193.0,4383.0,71.2,2026-09-03,1.45,41.3,False
728,002209,达 意 隆,13.73,-0.65,1.26,11.77,13.776422036826,0.1491032,67.58612747,-362.0,1518.0,75.6,2026-09-03,-0.34,51.1,False
729,002210,飞马国际,2.3,1.32,0.97,178.46,2.293625657024,0.233108,61.87954006,-23.0,3344.0,69.2,2026-09-03,0.28,42.8,False
730,002211,ST宏达,3.94,1.03,0.59,417.26,3.927364712968,0.1799384,58.39267566,-158.0,4287.0,68.8,2026-09-03,0.32,40.2,False
731,002212,天融信,6.76,3.84,4.83,-14.61,6.573723780943,0.2544796,62.77849596,260.0,3050.0,89.2,2026-09-03,2.83,56.0,False
732,002213,大为股份,28.79,0.31,1.55,145.99,28.854471379433,0.1556612,58.76597237,-219.0,4219.0,79.2,2026-09-03,-0.22,46.5,False
733,002214,大立科技,16.93,4.57,1.37,-53.62,16.185597131686,0.314135490196,63.30532182,-744.0,2870.0,78.0,2026-09-03,4.6,49.4,False
734,002215,诺 普 信,10.75,4.37,2.91,7.06,10.308591585157,0.2738676,67.6404671,-202.0,1500.0,80.0,2026-09-03,4.28,54.1,False
735,002216,三全食品,12.02,1.78,0.63,14.48,11.849105012043,0.134358,65.87991635,-1293.0,2016.0,74.8,2026-09-03,1.44,49.3,False
736,002217,ST合力泰,1.45,0.0,0.6,2171.17,1.453834491468,0.48421,60.10457562,-1128.0,3870.0,71.6,2026-09-03,-0.26,43.0,False
737,002218,拓日新能,4.05,1.76,0.94,-49.27,4.001527256038,0.2075384,58.1509575,-490.0,4354.0,76.8,2026-09-03,1.21,44.7,False
738,002219,新里程,2.15,2.38,1.19,404.22,2.128741830649,0.3195436,60.6678744,-252.0,3720.0,78.0,2026-09-03,1.0,47.3,False
739,002221,东华能源,5.84,1.21,0.55,21.38,5.788703819953,0.2040576,63.22565673,-1571.0,2900.0,77.2,2026-09-03,0.89,48.8,False
740,002222,福晶科技,66.62,0.59,1.83,86.71,66.484846551516,0.232616,68.65892998,-196.0,1224.0,86.4,2026-09-03,0.2,59.3,False
741,002223,鱼跃医疗,26.0,1.33,0.29,15.46,25.809700320543,0.1763368,66.52844714,-189.0,1802.0,82.4,2026-09-03,0.74,54.8,False
742,002224,三 力 士,3.77,0.8,0.8,-147.02,3.767278426297,0.2659552,65.22154644,763.0,2235.0,70.0,2026-09-03,0.07,45.7,False
743,002225,濮耐股份,3.68,1.1,0.95,140.28,3.668330053305,0.256452,59.63322537,-118.0,4001.0,64.0,2026-09-03,0.32,38.2,False
744,002226,江南化工,5.17,1.37,0.36,26.91,5.146909242514,0.2973724,67.2730272,-437.0,1602.0,74.4,2026-09-03,0.45,50.1,False
745,002227,*ST特迅,6.81,0.15,0.27,-23.59,6.779063517915,0.1676768,64.7462551,1246.0,2392.0,69.6,2026-09-03,0.46,45.1,False
746,002228,合兴包装,3.26,3.49,1.58,20.84,3.178910026307,0.1576332,61.44619382,656.0,3477.0,66.8,2026-09-03,2.55,41.0,False
747,002229,鸿博股份,12.33,1.73,6.71,-59.06,12.147330304735,0.2203332,64.26175911,1142.0,2551.0,92.0,2026-09-03,1.5,59.1,False
748,002230,科大讯飞,39.88,1.73,0.75,-234.97,39.388527078564,0.2770168,67.70482822,-389.0,1483.0,84.8,2026-09-03,1.25,57.4,True
749,002232,启明信息,15.04,2.8,0.82,199.35,14.804986047951,0.1009708,64.09253003,-186.0,2606.0,76.0,2026-09-03,1.59,48.7,False
750,002233,塔牌集团,7.2,1.55,0.4,19.26,7.103156143054,0.251134,67.74248352,2000.0,1478.0,70.4,2026-09-03,1.36,47.7,False
751,002234,民和股份,8.24,3.13,1.47,-15.1,8.074298006437,0.0954852,61.58162298,-368.0,3432.0,73.2,2026-09-03,2.05,45.1,False
752,002235,安妮股份,8.91,2.41,2.42,1806.12,8.762211762858,0.2319448,52.31818022,-130.0,5090.0,78.4,2026-09-03,1.69,41.0,False
753,002236,大华股份,16.46,1.04,0.51,11.29,16.340629453926,0.2820144,67.18246096,-314.0,1627.0,85.2,2026-09-03,0.73,57.2,False
754,002237,恒邦股份,15.07,-0.92,1.12,16.02,15.258395277285,0.2670776,65.62158478,-401.0,2094.0,80.8,2026-09-03,-1.23,53.0,False
755,002238,天威视讯,6.68,2.77,0.47,-59.23,6.568215014817,0.0713232,62.80089012,-83.0,3043.0,73.6,2026-09-03,1.7,46.2,False
756,002239,奥特佳,2.59,1.17,0.63,43.75,2.574791763962,0.2889476,62.25879404,-209.0,3213.0,74.0,2026-09-03,0.59,46.1,False
757,002240,盛新锂能,30.35,-0.56,1.08,13.73,30.706429630652,0.239564,63.15978352,-166.0,2929.0,76.4,2026-09-03,-1.16,48.3,False
758,002241,歌尔股份,23.74,-0.17,0.69,28.77,23.839913152923,0.3219772,67.54169798,-1144.0,1534.0,90.0,2026-09-03,-0.42,60.8,False
759,002242,九阳股份,8.42,1.57,0.2,44.76,8.364661505438,0.093174,57.96111307,-10.0,4398.0,71.6,2026-09-03,0.66,41.5,False
760,002243,力合科创,7.49,1.63,0.34,35.42,7.412371061634,0.2417368,62.01936501,-156.0,3301.0,71.6,2026-09-03,1.05,44.4,False
761,002244,滨江集团,8.84,1.49,0.87,8.87,8.693913940126,0.357608,76.82356368,533.0,133.0,79.6,2026-09-03,1.68,61.2,False
762,002245,蔚蓝锂芯,17.48,1.27,1.83,29.25,17.295839751262,0.2689148,66.07596553,-127.0,1948.0,81.6,2026-09-03,1.06,53.9,False
763,002246,北化股份,21.83,1.3,1.2,26.6,21.357408371662,0.3038968,74.3384643,-45.0,313.0,86.0,2026-09-03,2.21,63.9,False
764,002247,聚力文化,2.49,2.89,1.56,68.82,2.450284822665,0.1699008,66.29186841,-321.0,1885.0,65.6,2026-09-03,1.62,43.5,False
765,002248,华东数控,9.88,-0.5,2.33,118.35,9.983353567769,0.1657856,57.75552869,-168.0,4445.0,84.4,2026-09-03,-1.04,48.7,False
766,002249,大洋电机,6.78,-0.88,1.41,20.0,6.799527799951,0.3034944,69.58509584,3159.0,1007.0,72.8,2026-09-03,-0.29,50.7,False
767,002250,联化科技,15.69,1.42,0.66,19.17,15.50936398146,0.2199304,66.55067278,-1541.0,1797.0,75.6,2026-09-03,1.16,50.3,False
768,002251,步步高,3.85,1.85,3.54,36.13,3.79094204789,0.3181236,69.84465842,1906.0,938.0,77.6,2026-09-03,1.56,54.2,False
769,002252,上海莱士,4.96,0.81,0.23,24.73,4.919543322261,0.343656,68.55150377,-874.0,1260.0,79.2,2026-09-03,0.82,54.3,False
770,002253,川大智胜,10.41,2.36,1.43,-39.78,10.200268818563,0.1280004,57.56928954,151.0,4486.0,74.4,2026-09-03,2.06,42.8,False
771,002254,泰和新材,12.89,0.16,0.54,99.33,12.885360925318,0.210632,57.18956448,-1483.0,4558.0,70.8,2026-09-03,0.04,40.5,False
772,002255,海陆重工,8.01,1.14,0.63,20.66,7.940299264838,0.19824,63.31585999,-869.0,2866.0,72.0,2026-09-03,0.88,45.6,False
773,002256,兆新股份,3.35,1.52,0.69,927.58,3.32445869601,0.2650268,55.64637094,40.0,4802.0,77.6,2026-09-03,0.77,43.2,False
774,002258,利尔化学,14.9,3.76,2.62,23.9,14.502913589136,0.3277648,64.69035831,-363.0,2408.0,75.2,2026-09-03,2.74,48.6,False
775,002259,升达林业,4.28,0.0,0.59,17.99,4.306498670848,0.1942832,65.38976652,-1237.0,2177.0,70.0,2026-09-03,-0.62,45.8,False
776,002261,拓维信息,25.85,1.73,1.56,235.25,25.495484069077,0.2343716,59.62306647,157.0,4003.0,78.8,2026-09-03,1.39,47.0,False
777,002262,恩华药业,22.73,0.58,0.23,15.54,22.582029859024,0.2383216,73.60416946,256.0,379.0,78.4,2026-09-03,0.66,57.7,False
778,002263,大东南,3.2,0.95,0.65,305.08,3.19863701638,0.246214,55.47140469,246.0,4822.0,70.8,2026-09-03,0.04,39.3,False
779,002264,新 华 都,7.0,4.17,2.28,17.78,6.792011145169,0.236464,71.74572887,-69.0,623.0,79.2,2026-09-03,3.06,56.8,False
780,002265,建设工业,21.85,4.45,2.3,167.42,21.307149135172,0.3256244,71.20115922,-648.0,725.0,92.4,2026-09-03,2.55,65.8,False
781,002266,浙富控股,4.94,2.07,0.76,9.51,4.817851055366,0.3450132,75.41986282,462.0,217.0,77.2,2026-09-03,2.54,58.2,False
782,002267,陕天然气,7.32,0.55,0.23,10.07,7.316989430882,0.1235644,65.23109376,-348.0,2231.0,69.6,2026-09-03,0.04,45.4,False
783,002268,电科网安,14.35,2.65,0.77,-35.48,14.062465049374,0.1624756,59.76925631,-31.0,3971.0,78.4,2026-09-03,2.04,46.9,False
784,002269,美邦服饰,1.49,1.36,0.71,-44.27,1.486734469125,0.3662704,51.75462322,-455.0,5120.0,74.0,2026-09-03,0.22,38.3,False
785,002270,华明装备,19.45,2.37,0.6,22.36,19.00552911458,0.1384472,65.94036426,-221.0,1992.0,72.0,2026-09-03,2.34,47.5,False
786,002271,东方雨虹,11.13,2.2,2.24,21.67,10.887269049832,0.3769232,71.96045019,2296.0,593.0,86.0,2026-09-03,2.23,61.9,False
787,002272,川润股份,17.31,-3.51,6.05,-126.12,17.851744762329,0.352706,67.15877912,2298.0,1635.0,75.6,2026-09-03,-3.03,50.8,False
788,002273,水晶光电,25.65,0.08,0.9,34.01,25.70088209379,0.281722,69.50587515,-112.0,1029.0,74.0,2026-09-03,-0.2,51.4,False
789,002274,华昌化工,6.21,-3.42,5.36,24.02,6.660769744255,0.210135340909,68.07974334,-1326.0,1383.0,90.0,2026-09-03,-6.77,61.3,False
790,002275,桂林三金,12.4,0.81,0.11,13.98,12.344259803899,0.1214216,62.68157476,-158.0,3078.0,66.8,2026-09-03,0.45,41.9,False
791,002276,万马股份,10.6,1.73,0.88,25.6,10.433346820594,0.202934,65.91970313,-1145.0,2003.0,75.2,2026-09-03,1.6,49.6,False
792,002277,友阿股份,6.08,0.33,0.74,59.84,6.080203729856,0.2858756,57.14101492,-137.0,4565.0,76.4,2026-09-03,-0.0,43.7,False
793,002278,神开股份,8.51,-0.93,3.91,117.66,8.65350001054,0.1870364,68.44330388,-1079.0,1290.0,85.6,2026-09-03,-1.66,58.6,False
794,002279,久其软件,7.28,3.7,5.23,-126.02,7.073537130769,0.1831464,65.43455662,-1290.0,2160.0,90.0,2026-09-03,2.92,58.9,False
795,002281,光迅科技,172.42,-0.61,1.3,122.59,173.391623729397,0.3686116,70.27139545,-57.0,853.0,84.8,2026-09-03,-0.56,59.6,False
796,002282,博深股份,6.25,1.3,0.25,20.63,6.188479619697,0.1137712,66.08136485,48.0,1947.0,68.4,2026-09-03,0.99,45.2,False
797,002283,天润工业,8.29,0.73,0.77,17.47,8.213036629415,0.2057628,62.36454021,-1376.0,3181.0,66.4,2026-09-03,0.94,41.4,False
798,002284,亚太股份,10.38,-2.99,4.06,14.3,10.585726274984,0.3052812,82.21993072,-3.0,19.0,88.0,2026-09-03,-1.94,72.4,False
799,002285,世联行,2.42,6.61,6.55,-70.91,2.295393028286,0.3061144,69.7964827,422.0,951.0,82.0,2026-09-03,5.43,57.2,False
800,002286,保龄宝,8.21,1.99,1.05,18.95,8.121429327491,0.1752656,63.2506781,3.0,2892.0,72.0,2026-09-03,1.09,45.5,False
801,002287,奇正藏药,20.07,0.65,0.11,15.46,19.998813639495,0.0886548,62.16962239,-1690.0,3244.0,71.6,2026-09-03,0.36,44.5,False
802,002289,宇顺电子,36.62,-0.49,0.66,18.3,36.950947449768,0.3194808,67.07258742,-77.0,1658.0,72.8,2026-09-03,-0.9,48.8,False
803,002290,禾盛新材,63.0,-0.82,0.94,57.38,63.714669767866,0.310646,64.59248099,-1349.0,2440.0,69.6,2026-09-03,-1.12,45.0,False
804,002291,遥望科技,5.85,1.74,4.31,17.7,5.863608662477,0.2296932,63.74838238,-804.0,2730.0,92.4,2026-09-03,-0.23,58.9,False
805,002292,奥飞娱乐,8.58,2.51,2.61,36.42,8.518058748286,0.2379156,65.6877953,199.0,2075.0,81.6,2026-09-03,0.73,53.6,False
806,002293,罗莱生活,11.25,1.08,0.29,18.89,11.483325628394,0.184524,69.65279476,2.0,989.0,69.6,2026-09-03,-2.03,48.5,False
807,002294,信立泰,31.68,0.67,0.37,45.62,31.436072416364,0.3052036,64.8742024,-28.0,2350.0,75.6,2026-09-03,0.78,49.0,False
808,002295,精艺股份,9.88,1.02,2.44,313.17,9.864856380594,0.171446,64.53035073,-1573.0,2466.0,82.0,2026-09-03,0.15,52.9,False
809,002296,辉煌科技,9.16,0.99,0.67,15.12,9.149090693053,0.1486032,61.3373831,-80.0,3512.0,72.8,2026-09-03,0.12,44.7,False
810,002297,博云新材,21.9,-0.45,22.43,36.87,21.183939863482,0.390388,80.63935094,51.0,35.0,88.8,2026-09-03,3.38,71.6,False
811,002298,中电鑫龙,8.46,0.71,2.09,71.7,8.411338791684,0.219368,56.32601805,-2433.0,4700.0,82.0,2026-09-03,0.58,46.2,False
812,002299,圣农发展,16.75,2.26,0.51,20.71,16.304410173072,0.1987168,66.54806034,-116.0,1799.0,77.2,2026-09-03,2.73,51.4,False
813,002300,太阳电缆,8.4,0.12,12.44,162.61,8.132127810997,0.4787308,74.628371,317.0,285.0,92.0,2026-09-03,3.29,68.7,False
814,002301,齐心集团,8.13,0.62,0.76,38.33,8.135569048532,0.2602828,65.68583234,-11.0,2076.0,72.0,2026-09-03,-0.07,47.3,False
815,002302,西部建设,4.85,2.54,0.43,-14.71,4.770267023851,0.146982,61.03771799,3.0,3599.0,78.8,2026-09-03,1.67,48.1,False
816,002303,美盈森,5.28,0.19,1.7,31.13,5.335894995959,0.3036376,61.80754602,-283.0,3366.0,81.2,2026-09-03,-1.05,50.2,False
817,002304,洋河股份,39.81,2.74,0.35,11.53,38.884152150388,0.2299312,59.52819849,-624.0,4023.0,80.8,2026-09-03,2.38,48.1,False
818,002305,*ST南置,2.11,0.96,0.4,105.5,2.089826484758,0.4707832,59.37844202,97.0,4059.0,69.6,2026-09-03,0.97,41.3,False
819,002306,ST云网,2.39,1.27,1.33,-54.38,2.339020527181,0.32249,72.60411543,739.0,507.0,69.2,2026-09-03,2.18,50.2,False
820,002307,北新路桥,3.09,2.32,0.98,-9.87,3.039360861692,0.2046408,51.74525798,-18.0,5121.0,73.2,2026-09-03,1.67,37.9,False
821,002309,中利集团,3.05,1.33,2.04,39.91,3.012553278426,0.27295,52.59829768,-30.0,5069.0,76.4,2026-09-03,1.24,40.2,False
822,002310,东方新能,2.35,2.17,0.61,2273.66,2.325657896548,0.3550084,54.89480512,-745.0,4896.0,75.6,2026-09-03,1.05,41.5,False
823,002311,海大集团,44.11,0.05,0.28,22.68,44.737078645826,0.2714492,68.8894072,-573.0,1163.0,80.4,2026-09-03,-1.4,55.4,False
824,002312,川发龙蟒,8.61,1.65,0.68,35.98,8.532873435218,0.202942,62.19108997,-384.0,3237.0,78.0,2026-09-03,0.9,48.5,False
825,002313,日海智能,8.73,0.69,0.82,112.95,8.762769116655,0.1405384,57.88664603,63.0,4411.0,78.4,2026-09-03,-0.37,45.4,False
826,002314,南山控股,2.28,3.17,1.44,-4.83,2.218195815865,0.2512248,63.82494498,1471.0,2702.0,68.4,2026-09-03,2.79,43.7,False
827,002315,焦点科技,26.84,4.97,3.1,21.31,25.773530570851,0.145056,70.74263257,128.0,782.0,77.2,2026-09-03,4.14,54.6,False
828,002316,亚联发展,4.51,2.73,1.93,1990.22,4.462826601683,0.0832852,58.34643229,-891.0,4301.0,69.6,2026-09-03,1.06,40.6,False
829,002317,众生药业,24.9,0.04,0.63,94.97,24.877219764205,0.2863552,67.64892774,2098.0,1499.0,77.2,2026-09-03,0.09,52.2,False
830,002318,久立特材,20.12,1.31,0.27,25.04,20.004609880894,0.2148416,67.46066274,-1026.0,1558.0,74.8,2026-09-03,0.58,50.5,False
831,002319,乐通股份,10.92,0.28,2.03,170.76,10.933320626708,0.2165496,61.70422782,563.0,3394.0,64.0,2026-09-03,-0.12,39.5,False
832,002320,海峡股份,7.15,4.23,1.99,59.14,6.987946863165,0.2740448,72.87018658,273.0,471.0,82.4,2026-09-03,2.32,60.0,False
833,002321,华英农业,2.13,2.9,0.85,-77.57,2.074221417135,0.24878,66.53047548,1296.0,1801.0,74.4,2026-09-03,2.69,49.5,False
834,002322,理工能科,13.02,0.93,0.78,19.76,12.920364799694,0.100382,66.41696234,-430.0,1845.0,76.8,2026-09-03,0.77,51.0,False
835,002323,*ST雅博,1.27,0.0,0.33,-18.52,1.273441173085,0.4894084,50.35908258,-12.0,5164.0,67.6,2026-09-03,-0.27,34.0,False
836,002324,普利特,9.19,1.1,0.78,61.08,9.16252447009,0.168614,66.3541503,1086.0,1860.0,76.8,2026-09-03,0.3,51.0,False
837,002326,永太科技,17.96,-0.39,0.91,30.34,18.0201635346,0.3023536,64.87765431,1893.0,2348.0,71.2,2026-09-03,-0.33,46.2,False
838,002327,富安娜,6.33,0.64,0.44,22.72,6.320627767963,0.1515408,68.65522454,1137.0,1226.0,68.0,2026-09-03,0.15,46.7,False
839,002328,新朋股份,10.06,-0.4,19.68,11.27,9.646925653957,0.3712472,78.18307983,-34.0,84.0,90.4,2026-09-03,4.28,70.7,False
840,002329,皇氏集团,3.97,3.12,3.17,-45.2,3.889800167528,0.22974,52.02155179,2.0,5107.0,82.4,2026-09-03,2.06,42.9,False
841,002330,得利斯,4.22,2.93,1.12,238.29,4.117484540415,0.1866116,62.14899541,3.0,3251.0,74.8,2026-09-03,2.49,46.5,False
842,002331,皖通科技,7.21,1.41,0.97,-23.46,7.186285690662,0.2018416,59.54474329,-1050.0,4017.0,71.2,2026-09-03,0.33,42.4,False
843,002332,仙琚制药,8.72,0.11,0.57,17.64,8.696500654633,0.2469644,66.47242683,289.0,1829.0,76.4,2026-09-03,0.27,50.8,False
844,002333,罗普斯金,5.57,1.27,0.6,93.58,5.564052079589,0.1973092,61.10826754,692.0,3575.0,70.4,2026-09-03,0.11,43.0,False
845,002334,英威腾,6.91,1.17,1.68,215.51,6.82251460546,0.263996,63.49538419,264.0,2818.0,72.8,2026-09-03,1.28,46.2,False
846,002335,科华数据,30.93,1.31,1.79,29.45,30.209650108268,0.2674292,71.41601859,743.0,686.0,76.4,2026-09-03,2.38,54.6,False
847,002337,赛象科技,4.81,1.26,0.57,57.64,4.778233262188,0.207782,64.28690382,1029.0,2545.0,68.0,2026-09-03,0.66,43.7,False
848,002338,奥普光电,41.3,-0.43,0.72,82.19,41.568452718698,0.1617484,67.73087507,998.0,1480.0,76.4,2026-09-03,-0.65,51.7,False
849,002339,积成电子,7.66,2.0,1.23,-25.46,7.567251434337,0.2250948,63.34950428,-149.0,2863.0,74.4,2026-09-03,1.23,47.1,False
850,002340,格林美,6.46,0.16,0.52,15.31,6.463022686338,0.3437476,61.12881375,-278.0,3569.0,78.0,2026-09-03,-0.05,47.7,False
851,002342,巨力索具,7.97,1.79,1.83,1006.71,7.868931049569,0.176652,57.48935566,-3046.0,4505.0,74.4,2026-09-03,1.28,42.8,False
852,002343,慈文传媒,5.56,3.35,2.02,-39.63,5.505284340479,0.1410304,60.4655903,-176.0,3781.0,78.8,2026-09-03,0.99,47.6,False
853,002344,海宁皮城,4.1,1.49,0.25,44.72,4.068461254414,0.2353564,60.27919323,-1224.0,3825.0,70.4,2026-09-03,0.78,42.4,False
854,002345,潮宏基,9.76,3.17,1.65,10.27,9.511861040414,0.2094692,72.40612024,497.0,535.0,77.6,2026-09-03,2.61,56.2,False
855,002346,柘中股份,19.08,-0.63,0.54,13.15,19.188107332796,0.1403716,65.44401264,-7.0,2157.0,74.4,2026-09-03,-0.56,48.7,False
856,002347,泰尔股份,6.29,1.29,4.16,-80.34,6.398961285424,0.186264,57.28852989,112.0,4541.0,73.6,2026-09-03,-1.7,42.2,False
857,002348,高乐股份,11.08,1.56,0.76,-189.49,11.024836290892,0.357898,65.75303347,1942.0,2057.0,80.8,2026-09-03,0.5,53.1,False
858,002349,精华制药,7.79,-0.76,2.54,23.78,7.807437720128,0.2802584,68.70250011,-565.0,1214.0,89.6,2026-09-03,-0.22,61.6,False
859,002350,北京科锐,15.04,1.76,1.28,-195.84,14.811514889268,0.3853428,64.53319691,-1548.0,2461.0,75.2,2026-09-03,1.54,48.5,False
860,002351,漫步者,10.3,1.18,0.52,21.69,10.271537535826,0.1670828,70.724656,-636.0,785.0,78.0,2026-09-03,0.28,55.2,False
861,002352,顺丰控股,32.33,0.87,0.13,15.47,32.068625016146,0.3856688,75.7296576,-22.0,198.0,82.0,2026-09-03,0.82,62.1,False
862,002353,杰瑞股份,127.56,2.92,1.7,54.61,123.82681923007,0.2937664,69.71772353,47.0,968.0,78.8,2026-09-03,3.01,54.9,False
863,002354,天娱数科,8.55,10.04,25.25,173.7,7.899140729934,0.2797456,62.62846074,-1443.0,3093.0,92.0,2026-09-03,8.24,57.6,False
864,002355,兴民智通,5.04,1.82,1.41,-7.86,5.018721278896,0.2147188,55.44862499,12.0,4828.0,80.0,2026-09-03,0.42,44.4,False
865,002356,鹏飞绿能,2.84,1.07,0.53,-130.55,2.840443442315,0.214466,62.17556367,-1469.0,3243.0,66.4,2026-09-03,-0.02,41.3,False
866,002357,富临运业,11.4,1.51,0.77,5.65,11.29128486396,0.1963772,68.38262659,387.0,1303.0,72.8,2026-09-03,0.96,49.8,False
867,002358,森源电气,5.5,2.42,1.07,49.62,5.403981254023,0.2580312,62.51772909,-79.0,3137.0,71.2,2026-09-03,1.78,44.5,False
868,002360,ST同德,5.77,-0.17,0.29,-23.91,5.782818514795,0.2422644,52.38118798,-690.0,5087.0,62.4,2026-09-03,-0.22,32.7,False
869,002361,神剑股份,10.74,1.8,6.63,-163.67,10.592703813988,0.2501756,55.46011444,-2884.0,4825.0,91.2,2026-09-03,1.39,50.6,False
870,002362,汉王科技,16.55,1.47,0.91,-23.47,16.466231528748,0.1268052,61.48468797,284.0,3459.0,77.6,2026-09-03,0.51,47.7,False
871,002363,隆基机械,7.0,1.01,0.4,34.4,6.990420375611,0.13591,67.15432352,879.0,1639.0,71.6,2026-09-03,0.14,48.1,False
872,002364,中恒电气,38.47,1.5,4.89,197.14,37.342639678406,0.3327672,70.44134835,2424.0,827.0,80.4,2026-09-03,3.02,56.6,False
873,002365,永安药业,14.76,0.48,5.62,50.1,14.716259197598,0.2644632,61.0597206,-1163.0,3595.0,83.2,2026-09-03,0.3,50.8,False
874,002366,融发核电,5.92,1.02,0.8,-272.06,5.853009441782,0.235292,58.15346778,-556.0,4352.0,82.0,2026-09-03,1.14,47.7,False
875,002367,康力电梯,5.86,0.69,0.59,24.36,5.796886177385,0.2462352,62.67278284,-52.0,3082.0,69.6,2026-09-03,1.09,43.6,False
876,002368,太极股份,14.53,5.06,1.73,-12.83,13.99080595033,0.150064,58.61019568,-125.0,4247.0,82.4,2026-09-03,3.85,48.3,False
877,002369,卓翼科技,6.28,1.29,1.28,-27.11,6.285584607587,0.1650468,53.96862483,19.0,4981.0,85.2,2026-09-03,-0.09,46.0,False
878,002370,亚太药业,5.44,1.3,0.76,-4657.48,5.403693617614,0.209366,58.04864934,104.0,4380.0,80.0,2026-09-03,0.67,46.4,False
879,002371,北方华创,653.71,-0.32,0.28,70.38,657.214033589764,0.4235264,68.34737017,-872.0,1320.0,80.8,2026-09-03,-0.53,55.2,False
880,002372,伟星新材,8.77,1.15,0.31,17.9,8.734129274021,0.1695408,73.66092582,268.0,377.0,77.2,2026-09-03,0.41,56.9,False
881,002373,千方科技,7.88,2.07,0.54,-298.5,7.78183951607,0.2050512,70.31036803,751.0,845.0,77.6,2026-09-03,1.26,54.6,False
882,002374,中锐股份,3.17,2.26,0.73,-12.67,3.134882618634,0.1903244,52.73521081,96.0,5063.0,69.2,2026-09-03,1.12,36.5,False
883,002375,亚厦股份,3.9,1.83,0.6,17.02,3.886730350716,0.2256652,70.3852591,-628.0,834.0,77.6,2026-09-03,0.34,54.6,False
884,002376,新北洋,6.8,1.64,0.62,51.83,6.739757647407,0.1678932,66.0726747,225.0,1952.0,76.0,2026-09-03,0.89,50.2,False
885,002377,国创高新,2.79,1.45,1.4,67.31,2.767991772721,0.2937244,67.77091062,-185.0,1469.0,67.2,2026-09-03,0.8,45.5,False
886,002378,章源钨业,24.12,-1.07,0.68,21.07,24.285435757237,0.2080812,62.86814394,-344.0,3022.0,78.0,2026-09-03,-0.68,49.0,False
887,002379,宏桥控股,19.09,-0.62,2.11,7.95,19.334184372513,0.348112,78.33917545,859.0,78.0,78.4,2026-09-03,-1.26,61.4,False
888,002380,科远智慧,29.6,1.68,2.52,21.92,28.970302096648,0.3296292,74.03768648,270.0,335.0,70.8,2026-09-03,2.17,52.4,False
889,002381,双箭股份,5.67,2.16,1.0,67.11,5.583349519053,0.0438664,60.69025716,93.0,3711.0,66.0,2026-09-03,1.55,40.1,False
890,002382,蓝帆医疗,6.04,0.5,0.61,31.8,6.006303642831,0.2187188,63.94437255,1408.0,2670.0,73.2,2026-09-03,0.56,46.8,False
891,002383,合众思壮,7.31,1.53,0.5,-76.4,7.256367484127,0.1367996,59.03479784,-1460.0,4157.0,74.4,2026-09-03,0.74,43.9,False
892,002384,东山精密,181.58,1.35,1.98,56.24,180.713601204814,0.38294,63.53406782,-383.0,2807.0,86.0,2026-09-03,0.48,54.6,False
893,002385,大北农,3.35,2.45,1.99,-10.6,3.288387122572,0.3268352,63.94323141,-212.0,2672.0,90.8,2026-09-03,1.87,58.1,False
894,002386,天原股份,5.93,0.34,0.52,18.44,5.949720682535,0.2727332,60.00512907,-412.0,3898.0,73.2,2026-09-03,-0.33,43.9,False
895,002387,维信诺,7.16,0.85,0.38,-3.29,7.131219394806,0.240422,59.0961815,496.0,4138.0,73.2,2026-09-03,0.4,43.3,False
896,002388,新亚制程,6.19,-1.9,2.99,-133.87,6.34801283656,0.2967824,62.03620234,-665.0,3293.0,71.6,2026-09-03,-2.49,44.4,False
897,002389,航天彩虹,19.19,1.32,1.02,125.39,18.960038384368,0.2324684,55.91251492,-511.0,4771.0,88.0,2026-09-03,1.21,49.2,False
898,002390,信邦制药,3.03,1.34,0.67,29.57,3.022141213991,0.1899644,65.92810438,-1178.0,1997.0,74.4,2026-09-03,0.26,49.1,False
899,002391,长青股份,5.39,0.94,0.76,32.45,5.347850584201,0.231962,61.60776851,880.0,3424.0,70.4,2026-09-03,0.79,43.4,False
900,002392,北京利尔,8.1,1.38,0.46,12.55,7.976878820008,0.2427644,70.20381328,30.0,864.0,69.2,2026-09-03,1.54,48.6,False
901,002393,力生制药,14.1,0.5,0.29,27.75,14.056043163921,0.2018344,63.12145025,-1373.0,2940.0,71.2,2026-09-03,0.31,44.9,False
902,002394,联发股份,10.82,0.56,0.77,90.39,10.785517288013,0.282302,67.56801365,-1047.0,1526.0,70.4,2026-09-03,0.32,47.6,False
903,002395,双象股份,13.38,0.83,0.9,22.1,13.414993505674,0.163856,69.87652638,-175.0,931.0,84.4,2026-09-03,-0.26,59.0,False
904,002396,星网锐捷,38.1,-3.91,9.54,38.71,39.110222937162,0.3893228,78.85341788,-42.0,64.0,95.6,2026-09-03,-2.58,75.4,False
905,002397,梦洁股份,3.85,1.85,1.6,42.32,3.819342076539,0.2503156,69.63485267,2148.0,996.0,67.6,2026-09-03,0.8,47.1,False
906,002398,垒知集团,4.31,3.11,1.08,25.66,4.222533012368,0.1912032,65.80198978,1344.0,2044.0,69.2,2026-09-03,2.07,45.5,False
907,002399,海普瑞,9.98,0.91,0.11,26.6,9.974281784032,0.17696,58.22440276,-1.0,4335.0,74.4,2026-09-03,0.06,43.3,False
908,002400,省广集团,6.84,3.48,4.91,170.42,6.699979252726,0.267486,64.40471185,-550.0,2507.0,88.0,2026-09-03,2.09,56.7,False
909,002401,中远海科,12.62,2.35,0.66,145.36,12.392660351121,0.1299124,69.17247133,1264.0,1102.0,72.8,2026-09-03,1.83,50.4,False
910,002402,和而泰,19.23,1.0,1.03,37.04,19.061644681417,0.218958,64.34957919,60.0,2526.0,73.2,2026-09-03,0.88,47.1,False
911,002403,爱仕达,11.28,10.05,3.59,-20.57,10.005986349301,0.3988576,66.77007907,3256.0,1738.0,69.6,2026-09-03,12.73,46.5,False
912,002404,嘉欣丝绸,5.85,1.04,0.57,16.01,5.823867726386,0.132806,61.03473774,-424.0,3601.0,63.6,2026-09-03,0.45,38.8,False
913,002405,四维图新,6.46,3.36,1.65,-15.66,6.30308704418,0.2349064,58.6631657,156.0,4238.0,76.0,2026-09-03,2.49,44.6,False
914,002406,远东传动,6.94,0.14,2.02,25.21,6.941821387765,0.2822456,75.73179437,1322.0,197.0,72.8,2026-09-03,-0.03,55.1,False
915,002407,多氟多,34.27,-1.18,3.29,39.85,34.285601245376,0.29872,66.67955577,2161.0,1763.0,91.2,2026-09-03,-0.05,60.8,False
916,002408,齐翔腾达,5.43,-0.18,0.49,66.31,5.450862978221,0.2240788,67.8374474,872.0,1453.0,77.6,2026-09-03,-0.38,52.6,False
917,002409,雅克科技,129.24,-1.79,2.08,54.83,131.569254506289,0.3046044,67.10506271,1121.0,1650.0,79.2,2026-09-03,-1.77,53.1,False
918,002410,广联达,9.01,4.77,1.82,37.15,8.674498093153,0.1918288,67.69988576,-276.0,1484.0,76.8,2026-09-03,3.87,52.0,False
919,002412,汉森制药,9.98,0.2,6.87,23.56,9.979045246597,0.2357148,59.81735052,-955.0,3960.0,81.6,2026-09-03,0.01,48.8,False
920,002413,雷科防务,8.22,0.98,1.04,-299.25,8.175562067679,0.1902856,56.17520486,-1675.0,4719.0,77.6,2026-09-03,0.54,43.6,False
921,002414,高德红外,12.7,0.32,0.75,20.07,12.717455791751,0.3047056,72.05201309,-496.0,576.0,80.4,2026-09-03,-0.14,57.9,False
922,002415,海康威视,35.5,1.49,0.19,20.6,35.037512086254,0.3555344,76.19919367,-18.0,163.0,85.6,2026-09-03,1.32,65.2,False
923,002416,爱施德,9.72,1.25,0.62,129.63,9.729853801902,0.2481016,70.14123498,-603.0,875.0,82.0,2026-09-03,-0.1,57.5,False
924,002418,康盛股份,5.33,-5.66,16.19,363.75,5.685742737827,0.2868012,68.32263662,-152.0,1327.0,94.8,2026-09-03,-6.26,64.8,False
925,002419,天虹股份,4.81,1.05,0.71,24.21,4.795191824545,0.257108,70.42849586,137.0,829.0,77.6,2026-09-03,0.31,54.7,False
926,002420,毅昌科技,6.21,0.98,0.96,30.43,6.19640187002,0.2104316,65.88381076,-1384.0,2014.0,68.0,2026-09-03,0.22,44.8,False
927,002421,达实智能,3.45,1.77,4.21,-201.01,3.415558617723,0.230304,55.51187522,99.0,4815.0,88.8,2026-09-03,1.01,49.3,False
928,002422,科伦药业,41.86,0.1,0.53,29.52,41.67041804776,0.2560136,69.8783571,-413.0,929.0,82.4,2026-09-03,0.45,57.6,False
929,002423,中粮资本,9.87,1.75,0.54,12.4,9.756298549097,0.2072648,63.63057538,-157.0,2773.0,80.4,2026-09-03,1.17,51.2,False
930,002424,ST百灵,4.6,0.66,0.19,107.05,4.588894720455,0.2233948,56.37008036,-77.0,4693.0,73.6,2026-09-03,0.24,41.5,False
931,002425,凯撒文化,3.45,3.29,4.18,330.71,3.390158948913,0.2021092,59.03357487,-372.0,4158.0,87.2,2026-09-03,1.77,51.5,False
932,002426,胜利精密,2.74,1.11,0.69,-23.68,2.728603603374,0.2993968,51.62783268,-45.0,5125.0,73.6,2026-09-03,0.42,38.0,False
933,002427,尤夫股份,4.98,1.63,1.07,308.71,4.931092870221,0.1601056,58.66452357,-535.0,4236.0,83.2,2026-09-03,0.99,48.8,False
934,002428,云南锗业,90.13,-1.6,3.02,396.3,91.76738579827,0.3348364,55.72386232,-677.0,4793.0,91.2,2026-09-03,-1.78,50.8,False
935,002429,兆驰股份,8.06,0.37,0.44,46.64,8.034031349305,0.27572,66.26352891,-117.0,1889.0,82.4,2026-09-03,0.32,54.6,False
936,002430,杭氧股份,27.65,-0.07,1.22,24.01,27.483372742209,0.3314636,77.12967599,849.0,124.0,84.0,2026-09-03,0.61,64.8,False
937,002431,ST棕榈,1.4,1.45,0.51,-4.79,1.380623530443,0.404646,53.80742609,-32.0,4994.0,69.2,2026-09-03,1.4,37.2,False
938,002432,九安医疗,67.63,-0.57,1.86,5.13,68.34018942615,0.3459284,73.06634501,998.0,441.0,80.0,2026-09-03,-1.04,58.5,False
939,002434,万里扬,5.95,1.71,0.63,55.52,5.889889032055,0.2906256,56.45845206,374.0,4678.0,68.0,2026-09-03,1.02,38.4,False
940,002436,兴森科技,34.52,-1.9,4.8,265.47,34.278398918833,0.39417,70.31702354,1640.0,842.0,87.6,2026-09-03,0.7,61.6,False
941,002437,誉衡药业,4.09,-3.76,11.34,28.68,4.215424266446,0.3468984,64.42374313,-2440.0,2500.0,93.2,2026-09-03,-2.98,60.0,False
942,002438,江苏神通,14.35,4.21,1.38,24.19,13.750859140599,0.2235804,63.96668738,-163.0,2657.0,70.0,2026-09-03,4.36,44.8,False
943,002439,启明星辰,13.53,2.5,1.85,266.2,13.212152282126,0.278806,59.96100887,127.0,3917.0,81.6,2026-09-03,2.41,48.9,False
944,002440,闰土股份,13.4,-0.74,2.81,12.02,13.489700543605,0.3246708,75.10995511,768.0,239.0,79.6,2026-09-03,-0.66,59.8,False
945,002441,众业达,8.4,0.0,0.52,14.49,8.463731191932,0.1720432,68.49907013,723.0,1276.0,74.0,2026-09-03,-0.75,50.7,False
946,002442,龙星科技,5.29,0.95,0.66,37.48,5.270459401979,0.0959104,54.8993318,-116.0,4894.0,68.4,2026-09-03,0.37,37.6,False
947,002443,金洲管道,11.22,0.45,3.8,34.05,10.89227909294,0.4063872,78.95242871,50.0,61.0,83.6,2026-09-03,3.01,66.0,False
948,002444,巨星科技,30.83,0.92,0.18,14.11,30.341802411041,0.25087,76.61733068,683.0,145.0,73.6,2026-09-03,1.61,56.4,False
949,002445,中南文化,3.24,1.89,2.04,125.87,3.209306341442,0.309688,57.2428958,73.0,4549.0,79.6,2026-09-03,0.96,45.6,False
950,002446,盛路通信,8.34,0.6,0.65,104.74,8.32343359447,0.241542,57.27920802,-1706.0,4544.0,72.8,2026-09-03,0.2,41.7,False
951,002448,中原内配,11.96,1.1,1.7,10.17,11.778197843411,0.2497932,66.29757375,-399.0,1882.0,74.8,2026-09-03,1.54,49.6,False
952,002449,国星光电,6.64,0.76,0.62,-42.06,6.62673801016,0.187352,56.09616943,-104.0,4737.0,79.6,2026-09-03,0.2,44.7,False
953,002451,摩恩电气,7.92,1.02,1.79,302.91,7.955994360824,0.1709788,63.66637522,-1997.0,2762.0,82.0,2026-09-03,-0.45,52.2,False
954,002452,长高电气,11.96,1.53,2.28,6.38,11.676046154262,0.3206444,79.31046633,571.0,51.0,72.4,2026-09-03,2.43,57.4,False
955,002453,华软科技,4.58,1.1,0.69,-24.43,4.578927559994,0.1127164,56.70386282,459.0,4645.0,68.4,2026-09-03,0.02,38.8,False
956,002454,松芝股份,5.21,1.17,0.4,18.39,5.182127628251,0.117004,64.94721227,-1168.0,2325.0,69.2,2026-09-03,0.54,44.9,False
957,002455,百川股份,7.86,0.64,2.22,40.12,7.858790750807,0.1951948,52.33822675,-16.0,5088.0,80.4,2026-09-03,0.02,42.1,False
958,002456,欧菲光,7.7,0.65,0.97,-30.35,7.633780942309,0.3113772,58.25226717,-775.0,4329.0,78.4,2026-09-03,0.87,45.7,False
959,002457,青龙管业,12.31,2.24,5.66,141.51,12.024610774327,0.2760668,67.16745834,-1489.0,1632.0,88.0,2026-09-03,2.37,59.1,False
960,002458,益生股份,9.04,3.43,3.39,21.03,8.775394041733,0.2392916,70.38666081,-707.0,832.0,85.2,2026-09-03,3.02,60.0,False
961,002459,晶澳科技,6.85,2.09,0.61,-4.26,6.779043671261,0.2684036,53.61848523,6.0,5012.0,73.2,2026-09-03,1.05,39.2,False
962,002460,赣锋锂业,50.2,-0.63,1.02,12.36,50.949638661993,0.3080804,67.11729577,-70.0,1648.0,84.8,2026-09-03,-1.47,56.9,False
963,002461,珠江啤酒,8.73,0.34,0.08,14.34,8.72276951537,0.1324332,73.04245674,139.0,445.0,69.6,2026-09-03,0.08,50.8,False
964,002462,嘉事堂,12.42,1.14,0.24,20.88,12.301179907151,0.1406248,63.75542598,-1090.0,2727.0,66.8,2026-09-03,0.97,42.6,False
965,002463,沪电股份,113.86,-2.2,1.36,37.48,117.346017914183,0.3721932,74.09152431,-51.0,332.0,89.6,2026-09-03,-2.97,66.4,False
966,002465,海格通信,10.2,2.0,0.86,-69.86,10.052870914233,0.2551676,53.24167455,-30.0,5036.0,74.0,2026-09-03,1.46,39.4,False
967,002466,天齐锂业,46.63,-0.62,1.29,9.42,47.46535921616,0.3628004,66.62409319,-273.0,1777.0,90.8,2026-09-03,-1.76,60.5,False
968,002467,二六三,4.87,2.1,1.41,-173.97,4.805532090456,0.22906,55.61009597,-137.0,4806.0,78.4,2026-09-03,1.34,43.6,False
969,002468,申通快递,14.34,1.49,0.56,10.61,14.069429779228,0.2387724,75.64844482,343.0,204.0,71.6,2026-09-03,1.92,54.2,False
970,002469,三维化学,6.42,0.63,0.53,58.65,6.422821457593,0.1969032,68.92891934,442.0,1155.0,78.4,2026-09-03,-0.04,54.0,False
971,002470,金正大,2.12,2.42,3.88,-7.01,2.10463243783,0.3547468,60.96920704,-2154.0,3616.0,91.6,2026-09-03,0.73,55.8,False
972,002471,中超控股,5.79,1.4,2.86,-312.11,5.685884104997,0.2397672,64.03506176,66.0,2632.0,74.0,2026-09-03,1.83,47.4,False
973,002472,双环传动,38.96,9.99,5.66,28.22,35.373146825282,0.3331304,71.3222549,1567.0,704.0,75.6,2026-09-03,10.14,53.9,False
974,002474,榕基软件,6.67,3.25,2.73,-86.94,6.507580330184,0.1530996,56.46574154,-18.0,4675.0,83.6,2026-09-03,2.5,47.2,False
975,002475,立讯精密,55.28,-1.58,0.71,27.27,56.593587724801,0.4490016,74.13537456,-260.0,327.0,92.4,2026-09-03,-2.32,68.5,False
976,002476,新叶股份,5.13,0.79,0.47,78.2,5.088983544764,0.1480016,64.98912267,-414.0,2311.0,73.2,2026-09-03,0.81,47.6,False
977,002478,常宝股份,6.99,1.6,1.59,23.44,6.88401704847,0.2665372,70.66787241,-616.0,795.0,83.2,2026-09-03,1.54,58.8,False
978,002479,富春环保,6.11,-0.65,0.93,8.24,6.163539360291,0.1448692,67.09572565,-158.0,1651.0,73.2,2026-09-03,-0.87,49.1,False
979,002480,新筑股份,5.38,0.0,0.31,-20.64,5.406097213503,0.2010564,58.75140669,656.0,4222.0,68.4,2026-09-03,-0.48,40.2,False
980,002481,双塔食品,4.34,2.12,0.6,80.76,4.264365712413,0.197534,61.0975468,979.0,3579.0,76.4,2026-09-03,1.77,46.7,False
981,002482,广田集团,1.35,3.05,0.63,-55.56,1.324968028111,0.4583656,63.95645232,1177.0,2663.0,71.2,2026-09-03,1.89,45.5,False
982,002483,润邦股份,5.55,1.46,0.45,21.09,5.508170299594,0.3291888,66.18111002,-1149.0,1908.0,74.4,2026-09-03,0.76,49.2,False
983,002484,江海股份,58.32,0.64,2.71,64.7,57.466865193735,0.332462,65.4000664,1292.0,2175.0,78.4,2026-09-03,1.48,51.3,False
984,002485,ST雪发,5.77,-0.17,0.12,-60.53,5.769920227027,0.0754576,53.23038082,9.0,5039.0,62.4,2026-09-03,0.0,33.2,False
985,002486,嘉麟杰,3.06,0.66,1.62,71.42,3.02179849055,0.2812816,67.98896419,1007.0,1415.0,80.0,2026-09-03,1.26,54.4,False
986,002487,大金重工,33.96,1.83,1.26,20.92,33.482922923419,0.198924,66.57343814,203.0,1790.0,78.0,2026-09-03,1.42,51.9,False
987,002488,金固股份,8.3,-0.36,1.46,93.32,8.220224611091,0.3279672,66.19779201,2649.0,1905.0,70.0,2026-09-03,0.97,46.3,False
988,002489,浙江永强,2.82,1.08,0.28,-760.49,2.80830944948,0.2218984,58.0985167,8.0,4370.0,69.2,2026-09-03,0.42,40.2,False
989,002490,山东墨龙,7.97,0.38,5.48,779.36,8.089428912659,0.2183484,53.69800038,-3496.0,5005.0,91.2,2026-09-03,-1.48,49.0,False
990,002491,通鼎互联,21.27,1.0,6.53,64.59,21.145950169271,0.2982184,60.09668906,-1905.0,3871.0,90.4,2026-09-03,0.59,54.3,False
991,002492,恒基达鑫,6.06,3.41,1.51,-36.79,6.009358041599,0.1254044,54.8684297,-1217.0,4897.0,67.2,2026-09-03,0.84,36.9,False
992,002493,荣盛石化,14.39,-1.71,0.23,14.06,14.639716096247,0.3631408,81.15586613,189.0,29.0,88.0,2026-09-03,-1.71,71.4,False
993,002494,华斯股份,4.87,2.31,1.52,-127.83,4.815822523115,0.1106744,63.21752128,-73.0,2905.0,66.4,2026-09-03,1.12,42.0,False
994,002495,佳隆股份,2.43,2.97,1.62,160.09,2.395950151597,0.194756,66.48971812,-53.0,1823.0,67.2,2026-09-03,1.42,44.7,False
995,002496,辉丰股份,2.17,0.93,0.75,87.41,2.155048529526,0.2495676,54.16019398,50.0,4962.0,67.6,2026-09-03,0.69,36.6,False
996,002497,雅化集团,18.28,0.05,1.49,8.66,18.337077534564,0.2876164,72.90300559,615.0,465.0,79.6,2026-09-03,-0.31,58.0,False
997,002498,汉缆股份,6.8,-1.02,2.12,36.02,6.871354231304,0.2804252,75.61749466,58.0,208.0,81.2,2026-09-03,-1.04,61.4,False
998,002500,山西证券,5.46,1.3,0.42,16.26,5.418088896023,0.3246572,63.25445884,1458.0,2887.0,72.8,2026-09-03,0.77,46.0,False
999,002501,*ST利源,1.29,0.78,0.26,-68.68,1.297456604322,0.4441336,49.31653745,-6.0,5181.0,69.2,2026-09-03,-0.57,34.1,False
1000,002506,协鑫集成,2.61,3.16,2.59,-17.75,2.547297574922,0.2521436,54.05815757,-69.0,4974.0,72.4,2026-09-03,2.46,39.1,False
1001,002507,涪陵榨菜,11.32,1.34,0.55,15.97,11.195085560601,0.2205944,65.56922937,-1391.0,2115.0,77.6,2026-09-03,1.12,50.9,False
1002,002508,老板电器,16.12,2.03,0.41,13.17,15.891436596249,0.2275812,73.07657528,757.0,438.0,76.8,2026-09-03,1.44,56.1,False
1003,002510,天汽模,5.81,0.0,0.9,307.64,5.892034391824,0.2282628,63.20563269,201.0,2909.0,76.0,2026-09-03,-1.39,48.0,False
1004,002511,中顺洁柔,7.14,1.71,0.46,20.29,7.050560861621,0.2641568,69.39655719,1006.0,1049.0,73.2,2026-09-03,1.27,50.8,False
1005,002512,ST达华,4.32,-0.23,1.24,71.54,4.301622161428,0.377358,68.81598977,439.0,1185.0,73.2,2026-09-03,0.43,50.4,False
1006,002513,蓝丰生化,5.46,1.11,0.97,-17.15,5.438186136262,0.1344924,61.45334025,839.0,3475.0,69.6,2026-09-03,0.4,42.8,False
1007,002514,*ST宝馨,2.5,7.76,7.91,-22.02,2.199913569952,0.2951504,57.39017722,-2032.0,4521.0,84.4,2026-09-03,13.64,48.4,False
1008,002515,金字火腿,7.62,-0.26,5.59,-567.43,7.636341213218,0.4070424,64.00436718,1569.0,2645.0,83.2,2026-09-03,-0.21,53.3,False
1009,002516,旷达科技,5.5,0.0,0.67,36.12,5.454190505689,0.276426,68.87617404,1947.0,1170.0,69.6,2026-09-03,0.84,47.9,False
1010,002517,恺英网络,17.57,3.05,2.87,13.14,17.072488517318,0.35135,80.08464448,361.0,42.0,81.6,2026-09-03,2.91,65.3,False
1011,002518,科士达,37.3,1.06,2.59,37.43,36.139968183772,0.3286796,79.20732261,68.0,53.0,79.6,2026-09-03,3.21,63.0,False
1012,002519,银河电子,5.79,1.05,1.47,599.32,5.748196595556,0.1889404,61.9807876,-2205.0,3323.0,83.2,2026-09-03,0.73,51.6,False
1013,002520,日发精机,6.52,-0.31,2.03,48.8,6.528952468045,0.2530004,59.38519757,-54.0,4057.0,78.4,2026-09-03,-0.14,46.6,False
1014,002521,齐峰新材,6.68,0.91,0.5,23.52,6.678918204961,0.2057584,60.58509626,-242.0,3746.0,61.2,2026-09-03,0.02,37.1,False
1015,002522,浙江众成,5.26,0.19,0.76,44.17,5.271420997073,0.2721048,56.75519888,-326.0,4635.0,67.6,2026-09-03,-0.22,38.4,False
1016,002523,天桥起重,3.64,0.83,0.41,39.05,3.615708942914,0.2812748,70.31376921,777.0,844.0,72.8,2026-09-03,0.67,51.2,False
1017,002524,光正眼科,4.09,1.74,1.16,59.29,4.055268969131,0.1566724,63.08296285,1246.0,2949.0,68.8,2026-09-03,0.86,43.4,False
1018,002526,山东矿机,2.77,2.21,0.78,393.07,2.732308601101,0.2095456,58.42876304,-1383.0,4279.0,72.8,2026-09-03,1.38,42.5,False
1019,002527,新时达,11.25,-0.44,0.37,-330.73,11.37421460298,0.214926,59.75743553,1030.0,3973.0,72.0,2026-09-03,-1.09,43.0,False
1020,002528,*ST英飞,7.0,-3.05,3.42,-38.01,7.378513472926,0.404886,54.92386389,-1419.0,4891.0,84.8,2026-09-03,-5.13,46.6,False
1021,002529,海源复材,7.22,2.12,0.64,-19.31,7.154745752868,0.0765164,55.60151706,8.0,4807.0,69.2,2026-09-03,0.91,38.5,False
1022,002530,金财互联,7.6,2.15,1.35,68.12,7.49736710614,0.2064952,61.8866121,-310.0,3338.0,77.6,2026-09-03,1.37,48.0,False
1023,002531,天顺风能,6.27,1.62,0.64,48.55,6.190174664212,0.2041972,63.93324867,1092.0,2677.0,74.8,2026-09-03,1.29,47.8,False
1024,002532,天山铝业,13.23,-0.6,0.9,7.33,13.307384818667,0.3841136,73.85301595,765.0,355.0,82.4,2026-09-03,-0.58,60.9,False
1025,002533,金杯电工,11.37,-1.04,0.87,13.17,11.492853631728,0.2445484,74.76933686,107.0,272.0,71.6,2026-09-03,-1.07,53.5,False
1026,002534,西子洁能,16.84,1.32,0.64,-139.79,16.689285476648,0.2123312,65.22032469,-580.0,2236.0,82.4,2026-09-03,0.9,53.7,False
1027,002535,林州重机,2.55,2.0,1.07,-16.95,2.536883743158,0.0624304,53.23828466,-759.0,5038.0,68.4,2026-09-03,0.52,36.4,False
1028,002536,飞龙股份,60.6,-3.86,9.52,230.04,61.215760127081,0.4938888,74.45073928,-270.0,303.0,95.2,2026-09-03,-1.01,70.9,False
1029,002537,海联金汇,6.88,10.08,3.75,30.91,6.313290700577,0.1950404,60.6291037,-32.0,3737.0,82.8,2026-09-03,8.98,50.2,False
1030,002538,ST司特,6.99,0.58,0.34,27.02,7.013434614629,0.3723736,62.91072038,-480.0,3004.0,68.8,2026-09-03,-0.33,43.3,False
1031,002539,云图控股,13.55,1.19,0.79,11.56,13.381728063833,0.2661152,67.7457198,-636.0,1477.0,77.6,2026-09-03,1.26,52.6,False
1032,002540,亚太科技,5.21,1.17,0.23,40.55,5.187760588944,0.1405184,64.19956781,-187.0,2571.0,69.6,2026-09-03,0.43,44.7,False
1033,002541,鸿路钢构,20.86,3.11,0.94,16.77,20.460749327829,0.1391504,70.95590699,-145.0,753.0,78.4,2026-09-03,1.95,55.6,False
1034,002542,*ST中岩,1.72,2.38,0.63,-9.05,1.675649828977,0.4237624,61.29687414,1332.0,3518.0,70.8,2026-09-03,2.65,43.4,False
1035,002543,万和电气,7.54,-1.44,1.06,45.62,7.560600103997,0.1737572,69.84794257,-543.0,935.0,78.8,2026-09-03,-0.27,55.0,False
1036,002544,普天科技,16.3,1.81,0.67,-222.56,16.05357766598,0.2232808,63.7872955,930.0,2714.0,74.4,2026-09-03,1.53,47.5,False
1037,002545,东方铁塔,18.06,3.08,1.28,11.51,17.574619577452,0.2360956,70.38629734,-544.0,833.0,72.8,2026-09-03,2.76,51.2,False
1038,002546,新联电子,8.08,1.25,0.83,7.44,7.988992361437,0.206056,61.60376322,143.0,3426.0,74.0,2026-09-03,1.14,45.6,False
1039,002547,*ST春兴,2.63,0.77,0.77,-9.48,2.630057710083,0.2591068,56.2361566,-161.0,4712.0,72.4,2026-09-03,-0.0,40.7,False
1040,002548,金新农,4.37,3.8,1.92,-4.66,4.248674340726,0.1972688,56.99409741,-44.0,4588.0,73.6,2026-09-03,2.86,41.9,False
1041,002549,凯美特气,14.13,0.43,1.0,224.1,14.11952618646,0.209,59.75738382,781.0,3974.0,72.8,2026-09-03,0.07,43.5,False
1042,002550,千红制药,6.62,0.76,0.47,27.72,6.590055226783,0.2400756,62.397828,-462.0,3169.0,76.0,2026-09-03,0.45,47.4,False
1043,002551,尚荣医疗,3.36,0.9,0.81,-90.8,3.337504508109,0.0894304,61.44134094,819.0,3478.0,74.8,2026-09-03,0.67,46.0,False
1044,002552,宝鼎科技,46.83,-2.34,3.04,66.81,47.742846917832,0.2508716,64.97492259,1305.0,2314.0,85.2,2026-09-03,-1.91,55.4,False
1045,002553,南方精工,17.38,0.06,4.69,50.89,17.126456497836,0.2633524,77.62613822,656.0,106.0,89.6,2026-09-03,1.48,69.6,False
1046,002554,惠博普,2.91,1.39,0.94,-18.28,2.910535970105,0.262828,56.44018575,-2028.0,4683.0,74.0,2026-09-03,-0.02,41.8,False
1047,002555,三七互娱,18.64,1.86,1.45,11.67,18.392250419802,0.3234624,65.33856631,-123.0,2189.0,82.4,2026-09-03,1.35,53.8,False
1048,002556,辉隆股份,5.37,2.29,0.85,22.3,5.274317928558,0.1838376,66.94293905,-630.0,1692.0,76.8,2026-09-03,1.81,51.4,False
1049,002557,洽洽食品,19.06,1.82,0.95,19.61,18.687650813621,0.2063628,64.42867897,19.0,2498.0,79.6,2026-09-03,1.99,51.3,False
1050,002558,巨人网络,27.54,2.3,3.35,12.2,26.8644838934,0.4090452,81.55305933,328.0,26.0,82.8,2026-09-03,2.51,67.5,False
1051,002559,亚威股份,9.08,0.44,1.28,64.25,9.031856901996,0.2621168,66.07553482,1673.0,1949.0,70.4,2026-09-03,0.53,46.5,False
1052,002560,通达股份,6.37,1.43,1.4,89.72,6.273212720095,0.1817788,70.69032921,-494.0,787.0,72.8,2026-09-03,1.54,51.5,False
1053,002561,徐家汇,7.23,1.97,0.92,-60.21,7.160797304995,0.1519956,64.14185377,1430.0,2586.0,74.0,2026-09-03,0.97,47.5,False
1054,002562,兄弟科技,5.01,2.87,2.5,29.2,4.882885792923,0.2405552,63.91896739,60.0,2679.0,81.2,2026-09-03,2.6,51.9,False
1055,002563,森马服饰,5.92,1.54,0.25,16.64,5.854081971995,0.1645372,74.87835044,343.0,261.0,72.4,2026-09-03,1.13,54.2,False
1056,002564,天沃科技,4.93,10.04,1.73,-27.23,4.529923947997,0.1785084,62.4838291,841.0,3141.0,74.0,2026-09-03,8.83,46.2,False
1057,002565,顺灏股份,8.7,2.23,1.87,145.3,8.553866795513,0.188802,54.14031473,-759.0,4964.0,72.4,2026-09-03,1.71,39.2,False
1058,002566,益盛药业,7.09,2.01,1.2,43.73,6.991970187973,0.1306572,58.51268384,-63.0,4265.0,70.4,2026-09-03,1.4,41.2,False
1059,002567,唐人神,3.96,5.6,1.66,-2.71,3.773019601406,0.2259772,62.1581997,485.0,3247.0,75.2,2026-09-03,4.96,46.7,False
1060,002568,百润股份,18.3,4.1,1.28,19.9,17.575778161803,0.1735556,65.40595225,-539.0,2173.0,71.2,2026-09-03,4.12,46.6,False
1061,002569,*ST步森,11.1,-0.36,0.41,-60.02,11.0454764638,0.2643596,62.68157375,1952.0,3079.0,60.0,2026-09-03,0.49,37.6,False
1062,002570,贝因美,4.64,1.31,0.66,35.1,4.627966618835,0.2450044,61.5139287,128.0,3449.0,75.6,2026-09-03,0.26,46.5,False
1063,002571,德力股份,11.06,1.1,0.77,-37.77,11.089583499502,0.247172,63.77851091,1120.0,2718.0,65.2,2026-09-03,-0.27,41.6,False
1064,002572,索菲亚,8.07,3.46,1.28,62.76,7.864942657206,0.1462244,62.64836755,33.0,3090.0,74.4,2026-09-03,2.61,46.6,False
1065,002573,清新环境,3.28,1.23,0.53,50.22,3.267716318568,0.1913556,58.45913104,-109.0,4274.0,74.8,2026-09-03,0.38,43.7,False
1066,002574,明牌珠宝,5.27,3.54,1.97,-73.67,5.169654048864,0.1972552,60.0065635,-1305.0,3897.0,75.2,2026-09-03,1.94,45.1,False
1067,002575,群兴玩具,5.51,2.23,1.71,-34.95,5.467538331681,0.1618204,55.50314635,-20.0,4816.0,78.0,2026-09-03,0.78,43.3,False
1068,002576,通达动力,14.99,1.01,0.69,29.58,14.906657939575,0.1858628,69.36373798,-47.0,1055.0,70.4,2026-09-03,0.56,48.8,False
1069,002577,雷柏科技,19.66,1.65,1.02,184.98,19.143781328387,0.228966,66.37509587,186.0,1854.0,74.4,2026-09-03,2.7,49.4,False
1070,002578,闽发铝业,4.19,-2.78,1.87,-809.08,4.325133258876,0.3157332,69.6266512,-89.0,998.0,85.6,2026-09-03,-3.12,59.6,False
1071,002579,中京电子,14.39,4.73,13.86,-49.06,13.750906121256,0.18364,50.97926314,-214.0,5146.0,83.2,2026-09-03,4.65,42.4,False
1072,002580,圣阳股份,22.72,2.39,8.95,46.69,22.147379141368,0.2889156,63.51084666,-1558.0,2815.0,89.6,2026-09-03,2.59,56.9,False
1073,002581,*ST未名,5.75,1.95,1.69,-19.87,5.398623942879,0.3721936,65.04155106,1066.0,2296.0,76.4,2026-09-03,6.51,49.7,False
1074,002582,好想你,10.47,2.75,3.32,3.15,10.243056587365,0.238266,60.93807691,948.0,3620.0,87.6,2026-09-03,2.22,53.4,False
1075,002583,海能达,8.63,0.35,0.64,184.2,8.688791176606,0.2396784,60.61107294,157.0,3741.0,76.4,2026-09-03,-0.68,46.3,False
1076,002584,西陇科学,8.12,-0.73,2.27,60.28,8.255686347033,0.2259348,59.97551869,-1681.0,3911.0,73.6,2026-09-03,-1.64,44.1,False
1077,002585,双星新材,9.16,-1.4,2.1,114.2,9.294642325893,0.2094004,56.89730349,-84.0,4603.0,84.0,2026-09-03,-1.45,47.8,False
1078,002586,围海股份,4.09,-0.97,0.45,314.31,4.195127943841,0.262753137255,60.02434617,-575.0,3893.0,67.2,2026-09-03,-2.51,40.3,False
1079,002587,奥拓电子,5.65,1.07,0.86,135.29,5.620589272756,0.1547844,55.62141362,-164.0,4805.0,70.8,2026-09-03,0.52,39.4,False
1080,002588,史丹利,8.06,1.13,0.85,8.53,8.011505342013,0.1763812,62.45757575,-322.0,3148.0,77.2,2026-09-03,0.61,48.2,False
1081,002589,瑞康医药,3.28,2.82,4.03,221.61,3.223328439127,0.2701076,60.69256551,-289.0,3709.0,88.8,2026-09-03,1.76,53.9,False
1082,002590,万安科技,10.23,0.99,0.7,30.29,10.191985787052,0.1243824,63.99473611,-109.0,2650.0,75.6,2026-09-03,0.37,48.4,False
1083,002591,恒大高新,6.57,1.08,1.78,163.19,6.565421644776,0.1164044,65.26330587,1101.0,2216.0,72.0,2026-09-03,0.07,47.0,False
1084,002592,ST八菱,6.89,-0.43,0.62,16.96,6.874272609484,0.2627384,70.35883593,895.0,837.0,66.4,2026-09-03,0.23,46.7,False
1085,002593,日上集团,4.64,1.98,0.89,21.59,4.587489960976,0.1532332,72.80796631,31.0,480.0,72.0,2026-09-03,1.14,52.4,False
1086,002594,比亚迪,88.05,0.85,0.32,32.57,87.370633150044,0.4067956,71.67233718,-275.0,639.0,81.6,2026-09-03,0.78,58.5,False
1087,002595,豪迈科技,42.76,1.14,0.16,21.88,42.54408118353,0.208312,66.78070829,-899.0,1735.0,72.0,2026-09-03,0.51,48.1,False
1088,002596,海南瑞泽,3.46,3.59,1.14,-34.81,3.397626147751,0.2175268,56.48699722,-1153.0,4669.0,70.0,2026-09-03,1.84,39.5,False
1089,002597,金禾实业,21.26,4.42,0.97,23.63,20.423541224908,0.1632108,59.53583148,-282.0,4021.0,69.6,2026-09-03,4.1,41.4,False
1090,002598,ST章鼓,7.04,0.57,0.3,28.96,7.017336071887,0.1570864,63.09883669,-1106.0,2944.0,69.6,2026-09-03,0.32,43.9,False
1091,002599,盛通股份,5.93,1.54,0.68,-88.31,5.913669438827,0.167852,59.82347624,200.0,3958.0,72.8,2026-09-03,0.28,43.6,False
1092,002600,领益智造,12.81,-0.7,0.75,68.11,12.794935099451,0.3409268,76.38874527,148.0,157.0,81.2,2026-09-03,0.12,62.0,False
1093,002601,龙佰集团,15.93,0.76,0.32,22.51,15.760153826845,0.2141488,65.76228936,766.0,2051.0,75.2,2026-09-03,1.08,49.5,False
1094,002602,世纪华通,15.4,5.7,2.31,12.6,14.430769814258,0.5463668,86.05173074,18.0,2.0,90.0,2026-09-03,6.72,77.4,False
1095,002603,以岭药业,15.9,1.15,0.49,17.54,15.713475784419,0.222398,63.81757327,-106.0,2705.0,81.6,2026-09-03,1.19,52.1,False
1096,002605,姚记科技,17.47,1.69,1.31,16.88,17.325078377136,0.1703956,63.99681694,-123.0,2648.0,75.2,2026-09-03,0.84,48.1,False
1097,002606,大连电瓷,13.46,3.7,3.47,19.1,12.970020505985,0.2301416,67.98292968,-321.0,1418.0,74.0,2026-09-03,3.78,50.3,False
1098,002607,中公教育,2.07,2.48,1.27,87.17,2.043919139105,0.28231,60.71490724,-492.0,3702.0,78.8,2026-09-03,1.28,47.8,False
1099,002608,江苏国信,7.27,1.39,0.26,7.55,7.191097054637,0.1692772,61.85092648,-342.0,3359.0,66.0,2026-09-03,1.1,40.8,False
1100,002609,捷顺科技,8.01,1.52,0.74,60.17,7.97239629615,0.1176724,66.95891095,-232.0,1687.0,71.2,2026-09-03,0.47,47.7,False
1101,002611,东方精工,15.05,0.6,0.55,2.38,15.025895737208,0.2335672,66.63128396,-345.0,1775.0,75.6,2026-09-03,0.16,50.4,False
1102,002612,朗姿股份,16.89,4.91,2.85,33.57,16.470021159988,0.1658784,72.51549626,-516.0,522.0,82.4,2026-09-03,2.55,59.8,False
1103,002613,北玻股份,3.5,1.74,1.13,279.95,3.474933864519,0.1825776,62.25656915,1124.0,3214.0,68.4,2026-09-03,0.72,42.6,False
1104,002614,奥佳华,5.72,1.6,1.07,-24.13,5.694289971339,0.1779036,70.67552517,1261.0,792.0,73.6,2026-09-03,0.45,52.0,False
1105,002615,哈尔斯,6.58,0.46,0.97,37.69,6.585026746425,0.1841332,61.4705522,165.0,3467.0,67.6,2026-09-03,-0.08,41.6,False
1106,002616,长青集团,4.89,0.2,0.96,13.6,4.938390951711,0.1675916,65.05919763,-304.0,2288.0,72.8,2026-09-03,-0.98,47.4,False
1107,002617,露笑科技,6.26,1.29,1.68,52.16,6.195394374186,0.305448,62.60877634,1582.0,3096.0,72.4,2026-09-03,1.04,45.3,False
1108,002620,*ST瑞和,5.77,0.17,0.76,-25.94,5.751036615234,0.205484,59.30853226,-2312.0,4077.0,67.6,2026-09-03,0.33,40.1,False
1109,002622,皓宸医疗,2.67,1.91,1.14,-79.95,2.655341670512,0.1068808,61.67163247,-1749.0,3404.0,76.4,2026-09-03,0.55,47.1,False
1110,002623,亚玛顿,15.73,1.22,0.66,-14.35,15.706620953509,0.1456184,61.59050869,850.0,3430.0,67.6,2026-09-03,0.15,41.6,False
1111,002624,完美世界,11.15,3.24,2.84,-91.32,10.9391976591,0.2907868,65.9829523,1462.0,1977.0,74.8,2026-09-03,1.93,49.4,False
1112,002625,光启技术,28.83,3.15,0.71,97.42,28.172263105931,0.3169816,65.18086149,-1193.0,2247.0,76.4,2026-09-03,2.33,49.8,False
1113,002626,金达威,16.74,3.14,0.32,30.02,16.393076828343,0.1578616,60.82509052,-1093.0,3661.0,78.8,2026-09-03,2.12,47.9,False
1114,002627,三峡旅游,7.27,1.68,1.47,32.25,7.319090052144,0.1532472,63.76917083,-1582.0,2721.0,76.8,2026-09-03,-0.67,49.0,False
1115,002628,成都路桥,5.31,1.72,1.5,-61.05,5.301212719634,0.322706,53.69539503,-1062.0,5006.0,82.4,2026-09-03,0.17,44.2,False
1116,002629,仁智股份,4.87,2.53,1.51,-85.56,4.803690551895,0.1764152,68.4636136,769.0,1285.0,68.4,2026-09-03,1.38,46.8,False
1117,002630,*ST华西,1.68,0.6,0.27,-17.37,1.680136021271,0.3787788,55.59499698,-697.0,4809.0,70.4,2026-09-03,-0.01,39.1,False
1118,002631,德尔未来,11.22,0.72,3.21,-199.73,10.632184437529,0.49128,70.88508983,2091.0,758.0,80.4,2026-09-03,5.53,57.0,False
1119,002632,道明光学,9.62,4.34,6.76,34.2,9.26566865151,0.3165064,70.55528498,-761.0,813.0,90.8,2026-09-03,3.82,64.1,False
1120,002633,申科股份,14.94,2.05,0.49,114.45,14.82453280572,0.056604,65.26914332,1174.0,2212.0,64.0,2026-09-03,0.78,41.8,False
1121,002634,*ST棒杰,4.24,4.43,0.92,-3.47,4.073120609982,0.235066,51.79269189,-43.0,5118.0,62.8,2026-09-03,4.1,32.5,False
1122,002635,安洁科技,15.38,-0.13,1.72,30.93,15.469925269767,0.160192,57.80101079,-783.0,4433.0,71.6,2026-09-03,-0.58,41.4,False
1123,002636,金安国纪,66.29,-3.33,4.09,31.51,69.014402932374,0.3426392,70.53808163,-444.0,816.0,91.2,2026-09-03,-3.95,64.3,False
1124,002637,赞宇科技,12.45,2.05,2.89,21.02,12.153579799973,0.2499504,72.0392642,1623.0,579.0,77.2,2026-09-03,2.44,55.6,False
1125,002638,勤上股份,4.23,-1.17,2.12,-75.36,4.373294267814,0.315422,53.28922769,-574.0,5034.0,73.6,2026-09-03,-3.28,39.2,False
1126,002639,雪人集团,14.44,2.63,16.77,909.32,13.946648384673,0.2909436,66.49984896,-961.0,1820.0,93.6,2026-09-03,3.54,62.2,False
1127,002640,跨境通,3.5,3.86,3.97,14.76,3.401257677572,0.2100984,56.07373148,2.0,4741.0,78.8,2026-09-03,2.9,44.2,False
1128,002641,公元股份,3.99,1.27,0.3,159.93,3.971950455853,0.2269976,63.4592511,-1441.0,2828.0,67.2,2026-09-03,0.45,42.6,False
1129,002642,荣联科技,7.4,1.37,0.68,459.06,7.381892970777,0.163652,64.69707744,1281.0,2406.0,77.6,2026-09-03,0.25,50.2,False
1130,002643,万润股份,12.83,0.23,0.54,33.11,12.834646084164,0.1954976,67.13947902,1535.0,1643.0,70.8,2026-09-03,-0.04,47.5,False
1131,002644,佛慈制药,8.63,1.77,0.43,55.45,8.541536048471,0.1446636,63.06710202,-323.0,2957.0,76.8,2026-09-03,1.04,48.4,False
1132,002645,华宏科技,18.1,-1.47,1.3,19.89,18.383278409525,0.221752,63.90171743,-628.0,2685.0,76.4,2026-09-03,-1.54,48.8,False
1133,002646,天佑德酒,7.26,3.27,1.47,165.62,7.176051621551,0.1652228,60.75601182,-2686.0,3685.0,80.0,2026-09-03,1.17,48.6,False
1134,002647,仁东控股,11.76,0.86,1.06,128.9,11.764860738074,0.3944432,66.35463031,211.0,1859.0,79.2,2026-09-03,-0.04,52.6,False
1135,002648,卫星化学,27.57,-0.29,0.54,7.46,27.787870483768,0.3170548,73.87980595,-258.0,350.0,85.6,2026-09-03,-0.78,63.2,False
1136,002649,博彦科技,10.1,3.7,2.67,42.46,9.819277203323,0.17227,63.64060468,11.0,2767.0,82.4,2026-09-03,2.86,52.4,False
1137,002650,ST加加,5.95,0.34,0.07,79.28,5.954926751035,0.1875576,55.43965186,-27.0,4831.0,64.0,2026-09-03,-0.08,35.5,False
1138,002651,利君股份,8.87,2.42,2.12,145.87,8.806166125531,0.1711708,59.06488705,-2221.0,4150.0,90.0,2026-09-03,0.72,53.2,False
1139,002652,扬子新材,4.15,1.47,1.13,-239.86,4.116711860788,0.181518,64.32419558,1512.0,2533.0,64.4,2026-09-03,0.81,41.4,False
1140,002653,海思科,69.09,2.39,0.92,46.3,67.559645187559,0.2169872,79.19606334,98.0,55.0,78.4,2026-09-03,2.27,62.1,False
1141,002654,万润科技,14.24,5.56,7.99,199.5,13.506066270749,0.2608468,58.39094776,61.0,4288.0,74.8,2026-09-03,5.43,43.7,False
1142,002655,共达电声,38.71,0.16,4.16,512.4,38.408555582019,0.3528232,71.8793876,1073.0,607.0,82.4,2026-09-03,0.78,59.2,False
1143,002656,摩登大道,2.96,1.72,0.89,-76.8,2.950014844248,0.255744509804,61.79986621,1163.0,3369.0,65.6,2026-09-03,0.34,40.5,False
1144,002657,中科金财,16.95,4.05,3.73,-20.08,16.516748471748,0.1757032,52.49058753,-466.0,5080.0,72.8,2026-09-03,2.62,38.2,False
1145,002658,雪迪龙,7.92,4.07,2.83,45.06,7.636969658156,0.1636852,68.81419563,1253.0,1187.0,77.2,2026-09-03,3.71,53.1,False
1146,002659,凯文教育,4.71,3.29,1.58,1409.94,4.640060179927,0.2030008,60.74561246,-2495.0,3693.0,70.4,2026-09-03,1.51,42.8,False
1147,002660,茂硕电源,8.05,0.37,5.7,-47.16,8.238236537461,0.2568428,67.37989952,-1087.0,1575.0,85.6,2026-09-03,-2.28,57.7,False
1148,002661,克明食品,7.98,3.1,0.93,-27.83,7.825668590832,0.1484676,55.3246326,-1120.0,4849.0,70.8,2026-09-03,1.97,39.2,False
1149,002662,峰璟股份,3.36,1.2,0.24,93.56,3.345534568561,0.1931768,60.14594527,-1662.0,3858.0,69.2,2026-09-03,0.43,41.6,False
1150,002663,普邦股份,1.76,2.92,0.66,-146.85,1.728460535464,0.242478,57.47911839,-1020.0,4507.0,66.4,2026-09-03,1.82,38.2,False
1151,002664,信质集团,15.56,0.13,0.36,62.96,15.530428641605,0.1444516,61.28230155,90.0,3521.0,66.8,2026-09-03,0.19,40.9,False
1152,002666,德联集团,4.28,0.94,1.05,30.07,4.240377177848,0.231952,67.4788539,2084.0,1546.0,68.4,2026-09-03,0.93,46.2,False
1153,002667,*ST威领,18.07,-0.39,2.18,-120.18,18.105849111616,0.463884,58.59392825,785.0,4250.0,76.8,2026-09-03,-0.2,45.0,False
1154,002668,TCL智家,9.4,0.32,0.49,9.96,9.465954599188,0.241086,70.24786821,-570.0,857.0,76.4,2026-09-03,-0.7,53.7,False
1155,002669,康达新材,12.0,0.0,1.05,63.48,12.025816948472,0.2250212,66.11932112,1337.0,1929.0,68.0,2026-09-03,-0.21,45.0,False
1156,002670,国盛证券,12.94,1.97,3.39,58.07,12.987945850968,0.4427084,68.13398073,3575.0,1371.0,81.2,2026-09-03,-0.37,55.3,False
1157,002671,龙泉股份,4.07,2.01,0.74,261.39,4.023675972686,0.1130996,62.68893983,-1652.0,3074.0,68.4,2026-09-03,1.15,42.9,False
1158,002672,东江环保,3.77,1.62,0.34,-7.76,3.738382972794,0.0502384,56.75029673,-120.0,4636.0,62.8,2026-09-03,0.85,35.6,False
1159,002673,西部证券,7.02,1.15,0.38,15.16,6.978386219752,0.281412,63.21612866,133.0,2906.0,80.8,2026-09-03,0.6,51.1,False
1160,002674,兴业科技,23.69,-2.11,1.79,82.0,24.254565246667,0.283302,70.34795156,-158.0,840.0,72.4,2026-09-03,-2.33,50.9,False
1161,002675,东诚药业,12.9,0.23,0.2,56.74,12.893482707086,0.170932,62.86561043,-479.0,3025.0,70.8,2026-09-03,0.05,44.5,False
1162,002676,顺威股份,5.29,1.54,0.57,28.69,5.236307231565,0.125142,62.22131263,-136.0,3225.0,68.4,2026-09-03,1.03,42.6,False
1163,002677,浙江美大,6.66,0.0,0.6,-200.91,6.715017748542,0.121064181818,62.20633967,-257.0,3230.0,68.8,2026-09-03,-0.82,42.8,False
1164,002678,珠江钢琴,4.81,3.22,2.25,-25.92,4.877899563674,0.2363292,53.62744776,-504.0,5011.0,69.6,2026-09-03,-1.39,37.3,False
1165,002679,福建金森,11.16,1.27,8.81,-96.86,11.160546497967,0.1987124,69.6824195,147.0,983.0,83.6,2026-09-03,-0.0,58.3,False
1166,002681,奋达科技,5.06,0.4,1.38,1241.85,5.111221372014,0.1954496,53.59721674,-179.0,5015.0,82.4,2026-09-03,-1.0,44.2,False
1167,002682,龙洲股份,5.24,3.56,3.35,-16.01,5.108205125578,0.1598816,50.47288841,-240.0,5161.0,83.6,2026-09-03,2.58,42.2,False
1168,002683,广东宏大,30.79,1.82,0.44,22.49,30.264843365356,0.3141472,76.10981391,-68.0,169.0,75.6,2026-09-03,1.74,57.5,False
1169,002685,华东重机,5.54,1.28,1.17,44.97,5.508521102383,0.2724804,60.43620976,-17.0,3788.0,81.2,2026-09-03,0.57,49.1,False
1170,002686,亿利达,6.69,0.15,1.18,1476.87,6.706923676912,0.2011104,59.72411634,-43.0,3981.0,76.8,2026-09-03,-0.25,45.9,False
1171,002687,乔治白,6.15,1.32,1.71,133.28,6.166680801692,0.2364904,64.0982005,-836.0,2603.0,68.0,2026-09-03,-0.27,43.6,False
1172,002688,金河生物,5.29,1.93,0.97,16.92,5.241978510903,0.18054,65.27209792,-169.0,2210.0,77.2,2026-09-03,0.92,50.4,False
1173,002689,ST远智,2.95,0.68,0.09,837.77,2.93835359488,0.2504148,63.07902592,-1318.0,2950.0,71.6,2026-09-03,0.4,45.2,False
1174,002690,美亚光电,16.27,1.75,0.42,22.79,16.113833807627,0.104848,72.56148225,-132.0,517.0,73.6,2026-09-03,0.97,53.4,False
1175,002691,*ST冀凯,4.56,0.88,0.1,-13.71,4.557620099632,0.2161584,61.17730281,117.0,3551.0,66.0,2026-09-03,0.05,40.4,False
1176,002692,远程股份,4.32,1.65,0.53,-22.5,4.267635334279,0.1738696,59.17752679,-106.0,4115.0,65.2,2026-09-03,1.23,38.6,False
1177,002693,双成药业,8.93,1.48,0.89,135.87,8.834126797849,0.2042832,58.85780707,-562.0,4199.0,77.6,2026-09-03,1.09,45.7,False
1178,002694,*ST顾地,2.57,0.39,0.25,-53.03,2.543896766211,0.3131128,68.08658702,1856.0,1379.0,64.0,2026-09-03,1.03,43.6,False
1179,002695,煌上煌,10.87,1.49,1.49,35.26,10.721617477131,0.21132,62.07175366,-1710.0,3281.0,70.8,2026-09-03,1.38,43.9,False
1180,002696,百洋股份,6.76,5.63,6.87,-14.16,6.486364814871,0.2825796,64.0363165,-1646.0,2630.0,83.6,2026-09-03,4.22,53.5,False
1181,002697,红旗连锁,4.78,0.0,1.33,12.13,4.805484166143,0.2861192,78.5981564,277.0,69.0,79.2,2026-09-03,-0.53,62.2,False
1182,002698,博实股份,12.21,-0.65,0.65,26.62,12.316037856809,0.2426224,65.5342157,34.0,2125.0,72.8,2026-09-03,-0.86,47.7,False
1183,002700,万憬能源,6.62,1.53,0.47,39.56,6.578714171091,0.145858,67.41894063,-65.0,1565.0,60.0,2026-09-03,0.63,40.5,False
1184,002701,奥瑞金,4.58,1.33,0.46,7.68,4.493530642059,0.36724,73.90954224,268.0,347.0,70.4,2026-09-03,1.92,52.0,False
1185,002702,海欣食品,5.61,10.0,4.88,-106.05,5.13337525366,0.1711968,53.77903327,24.0,4998.0,77.6,2026-09-03,9.28,41.7,False
1186,002703,浙江世宝,17.7,-2.53,12.15,70.19,18.008905228877,0.302832,75.99379516,752.0,179.0,91.6,2026-09-03,-1.72,69.6,False
1187,002705,新宝股份,11.13,1.46,0.23,33.11,11.025296367647,0.2029328,61.20080859,250.0,3545.0,69.2,2026-09-03,0.95,42.4,False
1188,002706,良信股份,9.72,2.86,3.06,35.44,9.388021213355,0.2762992,69.09170803,2360.0,1125.0,79.2,2026-09-03,3.54,54.7,False
1189,002707,众信旅游,5.61,2.19,1.79,89.74,5.616789636982,0.2130148,62.36137374,-812.0,3182.0,81.2,2026-09-03,-0.12,50.6,False
1190,002708,光洋股份,15.43,-0.96,10.3,75.81,15.31416284481,0.5315496,77.34987055,137.0,117.0,90.0,2026-09-03,0.76,69.6,False
1191,002709,天赐材料,34.5,-0.29,0.99,12.29,34.611154937712,0.2912636,65.58312385,357.0,2109.0,75.2,2026-09-03,-0.32,49.3,False
1192,002712,思美传媒,5.21,5.04,3.87,1390.98,5.003845869594,0.1643816,66.74284252,20.0,1748.0,75.2,2026-09-03,4.12,50.2,False
1193,002713,东易日盛,9.3,0.65,0.73,-336.81,9.300090289493,0.211219803922,58.81967988,-1401.0,4210.0,74.8,2026-09-03,-0.0,44.0,False
1194,002714,牧原股份,43.21,2.69,0.85,-20.52,41.985951852678,0.3767616,65.53569906,50.0,2124.0,91.2,2026-09-03,2.92,59.8,False
1195,002715,登云股份,14.3,2.14,0.93,238.9,14.160907759406,0.1072172,56.16320859,-285.0,4721.0,66.8,2026-09-03,0.98,37.5,False
1196,002716,湖南白银,11.28,-2.67,7.19,94.69,11.320841557225,0.357374,72.75320068,1517.0,483.0,86.8,2026-09-03,-0.36,63.1,False
1197,002717,*ST岭南,1.01,1.0,0.56,-3.24,1.000705577342,0.5698912,55.8989943,334.0,4774.0,72.8,2026-09-03,0.93,40.7,False
1198,002718,友邦吊顶,84.29,-2.06,0.29,-6075.07,85.008248307743,0.2910848,61.08775215,1289.0,3586.0,59.6,2026-09-03,-0.84,36.4,False
1199,002719,ST麦趣,6.99,2.79,1.14,-13.08,6.845736239125,0.4704684,61.09574335,910.0,3581.0,70.0,2026-09-03,2.11,42.8,False
1200,002721,金一文化,3.22,6.98,11.92,114.67,3.060315219148,0.3439804,68.69609043,318.0,1215.0,87.2,2026-09-03,5.22,59.9,False
1201,002722,物产金轮,13.32,1.14,0.67,17.37,13.252247994894,0.0879488,68.65013315,-3.0,1227.0,71.2,2026-09-03,0.51,48.9,False
1202,002723,小崧股份,7.92,0.51,0.84,-22.38,7.959596842435,0.2401468,61.78435043,550.0,3372.0,66.4,2026-09-03,-0.5,41.0,False
1203,002724,海洋王,7.0,1.74,1.96,95.05,6.971666788139,0.1193992,58.04531167,-392.0,4381.0,78.4,2026-09-03,0.41,45.5,False
1204,002725,跃岭股份,11.69,0.86,0.49,-125.59,11.676016585666,0.0924456,56.50880935,397.0,4667.0,71.2,2026-09-03,0.12,40.2,False
1205,002726,ST龙大,2.57,-0.39,1.75,-18.06,2.59652763089,0.2749092,53.99177589,-647.0,4980.0,77.2,2026-09-03,-1.02,41.7,False
1206,002727,一心堂,11.37,0.8,0.69,12.96,11.282982901035,0.1826108,69.41306889,-84.0,1045.0,75.6,2026-09-03,0.77,52.5,False
1207,002728,特一药业,9.05,1.12,0.73,74.67,8.943114027176,0.2258728,63.26397885,-307.0,2883.0,71.6,2026-09-03,1.2,45.3,False
1208,002729,好利科技,14.25,2.08,0.92,92.63,14.14813342095,0.175792,64.98634335,1506.0,2313.0,66.0,2026-09-03,0.72,42.9,False
1209,002730,电光科技,23.18,0.52,0.93,108.68,22.990613958295,0.2748368,62.80645031,-169.0,3038.0,74.4,2026-09-03,0.82,46.7,False
1210,002731,*ST萃华,,,0.0,0.85,0.77,0.06431172043,54.72796953,-285.0,4920.0,70.0,2026-09-03,,38.3,False
1211,002732,燕塘乳业,14.2,1.28,0.44,79.61,14.159100096829,0.0923304,57.76458868,-1356.0,4442.0,67.6,2026-09-03,0.29,39.0,False
1212,002733,雄韬股份,18.65,0.48,1.67,74.54,18.581494204574,0.2102572,60.785665,332.0,3673.0,71.6,2026-09-03,0.37,43.5,False
1213,002734,利民股份,16.99,1.61,1.99,14.62,16.807832081001,0.3865124,73.34325703,170.0,405.0,77.6,2026-09-03,1.08,56.9,False
1214,002735,王子新材,12.1,-0.41,2.81,203.4,12.153114255628,0.196016,64.2317643,-423.0,2557.0,75.2,2026-09-03,-0.44,48.3,False
1215,002736,国信证券,10.34,1.17,0.13,9.24,10.246551829329,0.3274028,72.87336345,603.0,470.0,80.4,2026-09-03,0.91,58.6,False
1216,002737,葵花药业,11.87,1.11,0.39,43.61,11.819641279261,0.1582684,60.47246225,-6.0,3780.0,75.6,2026-09-03,0.43,45.7,False
1217,002738,中矿资源,50.1,-0.44,1.01,16.44,50.543145019031,0.2942676,71.23108718,162.0,720.0,80.4,2026-09-03,-0.88,57.3,False
1218,002739,儒意电影,8.49,1.43,1.63,-57.86,8.453187411409,0.3372648,62.03531595,421.0,3294.0,84.4,2026-09-03,0.44,52.4,False
1219,002741,光华科技,23.62,-0.71,1.74,58.7,23.812311360155,0.2073412,57.81210139,69.0,4429.0,76.4,2026-09-03,-0.81,44.2,False
1220,002742,冀衡医药,4.42,-2.43,6.79,-75.07,4.624115260327,0.2275524,49.3817159,-47.0,5180.0,81.6,2026-09-03,-4.41,40.3,False
1221,002743,富煌钢构,4.95,0.61,1.87,-2.79,4.957742456978,0.2461504,53.59194159,-178.0,5017.0,71.6,2026-09-03,-0.16,38.4,False
1222,002745,木林森,11.06,-0.72,2.68,12.41,11.014588333429,0.336206,68.3665899,1400.0,1313.0,78.4,2026-09-03,0.41,53.6,False
1223,002746,仙坛股份,6.72,3.07,1.14,16.02,6.525768172198,0.1878784,70.67496998,-562.0,793.0,76.4,2026-09-03,2.98,54.0,False
1224,002747,埃斯顿,30.66,-0.49,2.17,92.05,30.905501160001,0.2527324,61.99603475,498.0,3313.0,84.4,2026-09-03,-0.79,52.3,False
1225,002748,世龙实业,12.3,0.82,0.67,14.75,12.28976482995,0.1745004,65.72233338,-1075.0,2065.0,74.0,2026-09-03,0.08,48.6,False
1226,002749,国光股份,8.83,1.26,0.47,13.39,8.757107609053,0.1249996,71.69594476,568.0,635.0,71.6,2026-09-03,0.83,51.3,False
1227,002752,昇兴股份,6.31,2.1,0.72,12.66,6.17080964454,0.2427292,74.58217926,1209.0,289.0,68.0,2026-09-03,2.26,50.7,False
1228,002753,永东股份,6.8,0.74,0.38,44.15,6.800653202005,0.1137592,64.07591972,1690.0,2613.0,67.2,2026-09-03,-0.01,43.1,False
1229,002755,奥赛康,11.94,4.19,1.17,45.93,11.464822019047,0.1712748,60.08787123,134.0,3873.0,73.2,2026-09-03,4.14,44.0,False
1230,002756,永兴材料,44.06,-0.61,0.79,12.39,44.602246665143,0.204126,63.64234267,68.0,2766.0,74.0,2026-09-03,-1.22,47.1,False
1231,002757,南兴股份,18.75,3.88,9.61,35.08,18.027951234466,0.184308,69.25863829,-763.0,1078.0,87.6,2026-09-03,4.01,60.7,False
1232,002758,浙农股份,8.93,1.02,1.12,13.06,8.855366126995,0.178168,68.92494471,-797.0,1156.0,81.2,2026-09-03,0.84,56.0,False
1233,002759,ST天际,16.3,-1.87,1.83,18.09,16.453606854427,0.253118235294,65.98471261,2669.0,1976.0,70.8,2026-09-03,-0.93,46.7,False
1234,002760,凤形股份,18.24,0.77,1.61,126.54,18.259570294535,0.175304,60.6296452,-312.0,3736.0,69.6,2026-09-03,-0.11,42.2,False
1235,002761,浙江建投,7.68,-0.26,2.0,20.4,7.810000587634,0.2907908,75.24249646,1143.0,229.0,76.8,2026-09-03,-1.66,57.8,False
1236,002762,金发拉比,9.19,0.77,0.79,1914.09,9.161116060349,0.194218,56.59214094,-137.0,4658.0,78.0,2026-09-03,0.32,44.1,False
1237,002763,汇洁股份,7.59,0.4,0.62,11.3,7.592720085955,0.1081628,69.26361064,907.0,1076.0,71.2,2026-09-03,-0.04,49.3,False
1238,002765,蓝黛科技,7.3,0.0,1.12,-329.51,7.359419599945,0.189454,62.4620779,-2147.0,3145.0,78.8,2026-09-03,-0.81,49.2,False
1239,002766,索菱股份,4.4,0.69,6.67,-46.02,4.379518933285,0.1675604,51.44109585,6.0,5133.0,80.4,2026-09-03,0.47,41.4,False
1240,002767,先锋电子,18.34,1.61,0.79,102.54,18.174668718172,0.0725224,62.57053071,-1597.0,3110.0,68.4,2026-09-03,0.91,42.8,False
1241,002768,国恩股份,61.52,-0.79,1.18,20.51,62.126814845571,0.3362016,75.13535467,-132.0,237.0,76.4,2026-09-03,-0.98,57.4,False
1242,002769,普路通,7.73,0.65,1.59,89.21,7.782705702414,0.1675272,59.12686714,-2482.0,4127.0,84.8,2026-09-03,-0.68,50.1,False
1243,002771,真视通,14.16,0.43,2.02,-59.39,14.20211857344,0.1761096,66.37644081,209.0,1853.0,76.8,2026-09-03,-0.3,51.0,False
1244,002772,众兴菌业,11.74,2.71,2.75,11.53,11.3417062397,0.215718,77.16808563,683.0,123.0,80.0,2026-09-03,3.51,61.7,False
1245,002773,康弘药业,20.46,1.04,0.27,16.69,20.263608876037,0.211168,68.46388738,-865.0,1284.0,75.6,2026-09-03,0.97,51.8,False
1246,002774,快意电梯,16.45,1.98,3.99,157.35,15.914153566506,0.2890684,67.86697109,1921.0,1447.0,65.2,2026-09-03,3.37,44.2,False
1247,002775,文科股份,3.63,2.54,0.99,-49.82,3.600798736507,0.131708,53.07720404,-114.0,5051.0,66.0,2026-09-03,0.81,35.0,False
1248,002777,久远银海,13.16,2.41,1.02,100.14,12.972837294794,0.1506104,63.10353894,-377.0,2942.0,72.4,2026-09-03,1.44,45.7,False
1249,002778,中晟高科,16.93,-3.81,4.14,-100.44,17.475393288493,0.1693836,67.37464753,2580.0,1577.0,64.4,2026-09-03,-3.12,43.4,False
1250,002779,中坚科技,81.8,3.64,1.45,-992.59,78.40241705732,0.3885604,73.85752442,1526.0,352.0,70.8,2026-09-03,4.33,52.3,False
1251,002780,三夫户外,14.42,2.12,1.67,22.41,14.220532242639,0.0942756,69.68046152,-389.0,984.0,75.2,2026-09-03,1.4,52.4,False
1252,002782,可立克,15.76,1.29,1.01,54.33,15.476545625198,0.133014,65.11984977,191.0,2265.0,70.0,2026-09-03,1.83,45.6,False
1253,002783,凯龙股份,8.08,1.64,0.97,26.19,8.014582028353,0.212154,60.29199634,-330.0,3822.0,76.8,2026-09-03,0.82,46.3,False
1254,002785,万里石,36.11,-2.98,2.83,159.4,37.49662144966,0.3457528,66.42621399,783.0,1843.0,76.0,2026-09-03,-3.7,50.5,False
1255,002786,银宝山新,8.01,-0.5,0.54,58.57,8.054447109509,0.1542388,58.85856426,42.0,4198.0,72.0,2026-09-03,-0.55,42.4,False
1256,002787,华源控股,24.1,-1.23,8.81,53.35,23.880897793494,0.485952,76.41675901,1245.0,154.0,68.4,2026-09-03,0.92,52.3,False
1257,002788,鹭燕医药,11.09,3.26,1.31,15.06,10.804051192403,0.1301104,67.35336177,998.0,1587.0,71.6,2026-09-03,2.65,48.2,False
1258,002789,*ST建艺,12.95,10.03,3.63,-7.2,11.585171340763,0.3926668,66.50137832,-332.0,1818.0,65.6,2026-09-03,11.78,43.6,False
1259,002790,瑞尔特,6.55,1.55,1.14,-129.4,6.571262312908,0.1186368,62.23957946,-2782.0,3219.0,68.0,2026-09-03,-0.32,42.3,False
1260,002791,坚朗五金,15.39,4.48,1.72,-42.4,14.823527401638,0.1492344,59.0696666,-109.0,4147.0,68.0,2026-09-03,3.82,40.2,False
1261,002792,通宇通讯,30.13,2.76,3.7,-353.39,29.516076586848,0.1691136,50.12885782,-40.0,5167.0,86.4,2026-09-03,2.08,43.3,False
1262,002793,罗欣药业,4.84,1.26,0.91,52.71,4.78392073214,0.2051116,59.944562,-803.0,3923.0,80.8,2026-09-03,1.17,48.4,False
1263,002795,永和智控,7.34,2.09,1.63,25.57,7.195327896045,0.2543528,64.10244696,1316.0,2599.0,67.6,2026-09-03,2.01,43.3,False
1264,002796,世嘉科技,29.25,-2.27,4.9,-90.68,30.490333119619,0.2715808,64.07810623,2395.0,2612.0,75.6,2026-09-03,-4.07,48.4,False
1265,002797,第一创业,6.65,1.84,0.98,20.31,6.556796641204,0.368584,67.65661819,1475.0,1497.0,76.8,2026-09-03,1.42,52.0,False
1266,002798,帝欧水华,6.74,1.97,1.87,-67.5,6.515223031646,0.2943488,71.70397414,1328.0,632.0,64.0,2026-09-03,3.45,45.9,False
1267,002799,环球印务,7.04,1.88,0.84,105.02,6.971785835876,0.0689032,58.02818285,-1314.0,4387.0,67.6,2026-09-03,0.98,39.2,False
1268,002800,天顺股份,15.34,-0.65,0.94,-153.3,15.427285812057,0.133828,61.06234971,961.0,3594.0,73.2,2026-09-03,-0.57,44.7,False
1269,002801,微光股份,28.02,0.07,0.47,16.31,28.015178300849,0.190718,69.98541761,1396.0,908.0,67.6,2026-09-03,0.02,47.3,False
1270,002802,洪汇新材,12.49,0.4,0.62,39.44,12.549768209256,0.071254,64.11053886,-491.0,2597.0,66.8,2026-09-03,-0.48,42.8,False
1271,002803,吉宏股份,21.05,1.35,2.11,30.55,20.890771711629,0.2937108,66.498787,-777.0,1821.0,74.0,2026-09-03,0.76,49.2,False
1272,002805,丰元股份,17.99,-0.39,1.14,17.26,18.092820155731,0.1566476,57.22355731,-933.0,4554.0,69.2,2026-09-03,-0.57,39.6,False
1273,002806,华锋股份,14.98,1.01,1.37,-76.15,14.959295164386,0.2321988,58.52344711,686.0,4263.0,67.6,2026-09-03,0.14,39.6,False
1274,002807,江阴银行,4.22,0.96,0.88,6.6,4.210621342081,0.3680252,65.49588529,-278.0,2137.0,70.8,2026-09-03,0.22,46.4,False
1275,002809,红墙股份,8.86,1.03,1.29,-73.4,8.852380349936,0.060088,54.45578536,-126.0,4945.0,74.4,2026-09-03,0.09,40.5,False
1276,002810,山东赫达,21.39,1.47,0.45,17.47,21.090444695724,0.1933388,65.05661985,-187.0,2289.0,64.8,2026-09-03,1.42,42.2,False
1277,002811,郑中设计,15.18,-3.19,5.72,21.71,15.49490713583,0.3098212,77.79147689,-81.0,99.0,80.8,2026-09-03,-2.03,62.9,False
1278,002812,恩捷股份,49.31,-2.22,1.37,29.49,50.550041570613,0.2128024,66.19553208,1612.0,1906.0,73.2,2026-09-03,-2.45,48.5,False
1279,002813,路畅科技,22.05,0.87,0.55,-60.08,21.995679315999,0.0802656,62.02202017,1107.0,3300.0,71.6,2026-09-03,0.25,44.4,False
1280,002815,崇达技术,14.64,-0.34,1.76,59.35,14.533796485216,0.264816,61.033825,-1352.0,3602.0,82.8,2026-09-03,0.73,50.5,False
1281,002816,*ST和科,23.17,0.74,1.06,-63.35,23.049407616816,0.4057492,54.62298109,-167.0,4929.0,61.2,2026-09-03,0.52,33.4,False
1282,002817,黄山胶囊,6.8,1.34,0.66,33.74,6.762119061981,0.1118384,68.27634396,1052.0,1340.0,65.6,2026-09-03,0.56,44.8,False
1283,002818,富森美,10.95,0.27,0.51,6.57,10.869356550936,0.2079192,68.10515797,1747.0,1374.0,66.8,2026-09-03,0.74,45.5,False
1284,002819,东方中科,21.88,1.16,0.61,-76.45,21.479496565184,0.1674724,60.82422238,103.0,3662.0,80.0,2026-09-03,1.86,48.7,False
1285,002820,桂发祥,10.46,6.19,4.74,-151.68,9.939902098753,0.1301,57.06198102,-29.0,4581.0,79.6,2026-09-03,5.23,45.4,False
1286,002821,凯莱英,165.0,-1.91,1.18,57.17,166.426059434627,0.359674,76.64926486,-23.0,141.0,86.8,2026-09-03,-0.86,66.5,False
1287,002822,ST中装,3.09,0.98,0.26,-136.82,3.068345581327,0.2215888,57.50166583,17.0,4501.0,64.0,2026-09-03,0.71,36.8,False
1288,002823,凯中精密,13.33,-0.07,0.68,20.85,13.35678744154,0.1559016,64.56132071,530.0,2452.0,68.4,2026-09-03,-0.2,44.2,False
1289,002824,和胜股份,26.52,-2.36,6.18,46.74,26.712020998421,0.3552144,72.97488485,73.0,453.0,81.6,2026-09-03,-0.72,59.5,False
1290,002825,纳尔股份,10.12,2.12,2.11,38.04,9.909878142434,0.1963896,73.5713623,-65.0,383.0,73.6,2026-09-03,2.12,54.1,False
1291,002826,易明医药,17.89,0.73,1.13,25.58,18.083562659371,0.2220428,70.08810562,-666.0,886.0,72.0,2026-09-03,-1.07,50.5,False
1292,002827,高争民爆,66.15,9.99,3.32,282.38,59.19111156401,0.3673436,72.21476173,-53.0,563.0,86.0,2026-09-03,11.76,62.1,False
1293,002828,贝肯能源,12.08,-0.49,2.95,-9.77,12.03757832556,0.270836545455,68.65856634,-182.0,1225.0,80.0,2026-09-03,0.35,54.9,False
1294,002829,星网宇达,21.7,1.12,2.01,20.26,21.605372754804,0.1545396,58.77099728,-1856.0,4216.0,80.8,2026-09-03,0.44,47.5,False
1295,002830,名雕股份,15.17,0.53,2.06,171.46,15.125772984575,0.1357436,68.38916148,-1119.0,1301.0,70.4,2026-09-03,0.29,48.1,False
1296,002831,裕同科技,28.02,0.29,0.86,31.4,27.416800047943,0.3775528,71.71683697,672.0,629.0,65.6,2026-09-03,2.2,47.0,False
1297,002832,比音勒芬,27.17,4.74,1.89,15.81,25.994194883361,0.2235864,74.19789915,-148.0,325.0,70.4,2026-09-03,4.52,52.2,False
1298,002833,弘亚数控,18.87,1.56,0.72,15.89,18.660542114867,0.0984616,69.33270492,-448.0,1057.0,66.4,2026-09-03,1.12,46.0,False
1299,002835,同为股份,13.13,1.0,0.72,26.13,13.085678151304,0.106908,68.54457773,1650.0,1264.0,71.2,2026-09-03,0.34,48.8,False
1300,002836,新宏泽,10.14,0.3,0.84,46.66,10.096288396642,0.085134,66.99145149,567.0,1681.0,63.2,2026-09-03,0.43,42.3,False
1301,002837,英维克,65.19,-4.82,4.15,225.3,67.618306268895,0.3926648,82.19145953,39.0,20.0,95.2,2026-09-03,-3.59,78.2,False
1302,002838,道恩股份,25.42,2.09,0.79,25.66,24.977084797583,0.1557212,67.99241735,-920.0,1414.0,78.0,2026-09-03,1.77,53.0,False
1303,002839,张家港行,4.4,0.69,0.56,5.26,4.414856864598,0.316688,69.28883573,207.0,1069.0,71.2,2026-09-03,-0.34,49.3,False
1304,002840,华统股份,9.12,3.17,2.29,-7.68,8.673078647592,0.2278276,58.92066279,-1349.0,4184.0,71.6,2026-09-03,5.15,42.2,False
1305,002841,视源股份,49.84,0.83,0.86,11.46,49.141459472278,0.2094892,80.07230388,-35.0,43.0,79.6,2026-09-03,1.42,63.7,False
1306,002842,翔鹭钨业,34.72,-1.92,4.27,11.78,35.113858302679,0.2708696,70.75678616,1345.0,777.0,87.6,2026-09-03,-1.12,62.0,False
1307,002843,泰嘉股份,16.69,-0.54,2.17,74.59,16.865653497058,0.1821548,60.14729776,-2161.0,3857.0,71.2,2026-09-03,-1.04,42.8,False
1308,002845,同兴达,13.79,0.8,1.01,215.44,13.730919695595,0.2368456,60.62749255,-341.0,3739.0,72.0,2026-09-03,0.43,43.7,False
1309,002846,英联股份,11.21,-0.88,1.71,72.76,11.328997141784,0.1654316,73.08120731,3474.0,436.0,71.6,2026-09-03,-1.05,52.3,False
1310,002847,盐津铺子,45.39,2.14,0.79,14.42,44.613541354394,0.2543176,64.24712879,-269.0,2555.0,72.4,2026-09-03,1.74,46.5,False
1311,002848,高斯贝尔,14.21,0.07,1.41,-226.57,14.186166376227,0.258278,66.17857442,785.0,1909.0,71.2,2026-09-03,0.17,47.1,False
1312,002849,威星智能,18.96,0.21,3.68,43.75,18.347402472534,0.2696472,69.15489968,2867.0,1110.0,65.6,2026-09-03,3.34,45.4,False
1313,002850,科达利,174.64,0.01,0.57,26.51,172.127206215032,0.2970184,73.32823497,1737.0,406.0,69.6,2026-09-03,1.46,51.0,False
1314,002851,麦格米特,124.82,-1.82,3.95,144.84,124.710074120919,0.504374,74.10146682,2228.0,330.0,84.8,2026-09-03,0.09,62.8,False
1315,002852,道道全,8.57,3.25,2.13,87.42,8.356754703803,0.1310528,58.20924523,-876.0,4338.0,79.6,2026-09-03,2.55,46.3,False
1316,002853,皮阿诺,21.93,0.6,0.42,-481.67,21.947149947753,0.1498448,59.73753618,461.0,3979.0,66.4,2026-09-03,-0.08,39.7,False
1317,002855,捷荣技术,18.28,6.84,12.43,-57.99,17.713965497811,0.2074684,63.69301906,237.0,2750.0,92.0,2026-09-03,3.2,58.6,False
1318,002856,*ST美芝,20.35,10.0,2.48,-45.82,18.466820362307,0.304138,66.75417843,2232.0,1744.0,68.0,2026-09-03,10.2,45.4,False
1319,002857,三晖电气,19.74,3.08,0.68,-28.93,19.285555555556,0.1674776,59.06933945,115.0,4148.0,64.4,2026-09-03,2.36,38.0,False
1320,002858,力盛体育,12.52,2.2,1.68,72.96,12.405154187622,0.1447216,74.10165815,324.0,329.0,67.2,2026-09-03,0.93,49.8,False
1321,002859,洁美科技,63.25,-1.02,1.16,104.14,64.208865935688,0.2758384,66.65443026,-151.0,1770.0,81.2,2026-09-03,-1.49,54.1,False
1322,002860,星帅尔,18.3,-0.16,1.94,32.14,18.361676199704,0.3518832,71.70372594,-298.0,633.0,74.4,2026-09-03,-0.34,53.3,False
1323,002861,瀛通通讯,16.36,-1.62,1.77,-26.79,16.280872246188,0.240606,59.98933478,596.0,3903.0,71.6,2026-09-03,0.49,43.0,False
1324,002862,实丰文化,15.26,4.66,3.96,419.16,14.709097080687,0.1722156,61.67237187,358.0,3403.0,77.2,2026-09-03,3.75,47.6,False
1325,002863,今飞凯达,4.88,0.83,0.72,29.52,4.871150182864,0.1879048,58.72416984,-1261.0,4227.0,73.2,2026-09-03,0.18,43.0,False
1326,002864,盘龙药业,21.84,1.02,0.79,35.23,21.694278665122,0.144754,61.6469697,-430.0,3413.0,76.0,2026-09-03,0.67,46.9,False
1327,002865,钧达股份,39.5,3.19,2.0,-24.29,38.502827120892,0.1329176,52.6153663,66.0,5068.0,71.2,2026-09-03,2.59,37.5,False
1328,002866,传艺科技,14.75,1.51,1.45,99.05,14.678664874213,0.0795848,56.09311239,-57.0,4739.0,72.8,2026-09-03,0.49,40.8,False
1329,002867,周大生,10.91,1.02,0.47,13.16,10.795981384822,0.2090292,68.23703483,-835.0,1354.0,73.6,2026-09-03,1.06,50.2,False
1330,002868,绿康生化,25.83,10.01,7.87,274.36,23.708947976833,0.3155292,70.15449246,3239.0,871.0,64.0,2026-09-03,8.95,44.9,False
1331,002869,金溢科技,16.78,1.94,1.91,-38.05,16.587589205038,0.0493284,56.85400161,101.0,4614.0,72.4,2026-09-03,1.16,41.2,False
1332,002870,香山股份,,,0.0,-329.14,51.076363465296,0.16113,66.16240111,-38.0,1918.0,78.8,2026-09-03,,52.1,False
1333,002871,伟隆股份,20.07,-1.04,2.01,51.33,20.190470050062,0.2801496,76.93750403,0.0,130.0,71.2,2026-09-03,-0.6,54.8,False
1334,002872,ST天圣,5.89,2.43,1.49,-38.74,5.849571136293,0.1800624,58.84098474,-1788.0,4204.0,66.0,2026-09-03,0.69,38.8,False
1335,002873,新天药业,8.55,1.06,0.84,214.66,8.510125042621,0.0694588,58.02271624,-172.0,4391.0,71.2,2026-09-03,0.47,41.3,False
1336,002875,安奈儿,13.88,1.02,1.24,-360.44,13.896341240327,0.1858308,63.06023956,1351.0,2959.0,80.4,2026-09-03,-0.12,50.7,False
1337,002876,三利谱,30.4,0.0,0.91,37.61,30.296519874114,0.1867428,74.81365154,243.0,266.0,65.6,2026-09-03,0.34,49.1,False
1338,002877,智能自控,7.63,0.66,0.93,101.06,7.553992686453,0.1667668,63.59473467,92.0,2793.0,68.0,2026-09-03,1.01,43.2,False
1339,002878,元隆雅图,13.21,2.32,1.81,-470.5,13.058683154863,0.1441116,67.03933643,-790.0,1670.0,74.0,2026-09-03,1.16,49.6,False
1340,002879,长缆科技,17.3,0.87,5.56,95.77,16.895200525922,0.1982804,76.78324291,379.0,135.0,72.8,2026-09-03,2.4,55.9,False
1341,002880,卫光生物,21.89,-0.14,0.42,55.93,21.735871795649,0.1694696,64.80820026,-609.0,2373.0,70.8,2026-09-03,0.71,45.9,False
1342,002881,美格智能,43.15,0.47,2.33,61.57,43.450155770692,0.2530816,69.62845631,-837.0,997.0,86.4,2026-09-03,-0.69,60.2,False
1343,002882,金龙羽,24.15,0.92,3.11,136.17,23.909803751347,0.2639884,69.04583146,-848.0,1131.0,90.0,2026-09-03,1.0,62.1,False
1344,002883,*ST中设,9.5,1.6,0.13,-91.17,9.504520347419,0.278238,56.60200751,-518.0,4656.0,64.4,2026-09-03,-0.05,36.5,False
1345,002884,凌霄泵业,15.94,1.14,0.39,13.41,15.832077062638,0.1373836,70.72708533,1063.0,784.0,67.6,2026-09-03,0.68,47.8,False
1346,002885,京泉华,28.41,0.82,7.14,53.84,27.926799349596,0.1971636,72.62380009,1935.0,504.0,75.6,2026-09-03,1.73,54.9,False
1347,002886,沃特股份,25.73,-7.31,16.93,123.47,28.154003226255,0.2971324,64.41877683,-2342.0,2501.0,94.0,2026-09-03,-8.61,60.6,False
1348,002887,绿茵生态,9.48,0.32,1.11,32.96,9.542214667223,0.1617908,56.45436991,-1655.0,4679.0,68.4,2026-09-03,-0.65,38.6,False
1349,002888,惠威科技,21.87,1.25,3.6,208.73,22.093876246725,0.177638,62.33809177,-2685.0,3191.0,75.6,2026-09-03,-1.01,47.1,False
1350,002889,东方嘉盛,12.34,1.23,0.53,11.72,12.255329253628,0.0718544,65.82570741,1073.0,2033.0,70.8,2026-09-03,0.69,46.6,False
1351,002890,弘宇股份,15.79,-1.07,0.81,150.97,15.991325693211,0.2129916,61.45226873,-2727.0,3476.0,69.2,2026-09-03,-1.26,42.5,False
1352,002891,中宠股份,28.58,2.62,1.59,36.32,28.126010755335,0.1970896,64.57881118,-1807.0,2446.0,74.8,2026-09-03,1.61,48.3,False
1353,002892,科力尔,9.21,0.33,0.47,-337.26,9.238434759817,0.1078712,55.38830254,106.0,4838.0,70.8,2026-09-03,-0.31,39.2,False
1354,002893,京能热力,10.7,0.85,5.29,11.33,10.732085316206,0.2987112,67.05919729,-1536.0,1664.0,86.0,2026-09-03,-0.3,57.7,False
1355,002895,川恒股份,33.98,1.55,0.46,18.38,33.629802588037,0.3155304,75.02706541,-66.0,249.0,76.4,2026-09-03,1.04,57.3,False
1356,002896,中大力德,64.0,-0.62,1.81,226.36,64.423805720998,0.2724436,63.45456417,1958.0,2829.0,78.4,2026-09-03,-0.66,49.7,False
1357,002897,意华股份,58.94,-0.24,4.74,56.93,58.194991172953,0.2986128,71.59298516,2301.0,652.0,70.4,2026-09-03,1.28,50.4,False
1358,002899,英派斯,19.09,0.9,0.85,60.06,19.152521947093,0.2193612,61.48418451,1233.0,3460.0,65.6,2026-09-03,-0.33,40.3,False
1359,002900,哈三联,12.43,0.0,1.6,-44.49,12.445970017475,0.125174,50.95705261,17.0,5148.0,82.8,2026-09-03,-0.13,42.2,False
1360,002901,大博医疗,41.38,0.49,0.15,24.24,41.070899605708,0.1427908,62.6788622,-71.0,3080.0,71.2,2026-09-03,0.75,44.6,False
1361,002902,铭普光磁,25.52,-0.62,2.76,-194.8,25.85360361024,0.1647216,58.92783454,-526.0,4179.0,82.4,2026-09-03,-1.29,48.6,False
1362,002903,宇环数控,27.97,-1.76,6.46,-94.98,28.472326451554,0.2136052,58.73241461,269.0,4225.0,84.8,2026-09-03,-1.76,49.8,False
1363,002905,金逸影视,8.5,3.41,1.72,-30.0,8.368866669783,0.1452648,60.05966519,416.0,3884.0,76.8,2026-09-03,1.57,46.1,False
1364,002906,华阳集团,28.73,-0.17,0.86,18.79,28.727597730221,0.26268037037,71.45199013,-631.0,679.0,84.8,2026-09-03,0.01,60.6,False
1365,002907,华森制药,14.64,-0.27,1.28,48.53,14.500023855493,0.2006296,61.99377674,1117.0,3315.0,80.4,2026-09-03,0.97,49.8,False
1366,002908,德生科技,7.55,2.86,1.27,-61.88,7.425000774114,0.1017904,58.64857179,-1303.0,4241.0,78.4,2026-09-03,1.68,46.0,False
1367,002909,集泰股份,7.92,-1.12,24.63,-113.0,8.007654499592,0.4908556,70.17107337,355.0,870.0,88.0,2026-09-03,-1.09,61.8,False
1368,002910,庄园牧场,10.34,2.07,1.37,-41.24,10.246593473273,0.0893156,54.48345545,-779.0,4942.0,67.2,2026-09-03,0.91,36.6,False
1369,002911,佛燃能源,11.51,0.79,0.18,22.64,11.445203095146,0.1091856,70.82971677,-551.0,765.0,69.2,2026-09-03,0.57,49.0,False
1370,002912,中新赛克,20.34,2.06,1.08,-13.44,20.130599191854,0.134668,59.52685718,-1393.0,4025.0,76.4,2026-09-03,1.04,45.5,False
1371,002913,奥士康,62.52,-1.43,0.98,120.02,62.830359199396,0.3763632,69.64715628,331.0,992.0,77.6,2026-09-03,-0.49,54.0,False
1372,002915,中欣氟材,18.28,1.44,1.57,692.51,18.258471823186,0.1527384,58.92668282,-771.0,4180.0,87.2,2026-09-03,0.12,51.4,False
1373,002916,深南电路,339.88,-0.49,0.43,51.41,344.703607315748,0.335026,77.67628264,264.0,105.0,86.4,2026-09-03,-1.4,67.1,False
1374,002917,金奥博,10.61,1.63,0.74,20.86,10.506942246698,0.085952,63.98912084,-310.0,2651.0,71.6,2026-09-03,0.98,45.8,False
1375,002918,蒙娜丽莎,11.22,1.81,3.55,46.5,11.110625683142,0.1380532,69.70747517,-94.0,971.0,82.0,2026-09-03,0.98,57.2,False
1376,002919,名臣健康,18.23,1.28,0.77,-478.66,17.741448970733,0.2078132,62.6527169,1551.0,3088.0,63.6,2026-09-03,2.75,39.8,False
1377,002920,德赛西威,91.02,0.78,0.79,21.82,91.084731523131,0.3729304,78.27870259,150.0,80.0,84.0,2026-09-03,-0.07,65.8,False
1378,002921,联诚精密,22.39,-2.31,2.38,417.77,22.929011892871,0.267118,61.66675296,839.0,3406.0,78.8,2026-09-03,-2.35,48.6,False
1379,002922,伊戈尔,25.76,4.76,7.54,48.69,24.284522455566,0.231086,71.3607236,1839.0,696.0,72.8,2026-09-03,6.08,52.0,False
1380,002923,润都股份,11.21,1.91,1.07,46.06,11.015294530809,0.0765472,62.22792632,-1371.0,3223.0,68.0,2026-09-03,1.77,42.3,False
1381,002925,盈趣科技,23.95,1.35,0.83,27.33,23.668711280119,0.2668716,69.21973388,-816.0,1090.0,74.4,2026-09-03,1.19,51.5,False
1382,002926,华西证券,8.66,0.7,0.34,11.7,8.637584236095,0.2954768,70.51613784,1195.0,818.0,77.2,2026-09-03,0.26,54.4,False
1383,002927,泰永长征,17.51,1.63,1.74,95.6,17.136788582057,0.2179136,64.10042759,1400.0,2601.0,70.0,2026-09-03,2.18,44.9,False
1384,002928,华夏航空,6.36,1.27,0.61,93.37,6.291577543989,0.3118928,63.25759113,627.0,2885.0,62.8,2026-09-03,1.09,39.7,False
1385,002929,润建股份,52.02,-0.48,1.63,278.07,52.229047772591,0.2336308,63.17206549,-1023.0,2918.0,75.2,2026-09-03,-0.4,47.5,False
1386,002930,宏川智慧,9.63,-0.1,1.08,92.72,9.716199520566,0.1188592,58.14141604,-2637.0,4356.0,68.4,2026-09-03,-0.89,39.8,False
1387,002931,锋龙股份,44.85,-0.91,1.36,-2431.65,45.390510812553,0.2152296,59.88375019,1014.0,3940.0,70.8,2026-09-03,-1.19,42.4,False
1388,002932,*ST明德,15.61,0.84,0.12,-82.99,15.484028867713,0.2036424,61.41378742,-142.0,3488.0,69.2,2026-09-03,0.81,42.5,False
1389,002933,新兴装备,28.48,3.19,1.28,102.35,27.727281093559,0.152912,60.98908824,-575.0,3609.0,72.0,2026-09-03,2.71,43.9,False
1390,002935,天奥电子,16.13,1.7,0.44,367.97,15.946670796768,0.1444408,64.58296806,1181.0,2444.0,67.2,2026-09-03,1.15,43.4,False
1391,002936,郑州银行,1.8,1.12,0.86,4.88,1.794759734302,0.5097328,59.57733361,-9.0,4013.0,70.4,2026-09-03,0.29,41.9,False
1392,002937,兴瑞科技,28.63,0.46,2.83,66.54,30.388292766989,0.3215856,64.31772458,-801.0,2534.0,71.2,2026-09-03,-5.79,45.8,False
1393,002938,鹏鼎控股,85.01,0.57,0.38,76.74,84.687728050207,0.2802996,66.17468576,-457.0,1911.0,87.2,2026-09-03,0.38,57.7,False
1394,002939,长城证券,8.2,1.49,0.41,11.86,8.110597392956,0.3092384,67.2581597,1945.0,1610.0,74.4,2026-09-03,1.1,50.0,False
1395,002940,昂利康,27.86,9.99,10.43,51.16,25.694712316529,0.30578,66.36583055,-1070.0,1856.0,78.0,2026-09-03,8.43,51.8,False
1396,002941,新疆交建,11.17,1.92,0.69,22.39,11.04086564856,0.19467,65.18810116,-544.0,2245.0,74.4,2026-09-03,1.17,48.5,False
1397,002942,新农股份,18.38,1.88,5.82,13.98,18.538772019954,0.1862236,58.44940577,-971.0,4276.0,79.2,2026-09-03,-0.86,46.3,False
1398,002943,宇晶股份,31.97,0.38,3.34,-58.96,31.915924605463,0.1728312,51.88456614,-181.0,5111.0,75.6,2026-09-03,0.17,39.2,False
1399,002945,华林证券,15.46,3.0,0.63,80.94,15.186804978432,0.2886904,62.10695685,14.0,3266.0,86.0,2026-09-03,1.8,53.4,False
1400,002946,新乳业,15.55,2.3,0.39,14.39,15.175098137163,0.1917324,68.07136799,989.0,1389.0,68.0,2026-09-03,2.47,46.3,False
1401,002947,恒铭达,69.06,-2.07,3.13,34.83,69.828710340651,0.3667016,83.06700448,47.0,7.0,82.4,2026-09-03,-1.1,68.4,False
1402,002948,青岛银行,6.35,0.47,0.49,5.11,6.350074213817,0.3001892,68.53553517,-620.0,1267.0,75.6,2026-09-03,-0.0,51.8,False
1403,002949,华阳国际,13.46,5.24,6.11,37.69,12.858070143495,0.1708952,64.268831,181.0,2547.0,77.6,2026-09-03,4.68,49.9,False
1404,002950,奥美医疗,8.99,1.12,0.41,14.71,8.931569847223,0.12482,60.28792435,-273.0,3823.0,66.0,2026-09-03,0.65,39.8,False
1405,002951,金时科技,15.9,-0.38,0.57,-644.14,15.877718152644,0.1846904,62.13299893,970.0,3257.0,75.2,2026-09-03,0.14,46.7,False
1406,002952,亚世光电,21.82,5.46,9.38,123.23,20.702714013406,0.1556856,67.47878365,-1198.0,1547.0,85.6,2026-09-03,5.4,57.8,False
1407,002953,日丰股份,10.84,0.74,2.03,32.36,10.776397713914,0.1948504,65.68993148,-735.0,2073.0,86.4,2026-09-03,0.59,56.8,False
1408,002955,鸿合科技,39.92,-1.38,1.65,416.99,40.800183818195,0.2826396,69.79370939,-648.0,952.0,81.2,2026-09-03,-2.16,56.7,False
1409,002956,西麦食品,16.88,1.99,0.57,17.8,16.586854227911,0.073366,64.96708719,-95.0,2317.0,63.6,2026-09-03,1.77,41.3,False
1410,002957,科瑞技术,38.45,-1.96,1.89,50.08,39.282951158984,0.2142956,60.85695144,264.0,3649.0,78.4,2026-09-03,-2.12,47.7,False
1411,002958,青农商行,3.02,1.0,0.65,3.82,3.010022075815,0.4156388,64.95513797,-89.0,2321.0,69.2,2026-09-03,0.33,44.9,False
1412,002959,小熊电器,32.74,1.27,0.22,21.21,32.543735985534,0.128268,70.085123,-36.0,889.0,71.2,2026-09-03,0.6,49.9,False
1413,002960,青鸟智控,8.8,1.97,0.46,33.43,8.659006635391,0.235858,64.11673962,-116.0,2596.0,62.4,2026-09-03,1.63,40.0,False
1414,002961,瑞达期货,20.63,3.0,1.12,12.0,20.183625065642,0.201038,65.87962258,995.0,2017.0,72.0,2026-09-03,2.21,47.4,False
1415,002962,五方光电,13.12,0.92,1.19,129.2,13.054765270666,0.1092652,61.27059051,206.0,3522.0,68.0,2026-09-03,0.5,41.7,False
1416,002963,豪尔赛,20.7,3.97,6.22,-54.97,20.09692058736,0.197478,66.50915981,-409.0,1809.0,76.0,2026-09-03,3.0,50.5,False
1417,002965,祥鑫科技,30.98,-3.49,3.51,-211.01,32.018890900055,0.2784348,65.50427291,1678.0,2134.0,68.4,2026-09-03,-3.24,44.8,False
1418,002966,苏州银行,9.13,0.88,0.43,6.0,9.146005999966,0.2696984,67.97309466,-176.0,1420.0,76.0,2026-09-03,-0.18,51.7,False
1419,002967,广电计量,17.93,3.28,0.8,47.08,17.349568985264,0.1315548,68.63986078,864.0,1230.0,69.2,2026-09-03,3.35,47.5,False
1420,002968,新大正,9.82,2.4,0.69,15.34,9.685311170688,0.0542684,68.05145757,-178.0,1397.0,68.0,2026-09-03,1.39,46.3,False
1421,002969,嘉美包装,13.6,1.42,5.82,106.14,12.982743538927,0.3983824,75.81213551,1311.0,192.0,74.4,2026-09-03,4.75,56.4,False
1422,002970,锐明技术,51.11,10.01,5.88,42.48,46.85067304608,0.29798,62.54931059,266.0,3124.0,67.2,2026-09-03,9.09,42.0,False
1423,002971,和远气体,39.66,-3.97,7.7,116.06,41.607595340769,0.2605448,65.43861078,-899.0,2158.0,88.8,2026-09-03,-4.68,58.1,False
1424,002972,科安达,12.83,0.63,3.63,33.61,12.983440714201,0.1719508,67.39383783,300.0,1570.0,60.0,2026-09-03,-1.18,40.4,False
1425,002973,侨银股份,12.94,0.47,0.81,60.69,12.846235158399,0.2765072,67.9597996,-698.0,1423.0,70.4,2026-09-03,0.73,47.8,False
1426,002975,博杰股份,97.64,-4.54,5.83,59.42,99.95479094154,0.3279644,75.95334569,931.0,182.0,84.8,2026-09-03,-2.32,64.4,False
1427,002976,瑞玛精密,24.23,-1.38,1.55,-145.96,24.614432551843,0.2683716,59.90766489,-1409.0,3937.0,63.6,2026-09-03,-1.56,38.1,False
1428,002977,*ST天箭,21.26,-0.19,0.45,-642.56,21.383779205903,0.2119,54.21016351,-529.0,4956.0,66.8,2026-09-03,-0.58,36.2,False
1429,002978,安宁股份,26.32,0.57,0.24,18.23,26.268488630061,0.1692136,59.64198114,-32.0,3995.0,69.6,2026-09-03,0.2,41.5,False
1430,002979,雷赛智能,54.42,-1.14,1.87,44.41,55.010817333048,0.2389552,68.85286587,624.0,1177.0,70.0,2026-09-03,-1.07,48.2,False
1431,002980,华盛昌,108.03,1.28,12.84,135.36,104.897385480899,0.4573668,80.72678606,203.0,34.0,84.0,2026-09-03,2.99,67.8,False
1432,002981,朝阳科技,24.35,0.5,0.65,224.35,24.096865601504,0.1659432,62.57798616,-90.0,3106.0,66.0,2026-09-03,1.05,41.3,False
1433,002982,湘佳股份,13.06,3.82,3.58,-109.7,12.708476257205,0.08173,64.60697367,41.0,2435.0,64.4,2026-09-03,2.77,41.6,False
1434,002983,芯瑞达,22.1,-0.72,0.83,48.37,22.073798979407,0.201426,72.73548558,863.0,486.0,68.4,2026-09-03,0.12,49.8,False
1435,002984,森麒麟,13.86,1.61,0.57,17.09,13.699886879738,0.1963828,65.30747994,139.0,2196.0,68.8,2026-09-03,1.17,44.9,False
1436,002985,北摩高科,27.89,1.53,0.63,46.03,27.422130678125,0.22333,63.1318452,-214.0,2939.0,71.6,2026-09-03,1.71,45.2,False
1437,002986,宇新股份,13.55,-2.52,1.07,23.64,13.975312589246,0.1876472,67.96944553,-466.0,1421.0,68.4,2026-09-03,-3.04,46.5,False
1438,002987,京北方,12.47,4.53,2.29,65.65,12.066039256091,0.158754,69.24355301,-177.0,1082.0,79.2,2026-09-03,3.35,54.8,False
1439,002988,豪美新材,26.13,7.31,3.25,40.28,24.115765451752,0.2204508,71.20578293,1728.0,724.0,72.0,2026-09-03,8.35,51.3,False
1440,002989,中天精装,23.39,-0.09,1.39,-67.96,23.314808893367,0.236176,59.22189343,758.0,4103.0,69.6,2026-09-03,0.32,41.2,False
1441,002990,盛视科技,47.93,-0.23,2.6,58.83,48.055822880674,0.2305496,69.32470919,326.0,1058.0,73.2,2026-09-03,-0.26,50.7,False
1442,002991,甘源食品,39.3,1.81,1.36,22.87,38.90473432311,0.138266,64.34116758,-1343.0,2529.0,67.6,2026-09-03,1.02,43.5,False
1443,002992,宝明科技,33.36,1.34,0.38,-138.43,33.206814896701,0.1420356,55.6343303,43.0,4803.0,68.4,2026-09-03,0.46,38.1,False
1444,002993,奥海科技,37.65,-0.21,1.16,113.42,37.556170870114,0.1381292,64.86874028,244.0,2351.0,66.0,2026-09-03,0.25,42.8,False
1445,002995,天地在线,18.55,3.34,4.34,-1131.53,18.206103667972,0.1112968,63.85920639,65.0,2693.0,73.2,2026-09-03,1.89,46.7,False
1446,002996,顺博合金,6.26,0.97,0.76,10.75,6.235840888851,0.2003164,67.54654678,1345.0,1533.0,69.2,2026-09-03,0.39,46.7,False
1447,002997,瑞鹄模具,28.85,0.77,0.42,12.53,28.87410305857,0.212868,68.71482588,133.0,1212.0,69.2,2026-09-03,-0.08,47.6,False
1448,002998,优彩资源,,,0.0,18.47,8.588425693745,0.1683496,66.09470996,-966.0,1942.0,66.0,2026-09-03,,43.6,False
1449,002999,天禾股份,6.63,0.45,11.08,37.72,6.693582047266,0.3427816,66.29675177,-1718.0,1883.0,85.2,2026-09-03,-0.95,56.5,False
1450,003000,劲仔食品,9.82,1.34,0.71,20.8,9.714897319429,0.1273044,62.79936739,-263.0,3044.0,67.6,2026-09-03,1.08,42.5,False
1451,003001,中岩大地,16.61,2.09,2.03,-72.83,16.265921165842,0.1583252,53.20980184,48.0,5040.0,68.8,2026-09-03,2.12,36.6,False
1452,003002,壶化股份,17.39,4.7,2.7,28.93,16.681472863807,0.143294,65.24744853,1322.0,2223.0,66.0,2026-09-03,4.25,43.1,False
1453,003003,天元股份,11.37,1.34,0.81,34.12,11.331644856416,0.056622,61.15632087,-1673.0,3559.0,66.8,2026-09-03,0.34,40.9,False
1454,003004,声迅股份,74.14,0.94,0.68,-207.52,74.368497907557,0.3344844,65.60301223,742.0,2099.0,62.8,2026-09-03,-0.31,41.2,False
1455,003005,竞业达,19.2,-6.48,26.53,-29.87,20.927265624556,0.3056276,63.07186806,-2440.0,2955.0,91.6,2026-09-03,-8.25,57.8,False
1456,003006,百亚股份,14.86,3.12,1.73,17.84,14.370765788174,0.1614528,71.13378154,-133.0,740.0,63.6,2026-09-03,3.4,45.2,False
1457,003007,直真科技,39.96,-0.25,1.16,-93.53,40.453037080381,0.181906,65.06936751,192.0,2283.0,69.6,2026-09-03,-1.22,45.3,False
1458,003008,开普检测,19.95,0.91,0.57,31.7,19.927220883987,0.0655492,63.21328023,-1513.0,2907.0,64.8,2026-09-03,0.11,41.0,False
1459,003009,中天火箭,47.7,1.9,0.9,231.98,47.04060716277,0.2142528,58.19765522,-2526.0,4341.0,72.8,2026-09-03,1.4,42.4,False
1460,003010,若羽臣,31.94,0.54,1.9,29.67,31.989339650277,0.2084508,78.4128619,-58.0,75.0,83.6,2026-09-03,-0.15,65.6,False
1461,003011,海象新材,20.81,1.22,1.27,28.61,20.651465762415,0.116276,56.62982579,-183.0,4654.0,58.8,2026-09-03,0.77,33.3,False
1462,003012,东鹏控股,4.76,2.15,0.5,97.43,4.695596641678,0.122012,64.69623405,210.0,2407.0,66.4,2026-09-03,1.37,43.0,False
1463,003013,地铁设计,16.41,1.36,0.61,26.13,16.486961059603,0.2750776,71.28902025,-149.0,711.0,70.4,2026-09-03,-0.47,50.2,False
1464,003015,日久光电,12.31,0.49,0.75,49.76,12.25443109353,0.1545084,70.60410438,1281.0,804.0,72.4,2026-09-03,0.45,51.1,False
1465,003016,欣贺股份,7.45,2.76,0.79,35.93,7.26118526779,0.0870096,66.87945773,-78.0,1709.0,65.6,2026-09-03,2.6,43.9,False
1466,003017,大洋生物,23.05,0.22,0.54,20.21,23.048417766613,0.15529,65.92417118,-95.0,1999.0,66.0,2026-09-03,0.01,43.5,False
1467,003018,金富科技,57.02,1.05,9.13,93.06,54.591428100113,0.4498508,82.14287881,8.0,22.0,88.8,2026-09-03,4.45,72.9,False
1468,003019,宸展光电,28.1,-1.85,1.3,26.84,28.376541476566,0.2923488,76.62956817,110.0,143.0,66.4,2026-09-03,-0.97,50.9,False
1469,003020,立方制药,18.02,0.73,0.83,23.31,17.969249528549,0.1789452,62.07961592,148.0,3277.0,68.8,2026-09-03,0.28,42.7,False
1470,003021,兆威机电,74.69,-1.44,0.99,133.87,75.502745310858,0.272832,72.34911919,2260.0,546.0,76.0,2026-09-03,-1.08,55.0,False
1471,003022,联泓新科,19.71,0.87,0.26,30.83,19.487799079066,0.1003424,63.27450953,-33.0,2879.0,70.4,2026-09-03,1.14,44.5,False
1472,003023,彩虹集团,26.73,-0.85,0.9,60.06,27.055654568622,0.2391988,64.31418876,-52.0,2535.0,74.0,2026-09-03,-1.2,47.6,False
1473,003025,思进智能,12.46,1.05,0.61,25.81,12.342659002999,0.0965604,64.47463342,-374.0,2488.0,64.4,2026-09-03,0.95,41.5,False
1474,003026,中晶科技,28.21,-0.63,1.88,63.73,28.567651273471,0.16207,64.58027207,1708.0,2445.0,70.4,2026-09-03,-1.25,45.5,False
1475,003027,同兴科技,17.09,1.42,0.72,61.45,17.047430957684,0.0927132,59.98238933,-954.0,3908.0,64.8,2026-09-03,0.25,38.9,False
1476,003028,振邦智能,23.43,0.0,0.93,101.01,23.654434106528,0.1159704,62.92731978,-1958.0,3000.0,65.2,2026-09-03,-0.95,41.0,False
1477,003029,吉大正元,17.88,3.53,1.69,-49.31,17.426644739634,0.0859976,62.65521943,1219.0,3086.0,78.4,2026-09-03,2.6,49.1,False
1478,003030,祖名股份,24.72,3.0,2.04,-63.32,24.217996131528,0.1718436,65.11484451,-472.0,2267.0,74.8,2026-09-03,2.07,48.7,False
1479,003031,中瓷电子,117.77,-2.18,1.1,65.95,118.99992462153,0.2743884,69.30067099,1057.0,1064.0,82.0,2026-09-03,-1.03,56.8,False
1480,003032,传智教育,10.38,-3.89,18.77,60.69,11.342626981233,0.213686,57.63785862,-737.0,4470.0,90.8,2026-09-03,-8.49,52.3,False
1481,003033,征和工业,67.98,1.86,0.49,39.65,66.973488923225,0.2083208,68.75942005,778.0,1202.0,68.0,2026-09-03,1.5,46.8,False
1482,003035,南网能源,5.75,-0.35,0.52,48.08,5.785662959385,0.2480516,66.58540665,1365.0,1786.0,83.6,2026-09-03,-0.62,55.7,False
1483,003036,泰坦股份,52.85,-2.45,1.89,186.65,55.223918794822,0.2871124,61.09818595,-2355.0,3578.0,78.0,2026-09-03,-4.3,47.7,False
1484,003037,三和管桩,5.92,1.54,0.3,118.09,5.915132984949,0.1434296,61.52412968,-1159.0,3446.0,69.2,2026-09-03,0.08,42.6,False
1485,003038,鑫铂股份,11.11,1.55,0.94,-25.68,11.043525370188,0.1269436,55.11120453,67.0,4871.0,64.0,2026-09-03,0.6,35.3,False
1486,003039,顺控发展,13.13,-1.06,1.8,31.83,13.74411095297,0.2329852,68.84832345,-1116.0,1178.0,85.6,2026-09-03,-4.47,58.9,False
1487,003040,楚天龙,21.12,10.0,9.21,-78.38,20.986768997566,0.292394,57.84420383,-673.0,4424.0,94.8,2026-09-03,0.63,54.8,False
1488,003041,真爱美家,39.5,1.78,0.87,161.55,39.193557156134,0.1273648,58.33632701,-210.0,4304.0,62.0,2026-09-03,0.78,36.2,False
1489,003042,中农联合,14.54,1.54,1.64,-24.47,14.411142322436,0.1498676,51.96488142,-159.0,5109.0,77.2,2026-09-03,0.89,40.1,False
1490,003043,华亚智能,70.32,-4.07,3.24,139.87,72.499006105828,0.3229644,59.30787767,-206.0,4078.0,69.6,2026-09-03,-3.01,41.3,False
1491,003816,中国广核,4.37,-0.68,0.16,18.07,4.414055329402,0.3590776,70.25218941,713.0,856.0,87.6,2026-09-03,-1.0,61.5,False
1492,300001,特锐德,35.16,2.81,0.63,43.4,33.991868808604,0.3020276,70.84072689,812.0,763.0,74.8,2026-09-03,3.44,53.0,False
1493,300002,神州泰岳,8.37,2.45,1.58,21.56,8.228745561919,0.29397,72.55690049,820.0,519.0,76.8,2026-09-03,1.72,55.7,False
1494,300003,乐普医疗,11.92,0.85,0.37,22.0,11.826803155811,0.2680228,63.8140042,-4.0,2708.0,76.8,2026-09-03,0.79,49.0,False
1495,300004,南风股份,9.1,0.22,4.3,-297.21,8.896297645013,0.2407968,61.20313584,-1237.0,3543.0,75.2,2026-09-03,2.29,46.0,False
1496,300005,探路者,10.95,1.67,3.46,94.4,10.75831644354,0.3399024,68.07244858,681.0,1388.0,74.4,2026-09-03,1.78,50.6,False
1497,300006,莱美药业,5.52,0.36,0.9,-124.45,5.507513463279,0.264998,58.27825135,-242.0,4321.0,75.2,2026-09-03,0.23,43.8,False
1498,300007,汉威科技,31.5,0.29,1.11,75.79,31.519194459319,0.2042988,60.48490237,542.0,3775.0,74.0,2026-09-03,-0.06,44.8,False
1499,300008,天海防务,6.52,3.33,2.97,30.85,6.344494795853,0.2835076,68.53199452,-555.0,1269.0,80.0,2026-09-03,2.77,54.8,False
1500,300009,安科生物,8.44,0.48,0.8,21.21,8.398075413621,0.294532,65.99668342,-303.0,1970.0,80.0,2026-09-03,0.5,52.8,False
1501,300010,ST豆神,4.12,7.29,5.32,-174.52,3.811800761376,0.4083668,68.81466024,905.0,1186.0,86.8,2026-09-03,8.09,59.7,False
1502,300011,鼎汉技术,6.16,1.15,0.38,-126.73,6.156802722369,0.2121456,58.41275324,-384.0,4281.0,67.2,2026-09-03,0.05,39.3,False
1503,300012,华测检测,15.01,2.11,0.83,22.41,14.649428842684,0.2773556,74.0273397,85.0,337.0,81.2,2026-09-03,2.46,60.1,False
1504,300013,新宁物流,4.2,1.2,1.18,70.63,4.204185333678,0.237816,58.36993155,-556.0,4293.0,68.8,2026-09-03,-0.1,40.2,False
1505,300014,亿纬锂能,51.69,1.06,0.43,17.01,51.26945506198,0.355648,67.23507836,492.0,1616.0,73.6,2026-09-03,0.82,49.5,False
1506,300015,爱尔眼科,8.44,2.06,0.51,28.92,8.274161634217,0.3207608,70.75610896,-587.0,778.0,80.0,2026-09-03,2.0,56.6,False
1507,300016,北陆药业,8.62,2.25,2.62,31.44,8.479963831252,0.2567792,65.72885805,-313.0,2063.0,76.4,2026-09-03,1.65,50.2,False
1508,300017,网宿科技,16.07,0.94,4.3,57.64,16.061083955755,0.3238084,69.0481546,-561.0,1130.0,92.4,2026-09-03,0.06,63.8,False
1509,300018,中元股份,12.21,0.74,1.01,51.75,12.076029771525,0.3425096,60.60346363,-136.0,3745.0,66.4,2026-09-03,1.11,40.2,False
1510,300019,硅宝科技,14.47,0.63,0.33,31.14,14.424078534477,0.1336064,63.15313543,-144.0,2931.0,70.8,2026-09-03,0.32,44.7,False
1511,300020,ST银江,3.84,0.52,1.2,-2.77,3.790123550866,0.4753332,63.16981368,1128.0,2919.0,66.8,2026-09-03,1.32,42.2,False
1512,300021,大禹节水,4.11,2.24,1.19,-1896.31,4.041691654058,0.2415132,66.8961941,-1060.0,1704.0,74.4,2026-09-03,1.69,49.8,False
1513,300022,吉峰科技,8.19,0.37,0.8,368.33,8.238510906898,0.3041712,62.56026047,-88.0,3119.0,67.6,2026-09-03,-0.59,42.3,False
1514,300024,机器人,14.5,0.97,0.57,-60.03,14.383721112478,0.247092,52.61670738,71.0,5067.0,73.6,2026-09-03,0.81,38.7,False
1515,300025,华星创业,6.06,0.83,1.92,-82.71,6.061259796949,0.2597352,61.97523613,-935.0,3325.0,73.2,2026-09-03,-0.02,45.4,False
1516,300026,红日药业,3.32,0.3,0.61,63.86,3.312793361755,0.347404,66.50154868,1282.0,1817.0,78.0,2026-09-03,0.22,51.9,False
1517,300027,ST华谊,1.79,0.0,0.3,-68.25,1.792124048653,0.4283144,60.48670698,-1110.0,3773.0,72.0,2026-09-03,-0.12,43.6,False
1518,300030,阳普医疗,6.9,1.17,0.75,34.62,6.861615709921,0.090696,62.15768741,-208.0,3248.0,70.0,2026-09-03,0.56,43.5,False
1519,300031,宝通科技,21.21,2.51,3.06,23.13,20.755590530324,0.2824156,60.86282552,50.0,3647.0,71.6,2026-09-03,2.19,43.6,False
1520,300032,金龙机电,3.91,1.03,0.8,-27.61,3.905537424986,0.217156,59.24987573,-1494.0,4092.0,70.0,2026-09-03,0.11,41.5,False
1521,300033,同花顺,226.0,2.96,2.21,89.31,221.297555511584,0.476246,75.20973434,588.0,232.0,85.2,2026-09-03,2.12,64.1,False
1522,300034,钢研高纳,16.45,1.48,0.72,63.72,16.248436201808,0.2445948,62.78571588,-1662.0,3048.0,74.4,2026-09-03,1.24,46.7,False
1523,300035,中科电气,12.89,0.7,0.81,30.06,12.879326208291,0.1848744,58.95549758,-208.0,4174.0,74.0,2026-09-03,0.08,43.6,False
1524,300036,超图软件,10.82,3.34,1.71,-20.74,10.57254991887,0.1440528,58.12097682,-533.0,4363.0,74.4,2026-09-03,2.34,43.2,False
1525,300037,新宙邦,64.4,1.18,1.07,24.67,63.064920582979,0.3046548,73.74612781,1002.0,367.0,74.0,2026-09-03,2.12,54.6,False
1526,300039,上海凯宝,5.4,0.93,0.75,27.71,5.351589265148,0.2556092,62.90397743,-683.0,3006.0,73.2,2026-09-03,0.9,46.0,False
1527,300040,九洲集团,5.78,2.12,1.91,79.64,5.713879826895,0.2375688,53.18304995,-162.0,5042.0,71.6,2026-09-03,1.16,38.1,False
1528,300041,回天新材,11.07,-0.09,1.51,18.55,11.082817040915,0.24042,65.46569804,-1910.0,2146.0,74.4,2026-09-03,-0.12,48.7,False
1529,300042,朗科科技,38.41,-0.23,1.73,40.48,38.568305705578,0.1910048,60.54544778,-38.0,3758.0,70.4,2026-09-03,-0.41,42.6,False
1530,300043,星辉娱乐,4.68,3.08,2.33,31.49,4.628036411118,0.2621504,61.21395415,352.0,3541.0,74.8,2026-09-03,1.12,45.8,False
1531,300044,*ST赛为,6.1,1.67,2.52,-129.32,5.954837379674,0.3149052,66.55264662,1728.0,1796.0,73.6,2026-09-03,2.44,49.0,False
1532,300045,华力创通,12.41,2.06,1.05,-114.17,12.25335278141,0.1181616,55.27614113,-758.0,4857.0,73.2,2026-09-03,1.28,40.5,False
1533,300046,台基股份,24.8,2.27,1.18,87.32,24.384877039489,0.1817468,55.31841041,-561.0,4851.0,73.6,2026-09-03,1.7,40.7,False
1534,300047,天源迪科,9.68,3.97,2.57,93.82,9.423575694319,0.1685,60.64050332,-561.0,3732.0,74.8,2026-09-03,2.72,45.4,False
1535,300048,合康新能,5.17,0.98,0.25,-44.7,5.162939904818,0.2594804,58.35244968,-105.0,4298.0,65.6,2026-09-03,0.14,38.3,False
1536,300049,福瑞医科,43.53,4.69,1.97,89.86,41.52769393698,0.3246436,71.54151621,-55.0,667.0,69.6,2026-09-03,4.82,49.8,False
1537,300050,世纪鼎利,6.88,2.53,2.19,312.77,6.798151301197,0.3667276,62.11943531,-1392.0,3260.0,76.0,2026-09-03,1.2,47.2,False
1538,300051,琏升科技,8.29,3.63,2.12,-35.01,8.04686741452,0.1754432,50.67039509,3.0,5157.0,72.8,2026-09-03,3.02,36.9,False
1539,300052,中青宝,11.59,1.05,4.71,-51.38,11.48427170879,0.2651232,65.93057935,963.0,1995.0,82.0,2026-09-03,0.92,54.1,False
1540,300053,航宇微,12.34,1.4,0.69,-106.87,12.225796260323,0.1523356,49.99140404,-9.0,5170.0,72.4,2026-09-03,0.93,36.2,False
1541,300054,鼎龙股份,68.04,-0.69,1.15,61.34,68.392642969338,0.298866,65.4119496,-133.0,2172.0,79.6,2026-09-03,-0.52,52.1,False
1542,300055,万邦达,6.03,2.03,1.28,67.36,5.958796866317,0.1904704,58.74505768,-2124.0,4223.0,71.2,2026-09-03,1.19,41.8,False
1543,300056,中创环保,8.71,2.35,1.51,-42.27,8.601493099122,0.2314292,53.5392785,73.0,5019.0,65.2,2026-09-03,1.26,34.9,False
1544,300057,万顺新材,6.57,0.15,1.17,56.64,6.595332918574,0.2826656,60.92812205,-618.0,3625.0,73.2,2026-09-03,-0.38,44.6,False
1545,300058,蓝色光标,14.39,9.1,13.19,122.14,13.428226762522,0.3026008,68.07454891,-350.0,1386.0,84.8,2026-09-03,7.16,57.7,False
1546,300059,东方财富,19.37,1.89,1.08,19.0,19.125323518844,0.4725072,70.64941431,1377.0,799.0,94.0,2026-09-03,1.28,66.4,False
1547,300061,旗天科技,6.74,8.89,8.15,-103.66,6.292737118473,0.1531496,56.09843072,-33.0,4735.0,72.8,2026-09-03,7.11,40.8,False
1548,300062,中能电气,6.54,4.14,3.57,-397.48,6.366049333436,0.1762,57.7006646,-228.0,4454.0,75.6,2026-09-03,2.73,43.6,False
1549,300063,天龙集团,9.46,6.89,11.27,70.68,9.008820099869,0.2076872,67.47130489,139.0,1552.0,80.0,2026-09-03,5.01,54.0,False
1550,300065,海兰信,15.96,2.44,2.0,561.72,15.600210503051,0.2015656,56.88445115,-211.0,4607.0,78.0,2026-09-03,2.31,44.4,False
1551,300066,三川智慧,4.97,0.61,0.56,103.07,4.946106901248,0.2478308,62.66280669,1536.0,3084.0,65.6,2026-09-03,0.48,41.1,False
1552,300067,安诺其,5.69,1.61,2.48,157.96,5.590646038115,0.2380268,54.09731105,-377.0,4969.0,77.6,2026-09-03,1.78,42.0,False
1553,300068,ST南都,4.16,1.46,1.59,-1.68,4.146804339983,0.3275436,49.88750312,-14.0,5171.0,72.4,2026-09-03,0.32,36.1,False
1554,300069,金利华电,26.16,1.67,2.98,180.43,25.804064782743,0.216938,56.91108982,472.0,4601.0,71.6,2026-09-03,1.38,40.7,False
1555,300070,碧水源,3.49,1.45,0.37,207.49,3.448523025796,0.272778,61.15977517,-33.0,3558.0,72.0,2026-09-03,1.2,44.0,False
1556,300071,福石控股,4.43,4.98,9.4,735.43,4.305168567791,0.2300776,61.90799779,-159.0,3333.0,78.0,2026-09-03,2.9,48.3,False
1557,300072,海新能科,3.74,1.08,0.61,-40.49,3.707462229544,0.2748468,57.19483006,-2430.0,4557.0,74.0,2026-09-03,0.88,42.3,False
1558,300073,当升科技,39.43,1.15,0.85,20.62,39.072282203412,0.2383224,65.75490865,1511.0,2056.0,76.0,2026-09-03,0.92,50.0,False
1559,300074,华平股份,3.88,2.92,1.8,-42.22,3.817089331902,0.2410156,60.87788251,-149.0,3645.0,65.6,2026-09-03,1.65,39.9,False
1560,300075,数字政通,11.19,3.04,1.63,-606.71,10.997193514327,0.1955288,56.14853846,-39.0,4726.0,76.8,2026-09-03,1.75,43.1,False
1561,300076,*ST宁视,4.57,2.01,0.77,-39.68,4.512854067938,0.2423,55.39588403,-831.0,4837.0,63.6,2026-09-03,1.27,35.2,False
1562,300077,国民技术,20.59,-0.1,2.39,1581.29,20.663657756225,0.2844888,60.77202085,-1749.0,3682.0,84.0,2026-09-03,-0.36,51.0,False
1563,300078,思创智联,2.88,2.49,3.55,-69.72,2.868288138038,0.2566924,52.55218624,-334.0,5074.0,71.2,2026-09-03,0.41,37.4,False
1564,300079,数码视讯,5.15,1.98,2.6,161.83,5.104115441405,0.3423088,72.56583272,1318.0,514.0,82.0,2026-09-03,0.9,59.5,False
1565,300080,易成新能,3.76,2.45,0.32,-12.17,3.7078692109,0.176434,56.28140767,354.0,4704.0,67.2,2026-09-03,1.41,37.8,False
1566,300081,ST恒信,3.52,1.15,0.76,-10.47,3.467531405703,0.3377,59.34210748,-3.0,4066.0,70.8,2026-09-03,1.51,42.0,False
1567,300082,奥克股份,8.62,1.17,0.61,47.63,8.560736632901,0.2378684,60.69193474,-777.0,3710.0,72.4,2026-09-03,0.69,43.9,False
1568,300083,创世纪,12.7,-4.58,3.32,35.87,13.282729406375,0.4202644,71.32564155,64.0,703.0,76.8,2026-09-03,-4.39,54.8,False
1569,300084,海默科技,10.9,1.4,2.41,-83.42,10.784506362832,0.3779612,63.72919312,631.0,2738.0,67.2,2026-09-03,1.07,42.8,False
1570,300085,银之杰,33.18,3.69,7.37,-516.61,32.38384777204,0.3475508,57.45085537,-721.0,4512.0,81.2,2026-09-03,2.46,46.7,False
1571,300086,康芝药业,6.66,1.37,1.09,-46.25,6.622146736268,0.179062,61.10165126,-98.0,3577.0,71.2,2026-09-03,0.57,43.5,False
1572,300087,ST荃银,6.14,2.85,1.47,-52.47,5.943885512232,0.281739411765,63.24874312,1350.0,2893.0,77.2,2026-09-03,3.3,48.8,False
1573,300088,长信科技,6.93,1.17,1.51,76.17,6.877157805264,0.3133896,60.43687572,522.0,3786.0,71.6,2026-09-03,0.77,43.3,False
1574,300091,*ST金灵,2.49,0.4,0.06,-4.11,2.488626249661,0.1820612,54.10312773,-144.0,4966.0,65.6,2026-09-03,0.06,35.5,False
1575,300092,科新机电,11.98,1.7,0.72,39.61,11.894584667312,0.1391584,61.474068,-1729.0,3465.0,68.4,2026-09-03,0.72,42.0,False
1576,300093,金刚光伏,24.5,1.66,1.23,-60.91,23.960782636729,0.3942248,69.52044143,690.0,1024.0,70.8,2026-09-03,2.25,49.2,False
1577,300094,国联水产,3.18,6.35,5.09,178.68,3.017992983042,0.2184496,61.40339548,-230.0,3490.0,80.0,2026-09-03,5.37,49.1,False
1578,300095,华伍股份,8.79,1.74,1.3,21.81,8.698993516176,0.1523632,58.18156339,-787.0,4344.0,71.2,2026-09-03,1.05,41.4,False
1579,300096,ST易联众,8.87,1.6,0.16,-40.03,8.771533274006,0.295148,63.01876895,1356.0,2975.0,64.8,2026-09-03,1.12,40.8,False
1580,300097,智云股份,10.4,-0.86,2.13,-54.07,10.438469300078,0.2545804,62.51409625,733.0,3138.0,73.2,2026-09-03,-0.37,45.8,False
1581,300098,高新兴,4.61,2.67,1.55,122.02,4.535967939546,0.2417036,55.95427506,-339.0,4764.0,74.0,2026-09-03,1.63,41.4,False
1582,300099,尤洛卡,6.15,1.82,0.86,75.15,6.086116729054,0.23175,58.4698851,-2169.0,4272.0,69.2,2026-09-03,1.05,40.5,False
1583,300100,双林股份,21.59,0.7,0.41,68.33,21.560622645439,0.18366,67.74970613,416.0,1474.0,72.4,2026-09-03,0.14,49.1,False
1584,300101,振芯科技,14.74,2.15,0.76,-437.33,14.49131500396,0.209292,57.50826086,432.0,4499.0,71.6,2026-09-03,1.72,41.2,False
1585,300102,乾照光电,18.11,1.97,1.05,92.14,17.766033815702,0.177552,60.50478758,-1082.0,3770.0,72.4,2026-09-03,1.94,43.8,False
1586,300103,达刚控股,8.8,-3.93,3.23,-86.71,9.188868675454,0.218396,57.88844171,-278.0,4410.0,68.0,2026-09-03,-4.23,39.4,False
1587,300105,龙源技术,7.61,1.47,1.47,210.54,7.587094871108,0.2218956,57.71470593,-1535.0,4452.0,68.4,2026-09-03,0.3,39.5,False
1588,300106,西部牧业,11.31,3.1,2.3,38.74,11.016566281304,0.1665476,60.60809728,107.0,3743.0,77.6,2026-09-03,2.66,47.0,False
1589,300107,建新股份,7.11,1.28,1.37,41.79,7.066505274079,0.1326772,58.53264207,276.0,4260.0,74.8,2026-09-03,0.62,43.8,False
1590,300109,新开源,14.01,0.07,1.09,40.0,13.825109027059,0.3687368,67.92552564,598.0,1432.0,72.8,2026-09-03,1.34,49.4,False
1591,300110,华仁药业,2.85,1.06,0.66,59.02,2.840208659774,0.200504,57.84923496,-450.0,4423.0,72.4,2026-09-03,0.34,41.9,False
1592,300111,向日葵,3.13,1.95,1.0,-162.5,3.078514459486,0.24132,59.35044846,809.0,4064.0,68.0,2026-09-03,1.67,40.4,False
1593,300112,万讯自控,9.48,9.09,10.66,-966.81,8.75505455001,0.2085624,50.97000493,-92.0,5147.0,69.6,2026-09-03,8.28,35.5,False
1594,300113,顺网科技,17.79,4.96,5.01,37.89,16.935831671666,0.2442668,62.54518229,105.0,3127.0,74.4,2026-09-03,5.04,46.5,False
1595,300115,长盈精密,24.31,-0.69,1.14,931.45,24.335186697381,0.3638084,68.6426837,2553.0,1229.0,73.2,2026-09-03,-0.1,50.2,False
1596,300118,东方日升,9.62,2.89,1.51,-6.69,9.386660380684,0.1706296,50.12865676,6.0,5168.0,72.8,2026-09-03,2.49,36.5,False
1597,300119,瑞普生物,17.53,1.56,0.58,19.96,17.53346437701,0.1423768,69.64892802,-862.0,991.0,73.2,2026-09-03,-0.02,51.0,False
1598,300120,经纬辉开,7.55,0.13,2.3,-52.64,7.548419981879,0.2312576,49.1241296,-33.0,5184.0,73.2,2026-09-03,0.02,36.0,False
1599,300121,阳谷华泰,9.71,1.04,1.15,36.21,9.608672586862,0.1593704,56.01840815,171.0,4754.0,66.0,2026-09-03,1.05,37.0,False
1600,300122,智飞生物,13.59,-1.02,1.29,-20.12,13.65043831112,0.2750936,59.85445642,8.0,3951.0,87.6,2026-09-03,-0.44,52.4,False
1601,300123,ST亚光,5.3,2.51,1.81,-14.27,5.152372586366,0.39484,64.079649,-574.0,2610.0,74.4,2026-09-03,2.87,47.7,False
1602,300124,汇川技术,59.77,-0.63,0.4,28.8,60.446964373124,0.2989828,69.68544878,-125.0,982.0,77.2,2026-09-03,-1.12,53.8,False
1603,300125,聆达股份,9.3,-0.11,0.78,121.89,9.390751032101,0.206668823529,56.6368691,181.0,4652.0,68.4,2026-09-03,-0.97,38.7,False
1604,300126,锐奇股份,6.75,1.35,0.77,-35.44,6.733651859651,0.0712304,61.43415503,905.0,3481.0,63.6,2026-09-03,0.24,39.1,False
1605,300127,银河磁体,24.8,0.49,1.09,34.14,24.655005207916,0.2408136,71.31534297,1981.0,706.0,74.4,2026-09-03,0.59,53.1,False
1606,300128,锦富技术,5.28,-2.04,2.36,-29.29,5.346313760553,0.3336252,70.57586002,1548.0,808.0,75.6,2026-09-03,-1.24,53.4,False
1607,300129,泰胜风能,7.45,1.64,0.67,201.98,7.358385971341,0.223282,60.897536,-32.0,3636.0,67.6,2026-09-03,1.25,41.2,False
1608,300130,新国都,20.73,5.77,4.44,21.7,19.821313619831,0.2075028,61.85884181,212.0,3358.0,75.6,2026-09-03,4.58,46.8,False
1609,300131,英唐智控,16.22,-0.06,2.25,-3178.15,16.096809293433,0.3948488,63.64460737,1661.0,2765.0,75.2,2026-09-03,0.77,47.9,False
1610,300132,诺斯贝尔,6.39,2.08,1.27,29.3,6.298284973338,0.2268784,64.89262002,-1566.0,2340.0,65.6,2026-09-03,1.46,42.6,False
1611,300133,华策影视,7.77,5.0,5.71,43.65,7.628984335901,0.3126744,74.75675649,218.0,275.0,86.4,2026-09-03,1.85,64.6,False
1612,300134,大富科技,8.8,1.27,0.72,-29.87,8.762403910037,0.1593316,57.67499726,-65.0,4458.0,80.8,2026-09-03,0.43,46.6,False
1613,300135,宝利国际,3.57,1.42,0.8,126.71,3.53158494605,0.1966132,60.18963915,-400.0,3847.0,69.6,2026-09-03,1.09,41.9,False
1614,300136,信维通信,57.59,-0.1,1.71,185.09,57.646243382949,0.2940776,63.3719136,-159.0,2851.0,78.4,2026-09-03,-0.1,49.7,False
1615,300137,先河环保,11.43,-0.35,0.89,-144.3,11.517023251058,0.3253548,56.05394634,56.0,4746.0,66.4,2026-09-03,-0.76,37.2,False
1616,300138,晨光生物,11.95,1.62,0.52,16.17,11.881385320662,0.2711348,70.20330953,-365.0,865.0,70.0,2026-09-03,0.58,49.1,False
1617,300139,晓程科技,52.58,-0.7,10.5,129.31,52.423468606082,0.37714,71.12025333,2238.0,741.0,84.8,2026-09-03,0.3,60.3,False
1618,300140,节能环境,5.48,1.48,0.18,14.46,5.420466849958,0.2164924,68.26899246,-68.0,1343.0,66.8,2026-09-03,1.1,45.6,False
1619,300141,和顺电气,10.56,3.33,1.73,-241.93,10.268390340427,0.1419932,56.46339837,-89.0,4676.0,70.4,2026-09-03,2.84,39.8,False
1620,300142,沃森生物,13.24,0.3,1.89,195.37,13.189408408235,0.3189048,56.48014841,-64.0,4670.0,85.6,2026-09-03,0.38,48.3,False
1621,300143,盈康生命,7.8,0.26,0.34,56.3,7.830542439472,0.2484216,70.07316065,963.0,892.0,69.2,2026-09-03,-0.39,48.5,False
1622,300144,宋城演艺,6.13,2.51,1.42,23.04,6.073652741278,0.3138888,68.1490865,-936.0,1369.0,79.6,2026-09-03,0.93,54.2,False
1623,300145,南方泵业,5.04,-2.51,5.63,25.87,5.091040545536,0.3946908,76.74596753,267.0,138.0,79.6,2026-09-03,-1.0,61.1,False
1624,300146,汤臣倍健,9.95,2.05,0.57,13.95,9.812943469183,0.268372,64.83726655,170.0,2360.0,76.4,2026-09-03,1.4,49.5,False
1625,300147,*ST香雪,6.44,2.38,0.95,-7.92,6.290919480938,0.223766,55.19509129,-107.0,4860.0,71.2,2026-09-03,2.37,39.3,False
1626,300148,天舟文化,3.66,3.98,2.62,57.38,3.581893388731,0.1980008,55.44226543,33.0,4829.0,72.4,2026-09-03,2.18,40.1,False
1627,300149,睿智医药,9.11,0.44,1.36,-74.22,9.060468042432,0.1932288,55.67962178,-567.0,4800.0,75.2,2026-09-03,0.55,41.9,False
1628,300150,世纪瑞尔,4.38,2.1,0.55,-120.96,4.344725274725,0.0778096,58.97210469,-969.0,4169.0,62.8,2026-09-03,0.81,37.0,False
1629,300151,昌红科技,16.03,0.82,1.57,211.45,15.947059490487,0.2911988,61.16312139,1203.0,3557.0,63.2,2026-09-03,0.52,38.7,False
1630,300152,*ST动力,1.72,1.78,0.72,-103.54,1.724182872162,0.2578048,58.61153663,243.0,4246.0,68.8,2026-09-03,-0.24,40.3,False
1631,300153,科泰电源,23.21,4.46,2.17,66.81,22.047802061634,0.1684596,70.96835249,1006.0,750.0,72.8,2026-09-03,5.27,51.7,False
1632,300154,瑞凌股份,12.78,-0.78,1.93,71.42,12.844386076924,0.2560348,66.88022432,-332.0,1708.0,73.6,2026-09-03,-0.5,49.2,False
1633,300155,安居宝,4.68,2.86,1.78,-44.37,4.611372006229,0.110566,60.10655206,970.0,3868.0,69.2,2026-09-03,1.49,41.6,False
1634,300157,新锦动力,4.1,1.99,2.66,-84.68,4.078810538292,0.1949336,50.7857947,-1211.0,5153.0,77.2,2026-09-03,0.52,39.2,False
1635,300158,振东制药,5.32,0.57,0.7,-28.47,5.342218698487,0.2906532,57.53526945,-103.0,4494.0,81.2,2026-09-03,-0.42,46.7,False
1636,300159,新研股份,3.1,0.0,0.72,194.4,3.106128284504,0.3138344,63.53932498,1542.0,2804.0,75.6,2026-09-03,-0.2,48.0,False
1637,300160,秀强股份,4.46,1.59,0.39,28.73,4.431377364147,0.1825116,63.61381822,-219.0,2785.0,68.8,2026-09-03,0.65,43.8,False
1638,300161,华中数控,27.11,0.74,0.49,-29.51,26.938253486788,0.1765156,55.93182194,-117.0,4766.0,80.0,2026-09-03,0.64,44.7,False
1639,300162,雷曼光电,7.82,1.03,2.31,-60.47,7.801162292798,0.2035428,57.37998958,246.0,4522.0,66.8,2026-09-03,0.24,38.3,False
1640,300163,先锋新材,7.55,-2.83,4.48,-78.49,7.779963447,0.3882232,53.78468687,31.0,4996.0,69.6,2026-09-03,-2.96,37.4,False
1641,300164,通源石油,10.26,1.28,8.73,-122.52,10.352545268487,0.2933756,57.82068501,-2809.0,4427.0,83.6,2026-09-03,-0.89,48.3,False
1642,300165,天瑞仪器,5.45,1.87,1.4,69.17,5.382092770806,0.264056,56.39529373,-79.0,4690.0,67.6,2026-09-03,1.26,38.1,False
1643,300166,东方国信,13.07,1.95,2.96,-93.39,12.827981001359,0.2633548,62.48866515,1396.0,3139.0,72.0,2026-09-03,1.89,45.0,False
1644,300167,ST迪威迅,4.13,1.98,0.4,-20.18,4.064897643098,0.2301668,56.80810011,-660.0,4622.0,64.4,2026-09-03,1.6,36.6,False
1645,300168,万达信息,5.09,2.41,0.83,-24.45,5.022530818464,0.2052004,56.59691686,-310.0,4657.0,72.8,2026-09-03,1.34,41.2,False
1646,300169,天晟新材,5.83,2.46,1.27,236.09,5.756274218508,0.1497852,64.33213465,1503.0,2531.0,70.4,2026-09-03,1.28,45.3,False
1647,300170,汉得信息,17.18,4.37,5.44,94.71,16.677830403687,0.2912764,71.96711128,-147.0,592.0,87.6,2026-09-03,3.01,63.0,False
1648,300171,东富龙,14.21,0.28,0.82,50.53,14.202830211298,0.183624,60.1784507,-1543.0,3851.0,76.4,2026-09-03,0.05,46.0,False
1649,300172,中电环保,4.71,0.86,0.74,24.85,4.700760570505,0.246648,63.78306281,1370.0,2716.0,70.0,2026-09-03,0.2,44.6,False
1650,300173,ST福能,3.35,1.82,0.36,-18.58,3.319431025771,0.2473596,51.65458,-71.0,5122.0,66.8,2026-09-03,0.92,34.5,False
1651,300174,元力股份,18.76,4.51,4.74,33.5,17.956596042114,0.2880276,63.09605892,-1687.0,2945.0,63.2,2026-09-03,4.47,39.9,False
1652,300175,朗源股份,6.02,0.84,0.39,-105.15,5.99713441542,0.2352652,59.24984182,775.0,4093.0,65.2,2026-09-03,0.38,38.6,False
1653,300176,鸿特科技,4.63,1.54,1.87,-72.61,4.608690409257,0.285702142857,63.75510546,560.0,2728.0,66.0,2026-09-03,0.46,42.1,False
1654,300177,中海达,6.55,1.39,0.81,-56.75,6.506366670375,0.1191464,58.8342074,138.0,4206.0,73.6,2026-09-03,0.67,43.3,False
1655,300179,四方达,36.73,-2.96,11.95,114.1,37.30562030593,0.3657552,76.04530901,787.0,172.0,82.0,2026-09-03,-1.54,62.4,False
1656,300180,华峰超纤,5.01,6.14,4.53,130.48,4.761220464319,0.225776,57.66193349,24.0,4462.0,78.0,2026-09-03,5.23,45.0,False
1657,300181,佐力药业,13.52,1.27,0.91,12.65,13.420787053939,0.3187536,65.19937626,-70.0,2243.0,76.4,2026-09-03,0.74,49.8,False
1658,300182,捷成股份,5.32,4.11,6.87,44.12,5.25574123254,0.3382104,65.05451096,-710.0,2290.0,86.4,2026-09-03,1.22,56.2,False
1659,300183,东软载波,10.74,1.8,0.4,-85.62,10.697269729901,0.1670876,57.79780923,-1139.0,4434.0,69.2,2026-09-03,0.4,40.0,False
1660,300184,力源信息,12.07,0.42,1.63,23.26,12.043022571448,0.2791844,65.47228062,-282.0,2144.0,74.0,2026-09-03,0.22,48.4,False
1661,300185,通裕重工,2.74,1.48,0.55,71.41,2.728532374628,0.4134292,65.52930751,1573.0,2127.0,69.6,2026-09-03,0.42,45.6,False
1662,300187,永清环保,4.8,1.91,0.82,17.76,4.731288391873,0.2222444,60.13891515,130.0,3861.0,64.4,2026-09-03,1.45,38.7,False
1663,300188,国投智能,10.56,2.82,0.77,-17.81,10.328791754148,0.2321256,61.18773508,1132.0,3549.0,77.6,2026-09-03,2.24,47.5,False
1664,300189,神农种业,7.11,1.14,22.37,-269.67,6.80032194124,0.3588636,69.77049128,2719.0,954.0,92.0,2026-09-03,4.55,64.2,False
1665,300190,维尔利,4.01,3.08,2.49,59.04,3.866708959223,0.3495768,64.63926142,2429.0,2420.0,64.0,2026-09-03,3.71,41.4,False
1666,300191,潜能恒信,37.51,3.11,4.6,51.03,36.44942886155,0.3301136,68.17338598,-1193.0,1365.0,79.6,2026-09-03,2.91,54.3,False
1667,300192,科德教育,18.73,-1.52,3.26,230.91,19.143327138786,0.3303148,71.24345627,-267.0,716.0,82.0,2026-09-03,-2.16,58.4,False
1668,300193,佳士科技,8.18,0.12,0.41,22.22,8.226668438019,0.1351536,63.16772482,-248.0,2922.0,64.8,2026-09-03,-0.57,40.9,False
1669,300194,福安药业,3.92,0.26,0.78,24.35,3.913805192666,0.2543156,59.90849757,-301.0,3936.0,70.4,2026-09-03,0.16,42.2,False
1670,300195,长荣股份,6.41,1.75,1.61,-115.97,6.365213028965,0.1234296,55.33437965,53.0,4848.0,70.0,2026-09-03,0.7,38.7,False
1671,300196,长海股份,16.68,0.24,1.65,21.8,16.714960344085,0.2037376,66.13924372,-1171.0,1925.0,66.0,2026-09-03,-0.21,43.7,False
1672,300197,节能铁汉,2.05,3.02,1.69,-1.87,2.001160917076,0.3549356,60.09398583,657.0,3872.0,73.6,2026-09-03,2.44,44.2,False
1673,300198,*ST纳川,2.47,1.65,0.26,-15.41,2.443463741498,0.295948,63.28155865,1213.0,2877.0,64.4,2026-09-03,1.09,40.8,False
1674,300199,翰宇药业,22.84,0.0,2.32,42.61,22.899748217111,0.3795704,70.12435918,-208.0,880.0,82.4,2026-09-03,-0.26,57.8,False
1675,300200,高盟新材,8.87,-1.33,1.69,36.54,8.95340714839,0.2401048,69.63487296,1369.0,995.0,67.6,2026-09-03,-0.93,47.1,False
1676,300201,海伦哲,13.73,-0.72,1.22,54.32,13.838896603236,0.388378,66.80050661,-71.0,1732.0,66.0,2026-09-03,-0.79,44.1,False
1677,300203,聚光科技,12.92,1.65,0.6,-33.67,12.889784712827,0.2091444,55.92566937,-1274.0,4768.0,66.8,2026-09-03,0.23,37.4,False
1678,300204,舒泰神,21.33,1.43,1.69,-157.03,21.021086186444,0.2664164,48.76021733,-18.0,5189.0,72.4,2026-09-03,1.47,35.3,False
1679,300205,*ST天喻,5.03,1.0,0.19,-15.03,5.010606028493,0.3759216,54.59858399,66.0,4932.0,65.6,2026-09-03,0.39,35.8,False
1680,300206,理邦仪器,11.89,1.45,0.81,17.07,11.818677788688,0.197652,65.43830693,-1455.0,2159.0,68.4,2026-09-03,0.6,44.8,False
1681,300207,欣旺达,17.19,1.24,0.76,26.35,17.035952611457,0.259174,60.34358334,-1051.0,3811.0,76.8,2026-09-03,0.9,46.3,False
1682,300209,行云科技,35.96,2.45,7.03,1389.62,35.00654539256,0.4662104,70.64495736,175.0,800.0,84.4,2026-09-03,2.72,59.6,False
1683,300210,森远股份,8.19,-0.85,0.62,-67.21,8.133933294159,0.3008244,55.45340949,356.0,4827.0,64.8,2026-09-03,0.69,35.9,False
1684,300211,*ST亿通,7.45,0.54,0.39,-63.85,7.413828884068,0.2804372,57.5001358,-266.0,4503.0,64.8,2026-09-03,0.49,37.3,False
1685,300212,*ST易录,8.17,0.99,0.61,-9.44,8.171342512686,0.2600948,53.86557028,-1641.0,4989.0,72.4,2026-09-03,-0.02,39.0,False
1686,300213,佳讯飞鸿,6.63,2.16,0.74,403.17,6.548364638857,0.201954,63.54875546,-78.0,2802.0,70.8,2026-09-03,1.25,45.0,False
1687,300214,日科化学,11.94,3.56,6.81,91.68,11.499013707087,0.272944666667,63.27021939,261.0,2880.0,75.2,2026-09-03,3.83,47.6,False
1688,300215,电科院,6.56,1.71,0.83,92.88,6.44374143407,0.1820528,62.3519834,-287.0,3186.0,74.0,2026-09-03,1.8,46.1,False
1689,300217,东方电热,4.27,0.95,0.6,76.83,4.261127443965,0.2999004,59.996942,-1292.0,3901.0,69.2,2026-09-03,0.21,41.5,False
1690,300218,安利股份,13.28,1.22,0.42,43.25,13.169091447758,0.145714,63.31122108,-1579.0,2867.0,64.8,2026-09-03,0.84,41.0,False
1691,300219,鸿利智汇,7.13,0.85,1.49,60.76,7.092439960917,0.2431932,69.16487405,1252.0,1106.0,62.8,2026-09-03,0.53,43.4,False
1692,300220,金运激光,11.7,2.01,0.76,-184.06,11.604098825297,0.0554856,58.01833463,-1109.0,4392.0,69.6,2026-09-03,0.83,40.4,False
1693,300221,银禧科技,13.62,0.52,1.68,34.55,13.601461971734,0.2831452,66.74052648,396.0,1750.0,70.4,2026-09-03,0.14,47.0,False
1694,300222,科大智能,10.37,1.17,1.53,43.23,10.239895515554,0.2491272,65.54760971,1597.0,2119.0,71.6,2026-09-03,1.27,46.9,False
1695,300223,君正股份,130.09,-1.44,2.09,27.97,131.818557779005,0.3231212,64.49638021,-518.0,2480.0,78.4,2026-09-03,-1.31,50.6,False
1696,300224,正海磁材,11.84,0.0,1.1,40.29,11.787825947508,0.3139444,74.23387833,1713.0,322.0,73.6,2026-09-03,0.44,54.6,False
1697,300225,金力泰,8.13,15.32,9.35,202.06,7.06276934588,0.3104388,59.19715129,-257.0,4110.0,65.6,2026-09-03,15.11,38.8,False
1698,300226,上海钢联,17.43,4.12,2.42,26.74,16.888877750777,0.1987404,62.42311449,-432.0,3161.0,71.6,2026-09-03,3.2,44.7,False
1699,300227,光韵达,13.68,1.26,1.88,276.2,13.47068213023,0.33847,59.15465223,-889.0,4118.0,77.2,2026-09-03,1.55,45.7,False
1700,300228,富瑞特装,7.05,1.29,1.02,33.0,6.991004943912,0.2551912,63.29589867,-2006.0,2874.0,70.4,2026-09-03,0.84,44.6,False
1701,300229,拓尔思,14.23,5.88,4.12,-36.83,13.629038577228,0.2168708,62.01385813,1164.0,3304.0,84.0,2026-09-03,4.41,52.1,False
1702,300230,永利股份,4.4,0.23,0.5,15.6,4.398610936956,0.2429544,69.69358732,-83.0,978.0,66.0,2026-09-03,0.03,46.0,False
1703,300231,银信科技,8.67,2.97,1.97,112.81,8.505901995121,0.1959052,64.51536207,1493.0,2471.0,71.6,2026-09-03,1.93,46.2,False
1704,300232,洲明科技,5.67,1.25,0.71,95.91,5.640509908632,0.2155016,59.94312933,263.0,3925.0,69.6,2026-09-03,0.52,41.7,False
1705,300233,金城医药,13.28,0.91,0.99,18.35,13.215214289388,0.2107424,64.72846507,-824.0,2397.0,73.2,2026-09-03,0.49,47.4,False
1706,300234,开尔新材,10.68,0.0,2.21,-2217.08,10.509539008168,0.4297996,64.91689576,1922.0,2332.0,62.4,2026-09-03,1.62,40.5,False
1707,300235,方直科技,11.48,1.95,0.97,249.85,11.366645149664,0.2152928,61.98453526,1032.0,3322.0,67.2,2026-09-03,1.0,41.7,False
1708,300236,上海新阳,83.18,-0.68,0.85,61.12,83.809339122504,0.302888,71.1550703,1043.0,736.0,73.2,2026-09-03,-0.75,52.1,False
1709,300237,ST美晨,2.29,4.57,1.31,-47.49,2.201550814174,0.3534704,57.06631322,-812.0,4580.0,71.6,2026-09-03,4.02,40.9,False
1710,300238,冠昊生物,11.83,2.25,0.89,118.46,11.658688747643,0.1514912,59.84703071,-757.0,3953.0,72.8,2026-09-03,1.47,43.6,False
1711,300239,东宝生物,5.13,1.38,0.42,40.71,5.083347868952,0.1163196,61.45599983,-226.0,3470.0,64.8,2026-09-03,0.92,39.8,False
1712,300240,飞力达,6.19,1.64,0.9,46.74,6.136161404532,0.1023884,59.47295082,-1693.0,4036.0,67.2,2026-09-03,0.88,40.0,False
1713,300241,瑞丰光电,5.97,1.02,1.24,39.82,5.913208943028,0.2224556,62.06568863,574.0,3282.0,66.4,2026-09-03,0.96,41.2,False
1714,300242,佳云科技,4.24,2.42,2.22,-101.02,4.196875052449,0.220008,61.4324787,662.0,3482.0,67.2,2026-09-03,1.03,41.3,False
1715,300243,瑞丰高材,15.94,-1.18,2.76,37.81,16.242872388607,0.2122308,56.78948707,-955.0,4629.0,74.4,2026-09-03,-1.86,42.3,False
1716,300244,迪安诊断,18.24,2.93,3.57,24.53,17.732442069837,0.2142656,65.79397366,-654.0,2049.0,77.2,2026-09-03,2.86,50.8,False
1717,300245,ST天玑,6.15,1.65,0.74,-19.73,6.065272296237,0.176162,59.27821228,-53.0,4083.0,69.6,2026-09-03,1.4,41.3,False
1718,300246,宝莱特,15.04,0.2,1.32,-57.7,15.103241991543,0.285803454545,59.24241383,-992.0,4097.0,70.4,2026-09-03,-0.42,41.7,False
1719,300247,融捷健康,3.78,1.07,0.52,34.37,3.762863051127,0.1803644,64.51817656,141.0,2470.0,66.0,2026-09-03,0.46,42.6,False
1720,300248,新开普,9.1,2.94,1.8,-36.95,8.958925609566,0.1534232,58.38633901,168.0,4290.0,80.0,2026-09-03,1.57,46.7,False
1721,300249,依米康,13.77,-2.06,4.19,150.35,13.961413049261,0.2859688,74.82879217,338.0,265.0,81.2,2026-09-03,-1.37,60.8,False
1722,300250,初灵信息,16.46,2.17,2.74,946.02,16.278501164657,0.1315776,61.34723373,585.0,3506.0,78.8,2026-09-03,1.11,48.3,False
1723,300251,光线传媒,11.75,3.62,2.31,522.13,11.612239383476,0.2846336,65.6507641,1398.0,2085.0,82.4,2026-09-03,1.19,54.1,False
1724,300252,金信诺,12.4,-1.35,5.22,169.74,12.878113483728,0.269132,69.29750927,-489.0,1066.0,82.4,2026-09-03,-3.71,57.1,False
1725,300253,卫宁健康,7.17,3.17,2.08,-44.74,7.020654898683,0.2633496,60.00690197,-403.0,3896.0,77.6,2026-09-03,2.13,46.6,False
1726,300254,仟源医药,8.86,2.07,1.69,265.86,8.689241570412,0.0996812,56.32718481,-98.0,4699.0,67.6,2026-09-03,1.97,38.1,False
1727,300255,常山药业,23.68,0.98,1.26,-649.2,23.477382846932,0.3366328,56.79772186,509.0,4627.0,76.8,2026-09-03,0.86,43.6,False
1728,300256,星星科技,2.88,1.41,0.53,-103.46,2.877415342187,0.1967608,63.14039404,-145.0,2935.0,79.2,2026-09-03,0.09,50.0,False
1729,300257,开山股份,18.06,1.63,1.07,46.9,17.778437581371,0.2335644,63.54355815,-1870.0,2803.0,70.4,2026-09-03,1.58,44.7,False
1730,300258,精锻科技,9.6,0.31,0.45,-102.23,9.630099304732,0.2021872,60.781328,1115.0,3675.0,64.8,2026-09-03,-0.31,39.4,False
1731,300259,新天科技,4.46,1.36,2.82,121.48,4.35868881692,0.284582,64.20354516,1590.0,2569.0,64.8,2026-09-03,2.32,41.6,False
1732,300260,新莱应材,55.22,-2.25,1.98,112.64,56.304033921385,0.2296064,62.86722858,45.0,3023.0,72.8,2026-09-03,-1.93,45.8,False
1733,300261,雅本化学,4.98,1.63,0.55,-15.05,4.944210629069,0.1974404,53.06827404,-571.0,5052.0,72.4,2026-09-03,0.72,38.4,False
1734,300263,隆华科技,10.07,-0.2,1.56,42.87,10.073288689044,0.3280408,62.88333427,-238.0,3018.0,72.8,2026-09-03,-0.03,45.8,False
1735,300264,佳创视讯,6.53,1.71,1.59,-123.38,6.439096947518,0.251076,56.02582845,389.0,4752.0,66.0,2026-09-03,1.41,37.0,False
1736,300265,通光线缆,13.9,1.46,1.63,-165.79,13.78293066548,0.1886232,54.05926735,-276.0,4973.0,70.0,2026-09-03,0.85,37.8,False
1737,300266,兴源环境,1.92,1.59,0.49,-14.31,1.899767318533,0.1896784,55.49202863,-101.0,4817.0,64.4,2026-09-03,1.07,35.7,False
1738,300267,尔康制药,3.29,0.61,0.89,76.3,3.280554856572,0.2608608,56.99683119,-281.0,4587.0,69.6,2026-09-03,0.29,39.7,False
1739,300268,佳沃食品,13.02,2.92,1.07,-298.83,12.794241061794,0.0957508,59.3360096,850.0,4069.0,65.6,2026-09-03,1.76,38.9,False
1740,300269,联建光电,5.13,1.79,0.97,-53.36,5.079701177259,0.1870836,55.72049265,-26.0,4796.0,66.4,2026-09-03,0.99,37.0,False
1741,300270,中威电子,11.38,2.06,1.71,187.35,11.246458079065,0.2223568,54.93968779,-129.0,4885.0,69.6,2026-09-03,1.19,38.2,False
1742,300271,华宇软件,5.92,3.32,1.25,-42.27,5.795299876468,0.2172928,64.91545173,1306.0,2333.0,72.8,2026-09-03,2.15,47.3,False
1743,300272,开能健康,5.87,0.86,0.7,44.42,5.835446461385,0.1331504,59.96002252,-1676.0,3919.0,67.2,2026-09-03,0.59,40.3,False
1744,300274,阳光电源,88.92,2.11,1.65,17.53,86.990305632482,0.4061696,69.83218055,583.0,943.0,91.2,2026-09-03,2.22,63.7,False
1745,300275,梅安森,9.23,1.99,0.66,54.52,9.15411716792,0.1200796,64.03626593,1081.0,2631.0,65.6,2026-09-03,0.83,42.0,False
1746,300276,三丰智能,6.43,0.78,0.73,287.94,6.448317139395,0.176192,53.68496963,89.0,5008.0,70.4,2026-09-03,-0.28,37.8,False
1747,300277,汽轮科技,13.36,8.53,3.42,39.82,12.310128813906,0.2843136,69.94427737,1030.0,915.0,71.6,2026-09-03,8.53,50.1,False
1748,300278,华昌达,3.69,1.65,0.44,-136.08,3.64902347996,0.2003668,55.56563908,28.0,4813.0,67.2,2026-09-03,1.12,37.3,False
1749,300279,和晶科技,5.91,2.07,0.87,89.31,5.838494500842,0.1662972,58.30214325,-188.0,4315.0,66.4,2026-09-03,1.22,38.7,False
1750,300281,金明精机,6.92,1.02,0.83,187.57,6.825468760616,0.2306352,70.48551868,2105.0,819.0,66.0,2026-09-03,1.38,46.5,False
1751,300283,温州宏丰,13.04,-0.53,3.56,35.09,13.041711101533,0.2667332,64.53924231,1912.0,2459.0,68.8,2026-09-03,-0.01,44.4,False
1752,300284,苏交科,5.29,2.12,0.75,41.96,5.206112241118,0.1766804,56.55717632,88.0,4661.0,70.4,2026-09-03,1.61,39.8,False
1753,300285,国瓷材料,61.57,-3.24,4.32,84.61,63.707439986523,0.3931012,71.44889224,722.0,680.0,87.2,2026-09-03,-3.36,62.3,False
1754,300286,安科瑞,20.4,3.45,1.63,23.5,19.769790669937,0.1865784,61.7708233,-354.0,3375.0,62.8,2026-09-03,3.19,38.8,False
1755,300287,飞利信,3.76,2.73,1.35,-45.88,3.69772605444,0.2211588,55.45401701,41.0,4826.0,73.6,2026-09-03,1.68,40.8,False
1756,300288,朗玛信息,10.27,2.91,1.06,-347.84,10.088778674428,0.164198,62.5295082,311.0,3132.0,70.4,2026-09-03,1.8,44.0,False
1757,300289,利德曼,5.96,1.36,0.37,-227.91,5.9122224848,0.1282736,57.61688377,-1312.0,4473.0,64.8,2026-09-03,0.81,37.3,False
1758,300290,ST荣科,5.74,-2.05,1.6,-12.07,5.848425816033,0.232423921569,58.9559897,796.0,4173.0,68.4,2026-09-03,-1.85,40.3,False
1759,300291,百纳千成,5.5,5.16,4.44,-876.96,5.380921905016,0.229704,63.26557478,885.0,2882.0,75.2,2026-09-03,2.21,47.6,False
1760,300292,吴通控股,4.37,1.39,1.33,38.93,4.3435140372,0.293622,63.93729717,-654.0,2673.0,70.4,2026-09-03,0.61,45.0,False
1761,300293,蓝英装备,15.15,1.13,0.33,-126.47,15.040822023741,0.1219368,58.17160619,697.0,4346.0,70.0,2026-09-03,0.73,40.7,False
1762,300294,博雅生物,14.59,1.18,0.49,71.86,14.477961289058,0.181392,54.04870606,-1.0,4976.0,68.8,2026-09-03,0.77,37.2,False
1763,300295,*ST三六,12.15,-0.41,0.87,445.62,12.272383536445,0.2363492,58.68183505,-410.0,4234.0,66.8,2026-09-03,-1.0,39.2,False
1764,300296,利亚德,5.15,2.18,1.25,100.99,5.076975450238,0.2730828,60.19600274,197.0,3846.0,72.0,2026-09-03,1.44,43.3,False
1765,300298,三诺生物,16.08,2.29,0.54,20.23,15.792061116968,0.0707684,64.20575484,-302.0,2568.0,70.0,2026-09-03,1.82,44.9,False
1766,300299,富春股份,5.74,3.99,2.23,59.38,5.605013890217,0.2067624,57.42019014,-14.0,4518.0,78.8,2026-09-03,2.41,45.2,False
1767,300300,海峡创新,8.9,13.09,11.01,-94.61,7.899623493599,0.222526,62.21087401,-1679.0,3228.0,76.0,2026-09-03,12.66,47.3,False
1768,300301,ST长方,3.53,0.86,0.44,-33.88,3.54682507095,0.3568016,53.79716599,-1727.0,4995.0,63.6,2026-09-03,-0.47,34.2,False
1769,300302,同有科技,27.92,-0.71,2.73,25.95,28.254270521398,0.2290424,61.80323332,-84.0,3368.0,77.2,2026-09-03,-1.18,47.7,False
1770,300303,聚飞光电,7.0,1.6,1.47,58.08,6.935685736638,0.2453272,62.03243368,132.0,3295.0,70.0,2026-09-03,0.93,43.4,False
1771,300304,云意电气,12.15,2.27,2.83,31.84,11.931408984587,0.3150104,73.24203995,103.0,419.0,71.6,2026-09-03,1.83,52.4,False
1772,300305,裕兴股份,6.46,0.0,1.09,-13.93,6.393198321868,0.1727576,60.0474082,770.0,3888.0,65.6,2026-09-03,1.04,39.4,False
1773,300306,远方信息,10.51,1.35,0.7,43.5,10.469266732515,0.0696624,62.27247673,-20.0,3208.0,65.2,2026-09-03,0.39,40.6,False
1774,300307,慈星股份,7.51,0.67,1.01,17.35,7.429455489765,0.203504,64.08143054,214.0,2609.0,70.4,2026-09-03,1.08,45.1,False
1775,300308,中际旭创,826.86,1.7,0.97,35.67,817.4015873966,0.5914744,74.63881791,14.0,284.0,91.2,2026-09-03,1.16,68.1,False
1776,300310,宜通世纪,4.6,2.68,2.15,-171.16,4.526789549523,0.2416184,64.53226002,1466.0,2463.0,70.4,2026-09-03,1.62,45.4,False
1777,300311,任子行,5.63,2.74,3.55,-39.5,5.50453832098,0.207964705882,58.0682022,242.0,4373.0,83.2,2026-09-03,2.28,48.3,False
1778,300313,天山生物,14.02,3.77,7.63,397.58,13.827828264515,0.2357864,55.72201693,157.0,4795.0,78.0,2026-09-03,1.39,43.5,False
1779,300314,戴维医疗,11.75,1.29,1.47,70.24,11.699371250356,0.1232744,56.33529156,-205.0,4698.0,73.2,2026-09-03,0.43,41.2,False
1780,300315,掌趣科技,4.15,3.49,2.06,154.95,4.070535107999,0.2832584,55.83575804,-225.0,4781.0,76.4,2026-09-03,1.95,42.7,False
1781,300316,晶盛机电,42.42,-0.54,0.22,119.6,42.680087151805,0.24009,64.3086685,-1146.0,2537.0,75.2,2026-09-03,-0.61,48.4,False
1782,300317,珈伟新能,4.23,2.67,2.32,-183.78,4.165210863453,0.2440712,53.24107914,-141.0,5037.0,73.2,2026-09-03,1.56,39.0,False
1783,300318,博晖创新,5.09,1.39,0.39,-133.21,5.042837884239,0.2394204,60.90311159,-223.0,3635.0,69.6,2026-09-03,0.94,42.4,False
1784,300319,麦捷科技,18.74,-2.9,6.94,55.09,19.480376216737,0.3170232,59.43380282,150.0,4049.0,88.4,2026-09-03,-3.8,52.5,False
1785,300320,海达股份,8.32,0.48,0.4,18.91,8.331339976704,0.2373044,62.91554844,-238.0,3002.0,64.4,2026-09-03,-0.14,40.5,False
1786,300321,同大股份,32.34,-1.43,1.78,326.9,33.519242353582,0.175306,56.77514463,-2163.0,4630.0,62.8,2026-09-03,-3.52,35.7,False
1787,300322,硕贝德,18.43,-2.74,5.05,167.66,18.685665264885,0.292578,73.22056212,1403.0,420.0,76.4,2026-09-03,-1.37,55.9,False
1788,300323,华灿光电,11.2,-0.18,2.34,4427.14,11.248298178499,0.2380964,57.30916023,92.0,4535.0,70.8,2026-09-03,-0.43,40.6,False
1789,300324,旋极信息,3.65,1.67,0.66,-22.39,3.622730775647,0.190844,53.51791575,-104.0,5020.0,72.8,2026-09-03,0.75,39.0,False
1790,300326,ST凯利,6.34,1.12,0.49,16.97,6.265165239508,0.331646,63.16881206,-271.0,2921.0,67.2,2026-09-03,1.19,42.4,False
1791,300327,中颖电子,25.19,1.25,1.39,60.56,24.761087891989,0.3256456,63.99540932,1500.0,2649.0,74.8,2026-09-03,1.73,47.9,False
1792,300328,宜安科技,16.16,1.13,4.01,-105.39,15.986054434346,0.2780632,52.4580826,-21.0,5083.0,84.4,2026-09-03,1.09,44.3,False
1793,300329,海伦钢琴,12.04,0.17,0.4,-30.84,12.160958956073,0.25011,52.28386871,-26.0,5092.0,65.6,2026-09-03,-0.99,34.3,False
1794,300331,苏大维格,48.05,-3.07,2.99,125.37,49.403900107977,0.357378,71.19011909,2268.0,727.0,70.4,2026-09-03,-2.74,50.1,False
1795,300332,天壕能源,5.12,2.61,1.56,30.14,5.019547125021,0.226706949153,57.90520288,-2624.0,4407.0,71.2,2026-09-03,2.0,41.2,False
1796,300333,兆日科技,12.5,4.87,11.62,45.13,12.090530866685,0.232613333333,53.61731215,50.0,5013.0,85.6,2026-09-03,3.39,45.9,False
1797,300334,津膜科技,8.1,2.79,1.44,-161.11,7.96396300388,0.1731436,58.56418198,574.0,4255.0,60.4,2026-09-03,1.71,35.4,False
1798,300335,迪森股份,5.71,1.78,1.21,29.01,5.675930185832,0.2026088,56.12105687,-844.0,4732.0,67.6,2026-09-03,0.6,37.9,False
1799,300337,银邦股份,10.05,1.11,0.89,46.65,9.962908828802,0.1806516,57.30887124,-46.0,4536.0,72.4,2026-09-03,0.87,41.5,False
1800,300338,*ST开元,3.16,0.96,0.46,-17.87,3.174233541003,0.1652624,59.88926932,-1962.0,3939.0,63.2,2026-09-03,-0.45,37.9,False
1801,300339,润和软件,35.73,1.79,1.45,172.13,35.301422723833,0.2476532,61.4354168,-321.0,3480.0,78.0,2026-09-03,1.21,47.9,False
1802,300340,科恒股份,9.04,0.89,0.52,-37.02,9.070531159077,0.1653384,62.87766013,621.0,3020.0,72.0,2026-09-03,-0.34,45.3,False
1803,300341,麦克奥迪,13.21,2.4,0.35,30.92,12.999301397875,0.1045156,64.51088089,-108.0,2473.0,67.2,2026-09-03,1.62,43.4,False
1804,300342,天银机电,32.93,1.64,1.32,281.9,32.38615666104,0.1981592,59.08029296,-1393.0,4143.0,72.4,2026-09-03,1.68,42.8,False
1805,300343,联创股份,5.7,0.53,0.53,107.39,5.692906559607,0.3339532,54.80890941,10.0,4910.0,69.6,2026-09-03,0.12,38.1,False
1806,300345,华民股份,7.67,0.13,2.74,-17.86,7.70509685717,0.2740532,56.02449116,317.0,4753.0,70.0,2026-09-03,-0.46,39.2,False
1807,300346,南大光电,51.97,-0.63,1.63,70.21,52.364153493751,0.2846196,60.6718184,-110.0,3716.0,76.4,2026-09-03,-0.75,46.4,False
1808,300347,泰格医药,50.14,-0.93,0.68,-52.25,50.333525933072,0.317988,70.17625918,-125.0,868.0,83.2,2026-09-03,-0.38,58.4,False
1809,300348,长亮科技,10.7,6.15,3.91,-97.33,10.165014480117,0.1699088,59.63128594,80.0,4002.0,79.2,2026-09-03,5.26,47.2,False
1810,300349,金卡智能,10.5,1.94,0.94,26.73,10.368567049118,0.2141472,67.05839138,1394.0,1665.0,66.8,2026-09-03,1.27,44.8,False
1811,300350,华鹏飞,4.49,2.05,1.09,-128.61,4.444774576105,0.1618048,53.82595439,-95.0,4992.0,67.2,2026-09-03,1.02,36.2,False
1812,300351,永贵电器,14.85,-0.47,2.69,-180.6,14.859786272869,0.2394976,70.45073642,1512.0,824.0,69.2,2026-09-03,-0.07,48.8,False
1813,300352,ST信源,2.7,2.27,1.09,-17.44,2.666630190511,0.27839,54.94200825,-2191.0,4884.0,74.4,2026-09-03,1.25,40.9,False
1814,300353,东土科技,16.9,0.72,0.99,-198.54,16.819746018813,0.2769772,53.13520567,88.0,5044.0,70.8,2026-09-03,0.48,37.6,False
1815,300354,东华测试,28.54,3.03,1.22,50.72,27.820897151213,0.0967252,63.62996744,-5.0,2775.0,64.4,2026-09-03,2.58,41.0,False
1816,300355,蒙草生态,2.97,2.77,1.05,-32.75,2.931728860407,0.2357652,56.41762776,-1385.0,4686.0,72.8,2026-09-03,1.31,41.1,False
1817,300357,我武生物,22.71,0.71,0.42,27.85,22.65118268117,0.2548744,66.71980951,-108.0,1754.0,76.4,2026-09-03,0.26,51.0,False
1818,300358,楚天科技,8.55,1.54,1.74,21.04,8.510842256057,0.2935396,64.35144485,-498.0,2524.0,73.6,2026-09-03,0.46,47.4,False
1819,300359,全通教育,4.27,2.15,1.75,-32.55,4.25929067515,0.174406,58.02643849,-318.0,4388.0,68.4,2026-09-03,0.25,39.7,False
1820,300360,炬华科技,11.66,1.92,0.61,16.97,11.504802529429,0.2218748,68.08643779,-27.0,1380.0,66.4,2026-09-03,1.35,45.2,False
1821,300363,博腾股份,19.64,2.13,3.27,-23.8,18.970483022756,0.232944,68.83071904,654.0,1182.0,80.8,2026-09-03,3.53,55.6,False
1822,300364,中文在线,26.13,4.23,14.08,-221.37,26.017142562613,0.3258172,70.2873245,-525.0,851.0,92.0,2026-09-03,0.43,64.7,False
1823,300365,恒华科技,4.87,1.88,1.14,-46.91,4.805105136863,0.245022,61.57611951,-34.0,3434.0,66.0,2026-09-03,1.35,40.6,False
1824,300366,ST创意,5.63,2.93,0.89,-14.29,5.417078611695,0.3253024,61.8598884,135.0,3355.0,71.2,2026-09-03,3.93,44.0,False
1825,300368,汇金股份,10.17,2.94,9.83,-116.8,10.155216886681,0.2697852,58.0530468,-303.0,4379.0,89.2,2026-09-03,0.15,51.8,False
1826,300369,绿盟科技,7.93,2.72,4.69,-24.91,7.66662873217,0.2941588,70.88892881,3233.0,755.0,77.2,2026-09-03,3.44,54.7,False
1827,300370,安控科技,2.27,1.79,0.39,-36.36,2.253684839421,0.1956028,54.9334858,-2079.0,4887.0,72.8,2026-09-03,0.72,40.0,False
1828,300371,汇中股份,10.55,1.93,0.89,67.18,10.434135375121,0.0410844,59.52164229,306.0,4026.0,62.8,2026-09-03,1.11,37.4,False
1829,300373,扬杰科技,88.61,-0.42,0.86,31.23,89.509646760637,0.2990564,62.10697615,-47.0,3265.0,76.8,2026-09-03,-1.01,47.7,False
1830,300374,中铁装配,11.3,1.8,0.56,-28.55,11.200654706517,0.1678952,61.72499309,-327.0,3388.0,69.2,2026-09-03,0.89,42.7,False
1831,300375,鹏翎股份,4.29,1.18,1.01,95.06,4.26890829313,0.1763156,56.88418647,64.0,4608.0,67.2,2026-09-03,0.49,38.2,False
1832,300376,易事特,4.46,1.59,0.33,-35.32,4.415193008972,0.1853704,55.38314115,-538.0,4839.0,70.4,2026-09-03,1.01,39.0,False
1833,300377,赢时胜,15.49,3.47,5.15,-74.21,15.168336193487,0.2782508,61.88419372,-431.0,3340.0,80.8,2026-09-03,2.12,50.0,False
1834,300378,鼎捷数智,40.52,5.58,8.7,29.2,38.91791835027,0.2304804,71.27473072,-239.0,713.0,87.6,2026-09-03,4.12,62.4,False
1835,300380,安硕信息,31.2,2.97,2.65,168.43,30.687440888877,0.1604116,63.63944326,209.0,2768.0,76.8,2026-09-03,1.67,48.9,False
1836,300381,溢多利,5.61,1.63,1.27,-276.6,5.545706817569,0.227552,57.46942766,542.0,4508.0,64.0,2026-09-03,1.16,36.8,False
1837,300382,斯莱克,17.94,-2.55,2.34,-73.29,18.337838327607,0.4150896,67.48204943,2483.0,1544.0,67.2,2026-09-03,-2.17,45.3,False
1838,300383,光环新网,12.3,0.82,1.32,181.66,12.172519939407,0.2992228,60.96662529,1118.0,3617.0,76.8,2026-09-03,1.05,46.8,False
1839,300384,三联虹普,12.22,2.69,0.71,25.15,12.008143752304,0.14799,61.23583059,-393.0,3535.0,65.2,2026-09-03,1.76,39.9,False
1840,300385,ST雪浪,14.19,1.65,1.52,-26.36,14.020803187422,0.3007236,57.5456569,-2537.0,4491.0,65.2,2026-09-03,1.21,37.5,False
1841,300386,飞天诚信,12.82,4.91,8.08,-44.17,12.428708506285,0.192788,58.12306681,-9.0,4362.0,84.4,2026-09-03,3.15,49.1,False
1842,300387,富邦科技,7.74,1.98,1.12,20.28,7.659153311862,0.1664204,68.36325665,935.0,1314.0,71.6,2026-09-03,1.06,48.9,False
1843,300388,节能国祯,7.03,1.01,0.21,11.83,6.986293112711,0.1235816,62.5732614,-224.0,3108.0,66.4,2026-09-03,0.63,41.5,False
1844,300389,艾比森,13.05,1.95,0.89,16.65,12.870004538853,0.1028688,66.17453388,-225.0,1913.0,66.8,2026-09-03,1.4,44.2,False
1845,300390,天华新能,59.58,-0.72,1.23,10.8,60.512023233605,0.2985144,67.89420152,-298.0,1442.0,78.4,2026-09-03,-1.54,53.2,False
1846,300393,中来股份,6.2,2.14,1.38,-9.79,6.135597245296,0.2128336,49.70664915,-20.0,5175.0,70.0,2026-09-03,1.05,34.8,False
1847,300394,天孚通信,255.25,2.59,2.3,115.6,247.912474305496,0.4186772,75.0296332,-96.0,248.0,88.0,2026-09-03,2.96,66.0,False
1848,300395,菲利华,92.14,-0.37,1.52,82.16,92.19404806607,0.361742,70.59786187,-618.0,805.0,82.8,2026-09-03,-0.06,58.5,False
1849,300396,ST迪瑞,7.28,1.68,0.35,130.66,7.209460627319,0.2131812,59.82124925,868.0,3959.0,64.8,2026-09-03,0.98,38.8,False
1850,300397,天和防务,11.24,2.0,1.98,-209.81,11.057771610132,0.2540168,59.68713683,-1896.0,3988.0,76.0,2026-09-03,1.65,45.4,False
1851,300398,飞凯材料,33.1,-1.95,2.15,35.32,33.63196089427,0.2701444,66.55346694,-168.0,1795.0,72.8,2026-09-03,-1.58,48.5,False
1852,300399,天利科技,20.81,2.11,3.95,159.32,20.692154972239,0.2167036,73.20593901,1802.0,423.0,78.4,2026-09-03,0.57,57.4,False
1853,300400,劲拓股份,33.85,0.59,4.65,71.68,31.994481139307,0.3145228,77.31204909,550.0,120.0,77.6,2026-09-03,5.8,60.0,False
1854,300401,花园生物,15.0,-3.35,4.16,30.97,15.029645517722,0.3388496,72.89257326,2266.0,467.0,69.6,2026-09-03,-0.2,50.7,False
1855,300402,宝色股份,15.46,1.58,0.41,67.79,15.372129640014,0.1200044,61.87211931,-1642.0,3346.0,69.6,2026-09-03,0.57,43.1,False
1856,300403,汉宇集团,9.42,0.64,0.57,31.86,9.408131386138,0.1697888,68.6325326,1625.0,1235.0,69.6,2026-09-03,0.13,47.8,False
1857,300404,博济医药,12.63,0.16,5.21,65.48,12.70476935807,0.2068272,63.35049749,0.0,2861.0,79.6,2026-09-03,-0.59,50.4,False
1858,300405,科隆股份,5.96,1.53,1.19,121.21,5.936312948044,0.0749724,57.80677242,-1281.0,4430.0,65.6,2026-09-03,0.4,37.9,False
1859,300406,九强生物,11.88,1.28,0.56,16.56,11.722537709638,0.191858,68.87855731,282.0,1169.0,69.2,2026-09-03,1.34,47.7,False
1860,300407,凯发电气,11.87,1.02,0.61,133.94,11.864138336176,0.1702892,68.35614788,1532.0,1316.0,63.2,2026-09-03,0.05,43.2,False
1861,300408,三环集团,110.13,-0.7,0.99,56.91,111.468596038489,0.4342692,76.74244559,986.0,139.0,87.2,2026-09-03,-1.2,66.9,False
1862,300409,道氏技术,17.79,0.91,0.88,23.98,17.660417763781,0.191604,61.48478864,-55.0,3458.0,73.2,2026-09-03,0.73,45.0,False
1863,300410,正业科技,8.05,0.5,1.78,68.76,8.027713128276,0.1593336,61.8610063,200.0,3353.0,68.8,2026-09-03,0.28,42.6,False
1864,300411,金盾股份,8.39,2.94,1.43,493.01,8.281997866956,0.1595092,56.33571484,-2738.0,4697.0,76.4,2026-09-03,1.3,43.0,False
1865,300412,迦南科技,4.64,1.53,0.7,-553.41,4.612611321185,0.110202,58.28723682,-182.0,4319.0,66.4,2026-09-03,0.59,38.7,False
1866,300413,芒果超媒,22.24,10.37,17.48,103.14,21.326638104281,0.4275788,70.65195516,-21.0,798.0,93.6,2026-09-03,4.28,66.1,False
1867,300414,中光防雷,11.35,0.98,1.46,153.57,11.302206326411,0.180768,60.08485835,-2172.0,3875.0,76.4,2026-09-03,0.42,45.9,False
1868,300415,伊之密,19.53,0.77,0.31,14.28,19.338948672043,0.1583448,66.27667784,-90.0,1887.0,64.8,2026-09-03,0.99,42.9,False
1869,300416,苏试试验,14.47,1.26,1.09,28.42,14.334907315478,0.2249956,65.65935331,84.0,2084.0,66.4,2026-09-03,0.94,43.6,False
1870,300417,南华仪器,12.07,2.2,1.3,739.24,11.97858245928,0.0924908,62.5472539,324.0,3126.0,65.6,2026-09-03,0.76,41.0,False
1871,300418,昆仑万维,46.55,5.17,6.51,27.49,44.931638203232,0.3862944,74.9595906,610.0,254.0,90.4,2026-09-03,3.6,67.8,False
1872,300419,ST浩丰,9.35,0.21,0.68,-74.96,9.541353489781,0.3776176,56.84783261,-1826.0,4615.0,66.8,2026-09-03,-2.01,38.0,False
1873,300420,五洋自控,8.23,-6.37,8.43,-1407.91,8.819310375959,0.4055416,69.25688033,579.0,1080.0,75.6,2026-09-03,-6.68,52.4,False
1874,300421,力星股份,16.77,-0.06,0.72,116.22,16.882000307769,0.1625188,58.84645833,236.0,4201.0,66.4,2026-09-03,-0.66,39.1,False
1875,300422,博世科,4.23,2.17,1.03,-31.15,4.187840642464,0.129338,53.74551297,-749.0,5001.0,62.8,2026-09-03,1.01,33.8,False
1876,300423,昇辉科技,5.97,3.29,1.62,-15.01,5.842657288909,0.1331588,50.69976357,-8.0,5155.0,64.8,2026-09-03,2.18,32.9,False
1877,300424,航新科技,13.93,0.8,1.14,-105.86,13.756909239363,0.221002,59.52729545,91.0,4024.0,68.4,2026-09-03,1.26,40.7,False
1878,300425,中建环能,4.12,0.98,0.38,197.03,4.104786616118,0.2180084,66.46404055,-66.0,1835.0,65.2,2026-09-03,0.37,43.3,False
1879,300426,华智数媒,7.27,3.27,4.1,38.43,7.259335961257,0.2106272,63.23932913,1217.0,2896.0,77.6,2026-09-03,0.15,49.1,False
1880,300427,红相股份,6.96,4.82,3.52,-108.23,6.631599021673,0.1736584,59.44224066,658.0,4048.0,69.2,2026-09-03,4.95,41.1,False
1881,300428,立中集团,20.18,0.15,0.48,11.99,20.165267713698,0.1433864,70.43729645,-23.0,828.0,74.8,2026-09-03,0.07,52.7,False
1882,300429,强力新材,11.18,0.18,1.39,-49.83,11.234409613576,0.1745196,55.12686069,15.0,4869.0,74.0,2026-09-03,-0.48,40.8,False
1883,300430,*ST益通,4.68,1.3,1.3,-21.98,4.714704423502,0.218506,56.45181237,441.0,4681.0,65.6,2026-09-03,-0.74,37.0,False
1884,300432,富临精工,14.18,-0.63,0.96,43.0,14.147600634656,0.291046,71.02762716,2223.0,745.0,74.4,2026-09-03,0.23,52.8,False
1885,300433,蓝思科技,35.85,-0.06,0.77,164.04,36.080633890918,0.3595732,68.73859241,232.0,1206.0,81.2,2026-09-03,-0.64,55.8,False
1886,300434,金石亚药,11.14,0.18,1.78,23.44,11.118019246102,0.2459044,67.7945997,-50.0,1466.0,71.2,2026-09-03,0.2,48.3,False
1887,300435,中泰股份,17.24,0.12,1.29,25.48,17.135273318799,0.2342908,69.70102505,-124.0,973.0,70.0,2026-09-03,0.61,48.8,False
1888,300436,广生堂,90.89,-0.51,1.05,-112.06,90.716793266586,0.3859056,61.48997584,1353.0,3456.0,68.8,2026-09-03,0.19,42.3,False
1889,300437,清水源,11.62,1.13,1.57,-809.55,11.566546076849,0.1683872,59.20607097,-188.0,4107.0,68.4,2026-09-03,0.46,40.5,False
1890,300438,鹏辉能源,56.04,0.07,1.4,17.27,56.143233556289,0.2707308,67.95843834,1540.0,1424.0,74.8,2026-09-03,-0.18,50.8,False
1891,300439,美康生物,9.39,0.64,0.44,29.09,9.374688798322,0.0819812,60.66579326,-488.0,3721.0,67.6,2026-09-03,0.16,41.0,False
1892,300440,运达科技,20.1,-0.45,0.8,-484.61,20.219980469266,0.4509644,65.26760156,-1180.0,2213.0,64.4,2026-09-03,-0.59,42.0,False
1893,300441,鲍斯股份,7.03,0.72,0.26,21.62,7.028035473456,0.2107752,62.51976565,-1882.0,3136.0,68.4,2026-09-03,0.03,42.8,False
1894,300442,润泽科技,64.49,0.12,0.52,43.97,64.393911522197,0.3229096,69.53427596,18.0,1020.0,86.8,2026-09-03,0.15,60.4,False
1895,300443,金雷股份,18.98,1.71,0.74,21.31,18.70479624624,0.16839,63.71375094,-667.0,2744.0,68.0,2026-09-03,1.47,43.3,False
1896,300444,双杰电气,10.0,8.81,7.39,17.18,9.247802491878,0.2294804,60.84993876,1093.0,3652.0,74.4,2026-09-03,8.13,45.3,False
1897,300445,康斯特,18.67,0.65,0.89,26.44,18.600302376024,0.1742392,67.91289164,781.0,1437.0,63.2,2026-09-03,0.37,42.9,False
1898,300446,航天智造,13.35,1.21,0.28,23.23,13.270229994977,0.1802888,67.12081414,-1031.0,1645.0,69.6,2026-09-03,0.6,46.7,False
1899,300447,全信股份,14.54,1.47,0.84,86.69,14.427964433873,0.1120656,60.97154146,-2755.0,3615.0,71.2,2026-09-03,0.78,43.4,False
1900,300448,浩云科技,5.86,1.03,1.04,-236.45,5.907040742433,0.2362936,64.89242507,492.0,2341.0,67.6,2026-09-03,-0.8,43.9,False
1901,300449,汉邦高科,7.09,0.42,1.46,-78.04,7.218048120361,0.128762,55.93721878,-1352.0,4765.0,66.0,2026-09-03,-1.77,36.9,False
1902,300450,先导智能,32.3,0.65,0.72,28.28,32.058120807174,0.3082664,67.21962867,1420.0,1618.0,74.8,2026-09-03,0.75,50.3,False
1903,300451,创业慧康,3.58,3.17,1.22,-14.07,3.512982227835,0.2202324,54.73083669,-152.0,4919.0,70.8,2026-09-03,1.91,38.7,False
1904,300452,山河药辅,13.01,0.85,0.8,15.86,12.930288512018,0.194964,65.36477683,-1603.0,2183.0,70.4,2026-09-03,0.62,46.0,False
1905,300453,三鑫医疗,9.36,1.08,0.52,18.49,9.293602323156,0.221022,64.08962293,-637.0,2607.0,69.2,2026-09-03,0.71,44.4,False
1906,300454,深信服,137.78,1.95,4.37,128.57,136.041383094475,0.3693836,75.74152739,174.0,196.0,85.6,2026-09-03,1.28,64.8,False
1907,300455,航天智装,17.95,2.28,0.33,2518.09,17.665559077495,0.1247736,56.1339299,-1017.0,4728.0,70.8,2026-09-03,1.61,39.7,False
1908,300456,赛微电子,39.26,1.11,3.47,5.32,39.00693795134,0.266316,60.28383213,-3132.0,3824.0,92.8,2026-09-03,0.65,55.9,False
1909,300457,赢合科技,21.77,2.5,1.05,20.02,21.099397664421,0.3071948,73.44171535,835.0,399.0,75.6,2026-09-03,3.18,55.5,False
1910,300458,全志科技,32.57,-0.58,1.78,33.01,33.023150953628,0.2527132,65.82050165,-491.0,2035.0,84.4,2026-09-03,-1.37,55.6,False
1911,300459,汤姆猫,3.81,4.1,2.74,129.82,3.733527828914,0.2740312,56.97649054,-44.0,4593.0,82.0,2026-09-03,2.05,46.7,False
1912,300460,ST惠伦,8.86,0.91,0.29,-32.74,8.820750450045,0.1696508,53.33518623,-499.0,5030.0,67.2,2026-09-03,0.44,35.8,False
1913,300461,田中精机,30.97,-2.88,1.49,-144.7,31.308543872831,0.19061,57.25047462,9.0,4548.0,67.2,2026-09-03,-1.08,38.5,False
1914,300462,ST华铭,11.63,1.04,0.18,-23.49,11.619510600707,0.1227812,55.4223915,99.0,4834.0,63.2,2026-09-03,0.09,35.0,False
1915,300463,迈克生物,9.3,1.53,0.39,82.08,9.174833705513,0.2243096,59.87668312,-18.0,3943.0,70.0,2026-09-03,1.36,41.9,False
1916,300464,星徽股份,7.85,-0.51,2.03,314.38,7.966821212657,0.3148156,62.01756869,-1102.0,3302.0,69.6,2026-09-03,-1.47,43.2,False
1917,300465,高伟达,12.81,6.31,5.04,309.3,12.218085056681,0.1908616,59.091445,508.0,4140.0,77.2,2026-09-03,4.84,45.6,False
1918,300466,赛摩智能,7.52,1.21,0.47,162.11,7.469295196217,0.1251448,63.16923017,1277.0,2920.0,68.8,2026-09-03,0.68,43.5,False
1919,300467,迅游科技,35.5,-0.14,0.84,365.21,35.308663399164,0.2717584,57.4353198,-129.0,4516.0,72.0,2026-09-03,0.54,41.4,False
1920,300468,四方精创,28.8,20.0,20.7,210.25,24.350091579946,0.2914416,63.28044769,-1032.0,2878.0,91.2,2026-09-03,18.27,57.7,False
1921,300469,信息发展,55.95,2.14,1.22,-104.33,54.830063474821,0.3587088,61.64186613,1474.0,3416.0,73.2,2026-09-03,2.04,45.1,False
1922,300470,中密控股,28.17,1.81,0.46,21.72,27.685315816265,0.293432,64.29279354,-219.0,2540.0,67.2,2026-09-03,1.75,43.2,False
1923,300471,厚普股份,9.88,1.75,0.6,27.97,9.778023024024,0.1372224,62.61143579,-2113.0,3094.0,77.2,2026-09-03,1.04,48.3,False
1924,300472,ST新元,7.11,-1.11,0.94,-31.55,7.235852524462,0.27349627451,55.91318539,-331.0,4770.0,64.8,2026-09-03,-1.74,36.2,False
1925,300473,德尔股份,27.34,-0.15,1.47,24.83,27.430706800574,0.2134944,70.75396126,864.0,779.0,79.2,2026-09-03,-0.33,56.0,False
1926,300474,景嘉微,51.24,1.63,0.65,-124.04,50.422678835016,0.2502692,56.74803264,75.0,4637.0,79.6,2026-09-03,1.62,45.2,False
1927,300475,香农芯创,169.29,-3.6,3.88,10.91,175.275901681802,0.4449568,82.55885996,56.0,13.0,90.8,2026-09-03,-3.42,75.0,False
1928,300476,胜宏科技,224.5,0.9,1.25,38.62,223.422264343333,0.4160716,67.45769382,-633.0,1559.0,89.2,2026-09-03,0.48,60.2,False
1929,300477,ST合纵,2.61,0.38,0.52,-11.87,2.600141237399,0.2758164,52.70708637,-54.0,5064.0,68.0,2026-09-03,0.38,35.8,False
1930,300478,杭州高新,30.64,-0.78,1.06,-151.17,31.935016985952,0.3514896,60.62797273,-1936.0,3738.0,68.8,2026-09-03,-4.06,41.7,False
1931,300479,神思电子,15.48,2.58,1.52,-49.02,15.277647039793,0.14439,65.84549447,-306.0,2024.0,76.0,2026-09-03,1.32,50.0,False
1932,300480,光力科技,29.11,-0.65,1.95,72.65,29.350634471009,0.2015556,61.89571966,-509.0,3337.0,72.8,2026-09-03,-0.82,45.1,False
1933,300481,濮阳惠成,14.22,1.07,1.04,33.35,14.117118189892,0.2425792,60.02959919,-411.0,3892.0,64.0,2026-09-03,0.73,38.4,False
1934,300482,万孚生物,16.85,1.2,0.44,32.19,16.788590125522,0.157198,56.13021492,97.0,4731.0,70.4,2026-09-03,0.37,39.5,False
1935,300483,首华燃气,26.07,1.84,2.04,26.88,25.233285899935,0.2412712,72.00788895,-376.0,588.0,74.4,2026-09-03,3.32,53.6,False
1936,300484,蓝海华腾,12.96,1.97,0.82,77.78,12.803715204992,0.1307692,63.21976869,1469.0,2904.0,69.6,2026-09-03,1.22,44.0,False
1937,300485,赛升药业,8.76,1.15,0.91,-14.68,8.650884123641,0.1834348,59.47073267,109.0,4037.0,66.4,2026-09-03,1.26,39.5,False
1938,300486,东杰智能,18.04,0.06,0.55,345.28,18.009231356591,0.3007628,57.32600567,235.0,4530.0,67.2,2026-09-03,0.17,38.5,False
1939,300487,蓝晓科技,61.55,-0.85,0.71,37.26,61.16505485197,0.2543384,77.29948336,667.0,121.0,72.8,2026-09-03,0.63,56.3,False
1940,300488,恒锋工具,31.95,-0.96,1.13,28.61,32.129852174179,0.187892,72.06309402,1354.0,573.0,62.8,2026-09-03,-0.56,45.3,False
1941,300489,光智科技,217.88,-5.6,5.07,-1645.46,232.085547360995,0.4881064,71.91794884,1941.0,601.0,85.2,2026-09-03,-6.12,61.3,False
1942,300490,华自科技,11.39,1.61,1.9,20.66,11.208690620161,0.1812996,59.34813542,850.0,4065.0,70.4,2026-09-03,1.62,41.8,False
1943,300491,通合科技,33.72,-3.79,3.31,2785.13,34.564974352403,0.3219732,76.55197409,328.0,147.0,73.6,2026-09-03,-2.44,56.3,False
1944,300492,华图山鼎,24.51,-0.77,0.92,103.66,24.035409911057,0.1702476,71.1732043,465.0,732.0,64.4,2026-09-03,1.97,45.8,False
1945,300493,润欣科技,13.05,1.08,0.82,72.34,12.988506939842,0.1061128,61.5395786,-209.0,3440.0,74.8,2026-09-03,0.47,46.0,False
1946,300494,盛天网络,8.6,3.86,1.99,-17.79,8.394671442567,0.1034536,55.85325996,-3.0,4779.0,75.2,2026-09-03,2.45,42.0,False
1947,300496,中科创达,60.15,2.12,2.23,56.54,59.287937099092,0.3155436,68.98353711,-311.0,1141.0,82.0,2026-09-03,1.45,56.6,False
1948,300497,富祥股份,18.66,-0.11,4.82,28.4,18.152088390954,0.3705972,74.94948542,610.0,255.0,73.2,2026-09-03,2.8,54.9,False
1949,300498,温氏股份,14.83,2.49,0.57,-11.3,14.449207641487,0.3304808,66.32959491,-1304.0,1864.0,85.2,2026-09-03,2.64,56.5,False
1950,300499,高澜股份,34.03,0.56,13.95,201.84,33.542146968209,0.3666592,74.93578945,603.0,258.0,89.6,2026-09-03,1.45,67.1,False
1951,300500,启迪设计,9.98,1.73,1.04,21.78,9.891898108108,0.0830804,61.1740592,-117.0,3553.0,69.2,2026-09-03,0.89,42.3,False
1952,300501,海顺新材,10.03,-0.89,0.97,-88.04,10.377055875188,0.1278256,51.80535721,-491.0,5117.0,62.0,2026-09-03,-3.34,32.1,False
1953,300502,新易盛,393.9,2.38,1.37,36.47,388.307414493486,0.5097588,75.63687809,-4.0,206.0,87.6,2026-09-03,1.44,66.3,False
1954,300503,昊志机电,65.76,-1.41,2.58,43.97,66.939623450048,0.2657244,70.14269617,872.0,873.0,73.6,2026-09-03,-1.76,51.6,False
1955,300504,天邑股份,17.73,1.31,1.34,43.77,17.588072508966,0.146632,60.55173922,310.0,3754.0,74.8,2026-09-03,0.81,45.3,False
1956,300505,川金诺,20.72,1.97,4.71,22.98,20.572722996308,0.2503452,63.54959386,-177.0,2801.0,77.6,2026-09-03,0.72,49.3,False
1957,300506,名家汇,5.1,-0.2,0.83,-108.7,5.119070210398,0.2981388,60.9072997,-1436.0,3634.0,66.4,2026-09-03,-0.37,40.4,False
1958,300507,苏奥传感,6.65,0.91,0.38,81.69,6.606496052233,0.2727384,58.97120325,-83.0,4170.0,68.8,2026-09-03,0.66,40.6,False
1959,300508,维宏股份,39.92,0.33,1.64,363.5,39.975109036725,0.1420748,66.4677178,848.0,1833.0,64.0,2026-09-03,-0.14,42.5,False
1960,300509,新美星,9.24,1.09,0.73,24.78,9.182817531452,0.1071628,69.2015946,-734.0,1095.0,65.6,2026-09-03,0.62,45.4,False
1961,300510,金冠股份,3.53,2.32,1.2,-19.95,3.487691615856,0.241214,59.07425949,-308.0,4145.0,69.2,2026-09-03,1.21,40.9,False
1962,300511,雪榕生物,5.49,4.77,5.92,98.52,5.294029524364,0.24051,71.63860768,-143.0,644.0,78.4,2026-09-03,3.7,56.2,False
1963,300512,中亚股份,7.55,1.89,0.58,44.17,7.525356938381,0.1091932,65.79561025,-884.0,2048.0,64.0,2026-09-03,0.33,42.1,False
1964,300513,恒实科技,7.7,1.58,0.51,-25.91,7.651550403816,0.1883452,59.97341351,821.0,3912.0,66.8,2026-09-03,0.63,40.1,False
1965,300514,友讯达,10.38,1.47,0.64,-63.41,10.3165073485,0.0451916,57.08523045,115.0,4576.0,64.8,2026-09-03,0.62,37.0,False
1966,300515,三德科技,16.24,1.25,0.62,19.07,16.216302158698,0.1556768,67.08956924,-1009.0,1652.0,64.8,2026-09-03,0.15,43.5,False
1967,300516,久之洋,36.81,3.4,1.68,336.77,35.616130874391,0.2075036,65.26230086,-1254.0,2217.0,76.0,2026-09-03,3.35,49.6,False
1968,300517,海波重科,11.22,1.26,1.18,-144.64,11.037516071429,0.1155404,61.90091628,566.0,3334.0,66.4,2026-09-03,1.65,41.1,False
1969,300518,新迅达,25.6,0.35,1.69,-44.81,25.559963306568,0.3562472,60.75438753,-929.0,3686.0,66.8,2026-09-03,0.16,40.6,False
1970,300519,新光药业,14.46,1.69,1.16,29.13,14.326262813473,0.1987708,61.88310801,-131.0,3342.0,67.6,2026-09-03,0.93,41.8,False
1971,300520,科大国创,24.86,3.63,2.27,-33.73,24.223886135382,0.1956336,57.78462815,687.0,4437.0,71.6,2026-09-03,2.63,41.4,False
1972,300521,爱司凯,25.23,0.16,0.73,-117.55,25.352485646509,0.2997444,58.02585863,-1910.0,4389.0,66.4,2026-09-03,-0.48,38.5,False
1973,300522,世名科技,13.38,-1.25,1.61,1448.68,13.5866855747,0.1566424,57.67726814,190.0,4457.0,67.2,2026-09-03,-1.52,38.8,False
1974,300523,辰安科技,21.27,3.71,1.31,-41.98,20.706492450686,0.1698108,59.02989512,-1249.0,4159.0,70.0,2026-09-03,2.72,41.3,False
1975,300525,博思软件,8.49,3.03,1.71,-66.58,8.332586606319,0.1758656,69.23169049,1108.0,1086.0,66.4,2026-09-03,1.89,46.0,False
1976,300527,ST应急,8.45,1.68,0.38,294.63,8.313664285559,0.27006,67.30839806,-163.0,1597.0,73.6,2026-09-03,1.64,49.5,False
1977,300528,幸福蓝海,13.93,0.51,6.45,-56.76,14.530850953216,0.3179848,66.57273101,2863.0,1791.0,72.8,2026-09-03,-4.14,48.5,False
1978,300529,健帆生物,15.64,1.69,0.54,16.35,15.430468397616,0.1763044,60.78930072,247.0,3671.0,71.6,2026-09-03,1.36,43.5,False
1979,300530,领湃科技,21.77,0.74,2.0,-109.26,21.311861511251,0.2027236,64.49727141,2293.0,2479.0,74.8,2026-09-03,2.15,48.2,False
1980,300531,优博讯,17.37,4.26,4.55,29.4,16.804247752133,0.1920696,63.93221503,88.0,2678.0,72.8,2026-09-03,3.37,46.5,False
1981,300532,今天国际,7.46,0.81,0.62,17.91,7.40403498575,0.2763808,70.40030133,-476.0,831.0,70.4,2026-09-03,0.76,49.6,False
1982,300533,冰川网络,15.38,2.67,3.37,-111.28,15.280938500562,0.1800764,65.92333746,2376.0,2001.0,68.8,2026-09-03,0.65,45.4,False
1983,300534,陇神戎发,13.43,0.22,4.05,148.6,13.370145852899,0.2312312,52.04524483,15.0,5105.0,77.6,2026-09-03,0.45,40.4,False
1984,300535,达威股份,16.64,1.09,1.05,-102.71,16.589763493914,0.1119476,57.35385146,-205.0,4524.0,64.4,2026-09-03,0.3,36.9,False
1985,300536,农尚环境,9.27,1.2,0.85,-46.69,9.265925933616,0.2172992,54.42330966,-1126.0,4948.0,64.8,2026-09-03,0.04,35.3,False
1986,300537,广信材料,19.97,0.25,1.68,139.35,19.93921424612,0.152936,55.00501883,79.0,4880.0,70.4,2026-09-03,0.15,38.7,False
1987,300538,同益股份,14.8,-0.27,1.2,-214.98,14.919414234854,0.1561948,57.09666951,-356.0,4571.0,67.6,2026-09-03,-0.8,38.6,False
1988,300539,横河精密,18.22,0.55,1.05,121.22,18.190027471611,0.1289156,60.11811219,85.0,3865.0,62.4,2026-09-03,0.16,37.5,False
1989,300540,蜀道装备,27.34,-0.98,2.4,91.46,27.502834184364,0.2043636,65.67041554,-1231.0,2078.0,71.2,2026-09-03,-0.59,46.8,False
1990,300541,先进数通,10.29,3.42,1.6,-148.73,10.041425364314,0.1498324,60.79784931,231.0,3668.0,72.8,2026-09-03,2.48,44.3,False
1991,300542,新晨科技,13.94,6.25,6.3,-216.99,13.286180541281,0.1331948,61.98623351,379.0,3320.0,78.4,2026-09-03,4.92,48.6,False
1992,300543,朗科智能,7.89,1.28,0.72,-48.0,7.872935849672,0.1039144,56.80783556,241.0,4624.0,67.2,2026-09-03,0.22,38.2,False
1993,300545,联得装备,29.06,-0.27,3.04,51.23,29.559777876108,0.2892572,58.2711462,-83.0,4325.0,69.2,2026-09-03,-1.69,40.3,False
1994,300546,雄帝科技,19.35,5.05,11.93,-127.32,18.615200628003,0.174372,56.05970604,-1065.0,4744.0,78.8,2026-09-03,3.95,44.2,False
1995,300547,川环科技,28.08,-2.4,4.03,40.55,28.37321105017,0.301518,76.88902276,609.0,131.0,73.6,2026-09-03,-1.03,56.6,False
1996,300548,长芯博创,201.94,-0.17,2.28,92.61,199.612589392014,0.3437944,72.84628211,-239.0,477.0,86.4,2026-09-03,1.17,62.9,False
1997,300549,优德精密,14.95,1.29,0.85,297.0,14.912078332281,0.0940768,63.0251187,1226.0,2974.0,64.0,2026-09-03,0.25,40.3,False
1998,300550,和仁科技,14.19,0.35,1.68,-58.95,14.217313996231,0.2193944,69.26064232,2160.0,1077.0,68.8,2026-09-03,-0.19,47.7,False
1999,300551,古鳌科技,12.46,5.06,5.09,6.69,11.860166166025,0.23553,72.61693257,-290.0,506.0,77.6,2026-09-03,5.06,56.4,False
2000,300552,万集科技,22.58,-0.35,4.35,-74.88,22.727064968924,0.2154496,57.56717297,406.0,4487.0,80.8,2026-09-03,-0.65,46.5,False
2001,300553,集智股份,51.15,1.17,5.06,1965.9,49.040076830238,0.2844808,66.42529186,1653.0,1844.0,64.0,2026-09-03,4.3,42.5,False
2002,300554,三超新材,21.67,0.05,1.25,-132.78,21.515639468551,0.122026,53.48528907,-252.0,5023.0,66.0,2026-09-03,0.72,35.3,False
2003,300555,ST路通,12.94,0.86,0.2,-60.1,12.846253759913,0.3064376,54.93893883,-959.0,4886.0,61.6,2026-09-03,0.73,33.8,False
2004,300556,丝路视觉,16.98,2.23,2.82,970.34,16.889610903572,0.161034,64.70814242,53.0,2400.0,70.8,2026-09-03,0.54,45.8,False
2005,300557,理工光科,27.56,1.21,0.66,90.89,27.340449483543,0.20328,62.06251798,-149.0,3285.0,64.0,2026-09-03,0.8,39.7,False
2006,300558,贝达药业,49.51,0.73,1.03,34.69,48.445795678785,0.3364244,68.29781737,2147.0,1335.0,78.4,2026-09-03,2.2,53.5,False
2007,300559,佳发教育,11.9,3.3,1.94,103.85,11.435111097303,0.3738692,67.07433774,2299.0,1656.0,63.2,2026-09-03,4.07,42.4,False
2008,300560,中富通,18.0,1.41,2.22,138.33,17.918533721535,0.224554,60.0471868,-947.0,3889.0,70.4,2026-09-03,0.45,42.3,False
2009,300561,汇金科技,16.87,4.26,7.29,-578.08,16.54196898484,0.2455032,51.97014059,-202.0,5108.0,73.6,2026-09-03,1.98,38.3,False
2010,300562,乐心医疗,18.16,-0.93,3.8,33.11,18.51710918568,0.2011728,66.8014798,-970.0,1731.0,79.6,2026-09-03,-1.93,53.2,False
2011,300563,神宇股份,23.84,-0.96,3.83,100.94,25.028663632987,0.2323456,57.80652541,-3762.0,4431.0,76.0,2026-09-03,-4.75,43.9,False
2012,300564,筑博设计,12.73,2.91,1.53,-566.33,12.461472790871,0.07077,64.52052409,1552.0,2469.0,63.6,2026-09-03,2.15,41.0,False
2013,300565,科信技术,10.15,0.89,1.16,-51.4,10.112643071678,0.0860452,51.92723388,34.0,5110.0,66.4,2026-09-03,0.37,34.5,False
2014,300566,激智科技,24.99,-3.14,4.66,28.38,25.287112091659,0.34692,72.26097269,1443.0,555.0,69.2,2026-09-03,-1.17,50.0,False
2015,300567,精测电子,191.85,-2.7,1.57,357.63,195.913424456522,0.260908181818,60.71214683,-172.0,3703.0,76.0,2026-09-03,-2.07,46.1,False
2016,300568,星源材质,14.24,-1.32,1.88,52.2,14.331973285808,0.338026,66.02821563,2259.0,1963.0,74.8,2026-09-03,-0.64,49.4,False
2017,300569,天能重工,4.7,1.29,0.35,47.28,4.683696073117,0.1285696,57.6113384,-41.0,4475.0,67.2,2026-09-03,0.35,38.7,False
2018,300570,太辰光,185.72,-1.52,3.59,119.62,187.542118217184,0.3010768,67.26809828,440.0,1606.0,84.4,2026-09-03,-0.97,56.8,False
2019,300571,平治信息,29.78,1.88,2.67,-218.77,29.468634697242,0.1700276,54.70415582,255.0,4923.0,66.0,2026-09-03,1.06,36.1,False
2020,300572,安车检测,24.5,-0.12,1.45,-73.67,24.343271813503,0.3186788,65.11463405,-69.0,2268.0,69.6,2026-09-03,0.64,45.3,False
2021,300573,兴齐眼药,38.03,0.66,0.56,15.68,37.701529868992,0.2353872,68.06789904,-161.0,1392.0,70.8,2026-09-03,0.87,48.2,False
2022,300575,中旗股份,6.18,1.31,1.33,29.95,6.168570385381,0.1243632,61.14133095,-161.0,3566.0,70.0,2026-09-03,0.19,42.8,False
2023,300576,容大感光,28.35,-0.28,1.87,137.34,28.53835344745,0.1886156,63.98697493,1077.0,2653.0,74.8,2026-09-03,-0.66,47.9,False
2024,300577,开润股份,20.63,2.53,1.05,11.72,20.024155151812,0.2732096,75.34290115,486.0,225.0,68.0,2026-09-03,3.03,51.2,False
2025,300578,会畅科技,16.71,2.83,1.48,-54.3,16.437360266138,0.1470096,60.62643567,531.0,3740.0,73.6,2026-09-03,1.66,44.6,False
2026,300579,数字认证,24.39,4.59,2.54,-67.65,23.550722865272,0.1247672,61.64358582,-1446.0,3414.0,78.0,2026-09-03,3.56,48.1,False
2027,300580,贝斯特,19.53,-0.71,0.83,33.55,19.619425455335,0.2276868,64.75597005,1153.0,2389.0,68.0,2026-09-03,-0.46,44.0,False
2028,300581,晨曦航空,11.3,5.81,2.88,-93.43,10.659929995814,0.2015612,54.58229866,-2125.0,4935.0,77.6,2026-09-03,6.0,42.4,False
2029,300582,英飞特,11.71,0.95,2.85,81.13,11.683397120801,0.1829308,60.51068619,-1337.0,3767.0,76.0,2026-09-03,0.23,46.0,False
2030,300583,赛托生物,13.79,-0.29,1.33,43.27,13.961992883883,0.0684644,59.85740898,112.0,3949.0,70.0,2026-09-03,-1.23,41.9,False
2031,300584,海辰药业,31.3,0.81,1.01,58.57,31.00168895792,0.1764748,58.27310669,-310.0,4323.0,66.0,2026-09-03,0.96,38.5,False
2032,300585,奥联电子,16.01,-0.44,0.73,-91.69,16.110133621355,0.1859428,56.85557627,-19.0,4612.0,67.6,2026-09-03,-0.62,38.4,False
2033,300586,美联新材,9.26,0.33,1.12,324.8,9.243616381174,0.1880172,55.06708939,61.0,4878.0,69.2,2026-09-03,0.18,38.1,False
2034,300587,天铁科技,4.94,2.28,1.33,99.5,4.868504925962,0.236192,51.6200274,20.0,5126.0,66.4,2026-09-03,1.47,34.3,False
2035,300588,熙菱信息,25.44,3.04,2.33,-67.81,25.085437094985,0.3234568,55.16499571,-840.0,4863.0,74.0,2026-09-03,1.41,40.8,False
2036,300589,江龙船艇,14.42,6.03,7.18,-173.99,13.745544606409,0.2039056,65.2286485,-1953.0,2232.0,81.6,2026-09-03,4.91,53.2,False
2037,300590,移为通信,11.26,0.81,1.29,29.49,11.214888098171,0.1838116,61.21527898,-40.0,3540.0,70.4,2026-09-03,0.4,43.1,False
2038,300591,万里马,7.6,1.74,1.42,-1415.03,7.570791615543,0.2318276,54.77634778,-1491.0,4912.0,72.4,2026-09-03,0.39,39.7,False
2039,300592,华凯易佰,16.91,0.65,1.14,20.05,16.755470838209,0.1911348,75.94854261,-27.0,183.0,72.0,2026-09-03,0.92,54.7,False
2040,300593,新雷能,33.29,-2.66,2.54,-121.37,33.008148951025,0.3983696,71.61670495,94.0,647.0,74.0,2026-09-03,0.85,53.0,False
2041,300594,ST朗进,15.46,5.1,2.66,-15.95,14.728555298599,0.1732188,61.63356024,1289.0,3420.0,61.2,2026-09-03,4.97,37.7,False
2042,300595,欧普康视,11.16,2.48,0.86,21.52,11.014396006665,0.2563576,66.21447163,-926.0,1900.0,74.0,2026-09-03,1.32,49.0,False
2043,300596,利安隆,41.54,2.42,0.85,16.04,40.54732504078,0.2241692,64.64541888,26.0,2417.0,62.0,2026-09-03,2.45,40.1,False
2044,300597,吉大通信,8.11,2.01,0.67,-81.4,8.008148020514,0.162532,59.03599706,-213.0,4156.0,65.2,2026-09-03,1.27,38.5,False
2045,300598,诚迈科技,34.27,2.7,2.99,-169.52,33.518028901509,0.2184436,62.95582611,-776.0,2992.0,88.0,2026-09-03,2.24,55.4,False
2046,300599,雄塑科技,11.42,0.35,0.78,136.44,11.511236219357,0.3213032,62.01275036,1114.0,3306.0,62.0,2026-09-03,-0.79,38.4,False
2047,300600,国瑞科技,10.91,0.93,2.48,-75.23,10.718405366043,0.1959272,71.8815673,231.0,606.0,71.2,2026-09-03,1.79,51.2,False
2048,300601,康泰生物,12.89,0.16,0.7,142.87,12.874983563919,0.2608608,63.06288994,-1850.0,2958.0,84.0,2026-09-03,0.12,53.0,False
2049,300602,飞荣达,44.03,-3.99,4.7,51.11,45.866530145198,0.3742644,77.95488927,35.0,92.0,86.4,2026-09-03,-4.0,67.4,False
2050,300603,立昂技术,8.29,1.84,1.81,-39.38,8.200776877856,0.1615384,55.88876638,33.0,4775.0,80.4,2026-09-03,1.09,44.9,False
2051,300604,长川科技,261.07,-3.17,1.84,87.45,272.655457121805,0.4324204,71.94652033,-98.0,595.0,82.8,2026-09-03,-4.25,59.6,False
2052,300605,恒锋信息,10.8,2.96,2.79,-23.31,10.55579685871,0.1066496,52.11435435,-466.0,5100.0,66.8,2026-09-03,2.31,34.8,False
2053,300606,金太阳,37.02,-1.02,2.85,194.73,37.103828461452,0.2754184,67.84347748,624.0,1452.0,68.4,2026-09-03,-0.23,46.4,False
2054,300607,拓斯达,35.18,-1.37,5.42,80.44,35.508323778529,0.3314952,68.43923417,962.0,1291.0,78.4,2026-09-03,-0.92,53.7,False
2055,300608,思特奇,10.31,2.38,1.49,-17.51,10.126049846362,0.1662928,52.82051222,-396.0,5059.0,67.6,2026-09-03,1.82,35.7,False
2056,300609,汇纳科技,25.25,2.6,1.61,-19.55,24.765690479416,0.16465,53.24958749,-476.0,5035.0,66.4,2026-09-03,1.96,35.4,False
2057,300610,晨化股份,10.75,0.37,2.04,20.5,10.786125853481,0.1779168,69.72548296,183.0,966.0,66.0,2026-09-03,-0.33,46.0,False
2058,300611,美力科技,26.46,0.65,0.91,23.98,26.442473038534,0.1495632,63.36412994,-175.0,2855.0,68.8,2026-09-03,0.07,43.6,False
2059,300612,宣亚国际,12.8,4.07,3.09,-35.11,12.460123874343,0.094282,57.74333668,-264.0,4447.0,68.4,2026-09-03,2.73,39.5,False
2060,300613,富瀚微,74.37,-2.14,2.82,24.76,75.911448060412,0.2736328,68.67666232,-1131.0,1218.0,83.2,2026-09-03,-2.03,57.1,False
2061,300614,百川畅银,10.89,1.59,0.63,-16.0,10.824681529332,0.0537244,57.7022474,601.0,4453.0,61.6,2026-09-03,0.6,35.5,False
2062,300615,欣天科技,14.34,0.49,8.25,-30.17,14.538478412803,0.204096363636,53.09863596,141.0,5048.0,75.2,2026-09-03,-1.37,39.9,False
2063,300616,尚品宅配,10.89,2.64,1.33,-5.25,10.697783015447,0.1132836,59.1438681,761.0,4122.0,61.6,2026-09-03,1.8,36.4,False
2064,300617,安靠智电,39.6,2.46,2.0,42.93,38.429842510826,0.1379592,61.48810855,1324.0,3457.0,66.4,2026-09-03,3.04,40.8,False
2065,300618,寒锐钴业,33.9,0.8,0.77,53.22,33.777243516894,0.2671856,62.72060442,-251.0,3065.0,80.4,2026-09-03,0.36,50.4,False
2066,300619,金银河,27.49,1.44,1.31,207.33,27.170046082629,0.2500064,60.35642206,-2712.0,3807.0,73.6,2026-09-03,1.18,44.4,False
2067,300620,光库科技,288.5,1.58,2.2,242.22,283.482469690839,0.3301196,68.37205784,-630.0,1308.0,84.8,2026-09-03,1.77,58.0,False
2068,300621,维业股份,7.48,2.47,1.21,-6.36,7.380034451432,0.0887568,60.49930411,954.0,3772.0,62.0,2026-09-03,1.35,37.5,False
2069,300622,博士眼镜,16.14,3.07,2.87,31.0,15.780733127508,0.1705308,70.03168663,-817.0,900.0,76.0,2026-09-03,2.28,53.2,False
2070,300623,捷捷微电,29.38,-0.54,0.86,41.06,29.473569562618,0.2166444,64.29029319,-57.0,2542.0,76.0,2026-09-03,-0.32,48.9,False
2071,300624,万兴科技,56.73,5.02,7.51,-79.5,55.283398391671,0.2538196,67.30943948,368.0,1596.0,86.8,2026-09-03,2.62,58.4,False
2072,300625,三雄极光,9.8,1.34,0.54,-27.25,9.746524993558,0.0835572,64.0328602,1210.0,2635.0,61.6,2026-09-03,0.55,39.4,False
2073,300626,华瑞股份,26.98,-2.21,1.32,269.56,27.86781214233,0.2328944,58.13782824,753.0,4358.0,60.8,2026-09-03,-3.19,35.3,False
2074,300627,华测导航,28.76,1.48,0.62,34.27,28.453178653856,0.2580924,67.17484138,-321.0,1630.0,77.2,2026-09-03,1.08,51.9,False
2075,300628,亿联网络,42.25,1.03,0.64,17.56,41.879475221692,0.225268,74.53670695,-25.0,292.0,80.4,2026-09-03,0.88,59.9,False
2076,300629,新劲刚,18.45,1.32,1.02,77.69,18.166259863198,0.1599516,60.98445872,-544.0,3611.0,68.8,2026-09-03,1.56,42.0,False
2077,300631,久吾高科,21.76,-0.37,0.79,36.38,21.974598767723,0.146994,60.33824055,78.0,3812.0,68.4,2026-09-03,-0.98,41.3,False
2078,300632,光莆股份,17.69,0.34,2.34,-109.66,17.640339923996,0.1592544,58.77025244,860.0,4218.0,66.0,2026-09-03,0.28,38.8,False
2079,300633,开立医疗,19.88,2.32,0.74,306.53,19.600526681904,0.0990232,64.02925797,-806.0,2639.0,66.4,2026-09-03,1.43,42.5,False
2080,300634,彩讯股份,20.73,3.81,2.53,68.05,20.12641757546,0.2686244,67.92005805,40.0,1434.0,79.2,2026-09-03,3.0,53.8,False
2081,300635,中达安,12.64,0.4,0.79,54.92,12.705959047952,0.1235792,55.13357559,8.0,4868.0,64.0,2026-09-03,-0.52,35.3,False
2082,300636,同和药业,6.93,0.58,0.4,59.22,6.900225547002,0.3137512,65.34963057,1366.0,2185.0,63.6,2026-09-03,0.43,41.6,False
2083,300637,扬帆新材,9.65,1.47,0.56,170.47,9.596191608064,0.0893336,54.60068434,-80.0,4931.0,70.0,2026-09-03,0.56,38.2,False
2084,300638,广和通,19.7,0.87,1.1,143.27,19.779185441999,0.1899848,63.63667539,-1295.0,2770.0,76.4,2026-09-03,-0.4,48.6,False
2085,300639,凯普生物,6.02,1.18,0.51,62.25,5.98381911927,0.2541908,62.60133099,-490.0,3098.0,71.2,2026-09-03,0.6,44.6,False
2086,300640,德艺文创,6.94,0.87,1.66,-127.3,6.973026597226,0.2711144,69.84594556,-546.0,937.0,68.8,2026-09-03,-0.47,48.1,False
2087,300641,正丹股份,14.21,0.85,0.33,15.77,14.144779039153,0.2746724,62.08626795,-260.0,3274.0,71.6,2026-09-03,0.46,44.5,False
2088,300642,透景生命,17.31,-5.56,11.97,122.38,18.54113095861,0.2209204,63.10705025,-494.0,2941.0,80.4,2026-09-03,-6.64,50.7,False
2089,300643,万通智控,18.31,2.87,1.07,21.35,17.956900021964,0.169672,62.29869172,-1950.0,3199.0,68.0,2026-09-03,1.97,42.4,False
2090,300644,南京聚隆,20.91,1.31,1.04,46.64,20.768976,0.067184,64.88326674,1524.0,2345.0,66.0,2026-09-03,0.68,42.8,False
2091,300645,正元智慧,14.22,2.52,1.21,-59.83,14.050837653157,0.1094084,62.44962389,-1451.0,3153.0,70.0,2026-09-03,1.2,43.7,False
2092,300647,超频三,8.21,0.0,13.71,108.36,8.216800121321,0.2589124,64.04173876,1773.0,2628.0,82.0,2026-09-03,-0.08,52.5,False
2093,300648,星云股份,41.3,1.47,0.88,197.47,40.529119594649,0.2328024,60.92887428,1258.0,3624.0,68.8,2026-09-03,1.9,41.9,False
2094,300649,杭州园林,28.95,-1.03,3.3,-90.3,28.450913275133,0.3433204,64.76153268,551.0,2385.0,66.0,2026-09-03,1.75,42.7,False
2095,300650,太龙股份,12.02,1.09,1.0,119.39,11.960734007954,0.1650728,61.66653256,58.0,3407.0,62.4,2026-09-03,0.5,38.5,False
2096,300651,金陵体育,18.19,0.83,10.18,-79.31,18.263801175594,0.202864,66.95034829,3010.0,1691.0,64.8,2026-09-03,-0.4,43.4,False
2097,300652,雷迪克,28.39,-0.7,0.65,44.95,28.514037578834,0.0826136,65.52490874,2275.0,2128.0,61.6,2026-09-03,-0.44,40.4,True
2098,300653,正海生物,15.2,0.8,0.34,41.07,15.060568798553,0.161884,66.99594658,8.0,1679.0,67.2,2026-09-03,0.93,45.0,False
2099,300654,世纪天鸿,10.35,2.58,3.61,-12253.56,9.93876646019,0.3016964,63.16201823,1946.0,2926.0,70.0,2026-09-03,4.14,44.2,False
2100,300655,晶瑞电材,12.41,-0.24,1.18,142.22,12.514278412073,0.2115984,60.16648153,-63.0,3852.0,72.0,2026-09-03,-0.83,43.3,False
2101,300656,民德电子,25.03,-0.52,1.3,-40.85,25.139811586455,0.1570476,59.24837405,979.0,4095.0,62.0,2026-09-03,-0.44,36.7,False
2102,300657,弘信电子,34.88,-2.79,3.09,67.83,35.243859644096,0.3373344,72.69721034,1750.0,492.0,78.8,2026-09-03,-1.03,57.3,False
2103,300658,延江股份,10.52,2.33,1.13,38.58,10.407541474609,0.0606224,63.01377198,831.0,2976.0,62.8,2026-09-03,1.08,39.6,False
2104,300659,中孚信息,10.57,2.92,1.17,-11.49,10.386275090363,0.1023272,60.26633202,870.0,3829.0,67.6,2026-09-03,1.77,40.7,False
2105,300660,江苏雷利,25.07,-0.36,0.54,72.41,25.073055881819,0.2307452,65.43125145,2200.0,2162.0,70.4,2026-09-03,-0.01,46.1,False
2106,300661,圣邦股份,109.62,-0.13,0.71,89.4,110.488622090509,0.2753828,73.96464275,-16.0,345.0,75.6,2026-09-03,-0.79,55.9,False
2107,300662,科锐国际,22.58,7.52,3.82,14.67,21.260905613999,0.1808116,71.77036358,-588.0,620.0,68.8,2026-09-03,6.2,49.4,False
2108,300663,科蓝软件,9.1,7.06,9.03,-28.93,8.597120656505,0.172032,51.5860639,61.0,5130.0,75.6,2026-09-03,5.85,39.0,False
2109,300664,鹏鹞环保,4.75,1.5,0.36,11.03,4.763378083274,0.1947784,60.87591121,-147.0,3646.0,64.0,2026-09-03,-0.28,39.0,False
2110,300665,飞鹿股份,9.35,0.21,1.45,-47.72,9.467658027593,0.1905212,52.51169,-210.0,5079.0,59.6,2026-09-03,-1.24,31.3,False
2111,300666,江丰电子,224.1,-1.49,1.75,57.3,226.739866025995,0.3504992,67.1601619,1580.0,1634.0,81.2,2026-09-03,-1.16,54.5,False
2112,300667,必创科技,14.99,1.42,0.93,218.4,14.823421248782,0.1395624,57.21036729,-78.0,4556.0,70.4,2026-09-03,1.12,40.3,False
2113,300668,杰恩股份,32.83,1.8,2.29,2190.18,32.120586276351,0.1757324,57.21329615,206.0,4555.0,58.4,2026-09-03,2.21,33.4,False
2114,300669,沪宁股份,23.69,0.47,0.31,688.31,23.739365887688,0.1908848,57.41581873,195.0,4519.0,63.2,2026-09-03,-0.21,36.3,False
2115,300670,大烨智能,7.34,-0.14,2.01,164.86,7.373471469355,0.2057884,57.671367,-1764.0,4460.0,70.8,2026-09-03,-0.45,40.8,False
2116,300671,富满微,52.84,-1.75,2.24,64.53,53.728506276823,0.200376,56.43616351,332.0,4684.0,71.6,2026-09-03,-1.65,40.4,False
2117,300672,国科微,171.8,-9.0,4.87,95.27,186.768582040091,0.4305748,72.35774046,12.0,544.0,89.6,2026-09-03,-8.01,64.8,False
2118,300673,佩蒂股份,14.14,0.78,0.9,71.89,14.236819911497,0.1501088,66.82923477,-1631.0,1724.0,73.2,2026-09-03,-0.68,48.9,False
2119,300674,宇信科技,18.75,8.51,5.75,21.33,17.46528035287,0.2559004,67.9926473,-149.0,1413.0,85.2,2026-09-03,7.36,57.9,False
2120,300675,建科院,13.5,2.04,0.6,-49.77,13.377676305695,0.0455248,54.25183529,-54.0,4953.0,66.0,2026-09-03,0.91,35.8,False
2121,300676,华大基因,37.72,0.64,0.75,166.43,37.606515947805,0.2497568,60.88421269,-47.0,3643.0,82.0,2026-09-03,0.3,49.9,True
2122,300677,英科医疗,55.51,-0.56,0.65,21.7,56.100524564577,0.2377256,69.9460217,-338.0,914.0,82.0,2026-09-03,-1.05,57.4,False
2123,300678,中科信息,22.95,1.86,1.0,605.39,22.730561491908,0.2138652,65.80856975,195.0,2038.0,75.2,2026-09-03,0.97,49.5,False
2124,300679,电连技术,44.57,-1.18,3.62,45.97,45.322525255906,0.2962428,62.14460762,-449.0,3254.0,76.4,2026-09-03,-1.66,47.5,False
2125,300680,隆盛科技,20.29,-0.54,1.16,35.05,20.3178891679,0.253812,67.84678531,131.0,1451.0,68.0,2026-09-03,-0.14,46.1,False
2126,300681,英搏尔,22.27,4.07,3.88,28.97,21.212575778835,0.2130372,66.48130463,747.0,1826.0,67.6,2026-09-03,4.98,44.9,False
2127,300682,朗新科技,9.57,2.13,1.19,-28.59,9.440066229193,0.2013384,57.51987733,43.0,4497.0,69.2,2026-09-03,1.38,39.8,False
2128,300683,海特生物,25.2,1.49,1.34,-20.95,24.88538424154,0.1566224,59.26206728,561.0,4090.0,69.2,2026-09-03,1.26,41.0,False
2129,300684,中石科技,91.98,2.7,8.0,99.83,90.58435994409,0.4710296,75.83737206,-147.0,191.0,88.4,2026-09-03,1.54,67.0,False
2130,300685,艾德生物,17.3,1.05,0.54,20.31,17.179919847857,0.2053152,65.8769664,-141.0,2018.0,70.8,2026-09-03,0.7,46.6,False
2131,300686,智动力,14.98,-0.2,0.78,-125.08,15.02326752438,0.1678052,60.68691555,851.0,3713.0,73.6,2026-09-03,-0.29,44.7,False
2132,300687,赛意信息,29.77,1.05,3.18,108.51,29.570767735665,0.2451768,63.58289951,-829.0,2796.0,82.8,2026-09-03,0.67,52.6,False
2133,300688,创业黑马,29.79,-1.0,2.06,-235.49,30.476116955528,0.2873136,60.81413206,-32.0,3666.0,71.2,2026-09-03,-2.25,43.3,False
2134,300689,澄天伟业,56.92,-0.58,1.73,1204.76,56.321712140674,0.3247308,65.64237123,2593.0,2087.0,65.6,2026-09-03,1.06,43.1,False
2135,300690,双一科技,23.99,0.84,2.11,14.78,23.804248320888,0.1642836,66.34202951,114.0,1862.0,78.8,2026-09-03,0.78,52.3,False
2136,300691,联合光电,14.82,0.68,0.76,254.77,14.818635168928,0.1058708,62.73233968,876.0,3061.0,68.8,2026-09-03,0.01,43.2,False
2137,300692,中赋科技,8.91,-1.33,1.69,51.45,9.079389070829,0.2534504,63.72972978,-2140.0,2737.0,70.8,2026-09-03,-1.87,45.1,False
2138,300693,盛弘股份,41.2,0.24,2.09,28.29,40.600402948094,0.2885212,80.89076387,154.0,32.0,79.2,2026-09-03,1.48,64.1,False
2139,300694,蠡湖股份,10.85,2.94,1.33,42.94,10.613156550373,0.0738092,65.62510371,1126.0,2093.0,61.6,2026-09-03,2.23,40.4,False
2140,300695,兆丰股份,49.99,-0.66,0.66,178.27,51.383226564335,0.1577624,66.61651892,-127.0,1778.0,62.4,2026-09-03,-2.71,41.6,False
2141,300696,爱乐达,21.62,1.26,0.98,-242.91,21.345821841176,0.3042396,59.51704067,-213.0,4029.0,70.0,2026-09-03,1.28,41.7,False
2142,300697,电工合金,14.96,-0.4,1.51,27.57,15.03447399014,0.2303804,71.25836618,1034.0,714.0,73.6,2026-09-03,-0.5,52.4,False
2143,300698,万马科技,27.78,3.46,2.11,106.25,26.932535056253,0.1158496,61.69178123,271.0,3400.0,72.0,2026-09-03,3.15,44.4,False
2144,300699,光威复材,25.14,4.19,1.28,52.56,24.201030287726,0.2323068,62.30111032,-600.0,3197.0,76.0,2026-09-03,3.88,47.3,False
2145,300700,岱勒新材,19.69,-1.3,1.03,492.17,20.10489522293,0.3612956,64.78827889,148.0,2379.0,66.0,2026-09-03,-2.06,42.8,False
2146,300701,森霸传感,10.24,1.29,0.5,38.25,10.164479374271,0.0842952,63.96234302,-154.0,2658.0,65.2,2026-09-03,0.74,41.7,False
2147,300702,天宇股份,21.84,1.16,0.29,36.57,21.623998972461,0.1654616,67.60156671,-363.0,1511.0,66.4,2026-09-03,1.0,44.9,False
2148,300703,创源股份,13.96,1.97,1.11,-119.62,13.882071979434,0.0804972,60.88838033,-1016.0,3641.0,67.2,2026-09-03,0.56,40.9,False
2149,300705,九典制药,11.12,1.0,0.54,17.42,11.059546493274,0.240458,68.18299651,1296.0,1362.0,71.2,2026-09-03,0.55,48.5,False
2150,300706,阿石创,48.05,-1.25,2.7,100.02,48.658220316851,0.1497712,62.06450082,918.0,3283.0,70.0,2026-09-03,-1.25,43.4,False
2151,300707,威唐工业,12.24,0.99,0.63,-35.57,12.302709041146,0.1388192,61.83023105,1090.0,3363.0,64.8,2026-09-03,-0.51,40.1,False
2152,300708,聚灿光电,8.67,2.48,1.56,53.08,8.573836531401,0.2832308,71.29319582,-683.0,710.0,80.4,2026-09-03,1.12,57.3,False
2153,300709,精研科技,44.3,-4.48,10.37,296.02,45.565102546347,0.338256,73.01775266,814.0,448.0,86.8,2026-09-03,-2.78,63.4,False
2154,300710,万隆光电,31.21,1.76,1.94,-114.68,30.895037022476,0.2312992,56.15941594,-198.0,4723.0,70.8,2026-09-03,1.02,39.8,False
2155,300711,广哈通信,18.63,1.8,1.02,223.21,18.453354408991,0.1576168,64.44829472,7.0,2492.0,76.0,2026-09-03,0.96,49.0,False
2156,300712,永福股份,20.42,3.08,0.44,-72.85,19.950128848941,0.1794664,54.08501048,45.0,4970.0,64.4,2026-09-03,2.36,34.8,False
2157,300713,英可瑞,13.71,1.78,0.85,-26.48,13.602276923239,0.0652744,61.45562779,1113.0,3471.0,66.0,2026-09-03,0.79,40.6,False
2158,300715,凯伦股份,14.28,0.07,1.09,243.99,14.198477057738,0.20627,62.15580487,721.0,3249.0,61.6,2026-09-03,0.57,38.3,False
2159,300716,*ST泉为,18.13,-1.2,0.64,-19.13,18.572140197417,0.4100228,51.39575885,-61.0,5134.0,62.4,2026-09-03,-2.38,32.1,False
2160,300717,华信新材,18.84,0.37,1.23,41.29,19.198483830093,0.184526,67.65425195,437.0,1498.0,60.4,2026-09-03,-1.87,40.9,False
2161,300718,长盛轴承,56.11,0.29,1.34,65.68,56.281305618221,0.2612556,69.29949119,1751.0,1065.0,74.8,2026-09-03,-0.3,51.8,False
2162,300719,安达维尔,12.8,2.73,1.18,-65.63,12.520102987662,0.147232,54.00833826,-995.0,4978.0,70.8,2026-09-03,2.24,38.2,False
2163,300720,海川智能,64.13,-2.92,2.31,574.0,66.242660086638,0.294034,54.15278379,-236.0,4963.0,71.2,2026-09-03,-3.19,38.6,False
2164,300721,怡达股份,22.19,0.59,1.78,59.4,22.053033259391,0.1618308,55.19884963,-203.0,4859.0,64.4,2026-09-03,0.62,35.5,False
2165,300722,新余国科,22.82,2.15,0.92,178.21,22.310511294649,0.2256236,65.26432192,-1826.0,2215.0,76.4,2026-09-03,2.28,49.9,False
2166,300723,一品红,37.07,1.28,1.9,17.27,36.764325066263,0.267166,59.33539609,-2445.0,4070.0,72.8,2026-09-03,0.83,43.2,False
2167,300724,捷佳伟创,53.88,1.34,1.26,25.05,53.393811861597,0.2801896,66.93162892,862.0,1695.0,74.4,2026-09-03,0.91,49.8,False
2168,300725,药石科技,43.56,-0.16,3.76,51.21,43.375865636553,0.2723872,74.60504942,-47.0,287.0,82.0,2026-09-03,0.42,61.2,False
2169,300726,宏达电子,50.72,-1.69,2.27,46.29,52.091527158902,0.2599152,66.26939542,-508.0,1888.0,75.2,2026-09-03,-2.63,49.8,False
2170,300727,润禾材料,31.04,-2.08,2.33,69.25,31.393598754443,0.3185444,75.38621257,184.0,220.0,72.4,2026-09-03,-1.13,54.6,False
2171,300729,乐歌股份,11.04,1.56,0.6,88.19,10.894593756124,0.229124,70.84227254,1404.0,762.0,67.2,2026-09-03,1.33,47.6,False
2172,300730,科创信息,11.81,2.52,1.38,-38.96,11.635662693577,0.142738,53.60565537,81.0,5014.0,68.4,2026-09-03,1.5,36.7,False
2173,300731,科创新源,46.55,-3.06,3.49,-1486.62,47.755566165733,0.36362,74.57005054,493.0,291.0,81.6,2026-09-03,-2.52,60.8,False
2174,300732,设研院,6.06,1.51,0.73,-25.67,6.03121148902,0.1034516,53.41655678,-875.0,5027.0,64.0,2026-09-03,0.48,34.2,False
2175,300733,西菱动力,14.05,1.59,0.68,43.12,13.837922654475,0.1924408,65.45511142,-62.0,2151.0,62.8,2026-09-03,1.53,41.1,False
2176,300735,光弘科技,20.01,-0.94,1.16,146.23,20.437420092489,0.3138992,69.83540842,1286.0,942.0,73.6,2026-09-03,-2.09,51.4,False
2177,300736,百邦科技,33.35,4.87,3.78,-311.78,31.543660834446,0.344296,65.97061936,-143.0,1982.0,64.0,2026-09-03,5.73,42.2,False
2178,300737,科顺股份,4.93,0.61,1.66,40.62,4.861226587405,0.3200416,64.86500215,2103.0,2352.0,62.4,2026-09-03,1.41,40.5,False
2179,300738,奥飞数据,20.29,1.15,1.82,50.85,20.094721800923,0.3512688,68.0989289,1791.0,1375.0,80.4,2026-09-03,0.97,54.8,False
2180,300739,明阳电路,22.92,0.7,1.44,90.23,22.719001127651,0.1935388,63.09311424,1663.0,2946.0,67.2,2026-09-03,0.88,42.4,False
2181,300740,水羊股份,23.17,2.07,3.71,58.51,23.000120282096,0.3608408,65.0501446,-925.0,2292.0,77.2,2026-09-03,0.74,50.2,False
2182,300741,华宝股份,16.69,5.63,1.25,46.7,15.673903715284,0.2082408,73.30950626,629.0,410.0,72.8,2026-09-03,6.48,53.4,False
2183,300743,天地数码,15.09,2.72,1.07,16.95,14.849087769524,0.0584332,64.92341349,-1212.0,2331.0,63.6,2026-09-03,1.62,41.3,False
2184,300745,欣锐科技,29.62,2.07,6.12,107.24,28.901038982092,0.1900296,63.8158352,1936.0,2707.0,64.0,2026-09-03,2.49,40.8,False
2185,300746,汉嘉数智,14.7,0.75,0.54,102.86,14.531609765981,0.1545316,61.98765958,1166.0,3316.0,66.0,2026-09-03,1.16,40.9,False
2186,300747,锐科激光,39.84,5.84,3.69,70.36,37.241229245791,0.3292212,73.36641331,101.0,404.0,79.6,2026-09-03,6.98,58.4,False
2187,300748,金力永磁,26.48,-0.3,0.61,39.58,26.464882188498,0.276534,72.65008811,1754.0,502.0,74.0,2026-09-03,0.06,53.8,False
2188,300749,顶固集创,25.78,1.82,1.01,25.06,25.469881724669,0.2868624,65.9710969,1525.0,1981.0,63.6,2026-09-03,1.22,42.0,False
2189,300750,宁德时代,353.16,1.05,0.28,18.88,351.344271908017,0.5514156,76.01163309,625.0,175.0,82.4,2026-09-03,0.52,62.6,False
2190,300751,迈为股份,201.12,-1.68,1.2,111.25,204.387489659757,0.2863996,69.91483903,1385.0,925.0,74.0,2026-09-03,-1.6,51.7,False
2191,300752,隆利科技,11.29,0.71,1.04,76.96,11.27364701774,0.1370788,66.84137184,1910.0,1719.0,65.2,2026-09-03,0.15,43.6,False
2192,300753,爱朋医疗,22.33,1.09,2.22,-142.37,22.300592118981,0.157542,64.93442557,2053.0,2328.0,72.8,2026-09-03,0.13,47.3,False
2193,300755,华致酒行,11.63,4.59,1.19,-33.0,11.208598020353,0.255968,65.20625299,1215.0,2242.0,62.0,2026-09-03,3.76,40.4,False
2194,300756,金马游乐,30.72,1.62,0.8,74.58,29.831573901981,0.3426188,71.90007252,1567.0,605.0,65.6,2026-09-03,2.98,47.2,False
2195,300757,罗博特科,584.92,-0.05,1.61,7475.95,590.539204910658,0.5050396,67.54829425,-990.0,1532.0,86.8,2026-09-03,-0.95,58.6,False
2196,300758,七彩化学,11.67,1.04,1.06,42.02,11.596201105106,0.2068852,61.68643579,401.0,3401.0,75.6,2026-09-03,0.64,46.6,False
2197,300759,康龙化成,41.74,-2.93,1.92,51.11,42.497593588583,0.337864,74.46670553,167.0,301.0,84.0,2026-09-03,-1.78,62.6,False
2198,300760,迈瑞医疗,169.93,1.35,0.37,21.46,168.508644889818,0.3077468,75.76997884,-98.0,193.0,89.2,2026-09-03,0.84,67.6,False
2199,300761,立华股份,21.0,2.89,0.86,-123.56,20.241126004175,0.1450272,69.68951747,-637.0,979.0,71.6,2026-09-03,3.75,49.9,False
2200,300762,上海瀚讯,28.76,1.95,1.15,-89.37,28.048821447092,0.321064,50.28728216,5.0,5165.0,70.4,2026-09-03,2.54,35.4,False
2201,300763,锦浪科技,59.37,1.94,1.14,27.83,58.197362007694,0.226162,64.25639978,1207.0,2552.0,72.8,2026-09-03,2.01,46.8,False
2202,300765,石药创新,43.91,-0.75,0.51,24.45,43.885740728387,0.3906468,76.14041007,-58.0,167.0,83.2,2026-09-03,0.06,63.3,False
2203,300766,每日互动,23.23,5.11,5.64,-423.24,22.352067470506,0.2394848,62.58983407,-239.0,3101.0,77.6,2026-09-03,3.93,48.6,False
2204,300767,震安科技,19.59,0.26,1.6,551.35,19.345395566042,0.2595288,61.30444563,1396.0,3517.0,66.0,2026-09-03,1.26,40.5,False
2205,300768,迪普科技,15.11,1.96,0.6,67.17,14.888558033436,0.1583876,65.42914881,-148.0,2164.0,68.8,2026-09-03,1.49,45.0,False
2206,300769,德方纳米,42.76,-0.19,1.38,13.15,42.92290091044,0.2851136,57.32824183,115.0,4529.0,70.8,2026-09-03,-0.38,40.6,False
2207,300770,新媒股份,35.65,3.21,0.97,13.58,34.93493185924,0.1987492,74.23114643,470.0,323.0,72.0,2026-09-03,2.05,53.4,False
2208,300771,智莱科技,11.92,1.45,0.75,25.21,11.836252051675,0.1538044,56.99691133,205.0,4586.0,64.0,2026-09-03,0.71,36.5,False
2209,300772,运达股份,9.31,1.09,1.03,-14.71,9.246580358,0.2340528,58.84952924,11.0,4200.0,71.2,2026-09-03,0.69,41.9,False
2210,300773,拉卡拉,17.29,8.88,10.14,14.05,16.036961173249,0.3181708,63.02731094,-411.0,2973.0,84.8,2026-09-03,7.81,53.4,False
2211,300774,倍杰特,11.12,1.18,1.78,-119.68,10.976454269614,0.1355656,60.16279108,649.0,3853.0,61.2,2026-09-03,1.31,36.8,False
2212,300775,三角防务,22.09,1.66,1.01,147.87,21.711169185925,0.2638636,58.36717395,-1615.0,4294.0,75.6,2026-09-03,1.74,44.1,False
2213,300776,帝尔激光,110.98,0.81,1.83,51.75,110.106156763221,0.2296336,71.18726191,2273.0,728.0,68.8,2026-09-03,0.79,49.0,False
2214,300777,中简科技,23.22,1.35,0.89,-103.16,23.023908497384,0.2627712,54.35565391,-1253.0,4951.0,69.6,2026-09-03,0.85,37.8,False
2215,300778,新城市,11.07,2.98,1.01,-39.16,10.839495193222,0.12931,55.31327016,282.0,4853.0,65.2,2026-09-03,2.13,36.1,False
2216,300779,惠城环保,56.74,-0.49,1.52,-376.2,56.7959693762,0.3185096,51.61370087,40.0,5127.0,63.6,2026-09-03,-0.1,32.8,False
2217,300780,德恩精工,19.84,0.76,2.08,-78.85,19.671341960742,0.173012,59.21816941,868.0,4105.0,63.6,2026-09-03,0.86,37.7,False
2218,300781,因赛集团,29.76,7.67,7.22,134.25,28.18500354517,0.12843,65.58458931,941.0,2108.0,76.0,2026-09-03,5.59,49.8,False
2219,300782,卓胜微,73.45,0.77,0.73,-56.96,73.396397951311,0.2808924,56.04941652,-99.0,4749.0,74.4,2026-09-03,0.07,41.7,False
2220,300783,三只松鼠,17.79,2.83,1.4,14.35,17.458678660578,0.165372,70.04455712,781.0,896.0,76.8,2026-09-03,1.9,53.8,False
2221,300784,利安科技,42.71,1.84,1.67,72.14,42.886849619289,0.1945428,65.06866368,31.0,2284.0,63.2,2026-09-03,-0.41,41.1,False
2222,300785,值得买,37.36,5.39,8.56,411.63,35.840798860244,0.2114096,65.92663157,-189.0,1998.0,75.2,2026-09-03,4.24,49.6,False
2223,300786,国林科技,14.84,1.16,1.76,-146.68,14.641800747678,0.1958808,60.21960057,980.0,3837.0,64.4,2026-09-03,1.35,38.8,False
2224,300787,海能实业,10.18,1.5,0.84,-93.86,10.186507350583,0.125464,61.78944075,38.0,3370.0,65.2,2026-09-03,-0.06,40.3,False
2225,300788,中信出版,26.0,5.56,2.94,32.08,25.0964528598,0.159682,62.33352783,1411.0,3192.0,69.2,2026-09-03,3.6,43.1,False
2226,300789,唐源电气,17.15,1.36,0.62,-36.81,17.049941690209,0.1077016,57.09701378,524.0,4570.0,59.6,2026-09-03,0.59,34.0,False
2227,300790,宇瞳光学,18.79,0.37,2.49,40.0,18.701431150918,0.3110812,64.50354634,-1239.0,2475.0,71.6,2026-09-03,0.47,46.2,False
2228,300791,仙乐健康,18.0,1.29,0.26,18.14,17.88717260693,0.1079856,63.16311415,-1511.0,2925.0,66.8,2026-09-03,0.63,42.2,False
2229,300792,壹网壹创,26.51,5.11,5.34,47.52,25.796709005958,0.187084,66.59503594,149.0,1783.0,81.6,2026-09-03,2.77,54.3,False
2230,300793,佳禾智能,11.74,0.69,0.48,1183.88,11.774737744452,0.1222176,57.13236558,-1313.0,4566.0,73.6,2026-09-03,-0.3,42.0,False
2231,300795,米奥会展,14.11,0.21,14.16,-142.83,14.325234479762,0.276256,71.46842072,3146.0,677.0,69.6,2026-09-03,-1.5,49.7,False
2232,300796,贝斯美,7.05,1.29,0.45,216.26,7.014218263641,0.1265604,56.89290408,-215.0,4605.0,64.0,2026-09-03,0.51,36.4,False
2233,300797,钢研纳克,13.43,1.13,0.39,33.41,13.339346310125,0.06314,65.64516445,-501.0,2086.0,69.6,2026-09-03,0.68,45.7,False
2234,300798,锦鸡股份,8.95,-0.67,7.6,-354.48,8.864170018076,0.249548,65.12927672,1321.0,2260.0,75.6,2026-09-03,0.97,49.2,False
2235,300800,力合科技,10.42,2.36,0.62,58.8,10.271899851917,0.074974,62.06252037,-1133.0,3284.0,63.2,2026-09-03,1.44,39.2,False
2236,300801,泰和科技,22.53,0.81,0.9,17.58,22.433999715424,0.1386764,66.09941695,1241.0,1941.0,65.6,2026-09-03,0.43,43.4,False
2237,300802,矩子科技,24.56,-0.49,2.5,56.06,24.643114145939,0.287728,73.11452261,1374.0,433.0,69.2,2026-09-03,-0.34,50.6,False
2238,300803,指南针,89.96,5.02,3.51,221.5,86.692535710561,0.4302124,78.58580855,572.0,70.0,81.2,2026-09-03,3.77,63.8,False
2239,300804,广康生化,46.14,0.63,1.35,516.27,45.693386595174,0.1912592,64.69769639,-1235.0,2405.0,63.6,2026-09-03,0.98,41.1,False
2240,300805,电声股份,8.73,4.3,2.47,94.8,8.455899027776,0.073558,65.92153311,293.0,2002.0,67.6,2026-09-03,3.24,44.6,False
2241,300806,斯迪克,47.86,1.06,3.12,329.59,47.395139665317,0.3885628,60.52858755,106.0,3761.0,70.8,2026-09-03,0.98,42.9,False
2242,300807,天迈科技,38.92,1.04,1.0,-77.92,38.936708693194,0.1085708,53.96744115,-16.0,4982.0,64.8,2026-09-03,-0.04,35.0,False
2243,300808,久量股份,21.93,2.0,1.4,-65.13,21.51636456775,0.1994424,63.46447842,-27.0,2825.0,67.2,2026-09-03,1.92,42.6,False
2244,300809,华辰装备,24.53,0.41,1.32,49.6,24.479122967816,0.2247252,64.55069205,509.0,2456.0,70.4,2026-09-03,0.21,45.4,False
2245,300810,中科海讯,25.69,2.47,1.0,-33.76,25.236464579746,0.0718624,64.29216459,-1594.0,2541.0,70.0,2026-09-03,1.8,45.0,False
2246,300811,铂科新材,74.74,-0.88,1.14,67.54,74.678479470806,0.3307272,73.03917484,1509.0,446.0,72.4,2026-09-03,0.08,52.9,False
2247,300812,易天股份,19.58,1.77,1.39,231.1,19.189103158825,0.1104788,60.97509781,1117.0,3613.0,64.8,2026-09-03,2.04,39.5,False
2248,300813,泰林生物,21.0,2.59,1.16,62.47,20.780400272471,0.0776628,62.92819642,-106.0,2999.0,66.8,2026-09-03,1.06,42.0,False
2249,300814,中富电路,131.94,-2.84,1.77,327.01,133.277411542198,0.3107492,68.63849074,2669.0,1232.0,74.4,2026-09-03,-1.0,51.1,False
2250,300815,玉禾田,15.43,1.05,0.55,10.03,15.396780322895,0.1336628,65.23814129,210.0,2226.0,66.0,2026-09-03,0.22,43.1,False
2251,300816,艾可蓝,65.4,1.32,4.17,66.78,65.947235042553,0.3620972,67.51425246,-1217.0,1539.0,75.2,2026-09-03,-0.83,50.8,False
2252,300817,双飞集团,16.99,-0.29,1.25,41.95,17.037584943838,0.123448,66.48997997,814.0,1822.0,68.4,2026-09-03,-0.28,45.5,False
2253,300818,耐普矿机,18.85,1.34,0.96,-175.84,18.601709888754,0.0623284,64.99623541,465.0,2309.0,61.2,2026-09-03,1.33,39.8,False
2254,300819,聚杰微纤,45.31,-1.84,1.34,110.79,45.848734898279,0.178882,66.23690591,189.0,1895.0,62.8,2026-09-03,-1.18,41.6,False
2255,300820,英杰电气,57.29,-1.07,2.08,65.91,57.784000727191,0.209488,72.63108287,-119.0,503.0,75.2,2026-09-03,-0.85,54.6,False
2256,300821,东岳硅材,15.29,0.0,1.61,21.4,15.274032418928,0.2653972,61.50746698,-528.0,3450.0,79.2,2026-09-03,0.1,48.7,False
2257,300822,贝仕达克,12.31,1.74,0.83,126.25,11.972184205103,0.1108092,59.9808442,-1199.0,3910.0,71.6,2026-09-03,2.82,42.9,False
2258,300823,建科智能,14.99,1.77,1.45,38.36,14.879152769272,0.0992076,66.4292564,1423.0,1839.0,62.0,2026-09-03,0.74,41.2,False
2259,300824,北鼎股份,7.93,1.41,0.36,27.17,7.892018144592,0.1362712,71.1593553,829.0,734.0,63.6,2026-09-03,0.48,45.3,False
2260,300825,阿尔特,12.64,1.28,2.74,119.48,12.560472062897,0.3120584,72.69323859,632.0,494.0,72.0,2026-09-03,0.63,52.3,False
2261,300826,测绘股份,15.03,0.27,0.76,531.83,15.033822229952,0.3083608,58.61433374,124.0,4244.0,62.4,2026-09-03,-0.03,36.6,False
2262,300827,上能电气,24.54,0.16,0.94,31.55,24.472760147634,0.3216116,71.9789694,1707.0,591.0,71.2,2026-09-03,0.27,51.2,False
2263,300828,锐新科技,17.76,6.28,10.23,97.01,16.471566055036,0.1078248,60.3913918,832.0,3799.0,66.0,2026-09-03,7.82,39.9,False
2264,300829,金丹科技,17.76,9.02,7.07,38.85,15.992182129594,0.2384228,68.00296472,1007.0,1410.0,72.4,2026-09-03,11.05,49.2,False
2265,300830,金现代,10.16,0.69,17.27,-97.84,9.918423129996,0.5077464,71.54658153,1892.0,663.0,67.2,2026-09-03,2.44,48.1,False
2266,300831,ST派瑞,15.27,1.06,0.67,105.52,15.107985710592,0.1890172,58.13171908,-1571.0,4359.0,64.8,2026-09-03,1.07,37.7,False
2267,300832,新产业,51.83,3.0,0.43,23.47,50.334852020758,0.1353416,70.78767503,-326.0,773.0,72.4,2026-09-03,2.97,51.3,False
2268,300833,浩洋股份,41.45,1.15,0.41,29.01,41.152676617287,0.1264576,68.96448813,-449.0,1144.0,69.6,2026-09-03,0.72,48.0,False
2269,300834,星辉环材,42.79,1.25,0.77,84.29,42.051385927276,0.249042,62.04202412,-370.0,3291.0,60.0,2026-09-03,1.76,37.2,False
2270,300835,龙磁科技,158.84,-3.15,2.14,131.77,163.834749468536,0.3762352,71.62345171,1923.0,646.0,67.6,2026-09-03,-3.05,48.4,False
2271,300836,佰奥智能,49.74,1.47,1.97,102.18,49.438301337975,0.232398,68.32151069,481.0,1329.0,62.8,2026-09-03,0.61,42.9,False
2272,300837,浙矿股份,23.6,2.61,1.06,66.87,23.280379924206,0.0747592,66.86601768,296.0,1713.0,61.6,2026-09-03,1.37,41.2,False
2273,300838,浙江力诺,14.9,1.57,1.19,118.46,14.794662132618,0.0919212,62.97590287,-246.0,2989.0,65.6,2026-09-03,0.71,41.3,False
2274,300839,博汇股份,12.83,0.63,3.13,96.86,12.720597850676,0.2366704,77.85870679,375.0,97.0,71.6,2026-09-03,0.86,55.7,False
2275,300840,酷特智能,20.94,4.86,4.33,92.74,20.328414411675,0.2653468,61.92070514,45.0,3332.0,71.6,2026-09-03,3.01,44.3,False
2276,300841,康华生物,51.74,1.97,1.09,23.82,51.191327838222,0.2009592,63.35657635,-1003.0,2857.0,74.4,2026-09-03,1.07,47.1,False
2277,300842,帝科股份,63.2,1.59,2.12,123.86,62.391399712896,0.2686772,67.39547666,-463.0,1568.0,70.8,2026-09-03,1.3,47.7,False
2278,300843,胜蓝股份,126.2,-1.87,2.01,79.64,128.781185213938,0.3801968,78.05275406,740.0,89.0,73.2,2026-09-03,-2.0,57.1,False
2279,300844,山水比德,25.06,2.83,0.77,-30.77,24.630714992027,0.0489964,57.53277922,-521.0,4495.0,63.6,2026-09-03,1.74,36.6,False
2280,300845,捷安高科,14.03,1.81,2.83,-214.18,13.656245856891,0.3461856,69.879903,44.0,928.0,67.2,2026-09-03,2.74,47.0,False
2281,300846,首都在线,19.76,1.96,3.83,-154.89,19.457584144205,0.2475672,57.62807312,-2008.0,4472.0,77.2,2026-09-03,1.55,44.5,False
2282,300847,中船汉光,14.34,2.14,0.68,38.34,14.129194926265,0.2032964,64.44753609,-1306.0,2493.0,70.4,2026-09-03,1.49,45.4,False
2283,300848,美瑞新材,11.86,0.94,0.26,98.17,11.849385915977,0.1275256,55.47248288,-826.0,4821.0,61.2,2026-09-03,0.09,33.9,False
2284,300849,锦盛新材,23.04,0.17,0.73,-142.98,22.793335200068,0.275022,61.37416596,-2265.0,3502.0,64.4,2026-09-03,1.08,39.5,False
2285,300850,新强联,27.3,1.3,2.06,13.74,26.913578025578,0.2301732,68.22941479,-889.0,1356.0,76.0,2026-09-03,1.44,51.9,False
2286,300851,交大思诺,24.52,1.78,0.77,56.85,24.357774871963,0.0806756,64.78729817,-43.0,2380.0,60.8,2026-09-03,0.67,39.4,False
2287,300852,四会富仕,49.72,0.65,4.22,45.42,47.834383912307,0.260488,69.95102187,2955.0,913.0,66.4,2026-09-03,3.94,46.4,False
2288,300853,申昊科技,28.41,-0.32,1.09,-34.83,28.53856118937,0.2091588,65.95053906,-813.0,1990.0,66.8,2026-09-03,-0.45,44.1,False
2289,300854,中兰环保,17.84,-4.65,6.19,170.17,18.48942441527,0.1875308,64.39178763,2036.0,2512.0,61.2,2026-09-03,-3.51,39.4,False
2290,300855,图南股份,35.94,0.7,0.59,28.54,35.785744098876,0.275022,73.07531509,113.0,439.0,71.2,2026-09-03,0.43,52.0,False
2291,300856,科思股份,10.9,1.87,0.54,44.33,10.782298805377,0.1800244,58.20979329,-385.0,4337.0,64.4,2026-09-03,1.09,37.5,False
2292,300857,协创数据,258.69,-2.7,2.5,34.43,264.781078678148,0.5380888,79.42325925,-26.0,49.0,91.6,2026-09-03,-2.3,72.8,False
2293,300858,科拓生物,14.57,2.03,0.63,76.49,14.375649927836,0.1811724,59.70161977,124.0,3985.0,66.0,2026-09-03,1.35,39.4,False
2294,300859,西域旅游,28.98,1.68,4.54,610.46,29.88529426941,0.2691604,65.08902487,-2081.0,2275.0,76.4,2026-09-03,-3.03,49.7,False
2295,300860,锋尚文化,31.3,11.27,4.58,-841.12,28.236166799414,0.2401988,67.02514248,474.0,1671.0,66.8,2026-09-03,10.85,44.8,False
2296,300861,美畅股份,16.59,1.28,1.2,18.0,16.349765167413,0.2040464,65.06581051,-76.0,2285.0,62.0,2026-09-03,1.47,40.3,False
2297,300862,蓝盾光电,47.28,3.23,6.32,-586.35,47.468565152672,0.391763650794,49.51455709,-909.0,5178.0,76.8,2026-09-03,-0.4,38.0,False
2298,300863,卡倍亿,41.57,0.29,1.16,49.26,41.670227316641,0.24819,60.45646337,-442.0,3783.0,64.8,2026-09-03,-0.24,39.2,False
2299,300864,南大环境,28.97,13.03,4.39,27.07,25.197833990389,0.1918576,69.75172929,2660.0,960.0,67.2,2026-09-03,14.97,46.9,False
2300,300865,大宏立,34.43,1.86,3.57,57.53,33.865493678047,0.1560208,61.72968525,42.0,3387.0,70.8,2026-09-03,1.67,43.7,False
2301,300866,安克创新,137.97,0.59,0.88,23.83,136.394878270589,0.3048476,79.98746702,-34.0,45.0,80.4,2026-09-03,1.15,64.3,False
2302,300867,圣元环保,17.56,1.15,0.97,12.15,17.521013730897,0.156304,62.537147,-867.0,3131.0,67.2,2026-09-03,0.22,42.0,False
2303,300868,杰美特,83.24,-1.36,1.75,-364.28,85.045526651454,0.2357568,57.8580359,-1196.0,4420.0,61.6,2026-09-03,-2.12,35.6,False
2304,300869,康泰医学,11.4,1.69,0.43,-46.49,11.319478761417,0.1785196,59.09998133,853.0,4137.0,68.4,2026-09-03,0.71,40.4,False
2305,300870,欧陆通,208.73,-2.01,2.91,1970.32,206.467892246598,0.356532,71.41167803,2516.0,687.0,73.2,2026-09-03,1.1,52.3,False
2306,300871,回盛生物,23.06,0.96,1.21,11.31,22.822462640705,0.2170276,68.7737669,-757.0,1199.0,68.8,2026-09-03,1.04,47.3,False
2307,300872,天阳科技,16.5,5.84,3.32,67.1,15.741290606687,0.2573836,60.15029299,1025.0,3856.0,69.2,2026-09-03,4.82,41.6,False
2308,300873,海晨股份,15.86,1.15,2.22,155.5,15.737693085575,0.143156,63.25478198,-265.0,2886.0,65.2,2026-09-03,0.78,41.2,False
2309,300875,捷强装备,35.11,6.39,5.01,-182.26,33.497511041114,0.2200904,61.31261454,-2969.0,3514.0,77.6,2026-09-03,4.81,47.6,False
2310,300876,蒙泰高新,15.8,2.13,1.18,-71.94,15.715208398351,0.0984156,61.4583221,1053.0,3469.0,66.8,2026-09-03,0.54,41.1,False
2311,300877,金春股份,26.98,1.2,0.64,51.41,27.082886795423,0.1810644,65.96209991,-1359.0,1986.0,65.2,2026-09-03,-0.38,43.0,False
2312,300878,维康药业,34.31,2.66,0.74,-111.61,33.386181607091,0.2403864,57.23283304,-266.0,4552.0,60.4,2026-09-03,2.77,34.6,False
2313,300879,大叶股份,17.53,2.22,0.48,91.89,17.329293452094,0.1170316,63.3547,714.0,2859.0,67.2,2026-09-03,1.16,42.6,False
2314,300880,迦南智能,21.4,3.28,1.54,60.34,20.986103228879,0.2882932,64.69912605,313.0,2404.0,67.2,2026-09-03,1.97,43.5,False
2315,300881,盛德鑫泰,32.19,1.58,0.61,29.38,31.970243220584,0.159482,65.70697453,871.0,2070.0,60.8,2026-09-03,0.69,39.9,False
2316,300882,万胜智能,14.52,2.54,0.48,38.45,14.271338934103,0.0582988,59.13055795,-93.0,4125.0,62.8,2026-09-03,1.74,37.1,False
2317,300883,龙利得,6.72,-0.59,1.6,-343.39,6.750601961462,0.34923,59.61783208,984.0,4004.0,64.0,2026-09-03,-0.45,38.2,False
2318,300884,狄耐克,13.35,0.0,0.86,56.55,13.448162605683,0.1453836,60.93152342,129.0,3623.0,68.4,2026-09-03,-0.73,41.7,False
2319,300885,海昌新材,19.91,1.63,1.24,56.21,19.732143117926,0.1488688,66.14542141,1783.0,1924.0,62.4,2026-09-03,0.9,41.3,False
2320,300886,华业香料,23.74,1.89,1.21,130.5,23.697153045053,0.13637,56.97716658,-179.0,4592.0,64.8,2026-09-03,0.18,36.9,False
2321,300887,谱尼测试,7.34,2.09,1.55,-19.84,7.236679909243,0.1239728,58.60937481,-217.0,4248.0,70.8,2026-09-03,1.43,41.5,False
2322,300888,稳健医疗,29.57,1.69,0.28,16.79,29.247834410498,0.1626836,68.19771206,-926.0,1360.0,70.4,2026-09-03,1.1,48.0,False
2323,300889,爱克股份,27.02,-1.31,4.38,-106.76,26.750140252042,0.5051036,67.06761864,-528.0,1661.0,70.4,2026-09-03,1.01,47.2,False
2324,300890,翔丰华,26.68,1.21,1.87,31.33,26.503698964179,0.1949668,58.61185907,137.0,4245.0,68.4,2026-09-03,0.67,40.1,False
2325,300891,惠云钛业,7.62,1.6,0.66,204.45,7.541933415071,0.1418856,64.56906378,1358.0,2447.0,66.0,2026-09-03,1.04,42.6,False
2326,300892,品渥食品,23.85,1.92,1.62,-266.04,23.514438818847,0.1150736,55.9586843,-54.0,4762.0,66.4,2026-09-03,1.43,37.2,False
2327,300893,松原安全,14.84,0.41,0.31,28.26,14.725895721359,0.1554328,66.71139437,1601.0,1757.0,62.4,2026-09-03,0.77,41.6,False
2328,300894,火星人,11.25,0.54,0.99,-17.5,11.322536016356,0.1754164,61.14805081,-487.0,3561.0,62.4,2026-09-03,-0.64,38.2,False
2329,300895,铜牛信息,56.29,-0.72,5.68,-107.76,55.670555826045,0.2956064,69.53210147,234.0,1021.0,81.2,2026-09-03,1.11,56.5,False
2330,300896,爱美客,93.91,2.92,0.77,23.94,92.234852209857,0.2851692,69.5354564,-244.0,1019.0,76.8,2026-09-03,1.82,53.4,False
2331,300897,山科智能,16.47,0.61,0.53,204.15,16.383534628464,0.1380408,57.44400175,-341.0,4515.0,61.6,2026-09-03,0.53,35.4,False
2332,300898,熊猫乳品,20.69,2.58,1.05,35.97,20.356961467807,0.1370768,62.03678323,-189.0,3292.0,67.2,2026-09-03,1.64,41.7,False
2333,300899,上海凯鑫,31.79,2.05,0.75,98.54,31.456411375293,0.1167116,62.98085563,1057.0,2985.0,62.8,2026-09-03,1.06,39.6,False
2334,300900,广联航空,24.15,1.68,1.71,224.8,23.826772397441,0.1604844,46.18127169,0.0,5193.0,69.2,2026-09-03,1.36,32.0,False
2335,300901,中胤时尚,19.71,-0.05,1.27,771.19,20.037387072666,0.2322276,59.90981847,-1363.0,3935.0,70.8,2026-09-03,-1.63,42.4,False
2336,300902,国安达,16.57,1.1,0.93,-86.63,16.40757763667,0.1475576,53.78033549,-307.0,4997.0,66.4,2026-09-03,0.99,35.7,False
2337,300903,科翔股份,89.07,-2.31,3.8,-292.11,90.494735865952,0.4629376,70.0558683,1699.0,895.0,86.0,2026-09-03,-1.57,60.2,False
2338,300904,威力传动,41.53,1.84,1.02,-28.92,41.029655742038,0.1489204,60.19877371,-764.0,3844.0,62.0,2026-09-03,1.22,37.3,False
2339,300905,宝丽迪,36.41,0.86,0.94,47.5,36.316522556649,0.143996,57.77529626,-1495.0,4438.0,65.6,2026-09-03,0.26,37.9,False
2340,300906,日月明,30.5,-0.46,0.62,61.98,30.704596487047,0.2098252,66.50614606,1480.0,1814.0,64.0,2026-09-03,-0.67,42.6,False
2341,300907,康平科技,52.73,0.0,1.36,74.43,52.399512122018,0.31801,66.89139857,560.0,1705.0,62.8,2026-09-03,0.63,42.0,False
2342,300908,仲景食品,25.75,1.98,0.65,17.35,25.395815600032,0.2064588,67.74641602,917.0,1476.0,69.6,2026-09-03,1.39,47.2,False
2343,300909,汇创达,56.53,-1.74,0.81,182.56,57.041340915559,0.4167204,69.46602202,-147.0,1036.0,67.6,2026-09-03,-0.9,47.0,False
2344,300910,瑞丰新材,29.73,-1.78,1.39,13.73,30.261306975658,0.2157832,67.81568456,-557.0,1459.0,74.4,2026-09-03,-1.76,50.5,False
2345,300911,亿田智能,31.95,-1.75,8.5,-54.14,31.769125635785,0.2763888,72.7750611,732.0,481.0,82.4,2026-09-03,0.57,60.0,False
2346,300912,凯龙高科,21.17,1.0,1.54,-77.94,21.081772919868,0.2114932,53.10078954,145.0,5047.0,59.6,2026-09-03,0.42,31.6,False
2347,300913,兆龙互连,36.0,1.64,1.25,58.28,35.547316237781,0.2014008,66.21696117,-1445.0,1898.0,75.2,2026-09-03,1.27,49.8,False
2348,300915,海融科技,20.3,2.42,1.63,103.13,20.338005559735,0.18415,61.75120592,-466.0,3382.0,62.8,2026-09-03,-0.19,38.8,False
2349,300916,朗特智能,25.04,-1.26,1.35,311.75,25.170325244946,0.17515,68.7388071,2412.0,1205.0,70.0,2026-09-03,-0.52,48.1,False
2350,300917,特发服务,29.38,4.78,8.6,38.76,28.388314617267,0.2741212,72.43839795,-124.0,532.0,78.4,2026-09-03,3.49,56.8,False
2351,300918,南山智尚,10.82,0.93,0.51,38.05,10.792697683873,0.2098136,64.41506859,1533.0,2503.0,65.6,2026-09-03,0.25,42.3,False
2352,300919,中伟新材,40.16,0.2,0.52,16.1,40.003093367756,0.2739836,75.6696241,950.0,203.0,77.6,2026-09-03,0.39,58.7,False
2353,300920,润阳科技,35.64,1.8,0.92,749.61,34.762244726851,0.2844772,65.33634554,166.0,2191.0,63.2,2026-09-03,2.53,41.3,False
2354,300921,南凌科技,16.27,0.81,2.58,87.3,16.314204812117,0.1982544,68.02235382,2047.0,1406.0,66.8,2026-09-03,-0.27,45.4,False
2355,300922,天秦装备,20.16,2.6,7.42,180.6,19.945096499558,0.2229572,66.78567679,-1692.0,1734.0,79.6,2026-09-03,1.08,53.2,False
2356,300923,研奥股份,25.38,1.24,0.59,108.0,25.308316740413,0.0691504,62.19080621,-119.0,3238.0,62.4,2026-09-03,0.28,38.8,False
2357,300925,法本信息,15.27,3.95,2.02,80.19,14.838931732425,0.1518024,66.10198906,1084.0,1938.0,69.6,2026-09-03,2.9,46.0,False
2358,300926,博俊科技,18.04,1.06,0.65,13.77,17.885523124321,0.1622964,63.72447217,115.0,2741.0,66.4,2026-09-03,0.86,42.3,False
2359,300927,江天化学,30.92,-1.93,8.0,37.56,31.628466435462,0.2918,67.58640018,667.0,1517.0,82.0,2026-09-03,-2.24,55.4,False
2360,300928,华安鑫创,25.52,2.86,1.65,-24.89,25.241936469175,0.1342332,52.8334609,-374.0,5058.0,62.4,2026-09-03,1.1,33.0,False
2361,300929,华骐环保,16.72,0.18,1.29,-218.69,16.680231979379,0.1604076,55.72536851,45.0,4792.0,67.6,2026-09-03,0.24,37.7,False
2362,300930,屹通新材,25.84,0.7,1.05,39.98,25.917951057248,0.1058652,63.60357395,1314.0,2790.0,61.2,2026-09-03,-0.3,38.9,False
2363,300931,通用电梯,15.38,-0.9,1.0,-106.85,15.525580644438,0.3191704,56.38694775,-2.0,4691.0,60.4,2026-09-03,-0.94,34.1,False
2364,300932,三友联众,11.49,2.77,2.18,31.23,11.120820002572,0.1812288,64.89890893,-1567.0,2336.0,64.4,2026-09-03,3.32,41.8,False
2365,300933,中辰股份,6.88,3.15,1.52,73.35,6.674441408975,0.2919772,65.45595138,1387.0,2150.0,66.0,2026-09-03,3.08,43.2,False
2366,300935,盈建科,30.49,1.77,1.6,-30.79,29.977383148813,0.1208156,57.65083315,101.0,4465.0,65.2,2026-09-03,1.71,37.6,False
2367,300936,中英科技,76.9,1.95,6.8,-809.19,75.403972439876,0.3023628,52.11916951,-8.0,5099.0,76.8,2026-09-03,1.98,40.0,False
2368,300937,药易购,25.7,2.39,2.59,-129.04,25.318395518176,0.2191328,61.05376351,-1270.0,3597.0,71.6,2026-09-03,1.51,43.7,False
2369,300938,信测标准,27.01,0.56,1.22,42.62,26.64938157349,0.234514,69.76142562,1812.0,957.0,60.0,2026-09-03,1.35,41.9,False
2370,300939,秋田微,66.13,0.96,1.23,115.02,65.095993858639,0.2411068,72.45901536,0.0,529.0,64.4,2026-09-03,1.59,46.7,False
2371,300940,南极光,14.22,1.79,1.17,228.95,14.117897211068,0.1106616,59.46950058,-1928.0,4038.0,65.2,2026-09-03,0.72,38.8,False
2372,300941,创识科技,16.67,6.79,5.42,-558.52,15.856494695513,0.1371424,54.73203444,-932.0,4918.0,74.4,2026-09-03,5.13,40.7,False
2373,300942,易瑞生物,6.68,2.3,0.61,-68.58,6.58911430153,0.1229648,55.08709112,110.0,4873.0,65.2,2026-09-03,1.38,35.9,False
2374,300943,春晖智控,34.82,2.08,7.76,125.88,33.992164017215,0.3309932,72.03614314,126.0,581.0,69.6,2026-09-03,2.44,50.1,False
2375,300945,曼卡龙,13.41,5.51,8.23,21.79,12.898524657404,0.1842884,72.97343361,242.0,454.0,78.4,2026-09-03,3.97,57.2,False
2376,300946,恒而达,37.6,0.51,0.48,100.44,37.604903509189,0.1465116,58.76494664,-632.0,4220.0,62.0,2026-09-03,-0.01,36.4,False
2377,300947,德必集团,15.4,4.48,2.17,318.21,14.896519681315,0.1073932,61.7141554,689.0,3392.0,69.2,2026-09-03,3.38,42.7,False
2378,300948,冠中生态,21.68,2.75,1.16,-346.39,21.292257168921,0.215656,53.08471868,-469.0,5050.0,61.6,2026-09-03,1.82,32.7,False
2379,300949,奥雅股份,23.68,2.38,1.06,-81.48,23.323744767049,0.0860176,65.45989834,973.0,2149.0,64.8,2026-09-03,1.53,42.4,False
2380,300950,德固特,19.73,0.15,3.99,137.25,19.407719958761,0.1731408,75.85214276,231.0,190.0,74.8,2026-09-03,1.66,56.7,False
2381,300951,博硕科技,81.0,4.35,3.05,-216.04,76.576753872718,0.4074456,68.77935995,-259.0,1198.0,71.6,2026-09-03,5.78,49.2,False
2382,300952,恒辉安防,16.62,0.0,0.91,94.46,16.673396938867,0.1418356,61.73156912,-353.0,3386.0,60.8,2026-09-03,-0.32,37.5,False
2383,300953,震裕科技,91.01,-1.61,1.57,26.18,92.108777928896,0.2791268,71.33795636,2086.0,699.0,74.4,2026-09-03,-1.19,53.1,False
2384,300955,嘉亨家化,29.88,1.29,0.49,-165.28,29.888316797389,0.172836909091,59.10805312,157.0,4132.0,60.8,2026-09-03,-0.03,35.9,False
2385,300956,英力股份,11.63,1.66,1.49,-39.29,11.64262804848,0.1035108,62.86607697,-187.0,3024.0,66.0,2026-09-03,-0.11,41.5,False
2386,300957,贝泰妮,33.71,2.12,1.02,24.47,33.255268747171,0.2603164,71.54596411,-507.0,664.0,76.0,2026-09-03,1.37,54.4,False
2387,300958,建工修复,12.61,0.88,1.36,490.61,12.534770996243,0.077934,55.43956293,-113.0,4832.0,63.6,2026-09-03,0.6,35.3,False
2388,300959,线上线下,95.38,0.45,2.18,-913.93,95.388770489564,0.2140004,61.03924109,212.0,3598.0,64.0,2026-09-03,-0.01,39.1,False
2389,300960,通业科技,17.12,0.06,0.38,118.96,17.099464977714,0.032064,63.04258392,-114.0,2965.0,62.4,2026-09-03,0.12,39.3,False
2390,300961,深水海纳,14.24,5.56,7.2,-22.29,13.249823088027,0.244268,65.09417529,968.0,2272.0,63.6,2026-09-03,7.47,41.4,False
2391,300962,中金辐照,13.26,1.22,0.37,42.2,13.21347075313,0.173898,63.60188263,-255.0,2791.0,63.6,2026-09-03,0.35,40.5,False
2392,300963,中洲特材,11.81,1.46,0.88,69.33,11.675223126976,0.1233776,56.94020264,-1077.0,4596.0,67.6,2026-09-03,1.15,38.5,False
2393,300964,本川智能,58.75,0.58,2.19,73.51,58.470452027505,0.2138052,63.22640344,471.0,2899.0,68.8,2026-09-03,0.48,43.5,False
2394,300965,恒宇信通,44.55,1.55,0.51,-84.21,44.299979234264,0.139348,59.05227119,-143.0,4153.0,62.4,2026-09-03,0.56,36.8,False
2395,300966,共同药业,23.81,1.28,1.06,-41.79,23.764150447304,0.123146,57.27740502,19.0,4546.0,60.8,2026-09-03,0.19,34.8,False
2396,300967,晓鸣股份,17.81,3.79,2.61,904.03,17.271497643451,0.1478724,56.41258068,75.0,4688.0,68.4,2026-09-03,3.12,38.6,False
2397,300968,格林精密,10.63,1.43,1.33,-29.12,10.738319931092,0.1780684,59.84360846,-2167.0,3956.0,75.2,2026-09-03,-1.01,45.0,False
2398,300969,恒帅股份,78.32,-5.18,3.56,81.86,83.413280324757,0.263728,65.30534667,7.0,2198.0,65.6,2026-09-03,-6.11,42.8,False
2399,300970,华绿生物,19.57,4.15,11.24,33.94,19.022565613786,0.2066212,69.4277461,-423.0,1040.0,75.6,2026-09-03,2.88,52.5,False
2400,300971,博亚精工,18.19,1.39,0.87,31.98,18.091329766967,0.0830992,59.59191239,-417.0,4011.0,61.6,2026-09-03,0.55,36.7,False
2401,300972,万辰集团,185.96,2.81,0.52,15.16,181.349049642286,0.1596004,69.21143989,-775.0,1094.0,68.8,2026-09-03,2.54,47.6,False
2402,300973,立高食品,27.02,1.66,1.0,18.09,26.810312461337,0.1581256,63.19259547,-1604.0,2910.0,68.8,2026-09-03,0.78,43.5,False
2403,300975,商络电子,24.94,-2.5,4.41,17.02,25.356147386104,0.296542,76.1709242,955.0,166.0,76.8,2026-09-03,-1.64,58.5,False
2404,300976,达瑞电子,61.22,2.6,4.52,35.25,58.668586848556,0.2921964,71.7249077,428.0,628.0,66.4,2026-09-03,4.35,47.6,False
2405,300977,深圳瑞捷,18.84,0.91,2.75,220.82,18.738043098284,0.143906,60.83523303,-2591.0,3655.0,72.0,2026-09-03,0.54,43.8,False
2406,300978,东箭科技,9.0,1.58,0.37,28.52,8.930762326121,0.0854236,61.59992187,-339.0,3427.0,63.6,2026-09-03,0.78,39.2,False
2407,300979,华利集团,33.4,2.77,0.1,20.46,32.766521370061,0.1492328,70.74509587,-100.0,781.0,65.2,2026-09-03,1.93,46.1,False
2408,300980,祥源新材,24.17,1.05,1.89,25.98,23.926182324971,0.1603488,62.3986503,-175.0,3168.0,62.0,2026-09-03,1.02,38.7,False
2409,300981,中红医疗,16.98,2.47,2.52,22.95,16.578476397519,0.2015372,67.59028756,1586.0,1514.0,72.8,2026-09-03,2.42,49.2,False
2410,300982,苏文电能,15.23,2.15,0.59,-256.27,15.031837000028,0.0927336,52.95636271,5.0,5055.0,60.4,2026-09-03,1.32,32.0,False
2411,300983,尤安设计,38.95,-1.89,0.24,-226.14,39.868961538462,0.1793268,57.64576227,-1001.0,4467.0,59.2,2026-09-03,-2.3,34.1,False
2412,300984,金沃股份,30.77,-0.74,1.12,105.43,31.273536005719,0.1680352,59.43103654,-360.0,4050.0,58.8,2026-09-03,-1.61,34.9,False
2413,300985,致远新能,36.97,0.0,0.48,-132.7,36.538273541502,0.2178164,59.53690391,242.0,4020.0,62.8,2026-09-03,1.18,37.4,False
2414,300986,志特新材,12.38,3.0,3.4,41.96,11.97214908181,0.225606,62.17743216,-1254.0,3242.0,80.0,2026-09-03,3.41,49.7,False
2415,300987,川网传媒,14.63,4.95,3.67,1711.2,14.477237002657,0.1257468,70.9774308,1660.0,749.0,66.4,2026-09-03,1.06,47.1,False
2416,300988,津荣天宇,15.96,1.79,1.01,23.39,15.699860696704,0.1497388,68.74514695,-40.0,1203.0,64.4,2026-09-03,1.66,44.3,False
2417,300989,蕾奥规划,14.95,4.18,1.51,-32.21,14.487315070408,0.1755664,54.00800683,-320.0,4979.0,66.8,2026-09-03,3.19,36.1,False
2418,300990,同飞股份,100.23,-6.51,11.81,67.06,103.765554667697,0.3630008,84.36203698,23.0,3.0,82.4,2026-09-03,-3.41,69.5,False
2419,300991,创益通,27.94,2.83,1.03,-118.02,27.317718229857,0.0719844,55.68561365,22.0,4799.0,63.6,2026-09-03,2.28,35.4,False
2420,300992,泰福泵业,26.61,-0.93,1.42,440.8,26.831316225423,0.1447492,65.9720237,1363.0,1980.0,64.0,2026-09-03,-0.82,42.2,False
2421,300993,玉马科技,10.09,1.71,0.36,28.99,10.006876483802,0.1059284,67.08044681,895.0,1653.0,62.0,2026-09-03,0.83,41.6,False
2422,300994,久祺股份,11.58,2.21,0.95,57.02,11.439204790084,0.0830736,64.96741871,1038.0,2316.0,62.4,2026-09-03,1.23,40.5,False
2423,300995,奇德新材,27.53,3.61,1.48,82.21,26.701999606218,0.0653708,68.56387904,472.0,1254.0,62.0,2026-09-03,3.1,42.5,False
2424,300996,普联软件,14.25,3.94,7.78,-635.53,13.766803036906,0.242361320755,61.45372819,-225.0,3473.0,68.4,2026-09-03,3.51,42.0,False
2425,300997,欢乐家,17.09,3.39,1.81,160.0,16.721955857488,0.1799932,62.02786215,78.0,3297.0,70.4,2026-09-03,2.2,43.7,False
2426,300998,宁波方正,30.56,-1.64,3.99,1550.46,30.422548225639,0.3675832,68.18560496,16.0,1361.0,65.2,2026-09-03,0.45,44.5,False
2427,300999,金龙鱼,26.52,1.96,1.07,31.33,26.100199583724,0.2816572,66.39491808,181.0,1851.0,86.4,2026-09-03,1.61,57.4,False
2428,301000,肇民科技,24.01,-0.04,0.59,48.09,24.14344013687,0.1289176,61.49118181,410.0,3455.0,64.4,2026-09-03,-0.55,39.6,False
2429,301001,凯淳股份,25.97,3.55,4.27,600.01,25.447933408036,0.0901972,59.60184587,685.0,4007.0,64.4,2026-09-03,2.05,38.4,False
2430,301002,崧盛股份,28.8,1.09,3.01,51.38,28.186158195775,0.2032368,66.89130754,2148.0,1706.0,63.2,2026-09-03,2.18,42.3,False
2431,301003,江苏博云,62.11,1.39,1.09,53.8,61.894058527868,0.3848848,68.64546224,289.0,1228.0,65.6,2026-09-03,0.35,45.0,False
2432,301004,嘉益股份,35.28,0.97,0.1,15.11,34.977305083135,0.0880556,69.67034422,31.0,986.0,62.8,2026-09-03,0.87,43.8,False
2433,301005,超捷股份,66.88,0.51,1.15,546.95,66.53831106726,0.1989532,52.78033787,65.0,5061.0,72.8,2026-09-03,0.51,38.4,False
2434,301006,迈拓股份,14.05,1.66,0.57,101.02,13.963632929186,0.039862,63.13324303,-1330.0,2938.0,60.8,2026-09-03,0.62,38.4,False
2435,301007,德迈仕,31.63,3.3,1.03,159.32,31.133241057035,0.3652184,62.0116543,-2303.0,3307.0,69.2,2026-09-03,1.6,42.9,False
2436,301008,宏昌科技,44.55,-3.49,7.47,85.5,43.919882086868,0.3514176,59.51852481,-826.0,4028.0,74.8,2026-09-03,1.43,44.5,False
2437,301009,可靠股份,9.29,2.77,1.23,-159.67,9.146386106071,0.0321856,59.12934595,-1464.0,4126.0,62.8,2026-09-03,1.57,37.1,False
2438,301010,晶雪节能,18.08,1.12,0.79,144.19,18.048709957462,0.0879636,61.8284469,-945.0,3364.0,63.6,2026-09-03,0.17,39.3,False
2439,301011,华立科技,15.5,3.4,1.08,-11.0,15.266951555245,0.0563428,63.29869833,1392.0,2872.0,65.2,2026-09-03,1.53,41.3,False
2440,301012,扬电科技,23.9,0.13,2.65,75.91,24.26467791852,0.2612332,66.66391903,108.0,1764.0,76.4,2026-09-03,-1.5,50.9,False
2441,301013,利和兴,36.9,-2.41,3.81,-118.47,37.800357027709,0.2317128,55.0858103,306.0,4874.0,69.2,2026-09-03,-2.38,38.1,False
2442,301015,百洋医药,23.28,1.04,0.36,27.23,23.270900027026,0.2775232,67.50733577,-1015.0,1542.0,70.8,2026-09-03,0.04,47.8,False
2443,301016,雷尔伟,14.14,1.51,0.56,85.06,14.046671774837,0.1384196,62.28134485,-1859.0,3206.0,68.4,2026-09-03,0.66,42.6,False
2444,301017,漱玉平民,13.38,1.9,0.62,105.27,13.18129082847,0.109526,57.59715181,-113.0,4478.0,63.2,2026-09-03,1.51,36.4,False
2445,301018,申菱环境,106.48,-5.55,5.12,368.7,111.206637941034,0.456196,76.84525032,103.0,132.0,88.8,2026-09-03,-4.25,68.2,False
2446,301019,宁波色母,15.54,1.04,0.39,26.09,15.566735830561,0.0910972,62.55462774,-207.0,3120.0,57.2,2026-09-03,-0.17,35.8,False
2447,301020,密封科技,21.45,1.42,0.52,26.21,21.366301222336,0.1473636,62.29545203,-179.0,3202.0,59.6,2026-09-03,0.39,37.1,False
2448,301021,英诺激光,71.72,-3.08,2.31,155.95,73.194060889128,0.2456924,73.77218811,1536.0,365.0,72.4,2026-09-03,-2.01,53.4,False
2449,301022,海泰科,23.56,0.9,1.21,-62.81,23.607787924302,0.1752988,56.2896054,-103.0,4703.0,61.6,2026-09-03,-0.2,34.7,False
2450,301023,奕帆传动,29.26,0.62,0.67,52.78,29.398878691454,0.2098804,65.54500976,1919.0,2121.0,60.0,2026-09-03,-0.47,39.3,False
2451,301024,霍普股份,34.32,6.29,1.9,-52.72,32.756050969032,0.0755904,56.10406542,-48.0,4734.0,60.4,2026-09-03,4.77,33.9,False
2452,301025,读客文化,9.89,3.67,2.44,181.01,9.724165419808,0.1159028,59.11340902,-7.0,4130.0,70.4,2026-09-03,1.71,41.6,False
2453,301026,浩通科技,21.14,2.17,2.35,16.06,20.647255819686,0.1802028,62.23775666,964.0,3220.0,72.0,2026-09-03,2.39,44.8,False
2454,301027,华蓝集团,22.25,5.6,5.76,-88.05,21.145409316655,0.3178076,62.7271922,1716.0,3063.0,62.4,2026-09-03,5.22,39.1,False
2455,301028,鼎熔岩,13.78,1.7,1.03,19.94,13.608180188354,0.1144892,64.53203742,-661.0,2464.0,60.8,2026-09-03,1.26,39.2,False
2456,301029,怡合达,25.9,-0.8,1.0,25.87,25.864772549645,0.2627896,72.69673254,698.0,493.0,63.6,2026-09-03,0.14,46.2,False
2457,301030,*ST仕净,7.88,-2.11,4.41,-1.15,8.010548913273,0.2763516,54.80752633,63.0,4911.0,58.8,2026-09-03,-1.63,32.2,False
2458,301031,中熔电气,95.98,0.36,0.79,27.96,95.246709060686,0.2489244,72.97204652,10.0,456.0,65.6,2026-09-03,0.77,47.9,False
2459,301032,新柴股份,10.45,1.85,0.8,27.91,10.365429212928,0.0962612,64.80377986,204.0,2375.0,61.6,2026-09-03,0.82,39.9,False
2460,301033,迈普医学,55.27,3.1,1.08,32.76,53.684034557018,0.2010636,64.49061858,-386.0,2481.0,58.8,2026-09-03,2.95,37.9,False
2461,301035,润丰股份,56.48,1.11,0.17,20.51,55.725824458329,0.1430324,69.27643679,-764.0,1072.0,66.8,2026-09-03,1.35,46.3,False
2462,301036,双乐股份,23.02,1.95,0.6,827.96,22.90032721811,0.0432148,57.85115598,-1260.0,4422.0,64.0,2026-09-03,0.52,37.0,False
2463,301037,保立佳,13.34,1.06,1.19,-31.73,13.345731749913,0.0325028,54.07327304,-457.0,4971.0,60.8,2026-09-03,-0.04,32.9,False
2464,301038,深水规院,18.11,3.07,1.1,359.88,17.631902150066,0.1234316,62.58846046,-1657.0,3102.0,67.6,2026-09-03,2.71,42.3,False
2465,301039,中集车辆,7.9,1.54,0.34,22.17,7.835690701865,0.1297996,65.61643421,-1439.0,2095.0,63.6,2026-09-03,0.82,41.7,False
2466,301040,中环海陆,29.45,3.99,2.16,-32.1,28.671971578468,0.212168,58.65405835,-404.0,4239.0,63.6,2026-09-03,2.71,37.3,False
2467,301041,金百泽,29.59,0.65,2.18,141.31,29.435470349267,0.1400476,68.32768103,2000.0,1326.0,67.6,2026-09-03,0.52,46.2,False
2468,301042,安联锐视,32.71,1.08,1.4,114.03,32.530543518942,0.1094816,56.50319905,63.0,4668.0,65.2,2026-09-03,0.55,36.8,False
2469,301043,绿岛风,48.84,1.86,1.11,53.63,48.247652008826,0.1808912,68.71840914,-476.0,1210.0,63.6,2026-09-03,1.23,43.7,False
2470,301045,天禄科技,64.28,1.6,1.63,286.1,62.638118413579,0.266102,65.08452136,1054.0,2277.0,61.2,2026-09-03,2.62,39.8,False
2471,301046,能辉科技,27.93,2.76,4.57,-101.33,28.173239668865,0.3434864,58.86329912,-2319.0,4193.0,67.2,2026-09-03,-0.86,39.6,False
2472,301047,义翘神州,93.49,-1.24,1.31,66.74,94.018436564633,0.2278236,59.19381307,-1787.0,4111.0,76.8,2026-09-03,-0.56,45.5,False
2473,301048,金鹰重工,9.21,1.43,0.37,24.31,9.125292896952,0.1594764,65.16787349,-1349.0,2250.0,64.4,2026-09-03,0.93,42.0,False
2474,301049,超越科技,20.83,0.73,1.26,-26.81,20.858775143678,0.0589944,58.59093577,646.0,4252.0,63.2,2026-09-03,-0.14,37.0,False
2475,301050,雷电微力,29.8,2.09,0.47,-40.32,29.413324452249,0.1346804,55.9586758,-1228.0,4763.0,72.8,2026-09-03,1.31,40.7,False
2476,301051,信濠光电,17.88,-0.22,1.62,-22.28,17.906092981997,0.224872,64.66598461,-438.0,2413.0,62.8,2026-09-03,-0.15,40.6,False
2477,301052,果麦文化,26.22,3.15,5.41,-31.88,25.501555905272,0.1890948,66.30704549,1722.0,1878.0,74.4,2026-09-03,2.82,49.3,False
2478,301053,远信工业,34.15,-1.75,3.81,88.66,35.395702249602,0.416568,54.24666079,-384.0,4955.0,59.6,2026-09-03,-3.52,32.3,False
2479,301055,张小泉,27.69,0.62,1.27,62.26,27.416975377528,0.2000432,64.71080167,-100.0,2399.0,67.6,2026-09-03,1.0,43.7,False
2480,301056,森赫股份,15.16,8.44,3.55,72.06,14.257958101583,0.0897216,61.80539788,-531.0,3367.0,70.0,2026-09-03,6.33,43.3,False
2481,301057,汇隆新材,22.57,1.39,1.05,41.69,22.323072836627,0.1053788,62.66216404,1445.0,3085.0,62.0,2026-09-03,1.11,38.9,False
2482,301058,中粮科工,8.99,2.98,1.03,26.74,8.786426551546,0.2335208,67.01804769,-256.0,1675.0,71.6,2026-09-03,2.32,48.0,False
2483,301059,金三江,12.52,1.71,0.54,32.57,12.369730379212,0.0837556,67.16673693,-761.0,1633.0,62.8,2026-09-03,1.21,42.2,False
2484,301060,兰卫医学,10.71,1.61,1.56,33.73,10.583364325553,0.1487568,59.25938436,162.0,4091.0,73.2,2026-09-03,1.2,43.4,False
2485,301061,匠心家居,37.35,4.92,0.79,17.27,36.019022673155,0.1133752,68.66009859,-847.0,1223.0,66.0,2026-09-03,3.7,45.3,False
2486,301062,上海艾录,7.38,-0.27,0.73,94.56,7.513031581654,0.127934,58.8680986,-2289.0,4191.0,66.4,2026-09-03,-1.77,39.1,False
2487,301063,海锅股份,18.43,0.38,0.54,211.36,18.280386634413,0.0764092,65.58496955,1169.0,2107.0,61.2,2026-09-03,0.82,40.1,False
2488,301065,本立科技,19.91,0.45,1.0,23.57,19.935583894638,0.092004,61.4395386,19.0,3479.0,63.2,2026-09-03,-0.13,38.8,False
2489,301066,万事利,13.08,2.75,1.11,78.13,12.968761679012,0.1604848,64.950263,-2061.0,2324.0,67.6,2026-09-03,0.86,43.9,False
2490,301067,显盈科技,29.61,-2.92,3.49,-76.45,30.54232482716,0.2593456,63.9359272,363.0,2674.0,66.0,2026-09-03,-3.05,42.2,False
2491,301068,大地海洋,27.69,0.62,0.63,62.52,27.12116475381,0.1537212,69.00682209,2177.0,1138.0,59.2,2026-09-03,2.1,40.9,False
2492,301069,凯盛新材,16.56,1.6,0.54,39.82,16.43825244533,0.1522068,60.65620799,-425.0,3727.0,66.8,2026-09-03,0.74,40.5,False
2493,301070,开勒股份,65.65,3.75,3.23,392.51,63.310746551066,0.314744,62.4498161,1466.0,3152.0,58.4,2026-09-03,3.69,36.5,False
2494,301071,力量钻石,61.23,-2.92,9.96,86.48,62.277573585929,0.3422712,77.69562248,417.0,103.0,80.8,2026-09-03,-1.68,62.8,False
2495,301072,中捷精工,44.12,0.05,0.93,-128.75,43.182560701605,0.2674864,62.18490109,651.0,3240.0,61.2,2026-09-03,2.17,38.1,False
2496,301073,君亭酒店,20.38,2.41,3.24,208.49,20.299617334046,0.194562,75.3729526,50.0,221.0,70.8,2026-09-03,0.4,53.4,False
2497,301075,多瑞医药,61.98,0.34,1.09,215.03,61.795763227908,0.2062372,63.95118586,1708.0,2667.0,64.8,2026-09-03,0.3,41.4,False
2498,301076,新瀚新材,22.35,0.31,1.23,69.63,22.369297431577,0.128612,62.25988523,-1802.0,3211.0,78.4,2026-09-03,-0.09,48.8,False
2499,301077,星华新材,21.75,0.37,0.94,27.45,21.791207726298,0.2056568,64.08861068,-2113.0,2608.0,70.0,2026-09-03,-0.19,44.9,False
2500,301078,孩子王,7.42,3.49,1.24,27.34,7.255667823888,0.217128,66.32898936,-227.0,1865.0,70.8,2026-09-03,2.26,47.0,False
2501,301079,邵阳液压,29.52,1.27,1.96,186.93,29.278596009084,0.1263516,57.63315522,-2457.0,4471.0,70.8,2026-09-03,0.82,40.8,False
2502,301080,百普赛斯,84.2,-1.59,4.74,71.77,86.023217776589,0.3248792,71.81257336,-291.0,616.0,76.8,2026-09-03,-2.12,55.2,False
2503,301081,严牌股份,16.35,2.83,1.0,409.26,15.904159972571,0.2113104,63.18519808,47.0,2912.0,66.8,2026-09-03,2.8,42.2,False
2504,301082,久盛电气,10.36,0.58,1.42,82.44,10.269971796528,0.20116,54.83205296,-153.0,4901.0,68.8,2026-09-03,0.88,37.7,False
2505,301083,百胜智能,14.25,1.71,0.77,234.1,14.195943447371,0.0336084,57.91254266,-187.0,4405.0,62.8,2026-09-03,0.38,36.4,False
2506,301085,亚康股份,68.6,3.55,12.42,59.99,66.463706683624,0.3405432,74.73267542,2873.0,277.0,78.8,2026-09-03,3.21,58.9,False
2507,301086,鸿富瀚,162.3,3.0,8.51,139.72,152.229878773964,0.4323448,77.68369174,-29.0,104.0,76.4,2026-09-03,6.62,59.4,False
2508,301087,可孚医疗,50.29,4.27,0.74,29.33,47.960302636601,0.1472544,71.73461591,-44.0,626.0,64.8,2026-09-03,4.86,46.5,False
2509,301088,戎美股份,13.69,3.09,0.4,65.47,13.437451092315,0.1073128,58.59140554,-434.0,4251.0,64.4,2026-09-03,1.88,37.7,False
2510,301089,拓新药业,23.26,1.0,0.61,-52.63,23.107121453839,0.1813252,56.98645386,448.0,4589.0,68.8,2026-09-03,0.66,39.2,False
2511,301090,华润材料,7.21,1.41,0.24,20.98,7.126034770359,0.1934652,63.53130779,-294.0,2809.0,69.2,2026-09-03,1.18,44.0,False
2512,301091,深城交,20.19,2.49,0.99,138.1,19.545769148203,0.2229572,74.40770489,558.0,308.0,71.6,2026-09-03,3.3,53.3,False
2513,301092,争光股份,44.14,0.07,2.11,77.11,44.119709822929,0.2267448,61.3414311,-2049.0,3510.0,62.4,2026-09-03,0.05,38.3,False
2514,301093,华兰股份,65.18,-1.69,1.67,905.29,66.862894113907,0.3604068,56.20661226,-174.0,4716.0,64.0,2026-09-03,-2.52,36.0,False
2515,301095,广立微,72.28,-1.22,1.47,208.13,73.681222038115,0.2374748,71.56292688,-171.0,660.0,69.6,2026-09-03,-1.9,49.8,False
2516,301096,百诚医药,43.37,-0.02,0.59,1482.5,43.407686810431,0.2043444,56.04989308,-1014.0,4748.0,66.0,2026-09-03,-0.09,37.0,False
2517,301097,天益医疗,35.19,3.93,1.78,89.09,34.217760107879,0.085046,56.90003024,-2877.0,4602.0,64.0,2026-09-03,2.84,36.4,False
2518,301098,金埔园林,9.38,6.23,3.74,-32.91,8.918190027654,0.1815196,52.5429413,-73.0,5075.0,62.4,2026-09-03,5.18,32.8,False
2519,301099,雅创电子,49.42,-1.16,2.5,19.2,49.89659943538,0.1695888,68.3739701,111.0,1307.0,67.6,2026-09-03,-0.96,46.2,False
2520,301100,风光股份,16.0,1.46,0.72,-76.46,15.922719425504,0.0568736,57.7359032,-285.0,4449.0,62.0,2026-09-03,0.49,35.8,False
2521,301101,明月镜片,30.44,2.01,0.51,27.61,30.170580584219,0.1513712,72.10605565,-516.0,571.0,70.0,2026-09-03,0.89,50.5,False
2522,301102,兆讯传媒,9.84,3.25,0.47,-70.09,9.650048160535,0.1374992,61.87103444,-1687.0,3347.0,62.4,2026-09-03,1.97,38.6,False
2523,301103,何氏眼科,16.57,1.66,0.67,31.52,16.384523373126,0.1329908,67.73455343,1074.0,1479.0,64.4,2026-09-03,1.13,43.6,False
2524,301105,鸿铭股份,50.29,5.54,3.35,-106.15,47.910380998312,0.15862,53.94687385,7.0,4984.0,60.8,2026-09-03,4.97,32.8,False
2525,301106,骏成科技,19.35,3.14,2.56,142.79,18.856118392362,0.1416184,56.17818354,-295.0,4718.0,66.8,2026-09-03,2.62,37.5,True
2526,301107,瑜欣电子,22.05,-0.32,0.94,60.63,22.391126915599,0.1149008,61.54346552,25.0,3438.0,60.0,2026-09-03,-1.52,36.9,False
2527,301108,洁雅股份,39.19,-3.62,3.36,52.94,39.433613006047,0.3401708,69.70355574,559.0,972.0,61.6,2026-09-03,-0.62,42.9,False
2528,301109,军信股份,13.07,0.62,0.27,12.06,12.970522671268,0.1384204,68.13561807,-858.0,1370.0,63.2,2026-09-03,0.77,43.1,False
2529,301110,青木科技,38.4,5.93,4.93,28.68,36.919670801124,0.204014,64.19437705,-617.0,2573.0,73.2,2026-09-03,4.01,47.0,False
2530,301111,粤万年青,22.56,1.21,1.9,565.82,22.121956338807,0.2434528,62.38042611,834.0,3174.0,73.2,2026-09-03,1.98,45.7,False
2531,301112,信邦智能,31.22,0.94,0.25,-214.1,31.115160218554,0.1178196,53.86019306,-926.0,4991.0,61.2,2026-09-03,0.34,33.0,False
2532,301113,雅艺科技,17.72,2.67,1.07,243.15,17.447069782321,0.0606248,67.06859119,-208.0,1660.0,62.0,2026-09-03,1.56,41.6,False
2533,301115,联检科技,29.83,-2.36,1.97,-87.24,30.011514177015,0.3788688,60.7410032,-1600.0,3696.0,61.6,2026-09-03,-0.6,37.4,False
2534,301116,益客食品,9.73,3.4,0.73,64.8,9.448313822602,0.1294632,63.09932348,56.0,2943.0,66.4,2026-09-03,2.98,41.9,False
2535,301117,ST佳缘,15.08,0.4,2.54,-20.27,14.98049356838,0.284692352941,55.21748101,-1981.0,4858.0,66.0,2026-09-03,0.66,36.4,False
2536,301118,恒光股份,23.72,1.32,1.2,20.88,23.804569970256,0.1613796,63.46823328,-46.0,2822.0,66.0,2026-09-03,-0.36,41.9,False
2537,301119,正强股份,26.65,-2.13,3.07,39.93,26.765890224279,0.3088168,73.87672695,290.0,351.0,67.2,2026-09-03,-0.43,49.6,False
2538,301120,新特电气,15.53,2.71,3.56,259.75,15.083422121324,0.1589624,60.72616835,-786.0,3701.0,66.4,2026-09-03,2.96,40.3,False
2539,301121,紫建电子,37.3,0.32,0.55,833.63,36.885085114572,0.2077092,65.98854759,366.0,1975.0,64.4,2026-09-03,1.12,42.5,False
2540,301122,采纳股份,46.39,4.25,4.38,286.73,43.850382895089,0.2810596,66.48951497,-463.0,1824.0,67.6,2026-09-03,5.79,44.9,False
2541,301123,奕东电子,78.59,-5.21,5.49,1006.68,81.090905565189,0.3081528,73.15917537,755.0,428.0,74.8,2026-09-03,-3.08,54.7,False
2542,301125,腾亚精工,14.13,-0.21,0.63,-100.2,14.073874308316,0.1533208,63.35005059,1449.0,2862.0,65.2,2026-09-03,0.4,41.3,False
2543,301126,达嘉维康,10.46,0.67,0.64,148.04,10.43559022082,0.0551088,66.86379533,-288.0,1714.0,64.0,2026-09-03,0.23,42.8,False
2544,301127,武汉天源,17.84,-2.03,2.11,78.07,17.709843992527,0.3506444,67.00076904,911.0,1678.0,67.6,2026-09-03,0.73,45.3,False
2545,301128,强瑞技术,122.27,-3.91,5.33,102.82,125.404478851347,0.4184804,80.39618936,26.0,38.0,81.2,2026-09-03,-2.5,65.3,False
2546,301129,瑞纳智能,23.84,2.27,2.63,139.83,23.432622089088,0.1635444,69.27101608,1911.0,1073.0,70.8,2026-09-03,1.74,49.0,False
2547,301130,西点药业,27.91,0.54,3.44,119.58,27.886264021137,0.205792,50.65492696,-42.0,5158.0,68.0,2026-09-03,0.09,34.4,False
2548,301131,聚赛龙,33.88,0.95,0.97,245.28,33.983255646737,0.1660604,58.66342851,-152.0,4237.0,62.0,2026-09-03,-0.3,36.4,False
2549,301132,满坤科技,39.3,-0.41,2.33,66.16,39.284587823448,0.2015496,69.70921457,2327.0,970.0,67.6,2026-09-03,0.04,47.1,False
2550,301133,金钟股份,32.4,-1.85,1.51,-57.38,31.979844167422,0.2767292,66.11798885,2172.0,1931.0,62.8,2026-09-03,1.31,41.5,False
2551,301135,瑞德智能,17.42,0.64,0.71,-375.98,17.467306146526,0.0583152,58.72434297,-247.0,4226.0,60.0,2026-09-03,-0.27,35.2,False
2552,301136,招标股份,12.8,5.61,3.57,214.43,12.220265585793,0.1802772,69.1216102,441.0,1117.0,66.4,2026-09-03,4.74,45.9,False
2553,301137,哈焊华通,33.06,1.5,0.93,162.03,32.625782560805,0.1608032,58.03429132,-1400.0,4384.0,67.6,2026-09-03,1.33,39.2,False
2554,301138,华研精机,29.18,0.69,0.97,39.89,29.238567981127,0.1307972,64.09942575,310.0,2602.0,63.6,2026-09-03,-0.2,40.8,False
2555,301139,*ST元道,,,0.0,-3.66,3.389959572517,0.0576108,51.81257179,-19.0,5115.0,58.4,2026-09-03,,30.3,False
2556,301141,中科磁业,39.94,0.38,1.53,300.87,39.63803820521,0.1699864,64.55257093,2141.0,2455.0,72.4,2026-09-03,0.76,46.7,False
2557,301148,嘉戎技术,53.82,1.26,0.73,178.19,52.451768113999,0.2962592,64.68780551,1976.0,2409.0,61.6,2026-09-03,2.61,39.8,False
2558,301149,隆华新材,8.67,0.23,1.33,17.96,8.728358397101,0.1611728,69.03727796,-760.0,1133.0,68.4,2026-09-03,-0.67,47.2,False
2559,301150,中一科技,37.3,-0.13,2.87,36.26,37.232870489088,0.1842464,63.4661784,-541.0,2824.0,76.8,2026-09-03,0.18,48.7,False
2560,301151,冠龙节能,22.63,0.76,3.38,144.19,22.295402016826,0.2006552,64.53317152,-2182.0,2462.0,77.6,2026-09-03,1.5,50.1,False
2561,301152,天力锂能,22.77,0.93,4.28,82.94,22.620069950605,0.1942216,60.20683083,-16.0,3841.0,74.0,2026-09-03,0.66,44.6,False
2562,301153,中科江南,18.89,6.0,2.44,-224.41,18.017879498903,0.1588044,72.49658818,837.0,523.0,66.0,2026-09-03,4.84,47.8,False
2563,301155,海力风电,38.33,-0.13,0.76,-44.58,38.480902660159,0.1907732,60.0849964,-1259.0,3874.0,65.6,2026-09-03,-0.39,39.4,False
2564,301156,美农生物,12.42,4.11,3.04,63.3,12.078625999984,0.0982668,60.85339624,59.0,3650.0,68.8,2026-09-03,2.83,41.9,False
2565,301157,华塑科技,63.7,2.08,2.16,125.43,62.409137241646,0.1300244,68.09122824,-920.0,1378.0,62.8,2026-09-03,2.07,42.8,False
2566,301158,德石股份,15.77,1.35,2.6,48.64,15.904064252827,0.1951692,66.29456951,-1460.0,1884.0,77.2,2026-09-03,-0.84,51.2,False
2567,301159,三维天地,33.41,3.76,2.94,-35.61,32.641781814002,0.0667684,63.39359484,-652.0,2844.0,71.2,2026-09-03,2.35,45.1,False
2568,301160,翔楼新材,44.51,-1.44,2.23,40.57,45.508311059494,0.3754868,68.85361733,-807.0,1175.0,67.6,2026-09-03,-2.19,46.5,False
2569,301161,唯万密封,29.31,0.14,2.03,25.64,29.501938705553,0.1868028,66.95468669,486.0,1689.0,64.0,2026-09-03,-0.65,42.9,False
2570,301162,国能日新,38.58,3.65,1.47,51.37,37.228507130576,0.1056012,66.66248652,-89.0,1767.0,61.2,2026-09-03,3.63,40.8,False
2571,301163,宏德股份,23.49,1.34,0.68,191.19,23.492248428148,0.0734328,65.92931796,1693.0,1996.0,59.2,2026-09-03,-0.01,39.0,False
2572,301165,锐捷网络,111.17,-5.07,1.01,89.17,117.973762151051,0.3654668,70.57951122,-606.0,807.0,88.4,2026-09-03,-5.77,62.4,False
2573,301166,优宁维,28.98,0.98,1.05,-105.85,28.800502478009,0.1119436,60.69977461,394.0,3708.0,66.0,2026-09-03,0.62,40.1,False
2574,301167,建研设计,13.97,1.82,0.94,-154.11,13.848070604883,0.1659836,58.11533259,644.0,4367.0,61.6,2026-09-03,0.88,35.8,False
2575,301168,通灵股份,40.65,-0.78,0.42,792.07,41.121578096522,0.2927324,59.65343048,-186.0,3994.0,60.8,2026-09-03,-1.15,36.3,False
2576,301169,零点有数,55.97,1.56,1.45,-73.61,55.267202726218,0.1325024,62.73715367,1348.0,3060.0,69.6,2026-09-03,1.27,43.7,False
2577,301170,锡南科技,23.41,2.23,1.06,35.67,23.137218200103,0.065558,63.41384011,-1226.0,2837.0,60.8,2026-09-03,1.18,38.6,False
2578,301171,易点天下,40.65,18.0,24.62,160.24,35.065093075621,0.2856896,70.69999341,-334.0,786.0,88.8,2026-09-03,15.93,62.8,False
2579,301172,君逸数码,18.3,1.72,2.16,127.72,18.140676517021,0.16808,69.06728593,-318.0,1127.0,68.4,2026-09-03,0.88,47.2,False
2580,301173,毓恬冠佳,33.68,0.78,0.65,25.91,33.671684153085,0.067212,64.17902443,-27.0,2578.0,64.0,2026-09-03,0.02,41.1,False
2581,301175,中科环保,5.66,-0.35,0.74,18.29,5.707308660747,0.191568,68.71749164,-197.0,1211.0,66.0,2026-09-03,-0.83,45.4,False
2582,301176,逸豪新材,43.98,-0.9,1.3,172.9,44.18372483808,0.130956,61.25167631,785.0,3530.0,65.2,2026-09-03,-0.46,39.9,False
2583,301177,迪阿股份,25.23,0.96,0.68,143.08,24.935575600906,0.183768,64.47775533,577.0,2486.0,66.4,2026-09-03,1.18,42.8,False
2584,301178,天亿马,35.22,3.13,2.08,633.44,34.13901187447,0.1244724,66.21433412,2324.0,1901.0,60.8,2026-09-03,3.17,40.3,False
2585,301179,泽宇智能,20.6,2.74,1.75,70.61,20.090946010878,0.212588,68.29983253,-917.0,1334.0,68.8,2026-09-03,2.53,47.0,False
2586,301180,万祥科技,12.35,1.31,3.68,-109.37,12.661578329486,0.1449676,65.68516223,348.0,2077.0,64.0,2026-09-03,-2.46,42.0,False
2587,301181,标榜股份,25.16,2.86,1.28,42.56,24.488575564516,0.1464996,67.05061553,865.0,1668.0,62.4,2026-09-03,2.74,41.8,False
2588,301182,凯旺科技,75.09,4.96,3.75,-49.04,69.643771212079,0.305758,62.21615844,1713.0,3227.0,62.4,2026-09-03,7.82,38.8,False
2589,301183,东田微,219.83,0.58,2.64,101.22,220.842164454228,0.2782888,74.57672634,393.0,290.0,74.8,2026-09-03,-0.46,55.8,False
2590,301185,鸥玛软件,17.74,1.95,0.74,43.73,17.585053642967,0.082794,63.39424341,-469.0,2843.0,67.2,2026-09-03,0.88,42.6,False
2591,301186,超达装备,35.9,-0.08,0.65,97.31,36.135685741471,0.184188,59.49580294,-1958.0,4033.0,64.8,2026-09-03,-0.65,38.6,False
2592,301187,欧圣电气,14.65,1.38,0.29,64.15,14.612857871409,0.053356,56.6964559,381.0,4648.0,60.4,2026-09-03,0.25,34.2,False
2593,301188,力诺药包,35.16,-0.76,1.82,150.95,35.133425533881,0.2405012,58.71872139,352.0,4229.0,62.8,2026-09-03,0.08,36.9,False
2594,301189,奥尼电子,57.56,-2.9,2.02,280.09,59.804281361052,0.315914,73.08876965,-261.0,434.0,74.0,2026-09-03,-3.75,54.1,False
2595,301190,善水科技,18.55,1.2,1.8,23.38,18.599492807549,0.2057088,61.22328084,-1504.0,3538.0,69.2,2026-09-03,-0.27,42.4,False
2596,301191,菲菱科思,85.63,-1.8,2.47,119.2,87.192746805921,0.2216352,62.40870641,-555.0,3165.0,67.6,2026-09-03,-1.79,42.2,False
2597,301192,泰祥股份,20.02,1.37,0.92,76.4,19.998018031674,0.0550832,66.95641211,-135.0,1688.0,60.4,2026-09-03,0.11,40.4,False
2598,301193,家联科技,19.92,-1.43,1.17,-26.33,20.423003615649,0.2595992,66.71199695,-905.0,1756.0,64.8,2026-09-03,-2.46,43.2,False
2599,301195,北路智控,26.61,1.91,0.66,38.46,26.281028184486,0.0971052,65.25990015,1374.0,2219.0,59.6,2026-09-03,1.25,38.9,False
2600,301196,唯科科技,82.32,-4.13,3.34,48.54,86.036437525877,0.289872,66.16455771,-605.0,1917.0,69.6,2026-09-03,-4.32,46.1,False
2601,301197,工大科雅,27.36,3.36,1.67,-62.57,26.58217599346,0.2554668,63.9186533,-509.0,2680.0,60.0,2026-09-03,2.93,38.4,False
2602,301198,喜悦智行,13.27,-0.9,0.85,-208.13,13.551731411638,0.1104476,58.52009521,185.0,4264.0,61.6,2026-09-03,-2.08,36.0,False
2603,301199,迈赫股份,18.34,1.21,0.49,58.33,18.241095529186,0.1059144,59.67503609,-1594.0,3989.0,60.8,2026-09-03,0.54,36.3,False
2604,301200,大族数控,259.47,-3.6,0.34,66.3,264.586770887172,0.3147048,78.24471662,542.0,83.0,72.4,2026-09-03,-1.93,56.6,False
2605,301201,诚达药业,35.96,0.08,2.04,1209.61,36.253803153308,0.2580884,64.02969464,-309.0,2638.0,70.0,2026-09-03,-0.81,44.8,False
2606,301202,朗威股份,36.58,-2.22,1.82,70.03,37.172940666183,0.1481236,71.6979612,2234.0,634.0,67.6,2026-09-03,-1.6,48.5,False
2607,301203,国泰环保,35.08,1.89,0.64,33.0,34.69184939759,0.0510532,58.84268612,-685.0,4202.0,60.4,2026-09-03,1.12,35.5,False
2608,301205,联特科技,295.64,3.73,4.78,2052.04,286.95634254745,0.395584,65.41399536,1111.0,2170.0,75.2,2026-09-03,3.03,49.2,False
2609,301206,三元生物,23.63,1.37,0.4,47.43,23.388723737695,0.215166,65.09013718,-113.0,2274.0,64.0,2026-09-03,1.03,41.7,False
2610,301207,华兰疫苗,17.27,0.88,0.29,142.41,17.106130860818,0.194128,61.86196335,-415.0,3352.0,70.4,2026-09-03,0.96,43.6,False
2611,301208,中亦科技,32.24,3.63,1.91,84.05,31.374282255933,0.1187916,66.1150371,-63.0,1932.0,67.6,2026-09-03,2.76,44.7,False
2612,301209,联合化学,58.65,0.22,0.39,788.43,59.203734418514,0.3105852,62.02485891,-1364.0,3298.0,68.0,2026-09-03,-0.94,42.2,False
2613,301210,金杨精密,26.23,-1.28,4.42,39.51,26.577294950856,0.1397828,75.38950033,125.0,219.0,64.8,2026-09-03,-1.31,48.9,False
2614,301211,亨迪药业,11.84,0.25,0.79,82.03,11.832301950771,0.1727736,57.09764235,-1319.0,4569.0,71.2,2026-09-03,0.07,40.7,False
2615,301212,联盛化学,25.89,0.7,0.82,73.48,25.68851459704,0.1854884,62.84388826,1173.0,3031.0,68.0,2026-09-03,0.78,42.7,False
2616,301213,观想科技,41.01,1.33,0.96,-1338.19,40.719978684036,0.1733348,57.57792957,-3283.0,4484.0,65.6,2026-09-03,0.71,37.8,False
2617,301215,中汽股份,5.42,1.31,0.28,27.39,5.3945972923,0.2099848,68.55656442,20.0,1258.0,65.6,2026-09-03,0.47,45.0,False
2618,301216,万凯新材,20.53,-0.73,4.75,10.6,19.736828437985,0.3213572,80.10660846,661.0,41.0,78.0,2026-09-03,4.02,62.5,False
2619,301217,铜冠铜箔,103.24,-1.53,1.43,199.15,105.425503644986,0.3505864,67.79520246,-705.0,1465.0,89.6,2026-09-03,-2.07,60.7,False
2620,301218,华是科技,50.65,-0.35,19.89,-197.75,51.932259068971,0.3078264,56.91525113,-130.0,4600.0,78.8,2026-09-03,-2.47,44.8,False
2621,301219,腾远钴业,44.21,0.43,0.99,9.61,44.171197968407,0.2467488,65.80358978,-150.0,2042.0,76.0,2026-09-03,0.09,50.0,False
2622,301220,亚香股份,27.06,0.97,0.7,65.03,26.920570957578,0.1114412,58.40429939,580.0,4284.0,60.4,2026-09-03,0.52,35.3,False
2623,301221,光庭信息,29.12,1.82,1.24,-64.99,28.922105094791,0.1620132,60.08304741,184.0,3876.0,66.0,2026-09-03,0.68,39.7,False
2624,301222,浙江恒威,24.62,1.61,0.61,39.39,24.393636478772,0.0867016,58.61805084,-1732.0,4243.0,57.6,2026-09-03,0.93,33.8,False
2625,301223,中荣股份,17.92,2.34,0.51,21.58,17.622913527984,0.095606,64.52548197,-1181.0,2467.0,61.2,2026-09-03,1.69,39.5,False
2626,301225,恒勃股份,56.17,-2.13,3.76,84.61,57.919892392402,0.1298944,67.01420037,60.0,1677.0,63.2,2026-09-03,-3.02,42.4,False
2627,301226,祥明智能,32.1,4.59,2.16,241.31,30.19825933571,0.1418452,57.02110358,376.0,4585.0,63.6,2026-09-03,6.3,36.3,False
2628,301227,森鹰窗业,33.42,-1.62,1.75,-56.94,33.698615853747,0.25459,65.80437119,15.0,2041.0,67.2,2026-09-03,-0.83,44.2,False
2629,301228,实朴检测,60.84,-0.26,1.17,-7137.73,61.53710925549,0.3966276,54.50935134,-365.0,4940.0,60.8,2026-09-03,-1.13,33.1,False
2630,301229,纽泰格,12.56,1.21,1.06,-63.6,12.506486597896,0.0949272,61.09051053,908.0,3584.0,62.0,2026-09-03,0.43,37.9,False
2631,301230,泓博医药,30.26,1.24,3.48,95.29,29.926277921724,0.256268,64.91387891,-1345.0,2334.0,77.2,2026-09-03,1.12,50.1,False
2632,301231,荣信文化,29.39,1.41,9.78,-76.04,29.925888851503,0.218812,61.09097735,-521.0,3583.0,76.0,2026-09-03,-1.79,46.4,False
2633,301232,飞沃科技,100.52,0.42,1.89,888.37,100.383101307414,0.2234548,59.06648203,-1646.0,4149.0,67.6,2026-09-03,0.14,39.9,False
2634,301233,盛帮股份,33.23,1.9,1.93,34.07,32.955987364936,0.1448488,60.32695936,7.0,3814.0,60.8,2026-09-03,0.83,36.7,False
2635,301234,五洲医疗,107.99,2.98,1.76,238.99,104.065436859581,0.327290666667,65.08832555,787.0,2276.0,71.2,2026-09-03,3.77,46.3,False
2636,301235,华康洁净,47.96,1.4,6.03,249.89,47.309989780681,0.355668,68.93943037,-424.0,1152.0,68.0,2026-09-03,1.37,46.9,False
2637,301236,软通动力,38.28,1.81,1.43,-74.86,37.714490776692,0.2923384,68.81699564,1412.0,1184.0,76.0,2026-09-03,1.5,52.3,False
2638,301237,和顺科技,38.2,0.13,0.93,272.85,38.19524440914,0.149556,54.04020241,-289.0,4977.0,57.6,2026-09-03,0.01,31.1,False
2639,301238,瑞泰新材,16.05,1.07,0.44,32.53,15.948737859943,0.1643396,57.63870385,-1131.0,4468.0,73.6,2026-09-03,0.63,42.4,False
2640,301239,普瑞眼科,33.85,2.73,0.86,28.74,33.051690921426,0.1651332,65.01304547,94.0,2302.0,66.8,2026-09-03,2.42,43.4,False
2641,301246,宏源药业,18.6,0.59,1.21,23.81,18.493037900953,0.1403052,62.96154855,701.0,2991.0,62.0,2026-09-03,0.58,39.0,False
2642,301248,杰创智能,56.82,-0.99,1.3,-1339.08,57.369645168902,0.204064,57.80646435,-264.0,4432.0,65.6,2026-09-03,-0.96,37.9,False
2643,301251,威尔高,54.97,-0.87,4.64,117.01,55.33488262347,0.2523808,65.02879269,-1524.0,2300.0,79.2,2026-09-03,-0.66,51.5,False
2644,301252,同星科技,36.92,-1.55,1.57,60.97,37.283039800002,0.286782,77.07120534,299.0,126.0,67.2,2026-09-03,-0.97,51.8,False
2645,301255,通力科技,20.24,0.15,0.27,-1801.56,20.30853440663,0.1090436,59.57964388,419.0,4012.0,60.4,2026-09-03,-0.34,36.0,False
2646,301256,华融化学,10.55,1.05,0.84,81.76,10.536851126467,0.1730908,67.35134176,1310.0,1588.0,69.6,2026-09-03,0.12,46.9,False
2647,301257,普蕊斯,38.93,3.18,3.64,593.32,37.668148194082,0.1881548,66.47658716,-225.0,1828.0,66.4,2026-09-03,3.35,44.1,False
2648,301258,富士莱,26.22,1.75,0.5,-82.22,25.850008942259,0.082912,57.35065121,-71.0,4525.0,61.2,2026-09-03,1.43,35.1,False
2649,301259,艾布鲁,21.92,-0.45,1.09,-60.5,22.275227468177,0.3153072,53.77697497,-820.0,4999.0,61.2,2026-09-03,-1.59,32.9,False
2650,301260,格力博,12.25,0.82,0.44,-17.96,12.204904079502,0.1043384,54.72510554,-335.0,4921.0,60.4,2026-09-03,0.37,33.1,False
2651,301261,恒工精密,56.15,-1.51,1.1,28.56,56.963780010928,0.2358504,71.3642589,2732.0,694.0,64.4,2026-09-03,-1.43,46.0,False
2652,301262,海看股份,21.22,4.38,10.56,27.85,20.845954347485,0.2186528,72.47028926,173.0,527.0,76.8,2026-09-03,1.79,55.7,False
2653,301263,泰恩康,19.44,3.29,0.44,1334.07,18.942837280745,0.1827568,55.35259875,-108.0,4845.0,60.0,2026-09-03,2.62,33.2,False
2654,301265,华新科技,19.72,-3.29,3.57,71.49,19.934798374468,0.2499604,70.29544693,2960.0,849.0,58.8,2026-09-03,-1.08,41.3,False
2655,301266,宇邦新材,,,0.0,26.24,24.262328845877,0.0947636,70.44849379,-62.0,825.0,69.6,2026-09-03,,49.0,False
2656,301267,华厦眼科,15.27,2.0,0.44,21.97,15.044439321012,0.1373752,67.13405892,13.0,1644.0,66.0,2026-09-03,1.5,44.3,False
2657,301268,铭利达,13.15,1.23,0.28,-32.49,12.969349210308,0.0935708,57.82252408,87.0,4426.0,61.6,2026-09-03,1.39,35.6,False
2658,301269,华大九天,92.15,-0.35,0.49,-560.17,93.210596364821,0.2564944,63.03574531,7.0,2969.0,78.8,2026-09-03,-1.14,49.7,False
2659,301270,汉仪股份,32.16,3.01,1.19,824.19,31.512765360053,0.2095508,58.92659218,-53.0,4181.0,69.2,2026-09-03,2.05,40.8,False
2660,301272,英华特,35.4,1.03,0.5,228.57,35.24027296742,0.088766,62.92454765,-93.0,3001.0,61.6,2026-09-03,0.45,38.8,False
2661,301273,瑞晨环保,37.49,-2.34,1.11,-48.6,38.120390368058,0.2809876,58.76181392,91.0,4221.0,59.2,2026-09-03,-1.65,34.8,False
2662,301275,汉朔科技,43.38,0.3,0.93,27.31,43.192167747978,0.2792324,72.54282105,646.0,520.0,61.6,2026-09-03,0.43,44.7,False
2663,301276,嘉曼服饰,18.95,2.05,1.02,19.75,18.689444484392,0.0970768,62.782338,345.0,3049.0,59.2,2026-09-03,1.39,37.2,False
2664,301277,新天地,10.22,1.19,0.31,32.97,10.103479451333,0.115112,61.4795398,-62.0,3463.0,65.2,2026-09-03,1.15,40.1,False
2665,301278,快可电子,28.96,1.47,0.72,80.98,28.787492642492,0.179204,68.09777247,31.0,1376.0,62.8,2026-09-03,0.6,42.8,False
2666,301279,金道科技,23.55,2.93,1.72,54.15,22.558332861997,0.1818868,72.68312245,514.0,497.0,64.0,2026-09-03,4.4,46.5,False
2667,301280,珠城科技,41.92,0.05,0.41,30.36,42.063735159979,0.2151468,64.13814223,25.0,2588.0,59.6,2026-09-03,-0.34,38.2,False
2668,301281,科源制药,47.57,0.15,1.15,39.81,47.352286138369,0.2779564,70.17160348,904.0,869.0,63.2,2026-09-03,0.46,44.3,False
2669,301282,金禄电子,40.78,0.44,7.26,77.31,39.811003651575,0.2883156,72.39148285,796.0,538.0,76.4,2026-09-03,2.43,55.3,False
2670,301283,聚胶股份,25.19,0.6,0.56,20.53,25.104916073772,0.1592188,69.69661959,807.0,975.0,60.4,2026-09-03,0.34,42.1,False
2671,301285,鸿日达,87.59,-0.85,0.48,-200.49,87.443685955127,0.3098308,63.80967852,-278.0,2709.0,66.0,2026-09-03,0.17,42.1,False
2672,301286,侨源股份,44.91,-1.73,0.75,65.08,45.809175023616,0.3106612,70.33827811,1137.0,841.0,60.8,2026-09-03,-1.96,42.8,False
2673,301287,康力源,43.96,2.21,2.36,126.86,43.91464729318,0.2428548,66.24748188,-686.0,1892.0,67.6,2026-09-03,0.1,44.8,False
2674,301288,清研环境,17.51,0.86,0.61,-53.89,17.460987986744,0.047982,57.73282384,460.0,4450.0,59.6,2026-09-03,0.28,34.4,False
2675,301289,国缆检测,45.3,1.68,0.61,34.66,44.675586463168,0.1561172,66.59251463,-27.0,1784.0,65.2,2026-09-03,1.4,43.4,False
2676,301290,东星医疗,28.7,1.23,0.41,42.11,28.481849971376,0.1458104,59.61572551,120.0,4005.0,60.8,2026-09-03,0.77,36.2,False
2677,301291,明阳电气,34.19,5.98,3.81,61.69,32.471171813147,0.2935916,65.26732136,1364.0,2214.0,68.4,2026-09-03,5.29,44.6,False
2678,301292,海科新源,62.42,-0.4,2.92,16.77,62.164283434092,0.301282,71.35744782,2417.0,697.0,68.0,2026-09-03,0.41,48.5,False
2679,301293,三博脑科,53.23,1.55,1.81,167.4,52.625790569238,0.2789008,62.52068263,-1654.0,3135.0,76.4,2026-09-03,1.15,47.8,True
2680,301295,美硕科技,38.4,0.47,3.41,43.6,38.453855198837,0.1295008,68.61446338,-666.0,1238.0,62.0,2026-09-03,-0.14,42.5,False
2681,301296,新巨丰,6.56,1.08,0.35,59.41,6.515426042571,0.092268,60.14500584,-859.0,3859.0,62.0,2026-09-03,0.68,37.3,False
2682,301297,富乐德,38.28,-0.98,1.89,64.29,38.816727955805,0.2798432,68.6073829,90.0,1243.0,79.2,2026-09-03,-1.38,54.3,False
2683,301298,东利机械,13.13,1.94,0.64,187.81,12.999898262536,0.0916724,62.6112791,1135.0,3095.0,60.4,2026-09-03,1.0,37.8,False
2684,301299,卓创资讯,46.09,2.97,2.04,38.34,45.132003530685,0.1437548,66.65915983,-352.0,1769.0,67.6,2026-09-03,2.12,45.1,False
2685,301300,远翔新材,33.8,0.0,0.79,45.46,33.981817682592,0.0574344,63.16167599,-1701.0,2928.0,64.0,2026-09-03,-0.54,40.4,False
2686,301301,川宁生物,8.45,0.6,0.66,33.99,8.427730848153,0.2021488,62.94958096,-737.0,2994.0,73.2,2026-09-03,0.26,46.1,False
2687,301302,华如科技,22.81,2.79,1.99,-28.32,22.358110352946,0.1608392,55.79930955,-2896.0,4784.0,68.8,2026-09-03,2.02,38.4,False
2688,301303,真兰仪表,13.96,0.5,0.27,24.17,13.9089991771,0.1818492,63.49570645,-321.0,2817.0,59.2,2026-09-03,0.37,37.6,False
2689,301305,朗坤科技,24.8,0.28,1.81,15.65,24.930003927029,0.2050088,64.10071227,-192.0,2600.0,63.2,2026-09-03,-0.52,40.5,False
2690,301306,西测测试,102.1,1.08,2.54,-75.22,101.869309282056,0.2794368,60.47750106,-213.0,3779.0,72.0,2026-09-03,0.23,43.5,False
2691,301307,美利信,56.77,5.36,7.7,-36.11,54.152745272033,0.2712156,56.70568117,-770.0,4644.0,68.4,2026-09-03,4.83,38.8,False
2692,301308,江波龙,355.5,-1.15,1.38,7.22,361.138805911455,0.3731456,70.81971802,-245.0,769.0,87.2,2026-09-03,-1.56,61.8,False
2693,301309,万得凯,33.44,1.27,1.29,24.12,33.096930031935,0.1810524,64.8103345,-1034.0,2370.0,64.8,2026-09-03,1.04,42.0,False
2694,301310,鑫宏业,55.21,2.09,8.48,92.95,53.792992699535,0.3195108,65.07151059,-1331.0,2282.0,61.6,2026-09-03,2.63,40.1,False
2695,301311,昆船智能,13.93,2.05,0.5,-30.62,13.797824456554,0.1898832,61.36990894,847.0,3503.0,63.6,2026-09-03,0.96,39.0,False
2696,301312,智立方,78.17,-0.85,3.3,142.11,78.643842005138,0.2416804,72.2191748,497.0,561.0,72.8,2026-09-03,-0.6,52.6,False
2697,301313,凡拓数创,33.65,1.97,4.78,-22.29,33.498725246126,0.1468736,62.0493375,1341.0,3289.0,64.0,2026-09-03,0.45,39.7,False
2698,301314,科瑞思,47.58,1.51,3.09,371.31,46.893921955464,0.17376,67.52704034,2039.0,1536.0,62.4,2026-09-03,1.46,42.1,False
2699,301315,威士顿,42.0,3.63,2.26,164.86,40.975952237713,0.184536,63.95230654,1018.0,2666.0,72.4,2026-09-03,2.5,46.3,False
2700,301316,慧博云通,37.23,0.3,1.11,385.98,37.373973323088,0.2679648,65.47488467,-199.0,2142.0,69.6,2026-09-03,-0.39,45.6,False
2701,301317,鑫磊股份,49.94,2.57,6.38,-88.36,47.55351291067,0.288612,66.76440039,1403.0,1740.0,68.0,2026-09-03,5.02,45.4,False
2702,301318,维海德,21.6,2.22,0.51,82.84,21.382611700129,0.0952256,59.75529625,-1628.0,3975.0,62.4,2026-09-03,1.02,37.3,False
2703,301319,唯特偶,93.56,-2.2,2.76,163.88,95.95132836357,0.260924,61.30960256,-224.0,3516.0,70.4,2026-09-03,-2.49,43.2,False
2704,301320,豪江智能,13.93,0.87,0.6,221.64,13.864818460335,0.0717156,60.40460579,-1404.0,3795.0,62.8,2026-09-03,0.47,37.9,False
2705,301321,翰博高新,43.24,4.32,3.75,200.43,40.815126507265,0.3133712,72.38286326,675.0,541.0,64.8,2026-09-03,5.94,46.9,False
2706,301322,绿通科技,40.06,-0.1,1.12,-648.72,40.459665124564,0.2326372,56.26445247,-557.0,4707.0,58.4,2026-09-03,-0.99,32.9,False
2707,301323,新莱福,69.69,1.26,0.92,43.34,69.384859916546,0.1942204,67.38306615,610.0,1573.0,60.0,2026-09-03,0.44,40.4,False
2708,301325,曼恩斯特,30.57,1.93,0.55,-25.76,30.275030185425,0.1276036,57.66540459,577.0,4461.0,63.6,2026-09-03,0.97,36.7,False
2709,301326,捷邦科技,110.42,-6.03,2.47,-85.73,115.118927988669,0.2566672,68.02695289,281.0,1405.0,68.8,2026-09-03,-4.08,46.8,False
2710,301327,华宝新能,42.52,1.65,0.39,357.15,41.953510253787,0.1640664,60.91460111,-81.0,3629.0,61.6,2026-09-03,1.35,37.5,False
2711,301328,维峰电子,52.48,-0.29,0.83,79.36,53.808507706166,0.240608,64.4817586,1511.0,2483.0,59.6,2026-09-03,-2.47,38.4,False
2712,301329,信音电子,20.0,1.11,2.11,41.27,19.910758533194,0.1163444,61.34750127,-1547.0,3505.0,60.8,2026-09-03,0.45,37.3,False
2713,301330,熵基科技,26.21,1.91,1.26,38.72,25.838070189101,0.2099604,69.48746389,833.0,1033.0,72.8,2026-09-03,1.44,50.6,False
2714,301331,恩威医药,21.77,0.93,0.42,69.9,21.727091611949,0.09965,64.73527912,117.0,2395.0,61.6,2026-09-03,0.2,39.9,False
2715,301332,德尔玛,7.94,1.15,0.64,31.9,7.923332969394,0.1478296,63.69701125,-56.0,2746.0,62.4,2026-09-03,0.21,39.7,False
2716,301333,诺思格,55.35,4.83,3.69,60.12,52.504703849624,0.1918248,72.3891122,430.0,539.0,69.2,2026-09-03,5.42,50.1,False
2717,301335,天元宠物,25.27,1.9,1.75,80.24,24.678986627107,0.2194596,71.75536049,263.0,622.0,66.8,2026-09-03,2.39,47.9,False
2718,301336,趣睡科技,41.64,1.86,1.93,98.1,41.209180440964,0.2080512,61.23431067,27.0,3536.0,64.8,2026-09-03,1.05,39.7,False
2719,301337,亚华电子,27.56,5.43,1.29,-199.97,26.328480675255,0.0761376,56.95965088,-943.0,4594.0,62.0,2026-09-03,4.68,35.3,False
2720,301338,凯格精机,96.18,-2.21,2.14,52.12,98.151267483641,0.1937708,75.76831786,1553.0,194.0,69.2,2026-09-03,-2.01,52.4,False
2721,301339,通行宝,11.17,1.92,0.35,31.29,11.053133127579,0.1296088,66.55019876,1252.0,1798.0,64.4,2026-09-03,1.06,42.9,False
2722,301345,涛涛车业,231.26,1.18,1.45,23.33,228.370863313609,0.2899852,74.90290484,98.0,260.0,62.4,2026-09-03,1.27,46.7,False
2723,301348,蓝箭电子,21.61,0.37,1.39,872.24,21.46146522805,0.1652988,58.12507668,625.0,4361.0,71.6,2026-09-03,0.69,41.6,False
2724,301349,信德新材,43.38,-0.87,1.86,43.89,43.46260883773,0.1730516,65.38681141,-1271.0,2178.0,60.8,2026-09-03,-0.19,39.8,False
2725,301353,普莱得,19.51,1.09,1.46,32.69,19.404358873724,0.0666064,68.79919437,-76.0,1190.0,61.6,2026-09-03,0.54,42.4,False
2726,301355,南王科技,10.47,1.26,0.85,-81.39,10.401961918912,0.0623392,56.51758142,17.0,4666.0,61.2,2026-09-03,0.65,34.6,False
2727,301356,天振股份,20.88,-0.29,0.34,37.64,20.964283796976,0.1535844,58.32472233,-400.0,4311.0,57.2,2026-09-03,-0.4,33.4,False
2728,301357,北方长龙,105.56,5.77,7.96,-187.41,100.571882727681,0.3198792,68.46441981,-1187.0,1283.0,86.4,2026-09-03,4.96,59.2,False
2729,301358,湖南裕能,57.1,-0.49,0.86,8.32,57.943971281392,0.3162344,68.43372597,423.0,1292.0,78.0,2026-09-03,-1.46,53.4,False
2730,301359,东南电子,18.78,0.48,1.31,62.83,18.834384205744,0.0402868,63.85582374,-750.0,2696.0,65.2,2026-09-03,-0.29,41.6,False
2731,301360,荣旗科技,55.21,-1.16,2.5,7812.02,55.108030697105,0.1874896,65.07943565,655.0,2279.0,66.8,2026-09-03,0.19,43.5,False
2732,301361,众智科技,27.72,2.55,1.23,38.94,27.252233941853,0.0622736,62.46111546,-1319.0,3146.0,60.4,2026-09-03,1.72,37.7,False
2733,301362,民爆光电,107.29,-0.47,3.66,141.23,107.796513157693,0.1961364,63.37866686,1370.0,2849.0,60.4,2026-09-03,-0.47,38.3,False
2734,301363,美好医疗,16.4,1.67,0.59,52.5,16.199589332429,0.1698532,66.34528024,-351.0,1861.0,64.4,2026-09-03,1.24,42.7,False
2735,301365,矩阵股份,39.45,2.55,1.38,132.64,38.655051347613,0.238568,60.64582143,-532.0,3730.0,63.2,2026-09-03,2.06,38.3,False
2736,301366,一博科技,57.0,1.91,4.4,93.56,55.357744030342,0.2398368,67.11173537,2076.0,1649.0,76.8,2026-09-03,2.97,51.5,False
2737,301367,瑞迈特,47.14,0.43,0.64,23.33,47.207843073183,0.1485612,65.79984261,-1324.0,2045.0,68.0,2026-09-03,-0.14,44.7,False
2738,301368,丰立智能,38.88,-0.31,0.57,-289.38,39.073325013064,0.1667504,58.37908777,822.0,4292.0,67.6,2026-09-03,-0.49,39.5,False
2739,301369,联动科技,125.85,-2.5,1.37,275.12,129.181511217552,0.140094,59.33487468,-201.0,4071.0,70.4,2026-09-03,-2.58,41.8,False
2740,301370,国科恒泰,8.83,1.61,0.39,194.06,8.712651928476,0.0753672,58.68803783,-1102.0,4233.0,62.0,2026-09-03,1.35,36.4,False
2741,301371,敷尔佳,21.97,1.76,3.25,22.32,21.674045649919,0.15053,69.51731953,187.0,1027.0,66.0,2026-09-03,1.37,45.9,False
2742,301372,科净源,31.23,3.0,1.77,141.8,30.666536050735,0.2159684,57.14437387,-43.0,4563.0,61.2,2026-09-03,1.84,35.0,False
2743,301373,凌玮科技,98.29,-0.93,4.91,78.57,99.678469789807,0.282316,63.07477847,-2307.0,2953.0,75.6,2026-09-03,-1.39,47.7,False
2744,301376,致欧科技,23.3,2.42,1.93,19.06,22.82871055316,0.1817376,77.99085748,483.0,91.0,68.4,2026-09-03,2.06,53.3,False
2745,301377,鼎泰高科,383.28,-1.72,1.18,119.66,388.452373630843,0.2349428,69.29002327,-176.0,1068.0,73.2,2026-09-03,-1.33,50.7,False
2746,301378,通达海,25.99,3.59,3.63,-19.56,25.345666712092,0.0843576,59.35281873,504.0,4063.0,63.2,2026-09-03,2.54,37.5,False
2747,301379,天山电子,20.59,-1.01,2.02,85.01,20.729688010478,0.1968988,66.83832042,227.0,1722.0,60.8,2026-09-03,-0.67,40.6,False
2748,301380,挖金客,33.65,2.59,2.71,62.76,32.656306561308,0.3939352,64.56056435,712.0,2453.0,64.8,2026-09-03,3.04,41.8,False
2749,301381,赛维时代,23.41,0.91,0.6,28.71,23.310097779349,0.1333432,65.49634485,-406.0,2136.0,63.2,2026-09-03,0.43,41.4,False
2750,301382,蜂助手,37.82,1.01,2.28,69.59,37.479769059796,0.2623204,65.88717494,-1365.0,2013.0,74.8,2026-09-03,0.91,49.3,False
2751,301383,天键股份,24.22,1.21,0.59,-43.26,23.997452797506,0.0673832,60.48440916,101.0,3776.0,62.8,2026-09-03,0.93,38.0,False
2752,301386,未来电器,20.62,1.33,1.22,43.39,20.446245218372,0.1000208,61.26456472,-179.0,3523.0,61.6,2026-09-03,0.85,37.7,False
2753,301387,光大同创,56.28,0.72,4.18,-182.65,55.853419177925,0.1371472,56.77217728,112.0,4632.0,60.4,2026-09-03,0.76,34.3,False
2754,301388,欣灵电气,25.91,1.57,1.08,91.13,25.712848674878,0.0849144,62.46631615,-1553.0,3144.0,66.0,2026-09-03,0.77,41.2,False
2755,301389,隆扬电子,54.34,-1.93,1.55,185.98,55.484951862248,0.1828548,61.89667656,-397.0,3336.0,75.2,2026-09-03,-2.06,46.5,False
2756,301390,经纬股份,35.03,2.67,1.0,-45.45,34.135554289544,0.1376824,61.6379232,-1239.0,3418.0,64.8,2026-09-03,2.62,39.9,False
2757,301391,卡莱特,47.32,1.68,0.8,179.3,46.632348182426,0.0870932,61.25560992,-172.0,3529.0,62.4,2026-09-03,1.47,38.2,False
2758,301392,汇成真空,166.4,-7.14,8.19,529.18,178.970520397752,0.351412,63.25327298,-1010.0,2889.0,72.4,2026-09-03,-7.02,45.8,False
2759,301393,昊帆生物,56.61,-0.51,2.16,43.21,57.143291126212,0.196526,68.18136185,-354.0,1363.0,66.4,2026-09-03,-0.93,45.3,False
2760,301395,仁信新材,12.29,2.16,1.36,-13.99,12.140444259983,0.0817512,55.48481519,36.0,4818.0,58.4,2026-09-03,1.23,32.4,False
2761,301396,宏景科技,172.65,-2.51,4.54,135.33,176.533729428199,0.3314032,63.6801664,-425.0,2757.0,83.2,2026-09-03,-2.2,53.0,False
2762,301397,溯联股份,25.21,-1.68,2.42,72.8,25.501962301332,0.2354448,61.76600642,700.0,3377.0,62.0,2026-09-03,-1.14,38.3,False
2763,301398,星源卓镁,36.69,2.34,1.19,-29.48,36.224158793945,0.1572968,57.58468791,-31.0,4482.0,67.6,2026-09-03,1.29,38.9,False
2764,301399,英特科技,21.45,0.05,10.88,-464.0,21.436931481229,0.228068,68.79145615,1254.0,1194.0,75.6,2026-09-03,0.06,52.0,False
2765,301408,华人健康,14.68,1.73,1.57,21.6,14.468642570974,0.1903008,64.54550343,-593.0,2457.0,69.6,2026-09-03,1.46,44.9,False
2766,301413,安培龙,58.16,-0.43,1.9,1141.04,58.481092630917,0.156484,62.76068662,1302.0,3054.0,66.8,2026-09-03,-0.55,41.9,False
2767,301418,协昌科技,35.66,1.16,1.52,302.24,35.556631783889,0.0873312,51.64967,2.0,5123.0,56.0,2026-09-03,0.29,28.9,False
2768,301419,阿莱德,37.03,-4.04,4.47,95.39,38.219941887763,0.2466112,70.66237668,2655.0,796.0,71.6,2026-09-03,-3.11,50.6,False
2769,301421,波长光电,76.22,-1.44,2.39,152.88,77.111117582372,0.2098724,68.3575804,91.0,1315.0,72.4,2026-09-03,-1.16,49.5,False
2770,301428,世纪恒通,29.14,3.33,2.31,45.98,28.367660995661,0.1502144,56.25615881,67.0,4708.0,61.6,2026-09-03,2.72,34.7,False
2771,301429,森泰股份,17.68,1.55,1.83,35.57,17.597882424346,0.0380272,65.2818641,-1214.0,2206.0,62.0,2026-09-03,0.47,40.5,False
2772,301439,泓淋电力,15.68,1.42,5.24,29.76,16.190416133897,0.2857312,64.27283353,-1775.0,2546.0,66.0,2026-09-03,-3.15,42.4,False
2773,301446,福事特,38.29,0.45,0.74,45.67,38.295452102434,0.131284,69.09569317,389.0,1123.0,60.8,2026-09-03,-0.01,42.0,False
2774,301448,开创电气,45.2,1.64,1.01,375.62,43.941732303018,0.2295696,64.21528906,562.0,2564.0,62.0,2026-09-03,2.86,39.8,False
2775,301449,天溯计量,43.25,2.54,5.64,39.07,42.902425294185,0.1961052,62.24940431,-89.0,3217.0,64.8,2026-09-03,0.81,40.3,False
2776,301456,盘古智能,23.56,1.55,0.94,39.3,23.383950606548,0.0711584,69.73504716,1054.0,964.0,61.2,2026-09-03,0.75,42.7,False
2777,301458,钧崴电子,36.54,-0.38,2.44,66.33,36.723105873625,0.1869928,66.73899022,1612.0,1753.0,66.8,2026-09-03,-0.5,44.6,False
2778,301459,丰茂股份,32.56,0.99,2.46,38.14,32.217677550327,0.1277168,59.73948905,316.0,3978.0,64.4,2026-09-03,1.06,38.5,False
2779,301468,博盈特焊,32.74,1.55,1.76,2180.78,32.343163565257,0.1663988,54.8093865,-234.0,4909.0,58.4,2026-09-03,1.23,32.0,False
2780,301469,恒达新材,28.9,1.55,0.73,24.01,28.691949418084,0.0878952,68.06019785,1033.0,1395.0,61.6,2026-09-03,0.73,41.9,False
2781,301479,弘景光电,49.35,0.82,1.28,50.78,49.033163983158,0.169892,71.19504579,1134.0,726.0,64.0,2026-09-03,0.65,45.6,False
2782,301486,致尚科技,179.46,-1.33,6.38,1007.56,178.120353268,0.4086736,71.68631907,1765.0,637.0,72.4,2026-09-03,0.75,51.9,False
2783,301487,盟固利,16.13,2.28,1.64,123.9,15.896587089848,0.186688,60.74850688,-1051.0,3692.0,70.0,2026-09-03,1.47,42.5,False
2784,301488,豪恩汽电,99.5,0.81,4.36,163.27,98.996148659252,0.1892332,61.87081991,-569.0,3348.0,66.4,2026-09-03,0.51,41.1,False
2785,301489,思泉新材,135.75,-3.31,13.04,234.84,134.050370475209,0.4656784,75.89244762,866.0,187.0,75.2,2026-09-03,1.27,57.1,False
2786,301491,汉桑科技,39.78,1.2,0.64,47.99,39.554234555039,0.14986,68.676824,1395.0,1217.0,62.4,2026-09-03,0.57,42.9,False
2787,301498,乖宝宠物,39.41,1.89,1.31,41.39,38.93601190595,0.2434672,68.81135529,-961.0,1188.0,70.8,2026-09-03,1.22,48.7,False
2788,301499,维科精密,25.32,1.16,0.49,71.66,25.197811742229,0.0774156,64.68534037,1469.0,2410.0,58.8,2026-09-03,0.48,38.0,False
2789,301500,飞南资源,25.45,1.56,8.88,11.01,25.174124062025,0.2878844,75.67122227,546.0,202.0,74.0,2026-09-03,1.1,56.0,False
2790,301501,恒鑫生活,28.38,0.18,0.69,33.82,28.242981392266,0.1713024,67.85704957,-153.0,1448.0,64.8,2026-09-03,0.49,44.0,False
2791,301502,华阳智能,50.99,1.13,1.63,82.9,50.482013990468,0.123668,53.30606049,-65.0,5033.0,60.0,2026-09-03,1.01,32.0,False
2792,301503,智迪科技,22.65,0.67,1.82,437.21,22.770845412727,0.1164108,64.45597388,-2170.0,2490.0,68.4,2026-09-03,-0.53,44.1,False
2793,301505,苏州规划,17.56,4.9,2.93,-66.28,16.791069025174,0.1249388,62.09710959,121.0,3270.0,63.6,2026-09-03,4.58,39.5,False
2794,301507,民生健康,12.49,1.3,1.36,26.7,12.444491241765,0.1334604,67.36274059,-395.0,1583.0,65.6,2026-09-03,0.37,44.2,False
2795,301508,中机认检,24.84,0.98,0.99,33.32,24.804567227887,0.1043272,64.15999182,49.0,2581.0,66.0,2026-09-03,0.14,42.3,False
2796,301509,金凯生科,29.93,0.07,4.7,59.54,30.280893327236,0.2183788,71.82892558,526.0,614.0,68.4,2026-09-03,-1.16,49.1,False
2797,301510,固高科技,27.73,0.54,0.88,66.96,27.918667923645,0.191758,63.37182972,-687.0,2852.0,69.2,2026-09-03,-0.68,43.9,False
2798,301511,德福科技,86.86,-2.96,3.54,103.91,88.894412796581,0.3545256,69.14697663,-581.0,1114.0,86.4,2026-09-03,-2.29,59.7,False
2799,301512,智信精密,31.61,0.77,1.06,-22.4,31.732140652529,0.10663,58.27822379,-802.0,4322.0,58.8,2026-09-03,-0.38,34.3,False
2800,301513,尚水智能,45.82,1.3,1.61,102.63,45.572573323508,0.1163404,55.15970121,27.0,4865.0,56.4,2026-09-03,0.54,31.1,False
2801,301515,港通医疗,19.59,1.98,0.68,-53.38,19.527386599472,0.1012276,59.45065256,678.0,4045.0,60.8,2026-09-03,0.32,36.1,False
2802,301516,中远通,16.97,1.13,6.0,-120.68,16.766312398842,0.193116,61.56825256,1193.0,3436.0,69.6,2026-09-03,1.21,42.9,False
2803,301517,陕西华达,39.11,1.32,0.82,-78.45,38.52314581898,0.1162404,54.09782487,-687.0,4968.0,65.6,2026-09-03,1.52,35.5,False
2804,301518,长华化学,24.94,1.75,1.39,-44.18,24.780544739161,0.1166468,60.70710543,1207.0,3705.0,66.8,2026-09-03,0.64,40.6,False
2805,301519,舜禹股份,12.23,1.33,1.18,-31.03,12.183065925797,0.0783156,59.00049047,-115.0,4164.0,61.2,2026-09-03,0.39,36.1,False
2806,301520,万邦医药,56.94,0.07,14.39,19222.65,56.933378816771,0.2597752,52.57865261,52.0,5071.0,76.4,2026-09-03,0.01,40.2,False
2807,301522,上大股份,23.62,1.68,0.46,71.45,23.311139320975,0.1371828,56.72264678,-61.0,4641.0,64.8,2026-09-03,1.32,36.8,False
2808,301525,儒竞科技,39.1,0.51,0.52,100.86,39.227501898763,0.1103184,56.81991367,-12.0,4620.0,59.2,2026-09-03,-0.33,33.6,False
2809,301526,国际复材,26.9,-1.54,3.43,79.29,27.28008338152,0.307812,61.25959402,-1126.0,3526.0,86.4,2026-09-03,-1.39,52.9,False
2810,301528,多浦乐,59.11,2.27,1.62,124.51,57.226728179102,0.2573416,65.00221715,2254.0,2307.0,56.4,2026-09-03,3.29,36.7,False
2811,301529,福赛科技,110.97,-4.14,3.35,90.91,115.770411958164,0.3576096,74.2432342,520.0,320.0,68.0,2026-09-03,-4.15,50.5,False
2812,301531,春光集团,48.04,0.33,1.93,70.42,48.08410307525,0.1630004,61.12086425,-201.0,3573.0,62.0,2026-09-03,-0.09,37.9,False
2813,301533,威马农机,29.37,2.8,5.12,68.47,28.740353175899,0.1220476,58.88351719,-1734.0,4188.0,71.2,2026-09-03,2.19,41.9,False
2814,301535,浙江华远,14.62,0.62,0.67,70.45,14.511687444068,0.11456,66.30840234,1201.0,1875.0,59.6,2026-09-03,0.75,39.5,False
2815,301536,星宸科技,124.13,-1.61,4.25,30.33,127.641268926453,0.34077,69.60528569,-327.0,1004.0,82.4,2026-09-03,-2.75,57.4,False
2816,301538,骏鼎达,41.97,1.79,2.87,30.67,41.026181848139,0.209084,70.23085256,1250.0,859.0,65.2,2026-09-03,2.3,45.8,False
2817,301539,宏鑫科技,15.3,1.26,0.72,-64.1,15.265916526076,0.0995772,56.28089049,-1041.0,4705.0,62.0,2026-09-03,0.22,34.9,False
2818,301548,崇德科技,56.44,1.51,2.89,34.53,55.435113364126,0.1403056,60.32638233,214.0,3815.0,58.0,2026-09-03,1.81,35.0,False
2819,301550,斯菱智驱,83.68,-6.4,3.73,181.71,89.528882891115,0.3401072,74.64177929,1547.0,283.0,75.6,2026-09-03,-6.53,56.4,False
2820,301551,无线传媒,22.51,4.8,5.92,32.33,21.829934817286,0.2082196,68.37198574,1376.0,1309.0,70.8,2026-09-03,3.12,48.4,False
2821,301552,科力装备,25.6,2.07,3.46,30.75,25.75882721017,0.1814868,62.79601183,-1075.0,3046.0,67.6,2026-09-03,-0.62,42.5,False
2822,301555,惠柏新材,35.45,0.91,1.84,26.55,35.333641486057,0.1724696,65.91424928,267.0,2006.0,68.0,2026-09-03,0.33,44.8,False
2823,301556,托普云农,65.58,3.28,6.07,64.53,64.259139186011,0.2250112,75.04835219,500.0,245.0,72.8,2026-09-03,2.06,54.6,False
2824,301557,常友科技,86.4,-1.59,1.37,115.95,88.64614347148,0.257816,65.39184049,-1119.0,2176.0,59.6,2026-09-03,-2.53,39.0,False
2825,301558,三态股份,6.66,2.62,1.97,296.08,6.572673413229,0.175112,60.56733175,204.0,3752.0,62.8,2026-09-03,1.33,38.0,False
2826,301559,中集环科,13.22,0.76,0.65,87.74,13.232392873108,0.062178,61.06280762,-141.0,3593.0,62.0,2026-09-03,-0.09,37.9,False
2827,301560,众捷汽车,25.4,0.71,4.66,2377.57,25.014448393376,0.1598152,66.05811322,830.0,1954.0,63.6,2026-09-03,1.54,42.0,False
2828,301563,云汉芯城,116.53,-1.1,3.36,29.73,118.541855054908,0.1673832,71.31969769,884.0,705.0,65.2,2026-09-03,-1.7,46.5,False
2829,301565,中仑新材,19.67,0.56,1.42,57.85,19.846324933427,0.1506964,59.45087824,-2771.0,4044.0,64.8,2026-09-03,-0.89,38.5,False
2830,301566,达利凯普,24.39,-1.81,3.62,40.98,24.715615624362,0.2338028,67.51070516,1537.0,1540.0,75.2,2026-09-03,-1.32,50.8,False
2831,301567,贝隆精密,37.81,2.8,4.71,331.46,37.703500334743,0.104888,58.43743222,-3257.0,4277.0,68.0,2026-09-03,0.28,39.7,False
2832,301568,思泰克,67.59,-1.1,3.22,64.86,67.892813382325,0.1808052,68.96326178,-145.0,1146.0,63.2,2026-09-03,-0.45,43.6,False
2833,301571,国科天成,67.52,-1.23,1.63,60.22,68.489252600594,0.2590296,69.57670911,-843.0,1013.0,71.2,2026-09-03,-1.42,49.5,False
2834,301575,艾芬达,27.23,1.38,1.37,27.99,27.211201829579,0.1121796,64.89887763,1121.0,2337.0,62.0,2026-09-03,0.07,40.2,False
2835,301577,美信科技,57.19,1.36,3.09,-67.98,56.805561199184,0.0804988,52.47613773,0.0,5082.0,62.0,2026-09-03,0.68,32.5,False
2836,301578,辰奕智能,24.07,0.59,1.76,254.1,24.143648047522,0.0623976,62.760968,-1102.0,3053.0,63.2,2026-09-03,-0.31,39.7,False
2837,301580,爱迪特,54.34,-0.88,2.38,38.78,54.892009908655,0.2183412,63.38206871,-1651.0,2847.0,62.4,2026-09-03,-1.01,39.6,False
2838,301581,黄山谷捷,37.38,1.14,0.48,213.89,37.314007700385,0.058398,61.5163271,-1410.0,3448.0,58.0,2026-09-03,0.18,35.7,False
2839,301584,建发致新,21.12,1.15,1.11,30.06,20.982233940036,0.1446748,64.51342173,204.0,2472.0,64.0,2026-09-03,0.66,41.3,False
2840,301585,蓝宇股份,28.42,1.72,0.96,63.69,27.891428186168,0.1380516,63.98763403,-1537.0,2652.0,65.2,2026-09-03,1.9,41.7,False
2841,301586,佳力奇,31.61,2.63,0.98,-79.79,31.206268611364,0.1281444,59.32437036,-501.0,4073.0,64.4,2026-09-03,1.29,38.2,False
2842,301587,中瑞股份,21.52,1.46,1.18,56.15,21.389740379049,0.1236332,58.25162926,-113.0,4330.0,61.2,2026-09-03,0.61,35.6,False
2843,301588,美新科技,28.75,-0.83,1.57,69.72,28.864411748846,0.1614552,62.0969542,1763.0,3271.0,56.0,2026-09-03,-0.4,34.8,False
2844,301589,诺瓦星云,145.49,2.17,0.88,20.27,143.275958068102,0.2278652,67.25206226,108.0,1613.0,64.8,2026-09-03,1.55,43.6,False
2845,301590,优优绿能,76.25,6.08,6.17,-58.33,71.628750276497,0.0924492,56.8661931,148.0,4611.0,59.2,2026-09-03,6.45,33.7,False
2846,301591,肯特股份,47.31,1.41,24.05,80.58,48.812739820947,0.2822464,61.41380351,-1290.0,3487.0,83.6,2026-09-03,-3.08,51.3,False
2847,301592,六九一二,108.09,1.6,2.34,-201.04,105.991399965991,0.2712392,66.69410973,-1129.0,1761.0,63.2,2026-09-03,1.98,42.2,False
2848,301595,太力科技,37.99,0.77,0.5,99.38,37.779497918998,0.116654,65.00519949,1258.0,2304.0,62.0,2026-09-03,0.56,40.3,False
2849,301596,瑞迪智驱,47.45,-1.72,2.34,54.82,48.236827991448,0.2416308,66.88840207,1831.0,1707.0,61.6,2026-09-03,-1.63,41.2,False
2850,301598,博科测试,52.48,1.12,1.67,25.46,52.256090139928,0.1603108,64.4414323,-1052.0,2495.0,65.2,2026-09-03,0.43,42.0,False
2851,301599,理奇智能,33.01,1.41,2.78,60.2,32.739279098299,0.1626056,60.4420902,213.0,3785.0,65.2,2026-09-03,0.83,39.4,False
2852,301600,慧翰股份,87.53,2.46,2.54,87.12,84.913952802088,0.168038,65.99800488,658.0,1969.0,60.0,2026-09-03,3.08,39.6,False
2853,301601,惠通科技,16.53,2.73,2.15,-80.25,16.216919263273,0.0716348,57.4887763,82.0,4506.0,62.0,2026-09-03,1.93,35.6,False
2854,301602,超研股份,16.37,1.8,0.61,129.39,16.215816572351,0.1384616,59.76904237,-202.0,3972.0,69.2,2026-09-03,0.95,41.4,False
2855,301603,乔锋智能,128.33,-3.11,3.78,28.35,131.919097002581,0.2946288,81.00543265,54.0,30.0,68.0,2026-09-03,-2.72,55.1,False
2856,301606,绿联科技,55.74,2.52,2.04,26.83,54.579203793258,0.1883464,77.8281764,-51.0,98.0,76.0,2026-09-03,2.13,59.1,False
2857,301607,富特科技,43.07,0.56,3.83,31.95,41.026343215647,0.3635024,71.66424666,1000.0,641.0,61.2,2026-09-03,4.98,43.9,False
2858,301608,博实结,45.59,1.63,1.38,24.33,45.176818484948,0.1577212,70.008171,-94.0,907.0,60.0,2026-09-03,0.91,42.0,False
2859,301609,山大电力,32.78,2.15,0.95,56.73,32.50091748115,0.211302,61.71835464,132.0,3389.0,60.0,2026-09-03,0.86,37.0,False
2860,301611,珂玛科技,89.99,-2.16,2.25,199.68,91.676521878617,0.1866516,60.34849145,-36.0,3809.0,69.6,2026-09-03,-1.84,42.0,False
2861,301613,新铝时代,36.7,3.0,0.66,35.54,35.925712590731,0.1757824,59.45338432,-158.0,4043.0,60.8,2026-09-03,2.16,36.1,False
2862,301616,浙江华业,36.2,1.09,1.16,39.24,35.814902590882,0.1081696,64.56901944,-147.0,2448.0,62.4,2026-09-03,1.08,40.3,False
2863,301617,博苑新材,50.75,0.42,0.74,45.17,50.890925168866,0.2813,62.85963351,-156.0,3028.0,59.2,2026-09-03,-0.28,37.2,False
2864,301618,长联科技,32.3,0.69,0.66,137.98,32.422097053361,0.137258,58.95272931,536.0,4175.0,62.4,2026-09-03,-0.38,36.8,False
2865,301622,英思特,39.34,1.79,0.86,-87.16,38.935362776025,0.0866508,59.22231926,839.0,4102.0,61.6,2026-09-03,1.04,36.5,False
2866,301626,苏州天脉,257.99,-1.76,1.97,780.41,264.348093512186,0.4949424,69.41737303,806.0,1043.0,68.4,2026-09-03,-2.41,47.5,False
2867,301628,强达电路,110.94,0.07,5.67,72.52,107.938370724353,0.3842004,75.03262301,780.0,247.0,74.8,2026-09-03,2.78,56.1,False
2868,301629,矽电股份,282.92,-1.53,5.21,-950.62,289.711074935409,0.3321576,63.85932148,-1064.0,2692.0,75.6,2026-09-03,-2.34,48.3,False
2869,301630,同宇新材,184.7,-3.33,4.47,43.48,190.633713623199,0.2925808,64.2522891,-449.0,2553.0,71.2,2026-09-03,-3.11,45.7,False
2870,301631,壹连科技,65.04,4.35,8.11,32.24,62.025936940949,0.2023196,71.17572365,275.0,731.0,62.8,2026-09-03,4.86,44.7,False
2871,301632,广东建科,13.62,1.87,1.44,80.06,13.450458970991,0.1111288,59.4847809,-476.0,4034.0,61.2,2026-09-03,1.26,36.4,False
2872,301633,港迪技术,65.16,3.59,5.37,-75.03,63.199527702981,0.3285168,73.71732397,1381.0,368.0,66.0,2026-09-03,3.1,48.7,False
2873,301636,泽润新能,41.12,0.81,3.03,152.22,41.133009977638,0.1145484,57.33952303,-207.0,4527.0,59.6,2026-09-03,-0.03,34.2,False
2874,301638,南网数字,22.07,2.46,1.96,173.33,21.656331269895,0.2526188,65.96675278,-272.0,1985.0,70.0,2026-09-03,1.91,46.2,False
2875,301656,联合动力,14.99,0.94,0.85,-204.6,14.890410134184,0.2136712,60.57710282,355.0,3750.0,61.2,2026-09-03,0.67,37.1,False
2876,301658,首航新能,22.88,3.44,2.29,-65.43,22.271812299213,0.121632,51.60832342,-23.0,5128.0,60.8,2026-09-03,2.73,31.4,False
2877,301662,宏工科技,65.34,-0.74,2.56,40.41,65.039124720496,0.2532416,63.6961819,969.0,2749.0,69.6,2026-09-03,0.46,44.3,False
2878,301665,泰禾股份,23.19,0.43,0.76,21.66,23.181560749858,0.1896216,63.95578358,-115.0,2664.0,65.2,2026-09-03,0.04,41.7,False
2879,301666,大普微-UW,414.18,-2.86,4.87,67.72,424.904376887568,0.402024,68.41622,141.0,1296.0,84.8,2026-09-03,-2.52,58.0,False
2880,301667,纳百川,60.8,0.78,2.54,-243.96,60.735282217865,0.1846428,57.16464018,-1208.0,4560.0,61.2,2026-09-03,0.11,35.0,False
2881,301668,昊创瑞通,35.66,1.83,3.03,62.32,35.746690031131,0.186122,67.57308695,-1188.0,1525.0,64.4,2026-09-03,-0.24,43.5,False
2882,301669,高特电子,27.12,0.63,1.95,163.04,26.979488022498,0.1957748,,,,,2026-09-03,0.52,25.0,False
2883,301678,新恒汇,45.47,1.79,0.9,161.03,44.760921737893,0.1466168,57.85872176,11.0,4419.0,60.0,2026-09-03,1.58,34.7,False
2884,301680,固德电材,95.23,1.33,2.36,39.95,94.626304635252,0.2502352,66.86274666,36.0,1715.0,61.6,2026-09-03,0.64,41.2,False
2885,301682,宏明电子,106.68,0.04,2.07,34.0,107.252224594744,0.2601076,66.46703167,1673.0,1834.0,60.4,2026-09-03,-0.53,40.1,False
2886,301683,慧谷新材,98.3,0.59,1.68,28.03,98.223135653345,0.1503728,64.61616104,-1293.0,2430.0,61.2,2026-09-03,0.08,39.5,False
2887,301687,新广益,50.41,-1.02,6.01,62.13,51.260577008483,0.2421148,69.47415277,-850.0,1034.0,68.0,2026-09-03,-1.66,47.2,False
2888,301696,三瑞智能,95.51,-1.14,2.63,72.04,96.690608658354,0.2555984,70.11297369,1807.0,882.0,60.0,2026-09-03,-1.22,42.1,False
2889,302132,中航成飞,63.78,0.05,0.9,120.18,63.421323949742,0.3827372,71.58241865,-594.0,655.0,88.4,2026-09-03,0.57,63.3,False
2890,600000,浦发银行,9.41,1.51,0.12,5.06,9.374299148977,0.3972596,68.86967841,21.0,1172.0,89.6,2026-09-03,0.38,61.7,False
2891,600004,白云机场,7.89,0.38,0.22,23.84,7.866967213104,0.2120692,73.57601952,1311.0,381.0,73.6,2026-09-03,0.29,54.2,False
2892,600006,东风股份,5.41,1.31,0.28,43.54,5.364537452773,0.1815804,61.78707771,-299.0,3371.0,76.0,2026-09-03,0.85,47.0,False
2893,600007,中国国贸,18.92,0.64,0.08,15.04,19.04159566782,0.091786,74.23987228,46.0,321.0,71.2,2026-09-03,-0.64,52.9,False
2894,600008,首创环保,2.82,0.71,0.32,12.33,2.806743687663,0.427698,63.58004403,-219.0,2797.0,74.4,2026-09-03,0.47,47.3,False
2895,600009,上海机场,23.75,0.42,0.15,24.3,23.619657638358,0.2924088,72.73471971,651.0,487.0,80.4,2026-09-03,0.55,58.5,False
2896,600010,包钢股份,2.23,0.45,0.41,180.5,2.230076116067,0.4883568,62.8848543,6.0,3013.0,74.0,2026-09-03,-0.0,46.5,False
2897,600011,华能国际,6.89,0.29,0.27,8.21,6.869093671613,0.4002744,63.05739373,264.0,2962.0,78.8,2026-09-03,0.3,49.7,False
2898,600012,皖通高速,16.72,0.48,0.17,14.18,16.804311444392,0.1164256,67.57848819,-957.0,1521.0,67.6,2026-09-03,-0.5,45.7,False
2899,600015,华夏银行,6.34,1.12,0.37,5.39,6.289701245884,0.4875432,69.52847662,952.0,1022.0,84.0,2026-09-03,0.8,58.4,False
2900,600016,民生银行,3.63,1.11,0.37,4.07,3.62080003209,0.5175316,66.47019682,-1093.0,1831.0,87.6,2026-09-03,0.25,58.2,False
2901,600017,日照港,2.87,1.06,0.51,13.27,2.856923437483,0.3282024,65.07757808,560.0,2280.0,74.8,2026-09-03,0.46,48.7,False
2902,600018,上港集团,5.44,-1.45,0.13,7.43,5.5526814554,0.2639364,71.6046796,-194.0,650.0,82.8,2026-09-03,-2.03,59.3,False
2903,600019,宝钢股份,5.89,0.86,0.15,14.03,5.874228309466,0.4883336,75.35352537,-3.0,222.0,83.2,2026-09-03,0.27,62.7,False
2904,600020,中原高速,3.93,0.51,0.29,6.43,3.937747588803,0.2281996,60.79061387,-1506.0,3670.0,69.2,2026-09-03,-0.2,42.1,False
2905,600021,上海电力,13.59,1.95,0.59,19.15,13.424252019106,0.2767236,58.32599976,270.0,4309.0,74.8,2026-09-03,1.23,43.6,False
2906,600022,山东钢铁,1.34,0.75,0.34,-242.21,1.336865226172,0.5371956,62.14488498,883.0,3253.0,71.6,2026-09-03,0.23,44.5,False
2907,600023,浙能电力,4.93,0.0,0.14,21.99,4.948409674524,0.3790856,68.45744497,135.0,1286.0,77.6,2026-09-03,-0.37,53.1,False
2908,600025,华能水电,9.78,-0.41,0.06,20.82,9.914318249962,0.2825408,72.1835293,-457.0,565.0,83.2,2026-09-03,-1.35,60.1,False
2909,600026,中远海能,20.44,0.54,1.58,12.3,20.129300235713,0.440908,84.24806291,111.0,4.0,80.8,2026-09-03,1.54,68.1,False
2910,600027,华电国际,4.85,1.25,0.55,9.07,4.783600862736,0.4464128,71.57068231,280.0,658.0,80.0,2026-09-03,1.39,57.3,False
2911,600028,中国石化,5.46,0.18,0.09,12.88,5.468294773705,0.3976196,72.9005286,-353.0,466.0,90.8,2026-09-03,-0.15,66.2,False
2912,600029,南方航空,5.02,0.6,0.23,-12.31,4.99070539958,0.3951276,66.8554541,804.0,1717.0,77.6,2026-09-03,0.59,51.9,False
2913,600030,中信证券,28.22,1.29,0.6,9.44,27.854819801109,0.5574868,75.62618809,595.0,207.0,88.8,2026-09-03,1.31,67.2,False
2914,600031,三一重工,20.1,0.8,0.25,16.24,19.978340074835,0.3047556,72.62055231,226.0,505.0,84.0,2026-09-03,0.61,61.0,False
2915,600032,浙江新能,6.84,1.03,0.25,52.75,6.803336650912,0.2003612,57.26669357,-940.0,4547.0,70.8,2026-09-03,0.54,40.5,False
2916,600033,福建高速,3.64,1.96,0.9,9.82,3.585570533681,0.3306104,72.41059433,-44.0,534.0,68.4,2026-09-03,1.52,49.5,False
2917,600035,楚天高速,3.73,-0.27,0.54,6.86,3.773952817245,0.1984872,62.99791683,-1095.0,2979.0,71.6,2026-09-03,-1.16,45.1,False
2918,600036,招商银行,41.52,1.1,0.22,6.85,41.115521410881,0.4508072,79.06658846,-23.0,58.0,93.2,2026-09-03,0.98,73.7,False
2919,600037,歌华有线,7.13,2.89,0.86,23.25,7.027370494097,0.2504528,71.91674107,-140.0,602.0,73.2,2026-09-03,1.46,52.6,False
2920,600038,中直股份,28.07,0.5,0.33,61.37,27.863175617859,0.2746792,66.94082614,-850.0,1693.0,81.2,2026-09-03,0.74,54.4,False
2921,600039,四川路桥,9.16,-1.19,0.15,12.89,9.404132035966,0.1563356,72.81576794,-168.0,479.0,80.4,2026-09-03,-2.6,58.5,False
2922,600048,保利发展,5.27,3.54,1.71,16.1,5.052207481252,0.4929572,70.67480119,618.0,794.0,88.8,2026-09-03,4.31,62.8,False
2923,600050,中国联通,4.29,0.7,0.13,16.2,4.278257624957,0.4373468,70.35829278,-135.0,838.0,79.6,2026-09-03,0.27,56.0,False
2924,600051,宁波联合,6.36,0.95,0.65,53.93,6.340949395922,0.0934316,66.17622261,-7.0,1910.0,65.6,2026-09-03,0.3,43.4,False
2925,600052,东望时代,3.98,0.76,1.0,-122.38,3.987191827101,0.2719832,61.98631276,-133.0,3319.0,63.2,2026-09-03,-0.18,39.2,False
2926,600053,*ST九鼎,7.88,1.29,0.13,-19.38,7.839883780992,0.1421316,54.84933876,-399.0,4899.0,68.4,2026-09-03,0.51,37.5,False
2927,600054,黄山旅游,11.62,1.13,1.17,32.53,11.711466467565,0.2538052,73.85491622,-289.0,354.0,79.2,2026-09-03,-0.78,58.5,False
2928,600055,万东医疗,11.16,1.18,0.18,-42.8,11.075668562509,0.1619192,63.25426922,247.0,2888.0,70.4,2026-09-03,0.76,44.5,False
2929,600056,中国医药,9.12,0.77,0.26,27.38,9.062917049852,0.256798,67.28338635,-311.0,1601.0,79.6,2026-09-03,0.63,53.6,False
2930,600057,厦门象屿,6.53,2.19,0.32,8.7,6.453789592339,0.2032948,73.49862622,538.0,387.0,75.6,2026-09-03,1.18,55.6,False
2931,600058,五矿发展,9.87,0.41,0.19,904.91,9.88450634867,0.1587648,59.24432104,-1324.0,4096.0,69.2,2026-09-03,-0.15,41.0,False
2932,600059,古越龙山,9.19,10.06,5.18,45.75,8.415594874763,0.2834932,68.8479764,113.0,1179.0,76.8,2026-09-03,9.2,52.9,False
2933,600060,海信视像,28.74,0.35,0.34,15.69,28.772407367085,0.2213584,75.41611116,-144.0,218.0,76.8,2026-09-03,-0.11,57.9,False
2934,600061,国投资本,6.58,1.7,0.43,9.57,6.495744675633,0.3584212,70.47058765,1440.0,821.0,75.6,2026-09-03,1.3,53.3,False
2935,600062,华润双鹤,16.14,0.44,0.24,8.86,16.015618892172,0.1998184,72.25476383,507.0,556.0,79.6,2026-09-03,0.78,57.5,False
2936,600063,皖维高新,5.67,0.35,0.53,18.72,5.670138092654,0.3050228,55.73292886,-73.0,4791.0,69.2,2026-09-03,-0.0,38.6,False
2937,600064,南京高科,7.74,0.91,0.4,5.33,7.70891856297,0.2498704,69.69667369,-668.0,974.0,73.2,2026-09-03,0.4,51.0,False
2938,600066,宇通客车,28.39,-0.04,0.38,16.83,28.898879813168,0.2209248,72.35026946,-457.0,545.0,83.2,2026-09-03,-1.76,60.2,False
2939,600067,冠城新材,2.91,1.39,0.7,-47.38,2.880888061439,0.2260544,62.45733019,124.0,3149.0,67.2,2026-09-03,1.01,42.0,False
2940,600071,凤凰光学,16.97,2.35,0.76,361.67,16.717223474058,0.0905112,64.04126502,-902.0,2629.0,74.8,2026-09-03,1.51,47.9,False
2941,600072,中船科技,9.04,2.73,1.13,-13.02,8.85337971466,0.2091836,65.17514467,1143.0,2249.0,78.0,2026-09-03,2.11,50.8,False
2942,600073,光明肉业,5.74,1.77,0.52,25.23,5.639582543514,0.2269852,60.42401404,770.0,3790.0,75.6,2026-09-03,1.78,45.7,False
2943,600075,新疆天业,4.91,1.24,0.76,188.66,4.899008001256,0.2361588,67.61336019,-285.0,1505.0,78.0,2026-09-03,0.22,52.7,False
2944,600076,康欣新材,3.22,0.31,0.36,-15.97,3.215357606748,0.1636064,53.0485136,-480.0,5053.0,65.2,2026-09-03,0.14,34.6,False
2945,600078,澄星股份,11.03,0.55,1.3,31.87,11.078416363167,0.2680052,61.1716689,-1635.0,3555.0,78.4,2026-09-03,-0.44,48.0,False
2946,600079,ST人福,18.74,-0.79,0.32,11.5,18.889742944111,0.4505,73.48692735,-23.0,389.0,77.6,2026-09-03,-0.79,57.0,False
2947,600080,ST金花,4.88,1.67,0.28,1152.94,4.850754498808,0.22001,58.3253944,-52.0,4310.0,63.6,2026-09-03,0.6,37.1,False
2948,600081,东风科技,10.6,1.24,0.19,32.81,10.483711296825,0.0689556,62.24977991,375.0,3216.0,70.8,2026-09-03,1.11,44.1,False
2949,600082,ST海泰,2.99,1.7,0.35,-32.72,2.968006093458,0.2486488,61.37870579,-188.0,3501.0,64.4,2026-09-03,0.74,39.5,False
2950,600084,*ST尼雅,4.28,1.9,0.15,312.5,4.210833810342,0.1299184,60.82299402,151.0,3663.0,64.8,2026-09-03,1.64,39.4,False
2951,600085,同仁堂,24.2,1.42,0.21,22.85,23.890256321431,0.2530984,62.29343571,-866.0,3204.0,80.4,2026-09-03,1.3,50.1,False
2952,600088,中视传媒,12.54,1.29,3.53,-92.11,12.717126549669,0.2976228,73.94928608,1370.0,346.0,74.8,2026-09-03,-1.39,55.3,False
2953,600089,特变电工,19.08,1.33,0.67,18.89,18.848288307996,0.2697568,62.31394511,-305.0,3195.0,77.2,2026-09-03,1.23,48.1,False
2954,600094,大名城,4.02,2.55,0.44,467.07,3.951209529685,0.1847532,62.81103682,-1339.0,3037.0,68.0,2026-09-03,1.74,42.7,False
2955,600095,湘财股份,10.41,10.04,3.05,28.12,9.574108141258,0.234838,64.37807247,-842.0,2517.0,90.0,2026-09-03,8.73,57.9,False
2956,600096,云天化,31.18,0.84,0.99,9.69,31.022371727743,0.4042556,73.45111628,335.0,397.0,89.6,2026-09-03,0.51,65.8,False
2957,600097,开创国际,9.39,2.85,1.09,-37.32,9.195748926856,0.0623972,68.20297357,631.0,1358.0,70.8,2026-09-03,2.11,48.3,False
2958,600098,广州发展,6.15,1.82,0.34,11.4,6.024742975337,0.3113476,69.84037998,651.0,939.0,71.2,2026-09-03,2.08,49.7,False
2959,600099,林海股份,9.43,0.96,0.88,75.59,9.36402483825,0.1258032,60.91465764,-1659.0,3628.0,66.0,2026-09-03,0.7,40.2,False
2960,600100,同方股份,6.98,1.16,0.29,-113.35,6.924625017007,0.2805432,59.45824029,-108.0,4042.0,76.4,2026-09-03,0.8,45.4,False
2961,600101,明星电力,7.94,1.28,0.82,40.97,7.873941223684,0.2861628,60.185068,37.0,3850.0,72.8,2026-09-03,0.84,43.8,False
2962,600103,青山纸业,3.65,-1.08,9.27,101.65,3.699571882144,0.2889348,58.49080005,-941.0,4268.0,92.4,2026-09-03,-1.34,54.0,False
2963,600104,上汽集团,10.51,1.64,0.2,11.72,10.370253031418,0.2988912,71.25667023,-544.0,715.0,78.8,2026-09-03,1.35,56.2,False
2964,600105,永鼎股份,38.23,-2.72,3.43,55.51,38.882342391975,0.3416092,72.92139001,2331.0,463.0,86.0,2026-09-03,-1.68,62.7,False
2965,600106,重庆路桥,4.63,1.31,0.5,39.99,4.59581145097,0.2579852,66.29957656,-325.0,1880.0,70.8,2026-09-03,0.74,46.9,False
2966,600107,*ST尔雅,6.29,-0.79,0.14,-90.54,6.356419708029,0.2490512,60.66369032,-948.0,3723.0,66.0,2026-09-03,-1.04,40.0,False
2967,600108,亚盛集团,4.36,10.1,11.06,170.32,3.883957521103,0.5850884,76.49606114,1724.0,149.0,87.6,2026-09-03,12.26,67.0,False
2968,600109,国金证券,8.81,1.85,0.55,12.36,8.658824069921,0.379952,70.75881481,1261.0,776.0,77.2,2026-09-03,1.75,54.6,False
2969,600110,诺德股份,11.23,-1.58,4.17,94.68,11.478765323054,0.2747312,60.97483139,-106.0,3614.0,91.6,2026-09-03,-2.17,55.9,False
2970,600111,北方稀土,39.08,0.15,0.37,34.4,39.101431189072,0.280436,62.36772349,-60.0,3178.0,78.8,2026-09-03,-0.05,49.1,False
2971,600113,浙江东日,29.64,0.82,0.43,137.47,29.57578178216,0.2373688,60.55309968,-1404.0,3753.0,68.4,2026-09-03,0.22,41.4,False
2972,600114,东睦股份,29.57,-0.67,1.06,49.23,29.6043595037,0.3498412,71.20763087,-150.0,723.0,79.6,2026-09-03,-0.12,56.7,False
2973,600115,中国东航,3.47,1.17,0.52,-17.59,3.432856983503,0.4710392,67.45679242,1519.0,1560.0,78.0,2026-09-03,1.08,52.6,False
2974,600116,三峡水利,6.34,1.12,0.31,16.04,6.307450107165,0.134418,67.17850321,-989.0,1629.0,76.0,2026-09-03,0.52,51.1,False
2975,600117,西宁特钢,2.32,1.31,0.2,-12.13,2.303988810296,0.242088,64.34497966,176.0,2527.0,69.6,2026-09-03,0.69,44.8,False
2976,600118,中国卫星,58.39,0.85,0.67,998.76,58.152773104506,0.2390804,58.86330278,-349.0,4192.0,79.6,2026-09-03,0.41,46.9,False
2977,600119,*ST长投,5.09,1.19,0.31,-108.38,5.067842197787,0.2351056,58.74061072,882.0,4224.0,67.6,2026-09-03,0.44,39.7,False
2978,600120,浙江东方,4.97,1.64,0.54,9.68,4.921633620748,0.2507184,64.6387369,30.0,2421.0,77.2,2026-09-03,0.98,49.9,False
2979,600121,郑州煤电,5.12,-10.02,10.03,-9.2,5.577973166956,0.4020384,66.10863228,2339.0,1935.0,93.2,2026-09-03,-8.21,61.6,False
2980,600123,兰花科创,7.06,-0.7,0.55,62.57,7.158554510841,0.2581368,60.78620577,-111.0,3672.0,76.4,2026-09-03,-1.38,46.4,False
2981,600125,铁龙物流,5.46,0.74,0.62,9.25,5.462639120434,0.2639464,66.25261258,-1078.0,1890.0,70.8,2026-09-03,-0.05,46.9,False
2982,600126,杭钢股份,6.4,0.95,0.61,862.76,6.384620788536,0.2347236,64.03407551,-231.0,2634.0,83.2,2026-09-03,0.24,53.3,False
2983,600127,金健米业,12.31,-2.84,22.53,-412.37,12.296262232631,0.3363024,55.43724417,-1.0,4833.0,94.8,2026-09-03,0.11,52.6,False
2984,600128,苏豪弘业,8.58,2.26,0.93,49.42,8.506844228325,0.1779944,67.69698384,1149.0,1486.0,70.4,2026-09-03,0.86,47.7,False
2985,600129,太极集团,13.92,0.72,0.6,43.68,13.786910412583,0.1846856,52.75501243,-269.0,5062.0,76.4,2026-09-03,0.97,40.3,False
2986,600130,波导股份,4.64,0.22,1.46,474.22,4.668583927472,0.2677352,71.10906616,-146.0,742.0,87.2,2026-09-03,-0.61,62.0,False
2987,600131,国网信通,15.0,2.11,0.25,38.8,14.741928923676,0.109272,68.27981213,-83.0,1339.0,73.2,2026-09-03,1.75,50.0,False
2988,600132,重庆啤酒,39.99,1.27,0.38,12.16,39.484770557341,0.2125136,67.81344879,1207.0,1460.0,77.2,2026-09-03,1.28,52.4,False
2989,600133,东湖高新,8.54,2.03,0.78,-282.1,8.417246053365,0.2723924,59.66488702,-284.0,3990.0,75.2,2026-09-03,1.46,44.9,False
2990,600135,乐凯胶片,7.6,0.8,0.35,-64.88,7.551476453829,0.0778436,54.62611661,-866.0,4928.0,66.0,2026-09-03,0.64,36.1,False
2991,600136,ST明诚,1.48,0.68,0.21,-1953.89,1.474238670369,0.4898836,61.39485828,828.0,3494.0,64.0,2026-09-03,0.39,39.3,False
2992,600137,浪莎股份,18.19,1.34,0.56,101.76,18.196320652174,0.0376216,62.8018774,-323.0,3041.0,65.2,2026-09-03,-0.03,40.9,False
2993,600138,中青旅,7.37,1.52,1.04,120.53,7.388988878296,0.243434,64.59439035,-1239.0,2439.0,78.4,2026-09-03,-0.26,50.6,False
2994,600141,兴发集团,30.84,0.03,1.19,22.18,31.069994070663,0.3461432,65.54387637,-1392.0,2122.0,84.4,2026-09-03,-0.74,55.3,False
2995,600143,金发科技,13.89,0.51,0.37,27.11,13.885352303148,0.2329944,67.39125216,-6.0,1572.0,74.4,2026-09-03,0.03,50.1,False
2996,600148,长春一东,17.37,4.89,2.79,104.03,16.594859041779,0.137392,66.50824442,120.0,1810.0,71.6,2026-09-03,4.67,47.6,False
2997,600149,廊坊发展,5.18,1.37,1.1,315.77,5.145377051854,0.2639288,67.92193049,-51.0,1433.0,69.6,2026-09-03,0.67,47.3,False
2998,600150,中国船舶,36.42,6.12,1.96,13.77,34.566976861139,0.4834732,77.44433602,260.0,111.0,89.6,2026-09-03,5.36,69.4,False
2999,600151,航天机电,9.95,1.12,0.61,-531.31,9.821483456489,0.1720292,59.69293863,-41.0,3986.0,72.4,2026-09-03,1.31,43.2,False
3000,600152,维科技术,8.24,1.35,0.94,-58.47,8.195048033301,0.165044,53.47662731,-76.0,5024.0,70.8,2026-09-03,0.55,37.9,False
3001,600153,建发股份,8.45,2.92,0.73,12.39,8.223779790316,0.2800772,63.8746803,217.0,2687.0,76.4,2026-09-03,2.75,48.8,False
3002,600155,华创云信,6.31,2.6,0.94,28.86,6.193345745111,0.3158968,59.77613871,-413.0,3969.0,78.0,2026-09-03,1.88,46.6,False
3003,600156,华升股份,8.72,-2.57,1.83,-73.05,8.813265214175,0.2974072,65.38194983,2665.0,2180.0,71.6,2026-09-03,-1.06,46.8,False
3004,600157,永泰能源,1.56,0.65,0.83,187.92,1.550277100907,0.6213256,61.33376598,1273.0,3513.0,74.8,2026-09-03,0.63,45.9,False
3005,600158,中体产业,7.48,2.61,3.2,-560.27,7.393363698813,0.2823604,72.94715338,1091.0,461.0,72.4,2026-09-03,1.17,52.8,False
3006,600159,大龙地产,2.79,2.57,2.02,-33.87,2.734804914562,0.2069608,63.15287443,-693.0,2932.0,74.0,2026-09-03,2.02,46.7,False
3007,600160,巨化股份,38.28,-0.7,0.34,19.5,38.358453660129,0.3713428,68.34069726,-185.0,1321.0,81.6,2026-09-03,-0.2,55.8,False
3008,600161,天坛生物,12.29,0.82,0.18,40.65,12.17558584888,0.1617616,63.26857466,-14.0,2881.0,78.0,2026-09-03,0.94,49.3,False
3009,600162,香江控股,4.77,0.21,2.95,-467.33,4.750560831351,0.3002248,60.25030344,-685.0,3831.0,88.8,2026-09-03,0.41,53.5,False
3010,600163,中闽能源,5.31,2.51,0.49,14.56,5.187556585394,0.194298,65.96066121,894.0,1987.0,70.8,2026-09-03,2.36,46.7,False
3011,600165,宁科生物,3.2,0.63,1.0,-19.52,3.190418127699,0.213275490196,53.73933654,-196.0,5002.0,72.8,2026-09-03,0.3,39.1,False
3012,600166,福田汽车,2.88,0.7,0.35,12.59,2.861382099379,0.4047032,65.26959355,-295.0,2211.0,73.6,2026-09-03,0.65,48.0,False
3013,600167,联美控股,5.85,1.04,0.18,19.84,5.778627763899,0.1652312,68.12149876,186.0,1373.0,69.6,2026-09-03,1.24,47.4,False
3014,600168,武汉控股,4.5,1.12,0.22,22.07,4.493425510234,0.1901492,61.54237929,-1503.0,3439.0,68.4,2026-09-03,0.15,42.1,False
3015,600169,ST太重,2.15,0.47,0.09,69.03,2.152289431242,0.4739524,65.24572342,-93.0,2224.0,67.6,2026-09-03,-0.11,44.1,False
3016,600170,上海建工,2.28,1.33,0.75,24.8,2.261227877679,0.4662736,68.27057049,1310.0,1342.0,76.8,2026-09-03,0.83,52.4,False
3017,600171,上海贝岭,23.08,1.1,0.59,71.66,22.862516968335,0.1658572,61.4138145,138.0,3486.0,74.0,2026-09-03,0.95,45.4,False
3018,600172,黄河旋风,15.48,-2.76,17.28,-50.23,15.734738926692,0.4561216,70.9795337,4062.0,748.0,94.8,2026-09-03,-1.62,67.3,False
3019,600173,卧龙新能,6.25,1.79,0.52,146.7,6.204574683903,0.0990416,59.44266604,-1236.0,4047.0,68.0,2026-09-03,0.73,40.4,False
3020,600176,中国巨石,41.24,-3.26,2.83,28.14,42.808636855053,0.4361428,71.68657193,-617.0,636.0,95.6,2026-09-03,-3.66,68.5,False
3021,600177,雅戈尔,8.29,0.36,0.27,9.03,8.27082669631,0.2304228,68.67542491,-701.0,1219.0,81.6,2026-09-03,0.23,56.0,False
3022,600178,东安动力,10.3,3.0,1.32,-268.88,10.01220828376,0.1488008,61.70193845,-926.0,3395.0,75.6,2026-09-03,2.87,46.6,False
3023,600179,安通控股,4.67,1.3,0.55,15.06,4.604893109193,0.3743308,70.08552393,1646.0,888.0,72.4,2026-09-03,1.41,50.7,False
3024,600180,*ST瑞茂,1.46,2.82,0.71,-0.75,1.428850861926,0.3893936,49.23790099,-6.0,5182.0,62.0,2026-09-03,2.18,30.5,False
3025,600182,S佳通,13.13,0.77,0.34,31.6,13.068571884984,0.2060204,65.66358801,-558.0,2080.0,59.6,2026-09-03,0.47,39.1,False
3026,600183,生益科技,140.35,-1.98,1.3,51.86,142.526028565006,0.4484048,75.67760154,-180.0,201.0,95.2,2026-09-03,-1.53,72.0,False
3027,600184,光电股份,18.35,2.46,1.41,336.36,17.939405962442,0.189158,65.06402453,-1699.0,2287.0,79.2,2026-09-03,2.29,51.5,False
3028,600185,珠免集团,5.47,3.6,6.4,147.85,5.153199115582,0.445446,82.85826233,130.0,9.0,83.2,2026-09-03,6.15,68.9,False
3029,600186,莲花控股,11.97,-3.31,7.34,44.05,12.197802921898,0.370604,78.89540289,47.0,63.0,95.2,2026-09-03,-1.87,75.1,False
3030,600187,*ST国中,1.35,1.5,0.43,375.25,1.337804229482,0.4005572,53.10561717,-82.0,5046.0,70.4,2026-09-03,0.91,37.4,False
3031,600188,兖矿能源,21.35,-1.84,0.38,14.99,22.076302069154,0.3152552,68.06430199,-360.0,1394.0,90.4,2026-09-03,-3.29,61.5,False
3032,600189,泉阳泉,8.01,3.22,0.79,73.96,7.768843891813,0.1948112,62.58479049,1120.0,3103.0,75.2,2026-09-03,3.1,47.1,False
3033,600191,华资实业,10.48,1.35,0.46,70.27,10.432520587708,0.2316628,61.63661526,-747.0,3419.0,68.4,2026-09-03,0.46,42.2,False
3034,600192,长城电工,7.35,1.8,1.21,-11.93,7.260939955787,0.1806676,54.65991102,-2094.0,4925.0,78.4,2026-09-03,1.23,42.9,False
3035,600195,中牧股份,6.84,1.63,0.34,70.06,6.743214389698,0.1296668,64.87670776,-405.0,2349.0,71.6,2026-09-03,1.44,46.5,False
3036,600196,复星医药,22.42,0.63,0.3,17.39,22.245226386168,0.3276624,67.88174719,-215.0,1445.0,86.4,2026-09-03,0.79,58.6,False
3037,600197,伊力特,9.77,2.73,0.94,28.24,9.571885382756,0.1278684,59.54054459,-206.0,4019.0,72.8,2026-09-03,2.07,43.3,False
3038,600198,大唐电信,7.68,0.79,0.48,-82.03,7.707694695745,0.1895748,54.53634253,-150.0,4938.0,80.8,2026-09-03,-0.36,44.1,False
3039,600199,金种子酒,7.59,3.83,3.86,-38.5,7.427937823646,0.2069636,62.89362264,1158.0,3009.0,80.0,2026-09-03,2.18,50.3,False
3040,600201,生物股份,12.44,0.97,0.42,65.72,12.345076017489,0.2072804,63.17468306,-191.0,2917.0,74.4,2026-09-03,0.77,47.0,False
3041,600202,哈空调,5.17,0.98,0.69,-18.86,5.136929188885,0.0766692,56.42430501,-49.0,4685.0,67.6,2026-09-03,0.64,38.1,False
3042,600203,福日电子,11.24,0.72,3.48,39.98,11.267178085383,0.2690956,62.88411189,758.0,3017.0,89.6,2026-09-03,-0.24,56.3,False
3043,600206,有研新材,46.31,-1.99,3.33,106.92,47.400040545987,0.2903268,58.71084338,-1128.0,4230.0,86.4,2026-09-03,-2.3,50.7,False
3044,600207,安彩高科,4.5,2.04,0.81,-7.48,4.447152610286,0.23827,56.5438293,-152.0,4663.0,69.6,2026-09-03,1.19,39.4,False
3045,600208,衢州发展,2.94,1.73,0.67,73.95,2.901250298898,0.444396,67.90232407,-205.0,1440.0,71.6,2026-09-03,1.34,48.6,False
3046,600210,紫江企业,6.15,0.82,0.38,8.57,6.129089803728,0.2339284,63.67746792,-111.0,2758.0,77.2,2026-09-03,0.34,49.2,False
3047,600211,西藏药业,38.41,1.03,0.41,10.18,38.013949378915,0.2301568,67.36054129,-496.0,1584.0,81.6,2026-09-03,1.04,55.0,False
3048,600212,绿能慧充,6.45,3.86,1.33,-88.55,6.277508306439,0.1861568,62.99446175,-1065.0,2980.0,72.4,2026-09-03,2.75,45.6,False
3049,600215,派斯林,6.84,1.03,0.48,-56.39,6.809871991736,0.192708,63.56031735,1363.0,2798.0,70.8,2026-09-03,0.44,45.0,False
3050,600216,浙江医药,12.73,0.16,0.57,10.1,12.690513281023,0.2807116,68.0682006,-32.0,1391.0,82.0,2026-09-03,0.31,55.8,False
3051,600217,中再资环,3.27,1.55,0.28,-88.3,3.244748463682,0.1877212,63.39555398,-1393.0,2842.0,72.8,2026-09-03,0.78,46.2,False
3052,600218,全柴动力,7.8,1.56,0.57,39.37,7.776080394346,0.19687,63.6302475,1107.0,2774.0,74.8,2026-09-03,0.31,47.6,False
3053,600219,南山铝业,4.96,0.61,0.59,12.67,4.947101763501,0.4362884,71.37036926,130.0,692.0,85.6,2026-09-03,0.26,61.1,False
3054,600221,海航控股,1.31,0.77,0.2,104.77,1.299342238814,0.5825344,70.62040434,1039.0,801.0,75.6,2026-09-03,0.82,53.4,False
3055,600222,太龙药业,8.73,1.39,1.26,202.92,8.648039139761,0.2738688,59.66356765,-1325.0,3991.0,79.6,2026-09-03,0.95,47.5,False
3056,600223,福瑞达,5.73,2.32,0.54,35.61,5.640948533327,0.2068252,65.42941751,-92.0,2163.0,74.4,2026-09-03,1.58,48.7,False
3057,600226,亨通股份,5.88,-0.17,1.25,95.44,5.897607125776,0.2586396,61.52948224,-802.0,3444.0,74.0,2026-09-03,-0.3,45.5,False
3058,600227,赤天化,4.51,2.04,14.86,98.14,4.612720930862,0.2777888,56.44609955,-218.0,4682.0,91.2,2026-09-03,-2.23,51.5,False
3059,600228,返利科技,10.74,4.47,7.04,-78.99,10.472237971168,0.3929408,71.66988861,-197.0,640.0,79.2,2026-09-03,2.56,56.8,False
3060,600229,城市传媒,5.45,2.83,1.61,-80.0,5.486006819596,0.1694236,64.00701963,1580.0,2644.0,64.4,2026-09-03,-0.66,41.2,False
3061,600230,沧州大化,14.79,1.65,1.64,30.39,14.671712811448,0.2287412,66.82294349,-657.0,1725.0,81.2,2026-09-03,0.81,54.3,False
3062,600231,凌钢股份,1.78,1.71,0.24,-3.16,1.760125252383,0.2187924,59.63804064,737.0,3999.0,66.8,2026-09-03,1.13,39.8,False
3063,600232,金鹰股份,6.66,2.46,0.65,61.83,6.603345328412,0.0690132,64.940729,77.0,2327.0,69.2,2026-09-03,0.86,44.9,False
3064,600233,圆通速递,17.07,0.35,0.23,9.2,16.910340840288,0.3208832,78.95022836,161.0,62.0,70.0,2026-09-03,0.94,55.3,False
3065,600234,科新发展,23.51,2.84,1.71,8782.56,22.313454822474,0.294658,63.6876063,989.0,2753.0,65.6,2026-09-03,5.36,41.8,False
3066,600235,民丰特纸,5.91,0.85,0.59,153.42,5.877699267236,0.1043484,55.36311494,59.0,4843.0,65.2,2026-09-03,0.55,36.1,False
3067,600236,桂冠电力,9.99,-0.5,0.06,22.38,10.135511952338,0.2204372,67.57498404,-1298.0,1523.0,75.2,2026-09-03,-1.44,50.8,False
3068,600237,铜峰电子,8.39,0.36,1.72,50.73,8.351495448907,0.3082736,58.17117798,132.0,4347.0,68.8,2026-09-03,0.46,40.0,False
3069,600238,ST椰岛,4.77,1.92,0.37,-141.81,4.692609018463,0.226704901961,63.24850041,1118.0,2894.0,70.4,2026-09-03,1.65,44.5,False
3070,600239,ST云城,1.45,2.11,0.52,17.08,1.42802259108,0.4042512,56.80272998,-52.0,4626.0,68.8,2026-09-03,1.54,39.1,False
3071,600241,时代万恒,7.55,0.94,0.59,-89.17,7.550401423228,0.092162,55.81971684,-37.0,4783.0,65.2,2026-09-03,-0.01,36.4,False
3072,600243,*ST海华,3.66,-0.54,0.42,-56.25,3.688139074335,0.213394,54.75028001,-671.0,4915.0,65.6,2026-09-03,-0.76,35.9,False
3073,600246,万通发展,12.41,-1.35,2.48,-56.26,12.826430663142,0.3897436,60.67086604,-2097.0,3717.0,87.6,2026-09-03,-3.25,53.1,False
3074,600248,陕建股份,2.91,1.75,0.26,23.94,2.892964066401,0.2725232,67.41316387,-71.0,1566.0,69.2,2026-09-03,0.59,46.6,False
3075,600249,两面针,5.34,1.33,0.75,-313.7,5.317330344406,0.1796168,62.71220362,-1818.0,3071.0,72.0,2026-09-03,0.43,45.2,False
3076,600250,南京商旅,9.93,1.22,4.94,241.38,10.103130872916,0.1624512,56.23692125,-643.0,4711.0,84.0,2026-09-03,-1.71,47.2,False
3077,600251,冠农股份,10.9,2.54,2.07,7.88,10.60954830663,0.332884,71.56811013,441.0,659.0,84.4,2026-09-03,2.74,60.4,False
3078,600252,中恒集团,2.26,1.35,0.67,-73.73,2.238031567212,0.2335688,54.06630614,-38.0,4972.0,77.6,2026-09-03,0.98,42.0,False
3079,600255,鑫科材料,3.45,0.29,2.02,73.12,3.468546818067,0.2866572,66.52095207,-1020.0,1805.0,80.4,2026-09-03,-0.53,53.5,False
3080,600256,广汇能源,6.63,-0.3,0.91,16.58,6.664065285298,0.3680644,64.62949298,-199.0,2426.0,87.2,2026-09-03,-0.51,56.4,False
3081,600257,大湖股份,5.91,2.78,2.01,84.24,5.748348828904,0.1796596,67.25552343,-506.0,1612.0,81.2,2026-09-03,2.81,54.6,False
3082,600258,首旅酒店,12.05,3.26,2.04,15.26,11.832586817144,0.263154,73.53632144,-8.0,385.0,76.4,2026-09-03,1.84,56.2,False
3083,600259,中稀有色,78.48,-1.08,0.77,32.72,79.297636639029,0.2674656,60.52033009,367.0,3763.0,79.6,2026-09-03,-1.03,48.2,False
3084,600261,阳光照明,3.25,0.93,0.24,43.92,3.241059222028,0.2394224,65.59480616,-107.0,2103.0,69.2,2026-09-03,0.28,45.4,False
3085,600262,北方股份,15.72,1.03,1.26,13.65,15.651755700962,0.2348644,68.47623828,-1088.0,1280.0,76.0,2026-09-03,0.44,52.0,False
3086,600265,*ST景谷,23.38,1.96,0.4,-7248.73,22.896986464023,0.1538552,66.71483423,110.0,1755.0,61.2,2026-09-03,2.11,40.8,False
3087,600266,城建发展,4.34,2.6,1.3,-65.75,4.22816636011,0.3903588,67.98669015,1472.0,1416.0,79.6,2026-09-03,2.64,54.1,False
3088,600267,海正药业,11.82,0.25,0.82,10.96,11.75267136077,0.2949212,65.8490242,-311.0,2023.0,82.4,2026-09-03,0.57,54.3,False
3089,600268,国电南自,10.78,1.79,0.78,28.24,10.58953462996,0.261242,70.24012315,1127.0,858.0,74.0,2026-09-03,1.8,52.0,False
3090,600269,赣粤高速,3.9,0.52,0.3,21.93,3.893395758508,0.3157516,67.69190322,-68.0,1488.0,66.4,2026-09-03,0.17,44.9,False
3091,600271,航天信息,6.98,2.2,0.49,-17.16,6.888460070976,0.206496,59.74437237,-1479.0,3976.0,75.6,2026-09-03,1.33,45.2,False
3092,600272,开开实业,17.95,9.99,22.78,106.07,16.656276430211,0.200566,56.67897254,-67.0,4650.0,83.2,2026-09-03,7.77,47.2,False
3093,600273,嘉化能源,6.78,0.74,0.44,20.31,6.768334830135,0.1973432,64.64202626,-1370.0,2419.0,72.8,2026-09-03,0.17,47.1,False
3094,600276,恒瑞医药,46.17,0.46,0.37,34.31,45.740277129405,0.4462088,74.30604091,679.0,316.0,87.2,2026-09-03,0.94,64.8,False
3095,600278,东方创业,6.57,0.92,0.29,22.95,6.550006941801,0.1137088,64.06879515,-1368.0,2616.0,73.2,2026-09-03,0.31,46.9,False
3096,600279,重庆港,4.45,1.37,0.27,107.06,4.405909925506,0.1786548,64.95049999,1820.0,2323.0,66.8,2026-09-03,1.0,43.4,False
3097,600280,中央商场,3.15,1.61,2.13,-62.18,3.152090821807,0.2338084,62.45804303,1425.0,3147.0,72.0,2026-09-03,-0.07,45.0,False
3098,600281,华阳新材,4.86,0.83,0.96,526.84,4.828891596706,0.1238636,53.08777076,-57.0,5049.0,78.0,2026-09-03,0.64,41.4,False
3099,600282,南钢股份,4.78,0.63,0.14,11.14,4.774223784191,0.2389716,63.23690645,-1328.0,2898.0,73.2,2026-09-03,0.12,46.3,False
3100,600283,钱江水利,8.24,1.23,0.26,21.36,8.163725505584,0.1588348,63.16175063,-1522.0,2927.0,73.2,2026-09-03,0.93,46.2,False
3101,600284,浦东建设,5.31,1.34,0.67,19.57,5.290105307222,0.3216104,61.56836052,-72.0,3435.0,72.8,2026-09-03,0.38,44.8,False
3102,600285,羚锐制药,19.65,0.51,0.39,11.25,19.603250734083,0.1708576,64.63153931,-360.0,2424.0,76.8,2026-09-03,0.24,49.6,False
3103,600287,苏豪时尚,5.06,2.22,0.41,94.67,5.007136465903,0.03022,60.27613049,-92.0,3827.0,67.2,2026-09-03,1.06,40.5,False
3104,600288,大恒科技,11.47,1.5,3.33,31.92,11.466567278028,0.311908,74.4805799,1440.0,299.0,80.4,2026-09-03,0.03,59.9,False
3105,600289,ST信通,4.31,-0.46,0.12,-11.89,4.327512587534,0.3491132,58.80789311,641.0,4211.0,64.4,2026-09-03,-0.4,37.9,False
3106,600292,电投水电,12.13,0.5,0.67,24.29,12.084866632387,0.1873076,63.47742418,221.0,2820.0,74.4,2026-09-03,0.37,47.2,False
3107,600293,三峡新材,2.98,1.36,0.85,-21.51,2.970986781995,0.2806016,60.77442832,-383.0,3679.0,71.2,2026-09-03,0.3,43.3,False
3108,600295,鄂尔多斯,14.19,2.16,0.42,14.03,13.864682044996,0.2614452,74.28446139,-104.0,317.0,78.0,2026-09-03,2.35,57.9,False
3109,600298,安琪酵母,42.56,0.81,0.29,20.96,42.425442844568,0.196894,76.026822,-133.0,173.0,83.2,2026-09-03,0.32,63.3,False
3110,600299,安迪苏,8.53,2.52,0.86,14.52,8.344055171612,0.247436,72.96984671,672.0,457.0,76.0,2026-09-03,2.23,55.5,False
3111,600300,维维股份,3.26,2.19,1.29,20.11,3.22985222969,0.3488752,72.96385866,133.0,458.0,80.4,2026-09-03,0.93,58.7,False
3112,600301,华锡有色,45.76,1.08,1.72,27.11,45.196145451817,0.2241036,64.07190845,-676.0,2615.0,75.2,2026-09-03,1.25,48.2,False
3113,600302,ST标准,6.41,1.75,0.34,-27.55,6.390360239008,0.1089516,50.06271193,0.0,5169.0,63.6,2026-09-03,0.31,31.8,False
3114,600303,曙光股份,3.06,1.32,1.05,-8.23,3.026173376575,0.2112796,64.30010143,1188.0,2539.0,69.6,2026-09-03,1.12,44.8,False
3115,600305,恒顺醋业,6.84,1.63,0.37,31.27,6.768970999301,0.1594936,63.90426588,-1614.0,2683.0,75.2,2026-09-03,1.05,48.1,False
3116,600307,酒钢宏兴,1.5,1.35,0.34,-21.71,1.500223356737,0.4212376,55.79372541,-19.0,4785.0,70.0,2026-09-03,-0.01,39.1,False
3117,600308,华泰股份,3.3,1.23,0.23,132.49,3.276595584657,0.2776184,62.56497145,-130.0,3116.0,66.8,2026-09-03,0.71,41.8,False
3118,600309,万华化学,77.28,-0.13,0.75,12.02,76.787842219598,0.4907668,82.65419698,143.0,12.0,92.8,2026-09-03,0.64,76.7,False
3119,600310,广西能源,4.49,0.9,1.16,26.5,4.455268238459,0.2756136,56.97763356,-221.0,4591.0,71.6,2026-09-03,0.78,40.8,False
3120,600312,平高电气,20.45,4.44,1.41,16.99,19.504541704766,0.2953808,73.7100144,683.0,369.0,78.4,2026-09-03,4.85,57.8,False
3121,600313,农发种业,7.44,3.48,7.83,82.21,7.080238914636,0.327878,73.59708082,414.0,380.0,92.0,2026-09-03,5.08,67.7,False
3122,600315,上海家化,18.59,3.39,0.94,16.4,18.146567466607,0.1928652,66.11859075,-634.0,1930.0,78.4,2026-09-03,2.44,51.8,False
3123,600316,洪都航空,32.32,1.06,0.76,958.15,31.628162910512,0.3351332,68.46711544,-1026.0,1281.0,89.2,2026-09-03,2.19,61.1,False
3124,600318,新力金融,7.45,6.13,6.08,62.31,7.142391748233,0.252954,62.97713132,-318.0,2988.0,88.8,2026-09-03,4.31,55.9,False
3125,600319,亚星化学,6.58,1.23,0.44,-19.53,6.582049009626,0.0507004,60.22492261,836.0,3835.0,68.0,2026-09-03,-0.03,41.0,False
3126,600320,振华重工,4.11,1.23,0.41,21.49,4.085544201305,0.290634,62.4016966,-280.0,3166.0,74.8,2026-09-03,0.6,46.7,False
3127,600322,津投城开,2.77,3.36,1.66,4744.63,2.699974623494,0.3481352,60.94702497,161.0,3618.0,68.0,2026-09-03,2.59,41.4,False
3128,600323,瀚蓝环境,30.16,0.53,0.18,10.19,30.159529206658,0.09598,68.06656368,149.0,1393.0,71.6,2026-09-03,0.0,48.7,False
3129,600325,华发股份,2.64,5.18,3.68,-0.99,2.502580724447,0.406676,65.94404568,941.0,1991.0,76.0,2026-09-03,5.49,50.1,False
3130,600326,西藏天路,7.7,3.91,2.08,-61.06,7.484829613527,0.228206,60.55003719,-1243.0,3756.0,86.0,2026-09-03,2.87,52.1,False
3131,600327,大东方,4.04,1.25,1.05,72.38,4.012123769848,0.188422,61.69847818,242.0,3398.0,79.2,2026-09-03,0.69,48.9,False
3132,600328,中盐化工,6.33,1.12,0.37,-17.05,6.295988075189,0.219814,61.05603908,-391.0,3596.0,75.6,2026-09-03,0.54,46.2,False
3133,600329,达仁堂,36.1,0.33,0.17,21.56,35.899348448,0.1743344,61.73548937,32.0,3384.0,78.4,2026-09-03,0.56,48.4,False
3134,600330,天通股份,27.19,-0.91,4.36,-59.39,26.861451225504,0.3975584,65.50509175,1139.0,2132.0,90.8,2026-09-03,1.22,59.5,False
3135,600331,宏达股份,13.04,1.56,1.0,-686.14,12.84002174348,0.3796096,63.3973028,-709.0,2841.0,76.4,2026-09-03,1.56,48.4,False
3136,600332,白云山,20.28,0.45,0.22,7.87,20.171926961141,0.2222724,66.7802752,-195.0,1736.0,80.0,2026-09-03,0.54,53.4,False
3137,600333,长春燃气,6.89,2.38,0.99,-96.29,6.801186443191,0.2272856,64.50412217,-1586.0,2474.0,78.4,2026-09-03,1.31,50.6,False
3138,600335,国机汽车,5.24,1.55,0.58,15.13,5.191207529958,0.1859112,70.48492641,1041.0,820.0,74.8,2026-09-03,0.94,52.7,False
3139,600336,澳柯玛,6.72,0.3,1.28,-62.29,6.731780107184,0.2250444,72.3622186,787.0,543.0,75.2,2026-09-03,-0.17,54.4,False
3140,600337,ST美克,3.2,0.0,0.27,-4.58,3.228175972773,0.254654,56.16179625,-515.0,4722.0,66.4,2026-09-03,-0.87,37.3,False
3141,600338,西藏珠峰,13.82,-0.93,2.08,17.79,14.071482995762,0.27435,66.10614276,518.0,1937.0,80.4,2026-09-03,-1.79,53.1,False
3142,600339,中油工程,3.38,1.5,0.49,25.82,3.347316267867,0.2830436,63.96678089,-1606.0,2656.0,72.8,2026-09-03,0.98,46.6,False
3143,600340,*ST华幸,1.08,0.93,0.4,-0.45,1.077721197206,0.5112492,55.92266793,-18.0,4769.0,73.2,2026-09-03,0.21,40.9,False
3144,600343,航天动力,18.44,1.32,1.0,-103.43,18.184087876956,0.1896444,54.25142879,-814.0,4954.0,73.2,2026-09-03,1.41,39.7,False
3145,600345,长江通信,47.97,-1.7,2.0,17.71,48.887393161122,0.2555896,68.38423009,-512.0,1302.0,84.4,2026-09-03,-1.88,57.7,False
3146,600346,恒力石化,18.95,-1.1,0.22,9.26,18.961439921656,0.3153588,79.0367171,439.0,59.0,86.0,2026-09-03,-0.06,68.0,False
3147,600348,华阳股份,8.92,-0.45,0.31,15.16,8.987295927607,0.3559848,68.33416547,-58.0,1323.0,83.2,2026-09-03,-0.75,56.9,False
3148,600350,山东高速,10.23,-0.2,0.06,15.68,10.215841102127,0.2627004,68.0533813,1312.0,1396.0,70.4,2026-09-03,0.14,47.9,False
3149,600351,亚宝药业,6.78,1.5,0.93,13.21,6.722056286473,0.221104,65.29734252,167.0,2200.0,77.2,2026-09-03,0.86,50.4,False
3150,600352,浙江龙盛,12.64,1.12,1.18,20.48,12.366636317216,0.4158168,73.05070255,1049.0,442.0,82.8,2026-09-03,2.21,60.5,False
3151,600353,旭光电子,31.95,-5.84,4.21,185.8,33.614778884585,0.337972,67.94070023,1248.0,1429.0,84.4,2026-09-03,-4.95,57.3,False
3152,600354,敦煌种业,8.66,10.04,24.86,15.8,7.833018533484,0.297198,80.60228551,362.0,36.0,90.4,2026-09-03,10.56,72.9,False
3153,600356,恒丰纸业,8.97,0.56,0.45,13.2,8.96270955213,0.1685912,68.95804955,-714.0,1149.0,70.0,2026-09-03,0.08,48.3,False
3154,600358,国旅联合,5.32,1.92,0.99,-497.84,5.318594854083,0.2249356,64.32763364,1130.0,2532.0,68.4,2026-09-03,0.03,44.0,False
3155,600359,新农开发,7.45,4.05,4.39,76.52,7.209248436762,0.1551008,57.04397199,-636.0,4583.0,85.6,2026-09-03,3.34,48.8,False
3156,600360,华微电子,9.97,0.2,1.54,40.62,9.98704305046,0.275604,59.26434377,-296.0,4089.0,77.2,2026-09-03,-0.17,45.8,False
3157,600361,创新新材,3.67,0.27,0.38,17.29,3.689011774102,0.3059536,71.94261988,481.0,596.0,72.8,2026-09-03,-0.52,52.4,False
3158,600362,江西铜业,46.48,-0.85,1.16,9.32,46.969951415945,0.4100628,74.79202892,269.0,269.0,90.0,2026-09-03,-1.04,67.3,False
3159,600363,联创光电,16.76,4.75,6.67,22.67,16.108630609868,0.2163364,54.92228628,-304.0,4893.0,91.2,2026-09-03,4.04,50.1,False
3160,600365,ST通葡,2.85,1.42,0.13,-21.22,2.835802057081,0.1579648,58.02273069,-575.0,4390.0,63.6,2026-09-03,0.5,36.9,False
3161,600366,宁波韵升,11.47,-0.09,1.19,23.0,11.411407126889,0.3258056,69.95177826,2135.0,912.0,73.2,2026-09-03,0.51,51.2,False
3162,600367,红星发展,36.1,-6.38,7.53,73.1,38.482702976962,0.2959588,59.63717244,-331.0,4000.0,90.8,2026-09-03,-6.19,54.2,False
3163,600368,五洲交通,4.34,0.93,0.69,11.13,4.323331095225,0.3810092,64.30320256,-1327.0,2538.0,77.6,2026-09-03,0.39,49.9,False
3164,600369,西南证券,4.15,1.22,0.26,22.81,4.109098180585,0.4180064,67.31602786,1651.0,1595.0,73.6,2026-09-03,1.0,49.5,False
3165,600370,*ST三房,1.52,-0.65,0.2,620.06,1.529526744291,0.4197624,51.12687945,-29.0,5142.0,64.8,2026-09-03,-0.62,33.1,False
3166,600371,万向德农,13.14,0.46,15.19,139.28,13.431108856652,0.2763944,63.05771776,1178.0,2961.0,93.2,2026-09-03,-2.17,58.8,False
3167,600372,中航机载,11.48,1.23,0.31,45.77,11.336074496936,0.347682,63.29417788,-1513.0,2875.0,80.0,2026-09-03,1.27,50.6,True
3168,600373,中文传媒,7.48,2.89,0.91,17.46,7.335112521924,0.1897344,60.53073692,1037.0,3760.0,74.8,2026-09-03,1.98,45.3,False
3169,600375,汉马科技,3.89,1.57,0.49,93.88,3.855289945182,0.208922,60.6999731,-233.0,3707.0,69.2,2026-09-03,0.9,42.0,False
3170,600376,首开股份,3.4,2.72,1.44,-2.39,3.320223266038,0.2954624,60.55054422,1030.0,3755.0,77.2,2026-09-03,2.4,46.7,False
3171,600377,宁沪高速,12.52,-0.08,0.1,12.6,12.551258610867,0.139936,69.86768015,-593.0,932.0,78.8,2026-09-03,-0.25,55.1,False
3172,600378,昊华科技,47.13,-3.08,4.33,33.74,49.148929990449,0.377928,70.25745933,-818.0,854.0,95.2,2026-09-03,-4.11,66.9,False
3173,600379,宝光股份,14.56,-2.15,2.27,62.12,14.683142444714,0.2396776,69.22524973,-10.0,1089.0,78.4,2026-09-03,-0.84,54.3,False
3174,600380,健康元,9.2,0.88,0.29,12.99,9.147575245893,0.2834,68.15873321,936.0,1367.0,76.0,2026-09-03,0.57,51.8,False
3175,600381,*ST春天,4.36,0.69,0.28,-35.46,4.343674147571,0.2798672,57.50078911,507.0,4502.0,68.8,2026-09-03,0.38,39.6,False
3176,600382,广东明珠,6.64,1.07,0.76,20.96,6.528552103176,0.300866,70.45283449,931.0,823.0,66.0,2026-09-03,1.71,46.5,False
3177,600383,金地集团,2.4,3.9,2.31,-1.97,2.314057292186,0.497434,66.05743952,1086.0,1956.0,79.2,2026-09-03,3.71,52.3,False
3178,600386,北巴传媒,3.59,1.7,0.5,-56.49,3.57001736436,0.1654056,65.14829727,-1139.0,2255.0,64.8,2026-09-03,0.56,42.2,False
3179,600388,紫金龙净,19.0,4.57,1.42,24.09,18.048909535259,0.2242976,72.95635287,1146.0,460.0,74.8,2026-09-03,5.27,54.6,False
3180,600389,江山股份,18.89,1.29,1.57,11.64,18.638283838955,0.25058,66.52085172,-68.0,1806.0,74.4,2026-09-03,1.35,49.5,False
3181,600390,五矿资本,5.08,1.4,0.44,10.63,5.035464997448,0.3671416,68.76318886,900.0,1201.0,79.2,2026-09-03,0.88,54.5,False
3182,600391,航发科技,36.65,0.69,1.33,1000.59,35.788656453933,0.3376392,70.10221691,176.0,885.0,78.0,2026-09-03,2.41,54.7,False
3183,600392,盛和资源,22.19,-0.22,1.01,21.93,22.200047528642,0.3603516,69.11518024,1291.0,1119.0,78.4,2026-09-03,-0.05,54.2,False
3184,600395,盘江股份,5.32,-1.48,0.85,90.05,5.429429500131,0.2975836,64.8368982,1465.0,2361.0,80.0,2026-09-03,-2.02,51.9,False
3185,600396,华电辽能,14.02,3.32,5.11,98.24,13.585047818488,0.2790072,58.30079255,733.0,4316.0,78.4,2026-09-03,3.2,45.7,False
3186,600397,江钨装备,16.99,-5.03,6.02,6965.4,17.814396818969,0.2722668,57.23467678,-874.0,4550.0,90.4,2026-09-03,-4.63,51.7,False
3187,600398,海澜之家,5.94,1.89,0.35,9.59,5.84018395276,0.2314732,72.11910735,-67.0,570.0,77.2,2026-09-03,1.71,55.7,False
3188,600399,抚顺特钢,4.48,1.13,0.67,-17.49,4.44655532541,0.2458248,61.50052797,-1783.0,3454.0,71.6,2026-09-03,0.75,44.0,False
3189,600400,红豆股份,2.9,0.0,0.63,-35.2,2.922128581276,0.340546,57.91269245,467.0,4404.0,67.2,2026-09-03,-0.76,38.9,False
3190,600403,大有能源,6.68,-4.98,3.05,-12.42,7.083013911511,0.2537176,54.5968946,-70.0,4933.0,90.4,2026-09-03,-5.69,49.4,False
3191,600405,动力源,5.24,1.35,1.47,-29.69,5.24032258284,0.243134363636,59.59392129,-2099.0,4010.0,79.2,2026-09-03,-0.01,47.2,False
3192,600406,国电南瑞,22.85,1.15,0.25,29.86,22.592845459688,0.3576716,68.60692223,-266.0,1244.0,81.6,2026-09-03,1.14,56.0,False
3193,600408,安泰集团,3.09,1.98,3.3,-20.98,3.067036747079,0.2046676,62.71378916,-317.0,3069.0,82.0,2026-09-03,0.75,51.4,False
3194,600409,三友化工,7.17,0.14,0.51,44.09,7.145911223565,0.2144996,71.42707871,172.0,684.0,79.2,2026-09-03,0.34,56.6,False
3195,600410,华胜天成,15.01,3.73,5.48,-33.58,14.676043846522,0.2701104,62.07249508,-147.0,3280.0,92.8,2026-09-03,2.28,57.6,False
3196,600415,小商品城,13.0,1.17,0.59,18.01,12.750919262199,0.3772076,81.27688381,286.0,28.0,82.8,2026-09-03,1.95,67.3,False
3197,600416,湘电股份,8.8,1.85,0.5,571.32,8.642887036196,0.1981504,57.51522483,573.0,4498.0,70.4,2026-09-03,1.82,40.5,False
3198,600418,江淮汽车,20.89,3.93,2.44,-31.44,20.256234060571,0.3277132,59.52133166,-185.0,4027.0,80.0,2026-09-03,3.13,47.6,False
3199,600419,天润乳业,9.02,3.44,1.42,26.23,8.791376268848,0.2082148,61.69339264,-46.0,3399.0,72.0,2026-09-03,2.6,44.4,False
3200,600420,国药现代,8.55,0.83,0.23,20.8,8.497173942477,0.2495212,62.66371666,-26.0,3083.0,71.2,2026-09-03,0.62,44.6,False
3201,600422,昆药集团,8.55,1.18,0.24,-8.89,8.49132752743,0.2151312,58.29789256,530.0,4317.0,75.6,2026-09-03,0.69,44.1,False
3202,600423,*ST柳化,2.89,0.35,0.12,81.37,2.895372949256,0.1813444,60.65247939,-1697.0,3728.0,64.0,2026-09-03,-0.19,38.8,False
3203,600425,青松建化,3.77,1.62,0.41,24.34,3.733827142103,0.2067612,66.44385024,-243.0,1838.0,77.2,2026-09-03,0.97,51.3,False
3204,600426,华鲁恒升,20.78,0.48,0.73,12.14,20.809391167056,0.3447972,73.01652223,-142.0,449.0,87.2,2026-09-03,-0.14,63.7,False
3205,600428,中远海特,11.58,-0.6,0.67,11.59,11.619308120703,0.2460968,73.78004573,534.0,364.0,76.4,2026-09-03,-0.34,56.4,False
3206,600429,三元股份,4.69,2.63,0.43,18.98,4.60362530762,0.137552,58.02968648,-135.0,4386.0,70.4,2026-09-03,1.88,40.9,False
3207,600433,冠豪高新,3.4,1.49,0.53,13.99,3.385068942928,0.2562,57.90260604,37.0,4408.0,69.2,2026-09-03,0.44,40.1,False
3208,600435,北方导航,11.72,0.95,1.12,-185.74,11.647100006597,0.3032212,69.761499,-169.0,956.0,88.4,2026-09-03,0.63,61.7,False
3209,600436,片仔癀,124.64,1.78,0.24,34.4,122.664473061386,0.2666568,64.45334788,-474.0,2491.0,79.6,2026-09-03,1.61,51.3,False
3210,600438,通威股份,11.54,2.3,0.4,-5.07,11.328471340181,0.290504,56.53536015,-197.0,4664.0,79.6,2026-09-03,1.87,45.0,False
3211,600439,ST瑞贝卡,1.93,-0.52,0.7,242.9,1.948593380501,0.361545294118,56.23485143,59.0,4714.0,66.4,2026-09-03,-0.95,37.3,False
3212,600444,国机通用,14.46,0.7,0.84,32.3,14.500519371811,0.0953864,62.88428958,-1551.0,3016.0,70.0,2026-09-03,-0.28,44.0,False
3213,600446,金证股份,11.43,3.16,1.3,427.04,11.192513208598,0.1868256,60.75340181,-95.0,3687.0,74.4,2026-09-03,2.12,45.2,False
3214,600448,华纺股份,3.06,1.32,0.94,-21.9,3.040334844404,0.0985372,62.57209115,-19.0,3109.0,68.8,2026-09-03,0.65,43.0,False
3215,600449,宁夏建材,12.78,1.35,0.91,52.86,12.597348688019,0.264626,62.72790308,-1988.0,3062.0,74.0,2026-09-03,1.45,46.4,False
3216,600452,涪陵电力,9.18,1.32,0.71,34.12,9.102392346758,0.3043608,61.52140735,225.0,3447.0,71.2,2026-09-03,0.85,43.8,False
3217,600455,博通股份,25.22,2.27,0.95,23.37,25.118116875077,0.1938908,70.82214425,-180.0,767.0,69.2,2026-09-03,0.41,49.0,False
3218,600456,宝钛股份,27.02,1.39,0.41,44.31,26.730396229564,0.1933056,56.84471892,-3.0,4616.0,77.2,2026-09-03,1.08,43.9,False
3219,600458,时代新材,11.69,1.04,0.69,16.09,11.532514931641,0.2393048,64.61623348,-47.0,2429.0,68.8,2026-09-03,1.37,44.5,False
3220,600459,贵研铂业,20.47,0.59,1.49,24.1,20.288774185192,0.3018748,66.05778717,2056.0,1955.0,81.2,2026-09-03,0.89,53.6,False
3221,600460,士兰微,31.15,-0.26,1.86,50.24,31.205856069959,0.3210904,62.41744335,1196.0,3163.0,85.6,2026-09-03,-0.18,53.4,False
3222,600461,洪城环境,9.02,0.45,0.31,9.96,8.997538136029,0.1651564,67.26920683,-182.0,1605.0,67.6,2026-09-03,0.25,45.5,False
3223,600463,空港股份,8.66,3.96,0.81,-38.97,8.385555125892,0.1221176,66.15708639,1537.0,1922.0,66.4,2026-09-03,3.27,43.9,False
3224,600467,好当家,2.46,2.5,1.2,59.94,2.415695363291,0.2932888,66.6137241,1044.0,1780.0,75.2,2026-09-03,1.83,50.1,False
3225,600468,百利电气,6.43,1.58,1.58,83.85,6.373368175331,0.1793884,59.1036443,-182.0,4135.0,82.4,2026-09-03,0.89,48.7,False
3226,600469,风神股份,5.27,0.57,0.38,22.05,5.293019246414,0.3030224,64.1430804,-1468.0,2585.0,68.4,2026-09-03,-0.43,43.9,False
3227,600470,六国化工,6.14,1.66,2.0,-9.38,6.112070526049,0.1750032,52.5825168,-134.0,5070.0,80.0,2026-09-03,0.46,42.1,False
3228,600475,华光环能,15.15,0.53,0.28,25.55,15.115360115994,0.268652,69.9114674,1231.0,926.0,70.8,2026-09-03,0.23,49.5,False
3229,600476,*ST湘邮,10.33,0.68,0.28,240.08,10.395461365341,0.352224,67.19956762,-743.0,1624.0,68.8,2026-09-03,-0.63,46.2,False
3230,600477,杭萧钢构,2.52,1.61,0.91,36.4,2.514192575435,0.2505028,61.56015499,-2211.0,3437.0,78.4,2026-09-03,0.23,48.3,False
3231,600478,科力远,4.87,1.46,0.46,73.0,4.825113735459,0.2184716,64.58907466,1170.0,2442.0,72.0,2026-09-03,0.93,46.5,False
3232,600479,千金药业,13.53,-5.12,13.61,18.41,13.156394132498,0.3403816,77.3751248,2859.0,116.0,90.8,2026-09-03,2.84,70.3,False
3233,600480,凌云股份,8.4,0.84,0.54,16.87,8.374170033066,0.2226688,64.35124322,18.0,2525.0,70.0,2026-09-03,0.31,45.0,False
3234,600481,双良节能,4.31,2.13,0.99,-5.81,4.23990553673,0.228776,51.86763846,-373.0,5112.0,72.8,2026-09-03,1.65,37.8,False
3235,600482,中国动力,33.14,1.41,0.42,28.64,32.817638349141,0.3257948,71.36911281,-604.0,693.0,80.4,2026-09-03,0.98,57.4,False
3236,600483,福能股份,11.19,0.54,0.13,11.71,11.159609855502,0.165384,68.63172974,-140.0,1236.0,73.6,2026-09-03,0.27,50.5,False
3237,600486,扬农化工,55.95,1.58,0.98,14.31,55.252581438956,0.2282456,66.99566146,154.0,1680.0,79.6,2026-09-03,1.26,53.3,False
3238,600487,亨通光电,64.34,-1.46,2.48,25.43,65.948712334569,0.3829768,66.92377696,-429.0,1699.0,94.0,2026-09-03,-2.44,62.9,False
3239,600488,津药药业,5.23,0.0,1.17,66.14,5.2378780369,0.2081488,57.31709201,-357.0,4532.0,76.0,2026-09-03,-0.15,43.6,False
3240,600489,中金黄金,25.48,-0.82,0.89,14.17,25.580002700287,0.4478772,78.52482765,618.0,71.0,86.8,2026-09-03,-0.39,68.2,False
3241,600490,鹏欣资源,7.85,1.68,1.95,38.66,7.73813638189,0.3406644,62.97761561,-305.0,2987.0,86.0,2026-09-03,1.45,54.2,False
3242,600491,ST龙元,1.55,-1.27,2.19,-1.47,1.575549552439,0.352360357143,58.53516049,-1069.0,4259.0,73.6,2026-09-03,-1.62,43.1,False
3243,600493,凤竹纺织,6.46,1.73,0.78,679.36,6.395525320181,0.0648704,65.1027319,1301.0,2270.0,66.4,2026-09-03,1.01,43.2,False
3244,600495,晋西车轴,4.17,0.24,0.46,127.39,4.177089436193,0.2000156,66.101283,1155.0,1940.0,72.8,2026-09-03,-0.17,48.1,False
3245,600496,精工钢构,3.37,2.12,1.2,9.12,3.323842154622,0.37196,69.19162329,822.0,1099.0,70.8,2026-09-03,1.39,49.0,False
3246,600497,驰宏锌锗,10.05,-0.4,0.84,15.93,10.095778413837,0.3696136,67.57750836,-362.0,1522.0,78.4,2026-09-03,-0.45,53.0,False
3247,600498,烽火通信,38.97,-0.99,2.3,137.26,39.282978381893,0.2577148,61.77608624,-1973.0,3374.0,91.2,2026-09-03,-0.8,56.3,False
3248,600499,科达制造,14.69,2.08,0.68,10.97,14.331189545738,0.3418628,76.12457673,380.0,168.0,75.6,2026-09-03,2.5,57.6,False
3249,600500,中化国际,5.55,0.73,1.52,-35.44,5.510232395277,0.3018004,56.26990254,-1743.0,4706.0,82.0,2026-09-03,0.72,46.1,False
3250,600501,航天晨光,15.31,2.13,0.98,-82.7,14.990942464541,0.149722,62.54312746,-1030.0,3128.0,76.4,2026-09-03,2.13,47.8,False
3251,600502,安徽建工,4.5,1.12,0.72,6.84,4.442110967037,0.2803684,68.01692372,351.0,1407.0,73.2,2026-09-03,1.3,49.8,False
3252,600503,华丽家族,2.25,2.27,1.28,-113.45,2.213160083518,0.2079632,60.97619721,-1534.0,3612.0,72.4,2026-09-03,1.66,44.1,False
3253,600505,西昌电力,10.76,1.99,0.91,298.53,10.637966063177,0.2100352,55.73491905,-96.0,4790.0,70.4,2026-09-03,1.15,39.2,False
3254,600506,统一股份,18.46,10.01,12.83,33.22,16.916284125977,0.3287676,79.20429028,796.0,54.0,81.6,2026-09-03,9.13,64.6,False
3255,600507,方大特钢,4.3,1.42,0.48,23.87,4.274743403469,0.291062,68.93941884,-401.0,1153.0,73.2,2026-09-03,0.59,50.5,False
3256,600508,上海能源,11.33,4.14,4.5,20.22,11.119213110575,0.23561,59.98193172,-584.0,3909.0,85.6,2026-09-03,1.9,51.3,False
3257,600509,天富能源,7.54,0.8,0.39,17.2,7.513577144201,0.22623,57.50260847,-102.0,4500.0,70.8,2026-09-03,0.35,40.7,False
3258,600510,黑牡丹,6.93,1.17,0.22,-40.0,6.904053390474,0.16138,60.68016488,-67.0,3715.0,69.2,2026-09-03,0.38,42.0,False
3259,600511,国药股份,26.81,0.34,0.21,11.5,26.71717988374,0.2160344,74.01403607,-11.0,339.0,77.6,2026-09-03,0.35,57.4,False
3260,600512,腾达建设,2.1,2.44,1.19,19.55,2.060920866787,0.2915376,64.59515094,118.0,2438.0,67.6,2026-09-03,1.9,43.7,False
3261,600513,联环药业,15.94,1.21,1.53,216.23,15.734623495844,0.2089184,58.86170731,580.0,4194.0,74.4,2026-09-03,1.31,43.8,False
3262,600515,海南机场,2.83,3.28,1.06,136.13,2.761465939199,0.3282804,64.18665161,807.0,2575.0,73.6,2026-09-03,2.48,47.2,False
3263,600516,方大炭素,5.25,0.77,0.39,61.82,5.212264154794,0.310456,59.08878196,-278.0,4141.0,76.0,2026-09-03,0.72,44.9,False
3264,600517,国网英大,5.1,1.59,0.18,12.16,5.05104013843,0.2387504,66.66323613,101.0,1766.0,74.0,2026-09-03,0.97,49.3,False
3265,600518,康美药业,1.39,1.46,0.32,266.72,1.384318568217,0.5417508,61.63976554,1.0,3417.0,84.0,2026-09-03,0.41,51.8,False
3266,600519,贵州茅台,1335.6,2.83,0.23,18.75,1298.87231236812,0.5511876,79.10693272,106.0,57.0,94.4,2026-09-03,2.83,74.7,False
3267,600520,三佳科技,25.14,-0.83,2.62,346.25,25.486911336748,0.2206516,67.12052488,1890.0,1646.0,77.6,2026-09-03,-1.36,52.1,False
3268,600521,华海药业,16.08,-0.19,0.52,15.62,15.991350067561,0.2917036,67.39462633,513.0,1569.0,81.6,2026-09-03,0.55,55.0,False
3269,600522,中天科技,32.68,-0.7,1.71,23.36,33.142707721122,0.3277224,70.68455735,-204.0,789.0,91.6,2026-09-03,-1.4,64.7,False
3270,600523,贵航股份,12.48,1.79,0.72,24.44,12.303424542951,0.1336856,65.98861718,-1254.0,1974.0,74.4,2026-09-03,1.44,49.1,False
3271,600525,长园集团,5.22,0.97,0.6,93.69,5.162853369283,0.391198823529,57.64880649,590.0,4466.0,72.4,2026-09-03,1.11,41.7,False
3272,600526,菲达环保,4.71,1.07,0.33,14.32,4.68070016697,0.2312248,64.81305843,-181.0,2369.0,74.0,2026-09-03,0.63,48.0,False
3273,600527,江南高纤,2.28,1.33,0.85,105.45,2.26411697207,0.2742492,59.15241649,-127.0,4119.0,67.6,2026-09-03,0.7,40.0,False
3274,600528,中铁工业,6.98,0.87,0.18,12.62,6.935822072501,0.2475004,66.16613423,-91.0,1916.0,71.6,2026-09-03,0.64,47.4,False
3275,600529,山东药玻,19.17,0.58,0.32,17.15,19.196597478958,0.2302232,70.10812917,-70.0,884.0,74.0,2026-09-03,-0.14,51.9,False
3276,600530,ST交昂,3.92,0.0,0.26,-108.7,3.923562312933,0.257537843137,52.11039575,27.0,5101.0,62.8,2026-09-03,-0.09,32.7,False
3277,600531,豫光金铅,13.29,-1.34,1.62,14.74,13.488390505819,0.2796632,68.40676918,367.0,1299.0,76.4,2026-09-03,-1.47,52.3,False
3278,600533,栖霞建设,2.29,2.69,1.57,-1.92,2.247643136542,0.1737136,56.09349709,-835.0,4738.0,70.0,2026-09-03,1.88,39.3,False
3279,600535,天士力,14.74,0.41,0.25,12.33,14.695229703589,0.2150496,71.74017439,687.0,624.0,77.2,2026-09-03,0.3,55.4,False
3280,600536,中国软件,34.25,1.9,1.49,-1289.41,33.865955356081,0.2940704,64.17190865,-464.0,2580.0,90.8,2026-09-03,1.13,58.3,False
3281,600537,*ST亿晶,2.14,0.0,0.92,-9.56,2.150307413559,0.3428552,53.95467874,-891.0,4983.0,70.8,2026-09-03,-0.48,38.2,False
3282,600538,国发股份,5.29,4.75,2.42,-122.44,5.0753501711,0.1569328,51.19244555,-33.0,5140.0,65.6,2026-09-03,4.23,33.6,False
3283,600539,狮头股份,14.59,0.21,3.73,2528.81,14.564387905816,0.196826,51.82365982,-14.0,5114.0,68.0,2026-09-03,0.18,35.2,False
3284,600540,新赛股份,5.87,-3.14,22.07,13.64,6.06,0.2738708,70.17957762,104.0,867.0,92.4,2026-09-03,-3.14,64.8,False
3285,600543,*ST莫高,4.37,2.34,0.4,-24.56,4.248660237389,0.1636528,64.88591139,1030.0,2343.0,67.2,2026-09-03,2.86,43.6,False
3286,600545,卓郎智能,4.19,0.24,1.38,-48.86,4.166414436624,0.222666,56.5255995,465.0,4665.0,72.0,2026-09-03,0.57,40.7,False
3287,600546,山煤国际,13.21,-0.38,0.45,12.97,13.352474962276,0.3086748,72.07128045,-6.0,572.0,82.8,2026-09-03,-1.07,59.7,False
3288,600547,山东黄金,37.54,0.11,1.93,24.42,37.936462136719,0.4342644,77.52481366,247.0,110.0,94.8,2026-09-03,-1.05,73.5,False
3289,600548,深高速,8.38,2.44,0.31,11.57,8.215577731625,0.191186,62.65148473,-1314.0,3089.0,66.0,2026-09-03,2.0,41.3,False
3290,600549,厦门钨业,50.01,-1.22,0.96,18.04,50.274569926513,0.3686532,69.19115524,1318.0,1100.0,85.2,2026-09-03,-0.53,59.0,False
3291,600550,保变电气,11.29,2.36,1.11,77.78,11.053336128948,0.2450884,68.36914123,1219.0,1310.0,77.2,2026-09-03,2.14,52.8,False
3292,600551,时代出版,8.19,2.89,7.66,13.76,8.412385652685,0.2631928,63.82509003,-795.0,2701.0,82.4,2026-09-03,-2.64,52.6,False
3293,600552,凯盛科技,17.08,-1.16,2.14,127.64,17.254667691117,0.2478044,61.47528303,-332.0,3464.0,73.2,2026-09-03,-1.01,45.0,False
3294,600556,天下秀,4.95,3.13,2.18,-65.37,4.869897195025,0.204652,63.22115691,-242.0,2903.0,87.2,2026-09-03,1.64,55.1,False
3295,600557,康缘药业,12.58,0.48,0.39,24.2,12.455052769767,0.1552492,63.69635495,-553.0,2748.0,75.6,2026-09-03,1.0,48.2,False
3296,600558,大西洋,4.87,1.04,0.38,20.36,4.844858751028,0.1843732,66.40410546,-164.0,1849.0,72.0,2026-09-03,0.52,47.8,False
3297,600559,老白干酒,11.76,3.61,1.65,20.56,11.388761263887,0.1874744,60.51905681,-435.0,3764.0,78.0,2026-09-03,3.26,47.2,False
3298,600560,金自天正,11.65,0.69,0.44,73.34,11.65340652733,0.1116864,60.93622632,-1331.0,3621.0,68.8,2026-09-03,-0.03,41.9,False
3299,600561,江西长运,6.18,1.64,0.82,149.52,6.159725732413,0.0720812,64.62286762,1153.0,2427.0,66.4,2026-09-03,0.33,42.9,False
3300,600562,国睿科技,29.84,2.12,0.45,63.24,29.408513753301,0.2507524,72.84742513,-143.0,476.0,83.2,2026-09-03,1.47,60.6,False
3301,600563,法拉电子,126.4,0.99,0.59,24.43,125.058684249864,0.310606,71.6730295,1676.0,638.0,68.4,2026-09-03,1.07,49.0,False
3302,600566,济川药业,25.83,1.18,0.22,15.17,25.538443199851,0.2058516,71.90449242,1174.0,604.0,78.0,2026-09-03,1.14,56.1,False
3303,600567,山鹰国际,1.35,0.75,0.53,-6.14,1.347244020126,0.5223716,52.56265826,11.0,5072.0,70.4,2026-09-03,0.2,37.0,False
3304,600568,ST中珠,2.18,2.83,0.49,-51.42,2.118643422783,0.3005048,54.82394627,-721.0,4903.0,62.4,2026-09-03,2.9,34.2,False
3305,600569,安阳钢铁,1.85,1.65,0.37,-2.25,1.830745495899,0.2429616,53.49655858,-51.0,5022.0,68.4,2026-09-03,1.05,36.6,False
3306,600570,恒生电子,22.41,4.23,1.59,81.4,21.689438871035,0.2706908,70.08564467,-258.0,887.0,81.6,2026-09-03,3.32,57.2,False
3307,600571,信雅达,11.22,3.31,1.33,-33.72,10.981537860504,0.1426048,65.66025628,694.0,2083.0,77.6,2026-09-03,2.17,51.0,False
3308,600572,康恩贝,4.43,0.45,0.66,14.88,4.41864457588,0.2634644,65.00374408,-44.0,2306.0,81.2,2026-09-03,0.26,52.8,False
3309,600573,惠泉啤酒,10.23,2.61,1.26,26.22,10.046066675495,0.140588,67.25933506,1131.0,1609.0,65.2,2026-09-03,1.83,43.9,False
3310,600575,淮河能源,3.31,0.61,0.49,22.38,3.289081538232,0.3589964,66.83750003,1271.0,1723.0,70.8,2026-09-03,0.64,47.3,False
3311,600576,祥源文旅,5.77,3.41,1.76,65.48,5.721251281221,0.1842524,52.89260322,-146.0,5057.0,71.6,2026-09-03,0.85,37.9,False
3312,600577,精达股份,8.3,1.84,1.15,28.52,8.1785743505,0.3086784,65.90229047,-957.0,2008.0,83.6,2026-09-03,1.48,55.1,False
3313,600578,京能电力,5.46,0.55,0.31,9.19,5.427362359366,0.3769132,66.41632146,1208.0,1846.0,74.8,2026-09-03,0.6,49.7,False
3314,600579,中化装备,7.06,1.15,0.41,-26.56,7.02940757932,0.1508904,54.82188908,248.0,4906.0,67.2,2026-09-03,0.44,36.8,False
3315,600580,卧龙电驱,29.23,0.21,0.8,64.93,29.249749339203,0.2673308,62.2963073,1625.0,3201.0,79.2,2026-09-03,-0.07,49.3,False
3316,600581,*ST八钢,2.42,0.83,0.15,-5.42,2.415269121813,0.24586,61.12272651,-238.0,3571.0,70.8,2026-09-03,0.2,43.3,False
3317,600582,天地科技,4.78,1.49,0.29,13.46,4.733655924159,0.274066,65.72274477,671.0,2064.0,75.6,2026-09-03,0.98,49.7,False
3318,600583,海油工程,6.19,1.31,0.3,12.54,6.07835511183,0.279062,72.9759572,-41.0,452.0,80.8,2026-09-03,1.84,59.0,False
3319,600584,长电科技,68.94,-3.27,3.35,73.03,71.400153612243,0.3207552,64.04394006,-339.0,2627.0,85.2,2026-09-03,-3.45,54.6,False
3320,600585,海螺水泥,17.97,1.47,0.34,18.77,17.695383016756,0.287764,71.9362668,576.0,597.0,82.4,2026-09-03,1.55,59.3,False
3321,600586,金晶科技,4.22,1.44,0.47,-9.54,4.183240876505,0.2519104,57.91047056,394.0,4406.0,72.4,2026-09-03,0.88,41.9,False
3322,600587,新华医疗,12.73,1.03,0.29,13.54,12.6430311108,0.1805464,65.13238492,-1238.0,2259.0,74.8,2026-09-03,0.69,48.7,False
3323,600588,用友网络,10.4,4.84,2.48,-19.14,10.12238493985,0.2748324,60.20003888,-598.0,3843.0,80.4,2026-09-03,2.74,48.4,False
3324,600589,大位科技,8.29,0.24,3.91,-88.05,8.374390358058,0.3243236,57.88135599,-2742.0,4412.0,92.0,2026-09-03,-1.01,53.3,False
3325,600590,泰豪科技,8.77,1.27,1.07,42.47,8.632222779117,0.2411928,66.12256413,-293.0,1928.0,75.2,2026-09-03,1.6,49.7,False
3326,600592,龙溪股份,15.26,1.73,1.07,57.38,15.04409868806,0.1781728,67.8041449,1390.0,1464.0,71.6,2026-09-03,1.44,48.5,False
3327,600593,大连圣亚,42.11,1.27,2.14,169.39,41.994218736372,0.2139196,67.21574758,1236.0,1619.0,78.0,2026-09-03,0.28,52.4,False
3328,600594,益佰制药,3.83,1.06,2.62,-18.7,3.817209054282,0.2442428,56.043204,-789.0,4750.0,76.8,2026-09-03,0.34,43.0,False
3329,600595,中孚实业,6.42,-0.93,1.04,6.84,6.48994726021,0.4265788,78.51368969,743.0,72.0,80.0,2026-09-03,-1.08,62.8,False
3330,600596,新安股份,11.17,-1.06,2.75,29.65,11.118015128499,0.334756,70.83557253,2128.0,764.0,77.2,2026-09-03,0.47,54.7,False
3331,600597,光明乳业,7.01,1.89,0.36,19.28,6.944856958054,0.1509772,58.31944097,-75.0,4313.0,78.4,2026-09-03,0.94,45.7,False
3332,600598,北大荒,12.96,2.37,2.07,-21.47,12.579256417087,0.2958588,63.44390094,-396.0,2831.0,90.8,2026-09-03,3.03,57.6,False
3333,600600,青岛啤酒,51.45,1.4,0.37,8.95,50.857506661256,0.2469616,66.50418899,20.0,1815.0,84.0,2026-09-03,1.17,55.9,False
3334,600601,方正科技,13.33,5.63,6.48,49.66,12.466675202229,0.4185632,76.64746258,274.0,142.0,86.8,2026-09-03,6.93,66.5,False
3335,600602,云赛智联,18.43,0.88,0.95,123.72,18.382279794581,0.1963412,67.59021411,-303.0,1515.0,84.8,2026-09-03,0.26,57.3,False
3336,600603,广汇物流,4.9,-0.41,0.29,220.82,4.886314606911,0.2574864,63.95977763,1437.0,2659.0,70.0,2026-09-03,0.28,44.8,False
3337,600604,市北高新,4.9,1.66,1.56,-64.54,4.808859719539,0.2634196,67.83016063,1408.0,1456.0,80.8,2026-09-03,1.9,54.8,False
3338,600605,汇通能源,28.92,2.26,1.58,115.68,27.902910287891,0.3622332,75.91337306,245.0,185.0,70.4,2026-09-03,3.65,53.4,False
3339,600606,绿地控股,1.35,3.05,0.76,-31.44,1.316643077832,0.5219184,64.52248797,270.0,2468.0,80.0,2026-09-03,2.53,51.6,False
3340,600609,金杯汽车,3.37,1.2,0.48,23.66,3.354307198084,0.2507872,68.67696954,1207.0,1216.0,67.6,2026-09-03,0.47,46.4,False
3341,600610,中毅达,8.9,-6.22,6.72,137.27,9.124472684154,0.5002972,74.41451824,3407.0,307.0,85.2,2026-09-03,-2.46,63.4,False
3342,600611,大众交通,5.24,1.75,14.86,-36.8,5.106052284532,0.5868492,73.47765349,4332.0,390.0,85.6,2026-09-03,2.62,62.9,False
3343,600612,老凤祥,33.83,1.99,0.27,12.36,33.360358504928,0.0746004,65.24292777,-231.0,2225.0,72.8,2026-09-03,1.41,47.5,False
3344,600613,神奇制药,9.21,1.32,14.59,111.97,9.226159760459,0.23621,57.7316625,534.0,4451.0,89.2,2026-09-03,-0.18,51.5,False
3345,600615,鑫源智造,9.9,1.43,0.35,-128.77,9.910738459044,0.11565,59.1906607,-206.0,4112.0,64.8,2026-09-03,-0.11,38.4,False
3346,600616,金枫酒业,4.66,6.64,4.69,-270.53,4.406716072983,0.1088884,60.05225125,48.0,3887.0,71.6,2026-09-03,5.75,43.0,False
3347,600617,国新能源,3.39,1.8,0.85,30.29,3.398148735698,0.17414,60.91011921,-1714.0,3632.0,73.6,2026-09-03,-0.24,44.8,False
3348,600618,氯碱化工,10.52,0.86,0.41,16.31,10.494896881412,0.1864516,64.86391815,-224.0,2354.0,72.4,2026-09-03,0.24,47.0,False
3349,600619,海立股份,13.96,1.9,0.97,45.78,13.735778587329,0.20623,63.25137105,-69.0,2890.0,76.0,2026-09-03,1.63,48.1,False
3350,600620,天宸股份,4.51,2.5,0.56,140.55,4.436224671354,0.1000952,58.36642443,-1179.0,4295.0,64.4,2026-09-03,1.66,37.6,False
3351,600621,华鑫股份,13.77,2.15,0.75,18.16,13.557885419132,0.2806036,66.02815155,1711.0,1964.0,78.4,2026-09-03,1.56,51.8,False
3352,600622,光大嘉宝,2.51,4.58,3.72,-7.72,2.395427645925,0.289176,63.6088277,421.0,2788.0,76.8,2026-09-03,4.78,48.9,False
3353,600623,华谊集团,8.64,-0.35,0.31,18.67,8.744784689631,0.2884604,74.76138508,-45.0,274.0,71.6,2026-09-03,-1.2,53.5,False
3354,600624,ST复华,4.73,1.72,0.35,-59.18,4.618896333404,0.3804528,62.75648411,57.0,3055.0,71.6,2026-09-03,2.41,44.9,False
3355,600626,申达股份,3.65,1.11,0.24,64.68,3.639437910288,0.2001468,67.83053072,861.0,1455.0,67.6,2026-09-03,0.29,45.9,False
3356,600628,新世界,6.44,1.26,0.66,43.95,6.401408882045,0.219492,71.80785913,868.0,617.0,74.0,2026-09-03,0.6,53.1,False
3357,600629,华建集团,18.48,10.0,4.63,897.79,16.714752188405,0.378572,65.25017289,2037.0,2222.0,75.2,2026-09-03,10.56,49.1,False
3358,600630,龙头股份,7.13,1.71,1.06,48.37,7.054183811506,0.2088232,60.83223263,-154.0,3657.0,73.2,2026-09-03,1.07,44.5,False
3359,600633,浙数文化,10.64,3.0,1.15,22.38,10.45198073957,0.207312,62.10666767,-18.0,3267.0,77.2,2026-09-03,1.8,47.9,False
3360,600635,大众公用,4.78,2.58,1.15,28.27,4.68116479199,0.2771456,65.03575533,-204.0,2297.0,72.0,2026-09-03,2.11,46.8,False
3361,600637,东方明珠,8.56,2.27,0.75,34.07,8.422835376749,0.2817884,65.59447881,-224.0,2104.0,74.4,2026-09-03,1.63,48.8,False
3362,600638,新黄浦,5.14,3.01,1.53,8.17,5.037300398364,0.1714876,67.07165781,1102.0,1659.0,68.0,2026-09-03,2.04,45.6,False
3363,600639,浦东金桥,9.66,2.33,0.42,44.16,9.498421083382,0.1520884,66.30954026,-1105.0,1873.0,70.4,2026-09-03,1.7,46.7,False
3364,600640,国脉文化,11.38,3.08,0.77,285.52,11.191516752129,0.197284,65.32399629,-374.0,2194.0,76.8,2026-09-03,1.68,50.2,False
3365,600641,先导基电,30.46,-3.27,2.75,68.63,31.489269535634,0.3305904,55.15741448,42.0,4866.0,89.6,2026-09-03,-3.27,49.4,False
3366,600642,申能股份,8.62,-0.23,0.13,12.54,8.652806509568,0.2329176,67.98644776,-858.0,1417.0,77.2,2026-09-03,-0.38,52.5,False
3367,600643,爱建集团,4.25,2.41,0.74,126.92,4.167884081386,0.1982332,58.7813588,-218.0,4214.0,69.2,2026-09-03,1.97,40.7,False
3368,600644,乐山电力,9.36,4.12,2.96,392.33,9.028710200115,0.203564,56.21518193,-934.0,4715.0,77.2,2026-09-03,3.67,43.4,False
3369,600645,中源协和,18.88,0.91,0.72,72.36,18.785594248167,0.2387644,60.39475189,-15.0,3798.0,78.4,2026-09-03,0.5,47.3,False
3370,600648,外高桥,9.33,0.54,0.08,57.8,9.269055914132,0.0743484,64.79488795,-84.0,2377.0,67.2,2026-09-03,0.66,43.5,False
3371,600649,城投控股,4.13,4.03,1.21,-99.34,3.939405550189,0.289254,71.70692691,1781.0,631.0,75.6,2026-09-03,4.84,54.2,False
3372,600650,锦江在线,11.46,1.15,3.39,55.07,11.306760558265,0.292588,74.15556024,2988.0,326.0,76.0,2026-09-03,1.36,56.4,False
3373,600651,飞乐音响,5.64,2.55,0.37,3974.75,5.538374447803,0.2456524,57.40806824,-263.0,4520.0,75.6,2026-09-03,1.83,43.4,False
3374,600653,申华控股,1.74,2.35,0.48,-91.14,1.720086408622,0.2914844,60.88256395,-249.0,3644.0,70.8,2026-09-03,1.16,43.1,False
3375,600654,中安科,3.31,2.48,2.73,97.23,3.265346158938,0.2056328,66.42646042,-758.0,1842.0,88.4,2026-09-03,1.37,58.7,False
3376,600655,豫园股份,4.57,1.11,0.22,55.04,4.52011689086,0.2093576,66.24469162,1749.0,1893.0,71.2,2026-09-03,1.1,47.2,False
3377,600657,信达地产,3.7,10.12,4.71,-4.0,3.082487591893,0.4454216,74.47311843,96.0,300.0,84.4,2026-09-03,20.03,62.9,False
3378,600658,电子城,4.21,3.95,1.18,-12.36,4.07066662196,0.2362708,59.36836036,-75.0,4060.0,68.0,2026-09-03,3.42,40.4,False
3379,600660,福耀玻璃,57.56,0.96,0.22,18.92,56.923768072609,0.22851,77.91190686,-37.0,95.0,87.2,2026-09-03,1.12,67.9,False
3380,600661,昂立教育,8.92,2.29,0.91,41.07,8.920880798342,0.0873776,66.15834025,-1444.0,1921.0,69.6,2026-09-03,-0.01,46.0,False
3381,600662,外服控股,4.31,2.13,0.3,12.36,4.244730174528,0.197718,72.04187987,148.0,578.0,68.4,2026-09-03,1.54,49.3,False
3382,600663,陆家嘴,9.22,0.99,0.13,20.95,9.112589288702,0.102704,73.84484864,435.0,356.0,70.0,2026-09-03,1.18,51.7,False
3383,600664,哈药股份,8.3,-2.92,8.05,25.47,8.537714259139,0.331036,64.30885641,-2226.0,2536.0,92.8,2026-09-03,-2.78,59.7,False
3384,600665,天地源,3.67,2.8,1.05,-2.98,3.598844244937,0.197394,56.29639268,-1113.0,4702.0,68.8,2026-09-03,1.98,38.7,False
3385,600666,奥瑞德,3.58,0.85,1.51,-617.97,3.568532590611,0.2600428,59.79034273,357.0,3964.0,78.4,2026-09-03,0.32,46.9,False
3386,600667,太极实业,17.63,-1.95,2.86,58.43,17.975525277525,0.2546756,57.96664429,-1743.0,4396.0,86.0,2026-09-03,-1.92,49.9,False
3387,600668,尖峰集团,7.57,1.61,0.46,-174.63,7.487434074999,0.1244324,56.01156815,-1032.0,4755.0,70.8,2026-09-03,1.1,39.7,False
3388,600671,天目药业,22.05,-1.12,0.93,213.04,22.20899678785,0.240702,64.76288571,923.0,2384.0,74.4,2026-09-03,-0.72,48.2,False
3389,600673,东阳光,31.65,-1.49,0.34,122.35,31.693717409961,0.3916544,73.98151117,1570.0,342.0,75.2,2026-09-03,-0.14,55.6,False
3390,600674,川投能源,15.82,0.32,0.13,16.55,15.92794472034,0.2903492,69.21903584,-951.0,1091.0,80.8,2026-09-03,-0.68,55.9,False
3391,600675,中华企业,2.36,3.06,0.61,-23.86,2.290807181683,0.3126352,65.43357699,93.0,2161.0,71.2,2026-09-03,3.02,46.6,False
3392,600676,久事动娱,6.84,0.88,0.4,158.86,6.874846986063,0.3252776,69.23652816,1295.0,1084.0,64.8,2026-09-03,-0.51,44.9,False
3393,600678,ST金顶,6.22,3.67,2.51,88.02,5.981309460933,0.2073376,65.29547167,1268.0,2202.0,71.2,2026-09-03,3.99,46.5,False
3394,600679,上海凤凰,10.19,1.49,0.35,70.59,10.150727279519,0.1363216,63.3974034,-935.0,2840.0,72.8,2026-09-03,0.39,46.2,False
3395,600681,百川能源,3.53,1.73,0.82,16.26,3.503171918643,0.2440384,64.18875715,-1749.0,2574.0,73.2,2026-09-03,0.77,47.0,False
3396,600682,南京新百,5.68,1.79,0.46,106.38,5.621304535172,0.1905476,56.47413767,38.0,4672.0,68.8,2026-09-03,1.04,38.9,False
3397,600683,京投发展,9.87,0.82,1.66,-11.67,9.792924348948,0.189718,60.66535894,-1445.0,3722.0,87.2,2026-09-03,0.79,52.9,False
3398,600684,珠江股份,3.76,7.12,4.44,151.43,3.561448211091,0.1987384,62.15236756,-867.0,3250.0,72.4,2026-09-03,5.58,45.0,False
3399,600685,中船防务,27.46,3.9,1.84,23.2,26.372007467676,0.2859048,69.19478109,-511.0,1097.0,81.2,2026-09-03,4.13,56.2,False
3400,600686,金龙汽车,11.58,2.75,2.68,15.03,11.364290209081,0.2184464,69.73777461,1252.0,963.0,75.6,2026-09-03,1.9,52.7,False
3401,600688,上海石化,2.91,1.04,0.42,51.06,2.893458581588,0.3653072,62.1028855,128.0,3268.0,71.2,2026-09-03,0.57,44.2,False
3402,600689,上海三毛,12.49,5.67,3.56,97.47,11.84699618019,0.1492524,72.24853276,100.0,558.0,78.8,2026-09-03,5.43,56.9,False
3403,600690,海尔智家,21.92,0.46,0.27,9.88,21.773722339828,0.2975772,74.00061848,417.0,340.0,83.6,2026-09-03,0.67,61.9,False
3404,600691,潞化科技,3.02,0.0,2.53,78.18,3.05971159651,0.2561544,64.00109414,-1700.0,2646.0,87.6,2026-09-03,-1.3,56.1,False
3405,600692,亚通股份,6.56,1.55,1.23,60.78,6.491717806173,0.1164744,71.49455696,-327.0,672.0,71.6,2026-09-03,1.05,51.2,False
3406,600693,东百集团,10.94,-0.91,12.22,63.67,10.431279636851,0.3588136,81.82955013,1317.0,24.0,92.8,2026-09-03,4.88,75.9,False
3407,600694,大商股份,14.97,1.49,1.15,7.36,14.704798998183,0.2152876,74.53442452,1461.0,294.0,72.4,2026-09-03,1.8,54.0,False
3408,600697,欧亚集团,11.3,1.8,0.93,60.29,11.212874851683,0.0553664,62.00787796,-46.0,3310.0,70.4,2026-09-03,0.78,43.7,False
3409,600698,湖南天雁,7.91,10.01,5.38,2061.25,7.279127814245,0.197962,61.18886136,-2669.0,3548.0,88.4,2026-09-03,8.67,54.1,False
3410,600699,均胜电子,19.63,0.56,0.99,20.6,19.631993308778,0.2668988,70.73819137,205.0,783.0,76.4,2026-09-03,-0.01,54.0,False
3411,600702,舍得酒业,36.02,2.91,1.74,41.21,35.1891956135,0.2488412,62.36113616,1286.0,3183.0,78.4,2026-09-03,2.36,48.9,False
3412,600703,三安光电,13.76,-0.94,3.01,-350.59,13.776205023339,0.5437312,69.69450043,3773.0,977.0,77.6,2026-09-03,-0.12,54.1,False
3413,600704,物产中大,4.96,1.22,0.32,6.46,4.932812528714,0.3721892,72.1687121,533.0,566.0,76.0,2026-09-03,0.55,54.8,False
3414,600706,曲江文旅,8.78,2.69,3.74,164.35,8.808885596674,0.1560144,58.58603248,-1995.0,4253.0,80.8,2026-09-03,-0.33,47.3,False
3415,600707,彩虹股份,8.71,-0.46,0.81,156.33,8.740175454921,0.23572,62.25911761,1172.0,3212.0,77.2,2026-09-03,-0.35,48.1,False
3416,600708,光明地产,3.09,3.0,0.59,-7.56,3.014043936102,0.2641384,57.77013835,494.0,4441.0,64.0,2026-09-03,2.52,37.0,False
3417,600710,苏美达,10.65,2.4,0.35,10.04,10.426835124407,0.1779764,67.58812259,-774.0,1516.0,69.6,2026-09-03,2.14,47.0,False
3418,600711,盛屯矿业,11.69,0.17,2.38,10.01,11.670927376071,0.3534344,73.38536121,379.0,403.0,85.6,2026-09-03,0.16,62.8,False
3419,600712,南宁百货,5.82,3.37,2.24,1118.22,5.674772422169,0.1713788,65.41395049,322.0,2171.0,80.0,2026-09-03,2.56,52.3,False
3420,600713,南京医药,5.29,0.95,0.25,11.75,5.277206308045,0.2459608,66.96439511,-1158.0,1686.0,73.2,2026-09-03,0.24,49.0,False
3421,600714,金瑞矿业,20.21,-3.62,8.34,173.63,20.50353857249,0.3561604,73.13704061,-108.0,431.0,90.0,2026-09-03,-1.43,65.8,False
3422,600715,文投控股,1.71,2.4,1.09,-174.96,1.700145478894,0.3069676,57.27895929,502.0,4545.0,79.2,2026-09-03,0.58,45.4,False
3423,600716,凤凰股份,3.72,2.2,0.33,-5.86,3.678836550208,0.1161408,59.76995794,-1064.0,3970.0,67.2,2026-09-03,1.12,40.2,False
3424,600717,天津港,4.37,0.23,0.26,9.34,4.367782469332,0.278046,70.99706423,52.0,747.0,70.8,2026-09-03,0.05,50.3,False
3425,600718,东软集团,8.24,1.85,0.49,-17.06,8.174993625159,0.1159824,60.30598759,-126.0,3817.0,75.6,2026-09-03,0.8,45.6,False
3426,600719,大连热电,7.47,2.61,1.6,30.14,7.319023026754,0.2219852,53.88628882,-870.0,4987.0,68.8,2026-09-03,2.06,37.1,False
3427,600720,中交设计,5.23,1.16,0.36,19.45,5.191495549668,0.394302,72.45739851,438.0,530.0,74.0,2026-09-03,0.74,53.6,False
3428,600721,百花医药,11.44,-3.05,12.46,149.02,12.186295621783,0.2581708,52.20927012,-2155.0,5095.0,88.8,2026-09-03,-6.12,46.4,False
3429,600722,金牛化工,18.04,4.1,14.94,174.83,17.935781092773,0.2468616,59.70553564,-457.0,3984.0,95.6,2026-09-03,0.58,57.1,False
3430,600724,宁波富达,5.21,2.76,0.4,31.9,5.09389716705,0.1792876,61.85945607,-406.0,3357.0,65.6,2026-09-03,2.28,40.6,False
3431,600725,云维股份,3.3,1.54,0.42,-1065.24,3.303364210064,0.2177924,58.9910121,-1323.0,4165.0,66.0,2026-09-03,-0.1,38.9,False
3432,600726,华电能源,5.47,1.11,0.45,36.55,5.409571898675,0.2702364,64.14336812,1188.0,2584.0,77.2,2026-09-03,1.12,49.5,False
3433,600727,鲁北化工,7.8,0.39,1.19,12.01,7.792354961253,0.2593428,69.51949829,-233.0,1026.0,80.4,2026-09-03,0.1,55.9,False
3434,600728,佳都科技,4.81,1.91,0.52,166.8,4.754052560244,0.2269984,67.94788856,-236.0,1428.0,75.6,2026-09-03,1.18,51.4,False
3435,600729,重百集团,19.5,0.78,0.89,9.62,19.497555500588,0.1410124,70.88775575,-439.0,756.0,70.8,2026-09-03,0.01,50.2,False
3436,600730,*ST高科,9.48,-0.94,0.65,-300.94,9.777453446418,0.2645432,54.34690824,-601.0,4952.0,74.4,2026-09-03,-3.04,40.4,False
3437,600731,湖南海利,5.89,1.73,0.61,20.68,5.838810510728,0.2335248,60.2228318,-100.0,3836.0,67.6,2026-09-03,0.88,40.7,False
3438,600732,爱旭股份,11.06,1.19,0.41,-15.52,10.969813079037,0.310494,55.16596664,-80.0,4862.0,71.6,2026-09-03,0.82,39.5,False
3439,600733,北汽蓝谷,5.04,2.02,0.81,-8.28,4.986049183877,0.3070784,65.34155359,-719.0,2187.0,78.8,2026-09-03,1.08,51.5,False
3440,600734,*ST实达,1.74,0.0,0.5,-66.8,1.75266885589,0.3832852,53.43747896,-3.0,5026.0,71.2,2026-09-03,-0.72,38.0,False
3441,600735,ST新华锦,5.92,0.17,0.22,214.31,5.921707755434,0.1870252,57.23323455,-17.0,4551.0,66.4,2026-09-03,-0.03,38.0,False
3442,600736,苏州高新,6.83,2.4,1.37,6.44,6.690458767046,0.2889672,64.23295847,236.0,2556.0,74.8,2026-09-03,2.09,48.0,False
3443,600737,中粮糖业,15.39,-0.77,2.07,27.05,15.225275200041,0.407532,75.33205589,205.0,226.0,92.4,2026-09-03,1.08,69.6,False
3444,600738,丽尚国潮,4.39,0.69,0.99,16.16,4.377284979706,0.2028396,71.993864,26.0,590.0,70.8,2026-09-03,0.29,51.0,False
3445,600739,辽宁成大,11.04,0.73,0.43,5.19,10.998347352078,0.3282824,71.85048403,952.0,609.0,77.2,2026-09-03,0.38,55.5,False
3446,600740,山西焦化,3.87,0.0,0.68,-339.49,3.914085139811,0.2967224,71.3726294,845.0,691.0,81.6,2026-09-03,-1.13,58.2,False
3447,600741,华域汽车,15.68,0.84,0.15,9.34,15.597346804144,0.216974,70.30048326,705.0,846.0,79.6,2026-09-03,0.53,56.0,False
3448,600742,富维股份,7.83,0.77,0.15,15.29,7.817629279977,0.147834,64.02129674,-1508.0,2640.0,71.6,2026-09-03,0.16,45.8,False
3449,600743,华远控股,2.15,0.94,1.21,-119.45,2.124608747947,0.309366,59.11123161,873.0,4131.0,68.8,2026-09-03,1.2,40.7,False
3450,600744,华银电力,6.34,1.6,1.45,124.59,6.252139198016,0.2869572,55.77045691,378.0,4788.0,78.4,2026-09-03,1.41,43.7,False
3451,600745,*ST闻泰,18.11,0.06,1.32,-28.4,18.304813877781,0.2922324,55.09146762,-1475.0,4872.0,83.2,2026-09-03,-1.06,45.8,False
3452,600746,江苏索普,7.25,-0.28,0.73,16.71,7.340680850163,0.1787828,69.86165824,-771.0,933.0,76.0,2026-09-03,-1.24,53.1,False
3453,600748,上实发展,3.92,2.89,0.62,-14.04,3.833255496787,0.1834852,63.47587136,-1329.0,2821.0,67.6,2026-09-03,2.26,42.9,False
3454,600749,西藏旅游,15.61,-0.76,8.58,608.91,16.350965816871,0.2750128,72.57268039,640.0,512.0,84.8,2026-09-03,-4.53,61.5,False
3455,600750,华润江中,23.58,0.64,0.18,15.25,23.464507624517,0.1072544,66.66332191,182.0,1765.0,80.4,2026-09-03,0.49,53.6,False
3456,600751,海航科技,3.16,2.27,0.53,102.03,3.120805378148,0.2251184,61.34177534,574.0,3509.0,70.4,2026-09-03,1.26,43.2,False
3457,600753,ST海钦,10.68,0.75,0.34,58.63,10.722538920983,0.3289156,66.32020557,863.0,1868.0,64.0,2026-09-03,-0.4,42.4,False
3458,600754,锦江酒店,19.72,3.35,1.61,19.25,19.366753829657,0.2273832,74.34805812,-104.0,312.0,80.0,2026-09-03,1.82,59.5,False
3459,600755,厦门国贸,5.8,1.93,0.53,14.5,5.716066554589,0.3442316,67.65968234,1793.0,1496.0,72.8,2026-09-03,1.47,49.3,False
3460,600756,浪潮软件,14.9,2.69,2.08,-18.29,14.590289272269,0.17039,53.55714602,-46.0,5018.0,78.8,2026-09-03,2.12,42.2,False
3461,600757,长江传媒,7.36,2.22,0.88,9.25,7.270697287567,0.1787872,66.95340732,-50.0,1690.0,72.8,2026-09-03,1.23,48.7,False
3462,600758,辽宁能源,3.69,1.65,3.21,-5.31,3.692028795481,0.3054116,55.16181904,-670.0,4864.0,84.4,2026-09-03,-0.05,46.6,False
3463,600759,ST洲际,2.53,0.0,1.18,27.12,2.5509988327,0.2864884,65.14856884,-580.0,2254.0,75.6,2026-09-03,-0.82,49.3,False
3464,600760,中航沈飞,48.35,0.69,0.23,144.87,47.856772490868,0.3079872,70.12173204,-731.0,881.0,92.0,2026-09-03,1.03,64.5,False
3465,600761,安徽合力,16.48,0.8,0.38,10.92,16.453371371084,0.3067432,65.84123258,-1291.0,2026.0,70.4,2026-09-03,0.16,46.4,False
3466,600763,通策医疗,35.63,1.71,0.97,17.27,35.109509363652,0.2166832,67.76797314,-303.0,1470.0,83.2,2026-09-03,1.48,56.4,False
3467,600764,中国海防,18.79,1.73,0.54,120.62,18.448310030691,0.1664756,63.32725169,-1476.0,2865.0,80.4,2026-09-03,1.85,50.9,False
3468,600765,中航重机,13.69,0.96,0.45,23.96,13.569512107098,0.239058,60.63119329,-2731.0,3734.0,83.6,2026-09-03,0.89,50.7,False
3469,600768,富邦新材,15.24,0.86,1.02,17.42,15.285313982418,0.122422,62.19821841,-207.0,3234.0,71.2,2026-09-03,-0.3,44.3,False
3470,600769,祥龙电业,15.4,-0.13,0.88,311.36,15.336492000392,0.2151724,60.42887714,-107.0,3789.0,67.6,2026-09-03,0.41,40.8,False
3471,600770,综艺股份,5.18,2.17,0.91,71.43,5.078364622845,0.1969608,60.14196337,329.0,3860.0,68.8,2026-09-03,2.0,41.4,False
3472,600771,广誉远,13.8,1.92,0.58,39.9,13.565685792124,0.124726,60.00285863,66.0,3899.0,75.6,2026-09-03,1.73,45.4,False
3473,600773,西藏城投,10.99,0.73,1.39,-76.03,11.082354080201,0.2441376,61.84505054,-1236.0,3361.0,84.0,2026-09-03,-0.83,51.9,False
3474,600774,汉商集团,7.86,2.34,0.72,276.66,7.778591316315,0.0444024,60.12761397,-1349.0,3863.0,70.0,2026-09-03,1.05,42.1,False
3475,600775,南京熊猫,10.05,1.82,1.23,-176.48,9.932580084769,0.256124,59.51150932,146.0,4030.0,77.6,2026-09-03,1.18,46.2,False
3476,600776,东方通信,13.36,-0.67,1.68,26.15,13.425267500225,0.2970628,73.4421183,3257.0,398.0,74.4,2026-09-03,-0.49,54.6,False
3477,600777,新潮能源,4.08,0.74,0.15,42.09,4.053295031331,0.3486816,64.82258348,-229.0,2367.0,74.4,2026-09-03,0.66,48.2,False
3478,600778,友好集团,5.81,0.87,2.38,69.84,5.825059997834,0.186886,69.80365355,178.0,949.0,72.0,2026-09-03,-0.26,50.3,False
3479,600779,水井坊,27.4,2.24,0.45,-1073.33,26.957339638906,0.1968236,57.87997792,-72.0,4413.0,73.2,2026-09-03,1.64,42.4,False
3480,600780,通宝能源,6.39,1.59,0.5,9.35,6.325681827094,0.2408664,65.73597548,-34.0,2061.0,72.4,2026-09-03,1.02,47.6,False
3481,600782,新钢股份,2.83,1.8,0.56,-7.43,2.793842504511,0.3208804,59.46090892,73.0,4041.0,68.8,2026-09-03,1.29,40.9,False
3482,600783,鲁信创投,15.81,2.07,0.88,30.06,15.559045221015,0.2193616,54.1025306,28.0,4967.0,75.2,2026-09-03,1.61,40.7,False
3483,600784,鲁银投资,7.97,3.78,2.66,24.98,7.831032230655,0.2552292,62.58207465,-1423.0,3104.0,64.4,2026-09-03,1.77,40.3,False
3484,600785,新华百货,11.65,-4.35,10.87,26.83,11.981202066726,0.2587592,71.00581235,-286.0,746.0,86.8,2026-09-03,-2.76,61.6,False
3485,600787,中储股份,4.6,1.1,0.32,26.62,4.572052948434,0.2459692,63.80279775,-1443.0,2710.0,73.6,2026-09-03,0.61,47.0,False
3486,600789,鲁抗医药,7.66,1.06,0.82,28.98,7.612673689335,0.2129848,62.18428905,91.0,3241.0,83.6,2026-09-03,0.62,52.0,False
3487,600790,轻纺城,3.45,2.37,0.71,6.66,3.40494926229,0.3453528,67.33416436,-13.0,1592.0,64.0,2026-09-03,1.32,43.1,False
3488,600791,京能置业,7.47,5.21,3.97,-11.01,7.159335362515,0.153844,60.85243507,19.0,3651.0,67.6,2026-09-03,4.34,41.1,False
3489,600792,云煤能源,4.06,0.25,3.94,-9.06,4.200841943247,0.2766804,67.91788874,-1215.0,1436.0,88.4,2026-09-03,-3.35,60.0,False
3490,600793,宜宾纸业,15.68,4.26,2.05,-31.79,15.23647005993,0.1489448,52.53970288,-15.0,5076.0,70.0,2026-09-03,2.91,36.8,False
3491,600794,保税科技,3.29,1.86,0.67,41.25,3.256484472675,0.2752528,60.35194894,679.0,3808.0,70.8,2026-09-03,1.03,42.7,False
3492,600795,国电电力,5.4,0.0,0.27,15.98,5.43181609337,0.4187616,71.71389873,-352.0,630.0,89.6,2026-09-03,-0.59,64.3,False
3493,600796,钱江生化,5.23,1.55,0.69,29.14,5.20315716334,0.0990276,63.7481157,-582.0,2731.0,66.8,2026-09-03,0.52,42.6,False
3494,600797,浙大网新,7.07,2.17,1.12,-61.07,6.979345944954,0.1978828,62.04548843,-508.0,3290.0,78.8,2026-09-03,1.3,48.9,False
3495,600798,宁波海运,3.37,1.2,1.18,-216.38,3.336794674093,0.3175872,70.81454666,2220.0,771.0,73.2,2026-09-03,1.0,51.8,False
3496,600800,渤海化学,3.5,1.16,0.69,-6.62,3.478796401499,0.1499844,54.89581952,-138.0,4895.0,77.6,2026-09-03,0.61,42.6,False
3497,600801,华新建材,24.76,3.64,0.63,15.03,23.838759637018,0.181354,75.74946688,-116.0,195.0,74.4,2026-09-03,3.86,56.4,False
3498,600802,福建水泥,5.21,9.92,3.4,-17.25,4.806839124717,0.089768,53.69083005,-14.0,5007.0,69.2,2026-09-03,8.39,37.2,False
3499,600803,新奥股份,19.39,1.04,0.13,14.37,19.214615557597,0.1214888,73.2982541,-252.0,413.0,78.8,2026-09-03,0.91,57.8,False
3500,600805,悦达投资,4.59,0.66,0.21,33.02,4.574045315474,0.2368064,65.80743228,-33.0,2039.0,68.4,2026-09-03,0.35,45.0,False
3501,600807,济高发展,2.72,1.87,0.87,-21.54,2.700199953809,0.2585944,56.81284236,-1080.0,4621.0,71.2,2026-09-03,0.73,40.5,False
3502,600808,马钢股份,2.61,1.56,0.47,-143.77,2.576585292035,0.327978,59.22586381,7.0,4099.0,72.0,2026-09-03,1.3,42.6,False
3503,600809,山西汾酒,124.81,6.71,0.79,11.82,117.358352337447,0.3076888,68.90090105,-954.0,1161.0,86.8,2026-09-03,6.35,59.8,False
3504,600810,神马股份,6.57,-0.15,0.34,56.89,6.603927001746,0.1315352,55.44026946,-23.0,4830.0,73.2,2026-09-03,-0.51,40.6,False
3505,600812,华北制药,4.74,0.85,0.28,63.69,4.734122171981,0.1840324,57.54449521,-1338.0,4492.0,78.0,2026-09-03,0.12,44.9,False
3506,600814,杭州解百,7.13,0.14,1.21,17.28,7.159226720592,0.2362048,78.13721057,974.0,86.0,73.6,2026-09-03,-0.41,57.5,False
3507,600815,厦工股份,4.19,0.96,2.24,-72.58,4.147346859761,0.33454,57.75452149,279.0,4446.0,83.2,2026-09-03,1.03,48.1,False
3508,600816,建元信托,2.54,2.42,0.86,11.67,2.491866102054,0.4809492,65.07532182,1897.0,2281.0,73.6,2026-09-03,1.93,47.9,False
3509,600817,宇通重工,10.0,0.6,0.14,25.79,9.955442463706,0.098198,65.75812035,-50.0,2052.0,68.4,2026-09-03,0.45,45.0,False
3510,600818,ST中路,7.48,2.75,0.58,-79.94,7.374201491508,0.2540628,56.76435979,-1090.0,4633.0,64.4,2026-09-03,1.43,36.6,False
3511,600819,耀皮玻璃,5.79,2.3,0.47,83.25,5.764935124221,0.1494312,63.68984508,-260.0,2752.0,65.2,2026-09-03,0.43,41.5,False
3512,600820,隧道股份,5.47,0.92,0.2,15.4,5.455736338326,0.2696948,70.60731994,-22.0,803.0,72.8,2026-09-03,0.26,51.4,False
3513,600821,金开新能,6.15,2.5,2.07,75.08,6.061540316941,0.2526152,54.75523802,8.0,4914.0,81.2,2026-09-03,1.46,44.5,False
3514,600822,上海物贸,8.58,2.02,0.43,204.09,8.479708246028,0.1990412,67.76668469,-93.0,1471.0,70.8,2026-09-03,1.18,48.0,False
3515,600824,益民集团,3.8,1.33,0.87,-15.11,3.771050138808,0.2329108,66.9073494,34.0,1700.0,77.6,2026-09-03,0.77,51.9,False
3516,600825,新华传媒,5.37,3.67,1.07,85.63,5.339548736029,0.2280336,66.5782966,481.0,1789.0,71.2,2026-09-03,0.57,47.4,False
3517,600826,兰生股份,7.79,2.23,0.41,162.33,7.682205603565,0.1298832,66.04106407,783.0,1961.0,66.0,2026-09-03,1.4,43.6,False
3518,600827,百联股份,7.86,0.64,0.34,7.68,7.858100913721,0.2203072,64.23085392,-1408.0,2558.0,75.2,2026-09-03,0.02,48.3,False
3519,600828,茂业商业,4.9,-3.92,4.9,-22.51,4.951390412079,0.2581924,65.2113702,-1578.0,2238.0,90.4,2026-09-03,-1.04,59.0,False
3520,600829,人民同泰,10.21,1.9,1.24,36.55,10.01749998855,0.1520108,60.7849018,92.0,3674.0,80.8,2026-09-03,1.92,49.1,False
3521,600830,香溢融通,10.1,-0.59,14.34,43.17,10.769993946759,0.4581564,61.14435519,-2815.0,3562.0,86.4,2026-09-03,-6.22,52.8,False
3522,600831,广电网络,3.44,2.08,1.14,-2.51,3.41585014429,0.2121596,62.30047386,1038.0,3198.0,70.8,2026-09-03,0.71,44.1,False
3523,600833,第一医药,10.76,1.51,1.03,45.86,10.662493411752,0.1420224,60.07823979,-1644.0,3879.0,78.4,2026-09-03,0.91,47.1,False
3524,600834,申通地铁,7.91,1.93,0.4,58.66,7.823819111538,0.1421056,67.82384758,-196.0,1457.0,70.0,2026-09-03,1.1,47.5,False
3525,600835,上海机电,18.3,2.29,0.38,23.3,17.898929246398,0.2181348,61.25915615,100.0,3527.0,70.8,2026-09-03,2.24,43.4,False
3526,600838,上海九百,8.55,1.18,2.94,68.35,8.550672528863,0.1868876,70.02039029,-642.0,902.0,84.4,2026-09-03,-0.01,59.1,False
3527,600839,四川长虹,7.04,1.15,0.61,9.87,7.007170807078,0.2970404,65.76899984,87.0,2050.0,80.8,2026-09-03,0.47,53.1,False
3528,600841,动力新科,5.91,1.37,0.6,51.59,5.837508299387,0.252764,62.29763009,112.0,3200.0,67.6,2026-09-03,1.24,42.1,False
3529,600843,上工申贝,7.28,1.11,0.55,-51.9,7.220461692874,0.1104408,57.5999727,-1139.0,4477.0,71.2,2026-09-03,0.82,41.0,False
3530,600844,金煤科技,3.76,1.62,5.11,93.62,3.771645211762,0.231052,60.88876185,-1389.0,3640.0,79.6,2026-09-03,-0.31,48.5,False
3531,600845,宝信软件,17.58,1.8,0.35,35.54,17.370547084529,0.1985708,68.79202703,-188.0,1193.0,81.6,2026-09-03,1.21,56.1,False
3532,600846,同济科技,11.92,1.1,0.28,30.19,11.851863974938,0.1857184,65.21091416,-22.0,2239.0,66.4,2026-09-03,0.57,43.3,False
3533,600847,万里股份,12.99,1.8,0.91,-27.16,12.957459331278,0.1138904,61.11661633,-119.0,3574.0,61.6,2026-09-03,0.25,37.6,False
3534,600848,上海临港,8.76,2.7,0.19,19.75,8.560232844584,0.091712,69.80793784,-585.0,947.0,69.6,2026-09-03,2.33,48.6,False
3535,600850,电科数字,14.88,2.83,0.79,88.92,14.503290392729,0.2187448,62.57543872,22.0,3107.0,73.6,2026-09-03,2.6,46.1,False
3536,600851,海欣股份,8.65,0.23,0.36,40.37,8.655487100463,0.189044,59.17509785,-1837.0,4116.0,65.2,2026-09-03,-0.06,38.6,False
3537,600853,龙建股份,3.41,1.79,0.56,23.46,3.384361934681,0.1937664,69.15412406,-737.0,1112.0,71.6,2026-09-03,0.76,49.5,False
3538,600854,春兰股份,4.76,1.93,0.41,12.58,4.723577352939,0.1139152,64.20804378,-1474.0,2567.0,66.8,2026-09-03,0.77,42.9,False
3539,600855,航天长峰,13.19,2.25,1.18,-59.21,12.872054988696,0.172472,54.98529309,-2480.0,4881.0,76.4,2026-09-03,2.47,42.0,False
3540,600857,宁波中百,20.11,4.74,4.56,194.85,19.334313751788,0.2980556,71.52785166,-7.0,669.0,66.8,2026-09-03,4.01,47.8,False
3541,600858,银座股份,5.12,1.59,1.07,17.94,5.081645039766,0.17564,69.83905153,1365.0,940.0,69.6,2026-09-03,0.75,48.6,False
3542,600859,王府井,10.17,1.19,1.0,105.48,10.132838386834,0.3268824,69.91680275,198.0,924.0,78.4,2026-09-03,0.37,54.8,False
3543,600860,京城股份,8.59,1.9,0.65,-37.54,8.465818753999,0.1113144,56.9406406,10.0,4595.0,80.0,2026-09-03,1.47,45.6,False
3544,600861,北京人力,13.18,2.17,0.35,9.1,12.90628264395,0.1130564,63.14100398,-1250.0,2934.0,65.6,2026-09-03,2.12,41.4,False
3545,600862,中航高科,18.67,0.97,0.77,29.62,18.366128970555,0.3354648,73.98095069,54.0,343.0,76.8,2026-09-03,1.65,56.8,False
3546,600863,华能蒙电,4.77,1.06,0.64,12.54,4.732713235874,0.446318,68.04853083,1403.0,1400.0,81.6,2026-09-03,0.79,55.5,False
3547,600864,哈投股份,5.85,1.92,1.02,15.06,5.78131316458,0.3069048,63.67502609,1201.0,2759.0,78.8,2026-09-03,1.19,50.2,False
3548,600865,百大集团,10.1,-2.13,6.94,166.97,10.070374733691,0.3796668,76.07281629,2244.0,170.0,78.4,2026-09-03,0.29,59.6,False
3549,600866,星湖科技,4.36,1.87,0.81,51.22,4.291660546022,0.2867788,60.00203242,241.0,3900.0,72.8,2026-09-03,1.59,43.7,False
3550,600867,通化东宝,8.1,0.5,0.29,26.82,8.0619214433,0.2396728,68.73487504,-49.0,1208.0,72.4,2026-09-03,0.47,49.8,False
3551,600868,梅雁吉祥,2.85,1.06,0.75,-1191.17,2.837564433316,0.2258376,53.59353223,-196.0,5016.0,76.0,2026-09-03,0.44,40.7,False
3552,600869,远东股份,21.48,2.04,10.89,116.05,20.530636842949,0.4014288,70.06979782,-852.0,893.0,95.6,2026-09-03,4.62,67.0,False
3553,600871,石化油服,2.23,1.83,0.59,41.48,2.211416307098,0.3500376,69.02360362,-116.0,1135.0,79.2,2026-09-03,0.84,54.7,False
3554,600872,中炬高新,18.56,2.48,0.76,17.35,18.299352233184,0.21685,66.1623713,-1428.0,1919.0,72.0,2026-09-03,1.42,47.6,False
3555,600873,梅花生物,7.84,1.82,0.42,16.61,7.69245719405,0.2641244,67.67979184,1217.0,1492.0,80.4,2026-09-03,1.92,54.4,False
3556,600874,创业环保,5.63,0.9,0.26,9.05,5.594537184282,0.2632252,74.52369067,421.0,295.0,70.8,2026-09-03,0.63,52.8,False
3557,600875,东方电气,25.15,2.32,0.98,16.03,24.54980265617,0.3340552,66.87124353,182.0,1712.0,86.8,2026-09-03,2.44,58.0,False
3558,600876,凯盛新能,7.17,1.41,0.49,-2.76,7.115402185043,0.1122024,57.73610704,-121.0,4448.0,69.2,2026-09-03,0.77,40.0,False
3559,600877,电科芯片,12.2,1.33,0.59,-573.89,12.066349610366,0.147578,54.17349512,67.0,4958.0,71.2,2026-09-03,1.11,38.6,False
3560,600879,航天电子,14.64,1.74,0.81,595.01,14.42091556489,0.2105024,58.53924314,-556.0,4258.0,76.8,2026-09-03,1.52,45.0,False
3561,600880,博瑞传播,4.17,3.22,1.26,-40.89,4.106537087612,0.169838,60.19724671,-212.0,3845.0,74.4,2026-09-03,1.55,44.8,False
3562,600881,亚泰集团,1.88,1.62,1.59,-6.32,1.865700692436,0.3431704,55.07350887,-258.0,4877.0,82.0,2026-09-03,0.77,45.2,False
3563,600882,妙可蓝多,21.06,3.54,0.67,35.4,20.266565807869,0.133648,68.81033748,-179.0,1189.0,73.6,2026-09-03,3.91,50.6,False
3564,600883,博闻科技,8.08,1.89,0.83,63.11,7.959943928384,0.1454728,67.59845783,1484.0,1512.0,69.2,2026-09-03,1.51,46.8,False
3565,600884,杉杉股份,11.7,0.26,0.54,15.97,11.681384288315,0.258494,62.2104859,132.0,3229.0,78.0,2026-09-03,0.16,48.5,False
3566,600885,宏发股份,36.04,1.09,0.8,24.13,35.053753883759,0.3512756,78.75389649,776.0,66.0,79.2,2026-09-03,2.81,62.4,False
3567,600886,国投电力,14.26,0.14,0.11,16.14,14.263207198793,0.2759452,68.79424655,-993.0,1192.0,81.6,2026-09-03,-0.02,56.1,False
3568,600887,伊利股份,26.78,0.83,0.44,14.71,26.616481100946,0.3375088,73.17047009,-127.0,427.0,92.0,2026-09-03,0.61,67.3,False
3569,600888,新疆众和,10.08,-0.79,0.98,14.98,10.150244811423,0.3099468,60.66118669,-235.0,3726.0,73.6,2026-09-03,-0.69,44.6,False
3570,600889,*ST京化,13.61,1.19,0.19,85.09,13.509650791048,0.2410388,57.44468177,190.0,4514.0,70.4,2026-09-03,0.74,40.4,False
3571,600892,大晟文化,4.99,-8.44,20.64,-35.93,5.714124005572,0.47112627451,63.68141803,-1669.0,2755.0,87.2,2026-09-03,-12.67,55.5,False
3572,600893,航发动力,39.18,0.05,0.41,357.12,39.072967640768,0.3765716,71.48653506,-478.0,673.0,90.8,2026-09-03,0.27,64.9,False
3573,600894,广日股份,7.46,0.95,0.13,24.06,7.436149060318,0.1486996,68.37584754,1034.0,1306.0,66.4,2026-09-03,0.32,45.4,False
3574,600895,张江高科,30.06,2.07,0.84,70.66,29.560908343186,0.358514,65.88909427,-200.0,2011.0,78.4,2026-09-03,1.69,51.7,False
3575,600897,厦门空港,15.57,2.77,0.6,12.98,15.22432516468,0.2063588,71.17628149,-57.0,730.0,68.0,2026-09-03,2.27,48.4,False
3576,600900,长江电力,28.38,-0.21,0.14,23.53,28.611843765705,0.4283004,71.49750171,-545.0,671.0,93.6,2026-09-03,-0.81,66.9,False
3577,600901,江苏金租,6.76,-0.73,0.24,11.45,6.788602071866,0.2642084,69.93499372,-72.0,918.0,70.8,2026-09-03,-0.42,49.5,False
3578,600903,贵州燃气,6.86,1.78,4.11,60.65,6.86870701503,0.3098884,62.52373579,-2664.0,3133.0,87.6,2026-09-03,-0.13,54.8,False
3579,600905,三峡能源,3.69,0.54,0.09,43.28,3.682173442609,0.404922,64.88216078,926.0,2346.0,76.4,2026-09-03,0.21,49.6,False
3580,600906,财达证券,6.75,1.66,1.01,14.29,6.679113648428,0.3386244,65.53168108,1624.0,2126.0,69.6,2026-09-03,1.06,45.6,False
3581,600908,无锡银行,5.82,0.17,0.54,4.5,5.818776524477,0.2890856,68.86572051,1009.0,1173.0,71.6,2026-09-03,0.02,49.3,False
3582,600909,华安证券,8.46,3.68,2.42,10.14,8.146519419511,0.431552,73.6751839,1361.0,374.0,69.2,2026-09-03,3.85,51.0,False
3583,600916,中国黄金,8.13,-0.37,1.35,24.44,8.18224584185,0.300716,73.83437351,963.0,358.0,89.2,2026-09-03,-0.64,65.9,False
3584,600917,重庆燃气,4.96,0.61,0.23,51.59,4.95290262461,0.2235028,69.21691636,-576.0,1093.0,71.2,2026-09-03,0.14,49.3,False
3585,600918,中泰证券,5.72,1.42,0.41,12.92,5.671663632804,0.35732,69.3041779,1169.0,1062.0,77.2,2026-09-03,0.85,53.5,False
3586,600919,江苏银行,12.24,0.99,0.21,5.13,12.275314559279,0.4636984,76.45343112,379.0,152.0,85.6,2026-09-03,-0.29,65.4,False
3587,600925,苏能股份,4.22,0.0,0.41,273.12,4.253103925838,0.1888428,63.17980655,290.0,2916.0,66.8,2026-09-03,-0.78,42.2,False
3588,600926,杭州银行,17.26,0.76,0.31,4.88,17.308059999677,0.355586,69.91859357,212.0,923.0,81.2,2026-09-03,-0.28,56.8,False
3589,600927,永安期货,13.02,2.52,0.4,31.17,12.776603300227,0.2183028,64.78482058,1242.0,2381.0,67.2,2026-09-03,1.91,43.5,False
3590,600928,西安银行,3.58,0.85,0.28,5.37,3.595338134139,0.2701392,68.09768644,1553.0,1377.0,70.0,2026-09-03,-0.43,47.7,False
3591,600929,雪天盐业,,,0.0,62.55,5.957019091331,0.1881848,70.31628828,-12.0,843.0,80.4,2026-09-03,,56.5,False
3592,600930,华电新能,3.92,0.77,0.45,21.3,3.895062132448,0.3045244,67.2890319,1267.0,1598.0,76.0,2026-09-03,0.64,51.1,False
3593,600933,爱柯迪,13.63,1.04,0.38,14.7,13.51620769111,0.2068156,66.77180194,187.0,1737.0,66.4,2026-09-03,0.84,44.3,False
3594,600935,华塑股份,2.33,0.87,0.18,-54.75,2.327047010394,0.2284,56.63387884,-1279.0,4653.0,65.2,2026-09-03,0.13,36.9,False
3595,600936,北投科技,5.42,1.88,2.29,86.5,5.280479161102,0.3494424,71.58714772,527.0,654.0,75.2,2026-09-03,2.64,53.8,False
3596,600938,中国海油,33.33,-0.3,0.59,9.23,33.6149363932,0.3658924,75.5434968,-187.0,211.0,91.6,2026-09-03,-0.85,69.2,False
3597,600939,重庆建工,2.72,1.87,0.45,-10.52,2.674435557401,0.1810468,65.37135645,-310.0,2182.0,68.4,2026-09-03,1.7,44.7,False
3598,600941,中国移动,100.8,0.27,0.32,13.85,100.763066544199,0.2864296,75.88575486,-68.0,188.0,90.8,2026-09-03,0.04,68.9,False
3599,600955,维远股份,12.84,1.1,0.19,-157.63,12.75906922726,0.1780188,58.10967326,-1087.0,4369.0,63.6,2026-09-03,0.63,37.0,False
3600,600956,新天绿能,7.23,0.98,0.08,12.7,7.207542380689,0.1422872,63.2408744,-277.0,2895.0,69.2,2026-09-03,0.31,43.8,False
3601,600958,东方证券,9.34,1.19,0.52,8.78,9.242002519149,0.45323,68.88647686,1262.0,1165.0,80.8,2026-09-03,1.06,55.7,False
3602,600959,江苏有线,3.16,2.27,0.49,75.97,3.120914479171,0.3397368,62.18737036,167.0,3239.0,70.8,2026-09-03,1.25,44.0,False
3603,600960,渤海汽车,4.09,0.99,0.31,-1072.35,4.087639774399,0.2116756,58.40244577,410.0,4285.0,68.0,2026-09-03,0.06,39.7,False
3604,600961,株冶集团,25.9,-2.7,2.28,7.13,26.514328293972,0.3187708,69.93835913,1195.0,916.0,82.4,2026-09-03,-2.32,57.6,False
3605,600962,国投中鲁,25.9,0.19,0.65,1864.54,25.741087323057,0.30665,63.38383075,991.0,2845.0,63.6,2026-09-03,0.62,40.3,False
3606,600963,岳阳林纸,3.45,0.88,0.87,-310.92,3.454367748173,0.276878,55.27846985,-933.0,4856.0,74.4,2026-09-03,-0.13,41.1,False
3607,600965,*ST福成,2.9,3.57,0.61,65.26,2.79970175665,0.1895256,62.59750444,-540.0,3099.0,69.6,2026-09-03,3.58,43.6,False
3608,600966,博汇纸业,4.86,1.67,0.36,42.15,4.812846497081,0.2246724,62.4862458,715.0,3140.0,68.4,2026-09-03,0.98,42.7,False
3609,600967,内蒙一机,14.1,3.98,6.1,69.78,13.867111225317,0.35976,73.31021697,-408.0,409.0,94.4,2026-09-03,1.68,69.2,False
3610,600968,海油发展,3.95,0.77,0.15,10.75,3.904126778664,0.3453864,73.46393711,517.0,395.0,73.2,2026-09-03,1.17,53.8,False
3611,600969,郴电国际,10.46,-2.24,5.54,37.25,10.44189737152,0.454942,72.49244778,2914.0,524.0,80.8,2026-09-03,0.17,58.6,False
3612,600970,中材国际,7.83,1.03,0.25,10.99,7.756741353989,0.2042072,68.54696363,54.0,1262.0,76.4,2026-09-03,0.94,52.4,False
3613,600971,恒源煤电,8.89,0.23,0.67,33.08,8.937244172819,0.1389788,61.14320062,168.0,3563.0,78.8,2026-09-03,-0.53,48.2,False
3614,600973,宝胜股份,6.21,0.81,0.39,32.38,6.187632511654,0.1814428,65.99305538,1263.0,1973.0,73.2,2026-09-03,0.36,48.3,False
3615,600975,新五丰,5.29,4.13,1.08,-4.49,5.090536924522,0.145338,56.79739786,-184.0,4628.0,74.0,2026-09-03,3.92,42.0,False
3616,600976,健民集团,28.1,0.07,0.44,12.16,28.009272244254,0.316036,63.61621227,-2298.0,2784.0,73.2,2026-09-03,0.32,46.6,False
3617,600977,中国电影,12.74,3.24,1.55,-108.06,12.48979123348,0.2709296,64.05113131,295.0,2623.0,80.0,2026-09-03,2.0,51.2,False
3618,600979,广安爱众,4.03,1.26,0.8,31.08,3.999872996615,0.2777876,54.16764056,-677.0,4960.0,70.0,2026-09-03,0.75,37.9,False
3619,600980,北矿科技,19.6,0.31,0.46,27.75,19.589969658256,0.070234,67.99733164,36.0,1411.0,72.0,2026-09-03,0.05,49.0,False
3620,600981,苏豪汇鸿,2.49,0.81,0.33,-12.43,2.479873682859,0.1789172,64.21926788,-60.0,2560.0,64.0,2026-09-03,0.41,41.1,False
3621,600982,宁波能源,4.95,1.02,0.7,17.44,4.917623369602,0.2682564,63.77542395,1146.0,2720.0,72.4,2026-09-03,0.66,46.2,False
3622,600983,惠而浦,7.68,0.52,0.09,16.6,7.650929291112,0.0367136,66.31047321,-1143.0,1872.0,65.6,2026-09-03,0.38,43.5,False
3623,600984,建设机械,3.73,0.54,1.12,-4.69,3.738232518115,0.277761,48.0307662,-10.0,5192.0,77.2,2026-09-03,-0.22,37.1,False
3624,600985,淮北矿业,17.05,-0.47,0.35,18.53,17.190539288163,0.2879172,67.35055105,1336.0,1590.0,79.6,2026-09-03,-0.82,53.6,False
3625,600986,浙文互联,7.69,4.48,4.22,-42.89,7.480509717068,0.2109884,62.78754412,-957.0,3047.0,81.2,2026-09-03,2.8,51.0,False
3626,600987,航民股份,6.55,0.31,0.17,11.14,6.549849526241,0.285866,74.78234774,81.0,271.0,65.2,2026-09-03,0.0,48.8,False
3627,600988,赤峰黄金,46.05,-1.18,1.79,25.26,46.729441775943,0.3946672,75.99705648,580.0,178.0,86.4,2026-09-03,-1.45,65.7,False
3628,600989,宝丰能源,24.24,-0.57,0.4,9.14,24.483325698423,0.4016664,77.39647105,-32.0,114.0,91.6,2026-09-03,-0.99,70.9,False
3629,600990,四创电子,19.25,2.07,0.53,-19.37,18.90140413519,0.1136424,55.78624339,-1479.0,4787.0,74.4,2026-09-03,1.84,41.5,False
3630,600992,贵绳股份,10.08,1.51,0.6,-11.66,10.007624957855,0.111198,56.34533945,105.0,4696.0,72.4,2026-09-03,0.72,40.8,False
3631,600993,马应龙,23.2,0.61,0.26,13.79,23.143038102201,0.1148928,66.60205871,-142.0,1781.0,76.4,2026-09-03,0.25,50.9,False
3632,600995,南网储能,12.63,1.12,0.12,18.15,12.543233253398,0.1519812,66.69093186,-118.0,1762.0,76.4,2026-09-03,0.69,51.0,False
3633,600996,贵广网络,7.15,2.58,0.78,-8.14,7.062737473674,0.1479784,53.75143182,-43.0,5000.0,69.2,2026-09-03,1.24,37.2,False
3634,600997,开滦股份,5.46,0.37,0.35,-31.38,5.482707806258,0.104268,65.23792908,-946.0,2227.0,71.6,2026-09-03,-0.41,46.7,False
3635,600998,九州通,5.0,0.0,0.28,10.5,4.993916639618,0.2312516,70.87195964,-551.0,760.0,74.8,2026-09-03,0.12,53.0,False
3636,600999,招商证券,18.71,1.41,0.49,7.66,18.497496274244,0.433962,75.96701698,509.0,181.0,84.0,2026-09-03,1.15,63.8,False
3637,601000,唐山港,4.69,1.08,0.3,13.78,4.651433481134,0.2394132,71.72724777,353.0,627.0,74.0,2026-09-03,0.83,53.1,False
3638,601001,晋控煤业,16.43,1.23,0.56,19.01,16.334880839665,0.2444756,68.60691305,875.0,1245.0,81.2,2026-09-03,0.58,55.7,False
3639,601002,晋亿实业,5.5,0.36,0.41,12.75,5.498525743409,0.2632748,70.13879958,1017.0,876.0,73.6,2026-09-03,0.03,51.6,False
3640,601003,柳钢股份,3.81,-0.26,0.67,65.93,3.864978908652,0.16691,64.28766998,-1335.0,2544.0,79.2,2026-09-03,-1.42,50.9,False
3641,601005,重庆钢铁,1.22,1.67,0.26,-32.76,1.208380143133,0.6878332,62.89028514,1399.0,3010.0,74.8,2026-09-03,0.96,47.0,False
3642,601006,大秦铁路,4.84,0.21,0.19,11.3,4.846848603438,0.4005704,73.55624705,-37.0,384.0,85.2,2026-09-03,-0.14,62.7,False
3643,601007,金陵饭店,7.15,2.0,1.18,52.09,7.121802266519,0.2196916,66.81457301,-1248.0,1728.0,73.2,2026-09-03,0.4,48.9,False
3644,601008,连云港,4.5,0.22,0.65,36.9,4.511923633182,0.2225256,67.80484518,692.0,1463.0,76.4,2026-09-03,-0.26,51.8,False
3645,601009,南京银行,11.88,0.25,0.19,5.38,11.973981234543,0.3629656,69.13326444,-465.0,1115.0,82.4,2026-09-03,-0.78,57.0,False
3646,601010,ST文峰,1.53,-0.65,0.5,125.44,1.53855805433,0.4019932,58.29377628,-5.0,4318.0,67.2,2026-09-03,-0.56,39.2,False
3647,601011,宝泰隆,2.94,0.34,1.84,-23.91,2.985133517097,0.2528848,58.09748772,-1672.0,4371.0,84.8,2026-09-03,-1.51,49.3,False
3648,601012,隆基绿能,11.87,1.45,0.51,-12.21,11.73582143155,0.307254,57.5961385,-224.0,4480.0,74.4,2026-09-03,1.14,42.9,False
3649,601015,陕西黑猫,3.67,-2.65,3.31,-10.23,3.848787251291,0.262634,72.58549931,1348.0,508.0,88.4,2026-09-03,-4.65,64.2,False
3650,601016,节能风电,3.38,2.11,1.23,30.35,3.315508947588,0.3235416,58.23755978,258.0,4332.0,71.6,2026-09-03,1.95,41.7,False
3651,601018,宁波港,3.48,0.0,0.08,13.31,3.501905685641,0.2843016,65.87014728,279.0,2021.0,76.0,2026-09-03,-0.63,50.1,False
3652,601019,山东出版,7.12,2.15,0.28,11.64,7.00101071546,0.1774008,66.46253602,1376.0,1836.0,65.2,2026-09-03,1.7,43.3,False
3653,601020,华钰矿业,23.03,-1.5,1.75,77.21,23.236911798685,0.369188,72.84831808,1347.0,475.0,84.8,2026-09-03,-0.89,61.8,False
3654,601021,春秋航空,43.75,0.69,0.21,20.53,43.316593614886,0.3260124,73.67426758,138.0,375.0,72.0,2026-09-03,1.0,53.0,False
3655,601022,宁波远洋,8.38,0.24,0.29,17.78,8.375115687399,0.1869072,71.07241199,1425.0,744.0,69.6,2026-09-03,0.06,49.5,False
3656,601026,道生天合,14.9,0.88,1.58,54.95,14.888826120399,0.21839,63.61176604,-360.0,2786.0,69.6,2026-09-03,0.08,44.3,False
3657,601033,永兴股份,14.73,0.55,0.44,12.69,14.65576610791,0.0895596,68.525759,-159.0,1271.0,68.8,2026-09-03,0.51,47.1,False
3658,601038,一拖股份,14.64,-0.34,0.55,10.51,14.738345506695,0.12737,69.85464747,-310.0,934.0,79.2,2026-09-03,-0.67,55.3,False
3659,601058,赛轮轮胎,15.48,0.19,0.31,11.78,15.581793361865,0.272844,72.03601151,-188.0,582.0,82.8,2026-09-03,-0.65,59.6,False
3660,601059,信达证券,17.14,0.47,0.1,25.33,17.069572419359,0.4312864,67.26582079,372.0,1607.0,76.8,2026-09-03,0.41,51.7,False
3661,601061,中信金属,11.59,0.87,0.15,10.62,11.540355946861,0.21805,75.23816085,-64.0,230.0,71.6,2026-09-03,0.43,53.9,False
3662,601065,江盐集团,6.91,1.47,0.55,50.54,6.855801631075,0.280738,66.04306756,1187.0,1960.0,66.8,2026-09-03,0.79,44.1,False
3663,601066,中信建投,25.46,1.84,0.15,12.93,25.156158834398,0.3696196,70.25464917,1697.0,855.0,74.4,2026-09-03,1.21,52.3,False
3664,601068,中铝国际,4.6,1.55,0.17,64.15,4.572915477796,0.1008732,65.16016692,-31.0,2251.0,75.2,2026-09-03,0.59,49.0,False
3665,601069,西部黄金,30.13,-1.37,2.0,25.1,30.462681849847,0.305336,74.05266323,829.0,333.0,85.2,2026-09-03,-1.09,63.1,False
3666,601077,渝农商行,6.94,0.14,0.21,4.82,6.966170041088,0.3252592,65.71785264,-923.0,2066.0,72.0,2026-09-03,-0.38,47.3,False
3667,601083,锦江航运,13.16,1.23,3.78,11.33,12.898460025985,0.1641936,73.4265011,2708.0,400.0,72.8,2026-09-03,2.03,53.5,False
3668,601086,国芳集团,12.07,-1.15,12.97,56.5,12.196972530045,0.369304,80.28560265,5.0,40.0,93.2,2026-09-03,-1.04,74.8,False
3669,601088,中国神华,47.44,-0.71,0.06,17.92,48.119853556778,0.2550364,72.16453159,-154.0,567.0,93.6,2026-09-03,-1.41,67.5,False
3670,601089,福元医药,16.41,1.8,0.28,21.15,16.160978751904,0.0712828,63.06002398,-1614.0,2960.0,68.0,2026-09-03,1.54,42.9,False
3671,601096,宏盛华源,4.23,1.68,0.61,30.81,4.177967491955,0.2856584,63.16699454,-137.0,2923.0,66.8,2026-09-03,1.25,42.2,False
3672,601098,中南传媒,10.18,2.41,0.5,9.8,10.028569571758,0.1713404,66.41261302,-59.0,1847.0,70.8,2026-09-03,1.51,47.0,False
3673,601099,太平洋,3.63,1.68,1.17,86.02,3.577966983966,0.4062444,64.1824222,1378.0,2576.0,83.6,2026-09-03,1.45,53.7,False
3674,601100,恒立液压,99.37,-0.79,0.09,46.38,99.973575153377,0.1913636,68.90701589,-227.0,1159.0,73.2,2026-09-03,-0.6,50.4,False
3675,601101,昊华能源,13.54,-1.17,1.08,13.09,13.853244246453,0.263306,66.22535754,-131.0,1897.0,85.6,2026-09-03,-2.26,56.7,False
3676,601106,中国一重,3.07,1.32,0.31,-3882.02,3.049921914365,0.3364048,61.40160922,800.0,3492.0,72.4,2026-09-03,0.66,44.5,False
3677,601107,四川成渝,5.82,-0.34,0.19,9.89,5.887451358099,0.1385152,68.87007613,186.0,1171.0,69.2,2026-09-03,-1.15,47.7,False
3678,601108,财通证券,8.86,1.14,0.81,10.83,8.75357473358,0.4181092,72.84473785,724.0,478.0,78.0,2026-09-03,1.22,56.8,False
3679,601111,中国国航,5.81,0.87,0.25,-26.04,5.773356077282,0.417048,67.15739193,1433.0,1637.0,78.4,2026-09-03,0.63,52.7,False
3680,601112,振石股份,15.59,0.45,0.63,29.18,15.562666613993,0.1603884,66.47808848,-110.0,1827.0,66.0,2026-09-03,0.18,43.9,False
3681,601113,华鼎股份,3.51,1.15,0.29,49.35,3.481948099018,0.186954,57.05663334,223.0,4582.0,64.8,2026-09-03,0.81,37.0,False
3682,601116,三江购物,11.36,1.07,3.11,47.3,11.36424201348,0.2606988,72.68813615,931.0,496.0,84.0,2026-09-03,-0.04,61.1,False
3683,601117,中国化学,7.46,0.54,0.38,7.24,7.419300913377,0.4852884,68.96187952,1249.0,1148.0,75.6,2026-09-03,0.55,52.1,False
3684,601118,海南橡胶,6.99,2.95,2.49,-114.63,6.727163235429,0.4392924,71.83216747,1949.0,612.0,88.4,2026-09-03,3.91,63.5,False
3685,601121,宝地矿业,7.29,0.28,0.74,18.95,7.321414425441,0.1461972,65.04409396,-573.0,2295.0,67.2,2026-09-03,-0.43,43.7,False
3686,601126,四方股份,42.15,1.3,1.89,34.14,41.101375908069,0.3147824,71.28607598,2117.0,712.0,80.0,2026-09-03,2.55,57.0,False
3687,601127,赛力斯,50.35,2.97,1.15,-25.54,49.196575556302,0.26461,67.5268766,-36.0,1537.0,80.8,2026-09-03,2.34,54.6,False
3688,601128,常熟银行,6.43,0.94,0.75,5.38,6.410140573479,0.3921312,66.74251011,-209.0,1749.0,75.6,2026-09-03,0.31,50.5,False
3689,601133,柏诚股份,23.74,-0.75,0.69,72.62,23.883435695492,0.137372,68.18127243,1274.0,1364.0,66.4,2026-09-03,-0.6,45.3,False
3690,601136,首创证券,15.75,4.03,1.06,32.05,15.392861580954,0.3351916,69.96722995,1502.0,911.0,85.6,2026-09-03,2.32,59.9,False
3691,601137,博威合金,21.09,-0.28,0.65,24.55,21.121372598109,0.3024096,67.67419585,1012.0,1494.0,78.4,2026-09-03,-0.15,53.1,False
3692,601138,工业富联,63.84,1.01,0.28,26.68,63.177436066891,0.4521584,82.28271795,113.0,18.0,91.2,2026-09-03,1.05,75.0,False
3693,601139,深圳燃气,6.48,0.15,0.19,11.98,6.504590771217,0.1619336,69.83547985,-248.0,941.0,74.0,2026-09-03,-0.38,51.7,False
3694,601155,新城控股,12.29,1.24,0.7,16.33,12.118954611956,0.3723692,72.92981225,364.0,462.0,83.2,2026-09-03,1.41,60.7,False
3695,601156,东航物流,19.31,1.21,0.32,10.81,18.992160101293,0.143832,78.3419789,476.0,77.0,70.8,2026-09-03,1.67,55.5,False
3696,601158,重庆水务,4.14,0.73,0.05,20.08,4.124903770139,0.2743468,69.39149739,1030.0,1050.0,66.8,2026-09-03,0.37,46.4,False
3697,601162,天风证券,3.9,2.9,1.81,96.41,3.818028941017,0.3954944,64.66003896,1217.0,2414.0,77.2,2026-09-03,2.15,49.9,False
3698,601163,三角轮胎,12.45,0.4,0.12,14.65,12.436939367247,0.2139856,65.23421333,-1232.0,2228.0,66.0,2026-09-03,0.11,43.1,False
3699,601166,兴业银行,18.15,1.23,0.26,4.67,18.008365311444,0.4128384,68.29107298,-798.0,1338.0,90.4,2026-09-03,0.79,61.7,False
3700,601168,西部矿业,39.11,-2.23,1.02,11.18,40.16822627101,0.47376,82.55071324,64.0,14.0,90.0,2026-09-03,-2.63,74.3,False
3701,601169,北京银行,5.61,1.26,0.66,3.73,5.596096002203,0.4385984,65.87639035,-488.0,2019.0,86.8,2026-09-03,0.25,57.2,False
3702,601177,杭齿前进,14.2,0.78,0.72,18.24,14.172722297174,0.1739504,67.15799624,-1196.0,1636.0,78.4,2026-09-03,0.19,52.7,False
3703,601179,中国西电,12.79,2.57,1.29,47.64,12.529761230977,0.2905136,62.93207492,336.0,2998.0,78.4,2026-09-03,2.08,49.3,False
3704,601186,中国铁建,6.12,0.66,0.09,4.78,6.091975919269,0.3849876,71.93147229,668.0,598.0,79.2,2026-09-03,0.46,57.0,False
3705,601187,厦门银行,7.24,-0.14,0.37,7.69,7.35965218934,0.2257452,60.25729289,-290.0,3830.0,70.4,2026-09-03,-1.63,42.4,False
3706,601188,龙江交通,2.97,0.68,0.56,18.2,2.967620623437,0.2750356,68.21057105,36.0,1357.0,68.0,2026-09-03,0.08,46.4,False
3707,601198,东兴证券,14.19,0.78,0.36,22.38,14.066249543951,0.3186804,62.71278943,78.0,3070.0,80.4,2026-09-03,0.88,50.4,False
3708,601199,江南水务,5.99,0.84,0.34,18.92,5.977258176236,0.2600668,65.47942603,-289.0,2140.0,71.6,2026-09-03,0.21,46.9,False
3709,601200,上海环境,7.0,1.01,0.18,15.38,6.956379653135,0.1737912,63.7591132,-147.0,2724.0,66.4,2026-09-03,0.63,42.3,False
3710,601208,东材科技,47.36,2.16,3.28,76.74,46.560800857001,0.3419772,64.60608879,-819.0,2436.0,91.2,2026-09-03,1.72,58.9,False
3711,601211,国泰海通,17.96,1.53,0.28,7.79,17.773840748261,0.4172088,75.91143469,451.0,186.0,80.4,2026-09-03,1.05,61.0,False
3712,601212,白银有色,7.33,0.0,4.75,338.38,7.071328785634,0.4130196,73.25206579,2777.0,418.0,87.2,2026-09-03,3.66,63.9,False
3713,601216,君正集团,4.77,0.0,0.32,12.07,4.771821537328,0.255654,69.22802737,-142.0,1087.0,82.4,2026-09-03,-0.04,57.0,False
3714,601218,吉鑫科技,4.58,1.78,0.9,18.62,4.515370228005,0.2135452,67.96694645,1607.0,1422.0,74.0,2026-09-03,1.43,50.3,False
3715,601222,林洋能源,5.99,-0.17,0.83,14.33,5.996486774124,0.2124712,64.06580331,-392.0,2618.0,85.6,2026-09-03,-0.11,54.8,False
3716,601225,陕西煤业,26.05,-0.72,0.16,11.2,26.304602026422,0.275996,73.31871873,-110.0,407.0,90.0,2026-09-03,-0.97,66.0,False
3717,601226,华电科工,6.56,1.08,0.27,49.9,6.525248109641,0.1287472,65.88961424,-192.0,2010.0,72.0,2026-09-03,0.53,47.4,False
3718,601228,广州港,3.13,0.0,0.18,21.24,3.127265596216,0.2943884,66.96678879,634.0,1685.0,67.2,2026-09-03,0.09,45.0,False
3719,601229,上海银行,9.64,0.42,0.14,5.15,9.683070779233,0.299398,66.50399289,189.0,1816.0,81.2,2026-09-03,-0.44,54.0,False
3720,601231,环旭电子,25.54,0.71,0.39,37.11,25.482364915314,0.2461484,69.98531892,1134.0,909.0,80.8,2026-09-03,0.23,56.5,False
3721,601233,桐昆股份,26.48,0.0,1.01,7.46,26.443968509129,0.3344592,77.60910554,-23.0,108.0,87.6,2026-09-03,0.14,68.0,False
3722,601236,红塔证券,7.14,1.13,0.3,32.85,7.064630236096,0.345462,64.88008026,-126.0,2347.0,78.4,2026-09-03,1.07,50.9,False
3723,601238,广汽集团,5.23,2.15,0.3,-5.97,5.131244430315,0.2605348,68.73795622,570.0,1207.0,78.8,2026-09-03,1.92,54.2,False
3724,601279,英利汽车,3.42,0.88,0.21,-33.54,3.419094312538,0.1392492,61.75259004,34.0,3380.0,68.0,2026-09-03,0.03,42.0,False
3725,601288,农业银行,6.95,0.87,0.04,8.31,6.989404506405,0.4818048,69.36986014,-750.0,1053.0,93.2,2026-09-03,-0.56,64.7,False
3726,601298,青岛港,9.22,0.0,0.06,10.83,9.231491410791,0.070864,67.76541997,-89.0,1472.0,71.6,2026-09-03,-0.12,48.5,False
3727,601311,骆驼股份,7.76,0.65,0.35,16.29,7.74655833172,0.21271,63.95930615,-137.0,2660.0,79.2,2026-09-03,0.17,50.7,False
3728,601318,中国平安,58.34,0.59,0.37,5.71,58.038861098429,0.5670696,82.74068338,183.0,10.0,92.0,2026-09-03,0.52,76.1,False
3729,601319,中国人保,8.09,0.62,0.13,4.87,8.095048398842,0.339346,79.79688363,59.0,47.0,87.6,2026-09-03,-0.06,69.9,False
3730,601326,秦港股份,3.59,0.0,0.23,9.87,3.606406966511,0.2007952,69.42130228,1304.0,1042.0,68.0,2026-09-03,-0.45,47.2,False
3731,601328,交通银行,7.4,1.09,0.34,6.83,7.401063648008,0.4455704,67.91024459,-1044.0,1439.0,89.2,2026-09-03,-0.01,60.6,False
3732,601330,绿色动力,7.92,0.25,0.97,12.19,7.887621730842,0.1804844,68.32863419,50.0,1325.0,83.2,2026-09-03,0.41,56.8,False
3733,601333,广深铁路,3.15,0.64,0.55,9.37,3.146259430272,0.2812488,67.36529566,-310.0,1579.0,74.0,2026-09-03,0.12,49.9,False
3734,601336,新华保险,62.75,1.34,0.71,4.29,62.156763134256,0.5122068,79.11207771,408.0,56.0,84.4,2026-09-03,0.95,66.8,False
3735,601339,百隆东方,7.62,0.66,0.4,10.21,7.63072304401,0.1461012,73.78093516,-153.0,363.0,70.0,2026-09-03,-0.14,51.6,False
3736,601360,三六零,9.12,2.59,1.27,147.98,8.957600976544,0.2912424,67.92963066,-241.0,1431.0,90.0,2026-09-03,1.81,61.1,False
3737,601366,利群股份,3.77,0.8,0.58,-39.56,3.762619816628,0.1365764,59.1824912,137.0,4113.0,72.8,2026-09-03,0.2,43.1,False
3738,601368,绿城水务,4.56,1.33,0.24,37.03,4.537791253063,0.2282976,62.34918282,154.0,3188.0,64.4,2026-09-03,0.49,40.2,False
3739,601369,陕鼓动力,8.78,0.69,0.22,22.84,8.769384734381,0.193682333333,61.88004209,-1415.0,3343.0,66.8,2026-09-03,0.12,41.3,False
3740,601375,中原证券,4.18,1.21,0.51,23.14,4.151856288363,0.358558,58.45561214,210.0,4275.0,76.0,2026-09-03,0.68,44.4,False
3741,601377,兴业证券,6.01,1.52,0.63,12.19,5.917337711991,0.4829588,66.17200501,1886.0,1914.0,77.2,2026-09-03,1.57,51.1,False
3742,601388,怡球资源,3.44,-1.15,0.89,16.79,3.486302304983,0.2825656,68.45545641,1616.0,1287.0,78.8,2026-09-03,-1.33,53.9,False
3743,601390,中国中铁,4.39,0.69,0.16,6.22,4.383999716659,0.4383692,70.01771482,904.0,904.0,78.8,2026-09-03,0.14,55.2,False
3744,601398,工商银行,8.15,0.62,0.05,8.36,8.155679685572,0.496686,70.13178131,-215.0,879.0,93.6,2026-09-03,-0.07,65.6,False
3745,601399,国机重装,3.22,1.26,0.3,44.48,3.182938973421,0.3047384,59.94340818,-410.0,3924.0,71.6,2026-09-03,1.16,42.9,False
3746,601456,国联民生,8.99,1.24,0.28,18.04,8.902217718348,0.3467412,65.931633,365.0,1994.0,74.8,2026-09-03,0.99,49.3,False
3747,601500,通用股份,3.98,1.02,0.53,22.81,3.96131706274,0.2506252,70.65592294,1015.0,797.0,68.0,2026-09-03,0.47,48.0,False
3748,601512,中新集团,8.59,0.47,0.12,12.61,8.524126580332,0.1052704,67.49376684,-201.0,1543.0,69.2,2026-09-03,0.77,46.7,False
3749,601515,衢州东峰,3.38,0.0,0.21,-55.78,3.401977104285,0.1743432,54.46823265,37.0,4943.0,68.8,2026-09-03,-0.65,37.5,False
3750,601518,吉林高速,2.88,1.41,0.4,12.2,2.85127730514,0.3500228,66.20818373,-1107.0,1902.0,66.4,2026-09-03,1.01,44.0,False
3751,601519,大智慧,9.18,4.32,1.66,-325.7,8.865822298797,0.2352056,63.62203188,942.0,2780.0,79.2,2026-09-03,3.54,50.4,False
3752,601528,瑞丰银行,5.17,0.58,0.35,5.65,5.198066747862,0.1718736,68.41849548,-751.0,1295.0,68.4,2026-09-03,-0.54,46.8,False
3753,601555,东吴证券,8.54,0.95,0.34,8.77,8.501033617201,0.3363184,65.44435214,-114.0,2156.0,81.6,2026-09-03,0.46,53.4,False
3754,601566,九牧王,10.31,-3.46,6.49,74.38,10.78301378023,0.2578596,74.93659912,-191.0,257.0,89.2,2026-09-03,-4.39,66.8,False
3755,601567,三星电气,13.63,1.26,0.79,17.54,13.630368244418,0.248126,62.80280123,-1430.0,3040.0,69.6,2026-09-03,-0.0,43.7,False
3756,601568,北元化工,3.82,1.06,0.14,104.06,3.796446305388,0.1397552,62.1121524,-446.0,3261.0,66.8,2026-09-03,0.62,41.5,False
3757,601577,长沙银行,10.01,0.1,0.3,4.43,10.046004814901,0.298992,67.46932263,-146.0,1554.0,71.2,2026-09-03,-0.36,48.0,False
3758,601579,会稽山,24.07,10.01,3.33,44.85,21.910022364643,0.3401624,75.64241629,505.0,205.0,83.2,2026-09-03,9.86,62.9,False
3759,601588,北辰实业,1.79,2.29,1.15,-3.42,1.754363580057,0.3480248,64.80826327,1374.0,2372.0,66.8,2026-09-03,2.03,43.3,False
3760,601595,上海电影,19.07,5.94,4.98,280.14,18.588834225849,0.2112372,76.62265882,302.0,144.0,85.2,2026-09-03,2.59,65.3,False
3761,601598,中国外运,6.5,1.09,0.11,13.52,6.464494092525,0.1215488,69.06518213,-273.0,1128.0,74.4,2026-09-03,0.55,51.4,False
3762,601599,浙文影业,3.33,2.15,1.54,21.53,3.309731582323,0.2581352,67.82166384,1295.0,1458.0,74.4,2026-09-03,0.61,50.5,False
3763,601600,中国铝业,9.73,-0.82,0.6,7.03,9.845306376088,0.4338752,79.36201105,518.0,50.0,87.6,2026-09-03,-1.17,69.5,False
3764,601601,中国太保,34.54,1.47,0.46,5.4,34.00407838809,0.466798,83.40811239,175.0,6.0,86.0,2026-09-03,1.58,71.7,False
3765,601606,长城军工,35.51,2.36,4.98,-133.32,34.883122505398,0.3160204,66.29800232,-1764.0,1881.0,95.2,2026-09-03,1.8,63.1,False
3766,601607,上海医药,16.52,0.49,0.12,8.74,16.452608906671,0.2224336,75.98439434,451.0,180.0,81.2,2026-09-03,0.41,61.7,False
3767,601608,中信重工,4.85,1.68,0.32,53.07,4.762619080197,0.2829404,64.85151715,343.0,2357.0,76.8,2026-09-03,1.83,49.8,False
3768,601609,金田股份,13.46,-2.53,1.84,26.3,13.67083673077,0.3165004,71.34499175,134.0,698.0,84.4,2026-09-03,-1.54,60.2,False
3769,601611,中国核建,10.69,0.85,0.31,28.93,10.571316165081,0.306224,61.13114993,-693.0,3568.0,78.8,2026-09-03,1.12,48.2,False
3770,601615,明阳智能,9.44,2.83,1.53,96.0,9.489444707321,0.2871284,52.08200271,-306.0,5104.0,72.8,2026-09-03,-0.52,37.9,False
3771,601616,广电电气,3.89,1.57,0.64,-58.54,3.866951146347,0.2085172,57.35545352,544.0,4523.0,72.0,2026-09-03,0.6,41.3,False
3772,601618,中国中冶,2.56,0.79,0.19,11.39,2.544886299956,0.4831604,64.86116078,871.0,2356.0,76.4,2026-09-03,0.59,49.6,False
3773,601619,嘉泽新能,4.13,2.23,0.83,26.21,4.057478431317,0.2640968,61.45357142,-738.0,3474.0,72.0,2026-09-03,1.79,44.2,False
3774,601628,中国人寿,39.41,0.36,0.08,4.14,39.290789215139,0.4711416,83.60846831,139.0,5.0,89.2,2026-09-03,0.3,74.6,False
3775,601633,长城汽车,15.11,1.34,0.11,26.3,14.973544903795,0.1865852,69.80691095,-72.0,948.0,77.6,2026-09-03,0.91,54.2,False
3776,601636,旗滨集团,6.02,3.26,1.99,-53.3,5.874212714418,0.3176512,66.5849835,-822.0,1787.0,72.0,2026-09-03,2.48,47.9,False
3777,601658,邮储银行,5.45,0.0,0.17,6.35,5.515527498822,0.395158,67.46149662,-603.0,1557.0,88.8,2026-09-03,-1.19,59.9,False
3778,601665,齐鲁银行,7.17,0.56,0.47,6.95,7.210646338227,0.3308856,69.09411536,-872.0,1124.0,76.8,2026-09-03,-0.56,53.1,False
3779,601666,平煤股份,9.29,-0.96,0.49,36.21,9.422991217868,0.1808004,58.17496905,-211.0,4345.0,81.6,2026-09-03,-1.41,47.5,False
3780,601668,中国建筑,4.4,0.69,0.22,3.95,4.367482334161,0.4984608,75.34309592,387.0,224.0,87.6,2026-09-03,0.74,66.0,False
3781,601669,中国电建,4.63,0.43,0.21,10.44,4.620231476215,0.4232524,65.02451674,-42.0,2301.0,73.6,2026-09-03,0.21,47.9,False
3782,601677,明泰铝业,16.79,-0.36,0.73,7.42,16.930056688587,0.2833856,74.59337127,490.0,288.0,77.6,2026-09-03,-0.83,57.9,False
3783,601678,滨化股份,6.14,-0.32,2.05,21.52,6.169646378069,0.3415464,73.01399082,440.0,450.0,80.8,2026-09-03,-0.48,59.0,False
3784,601686,友发集团,5.26,0.57,0.1,13.97,5.270111558307,0.1616036,64.12296967,-86.0,2593.0,62.4,2026-09-03,-0.19,40.0,False
3785,601688,华泰证券,19.7,1.03,0.37,7.61,19.488749541788,0.416358,72.47174648,780.0,525.0,81.2,2026-09-03,1.08,58.8,False
3786,601689,拓普集团,47.25,-1.21,0.83,40.15,47.904744765161,0.3899112,73.00527544,1440.0,451.0,74.0,2026-09-03,-1.37,54.0,False
3787,601696,中银证券,12.33,2.92,1.52,22.95,12.071036398604,0.4016636,62.59613264,933.0,3100.0,73.6,2026-09-03,2.15,46.1,False
3788,601698,中国卫通,24.4,1.96,0.23,455.81,23.985634437166,0.2346228,63.44587845,-1721.0,2830.0,76.0,2026-09-03,1.73,48.2,False
3789,601699,潞安环能,16.48,0.0,0.4,13.86,16.547297036933,0.2536032,65.60445433,-225.0,2096.0,84.4,2026-09-03,-0.41,55.4,False
3790,601700,风范股份,8.07,1.0,8.32,50.43,8.249854745918,0.2298664,52.16161554,-284.0,5097.0,89.6,2026-09-03,-2.18,46.7,False
3791,601702,华峰铝业,15.9,-0.87,0.32,14.24,15.928575187426,0.2004656,75.93659442,1001.0,184.0,76.0,2026-09-03,-0.18,57.7,False
3792,601717,中创智领,14.53,0.97,0.4,8.09,14.412956172958,0.2474076,70.90905379,1096.0,754.0,76.4,2026-09-03,0.81,54.2,False
3793,601718,ST际华,2.0,-1.48,0.34,-15.12,2.004518371077,0.402276,64.01662792,-111.0,2642.0,75.2,2026-09-03,-0.23,48.1,False
3794,601727,上海电气,6.65,1.84,0.25,53.27,6.545442934291,0.2630348,62.69767905,-266.0,3073.0,74.0,2026-09-03,1.6,46.4,False
3795,601728,中国电信,6.45,0.78,0.06,15.07,6.450168544706,0.2643456,69.66473277,-269.0,987.0,83.6,2026-09-03,-0.0,58.2,False
3796,601766,中国中车,6.23,0.97,0.16,11.19,6.211532261684,0.4258624,71.81696968,-128.0,615.0,82.8,2026-09-03,0.3,59.5,False
3797,601777,千里科技,8.28,1.47,0.22,238.99,8.142177201821,0.21771,61.52870915,-184.0,3445.0,73.6,2026-09-03,1.69,45.3,False
3798,601778,晶科科技,3.68,1.94,1.04,-36.54,3.619615312646,0.2769128,55.31589262,14.0,4852.0,71.6,2026-09-03,1.67,39.6,False
3799,601788,光大证券,14.76,1.3,0.33,15.27,14.618372512725,0.3641544,66.3204747,1148.0,1867.0,78.8,2026-09-03,0.97,52.3,False
3800,601789,宁波建工,4.38,0.92,1.81,13.31,4.358249771789,0.3019524,70.53050895,1509.0,817.0,76.0,2026-09-03,0.5,53.6,False
3801,601798,蓝科高新,7.83,1.95,0.67,26.17,7.75738574921,0.1125912,63.36809732,-1794.0,2853.0,68.4,2026-09-03,0.94,43.3,False
3802,601799,星宇股份,78.39,4.69,2.44,16.73,75.704875863569,0.2724104,68.12820847,-943.0,1372.0,85.6,2026-09-03,3.55,58.3,False
3803,601800,中国交建,5.98,0.84,0.1,6.66,5.938403100534,0.3213668,71.21707129,1240.0,721.0,76.8,2026-09-03,0.7,54.7,False
3804,601801,皖新传媒,5.29,2.92,0.54,10.54,5.213532538564,0.2006924,65.64201103,-303.0,2089.0,70.0,2026-09-03,1.47,45.9,True
3805,601808,中海油服,12.56,0.24,0.19,14.92,12.617050384462,0.2034084,68.78996005,-812.0,1195.0,81.2,2026-09-03,-0.45,55.9,False
3806,601811,新华文轩,11.66,1.3,0.21,10.99,11.517349399814,0.2049464,67.6912979,1543.0,1489.0,70.4,2026-09-03,1.24,47.7,False
3807,601816,京沪高铁,4.91,0.61,0.1,17.74,4.922803376173,0.4064088,70.02357112,-215.0,901.0,83.2,2026-09-03,-0.26,58.3,False
3808,601818,光大银行,3.06,0.0,0.21,4.83,3.063471740532,0.5017248,62.68620865,-1403.0,3075.0,85.2,2026-09-03,-0.11,53.4,False
3809,601825,沪农商行,8.98,-0.11,0.08,6.12,9.027932688723,0.2465,70.29885442,40.0,847.0,70.8,2026-09-03,-0.53,49.8,False
3810,601827,三峰环境,8.15,0.37,0.07,10.32,8.130356279883,0.2197684,68.25113615,-24.0,1348.0,64.4,2026-09-03,0.24,44.0,False
3811,601828,美凯龙,2.22,1.37,0.96,64.56,2.201190733973,0.3525532,62.53778144,1308.0,3130.0,70.4,2026-09-03,0.85,44.0,False
3812,601838,成都银行,19.52,0.62,0.15,5.99,19.507831019839,0.295492,74.72374735,51.0,279.0,80.8,2026-09-03,0.06,60.4,False
3813,601857,中国石油,11.18,-0.27,0.03,9.84,11.27174796424,0.364254,74.44972462,-116.0,304.0,90.8,2026-09-03,-0.81,67.6,False
3814,601858,中国科传,21.91,5.13,1.29,48.73,21.066074660736,0.224998,62.86287839,-317.0,3027.0,76.8,2026-09-03,4.01,48.3,False
3815,601860,紫金银行,2.65,0.38,0.92,5.14,2.655543312253,0.3264716,58.14331069,-1069.0,4355.0,71.6,2026-09-03,-0.21,41.6,False
3816,601865,福莱特,10.1,2.54,0.51,-32.59,9.962611361071,0.2345436,60.66192508,-481.0,3724.0,77.2,2026-09-03,1.38,46.8,False
3817,601866,中远海发,2.44,0.41,0.39,16.02,2.430519303712,0.3389404,64.9338708,517.0,2330.0,75.2,2026-09-03,0.39,48.8,False
3818,601868,中国能建,2.49,0.4,0.3,24.17,2.477769605213,0.4790744,69.09042564,1103.0,1126.0,72.8,2026-09-03,0.49,50.3,False
3819,601869,长飞光纤,388.54,-1.25,1.15,55.0,396.140657062189,0.3930664,72.6523497,-486.0,501.0,94.8,2026-09-03,-1.92,68.9,False
3820,601872,招商轮船,19.26,-0.21,0.79,11.17,19.024090353318,0.4212088,80.9392647,93.0,31.0,84.4,2026-09-03,1.24,68.3,False
3821,601877,正泰电器,25.93,3.35,0.71,8.9,25.072550006651,0.3035688,68.06910822,-366.0,1390.0,82.8,2026-09-03,3.42,56.4,False
3822,601878,浙商证券,9.51,1.06,0.28,13.39,9.444904596322,0.4304088,65.21706887,1658.0,2237.0,76.4,2026-09-03,0.69,49.8,False
3823,601880,辽港股份,1.47,1.38,0.1,19.58,1.45832277252,0.5453168,68.63644133,-146.0,1233.0,72.0,2026-09-03,0.8,49.4,False
3824,601881,中国银河,12.51,1.05,0.2,8.77,12.431689627481,0.473074,67.36419931,1186.0,1581.0,75.6,2026-09-03,0.63,50.9,False
3825,601882,海天精工,22.78,1.15,0.88,21.01,22.524982577086,0.1556604,70.13637866,-70.0,878.0,84.4,2026-09-03,1.13,59.2,False
3826,601886,江河集团,13.69,2.09,0.65,17.6,13.250290201751,0.1793056,73.21438238,1012.0,421.0,77.2,2026-09-03,3.32,56.5,False
3827,601888,中国中免,54.97,2.33,1.12,18.38,53.816180219302,0.4325644,78.81724276,632.0,65.0,85.6,2026-09-03,2.14,67.5,False
3828,601890,亚星锚链,9.14,2.24,1.98,28.7,8.933309346567,0.2537552,69.37210696,-940.0,1052.0,87.6,2026-09-03,2.31,60.8,False
3829,601898,中煤能源,14.98,0.47,0.19,12.19,15.145620945976,0.300336,72.8798794,-105.0,468.0,86.8,2026-09-03,-1.09,63.3,False
3830,601899,紫金矿业,33.43,0.36,0.49,11.35,33.355900628753,0.4908296,75.59369722,-72.0,210.0,90.8,2026-09-03,0.22,68.6,False
3831,601900,南方传媒,12.41,2.99,1.77,11.53,12.313421664591,0.2113456,68.08499944,252.0,1381.0,78.0,2026-09-03,0.78,53.1,False
3832,601901,方正证券,6.97,1.16,0.25,9.7,6.912113273533,0.4143684,62.12301538,-152.0,3259.0,77.2,2026-09-03,0.84,48.0,False
3833,601908,京运通,3.01,1.35,0.47,-9.35,2.982187016486,0.245652,50.8309471,7.0,5151.0,72.0,2026-09-03,0.93,36.6,False
3834,601916,浙商银行,2.98,0.34,0.26,5.23,2.980462984243,0.4666596,66.31145738,-1087.0,1870.0,78.0,2026-09-03,-0.02,51.7,False
3835,601918,新集能源,10.49,-1.32,0.44,11.16,10.664190085847,0.29227,72.68160439,-99.0,498.0,81.6,2026-09-03,-1.63,59.3,False
3836,601919,中远海控,15.97,-3.62,0.59,9.09,16.640738450847,0.3691268,68.39240869,227.0,1300.0,86.4,2026-09-03,-4.03,59.1,False
3837,601921,浙版传媒,7.54,1.75,0.25,12.97,7.462113984342,0.1903532,68.23767391,1572.0,1353.0,72.0,2026-09-03,1.04,49.1,False
3838,601928,凤凰传媒,8.64,3.1,0.42,10.06,8.458866576341,0.1329624,62.44511121,384.0,3155.0,73.2,2026-09-03,2.14,45.7,False
3839,601929,吉视传媒,2.58,4.03,4.25,-20.42,2.541619108551,0.2529564,63.38256936,-412.0,2846.0,87.6,2026-09-03,1.51,55.5,False
3840,601933,永辉超市,3.19,1.27,1.27,56.23,3.187286473739,0.368176,65.81679972,934.0,2036.0,86.8,2026-09-03,0.09,57.1,False
3841,601939,建设银行,10.99,0.37,0.4,8.48,11.061370480498,0.4307716,69.92718416,-219.0,920.0,92.0,2026-09-03,-0.65,64.3,False
3842,601949,中国出版,5.83,10.0,1.98,359.68,5.419965308671,0.2310848,62.87950025,1602.0,3019.0,71.6,2026-09-03,7.57,45.0,False
3843,601952,苏垦农发,9.29,0.98,1.4,44.46,9.064627125188,0.2658456,72.26945388,-280.0,553.0,84.4,2026-09-03,2.49,61.0,False
3844,601956,东贝集团,5.07,1.2,0.28,-31.76,5.08358463167,0.2835764,63.9354461,-4.0,2675.0,66.8,2026-09-03,-0.27,42.7,False
3845,601958,金钼股份,21.43,-0.83,0.36,19.86,21.490674068312,0.3532408,67.5743053,196.0,1524.0,77.2,2026-09-03,-0.28,52.2,False
3846,601963,重庆银行,11.31,0.44,0.28,5.83,11.442079321991,0.2125996,66.47131993,-1122.0,1830.0,71.2,2026-09-03,-1.15,47.3,False
3847,601965,中国汽研,14.16,0.5,0.22,16.62,14.156850359829,0.1651772,69.7593467,-364.0,958.0,70.4,2026-09-03,0.02,49.1,False
3848,601966,玲珑轮胎,10.81,0.93,0.32,77.98,10.809445937856,0.2048612,63.63166486,-351.0,2772.0,72.0,2026-09-03,0.01,45.8,False
3849,601968,宝钢包装,4.7,0.43,0.2,20.82,4.685837952513,0.1958508,61.99536651,-359.0,3314.0,67.2,2026-09-03,0.3,41.7,False
3850,601969,海南矿业,9.63,0.1,0.33,18.57,9.650900496023,0.1988124,69.61063368,-304.0,1002.0,78.4,2026-09-03,-0.22,54.6,False
3851,601975,招商南油,4.45,3.97,3.79,12.82,4.289797728141,0.4054352,78.63021642,1234.0,68.0,78.0,2026-09-03,3.73,61.3,False
3852,601985,中国核电,9.11,-0.11,0.27,25.73,9.094380381525,0.4680172,71.61213166,-198.0,648.0,88.8,2026-09-03,0.17,63.6,False
3853,601988,中国银行,6.59,0.76,0.06,8.59,6.609870095914,0.4475112,73.80830732,-182.0,360.0,92.8,2026-09-03,-0.3,68.5,False
3854,601990,南京证券,6.9,1.62,0.32,19.08,6.815047624908,0.282786,63.26070308,246.0,2884.0,76.4,2026-09-03,1.25,48.3,False
3855,601991,大唐发电,5.65,0.89,0.61,9.49,5.636502910659,0.2883536,63.53544248,249.0,2806.0,78.8,2026-09-03,0.24,50.1,False
3856,601992,金隅集团,1.42,2.16,0.49,-3.49,1.399715043277,0.5339156,63.62622263,1396.0,2776.0,70.0,2026-09-03,1.45,44.5,False
3857,601995,中金公司,34.14,1.37,0.38,10.05,33.825677660044,0.3708044,71.91071416,1282.0,603.0,84.4,2026-09-03,0.93,60.7,False
3858,601996,丰林集团,2.88,2.13,1.35,-14.96,2.798005067293,0.3310584,67.2872175,-779.0,1600.0,69.2,2026-09-03,2.93,46.6,False
3859,601997,贵阳银行,5.62,0.36,0.58,4.35,5.654780901463,0.3492992,62.37205079,-985.0,3176.0,70.0,2026-09-03,-0.62,43.7,False
3860,601998,中信银行,8.94,1.82,0.07,6.61,8.870347078181,0.259904,72.0126133,-436.0,587.0,86.0,2026-09-03,0.79,61.9,False
3861,601999,出版传媒,7.28,8.17,11.28,62.27,6.930573615925,0.35064,68.31535843,1230.0,1330.0,74.8,2026-09-03,5.04,51.1,False
3862,603000,人民网,16.96,2.42,0.98,441.47,16.772945956297,0.1763364,67.34089246,-376.0,1591.0,81.2,2026-09-03,1.12,54.7,False
3863,603001,奥康国际,9.16,0.77,1.45,104.5,9.168146825831,0.274822727273,61.34444832,-2950.0,3508.0,78.0,2026-09-03,-0.09,47.8,False
3864,603002,宏昌电子,15.48,-2.58,3.06,222.83,15.934310843342,0.2233476,62.35934184,-1370.0,3184.0,88.8,2026-09-03,-2.85,55.4,False
3865,603004,鼎龙科技,19.2,0.63,0.86,43.92,19.193688163885,0.1353036,60.7748283,-1058.0,3678.0,71.2,2026-09-03,0.03,43.3,False
3866,603005,晶方科技,29.34,-0.37,1.74,72.09,29.400363906939,0.2689968,63.75236943,307.0,2729.0,72.0,2026-09-03,-0.21,45.9,False
3867,603006,联明股份,11.02,1.38,0.41,31.84,10.956478385813,0.0437772,56.88377418,-103.0,4609.0,63.2,2026-09-03,0.58,36.0,False
3868,603007,顺景科技,5.26,0.0,1.97,52.21,5.235642900323,0.281454,66.81397557,2321.0,1729.0,80.0,2026-09-03,0.47,53.5,False
3869,603008,ST喜临门,8.79,3.17,1.34,-44.72,8.6359467582,0.2781076,58.0652004,59.0,4374.0,64.8,2026-09-03,1.78,37.6,False
3870,603009,北特科技,45.67,-1.85,0.82,125.3,46.855816436683,0.2239308,66.52285177,-44.0,1804.0,80.8,2026-09-03,-2.53,53.8,False
3871,603010,万盛股份,11.82,0.25,0.38,1596.45,11.795451005978,0.216274,55.8508343,-330.0,4780.0,68.4,2026-09-03,0.21,38.2,False
3872,603011,合锻智能,24.93,-1.46,3.49,-179.3,25.341872582718,0.2386136,64.04709379,256.0,2626.0,92.0,2026-09-03,-1.63,58.9,False
3873,603012,创力集团,10.18,-0.49,1.38,38.84,10.137159617962,0.3854864,59.74052538,-117.0,3977.0,76.8,2026-09-03,0.42,45.9,False
3874,603013,亚普股份,14.93,1.84,0.76,12.97,14.73382125616,0.1571184,69.72005034,-44.0,967.0,64.8,2026-09-03,1.33,45.2,False
3875,603014,威高血净,31.67,0.54,0.34,28.79,31.522137150466,0.099296,61.48192032,-493.0,3462.0,57.6,2026-09-03,0.47,35.4,False
3876,603015,弘讯科技,11.1,-0.36,0.47,89.32,11.159442050257,0.1939616,60.30858717,257.0,3816.0,69.2,2026-09-03,-0.53,41.7,False
3877,603016,新宏泰,33.98,1.83,2.57,98.4,33.556608066792,0.2225408,72.03651686,-411.0,580.0,82.4,2026-09-03,1.26,59.4,False
3878,603017,中衡设计,10.12,1.81,0.59,20.99,10.001555123302,0.0824072,58.84247008,-1256.0,4203.0,68.0,2026-09-03,1.18,40.0,False
3879,603018,华设集团,5.35,2.1,0.56,20.61,5.276878336978,0.1526232,61.07156218,-411.0,3590.0,67.6,2026-09-03,1.39,41.3,False
3880,603019,中科曙光,84.14,-0.25,0.86,63.37,85.061846820513,0.3388224,65.66171498,-602.0,2082.0,83.2,2026-09-03,-1.08,54.6,False
3881,603020,爱普股份,10.31,0.59,0.47,32.48,10.258632738321,0.1809868,62.38735826,1186.0,3171.0,66.0,2026-09-03,0.5,41.2,False
3882,603021,*ST华鹏,5.95,3.48,1.28,-12.74,5.781035939661,0.3066244,57.95957065,385.0,4399.0,70.0,2026-09-03,2.92,40.6,False
3883,603022,新通联,9.28,1.87,0.53,41.77,9.199000899722,0.0751884,68.07834156,1084.0,1384.0,66.0,2026-09-03,0.88,44.9,False
3884,603023,威帝股份,4.4,2.09,0.63,-160.2,4.344244708723,0.129056,59.22385111,-949.0,4101.0,68.4,2026-09-03,1.28,40.5,False
3885,603025,大豪科技,13.71,1.56,0.38,14.38,13.527055120636,0.1575772,72.34032831,757.0,547.0,80.0,2026-09-03,1.35,57.9,False
3886,603026,石大胜华,61.57,-0.66,0.86,15.93,61.914053603838,0.23386,67.60829298,1540.0,1506.0,71.2,2026-09-03,-0.56,48.1,False
3887,603027,千禾味业,7.48,1.77,0.6,24.78,7.404104784453,0.2443164,65.42026132,-1128.0,2165.0,77.6,2026-09-03,1.03,50.8,False
3888,603028,赛福天,7.14,1.71,0.81,-31.59,7.066838052551,0.092974,61.29486701,89.0,3519.0,64.4,2026-09-03,1.04,39.5,False
3889,603029,天鹅股份,16.95,2.85,2.81,52.96,16.696601040688,0.1134392,62.20256613,-1025.0,3231.0,82.0,2026-09-03,1.52,51.0,False
3890,603030,全筑股份,2.17,1.88,1.15,-439.53,2.148192278054,0.2068128,65.29709427,1227.0,2201.0,69.2,2026-09-03,1.02,45.2,False
3891,603031,安孚科技,41.1,4.58,3.09,39.11,39.03952938625,0.26528,64.99215686,40.0,2310.0,67.2,2026-09-03,5.28,43.7,False
3892,603032,德新科技,20.14,2.86,2.56,44.0,19.443500199494,0.21715,61.61297866,318.0,3423.0,74.4,2026-09-03,3.58,45.8,False
3893,603033,三维股份,7.55,0.0,0.22,-20.97,7.582004243132,0.104644,50.43662004,10.0,5162.0,62.4,2026-09-03,-0.42,31.5,False
3894,603035,常熟汽饰,10.86,0.56,0.48,17.06,10.868352970017,0.1607068,61.40122605,-549.0,3493.0,69.2,2026-09-03,-0.08,42.5,False
3895,603036,如通股份,14.27,-1.59,2.33,27.55,14.949932347459,0.2165,57.95393925,-2166.0,4400.0,67.2,2026-09-03,-4.55,38.9,False
3896,603037,凯众股份,10.53,1.45,0.42,45.87,10.448919692704,0.0611336,62.75278435,129.0,3056.0,66.4,2026-09-03,0.78,41.7,False
3897,603038,华立股份,16.39,-0.61,1.63,28.96,16.743626586244,0.2426072,68.96417237,-215.0,1145.0,79.2,2026-09-03,-2.11,54.6,False
3898,603039,泛微网络,40.85,3.97,5.47,54.76,39.928877275363,0.26495,73.85662219,626.0,353.0,78.0,2026-09-03,2.31,57.6,False
3899,603040,新坐标,50.15,-0.34,0.42,38.96,50.515783064921,0.1963548,67.95757128,1797.0,1426.0,61.6,2026-09-03,-0.72,41.9,False
3900,603041,美思德,11.49,0.88,0.39,27.98,11.429038955756,0.089528,65.27253619,882.0,2209.0,64.8,2026-09-03,0.53,42.3,False
3901,603042,华脉科技,14.43,0.63,1.68,81.23,14.536095415161,0.1760172,62.43187085,-951.0,3158.0,75.2,2026-09-03,-0.73,46.9,False
3902,603043,广州酒家,13.92,2.2,0.44,127.69,13.730856867867,0.1686204,70.29706663,1061.0,848.0,69.2,2026-09-03,1.38,48.6,False
3903,603045,福达合金,49.86,-9.26,8.11,10.89,54.330334701353,0.2876792,77.01842374,510.0,128.0,82.8,2026-09-03,-8.23,63.8,False
3904,603048,浙江黎明,24.26,-0.78,0.5,68.02,24.723976627492,0.0956036,61.64796857,-463.0,3411.0,68.4,2026-09-03,-1.88,42.2,False
3905,603049,中策橡胶,50.44,0.24,0.17,9.04,50.847208221469,0.2626908,72.25354485,814.0,557.0,70.4,2026-09-03,-0.8,50.9,False
3906,603050,科林电气,18.52,0.11,0.27,32.31,18.438109143813,0.2502264,69.58408539,654.0,1009.0,66.0,2026-09-03,0.44,45.9,False
3907,603051,鹿山新材,21.62,1.45,1.14,39.51,21.308074254784,0.1543456,60.06532408,50.0,3881.0,66.0,2026-09-03,1.46,39.6,False
3908,603052,可川科技,57.19,-0.47,0.85,-189.99,57.655178722122,0.1714868,58.18775915,-1045.0,4343.0,78.4,2026-09-03,-0.81,45.6,False
3909,603053,成都燃气,8.91,0.34,0.08,15.78,8.915329266721,0.1126228,70.40727726,-94.0,830.0,67.2,2026-09-03,-0.06,47.3,False
3910,603055,台华新材,9.43,0.53,0.43,10.94,9.48460214785,0.164406,71.31448492,-347.0,707.0,69.6,2026-09-03,-0.58,49.6,False
3911,603057,紫燕食品,20.4,3.13,0.28,63.2,19.845072889795,0.0971284,63.35617986,1063.0,2858.0,61.2,2026-09-03,2.8,38.8,False
3912,603058,永吉股份,9.98,2.99,5.01,25.26,9.819029651794,0.2200728,60.36613884,-146.0,3803.0,79.2,2026-09-03,1.64,47.8,False
3913,603059,倍加洁,25.3,2.51,0.5,26.45,24.995134138472,0.0881316,63.6620147,-651.0,2764.0,65.6,2026-09-03,1.22,41.8,False
3914,603060,国检集团,5.63,1.81,0.29,-109.71,5.568040876357,0.226168,55.5820114,-1097.0,4810.0,61.6,2026-09-03,1.11,34.2,False
3915,603061,金海通,316.38,-4.2,2.45,80.4,328.787076862212,0.3608844,72.67485736,1568.0,500.0,72.8,2026-09-03,-3.77,52.9,False
3916,603062,麦加芯彩,38.91,0.28,0.36,55.5,39.272429925388,0.0627804,65.83333818,1337.0,2029.0,61.6,2026-09-03,-0.92,40.6,False
3917,603063,禾望电气,32.19,-2.66,3.46,47.77,32.399185065186,0.3743248,75.44470001,1759.0,214.0,75.6,2026-09-03,-0.65,57.0,False
3918,603065,宿迁联盛,14.81,-2.05,2.48,321.66,15.327992975663,0.2130992,51.77709381,-695.0,5119.0,78.0,2026-09-03,-3.38,40.4,False
3919,603066,音飞储存,9.26,1.65,0.62,9.7,9.182832970302,0.172984,61.31027026,1102.0,3515.0,68.4,2026-09-03,0.84,41.9,False
3920,603067,振华股份,38.78,9.27,7.19,47.53,35.142514431831,0.5316504,74.97200226,2329.0,252.0,70.0,2026-09-03,10.35,52.5,False
3921,603068,博通集成,40.4,-1.15,2.66,60.71,41.13142824849,0.1921892,61.78117976,-2993.0,3373.0,88.8,2026-09-03,-1.78,54.9,False
3922,603069,海汽集团,14.25,5.95,1.38,-50.43,13.60962805002,0.1347532,63.03343606,122.0,2970.0,70.8,2026-09-03,4.71,44.6,False
3923,603070,万控智造,12.06,1.69,0.2,-129.06,11.98096875,0.1100772,55.83102436,-116.0,4782.0,63.2,2026-09-03,0.66,35.3,False
3924,603071,物产环能,12.77,0.63,0.19,9.85,12.722415224914,0.1237128,70.8222173,1053.0,766.0,68.4,2026-09-03,0.37,48.4,False
3925,603072,天和磁材,32.0,0.79,0.5,52.96,31.845443201031,0.1454108,62.2229294,-817.0,3224.0,66.4,2026-09-03,0.49,41.3,False
3926,603073,彩蝶实业,17.25,2.01,1.06,39.31,17.107846416382,0.015496,56.67801521,-139.0,4651.0,62.8,2026-09-03,0.83,35.6,False
3927,603075,热威股份,19.56,1.24,2.32,24.08,19.394751842069,0.1316224,66.18540023,-1036.0,1907.0,66.0,2026-09-03,0.85,43.7,False
3928,603076,乐惠国际,21.14,0.67,0.43,66.95,21.074213973612,0.0944724,66.22688937,1688.0,1896.0,68.4,2026-09-03,0.31,45.3,False
3929,603077,和邦生物,2.34,1.74,1.12,27.18,2.311358254444,0.3635392,64.59959428,1123.0,2437.0,79.2,2026-09-03,1.24,51.2,False
3930,603078,江化微,32.2,-1.35,2.11,132.28,32.831889405781,0.2433724,58.17065082,-489.0,4348.0,80.4,2026-09-03,-1.92,46.8,False
3931,603079,圣达生物,13.07,3.24,1.81,60.18,12.762648599781,0.1323388,59.23382175,-342.0,4098.0,75.2,2026-09-03,2.41,44.5,False
3932,603080,新疆火炬,20.82,1.22,0.85,14.03,20.551085759872,0.2830688,74.36598818,2.0,311.0,70.0,2026-09-03,1.31,52.1,False
3933,603081,大丰实业,10.16,1.4,0.23,40.26,10.034553999843,0.1354816,59.98572853,74.0,3906.0,68.8,2026-09-03,1.25,41.3,False
3934,603082,北自科技,44.77,-1.56,4.5,74.57,45.244918148233,0.2461892,68.93101257,-1008.0,1154.0,80.8,2026-09-03,-1.05,55.7,False
3935,603083,剑桥科技,192.93,3.55,5.92,108.39,188.094229069538,0.4482652,77.04882861,462.0,127.0,85.6,2026-09-03,2.57,66.0,False
3936,603085,天成自控,10.2,-0.2,0.51,40.02,10.241305736337,0.1703028,63.72503855,-193.0,2740.0,70.0,2026-09-03,-0.4,44.6,False
3937,603086,先达股份,6.21,1.97,1.89,18.66,6.153070943065,0.1615372,59.93994254,-449.0,3926.0,81.6,2026-09-03,0.93,48.9,False
3938,603087,甘李药业,70.84,-0.85,0.55,34.7,70.835503176487,0.3374688,76.39455386,891.0,155.0,84.4,2026-09-03,0.01,64.5,False
3939,603088,宁波精达,10.45,0.1,1.21,52.54,10.397622927034,0.221896,70.81774965,1768.0,770.0,73.2,2026-09-03,0.5,51.8,False
3940,603089,正裕工业,9.94,0.0,1.11,-41.82,10.0843178048,0.1440724,60.40851649,-964.0,3794.0,73.2,2026-09-03,-1.43,44.2,False
3941,603090,宏盛股份,43.32,-2.32,9.92,71.35,42.321020559178,0.2849208,73.26054379,183.0,417.0,80.4,2026-09-03,2.36,58.9,False
3942,603091,众鑫股份,52.38,0.92,0.65,19.31,51.954037557529,0.1360012,67.89704808,-142.0,1441.0,65.6,2026-09-03,0.82,44.5,False
3943,603092,德力佳,42.31,0.98,1.4,20.55,42.11739039666,0.1774192,68.78725546,-261.0,1196.0,64.0,2026-09-03,0.46,44.0,False
3944,603093,南华期货,13.73,3.7,1.61,18.35,13.388252048393,0.1906356,65.71344296,-418.0,2067.0,82.8,2026-09-03,2.55,54.4,False
3945,603095,越剑智能,15.44,1.25,1.53,66.73,15.332426798644,0.1466064,59.93291448,-427.0,3929.0,74.4,2026-09-03,0.7,44.6,False
3946,603096,新经典,15.97,4.38,0.96,27.89,15.519726246994,0.0542052,61.22202164,-1168.0,3539.0,66.4,2026-09-03,2.9,40.7,False
3947,603097,江苏华辰,19.63,1.97,0.35,-707.36,19.310963069628,0.0484264,58.34126337,27.0,4302.0,66.0,2026-09-03,1.65,38.5,False
3948,603098,森特股份,10.98,2.81,0.76,48.04,10.800155469109,0.2303604,65.57206122,-237.0,2113.0,73.6,2026-09-03,1.67,48.3,False
3949,603099,长白山,39.11,0.57,1.55,4198.56,39.463771943131,0.2143556,69.3696447,-220.0,1054.0,81.6,2026-09-03,-0.9,56.6,False
3950,603100,川仪股份,18.91,1.72,0.29,17.1,18.673653602449,0.1404716,67.68972588,-251.0,1490.0,71.2,2026-09-03,1.27,48.2,False
3951,603101,汇嘉时代,7.75,1.04,1.04,18.57,7.702731811427,0.1830616,71.57586599,-370.0,656.0,72.8,2026-09-03,0.61,52.1,False
3952,603102,百合股份,39.51,3.11,1.73,20.37,38.650337370242,0.1292312,60.13457449,-679.0,3862.0,70.4,2026-09-03,2.22,42.3,False
3953,603103,横店影视,16.12,4.2,0.97,-82.96,15.851580736134,0.1046064,62.56342146,-74.0,3117.0,76.0,2026-09-03,1.69,47.5,False
3954,603105,芯能科技,8.01,-0.99,2.15,82.98,7.994723119081,0.2044664,71.3771802,1801.0,690.0,80.4,2026-09-03,0.19,57.4,False
3955,603106,恒银科技,8.24,2.87,3.57,280.11,8.108967051293,0.1496156,55.08324292,158.0,4875.0,82.4,2026-09-03,1.62,45.4,False
3956,603107,上海汽配,12.17,1.0,0.27,32.55,12.089791612349,0.138604,64.03090768,-1419.0,2637.0,62.0,2026-09-03,0.66,39.7,False
3957,603108,润达医疗,10.11,3.16,1.65,-34.78,9.882777662519,0.1362356,56.8216008,-1567.0,4619.0,77.6,2026-09-03,2.3,44.1,False
3958,603109,神驰机电,17.59,1.15,0.23,28.2,17.504954998009,0.0759536,61.21242076,-378.0,3542.0,66.8,2026-09-03,0.49,40.9,False
3959,603110,东方材料,25.43,1.52,3.41,233.66,24.863155626107,0.3297968,70.5665104,-93.0,810.0,80.0,2026-09-03,2.28,56.5,False
3960,603111,康尼机电,6.36,1.11,0.28,16.14,6.335677688868,0.1523064,67.68717014,-141.0,1491.0,71.2,2026-09-03,0.38,48.2,False
3961,603112,华翔股份,16.64,-3.14,1.43,17.17,17.133276067543,0.330794,76.53263623,-92.0,148.0,74.8,2026-09-03,-2.88,57.2,False
3962,603113,金能科技,5.61,0.18,1.36,-4.04,5.637495897061,0.224794,65.20826129,-181.0,2241.0,82.4,2026-09-03,-0.49,53.7,False
3963,603115,海星股份,79.47,-0.66,3.35,93.23,82.052902644079,0.373586,68.33962247,332.0,1322.0,76.8,2026-09-03,-3.15,52.5,False
3964,603116,红蜻蜓,6.4,1.75,0.33,205.97,6.384082247326,0.12489,58.50503417,-482.0,4267.0,64.0,2026-09-03,0.25,37.4,False
3965,603117,万林物流,4.1,1.99,0.83,-685.44,4.062951132598,0.1653736,59.90080897,-63.0,3938.0,65.6,2026-09-03,0.91,39.3,False
3966,603118,共进股份,16.82,-2.15,5.28,91.16,17.395549383282,0.2704168,61.24716116,-126.0,3533.0,85.6,2026-09-03,-3.31,52.4,False
3967,603119,浙江荣泰,48.27,-0.9,1.44,76.01,49.19526354429,0.2618488,62.55279195,-400.0,3121.0,72.0,2026-09-03,-1.88,45.0,False
3968,603120,肯特催化,46.67,2.12,1.44,51.27,45.512357178757,0.2124964,65.55610353,260.0,2117.0,56.0,2026-09-03,2.54,36.7,False
3969,603121,华培动力,13.74,0.73,0.82,-497.91,13.795878515934,0.1491756,61.71457222,-1904.0,3391.0,79.2,2026-09-03,-0.41,48.9,False
3970,603122,合富中国,13.56,9.98,6.46,-359.88,12.327425449579,0.1812612,60.50416786,1054.0,3771.0,82.4,2026-09-03,10.0,49.9,False
3971,603123,翠微股份,11.18,10.04,4.31,-61.98,10.337375593154,0.2438428,59.22073351,-839.0,4104.0,94.0,2026-09-03,8.15,55.7,False
3972,603124,江南新材,124.33,1.2,10.37,56.55,120.99821346542,0.272328,71.18069931,1171.0,729.0,71.6,2026-09-03,2.75,51.0,False
3973,603125,常青科技,23.33,1.66,0.72,33.75,22.879036018723,0.1618644,67.84960615,1210.0,1449.0,66.4,2026-09-03,1.97,45.1,False
3974,603126,中材节能,6.41,1.91,0.51,438.29,6.347357084658,0.2362244,66.90163285,-1161.0,1702.0,77.2,2026-09-03,0.99,51.6,False
3975,603127,昭衍新药,43.48,-2.51,2.15,21.79,44.360455825756,0.2720752,67.67449252,-1038.0,1493.0,84.8,2026-09-03,-1.98,57.4,True
3976,603128,华贸物流,5.61,1.26,0.26,16.61,5.579250518808,0.2108752,62.89430728,96.0,3008.0,73.6,2026-09-03,0.55,46.3,False
3977,603129,春风动力,300.17,-0.14,0.18,21.64,299.436547179607,0.2022664,78.38541291,428.0,76.0,72.4,2026-09-03,0.24,56.8,False
3978,603130,云中马,38.84,0.7,0.26,66.63,38.611331898291,0.1184608,63.73593566,-196.0,2735.0,62.0,2026-09-03,0.59,39.5,False
3979,603131,上海沪工,14.79,1.09,0.7,358.03,14.667744723978,0.1324268,56.14963213,307.0,4725.0,70.8,2026-09-03,0.83,39.8,False
3980,603132,金徽股份,19.95,-2.21,0.39,23.86,20.555424287,0.2047992,71.15778314,628.0,735.0,74.8,2026-09-03,-2.95,53.2,False
3981,603135,中重科技,9.23,0.65,0.64,78.16,9.190469027893,0.10788,62.76212902,-49.0,3052.0,62.0,2026-09-03,0.43,38.9,False
3982,603136,天目湖,9.48,2.05,0.96,33.39,9.511485431925,0.152022,62.14406511,-2110.0,3255.0,70.8,2026-09-03,-0.33,44.0,False
3983,603137,恒尚节能,20.4,0.0,2.1,62.61,20.490081289866,0.187621666667,51.0589648,-6.0,5143.0,71.6,2026-09-03,-0.44,36.6,False
3984,603138,海量数据,14.76,1.79,12.56,-22.85,14.261622405879,0.4123584,69.52207104,3312.0,1023.0,71.2,2026-09-03,3.49,49.5,False
3985,603139,康惠股份,36.61,-0.27,0.63,214.32,37.16669269656,0.2070916,54.80976607,-2007.0,4908.0,72.4,2026-09-03,-1.5,39.7,False
3986,603150,万朗磁塑,65.24,4.97,5.03,55.65,60.208752650858,0.4138108,75.18452514,1044.0,233.0,66.0,2026-09-03,8.36,49.6,False
3987,603151,邦基科技,18.13,10.01,3.12,-3236.63,16.674925071011,0.1788872,71.6061074,-495.0,649.0,71.2,2026-09-03,8.73,51.0,False
3988,603153,上海建科,13.47,2.28,0.31,89.71,13.266534629939,0.1124524,71.62599066,457.0,645.0,66.4,2026-09-03,1.53,47.6,False
3989,603155,新亚强,13.74,-2.14,1.12,43.54,13.930677782215,0.1944448,64.44458404,56.0,2494.0,64.4,2026-09-03,-1.37,41.5,False
3990,603156,养元饮品,41.19,0.68,0.58,30.39,41.416267478264,0.3572044,71.83004943,1450.0,613.0,78.0,2026-09-03,-0.55,56.0,False
3991,603158,腾龙股份,11.32,-2.25,2.2,24.3,11.477988549057,0.2781544,70.96747581,192.0,751.0,82.0,2026-09-03,-1.38,58.2,False
3992,603159,上海亚虹,22.65,1.94,0.88,-417.92,22.545433880756,0.2508868,57.16184384,-594.0,4561.0,66.0,2026-09-03,0.46,37.7,False
3993,603160,汇顶科技,53.9,-0.04,0.52,49.93,53.279366879602,0.4096356,74.51437612,173.0,297.0,80.0,2026-09-03,1.16,59.6,False
3994,603161,科华控股,18.13,10.01,3.69,-534.29,16.427623334871,0.3160004,68.03866945,-376.0,1402.0,72.8,2026-09-03,10.36,49.5,False
3995,603162,海通发展,14.64,9.99,18.44,19.23,13.18421046165,0.4758296,86.92323093,495.0,1.0,76.8,2026-09-03,11.04,66.8,False
3996,603163,圣晖集成,77.7,-0.42,1.38,55.34,78.488751088539,0.1673972,72.23467723,864.0,560.0,64.0,2026-09-03,-1.0,46.2,False
3997,603165,荣晟环保,14.92,0.81,0.58,12.25,14.900168980847,0.1909572,58.97958505,-2060.0,4167.0,70.8,2026-09-03,0.13,41.8,False
3998,603166,福达股份,11.27,1.44,0.89,23.18,11.128032152039,0.1241212,63.53267375,-1364.0,2808.0,69.2,2026-09-03,1.28,44.0,False
3999,603167,渤海轮渡,8.19,0.37,0.21,35.08,8.169528690794,0.1383092,63.66911913,1381.0,2761.0,70.4,2026-09-03,0.25,44.8,False
4000,603168,莎普爱思,5.94,1.37,0.79,56.98,5.90370871116,0.077628,59.9330936,-99.0,3928.0,70.0,2026-09-03,0.61,42.0,False
4001,603169,兰石重装,6.67,2.14,0.49,-21.46,6.56022649655,0.1411396,57.46748242,-222.0,4509.0,72.0,2026-09-03,1.67,41.4,False
4002,603170,宝立食品,12.82,2.4,0.32,19.96,12.633489629325,0.1829764,72.68855009,-30.0,495.0,61.6,2026-09-03,1.48,44.8,False
4003,603171,税友股份,45.59,3.29,2.15,98.53,44.850149401398,0.2286156,73.12934674,-31.0,432.0,77.2,2026-09-03,1.65,56.5,False
4004,603172,万丰股份,19.15,1.97,0.74,38.64,18.971273682171,0.080078,62.71426591,-243.0,3068.0,71.2,2026-09-03,0.94,44.7,False
4005,603173,福斯达,30.75,0.62,0.14,16.27,30.886312065277,0.1162924,69.04819034,550.0,1129.0,59.2,2026-09-03,-0.44,40.9,False
4006,603175,超颖电子,90.23,0.89,1.45,-103.12,89.411698661679,0.1343668,59.84900092,-366.0,3952.0,64.0,2026-09-03,0.92,38.3,False
4007,603176,汇通集团,5.49,0.92,0.52,-20.5,5.492900494874,0.0706316,62.24926121,-1296.0,3218.0,70.0,2026-09-03,-0.05,43.6,False
4008,603177,德创环保,11.23,2.0,0.83,-33.92,11.080064123116,0.134112,58.79649089,-1339.0,4212.0,71.2,2026-09-03,1.35,41.9,False
4009,603178,圣龙股份,17.88,1.48,2.45,150.7,17.723488778302,0.1804436,59.41128296,68.0,4052.0,84.0,2026-09-03,0.88,49.9,False
4010,603179,新泉股份,40.77,-2.42,2.92,36.18,41.714854254646,0.40689,73.66152284,-52.0,376.0,79.6,2026-09-03,-2.27,58.6,False
4011,603180,金牌家居,16.03,1.78,0.49,-9.72,15.939172938144,0.1307236,61.9528415,988.0,3328.0,63.6,2026-09-03,0.57,39.4,False
4012,603181,皇马科技,12.99,0.62,0.22,16.48,12.984038334797,0.1977056,64.84782094,-1415.0,2359.0,65.2,2026-09-03,0.05,42.3,False
4013,603182,嘉华股份,13.92,3.65,1.01,20.21,13.819812502901,0.063506,65.56802372,-523.0,2116.0,67.2,2026-09-03,0.72,44.1,False
4014,603183,建研院,4.91,2.51,1.88,-198.97,4.831766799292,0.2463072,64.80759746,55.0,2374.0,68.8,2026-09-03,1.62,44.6,False
4015,603185,弘元绿能,15.1,1.82,0.52,-7.59,14.834750083978,0.197584,57.93964327,561.0,4402.0,72.8,2026-09-03,1.79,42.2,False
4016,603186,华正新材,174.2,-3.42,6.07,78.97,178.504093930265,0.416134,73.14177159,-262.0,430.0,93.2,2026-09-03,-2.41,68.2,False
4017,603187,海容冷链,11.07,1.19,0.55,13.62,10.959596955554,0.236712,66.55876484,-1089.0,1794.0,68.0,2026-09-03,1.01,45.3,False
4018,603188,亚邦股份,4.97,1.84,1.76,142.56,4.831489701611,0.1946772,59.02122962,106.0,4160.0,77.6,2026-09-03,2.87,45.8,False
4019,603189,*ST网达,9.57,2.46,0.52,-107.01,9.378081430639,0.197596,56.55029397,-68.0,4662.0,68.4,2026-09-03,2.05,38.7,True
4020,603190,亚通精工,16.9,1.87,0.52,20.66,16.74026652417,0.0453276,61.95576546,-34.0,3327.0,64.4,2026-09-03,0.95,39.9,False
4021,603191,望变电气,15.7,1.16,5.71,143.8,15.66038969845,0.3371476,72.20452773,2594.0,564.0,78.8,2026-09-03,0.25,56.9,False
4022,603192,汇得科技,19.7,3.2,1.0,40.71,19.456275871936,0.1160992,60.11752275,-1389.0,3866.0,65.2,2026-09-03,1.25,39.2,False
4023,603193,润本股份,21.56,3.16,1.47,19.38,21.090876948721,0.0946616,67.50760088,-290.0,1541.0,62.8,2026-09-03,2.22,42.4,False
4024,603194,中力股份,34.53,0.7,0.28,16.17,34.479890636521,0.18968,64.12405755,-1387.0,2592.0,60.0,2026-09-03,0.15,38.5,False
4025,603195,公牛集团,38.95,0.99,0.11,16.33,38.76557322233,0.1593892,70.14432605,151.0,872.0,79.6,2026-09-03,0.48,55.8,False
4026,603196,璞源材料,19.5,-0.91,0.37,69.0,19.584585855235,0.1508856,62.9884048,925.0,2983.0,64.0,2026-09-03,-0.43,40.3,False
4027,603197,保隆科技,30.97,1.81,1.21,12.56,30.529855525389,0.1663032,65.18254757,-442.0,2246.0,72.8,2026-09-03,1.44,47.5,False
4028,603198,迎驾贡酒,41.63,3.87,0.43,14.33,40.243031069938,0.1795384,69.70945314,-635.0,969.0,80.0,2026-09-03,3.45,55.8,False
4029,603199,九华旅游,34.5,0.41,1.3,12.56,34.887926680828,0.2188412,70.19216682,-767.0,866.0,75.6,2026-09-03,-1.11,53.1,False
4030,603200,上海洗霸,42.13,-3.1,3.47,-561.29,43.268568294609,0.2303096,68.04893638,2629.0,1399.0,82.4,2026-09-03,-2.63,56.1,False
4031,603201,常润股份,15.85,0.7,0.8,16.62,15.850649276344,0.1673492,66.87514505,1102.0,1711.0,72.8,2026-09-03,-0.0,48.7,False
4032,603202,天有为,53.31,1.35,0.89,14.62,53.059632951566,0.1290432,62.32768906,-264.0,3193.0,65.2,2026-09-03,0.47,40.6,False
4033,603203,快克智能,42.25,-1.33,1.24,46.03,42.82097593866,0.1919732,65.93611808,-70.0,1993.0,69.6,2026-09-03,-1.33,45.9,False
4034,603205,健尔康,22.69,0.35,0.73,35.07,22.80862852687,0.1529232,63.28511632,-131.0,2876.0,66.8,2026-09-03,-0.52,42.3,False
4035,603206,嘉环科技,14.29,1.49,0.41,69.7,14.163411110625,0.1022896,63.69771429,1224.0,2745.0,66.4,2026-09-03,0.89,42.3,False
4036,603207,小方制药,25.78,-0.66,11.0,19.76,26.119630219948,0.2779408,73.27803986,-366.0,415.0,82.4,2026-09-03,-1.3,60.4,False
4037,603208,江山欧派,11.56,1.23,0.32,-10.99,11.586164186681,0.0636028,58.46230876,526.0,4273.0,64.0,2026-09-03,-0.23,37.4,False
4038,603209,兴通股份,14.56,1.53,0.74,11.11,14.38146782617,0.1122764,69.27073267,440.0,1074.0,69.2,2026-09-03,1.24,47.9,False
4039,603210,泰鸿万立,13.81,1.1,0.53,21.8,13.765846596401,0.1284608,63.42253376,-1497.0,2834.0,61.2,2026-09-03,0.32,38.8,False
4040,603211,晋拓股份,21.21,-0.38,0.74,157.52,21.271439218517,0.1500996,60.60471912,1142.0,3744.0,66.0,2026-09-03,-0.29,40.0,False
4041,603212,赛伍技术,11.35,1.98,0.91,-623.47,11.199033227287,0.1459244,56.13748105,-67.0,4727.0,68.4,2026-09-03,1.35,38.4,False
4042,603213,镇洋发展,13.97,-0.64,0.18,1129.91,14.045841166937,0.1718496,58.42958934,124.0,4278.0,67.6,2026-09-03,-0.54,39.5,False
4043,603214,爱婴室,14.01,2.04,0.75,22.96,13.920899658305,0.0598668,66.31836591,-270.0,1869.0,69.2,2026-09-03,0.64,45.9,False
4044,603215,比依股份,14.6,1.18,0.25,-48.09,14.579567263427,0.0582596,57.52617138,74.0,4496.0,65.2,2026-09-03,0.14,37.5,False
4045,603216,梦天家居,22.53,-2.8,2.41,79.7,23.481142320423,0.2211504,73.46852387,-234.0,392.0,80.8,2026-09-03,-4.05,59.4,False
4046,603217,元利科技,29.82,-0.6,0.88,21.11,30.145790499793,0.2068096,64.723731,-1595.0,2398.0,69.6,2026-09-03,-1.08,45.0,False
4047,603218,日月股份,9.37,0.97,0.3,29.75,9.264063500384,0.2855648,67.18159809,1466.0,1628.0,70.8,2026-09-03,1.14,47.6,False
4048,603219,富佳股份,13.37,0.15,0.17,123.5,13.352811186712,0.0765148,56.45931835,21.0,4677.0,64.8,2026-09-03,0.13,36.6,False
4049,603220,中贝通信,18.8,1.73,2.48,473.22,18.519441864458,0.2722396,64.73350704,358.0,2396.0,78.0,2026-09-03,1.51,50.5,False
4050,603221,爱丽家居,28.75,-4.26,5.45,-90.51,30.031171106902,0.276289310345,58.86068523,-339.0,4196.0,89.6,2026-09-03,-4.27,52.7,False
4051,603222,济民健康,8.2,-1.2,1.48,-43.56,8.216787704247,0.1869576,59.6416785,73.0,3996.0,72.4,2026-09-03,-0.2,43.2,False
4052,603223,恒通股份,10.5,0.86,0.55,20.11,10.503150201019,0.2623144,70.04454151,2113.0,897.0,59.2,2026-09-03,-0.03,41.5,False
4053,603225,新凤鸣,19.97,-0.99,0.41,11.64,20.217822628645,0.1631396,73.70764072,284.0,370.0,74.0,2026-09-03,-1.23,54.5,False
4054,603226,菲林格尔,36.0,0.56,0.31,-172.54,35.535461300717,0.2771268,54.82246424,-188.0,4905.0,60.8,2026-09-03,1.31,33.3,False
4055,603227,雪峰科技,7.77,1.83,0.3,16.42,7.674233461893,0.1450036,64.70757937,-1486.0,2401.0,70.0,2026-09-03,1.25,45.3,False
4056,603228,景旺电子,95.23,7.7,3.88,79.25,87.457145128215,0.4038824,66.42665326,7.0,1841.0,87.2,2026-09-03,8.89,57.9,False
4057,603229,奥翔药业,7.98,1.01,0.24,27.64,7.918136371707,0.253242,65.15032072,-353.0,2252.0,73.6,2026-09-03,0.78,48.0,False
4058,603230,内蒙新华,9.92,5.53,3.44,76.53,9.566817472699,0.1546376,54.82914409,-674.0,4902.0,68.4,2026-09-03,3.69,37.5,False
4059,603231,索宝蛋白,16.74,1.45,0.87,23.52,16.608203016971,0.1411596,70.04364436,85.0,898.0,67.6,2026-09-03,0.79,47.3,False
4060,603232,格尔软件,16.21,3.91,3.4,-30.84,15.613852722541,0.1546124,56.89572185,96.0,4604.0,76.8,2026-09-03,3.82,43.7,False
4061,603233,大参林,18.71,1.08,0.23,11.5,18.426373070303,0.1761436,77.3881072,82.0,115.0,74.0,2026-09-03,1.54,57.3,False
4062,603235,天新药业,24.9,0.69,0.09,17.07,24.74770794665,0.1237184,73.17979059,38.0,425.0,66.8,2026-09-03,0.62,48.9,False
4063,603236,移远通信,63.34,1.23,1.74,21.31,63.45916234494,0.2954428,75.44002046,35.0,216.0,89.2,2026-09-03,-0.19,67.3,False
4064,603237,五芳斋,16.43,1.67,1.32,8.05,16.181216898349,0.1243252,62.83410181,-385.0,3033.0,75.2,2026-09-03,1.54,47.3,False
4065,603238,诺邦股份,12.58,2.53,0.66,21.12,12.425392771376,0.1054872,69.595799,-84.0,1005.0,67.2,2026-09-03,1.24,46.8,False
4066,603239,浙江仙通,14.6,1.04,0.49,24.5,14.575182990444,0.1125292,62.67707332,-1584.0,3081.0,66.8,2026-09-03,0.17,41.9,False
4067,603248,锡华科技,18.14,1.57,1.43,70.11,18.056215921204,0.0777276,61.97038652,-192.0,3326.0,61.2,2026-09-03,0.46,37.9,False
4068,603255,鼎际得,31.34,-2.55,1.36,48.19,32.692376644737,0.2458164,58.82186072,-946.0,4209.0,66.8,2026-09-03,-4.14,39.3,False
4069,603256,宏和科技,125.55,-6.38,1.55,149.64,134.361563910678,0.21899,71.47761717,-138.0,675.0,86.0,2026-09-03,-6.56,61.5,False
4070,603257,中国瑞林,69.4,5.87,7.84,43.91,65.271163636282,0.1970844,58.51095135,-439.0,4266.0,60.4,2026-09-03,6.33,35.3,False
4071,603258,电魂网络,13.83,2.98,0.85,-28.56,13.567279635845,0.0780868,55.85752436,-756.0,4778.0,71.2,2026-09-03,1.94,39.8,False
4072,603259,药明康德,154.67,-0.93,0.6,20.97,155.832567813249,0.4503276,80.06489722,-13.0,44.0,88.8,2026-09-03,-0.75,71.1,False
4073,603260,合盛硅业,33.59,0.45,0.22,61.19,33.484226848025,0.2260532,56.71690673,-65.0,4643.0,73.6,2026-09-03,0.32,41.7,False
4074,603261,立航科技,60.18,3.05,2.3,-102.15,57.929952480056,0.274408,61.73201977,-300.0,3385.0,72.0,2026-09-03,3.88,44.4,False
4075,603262,技源集团,19.8,1.43,1.55,54.18,19.704048218228,0.265756,55.69630383,-713.0,4797.0,69.2,2026-09-03,0.49,38.5,False
4076,603266,天龙股份,16.94,0.0,0.97,37.2,16.784231765742,0.1775652,68.46708369,1581.0,1282.0,75.2,2026-09-03,0.93,51.5,False
4077,603267,鸿远电子,48.97,0.39,0.94,25.79,48.784940195789,0.2167568,67.61449198,1514.0,1504.0,69.6,2026-09-03,0.38,47.1,False
4078,603268,松发股份,194.69,1.95,0.88,27.48,188.717344027166,0.4900496,81.65434658,260.0,25.0,82.8,2026-09-03,3.16,67.6,False
4079,603269,海鸥股份,28.04,0.0,7.92,153.98,27.968736146441,0.3356064,75.17827049,-98.0,234.0,90.0,2026-09-03,0.25,67.7,False
4080,603270,金帝股份,34.46,-1.4,38.06,55.77,34.184234577494,0.4530016,82.95098019,-1.0,8.0,84.8,2026-09-03,0.81,70.3,False
4081,603271,永杰新材,41.61,-0.14,0.61,8.02,41.462100208137,0.1625056,68.84642833,1043.0,1180.0,63.2,2026-09-03,0.36,43.5,False
4082,603272,*ST联翔,18.35,1.77,3.69,-82.87,18.039642189671,0.3186588,65.1112143,744.0,2269.0,62.0,2026-09-03,1.72,40.4,False
4083,603273,天元智能,14.85,1.64,1.79,103.09,14.819570129383,0.0713536,59.85596617,-38.0,3950.0,62.4,2026-09-03,0.21,37.4,False
4084,603275,众辰科技,37.02,0.3,0.73,28.19,37.048120231919,0.1593384,61.98639044,-1029.0,3318.0,60.4,2026-09-03,-0.08,37.4,False
4085,603276,恒兴新材,16.4,0.37,1.42,36.75,16.321868996727,0.2279264,67.19269037,-212.0,1625.0,63.6,2026-09-03,0.48,42.7,False
4086,603277,银都股份,11.57,1.05,0.19,20.14,11.451230958401,0.0915728,64.0196948,-19.0,2641.0,68.0,2026-09-03,1.04,43.5,False
4087,603278,大业股份,9.39,0.32,0.82,-25.07,9.415242018774,0.0963132,56.9268635,109.0,4598.0,67.6,2026-09-03,-0.27,38.5,False
4088,603279,景津装备,11.46,1.78,0.87,15.4,11.300793905582,0.1420436,61.48302144,-264.0,3461.0,69.2,2026-09-03,1.41,42.5,False
4089,603280,南方路机,27.8,3.77,1.47,46.89,27.006861487828,0.1181196,60.88893503,108.0,3639.0,76.0,2026-09-03,2.94,46.3,False
4090,603281,江瀚新材,19.24,0.84,0.12,28.01,19.068107162425,0.1104488,60.71080315,-324.0,3704.0,61.6,2026-09-03,0.9,37.4,False
4091,603282,亚光股份,16.94,0.24,0.34,43.75,16.977149606299,0.0498816,60.41211558,-247.0,3793.0,65.2,2026-09-03,-0.22,39.4,False
4092,603283,赛腾股份,45.13,-2.57,2.86,43.93,46.58182812684,0.2928576,64.11859763,-31.0,2595.0,74.0,2026-09-03,-3.12,47.4,False
4093,603284,林平发展,42.21,1.1,2.12,13.67,41.877741338703,0.2639668,65.00441415,1653.0,2305.0,65.2,2026-09-03,0.79,42.4,False
4094,603285,键邦股份,32.35,-2.38,3.34,37.12,33.101354939211,0.2837488,67.57900956,2568.0,1520.0,68.8,2026-09-03,-2.27,46.5,False
4095,603286,日盈电子,44.08,-3.84,3.4,-107.84,45.893155719466,0.3097184,59.59928485,46.0,4009.0,68.0,2026-09-03,-3.95,40.5,False
4096,603288,海天味业,34.44,0.94,0.1,24.05,34.094631152171,0.2638996,72.70935554,61.0,490.0,85.6,2026-09-03,1.01,62.2,False
4097,603289,泰瑞机器,9.15,2.23,1.07,147.81,9.009676751158,0.1733136,65.17776493,1438.0,2248.0,70.0,2026-09-03,1.56,45.6,False
4098,603290,斯达半导,87.87,0.62,0.75,161.86,86.891621539148,0.2630148,60.05836669,129.0,3885.0,82.4,2026-09-03,1.13,49.5,False
4099,603291,联合水务,9.04,1.57,0.23,66.64,8.977074549431,0.0999652,60.77389086,169.0,3680.0,64.4,2026-09-03,0.7,39.1,False
4100,603293,埃泰克,38.98,0.75,4.21,37.37,38.91857852714,0.2273784,70.68032455,177.0,790.0,75.2,2026-09-03,0.16,53.2,False
4101,603296,华勤技术,78.66,-1.29,1.12,19.87,80.053094982556,0.362948,76.39386175,-122.0,156.0,89.6,2026-09-03,-1.74,68.4,False
4102,603297,永新光学,111.04,-1.02,0.73,64.36,113.209562547859,0.2834104,69.6204893,-39.0,999.0,80.8,2026-09-03,-1.92,56.3,False
4103,603298,杭叉集团,26.04,0.15,0.14,14.04,26.092601196509,0.2101384,68.31190472,-916.0,1331.0,68.0,2026-09-03,-0.2,46.5,False
4104,603299,苏盐井神,8.98,1.13,0.16,24.52,8.930123766857,0.23957,63.53032239,-1296.0,2811.0,71.6,2026-09-03,0.56,45.5,False
4105,603300,海南华铁,4.98,3.32,1.61,20.93,4.897830960722,0.235724,59.81449699,80.0,3961.0,74.8,2026-09-03,1.68,44.7,False
4106,603301,振德医疗,81.49,0.23,0.22,74.78,80.870190490279,0.1793572,62.16376715,902.0,3246.0,69.6,2026-09-03,0.77,43.3,False
4107,603303,得邦照明,25.14,-2.63,0.23,78.48,25.492472903928,0.2197184,73.08419344,542.0,435.0,63.6,2026-09-03,-1.38,46.5,False
4108,603305,旭升集团,11.51,0.79,0.92,27.98,11.424544522769,0.3026948,65.73335496,1523.0,2062.0,71.6,2026-09-03,0.75,47.1,False
4109,603306,华懋科技,73.94,-1.41,1.04,523.13,75.088016226323,0.3336492,61.92428391,-503.0,3330.0,79.2,2026-09-03,-1.53,49.0,False
4110,603307,扬州金泉,25.2,1.82,0.38,19.9,25.071689067417,0.0758552,62.23420622,-98.0,3222.0,62.0,2026-09-03,0.51,38.6,False
4111,603308,应流股份,44.58,3.24,2.45,73.39,42.829625845433,0.244196,64.61313043,-801.0,2431.0,76.8,2026-09-03,4.09,49.6,False
4112,603309,维力医疗,11.41,1.24,0.51,16.32,11.3411655009,0.2038012,59.06004453,45.0,4151.0,66.8,2026-09-03,0.61,39.5,False
4113,603310,巍华新材,14.51,0.62,0.32,35.12,14.439684878667,0.3196932,61.39164527,1144.0,3496.0,59.6,2026-09-03,0.49,36.6,False
4114,603311,金海高科,26.89,-0.41,0.36,71.15,26.976214002845,0.2045324,60.91424082,652.0,3630.0,61.2,2026-09-03,-0.32,37.3,False
4115,603312,西典新能,32.8,1.08,1.12,31.31,32.382930732408,0.230524,69.19241382,173.0,1098.0,63.6,2026-09-03,1.29,44.0,False
4116,603313,梦百合,6.53,-0.15,2.11,351.61,6.587618897141,0.2596964,69.39715522,1718.0,1047.0,79.2,2026-09-03,-0.87,55.0,False
4117,603315,福鞍股份,12.11,0.5,0.98,56.15,12.016821538167,0.1908872,60.36124705,-1261.0,3805.0,66.8,2026-09-03,0.78,40.3,False
4118,603316,诚邦股份,13.65,0.44,0.73,82.27,13.624718364174,0.1150964,52.4787897,-64.0,5081.0,66.8,2026-09-03,0.19,35.1,False
4119,603317,天味食品,13.67,4.03,0.75,19.06,13.170484445391,0.111578,65.45188301,-458.0,2152.0,68.8,2026-09-03,3.79,45.0,False
4120,603318,水发燃气,9.36,1.74,6.69,64.36,9.367637456991,0.2237356,61.99814892,-1484.0,3312.0,87.2,2026-09-03,-0.08,54.1,False
4121,603319,美湖股份,30.25,-1.14,3.08,93.55,30.676202566922,0.3942048,66.58852182,-631.0,1785.0,85.6,2026-09-03,-1.39,57.0,False
4122,603320,迪贝电气,18.01,-1.8,1.13,40.86,18.390488818029,0.150228,61.09704858,-1932.0,3580.0,69.2,2026-09-03,-2.07,42.3,False
4123,603321,梅轮电梯,6.61,0.76,0.4,55.47,6.598283978184,0.0679936,63.59699543,1232.0,2792.0,64.0,2026-09-03,0.18,40.7,False
4124,603322,超讯科技,27.21,4.45,2.43,41.45,25.936775758138,0.244972,63.5025266,2043.0,2816.0,70.4,2026-09-03,4.91,44.7,False
4125,603323,苏农银行,4.55,1.11,1.17,4.16,4.522141559361,0.3503676,65.71340733,-137.0,2068.0,69.6,2026-09-03,0.62,45.7,False
4126,603324,盛剑科技,26.24,1.2,0.92,-20.23,25.977383237364,0.118756,50.92478021,15.0,5149.0,63.6,2026-09-03,1.01,32.4,False
4127,603325,博隆技术,55.26,0.82,0.19,22.62,55.051699115044,0.0724992,63.21298299,273.0,2908.0,58.8,2026-09-03,0.38,37.2,False
4128,603326,我乐家居,7.6,2.15,0.48,24.25,7.522049456631,0.0749708,66.92649339,-971.0,1698.0,70.4,2026-09-03,1.04,47.1,False
4129,603327,福蓉科技,9.42,1.07,1.36,72.24,9.48262011318,0.2094388,64.15943033,-1053.0,2582.0,79.2,2026-09-03,-0.66,50.8,False
4130,603328,依顿电子,10.74,0.28,0.69,49.75,10.743411952386,0.1596344,60.89445985,610.0,3637.0,78.4,2026-09-03,-0.03,47.7,False
4131,603329,上海雅仕,10.49,1.55,0.56,11.51,10.406980742814,0.0696668,67.81018289,-392.0,1462.0,65.6,2026-09-03,0.8,44.5,False
4132,603330,天洋新材,10.87,-2.69,8.52,381.43,11.274798961814,0.2636944,54.8459869,-1785.0,4900.0,83.6,2026-09-03,-3.59,45.9,False
4133,603331,百达精工,12.74,0.24,0.56,12.62,12.755949508409,0.096344,54.45564432,-490.0,4946.0,65.6,2026-09-03,-0.13,35.7,False
4134,603332,苏州龙杰,11.96,1.1,0.62,23.69,11.882243614016,0.1343968,64.88529349,-270.0,2344.0,69.6,2026-09-03,0.65,45.2,False
4135,603333,福华尚纬,10.14,-0.59,0.72,357.0,10.211030421486,0.2537924,59.4622017,-2501.0,4040.0,78.8,2026-09-03,-0.7,46.9,False
4136,603334,丰倍生物,31.82,0.63,1.55,28.04,31.929651716547,0.1637384,62.56221882,670.0,3118.0,64.4,2026-09-03,-0.34,40.3,False
4137,603335,迪生力,6.56,1.23,1.13,-34.02,6.544906709111,0.1816024,53.12143308,-49.0,5045.0,66.4,2026-09-03,0.23,35.3,False
4138,603336,宏辉果蔬,9.32,0.76,1.72,548.78,9.234150949783,0.249316,64.98883172,-1885.0,2312.0,79.2,2026-09-03,0.93,51.5,False
4139,603337,杰克科技,38.64,0.1,0.22,18.72,38.470992038361,0.1985808,68.15112718,197.0,1368.0,61.6,2026-09-03,0.44,42.0,False
4140,603338,浙江鼎力,58.9,0.99,0.33,15.07,58.381387302005,0.211496,74.04862504,490.0,334.0,67.2,2026-09-03,0.89,49.8,False
4141,603339,四方科技,12.89,-7.33,4.73,23.11,13.91,0.19752,68.56301511,-27.0,1255.0,79.6,2026-09-03,-7.33,54.6,False
4142,603341,龙旗科技,38.22,2.94,4.14,40.62,37.135655443839,0.229074,61.47319687,-297.0,3466.0,74.4,2026-09-03,2.92,45.7,False
4143,603344,星德胜,24.66,-0.04,4.29,35.28,24.870679066619,0.1439148,65.33078738,-1708.0,2193.0,66.8,2026-09-03,-0.85,43.6,False
4144,603345,安井食品,77.07,1.78,1.18,15.62,76.064980941699,0.2379576,69.16981048,-869.0,1103.0,81.6,2026-09-03,1.32,56.4,False
4145,603348,文灿股份,14.96,-0.27,0.63,-10.9,14.959799823111,0.1457752,65.5468809,2326.0,2120.0,70.8,2026-09-03,0.0,46.4,False
4146,603350,安乃达,28.91,1.12,0.63,35.95,28.583495881627,0.0761924,57.29310361,173.0,4540.0,60.4,2026-09-03,1.14,34.6,False
4147,603351,威尔药业,26.28,0.38,0.43,23.18,26.065098308925,0.2511404,64.41268126,-227.0,2505.0,60.4,2026-09-03,0.82,38.9,False
4148,603352,至信股份,26.29,0.88,0.87,55.16,26.31735618381,0.1215596,62.08666526,-1807.0,3273.0,60.8,2026-09-03,-0.1,37.7,False
4149,603353,和顺石油,34.18,-9.29,5.38,35.71,36.520704149915,0.3119156,77.78195221,194.0,100.0,74.8,2026-09-03,-6.41,58.2,False
4150,603355,莱克电气,27.63,0.44,0.1,34.18,27.401088735592,0.2024908,60.10907601,-482.0,3867.0,62.8,2026-09-03,0.84,37.7,False
4151,603356,华菱精工,16.93,-0.53,0.98,-24.83,17.156662945183,0.2847488,52.55464284,-194.0,5073.0,63.6,2026-09-03,-1.32,33.4,False
4152,603357,设计总院,6.14,1.49,0.3,-57.85,6.08580375034,0.1014176,67.89304606,568.0,1443.0,68.0,2026-09-03,0.89,46.2,False
4153,603358,华达科技,48.19,-4.19,1.6,-136.09,50.637464820119,0.5018884,62.90919488,-1569.0,3005.0,76.4,2026-09-03,-4.83,48.1,False
4154,603359,*ST东珠,2.45,2.51,0.78,-15.22,2.424481600702,0.167162,51.33931807,-897.0,5136.0,64.4,2026-09-03,1.05,33.1,False
4155,603360,百傲化学,13.42,0.98,0.53,73.56,13.341575521922,0.1484728,60.29423357,105.0,3821.0,71.2,2026-09-03,0.59,42.9,False
4156,603363,傲农生物,3.12,3.65,1.56,-22.44,3.064861210831,0.2813,59.39607433,-3137.0,4055.0,79.2,2026-09-03,1.8,47.0,False
4157,603365,水星家纺,17.05,0.89,0.28,14.9,17.079648013314,0.117382,66.17164087,-536.0,1915.0,62.4,2026-09-03,-0.17,41.3,False
4158,603366,日出东方,7.7,1.32,1.72,85.42,7.723154901882,0.200884,70.20830561,-572.0,863.0,88.4,2026-09-03,-0.3,62.1,False
4159,603367,辰欣药业,14.7,0.62,0.48,12.58,14.714524293681,0.2147376,66.76205954,-10.0,1741.0,73.6,2026-09-03,-0.1,49.1,False
4160,603368,柳药集团,15.77,0.9,0.33,8.48,15.694754203159,0.1995152,67.6044831,-76.0,1508.0,72.4,2026-09-03,0.48,48.9,False
4161,603369,今世缘,31.43,4.56,0.89,9.41,29.992187501889,0.2772112,79.02201195,13.0,60.0,86.0,2026-09-03,4.79,68.0,False
4162,603370,华新精科,32.97,1.45,1.08,43.1,32.37876682109,0.1260596,60.80134418,1233.0,3667.0,59.2,2026-09-03,1.83,36.0,False
4163,603373,安邦护卫,41.8,0.8,0.67,48.8,41.672559156017,0.3300172,66.46853804,-1422.0,1832.0,68.4,2026-09-03,0.31,45.5,False
4164,603375,盛景微,44.4,1.6,3.15,767.58,43.97046424275,0.2195592,62.80331805,-567.0,3039.0,79.6,2026-09-03,0.98,50.0,False
4165,603376,大明电子,28.27,-0.77,5.62,173.24,28.760783350607,0.17329,62.37408275,-2259.0,3175.0,77.6,2026-09-03,-1.71,48.4,False
4166,603377,ST东时,3.02,-0.33,0.11,-5.58,3.049861570631,0.2007528,57.29605583,-1719.0,4539.0,64.4,2026-09-03,-0.98,36.9,False
4167,603378,*ST亚士,7.17,6.22,1.83,-6.87,6.615544609294,0.3719504,63.68551931,315.0,2754.0,64.8,2026-09-03,8.38,41.3,False
4168,603379,三美股份,59.1,-0.2,0.36,16.85,59.201196488894,0.3650044,66.42855737,-1013.0,1840.0,66.8,2026-09-03,-0.17,44.4,False
4169,603380,易德龙,34.13,-3.01,1.44,23.71,35.042649458944,0.223206,69.16490032,1039.0,1105.0,61.6,2026-09-03,-2.6,42.6,False
4170,603381,永臻股份,15.25,1.46,1.22,45.7,15.114836755337,0.17364,57.89066965,-290.0,4409.0,64.0,2026-09-03,0.89,37.1,False
4171,603382,海阳科技,19.97,1.37,1.2,27.99,19.883075799383,0.114028,59.39707883,930.0,4054.0,68.4,2026-09-03,0.44,40.6,False
4172,603383,顶点软件,29.92,5.24,2.11,42.63,28.687071596837,0.2228024,69.74114512,1262.0,962.0,68.4,2026-09-03,4.3,47.7,False
4173,603385,惠达卫浴,5.79,2.66,0.45,-13.74,5.718845747179,0.0712248,58.12960751,-363.0,4360.0,65.6,2026-09-03,1.24,38.1,False
4174,603386,骏亚科技,14.08,0.0,0.51,-272.15,14.05616330648,0.1241496,49.81095087,0.0,5173.0,65.6,2026-09-03,0.17,32.7,False
4175,603387,基蛋生物,9.36,0.65,0.48,12.88,9.350504615838,0.1491336,63.53853565,-592.0,2805.0,68.8,2026-09-03,0.1,43.7,False
4176,603389,亚振家居,45.12,-0.55,0.38,-363.83,45.150178479994,0.342822941176,62.75172872,-311.0,3058.0,70.8,2026-09-03,-0.07,44.4,False
4177,603390,通达电气,11.11,10.0,3.39,26.9,10.185367882608,0.1035836,62.01629503,21.0,3303.0,68.8,2026-09-03,9.08,42.7,False
4178,603391,力聚热能,69.0,-4.62,3.99,95.74,72.906159661657,0.4694268,75.1516548,668.0,236.0,65.2,2026-09-03,-5.36,49.0,False
4179,603392,万泰生物,28.13,-0.5,0.24,-138.59,28.148544703579,0.1928764,61.16733569,541.0,3556.0,79.6,2026-09-03,-0.07,48.7,False
4180,603393,新天然气,26.62,0.72,0.81,14.62,26.510303830373,0.2594052,69.15413563,-169.0,1111.0,78.0,2026-09-03,0.41,53.9,False
4181,603395,红四方,27.48,-3.03,11.11,136.06,28.203349058202,0.2475396,68.5588431,2181.0,1256.0,83.2,2026-09-03,-2.56,57.0,False
4182,603396,金辰股份,29.43,0.44,1.38,60.77,29.404588584453,0.1809172,66.50719514,-1041.0,1813.0,86.0,2026-09-03,0.09,57.2,False
4183,603398,*ST沐邦,10.38,1.76,0.37,-10.2,10.325115485564,0.259274,54.74400244,-1351.0,4916.0,65.2,2026-09-03,0.53,35.7,False
4184,603399,永杉锂业,14.16,-1.05,2.92,18.34,14.42202891863,0.2204688,56.74801364,-219.0,4638.0,79.2,2026-09-03,-1.82,44.9,False
4185,603400,华之杰,53.09,3.69,12.04,77.88,50.080868900313,0.2787612,74.51528568,296.0,296.0,73.2,2026-09-03,6.01,54.5,False
4186,603402,陕西旅游,74.11,-1.91,10.31,29.88,76.927366683106,0.2911524,73.79724293,-359.0,361.0,76.4,2026-09-03,-3.66,56.4,False
4187,603406,天富龙,30.19,-1.4,2.15,23.83,30.225247102698,0.1753816,73.69218554,1292.0,372.0,72.4,2026-09-03,-0.12,53.4,False
4188,603407,长裕集团,53.88,-0.39,4.18,79.84,54.261365656997,0.2082056,59.36696504,187.0,4062.0,61.6,2026-09-03,-0.7,36.6,False
4189,603408,建霖家居,12.04,0.5,0.22,13.09,12.031442857371,0.0833644,69.51998867,-412.0,1025.0,67.6,2026-09-03,0.07,47.0,False
4190,603409,汇通控股,18.47,0.6,1.22,23.33,18.44199422016,0.1086036,64.17959415,-37.0,2577.0,65.6,2026-09-03,0.15,42.1,False
4191,603416,信捷电气,47.82,-0.44,0.41,24.21,48.044415155366,0.21318,64.61235994,-185.0,2432.0,64.8,2026-09-03,-0.47,41.9,False
4192,603418,友升股份,44.7,0.9,0.69,17.29,44.545521928269,0.1268156,66.08610631,-204.0,1945.0,62.8,2026-09-03,0.35,41.5,False
4193,603421,鼎信通讯,5.99,1.53,0.6,-9.85,5.974520102699,0.0806224,55.92593662,63.0,4767.0,75.2,2026-09-03,0.26,42.1,False
4194,603429,*ST集友,9.37,1.19,0.28,-139.01,9.38074898316,0.3128136,60.58426151,-889.0,3747.0,61.2,2026-09-03,-0.11,37.1,False
4195,603435,嘉德利,49.44,-0.02,3.07,83.58,49.95713341694,0.193384,69.02465881,1473.0,1134.0,74.4,2026-09-03,-1.04,51.4,False
4196,603439,三力制药,12.42,1.64,1.34,67.45,12.050590147815,0.1787932,60.91233662,932.0,3631.0,70.0,2026-09-03,3.07,42.6,False
4197,603444,吉比特,392.29,2.97,2.46,12.95,382.961821364529,0.3501964,77.60149917,293.0,109.0,81.2,2026-09-03,2.44,63.0,False
4198,603456,九洲药业,15.22,0.2,1.09,17.32,15.128908184234,0.2341652,72.27269276,620.0,552.0,81.2,2026-09-03,0.6,58.7,False
4199,603458,勘设股份,10.01,2.46,2.09,-11.81,9.807161380827,0.2110372,57.63858808,-638.0,4469.0,67.6,2026-09-03,2.07,39.0,False
4200,603459,红板科技,87.74,0.08,5.76,61.34,87.647587416384,0.2815492,65.92396899,201.0,2000.0,85.6,2026-09-03,0.11,56.4,False
4201,603466,风语筑,12.42,2.73,10.41,39.42,12.171191265594,0.2799844,76.24426317,104.0,161.0,91.6,2026-09-03,2.04,69.8,False
4202,603477,巨星农牧,15.75,3.82,1.77,-4.91,15.129430587268,0.1656992,60.29613857,-289.0,3819.0,74.4,2026-09-03,4.1,44.9,False
4203,603486,科沃斯,52.73,2.31,0.49,12.24,51.656861669327,0.239308,66.30737942,-78.0,1876.0,76.4,2026-09-03,2.08,50.7,False
4204,603488,展鹏科技,8.2,0.0,1.17,-36.74,8.202749879004,0.1546824,54.81278713,-932.0,4907.0,67.6,2026-09-03,-0.03,37.1,False
4205,603489,八方股份,28.59,1.85,0.44,31.26,28.115947644933,0.111364,64.58330567,-985.0,2443.0,66.4,2026-09-03,1.69,42.9,False
4206,603496,恒为科技,22.88,0.97,1.15,165.99,22.779941797509,0.230248,58.9678191,204.0,4172.0,76.8,2026-09-03,0.44,45.3,False
4207,603499,翔港科技,13.9,2.66,1.09,35.65,13.501884306836,0.3044676,73.78220289,329.0,362.0,63.2,2026-09-03,2.95,46.6,False
4208,603500,祥和实业,9.69,1.36,0.48,22.28,9.631518637373,0.1327888,63.45988474,-385.0,2827.0,63.6,2026-09-03,0.61,40.4,False
4209,603501,豪威集团,81.53,2.81,0.74,42.04,79.924120026265,0.3155008,66.89874832,26.0,1703.0,76.4,2026-09-03,2.01,51.1,False
4210,603505,金石资源,15.64,0.0,0.31,73.36,15.673129607276,0.2540756,65.00970634,-191.0,2303.0,67.2,2026-09-03,-0.21,43.7,False
4211,603506,南都物业,11.65,3.28,2.12,9.45,11.383036736341,0.1086816,63.69675981,105.0,2747.0,71.2,2026-09-03,2.35,45.4,False
4212,603507,振江股份,22.97,0.79,0.85,18.31,22.793894404797,0.2255248,65.60240991,-358.0,2100.0,70.4,2026-09-03,0.77,46.2,False
4213,603508,思维列控,21.51,1.46,0.42,12.91,21.253734952669,0.232896,71.08491274,-4.0,743.0,69.6,2026-09-03,1.21,49.5,False
4214,603511,爱慕股份,12.84,1.18,0.09,20.2,12.846848616248,0.085618,64.386148,-333.0,2514.0,66.4,2026-09-03,-0.05,42.8,False
4215,603515,欧普照明,15.54,0.32,0.08,22.68,15.48233909369,0.0891228,69.696426,882.0,976.0,67.6,2026-09-03,0.37,47.1,False
4216,603516,淳中科技,95.6,0.35,1.89,73.86,95.002917657201,0.2817588,64.42879352,2155.0,2497.0,69.6,2026-09-03,0.63,44.8,False
4217,603517,ST绝味,12.03,0.5,0.28,27.04,11.964018754186,0.356878,62.30254815,-879.0,3196.0,72.0,2026-09-03,0.55,44.9,False
4218,603518,锦泓集团,8.21,1.61,0.8,9.72,8.153359096378,0.131758,69.48926804,1029.0,1032.0,68.4,2026-09-03,0.69,47.5,False
4219,603519,立霸股份,15.56,-0.77,0.96,21.0,15.802476887492,0.2325572,64.9662077,-533.0,2318.0,71.6,2026-09-03,-1.53,46.5,False
4220,603520,司太立,8.89,1.25,0.51,48.8,8.829648133935,0.1656376,56.23514258,121.0,4713.0,65.2,2026-09-03,0.68,36.7,False
4221,603527,众源新材,10.08,0.9,0.95,25.57,10.030052014808,0.1406788,56.62974638,-1451.0,4655.0,65.2,2026-09-03,0.5,36.9,False
4222,603528,多伦科技,6.48,1.89,0.65,-63.08,6.439749283983,0.08301,57.32396586,-113.0,4531.0,70.4,2026-09-03,0.63,40.4,False
4223,603529,爱玛科技,21.91,1.39,0.19,14.24,21.70117479201,0.1444984,65.2510882,-11.0,2221.0,70.4,2026-09-03,0.96,45.9,False
4224,603530,神马电力,50.22,2.14,0.74,50.43,49.494622603981,0.1879008,73.46500126,-303.0,394.0,88.4,2026-09-03,1.47,64.9,False
4225,603533,掌阅科技,24.35,4.55,9.34,-106.57,24.098594371569,0.2863288,71.57154296,-606.0,657.0,91.6,2026-09-03,1.04,65.6,False
4226,603535,嘉诚国际,6.47,1.73,0.37,57.9,6.420336524191,0.0884956,54.92861222,-862.0,4888.0,64.0,2026-09-03,0.77,35.2,False
4227,603536,惠发食品,10.19,6.37,2.82,337.41,9.697599475632,0.070326,59.04846575,-137.0,4154.0,74.4,2026-09-03,5.08,43.9,False
4228,603538,美诺华,27.91,-2.04,12.39,74.48,27.708159886066,0.502472,73.04701215,3610.0,444.0,84.0,2026-09-03,0.73,61.4,False
4229,603551,奥普科技,9.63,1.16,0.25,17.27,9.58517196379,0.0649196,73.06728818,562.0,440.0,67.6,2026-09-03,0.47,49.4,False
4230,603556,海兴电力,25.27,2.27,0.61,18.98,24.849789500701,0.2291972,74.76856911,974.0,273.0,69.2,2026-09-03,1.69,51.7,False
4231,603557,*ST起步,3.23,0.62,0.57,-23.57,3.228176918272,0.29776,48.0420683,-6.0,5191.0,61.6,2026-09-03,0.06,29.6,True
4232,603558,健盛集团,12.32,1.15,0.26,12.08,12.20439907316,0.1402024,72.36915372,638.0,542.0,66.0,2026-09-03,0.95,47.8,False
4233,603559,中通国脉,10.91,1.21,3.78,228.36,10.870256985522,0.276282745098,64.25188391,1102.0,2554.0,82.4,2026-09-03,0.37,52.9,False
4234,603565,中谷物流,12.41,-0.96,0.41,12.03,12.598843908882,0.1783684,73.47354566,66.0,391.0,74.8,2026-09-03,-1.5,55.0,False
4235,603566,普莱柯,10.5,1.45,0.45,23.5,10.411442257029,0.128086,67.02447092,1201.0,1673.0,68.4,2026-09-03,0.85,45.8,False
4236,603567,珍宝岛,5.63,0.54,0.83,-9.77,5.607477104163,0.1858176,48.92067453,0.0,5187.0,70.0,2026-09-03,0.4,34.2,False
4237,603568,伟明环保,14.62,0.55,0.18,16.11,14.637956799827,0.1956516,67.66242875,-1155.0,1495.0,73.6,2026-09-03,-0.12,49.8,False
4238,603569,长久物流,6.03,1.34,0.26,244.27,5.991573858909,0.0814084,63.53081079,147.0,2810.0,68.4,2026-09-03,0.64,43.5,False
4239,603577,汇金通,10.51,2.54,0.63,48.03,10.337830861106,0.1600716,59.16423436,-407.0,4117.0,66.8,2026-09-03,1.67,39.5,False
4240,603578,三星新材,12.66,0.0,0.67,-37.44,12.845648324419,0.1333604,62.47286007,-879.0,3142.0,66.8,2026-09-03,-1.45,41.7,False
4241,603579,荣泰健康,18.34,1.21,0.45,16.43,18.187865859033,0.1479232,71.16093864,602.0,733.0,66.8,2026-09-03,0.84,47.5,False
4242,603580,艾艾精工,70.13,2.25,5.62,808.28,70.51508718858,0.274717857143,52.51456166,-508.0,5077.0,85.2,2026-09-03,-0.55,44.7,False
4243,603583,捷昌驱动,26.84,-1.03,0.98,22.58,27.256122972744,0.2849876,70.276835,-628.0,852.0,78.0,2026-09-03,-1.53,54.8,False
4244,603585,苏利股份,10.8,0.19,0.61,27.57,10.807370258087,0.1268736,64.06463262,-1251.0,2619.0,72.8,2026-09-03,-0.07,46.6,False
4245,603586,金麒麟,14.07,-0.5,0.61,79.75,14.192711198972,0.1155044,62.19593396,-1778.0,3235.0,69.6,2026-09-03,-0.86,43.3,False
4246,603587,地素时尚,13.14,-0.68,0.5,14.82,13.273910740983,0.0919356,69.7636725,-484.0,955.0,74.8,2026-09-03,-1.01,52.2,False
4247,603588,高能环境,15.0,-0.2,1.48,11.18,15.241561407946,0.3556664,74.27448517,-310.0,319.0,80.0,2026-09-03,-1.58,59.4,False
4248,603589,口子窖,19.58,3.11,0.81,16.05,19.084809809398,0.1352536,60.41329944,-1664.0,3792.0,76.4,2026-09-03,2.59,46.2,False
4249,603590,康辰药业,30.42,0.9,0.42,25.27,30.117508071147,0.126894,64.49891985,1184.0,2477.0,72.0,2026-09-03,1.0,46.4,False
4250,603595,ST东尼,30.4,-0.98,0.69,24.72,30.690196689393,0.4165176,69.32181163,-110.0,1060.0,76.0,2026-09-03,-0.95,52.7,False
4251,603596,伯特利,30.69,0.79,1.94,21.47,30.475055678177,0.2935544,71.73581561,-386.0,625.0,85.2,2026-09-03,0.71,61.1,False
4252,603598,引力传媒,18.93,6.89,12.12,145.77,18.04191987278,0.1351324,67.7116229,-90.0,1482.0,82.8,2026-09-03,4.92,56.1,False
4253,603599,广信股份,10.86,2.65,2.19,13.84,10.56640646335,0.3285176,73.04773476,349.0,443.0,73.2,2026-09-03,2.78,53.5,False
4254,603600,永艺股份,10.32,1.98,1.16,12.46,10.200613951253,0.1102388,66.81583719,-1108.0,1727.0,72.0,2026-09-03,1.17,48.1,False
4255,603601,再升科技,9.21,1.77,2.96,117.31,9.07186339476,0.1805556,59.15119177,-2945.0,4121.0,77.6,2026-09-03,1.52,45.9,False
4256,603602,纵横通信,12.05,1.26,0.54,93.28,12.015870415038,0.1811924,69.92116058,986.0,922.0,72.0,2026-09-03,0.28,50.3,False
4257,603605,珀莱雅,63.35,1.0,0.5,10.74,62.819862072423,0.2112668,73.29975762,-38.0,412.0,81.2,2026-09-03,0.84,59.5,False
4258,603606,东方电缆,34.07,2.96,1.29,24.88,33.192506673808,0.2591728,68.5534591,1286.0,1259.0,79.6,2026-09-03,2.64,54.6,False
4259,603607,京华激光,22.64,2.4,1.09,41.63,21.989455752694,0.2282692,63.05246749,-257.0,2963.0,67.2,2026-09-03,2.96,42.4,False
4260,603608,天创时尚,21.15,0.14,1.86,160.67,21.31227154712,0.4012148,69.55953019,-589.0,1015.0,74.0,2026-09-03,-0.76,51.5,False
4261,603609,禾丰股份,6.56,2.18,0.33,-349.69,6.457531282851,0.0618992,63.07524751,-398.0,2952.0,70.8,2026-09-03,1.59,44.7,False
4262,603610,麒盛科技,14.4,1.12,0.55,87.58,14.3021100898,0.232636,57.07639926,-1350.0,4578.0,64.4,2026-09-03,0.68,36.8,False
4263,603611,诺力股份,16.54,1.29,0.27,15.02,16.344690376413,0.0828636,60.03854906,-56.0,3890.0,66.0,2026-09-03,1.19,39.6,False
4264,603612,索通发展,17.31,0.35,0.92,10.62,17.374981349007,0.2803304,73.70145773,918.0,371.0,76.4,2026-09-03,-0.37,56.3,False
4265,603613,国联股份,20.8,9.99,3.33,10.93,19.027521270073,0.2640088,64.81016381,-127.0,2371.0,74.4,2026-09-03,9.32,48.2,False
4266,603615,茶花股份,18.53,1.2,0.55,260.62,18.353912365994,0.1958476,69.2176769,442.0,1092.0,68.8,2026-09-03,0.96,47.6,False
4267,603616,韩建河山,5.93,1.54,1.43,-63.42,5.917952084309,0.1817368,61.66634735,-1136.0,3408.0,73.6,2026-09-03,0.2,45.4,False
4268,603617,君禾股份,7.14,0.71,0.47,42.72,7.132257939882,0.1227336,60.67079235,-396.0,3718.0,66.0,2026-09-03,0.11,40.0,False
4269,603618,杭电股份,37.35,-4.84,10.32,32.87,38.285180455027,0.3559272,72.42180921,-301.0,533.0,96.0,2026-09-03,-2.44,69.5,False
4270,603619,中曼石油,22.96,2.45,4.14,53.62,22.771680170024,0.3145888,64.21447064,-1691.0,2565.0,82.8,2026-09-03,0.83,53.2,False
4271,603626,科森科技,18.48,-6.34,6.04,18.86,19.499394511609,0.275224,67.32152926,1562.0,1594.0,84.8,2026-09-03,-5.23,57.1,False
4272,603628,清源股份,10.03,1.11,0.65,64.94,10.01659722567,0.133574,64.7376065,-431.0,2394.0,75.2,2026-09-03,0.13,48.7,False
4273,603629,利通电子,112.0,0.35,2.95,29.24,112.435158554394,0.317272,66.13914047,-1427.0,1926.0,88.0,2026-09-03,-0.39,58.2,False
4274,603630,拉芳家化,14.68,3.45,1.76,44.46,14.44106184287,0.1473784,60.72744837,-2593.0,3700.0,70.0,2026-09-03,1.65,42.5,False
4275,603633,徕木股份,6.74,0.9,0.52,-23.55,6.703918050882,0.149862,60.48224324,274.0,3778.0,66.0,2026-09-03,0.54,39.9,False
4276,603636,南威软件,7.22,2.7,0.97,-12.31,7.089733290575,0.1567756,50.38296252,-13.0,5163.0,72.8,2026-09-03,1.84,36.7,False
4277,603637,镇海股份,14.88,0.07,1.26,84.76,14.964258669966,0.2490412,64.62994504,915.0,2425.0,68.4,2026-09-03,-0.56,44.2,False
4278,603638,艾迪精密,18.88,0.8,0.44,27.19,18.80096317247,0.2075728,62.8847781,-3.0,3014.0,65.6,2026-09-03,0.42,41.3,False
4279,603639,海利尔,10.73,1.04,0.22,15.12,10.665512920246,0.2731436,60.26876379,-10.0,3828.0,66.8,2026-09-03,0.6,40.3,False
4280,603648,畅联股份,9.42,0.32,0.26,24.34,9.423427561837,0.080628,67.74858619,1006.0,1475.0,67.6,2026-09-03,-0.04,45.8,False
4281,603650,彤程新材,58.27,-1.6,0.7,46.14,59.293834649188,0.2034692,60.99261478,46.0,3606.0,75.6,2026-09-03,-1.73,46.1,False
4282,603655,朗博科技,29.76,0.2,0.72,83.56,29.798082607419,0.1180396,60.21752997,-49.0,3839.0,70.4,2026-09-03,-0.13,42.4,False
4283,603656,泰禾智能,17.52,1.51,0.46,105.42,17.354018028949,0.10348,59.1034347,149.0,4136.0,64.8,2026-09-03,0.96,38.3,False
4284,603657,春光科技,25.69,0.04,0.97,-21.85,25.641934065934,0.1233432,61.22701833,76.0,3537.0,68.8,2026-09-03,0.19,42.1,False
4285,603658,安图生物,32.76,1.14,0.15,18.83,32.618901848454,0.1850628,69.92666688,-590.0,921.0,74.0,2026-09-03,0.43,51.7,False
4286,603659,璞泰来,22.87,0.66,0.31,16.89,22.72095875598,0.2684984,70.07579815,37.0,891.0,73.6,2026-09-03,0.66,51.6,False
4287,603660,苏州科达,10.55,-0.47,0.8,-10.47,10.53009004074,0.2427084,52.38337098,-42.0,5086.0,72.8,2026-09-03,0.19,38.1,False
4288,603661,恒林股份,31.49,0.03,1.25,18.04,31.320267685757,0.3084716,72.02174852,572.0,586.0,59.2,2026-09-03,0.54,42.6,False
4289,603662,柯力传感,51.09,-0.91,0.57,54.89,51.834716988409,0.250906,69.15398293,1789.0,1113.0,73.2,2026-09-03,-1.44,50.6,False
4290,603663,三祥新材,39.49,-2.28,1.77,152.19,40.573008872229,0.2944384,63.15433445,-398.0,2930.0,76.8,2026-09-03,-2.67,48.5,False
4291,603665,康隆达,22.67,0.0,1.73,42.37,22.637638001519,0.2287052,62.2635944,-712.0,3210.0,76.4,2026-09-03,0.14,47.6,False
4292,603666,亿嘉和,25.47,1.84,1.12,-20.61,25.17904883925,0.259884,58.53204203,592.0,4261.0,71.6,2026-09-03,1.16,41.9,False
4293,603667,五洲新春,50.01,-2.31,2.01,157.3,51.33487441975,0.2990296,66.17455515,2449.0,1912.0,71.6,2026-09-03,-2.58,47.4,False
4294,603668,天马科技,12.15,8.1,1.83,249.25,11.320409633663,0.22689,56.89283808,-1960.0,4606.0,72.8,2026-09-03,7.33,41.4,False
4295,603669,灵康药业,5.35,-0.37,1.54,90.25,5.452160908755,0.19065,59.2770485,209.0,4084.0,66.4,2026-09-03,-1.87,39.4,False
4296,603676,卫信康,9.17,0.66,0.13,13.96,9.177503441295,0.1037376,69.15650527,-37.0,1108.0,66.0,2026-09-03,-0.08,45.6,False
4297,603677,奇精机械,13.77,1.62,0.43,246.27,13.789987041037,0.0767948,57.91404815,-305.0,4403.0,64.0,2026-09-03,-0.14,37.1,False
4298,603678,火炬电子,44.89,-1.94,1.53,44.02,46.041983569643,0.2557928,69.82759604,1772.0,944.0,76.0,2026-09-03,-2.5,53.1,False
4299,603679,华体科技,22.13,0.91,1.03,-69.68,21.931085066606,0.2877104,59.56360594,-400.0,4015.0,70.0,2026-09-03,0.91,41.7,False
4300,603680,今创集团,10.17,1.09,0.18,9.2,10.143801201086,0.1490268,65.90749195,-1274.0,2007.0,63.6,2026-09-03,0.26,41.9,False
4301,603681,永冠新材,18.66,0.65,1.12,24.05,18.357877845952,0.220724,69.46882008,1502.0,1035.0,64.4,2026-09-03,1.65,44.7,False
4302,603682,锦和商管,10.91,0.09,0.72,112.79,11.017888525629,0.2244356,58.15537675,137.0,4351.0,63.6,2026-09-03,-0.98,37.0,False
4303,603683,晶华新材,16.38,-0.18,2.82,49.46,16.519481462112,0.200948,62.26584748,-1992.0,3209.0,80.0,2026-09-03,-0.84,49.8,False
4304,603685,晨丰科技,28.82,3.67,2.08,177.58,27.830527633881,0.2227072,66.07498883,-113.0,1950.0,76.0,2026-09-03,3.56,50.2,False
4305,603686,福龙马,13.76,3.54,3.94,28.42,13.333593893959,0.1866308,71.15359627,330.0,737.0,74.4,2026-09-03,3.2,52.9,False
4306,603687,大胜达,16.47,-1.79,2.57,70.21,16.836753619216,0.3178628,65.59504744,274.0,2102.0,78.8,2026-09-03,-2.18,51.7,False
4307,603688,石英股份,46.25,-1.66,1.8,137.09,47.957314189806,0.263136,64.6753893,1115.0,2411.0,82.0,2026-09-03,-3.56,53.0,False
4308,603689,皖天然气,7.79,0.26,0.42,9.96,7.813287147145,0.2105416,66.96881993,-416.0,1684.0,68.8,2026-09-03,-0.3,46.1,False
4309,603690,至纯科技,23.95,-2.76,3.17,-15.99,24.505439159338,0.2735608,59.5357016,901.0,4022.0,84.0,2026-09-03,-2.27,50.0,False
4310,603693,江苏新能,11.37,1.43,0.3,38.37,11.269973571801,0.1974556,58.36036546,-81.0,4297.0,68.4,2026-09-03,0.89,39.9,False
4311,603696,安记食品,14.85,8.0,8.82,105.02,13.812086200967,0.1370732,61.09006332,-329.0,3585.0,81.6,2026-09-03,7.51,49.8,False
4312,603697,有友食品,9.93,3.12,0.92,17.11,9.668923635225,0.1162224,66.82127249,1071.0,1726.0,66.8,2026-09-03,2.7,44.6,False
4313,603698,航天工程,21.98,1.29,0.82,69.91,21.733585134798,0.1805256,59.84374814,-538.0,3955.0,70.0,2026-09-03,1.13,41.9,False
4314,603699,纽威股份,46.67,-0.49,0.21,24.67,46.380667028726,0.173258,74.39816103,973.0,310.0,68.8,2026-09-03,0.62,51.2,False
4315,603700,宁水集团,11.69,1.3,0.84,42.23,11.667930029155,0.182798,59.88077651,-870.0,3941.0,65.6,2026-09-03,0.19,39.3,False
4316,603701,德宏股份,20.66,-0.1,0.97,220.4,21.055954864435,0.2781452,59.78487861,-2614.0,3968.0,78.8,2026-09-03,-1.88,47.1,False
4317,603703,盛洋科技,10.48,1.26,0.85,-101.72,10.467275938513,0.2087836,58.06518401,-1350.0,4375.0,79.2,2026-09-03,0.12,46.0,False
4318,603706,东方环宇,17.59,0.8,0.35,13.58,17.499946522603,0.0784484,64.05575164,-249.0,2621.0,66.8,2026-09-03,0.51,42.8,False
4319,603707,健友股份,7.95,0.63,0.2,34.24,7.914048751095,0.1882616,69.49506383,731.0,1031.0,73.2,2026-09-03,0.45,50.9,False
4320,603708,家家悦,9.44,1.72,0.65,16.19,9.350958823898,0.2246076,71.99749733,905.0,589.0,74.4,2026-09-03,0.95,53.6,False
4321,603709,中源家居,12.53,2.54,1.11,305.37,12.349983165939,0.0565252,61.38695707,54.0,3498.0,66.4,2026-09-03,1.46,40.8,False
4322,603711,香飘飘,11.8,2.16,0.68,224.31,11.641023862309,0.1105716,68.58597972,146.0,1252.0,78.0,2026-09-03,1.37,53.5,False
4323,603712,七一二,11.95,2.49,0.77,-41.62,11.735347791739,0.1881068,55.62436006,138.0,4804.0,74.4,2026-09-03,1.83,41.4,False
4324,603713,密尔克卫,63.95,4.82,0.96,14.6,60.640366420837,0.20112,67.6985318,1493.0,1485.0,61.2,2026-09-03,5.46,41.4,False
4325,603716,塞力医疗,17.47,3.74,3.42,-41.23,17.030841587877,0.1625372,60.64572647,-824.0,3731.0,78.8,2026-09-03,2.58,47.8,False
4326,603717,天域生物,6.52,1.4,1.93,-17.4,6.488957145593,0.12494,52.10417885,-103.0,5102.0,62.0,2026-09-03,0.48,32.3,False
4327,603718,*ST海利,3.21,1.58,0.41,90.94,3.192363120832,0.257882,52.98867893,-238.0,5054.0,65.2,2026-09-03,0.55,34.5,False
4328,603719,良品铺子,9.72,3.62,0.62,119.44,9.456149344423,0.0566776,60.10501984,-1230.0,3869.0,73.2,2026-09-03,2.79,44.0,False
4329,603721,中广天择,20.94,1.26,13.37,-106.28,21.979617071493,0.2602088,63.18387942,-1069.0,2913.0,89.6,2026-09-03,-4.73,56.6,False
4330,603722,阿科力,30.18,0.6,0.5,-69.42,30.316801041138,0.171840363636,56.8050018,-777.0,4625.0,62.4,2026-09-03,-0.45,35.4,False
4331,603725,天安新材,10.8,1.69,2.18,49.17,10.575710766111,0.19199,61.5912875,512.0,3429.0,69.6,2026-09-03,2.12,42.9,False
4332,603726,朗迪集团,24.76,1.14,0.71,13.89,24.405560389036,0.1604916,64.03434677,505.0,2633.0,64.4,2026-09-03,1.45,41.2,False
4333,603727,博迈科,17.6,0.92,0.33,-35.19,17.563426679857,0.161368,60.74134157,-1541.0,3695.0,62.8,2026-09-03,0.21,38.1,False
4334,603728,鸣志电器,51.56,-3.36,2.37,290.28,53.102451060979,0.56797,69.58440366,3507.0,1008.0,76.0,2026-09-03,-2.9,52.9,False
4335,603729,ST龙韵,12.24,2.68,1.17,116.06,12.078774085726,0.1481732,61.25021682,-98.0,3531.0,65.2,2026-09-03,1.33,39.9,False
4336,603730,岱美股份,10.92,1.39,0.38,27.91,10.736035436115,0.3630148,72.87365766,86.0,469.0,62.8,2026-09-03,1.71,45.8,False
4337,603733,仙鹤股份,18.97,-0.11,0.51,14.35,18.999325360077,0.2756016,61.59026592,-1176.0,3431.0,66.0,2026-09-03,-0.15,40.6,False
4338,603737,三棵树,24.61,0.65,0.44,36.18,24.469089575406,0.2170432,70.78244715,1173.0,775.0,72.0,2026-09-03,0.58,51.0,False
4339,603738,泰晶科技,35.44,-2.21,3.51,134.92,36.422491968136,0.2715304,56.92485056,-104.0,4599.0,80.4,2026-09-03,-2.7,45.8,False
4340,603739,蔚蓝生物,12.88,2.22,0.84,42.26,12.687607854688,0.1437212,61.26185622,-426.0,3524.0,76.8,2026-09-03,1.52,47.0,False
4341,603755,日辰股份,25.55,2.57,0.79,42.84,25.346077585366,0.1095444,63.3065695,-1427.0,2869.0,66.8,2026-09-03,0.8,42.3,False
4342,603757,大元泵业,74.52,-6.19,6.76,220.68,74.761792518711,0.421816,78.09114301,-20.0,88.0,88.8,2026-09-03,-0.32,69.3,False
4343,603758,秦安股份,11.55,-0.94,1.46,51.77,11.783409191708,0.191586,62.3200553,-519.0,3194.0,76.4,2026-09-03,-1.98,47.6,False
4344,603759,海天股份,7.63,0.93,0.24,52.08,7.602334917636,0.1165908,65.03251309,-297.0,2298.0,66.4,2026-09-03,0.36,43.2,False
4345,603766,隆鑫通用,14.91,2.4,0.25,15.44,14.677839586611,0.1865424,75.07654275,35.0,241.0,71.2,2026-09-03,1.58,53.5,False
4346,603767,中马传动,14.43,-0.14,1.06,169.76,14.50725602786,0.1322712,66.24857191,1248.0,1891.0,70.8,2026-09-03,-0.53,46.9,False
4347,603768,常青股份,11.77,0.51,0.33,75.25,11.814710543258,0.0690508,61.40210522,695.0,3491.0,65.6,2026-09-03,-0.38,40.3,False
4348,603773,沃格光电,86.81,-1.13,3.14,-78.97,88.436072648266,0.2878216,53.31417852,-50.0,5032.0,85.2,2026-09-03,-1.84,45.4,False
4349,603776,永安行,20.51,0.94,0.24,-187.54,20.427146177153,0.2455448,62.98162594,273.0,2984.0,69.2,2026-09-03,0.41,43.6,False
4350,603777,来伊份,14.3,1.35,1.42,-25.95,14.005349017845,0.2155456,53.33129482,-631.0,5031.0,71.2,2026-09-03,2.1,38.0,False
4351,603778,国晟科技,11.02,4.85,11.28,-42.12,10.727654026006,0.245434,62.36896525,-1524.0,3177.0,91.2,2026-09-03,2.73,56.9,False
4352,603779,威龙股份,8.52,4.28,2.74,-118.26,8.252670514236,0.2030964,57.08564118,-1705.0,4575.0,70.8,2026-09-03,3.24,40.4,False
4353,603786,科博达,40.28,1.26,0.29,26.31,39.699653869317,0.1455136,65.47682989,-197.0,2141.0,68.4,2026-09-03,1.46,44.8,False
4354,603787,新日股份,10.45,1.65,0.37,36.04,10.372354255082,0.0665596,57.67279945,-1221.0,4459.0,65.6,2026-09-03,0.75,37.8,False
4355,603788,宁波高发,13.93,1.46,0.22,16.64,13.780373315662,0.0871372,62.42430102,27.0,3160.0,64.4,2026-09-03,1.09,40.2,False
4356,603789,ST星农,6.19,-0.32,0.33,-10.43,6.239539255351,0.239509454545,54.1663183,-143.0,4961.0,67.6,2026-09-03,-0.79,36.6,False
4357,603790,雅运股份,23.92,0.29,0.42,36.22,23.780731450886,0.2526636,67.60324781,-469.0,1510.0,64.0,2026-09-03,0.59,43.3,False
4358,603797,联泰环保,4.85,1.25,0.58,17.04,4.848293193859,0.1429352,59.20103516,105.0,4108.0,70.4,2026-09-03,0.04,41.7,False
4359,603798,康普顿,14.14,4.66,1.65,41.82,13.469088334457,0.1383492,66.10974062,-366.0,1934.0,60.8,2026-09-03,4.98,40.2,False
4360,603799,华友钴业,38.77,0.36,1.02,10.47,38.783724934161,0.3642844,73.57539298,1358.0,382.0,87.2,2026-09-03,-0.04,64.2,False
4361,603800,洪田股份,57.43,-0.61,0.97,-126.42,58.127881203907,0.3376492,52.69696012,-25.0,5065.0,65.6,2026-09-03,-1.2,34.6,False
4362,603801,志邦家居,6.37,4.26,4.97,-8.78,6.20317428043,0.1333724,59.39011233,114.0,4056.0,72.0,2026-09-03,2.69,42.8,False
4363,603803,瑞斯康达,11.12,-0.36,1.58,-519.51,11.295048712851,0.1712416,61.8972234,935.0,3335.0,81.6,2026-09-03,-1.55,50.5,False
4364,603806,福斯特,14.81,1.86,0.39,22.94,14.50765705472,0.2367308,67.55348489,217.0,1529.0,75.2,2026-09-03,2.08,50.8,False
4365,603808,歌力思,8.76,1.51,0.28,15.85,8.749104912595,0.0376196,72.32246768,635.0,549.0,66.4,2026-09-03,0.12,48.0,False
4366,603809,豪能股份,9.07,0.67,0.44,22.22,9.003037280932,0.195684,68.90041814,17.0,1162.0,68.4,2026-09-03,0.74,47.1,False
4367,603810,丰山集团,12.46,1.47,0.53,54.87,12.383908148303,0.075362,58.92382297,-1002.0,4182.0,66.0,2026-09-03,0.61,38.9,False
4368,603811,诚意药业,7.28,0.69,0.32,17.58,7.225846945004,0.2143092,66.74390918,955.0,1747.0,65.6,2026-09-03,0.75,43.8,False
4369,603813,原尚股份,28.3,-0.25,0.18,-36.34,28.666499306347,0.1339932,48.17085957,-71.0,5190.0,60.4,2026-09-03,-1.28,29.1,False
4370,603815,交建股份,5.51,1.66,0.61,27.41,5.479735223668,0.1667224,55.34025343,282.0,4847.0,65.2,2026-09-03,0.55,36.1,False
4371,603816,顾家家居,23.89,4.78,0.61,11.95,22.963940619916,0.1374232,67.05345834,-429.0,1667.0,70.0,2026-09-03,4.03,46.9,False
4372,603817,海峡环保,5.92,3.68,1.68,11.7,5.764552393305,0.1973324,65.60379048,-618.0,2097.0,66.4,2026-09-03,2.7,43.6,False
4373,603818,曲美家居,3.89,-0.51,1.25,-18.2,3.96148772792,0.2721804,58.23310876,-2052.0,4333.0,68.8,2026-09-03,-1.8,40.1,False
4374,603819,神力股份,17.14,2.02,2.42,92.89,16.787136516557,0.2182164,69.74838768,-64.0,961.0,73.2,2026-09-03,2.1,51.1,False
4375,603822,ST嘉澳,67.45,1.43,0.53,38.58,66.876967220242,0.3981516,72.73714298,-282.0,485.0,68.8,2026-09-03,0.86,50.0,False
4376,603823,百合花,53.61,-2.77,2.54,96.64,56.362897471488,0.2349456,58.6385231,-931.0,4242.0,81.2,2026-09-03,-4.88,47.6,False
4377,603825,ST华扬,8.51,0.47,0.49,-8.76,8.520740229714,0.1902364,61.85051615,-1678.0,3360.0,70.8,2026-09-03,-0.13,43.8,False
4378,603826,坤彩科技,16.1,1.64,0.5,39.04,15.843827826588,0.133556,64.13117811,1390.0,2591.0,71.2,2026-09-03,1.62,45.7,False
4379,603828,*ST利达,5.11,0.0,0.07,-33.46,5.117296086217,0.1763368,56.76145611,-877.0,4634.0,64.4,2026-09-03,-0.14,36.6,False
4380,603829,洛凯股份,15.84,0.64,0.62,51.44,15.673584815945,0.1446176,63.62321182,-4.0,2777.0,64.4,2026-09-03,1.06,41.0,False
4381,603833,欧派家居,31.45,1.62,0.43,21.56,31.262883533285,0.1542948,61.70137936,249.0,3396.0,68.4,2026-09-03,0.6,42.2,False
4382,603836,海程邦达,9.45,0.85,0.46,26.46,9.412563149684,0.0627812,60.5799436,-369.0,3748.0,65.6,2026-09-03,0.4,39.7,False
4383,603838,*ST四通,11.56,1.76,0.17,-71.76,11.131727622025,0.3171088,55.32183986,-403.0,4850.0,65.6,2026-09-03,3.85,36.3,False
4384,603839,安正时尚,7.07,1.87,1.1,18.28,7.227130094877,0.0915208,57.57155836,-607.0,4485.0,74.0,2026-09-03,-2.17,42.6,False
4385,603843,*ST正平,7.35,-0.81,0.57,-17.08,7.424507670131,0.3122296,60.68852881,962.0,3712.0,68.4,2026-09-03,-1.0,41.5,False
4386,603848,好太太,13.82,1.25,0.28,27.2,13.757780413553,0.114786,65.13620139,-1396.0,2258.0,69.6,2026-09-03,0.45,45.3,False
4387,603855,华荣股份,17.21,2.32,0.62,15.55,16.834348402222,0.3051408,72.97324793,179.0,455.0,67.2,2026-09-03,2.23,49.0,False
4388,603856,东宏股份,11.85,0.68,0.36,16.22,11.818238294437,0.1782884,62.94774105,-309.0,2995.0,64.0,2026-09-03,0.27,40.3,False
4389,603858,步长制药,14.94,0.61,0.16,15.67,14.84667034672,0.218476,58.82957108,158.0,4208.0,75.2,2026-09-03,0.63,44.2,False
4390,603859,能科科技,38.9,2.99,2.17,54.72,37.98862624839,0.2948752,66.52839217,-260.0,1803.0,69.6,2026-09-03,2.4,46.3,False
4391,603860,中公高科,26.93,1.51,0.73,346.22,26.80550603152,0.146276,63.62025373,-434.0,2782.0,66.0,2026-09-03,0.46,42.0,False
4392,603861,白云电器,11.96,1.96,0.97,37.47,11.71664207655,0.1390808,65.28252989,1557.0,2205.0,68.4,2026-09-03,2.08,44.7,False
4393,603863,松炀资源,12.67,0.72,0.49,-44.34,12.735708602516,0.1228052,48.95623072,2.0,5186.0,62.0,2026-09-03,-0.52,30.4,False
4394,603866,桃李面包,4.36,2.11,0.39,24.01,4.29386628598,0.1322968,59.65691891,-1608.0,3993.0,73.6,2026-09-03,1.54,43.9,False
4395,603867,新化股份,30.28,-0.26,1.31,20.3,30.695568186901,0.3988312,68.23913043,-487.0,1350.0,66.8,2026-09-03,-1.35,45.6,False
4396,603868,飞科电器,31.95,1.36,0.1,19.36,31.822089616545,0.186374,69.44548254,-26.0,1038.0,68.4,2026-09-03,0.4,47.5,False
4397,603869,ST智知,8.94,0.11,0.05,223.36,8.920782541607,0.1644664,63.74612372,1342.0,2732.0,65.6,2026-09-03,0.22,41.8,False
4398,603871,嘉友国际,13.96,2.42,0.43,13.06,13.617295428285,0.217244,77.11082675,316.0,125.0,68.0,2026-09-03,2.52,52.4,False
4399,603876,鼎胜新材,20.21,-0.05,0.81,19.57,20.526698014539,0.2217088,58.65032896,85.0,4240.0,71.6,2026-09-03,-1.54,42.0,False
4400,603877,太平鸟,12.8,1.03,0.11,29.57,12.87665357186,0.0823884,59.86550517,-1861.0,3947.0,64.0,2026-09-03,-0.6,38.3,False
4401,603878,武进不锈,5.21,1.56,0.77,-29.75,5.236648972445,0.1606356,60.42102939,-72.0,3791.0,64.0,2026-09-03,-0.51,38.7,False
4402,603879,永悦科技,5.33,0.95,0.76,-74.66,5.335711590375,0.122778,62.10759751,1457.0,3264.0,66.4,2026-09-03,-0.11,41.2,False
4403,603880,南卫股份,9.88,0.1,1.65,-80.26,9.853183505324,0.2252204,63.30821403,1267.0,2868.0,73.6,2026-09-03,0.27,46.6,False
4404,603881,数据港,25.24,1.2,1.67,126.67,24.81660993795,0.2590696,62.38726971,49.0,3172.0,86.0,2026-09-03,1.71,53.7,False
4405,603882,金域医学,27.03,1.69,0.81,32.92,26.521955093908,0.21034,66.36108796,-564.0,1857.0,79.6,2026-09-03,1.92,52.8,False
4406,603883,老百姓,13.51,2.43,1.11,11.47,13.166811998083,0.2276544,73.46601338,-131.0,393.0,80.8,2026-09-03,2.61,59.4,False
4407,603885,吉祥航空,10.24,0.79,0.26,73.89,10.142126329387,0.31854,70.57392999,24.0,809.0,69.2,2026-09-03,0.97,48.8,False
4408,603886,元祖股份,12.89,1.1,0.72,-24.48,12.765343547233,0.2321884,53.6487183,20.0,5010.0,65.2,2026-09-03,0.98,35.0,False
4409,603887,城地香江,9.85,1.65,2.76,-459.46,9.685084072264,0.2075152,58.53962458,-897.0,4257.0,84.4,2026-09-03,1.7,49.4,False
4410,603888,新华网,16.73,2.64,0.88,42.65,16.468304257311,0.2232224,69.63871355,41.0,994.0,73.2,2026-09-03,1.59,51.0,False
4411,603889,新澳股份,6.31,1.77,0.56,9.2,6.20314187474,0.1900456,68.66182233,-679.0,1222.0,69.2,2026-09-03,1.72,47.5,False
4412,603890,春秋电子,19.96,1.63,8.35,69.83,20.073188190377,0.282858,63.86984679,-2460.0,2688.0,90.0,2026-09-03,-0.56,57.5,False
4413,603893,瑞芯微,190.76,-1.62,1.53,46.98,195.417146454568,0.363926,75.06389197,4.0,243.0,90.4,2026-09-03,-2.38,67.9,False
4414,603895,天永智能,27.46,-3.14,0.79,193.18,28.115273636799,0.1755312,69.92785997,1392.0,919.0,65.2,2026-09-03,-2.33,45.6,False
4415,603896,寿仙谷,15.05,1.83,0.38,40.46,14.83771693092,0.1201388,59.33916358,-288.0,4068.0,70.4,2026-09-03,1.43,41.8,False
4416,603897,长城科技,31.27,3.71,4.59,22.77,30.12211675912,0.1519864,63.74532773,-130.0,2733.0,80.4,2026-09-03,3.81,51.3,False
4417,603898,好莱客,11.75,0.6,0.47,-51.37,11.608464698194,0.1760964,55.31238242,-1524.0,4854.0,64.4,2026-09-03,1.22,35.6,False
4418,603899,晨光股份,23.14,1.8,0.19,18.09,22.728092218339,0.0838064,74.53514185,-36.0,293.0,75.6,2026-09-03,1.81,56.3,False
4419,603900,莱绅通灵,7.12,4.09,10.5,63.9,7.073451654521,0.209242,67.0632869,1106.0,1662.0,84.4,2026-09-03,0.66,56.6,False
4420,603901,永创智能,10.1,0.9,0.77,19.87,10.086569615257,0.165478,65.91830108,-1664.0,2005.0,76.4,2026-09-03,0.13,50.4,False
4421,603903,中持股份,14.01,-0.64,1.03,122.75,14.169569024409,0.2474072,60.29522188,76.0,3820.0,64.8,2026-09-03,-1.13,39.1,False
4422,603906,龙蟠科技,19.19,-1.79,1.67,18.05,19.414395038487,0.2641768,71.4185827,2897.0,685.0,70.8,2026-09-03,-1.16,50.6,False
4423,603908,牧高笛,19.75,1.65,0.56,27.58,19.710546656212,0.0231576,61.14280885,799.0,3564.0,65.2,2026-09-03,0.2,39.9,False
4424,603909,建发合诚,9.95,3.22,0.49,24.92,9.795196453753,0.0364008,71.83456409,530.0,611.0,62.8,2026-09-03,1.58,45.1,False
4425,603912,佳力图,9.38,-0.32,4.1,-37.28,9.350388569564,0.2060552,65.28141456,-90.0,2207.0,83.6,2026-09-03,0.32,54.6,False
4426,603915,国茂股份,13.79,0.44,0.31,33.31,13.827205741758,0.1542828,65.68812646,555.0,2074.0,69.2,2026-09-03,-0.27,45.5,False
4427,603916,苏博特,11.73,2.45,3.49,33.31,11.350494212833,0.2643328,67.69257669,1702.0,1487.0,70.8,2026-09-03,3.34,47.9,False
4428,603917,合力科技,13.4,0.37,0.69,-447.1,13.536480350787,0.1458472,56.71729838,-2503.0,4642.0,68.0,2026-09-03,-1.01,38.6,False
4429,603918,金桥信息,11.55,3.13,2.37,-53.87,11.34086935428,0.1417564,55.91144711,-210.0,4772.0,77.6,2026-09-03,1.84,43.4,False
4430,603919,金徽酒,17.94,3.88,0.95,21.26,17.468527610914,0.145354,68.94756054,-400.0,1151.0,74.4,2026-09-03,2.7,51.3,False
4431,603920,世运电路,37.35,-0.29,2.05,160.05,37.39928786779,0.2165884,62.12722278,-1333.0,3258.0,78.4,2026-09-03,-0.13,48.7,False
4432,603922,ST金鸿顺,14.21,1.07,0.16,107.95,14.339347310903,0.2915824,61.42439028,-308.0,3484.0,62.8,2026-09-03,-0.9,38.6,False
4433,603926,铁流股份,17.41,0.4,0.7,29.42,17.296061027094,0.1616912,69.15633015,22.0,1109.0,60.0,2026-09-03,0.66,41.5,False
4434,603927,中科软,14.29,2.44,0.62,65.72,14.067024587149,0.124996,67.62919635,-75.0,1503.0,77.2,2026-09-03,1.59,52.2,False
4435,603928,兴业股份,11.67,0.69,0.87,30.81,11.65763755111,0.1660564,66.73932527,1107.0,1752.0,72.0,2026-09-03,0.11,48.1,False
4436,603929,亚翔集成,153.39,-1.04,0.65,33.37,155.737991730857,0.252016,67.63880126,-98.0,1501.0,75.6,2026-09-03,-1.51,51.1,False
4437,603931,格林达,33.93,-1.25,0.73,55.56,34.321913528298,0.1474216,61.97847695,-374.0,3324.0,70.0,2026-09-03,-1.14,43.4,False
4438,603933,睿能科技,19.41,0.67,0.56,30.65,19.377694616286,0.0409248,60.48232175,-174.0,3777.0,70.4,2026-09-03,0.17,42.6,False
4439,603936,博敏电子,16.66,-1.07,2.5,-104.81,16.798748624762,0.2706908,49.14362186,-81.0,5183.0,83.6,2026-09-03,-0.83,41.1,False
4440,603937,丽岛新材,11.82,0.68,0.57,34.78,11.76928817888,0.1142484,60.03347837,-671.0,3891.0,62.4,2026-09-03,0.43,37.5,False
4441,603938,三孚股份,40.87,-2.46,1.77,65.64,41.937965362604,0.2323624,65.3072529,-1574.0,2197.0,82.4,2026-09-03,-2.55,53.8,False
4442,603939,益丰药房,22.95,0.26,0.24,14.44,22.877902586931,0.24374,77.40084981,-19.0,113.0,74.0,2026-09-03,0.32,57.3,False
4443,603948,建业股份,20.04,1.37,0.34,36.0,19.891004034582,0.1506824,65.09233591,1036.0,2273.0,60.0,2026-09-03,0.75,39.1,False
4444,603949,雪龙集团,14.75,0.41,0.58,32.29,14.670586074298,0.1187288,65.55337654,594.0,2118.0,68.4,2026-09-03,0.54,44.8,False
4445,603950,长源东谷,66.86,0.84,1.57,65.0,65.843966421479,0.3950412,72.72498239,-247.0,488.0,74.8,2026-09-03,1.54,54.4,False
4446,603955,大千生态,21.72,2.74,1.11,-44.12,21.173438277187,0.2274516,64.50000291,12.0,2476.0,68.4,2026-09-03,2.58,44.1,False
4447,603956,威派格,6.2,0.98,1.18,-13.58,6.114605097483,0.2064196,56.72656433,163.0,4640.0,69.6,2026-09-03,1.4,39.5,False
4448,603958,哈森股份,20.97,-2.33,4.8,91.51,21.899233961011,0.2810096,61.71116863,-3015.0,3393.0,85.6,2026-09-03,-4.24,52.8,False
4449,603959,ST百利,4.39,1.15,0.6,-8.28,4.288936132018,0.3390796,58.48637485,912.0,4269.0,64.8,2026-09-03,2.36,37.9,False
4450,603960,克来机电,16.76,-0.3,2.32,-283.28,16.890876710418,0.2102252,63.03985284,1950.0,2967.0,70.0,2026-09-03,-0.77,44.1,False
4451,603966,法兰泰克,7.54,0.94,0.48,16.03,7.49829194391,0.1982036,60.65018261,-113.0,3729.0,65.2,2026-09-03,0.56,39.5,False
4452,603967,中创物流,11.76,0.68,0.34,11.72,11.684360595767,0.1147916,68.88862034,1130.0,1164.0,64.4,2026-09-03,0.65,44.4,False
4453,603968,醋化股份,10.86,1.59,0.37,-182.93,10.795857588835,0.0843436,58.90577109,-31.0,4186.0,62.0,2026-09-03,0.59,36.5,False
4454,603969,银龙股份,7.96,3.38,0.69,14.39,7.695432745856,0.1953528,66.09127856,-412.0,1944.0,72.4,2026-09-03,3.44,47.9,False
4455,603970,中农立华,11.2,1.36,0.51,12.13,11.141903797878,0.0594504,61.25597622,-801.0,3528.0,71.6,2026-09-03,0.52,43.9,False
4456,603976,正川股份,35.64,3.45,3.13,248.9,34.31631725414,0.2685352,68.52553463,-348.0,1272.0,73.6,2026-09-03,3.86,50.4,False
4457,603977,国泰集团,11.83,-0.34,0.48,37.5,11.791570560281,0.3084392,69.0043634,990.0,1139.0,65.6,2026-09-03,0.33,45.3,False
4458,603978,深圳新星,22.78,-1.17,5.79,120.13,22.736034217959,0.3193912,73.42476821,19.0,401.0,87.2,2026-09-03,0.19,64.0,False
4459,603979,金诚信,80.09,0.46,0.34,15.48,79.769468918549,0.2912656,73.96781172,-122.0,344.0,77.2,2026-09-03,0.4,57.1,False
4460,603980,吉华集团,7.98,3.77,9.97,58.5,7.310141613838,0.3796996,76.4852902,1001.0,150.0,82.8,2026-09-03,9.16,63.3,False
4461,603982,泉峰汽车,6.39,1.91,0.91,-6.31,6.333148447653,0.0783368,61.09287556,1000.0,3582.0,68.4,2026-09-03,0.9,41.8,False
4462,603983,丸美生物,33.37,1.71,0.96,43.03,32.246172342787,0.3085196,77.9468309,-3.0,93.0,70.4,2026-09-03,3.49,54.9,False
4463,603985,恒润股份,18.3,1.84,1.27,59.02,17.880234471037,0.2623256,72.02307743,14.0,585.0,74.4,2026-09-03,2.35,53.6,False
4464,603986,兆易创新,378.2,-1.3,1.83,19.41,385.604702795552,0.4356584,72.91722094,-46.0,464.0,85.6,2026-09-03,-1.92,62.4,False
4465,603987,康德莱,7.65,1.06,0.32,14.88,7.619142565064,0.10575,64.76044811,-785.0,2387.0,68.8,2026-09-03,0.4,44.6,False
4466,603988,中电电机,19.83,0.2,1.14,496.02,19.816754579457,0.160368,57.33385513,157.0,4528.0,73.2,2026-09-03,0.07,42.0,False
4467,603989,艾华集团,32.6,1.78,8.71,38.3,30.939438780538,0.347744,76.81216077,714.0,134.0,85.2,2026-09-03,5.37,65.4,False
4468,603990,麦迪科技,21.27,-3.23,2.42,489.4,22.050869247168,0.2862444,66.05472204,-1437.0,1958.0,78.4,2026-09-03,-3.54,51.8,False
4469,603991,领先股份,161.91,9.89,5.45,68.62,147.411313109345,0.4658208,76.70614639,-70.0,140.0,70.4,2026-09-03,9.84,54.0,False
4470,603992,松霖科技,21.24,0.76,0.26,30.42,21.091028630366,0.1455148,68.49165703,44.0,1278.0,61.6,2026-09-03,0.71,42.2,False
4471,603993,洛阳钼业,18.6,-0.05,0.44,12.32,18.624468080018,0.411322,77.23058632,199.0,122.0,86.0,2026-09-03,-0.13,66.4,False
4472,603995,甬金股份,25.45,0.43,0.39,12.85,25.54218634459,0.14234,69.58339256,-746.0,1010.0,69.6,2026-09-03,-0.36,48.4,False
4473,603997,继峰股份,11.49,-0.69,0.66,20.02,11.591295025056,0.3251344,72.44975661,1519.0,531.0,67.2,2026-09-03,-0.87,48.7,False
4474,603998,方盛制药,10.91,-0.46,1.06,12.12,10.983894957467,0.1687704,65.69975808,-154.0,2071.0,83.6,2026-09-03,-0.67,54.9,False
4475,603999,读者传媒,6.11,3.38,1.76,54.39,5.950355348943,0.2042792,64.4149938,1728.0,2504.0,67.6,2026-09-03,2.68,43.5,False
4476,605001,威奥股份,6.28,2.95,1.7,-30.59,6.267250219855,0.1368684,64.1046426,-1797.0,2598.0,70.8,2026-09-03,0.2,45.4,False
4477,605003,众望布艺,23.56,1.46,0.72,44.49,23.39333156347,0.0943388,63.52597883,-107.0,2812.0,64.8,2026-09-03,0.71,41.2,False
4478,605005,合兴股份,15.99,0.06,0.08,39.77,16.025582850738,0.1859432,64.41266177,-1337.0,2506.0,64.8,2026-09-03,-0.22,41.7,False
4479,605006,山东玻纤,15.15,-2.88,4.13,169.39,15.758580129039,0.2827292,67.36492863,-1504.0,1580.0,92.8,2026-09-03,-3.86,62.5,False
4480,605007,五洲特纸,15.32,1.19,0.52,15.85,15.270498297331,0.1506352,69.78731011,525.0,953.0,67.6,2026-09-03,0.32,47.2,False
4481,605008,长鸿高科,13.41,0.3,0.23,-74.18,13.409179714171,0.1750088,58.11754938,-1403.0,4365.0,68.8,2026-09-03,0.01,40.0,False
4482,605009,豪悦护理,25.31,1.48,0.29,17.68,25.132087069867,0.0927572,68.00953085,978.0,1408.0,67.2,2026-09-03,0.71,45.7,False
4483,605011,杭州热电,17.35,2.48,0.56,36.28,16.970278701836,0.162696,60.32947552,-1293.0,3813.0,72.0,2026-09-03,2.24,43.4,False
4484,605016,百龙创园,22.34,1.22,0.6,22.27,21.91543484989,0.2123336,73.03832205,-9.0,447.0,68.8,2026-09-03,1.94,50.3,False
4485,605018,长华集团,11.95,-0.17,0.22,157.85,11.883229238161,0.1038536,59.80137866,112.0,3963.0,62.8,2026-09-03,0.56,37.6,False
4486,605020,永和股份,33.93,1.83,1.21,16.9,33.130433179547,0.308298,71.85645175,736.0,608.0,75.2,2026-09-03,2.41,54.0,False
4487,605028,世茂能源,25.28,3.95,0.81,450.93,24.377051464064,0.1761548,64.38277703,1228.0,2516.0,64.4,2026-09-03,3.7,41.5,False
4488,605033,美邦股份,20.37,3.19,2.84,26.96,19.816401859349,0.1535904,61.3406728,287.0,3511.0,75.2,2026-09-03,2.79,46.1,False
4489,605050,福然德,10.67,0.95,0.14,16.41,10.587780862274,0.073816,62.62984665,-72.0,3092.0,62.8,2026-09-03,0.78,39.3,False
4490,605055,迎丰股份,9.73,0.83,0.36,-182.5,9.66127333299,0.1409312,64.55846449,1548.0,2454.0,61.6,2026-09-03,0.71,39.8,False
4491,605056,咸亨国际,13.96,0.58,0.45,45.11,13.893960914639,0.1129436,65.26104376,-246.0,2218.0,62.8,2026-09-03,0.48,41.0,False
4492,605058,澳弘电子,28.09,0.57,0.46,30.28,27.840852649478,0.0864496,61.76605398,267.0,3376.0,63.2,2026-09-03,0.89,39.0,False
4493,605060,联德股份,41.69,0.19,0.71,36.02,41.538033808129,0.140022,68.49211473,871.0,1277.0,67.2,2026-09-03,0.37,46.0,False
4494,605066,天正电气,7.15,0.99,0.36,53.03,7.112037114366,0.1598748,59.9288358,-103.0,3931.0,67.2,2026-09-03,0.53,40.3,False
4495,605068,明新旭腾,21.15,-10.0,5.86,-35.88,23.039452743266,0.3101756,67.45428182,-72.0,1561.0,74.8,2026-09-03,-8.2,50.5,False
4496,605069,正和生态,10.92,0.83,0.8,-16.65,10.854010309776,0.0969736,54.92729154,37.0,4889.0,62.8,2026-09-03,0.61,34.5,False
4497,605077,华康股份,11.27,1.17,0.5,40.65,11.142085837565,0.1005832,66.20769991,-227.0,1903.0,64.4,2026-09-03,1.15,42.6,False
4498,605080,浙江自然,23.08,0.92,0.53,13.59,23.209127422432,0.2600508,74.03720322,471.0,336.0,70.4,2026-09-03,-0.56,52.1,False
4499,605086,龙高股份,25.04,1.71,0.3,45.0,24.8971972813,0.1189452,64.22211408,-262.0,2559.0,63.6,2026-09-03,0.57,40.8,False
4500,605088,冠盛股份,23.27,6.55,9.86,18.77,21.442180566875,0.4006144,74.65668392,2048.0,282.0,65.2,2026-09-03,8.52,48.7,False
4501,605089,味知香,21.43,1.56,0.28,35.91,21.350551242236,0.0934332,64.0603016,-1544.0,2620.0,70.0,2026-09-03,0.37,44.8,False
4502,605090,九丰能源,33.75,0.06,0.54,12.55,33.738001845431,0.2269512,70.01194427,-62.0,906.0,76.8,2026-09-03,0.04,53.8,False
4503,605098,行动教育,57.48,2.19,0.39,19.96,56.293548290423,0.1264568,74.32134016,-66.0,315.0,65.2,2026-09-03,2.11,48.5,False
4504,605099,共创草坪,30.33,0.43,0.3,16.12,30.755396700269,0.2053648,75.05331097,999.0,244.0,64.0,2026-09-03,-1.38,48.0,False
4505,605100,华丰股份,33.97,-0.26,0.74,214.57,33.767512480622,0.2981888,67.21320102,372.0,1620.0,68.0,2026-09-03,0.6,45.7,False
4506,605108,同庆楼,13.34,2.54,0.85,1241.75,13.284367364568,0.1385988,69.19718261,691.0,1096.0,68.0,2026-09-03,0.42,47.1,False
4507,605111,新洁能,55.42,-1.05,1.14,49.32,56.052901116053,0.2294912,58.86083593,-106.0,4195.0,72.0,2026-09-03,-1.13,42.4,False
4508,605116,奥锐特,19.92,0.61,0.15,25.49,19.762767071525,0.1389996,65.06427864,-992.0,2286.0,69.6,2026-09-03,0.8,45.3,False
4509,605117,德业股份,87.59,1.55,0.37,20.52,86.318137962095,0.2608484,73.6416356,-278.0,378.0,82.0,2026-09-03,1.47,60.4,True
4510,605118,力鼎光电,35.08,-1.74,1.38,40.8,35.317475388987,0.3099844,79.7989638,-3.0,46.0,84.4,2026-09-03,-0.67,67.4,False
4511,605122,四方新材,11.83,1.63,0.71,139.23,11.781705424021,0.0948456,55.58017087,-73.0,4811.0,64.8,2026-09-03,0.41,36.0,False
4512,605123,派克新材,82.26,1.41,0.62,25.06,80.833641101391,0.1859524,63.46636859,-799.0,2823.0,73.6,2026-09-03,1.76,46.7,False
4513,605128,上海沿浦,25.74,0.7,0.6,43.56,25.526615476675,0.3759724,75.99919768,-35.0,177.0,70.4,2026-09-03,0.84,53.5,False
4514,605133,嵘泰股份,25.55,-1.62,0.98,41.5,26.207754544311,0.26238,62.34543555,255.0,3189.0,64.8,2026-09-03,-2.51,40.4,False
4515,605136,丽人丽妆,8.79,2.09,2.25,78.14,8.737857652148,0.1764512,67.07652655,89.0,1655.0,74.8,2026-09-03,0.6,50.2,False
4516,605138,盛泰集团,6.11,1.83,0.35,10.59,6.096889009084,0.0821268,60.15524024,-100.0,3855.0,69.2,2026-09-03,0.22,41.6,False
4517,605151,西上海,19.13,0.74,0.4,37.61,19.101353270404,0.0387808,66.69466309,1232.0,1760.0,60.4,2026-09-03,0.15,40.3,False
4518,605155,西大门,14.61,2.31,0.49,29.72,14.416445883134,0.1088852,69.41222163,44.0,1046.0,59.6,2026-09-03,1.34,41.4,False
4519,605158,华达新材,8.01,1.14,0.52,67.71,7.960862577385,0.0524192,54.52246813,-224.0,4939.0,66.4,2026-09-03,0.62,36.2,False
4520,605162,新中港,10.6,2.51,3.75,57.6,10.4762168321,0.2082428,69.01890152,1066.0,1137.0,85.6,2026-09-03,1.18,59.1,False
4521,605166,聚合顺,8.92,1.25,0.48,22.28,8.898968945889,0.1727116,62.09657465,1071.0,3272.0,64.0,2026-09-03,0.24,39.7,False
4522,605167,利柏特,16.33,-1.15,1.13,44.46,16.099739653086,0.25671,75.72256116,213.0,199.0,72.0,2026-09-03,1.43,54.5,False
4523,605168,三人行,48.55,-1.92,1.68,64.89,49.494265832222,0.3491248,74.70663673,8.0,280.0,69.2,2026-09-03,-1.91,51.7,False
4524,605169,洪通燃气,12.7,1.76,0.95,18.15,12.65453567825,0.0933764,67.36715155,-608.0,1578.0,71.6,2026-09-03,0.36,48.2,False
4525,605177,东亚药业,25.1,9.99,8.79,-12.16,23.023290204286,0.2099752,56.31905154,-470.0,4701.0,71.6,2026-09-03,9.02,40.3,False
4526,605178,时空科技,66.89,-1.63,1.12,-115.9,67.928408912483,0.2412672,55.72364167,-737.0,4794.0,63.6,2026-09-03,-1.53,35.4,False
4527,605179,一鸣食品,27.92,-0.57,5.85,143.5,28.08,0.1173148,58.22535314,-533.0,4334.0,89.6,2026-09-03,-0.57,52.2,False
4528,605180,华生科技,13.31,1.99,0.47,-405.83,13.180125471012,0.0684512,58.36335473,-1240.0,4296.0,68.8,2026-09-03,0.99,40.2,False
4529,605183,确成股份,15.8,1.48,0.23,18.55,15.669619180263,0.1495084,69.18977724,-223.0,1101.0,70.0,2026-09-03,0.83,48.4,False
4530,605186,健麾信息,26.17,0.62,0.48,250.58,26.1485922848,0.2424532,60.84376025,-1273.0,3653.0,61.2,2026-09-03,0.08,37.2,False
4531,605188,国光连锁,14.57,-5.7,4.54,170.67,15.140589932158,0.2128376,82.50636986,336.0,15.0,90.0,2026-09-03,-3.77,74.3,False
4532,605189,富春染织,14.08,1.08,1.3,9.33,14.03760043055,0.1468452,59.93223701,-843.0,3930.0,63.6,2026-09-03,0.3,38.1,False
4533,605196,华通线缆,35.03,-0.28,0.58,54.76,34.881986642286,0.369902,77.70230353,733.0,102.0,69.2,2026-09-03,0.42,53.8,False
4534,605198,安德利,67.61,0.88,0.48,89.92,66.653515405676,0.3022024,71.64122987,586.0,643.0,64.8,2026-09-03,1.44,46.4,False
4535,605199,ST葫芦娃,5.98,1.36,0.07,-10.55,5.967235952683,0.0986024,50.7743242,-184.0,5154.0,69.2,2026-09-03,0.21,35.1,False
4536,605208,永茂泰,14.74,-0.67,0.84,30.23,14.846570540989,0.245588,64.35419174,-4.0,2523.0,69.2,2026-09-03,-0.72,44.5,False
4537,605218,伟时电子,14.41,2.42,1.37,-33.84,14.340475162869,0.1118144,64.21666803,1761.0,2562.0,65.2,2026-09-03,0.48,41.9,False
4538,605222,起帆电缆,21.64,1.74,0.97,22.75,21.294010468872,0.1840924,64.37776923,-823.0,2518.0,66.4,2026-09-03,1.62,42.7,False
4539,605228,神通科技,10.88,0.28,0.5,28.2,10.879130989406,0.1846024,68.41227012,-481.0,1297.0,67.2,2026-09-03,0.01,46.0,False
4540,605255,天普股份,65.14,0.12,0.12,-304.83,65.200834715312,0.1837316,54.60853091,-35.0,4930.0,67.6,2026-09-03,-0.09,36.9,False
4541,605258,协和电子,30.06,-0.1,0.95,46.81,30.052475242373,0.0866224,62.07334664,-1924.0,3279.0,78.8,2026-09-03,0.03,48.9,False
4542,605259,绿田机械,18.04,1.29,0.14,17.58,17.961847723408,0.0572384,63.97354428,447.0,2654.0,61.2,2026-09-03,0.44,39.2,False
4543,605266,健之佳,16.01,1.39,0.48,23.06,15.924487669378,0.0609836,60.8399321,-95.0,3654.0,66.0,2026-09-03,0.54,40.2,False
4544,605268,王力安防,9.76,0.83,0.29,31.06,9.769956747149,0.2023528,67.11888165,1172.0,1647.0,70.4,2026-09-03,-0.1,47.3,False
4545,605277,新亚电子,17.16,-6.33,4.19,25.87,17.866397220874,0.2193124,76.30180499,-121.0,160.0,86.0,2026-09-03,-3.95,65.6,False
4546,605286,同力天启,26.83,2.44,1.54,115.06,26.076982427754,0.179976,61.94050704,-107.0,3329.0,75.6,2026-09-03,2.89,46.8,False
4547,605287,德才股份,39.57,2.43,2.06,62.64,38.588876151544,0.2817436,64.40230142,-1430.0,2508.0,76.4,2026-09-03,2.54,49.2,False
4548,605288,凯迪股份,68.43,-5.41,2.07,-139.68,67.414284541117,0.3818732,70.58857975,2449.0,806.0,72.0,2026-09-03,1.51,50.8,False
4549,605289,罗曼股份,105.79,-0.71,1.43,112.16,105.711267661945,0.342184,72.56203222,288.0,516.0,66.0,2026-09-03,0.07,47.9,False
4550,605296,神农集团,36.13,7.88,1.03,-11.75,33.205459830907,0.1804388,62.6816365,-146.0,3077.0,70.8,2026-09-03,8.81,44.4,False
4551,605298,必得科技,49.8,1.3,0.14,220.43,49.459411399405,0.2598076,68.27186153,919.0,1341.0,60.0,2026-09-03,0.69,41.0,False
4552,605299,舒华体育,13.81,-0.14,5.71,60.64,14.151152861748,0.2909996,73.88896124,676.0,349.0,70.8,2026-09-03,-2.41,52.3,False
4553,605300,佳禾食品,10.32,1.67,1.09,81.85,10.300727930674,0.2522836,62.53929457,-1844.0,3129.0,81.6,2026-09-03,0.19,51.0,False
4554,605303,园林股份,25.25,1.69,0.88,-28.64,24.965088918323,0.2583044,61.82284,-1120.0,3365.0,71.2,2026-09-03,1.14,44.0,False
4555,605305,中际联合,31.65,-0.16,0.92,12.77,31.76396432453,0.238198,68.74197724,312.0,1204.0,62.8,2026-09-03,-0.36,43.2,False
4556,605318,法狮龙,79.23,-0.19,0.35,-378.66,79.593243083671,0.313264,63.81736835,1753.0,2706.0,57.6,2026-09-03,-0.46,36.8,False
4557,605319,无锡振华,26.71,-1.15,0.44,22.78,27.016835470225,0.3554248,66.50818323,-1550.0,1811.0,70.0,2026-09-03,-1.14,46.6,False
4558,605333,沪光股份,17.89,0.96,0.29,77.41,17.801705017909,0.1172784,64.39559323,-410.0,2510.0,77.2,2026-09-03,0.5,49.7,False
4559,605336,*ST帅电,11.81,0.08,0.42,-108.92,11.981781715142,0.1695116,56.70264581,-1068.0,4647.0,68.0,2026-09-03,-1.43,38.6,False
4560,605337,李子园,9.49,2.71,0.53,28.28,9.312700016831,0.0744592,59.32104841,-1113.0,4074.0,69.6,2026-09-03,1.9,41.3,False
4561,605338,巴比食品,19.48,4.12,0.75,17.33,18.806954270236,0.109954,67.35065353,744.0,1589.0,67.6,2026-09-03,3.58,45.5,False
4562,605339,南侨食品,13.7,1.86,0.16,1120.46,13.575974455394,0.081598,57.82284805,-936.0,4425.0,63.6,2026-09-03,0.91,36.8,False
4563,605358,立昂微,41.08,-0.8,1.38,188.88,41.495006664331,0.2567812,57.86333905,120.0,4417.0,78.8,2026-09-03,-1.0,45.6,False
4564,605365,立达信,15.76,3.48,1.87,56.68,15.199564305137,0.1821364,68.04175312,-917.0,1401.0,80.8,2026-09-03,3.69,55.0,False
4565,605366,宏柏新材,7.99,-0.13,0.69,-101.28,7.986111875795,0.2318948,56.03648462,302.0,4751.0,68.8,2026-09-03,0.05,38.6,False
4566,605368,蓝天燃气,7.02,1.01,0.25,15.79,7.011014654204,0.1137284,66.76037285,-1077.0,1742.0,70.0,2026-09-03,0.13,46.7,True
4567,605369,拱东医疗,17.15,4.19,0.77,34.46,16.84799591485,0.149408,64.95824052,2092.0,2319.0,59.2,2026-09-03,1.79,38.5,False
4568,605376,博迁新材,136.78,-2.16,1.44,131.94,140.120950859443,0.2690872,67.35434931,1621.0,1586.0,79.6,2026-09-03,-2.38,53.6,False
4569,605377,华旺科技,8.23,0.98,0.42,17.44,8.188467178595,0.208384,61.08398985,915.0,3588.0,58.4,2026-09-03,0.51,35.7,False
4570,605378,野马电池,14.62,1.25,0.19,-178.67,14.540447461563,0.0482332,59.07137663,-1211.0,4146.0,67.6,2026-09-03,0.55,39.9,False
4571,605388,均瑶健康,6.22,2.98,0.74,415.08,6.09749277964,0.0901928,57.55157629,-117.0,4489.0,70.0,2026-09-03,2.01,40.3,False
4572,605389,长龄液压,68.46,-0.78,0.18,88.97,68.424123198304,0.1998448,65.35860997,2025.0,2184.0,60.4,2026-09-03,0.05,39.5,False
4573,605398,新炬网络,26.66,9.98,2.23,-338.96,24.24,0.4767752,72.70431642,145.0,491.0,72.4,2026-09-03,9.98,52.6,False
4574,605399,晨光新材,11.48,-0.52,0.82,-45.99,11.517631474925,0.137752,59.78942705,-531.0,3965.0,68.4,2026-09-03,-0.33,40.9,False
4575,605488,福莱新材,27.87,-1.62,1.02,80.43,27.844885441559,0.148524,68.31173652,1235.0,1332.0,66.4,2026-09-03,0.09,45.4,False
4576,605499,东鹏饮料,121.26,1.97,0.54,15.53,119.631902746439,0.331776,73.28396514,-291.0,414.0,83.2,2026-09-03,1.36,61.0,False
4577,605500,森林包装,7.43,1.5,0.41,187.9,7.352770385147,0.137098,59.31979448,-1573.0,4075.0,64.0,2026-09-03,1.05,38.0,False
4578,605507,国邦医药,15.42,0.19,0.16,17.67,15.422774784171,0.1138024,63.5591798,-1346.0,2799.0,65.2,2026-09-03,-0.02,41.4,False
4579,605555,德昌股份,12.68,0.71,0.33,91.37,12.683064965538,0.1453272,60.53535351,-1483.0,3759.0,66.4,2026-09-03,-0.02,40.2,False
4580,605566,福莱蒽特,29.04,0.17,1.33,48.27,29.191672878519,0.1701716,62.01354569,-2014.0,3305.0,75.6,2026-09-03,-0.52,46.9,False
4581,605567,春雪食品,9.73,2.1,0.7,47.56,9.639467760816,0.0399568,60.38083528,-1793.0,3800.0,68.4,2026-09-03,0.94,41.3,False
4582,605577,龙版传媒,15.55,9.97,6.91,43.92,13.673529558207,0.3262916,70.67662,-332.0,791.0,86.8,2026-09-03,13.72,61.3,False
4583,605580,恒盛能源,22.47,9.99,1.01,33.38,19.877076314859,0.4384472,78.15819724,174.0,85.0,70.4,2026-09-03,13.04,55.0,False
4584,605588,冠石科技,46.35,0.04,0.51,-36.91,46.526336420996,0.1030968,59.15201497,836.0,4120.0,66.0,2026-09-03,-0.38,39.0,False
4585,605589,圣泉集团,37.84,-1.2,1.21,35.79,38.268664265453,0.251128,69.32197263,-716.0,1059.0,80.0,2026-09-03,-1.12,55.5,False
4586,605598,上海港湾,26.56,1.92,0.41,-104.89,26.307432225288,0.1143372,56.38687075,-1269.0,4692.0,66.4,2026-09-03,0.96,37.4,False
4587,605599,菜百股份,15.01,1.28,0.45,13.36,14.85353363148,0.1306416,72.56290711,470.0,515.0,68.4,2026-09-03,1.05,49.6,False
4588,688001,华兴源创,51.04,-0.51,1.79,126.82,51.055178802635,0.3118348,69.24134367,2366.0,1083.0,63.2,2026-09-03,-0.03,43.8,False
4589,688002,睿创微纳,183.32,1.47,1.16,33.88,180.673112663198,0.4108756,82.31575513,-14.0,17.0,82.8,2026-09-03,1.47,68.2,False
4590,688003,天准科技,77.69,0.23,1.23,76.83,77.058316842669,0.2374696,63.03598762,-380.0,2968.0,68.8,2026-09-03,0.82,43.4,False
4591,688004,博汇科技,22.47,1.67,1.64,-43.39,22.356562812102,0.2104692,61.88576782,-368.0,3339.0,61.6,2026-09-03,0.51,38.1,False
4592,688005,容百科技,25.15,1.49,0.64,82.14,24.826289573633,0.2817352,54.85061641,9.0,4898.0,72.8,2026-09-03,1.3,39.9,False
4593,688006,杭可科技,21.3,0.09,0.43,41.64,21.282537068964,0.2817392,65.22253951,227.0,2234.0,65.2,2026-09-03,0.08,42.5,False
4594,688007,光峰科技,10.77,2.28,0.47,-26.8,10.651921757764,0.1942584,52.8189177,-588.0,5060.0,63.2,2026-09-03,1.11,33.4,False
4595,688008,澜起科技,192.09,1.09,1.35,58.69,191.721281609148,0.4449764,70.0397418,-24.0,899.0,87.2,2026-09-03,0.19,61.1,False
4596,688009,中国通号,4.97,1.22,0.13,17.86,4.94412699153,0.2993792,66.20385094,220.0,1904.0,68.0,2026-09-03,0.52,45.0,False
4597,688010,福光股份,25.86,-2.23,1.63,-160.27,26.484987549499,0.1648904,59.09488396,322.0,4139.0,60.4,2026-09-03,-2.36,35.7,False
4598,688011,新光光电,80.39,0.66,0.75,-118.06,80.052925677752,0.4080164,61.86037833,-1870.0,3354.0,66.8,2026-09-03,0.42,41.3,False
4599,688012,中微公司,338.39,-0.77,0.53,57.36,341.959704364982,0.514246,72.58063666,-103.0,510.0,88.0,2026-09-03,-1.04,63.9,False
4600,688013,天臣医疗,25.13,1.33,0.46,74.21,25.093613395145,0.1130984,60.93275776,792.0,3622.0,60.0,2026-09-03,0.15,36.6,False
4601,688015,交控科技,16.99,1.8,0.25,29.64,16.80371165392,0.1057876,68.54372667,1080.0,1265.0,62.0,2026-09-03,1.11,42.5,False
4602,688016,心脉医疗,87.78,1.48,0.49,16.78,86.904785065035,0.3023996,64.7712347,-267.0,2382.0,67.2,2026-09-03,1.01,43.5,False
4603,688017,绿的谐波,286.99,-1.18,2.14,375.23,291.364234228533,0.4472124,69.6438462,2518.0,993.0,82.0,2026-09-03,-1.5,57.1,False
4604,688018,乐鑫科技,114.15,-1.92,1.03,40.03,117.308753742205,0.3243876,75.15340176,301.0,235.0,78.4,2026-09-03,-2.69,58.9,False
4605,688019,安集科技,218.41,-1.9,0.84,46.9,224.03290143689,0.3660124,74.75297872,14.0,276.0,78.4,2026-09-03,-2.51,58.6,False
4606,688020,方邦股份,135.16,6.38,4.63,-168.74,124.432909329392,0.3465712,57.77527211,618.0,4439.0,66.8,2026-09-03,8.62,38.6,False
4607,688021,奥福科技,20.68,1.27,0.68,43.63,20.682591083991,0.1274384,65.2528746,-389.0,2220.0,59.6,2026-09-03,-0.01,38.9,False
4608,688022,ST瀚川,9.03,2.27,0.38,149.15,8.809413217115,0.1905712,55.98812106,-899.0,4761.0,60.8,2026-09-03,2.5,34.0,False
4609,688023,安恒信息,42.8,5.21,3.1,-12.41,40.820102691374,0.3505364,62.1917104,-596.0,3236.0,70.0,2026-09-03,4.85,43.5,False
4610,688025,杰普特,372.98,-0.14,1.61,90.71,374.0599164304,0.3535132,67.47462157,-739.0,1549.0,70.0,2026-09-03,-0.29,47.2,False
4611,688026,洁特生物,21.24,1.43,8.83,71.61,20.356593081532,0.2152248,62.75266507,-1836.0,3057.0,68.4,2026-09-03,4.34,42.9,False
4612,688027,国盾量子,385.32,4.91,1.35,-855.1,368.706786292524,0.2423156,58.28021179,287.0,4320.0,76.0,2026-09-03,4.51,44.3,False
4613,688028,沃尔德,96.28,-5.25,4.11,124.35,98.408029806938,0.4767964,77.32802135,358.0,118.0,69.2,2026-09-03,-2.16,53.5,False
4614,688029,南微医学,79.11,2.01,0.39,24.49,77.433649347321,0.2639264,67.36369305,-507.0,1582.0,68.4,2026-09-03,2.16,46.1,False
4615,688030,山石网科,17.28,2.92,1.05,-73.74,16.922822997157,0.1261048,59.32730928,-6.0,4072.0,63.6,2026-09-03,2.11,37.7,False
4616,688031,星环科技-U,111.17,0.6,5.68,-59.67,111.196745107315,0.3547028,67.91894811,2470.0,1435.0,69.2,2026-09-03,-0.02,47.0,False
4617,688032,禾迈股份,72.15,1.59,0.32,-27.29,71.223606610352,0.2191544,57.33967125,-174.0,4526.0,66.4,2026-09-03,1.3,38.1,False
4618,688033,*ST天宜,6.7,2.76,0.5,-11.58,6.538537198946,0.2086956,55.36225447,-49.0,4844.0,61.2,2026-09-03,2.47,33.9,False
4619,688035,德邦科技,65.55,-2.12,1.96,68.5,66.122667694069,0.3289052,68.20123301,431.0,1359.0,70.4,2026-09-03,-0.87,48.0,False
4620,688036,传音控股,57.33,1.54,0.33,18.61,56.800571899988,0.3221804,68.03580884,-56.0,1404.0,77.2,2026-09-03,0.93,52.5,False
4621,688037,芯源微,322.12,-1.67,1.1,4030.74,331.83597749808,0.3379836,60.61010346,-414.0,3742.0,77.2,2026-09-03,-2.93,46.8,False
4622,688038,中科通达,18.7,0.54,0.66,552.05,18.761974203582,0.1073208,57.4452635,-248.0,4513.0,62.0,2026-09-03,-0.33,35.6,False
4623,688039,当虹科技,34.85,3.14,1.66,-60.12,34.388390301136,0.2477144,61.28704031,1221.0,3520.0,67.6,2026-09-03,1.34,41.4,False
4624,688041,海光信息,247.65,0.59,0.25,160.03,246.848038103652,0.440922,76.38138658,274.0,158.0,86.8,2026-09-03,0.32,66.3,False
4625,688045,必易微,56.85,1.07,1.67,53.36,56.243914802246,0.1268676,59.93381792,145.0,3927.0,62.4,2026-09-03,1.08,37.4,False
4626,688046,药康生物,30.88,-2.71,1.03,57.15,31.405715391956,0.200272,66.64413045,-1111.0,1772.0,69.2,2026-09-03,-1.67,46.1,False
4627,688047,龙芯中科,104.34,1.06,0.28,-93.43,103.363778577982,0.2143984,58.11562655,558.0,4366.0,74.0,2026-09-03,0.94,43.0,False
4628,688048,长光华芯,276.33,0.26,2.51,802.82,276.270795334618,0.3946952,56.41665129,-211.0,4687.0,77.2,2026-09-03,0.02,43.6,False
4629,688049,炬芯科技,42.98,-0.78,1.05,34.77,43.409858756543,0.2857344,72.53330441,370.0,521.0,73.2,2026-09-03,-0.99,53.1,False
4630,688050,爱博医疗,39.86,2.07,0.65,21.11,39.35359798051,0.1863924,63.15135304,-33.0,2933.0,65.6,2026-09-03,1.29,41.4,False
4631,688051,佳华科技,25.33,2.97,0.66,-17.07,24.933164850954,0.0842404,61.17925083,-75.0,3550.0,60.8,2026-09-03,1.59,37.2,False
4632,688052,纳芯微,244.62,-1.21,0.7,295.87,245.462783426069,0.29711,65.95677738,-908.0,1989.0,70.8,2026-09-03,-0.34,46.7,False
4633,688053,ST思科瑞,39.0,-0.51,0.18,183.07,39.280580031366,0.2208256,63.96811459,-1786.0,2655.0,61.2,2026-09-03,-0.71,39.1,False
4634,688055,龙腾光电,3.77,1.07,0.07,-33.42,3.790843693307,0.1625312,58.70128469,-77.0,4231.0,59.2,2026-09-03,-0.55,34.8,False
4635,688056,莱伯泰科,41.46,0.02,0.77,104.55,41.562161394531,0.1442872,59.07695125,64.0,4144.0,58.0,2026-09-03,-0.25,34.3,False
4636,688057,金达莱,18.53,0.65,0.42,418.34,18.51767792232,0.1883804,63.16593388,952.0,2924.0,61.6,2026-09-03,0.07,38.9,False
4637,688058,宝兰德,25.69,2.35,0.79,-16.58,25.37110421436,0.14732,63.18194185,882.0,2915.0,65.2,2026-09-03,1.26,41.2,False
4638,688059,华锐精密,86.7,-2.39,1.73,25.51,88.031158224627,0.3716936,75.48743004,33.0,212.0,66.0,2026-09-03,-1.51,49.8,False
4639,688060,云涌科技,36.94,3.76,0.33,-58.06,36.047315487391,0.0712672,57.58127707,50.0,4483.0,61.6,2026-09-03,2.48,35.5,False
4640,688061,灿瑞科技,50.39,8.83,3.14,-120.31,46.329707673867,0.2974976,65.97667871,-931.0,1978.0,68.4,2026-09-03,8.76,45.1,False
4641,688062,迈威生物-U,27.84,-1.14,1.44,-11.92,27.750278441917,0.2419724,66.56935397,419.0,1792.0,65.6,2026-09-03,0.32,43.7,False
4642,688063,派能科技,42.75,1.35,0.82,66.15,42.121435827207,0.2260548,59.29342131,461.0,4080.0,68.8,2026-09-03,1.49,40.8,False
4643,688065,凯赛生物,42.07,-0.83,0.31,40.71,42.158265536281,0.2804744,68.48069379,1180.0,1279.0,66.0,2026-09-03,-0.21,45.2,False
4644,688066,*ST航图,8.01,1.52,0.81,-3.01,7.926312117749,0.2438604,49.69652207,-100.0,5176.0,65.2,2026-09-03,1.06,32.4,False
4645,688067,爱威科技,23.87,2.18,0.66,45.9,23.650551402878,0.07415,59.40329941,-443.0,4053.0,61.2,2026-09-03,0.93,36.4,False
4646,688068,热景生物,94.79,0.07,0.69,-34.85,94.068531996599,0.2563448,55.37866585,237.0,4840.0,67.2,2026-09-03,0.77,37.2,False
4647,688069,德林海,37.71,-0.16,0.66,-520.11,38.024805986386,0.4098236,70.08087877,150.0,890.0,59.2,2026-09-03,-0.83,41.5,False
4648,688070,纵横股份,36.9,1.74,0.9,-64.56,36.155094126964,0.2583228,60.9849895,-2370.0,3610.0,66.8,2026-09-03,2.06,40.7,False
4649,688071,华依科技,33.96,-0.38,0.96,195.82,34.073161915628,0.2479836,55.4677685,-1060.0,4824.0,62.0,2026-09-03,-0.33,34.4,False
4650,688072,拓荆科技,632.11,-1.39,0.73,68.77,644.158897997862,0.465582,69.2654147,-141.0,1075.0,80.8,2026-09-03,-1.87,56.0,False
4651,688073,毕得医药,59.82,0.03,1.41,26.31,59.849792572187,0.2876808,71.53145604,-549.0,668.0,68.0,2026-09-03,-0.05,48.6,False
4652,688075,安旭生物,29.52,1.34,0.14,-176.27,29.193873693177,0.0932164,57.69312616,523.0,4455.0,61.2,2026-09-03,1.12,35.3,False
4653,688076,ST诺泰,28.64,1.27,0.41,21.1,28.310347111892,0.3906028,66.35637838,-1103.0,1858.0,65.6,2026-09-03,1.16,43.5,False
4654,688077,大地熊,27.71,-0.61,0.78,45.99,27.717882602899,0.1989128,67.47282457,2282.0,1550.0,64.0,2026-09-03,-0.03,43.2,False
4655,688078,龙软科技,26.48,4.42,1.55,-64.86,25.630322591347,0.1053264,57.3153521,-175.0,4533.0,62.4,2026-09-03,3.32,35.8,False
4656,688079,美迪凯,15.34,-0.2,1.01,-35.4,15.301830219376,0.1622332,59.45036957,797.0,4046.0,58.8,2026-09-03,0.25,35.0,False
4657,688080,映翰通,37.88,1.55,0.48,37.47,37.486110954323,0.1262744,66.33904093,272.0,1863.0,60.4,2026-09-03,1.05,40.1,False
4658,688081,兴图新科,27.94,1.64,0.77,-45.51,27.17961991063,0.1977676,58.3473033,177.0,4300.0,58.4,2026-09-03,2.8,34.1,False
4659,688082,盛美上海,273.88,-2.74,0.36,66.83,283.029520497815,0.325594,68.29342389,-91.0,1336.0,76.8,2026-09-03,-3.23,52.4,False
4660,688083,中望软件,52.94,2.84,0.91,-260.28,51.877853919669,0.1827348,62.44888227,-101.0,3154.0,64.4,2026-09-03,2.05,40.2,False
4661,688084,晶品特装,48.64,1.38,1.46,-108.57,47.781949255936,0.1702804,59.87007901,-2319.0,3945.0,66.4,2026-09-03,1.8,39.8,False
4662,688085,三友医疗,13.61,1.8,0.41,89.94,13.422698046877,0.2248928,65.54124635,335.0,2123.0,63.6,2026-09-03,1.4,41.7,False
4663,688087,英科再生,37.84,0.42,0.18,23.79,38.2375869966,0.1273388,67.38190196,-691.0,1574.0,60.8,2026-09-03,-1.04,41.0,False
4664,688088,虹软科技,30.88,2.49,0.87,80.3,30.277811219203,0.1891856,64.80051739,-328.0,2376.0,69.6,2026-09-03,1.99,45.1,False
4665,688089,ST嘉必优,8.49,0.47,0.34,-7.02,8.498437591011,0.191530392157,53.65834677,-1222.0,5009.0,60.8,2026-09-03,-0.1,32.6,False
4666,688090,瑞松科技,69.34,0.78,3.21,131.51,68.110777529876,0.403262,68.60796037,2640.0,1242.0,61.6,2026-09-03,1.8,42.3,False
4667,688091,上海谊众,41.35,1.0,0.67,101.02,40.446505071597,0.3741952,67.25747123,-93.0,1611.0,67.6,2026-09-03,2.23,45.5,False
4668,688092,爱科科技,22.92,0.48,0.34,129.78,22.907747374421,0.1579192,68.35159372,1257.0,1318.0,60.4,2026-09-03,0.05,41.3,False
4669,688093,世华科技,21.81,1.02,0.23,24.98,21.689796172433,0.2521812,62.10888284,-266.0,3263.0,58.4,2026-09-03,0.55,36.3,False
4670,688095,福昕软件,63.39,2.56,3.54,207.45,62.070130185947,0.3388624,72.24810752,587.0,559.0,67.6,2026-09-03,2.13,48.8,False
4671,688096,京源环保,8.19,3.41,2.71,548.91,8.207307826488,0.2126336,44.15532413,-17.0,5194.0,58.4,2026-09-03,-0.21,25.8,False
4672,688097,博众精工,45.33,-1.39,0.56,39.41,45.734311765163,0.2470704,65.44780427,30.0,2155.0,65.2,2026-09-03,-0.88,42.7,False
4673,688098,申联生物,8.41,-0.47,0.26,-90.19,8.384532240169,0.2937016,63.03213347,1492.0,2971.0,60.4,2026-09-03,0.3,38.1,False
4674,688099,晶晨股份,93.59,1.34,0.83,32.43,92.021131652856,0.3161596,70.95956473,14.0,752.0,74.0,2026-09-03,1.7,52.5,False
4675,688100,威胜信息,26.17,1.95,0.28,31.79,25.728302561955,0.273382,68.54834392,449.0,1261.0,62.8,2026-09-03,1.72,43.0,False
4676,688101,三达膜,14.83,1.09,0.18,13.4,14.602922233332,0.2361784,64.61685675,29.0,2428.0,61.2,2026-09-03,1.56,39.5,False
4677,688102,斯瑞新材,31.43,0.16,0.56,127.78,31.404171449776,0.2325272,61.2028044,-496.0,3544.0,74.0,2026-09-03,0.08,45.3,False
4678,688103,国力电子,72.23,-1.49,0.97,109.26,72.52855260711,0.267862,66.57879438,-620.0,1788.0,62.8,2026-09-03,-0.41,41.8,False
4679,688105,诺唯赞,19.93,-1.58,0.67,469.94,20.168003147584,0.22965,56.06779247,-1406.0,4742.0,67.6,2026-09-03,-1.18,37.9,False
4680,688106,金宏气体,26.23,-0.19,1.27,103.6,26.167327623228,0.287252,63.66541122,1262.0,2763.0,66.0,2026-09-03,0.24,42.0,False
4681,688107,安路科技,30.58,1.26,1.05,-82.31,29.827707049181,0.2466484,60.07894833,1150.0,3878.0,64.0,2026-09-03,2.52,38.5,False
4682,688108,赛诺医疗,16.8,3.38,1.62,69.76,16.24025035562,0.2070756,66.80484519,282.0,1730.0,63.6,2026-09-03,3.45,42.5,False
4683,688109,品茗科技,71.98,-0.83,0.22,1561.18,72.916584633829,0.2425088,60.57394457,-1352.0,3751.0,60.8,2026-09-03,-1.28,36.8,False
4684,688110,东芯股份,114.33,-2.37,1.84,38.36,116.729871785659,0.4333176,72.71219495,13.0,489.0,79.2,2026-09-03,-2.06,57.6,False
4685,688111,金山办公,245.47,2.69,0.91,22.62,239.517606988069,0.4187712,74.09887586,-190.0,331.0,85.2,2026-09-03,2.49,63.1,False
4686,688112,鼎阳科技,65.51,-1.01,0.82,56.95,66.170287074798,0.1829216,70.68854766,-603.0,788.0,66.0,2026-09-03,-1.0,46.7,False
4687,688113,联测科技,36.45,1.65,0.64,20.35,36.00904928502,0.0898668,63.79524455,18.0,2712.0,60.0,2026-09-03,1.22,38.3,False
4688,688114,华大智造,58.78,-0.08,0.54,-77.72,59.023767235943,0.2140728,60.21846401,-1816.0,3838.0,70.4,2026-09-03,-0.41,42.4,False
4689,688115,思林杰,59.39,-3.29,0.98,299.32,61.080654651327,0.2665048,66.04420798,1361.0,1959.0,62.4,2026-09-03,-2.77,41.2,False
4690,688116,天奈科技,35.68,0.71,1.0,48.54,35.214304111045,0.3801672,68.79836319,272.0,1191.0,69.2,2026-09-03,1.32,47.6,False
4691,688117,圣诺生物,24.08,0.92,1.13,19.62,23.733480588504,0.295398,69.89669973,-259.0,927.0,65.2,2026-09-03,1.46,45.6,False
4692,688118,普元信息,21.53,0.98,3.13,-22.3,21.661774511539,0.2370952,69.58325986,3158.0,1011.0,63.6,2026-09-03,-0.61,44.3,False
4693,688119,中钢洛耐,4.01,2.56,0.59,-26.34,3.931460332135,0.1590652,59.04030223,676.0,4155.0,58.4,2026-09-03,2.0,34.5,False
4694,688120,华海清科,251.01,0.3,0.63,110.59,251.647404892489,0.3866172,70.14126918,952.0,874.0,76.8,2026-09-03,-0.25,53.9,False
4695,688121,*ST卓然,1.75,1.16,1.03,-2.07,1.749025496733,0.16541688172,42.71078025,0.0,5195.0,60.0,2026-09-03,0.06,25.6,False
4696,688122,西部超导,50.04,1.83,0.53,47.07,49.172845617415,0.2939272,61.36346893,28.0,3504.0,76.0,2026-09-03,1.76,46.6,False
4697,688123,聚辰股份,127.51,-3.45,1.66,19.29,131.48387132806,0.3259672,70.21582474,1709.0,862.0,69.2,2026-09-03,-3.02,48.6,False
4698,688125,安达智能,121.62,-1.21,0.45,-278.2,122.554525147595,0.1883232,58.88328019,-12.0,4189.0,60.8,2026-09-03,-0.76,35.8,False
4699,688126,沪硅产业,23.23,-0.85,0.69,-39.77,23.503908204964,0.3433924,54.59516333,-49.0,4934.0,74.8,2026-09-03,-1.17,40.8,False
4700,688127,蓝特光学,66.23,-1.94,0.84,49.4,67.144224046069,0.3220752,76.35356711,770.0,159.0,66.4,2026-09-03,-1.36,50.7,False
4701,688128,中国电研,22.43,1.04,0.15,17.2,22.222626573289,0.1471112,63.38157723,-1561.0,2848.0,62.8,2026-09-03,0.93,39.8,False
4702,688129,东来技术,22.33,1.04,0.37,29.36,22.239963533092,0.13772,64.66845418,867.0,2412.0,59.6,2026-09-03,0.4,38.5,False
4703,688130,晶华微,23.73,1.32,1.25,-710.31,23.570864848877,0.1980816,61.50129028,1055.0,3453.0,65.6,2026-09-03,0.68,40.3,False
4704,688131,皓元医药,90.16,-1.95,0.89,56.15,91.677022048907,0.3081676,72.40437782,-131.0,537.0,69.6,2026-09-03,-1.65,50.4,False
4705,688132,邦彦技术,16.23,5.66,1.56,-11.86,15.289198251307,0.1734372,62.56509589,1605.0,3115.0,65.2,2026-09-03,6.15,40.8,False
4706,688133,泰坦科技,21.25,1.87,1.24,-40.93,20.781360050372,0.206188,53.93578316,113.0,4985.0,62.4,2026-09-03,2.26,33.7,False
4707,688135,利扬芯片,28.3,2.09,2.17,214.53,27.634537209904,0.2696092,64.75835824,-79.0,2388.0,69.2,2026-09-03,2.41,44.8,False
4708,688136,科兴制药,20.66,-0.19,0.82,15.58,20.829306516139,0.2152372,61.84465433,-1768.0,3362.0,66.8,2026-09-03,-0.81,41.3,False
4709,688137,近岸蛋白,63.6,-0.27,2.99,-76.13,65.83265312193,0.3228796,51.84874844,-269.0,5113.0,70.0,2026-09-03,-3.39,36.3,False
4710,688138,清溢光电,34.34,-3.38,1.26,45.82,35.498371819272,0.2919544,63.6809754,-436.0,2756.0,69.2,2026-09-03,-3.26,44.1,False
4711,688139,海尔生物,30.92,0.91,0.33,33.19,30.842565170417,0.2631616,67.47862936,-778.0,1548.0,67.6,2026-09-03,0.25,45.6,False
4712,688141,杰华特,116.7,-1.73,0.95,-50.53,118.553537162661,0.3677672,58.60551086,638.0,4249.0,66.4,2026-09-03,-1.56,38.9,False
4713,688143,长盈通,164.0,-6.63,8.59,703.34,178.82704107175,0.5236672,64.49033261,-1042.0,2482.0,79.2,2026-09-03,-8.29,51.1,False
4714,688146,中船特气,232.8,0.39,2.52,177.13,231.409729338983,0.3967244,61.03702546,-129.0,3600.0,78.8,2026-09-03,0.6,48.1,False
4715,688147,微导纳米,103.36,-3.82,1.34,234.3,109.515737788002,0.339942,62.11152424,-800.0,3262.0,70.8,2026-09-03,-5.62,44.0,False
4716,688148,芳源股份,6.23,1.3,1.16,35.23,6.171839589189,0.1844996,64.86412687,207.0,2353.0,60.8,2026-09-03,0.94,39.4,False
4717,688150,莱特光电,37.95,-0.94,0.95,69.4,37.742781582871,0.2555048,71.44797124,1334.0,681.0,63.2,2026-09-03,0.55,45.2,False
4718,688151,华强科技,16.93,2.17,0.69,306.07,16.562989362585,0.1917848,63.79532233,-1888.0,2711.0,67.2,2026-09-03,2.22,42.9,False
4719,688152,麒麟信安,37.26,3.07,3.64,-782.04,36.322691969322,0.2290432,61.41357123,-820.0,3489.0,74.0,2026-09-03,2.58,45.4,False
4720,688153,唯捷创芯,26.39,1.15,0.3,-59.44,26.169191228751,0.1977816,62.83677158,-80.0,3032.0,66.0,2026-09-03,0.84,41.5,False
4721,688155,先惠技术,51.74,0.62,0.84,15.6,51.526764469441,0.2734668,66.37888274,-147.0,1852.0,63.6,2026-09-03,0.41,42.2,False
4722,688156,路德科技,22.05,-2.82,3.2,124.4,22.67988434575,0.2381888,69.16895787,565.0,1104.0,66.0,2026-09-03,-2.78,45.7,False
4723,688157,松井股份,19.57,3.38,1.12,-367.11,18.729204594518,0.19158,57.96254735,592.0,4397.0,62.0,2026-09-03,4.49,35.9,False
4724,688158,优刻得-W,30.69,1.52,2.46,875.24,30.365215805535,0.3144372,61.24912818,-293.0,3532.0,76.0,2026-09-03,1.07,46.5,False
4725,688159,有方科技,35.65,-0.34,1.75,22.18,35.525078270185,0.2357752,66.64902705,1574.0,1771.0,64.4,2026-09-03,0.35,42.9,False
4726,688160,步科股份,100.55,-0.42,0.6,126.21,100.711984342834,0.3287304,70.28779483,963.0,850.0,64.8,2026-09-03,-0.16,45.5,False
4727,688161,威高骨科,22.24,2.49,0.35,33.64,21.678249237113,0.218526,68.25623106,-15.0,1347.0,61.6,2026-09-03,2.59,42.0,False
4728,688162,巨一科技,24.81,0.85,0.27,38.75,24.708943541868,0.0829812,66.32509072,-508.0,1866.0,60.8,2026-09-03,0.41,40.3,False
4729,688163,赛伦生物,35.38,0.63,0.32,53.7,34.950315725759,0.1607068,59.1074738,-373.0,4133.0,57.6,2026-09-03,1.23,34.0,False
4730,688165,埃夫特-U,15.71,-0.06,0.68,-72.0,15.875141648048,0.1439528,53.1996587,74.0,5041.0,64.8,2026-09-03,-1.04,34.5,False
4731,688166,博瑞医药,35.32,1.55,1.04,130.59,34.452434668859,0.3440164,67.60612356,1474.0,1507.0,73.2,2026-09-03,2.52,49.5,False
4732,688167,炬光科技,313.33,10.26,6.84,-303.27,281.417182172334,0.4995,67.63157363,2144.0,1502.0,81.6,2026-09-03,11.34,55.2,False
4733,688168,安博通,38.46,3.5,2.85,-91.2,37.323719347015,0.2595836,65.63809379,2247.0,2092.0,61.2,2026-09-03,3.04,40.2,False
4734,688169,石头科技,132.9,0.37,0.99,17.48,132.649552422176,0.3341092,78.46850638,64.0,73.0,78.4,2026-09-03,0.19,61.5,False
4735,688170,德龙激光,61.1,15.98,8.8,-82.71,52.29018525257,0.2858732,63.71891034,70.0,2742.0,64.0,2026-09-03,16.85,40.8,False
4736,688171,纬德信息,25.34,2.55,0.86,-190.26,24.839975007596,0.2026256,54.92558516,-143.0,4890.0,57.6,2026-09-03,2.01,31.6,False
4737,688172,燕东微,45.77,-1.1,0.64,-75.18,46.215628356857,0.2250788,54.56677973,206.0,4936.0,61.2,2026-09-03,-0.96,33.4,False
4738,688173,希荻微,13.01,1.09,1.33,-88.94,13.073461844698,0.2713844,57.11898943,-2059.0,4567.0,61.2,2026-09-03,-0.49,35.0,False
4739,688175,高凌信息,18.55,0.22,0.88,712.53,18.726504936999,0.11621,56.77228833,97.0,4631.0,60.8,2026-09-03,-0.94,34.5,False
4740,688176,亚虹医药-U,13.0,2.2,2.16,-15.59,12.982969626805,0.291388,67.46510484,1571.0,1556.0,62.4,2026-09-03,0.13,42.1,False
4741,688177,百奥泰,17.71,-0.45,0.31,-14.55,17.699239391877,0.0982412,57.79230355,228.0,4436.0,63.6,2026-09-03,0.06,36.8,False
4742,688178,万德斯,28.03,-0.99,0.6,734.17,28.325251793747,0.2087336,53.17983709,-30.0,5043.0,60.4,2026-09-03,-1.04,32.1,False
4743,688179,阿拉丁,19.09,-0.42,0.82,50.99,19.075806088568,0.1905912,63.41027233,-434.0,2839.0,62.0,2026-09-03,0.07,39.3,False
4744,688180,君实生物-U,33.74,-0.03,0.64,799.53,33.428862871336,0.2889556,59.46289117,-672.0,4039.0,74.0,2026-09-03,0.93,44.0,False
4745,688181,八亿时空,38.74,-3.1,4.08,58.97,38.710505827554,0.361098,72.85113753,2507.0,473.0,58.8,2026-09-03,0.08,42.8,False
4746,688182,灿勤科技,27.45,-1.19,0.59,97.64,27.800411259512,0.1582496,61.00313129,-441.0,3604.0,63.2,2026-09-03,-1.26,38.6,False
4747,688183,生益电子,120.91,-2.1,0.96,45.59,124.033890818804,0.3987956,69.67532239,-871.0,985.0,84.0,2026-09-03,-2.52,58.5,False
4748,688184,ST帕瓦,11.1,1.19,0.21,19.3,11.072172247504,0.1471952,51.30897387,-20.0,5137.0,59.6,2026-09-03,0.25,30.6,False
4749,688185,康希诺,70.85,-4.17,3.76,-12140.77,72.68294265541,0.3914396,66.40277109,-1163.0,1850.0,78.4,2026-09-03,-2.52,52.1,False
4750,688186,广大特材,14.17,1.21,0.33,161.0,14.043218343314,0.1594436,57.97251977,-1360.0,4395.0,62.8,2026-09-03,0.9,36.4,False
4751,688187,时代电气,46.65,1.15,0.23,18.13,46.225026972135,0.3101932,65.96746446,-1063.0,1983.0,66.4,2026-09-03,0.92,43.8,False
4752,688188,柏楚电子,97.19,0.74,0.18,25.04,96.444789917768,0.1694508,66.50137406,63.0,1819.0,66.4,2026-09-03,0.77,44.2,False
4753,688189,ST南新,6.75,0.6,0.72,-24.78,6.749589755179,0.3828292,60.92787473,78.0,3626.0,60.0,2026-09-03,0.01,36.6,False
4754,688190,云路股份,74.07,1.59,0.36,35.35,72.774189168991,0.2239612,69.61556453,-98.0,1001.0,62.0,2026-09-03,1.78,43.2,False
4755,688191,智洋创新,20.61,0.93,0.76,-73.6,20.340866022045,0.1784356,55.46832893,47.0,4823.0,63.6,2026-09-03,1.32,35.3,False
4756,688192,迪哲医药-U,57.62,-4.09,1.06,-63.7,59.395765332287,0.284016,58.26770955,201.0,4326.0,65.6,2026-09-03,-2.99,38.2,False
4757,688193,仁度生物,48.79,1.22,0.42,102.08,48.759364566788,0.1148044,61.12361594,1164.0,3570.0,60.0,2026-09-03,0.06,36.7,False
4758,688195,腾景科技,201.71,-0.29,4.85,364.68,200.100180166257,0.4700896,77.99549529,7.0,90.0,81.6,2026-09-03,0.8,63.6,False
4759,688196,卓越新能,36.56,3.31,1.03,144.59,35.412439375629,0.1977336,62.94280572,-147.0,2997.0,65.2,2026-09-03,3.24,41.0,False
4760,688197,首药控股-U,32.83,-0.06,1.13,-39.98,32.456984361173,0.2156252,62.34199426,258.0,3190.0,62.0,2026-09-03,1.15,38.7,False
4761,688198,佰仁医疗,72.5,0.72,0.09,113.78,71.993967984477,0.391044,64.34477092,-260.0,2528.0,59.6,2026-09-03,0.7,38.3,False
4762,688199,久日新材,23.46,-0.09,0.87,43.56,23.428321107963,0.2016908,58.27148514,-51.0,4324.0,61.6,2026-09-03,0.14,35.9,False
4763,688200,华峰测控,366.76,-1.83,0.8,88.47,375.992759822164,0.3025408,66.74863626,-321.0,1746.0,74.0,2026-09-03,-2.46,49.4,False
4764,688201,ST信安,7.55,2.72,0.58,-58.23,7.419006640649,0.2253628,63.82373838,-110.0,2703.0,60.8,2026-09-03,1.77,38.8,False
4765,688202,美迪西,95.25,0.43,2.68,124.0,93.6495517658,0.2946196,62.01156219,-1991.0,3308.0,74.4,2026-09-03,1.71,46.1,True
4766,688203,海正生材,14.47,4.25,1.38,70.09,13.992563549728,0.1679016,65.66522,1468.0,2079.0,66.4,2026-09-03,3.41,43.6,False
4767,688205,德科立,196.18,7.55,8.29,158.97,179.898173072339,0.4399676,74.83407343,1238.0,264.0,79.2,2026-09-03,9.05,59.3,False
4768,688206,概伦电子,40.65,-1.69,0.69,-1521.92,41.160928355856,0.3141176,62.28598999,146.0,3205.0,72.4,2026-09-03,-1.24,45.1,False
4769,688207,格灵深瞳,17.72,1.14,2.69,-24.15,17.522202675308,0.263096,57.65596231,537.0,4464.0,60.8,2026-09-03,1.13,35.1,False
4770,688208,道通科技,26.35,1.86,0.49,20.36,25.94964205199,0.256146,70.35312418,1165.0,839.0,66.4,2026-09-03,1.54,46.7,False
4771,688209,英集芯,35.8,7.54,5.55,74.77,32.135565465233,0.4100392,75.35280758,231.0,223.0,74.4,2026-09-03,11.4,56.1,False
4772,688210,统联精密,33.49,-0.36,1.26,-47.33,33.991295103713,0.3004552,68.61265604,280.0,1240.0,68.0,2026-09-03,-1.47,46.7,False
4773,688211,中科微至,31.18,1.1,0.18,157.16,30.961635427869,0.1441296,59.49743016,-790.0,4032.0,60.0,2026-09-03,0.71,35.7,False
4774,688212,澳华内镜,31.69,3.02,1.18,-24.92,30.336312105029,0.2346996,66.60147955,2024.0,1782.0,64.0,2026-09-03,4.46,42.6,False
4775,688213,思特威-W,94.2,0.93,0.56,35.86,93.128230644434,0.2681736,68.26690234,-328.0,1344.0,69.2,2026-09-03,1.15,47.2,False
4776,688215,瑞晟智能,47.42,-3.99,1.3,80.77,49.264608499857,0.2900796,74.42583754,59.0,306.0,64.0,2026-09-03,-3.74,47.6,False
4777,688216,气派科技,30.68,-1.22,1.89,147.23,30.745738153687,0.2433436,64.07860355,308.0,2611.0,59.2,2026-09-03,-0.21,37.9,False
4778,688217,睿昂基因,24.95,1.84,0.9,-56.46,24.871791274897,0.0947888,59.265837,57.0,4088.0,61.2,2026-09-03,0.31,36.3,False
4779,688218,江苏北人,40.22,-0.81,0.57,148.05,40.380185139722,0.2993608,59.96527147,679.0,3916.0,62.0,2026-09-03,-0.4,37.2,False
4780,688219,会通股份,10.71,1.9,0.73,27.4,10.510210253677,0.2196068,62.60610654,178.0,3097.0,59.2,2026-09-03,1.9,37.1,False
4781,688220,翱捷科技-U,94.83,1.02,0.73,235.43,94.083042712297,0.2556328,59.91901013,44.0,3934.0,68.0,2026-09-03,0.79,40.7,False
4782,688221,前沿生物-U,17.81,2.3,3.72,22.4,17.247521980464,0.262904,65.75619425,2233.0,2055.0,64.4,2026-09-03,3.26,42.3,False
4783,688222,成都先导,32.18,-0.71,1.87,79.91,32.145491678689,0.3144124,74.96848672,-73.0,253.0,73.6,2026-09-03,0.11,55.2,False
4784,688223,晶科能源,4.1,2.24,0.31,-6.84,4.038272152249,0.2650172,56.06319936,-226.0,4743.0,70.4,2026-09-03,1.53,39.5,False
4785,688225,亚信安全,13.7,10.31,3.37,-10.73,12.560774580114,0.2147952,61.06402923,-1534.0,3592.0,66.4,2026-09-03,9.07,40.5,False
4786,688226,威腾电气,29.02,1.01,1.53,162.03,28.49916639898,0.1918344,61.53423785,-12.0,3442.0,60.8,2026-09-03,1.83,37.4,False
4787,688227,品高股份,72.27,-1.9,1.35,923.35,75.004664186198,0.2995988,60.12301404,-2631.0,3864.0,61.6,2026-09-03,-3.65,37.0,False
4788,688228,开普云,83.76,-1.92,1.79,-149.32,83.24451089876,0.3948224,68.37861829,2609.0,1305.0,66.4,2026-09-03,0.62,45.4,False
4789,688229,博睿数据,68.8,3.69,1.96,-42.88,68.360412373302,0.2487036,59.72331927,-1241.0,3982.0,62.0,2026-09-03,0.64,37.0,False
4790,688230,芯导科技,61.39,5.79,0.92,47.8,58.271242635986,0.2367924,60.35711006,-636.0,3806.0,63.6,2026-09-03,5.35,38.4,False
4791,688231,隆达股份,34.66,2.7,1.22,51.62,33.344249724575,0.17793,72.04432499,-326.0,577.0,66.0,2026-09-03,3.95,47.5,False
4792,688232,新点软件,18.6,3.56,0.66,-47.41,18.154125928743,0.089704,59.29621053,-1257.0,4079.0,61.2,2026-09-03,2.46,36.3,False
4793,688233,神工股份,95.82,-2.32,2.03,198.59,97.699740701288,0.3326332,61.71541859,1615.0,3390.0,68.4,2026-09-03,-1.92,42.2,False
4794,688234,天岳先进,99.83,-0.82,0.79,-412.68,101.16443332703,0.2504124,56.13377053,145.0,4729.0,74.0,2026-09-03,-1.32,41.5,False
4795,688235,百济神州,267.29,-0.67,1.34,63.02,267.096413354325,0.3939664,73.4551356,-95.0,396.0,84.0,2026-09-03,0.07,61.7,False
4796,688236,春立医疗,14.38,2.35,0.32,22.99,14.114226200399,0.1246744,68.59444294,-46.0,1250.0,60.8,2026-09-03,1.88,41.7,False
4797,688237,超卓航科,56.96,0.56,0.5,342.35,56.560407149693,0.344613636364,66.94065875,2359.0,1694.0,60.0,2026-09-03,0.71,40.2,False
4798,688238,和元生物,6.62,0.76,0.91,-21.18,6.580670177118,0.1642336,54.69726718,-525.0,4924.0,68.0,2026-09-03,0.6,37.2,False
4799,688239,航宇科技,55.09,1.6,1.6,44.9,53.527881327282,0.38795,74.84611341,30.0,262.0,72.0,2026-09-03,2.92,53.9,False
4800,688244,永信至诚,15.47,3.76,1.01,-21.84,15.187750480262,0.0666156,58.15143519,-155.0,4353.0,61.6,2026-09-03,1.86,35.8,False
4801,688246,嘉和美康,17.64,2.98,1.01,-15.17,17.406563565754,0.1026444,50.69264408,-265.0,5156.0,60.4,2026-09-03,1.34,30.6,False
4802,688247,宣泰医药,9.23,1.43,0.46,70.44,9.150545868008,0.1577932,58.33630684,50.0,4305.0,62.4,2026-09-03,0.87,36.4,False
4803,688248,南网科技,44.14,5.15,0.65,79.79,41.564560844813,0.3463056,71.84990858,597.0,610.0,63.2,2026-09-03,6.2,45.4,False
4804,688249,晶合集成,36.25,-0.25,0.34,165.07,36.131119050493,0.2849956,64.64559351,1185.0,2416.0,70.8,2026-09-03,0.33,45.8,False
4805,688251,井松智能,20.47,0.99,0.51,-21.5,20.48552326753,0.1087364,60.056093,-209.0,3886.0,59.2,2026-09-03,-0.08,35.6,False
4806,688252,天德钰,21.16,0.62,0.42,31.35,20.971164052001,0.1732568,65.8314214,-1031.0,2031.0,62.4,2026-09-03,0.9,41.1,False
4807,688253,英诺特,58.66,-0.39,0.5,129.12,58.582337626214,0.4097776,66.99062029,228.0,1682.0,61.6,2026-09-03,0.13,41.3,False
4808,688255,凯尔达,26.17,0.69,1.32,50.85,26.091243625197,0.1761252,63.78704231,-61.0,2715.0,63.2,2026-09-03,0.3,40.3,False
4809,688256,寒武纪,1094.11,-0.53,0.55,148.87,1101.00084078098,0.9819716,75.07732517,-93.0,240.0,90.0,2026-09-03,-0.63,67.6,False
4810,688257,新锐股份,52.21,-1.71,1.55,16.41,52.95148372557,0.2782308,68.37876263,-232.0,1304.0,64.4,2026-09-03,-1.4,44.0,False
4811,688258,卓易信息,97.81,1.28,2.66,55.76,98.358407090274,0.3589924,68.9631494,1323.0,1147.0,66.8,2026-09-03,-0.56,46.1,False
4812,688259,创耀科技,32.38,2.89,0.61,153.86,31.525245877001,0.1901172,59.2084427,-69.0,4106.0,60.8,2026-09-03,2.71,36.0,False
4813,688260,昀冢科技,91.48,-3.32,1.82,-60.14,94.738788545764,0.346691320755,60.94125968,1019.0,3619.0,68.8,2026-09-03,-3.44,41.9,False
4814,688261,东微半导,68.21,-0.96,1.22,39.35,69.384278645013,0.322902,62.16460723,1417.0,3245.0,70.0,2026-09-03,-1.69,43.5,False
4815,688262,国芯科技,28.31,0.68,0.99,-58.1,27.89432886616,0.2657344,58.58180937,270.0,4254.0,71.6,2026-09-03,1.49,41.9,False
4816,688265,南模生物,39.33,-1.45,1.04,168.91,40.145930927398,0.2147736,63.42606077,-1492.0,2832.0,66.4,2026-09-03,-2.03,42.1,False
4817,688266,泽璟制药-U,116.53,-0.72,0.74,24.1,116.200740821815,0.2998732,70.88741001,465.0,757.0,69.2,2026-09-03,0.28,49.1,False
4818,688267,中触媒,19.18,0.95,0.32,27.18,19.082047747764,0.2169908,64.8182446,-972.0,2368.0,60.4,2026-09-03,0.51,39.2,False
4819,688268,华特气体,132.33,-2.34,1.81,91.0,133.929332244294,0.3448024,64.09491897,-314.0,2605.0,75.2,2026-09-03,-1.19,48.2,False
4820,688269,凯立新材,27.55,1.36,0.48,33.68,27.236499340349,0.1939968,62.7041557,1029.0,3072.0,61.2,2026-09-03,1.15,38.4,False
4821,688270,ST臻镭,57.51,0.02,0.63,115.15,57.455624336347,0.366498,59.96042874,97.0,3918.0,67.6,2026-09-03,0.09,40.5,False
4822,688271,联影医疗,108.88,3.62,0.51,50.02,105.161126227199,0.2902416,70.13752164,-226.0,877.0,76.4,2026-09-03,3.54,53.6,False
4823,688272,富吉瑞,29.72,2.91,1.19,-43.01,29.195924780714,0.1784256,58.9354429,-969.0,4177.0,58.8,2026-09-03,1.8,34.7,False
4824,688273,麦澜德,29.31,1.35,0.58,39.9,29.263114595503,0.0900388,60.68366095,-1108.0,3714.0,60.8,2026-09-03,0.16,36.9,False
4825,688275,万润新能,73.81,-0.05,1.27,7.73,73.953809540947,0.2473484,61.39448839,20.0,3495.0,66.0,2026-09-03,-0.19,40.5,False
4826,688276,百克生物,16.23,0.25,0.24,-64.43,16.194093516611,0.1893664,58.03669988,-466.0,4382.0,66.4,2026-09-03,0.22,38.5,False
4827,688277,天智航-U,15.18,2.43,0.75,-50.5,14.993816424873,0.174756666667,52.02294734,-64.0,5106.0,62.4,2026-09-03,1.24,32.5,False
4828,688278,特宝生物,56.01,1.16,0.36,23.99,55.05989630363,0.245154,68.61346571,-174.0,1239.0,66.8,2026-09-03,1.73,45.8,False
4829,688279,峰岹科技,189.09,-2.63,0.76,54.63,193.322537364595,0.3089228,76.58699235,672.0,146.0,66.0,2026-09-03,-2.19,50.5,False
4830,688280,精进电动-W,5.55,1.65,0.89,-9.15,5.472958672528,0.1599464,58.40854181,-1388.0,4282.0,59.6,2026-09-03,1.41,34.8,False
4831,688281,XD华秦科,51.67,0.98,0.36,57.58,50.804886452949,0.340228,69.53808762,-207.0,1018.0,64.8,2026-09-03,1.7,45.1,False
4832,688282,理工导航,56.87,2.38,0.39,-90.63,56.472164521895,0.2107924,64.93439002,-1029.0,2329.0,61.6,2026-09-03,0.7,40.0,False
4833,688283,坤恒顺维,27.98,3.1,0.47,157.24,27.361199684294,0.128548,61.08753752,-708.0,3587.0,59.2,2026-09-03,2.26,36.2,False
4834,688285,高铁电气,7.66,1.73,0.27,44.4,7.586336645697,0.1229932,62.20039416,-1745.0,3233.0,60.4,2026-09-03,0.97,37.6,False
4835,688286,敏芯股份,47.84,-1.38,2.32,-90.87,48.48313271524,0.2658904,58.14017772,-2566.0,4357.0,69.2,2026-09-03,-1.33,40.2,False
4836,688288,鸿泉技术,19.59,2.14,0.91,-78.75,19.475650200491,0.0791372,60.57935079,-596.0,3749.0,62.4,2026-09-03,0.59,37.8,False
4837,688289,圣湘生物,16.0,1.27,0.37,46.93,15.864097990787,0.1748144,58.38798612,-11.0,4289.0,66.8,2026-09-03,0.86,39.0,False
4838,688290,景业智能,65.6,2.44,0.48,-267.96,64.338150590181,0.2521272,52.29026774,57.0,5091.0,60.8,2026-09-03,1.96,31.8,False
4839,688291,金橙子,43.91,7.41,3.03,35.24,40.796692420134,0.1927948,67.45379483,-98.0,1562.0,59.2,2026-09-03,7.63,39.9,False
4840,688292,浩瀚深度,18.72,0.65,0.83,-31.01,18.716222421988,0.1963456,58.25805449,-905.0,4327.0,63.2,2026-09-03,0.02,36.8,False
4841,688293,奥浦迈,55.68,-0.45,1.19,31.92,56.261815159667,0.1921472,67.17240513,-1208.0,1631.0,68.4,2026-09-03,-1.03,45.9,False
4842,688295,中复神鹰,39.53,3.45,0.53,253.53,38.275702442341,0.2102424,59.19945864,-220.0,4109.0,68.8,2026-09-03,3.28,40.7,False
4843,688296,和达科技,24.25,-2.81,1.73,-53.48,25.078073096196,0.2021756,63.51638663,-170.0,2814.0,67.2,2026-09-03,-3.3,42.7,False
4844,688297,中无人机,43.37,1.52,0.8,266.49,42.794524925112,0.3141156,61.65343332,-1914.0,3410.0,79.6,2026-09-03,1.34,49.1,False
4845,688298,东方生物,19.17,1.37,0.17,-8.7,19.037470300091,0.1204908,53.92315557,-581.0,4986.0,64.4,2026-09-03,0.7,34.7,False
4846,688299,长阳科技,13.18,2.89,1.08,190.18,12.842627465362,0.1488068,61.50223741,421.0,3452.0,62.8,2026-09-03,2.63,38.6,False
4847,688300,联瑞新材,166.77,-0.73,2.94,135.12,168.64858588115,0.4457464,66.64378228,39.0,1773.0,85.2,2026-09-03,-1.11,56.8,False
4848,688301,奕瑞科技,92.05,-0.9,0.62,35.56,93.23425430517,0.2405964,65.12645965,72.0,2262.0,64.4,2026-09-03,-1.27,41.9,False
4849,688302,海创药业-U,32.59,1.18,0.72,-28.7,32.035676158752,0.20489,57.75967572,-765.0,4443.0,61.6,2026-09-03,1.73,35.6,False
4850,688303,大全能源,16.96,2.29,0.16,-11.34,16.653914562166,0.2650872,52.4209533,-130.0,5085.0,68.4,2026-09-03,1.84,35.9,False
4851,688305,科德数控,57.63,1.16,0.95,109.56,56.99973468727,0.2856108,59.28470796,209.0,4082.0,72.8,2026-09-03,1.11,43.2,False
4852,688306,均普智能,8.72,1.28,0.26,-209.41,8.645388158444,0.1612232,62.07892857,1096.0,3278.0,61.6,2026-09-03,0.86,38.2,False
4853,688307,中润光学,46.65,-0.77,0.97,91.1,46.965278077267,0.1589084,62.35115556,282.0,3187.0,60.4,2026-09-03,-0.67,37.7,False
4854,688308,欧科亿,86.88,-0.94,1.9,18.6,87.714792986672,0.2950576,65.34333387,98.0,2186.0,75.2,2026-09-03,-0.95,49.1,False
4855,688309,恒誉科技,80.5,-0.84,0.55,39.42,80.269270936068,0.4761544,71.7988348,-341.0,618.0,65.2,2026-09-03,0.29,46.8,False
4856,688310,迈得医疗,15.23,1.47,0.45,-76.47,15.059223515899,0.1721276,61.41855354,884.0,3485.0,58.8,2026-09-03,1.13,36.1,False
4857,688311,盟升电子,23.59,2.08,0.74,-39.04,23.238595952447,0.1794988,56.39780462,-1201.0,4689.0,62.4,2026-09-03,1.51,35.2,False
4858,688312,燕麦科技,46.1,-0.3,2.56,221.21,45.300621774502,0.20411,63.0863258,1108.0,2948.0,60.4,2026-09-03,1.76,38.1,False
4859,688313,仕佳光子,146.46,-0.44,1.66,105.15,147.636329592377,0.345374,68.42854538,307.0,1293.0,82.8,2026-09-03,-0.8,56.7,False
4860,688314,康拓医疗,32.07,3.12,0.62,31.62,31.295816457236,0.094224,59.11550721,-353.0,4129.0,58.4,2026-09-03,2.47,34.5,False
4861,688315,诺禾致源,14.24,0.78,0.62,46.95,14.229590716878,0.159624,66.85781285,-124.0,1716.0,64.4,2026-09-03,0.07,43.1,False
4862,688316,青云科技-U,48.4,3.02,3.11,-33.59,47.942297340454,0.231802,59.26814056,-48.0,4087.0,71.6,2026-09-03,0.95,42.4,False
4863,688317,之江生物,17.19,1.48,0.4,-40.2,17.015076453335,0.1071272,57.46681235,504.0,4510.0,63.2,2026-09-03,1.03,36.3,False
4864,688318,财富趋势,90.37,6.31,3.48,175.88,86.298127397027,0.3942632,70.60822701,-204.0,802.0,72.4,2026-09-03,4.72,51.1,False
4865,688319,欧林生物,28.11,-1.75,0.68,-173.34,28.856923762857,0.274722,57.54156844,-1909.0,4493.0,62.4,2026-09-03,-2.59,35.9,False
4866,688320,禾川科技,33.72,0.48,0.83,112.17,33.476260669333,0.242498,57.07166481,-127.0,4579.0,66.0,2026-09-03,0.73,37.7,False
4867,688321,微芯生物,25.52,0.91,0.81,79.18,25.173446905973,0.333842,70.11074966,715.0,883.0,68.8,2026-09-03,1.38,48.2,False
4868,688322,奥比中光-W,95.02,-2.24,1.07,471.02,97.318710551835,0.3599984,72.12652018,991.0,569.0,74.4,2026-09-03,-2.36,53.7,False
4869,688323,瑞华泰,25.56,0.2,3.59,-65.48,25.42671640866,0.2590628,55.68561669,345.0,4798.0,61.6,2026-09-03,0.52,34.3,False
4870,688325,赛微微电,108.37,-0.58,0.23,150.33,108.424092079427,0.3856088,63.8353434,967.0,2698.0,63.2,2026-09-03,-0.05,40.3,False
4871,688326,经纬恒润-W,63.17,2.7,1.11,-9.92,62.054091860366,0.2269508,58.96886142,-1370.0,4171.0,63.2,2026-09-03,1.8,37.3,False
4872,688327,云从科技-UW,10.52,2.43,1.45,-69.44,10.323686464077,0.2455356,56.46669447,-217.0,4674.0,72.8,2026-09-03,1.9,41.1,False
4873,688328,深科达,77.38,-2.58,2.87,59.47,79.397437564732,0.3666828,72.46136742,43.0,528.0,68.4,2026-09-03,-2.54,49.6,False
4874,688329,艾隆科技,22.65,0.89,0.77,-62.56,22.689229295639,0.0574584,58.89983712,-94.0,4187.0,60.8,2026-09-03,-0.17,35.8,False
4875,688330,宏力达,37.38,2.08,0.67,9.0,36.926786937927,0.1975192,61.64707073,-1421.0,3412.0,66.8,2026-09-03,1.23,41.2,False
4876,688331,荣昌生物,124.77,-2.18,0.81,7.55,125.378600651874,0.3947904,82.06180863,-10.0,23.0,80.4,2026-09-03,-0.49,66.0,False
4877,688332,中科蓝讯,95.3,-2.09,1.32,17.73,95.290934151555,0.38662,69.93559674,-350.0,917.0,72.0,2026-09-03,0.01,50.4,False
4878,688333,铂力特,111.8,-1.72,1.5,299.86,112.967795521886,0.4472572,72.26866245,-419.0,554.0,82.0,2026-09-03,-1.03,59.3,False
4879,688334,西高院,18.52,1.76,0.24,21.06,18.260505125539,0.1113684,64.63538295,-276.0,2423.0,60.0,2026-09-03,1.42,38.8,False
4880,688335,复洁科技,20.23,1.05,0.45,-294.47,20.044613575737,0.1173556,49.85378229,-207.0,5172.0,58.4,2026-09-03,0.92,29.1,False
4881,688336,三生国健,42.19,0.38,0.28,50.91,41.806224826237,0.2977528,68.25880229,-902.0,1346.0,65.2,2026-09-03,0.92,44.5,False
4882,688337,普源精电,41.4,0.85,0.81,121.85,41.169016658994,0.1903656,63.69271586,-3.0,2751.0,60.4,2026-09-03,0.56,38.5,False
4883,688338,赛科希德,31.66,1.15,0.46,39.51,31.492420639595,0.2390548,70.0124171,485.0,905.0,64.8,2026-09-03,0.53,45.4,False
4884,688339,亿华通-U,17.68,2.85,0.74,-20.41,17.364160398145,0.16936,50.58359042,-349.0,5160.0,64.4,2026-09-03,1.82,32.6,False
4885,688343,云天励飞-U,57.58,1.27,1.55,-41.08,56.939491662586,0.2733276,62.36707289,-1591.0,3179.0,68.8,2026-09-03,1.12,42.9,False
4886,688345,博力威,52.76,0.36,0.78,37.08,52.468240272877,0.207522,71.23928682,311.0,718.0,60.0,2026-09-03,0.56,42.7,False
4887,688347,华虹宏力,231.17,-5.75,2.87,503.59,244.792864241,0.4027128,65.40379173,-255.0,2174.0,81.2,2026-09-03,-5.57,53.1,False
4888,688348,昱能科技,31.5,2.61,0.34,-18.6,30.799090282603,0.169944,50.81461241,-34.0,5152.0,61.2,2026-09-03,2.28,31.1,False
4889,688349,三一重能,13.11,1.55,0.2,44.79,13.048561203924,0.2559988,63.73940593,-1649.0,2734.0,60.8,2026-09-03,0.47,38.8,False
4890,688350,富淼科技,27.8,-0.89,0.51,206.31,28.04270940582,0.2690408,59.61530203,-642.0,4006.0,58.4,2026-09-03,-0.87,34.8,False
4891,688351,微电生理,18.6,3.22,0.96,109.18,18.125274263798,0.1515156,58.85913835,23.0,4197.0,62.8,2026-09-03,2.62,37.0,False
4892,688352,颀中科技,16.95,-0.7,4.31,-33.22,17.224201271066,0.2785476,64.70747236,-825.0,2402.0,64.8,2026-09-03,-1.59,41.9,False
4893,688353,华盛锂电,84.45,-0.12,0.78,30.22,83.759532050285,0.3754908,62.00040313,530.0,3311.0,66.4,2026-09-03,0.82,41.2,False
4894,688355,明志科技,17.61,0.0,0.32,66.64,17.476347834929,0.1152108,58.72297908,-38.0,4228.0,57.6,2026-09-03,0.76,33.8,False
4895,688356,键凯科技,81.51,-2.05,3.99,846.57,83.436559991931,0.36118,55.99358318,-523.0,4758.0,68.8,2026-09-03,-2.31,38.5,False
4896,688357,建龙微纳,26.89,1.4,0.43,35.71,26.603170710673,0.1962272,63.82155589,-254.0,2704.0,60.4,2026-09-03,1.08,38.5,False
4897,688358,祥生医疗,28.87,1.83,0.37,23.47,28.387272710908,0.1367324,65.38192589,1320.0,2181.0,60.0,2026-09-03,1.7,39.2,False
4898,688359,三孚新科,91.73,-0.66,1.2,393.87,91.308021900609,0.2790736,57.68254092,268.0,4456.0,60.8,2026-09-03,0.46,35.1,False
4899,688360,德马科技,15.1,0.8,0.5,25.15,15.109008936094,0.1700992,62.10022087,-1111.0,3269.0,59.6,2026-09-03,-0.06,37.0,False
4900,688361,中科飞测,304.39,-5.14,1.56,-420.44,324.279670533022,0.4032304,61.85950627,-231.0,3356.0,76.8,2026-09-03,-6.13,47.5,False
4901,688362,甬矽电子,59.9,-2.51,2.4,344.86,61.560452367714,0.3972328,68.07530417,2605.0,1385.0,72.0,2026-09-03,-2.7,49.0,False
4902,688363,华熙生物,35.53,1.6,0.25,56.01,35.150030223996,0.2757476,69.10522055,686.0,1120.0,74.4,2026-09-03,1.08,51.4,False
4903,688365,光云科技,15.87,6.22,3.38,290.59,15.100595380148,0.252222,65.4159548,711.0,2169.0,67.2,2026-09-03,5.1,44.0,False
4904,688366,昊海生科,30.43,1.1,0.12,30.91,30.142198502732,0.19053,64.38641504,-440.0,2513.0,63.6,2026-09-03,0.95,40.9,False
4905,688367,工大高科,30.83,0.1,0.37,300.78,30.844910590347,0.2499992,60.73841615,29.0,3697.0,56.8,2026-09-03,-0.05,34.5,False
4906,688368,晶丰明源,151.64,-1.86,1.61,178.55,152.909095347971,0.3863188,75.29582196,212.0,227.0,74.8,2026-09-03,-0.83,56.3,False
4907,688369,致远互联,20.99,3.86,2.37,-10.73,20.427399584811,0.1598408,64.90390388,1332.0,2335.0,62.4,2026-09-03,2.75,40.5,False
4908,688370,丛麟科技,23.97,1.48,0.13,73.29,23.695072341037,0.070204,59.36798491,-1471.0,4061.0,61.2,2026-09-03,1.16,36.3,False
4909,688371,菲沃泰,25.51,-2.3,0.93,-93.74,25.811503053752,0.2403236,58.22434724,522.0,4336.0,61.2,2026-09-03,-1.17,35.6,False
4910,688372,伟测科技,119.14,-3.26,1.66,63.19,124.969819370079,0.294556,67.88677853,-136.0,1444.0,71.6,2026-09-03,-4.66,48.6,False
4911,688373,盟科药业-U,5.76,0.35,2.47,-50.31,5.823538740702,0.350082,67.81170167,238.0,1461.0,64.8,2026-09-03,-1.09,43.9,False
4912,688375,国博电子,73.91,2.24,0.21,224.42,72.691779434337,0.1983668,62.74254465,-774.0,3059.0,66.8,2026-09-03,1.68,41.9,False
4913,688376,美埃科技,63.48,-0.78,0.48,51.48,64.006680119288,0.1851072,58.03025422,120.0,4385.0,57.6,2026-09-03,-0.82,33.4,False
4914,688377,迪威尔,19.13,2.3,0.58,67.71,19.061055608715,0.1566668,65.48603904,-774.0,2139.0,60.0,2026-09-03,0.36,39.3,False
4915,688378,奥来德,43.63,-0.21,1.45,32.44,44.444859946701,0.371786,73.17485769,-90.0,426.0,67.6,2026-09-03,-1.83,49.5,False
4916,688379,华光新材,57.46,-2.58,3.05,29.75,58.597136129833,0.3113756,77.61816969,220.0,107.0,64.8,2026-09-03,-1.94,50.3,False
4917,688380,中微半导,39.44,0.2,0.9,46.0,39.347492433682,0.2264072,64.13521189,-430.0,2590.0,74.0,2026-09-03,0.24,47.5,False
4918,688381,帝奥微,36.9,-2.25,2.45,32.96,36.998581045437,0.363848,68.83900057,295.0,1181.0,65.6,2026-09-03,-0.27,45.2,False
4919,688382,益方生物-U,19.83,-0.55,0.92,-41.92,19.825307488426,0.2122004,64.07314821,709.0,2614.0,63.2,2026-09-03,0.02,40.5,False
4920,688383,新益昌,126.36,-2.05,0.8,135.89,127.524272640735,0.4063292,63.19019665,545.0,2911.0,63.2,2026-09-03,-0.91,39.9,False
4921,688385,复旦微电,55.29,-1.57,1.08,26.82,55.506952762767,0.3451524,74.32910439,338.0,314.0,81.2,2026-09-03,-0.39,60.4,False
4922,688386,泛亚微透,49.24,0.61,1.31,78.74,49.349023156463,0.3616364,67.95791351,217.0,1425.0,69.2,2026-09-03,-0.22,47.0,False
4923,688387,信科移动-U,12.88,-0.16,0.86,-643.34,12.895161431047,0.3279884,57.29762519,-1478.0,4538.0,69.2,2026-09-03,-0.12,39.6,False
4924,688388,嘉元科技,27.68,-1.39,2.44,23.89,28.048774394704,0.2798744,68.63882058,-282.0,1231.0,77.2,2026-09-03,-1.31,53.0,False
4925,688389,普门科技,11.32,1.71,0.18,30.59,11.250637393913,0.2047328,67.23593159,1134.0,1615.0,61.2,2026-09-03,0.62,41.1,False
4926,688390,固德威,63.03,1.33,1.54,26.75,61.703294306454,0.2262324,72.29161,82.0,551.0,74.0,2026-09-03,2.15,53.5,False
4927,688391,钜泉科技,26.18,1.99,0.6,111.29,25.933536433442,0.1506936,55.18677127,68.0,4861.0,59.6,2026-09-03,0.95,32.9,False
4928,688392,骄成超声,165.96,-3.74,1.82,93.29,172.718603688831,0.2736228,63.55197965,-135.0,2800.0,66.4,2026-09-03,-3.91,42.2,False
4929,688393,安必平,20.74,1.57,0.76,1268.53,20.570242905621,0.079186,60.82255841,-280.0,3664.0,62.8,2026-09-03,0.83,38.2,False
4930,688395,正弦电气,23.41,-0.13,0.65,40.09,23.512241628334,0.138676,68.23212987,9.0,1355.0,63.2,2026-09-03,-0.43,43.1,False
4931,688396,华润微,57.74,1.16,0.61,53.08,57.186605724001,0.3380348,65.05327149,51.0,2291.0,77.6,2026-09-03,0.97,50.5,False
4932,688398,赛特新材,20.18,0.45,0.18,1006.46,20.213758624499,0.0749424,55.99351631,-982.0,4759.0,59.6,2026-09-03,-0.17,33.4,False
4933,688399,硕世生物,27.39,1.63,0.48,86.89,27.123523333094,0.1801984,51.80598484,-57.0,5116.0,62.8,2026-09-03,0.98,32.5,False
4934,688400,凌云光,45.79,-0.95,1.2,16.59,46.097965931404,0.310044,72.68112494,1438.0,499.0,71.6,2026-09-03,-0.67,52.0,False
4935,688401,路维光电,64.86,-1.13,0.85,46.07,65.443015710673,0.3136344,62.83386217,77.0,3034.0,64.0,2026-09-03,-0.89,40.2,False
4936,688403,汇成股份,24.14,0.33,6.0,2391.47,24.653684558579,0.4734392,66.10189242,1139.0,1939.0,68.8,2026-09-03,-2.08,45.5,False
4937,688408,中信博,24.23,3.06,1.09,-13.02,23.522469831307,0.2888976,59.91992887,620.0,3933.0,62.8,2026-09-03,3.01,37.6,False
4938,688409,富创精密,182.58,-2.23,0.88,208.35,186.214460050006,0.2578936,60.54899919,-541.0,3757.0,75.2,2026-09-03,-1.95,45.5,False
4939,688410,山外山,10.16,0.79,0.69,24.09,10.168382819206,0.1980636,67.47093206,-1092.0,1553.0,64.0,2026-09-03,-0.08,43.2,False
4940,688411,海博思创,180.76,0.76,0.7,26.08,179.260587862667,0.3506684,68.35440484,-768.0,1317.0,64.4,2026-09-03,0.84,44.0,False
4941,688416,恒烁股份,73.17,-2.13,2.1,28.26,74.366215844392,0.294142,68.7864378,989.0,1197.0,67.6,2026-09-03,-1.61,46.5,False
4942,688418,震有科技,32.41,0.78,0.65,-23.88,32.114323425579,0.199276,50.91858157,12.0,5150.0,64.0,2026-09-03,0.92,32.6,False
4943,688419,耐科装备,48.55,-2.14,1.61,56.48,49.591498157097,0.270956,63.61818229,876.0,2783.0,64.4,2026-09-03,-2.1,41.0,False
4944,688420,美腾科技,22.63,2.35,0.2,-53.36,22.321952736846,0.0481136,57.87850792,-138.0,4414.0,59.6,2026-09-03,1.38,34.5,False
4945,688425,铁建重工,4.06,0.74,0.12,21.45,4.030921489779,0.3379152,62.57962874,-1207.0,3105.0,66.4,2026-09-03,0.72,41.6,False
4946,688426,康为世纪,21.42,0.42,0.54,-34.24,21.336097367945,0.0842212,56.58226022,-319.0,4659.0,63.2,2026-09-03,0.39,35.8,False
4947,688428,诺诚健华,31.45,2.11,2.88,112.92,29.915835186905,0.250708,80.37709066,-10.0,39.0,68.4,2026-09-03,5.13,55.0,False
4948,688429,时创能源,10.16,2.11,0.19,-7.2,10.199812382695,0.0642216,52.15664539,-1413.0,5098.0,60.8,2026-09-03,-0.39,31.7,False
4949,688432,有研硅,,,0.0,212.83,45.453720343181,0.212196,66.51123522,-14.0,1807.0,83.6,2026-09-03,,55.6,False
4950,688433,华曙高科,109.79,-2.11,0.5,2704.64,111.382463180191,0.4006472,72.40441181,-240.0,536.0,72.0,2026-09-03,-1.43,52.1,False
4951,688435,英方软件,35.28,20.0,6.11,-78.31,30.057552495662,0.1430544,55.99860182,-829.0,4757.0,59.6,2026-09-03,17.37,33.4,False
4952,688439,振华风光,39.33,1.34,0.42,-443.22,38.9960608881,0.2093036,66.10714826,1053.0,1936.0,62.0,2026-09-03,0.86,41.0,False
4953,688443,智翔金泰-U,23.61,0.3,0.88,-13.69,23.385796740564,0.1989,58.31520404,-561.0,4314.0,62.0,2026-09-03,0.96,36.2,False
4954,688448,磁谷科技,68.41,-4.25,2.39,2758.82,70.364703236459,0.4961768,69.2768374,544.0,1071.0,66.0,2026-09-03,-2.78,45.7,False
4955,688449,联芸科技,63.66,-2.39,1.27,28.18,64.025476693928,0.3008552,75.06632001,315.0,242.0,69.6,2026-09-03,-0.57,52.2,False
4956,688450,光格科技,33.66,1.23,1.12,-78.18,33.27653527949,0.1094348,58.39599384,693.0,4286.0,57.6,2026-09-03,1.15,33.6,False
4957,688455,科捷智能,16.69,2.46,0.73,24.82,16.504839368518,0.0596028,58.66538128,60.0,4235.0,61.2,2026-09-03,1.12,35.9,False
4958,688456,有研粉材,73.0,-0.73,2.52,68.36,73.228369614514,0.2369836,63.71545991,995.0,2743.0,68.0,2026-09-03,-0.31,43.3,False
4959,688458,美芯晟,37.39,2.83,1.17,-406.13,36.884384250171,0.2466272,56.23923486,-2046.0,4710.0,64.0,2026-09-03,1.37,36.0,False
4960,688459,哈铁科技,8.15,1.49,0.1,-598.58,8.055825998682,0.1142212,59.97335254,-277.0,3913.0,60.8,2026-09-03,1.17,36.5,False
4961,688466,金科环境,14.49,1.33,0.39,67.95,14.406360763544,0.0991152,64.37301483,574.0,2519.0,60.8,2026-09-03,0.58,39.1,False
4962,688468,科美诊断,6.43,1.42,0.34,83.0,6.373260601346,0.0807092,58.3408796,-1051.0,4303.0,60.8,2026-09-03,0.89,35.5,False
4963,688469,芯联集成-U,8.43,0.36,0.63,126.94,8.418343133175,0.3139968,60.75251798,-386.0,3689.0,73.6,2026-09-03,0.14,44.7,False
4964,688472,阿特斯,8.87,1.84,0.41,53.93,8.771935338165,0.2721916,56.35562689,-16.0,4695.0,67.2,2026-09-03,1.12,37.9,False
4965,688475,萤石网络,30.11,4.48,0.42,28.94,28.844178669986,0.1935092,74.7292467,54.0,278.0,68.0,2026-09-03,4.39,50.8,False
4966,688478,晶升股份,42.84,-0.74,1.3,-251.91,43.139821595219,0.168984,54.77452965,273.0,4913.0,60.4,2026-09-03,-0.69,33.1,False
4967,688479,友车科技,36.62,-0.7,3.26,316.02,35.854533247899,0.4410204,68.98484515,1997.0,1140.0,60.4,2026-09-03,2.13,41.7,False
4968,688480,赛恩斯,72.36,-0.33,0.36,50.65,72.611253318293,0.27183,63.85692312,-10.0,2694.0,60.4,2026-09-03,-0.35,38.6,False
4969,688484,南芯科技,35.45,2.43,1.09,-169.7,34.61325215715,0.2726336,59.98694687,357.0,3904.0,64.4,2026-09-03,2.42,38.6,False
4970,688485,九州一轨,96.84,-3.0,3.26,-394.65,98.17843817968,0.509338,60.67018826,710.0,3719.0,65.2,2026-09-03,-1.36,39.6,False
4971,688486,龙迅股份,41.31,0.54,0.64,46.9,41.016237398579,0.2116264,68.59775989,1511.0,1248.0,60.8,2026-09-03,0.72,41.7,False
4972,688488,艾迪药业,15.69,-0.13,0.38,143.94,15.740715343853,0.2213008,68.76522676,624.0,1200.0,66.0,2026-09-03,-0.32,45.4,False
4973,688489,三未信安,25.1,4.76,0.95,-169.42,24.031790321346,0.195332,63.94961157,-545.0,2668.0,62.4,2026-09-03,4.44,39.9,False
4974,688496,*ST清越,0.9,1.12,0.53,-0.88,0.899767968382,0.2994384,52.92177967,13.0,5056.0,60.8,2026-09-03,0.03,32.2,False
4975,688498,源杰科技,1486.51,-1.43,0.92,152.43,1498.28884263236,0.9849392,78.10707338,261.0,87.0,84.8,2026-09-03,-0.79,66.2,False
4976,688499,利元亨,33.99,1.98,0.91,73.62,33.412233085018,0.1645368,55.79195297,-54.0,4786.0,66.4,2026-09-03,1.73,37.0,False
4977,688500,慧辰股份,35.83,1.91,1.52,-22.74,35.290517440835,0.1757328,62.54731327,-44.0,3125.0,64.0,2026-09-03,1.53,40.0,False
4978,688501,青达环保,13.92,0.87,0.57,23.17,13.91086100369,0.1085604,63.60935519,-144.0,2787.0,59.6,2026-09-03,0.07,37.9,False
4979,688502,茂莱光学,413.07,-2.35,1.36,-812.84,422.111677629229,0.3525832,60.98945652,-985.0,3608.0,71.2,2026-09-03,-2.14,43.4,False
4980,688503,聚和材料,66.22,-1.65,2.3,-92.65,67.176434811693,0.3003168,62.80178862,-636.0,3042.0,70.4,2026-09-03,-1.42,44.2,False
4981,688505,复旦张江,8.04,0.25,0.35,112.94,8.028794996358,0.1879132,58.25520454,-583.0,4328.0,65.6,2026-09-03,0.14,38.2,False
4982,688506,百利天恒,262.72,-0.97,0.13,-33.13,260.837714676572,0.234172,63.23884059,961.0,2897.0,70.8,2026-09-03,0.72,44.8,False
4983,688507,索辰科技,151.13,1.38,4.53,-85.61,151.849549051912,0.3740988,65.99350027,2556.0,1972.0,67.2,2026-09-03,-0.47,44.3,False
4984,688508,芯朋微,84.28,-3.88,3.12,35.41,88.110576653159,0.4533084,72.38446686,1413.0,540.0,71.2,2026-09-03,-4.35,51.5,False
4985,688509,正元地信,4.31,1.89,1.02,-21.73,4.267813752509,0.1283288,53.51387503,-70.0,5021.0,60.4,2026-09-03,0.99,32.3,False
4986,688510,航亚科技,25.77,2.18,0.99,65.28,25.115048410393,0.225712,67.91072727,935.0,1438.0,63.2,2026-09-03,2.61,42.9,False
4987,688511,天微电子,23.99,0.42,0.69,982.22,23.759441065841,0.2693884,65.52080688,344.0,2129.0,61.2,2026-09-03,0.97,40.1,False
4988,688512,慧智微-U,13.82,3.6,3.13,-23.91,13.325487520725,0.2222596,63.46370047,101.0,2826.0,60.8,2026-09-03,3.71,38.6,False
4989,688513,苑东生物,44.87,-0.24,0.34,30.52,44.632802648826,0.2593,64.41803117,-564.0,2502.0,60.4,2026-09-03,0.53,38.9,False
4990,688515,裕太微-U,145.44,-0.18,2.93,-79.21,145.529429256897,0.2958792,59.27132217,62.0,4085.0,64.0,2026-09-03,-0.06,37.9,False
4991,688516,奥特维,42.65,0.59,0.88,22.52,42.480914648707,0.1974872,62.88946251,-397.0,3011.0,66.8,2026-09-03,0.4,42.0,False
4992,688517,金冠电气,16.34,0.49,0.61,61.0,16.352587012541,0.193294,62.99093703,-959.0,2982.0,61.6,2026-09-03,-0.08,38.8,False
4993,688518,联赢激光,21.3,0.9,1.43,36.95,20.953207747557,0.2615016,69.28865063,2626.0,1070.0,63.6,2026-09-03,1.66,44.1,False
4994,688519,南亚新材,276.99,-2.13,1.03,70.64,284.17749091121,0.4415124,67.56104059,10.0,1527.0,79.6,2026-09-03,-2.53,53.8,False
4995,688520,神州细胞,34.86,1.07,0.17,-22.42,34.522591906349,0.1798792,56.87883494,-193.0,4610.0,65.2,2026-09-03,0.98,37.1,False
4996,688521,芯原股份,188.0,-1.74,1.25,-80.76,192.355004270589,0.3977628,58.11455187,-1380.0,4368.0,81.6,2026-09-03,-2.26,47.4,False
4997,688522,纳睿雷达,19.12,2.58,1.17,65.46,18.726229348163,0.1673992,62.85831903,-1000.0,3029.0,62.8,2026-09-03,2.1,39.5,False
4998,688523,航天环宇,42.03,2.76,0.41,2151.38,40.828376418197,0.173716,58.38064017,-1765.0,4291.0,67.6,2026-09-03,2.94,39.5,False
4999,688525,佰维存储,218.71,-0.81,1.41,7.28,221.876126629752,0.4650216,70.87433556,-180.0,759.0,83.6,2026-09-03,-1.43,59.3,False
5000,688526,科前生物,12.74,1.51,0.12,25.66,12.610071869883,0.1676892,61.53639519,-207.0,3441.0,63.2,2026-09-03,1.03,38.9,False
5001,688528,秦川物联,10.55,2.33,0.46,-20.77,10.493231678303,0.020196,57.65832529,33.0,4463.0,60.0,2026-09-03,0.54,34.6,False
5002,688529,豪森智能,15.68,1.29,0.27,-3.1,15.649885642651,0.0846572,57.77452657,215.0,4440.0,59.6,2026-09-03,0.19,34.4,False
5003,688530,欧莱新材,55.58,-3.42,4.93,64.06,57.899802999055,0.2649364,58.32688022,325.0,4307.0,70.8,2026-09-03,-4.01,41.3,False
5004,688531,日联科技,135.71,2.01,3.14,87.77,132.870923814041,0.2463764,73.26380968,676.0,416.0,63.2,2026-09-03,2.14,46.3,False
5005,688533,上声电子,20.68,1.08,0.22,42.86,20.594310302664,0.154432,62.05472449,-1619.0,3287.0,60.8,2026-09-03,0.42,37.7,False
5006,688535,华海诚科,97.32,-1.08,2.13,175.68,98.427924404218,0.305612,64.20323262,1369.0,2570.0,70.4,2026-09-03,-1.13,45.2,False
5007,688536,思瑞浦,299.67,-0.57,0.9,67.22,301.058173760219,0.3277092,69.68589799,1172.0,981.0,72.0,2026-09-03,-0.46,50.2,False
5008,688538,和辉光电-U,2.25,0.9,0.42,-17.31,2.222410818739,0.214174,53.72388196,-60.0,5003.0,62.4,2026-09-03,1.24,33.5,False
5009,688539,高华科技,24.28,2.53,0.61,-76.73,23.817324304127,0.1427888,52.27816266,-570.0,5093.0,62.0,2026-09-03,1.94,32.4,False
5010,688543,国科军工,44.55,3.34,2.44,94.52,43.08101199821,0.3966732,75.03959005,-236.0,246.0,78.4,2026-09-03,3.41,58.8,False
5011,688545,兴福电子,73.0,-2.25,2.3,106.74,74.288841553329,0.3623324,68.0842019,475.0,1382.0,66.0,2026-09-03,-1.73,44.9,False
5012,688548,广钢气体,29.49,-1.7,1.0,76.03,29.945208254167,0.2617668,60.16182246,-670.0,3854.0,67.2,2026-09-03,-1.52,40.4,False
5013,688549,中巨芯-U,22.23,-2.07,3.45,1168.04,22.703647530365,0.313096,58.40810528,670.0,4283.0,78.0,2026-09-03,-2.09,45.6,False
5014,688550,XD瑞联新,37.3,-1.06,0.7,25.45,37.512386970048,0.2132204,64.36174165,-159.0,2520.0,63.2,2026-09-03,-0.57,40.7,False
5015,688551,科威尔,37.48,-1.37,1.58,135.54,37.3503026043,0.1811764,68.53003657,2788.0,1270.0,58.8,2026-09-03,0.35,40.3,False
5016,688552,航天南湖,32.54,2.29,0.76,1410.03,32.094624323467,0.1621132,59.6413141,-1685.0,3997.0,67.6,2026-09-03,1.39,40.3,False
5017,688553,汇宇制药-W,12.24,4.08,1.84,66.45,11.690283919357,0.2246464,67.32593501,725.0,1593.0,60.4,2026-09-03,4.7,40.7,False
5018,688556,高测股份,8.19,6.92,2.76,-6.94,7.677997287069,0.209248,57.28101978,538.0,4543.0,62.4,2026-09-03,6.67,35.7,False
5019,688557,兰剑智能,20.88,-0.29,0.56,35.29,20.874276093911,0.2855276,69.23331723,987.0,1085.0,61.2,2026-09-03,0.03,42.4,False
5020,688558,国盛智科,32.03,0.72,0.35,22.59,31.933453145909,0.1713116,69.72937806,664.0,965.0,64.0,2026-09-03,0.3,44.6,False
5021,688559,海目星,54.53,-1.78,2.34,130.12,55.245924009153,0.345274,63.83030084,960.0,2700.0,72.4,2026-09-03,-1.3,46.2,False
5022,688560,明冠新材,12.47,2.47,0.61,-72.47,12.281179219103,0.1765032,63.41462162,514.0,2836.0,59.6,2026-09-03,1.54,37.8,False
5023,688561,奇安信-U,27.8,2.17,0.84,-23.06,27.126237901027,0.3002684,62.29529345,-1885.0,3203.0,75.6,2026-09-03,2.48,47.1,False
5024,688562,航天软件,14.94,1.91,0.47,-30.03,14.768325537457,0.3282756,63.86930337,406.0,2690.0,62.0,2026-09-03,1.16,39.6,False
5025,688563,航材股份,52.38,4.43,1.49,50.7,50.156042206427,0.2202132,64.03237642,-422.0,2636.0,63.2,2026-09-03,4.43,40.5,False
5026,688565,力源科技,11.67,1.83,0.55,208.38,11.640046408196,0.1267228,58.48042369,-1097.0,4270.0,61.6,2026-09-03,0.26,36.0,False
5027,688566,吉贝尔,25.68,0.23,0.22,26.02,25.781169660902,0.2734764,70.37632537,-142.0,836.0,62.4,2026-09-03,-0.39,43.9,False
5028,688567,孚能科技,9.25,2.21,0.49,-14.24,9.09196838616,0.2123636,57.22587895,375.0,4553.0,68.0,2026-09-03,1.74,38.9,False
5029,688568,中科星图,32.01,2.69,0.47,-40.58,31.349148855556,0.1933296,54.46037911,-67.0,4944.0,71.6,2026-09-03,2.11,39.0,False
5030,688569,铁科轨道,19.11,1.59,0.2,22.72,18.937115709425,0.084054,64.09765388,-560.0,2604.0,64.4,2026-09-03,0.91,41.3,False
5031,688570,天玛智控,14.94,1.43,0.18,485.59,14.766228227451,0.0802888,56.47317667,-1318.0,4673.0,60.8,2026-09-03,1.18,34.3,False
5032,688571,杭华股份,8.61,0.12,0.52,36.78,8.650643826276,0.17214,65.14192949,-5.0,2257.0,59.2,2026-09-03,-0.47,38.6,False
5033,688573,信宇人,16.9,2.8,1.7,-10.21,16.637103500589,0.0706284,58.33064574,784.0,4306.0,60.4,2026-09-03,1.58,35.2,False
5034,688575,亚辉龙,10.26,1.28,1.12,41.8,10.159338445916,0.2524712,63.22443484,-331.0,2901.0,69.6,2026-09-03,0.99,44.0,False
5035,688576,西山科技,40.05,0.98,0.27,-53.2,39.754641754432,0.0772272,52.22446656,-29.0,5094.0,59.2,2026-09-03,0.74,30.9,False
5036,688577,浙海德曼,43.59,-0.23,0.27,72.68,43.609756539673,0.218358,67.55100277,2158.0,1530.0,61.2,2026-09-03,-0.05,41.3,False
5037,688578,艾力斯,111.06,-0.02,0.35,16.22,110.129710031924,0.2732384,71.24098646,-671.0,717.0,73.2,2026-09-03,0.84,52.1,False
5038,688579,地纬智能,8.23,1.86,0.46,-60.0,8.184443444298,0.1148888,63.62285392,-1460.0,2779.0,60.8,2026-09-03,0.56,38.7,False
5039,688580,伟思医疗,44.84,2.0,0.94,21.45,43.884899678707,0.3254824,68.42397117,1662.0,1294.0,64.0,2026-09-03,2.18,43.8,False
5040,688581,安杰思,51.45,1.06,0.28,17.58,51.083864641016,0.2058772,63.63792515,-336.0,2769.0,60.0,2026-09-03,0.72,38.2,False
5041,688582,芯动联科,41.72,0.24,0.41,229.74,41.574581535459,0.2333236,61.46041314,-194.0,3468.0,65.2,2026-09-03,0.35,40.1,False
5042,688583,思看科技,82.47,1.41,1.36,361.38,81.522598891242,0.3178056,62.47141334,-956.0,3143.0,64.4,2026-09-03,1.16,40.2,False
5043,688584,上海合晶,25.79,-2.13,1.15,322.75,26.409951216247,0.210278,59.92777411,845.0,3932.0,64.0,2026-09-03,-2.35,38.4,False
5044,688585,上纬新材,144.44,-3.14,0.4,-174.92,149.442069280027,0.3765,63.51887527,618.0,2813.0,76.0,2026-09-03,-3.35,48.3,False
5045,688586,江航装备,11.54,2.03,0.27,155.19,11.311261894326,0.148476,60.3454234,377.0,3810.0,62.8,2026-09-03,2.02,37.9,False
5046,688588,凌志软件,9.87,7.05,1.97,-78.7,9.348589197386,0.0764628,59.9524316,96.0,3922.0,61.6,2026-09-03,5.58,36.9,False
5047,688589,力合微,20.29,0.9,0.84,76.45,20.11318117211,0.1666344,54.44661231,-59.0,4947.0,63.2,2026-09-03,0.88,34.4,False
5048,688590,新致软件,12.84,4.48,2.28,-193.73,12.456959858575,0.1396192,58.34848712,8.0,4299.0,61.2,2026-09-03,3.07,35.7,False
5049,688591,泰凌微,29.56,0.96,0.85,36.16,29.454354068048,0.2169008,61.19999579,-37.0,3547.0,66.8,2026-09-03,0.36,40.9,False
5050,688592,司南导航,24.42,2.05,0.82,-225.37,24.150375317699,0.1357444,55.37184767,-58.0,4841.0,59.6,2026-09-03,1.12,33.0,False
5051,688593,新相微,29.85,-1.19,1.25,1164.99,30.331998222814,0.4008716,62.79687936,1403.0,3045.0,61.2,2026-09-03,-1.59,38.4,False
5052,688595,芯海科技,30.05,1.08,0.64,-56.43,29.722195036889,0.189258,52.43165978,-97.0,5084.0,64.4,2026-09-03,1.1,33.8,False
5053,688596,正帆科技,62.64,-3.63,3.45,-199.02,64.15954536676,0.3713392,62.08605021,-638.0,3275.0,70.8,2026-09-03,-2.37,44.0,False
5054,688597,煜邦电力,6.65,4.07,0.96,-25.24,6.493724143486,0.1364516,55.13730432,-263.0,4867.0,60.4,2026-09-03,2.41,33.3,False
5055,688598,金博股份,33.23,-1.6,2.86,-24.37,33.747857970529,0.3018284,57.56351684,-99.0,4488.0,68.0,2026-09-03,-1.53,39.1,False
5056,688599,天合光能,11.47,2.78,0.85,-49.78,11.300055627007,0.3156316,54.71795479,-130.0,4922.0,72.4,2026-09-03,1.5,39.6,False
5057,688600,皖仪科技,33.63,7.96,6.64,73.01,30.371033743146,0.3785884,74.78340152,1275.0,270.0,68.0,2026-09-03,10.73,50.9,False
5058,688601,力芯微,62.03,0.55,1.54,-1033.86,61.428755141312,0.3467424,56.98107896,-107.0,4590.0,70.8,2026-09-03,0.98,40.3,False
5059,688602,康鹏科技,6.94,0.58,0.29,-44.18,6.899041705096,0.1851748,51.64577635,-116.0,5124.0,59.2,2026-09-03,0.59,30.6,False
5060,688603,天承科技,124.28,1.14,3.77,125.8,119.54857273083,0.4712336,73.49821244,205.0,388.0,68.0,2026-09-03,3.96,50.0,False
5061,688605,先锋精科,72.15,-1.47,1.83,132.65,73.282213901545,0.3363628,67.84737338,-279.0,1450.0,67.2,2026-09-03,-1.55,45.6,False
5062,688606,奥泰生物,45.9,0.72,0.07,34.15,45.864793420092,0.1149088,60.01050872,-305.0,3895.0,61.6,2026-09-03,0.08,37.0,False
5063,688607,康众医疗,40.0,-0.02,0.6,-74.35,40.153125298895,0.154186,54.1096774,-297.0,4965.0,59.2,2026-09-03,-0.38,32.0,False
5064,688608,恒玄科技,105.09,2.23,0.91,72.75,103.678008434465,0.2641336,64.54471185,7.0,2458.0,69.6,2026-09-03,1.36,44.9,False
5065,688609,九联科技,9.05,1.57,1.17,67.27,9.026171349247,0.2091204,55.3449249,-179.0,4846.0,68.0,2026-09-03,0.26,37.6,False
5066,688610,埃科光电,154.47,-1.92,1.89,75.94,158.001068408785,0.2713204,61.98758691,-368.0,3317.0,63.2,2026-09-03,-2.23,39.2,False
5067,688611,杭州柯林,62.98,-0.33,0.13,-221.46,63.563038555739,0.269982,56.8079416,-182.0,4623.0,58.8,2026-09-03,-0.92,33.4,False
5068,688612,威迈斯,39.61,9.57,3.11,28.95,35.430698504121,0.3115748,75.23774924,1545.0,231.0,62.4,2026-09-03,11.8,46.9,False
5069,688613,奥精医疗,16.1,-0.68,1.36,400.39,16.254091525218,0.19066,62.8640051,-1520.0,3026.0,66.4,2026-09-03,-0.95,41.7,False
5070,688615,合合信息,97.07,1.2,2.14,38.56,95.531028930672,0.3421608,67.52543721,-377.0,1538.0,67.6,2026-09-03,1.61,45.6,False
5071,688616,西力科技,11.37,1.61,0.52,26.0,11.271173499445,0.0347832,64.95810308,-1138.0,2320.0,60.0,2026-09-03,0.88,39.0,False
5072,688617,惠泰医疗,247.79,1.54,0.4,32.63,245.788293859819,0.1882388,75.47190514,-185.0,213.0,66.8,2026-09-03,0.81,50.4,False
5073,688618,三旺通信,30.05,0.74,0.52,-4332.5,29.968111848361,0.2467872,61.20071819,-1192.0,3546.0,60.0,2026-09-03,0.27,36.7,False
5074,688619,罗普特,15.31,0.13,0.67,-34.08,15.383380282571,0.2331332,64.11934974,1822.0,2594.0,63.2,2026-09-03,-0.48,40.5,False
5075,688620,安凯微,15.86,-0.44,1.49,77.2,15.918029115344,0.2182756,62.71772116,-1304.0,3067.0,67.2,2026-09-03,-0.36,42.1,False
5076,688621,阳光诺和,71.43,1.23,1.55,-163.94,70.566926910413,0.3599692,65.49984322,-903.0,2135.0,70.4,2026-09-03,1.22,46.1,False
5077,688622,*ST禾信,104.4,0.64,0.96,-189.23,98.779652939893,0.5302108,58.32408778,878.0,4312.0,58.0,2026-09-03,5.69,33.8,False
5078,688623,双元科技,56.68,1.02,0.44,55.46,56.156408888308,0.2425568,63.1371499,-286.0,2937.0,59.2,2026-09-03,0.93,37.4,False
5079,688625,呈和科技,53.57,-1.89,0.64,54.03,55.145412343465,0.3740144,70.79497852,1091.0,772.0,61.6,2026-09-03,-2.86,43.6,False
5080,688626,翔宇医疗,41.0,1.13,0.53,82.71,40.603270401793,0.2152584,62.21755196,-1159.0,3226.0,67.2,2026-09-03,0.98,41.8,False
5081,688627,精智达,451.98,-5.96,4.93,434.92,475.047485414608,0.4966816,65.83155465,-507.0,2030.0,73.2,2026-09-03,-4.86,48.2,False
5082,688628,优利德,77.88,0.03,2.89,31.09,78.282342501397,0.277626,65.75626315,-1407.0,2054.0,63.6,2026-09-03,-0.51,41.8,False
5083,688629,华丰科技,125.96,-1.19,1.01,200.16,126.950836553755,0.3263596,66.83841954,78.0,1721.0,74.4,2026-09-03,-0.78,49.7,False
5084,688630,芯碁微装,377.49,-3.21,1.63,98.26,389.943922006077,0.3237784,69.11601396,-329.0,1118.0,73.2,2026-09-03,-3.19,50.6,False
5085,688631,莱斯信息,41.13,2.11,0.33,-88.17,40.509574889972,0.23775,64.04763208,-38.0,2625.0,64.0,2026-09-03,1.53,41.0,False
5086,688633,星球石墨,23.37,2.28,1.35,15.91,22.916761880457,0.260238,64.76050489,-570.0,2386.0,60.8,2026-09-03,1.98,39.4,False
5087,688635,长进光子,268.01,-1.1,3.87,399.04,273.441273799739,0.3382088,59.87416978,247.0,3944.0,70.4,2026-09-03,-1.99,42.2,False
5088,688636,智明达,20.82,1.46,1.84,33.74,20.559937513068,0.1998984,68.85436111,-274.0,1174.0,62.8,2026-09-03,1.26,43.2,False
5089,688638,誉辰智能,33.77,1.35,0.66,-12.59,33.576400318726,0.0518108,56.07882079,108.0,4740.0,59.2,2026-09-03,0.58,33.2,False
5090,688639,华恒生物,17.81,3.01,1.36,22.08,17.237728296234,0.1995564,65.27904264,-295.0,2208.0,64.8,2026-09-03,3.32,42.3,False
5091,688646,逸飞激光,77.2,3.93,1.51,-230.47,74.643587633551,0.40756254902,64.53781826,732.0,2460.0,64.8,2026-09-03,3.42,41.8,False
5092,688648,中邮科技,33.92,2.79,1.99,-98.63,33.216144946167,0.1935612,60.39571749,-34.0,3797.0,62.4,2026-09-03,2.12,37.7,False
5093,688651,盛邦安全,24.29,3.14,2.39,-30.73,23.439503446314,0.0896604,63.63636662,120.0,2771.0,62.8,2026-09-03,3.63,40.0,False
5094,688652,京仪装备,129.74,-2.42,1.24,118.65,133.156761598342,0.2099112,65.64234959,1106.0,2088.0,64.4,2026-09-03,-2.57,42.3,False
5095,688653,康希通信,13.83,0.07,1.68,106.67,14.041789334632,0.2657924,65.79936791,2000.0,2046.0,64.0,2026-09-03,-1.51,42.1,False
5096,688655,迅捷兴,43.34,-5.33,5.33,202.65,45.203478119467,0.3417704,60.74925242,-519.0,3691.0,66.0,2026-09-03,-4.12,40.1,False
5097,688656,浩欧博,108.13,3.04,0.7,205.91,108.207472363194,0.30762,63.67042267,-2235.0,2760.0,64.8,2026-09-03,-0.07,41.3,False
5098,688657,浩辰软件,32.98,3.58,1.21,71.29,32.19222599027,0.2588564,66.0364792,-1356.0,1962.0,60.0,2026-09-03,2.45,39.6,False
5099,688658,悦康药业,13.83,5.33,3.71,-29.66,13.123171649202,0.2185708,56.692656,-420.0,4649.0,67.6,2026-09-03,5.39,38.3,False
5100,688659,元琛科技,10.32,1.38,0.66,-43.44,10.336593452306,0.0522044,55.76042174,-818.0,4789.0,60.0,2026-09-03,-0.16,33.5,False
5101,688660,电气风电,7.71,3.07,0.65,-9.49,7.540298716613,0.1686336,60.70014353,1083.0,3706.0,65.6,2026-09-03,2.25,39.8,False
5102,688661,和林微纳,101.37,-1.1,1.17,-1139.62,102.922686668552,0.3575748,63.07284142,1364.0,2954.0,67.6,2026-09-03,-1.51,42.6,False
5103,688662,富信科技,82.13,-2.23,2.87,213.32,83.684683090594,0.376076,65.50466729,932.0,2133.0,71.6,2026-09-03,-1.86,46.9,False
5104,688663,新风光,54.39,0.89,0.61,104.32,53.749728918693,0.4024672,64.64928173,-572.0,2415.0,60.4,2026-09-03,1.19,39.0,False
5105,688665,四方光电,45.03,0.83,0.27,28.3,44.895706335982,0.11378,69.38774873,-21.0,1051.0,58.0,2026-09-03,0.3,40.2,False
5106,688667,菱电电控,91.23,-0.84,0.57,37.15,91.403288621655,0.2959984,68.36905613,-360.0,1312.0,60.4,2026-09-03,-0.19,41.3,False
5107,688668,鼎通科技,258.88,-3.61,2.22,98.1,268.439185308983,0.475592,77.41598352,136.0,112.0,76.8,2026-09-03,-3.56,59.5,False
5108,688669,聚石化学,69.91,-0.55,1.04,-40.47,71.261689319924,0.3548124,52.51403334,-531.0,5078.0,57.6,2026-09-03,-1.9,30.2,False
5109,688670,金迪克,16.04,0.56,0.45,-19.35,15.902729604139,0.0849872,58.19728719,-422.0,4342.0,61.6,2026-09-03,0.86,35.8,False
5110,688671,碧兴物联,25.16,0.0,0.96,-32.33,25.090629858865,0.1183856,55.11621164,275.0,4870.0,56.8,2026-09-03,0.28,31.3,False
5111,688676,金盘科技,70.81,4.97,2.77,53.78,66.770244554397,0.3811592,75.44064317,1045.0,215.0,76.4,2026-09-03,6.05,57.6,False
5112,688677,海泰新光,83.9,-3.56,4.26,65.91,86.164813411665,0.4611948,74.94695955,1018.0,256.0,66.4,2026-09-03,-2.63,49.8,False
5113,688678,福立旺,20.39,-0.78,1.57,60.01,20.369923947494,0.3934976,73.75435,322.0,366.0,64.0,2026-09-03,0.1,47.2,False
5114,688679,通源环境,43.36,-0.34,1.68,-440.53,42.971318936867,0.3978972,66.6317943,522.0,1774.0,63.2,2026-09-03,0.9,42.1,False
5115,688680,海优新材,33.48,1.79,0.43,-34.34,32.9863429473,0.1978472,59.01795913,515.0,4161.0,62.8,2026-09-03,1.5,37.1,False
5116,688681,科汇股份,16.38,1.61,0.56,61.83,16.298783286836,0.1519816,59.11886815,-248.0,4128.0,59.2,2026-09-03,0.5,35.0,False
5117,688682,霍莱沃,31.62,2.23,0.57,367.89,31.052706574827,0.0964752,60.63749573,877.0,3733.0,60.4,2026-09-03,1.83,36.6,False
5118,688683,莱尔科技,29.61,1.3,0.32,94.24,29.043358157171,0.1476176,61.75233619,-22.0,3381.0,59.2,2026-09-03,1.95,36.6,False
5119,688685,迈信林,38.84,3.85,1.2,264.88,37.398448639573,0.2619056,49.48062193,0.0,5179.0,59.2,2026-09-03,3.85,29.3,False
5120,688686,奥普特,147.93,-0.52,0.48,53.03,148.358788834733,0.3267504,65.74231443,-861.0,2060.0,70.8,2026-09-03,-0.29,46.5,False
5121,688687,凯因科技,18.15,2.48,0.68,58.0,17.811594800523,0.2026536,59.47747843,-836.0,4035.0,64.0,2026-09-03,1.9,38.1,False
5122,688689,银河微电,38.76,1.07,3.64,58.19,38.281406156198,0.190582,64.53118667,1130.0,2465.0,62.4,2026-09-03,1.25,40.3,False
5123,688690,纳微科技,36.17,-2.03,1.35,53.38,36.144722192998,0.302778,71.95901764,388.0,594.0,67.2,2026-09-03,0.07,48.4,False
5124,688691,灿芯股份,63.08,-0.66,1.73,-61.99,63.524159413319,0.1831928,54.05082199,70.0,4975.0,62.0,2026-09-03,-0.7,33.5,False
5125,688692,达梦数据,217.0,3.13,1.68,55.59,211.36405789689,0.3400344,74.1247241,629.0,328.0,64.8,2026-09-03,2.67,48.0,False
5126,688693,锴威特,74.29,-0.76,1.59,-80.85,74.640177425638,0.2655632,52.32428007,-627.0,5089.0,66.8,2026-09-03,-0.47,35.0,False
5127,688695,中创股份,20.42,3.81,3.09,-43.49,19.985104983456,0.0379772,61.13148343,1136.0,3567.0,60.8,2026-09-03,2.18,37.2,False
5128,688696,极米科技,85.19,0.59,0.84,35.85,84.993931501714,0.2532824,71.23788027,867.0,719.0,70.4,2026-09-03,0.23,50.2,False
5129,688697,纽威数控,15.1,0.33,0.54,26.89,15.117913760917,0.1452552,72.0306819,-111.0,584.0,68.4,2026-09-03,-0.12,49.3,False
5130,688698,伟创电气,42.4,1.17,1.01,41.35,42.097476495792,0.1851724,63.18350174,595.0,2914.0,63.2,2026-09-03,0.72,39.9,False
5131,688699,明微电子,58.66,-1.49,1.3,37.99,59.525652995508,0.2162804,64.13904364,886.0,2587.0,65.2,2026-09-03,-1.45,41.8,False
5132,688700,东威科技,55.45,-1.84,1.43,83.46,56.568551744082,0.3064248,65.38360826,-592.0,2179.0,70.0,2026-09-03,-1.98,45.8,False
5133,688701,卓锦股份,9.56,1.92,0.87,-21.4,9.495530079296,0.0810972,53.3609194,-32.0,5029.0,61.6,2026-09-03,0.68,32.9,False
5134,688702,盛科通信-U,333.36,-3.93,1.99,-3890.36,348.066943455019,0.3957284,61.64331626,-724.0,3415.0,78.0,2026-09-03,-4.23,48.1,False
5135,688707,振华新材,10.54,2.33,0.77,-15.38,10.406138124668,0.2233456,51.19170788,-389.0,5141.0,62.4,2026-09-03,1.29,31.9,False
5136,688708,佳驰科技,40.76,2.64,0.45,122.02,39.989075992755,0.176976,61.5030564,-1555.0,3451.0,61.2,2026-09-03,1.93,37.6,False
5137,688709,成都华微,25.03,1.96,0.87,-65.57,24.543988441412,0.1781016,51.2295726,14.0,5139.0,64.0,2026-09-03,1.98,32.8,False
5138,688710,益诺思,78.87,0.96,2.6,141.92,78.913396469477,0.1440928,58.77082795,-813.0,4217.0,65.6,2026-09-03,-0.05,38.6,False
5139,688711,宏微科技,24.45,0.16,0.96,664.83,24.32918400915,0.2084404,53.37242908,-7.0,5028.0,62.0,2026-09-03,0.5,33.1,False
5140,688712,北芯生命,32.16,1.13,1.52,72.12,31.899305556802,0.217234,65.1162101,496.0,2266.0,62.4,2026-09-03,0.82,40.6,False
5141,688716,中研股份,27.7,0.8,0.65,-130.0,27.673945286727,0.1603648,55.40030646,-890.0,4836.0,64.4,2026-09-03,0.09,35.7,False
5142,688717,艾罗能源,46.93,2.36,2.97,-106.87,45.805685670109,0.188134,51.47808237,-91.0,5132.0,64.0,2026-09-03,2.45,32.9,False
5143,688718,唯赛勃,14.22,1.35,0.63,55.16,14.189099777761,0.1583876,60.82650573,-2377.0,3659.0,61.6,2026-09-03,0.22,37.5,False
5144,688719,爱科赛博,54.23,3.53,3.71,-185.89,51.919275880899,0.2856804,71.55836748,682.0,661.0,62.4,2026-09-03,4.45,44.7,False
5145,688720,艾森股份,59.24,-1.61,1.71,166.36,60.149610164306,0.228928,66.09342167,1706.0,1943.0,64.4,2026-09-03,-1.51,42.6,False
5146,688721,龙图光罩,38.46,-1.41,1.97,151.47,38.864797514169,0.2115952,61.61715904,1190.0,3422.0,60.8,2026-09-03,-1.04,37.5,False
5147,688722,同益中,14.74,0.89,0.33,23.69,14.678308669854,0.1927636,59.86644975,-2294.0,3946.0,64.0,2026-09-03,0.42,38.3,False
5148,688726,拉普拉斯,44.58,1.71,1.03,28.56,43.71815209224,0.2268904,62.02908034,-409.0,3296.0,61.6,2026-09-03,1.97,38.2,False
5149,688727,恒坤新材,47.0,-0.78,2.03,125.58,47.496912950638,0.22471,60.08147932,241.0,3877.0,63.2,2026-09-03,-1.05,38.0,False
5150,688728,格科微,14.7,0.68,0.28,2612.46,14.573891928112,0.2492904,60.8906119,1032.0,3638.0,62.0,2026-09-03,0.87,37.8,False
5151,688729,屹唐股份,22.71,-1.35,0.68,84.82,23.061938689395,0.3221564,65.99652726,1246.0,1971.0,67.6,2026-09-03,-1.53,44.6,False
5152,688733,壹石通,28.91,-1.5,0.93,246.14,29.293588401427,0.2178228,61.98572268,609.0,3321.0,64.8,2026-09-03,-1.31,40.2,False
5153,688737,中自科技,17.87,1.77,0.64,-16.32,17.688806531294,0.075646,61.24598443,310.0,3534.0,60.4,2026-09-03,1.02,37.0,False
5154,688739,成大生物,20.52,0.54,0.2,128.39,20.443551326152,0.2357448,62.45241871,1178.0,3150.0,64.0,2026-09-03,0.37,40.0,False
5155,688750,金天钛业,14.64,1.46,0.56,103.16,14.50965046219,0.252986,54.18729875,-898.0,4957.0,62.8,2026-09-03,0.9,34.0,False
5156,688755,汉邦科技,27.05,0.93,0.4,34.85,26.806020387665,0.1979124,68.23771181,-242.0,1352.0,60.4,2026-09-03,0.91,41.2,False
5157,688757,胜科纳米,29.0,-0.89,2.01,315.83,29.314242232569,0.1777292,63.22316417,1683.0,2902.0,58.4,2026-09-03,-1.07,36.9,False
5158,688758,赛分科技,26.58,-3.17,1.42,50.03,27.276862398471,0.263104,70.01795412,-688.0,903.0,67.2,2026-09-03,-2.55,47.1,False
5159,688759,必贝特-U,23.59,0.81,1.99,-54.51,23.480162023793,0.2169616,57.86526624,-530.0,4416.0,61.2,2026-09-03,0.47,35.4,False
5160,688765,禾元生物-U,37.08,0.95,1.24,-105.62,36.74372683713,0.1704256,59.05307261,-165.0,4152.0,65.6,2026-09-03,0.92,38.7,False
5161,688766,普冉股份,373.2,-3.29,2.93,33.56,384.628367043685,0.4770372,68.04962262,-380.0,1398.0,79.6,2026-09-03,-2.97,54.2,False
5162,688767,博拓生物,38.28,2.27,0.56,-172.68,38.147892541256,0.302208,58.00939883,-173.0,4394.0,62.0,2026-09-03,0.35,36.0,False
5163,688768,容知日新,43.71,1.46,0.25,-48.58,42.655665736685,0.2595192,65.14799597,937.0,2256.0,58.8,2026-09-03,2.47,38.3,False
5164,688772,珠海冠宇,15.79,1.87,1.02,-44.22,15.482178457477,0.38522,58.0907258,-1652.0,4372.0,64.8,2026-09-03,1.99,37.6,False
5165,688775,影石创新,111.31,2.22,0.68,733.96,110.677346774919,0.32234,63.37830651,-452.0,2850.0,73.6,2026-09-03,0.57,46.6,False
5166,688776,国光电气,48.05,1.69,0.48,-35.87,47.219054445047,0.1108692,49.6813523,-76.0,5177.0,64.4,2026-09-03,1.76,32.0,False
5167,688777,中控技术,91.64,2.35,0.97,233.76,90.376884482144,0.3656936,61.57762894,72.0,3433.0,77.2,2026-09-03,1.4,47.5,False
5168,688778,厦钨新能,47.32,1.89,0.67,24.31,46.144204713794,0.2329144,66.69781385,-403.0,1759.0,70.4,2026-09-03,2.55,47.0,False
5169,688779,五矿新能,7.92,1.41,0.39,20.23,7.842164579965,0.2152328,65.33342169,-464.0,2192.0,70.0,2026-09-03,0.99,45.7,False
5170,688781,视涯科技-UW,42.21,0.33,1.85,-392.86,42.273364374483,0.2917664,63.62292291,-2255.0,2778.0,64.0,2026-09-03,-0.15,40.7,False
5171,688783,西安奕材-U,28.11,-2.36,3.07,-196.19,28.775181544518,0.2725852,51.56706259,-19.0,5131.0,70.0,2026-09-03,-2.31,36.1,False
5172,688785,恒运昌,284.81,0.43,3.56,184.16,289.763406545386,0.4285884,78.2705838,201.0,81.0,64.8,2026-09-03,-1.71,50.7,False
5173,688786,悦安新材,25.74,-1.61,0.95,61.27,26.029455300167,0.2156792,67.97674383,1212.0,1419.0,59.2,2026-09-03,-1.11,40.2,False
5174,688787,海天瑞声,96.29,2.64,2.93,297.19,94.886589447412,0.2458488,68.90471585,1076.0,1160.0,68.4,2026-09-03,1.48,47.1,False
5175,688788,科思科技,32.01,-0.74,0.67,-19.89,31.819124596161,0.2886828,63.0273715,305.0,2972.0,63.6,2026-09-03,0.6,40.1,False
5176,688789,宏华数科,41.78,0.31,0.49,33.89,41.75287227234,0.1789656,69.75480368,591.0,959.0,62.8,2026-09-03,0.06,43.8,False
5177,688790,昂瑞微-UW,109.46,1.82,2.91,34.91,108.607723169184,0.2089612,60.92043561,-625.0,3627.0,68.8,2026-09-03,0.78,41.9,False
5178,688793,倍轻松,18.71,1.14,0.72,-16.87,18.596761706507,0.1284696,57.61580356,572.0,4474.0,62.0,2026-09-03,0.61,35.7,False
5179,688795,摩尔线程-U,525.58,0.08,0.7,-10682.15,528.791094791239,0.4519632,61.26040107,-71.0,3525.0,79.6,2026-09-03,-0.61,48.8,False
5180,688796,百奥赛图,123.79,-2.59,3.79,114.73,126.459148738271,0.3074452,76.0136373,-169.0,174.0,70.4,2026-09-03,-2.11,53.5,False
5181,688798,艾为电子,64.7,-0.64,0.88,79.49,64.77829896735,0.3344372,63.34587216,-1782.0,2864.0,70.8,2026-09-03,-0.12,44.8,False
5182,688799,华纳药厂,50.01,3.67,1.26,51.73,48.127490258263,0.3721624,72.56751757,304.0,513.0,63.6,2026-09-03,3.91,46.2,False
5183,688800,瑞可达,60.12,-0.08,2.08,78.18,60.270510064225,0.3111888,71.92078509,697.0,600.0,70.0,2026-09-03,-0.25,50.3,False
5184,688802,沐曦股份-U,649.96,-1.54,1.51,212.3,665.261234184651,0.4783732,62.7704629,-140.0,3051.0,81.6,2026-09-03,-2.3,51.2,False
5185,688805,健信超导,41.95,-0.47,1.64,71.35,42.52119672775,0.2726704,69.25742284,-770.0,1079.0,64.8,2026-09-03,-1.34,44.9,False
5186,688807,优迅股份,322.97,1.4,7.82,214.68,316.531120764856,0.4257788,69.80297684,1654.0,950.0,68.0,2026-09-03,2.03,47.5,False
5187,688808,联讯仪器,2551.99,0.95,2.32,230.99,2459.57355501413,0.9864488,82.33027022,-4.0,16.0,81.6,2026-09-03,3.76,67.2,False
5188,688809,强一股份,423.52,-6.14,4.95,123.36,454.067372800416,0.4894736,72.85735555,1066.0,472.0,63.6,2026-09-03,-6.73,46.3,False
5189,688811,有研复材,20.69,0.19,1.56,287.36,20.721531742445,0.2276304,57.42404508,-242.0,4517.0,61.6,2026-09-03,-0.15,35.4,False
5190,688813,泰金新能,105.56,0.14,8.01,97.2,105.669584775931,0.3413148,65.96686264,36.0,1984.0,66.4,2026-09-03,-0.1,43.8,False
5191,688816,易思维,49.04,1.78,1.0,-66.09,48.547952087459,0.2114216,64.77065913,1101.0,2383.0,62.4,2026-09-03,1.01,40.4,False
5192,688818,电科蓝天,44.85,1.82,1.34,542.37,44.07794222765,0.307106,62.6846776,-50.0,3076.0,63.2,2026-09-03,1.75,39.6,False
5193,688819,天能股份,21.59,1.36,0.09,37.31,21.282483898792,0.1349056,65.88031858,-234.0,2015.0,64.8,2026-09-03,1.44,42.7,False
5194,688820,盛合晶微,126.78,-1.92,2.87,262.78,129.950878596269,0.3887808,65.58786964,-1200.0,2106.0,80.0,2026-09-03,-2.44,52.5,False
5195,688981,中芯国际,122.89,-0.79,0.62,117.75,123.993757524772,0.4624488,67.37927574,-48.0,1576.0,86.0,2026-09-03,-0.89,57.9,False
5196,689009,九号公司-WD,40.68,1.19,0.56,14.84,40.20653292998,0.2875364,67.20351735,-151.0,1623.0,72.0,2026-09-03,1.18,48.4,False
