序号,代码,名称,最新价,涨跌幅,换手率,市盈率,主力成本,机构参与度,综合得分,上升,目前排名,关注指数,交易日,cost_deviation_pct,score_x_focus,is_our_stock
1,000001,平安银行,11.77,1.38,0.26,4.44,11.650868550198,0.3806968,71.10777836,56.0,664.0,90.0,2026-09-17,1.02,64.0,False
2,000002,万  科Ａ,3.03,0.33,0.26,-1.21,3.017060064513,0.3493936,56.88959754,123.0,4586.0,80.8,2026-09-17,0.43,46.0,False
3,000006,深振业Ａ,6.93,0.87,0.39,-48.86,6.831525252638,0.3035592,64.96188333,1426.0,2317.0,73.2,2026-09-17,1.44,47.6,False
4,000007,全新好,11.33,0.18,0.74,-707.48,11.282420028885,0.2636988,64.41485719,202.0,2499.0,70.4,2026-09-17,0.42,45.3,False
5,000008,神州高铁,2.41,0.42,0.36,-61.31,2.385811259846,0.351829090909,58.59004583,-626.0,4239.0,71.2,2026-09-17,1.01,41.7,False
6,000009,中国宝安,7.01,1.59,0.23,-304.05,6.918479538731,0.175356,62.75106344,-96.0,3084.0,79.2,2026-09-17,1.32,49.7,False
7,000010,*ST美丽,1.58,1.28,1.05,-53.39,1.556706596205,0.3924576,58.39746079,-1662.0,4283.0,69.2,2026-09-17,1.5,40.4,False
8,000011,深物业A,9.12,2.13,1.54,-39.86,8.717375982064,0.2003696,64.7227695,2584.0,2398.0,77.6,2026-09-17,4.62,50.2,False
9,000012,南  玻Ａ,3.73,-0.53,0.65,-13.47,3.772551184025,0.2398564,60.40341387,174.0,3801.0,74.0,2026-09-17,-1.13,44.7,False
10,000014,沙河股份,10.29,0.98,1.03,-88.28,10.106668044884,0.0927124,58.37393436,-616.0,4287.0,69.2,2026-09-17,1.81,40.4,False
11,000016,*ST康佳A,,,0.0,-17.14,2.456638278291,0.293998888889,65.89184992,148.0,2024.0,71.2,2026-09-17,,46.9,False
12,000017,深中华A,7.54,1.34,7.25,245.51,7.383730010609,0.2731264,58.2423393,-435.0,4318.0,83.6,2026-09-17,2.12,48.7,False
13,000019,深粮控股,7.01,1.89,4.27,36.11,6.826809222627,0.232324,66.34458886,3131.0,1865.0,80.0,2026-09-17,2.68,53.1,False
14,000020,深华发Ａ,13.22,4.18,3.1,222.66,12.642878114255,0.0970104,65.8747044,-1414.0,2031.0,76.8,2026-09-17,4.56,50.6,False
15,000021,深科技,36.94,4.03,3.82,53.86,35.89894123629,0.2794652,64.53041661,-2081.0,2447.0,85.6,2026-09-17,2.9,55.2,False
16,000025,特  力Ａ,14.72,1.38,0.53,37.46,14.465451031716,0.1613964,61.41586765,-466.0,3502.0,78.8,2026-09-17,1.76,48.4,False
17,000026,飞亚达,19.56,3.6,1.45,39.48,19.002882593334,0.2152608,66.81057346,-1032.0,1720.0,70.4,2026-09-17,2.93,47.0,False
18,000027,深圳能源,6.29,0.96,0.29,7.86,6.252078744104,0.3047176,67.2659072,-206.0,1561.0,80.4,2026-09-17,0.61,54.1,False
19,000028,国药一致,19.79,0.1,0.15,9.99,19.749406395201,0.0467548,64.12511478,-183.0,2594.0,71.2,2026-09-17,0.21,45.7,False
20,000029,深深房Ａ,21.69,2.65,0.41,-1281.7,21.314077203805,0.2663844,58.98884755,154.0,4165.0,65.6,2026-09-17,1.76,38.7,False
21,000030,富奥股份,3.97,0.0,0.21,18.17,3.96654638105,0.2699336,69.03277659,1432.0,1111.0,67.2,2026-09-17,0.09,46.4,False
22,000031,大悦城,2.14,-0.47,0.4,-6.35,2.133995088679,0.3305284,58.16307945,-734.0,4336.0,72.4,2026-09-17,0.28,42.1,False
23,000032,深桑达Ａ,14.6,1.53,1.21,-42.57,14.412877841642,0.2614748,60.57389764,-2081.0,3751.0,77.2,2026-09-17,1.3,46.8,False
24,000034,神州数码,23.2,1.09,0.74,23.78,23.121191440373,0.2825372,66.85444006,-1148.0,1706.0,74.8,2026-09-17,0.34,50.0,False
25,000035,中国天楹,4.74,-0.21,0.41,26.51,4.749437500207,0.2762264,61.67817442,-1318.0,3420.0,74.0,2026-09-17,-0.2,45.6,False
26,000036,华联控股,3.81,-0.52,0.52,96.54,3.79910524829,0.2434924,62.97718723,-1689.0,2985.0,67.2,2026-09-17,0.29,42.3,False
27,000037,深南电A,9.49,1.17,3.22,144.21,9.349065209647,0.2050472,61.09388232,-774.0,3604.0,78.0,2026-09-17,1.51,47.7,False
28,000039,中集集团,9.28,1.64,0.44,33.83,9.094763020967,0.2256184,64.26013541,8.0,2547.0,78.4,2026-09-17,2.04,50.4,False
29,000042,中洲控股,8.17,-0.12,0.21,2.75,8.207377840089,0.1252152,60.16371189,-1708.0,3873.0,66.8,2026-09-17,-0.46,40.2,False
30,000045,深纺织Ａ,11.08,1.0,0.4,55.26,10.9388480884,0.1849316,68.84901754,1634.0,1154.0,72.4,2026-09-17,1.29,49.8,False
31,000048,京基智农,18.22,-6.23,4.1,-9.87,19.684842296301,0.2546372,53.4120596,-163.0,5030.0,72.8,2026-09-17,-7.44,38.9,False
32,000049,德赛电池,22.22,0.09,0.42,20.82,22.182501661149,0.2472836,61.96565545,-1807.0,3336.0,78.8,2026-09-17,0.17,48.8,False
33,000050,深天马Ａ,6.58,0.46,0.37,-11.01,6.580296137029,0.2584524,64.48260141,1477.0,2466.0,75.6,2026-09-17,-0.0,48.7,False
34,000055,方大集团,3.76,2.17,2.66,37.04,3.729509959948,0.2122844,68.23528212,-562.0,1295.0,81.6,2026-09-17,0.82,55.7,False
35,000056,*ST皇庭,2.44,-3.94,3.75,-5.3,2.635147180755,0.381056,62.84607333,-66.0,3046.0,74.4,2026-09-17,-7.41,46.8,False
36,000058,深 赛 格,7.04,1.15,0.18,82.88,6.921158172093,0.1254472,61.88409147,230.0,3365.0,76.8,2026-09-17,1.72,47.5,False
37,000059,华锦股份,5.41,0.0,0.87,11.85,5.372983532883,0.2447296,65.92145827,215.0,2012.0,78.0,2026-09-17,0.69,51.4,False
38,000060,中金岭南,6.17,0.33,0.72,12.0,6.161927474895,0.3532812,63.47746484,-200.0,2819.0,76.4,2026-09-17,0.13,48.5,True
39,000061,农 产 品,6.06,0.66,0.61,23.72,5.956050538225,0.2864124,75.47856023,401.0,191.0,76.0,2026-09-17,1.75,57.4,False
40,000062,深圳华强,22.91,1.46,0.87,30.61,22.761591089453,0.22988,63.89926476,-1684.0,2676.0,84.0,2026-09-17,0.65,53.7,False
41,000063,中兴通讯,32.38,1.6,0.81,28.13,31.953649485484,0.3441856,61.70999527,-1713.0,3412.0,76.0,2026-09-17,1.33,46.9,False
42,000065,北方国际,9.76,1.35,0.72,17.38,9.634515486105,0.2746,69.95065334,-690.0,898.0,84.4,2026-09-17,1.3,59.0,False
43,000066,中国长城,14.09,1.59,0.83,72.83,13.952904116026,0.2622564,55.38252221,-1590.0,4824.0,74.4,2026-09-17,0.98,41.2,False
44,000068,华控赛格,3.26,0.93,0.71,-40.69,3.197236740132,0.1742856,58.89180611,757.0,4184.0,68.4,2026-09-17,1.96,40.3,False
45,000069,华侨城Ａ,1.77,0.0,0.22,-2.04,1.754266274876,0.3515624,57.92781557,-458.0,4383.0,76.0,2026-09-17,0.9,44.0,False
46,000070,特发信息,17.46,-2.89,7.28,122.14,17.709011784318,0.2968848,71.86794171,1482.0,530.0,94.8,2026-09-17,-1.41,68.1,False
47,000078,ST海王,1.54,1.32,1.48,-9.93,1.510372439739,0.426688,61.05259554,1421.0,3610.0,72.0,2026-09-17,1.96,44.0,False
48,000088,盐 田 港,4.54,-0.22,0.27,16.94,4.518134305007,0.3545536,71.06401523,525.0,671.0,76.0,2026-09-17,0.48,54.0,False
49,000089,深圳机场,6.47,0.15,0.23,9.0,6.469296085771,0.1952972,69.80778934,4.0,930.0,74.4,2026-09-17,0.01,51.9,False
50,000090,天健集团,3.48,0.0,0.31,-9.77,3.475583533349,0.2598284,69.16291999,1039.0,1080.0,67.6,2026-09-17,0.13,46.8,False
51,000096,广聚能源,8.06,1.26,0.42,31.02,7.916446935439,0.1043,63.61633969,8.0,2774.0,69.2,2026-09-17,1.81,44.0,False
52,000099,中信海直,12.96,0.7,0.3,40.11,12.897357725152,0.1400856,59.53329189,-130.0,4033.0,76.0,2026-09-17,0.49,45.2,False
53,000100,TCL科技,4.91,1.66,1.73,14.15,4.851794723637,0.5181912,71.8671283,315.0,531.0,74.0,2026-09-17,1.2,53.2,False
54,000151,中成股份,10.27,0.29,1.46,96.04,10.166276599534,0.2202844,64.48678586,-1354.0,2465.0,78.8,2026-09-17,1.02,50.8,False
55,000153,丰原药业,6.02,0.17,1.31,19.62,5.966418913116,0.1269408,69.02053375,2064.0,1118.0,74.4,2026-09-17,0.9,51.4,False
56,000155,川能动力,11.7,1.04,0.4,15.3,11.573454735818,0.2660732,64.44251848,246.0,2486.0,79.2,2026-09-17,1.09,51.0,False
57,000156,华数传媒,7.04,1.29,0.28,31.03,6.953596339831,0.1517396,68.12347626,405.0,1320.0,76.0,2026-09-17,1.24,51.8,False
58,000157,中联重科,6.17,0.16,0.16,12.69,6.159217854515,0.2935756,65.37818337,829.0,2184.0,82.0,2026-09-17,0.18,53.6,False
59,000158,常山北明,12.76,0.95,0.81,-89.94,12.630015368529,0.2409796,62.68196455,714.0,3105.0,86.0,2026-09-17,1.03,53.9,False
60,000159,国际实业,5.47,0.74,0.78,86.15,5.405447942024,0.195086,60.71299616,-1244.0,3714.0,68.4,2026-09-17,1.19,41.5,False
61,000166,申万宏源,4.4,0.69,0.1,9.61,4.382308459077,0.4335804,63.68346585,-104.0,2752.0,80.4,2026-09-17,0.4,51.2,False
62,000301,东方盛虹,13.63,1.56,0.2,10.01,13.45885100901,0.2227052,74.80365445,-134.0,230.0,81.6,2026-09-17,1.27,61.0,False
63,000333,美的集团,84.3,-0.87,0.2,12.16,84.791520468739,0.3724608,74.38933025,-170.0,257.0,90.4,2026-09-17,-0.58,67.2,False
64,000338,潍柴动力,26.8,0.56,0.99,15.03,26.780750138816,0.432784,75.64850699,1325.0,176.0,82.8,2026-09-17,0.07,62.6,False
65,000400,许继电气,20.43,0.59,0.39,25.02,20.272214343154,0.2531976,69.36277157,1132.0,1027.0,79.6,2026-09-17,0.78,55.2,False
66,000401,金隅冀东,3.47,-0.29,0.11,-4.81,3.452734500824,0.240092,61.77715707,254.0,3394.0,73.6,2026-09-17,0.5,45.5,False
67,000402,金 融 街,2.46,0.41,0.36,-42.48,2.439993391024,0.4365116,65.13277505,676.0,2272.0,72.4,2026-09-17,0.82,47.2,False
68,000403,派林生物,9.94,0.3,0.27,56.03,9.921479650276,0.140298,63.66157757,143.0,2758.0,66.0,2026-09-17,0.19,42.0,False
69,000404,长虹华意,6.89,0.58,0.34,9.57,6.849507116472,0.2535136,64.47657118,-899.0,2472.0,68.0,2026-09-17,0.59,43.8,False
70,000407,胜利股份,4.2,0.96,0.85,18.37,4.141944537804,0.2417552,65.56583201,104.0,2122.0,75.2,2026-09-17,1.4,49.3,False
71,000408,藏格矿业,72.03,1.52,0.43,15.53,70.803729869033,0.3788048,67.88125141,-937.0,1388.0,83.2,2026-09-17,1.73,56.5,False
72,000409,云鼎科技,8.89,1.6,0.67,81.1,8.750029076738,0.1467628,72.61651763,1046.0,416.0,80.4,2026-09-17,1.6,58.4,False
73,000410,沈阳机床,5.05,-0.2,0.32,-343.87,5.006558332428,0.3031568,67.71041618,1292.0,1437.0,74.8,2026-09-17,0.87,50.6,False
74,000411,英特集团,10.01,1.11,0.27,14.48,9.874080286128,0.1015888,71.03276308,334.0,677.0,69.2,2026-09-17,1.38,49.2,False
75,000415,渤海租赁,4.46,1.83,0.59,4.3,4.404592767488,0.3622904,65.14581235,-348.0,2264.0,78.4,2026-09-17,1.26,51.1,False
76,000417,合百集团,5.76,3.6,2.94,37.2,5.568429454134,0.2867444,62.95286132,-1030.0,2997.0,76.4,2026-09-17,3.44,48.1,False
77,000419,通程控股,5.05,1.41,0.53,18.65,4.940233772464,0.112276,64.51813003,-1177.0,2453.0,68.8,2026-09-17,2.22,44.4,False
78,000420,吉林化纤,3.54,1.43,0.66,135.81,3.485294008875,0.231256,52.43803406,-388.0,5099.0,73.2,2026-09-17,1.57,38.4,False
79,000421,南京公用,5.66,0.0,0.73,19.72,5.593495142938,0.1348244,63.26549969,-1152.0,2903.0,76.0,2026-09-17,1.19,48.1,False
80,000422,湖北宜化,11.8,0.17,0.4,20.09,11.760685048898,0.2458272,61.38590936,208.0,3513.0,78.8,2026-09-17,0.33,48.4,False
81,000423,东阿阿胶,45.57,0.0,0.22,16.94,45.734771265581,0.1680432,69.67895177,-507.0,960.0,84.8,2026-09-17,-0.36,59.1,False
82,000425,徐工机械,7.45,-1.19,0.49,11.01,7.578315689371,0.37299,65.83316482,-574.0,2046.0,86.0,2026-09-17,-1.69,56.6,False
83,000426,兴业银锡,34.92,0.98,1.35,13.7,34.890945229491,0.3681692,71.29377537,-586.0,633.0,87.6,2026-09-17,0.08,62.5,False
84,000428,华天酒店,4.18,3.72,4.22,-18.82,4.033652905433,0.2381588,57.53114417,332.0,4469.0,80.4,2026-09-17,3.63,46.3,False
85,000429,粤高速Ａ,12.59,-0.63,0.19,15.48,12.688361628775,0.111968,66.22871419,17.0,1900.0,75.6,2026-09-17,-0.78,50.1,False
86,000430,张家界,7.09,2.9,2.83,9.31,6.806793586981,0.198898,55.93279293,61.0,4739.0,78.4,2026-09-17,4.16,43.9,False
87,000488,ST晨鸣,2.01,-0.5,0.24,-3.76,2.001581960424,0.32104,56.56471053,-749.0,4645.0,75.2,2026-09-17,0.42,42.5,False
88,000498,山东路桥,5.05,2.23,0.92,5.36,4.927191023762,0.2729092,69.95515976,269.0,896.0,74.0,2026-09-17,2.49,51.8,False
89,000501,武商集团,7.18,1.99,0.51,21.05,7.051216606231,0.2489008,63.96449609,-1114.0,2656.0,74.0,2026-09-17,1.83,47.3,False
90,000503,国新健康,6.72,0.3,0.43,-32.17,6.678984730317,0.1704104,61.69440025,1221.0,3417.0,73.6,2026-09-17,0.61,45.4,False
91,000504,南华生物,10.01,10.0,5.34,275.63,8.95813353396,0.4305928,79.55903075,1845.0,39.0,62.0,2026-09-17,11.74,49.3,False
92,000505,京粮控股,6.76,1.96,4.11,305.9,6.522291173169,0.2314664,62.97204116,1934.0,2988.0,83.2,2026-09-17,3.64,52.4,False
93,000506,招金黄金,18.45,-0.22,4.11,37.79,18.67320263013,0.2671668,63.32409442,-2284.0,2884.0,88.4,2026-09-17,-1.2,56.0,False
94,000507,珠海港,5.06,0.4,0.45,14.32,4.997442325592,0.282972,64.55267461,1440.0,2437.0,74.8,2026-09-17,1.25,48.3,False
95,000509,华塑控股,3.77,9.91,4.92,-114.54,3.442589229145,0.1878548,57.72444538,-782.0,4431.0,68.4,2026-09-17,9.51,39.5,False
96,000510,新金路,18.46,3.59,6.81,-80.82,18.048428531695,0.3110652,55.59702111,-1072.0,4791.0,79.6,2026-09-17,2.28,44.3,False
97,000513,丽珠集团,26.25,0.04,0.25,12.5,26.239794646861,0.174748,67.54698126,1579.0,1481.0,79.2,2026-09-17,0.04,53.5,False
98,000514,渝 开 发,4.15,-0.72,0.58,-479.92,4.163216553686,0.171112,68.33070522,1270.0,1269.0,76.0,2026-09-17,-0.32,51.9,False
99,000516,国际医学,4.2,0.48,0.54,-71.98,4.193353448964,0.2653104,60.79735906,-200.0,3683.0,77.2,2026-09-17,0.16,46.9,False
100,000517,荣安地产,1.97,-1.99,0.82,-20.02,2.001991755434,0.3081088,61.91250009,1326.0,3352.0,66.8,2026-09-17,-1.6,41.4,False
101,000518,四环生物,3.75,-1.57,1.25,-74.73,3.798971013389,0.324518,62.26009272,-1050.0,3248.0,70.8,2026-09-17,-1.29,44.1,False
102,000519,中兵红箭,15.24,0.59,1.67,285.27,15.220034742952,0.2499956,63.49781411,-488.0,2809.0,92.0,2026-09-17,0.13,58.4,False
103,000520,凤凰航运,4.12,-0.48,1.19,69.75,4.07348871844,0.2374716,64.70943211,2179.0,2402.0,77.6,2026-09-17,1.14,50.2,False
104,000521,长虹美菱,4.43,0.91,0.67,39.34,4.367513405076,0.2761628,63.96043148,445.0,2659.0,71.6,2026-09-17,1.43,45.8,False
105,000523,红棉股份,3.41,1.19,6.85,41.13,3.327078922481,0.3174668,65.61671054,1791.0,2107.0,81.2,2026-09-17,2.49,53.3,False
106,000524,岭南控股,9.09,0.89,0.64,53.98,8.94405678832,0.1834272,66.82497596,1586.0,1717.0,74.4,2026-09-17,1.63,49.7,False
107,000525,红太阳,4.55,0.0,0.7,29.62,4.536015681925,0.2583348,56.79284979,-533.0,4609.0,75.6,2026-09-17,0.31,42.9,False
108,000526,学大教育,35.33,-0.59,0.69,7.16,35.40080389315,0.1156092,74.00826625,-34.0,287.0,76.4,2026-09-17,-0.2,56.5,False
109,000528,柳    工,7.63,-0.39,0.56,7.32,7.679017858855,0.2821684,65.61551306,683.0,2108.0,82.4,2026-09-17,-0.64,54.1,False
110,000529,广弘控股,4.91,0.0,0.33,44.05,4.853318400085,0.15121,59.19319357,-537.0,4108.0,69.2,2026-09-17,1.17,41.0,False
111,000530,冰山冷热,5.22,1.75,1.22,46.68,5.094807127108,0.2587804,60.49149149,298.0,3781.0,76.0,2026-09-17,2.46,46.0,False
112,000531,穗恒运Ａ,5.69,1.07,0.44,12.19,5.628531514289,0.264106,58.38928777,-249.0,4285.0,71.6,2026-09-17,1.09,41.8,False
113,000532,华金资本,12.3,4.41,4.34,40.64,11.858275273796,0.1841952,65.52864261,-1844.0,2133.0,88.4,2026-09-17,3.73,57.9,False
114,000533,顺钠股份,11.25,3.97,7.16,75.01,10.927303945256,0.1699016,60.39079626,-110.0,3804.0,78.8,2026-09-17,2.95,47.6,False
115,000534,万泽股份,23.62,0.6,1.23,48.0,23.828286381481,0.2223016,68.85648389,1510.0,1153.0,74.0,2026-09-17,-0.87,51.0,False
116,000536,华映科技,3.5,2.94,1.14,-10.76,3.385066735753,0.28893,58.61526754,-843.0,4234.0,82.4,2026-09-17,3.4,48.3,False
117,000537,绿发电力,7.5,1.63,0.58,26.26,7.421408690345,0.2582364,62.89779721,-115.0,3022.0,79.2,2026-09-17,1.06,49.8,False
118,000538,云南白药,51.11,-0.54,0.23,12.32,51.217527216123,0.376406,76.30755974,442.0,137.0,89.2,2026-09-17,-0.21,68.1,False
119,000539,粤电力Ａ,5.22,1.56,1.04,-25.11,5.152566679685,0.219104,55.87581569,-143.0,4748.0,74.8,2026-09-17,1.31,41.8,False
120,000541,佛山照明,4.9,0.0,0.12,90.22,4.868875231484,0.2151296,63.78289678,167.0,2712.0,71.6,2026-09-17,0.64,45.7,False
121,000543,皖能电力,7.38,0.68,0.46,10.14,7.364530862129,0.2687836,64.86067159,-1347.0,2350.0,78.0,2026-09-17,0.21,50.6,False
122,000544,中原环保,7.27,0.14,0.12,5.44,7.227682697898,0.1882996,65.71642755,1683.0,2078.0,69.2,2026-09-17,0.59,45.5,False
123,000545,金浦钛业,2.18,0.46,1.47,-75.41,2.149601747627,0.1823912,49.23816919,-267.0,5178.0,71.6,2026-09-17,1.41,35.3,False
124,000546,金圆股份,4.49,0.67,0.55,-7.41,4.45771093997,0.1856812,62.62609487,36.0,3117.0,72.0,2026-09-17,0.72,45.1,False
125,000547,航天发展,14.9,2.83,2.33,-53.27,14.587711547592,0.1964676,53.12785012,-342.0,5050.0,76.4,2026-09-17,2.14,40.6,False
126,000548,湖南投资,4.59,0.22,0.39,50.59,4.520355849779,0.132846,60.12768912,-1732.0,3889.0,68.8,2026-09-17,1.54,41.4,False
127,000550,江铃汽车,16.71,-3.63,0.51,9.76,17.323540724802,0.0643484,73.61540805,913.0,331.0,79.2,2026-09-17,-3.54,58.3,False
128,000551,创元科技,12.35,3.0,1.94,16.66,12.05323925914,0.1939212,65.38264772,-145.0,2183.0,69.2,2026-09-17,2.46,45.2,False
129,000552,甘肃能化,2.46,-0.81,0.86,37.81,2.469276699367,0.3463492,63.35351869,-196.0,2869.0,75.2,2026-09-17,-0.38,47.6,False
130,000553,安道麦A,5.65,1.07,0.15,15.22,5.577514297567,0.16734,59.01017129,-1118.0,4158.0,70.8,2026-09-17,1.3,41.8,False
131,000554,泰山石油,6.36,0.79,2.35,14.15,6.322457999211,0.2432768,66.80083553,-803.0,1724.0,74.8,2026-09-17,0.59,50.0,False
132,000555,神州信息,10.39,0.87,0.59,-17.92,10.31602332589,0.1560836,67.08486316,1411.0,1634.0,79.2,2026-09-17,0.72,53.1,False
133,000557,西部创业,3.71,0.54,0.23,36.42,3.656776703203,0.1467284,60.17227173,-1186.0,3869.0,70.0,2026-09-17,1.46,42.1,False
134,000558,天府文旅,3.63,0.83,1.32,-111.08,3.567817998364,0.2250316,56.82438431,556.0,4600.0,78.4,2026-09-17,1.74,44.6,False
135,000559,万向钱潮,10.98,2.62,1.73,32.9,10.593393931369,0.2831368,70.71832677,2359.0,749.0,74.8,2026-09-17,3.65,52.9,False
136,000560,我爱我家,2.76,-2.13,6.96,40.23,2.765606425488,0.3681488,76.2222085,2353.0,143.0,84.0,2026-09-17,-0.2,64.0,False
137,000561,烽火电子,7.89,0.64,1.14,-27.2,7.800287536984,0.168404,60.12744728,-1216.0,3890.0,84.0,2026-09-17,1.15,50.5,False
138,000563,陕国投Ａ,2.93,-0.34,0.29,10.29,2.942445700199,0.3210784,67.64012032,1482.0,1454.0,75.2,2026-09-17,-0.42,50.9,False
139,000564,供销大集,1.53,2.0,0.82,520.36,1.493237298417,0.5569484,63.03358954,649.0,2967.0,85.2,2026-09-17,2.46,53.7,False
140,000565,渝三峡Ａ,6.66,1.37,1.98,58.55,6.513002889264,0.1565708,57.64279261,174.0,4447.0,84.4,2026-09-17,2.26,48.7,False
141,000566,海南海药,4.6,0.22,2.31,-14.07,4.555817124822,0.266062,58.84686392,953.0,4193.0,71.6,2026-09-17,0.97,42.1,False
142,000567,海德股份,6.02,0.5,0.44,4.37,5.943675056755,0.2373796,70.40663187,581.0,807.0,78.8,2026-09-17,1.28,55.5,False
143,000568,泸州老窖,71.85,0.28,0.14,12.19,71.649937083439,0.3024508,66.19096867,-810.0,1912.0,88.0,2026-09-17,0.28,58.2,False
144,000570,苏常柴Ａ,5.2,0.39,0.67,17.46,5.124537292035,0.1431128,63.54878703,833.0,2794.0,68.4,2026-09-17,1.47,43.5,False
145,000571,新大洲A,6.54,2.35,2.27,-43.44,6.389451905055,0.3824916,63.4642052,714.0,2828.0,69.2,2026-09-17,2.36,43.9,False
146,000572,海马汽车,4.31,-1.15,7.01,-36.4,4.177966892746,0.3723596,78.37224905,1273.0,62.0,88.0,2026-09-17,3.16,69.0,False
147,000573,粤宏远Ａ,3.7,0.27,0.6,26.1,3.649120190459,0.2203176,68.00094655,10.0,1365.0,68.0,2026-09-17,1.39,46.2,False
148,000576,甘化科工,8.37,1.21,1.18,51.29,8.231708945867,0.1152484,67.72995114,922.0,1427.0,78.4,2026-09-17,1.68,53.1,False
149,000581,威孚高科,18.19,0.17,0.24,10.51,18.088789734179,0.1802268,68.02778652,716.0,1355.0,79.2,2026-09-17,0.56,53.9,False
150,000582,北部湾港,9.8,-0.41,1.44,22.11,10.030330352555,0.2422496,54.39619866,-473.0,4951.0,86.8,2026-09-17,-2.3,47.2,False
151,000586,汇源通信,13.81,-0.65,1.5,-155.72,14.051781122277,0.118374,58.98009459,-1416.0,4168.0,82.8,2026-09-17,-1.72,48.8,False
152,000589,贵州轮胎,4.25,0.47,0.52,9.21,4.212631555393,0.3528704,69.91326623,74.0,906.0,72.4,2026-09-17,0.89,50.6,False
153,000590,古汉医药,8.91,-0.34,0.43,-71.27,8.865552231151,0.0904928,56.71709008,-311.0,4619.0,72.0,2026-09-17,0.5,40.8,False
154,000591,太阳能,4.32,1.17,0.97,17.18,4.265824636205,0.3351696,60.15824136,-390.0,3876.0,78.0,2026-09-17,1.27,46.9,False
155,000592,平潭发展,8.51,1.67,13.03,-118.32,8.387142535554,0.3217788,69.9253476,-894.0,903.0,96.0,2026-09-17,1.46,67.1,True
156,000593,德龙汇能,21.49,-0.37,1.27,137.8,21.404024409787,0.2649816,68.05738967,2617.0,1343.0,74.0,2026-09-17,0.4,50.4,False
157,000595,新能股份,5.32,1.53,0.82,105.02,5.278011868391,0.259628,56.34432418,-1237.0,4695.0,78.4,2026-09-17,0.8,44.2,False
158,000596,古井贡酒,92.75,0.27,0.32,11.33,92.04135481668,0.3023864,66.26099705,-72.0,1893.0,81.6,2026-09-17,0.77,54.1,False
159,000597,东北制药,4.67,0.0,0.42,39.73,4.649084524249,0.2273448,66.80822616,471.0,1722.0,78.8,2026-09-17,0.45,52.6,False
160,000598,兴蓉环境,7.04,0.57,0.18,10.29,7.020934104528,0.2849208,74.64750663,36.0,238.0,72.4,2026-09-17,0.27,54.0,False
161,000599,青岛双星,4.57,-0.65,0.68,39.05,4.557132687185,0.158056,60.07661937,-64.0,3903.0,72.8,2026-09-17,0.28,43.7,False
162,000600,建投能源,7.3,1.25,0.94,9.56,7.230425584528,0.2671788,63.51959547,-341.0,2803.0,74.4,2026-09-17,0.96,47.3,False
163,000601,韶能股份,6.26,1.79,1.96,19.77,6.148746556985,0.2408448,58.34672713,-995.0,4294.0,75.6,2026-09-17,1.81,44.1,False
164,000603,盛达资源,33.5,2.04,3.36,29.63,33.580180384727,0.3284528,65.18201733,-1924.0,2251.0,88.0,2026-09-17,-0.24,57.4,False
165,000605,渤海股份,5.84,0.0,0.44,71.81,5.759172781268,0.0372748,57.62141679,-689.0,4452.0,69.2,2026-09-17,1.4,39.9,False
166,000607,华媒控股,4.14,2.48,3.38,-131.39,3.984548452407,0.2285668,75.23258597,449.0,203.0,75.2,2026-09-17,3.9,56.6,False
167,000608,阳光股份,7.1,1.0,1.26,-51.27,7.093343454791,0.3621308,55.83555526,-240.0,4757.0,69.2,2026-09-17,0.09,38.6,False
168,000609,*ST中迪,10.03,6.93,1.73,-14.22,9.346583840258,0.2269504,53.41094174,-45.0,5031.0,66.8,2026-09-17,7.31,35.7,False
169,000610,*ST西旅,8.76,0.92,1.94,-17.73,8.678665813309,0.371154,65.17743812,1270.0,2252.0,84.0,2026-09-17,0.94,54.7,False
170,000612,焦作万方,11.47,1.15,1.6,5.56,11.389776006948,0.3368628,70.85802251,-223.0,720.0,83.6,2026-09-17,0.7,59.2,False
171,000615,*ST美谷,3.22,0.0,0.21,-12.87,3.221183580151,0.44768,70.72546101,88.0,746.0,72.0,2026-09-17,-0.04,50.9,False
172,000617,中油资本,6.82,0.15,0.18,12.83,6.781132787242,0.352168,67.3192858,172.0,1544.0,84.8,2026-09-17,0.57,57.1,False
173,000619,海螺新材,5.02,1.21,0.79,-34.27,4.903728059094,0.0730904,61.90274337,-152.0,3355.0,70.0,2026-09-17,2.37,43.3,False
174,000620,盈新发展,3.19,1.27,3.16,108.77,3.15074300903,0.3398584,63.27204161,-1346.0,2898.0,85.6,2026-09-17,1.25,54.2,False
175,000623,吉林敖东,17.47,0.92,0.3,5.1,17.350151911702,0.2574464,63.99142707,-196.0,2642.0,76.0,2026-09-17,0.69,48.6,False
176,000625,长安汽车,7.11,-0.56,0.21,43.11,7.129365430508,0.3381924,73.69273003,1181.0,322.0,80.4,2026-09-17,-0.27,59.2,False
177,000626,远大控股,8.89,0.11,1.71,10.47,8.780328991196,0.1923608,66.04094589,2704.0,1966.0,77.2,2026-09-17,1.25,51.0,False
178,000628,高新发展,59.75,6.34,4.11,216.84,56.665512385034,0.343654,64.34580909,-1114.0,2517.0,86.8,2026-09-17,5.44,55.9,False
179,000629,钒钛股份,2.89,1.05,0.33,60.63,2.868825605329,0.3610808,63.47019216,-177.0,2822.0,79.2,2026-09-17,0.74,50.3,False
180,000630,铜陵有色,6.07,0.83,0.59,13.6,6.011918711309,0.3113904,66.18951662,-832.0,1913.0,85.6,2026-09-17,0.97,56.7,False
181,000631,顺发恒能,2.91,0.0,0.19,296.39,2.900386140685,0.2446504,58.8173295,-983.0,4196.0,67.2,2026-09-17,0.33,39.5,False
182,000632,ST三木,3.98,-1.0,0.89,-1.09,3.978127878624,0.2373588,53.34028623,-348.0,5034.0,74.0,2026-09-17,0.05,39.5,False
183,000633,合金投资,5.17,0.39,0.68,419.95,5.087084938879,0.1233272,62.99738861,828.0,2974.0,70.4,2026-09-17,1.63,44.4,False
184,000635,英 力 特,7.23,1.26,1.16,-5.77,7.17912396093,0.185929615385,57.42607066,-246.0,4491.0,76.8,2026-09-17,0.71,44.1,False
185,000636,风华高科,56.43,-0.39,5.08,111.53,57.882086538702,0.3523196,66.63770345,-1551.0,1771.0,95.2,2026-09-17,-2.51,63.4,False
186,000637,茂化实华,4.15,0.0,0.91,-32.88,4.097226712712,0.1007252,66.34717459,131.0,1864.0,69.2,2026-09-17,1.29,45.9,False
187,000639,ST西王,1.64,0.61,1.43,3.99,1.615876281896,0.3967068,52.37006011,55.0,5103.0,71.6,2026-09-17,1.49,37.5,False
188,000650,仁和药业,5.2,0.39,0.39,12.47,5.175497295033,0.263082,68.94029908,1447.0,1134.0,76.8,2026-09-17,0.47,52.9,False
189,000651,格力电器,38.33,0.92,0.24,8.09,38.057533997589,0.3590124,71.71788554,32.0,556.0,91.6,2026-09-17,0.72,65.7,False
190,000652,泰达股份,3.35,0.6,0.34,43.99,3.328227594293,0.2818636,62.52255296,220.0,3157.0,72.8,2026-09-17,0.65,45.5,False
191,000655,金岭矿业,7.14,0.85,0.35,17.92,7.033596591806,0.1403812,69.47596182,1460.0,996.0,75.6,2026-09-17,1.51,52.5,False
192,000656,金科股份,1.2,-1.64,0.96,342.3,1.198525686023,0.6004996,62.89993869,1758.0,3021.0,74.0,2026-09-17,0.12,46.5,False
193,000657,中钨高新,60.93,0.05,1.9,33.43,61.805767159057,0.354606,69.20611279,-303.0,1067.0,93.2,2026-09-17,-1.42,64.5,False
194,000659,珠海中富,2.82,-0.35,0.78,-65.79,2.808809572787,0.1911536,55.64413428,145.0,4784.0,70.0,2026-09-17,0.4,39.0,False
195,000661,长春高新,71.78,-0.76,0.79,30.8,72.551649793331,0.2856336,63.25928828,1528.0,2907.0,77.6,2026-09-17,-1.06,49.1,False
196,000663,永安林业,6.03,0.84,1.13,-52.5,5.887783703768,0.0781084,69.07896229,-620.0,1103.0,72.8,2026-09-17,2.42,50.3,False
197,000665,湖北广电,4.11,-0.48,0.54,-9.34,4.108937854936,0.1783364,59.99770233,-1394.0,3924.0,77.6,2026-09-17,0.03,46.6,False
198,000668,荣丰控股,21.06,0.19,0.96,-64.08,21.112818225921,0.3283572,63.53441081,-76.0,2801.0,62.8,2026-09-17,-0.25,39.9,False
199,000669,ST金鸿,4.17,-0.24,0.27,111.93,4.225591112808,0.2106388,62.10111001,-867.0,3299.0,68.0,2026-09-17,-1.32,42.2,False
200,000670,盈方微,7.77,1.7,4.42,-200.32,7.714148180289,0.246914,63.40823054,-2718.0,2853.0,94.4,2026-09-17,0.72,59.9,False
201,000672,上峰材料,15.09,1.14,0.7,5.36,15.020311556411,0.2326032,67.29952188,-545.0,1551.0,76.4,2026-09-17,0.46,51.4,False
202,000676,智度股份,6.74,-0.44,0.9,29.62,6.737010246401,0.2766208,74.83850023,2112.0,226.0,76.8,2026-09-17,0.04,57.5,False
203,000677,ST海龙,1.81,2.26,1.63,44.65,1.749607105236,0.3399832,61.1444819,679.0,3592.0,70.4,2026-09-17,3.45,43.0,False
204,000678,襄阳轴承,8.96,-0.67,1.33,-99.89,8.922722070698,0.1397472,66.01411522,2832.0,1977.0,80.8,2026-09-17,0.42,53.3,False
205,000679,大连友谊,6.51,1.24,1.95,-37.1,6.341624613144,0.1577136,65.95426682,2350.0,2004.0,72.8,2026-09-17,2.66,48.0,False
206,000680,山推股份,9.26,0.11,0.48,10.2,9.314845018548,0.22777,69.31488028,1335.0,1041.0,80.8,2026-09-17,-0.59,56.0,False
207,000681,视觉中国,16.19,0.06,1.18,56.09,16.153125049664,0.2540316,66.80914073,634.0,1721.0,75.6,2026-09-17,0.23,50.5,False
208,000682,东方电子,10.78,0.84,0.35,17.94,10.691564789249,0.2245312,66.80083422,-59.0,1725.0,75.2,2026-09-17,0.83,50.2,False
209,000683,博源化工,5.7,-0.52,0.82,12.7,5.735104906061,0.3979236,69.1426868,52.0,1084.0,80.4,2026-09-17,-0.61,55.6,False
210,000685,中山公用,10.84,0.46,0.31,5.42,10.84839703404,0.240022,72.31917807,434.0,459.0,69.6,2026-09-17,-0.08,50.3,False
211,000686,东北证券,7.7,0.52,0.19,11.79,7.686203472827,0.2406304,60.05536303,-236.0,3911.0,75.6,2026-09-17,0.18,45.4,False
212,000688,国城矿业,25.76,-1.11,0.61,16.83,25.928439509204,0.2620412,71.04993187,1255.0,675.0,76.8,2026-09-17,-0.65,54.6,False
213,000690,宝新能源,5.34,3.09,1.98,9.18,5.153060229398,0.3351796,66.92084049,85.0,1691.0,82.0,2026-09-17,3.63,54.9,False
214,000691,亚太实业,9.41,2.06,1.25,-1310.62,9.267187320786,0.2078412,56.96608977,-202.0,4579.0,63.2,2026-09-17,1.54,36.0,False
215,000692,惠天热电,4.2,-0.24,1.23,-11.7,4.15864146901,0.2884628,58.9010716,515.0,4181.0,68.8,2026-09-17,0.99,40.5,False
216,000695,滨海能源,13.06,-0.15,0.72,-53.58,12.969150876121,0.2502748,56.2122168,-733.0,4713.0,70.8,2026-09-17,0.7,39.8,False
217,000697,炼石航空,9.03,2.61,0.46,-124.06,8.774372419389,0.2403056,63.96528787,1431.0,2655.0,71.2,2026-09-17,2.91,45.5,False
218,000698,ST沈化,3.62,0.28,0.23,19.06,3.578657138233,0.3114868,68.14056737,349.0,1314.0,70.4,2026-09-17,1.16,48.0,False
219,000700,模塑科技,11.84,-0.42,4.49,17.25,11.874322637792,0.3864268,75.42131615,3184.0,196.0,71.6,2026-09-17,-0.29,54.0,False
220,000701,厦门信达,5.23,1.16,0.94,4.13,5.106031465377,0.1307724,59.76880291,-1216.0,3983.0,75.6,2026-09-17,2.43,45.2,False
221,000702,正虹科技,5.68,-0.18,1.0,-47.56,5.610472885111,0.0824868,58.7674044,-828.0,4210.0,75.6,2026-09-17,1.24,44.4,False
222,000703,恒逸石化,16.85,-0.35,0.95,5.87,17.542403181452,0.34665,71.02820826,-605.0,681.0,82.4,2026-09-17,-3.95,58.5,False
223,000705,浙江震元,6.98,0.29,0.9,-87.04,6.913604085645,0.0518256,63.86056174,632.0,2688.0,69.2,2026-09-17,0.96,44.2,False
224,000707,双环科技,4.47,0.22,0.55,-17.51,4.413490551079,0.1697724,59.64088894,911.0,4006.0,70.0,2026-09-17,1.28,41.7,False
225,000708,中信特钢,13.04,-0.46,0.07,11.01,13.120114696711,0.181128,68.74111427,-651.0,1175.0,76.8,2026-09-17,-0.61,52.8,False
226,000709,河钢股份,2.05,0.49,0.31,16.62,2.046614419348,0.4186356,70.03517805,205.0,886.0,76.0,2026-09-17,0.17,53.2,False
227,000710,贝瑞基因,9.39,9.95,5.38,-37.77,8.567116613476,0.1524892,63.33835295,2188.0,2873.0,82.0,2026-09-17,9.61,51.9,False
228,000711,京蓝科技,4.87,2.74,2.62,96.92,4.854846560265,0.367230588235,53.91922666,-1300.0,4989.0,81.6,2026-09-17,0.31,44.0,False
229,000712,锦龙股份,9.86,-0.6,2.86,310.01,9.88904494373,0.2419432,53.40183799,-391.0,5032.0,85.6,2026-09-17,-0.29,45.7,False
230,000713,国投丰乐,6.61,-1.49,5.35,-84.55,6.521523770723,0.2882944,78.9223275,2427.0,48.0,83.6,2026-09-17,1.36,66.0,False
231,000715,中兴商业,5.47,1.86,0.86,32.16,5.255862190685,0.1713316,72.46979409,1312.0,443.0,68.4,2026-09-17,4.07,49.6,False
232,000716,黑芝麻,5.12,0.39,1.74,61.61,5.052618456176,0.2172072,61.50033395,1530.0,3475.0,85.2,2026-09-17,1.33,52.4,False
233,000717,中南股份,2.18,-0.46,0.3,-100.41,2.175510036293,0.2015112,63.37753842,214.0,2864.0,74.4,2026-09-17,0.21,47.2,False
234,000718,苏宁环球,1.96,1.03,0.54,96.08,1.930613444295,0.3217444,64.89200488,244.0,2338.0,70.4,2026-09-17,1.52,45.7,False
235,000719,中原传媒,12.12,0.66,0.31,12.26,12.033277260936,0.0855444,67.40174336,390.0,1520.0,72.8,2026-09-17,0.72,49.1,False
236,000720,新能泰山,4.05,1.76,3.54,-67.08,3.980264043089,0.2541284,64.34154587,-1106.0,2521.0,89.6,2026-09-17,1.75,57.7,False
237,000721,西安饮食,6.27,3.13,3.07,-34.4,6.061264889383,0.172468,56.66175087,172.0,4632.0,83.2,2026-09-17,3.44,47.1,False
238,000722,湖南发展,14.34,2.43,3.43,24.79,13.897589011994,0.191628,65.25471412,-544.0,2228.0,89.2,2026-09-17,3.18,58.2,False
239,000723,美锦能源,3.57,-0.83,0.78,-13.12,3.570861798684,0.3021536,67.20597479,-541.0,1590.0,87.6,2026-09-17,-0.02,58.9,False
240,000725,京东方Ａ,5.82,1.22,3.1,20.54,5.725563643716,0.5559112,78.97807702,446.0,46.0,80.4,2026-09-17,1.65,63.5,False
241,000726,鲁  泰Ａ,6.25,2.8,1.75,10.06,6.098058726265,0.1954032,68.1043698,-975.0,1325.0,74.8,2026-09-17,2.49,50.9,False
242,000727,冠捷科技,2.24,0.0,0.47,-12.7,2.24161778276,0.3372592,60.70208527,-1127.0,3720.0,75.2,2026-09-17,-0.07,45.6,False
243,000728,国元证券,7.44,0.0,0.17,9.53,7.473734865864,0.244384,61.3978743,-205.0,3511.0,78.0,2026-09-17,-0.45,47.9,False
244,000729,燕京啤酒,10.81,2.95,0.63,10.89,10.595964610626,0.1793304,73.12784281,-28.0,376.0,75.2,2026-09-17,2.02,55.0,False
245,000731,四川美丰,7.77,-2.02,1.17,-39.89,7.77886689135,0.3135972,70.78461438,30.0,731.0,86.4,2026-09-17,-0.11,61.2,False
246,000733,振华科技,40.83,1.04,0.86,45.89,40.791072699054,0.3143576,66.65104487,-1258.0,1765.0,81.2,2026-09-17,0.1,54.1,False
247,000735,罗 牛 山,5.96,0.34,3.46,-11.09,5.842748589281,0.2993332,70.60887731,2686.0,774.0,84.4,2026-09-17,2.01,59.6,False
248,000736,中交发展,4.35,-0.23,0.76,88.69,4.289132486991,0.2893652,65.59008221,1362.0,2115.0,79.6,2026-09-17,1.42,52.2,False
249,000737,北方铜业,14.34,1.99,2.61,9.78,14.085974822648,0.305884,70.12864711,-651.0,864.0,87.6,2026-09-17,1.8,61.4,False
250,000738,航发控制,19.21,0.37,0.38,58.24,19.258456794982,0.2518716,61.69123116,-123.0,3418.0,80.4,2026-09-17,-0.25,49.6,False
251,000739,普洛药业,23.52,1.86,0.89,26.08,23.143453986237,0.2795348,77.12134169,1270.0,106.0,76.0,2026-09-17,1.63,58.6,False
252,000750,国海证券,3.63,0.0,0.28,21.04,3.644767699988,0.309332,57.85127924,-28.0,4398.0,76.8,2026-09-17,-0.41,44.4,False
253,000751,锌业股份,4.62,0.65,0.62,57.74,4.599124023026,0.2195668,57.86788981,-997.0,4393.0,74.8,2026-09-17,0.45,43.3,False
254,000752,*ST西发,8.65,0.0,0.18,51.44,8.643970588235,0.3168732,67.48507252,111.0,1495.0,67.2,2026-09-17,0.07,45.3,False
255,000753,漳州发展,5.37,3.87,5.9,61.59,5.133834832027,0.2602068,71.92161657,-322.0,513.0,89.2,2026-09-17,4.6,64.2,False
256,000755,山西高速,4.73,-0.21,0.09,14.14,4.725187822237,0.1246016,66.4900506,1545.0,1817.0,70.4,2026-09-17,0.1,46.8,False
257,000756,新华制药,13.34,4.55,2.52,31.16,12.737700333021,0.2092136,61.19734336,281.0,3573.0,73.6,2026-09-17,4.73,45.0,False
258,000757,浩物股份,4.24,-0.47,0.61,60.39,4.207028825134,0.241852,70.03450431,1533.0,887.0,65.2,2026-09-17,0.78,45.7,False
259,000758,中色股份,5.94,0.68,0.54,9.77,5.908051770264,0.2167684,59.98781795,-162.0,3929.0,76.4,2026-09-17,0.54,45.8,False
260,000759,中百集团,6.68,4.38,16.47,-7.4,6.314344998317,0.250546,57.33646515,375.0,4509.0,85.6,2026-09-17,5.79,49.1,False
261,000761,本钢板材,2.26,0.44,0.24,-2.43,2.239129540985,0.1865592,61.03245221,115.0,3614.0,68.8,2026-09-17,0.93,42.0,False
262,000762,西藏矿业,21.69,0.14,0.61,94.03,21.609830212291,0.1904996,59.37314033,9.0,4075.0,79.2,2026-09-17,0.37,47.0,False
263,000766,通化金马,15.53,-0.58,0.49,1056.33,15.525911480471,0.2936996,61.73397732,1333.0,3402.0,71.6,2026-09-17,0.03,44.2,False
264,000767,晋控电力,3.46,0.87,1.94,44.48,3.421394712764,0.3140496,54.69632956,-213.0,4919.0,75.2,2026-09-17,1.13,41.1,False
265,000768,中航西飞,22.55,1.49,0.33,64.02,22.38322477317,0.2903928,70.44330806,1165.0,800.0,84.4,2026-09-17,0.75,59.5,False
266,000776,广发证券,20.42,2.0,0.43,6.86,20.072468168742,0.4219008,68.40439732,5.0,1245.0,82.0,2026-09-17,1.73,56.1,False
267,000777,中核科技,16.67,1.21,0.36,51.29,16.487554859098,0.1764976,61.47365266,4.0,3487.0,74.4,2026-09-17,1.11,45.7,False
268,000778,新兴铸管,3.6,-0.28,0.39,19.2,3.597184082607,0.4036736,68.29361902,1473.0,1281.0,79.6,2026-09-17,0.08,54.4,False
269,000779,甘咨询,8.89,1.72,4.92,19.8,8.693519083049,0.2658092,62.5773359,1210.0,3133.0,72.0,2026-09-17,2.26,45.1,False
270,000782,恒申新材,8.17,4.21,1.71,-60.44,7.827917192495,0.3024608,53.87435221,-936.0,4992.0,66.8,2026-09-17,4.37,36.0,False
271,000783,长江证券,8.37,0.97,0.5,7.25,8.329391538785,0.3734752,65.86149688,-840.0,2035.0,72.8,2026-09-17,0.49,47.9,False
272,000785,居然智家,2.27,2.25,0.58,36.09,2.198199887728,0.3496016,64.54518195,1590.0,2444.0,72.8,2026-09-17,3.27,47.0,False
273,000786,北新建材,15.76,0.32,0.24,9.75,15.706287559536,0.2029676,69.27779769,-631.0,1047.0,82.8,2026-09-17,0.34,57.4,False
274,000788,北大医药,5.34,0.38,1.31,28.58,5.284453546981,0.2366252,63.73228548,554.0,2734.0,72.4,2026-09-17,1.05,46.1,False
275,000789,万年青,4.07,0.0,0.27,-33.59,4.042712895631,0.2008076,57.01898039,-1263.0,4567.0,75.6,2026-09-17,0.67,43.1,False
276,000790,华神科技,4.05,3.32,3.37,206.81,3.887734944698,0.183996,55.77523398,291.0,4766.0,69.6,2026-09-17,4.17,38.8,False
277,000791,甘肃能源,7.36,2.94,0.98,14.22,7.17227657818,0.2415912,66.12581422,-261.0,1935.0,75.6,2026-09-17,2.62,50.0,False
278,000792,盐湖股份,24.82,-0.68,0.38,10.65,24.773485133256,0.4151692,73.00845818,1049.0,384.0,86.8,2026-09-17,0.19,63.4,False
279,000793,ST华闻,2.07,-0.48,0.21,78.03,2.073405232164,0.341809215686,57.52731432,662.0,4470.0,74.0,2026-09-17,-0.16,42.6,False
280,000795,英洛华,8.15,0.25,0.29,35.29,8.12883048081,0.1760996,60.68401399,-278.0,3725.0,75.6,2026-09-17,0.26,45.9,False
281,000796,凯撒旅业,3.72,1.92,2.41,-271.04,3.627046585773,0.2526164,60.63839868,1016.0,3734.0,82.8,2026-09-17,2.56,50.2,False
282,000797,中国武夷,2.61,2.76,1.74,-4.66,2.518311784849,0.2167128,60.03235971,-802.0,3917.0,77.6,2026-09-17,3.64,46.6,False
283,000798,中水渔业,10.21,-1.16,4.89,18.25,10.181630534237,0.22866,77.77923333,2356.0,79.0,82.0,2026-09-17,0.28,63.8,False
284,000799,酒鬼酒,37.07,0.84,0.58,488.88,36.816749494484,0.2185084,54.78492119,-90.0,4909.0,77.6,2026-09-17,0.69,42.5,False
285,000800,一汽解放,5.95,-0.34,0.07,47.77,5.943234801321,0.215032,71.30914733,159.0,631.0,80.4,2026-09-17,0.11,57.3,False
286,000801,四川九洲,12.18,-0.33,0.42,76.23,12.142495195646,0.2531168,71.72925286,1449.0,554.0,78.8,2026-09-17,0.31,56.5,False
287,000802,北京文化,3.95,0.51,2.5,-36.06,3.928118203438,0.1968288,59.11006944,341.0,4133.0,74.4,2026-09-17,0.56,44.0,False
288,000803,山高环能,7.14,-0.56,1.36,25.57,7.245615209919,0.1985668,63.12514305,1569.0,2937.0,70.0,2026-09-17,-1.46,44.2,False
289,000807,云铝股份,27.32,1.52,0.91,6.17,26.812787074568,0.4142648,75.84635049,33.0,166.0,86.4,2026-09-17,1.89,65.5,False
290,000809,和展能源,3.55,-0.28,2.45,154.05,3.466526625711,0.2311624,72.57928076,761.0,426.0,69.2,2026-09-17,2.41,50.2,False
291,000810,创维数字,9.7,1.04,0.66,34.42,9.603919985036,0.2170216,63.45840574,-1851.0,2829.0,80.0,2026-09-17,1.0,50.8,False
292,000811,冰轮环境,39.01,0.91,3.11,62.24,38.402760696302,0.3258968,76.4992554,389.0,127.0,76.8,2026-09-17,1.58,58.8,False
293,000812,陕西金叶,3.82,-2.3,3.28,64.22,3.838584983981,0.2432292,66.14919615,2036.0,1927.0,84.4,2026-09-17,-0.48,55.8,False
294,000813,德展健康,3.23,0.62,0.54,-58.19,3.209053700294,0.2619956,53.80547371,-571.0,4997.0,77.2,2026-09-17,0.65,41.5,False
295,000815,美利云,15.41,0.46,1.82,163.37,15.46426875117,0.217996,59.03567817,-497.0,4150.0,79.6,2026-09-17,-0.35,47.0,False
296,000816,智慧农业,2.87,1.77,1.67,366.84,2.794491268285,0.2589276,64.34928181,1681.0,2515.0,82.8,2026-09-17,2.7,53.3,False
297,000818,航锦科技,11.68,0.95,0.82,77.3,11.58546129322,0.2064284,55.27461615,-1027.0,4853.0,74.8,2026-09-17,0.82,41.3,False
298,000819,岳阳兴长,11.9,0.85,0.35,153.22,11.783401158683,0.1165716,62.99463423,-280.0,2977.0,68.0,2026-09-17,0.99,42.8,False
299,000820,神雾节能,3.55,-1.39,2.21,-145.48,3.50723249035,0.213454509804,65.12763783,2445.0,2275.0,68.0,2026-09-17,1.22,44.3,False
300,000821,ST京机,7.49,1.35,0.54,35.78,7.340307216596,0.2389348,61.01213209,25.0,3618.0,75.2,2026-09-17,2.04,45.9,False
301,000822,山东海化,4.28,0.23,0.4,-6.81,4.256413233674,0.186764,55.63031972,-555.0,4785.0,74.0,2026-09-17,0.55,41.2,False
302,000823,超声电子,23.52,-2.89,18.8,61.66,24.309728858665,0.3284044,67.80018538,-212.0,1415.0,94.4,2026-09-17,-3.25,64.0,False
303,000825,太钢不锈,3.42,0.29,0.22,71.9,3.406862737477,0.2237968,60.53262983,-1190.0,3768.0,78.0,2026-09-17,0.39,47.2,False
304,000826,*ST启环,1.89,-1.56,0.28,-3.66,1.881885246452,0.4225532,64.72759041,1394.0,2396.0,72.4,2026-09-17,0.43,46.9,False
305,000828,东莞控股,10.1,-0.39,0.19,9.54,10.120708710098,0.2211056,71.72695995,173.0,555.0,72.4,2026-09-17,-0.2,51.9,False
306,000829,天音控股,8.89,0.11,0.47,287.58,8.847405026626,0.1734412,65.76644152,446.0,2062.0,72.8,2026-09-17,0.48,47.9,False
307,000830,鲁西化工,11.7,0.95,0.53,11.43,11.669989173183,0.2672584,70.7878636,1144.0,730.0,84.0,2026-09-17,0.26,59.5,False
308,000831,中国稀土,53.22,-0.28,0.71,119.18,53.859979160114,0.3886372,61.73237125,-2054.0,3404.0,82.0,2026-09-17,-1.19,50.6,False
309,000833,粤桂股份,19.89,-0.25,2.14,12.83,20.029954354925,0.2893492,73.10187362,1958.0,377.0,84.4,2026-09-17,-0.7,61.7,False
310,000837,秦川机床,9.58,0.1,0.45,105.64,9.563718105202,0.2193676,64.61687398,1605.0,2421.0,81.2,2026-09-17,0.17,52.5,False
311,000838,*ST发展,2.31,2.21,2.03,-25.32,2.221528351599,0.291405818182,47.87792581,-6.0,5187.0,69.2,2026-09-17,3.98,33.1,False
312,000839,国安股份,2.81,2.93,2.58,-37.16,2.739219845545,0.300946,67.01975157,-883.0,1657.0,87.6,2026-09-17,2.58,58.7,False
313,000848,承德露露,8.15,0.49,0.31,13.95,8.122139204622,0.1616656,72.58682544,960.0,425.0,78.8,2026-09-17,0.34,57.2,False
314,000850,华茂股份,4.24,2.66,0.86,-146.41,4.060035503469,0.2145992,70.84823035,950.0,721.0,67.6,2026-09-17,4.43,47.9,False
315,000852,石化机械,5.43,0.37,0.68,-404.8,5.400465117221,0.2204892,58.03670251,-168.0,4355.0,79.2,2026-09-17,0.55,46.0,False
316,000856,冀东装备,8.69,0.46,0.8,154.38,8.585883245325,0.0636204,62.97265059,1171.0,2987.0,74.8,2026-09-17,1.21,47.1,False
317,000858,五 粮 液,69.29,0.23,0.15,15.36,69.033124785932,0.3570148,63.90106531,-130.0,2675.0,90.4,2026-09-17,0.37,57.8,False
318,000859,国风新材,9.5,0.32,2.84,-133.8,9.499832293477,0.2528396,62.5462942,-1175.0,3149.0,87.6,2026-09-17,0.0,54.8,False
319,000860,顺鑫农业,10.24,0.89,0.44,94.12,10.16875233905,0.181554,61.34131224,7.0,3528.0,80.0,2026-09-17,0.7,49.1,False
320,000862,银星能源,5.64,2.36,2.13,23.71,5.46501759634,0.2202148,59.62163213,-432.0,4012.0,81.2,2026-09-17,3.2,48.4,False
321,000863,三湘印象,4.68,0.86,0.94,-137.17,4.605528032836,0.3194904,70.76897949,1121.0,736.0,74.4,2026-09-17,1.62,52.7,False
322,000868,安凯客车,4.05,-0.25,7.46,1010.87,3.89298350603,0.4091044,79.53856807,2297.0,40.0,85.6,2026-09-17,4.03,68.1,False
323,000869,张  裕Ａ,16.3,2.19,0.2,38.12,15.886758871193,0.1391368,60.09561225,-1084.0,3899.0,70.4,2026-09-17,2.6,42.3,False
324,000875,电投绿能,4.85,0.0,0.56,21.75,4.846443443875,0.278632,56.37013047,-1121.0,4687.0,76.8,2026-09-17,0.07,43.3,False
325,000876,新 希 望,7.2,-0.14,0.38,-10.49,7.191995226128,0.326826,62.68819927,297.0,3102.0,86.0,2026-09-17,0.11,53.9,False
326,000877,天山股份,3.65,-0.27,0.08,-4.06,3.662274497834,0.1782752,57.87225104,-1759.0,4392.0,78.4,2026-09-17,-0.34,45.4,False
327,000878,云南铜业,16.62,1.78,1.08,10.62,16.384685111588,0.2703636,68.98900378,-841.0,1125.0,88.0,2026-09-17,1.44,60.7,False
328,000880,潍柴重机,24.93,-0.12,6.0,33.14,25.352816181244,0.2772256,76.57585484,2504.0,121.0,75.2,2026-09-17,-1.67,57.6,False
329,000881,中广核技,6.44,0.47,0.27,-25.05,6.3913201552,0.2490892,62.69342639,85.0,3099.0,73.2,2026-09-17,0.76,45.9,False
330,000882,华联股份,1.56,2.63,1.67,-8.4,1.509518329269,0.4524656,66.53532182,-596.0,1803.0,75.6,2026-09-17,3.34,50.3,False
331,000883,湖北能源,4.45,0.68,0.27,14.39,4.433107844377,0.3083864,68.66068564,485.0,1193.0,77.2,2026-09-17,0.38,53.0,False
332,000885,城发环境,11.71,0.6,0.14,6.59,11.638529035345,0.19378,62.57510877,-1041.0,3135.0,70.4,2026-09-17,0.61,44.1,False
333,000886,海南高速,4.67,-0.21,0.66,35.2,4.621711365613,0.166736,72.61505218,1230.0,419.0,73.6,2026-09-17,1.04,53.4,False
334,000887,中鼎股份,19.53,1.4,1.2,18.89,19.359393138665,0.3346432,70.91828375,-158.0,705.0,78.0,2026-09-17,0.88,55.3,False
335,000888,峨眉山Ａ,9.4,1.84,1.26,20.2,9.203428370774,0.2598364,62.23145347,-70.0,3260.0,77.2,2026-09-17,2.14,48.0,False
336,000889,中嘉博创,3.9,0.0,1.67,14.57,3.898426156787,0.245426,65.47315491,-1809.0,2144.0,78.0,2026-09-17,0.04,51.1,False
337,000890,法尔胜,7.73,1.31,3.46,-59.6,7.606003400374,0.1815224,54.89211525,240.0,4899.0,83.2,2026-09-17,1.63,45.7,False
338,000892,欢瑞世纪,4.54,0.0,9.45,-15.5,4.488448464458,0.271494,65.52007956,1258.0,2136.0,84.0,2026-09-17,1.15,55.0,False
339,000893,亚钾国际,39.64,1.12,0.78,13.57,39.127018638778,0.3330368,68.01622344,348.0,1360.0,80.0,2026-09-17,1.31,54.4,False
340,000895,双汇发展,23.37,0.21,0.08,17.56,23.2768641907,0.1777728,71.70085866,43.0,560.0,86.0,2026-09-17,0.4,61.7,False
341,000897,津滨发展,1.86,0.0,0.95,-223.66,1.843915049885,0.3757544,64.52105447,582.0,2451.0,71.2,2026-09-17,0.87,45.9,False
342,000898,鞍钢股份,2.02,-0.49,0.2,-4.62,2.014417593347,0.290666,64.27015793,-163.0,2543.0,75.2,2026-09-17,0.28,48.3,False
343,000899,赣能股份,9.4,1.29,0.67,18.28,9.288012881217,0.1547752,62.64373987,-493.0,3113.0,75.2,2026-09-17,1.21,47.1,False
344,000900,现代投资,3.56,-0.28,0.2,11.55,3.566350965399,0.2765172,63.29300571,-135.0,2892.0,66.8,2026-09-17,-0.18,42.3,False
345,000901,航天科技,14.4,2.13,0.98,163.92,14.122283811691,0.1477788,57.22131388,-594.0,4531.0,76.4,2026-09-17,1.97,43.7,False
346,000902,新洋丰,13.98,0.87,0.19,9.13,13.789599949731,0.1525936,70.87161106,-363.0,716.0,77.6,2026-09-17,1.38,55.0,False
347,000903,ST云动,2.05,0.49,0.25,-11.68,2.053618769644,0.3775,54.11421688,-77.0,4974.0,75.6,2026-09-17,-0.18,40.9,False
348,000905,厦门港务,9.43,4.08,2.95,20.88,8.999450232824,0.2319912,65.68864287,-1569.0,2087.0,82.8,2026-09-17,4.78,54.4,False
349,000906,浙商中拓,6.15,-0.16,0.54,8.65,6.122592997698,0.1756576,70.94265495,-4.0,698.0,72.0,2026-09-17,0.45,51.1,False
350,000908,石药景峰,6.1,0.16,0.51,914.42,6.105054289972,0.2624428,57.14185603,-684.0,4543.0,68.4,2026-09-17,-0.08,39.1,False
351,000909,*ST数源,5.63,2.74,0.72,-83.72,5.567804755591,0.2544396,61.87358515,-1095.0,3368.0,75.2,2026-09-17,1.12,46.5,False
352,000910,大亚圣象,5.69,10.06,1.77,-8.03,5.140961624902,0.1287656,58.58385995,729.0,4241.0,66.4,2026-09-17,10.68,38.9,False
353,000911,*ST广糖,5.24,-1.13,1.93,-65.44,5.141538705065,0.2385288,60.54820945,1278.0,3759.0,76.4,2026-09-17,1.92,46.3,False
354,000912,泸天化,4.05,-1.22,1.93,383.3,4.059332105842,0.2465048,59.88461888,984.0,3951.0,80.8,2026-09-17,-0.23,48.4,False
355,000913,钱江摩托,10.74,-0.19,0.26,27.95,10.740494201424,0.1101488,60.56834,-1233.0,3752.0,68.8,2026-09-17,-0.0,41.7,False
356,000915,华特达因,24.07,0.21,0.38,12.62,24.107824138521,0.1619104,67.14622051,1427.0,1614.0,74.4,2026-09-17,-0.16,50.0,False
357,000917,电广传媒,6.8,0.29,0.44,-86.64,6.77830123374,0.2361844,67.42214237,740.0,1517.0,76.8,2026-09-17,0.32,51.8,False
358,000919,金陵药业,6.49,0.31,0.76,40.06,6.434650146796,0.1534876,63.05848521,781.0,2958.0,71.2,2026-09-17,0.86,44.9,False
359,000920,沃顿科技,13.27,5.07,8.91,23.64,12.42994977097,0.416108,79.6690091,857.0,34.0,68.0,2026-09-17,6.76,54.2,False
360,000921,海信家电,27.9,0.54,0.28,11.65,27.794950853027,0.273906,75.85848102,11.0,164.0,81.6,2026-09-17,0.38,61.9,False
361,000922,佳电股份,12.13,1.59,1.03,27.3,11.837392595259,0.2979904,65.69870241,1317.0,2086.0,74.8,2026-09-17,2.47,49.1,False
362,000923,河钢资源,16.34,1.3,1.19,-41.32,16.085467335498,0.2800596,64.87159212,-1534.0,2345.0,74.4,2026-09-17,1.58,48.3,False
363,000925,众合科技,8.17,2.51,1.63,-169.78,8.0300528932,0.183824,53.60323721,-1173.0,5013.0,82.4,2026-09-17,1.74,44.2,False
364,000926,福星股份,2.06,-0.96,0.68,-0.7,2.063820857914,0.2578108,53.46274054,-592.0,5025.0,69.6,2026-09-17,-0.19,37.2,False
365,000927,中国铁物,2.48,-0.4,0.2,27.84,2.478190002306,0.3941076,69.98697276,63.0,890.0,72.0,2026-09-17,0.07,50.4,False
366,000928,中钢国际,5.39,-0.55,0.39,9.71,5.408925923815,0.2069608,72.41797199,51.0,449.0,80.8,2026-09-17,-0.35,58.5,False
367,000929,兰州黄河,9.14,1.33,0.64,-32.87,8.934238741684,0.076376,61.86634835,781.0,3370.0,70.0,2026-09-17,2.3,43.3,False
368,000930,中粮科技,5.19,-0.38,2.83,-28.46,5.128170180095,0.3064636,63.7120292,1948.0,2743.0,84.4,2026-09-17,1.21,53.8,False
369,000931,中 关 村,4.43,0.45,1.12,-55.99,4.399904421,0.2217264,54.58161922,-452.0,4929.0,77.2,2026-09-17,0.68,42.1,False
370,000932,华菱钢铁,3.55,0.57,0.48,53.98,3.549600269768,0.4672636,67.05845138,1207.0,1643.0,78.8,2026-09-17,0.01,52.8,False
371,000933,神火股份,26.91,1.74,0.84,6.33,26.460301985212,0.4108896,71.35764982,-127.0,622.0,82.8,2026-09-17,1.7,59.1,False
372,000935,四川双马,20.95,2.24,0.3,-295.5,20.596045245229,0.2116096,57.93811981,-1223.0,4378.0,71.6,2026-09-17,1.72,41.5,False
373,000936,华西股份,5.56,3.54,2.78,-14.08,5.373183098795,0.1807964,55.57886323,-1219.0,4794.0,76.4,2026-09-17,3.48,42.5,False
374,000937,冀中能源,4.4,-1.12,0.33,32.4,4.428913766566,0.2962192,62.94956455,341.0,3001.0,80.8,2026-09-17,-0.65,50.9,False
375,000938,紫光股份,33.47,2.04,2.15,22.09,33.178678347479,0.3596384,65.82429998,-1802.0,2050.0,82.8,2026-09-17,0.88,54.5,False
376,000948,南天信息,13.34,0.15,0.6,198.2,13.320318279605,0.1852088,63.99176187,-1209.0,2641.0,77.2,2026-09-17,0.15,49.4,False
377,000949,新乡化纤,6.77,-0.29,1.5,16.28,6.768467265337,0.2576416,67.34793539,-823.0,1531.0,78.0,2026-09-17,0.02,52.5,False
378,000950,重药控股,5.21,0.77,0.42,17.53,5.168610372414,0.2853468,67.80690661,1145.0,1412.0,72.8,2026-09-17,0.8,49.4,False
379,000951,中国重汽,20.35,0.49,0.24,12.23,20.376521150117,0.2142232,71.04333912,1296.0,676.0,79.6,2026-09-17,-0.13,56.6,False
380,000952,广济药业,6.44,0.78,0.99,-19.12,6.322392535592,0.0543232,57.98057808,238.0,4370.0,69.2,2026-09-17,1.86,40.1,False
381,000953,中哲精化,5.99,0.84,0.95,1384.21,5.860239951008,0.147676,66.99971837,1215.0,1669.0,68.4,2026-09-17,2.21,45.8,False
382,000955,欣龙控股,4.2,1.2,1.06,-366.74,4.090253097405,0.1408816,62.15254853,1375.0,3283.0,69.6,2026-09-17,2.68,43.3,False
383,000957,中通客车,9.88,-0.9,1.39,10.36,9.956173152119,0.2152012,71.20825222,455.0,646.0,82.0,2026-09-17,-0.77,58.4,False
384,000958,电投产融,5.1,0.99,0.09,26.5,5.044810246786,0.3168468,70.22835803,977.0,845.0,76.0,2026-09-17,1.09,53.4,False
385,000959,首钢股份,3.46,-0.29,0.13,24.41,3.471096421544,0.206608,65.07295824,-1370.0,2294.0,68.8,2026-09-17,-0.32,44.8,False
386,000960,锡业股份,33.3,0.82,0.7,18.22,33.203971281008,0.2814312,64.017657,-1111.0,2630.0,80.4,2026-09-17,0.29,51.5,False
387,000962,东方钽业,60.55,4.49,3.73,130.57,58.607127152044,0.263866,60.21391993,-2732.0,3851.0,92.4,2026-09-17,3.32,55.6,False
388,000963,华东医药,26.14,1.32,0.33,12.32,26.221725472146,0.3178384,70.77153014,-308.0,734.0,84.0,2026-09-17,-0.31,59.4,False
389,000965,天保基建,3.21,-0.31,0.6,33.05,3.175709703945,0.35249,67.61316567,1179.0,1461.0,80.0,2026-09-17,1.08,54.1,False
390,000966,长源电力,4.07,0.74,0.86,40.96,4.037065853063,0.3140144,60.20761109,729.0,3855.0,77.2,2026-09-17,0.82,46.5,False
391,000967,盈峰环境,8.29,2.85,1.28,29.19,8.067925032569,0.3930688,70.12593289,265.0,865.0,75.2,2026-09-17,2.75,52.7,False
392,000968,蓝焰控股,6.9,0.15,0.86,16.9,6.859980137271,0.2715716,67.87617258,735.0,1390.0,73.6,2026-09-17,0.58,50.0,False
393,000969,安泰科技,17.14,0.65,0.71,36.95,17.020951736007,0.173252,64.72032403,-371.0,2399.0,76.4,2026-09-17,0.7,49.4,False
394,000970,中科三环,11.32,1.25,0.63,139.82,11.251426571744,0.2358068,56.92679232,-1239.0,4583.0,73.2,2026-09-17,0.61,41.7,False
395,000972,中基健康,3.86,0.52,1.03,-22.58,3.824962774929,0.18567,57.22167888,252.0,4530.0,71.2,2026-09-17,0.92,40.7,False
396,000973,佛塑科技,11.9,-0.83,1.49,16.16,11.949035948503,0.2927788,71.28118861,1594.0,637.0,78.0,2026-09-17,-0.41,55.6,False
397,000975,山金国际,25.01,-0.04,0.81,14.35,25.12001507234,0.3546176,77.21320762,-48.0,96.0,82.0,2026-09-17,-0.44,63.3,False
398,000977,浪潮信息,71.17,1.95,2.15,17.7,70.171052576005,0.3869568,68.05829093,-1145.0,1342.0,89.6,2026-09-17,1.42,61.0,False
399,000978,桂林旅游,8.5,6.65,23.85,324.2,8.123656519795,0.2395108,53.04475612,-764.0,5057.0,87.6,2026-09-17,4.63,46.5,False
400,000980,众泰汽车,2.28,-3.8,6.32,71.51,2.250884884598,0.3891084,68.94249204,3141.0,1133.0,91.6,2026-09-17,1.29,63.2,False
401,000981,山子高科,3.03,0.66,7.04,491.29,2.931239872262,0.5167956,75.11323981,4554.0,211.0,92.4,2026-09-17,3.37,69.4,False
402,000983,山西焦煤,6.45,-1.07,0.5,14.8,6.52895500498,0.302678,61.1636874,-257.0,3585.0,85.6,2026-09-17,-1.21,52.4,False
403,000985,大庆华科,16.92,0.24,0.46,288.53,16.658188691986,0.076124,65.1728901,1907.0,2256.0,68.8,2026-09-17,1.57,44.8,False
404,000987,越秀资本,7.3,0.83,0.13,6.52,7.257037983794,0.2628504,62.721633,-125.0,3093.0,75.2,2026-09-17,0.59,47.2,False
405,000988,华工科技,106.83,0.99,2.94,45.29,106.743356761417,0.40722,68.30396378,-1044.0,1278.0,91.6,2026-09-17,0.08,62.6,True
406,000989,九芝堂,8.71,1.28,1.03,14.9,8.606578484297,0.2134308,63.9149354,-969.0,2671.0,68.8,2026-09-17,1.2,44.0,False
407,000990,诚志股份,6.47,1.73,0.88,18.98,6.390774113016,0.2740132,65.39628911,-1579.0,2177.0,72.0,2026-09-17,1.24,47.1,False
408,000993,闽东电力,19.68,9.52,19.56,153.2,17.279358414908,0.2865512,59.48821879,-2505.0,4044.0,94.8,2026-09-17,13.89,56.4,False
409,000995,皇台酒业,10.9,1.11,1.49,-56.49,10.668231085498,0.1089116,57.00119841,-817.0,4572.0,74.4,2026-09-17,2.17,42.4,False
410,000997,新 大 陆,19.58,-0.1,0.54,14.38,19.682839276348,0.201992,71.2064482,929.0,648.0,83.6,2026-09-17,-0.52,59.5,False
411,000998,隆平高科,8.96,-0.88,2.16,-24.14,8.887170465862,0.2746852,71.21567321,3402.0,643.0,86.4,2026-09-17,0.82,61.5,False
412,000999,华润三九,23.75,-0.38,0.16,11.83,23.85832672765,0.1624568,66.27900608,-994.0,1886.0,84.0,2026-09-17,-0.45,55.7,True
413,001201,东瑞股份,14.91,3.33,4.14,-4.52,14.107920555042,0.223492,71.28923717,2120.0,636.0,72.4,2026-09-17,5.69,51.6,False
414,001202,炬申股份,14.28,-0.14,1.04,40.52,14.017430298659,0.1248696,63.56686036,1272.0,2788.0,64.8,2026-09-17,1.87,41.2,False
415,001203,大中矿业,23.52,1.07,0.43,55.98,23.25659174753,0.203104,60.73032303,70.0,3701.0,74.4,2026-09-17,1.13,45.2,False
416,001205,盛航股份,14.45,0.0,0.75,18.71,14.255373132139,0.1760596,66.39277293,1724.0,1849.0,67.6,2026-09-17,1.37,44.9,False
417,001206,依依股份,16.8,3.51,2.37,28.17,16.138940199039,0.1644328,66.00512371,1075.0,1982.0,62.8,2026-09-17,4.1,41.5,False
418,001207,联科科技,17.72,-1.45,0.56,16.89,17.776472432386,0.24631,75.65620792,115.0,175.0,69.6,2026-09-17,-0.32,52.7,False
419,001208,华菱线缆,14.17,3.89,2.25,78.88,13.729934973704,0.1179568,57.95033072,-1472.0,4377.0,75.6,2026-09-17,3.21,43.8,False
420,001209,洪兴股份,18.58,-3.53,9.4,77.38,20.172598564391,0.3320664,67.89494592,-650.0,1384.0,79.6,2026-09-17,-7.89,54.0,False
421,001210,金房能源,29.12,2.97,1.69,26.41,28.4057209014,0.2073776,64.89242422,-102.0,2337.0,70.0,2026-09-17,2.51,45.4,False
422,001211,双枪科技,25.88,9.99,4.96,164.64,23.478837585669,0.1756352,62.00194235,-2585.0,3327.0,69.2,2026-09-17,10.23,42.9,False
423,001212,中旗新材,37.08,7.38,3.73,-1721.8,34.991638363949,0.21301,58.40422711,-2593.0,4281.0,81.6,2026-09-17,5.97,47.7,False
424,001213,中铁特货,3.48,0.29,0.03,38.3,3.463716968899,0.2835192,64.12748723,-274.0,2593.0,69.2,2026-09-17,0.47,44.4,False
425,001215,千味央厨,30.61,1.69,1.05,46.52,30.131287002653,0.104216,58.60160846,-639.0,4238.0,64.0,2026-09-17,1.59,37.5,False
426,001216,华瓷股份,21.87,10.01,8.96,31.04,19.690688839941,0.4466892,69.87966292,-872.0,913.0,84.8,2026-09-17,11.07,59.3,False
427,001217,华尔泰,10.23,0.39,0.32,113.65,10.099928072339,0.0707636,59.03085469,-778.0,4151.0,68.8,2026-09-17,1.29,40.6,False
428,001218,丽臣实业,24.09,0.71,0.54,10.44,24.006013571733,0.0598952,66.19866442,-1334.0,1909.0,64.0,2026-09-17,0.35,42.4,False
429,001219,青岛食品,12.56,0.72,0.3,18.66,12.34740163562,0.1566928,66.70790771,1706.0,1750.0,66.4,2026-09-17,1.72,44.3,False
430,001220,世盟股份,32.06,0.5,1.95,26.12,31.002083915997,0.1443692,70.88894685,2598.0,710.0,64.4,2026-09-17,3.41,45.7,False
431,001221,悍高集团,34.89,0.52,1.03,23.87,34.978793824023,0.146932,68.54568909,-793.0,1211.0,69.2,2026-09-17,-0.25,47.4,False
432,001222,源飞宠物,15.64,2.36,4.64,37.4,15.178591540657,0.168498,78.65584305,1305.0,52.0,70.8,2026-09-17,3.04,55.7,False
433,001223,欧克科技,45.19,3.22,3.94,168.29,43.990536006834,0.259486,64.68103654,-1224.0,2406.0,78.8,2026-09-17,2.73,51.0,False
434,001225,和泰机电,47.12,-1.46,1.47,118.2,47.560696319741,0.1583872,63.26766731,-972.0,2899.0,62.4,2026-09-17,-0.93,39.5,False
435,001226,拓山重工,45.64,2.13,1.14,95.06,44.319974185964,0.1549192,63.85707819,1035.0,2689.0,60.8,2026-09-17,2.98,38.8,False
436,001227,兰州银行,2.11,-0.47,0.67,6.94,2.116554099868,0.3840936,65.39805228,-144.0,2175.0,74.0,2026-09-17,-0.31,48.4,False
437,001228,永泰运,33.27,1.46,1.14,35.94,32.625314746882,0.2302856,71.98428706,267.0,503.0,72.0,2026-09-17,1.98,51.8,False
438,001229,魅视科技,38.71,6.49,5.5,659.97,36.850989240228,0.16925,65.00328565,-263.0,2310.0,68.8,2026-09-17,5.04,44.7,False
439,001230,劲旅环境,18.76,1.08,1.68,19.42,18.641090561433,0.2275028,71.37251258,793.0,617.0,58.4,2026-09-17,0.64,41.7,False
440,001231,农心科技,21.98,1.15,2.14,20.98,21.438966114944,0.0757484,67.59760686,1106.0,1465.0,66.0,2026-09-17,2.52,44.6,False
441,001233,海安集团,45.58,9.99,7.43,23.07,41.471125982932,0.1255656,65.83855443,392.0,2042.0,64.4,2026-09-17,9.91,42.4,False
442,001234,泰慕士,24.18,1.81,1.27,56.38,23.361603535354,0.1200628,69.39615031,1254.0,1017.0,66.4,2026-09-17,3.5,46.1,False
443,001236,弘业期货,7.84,0.26,0.36,161.84,7.814126688893,0.07211,55.61122727,-1947.0,4788.0,75.6,2026-09-17,0.33,42.0,False
444,001237,惠康科技,52.38,4.16,6.48,21.28,49.92785146906,0.2125372,73.24980266,2907.0,364.0,62.4,2026-09-17,4.91,45.7,False
445,001238,浙江正特,26.31,9.99,1.06,37.35,23.65595058758,0.1119028,63.56190505,815.0,2791.0,62.0,2026-09-17,11.22,39.4,False
446,001239,永达股份,11.85,0.25,0.63,408.75,11.731351536877,0.0681544,56.79614372,-506.0,4608.0,64.4,2026-09-17,1.01,36.6,False
447,001255,博菲电气,26.71,1.25,0.57,1123.43,26.153469617374,0.0483004,61.4836932,-568.0,3483.0,66.0,2026-09-17,2.13,40.6,False
448,001256,炜冈科技,21.85,1.58,0.6,9.68,21.421208892677,0.1267732,65.92049079,10.0,2013.0,59.6,2026-09-17,2.0,39.3,False
449,001257,盛龙股份,23.26,2.11,2.99,30.28,22.846097275641,0.2512444,59.70235572,-776.0,3995.0,68.8,2026-09-17,1.81,41.1,False
450,001258,立新能源,11.06,1.0,2.27,70.68,10.965363465189,0.203732,58.12129596,276.0,4341.0,77.6,2026-09-17,0.86,45.1,False
451,001259,利仁科技,46.56,1.2,1.07,266.88,45.088835467766,0.1432584,61.86768025,410.0,3369.0,60.8,2026-09-17,3.26,37.6,False
452,001260,坤泰股份,18.17,1.23,0.96,305.37,17.803469541927,0.048486,57.01492191,-1739.0,4568.0,61.6,2026-09-17,2.06,35.1,False
453,001266,宏英智能,33.69,0.48,1.83,40.92,33.371533548248,0.1269992,70.15530547,498.0,861.0,65.2,2026-09-17,0.95,45.7,False
454,001267,汇绿生态,36.79,0.66,1.89,533.05,36.94987280932,0.2706356,67.17788616,-214.0,1598.0,77.6,2026-09-17,-0.43,52.1,False
455,001268,联合精密,24.21,1.21,0.79,-167.12,24.047377880746,0.1001732,56.56004752,-1042.0,4647.0,72.0,2026-09-17,0.68,40.7,False
456,001269,欧晶科技,18.66,1.03,0.54,-39.81,18.516459931451,0.1387456,58.617592,712.0,4232.0,68.0,2026-09-17,0.78,39.9,False
457,001270,铖昌科技,99.97,2.49,1.88,135.04,98.564450327219,0.3078504,66.84313816,-1427.0,1712.0,75.6,2026-09-17,1.43,50.5,False
458,001277,速达股份,30.08,2.14,1.57,24.41,29.212175080171,0.072642,61.339184,-634.0,3531.0,68.4,2026-09-17,2.97,42.0,False
459,001278,一彬科技,16.32,1.37,2.0,-9.89,15.924259392144,0.1096964,56.67483366,416.0,4630.0,68.8,2026-09-17,2.49,39.0,False
460,001279,强邦新材,26.28,0.92,0.79,178.16,26.044836355957,0.104558,63.31912737,354.0,2885.0,64.4,2026-09-17,0.9,40.8,False
461,001280,中国铀业,63.45,1.8,0.86,66.45,62.505318575106,0.2607936,65.85363537,-975.0,2038.0,80.0,2026-09-17,1.51,52.7,False
462,001282,三联锻造,15.58,0.78,0.54,43.91,15.340573512086,0.1353656,59.53812979,546.0,4032.0,64.0,2026-09-17,1.56,38.1,False
463,001283,豪鹏科技,47.12,-0.38,1.68,24.85,47.360940393191,0.2057732,63.85496191,-1243.0,2690.0,68.8,2026-09-17,-0.51,43.9,False
464,001285,瑞立科密,42.87,2.19,1.45,20.85,42.019510736401,0.1255588,72.49205882,1102.0,438.0,66.8,2026-09-17,2.02,48.4,False
465,001286,陕西能源,9.64,0.42,0.52,13.41,9.643228911187,0.2797792,69.51310748,-484.0,983.0,78.0,2026-09-17,-0.03,54.2,False
466,001287,中电港,24.35,1.76,1.82,18.03,24.078514580625,0.3196196,75.71444785,-98.0,172.0,78.4,2026-09-17,1.13,59.4,False
467,001288,运机集团,29.93,-0.1,0.92,92.75,30.021819481467,0.2375892,69.72947177,-516.0,947.0,76.0,2026-09-17,-0.31,53.0,False
468,001289,龙源电力,15.05,1.21,0.05,26.29,14.925493747658,0.1737028,60.96911077,-507.0,3637.0,72.0,2026-09-17,0.83,43.9,False
469,001296,长江材料,19.19,1.05,0.85,26.21,18.94764371999,0.0801612,62.81496336,-388.0,3060.0,72.8,2026-09-17,1.28,45.7,False
470,001298,好上好,17.15,1.96,0.91,25.52,16.919591994992,0.1256664,64.25801951,-1704.0,2548.0,76.0,2026-09-17,1.36,48.8,False
471,001299,美能能源,9.87,2.49,2.31,38.83,9.615842097909,0.2446768,67.14349111,939.0,1615.0,79.6,2026-09-17,2.64,53.4,False
472,001300,三柏硕,11.89,2.68,1.25,-70.42,11.454121511923,0.1467524,52.88688625,-311.0,5074.0,66.8,2026-09-17,3.81,35.3,False
473,001301,尚太科技,52.17,1.09,0.42,23.79,51.760262011373,0.1660464,67.14257454,67.0,1616.0,76.8,2026-09-17,0.79,51.6,False
474,001306,夏厦精密,55.42,4.47,9.36,-32.74,53.334519309702,0.1627504,57.77543938,-1210.0,4418.0,69.6,2026-09-17,3.91,40.2,False
475,001308,康冠科技,18.12,1.57,0.17,20.27,17.79992385468,0.1392416,70.16753738,-131.0,857.0,68.4,2026-09-17,1.8,48.0,False
476,001309,德明利,410.8,3.49,4.15,7.74,401.022973551643,0.3815588,70.3198005,-658.0,823.0,81.6,2026-09-17,2.44,57.4,False
477,001311,多利科技,16.75,0.24,0.77,20.06,16.73092913684,0.070274,61.92094442,399.0,3350.0,60.8,2026-09-17,0.11,37.6,False
478,001312,福恩股份,18.5,4.88,7.15,21.52,17.50766254913,0.1035624,64.12794636,-540.0,2591.0,66.0,2026-09-17,5.67,42.3,False
479,001313,粤海饲料,7.17,1.27,0.73,52.51,7.05919100955,0.201276,67.92915093,950.0,1380.0,65.6,2026-09-17,1.57,44.6,False
480,001314,亿道信息,52.62,3.66,1.7,19.17,50.574358718601,0.102696,64.75045123,-954.0,2385.0,71.2,2026-09-17,4.04,46.1,False
481,001316,润贝航科,27.99,1.19,0.88,20.16,27.84644034251,0.1625532,68.52576345,28.0,1219.0,74.0,2026-09-17,0.52,50.7,False
482,001317,三羊马,54.51,10.01,3.97,1023.39,48.985064772429,0.2466068,68.03579357,105.0,1351.0,73.6,2026-09-17,11.28,50.1,False
483,001318,阳光乳业,11.45,1.69,0.54,34.9,11.176538435397,0.0991708,62.55758277,988.0,3143.0,69.2,2026-09-17,2.45,43.3,False
484,001319,铭科精技,21.95,0.41,1.58,29.24,21.866797377637,0.1638592,72.67113752,698.0,411.0,78.0,2026-09-17,0.38,56.7,False
485,001322,箭牌家居,6.19,0.98,0.12,-48.95,6.101410998985,0.06467,63.45056567,-246.0,2837.0,63.2,2026-09-17,1.45,40.1,False
486,001323,慕思股份,17.21,0.29,0.12,20.18,17.153100078261,0.0423248,66.08341218,991.0,1951.0,62.4,2026-09-17,0.33,41.2,False
487,001324,长青科技,20.63,5.79,3.8,60.54,19.661511375552,0.222382,62.28317738,-2275.0,3235.0,68.8,2026-09-17,4.93,42.9,False
488,001325,元创股份,37.03,1.7,1.46,27.62,36.237971819421,0.1056996,55.58712588,-542.0,4792.0,65.2,2026-09-17,2.19,36.2,False
489,001326,联域股份,90.33,-2.4,12.81,169.77,92.950448876711,0.4527496,68.91713724,-1076.0,1138.0,76.4,2026-09-17,-2.82,52.7,False
490,001328,登康口腔,30.2,1.92,0.29,25.64,29.539770333528,0.0431296,69.1938251,663.0,1070.0,65.2,2026-09-17,2.24,45.1,False
491,001330,博纳影业,5.53,1.65,4.58,-22.51,5.466619017012,0.2590292,54.95441422,114.0,4889.0,84.4,2026-09-17,1.16,46.4,False
492,001331,胜通能源,44.24,1.35,0.76,-960.51,43.536211954985,0.3450044,67.5757108,790.0,1471.0,66.8,2026-09-17,1.62,45.1,False
493,001332,锡装股份,26.88,2.32,2.2,21.28,26.028367469793,0.1761108,65.42411023,540.0,2163.0,64.4,2026-09-17,3.27,42.1,False
494,001333,光华股份,19.15,1.32,0.73,29.15,18.742856345886,0.0809452,65.15722702,988.0,2262.0,68.0,2026-09-17,2.17,44.3,False
495,001335,信凯科技,32.57,2.58,1.49,27.72,31.656447110573,0.0838792,64.06908748,1144.0,2612.0,63.6,2026-09-17,2.89,40.7,False
496,001336,楚环科技,19.13,2.19,3.22,58.52,18.47417274107,0.076474,59.69567709,-763.0,3996.0,63.2,2026-09-17,3.55,37.7,False
497,001337,四川黄金,50.19,-0.02,1.82,24.37,50.307282990042,0.2909376,69.26576409,-677.0,1050.0,88.0,2026-09-17,-0.23,61.0,False
498,001338,永顺泰,9.09,1.22,0.88,44.29,8.881496640479,0.1250452,63.86522205,119.0,2687.0,74.4,2026-09-17,2.35,47.5,False
499,001339,智微智能,77.95,-0.51,1.82,32.81,78.899443424385,0.2435172,75.77814911,35.0,170.0,74.4,2026-09-17,-1.2,56.4,False
500,001356,富岭股份,9.6,5.49,4.53,66.57,8.986056984536,0.147612,65.61162164,976.0,2110.0,62.8,2026-09-17,6.83,41.2,False
501,001358,兴欣新材,24.61,2.76,2.31,40.1,24.018526892776,0.1341124,63.91620014,-1431.0,2670.0,66.4,2026-09-17,2.46,42.4,False
502,001359,平安电工,88.6,-0.25,2.34,85.8,89.875084030525,0.2711208,69.22054936,-357.0,1060.0,68.8,2026-09-17,-1.42,47.6,False
503,001360,南矿集团,20.78,7.22,5.21,72.48,19.17097003113,0.2061036,66.3916147,1707.0,1850.0,70.8,2026-09-17,8.39,47.0,False
504,001365,天海电子,38.5,2.64,24.91,35.08,36.538514415056,0.5284884,75.22793966,1607.0,205.0,61.6,2026-09-17,5.37,46.3,False
505,001366,播恩集团,13.01,1.17,1.7,102.7,12.802905490316,0.0977204,62.93266905,980.0,3005.0,72.8,2026-09-17,1.62,45.8,False
506,001367,海森药业,20.82,2.71,0.73,24.13,20.081771207403,0.1262364,66.16170782,1052.0,1923.0,68.0,2026-09-17,3.68,45.0,False
507,001368,通达创智,33.09,4.98,3.06,32.43,31.368795520177,0.1976028,69.84327246,-710.0,921.0,75.2,2026-09-17,5.49,52.5,False
508,001369,双欣材料,12.38,2.06,1.78,25.98,12.121901470499,0.1780932,59.15216153,-146.0,4122.0,64.0,2026-09-17,2.13,37.9,False
509,001373,翔腾新材,29.08,3.41,2.12,-44.26,27.719313894017,0.1295716,55.45213403,-420.0,4813.0,64.4,2026-09-17,4.91,35.7,False
510,001376,百通能源,12.66,9.99,5.01,32.78,11.463410741791,0.1576832,63.78901795,-827.0,2710.0,72.8,2026-09-17,10.44,46.4,False
511,001378,德冠新材,23.52,2.84,9.94,33.45,22.269224853865,0.2253224,71.78188198,-144.0,545.0,75.6,2026-09-17,5.62,54.3,False
512,001379,腾达科技,15.73,1.61,1.06,59.85,15.405379329785,0.0494268,65.88710984,-2.0,2027.0,67.6,2026-09-17,2.11,44.5,False
513,001380,华纬科技,18.44,0.44,0.28,21.39,18.232982852606,0.1656964,74.48634089,373.0,247.0,70.0,2026-09-17,1.14,52.1,False
514,001382,新亚电缆,16.47,2.17,2.24,76.23,16.113484557036,0.1027644,57.86722686,-1944.0,4394.0,65.2,2026-09-17,2.21,37.7,False
515,001386,马可波罗,16.22,1.19,1.82,22.46,15.95654963294,0.2778864,71.01157576,181.0,684.0,67.6,2026-09-17,1.65,48.0,False
516,001387,雪祺电气,11.58,1.76,0.96,96.07,11.322300500755,0.1459324,61.54735437,-102.0,3460.0,62.4,2026-09-17,2.28,38.4,False
517,001388,信通电子,20.32,1.45,1.55,164.65,20.104413181854,0.164294,57.06630281,-2441.0,4558.0,64.4,2026-09-17,1.07,36.8,False
518,001389,广合科技,167.9,-0.09,2.53,41.53,170.739770727833,0.2710568,76.37758402,-123.0,130.0,81.6,2026-09-17,-1.66,62.3,False
519,001390,古麒绒材,16.84,1.94,1.62,18.11,16.429794346887,0.1689348,67.85813731,-231.0,1397.0,63.2,2026-09-17,2.5,42.9,True
520,001391,国货航,4.01,1.26,0.77,26.67,3.955693079636,0.2851364,64.48865119,-1096.0,2464.0,71.2,2026-09-17,1.37,45.9,False
521,001393,维通利,43.99,5.69,6.65,40.38,41.357277792955,0.2072616,69.20968128,420.0,1065.0,67.2,2026-09-17,6.37,46.5,False
522,001395,亚联机械,28.95,1.19,0.81,10.43,28.472061674958,0.0789308,70.96710593,-53.0,693.0,58.8,2026-09-17,1.68,41.7,False
523,001396,誉帆科技,32.5,1.88,3.64,92.81,31.401363933374,0.2005656,70.19949069,293.0,850.0,64.4,2026-09-17,3.5,45.2,False
524,001399,惠科股份,23.17,10.02,13.66,46.2,21.172469061104,0.278036,,,,,2026-09-17,9.43,25.0,False
525,001400,江顺科技,75.61,-0.63,2.61,57.28,76.342224738472,0.1877704,62.62553972,827.0,3118.0,70.8,2026-09-17,-0.96,44.3,False
526,001696,宗申动力,15.42,1.11,1.39,21.09,15.297564007433,0.2381276,63.33857456,-731.0,2872.0,80.4,2026-09-17,0.8,50.9,False
527,001872,招商港口,23.29,0.47,0.06,10.39,23.101153014594,0.122378,73.98850219,178.0,291.0,76.0,2026-09-17,0.82,56.2,False
528,001896,豫能控股,12.15,1.5,3.61,141.59,11.93885570003,0.2780572,60.27516179,-1472.0,3835.0,89.2,2026-09-17,1.77,53.8,False
529,001914,招商积余,8.72,-0.11,0.23,9.23,8.709257744491,0.115748,70.03821354,-436.0,885.0,72.4,2026-09-17,0.12,50.7,False
530,001965,招商公路,9.93,-2.36,0.09,12.95,10.123927016606,0.2880944,73.54943528,-216.0,339.0,74.8,2026-09-17,-1.92,55.0,False
531,001979,招商蛇口,6.67,0.0,0.19,56.94,6.666390935234,0.336052,68.40143274,217.0,1247.0,84.8,2026-09-17,0.05,58.0,False
532,002001,新 和 成,26.42,0.04,0.21,10.12,26.321819981424,0.2920644,72.08285226,105.0,490.0,84.4,2026-09-17,0.37,60.8,False
533,002003,伟星股份,11.53,1.59,0.38,16.59,11.336290696493,0.0943512,72.4775819,1028.0,441.0,72.4,2026-09-17,1.71,52.5,False
534,002004,华邦健康,4.42,0.68,0.72,13.7,4.396740102407,0.2275768,66.01215331,-907.0,1978.0,78.4,2026-09-17,0.53,51.8,False
535,002005,德豪润达,2.66,9.92,1.79,-507.92,2.442169509016,0.28055372549,55.64511342,-1122.0,4783.0,66.4,2026-09-17,8.92,36.9,False
536,002006,精工科技,13.3,1.37,0.44,27.87,13.158989185615,0.1441452,62.23535111,246.0,3259.0,75.2,2026-09-17,1.07,46.8,False
537,002007,华兰生物,12.84,0.71,0.3,30.57,12.750542896015,0.185656,67.4864605,1253.0,1493.0,83.2,2026-09-17,0.7,56.1,False
538,002008,大族激光,96.26,1.53,2.13,38.48,96.006059253817,0.3728056,69.40542585,-562.0,1012.0,90.0,2026-09-17,0.26,62.5,False
539,002009,天奇股份,15.57,0.32,0.94,69.51,15.492400705596,0.1747872,59.22692032,-103.0,4102.0,74.4,2026-09-17,0.5,44.1,False
540,002010,传化智联,4.53,0.22,0.16,13.97,4.501712085617,0.2678776,60.45338325,-1075.0,3789.0,71.6,2026-09-17,0.63,43.3,False
541,002011,盾安环境,14.13,1.29,2.03,16.26,14.036523297043,0.2706396,71.39028275,-407.0,613.0,87.2,2026-09-17,0.67,62.3,False
542,002012,凯恩股份,7.38,1.79,0.96,144.7,7.225187141714,0.256508,62.76349933,-2054.0,3079.0,73.6,2026-09-17,2.14,46.2,False
543,002014,永新股份,11.08,0.91,0.11,18.44,10.939043944985,0.099646,72.97102697,-157.0,385.0,68.8,2026-09-17,1.29,50.2,False
544,002015,协鑫能科,15.95,-0.87,2.55,23.62,16.33813571836,0.2573744,62.87292867,-933.0,3034.0,92.0,2026-09-17,-2.38,57.8,False
545,002016,世荣兆业,4.56,0.66,0.5,34.19,4.471605752547,0.1860356,71.50129925,40.0,591.0,69.2,2026-09-17,1.98,49.5,False
546,002017,东信和平,14.14,0.28,1.2,47.68,14.165865656423,0.1984632,63.29838937,403.0,2889.0,85.2,2026-09-17,-0.18,53.9,False
547,002019,亿帆医药,9.34,0.65,0.42,27.71,9.264170592945,0.29464,65.23983114,1670.0,2236.0,70.8,2026-09-17,0.82,46.2,False
548,002020,京新药业,11.43,0.97,0.89,13.99,11.365887776063,0.2714384,69.36639823,548.0,1026.0,68.0,2026-09-17,0.56,47.2,False
549,002021,中捷资源,2.66,0.0,0.89,-1064.55,2.653704942993,0.1702044,60.18906042,-1929.0,3862.0,66.8,2026-09-17,0.24,40.2,False
550,002022,科华生物,5.65,0.53,0.62,-14.47,5.581457604383,0.0718092,57.33960294,214.0,4507.0,73.6,2026-09-17,1.23,42.2,False
551,002023,海特高新,9.52,0.85,0.8,68.82,9.473517058829,0.1931776,54.92889565,-134.0,4894.0,74.8,2026-09-17,0.49,41.1,False
552,002024,ST易购,1.16,0.87,0.14,42.22,1.151843195723,0.3493164,55.3517421,135.0,4831.0,76.8,2026-09-17,0.71,42.5,False
553,002025,航天电器,74.4,1.69,1.91,131.87,73.738374514057,0.3632524,68.68450555,35.0,1187.0,84.4,2026-09-17,0.9,58.0,False
554,002026,山东威达,11.55,0.79,0.97,21.26,11.607538874476,0.2605404,66.59522528,-1340.0,1787.0,80.4,2026-09-17,-0.5,53.5,False
555,002027,分众传媒,4.66,0.0,0.34,10.76,4.657979126693,0.3559908,70.62233052,89.0,771.0,88.0,2026-09-17,0.04,62.1,False
556,002028,思源电气,133.99,-0.32,0.65,35.82,134.87750171596,0.2604716,69.24852106,-15.0,1056.0,81.6,2026-09-17,-0.66,56.5,False
557,002029,七 匹 狼,9.0,10.02,5.62,-116.2,8.136404019514,0.3124076,67.17822248,-84.0,1597.0,70.4,2026-09-17,10.61,47.3,False
558,002030,达安基因,5.35,1.52,1.14,-31.18,5.251287774366,0.3703524,62.14841042,1454.0,3284.0,80.8,2026-09-17,1.88,50.2,False
559,002031,巨轮智能,5.13,0.2,1.25,-75.96,5.111866524648,0.2970628,54.51623041,218.0,4937.0,79.6,2026-09-17,0.35,43.4,False
560,002032,苏 泊 尔,40.1,0.28,0.09,18.49,39.901988022884,0.074386,67.07570184,54.0,1636.0,78.8,2026-09-17,0.5,52.9,False
561,002033,丽江股份,8.47,1.32,1.63,17.53,8.335724732961,0.2696084,64.5130561,327.0,2456.0,78.8,2026-09-17,1.61,50.8,False
562,002034,旺能环境,14.38,0.77,0.44,8.99,14.214170821258,0.1978672,68.86481064,-167.0,1148.0,70.8,2026-09-17,1.17,48.8,False
563,002035,华帝股份,4.53,0.0,0.46,11.09,4.512170509363,0.2661976,70.87455196,469.0,714.0,73.6,2026-09-17,0.4,52.2,False
564,002036,联创电子,6.36,-2.6,1.96,-9.4,6.420213661372,0.242814727273,62.30991387,1881.0,3223.0,78.8,2026-09-17,-0.94,49.1,False
565,002037,保利联合,6.86,0.73,0.69,-11.41,6.770472258628,0.1622392,55.53925441,-578.0,4801.0,75.2,2026-09-17,1.32,41.8,False
566,002038,双鹭药业,5.63,0.54,1.62,-11.34,5.588231077416,0.2077724,55.12666071,38.0,4869.0,77.6,2026-09-17,0.75,42.8,False
567,002039,黔源电力,19.5,0.26,0.69,17.9,19.246959670033,0.1983536,66.84782208,105.0,1710.0,73.2,2026-09-17,1.31,48.9,False
568,002040,南 京 港,9.24,-0.54,3.75,22.1,9.005142959091,0.1950948,70.6868685,2624.0,754.0,86.0,2026-09-17,2.61,60.8,False
569,002041,登海种业,10.41,0.0,3.89,92.5,10.13981130568,0.28876,71.36252903,3697.0,620.0,84.8,2026-09-17,2.66,60.5,False
570,002042,华孚时尚,3.87,1.84,1.43,18.54,3.81518351361,0.2006252,63.96119183,-468.0,2657.0,68.4,2026-09-17,1.44,43.7,False
571,002043,兔 宝 宝,10.82,0.28,0.32,18.15,10.798476894609,0.2189032,66.54239588,124.0,1802.0,78.0,2026-09-17,0.2,51.9,False
572,002044,美年健康,4.36,0.69,0.99,-46.79,4.351038377135,0.2917212,62.87739824,229.0,3033.0,76.0,2026-09-17,0.21,47.8,False
573,002045,国光电器,9.06,-0.98,1.31,-33.64,8.993550043574,0.2004496,66.43903811,2168.0,1833.0,83.2,2026-09-17,0.74,55.3,False
574,002046,国机精工,63.26,-0.94,1.49,345.79,63.031263866745,0.4387252,71.88082781,-313.0,527.0,91.2,2026-09-17,0.36,65.6,False
575,002047,宝鹰股份,3.39,0.59,0.69,-139.4,3.367081366836,0.3050596,55.58178307,77.0,4793.0,70.4,2026-09-17,0.68,39.1,False
576,002048,宁波华翔,18.15,0.17,1.06,10.19,17.823026826674,0.2710904,71.36885341,1892.0,618.0,73.6,2026-09-17,1.83,52.5,False
577,002049,紫光国微,60.98,2.06,0.83,32.23,59.978310563425,0.2810556,65.6569314,-1426.0,2100.0,78.4,2026-09-17,1.67,51.5,False
578,002050,三花智控,35.13,1.41,0.94,36.16,34.394657151518,0.3431836,75.01759514,1353.0,217.0,73.2,2026-09-17,2.14,54.9,False
579,002051,中工国际,8.8,0.11,0.78,41.42,8.739859271125,0.298616,65.73907698,-414.0,2074.0,74.0,2026-09-17,0.69,48.6,False
580,002052,同洲电子,8.44,0.0,0.37,246.19,8.464559296081,0.2590324,61.49150926,-1370.0,3479.0,72.8,2026-09-17,-0.29,44.8,False
581,002053,云南能投,9.65,0.52,0.29,14.46,9.528004389438,0.1743032,66.36940964,1312.0,1857.0,74.4,2026-09-17,1.28,49.4,False
582,002054,德美化工,7.11,0.42,0.65,17.66,7.064418384903,0.1656676,65.39178892,-194.0,2180.0,72.0,2026-09-17,0.65,47.1,False
583,002055,ST得润,6.66,1.37,0.97,33.93,6.556500733506,0.274478,59.53131171,-372.0,4035.0,78.8,2026-09-17,1.58,46.9,False
584,002056,横店东磁,19.95,2.1,0.49,17.11,19.633606240648,0.2297696,66.26552327,-260.0,1891.0,74.8,2026-09-17,1.61,49.6,False
585,002057,中钢天源,8.82,1.15,0.67,19.57,8.738900297357,0.2102472,62.50846439,-1080.0,3163.0,72.8,2026-09-17,0.93,45.5,False
586,002058,紫竹高科,16.83,0.18,1.1,72.73,16.803552098379,0.1333304,67.5940086,-701.0,1467.0,70.4,2026-09-17,0.16,47.6,False
587,002059,云南旅游,4.56,2.01,5.64,-16.56,4.462678402924,0.2331876,47.61599556,-90.0,5189.0,82.4,2026-09-17,2.18,39.2,False
588,002060,广东建工,3.07,0.0,0.36,31.79,3.063211852315,0.2171436,66.99894844,679.0,1671.0,74.8,2026-09-17,0.22,50.1,False
589,002061,浙江交科,3.34,-0.3,0.28,10.0,3.331201767206,0.3402356,69.81624775,160.0,929.0,72.0,2026-09-17,0.26,50.3,False
590,002062,宏润建设,9.3,-1.48,1.93,51.51,9.434919040052,0.4765492,76.30934072,233.0,136.0,71.6,2026-09-17,-1.43,54.6,False
591,002063,远光软件,5.36,0.75,0.42,67.85,5.329336747093,0.2411928,68.03405651,-393.0,1352.0,76.8,2026-09-17,0.58,52.3,False
592,002064,华峰化学,9.87,0.1,0.24,12.35,9.926764594592,0.2626624,65.13155087,-238.0,2274.0,78.4,2026-09-17,-0.57,51.1,False
593,002065,东华软件,6.62,0.76,0.28,47.65,6.593480584211,0.2163488,67.32198752,85.0,1541.0,80.0,2026-09-17,0.4,53.9,False
594,002066,瑞泰科技,20.0,0.05,0.37,-112.32,20.098141041867,0.275032,58.21389498,-123.0,4324.0,66.8,2026-09-17,-0.49,38.9,False
595,002067,景兴纸业,4.08,1.24,1.05,21.61,4.000910004275,0.2156892,62.71035316,-1513.0,3095.0,73.6,2026-09-17,1.98,46.2,False
596,002068,黑猫股份,10.02,-0.2,6.61,-34.63,10.469711308199,0.2898568,64.58823329,-2040.0,2431.0,91.6,2026-09-17,-4.3,59.2,False
597,002069,獐子岛,3.69,0.27,0.72,101.93,3.634207575027,0.100624,63.32838658,-2.0,2882.0,74.0,2026-09-17,1.54,46.9,False
598,002072,凯瑞德,7.21,4.49,2.78,-161.97,6.932389680079,0.1669624,57.60980685,-861.0,4457.0,72.8,2026-09-17,4.0,41.9,False
599,002073,软控股份,5.7,-0.18,0.44,21.47,5.665958795588,0.209382,69.01882843,1369.0,1119.0,76.4,2026-09-17,0.6,52.7,False
600,002074,国轩高科,25.91,0.23,0.46,16.96,25.911264615643,0.3105488,66.99893529,-1320.0,1672.0,88.4,2026-09-17,-0.0,59.2,False
601,002075,沙钢股份,3.53,-0.28,0.39,28.25,3.536797477866,0.1985704,62.80090451,1306.0,3065.0,72.8,2026-09-17,-0.19,45.7,False
602,002076,星光股份,2.13,-0.47,1.26,-74.12,2.13094144434,0.2696232,65.90674901,-880.0,2015.0,75.6,2026-09-17,-0.04,49.8,False
603,002077,大港股份,14.47,4.7,7.38,76.98,13.933245139212,0.1943016,60.63450705,-2878.0,3736.0,93.2,2026-09-17,3.85,56.5,False
604,002078,太阳纸业,14.17,-0.7,0.32,10.37,14.131349861779,0.1727524,74.82854484,-2.0,228.0,80.0,2026-09-17,0.27,59.9,False
605,002079,苏州固锝,9.16,1.89,1.84,53.83,9.034045435013,0.2400512,64.52778337,-1925.0,2448.0,77.6,2026-09-17,1.39,50.1,False
606,002080,中材科技,58.93,0.41,5.07,40.94,60.033869602925,0.5245644,81.56561458,43.0,13.0,91.6,2026-09-17,-1.84,74.7,False
607,002081,金 螳 螂,4.89,1.88,4.37,21.11,4.805740649644,0.2446936,62.29793206,-1831.0,3225.0,87.6,2026-09-17,1.75,54.6,False
608,002082,ST万邦,9.57,0.0,0.76,46.26,9.381416986769,0.2570624,66.61177938,2280.0,1782.0,70.4,2026-09-17,2.01,46.9,False
609,002083,孚日股份,9.74,-0.51,1.68,11.44,9.721658520991,0.2473772,68.09465541,-1000.0,1329.0,78.4,2026-09-17,0.19,53.4,False
610,002084,海鸥住工,5.73,6.11,7.69,-46.32,5.348435464613,0.260576727273,59.06543149,-248.0,4143.0,82.4,2026-09-17,7.13,48.7,False
611,002085,万丰奥威,9.58,0.42,0.59,24.32,9.559274526228,0.257562,67.21728566,2281.0,1583.0,75.6,2026-09-17,0.22,50.8,False
612,002086,东方海洋,2.04,2.0,2.34,-41.41,1.98553442722,0.3131868,61.46281204,-460.0,3488.0,76.0,2026-09-17,2.74,46.7,False
613,002088,鲁阳节能,7.92,0.0,0.27,354.4,7.915034538042,0.0694848,61.18271623,-58.0,3577.0,68.4,2026-09-17,0.06,41.8,False
614,002090,金智科技,9.15,0.99,1.54,51.1,9.035490755485,0.17152,65.9327901,197.0,2009.0,73.6,2026-09-17,1.27,48.5,False
615,002091,江苏国泰,7.72,0.65,0.25,13.4,7.698107619467,0.2193896,70.24847243,181.0,842.0,76.0,2026-09-17,0.28,53.4,False
616,002092,中泰化学,4.41,0.23,0.63,75.88,4.404990800855,0.3211144,59.93004267,329.0,3944.0,80.0,2026-09-17,0.11,47.9,False
617,002093,国脉科技,7.56,1.48,1.79,-91.79,7.519520656391,0.198618,68.12990089,-1204.0,1317.0,92.4,2026-09-17,0.54,63.0,False
618,002094,青岛金王,5.17,2.38,2.71,223.18,4.985144205797,0.1500596,55.54997507,-311.0,4799.0,84.8,2026-09-17,3.71,47.1,False
619,002095,生 意 宝,16.34,-1.45,5.14,677.4,16.662769101427,0.2642056,77.12605485,-33.0,104.0,88.0,2026-09-17,-1.94,67.9,False
620,002096,易普力,9.14,0.55,0.14,17.31,9.09297660695,0.1839388,73.96779187,519.0,296.0,73.2,2026-09-17,0.52,54.1,False
621,002097,山河智能,7.07,0.0,0.89,300.58,7.127136816271,0.297662,56.4356392,-1273.0,4670.0,76.4,2026-09-17,-0.8,43.1,False
622,002098,浔兴股份,8.01,1.52,0.56,11.72,7.810977952537,0.0541304,70.82519213,-57.0,723.0,74.0,2026-09-17,2.55,52.4,False
623,002099,海翔药业,5.37,-0.56,0.59,-67.87,5.394227851565,0.219134,60.60570554,487.0,3741.0,74.8,2026-09-17,-0.45,45.3,False
624,002100,天康生物,7.6,0.26,0.78,-11.75,7.572537311963,0.2232244,62.14690414,442.0,3286.0,78.4,2026-09-17,0.36,48.7,False
625,002101,广东鸿图,8.66,0.0,0.14,72.04,8.603225900864,0.1875088,60.26588745,-1001.0,3839.0,72.8,2026-09-17,0.66,43.9,False
626,002102,ST能特,2.71,-0.37,0.18,34.89,2.688134494522,0.2926864,67.36637513,2187.0,1528.0,68.0,2026-09-17,0.81,45.8,False
627,002103,广博股份,6.55,1.87,0.93,35.13,6.381830821233,0.1760252,70.56959517,2201.0,778.0,75.6,2026-09-17,2.64,53.4,False
628,002104,恒宝股份,11.05,0.18,3.03,-85.46,11.020802345584,0.2288944,51.39005271,24.0,5138.0,86.4,2026-09-17,0.26,44.4,False
629,002105,信隆健康,5.99,0.0,0.74,136.52,5.923257167694,0.0627448,57.7929106,-306.0,4413.0,71.2,2026-09-17,1.13,41.1,False
630,002106,莱宝高科,12.53,3.21,5.15,46.48,11.895967668345,0.2883572,75.82706418,653.0,167.0,78.4,2026-09-17,5.33,59.4,False
631,002107,沃华医药,6.85,2.39,1.75,29.26,6.651995674867,0.200376,66.02135372,-1315.0,1972.0,78.8,2026-09-17,2.98,52.0,False
632,002108,沧州明珠,4.4,1.38,0.54,27.57,4.348548268644,0.2660312,67.26445651,-865.0,1563.0,80.0,2026-09-17,1.18,53.8,False
633,002109,ST兴化,2.79,0.36,0.12,-63.0,2.761627525847,0.19098,58.02239945,20.0,4362.0,68.0,2026-09-17,1.03,39.5,False
634,002110,三钢闽光,2.91,0.0,0.47,-18.44,2.911691704953,0.2433368,60.47434379,111.0,3786.0,70.4,2026-09-17,-0.06,42.6,False
635,002111,威海广泰,9.53,0.0,0.56,15.96,9.485157045485,0.1149008,65.36679663,-957.0,2190.0,72.4,2026-09-17,0.47,47.3,False
636,002112,三变科技,14.65,1.74,2.33,81.34,14.459618471164,0.1675784,53.66326777,30.0,5008.0,77.6,2026-09-17,1.32,41.6,False
637,002114,罗平锌电,7.3,1.25,2.01,-17.94,7.178544706701,0.11337,55.8700115,-459.0,4749.0,72.0,2026-09-17,1.69,40.2,False
638,002115,三维通信,10.07,1.0,1.51,80.43,10.002801600242,0.2136424,66.00902204,-1327.0,1980.0,74.0,2026-09-17,0.67,48.8,False
639,002116,中国海诚,7.17,0.7,0.31,16.76,7.091617905117,0.06695,66.60257813,-90.0,1786.0,72.4,2026-09-17,1.11,48.2,False
640,002117,东港股份,7.72,0.52,0.42,20.51,7.725389845334,0.2044132,64.17066726,-811.0,2579.0,74.8,2026-09-17,-0.07,48.0,False
641,002119,康强电子,24.97,3.01,7.19,74.0,24.379899667931,0.2209184,67.28034042,-1298.0,1555.0,82.4,2026-09-17,2.42,55.4,False
642,002120,韵达股份,6.96,1.75,1.19,10.11,6.742252591225,0.3599044,76.27226044,259.0,141.0,74.8,2026-09-17,3.23,57.1,False
643,002121,科陆电子,4.79,0.42,0.64,-18.29,4.779547285725,0.3020264,59.47472347,-755.0,4048.0,75.2,2026-09-17,0.22,44.7,False
644,002122,ST汇洲,2.75,0.0,0.2,-38.66,2.714961438511,0.3853964,66.32924627,2184.0,1870.0,74.0,2026-09-17,1.29,49.1,False
645,002123,梦网科技,7.69,1.72,0.82,-31.79,7.583686934153,0.1534556,56.3621877,68.0,4688.0,74.4,2026-09-17,1.4,41.9,False
646,002124,天邦食品,2.24,0.0,2.1,-1.61,2.215089892982,0.3429692,61.00873583,505.0,3620.0,82.0,2026-09-17,1.12,50.0,False
647,002125,湘潭电化,12.02,0.84,0.54,16.83,11.96543868762,0.236392,59.96243482,-205.0,3938.0,74.8,2026-09-17,0.46,44.9,False
648,002126,银轮股份,38.52,0.18,0.74,36.06,38.61568437838,0.242134,72.88328573,906.0,396.0,76.8,2026-09-17,-0.25,56.0,False
649,002127,南极电商,3.05,0.0,0.94,72.44,3.029751378385,0.2935284,71.4093059,1156.0,609.0,71.6,2026-09-17,0.67,51.1,False
650,002128,电投能源,28.08,1.12,0.35,8.29,27.838719255629,0.312186,77.46540262,124.0,86.0,76.8,2026-09-17,0.87,59.5,False
651,002129,TCL中环,8.67,0.58,0.57,-5.47,8.711477541822,0.3305456,55.47779568,-1852.0,4810.0,75.2,2026-09-17,-0.48,41.7,False
652,002130,沃尔核材,17.09,1.97,2.35,21.11,16.859196308312,0.2375304,75.07044901,102.0,214.0,90.4,2026-09-17,1.37,67.9,False
653,002131,利欧股份,4.43,-0.23,1.6,108.44,4.419825748365,0.3067812,56.24801703,-404.0,4710.0,80.4,2026-09-17,0.23,45.2,False
654,002132,恒星科技,4.27,0.95,0.94,35.58,4.237980187677,0.3364068,64.51248375,-1945.0,2457.0,77.6,2026-09-17,0.76,50.1,False
655,002133,广宇集团,2.77,0.0,0.78,-55.66,2.732515430551,0.1487708,66.08014891,1418.0,1952.0,72.0,2026-09-17,1.37,47.6,False
656,002134,天津普林,27.1,9.98,12.53,75.69,24.857471677227,0.231958,64.30461549,-1441.0,2533.0,83.6,2026-09-17,9.02,53.8,False
657,002135,东南网架,6.07,-0.82,0.43,117.98,6.116729301614,0.3003408,61.13639948,-168.0,3595.0,70.0,2026-09-17,-0.76,42.8,False
658,002136,安 纳 达,11.9,0.93,0.67,26.32,11.723216771582,0.1207628,58.65791267,-276.0,4223.0,70.0,2026-09-17,1.51,41.1,False
659,002137,实益达,8.66,1.29,17.21,78.07,8.726016676302,0.2940372,66.39919327,-1109.0,1847.0,86.0,2026-09-17,-0.76,57.1,False
660,002138,顺络电子,51.89,3.93,2.59,46.79,50.409885090253,0.3104704,67.18468155,-1334.0,1595.0,89.6,2026-09-17,2.94,60.2,False
661,002139,拓邦股份,9.64,-0.41,0.57,46.66,9.612034515274,0.2278456,62.33219704,107.0,3212.0,86.8,2026-09-17,0.29,54.1,False
662,002140,东华科技,9.2,1.43,0.44,13.14,9.064173081201,0.2030564,66.64270692,-937.0,1769.0,79.2,2026-09-17,1.5,52.8,False
663,002141,贤丰控股,6.52,0.15,6.24,107.81,6.584425056672,0.2225368,58.08708278,-159.0,4351.0,88.8,2026-09-17,-0.98,51.6,False
664,002142,宁波银行,34.73,0.4,0.14,6.92,34.377415234176,0.2896716,70.27878122,61.0,835.0,88.0,2026-09-17,1.03,61.8,False
665,002144,宏达高科,10.56,0.67,0.88,39.67,10.359082305984,0.1071748,56.2663395,-1622.0,4709.0,64.0,2026-09-17,1.94,36.0,False
666,002145,钛能化学,4.62,0.87,1.24,20.95,4.522964913261,0.4048428,74.19781793,220.0,274.0,79.6,2026-09-17,2.15,59.1,False
667,002146,荣盛发展,1.15,0.0,0.89,-2.43,1.141031755447,0.5024572,60.99413138,228.0,3624.0,76.8,2026-09-17,0.79,46.8,False
668,002148,北纬科技,6.26,0.48,0.94,365.69,6.217392184273,0.1128188,61.53372717,-645.0,3464.0,73.2,2026-09-17,0.69,45.0,False
669,002149,西部材料,33.72,1.84,1.6,183.77,33.296789256751,0.170344,51.25899694,-172.0,5146.0,74.0,2026-09-17,1.27,37.9,False
670,002150,正泰电源,20.69,1.12,0.7,54.65,20.494273474929,0.192156,67.53844848,-1158.0,1483.0,75.6,2026-09-17,0.96,51.1,False
671,002151,北斗星通,28.81,2.82,1.72,191.22,28.170666374938,0.193206,57.8386134,-468.0,4401.0,78.8,2026-09-17,2.27,45.6,False
672,002152,广电运通,9.25,0.54,0.29,27.14,9.200027012877,0.2760004,67.61151125,1059.0,1462.0,74.8,2026-09-17,0.54,50.6,False
673,002153,石基信息,7.55,0.27,0.3,400.95,7.52565073179,0.1788652,63.49021529,1162.0,2816.0,75.6,2026-09-17,0.32,48.0,False
674,002154,报 喜 鸟,3.89,1.3,1.0,9.74,3.823227757184,0.1923252,66.52225946,-61.0,1806.0,73.6,2026-09-17,1.75,49.0,False
675,002155,湖南黄金,25.61,0.47,2.06,20.9,25.879155006643,0.361161272727,69.83167962,-787.0,925.0,89.2,2026-09-17,-1.04,62.3,False
676,002156,通富微电,61.07,4.73,4.46,28.34,58.716889179428,0.3432744,65.98641543,-1751.0,1991.0,82.0,2026-09-17,4.01,54.1,False
677,002157,正邦科技,3.0,-0.66,0.88,-18.84,3.004320680702,0.4274256,59.37163099,149.0,4076.0,83.6,2026-09-17,-0.14,49.6,False
678,002158,汉钟精机,27.6,2.0,1.07,26.32,27.288447745353,0.2699968,72.24610372,161.0,469.0,73.2,2026-09-17,1.14,52.9,False
679,002159,三特索道,13.37,1.52,1.02,22.0,13.106541500956,0.1151052,68.59240736,396.0,1201.0,66.0,2026-09-17,2.01,45.3,False
680,002160,常铝股份,3.95,0.51,0.41,80.17,3.912220025213,0.2144936,64.23034078,1425.0,2556.0,74.0,2026-09-17,0.97,47.5,False
681,002161,远 望 谷,7.25,10.02,6.75,-27.99,6.749448492295,0.2401504,62.64757045,-2868.0,3112.0,90.8,2026-09-17,7.42,56.9,False
682,002162,悦心健康,4.07,2.52,2.14,351.08,3.938151974575,0.2115788,63.88897379,-209.0,2680.0,78.4,2026-09-17,3.35,50.1,False
683,002163,海南发展,7.69,-2.16,4.3,-48.53,8.032266029283,0.2477444,56.4939003,-3614.0,4656.0,82.0,2026-09-17,-4.26,46.3,False
684,002164,宁波东力,10.38,2.87,1.32,51.86,10.141098946829,0.2337792,59.8217685,205.0,3969.0,72.0,2026-09-17,2.36,43.1,False
685,002165,红 宝 丽,7.03,0.29,2.32,-304.8,6.990758849349,0.1989236,54.66615183,172.0,4922.0,86.0,2026-09-17,0.56,47.0,False
686,002166,莱茵生物,6.64,-0.15,0.77,43.54,6.598361821772,0.2281804,65.76149993,1241.0,2064.0,75.6,2026-09-17,0.63,49.7,False
687,002167,东方锆业,16.05,1.52,2.42,77.45,15.936408593097,0.241438,55.22929089,-3269.0,4857.0,80.8,2026-09-17,0.71,44.6,False
688,002168,ST惠程,3.66,-0.27,0.32,-64.16,3.644260474681,0.207536,56.80364911,-162.0,4604.0,70.0,2026-09-17,0.43,39.8,False
689,002169,智光电气,13.59,2.88,2.08,121.33,13.261917821946,0.340538,73.63506465,1833.0,329.0,87.6,2026-09-17,2.47,64.5,False
690,002170,芭田股份,10.92,0.18,0.72,8.8,10.923851629104,0.3300636,71.36199932,182.0,621.0,80.4,2026-09-17,-0.04,57.4,False
691,002171,楚江新材,10.59,0.95,1.94,28.3,10.741671519981,0.2381884,62.59040699,-631.0,3130.0,91.2,2026-09-17,-1.41,57.1,False
692,002172,澳洋健康,5.37,6.76,26.5,85.08,5.152633594041,0.2651,60.75809263,-675.0,3692.0,91.2,2026-09-17,4.22,55.4,False
693,002173,创新医疗,17.88,2.0,4.17,-74.67,17.624418584092,0.2009516,53.26665288,58.0,5044.0,80.4,2026-09-17,1.45,42.8,False
694,002174,游族网络,14.22,0.28,2.47,27.57,14.411880401608,0.325556,57.27507164,-2938.0,4522.0,90.8,2026-09-17,-1.33,52.0,False
695,002175,*ST东智,2.53,1.2,0.31,519.37,2.511303939187,0.30341,57.66492548,-147.0,4444.0,73.2,2026-09-17,0.74,42.2,False
696,002176,江特电机,8.5,-0.35,0.67,-33.96,8.521952582244,0.2627524,55.30802788,-22.0,4838.0,80.0,2026-09-17,-0.26,44.2,False
697,002177,御银股份,5.64,0.53,1.08,176.91,5.615665751829,0.161676,59.37051608,-655.0,4077.0,76.0,2026-09-17,0.43,45.1,False
698,002178,延华智能,4.68,1.08,1.12,-146.54,4.600960956186,0.1769596,59.17006637,-1460.0,4117.0,75.2,2026-09-17,1.72,44.5,False
699,002179,中航光电,35.02,0.69,0.56,32.87,34.987902738436,0.3471516,68.21612029,-152.0,1301.0,88.8,2026-09-17,0.09,60.6,False
700,002180,奔图科技,16.17,0.81,0.17,131.7,16.157684377943,0.221518,56.67238195,-245.0,4631.0,75.2,2026-09-17,0.08,42.6,False
701,002181,粤 传 媒,9.48,-1.15,2.26,-160.96,9.521006914644,0.2212084,63.40933908,2103.0,2852.0,86.0,2026-09-17,-0.43,54.5,False
702,002182,宝武镁业,11.6,2.2,0.62,-313.49,11.373946961705,0.2323792,57.28166812,426.0,4521.0,74.0,2026-09-17,1.99,42.4,False
703,002183,怡 亚 通,4.3,-0.46,0.69,203.37,4.312837413141,0.3354772,62.96802618,736.0,2991.0,74.4,2026-09-17,-0.3,46.8,False
704,002184,海得控制,9.74,0.62,0.46,88.76,9.629423796485,0.0942068,62.65043194,1198.0,3111.0,73.6,2026-09-17,1.15,46.1,False
705,002185,华天科技,18.03,10.01,10.19,36.87,16.584500351959,0.2912284,63.01445718,-2545.0,2969.0,80.0,2026-09-17,8.72,50.4,False
706,002186,全 聚 德,9.41,1.84,0.91,106.52,9.216096805615,0.1077792,65.42729587,239.0,2162.0,74.0,2026-09-17,2.1,48.4,False
707,002187,广百股份,5.67,3.09,0.9,92.2,5.491173913546,0.1345268,61.90397198,-93.0,3354.0,75.6,2026-09-17,3.26,46.8,False
708,002188,中天服务,5.42,0.37,1.36,60.67,5.315280034582,0.0663984,63.29469097,332.0,2890.0,67.6,2026-09-17,1.97,42.8,False
709,002189,中光学,19.33,1.79,0.55,-34.95,19.007023124712,0.1566928,57.925293,-382.0,4384.0,80.0,2026-09-17,1.7,46.3,False
710,002190,成飞集成,24.43,0.83,0.59,-74.38,24.343613886382,0.1657324,54.33012571,-1118.0,4960.0,85.2,2026-09-17,0.35,46.3,False
711,002191,劲嘉股份,3.63,-0.82,0.44,53.17,3.64623944626,0.3624224,61.78776965,745.0,3393.0,72.0,2026-09-17,-0.45,44.5,False
712,002192,融捷股份,60.13,-1.33,2.79,7.79,60.455227007401,0.3243652,70.28392933,2897.0,833.0,84.8,2026-09-17,-0.54,59.6,False
713,002193,ST如意,4.74,0.42,0.46,-6.6,4.709823517126,0.1806252,52.18420052,25.0,5111.0,68.8,2026-09-17,0.64,35.9,False
714,002194,武汉凡谷,10.97,1.76,5.92,3074.89,10.843613704523,0.208018,66.95607941,-1417.0,1681.0,92.8,2026-09-17,1.17,62.1,False
715,002195,岩山科技,6.1,0.66,0.5,290.44,6.075911487128,0.3005632,63.77243886,-1208.0,2715.0,79.2,2026-09-17,0.4,50.5,False
716,002196,方正电机,10.13,1.2,3.09,103.03,9.943509703462,0.1819704,59.43633845,778.0,4058.0,74.0,2026-09-17,1.88,44.0,False
717,002197,证通电子,6.57,0.92,1.8,352.86,6.510501231282,0.1508696,57.61422485,-1219.0,4455.0,76.8,2026-09-17,0.91,44.2,False
718,002198,ST嘉应,3.7,0.0,0.49,-72.34,3.632109290372,0.2747472,64.17098937,1993.0,2578.0,64.8,2026-09-17,1.87,41.6,False
719,002199,东晶电子,12.43,1.06,1.38,-95.64,12.21802152839,0.195993137255,59.73245557,-491.0,3993.0,73.6,2026-09-17,1.73,44.0,False
720,002200,交投生态,6.51,-0.61,0.84,27.6,6.468509102694,0.1404132,66.94206839,-791.0,1686.0,62.8,2026-09-17,0.64,42.0,False
721,002201,九鼎新材,10.35,-0.48,6.0,79.43,10.575771773236,0.2007896,65.90660984,-1076.0,2016.0,91.2,2026-09-17,-2.13,60.1,False
722,002202,金风科技,18.19,-0.16,1.26,20.71,18.071371898699,0.2981528,69.46761805,169.0,1001.0,89.6,2026-09-17,0.66,62.2,False
723,002203,海亮股份,18.47,0.16,0.37,33.04,18.643310791243,0.2795696,60.37384965,-365.0,3809.0,73.2,2026-09-17,-0.93,44.2,False
724,002204,大连重工,5.54,0.73,1.41,14.43,5.438214517335,0.2954628,76.2041531,578.0,146.0,88.8,2026-09-17,1.87,67.7,False
725,002205,国统股份,10.55,-0.75,0.77,-9.75,10.494062350083,0.104342,58.25117242,-113.0,4317.0,74.0,2026-09-17,0.53,43.1,False
726,002206,海 利 得,4.98,0.61,0.21,9.79,4.953523335065,0.397918,65.72576735,211.0,2075.0,69.2,2026-09-17,0.53,45.5,False
727,002207,*ST准油,5.61,-0.36,0.88,-39.33,5.52329295735,0.211536,60.76387365,946.0,3690.0,71.2,2026-09-17,1.57,43.3,False
728,002208,合肥城建,9.72,1.46,1.14,-20.25,9.625482813489,0.1548536,56.41246393,11.0,4676.0,72.0,2026-09-17,0.98,40.6,False
729,002209,达 意 隆,13.06,1.63,0.88,11.2,12.786717247548,0.0620004,64.84269275,-669.0,2358.0,75.6,2026-09-17,2.14,49.0,False
730,002210,飞马国际,2.17,0.93,0.86,168.37,2.136907863359,0.3078656,67.59174803,221.0,1470.0,71.6,2026-09-17,1.55,48.4,False
731,002211,ST宏达,3.9,2.63,1.01,413.03,3.82730916246,0.2234612,57.53896266,216.0,4466.0,71.2,2026-09-17,1.9,41.0,False
732,002212,天融信,7.1,-0.56,9.7,-15.34,7.066497236476,0.3018648,73.06791588,1773.0,379.0,90.0,2026-09-17,0.47,65.8,False
733,002213,大为股份,29.39,3.23,4.7,149.07,28.804862186535,0.2288912,61.8140482,-1156.0,3385.0,92.8,2026-09-17,2.03,57.4,False
734,002214,大立科技,18.1,3.37,1.09,-57.33,17.543159706301,0.271334313725,62.73372927,1473.0,3089.0,73.2,2026-09-17,3.17,45.9,False
735,002215,诺 普 信,9.59,-1.03,1.12,6.3,9.640368339289,0.3738852,73.50236695,199.0,344.0,76.4,2026-09-17,-0.52,56.2,False
736,002216,三全食品,11.66,1.92,0.46,14.05,11.451652937172,0.0947624,65.522714,207.0,2135.0,75.6,2026-09-17,1.82,49.5,False
737,002217,ST合力泰,1.64,2.5,2.55,2455.67,1.580947349432,0.4252408,70.98936107,3134.0,690.0,76.4,2026-09-17,3.74,54.2,False
738,002218,拓日新能,4.28,-0.23,3.35,-52.07,4.24397680626,0.20498,63.21372169,-2426.0,2917.0,93.2,2026-09-17,0.85,58.9,False
739,002219,新里程,2.12,0.47,1.53,398.58,2.111687493337,0.3161684,64.17836234,-825.0,2575.0,72.4,2026-09-17,0.39,46.5,False
740,002221,东华能源,5.59,1.08,0.49,20.46,5.514789825306,0.2960356,67.07311269,607.0,1637.0,76.0,2026-09-17,1.36,51.0,False
741,002222,福晶科技,68.85,0.22,2.39,89.61,68.964753545689,0.2648076,69.20660625,-941.0,1066.0,89.2,2026-09-17,-0.17,61.7,False
742,002223,鱼跃医疗,26.22,0.42,0.33,15.47,26.194832683835,0.1863296,65.46851374,-150.0,2147.0,86.4,2026-09-17,0.1,56.6,False
743,002224,三 力 士,3.74,-0.8,0.5,-145.85,3.732873518232,0.2080956,57.71056369,-2048.0,4434.0,73.2,2026-09-17,0.19,42.2,False
744,002225,濮耐股份,3.52,-0.28,0.99,134.18,3.52220427653,0.22478,63.38399081,1443.0,2861.0,67.2,2026-09-17,-0.06,42.6,False
745,002226,江南化工,5.08,0.59,0.24,26.45,5.039026019615,0.266924,65.14574876,-101.0,2265.0,74.0,2026-09-17,0.81,48.2,False
746,002227,*ST特迅,6.39,1.11,0.21,-22.14,6.339796554411,0.158844,63.40528791,225.0,2856.0,71.2,2026-09-17,0.79,45.1,False
747,002228,合兴包装,3.22,1.26,1.31,20.58,3.135021892231,0.2699168,64.93852427,-885.0,2322.0,73.6,2026-09-17,2.71,47.8,False
748,002229,鸿博股份,10.97,0.09,2.62,-52.55,10.93068645818,0.214488,61.51197018,1461.0,3469.0,79.6,2026-09-17,0.36,49.0,False
749,002230,科大讯飞,38.5,0.42,0.34,-226.84,38.598766472841,0.243712,67.7808856,-154.0,1421.0,82.0,2026-09-17,-0.26,55.6,True
750,002232,启明信息,15.59,-0.26,2.63,206.64,15.574097895394,0.1958804,70.64718307,-594.0,764.0,90.0,2026-09-17,0.1,63.6,False
751,002233,塔牌集团,7.09,-0.14,0.33,18.97,7.08735188024,0.3318864,70.32141983,155.0,821.0,74.8,2026-09-17,0.04,52.6,False
752,002234,民和股份,7.84,-0.63,0.8,-14.36,7.90473301092,0.0910548,60.88611642,-796.0,3657.0,72.0,2026-09-17,-0.82,43.8,False
753,002235,安妮股份,8.1,1.12,1.5,1641.93,8.014411041145,0.2818864,54.45444459,11.0,4943.0,76.0,2026-09-17,1.07,41.4,False
754,002236,大华股份,15.75,0.38,0.25,10.8,15.682008715096,0.2922172,70.73533325,882.0,743.0,84.4,2026-09-17,0.43,59.7,False
755,002237,恒邦股份,13.79,0.8,0.88,14.66,13.757265790599,0.2512076,66.27491483,-886.0,1888.0,81.2,2026-09-17,0.24,53.8,False
756,002238,天威视讯,6.29,0.16,0.26,-55.78,6.275594965903,0.0617284,62.60039407,-883.0,3125.0,74.0,2026-09-17,0.23,46.3,False
757,002239,奥特佳,2.5,-1.57,0.87,42.23,2.517524306642,0.3834712,70.63049033,504.0,767.0,76.4,2026-09-17,-0.7,54.0,False
758,002240,盛新锂能,26.97,-0.66,1.11,12.2,27.094829340268,0.2690568,67.00483682,619.0,1665.0,78.8,2026-09-17,-0.46,52.8,False
759,002241,歌尔股份,23.31,4.62,2.66,28.29,21.896643701087,0.4404032,71.90045806,2134.0,522.0,83.2,2026-09-17,6.45,59.8,False
760,002242,九阳股份,9.54,-0.1,1.43,50.71,9.465210678169,0.2237164,72.20850046,782.0,479.0,85.6,2026-09-17,0.79,61.8,False
761,002243,力合科创,7.09,0.57,0.25,33.52,7.049147917112,0.14288,59.42444715,-985.0,4061.0,70.4,2026-09-17,0.58,41.8,False
762,002244,滨江集团,7.83,0.64,0.26,7.86,7.812095431758,0.3311092,67.7119732,-460.0,1435.0,74.0,2026-09-17,0.23,50.1,False
763,002245,蔚蓝锂芯,17.99,0.22,1.31,30.11,18.106361587034,0.2675116,63.08199837,-148.0,2952.0,75.6,2026-09-17,-0.64,47.7,False
764,002246,北化股份,23.84,2.19,1.41,29.05,23.245227670221,0.4060768,74.30975375,-39.0,263.0,79.6,2026-09-17,2.56,59.2,False
765,002247,聚力文化,2.41,-0.82,1.25,66.61,2.394488717678,0.1554484,65.76105908,-1130.0,2065.0,67.2,2026-09-17,0.65,44.2,False
766,002248,华东数控,9.49,-2.27,7.04,113.67,9.735994063141,0.269738,68.56541514,3158.0,1207.0,77.2,2026-09-17,-2.53,52.9,False
767,002249,大洋电机,6.36,0.79,0.63,18.82,6.308240389332,0.2415048,59.75033559,52.0,3989.0,75.2,2026-09-17,0.82,44.9,False
768,002250,联化科技,14.19,1.0,0.54,17.34,14.17807601299,0.1868424,62.24536601,-707.0,3255.0,69.6,2026-09-17,0.08,43.3,False
769,002251,步步高,3.55,2.31,2.87,33.32,3.461872968141,0.3363488,64.83281786,84.0,2361.0,75.6,2026-09-17,2.55,49.0,False
770,002252,上海莱士,4.93,0.61,0.34,24.58,4.911002804924,0.3309008,71.10831146,-108.0,663.0,77.6,2026-09-17,0.39,55.2,False
771,002253,川大智胜,9.84,0.41,1.08,-37.61,9.738141501849,0.1042504,57.38823337,-864.0,4501.0,76.0,2026-09-17,1.05,43.6,False
772,002254,泰和新材,12.5,0.48,0.69,96.32,12.592615374003,0.1922068,55.29140101,-1911.0,4844.0,74.0,2026-09-17,-0.74,40.9,False
773,002255,海陆重工,7.64,1.73,0.64,19.71,7.57646356828,0.1877476,65.02382278,-1024.0,2303.0,74.0,2026-09-17,0.84,48.1,False
774,002256,兆新股份,3.24,1.25,0.67,897.13,3.199211008081,0.3007492,56.98005655,-65.0,4577.0,74.8,2026-09-17,1.27,42.6,False
775,002258,利尔化学,14.85,-1.39,1.18,23.82,15.097144311377,0.3812516,64.79595719,-486.0,2374.0,77.6,2026-09-17,-1.64,50.3,False
776,002259,升达林业,4.1,-0.73,0.55,17.24,4.085533258043,0.2413236,66.01576844,1574.0,1976.0,70.0,2026-09-17,0.35,46.2,False
777,002261,拓维信息,25.85,2.99,2.63,235.25,25.162277519152,0.2529372,60.07526379,119.0,3904.0,73.6,2026-09-17,2.73,44.2,False
778,002262,恩华药业,21.75,0.09,0.19,14.87,21.750066922289,0.1814648,69.98621018,-295.0,891.0,77.6,2026-09-17,-0.0,54.3,False
779,002263,大东南,3.24,0.31,0.81,308.89,3.196926836127,0.3152436,65.54583594,-289.0,2127.0,76.4,2026-09-17,1.35,50.1,False
780,002264,新 华 都,7.45,3.91,6.0,18.93,7.2317806288,0.2553052,75.53581723,-171.0,184.0,84.8,2026-09-17,3.02,64.1,False
781,002265,建设工业,20.2,0.0,1.06,154.77,20.576326579064,0.222498,71.31199872,1074.0,629.0,86.4,2026-09-17,-1.83,61.6,False
782,002266,浙富控股,4.93,0.2,0.6,9.49,4.953293577866,0.37804,77.86491921,47.0,75.0,73.6,2026-09-17,-0.47,57.3,False
783,002267,陕天然气,7.19,1.27,0.25,9.89,7.111317448716,0.1402368,69.38769402,1557.0,1019.0,71.2,2026-09-17,1.11,49.4,False
784,002268,电科网安,14.71,0.07,1.64,-36.37,14.744116416293,0.2735048,68.67907963,2605.0,1189.0,84.4,2026-09-17,-0.23,58.0,False
785,002269,美邦服饰,1.43,1.42,1.18,-42.49,1.395890257173,0.4786352,59.39953352,391.0,4067.0,74.8,2026-09-17,2.44,44.4,False
786,002270,华明装备,18.26,1.05,0.41,20.99,18.092931855667,0.2420248,66.49559738,78.0,1815.0,76.0,2026-09-17,0.92,50.5,False
787,002271,东方雨虹,10.16,0.49,0.46,19.78,10.125933824602,0.258636,68.90803091,1231.0,1141.0,85.6,2026-09-17,0.34,59.0,False
788,002272,川润股份,16.65,2.27,4.25,-121.31,16.87816674989,0.2836404,53.93617666,-2585.0,4988.0,84.4,2026-09-17,-1.35,45.5,False
789,002273,水晶光电,25.07,2.04,1.14,33.24,24.69054704943,0.2591256,69.77348017,-263.0,936.0,76.0,2026-09-17,1.54,53.0,False
790,002274,华昌化工,5.95,1.19,1.09,23.02,5.842138686263,0.238038181818,60.83662156,617.0,3670.0,81.6,2026-09-17,1.85,49.6,False
791,002275,桂林三金,12.13,0.17,0.12,13.67,12.099986080327,0.0566088,62.09467032,226.0,3300.0,67.6,2026-09-17,0.25,42.0,False
792,002276,万马股份,10.03,0.5,0.47,24.22,9.992650543989,0.2034744,64.68448007,-1305.0,2405.0,77.2,2026-09-17,0.37,49.9,False
793,002277,友阿股份,5.56,1.46,0.71,54.73,5.473706813376,0.3158176,59.39464644,944.0,4070.0,78.8,2026-09-17,1.58,46.8,False
794,002278,神开股份,7.97,1.92,1.17,110.2,7.797919697408,0.0978708,59.38390252,-524.0,4073.0,77.6,2026-09-17,2.21,46.1,False
795,002279,久其软件,6.77,0.59,2.05,-117.19,6.754249759877,0.2154368,69.18898779,353.0,1073.0,85.2,2026-09-17,0.23,58.9,False
796,002281,光迅科技,191.31,0.05,2.46,136.02,192.308262364413,0.4229152,76.06431705,-131.0,154.0,93.2,2026-09-17,-0.52,70.9,False
797,002282,博深股份,6.03,0.67,0.21,19.9,5.959747429127,0.0964316,69.44238081,-193.0,1006.0,68.8,2026-09-17,1.18,47.8,False
798,002283,天润工业,8.1,-1.1,1.09,17.07,8.218569338658,0.2296076,71.65091187,2079.0,571.0,68.8,2026-09-17,-1.44,49.3,False
799,002284,亚太股份,9.57,-1.24,1.04,13.19,9.594232023086,0.2727016,76.31282283,1354.0,135.0,82.8,2026-09-17,-0.25,63.2,False
800,002285,世联行,2.76,4.94,9.6,-80.87,2.61361154147,0.4498808,77.06243412,299.0,109.0,87.6,2026-09-17,5.6,67.5,False
801,002286,保龄宝,7.74,0.39,1.72,17.86,7.677539144029,0.2435884,67.72902974,351.0,1428.0,76.8,2026-09-17,0.81,52.0,False
802,002287,奇正藏药,19.37,0.52,0.1,14.92,19.234111068854,0.0587012,61.65614274,-385.0,3427.0,70.8,2026-09-17,0.71,43.7,False
803,002289,宇顺电子,36.72,0.99,0.7,18.35,36.392983043393,0.3143192,71.6746719,1977.0,565.0,67.6,2026-09-17,0.9,48.5,False
804,002290,禾盛新材,66.8,3.57,1.56,60.84,65.268493266536,0.3282516,64.92113725,-1696.0,2323.0,76.8,2026-09-17,2.35,49.9,False
805,002291,遥望科技,5.56,0.72,1.33,16.82,5.484133379103,0.2191572,64.21751226,-913.0,2560.0,84.0,2026-09-17,1.38,53.9,False
806,002292,奥飞娱乐,8.94,3.59,4.1,37.94,8.547947192406,0.2582024,74.1724964,1037.0,277.0,75.6,2026-09-17,4.59,56.1,False
807,002293,罗莱生活,10.89,0.18,0.19,18.29,10.817647966006,0.11042,66.02413421,-81.0,1971.0,70.4,2026-09-17,0.67,46.5,False
808,002294,信立泰,30.31,0.4,0.48,43.65,30.00727592574,0.3101432,68.56045085,1729.0,1209.0,70.0,2026-09-17,1.01,48.0,False
809,002295,精艺股份,10.19,4.84,5.17,322.99,9.641048226421,0.1134588,53.28257323,-571.0,5042.0,78.0,2026-09-17,5.69,41.6,False
810,002296,辉煌科技,9.27,1.98,1.5,15.3,9.056416046814,0.198442,66.70955614,1548.0,1749.0,81.6,2026-09-17,2.36,54.4,False
811,002297,博云新材,22.02,1.06,8.04,37.07,22.094641698105,0.2798384,64.21280048,-1032.0,2564.0,92.0,2026-09-17,-0.34,59.1,False
812,002298,中电鑫龙,9.0,10.02,6.14,76.28,8.236010856352,0.2187036,54.96888486,-173.0,4888.0,82.4,2026-09-17,9.28,45.3,False
813,002299,圣农发展,15.94,1.59,0.41,19.71,15.813062707752,0.1715068,65.99083629,-427.0,1990.0,78.4,2026-09-17,0.8,51.7,False
814,002300,太阳电缆,8.67,10.03,9.33,167.84,7.864625362822,0.2480972,62.64262349,-2725.0,3114.0,92.8,2026-09-17,10.24,58.1,False
815,002301,齐心集团,7.79,1.17,0.44,36.73,7.725973001112,0.2789088,64.40309998,-987.0,2504.0,70.0,2026-09-17,0.83,45.1,False
816,002302,西部建设,4.64,0.22,0.15,-14.07,4.613204688329,0.163216,61.3239619,1017.0,3534.0,75.6,2026-09-17,0.58,46.4,False
817,002303,美盈森,5.72,2.88,5.68,33.72,5.501044577693,0.3807732,71.45232706,-372.0,601.0,85.2,2026-09-17,3.98,60.9,False
818,002304,洋河股份,38.12,0.45,0.07,11.04,37.922824916019,0.2113144,60.35789206,234.0,3814.0,83.2,2026-09-17,0.52,50.2,False
819,002305,*ST南置,2.01,0.0,0.42,100.5,2.009388480522,0.5165936,55.92067165,-824.0,4742.0,71.6,2026-09-17,0.03,40.0,False
820,002306,ST云网,2.22,2.3,0.59,-50.51,2.170772190124,0.2021152,56.63872759,-830.0,4636.0,70.4,2026-09-17,2.27,39.9,False
821,002307,北新路桥,2.97,0.34,0.43,-9.48,2.963974151958,0.3415864,59.32720063,-102.0,4084.0,75.2,2026-09-17,0.2,44.6,False
822,002309,中利集团,2.96,1.72,2.18,38.73,2.903308749667,0.2855972,57.42371345,-835.0,4493.0,76.0,2026-09-17,1.95,43.6,False
823,002310,东方新能,2.3,0.0,0.98,2225.29,2.282170713457,0.4063292,58.40773405,-1189.0,4280.0,74.8,2026-09-17,0.78,43.7,False
824,002311,海大集团,42.07,-0.19,0.1,21.64,42.100423294492,0.188168,73.26954104,847.0,362.0,79.2,2026-09-17,-0.07,58.0,False
825,002312,川发龙蟒,8.53,0.35,0.68,35.64,8.452930461069,0.257028,64.58961493,-1085.0,2430.0,85.2,2026-09-17,0.91,55.0,False
826,002313,日海智能,8.31,0.85,0.55,107.52,8.219634094707,0.0597488,55.86340157,-1565.0,4750.0,79.6,2026-09-17,1.1,44.5,False
827,002314,南山控股,2.19,-0.45,0.81,-4.64,2.179949990644,0.1900024,65.40669947,172.0,2169.0,70.0,2026-09-17,0.46,45.8,False
828,002315,焦点科技,24.13,-0.12,0.88,19.16,24.023541340499,0.163256,71.80228338,1399.0,542.0,78.0,2026-09-17,0.44,56.0,False
829,002316,亚联发展,4.32,-1.37,2.45,1906.38,4.316086446737,0.09339,59.88211315,404.0,3952.0,74.4,2026-09-17,0.09,44.6,False
830,002317,众生药业,24.12,-2.11,1.36,91.99,24.710222924671,0.2376708,60.88193301,113.0,3659.0,72.8,2026-09-17,-2.39,44.3,False
831,002318,久立特材,18.13,1.23,0.29,22.56,17.828354957054,0.2020964,69.8496662,1230.0,919.0,76.0,2026-09-17,1.69,53.1,False
832,002319,乐通股份,10.12,1.3,1.31,158.25,9.972621094521,0.2750388,52.23003635,-25.0,5108.0,64.8,2026-09-17,1.48,33.8,False
833,002320,海峡股份,6.68,0.15,0.83,55.26,6.543623563086,0.2621336,64.76426036,171.0,2381.0,85.6,2026-09-17,2.08,55.4,False
834,002321,华英农业,2.12,-2.75,3.25,-77.21,2.084738221768,0.4844492,71.68129921,1803.0,563.0,73.2,2026-09-17,1.69,52.5,False
835,002322,理工能科,11.84,0.0,0.38,17.96,11.814954067193,0.1135472,70.684687,306.0,756.0,68.0,2026-09-17,0.21,48.1,False
836,002323,*ST雅博,1.26,0.8,0.66,-18.38,1.25021583393,0.4234412,50.79549898,-9.0,5158.0,70.8,2026-09-17,0.78,36.0,False
837,002324,普利特,9.23,1.21,0.91,61.34,9.148290355356,0.188996,60.87503047,42.0,3660.0,79.2,2026-09-17,0.89,48.2,False
838,002326,永太科技,17.21,0.06,0.81,29.07,17.200919218869,0.2417628,58.61866522,-227.0,4231.0,73.6,2026-09-17,0.05,43.1,False
839,002327,富安娜,6.13,0.66,0.26,22.0,6.07300175914,0.1878588,67.19656276,16.0,1594.0,70.0,2026-09-17,0.94,47.0,False
840,002328,新朋股份,8.11,0.75,2.95,9.08,8.06973211108,0.2132364,59.08119161,195.0,4137.0,83.6,2026-09-17,0.5,49.4,False
841,002329,皇氏集团,3.64,-0.27,1.45,-41.44,3.6133496275,0.2350424,55.11954532,-10.0,4871.0,74.8,2026-09-17,0.74,41.2,False
842,002330,得利斯,4.07,0.25,0.88,229.82,4.006480795696,0.1521296,60.52246663,793.0,3771.0,73.2,2026-09-17,1.59,44.3,False
843,002331,皖通科技,6.68,0.0,0.69,-21.73,6.640211097389,0.164812,58.18371691,-1209.0,4332.0,70.4,2026-09-17,0.6,41.0,False
844,002332,仙琚制药,8.55,0.12,0.33,17.29,8.528612239046,0.1438672,66.44932095,-964.0,1826.0,73.2,2026-09-17,0.25,48.6,False
845,002333,罗普斯金,5.29,0.0,0.64,88.87,5.277672233188,0.287794,61.6950939,-2095.0,3416.0,72.8,2026-09-17,0.23,44.9,False
846,002334,英威腾,6.56,0.15,0.52,204.59,6.535660993854,0.2041864,65.9622419,87.0,2001.0,76.4,2026-09-17,0.37,50.4,False
847,002335,科华数据,29.32,0.76,1.13,27.91,29.166447072419,0.2614944,66.00241946,-1367.0,1983.0,76.4,2026-09-17,0.53,50.4,False
848,002337,赛象科技,4.68,0.21,0.48,56.09,4.616058147797,0.1253136,63.544596,395.0,2798.0,70.0,2026-09-17,1.39,44.5,False
849,002338,奥普光电,43.09,4.16,1.28,85.76,41.489931409286,0.19517,66.25408954,-1202.0,1895.0,81.2,2026-09-17,3.86,53.8,False
850,002339,积成电子,8.05,-2.19,10.67,-26.76,8.093442241078,0.4211292,73.82373311,1790.0,307.0,82.4,2026-09-17,-0.54,60.8,False
851,002340,格林美,6.18,0.16,0.35,14.65,6.17157436465,0.319184,61.60875564,42.0,3448.0,77.2,2026-09-17,0.14,47.6,False
852,002342,巨力索具,7.87,1.55,1.81,994.08,7.780631634186,0.1737352,58.46377586,-586.0,4267.0,74.4,2026-09-17,1.15,43.5,False
853,002343,慈文传媒,5.61,-0.36,1.66,-39.98,5.588851944897,0.0928784,62.30088522,25.0,3224.0,79.6,2026-09-17,0.38,49.6,False
854,002344,海宁皮城,4.02,0.75,0.31,43.85,3.971652857333,0.095474,60.82454567,34.0,3675.0,70.8,2026-09-17,1.22,43.1,False
855,002345,潮宏基,8.91,0.79,0.41,9.38,8.801915764388,0.1297492,68.22425821,-515.0,1299.0,72.4,2026-09-17,1.23,49.4,False
856,002346,柘中股份,18.83,1.89,1.26,12.97,18.465759667752,0.2217592,69.8957524,616.0,909.0,81.6,2026-09-17,1.97,57.0,False
857,002347,泰尔股份,5.92,0.68,0.89,-75.62,5.832636769073,0.1251232,59.49113071,825.0,4043.0,73.6,2026-09-17,1.5,43.8,False
858,002348,高乐股份,10.68,1.33,1.12,-182.65,10.613434434956,0.341364,61.44889117,-561.0,3492.0,76.8,2026-09-17,0.63,47.2,False
859,002349,精华制药,7.94,-1.12,5.41,24.24,8.083750197874,0.2606284,73.1292903,1885.0,375.0,84.8,2026-09-17,-1.78,62.0,False
860,002350,北京科锐,14.52,-1.16,0.85,-189.07,14.68190527625,0.2923876,62.7516964,-882.0,3083.0,73.6,2026-09-17,-1.1,46.2,False
861,002351,漫步者,9.98,1.42,0.81,21.01,9.78994659348,0.1644388,75.23165873,306.0,204.0,76.8,2026-09-17,1.94,57.8,False
862,002352,顺丰控股,30.9,0.49,0.13,14.79,30.500736214435,0.3664908,78.54241203,68.0,56.0,86.4,2026-09-17,1.31,67.9,False
863,002353,杰瑞股份,123.45,1.69,1.0,52.85,122.498104772815,0.3078924,72.57535746,199.0,427.0,78.0,2026-09-17,0.78,56.6,False
864,002354,天娱数科,7.55,-0.79,5.64,153.38,7.630993262739,0.2913928,63.33169967,-1547.0,2880.0,86.4,2026-09-17,-1.06,54.7,False
865,002355,兴民智通,4.73,-0.63,0.92,-7.38,4.703737443907,0.1891264,56.99109283,340.0,4574.0,75.2,2026-09-17,0.56,42.9,False
866,002356,鹏飞绿能,2.74,0.74,0.72,-125.95,2.6973764643,0.258614,66.79043201,1741.0,1730.0,68.0,2026-09-17,1.58,45.4,False
867,002357,富临运业,11.92,0.08,1.85,5.91,11.883953379051,0.2539896,71.58328943,106.0,584.0,71.6,2026-09-17,0.3,51.3,False
868,002358,森源电气,5.31,0.95,0.79,47.91,5.261336491145,0.2013836,57.80552256,-1056.0,4409.0,74.8,2026-09-17,0.92,43.2,False
869,002360,ST同德,5.4,-7.38,4.1,-22.38,5.821860867188,0.3511808,59.06722806,413.0,4142.0,64.8,2026-09-17,-7.25,38.3,False
870,002361,神剑股份,10.36,3.08,5.31,-157.88,10.149149766156,0.2021832,52.92194995,-1954.0,5071.0,80.4,2026-09-17,2.08,42.5,False
871,002362,汉王科技,16.57,-0.18,2.49,-23.5,16.614112718534,0.2000932,63.83188278,-426.0,2696.0,91.6,2026-09-17,-0.27,58.5,False
872,002363,隆基机械,6.76,-0.44,0.38,33.22,6.724835533676,0.0714424,63.58139771,393.0,2782.0,72.0,2026-09-17,0.52,45.8,False
873,002364,中恒电气,35.68,0.39,1.69,182.84,35.799265233117,0.284092,63.72452656,-2047.0,2738.0,75.6,2026-09-17,-0.33,48.2,False
874,002365,永安药业,13.76,-0.29,3.78,46.71,13.933555026999,0.1849224,57.45544444,198.0,4481.0,80.8,2026-09-17,-1.25,46.4,False
875,002366,融发核电,5.69,1.25,0.52,-261.49,5.633839457051,0.2558856,59.56829229,95.0,4024.0,83.6,2026-09-17,1.0,49.8,False
876,002367,康力电梯,5.59,0.0,0.5,23.24,5.555290735056,0.3174648,61.24238811,310.0,3560.0,68.8,2026-09-17,0.62,42.1,False
877,002368,太极股份,13.08,-0.98,1.1,-11.55,13.270873351984,0.151176,59.44585549,31.0,4054.0,82.0,2026-09-17,-1.44,48.7,False
878,002369,卓翼科技,5.7,0.35,0.82,-24.6,5.658038032527,0.1205516,55.24706348,103.0,4855.0,78.4,2026-09-17,0.74,43.3,False
879,002370,亚太药业,5.23,0.97,1.24,-4477.69,5.1810386806,0.233904,63.30276682,1825.0,2888.0,74.8,2026-09-17,0.95,47.4,False
880,002371,北方华创,677.88,1.86,0.49,72.99,667.469677852994,0.4950476,76.34430875,-87.0,133.0,86.0,2026-09-17,1.56,65.7,False
881,002372,伟星新材,8.1,0.75,0.13,16.53,8.046377542285,0.0773488,67.47090985,309.0,1502.0,76.8,2026-09-17,0.67,51.8,False
882,002373,千方科技,7.36,0.0,0.3,-278.81,7.380009051747,0.2326452,64.82484409,-985.0,2366.0,75.6,2026-09-17,-0.27,49.0,False
883,002374,中锐股份,3.1,1.64,0.64,-12.39,3.04213688828,0.2375812,51.29711229,-576.0,5143.0,71.6,2026-09-17,1.9,36.7,False
884,002375,亚厦股份,3.77,-0.26,0.38,16.45,3.748656324746,0.2151112,71.62806499,1018.0,574.0,71.6,2026-09-17,0.57,51.3,False
885,002376,新北洋,6.59,1.07,0.5,50.23,6.493938577732,0.1956296,69.46427978,893.0,1003.0,70.8,2026-09-17,1.48,49.2,False
886,002377,国创高新,3.19,0.95,5.49,76.96,3.114466561991,0.2242724,66.54872287,-1457.0,1800.0,83.6,2026-09-17,2.43,55.6,False
887,002378,章源钨业,23.66,0.47,0.78,20.67,23.826806270806,0.239204,66.77787875,66.0,1735.0,88.0,2026-09-17,-0.7,58.8,False
888,002379,宏桥控股,17.39,1.4,1.07,7.24,17.216043840004,0.2956884,71.82316963,-230.0,540.0,73.2,2026-09-17,1.01,52.6,False
889,002380,科远智慧,26.5,0.65,1.04,19.62,26.223148395722,0.157286,70.50639779,120.0,790.0,74.0,2026-09-17,1.06,52.2,False
890,002381,双箭股份,5.5,0.18,0.39,65.1,5.416873980526,0.0638048,64.5266739,374.0,2450.0,67.2,2026-09-17,1.53,43.4,False
891,002382,蓝帆医疗,5.89,0.34,0.56,31.01,5.840514640935,0.1454724,63.51396454,1472.0,2804.0,70.0,2026-09-17,0.85,44.5,False
892,002383,合众思壮,7.97,1.4,2.76,-83.29,7.852437651292,0.2793164,64.44756685,-2076.0,2481.0,91.6,2026-09-17,1.5,59.0,False
893,002384,东山精密,192.38,-0.59,2.12,59.58,193.847324544073,0.4855512,73.60192354,-127.0,334.0,88.0,2026-09-17,-0.76,64.8,False
894,002385,大北农,3.2,0.0,1.2,-10.12,3.179130933028,0.3881976,60.19223409,752.0,3860.0,86.4,2026-09-17,0.66,52.0,False
895,002386,天原股份,5.87,0.86,0.51,18.25,5.82367645666,0.2710992,62.49202691,-1330.0,3167.0,75.2,2026-09-17,0.8,47.0,False
896,002387,维信诺,6.9,0.29,0.25,-3.17,6.890107121078,0.2793816,62.22609234,-68.0,3262.0,78.4,2026-09-17,0.14,48.8,False
897,002388,新亚制程,7.35,4.55,6.42,-158.96,6.955042212708,0.342342,73.77623264,213.0,314.0,85.2,2026-09-17,5.68,62.9,False
898,002389,航天彩虹,18.77,0.64,0.86,122.64,18.697640563843,0.2157284,52.64548494,-162.0,5083.0,87.2,2026-09-17,0.39,45.9,False
899,002390,信邦制药,2.94,0.0,0.66,28.69,2.919469050808,0.2635896,66.91607189,249.0,1693.0,69.6,2026-09-17,0.7,46.6,False
900,002391,长青股份,5.21,-0.38,0.68,31.36,5.180172647871,0.2184652,61.84657247,335.0,3376.0,69.2,2026-09-17,0.58,42.8,False
901,002392,北京利尔,7.75,1.71,0.56,12.01,7.66137104767,0.2134412,67.00713378,-19.0,1662.0,68.0,2026-09-17,1.16,45.6,False
902,002393,力生制药,13.57,0.89,0.23,26.71,13.435906408694,0.12006,60.4380811,-1096.0,3795.0,69.2,2026-09-17,1.0,41.8,False
903,002394,联发股份,10.67,1.62,0.56,89.14,10.437783930322,0.178604,65.9763229,224.0,1996.0,71.2,2026-09-17,2.22,47.0,False
904,002395,双象股份,12.45,0.57,0.45,20.56,12.359320271891,0.1144676,67.4850787,-589.0,1494.0,76.0,2026-09-17,0.73,51.3,False
905,002396,星网锐捷,38.01,-0.5,5.49,38.62,38.502475682827,0.3606516,68.78494479,-1143.0,1165.0,95.2,2026-09-17,-1.28,65.5,False
906,002397,梦洁股份,3.74,0.54,1.0,41.11,3.658143600937,0.2463,70.45572612,1805.0,798.0,69.2,2026-09-17,2.24,48.8,False
907,002398,垒知集团,4.18,-0.24,0.79,24.89,4.146094900151,0.23102,66.54873484,-472.0,1799.0,70.8,2026-09-17,0.82,47.1,False
908,002399,海普瑞,9.51,0.32,0.14,25.34,9.453514413012,0.082826,58.1270429,-469.0,4340.0,71.2,2026-09-17,0.6,41.4,False
909,002400,省广集团,6.53,-0.15,1.29,162.7,6.505944410629,0.336444,74.05090727,1058.0,285.0,80.0,2026-09-17,0.37,59.2,False
910,002401,中远海科,12.15,0.5,0.38,139.94,11.984913060693,0.0944976,70.34644734,508.0,817.0,75.6,2026-09-17,1.38,53.2,False
911,002402,和而泰,18.8,2.01,1.38,36.21,18.546857270426,0.2628476,66.03718333,-1005.0,1967.0,77.2,2026-09-17,1.36,51.0,False
912,002403,爱仕达,9.84,2.07,4.15,-17.94,9.436562570968,0.1953356,54.08988726,157.0,4978.0,81.2,2026-09-17,4.28,43.9,False
913,002404,嘉欣丝绸,5.92,3.14,1.64,16.2,5.699592705766,0.1463324,66.44038537,492.0,1832.0,67.2,2026-09-17,3.87,44.6,False
914,002405,四维图新,5.98,0.84,0.54,-14.5,5.940204467066,0.2395636,59.14624814,-1135.0,4125.0,77.6,2026-09-17,0.67,45.9,False
915,002406,远东传动,6.51,-0.31,0.73,23.65,6.503831046697,0.2089096,68.76630186,357.0,1171.0,74.0,2026-09-17,0.09,50.9,False
916,002407,多氟多,32.97,1.17,2.32,38.34,32.86807979474,0.28958,59.76790479,-2206.0,3984.0,81.6,2026-09-17,0.31,48.8,False
917,002408,齐翔腾达,5.41,0.19,0.21,66.07,5.390516180288,0.2697392,69.71793296,-437.0,951.0,76.0,2026-09-17,0.36,53.0,False
918,002409,雅克科技,138.25,2.64,3.24,58.65,135.961906507126,0.3555308,67.88813357,-1214.0,1385.0,86.4,2026-09-17,1.68,58.7,False
919,002410,广联达,8.47,0.47,0.42,34.92,8.432787510579,0.1934392,68.2567591,439.0,1287.0,78.4,2026-09-17,0.44,53.5,False
920,002412,汉森制药,9.0,1.58,8.34,21.24,8.834328335668,0.2326732,68.09227422,2953.0,1331.0,81.6,2026-09-17,1.88,55.6,False
921,002413,雷科防务,8.25,1.48,1.37,-300.34,8.186001988002,0.1848888,59.40462831,-883.0,4066.0,80.4,2026-09-17,0.78,47.8,False
922,002414,高德红外,12.31,1.23,0.59,19.45,12.178750777736,0.3232288,67.88507096,-189.0,1387.0,74.8,2026-09-17,1.08,50.8,False
923,002415,海康威视,32.72,0.83,0.17,18.99,32.456173535965,0.3873468,75.4325445,36.0,195.0,82.4,2026-09-17,0.81,62.2,False
924,002416,爱施德,9.02,0.11,0.38,120.29,8.994503702577,0.2080532,69.57498794,1453.0,975.0,74.0,2026-09-17,0.28,51.5,False
925,002418,康盛股份,4.62,-0.22,3.78,315.29,4.661236508781,0.1963552,58.57103341,-2792.0,4246.0,87.6,2026-09-17,-0.88,51.3,False
926,002419,天虹股份,4.68,1.96,0.6,23.55,4.560729508004,0.2846232,62.73853513,-1185.0,3087.0,75.2,2026-09-17,2.62,47.2,False
927,002420,毅昌科技,6.03,0.0,0.97,29.54,5.972470922484,0.144532,65.84884605,-806.0,2040.0,68.0,2026-09-17,0.96,44.8,False
928,002421,达实智能,3.15,0.32,1.59,-183.53,3.146047300165,0.2345112,56.35828322,-1033.0,4690.0,77.6,2026-09-17,0.13,43.7,False
929,002422,科伦药业,38.81,-3.02,0.98,27.37,40.348716708156,0.232822,65.01994164,214.0,2306.0,74.0,2026-09-17,-3.81,48.1,False
930,002423,中粮资本,9.14,-0.22,0.23,11.48,9.150185830915,0.1457584,63.64531858,-1571.0,2764.0,82.8,2026-09-17,-0.11,52.7,False
931,002424,ST百灵,4.49,0.67,0.23,103.59,4.462812304809,0.3081236,58.20558962,664.0,4327.0,74.8,2026-09-17,0.61,43.5,False
932,002425,凯撒文化,3.09,-0.32,1.58,296.2,3.083189702085,0.2057288,59.65998913,173.0,4003.0,76.8,2026-09-17,0.22,45.8,False
933,002426,胜利精密,2.6,0.0,0.66,-22.47,2.602593719256,0.2969984,52.92243367,-44.0,5070.0,74.0,2026-09-17,-0.1,39.2,False
934,002427,尤夫股份,4.6,0.22,0.43,285.16,4.571394799837,0.140816,57.60930694,583.0,4458.0,78.0,2026-09-17,0.63,44.9,False
935,002428,云南锗业,92.68,-0.28,4.26,407.51,95.140765598025,0.3694992,65.89555219,-625.0,2022.0,86.0,2026-09-17,-2.59,56.7,False
936,002429,兆驰股份,8.12,1.0,0.49,46.98,8.123904819021,0.3087912,65.80758805,-1530.0,2052.0,78.8,2026-09-17,-0.05,51.9,False
937,002430,杭氧股份,25.73,1.82,0.47,22.35,25.297488799721,0.1944596,68.11529332,-177.0,1322.0,78.0,2026-09-17,1.71,53.1,False
938,002431,ST棕榈,1.35,0.75,0.42,-4.62,1.320092857854,0.425846,54.53085544,-562.0,4936.0,71.2,2026-09-17,2.27,38.8,False
939,002432,九安医疗,60.43,0.03,1.25,4.59,60.550244658097,0.3470048,69.95098234,1619.0,897.0,79.6,2026-09-17,-0.2,55.7,False
940,002434,万里扬,5.79,2.3,0.6,54.02,5.643744110224,0.2294664,52.95710872,58.0,5066.0,70.8,2026-09-17,2.59,37.5,False
941,002436,兴森科技,42.17,2.35,5.8,324.3,41.686377054636,0.3815268,69.46822982,-838.0,1000.0,95.2,2026-09-17,1.16,66.1,False
942,002437,誉衡药业,3.45,0.58,10.15,24.19,3.411621864817,0.3163608,70.36134434,3157.0,814.0,83.2,2026-09-17,1.12,58.5,False
943,002438,江苏神通,13.36,0.98,0.38,22.52,13.251397777904,0.1409128,63.08919793,45.0,2949.0,72.8,2026-09-17,0.82,45.9,False
944,002439,启明星辰,13.97,2.8,4.56,274.85,13.544201804533,0.3197908,64.54233093,1662.0,2446.0,86.8,2026-09-17,3.14,56.0,False
945,002440,闰土股份,11.81,1.81,1.68,10.59,11.629517110376,0.294854,69.4263254,1235.0,1010.0,78.0,2026-09-17,1.55,54.2,False
946,002441,众业达,8.18,1.11,0.64,14.11,8.0475697871,0.0787924,66.1953486,-896.0,1910.0,74.4,2026-09-17,1.65,49.2,False
947,002442,龙星科技,5.63,-1.92,7.31,39.89,5.743511941876,0.2803596,66.05550831,-1096.0,1962.0,86.0,2026-09-17,-1.98,56.8,False
948,002443,金洲管道,12.44,-0.08,4.42,37.76,12.403843141309,0.4005948,73.59469908,66.0,336.0,84.8,2026-09-17,0.29,62.4,False
949,002444,巨星科技,27.78,2.74,0.58,12.72,27.427774182828,0.2419996,66.79039105,-626.0,1731.0,75.6,2026-09-17,1.28,50.5,False
950,002445,中南文化,3.17,0.96,1.1,123.15,3.077290763804,0.415791636364,69.64232333,2890.0,968.0,80.8,2026-09-17,3.01,56.3,False
951,002446,盛路通信,8.17,1.11,1.31,102.61,8.144170162791,0.2604236,59.93392172,-2356.0,3943.0,76.8,2026-09-17,0.32,46.0,False
952,002448,中原内配,11.16,-0.18,0.89,9.49,11.145683710074,0.1668908,69.04688745,422.0,1108.0,71.6,2026-09-17,0.13,49.4,False
953,002449,国星光电,6.53,0.62,0.56,-41.36,6.494355467605,0.2237072,58.33376316,-1400.0,4296.0,81.2,2026-09-17,0.55,47.4,False
954,002451,摩恩电气,7.63,2.01,1.8,291.33,7.453339095958,0.1737912,58.26250897,-994.0,4311.0,85.6,2026-09-17,2.37,49.9,False
955,002452,长高电气,12.13,1.25,1.22,6.47,11.967440087708,0.2898568,69.51166382,-792.0,985.0,74.0,2026-09-17,1.36,51.4,False
956,002453,华软科技,5.34,10.1,12.65,-28.48,4.629885205655,0.3660888,62.9785202,1905.0,2983.0,71.2,2026-09-17,15.34,44.8,False
957,002454,松芝股份,5.0,-0.6,0.33,17.65,4.975812887357,0.2150732,69.02428737,646.0,1116.0,71.2,2026-09-17,0.49,49.1,False
958,002455,百川股份,7.14,0.99,1.1,36.45,7.048176953842,0.1678192,54.18411624,-205.0,4969.0,76.8,2026-09-17,1.3,41.6,False
959,002456,欧菲光,6.98,-0.29,0.81,-27.51,7.009346380783,0.2597076,59.12475584,150.0,4132.0,76.4,2026-09-17,-0.42,45.2,False
960,002457,青龙管业,11.41,0.26,2.3,131.16,11.333731149526,0.2382284,66.87574809,2424.0,1702.0,84.0,2026-09-17,0.67,56.2,False
961,002458,益生股份,8.38,0.12,0.96,19.5,8.392692887814,0.2015184,64.88675744,732.0,2341.0,75.6,2026-09-17,-0.15,49.1,False
962,002459,晶澳科技,6.63,0.76,0.46,-4.12,6.558390860546,0.3088908,56.44044739,-623.0,4669.0,76.4,2026-09-17,1.09,43.1,False
963,002460,赣锋锂业,45.73,-0.39,0.89,11.26,45.717101639424,0.3144052,64.85644204,345.0,2353.0,82.4,2026-09-17,0.03,53.4,False
964,002461,珠江啤酒,8.41,1.33,0.07,13.82,8.31909407779,0.0672848,66.62616179,-150.0,1778.0,71.2,2026-09-17,1.09,47.4,False
965,002462,嘉事堂,12.25,0.16,0.53,20.59,12.253254657899,0.1363116,69.5066797,413.0,986.0,68.0,2026-09-17,-0.03,47.3,False
966,002463,沪电股份,123.24,-0.19,1.87,40.56,125.745470895923,0.3661492,75.96499732,-157.0,159.0,92.8,2026-09-17,-1.99,70.5,False
967,002465,海格通信,10.18,1.39,0.88,-69.72,10.070197122268,0.2572916,54.69927412,-431.0,4918.0,79.2,2026-09-17,1.09,43.3,False
968,002466,天齐锂业,42.48,-0.61,0.94,8.58,42.522387459639,0.366798,69.35213182,2015.0,1031.0,84.8,2026-09-17,-0.1,58.8,False
969,002467,二六三,4.57,0.22,0.78,-163.25,4.566241250184,0.2248624,57.01447991,-55.0,4569.0,74.8,2026-09-17,0.08,42.6,False
970,002468,申通快递,14.97,-1.58,1.16,11.07,14.809016989911,0.3115584,78.73241801,1238.0,51.0,74.4,2026-09-17,1.09,58.6,False
971,002469,三维化学,6.05,1.0,0.51,55.27,5.970082125771,0.1902624,62.27629741,-237.0,3239.0,73.6,2026-09-17,1.34,45.8,False
972,002470,金正大,2.11,0.48,3.06,-6.98,2.076756053438,0.3302772,55.78055226,174.0,4764.0,84.0,2026-09-17,1.6,46.9,False
973,002471,中超控股,5.96,9.96,6.13,-321.27,5.407803125336,0.1857908,52.02953949,-23.0,5121.0,73.6,2026-09-17,10.21,38.3,False
974,002472,双环传动,36.27,-0.08,1.08,26.28,36.15166213162,0.3229036,70.69054644,971.0,753.0,74.8,2026-09-17,0.33,52.9,False
975,002474,榕基软件,6.36,1.11,1.43,-82.9,6.282617583431,0.1809024,57.70792834,-24.0,4436.0,78.0,2026-09-17,1.23,45.0,False
976,002475,立讯精密,53.13,1.92,0.52,26.22,52.404260375838,0.3636728,70.94189588,-619.0,701.0,86.0,2026-09-17,1.38,61.0,False
977,002476,新叶股份,4.91,-0.61,0.44,74.84,4.922284555259,0.167394,66.58210081,1318.0,1792.0,68.4,2026-09-17,-0.25,45.5,False
978,002478,常宝股份,6.53,0.46,0.6,21.9,6.499096103975,0.1983096,67.61615844,1488.0,1459.0,76.8,2026-09-17,0.48,51.9,False
979,002479,富春环保,5.88,1.03,0.88,7.93,5.79396698195,0.1314904,65.01263288,-4.0,2307.0,69.2,2026-09-17,1.48,45.0,False
980,002480,新筑股份,5.25,0.96,0.25,-20.14,5.190475238388,0.2013436,58.7955103,-90.0,4205.0,70.8,2026-09-17,1.15,41.6,False
981,002481,双塔食品,4.27,0.95,0.41,79.46,4.205223361091,0.1942944,57.10003673,-941.0,4551.0,78.0,2026-09-17,1.54,44.5,False
982,002482,广田集团,1.35,2.27,0.84,-55.56,1.301717181289,0.5416084,63.66745348,-751.0,2756.0,70.4,2026-09-17,3.71,44.8,False
983,002483,润邦股份,6.01,-0.17,0.73,22.83,5.95594341657,0.248496,70.56586618,2845.0,780.0,73.6,2026-09-17,0.91,51.9,False
984,002484,江海股份,60.29,0.38,2.06,66.89,60.684546242569,0.3814212,72.08371424,-11.0,489.0,84.0,2026-09-17,-0.65,60.6,False
985,002485,ST雪发,5.89,1.55,0.12,-61.79,5.780397982063,0.1752656,56.71041677,-415.0,4621.0,62.4,2026-09-17,1.9,35.4,False
986,002486,嘉麟杰,2.83,2.17,2.29,66.06,2.731311854559,0.2702184,65.27485016,-690.0,2221.0,75.2,2026-09-17,3.61,49.1,False
987,002487,大金重工,40.01,-2.91,7.9,24.65,39.282255315649,0.3745388,84.02602689,102.0,5.0,94.8,2026-09-17,1.85,79.7,False
988,002488,金固股份,7.64,-0.13,0.99,85.9,7.55425270137,0.303432,63.54923499,1884.0,2793.0,73.6,2026-09-17,1.14,46.8,False
989,002489,浙江永强,3.12,2.63,2.19,-841.39,3.013144680934,0.2642796,70.37454656,33.0,812.0,84.8,2026-09-17,3.55,59.7,False
990,002490,山东墨龙,7.18,0.56,1.92,702.11,7.132318064999,0.2407588,48.15572859,0.0,5186.0,80.8,2026-09-17,0.67,38.9,False
991,002491,通鼎互联,23.44,-0.97,8.85,71.17,23.908594074121,0.371886,68.34397876,-1044.0,1266.0,96.0,2026-09-17,-1.96,65.6,False
992,002492,恒基达鑫,5.92,-0.67,0.54,-35.94,5.900481328395,0.0948296,58.50707526,724.0,4261.0,66.8,2026-09-17,0.33,39.1,False
993,002493,荣盛石化,12.89,-0.31,0.18,12.6,12.8772180802,0.3592252,71.58720963,103.0,582.0,83.6,2026-09-17,0.1,59.8,False
994,002494,华斯股份,4.68,1.96,2.19,-122.84,4.501789373964,0.1006104,63.04787241,1044.0,2961.0,68.0,2026-09-17,3.96,42.9,False
995,002495,佳隆股份,2.4,-0.41,1.12,158.11,2.369823164865,0.2522812,69.47927371,841.0,994.0,68.8,2026-09-17,1.27,47.8,False
996,002496,辉丰股份,2.16,0.0,0.94,87.01,2.144353012308,0.3903144,60.08618673,-141.0,3901.0,68.8,2026-09-17,0.73,41.3,False
997,002497,雅化集团,16.58,-0.06,0.71,7.86,16.579798036843,0.2496768,70.55308736,1032.0,782.0,75.2,2026-09-17,0.0,53.1,False
998,002498,汉缆股份,6.62,3.92,2.27,35.07,6.426258059492,0.2336312,66.78860037,-1018.0,1732.0,86.4,2026-09-17,3.01,57.7,False
999,002500,山西证券,5.21,0.39,0.16,15.52,5.214968029792,0.2449252,56.31767083,-870.0,4701.0,74.8,2026-09-17,-0.1,42.1,False
1000,002501,*ST利源,1.31,1.55,0.58,-69.74,1.300558741682,0.4671,53.59063727,36.0,5015.0,72.4,2026-09-17,0.73,38.8,False
1001,002506,协鑫集成,2.46,1.65,1.43,-16.73,2.421458080477,0.2790952,55.9385472,-1209.0,4738.0,75.2,2026-09-17,1.59,42.1,False
1002,002507,涪陵榨菜,11.09,0.09,0.24,15.64,11.017146205707,0.2656896,64.95455229,97.0,2319.0,80.4,2026-09-17,0.66,52.2,False
1003,002508,老板电器,16.08,-0.19,0.23,13.14,16.177214816639,0.1519544,71.92497949,-344.0,510.0,82.8,2026-09-17,-0.6,59.6,False
1004,002510,天汽模,5.83,-1.85,2.97,308.7,5.971404987965,0.3200256,68.52842856,3398.0,1217.0,81.6,2026-09-17,-2.37,55.9,False
1005,002511,中顺洁柔,7.07,2.02,0.36,20.09,6.944795284725,0.140574,67.2570288,72.0,1565.0,74.8,2026-09-17,1.8,50.3,False
1006,002512,ST达华,3.96,2.06,0.81,65.58,3.885644263982,0.2892612,59.84989888,850.0,3962.0,74.0,2026-09-17,1.91,44.3,False
1007,002513,蓝丰生化,5.31,0.38,0.9,-16.67,5.229277405853,0.0708304,54.97330149,-487.0,4887.0,71.2,2026-09-17,1.54,39.1,False
1008,002514,*ST宝馨,2.61,-0.76,3.61,-22.99,2.661144441327,0.2839136,55.130107,-1605.0,4868.0,87.6,2026-09-17,-1.92,48.3,False
1009,002515,金字火腿,7.53,0.8,3.33,-560.72,7.53145295441,0.3603332,57.42349003,-1215.0,4494.0,80.8,2026-09-17,-0.02,46.4,False
1010,002516,旷达科技,5.77,0.52,0.45,37.9,5.733030362822,0.2076368,72.00480448,1306.0,501.0,76.4,2026-09-17,0.64,55.0,False
1011,002517,恺英网络,16.35,-1.15,1.23,12.23,16.553731697135,0.2961736,69.09778542,37.0,1096.0,84.4,2026-09-17,-1.23,58.3,False
1012,002518,科士达,37.93,0.32,2.31,38.06,37.633347868698,0.3282736,77.50690148,275.0,85.0,85.2,2026-09-17,0.79,66.0,False
1013,002519,银河电子,6.12,2.34,3.45,633.48,6.004685295895,0.201506,68.29606772,1646.0,1280.0,91.2,2026-09-17,1.92,62.3,False
1014,002520,日发精机,6.17,0.0,1.27,46.18,6.111874623597,0.2299048,61.39632935,1326.0,3512.0,72.8,2026-09-17,0.95,44.7,False
1015,002521,齐峰新材,6.39,0.16,0.38,22.5,6.347872764153,0.1591688,62.11002661,-129.0,3297.0,63.6,2026-09-17,0.66,39.5,False
1016,002522,浙江众成,6.03,1.69,6.38,50.63,5.847351444137,0.2740712,71.41656724,1283.0,608.0,89.2,2026-09-17,3.12,63.7,False
1017,002523,天桥起重,3.42,0.0,0.42,36.69,3.392481202925,0.2058108,64.74024507,87.0,2391.0,67.6,2026-09-17,0.81,43.8,False
1018,002524,光正眼科,3.98,0.76,1.19,57.69,3.902479863857,0.131296,64.3784646,205.0,2508.0,68.8,2026-09-17,1.99,44.3,False
1019,002526,山东矿机,2.65,0.38,0.39,376.04,2.624889944875,0.2633632,64.1901709,-216.0,2570.0,74.4,2026-09-17,0.96,47.8,False
1020,002527,新时达,10.6,0.19,0.26,-311.62,10.563289917692,0.1258316,58.39591813,683.0,4284.0,74.0,2026-09-17,0.35,43.2,False
1021,002528,*ST英飞,6.76,-5.85,4.51,-36.71,6.909014372555,0.48249,61.41006832,1325.0,3504.0,81.2,2026-09-17,-2.16,49.9,False
1022,002529,海源复材,6.63,0.0,0.85,-17.74,6.553802715776,0.1084704,54.83495192,59.0,4905.0,71.2,2026-09-17,1.16,39.0,False
1023,002530,金财互联,7.16,0.28,0.43,64.17,7.134943269875,0.1468388,61.22038142,-109.0,3568.0,76.4,2026-09-17,0.35,46.8,False
1024,002531,天顺风能,7.83,-4.16,5.54,60.63,7.738455379509,0.3166464,76.02943551,407.0,156.0,93.6,2026-09-17,1.18,71.2,False
1025,002532,天山铝业,12.89,1.26,0.61,7.14,12.700342826138,0.4089812,74.69243474,23.0,235.0,81.2,2026-09-17,1.49,60.7,False
1026,002533,金杯电工,10.96,0.74,0.32,12.69,10.886878883359,0.2381392,67.24625074,-1007.0,1571.0,72.8,2026-09-17,0.67,49.0,False
1027,002534,西子洁能,16.21,2.66,0.64,-134.56,15.616448014459,0.2593936,71.0272459,2301.0,682.0,77.6,2026-09-17,3.8,55.1,False
1028,002535,林州重机,2.39,-1.24,0.99,-15.89,2.373684335771,0.123146,61.35510438,545.0,3523.0,70.8,2026-09-17,0.69,43.4,False
1029,002536,飞龙股份,52.75,-1.12,3.84,200.24,54.085791496839,0.3825128,64.84094899,-1403.0,2359.0,88.0,2026-09-17,-2.47,57.1,False
1030,002537,海联金汇,5.77,0.35,0.64,25.92,5.745626322439,0.1814712,62.98971555,500.0,2979.0,84.4,2026-09-17,0.42,53.2,False
1031,002538,ST司特,6.72,0.3,0.29,25.98,6.689296952682,0.376158,62.32113858,-1878.0,3218.0,70.4,2026-09-17,0.46,43.9,False
1032,002539,云图控股,12.32,0.65,0.71,10.51,12.15824110491,0.26674,68.97502613,1630.0,1128.0,76.4,2026-09-17,1.33,52.7,False
1033,002540,亚太科技,4.99,0.0,0.36,38.84,4.965054220992,0.1485488,67.59770145,143.0,1464.0,72.8,2026-09-17,0.5,49.2,False
1034,002541,鸿路钢构,18.45,0.33,0.65,14.83,18.269477597576,0.2177292,66.24968766,375.0,1897.0,71.2,2026-09-17,0.99,47.2,False
1035,002542,*ST中岩,1.67,-0.6,0.36,-8.79,1.685296360525,0.371078,57.4462339,-1030.0,4484.0,74.4,2026-09-17,-0.91,42.7,False
1036,002543,万和电气,7.15,0.7,1.05,43.26,7.076998142261,0.1773256,64.03350327,-550.0,2626.0,82.0,2026-09-17,1.03,52.5,False
1037,002544,普天科技,16.03,1.78,0.78,-218.87,15.845098065036,0.1823232,64.58997395,429.0,2428.0,75.6,2026-09-17,1.17,48.8,False
1038,002545,东方铁塔,15.93,0.63,0.5,10.15,15.912651091194,0.2020268,64.2389656,-288.0,2552.0,73.6,2026-09-17,0.11,47.3,False
1039,002546,新联电子,7.6,1.33,0.72,7.0,7.497305209812,0.1718996,57.66690825,-179.0,4443.0,70.4,2026-09-17,1.37,40.6,False
1040,002547,*ST春兴,2.52,2.02,0.84,-9.08,2.45008960553,0.2783724,60.64271015,-78.0,3733.0,74.4,2026-09-17,2.85,45.1,False
1041,002548,金新农,4.01,0.75,1.71,-4.27,3.930358405271,0.2606152,60.48096555,448.0,3784.0,72.8,2026-09-17,2.03,44.0,False
1042,002549,凯美特气,13.72,2.54,1.29,217.6,13.443295524565,0.164938,55.84636618,-703.0,4753.0,75.6,2026-09-17,2.06,42.2,False
1043,002550,千红制药,6.42,0.78,0.6,26.88,6.356352073202,0.2735196,64.09243454,1203.0,2607.0,71.2,2026-09-17,1.0,45.6,False
1044,002551,尚荣医疗,3.27,-0.61,1.32,-88.37,3.26280042295,0.1426424,60.94980191,-637.0,3642.0,72.8,2026-09-17,0.22,44.4,False
1045,002552,宝鼎科技,54.0,-0.35,3.55,77.04,54.821345642073,0.3271096,70.69776824,-688.0,752.0,91.2,2026-09-17,-1.5,64.5,False
1046,002553,南方精工,15.66,0.32,2.0,45.85,15.536926169519,0.171246,69.65578454,551.0,963.0,84.4,2026-09-17,0.79,58.8,False
1047,002554,惠博普,2.76,0.0,0.6,-17.34,2.752194034784,0.2690328,56.52070199,-599.0,4651.0,73.2,2026-09-17,0.28,41.4,False
1048,002555,三七互娱,17.46,0.29,0.46,10.93,17.400963094416,0.289644,63.46725508,199.0,2823.0,82.8,2026-09-17,0.34,52.6,False
1049,002556,辉隆股份,5.2,0.39,0.53,21.59,5.146213620816,0.209556,66.37658005,-598.0,1855.0,75.2,2026-09-17,1.05,49.9,False
1050,002557,洽洽食品,18.03,0.45,0.41,18.55,17.970526955988,0.1651044,63.76209193,135.0,2724.0,78.8,2026-09-17,0.33,50.2,False
1051,002558,巨人网络,24.66,-0.6,1.26,10.93,24.803700659346,0.3331308,69.86918304,22.0,915.0,78.4,2026-09-17,-0.58,54.8,False
1052,002559,亚威股份,9.2,1.32,2.06,65.1,9.053784240817,0.2569128,63.09488769,-2039.0,2946.0,75.6,2026-09-17,1.61,47.7,False
1053,002560,通达股份,7.37,2.93,13.98,103.81,7.166122672127,0.209302,70.80349969,-346.0,726.0,91.2,2026-09-17,2.85,64.6,False
1054,002561,徐家汇,7.57,4.99,2.43,-63.04,7.157460020125,0.133718,64.34856687,958.0,2516.0,81.2,2026-09-17,5.76,52.3,False
1055,002562,兄弟科技,4.82,0.0,0.83,28.1,4.793266971261,0.2355052,64.236957,387.0,2554.0,76.0,2026-09-17,0.56,48.8,False
1056,002563,森马服饰,5.43,0.74,0.32,15.26,5.422529205087,0.1638324,71.00724805,-13.0,685.0,73.2,2026-09-17,0.14,52.0,False
1057,002564,天沃科技,4.86,0.62,1.19,-26.85,4.838591329267,0.1894048,60.84588361,17.0,3668.0,81.2,2026-09-17,0.44,49.4,False
1058,002565,顺灏股份,8.78,2.45,4.28,146.63,8.505845402827,0.2151604,57.44337044,-11.0,4486.0,78.8,2026-09-17,3.22,45.3,False
1059,002566,益盛药业,7.01,-0.14,1.3,43.23,6.949619146879,0.1080356,63.00627805,1084.0,2971.0,69.2,2026-09-17,0.87,43.6,False
1060,002567,唐人神,3.75,-0.53,0.76,-2.57,3.744488138971,0.2967032,65.26086826,188.0,2226.0,78.0,2026-09-17,0.15,50.9,False
1061,002568,百润股份,17.94,0.96,0.45,19.51,17.901187678828,0.1704328,66.5242339,-1349.0,1805.0,74.4,2026-09-17,0.22,49.5,False
1062,002569,*ST步森,11.28,2.17,1.78,-61.0,10.79590224457,0.304426,64.28150081,1481.0,2539.0,62.8,2026-09-17,4.48,40.4,False
1063,002570,贝因美,4.43,0.91,0.43,33.51,4.372650041499,0.254776,63.58616914,171.0,2780.0,75.6,2026-09-17,1.31,48.1,False
1064,002571,德力股份,10.79,-0.83,0.33,-36.85,10.839205792361,0.2292528,58.89434738,-513.0,4182.0,68.8,2026-09-17,-0.45,40.5,False
1065,002572,索菲亚,7.31,0.27,0.4,56.85,7.286446296753,0.15139,63.42706435,-848.0,2847.0,77.2,2026-09-17,0.32,49.0,False
1066,002573,清新环境,3.12,0.97,0.29,47.77,3.08079391874,0.2505972,63.69335916,319.0,2749.0,67.6,2026-09-17,1.27,43.1,False
1067,002574,明牌珠宝,5.11,1.59,0.72,-71.43,4.96740283332,0.13857,62.88401663,723.0,3027.0,73.2,2026-09-17,2.87,46.0,False
1068,002575,群兴玩具,5.15,0.39,0.98,-32.67,5.099558530958,0.1930584,61.60371791,1363.0,3451.0,74.0,2026-09-17,0.99,45.6,False
1069,002576,通达动力,14.23,0.71,0.69,28.08,14.009644059923,0.0669608,62.65575034,-1281.0,3110.0,72.0,2026-09-17,1.57,45.1,False
1070,002577,雷柏科技,21.92,5.23,4.39,206.25,21.072299482608,0.2501524,66.56515017,-1385.0,1796.0,86.8,2026-09-17,4.02,57.8,False
1071,002578,闽发铝业,3.99,0.25,0.87,-770.46,3.981338254665,0.208244,56.81992569,-1669.0,4601.0,77.6,2026-09-17,0.22,44.1,False
1072,002579,中京电子,19.58,-4.39,18.37,-66.75,20.112444535287,0.3522948,70.27041374,-358.0,837.0,95.6,2026-09-17,-2.65,67.2,False
1073,002580,圣阳股份,19.54,2.73,5.28,40.15,18.948100692674,0.2425876,57.28454536,-55.0,4520.0,84.4,2026-09-17,3.12,48.3,False
1074,002581,*ST未名,5.16,1.18,0.48,-17.83,5.036664487448,0.201406,54.83225752,-157.0,4906.0,74.8,2026-09-17,2.45,41.0,False
1075,002582,好想你,9.71,1.57,1.66,2.92,9.552093222096,0.204618,55.71304311,-768.0,4774.0,78.4,2026-09-17,1.65,43.7,False
1076,002583,海能达,8.28,0.61,0.41,176.73,8.300590866698,0.209278,59.96520982,-1745.0,3936.0,77.6,2026-09-17,-0.25,46.5,False
1077,002584,西陇科学,9.88,3.78,34.4,73.35,10.061051342166,0.3384396,64.88396848,-2225.0,2342.0,94.8,2026-09-17,-1.8,61.5,False
1078,002585,双星新材,11.54,-1.28,8.26,143.87,11.781254550698,0.2970092,68.44587661,630.0,1237.0,95.2,2026-09-17,-2.05,65.2,False
1079,002586,围海股份,3.74,0.81,0.24,287.41,3.715204686215,0.230939803922,55.76497435,-37.0,4769.0,67.2,2026-09-17,0.67,37.5,False
1080,002587,奥拓电子,5.31,1.53,1.74,127.15,5.208027227404,0.1228468,55.61914092,-1397.0,4787.0,73.2,2026-09-17,1.96,40.7,False
1081,002588,史丹利,7.69,0.13,0.63,8.14,7.67855189012,0.2215344,63.90689221,-1024.0,2674.0,77.2,2026-09-17,0.15,49.3,False
1082,002589,瑞康医药,3.27,10.1,6.32,220.94,2.965938328618,0.2745624,65.42336529,1971.0,2164.0,74.8,2026-09-17,10.25,48.9,False
1083,002590,万安科技,9.68,-1.63,0.82,28.66,9.742131868625,0.1850044,73.32323475,2510.0,358.0,75.6,2026-09-17,-0.64,55.4,False
1084,002591,恒大高新,6.28,0.64,1.81,155.99,6.198916688017,0.1039688,62.25305893,637.0,3252.0,74.0,2026-09-17,1.31,46.1,False
1085,002592,ST八菱,6.47,2.05,0.33,15.93,6.403819277108,0.1107168,60.18298076,-1382.0,3865.0,69.2,2026-09-17,1.03,41.6,False
1086,002593,日上集团,4.64,0.22,1.12,21.59,4.597035865773,0.2051692,69.19075022,-890.0,1071.0,75.6,2026-09-17,0.93,52.3,False
1087,002594,比亚迪,83.5,-1.73,0.39,30.88,84.143260615559,0.4313604,77.25814159,534.0,95.0,87.6,2026-09-17,-0.76,67.7,False
1088,002595,豪迈科技,39.16,1.01,0.17,20.04,38.97068218315,0.2551904,67.04559394,-949.0,1646.0,74.8,2026-09-17,0.49,50.2,False
1089,002596,海南瑞泽,3.39,1.19,0.99,-34.1,3.308473011501,0.2616944,58.6606674,90.0,4222.0,76.0,2026-09-17,2.46,44.6,False
1090,002597,金禾实业,21.61,1.12,0.35,24.02,21.413982297847,0.1831764,68.05056006,2060.0,1346.0,76.4,2026-09-17,0.92,52.0,False
1091,002598,ST章鼓,6.89,0.73,0.17,28.34,6.793377816524,0.1578028,60.34176972,-182.0,3818.0,72.0,2026-09-17,1.42,43.4,False
1092,002599,盛通股份,5.5,-0.18,0.65,-81.91,5.502235888969,0.1812492,58.41822155,146.0,4276.0,73.6,2026-09-17,-0.04,43.0,False
1093,002600,领益智造,12.48,0.08,0.47,66.36,12.536782267522,0.2601064,67.67057512,30.0,1450.0,87.6,2026-09-17,-0.45,59.3,False
1094,002601,龙佰集团,15.34,1.99,0.54,21.67,14.923527156001,0.2613808,66.71174368,1509.0,1748.0,78.0,2026-09-17,2.79,52.0,False
1095,002602,世纪华通,14.65,0.76,0.96,11.99,14.546921197219,0.3412864,72.45733029,-63.0,444.0,85.2,2026-09-17,0.71,61.7,False
1096,002603,以岭药业,15.19,0.46,0.34,16.76,15.134796505679,0.2131272,63.0030064,365.0,2972.0,76.8,2026-09-17,0.36,48.4,False
1097,002605,姚记科技,16.66,0.12,0.42,16.1,16.591974074814,0.1533252,62.48670455,-608.0,3169.0,73.2,2026-09-17,0.41,45.7,False
1098,002606,大连电瓷,12.58,1.37,1.45,17.85,12.435033165759,0.2671908,64.58977973,-563.0,2429.0,72.8,2026-09-17,1.17,47.0,False
1099,002607,中公教育,1.92,0.52,0.84,80.86,1.896110932555,0.31074,59.61721288,417.0,4015.0,74.0,2026-09-17,1.26,44.1,False
1100,002608,江苏国信,7.37,1.24,0.21,7.65,7.298067125861,0.1738024,64.44666255,-277.0,2482.0,70.4,2026-09-17,0.99,45.4,False
1101,002609,捷顺科技,7.67,0.52,0.4,57.61,7.576763918838,0.1654788,70.18273649,-48.0,852.0,71.6,2026-09-17,1.23,50.3,False
1102,002611,东方精工,13.92,0.07,0.62,2.2,13.907551433704,0.2768716,70.30127747,1459.0,830.0,76.8,2026-09-17,0.09,54.0,False
1103,002612,朗姿股份,16.6,3.36,1.96,33.0,15.677229796847,0.1406716,78.10525549,1053.0,70.0,76.4,2026-09-17,5.89,59.7,False
1104,002613,北玻股份,3.62,-2.16,9.39,289.55,3.753802056831,0.394596,76.04995539,326.0,155.0,77.6,2026-09-17,-3.56,59.0,False
1105,002614,奥佳华,5.7,2.33,1.32,-24.05,5.508793118977,0.1636548,70.44499242,924.0,799.0,75.2,2026-09-17,3.47,53.0,False
1106,002615,哈尔斯,6.3,2.61,1.84,36.08,6.146944549977,0.0919968,63.45747906,-70.0,2830.0,69.6,2026-09-17,2.49,44.2,False
1107,002616,长青集团,4.88,1.24,0.73,13.57,4.780563804905,0.2031916,66.01113676,-1078.0,1979.0,74.4,2026-09-17,2.08,49.1,False
1108,002617,露笑科技,6.94,0.58,5.33,57.82,6.959849237649,0.3249828,61.43214277,-3035.0,3497.0,95.2,2026-09-17,-0.29,58.5,False
1109,002620,*ST瑞和,5.76,2.31,0.63,-25.89,5.614640448371,0.1409256,56.85200534,-139.0,4594.0,70.4,2026-09-17,2.59,40.0,False
1110,002622,皓宸医疗,2.51,-0.79,1.65,-75.16,2.491649003352,0.1195076,63.46581317,-1009.0,2825.0,72.0,2026-09-17,0.74,45.7,False
1111,002623,亚玛顿,18.52,9.98,8.33,-16.89,16.650546251513,0.2332148,67.80578079,-339.0,1413.0,75.6,2026-09-17,11.23,51.3,False
1112,002624,完美世界,9.9,0.1,0.83,-81.08,9.870415964078,0.2629328,62.25756964,1186.0,3251.0,76.4,2026-09-17,0.3,47.6,False
1113,002625,光启技术,27.77,-1.07,0.78,93.84,28.317498723374,0.3311996,72.55889636,40.0,431.0,82.4,2026-09-17,-1.93,59.8,False
1114,002626,金达威,16.27,-0.06,0.19,29.18,16.197532417745,0.1490568,66.05037069,1561.0,1963.0,74.4,2026-09-17,0.45,49.1,False
1115,002627,三峡旅游,6.77,1.04,0.62,30.03,6.68956240443,0.1340688,65.61163596,497.0,2109.0,73.6,2026-09-17,1.2,48.3,False
1116,002628,成都路桥,5.11,0.59,0.75,-58.75,5.085713931267,0.3203548,56.85980893,-1777.0,4589.0,71.6,2026-09-17,0.48,40.7,False
1117,002629,仁智股份,4.32,0.23,1.79,-75.9,4.269044070377,0.1550808,57.34213083,-2039.0,4506.0,70.4,2026-09-17,1.19,40.4,False
1118,002630,*ST华西,1.67,1.21,0.4,-17.27,1.654381872016,0.4558608,59.02634245,813.0,4152.0,72.8,2026-09-17,0.94,43.0,False
1119,002631,德尔未来,12.89,7.15,6.24,-229.45,11.69886138586,0.403512,64.74835361,-1174.0,2386.0,89.2,2026-09-17,10.18,57.8,False
1120,002632,道明光学,9.59,5.73,4.72,34.09,9.030303772106,0.2757376,72.26991864,893.0,465.0,80.0,2026-09-17,6.2,57.8,False
1121,002633,申科股份,14.23,1.5,0.36,109.01,13.910731211154,0.102814,63.77040245,805.0,2718.0,65.2,2026-09-17,2.3,41.6,False
1122,002634,*ST棒杰,4.01,-0.25,0.61,-3.28,4.040422177123,0.1113472,52.51360073,-691.0,5095.0,64.8,2026-09-17,-0.75,34.0,False
1123,002635,安洁科技,14.96,0.67,1.03,30.08,14.908626272762,0.1549376,60.55940494,186.0,3755.0,72.8,2026-09-17,0.34,44.1,False
1124,002636,金安国纪,80.05,0.82,4.46,38.05,81.815270816205,0.361036,68.13495243,-1097.0,1315.0,92.4,2026-09-17,-2.16,63.0,False
1125,002637,赞宇科技,11.3,-0.62,1.81,19.08,11.307960838451,0.2442692,70.94262843,2862.0,699.0,74.8,2026-09-17,-0.07,53.1,False
1126,002638,勤上股份,4.24,0.24,0.73,-75.54,4.216047694404,0.3445584,68.01358912,438.0,1362.0,74.8,2026-09-17,0.57,50.9,False
1127,002639,雪人集团,14.18,1.5,8.34,892.94,13.694459932875,0.2423808,68.37993143,705.0,1255.0,89.6,2026-09-17,3.55,61.3,False
1128,002640,跨境通,3.76,-0.27,16.05,15.86,3.611699939216,0.4478732,77.15350145,364.0,101.0,82.4,2026-09-17,4.11,63.6,False
1129,002641,公元股份,3.78,0.0,0.28,151.51,3.760971110269,0.21146,66.68685156,295.0,1755.0,68.8,2026-09-17,0.51,45.9,False
1130,002642,荣联科技,7.02,1.3,0.89,435.48,6.884909784411,0.16415,60.67323284,9.0,3726.0,74.4,2026-09-17,1.96,45.1,False
1131,002643,万润股份,13.42,1.67,0.95,34.64,13.344625991204,0.2364204,64.44438478,-1620.0,2484.0,77.6,2026-09-17,0.56,50.0,False
1132,002644,佛慈制药,8.28,0.0,0.56,53.2,8.224294378177,0.1112284,65.2380032,1554.0,2237.0,70.0,2026-09-17,0.68,45.7,False
1133,002645,华宏科技,18.17,1.74,1.22,19.97,18.19087666582,0.2539628,64.01474938,-2188.0,2632.0,76.4,2026-09-17,-0.11,48.9,False
1134,002646,天佑德酒,6.88,1.33,0.56,156.95,6.769639133491,0.1126584,60.5353024,-1760.0,3767.0,76.4,2026-09-17,1.63,46.2,False
1135,002647,仁东控股,10.84,0.0,0.7,119.59,10.977431047948,0.3879288,59.00773346,-476.0,4159.0,76.8,2026-09-17,-1.25,45.3,False
1136,002648,卫星化学,26.42,0.3,0.35,7.15,26.453334131627,0.339652,72.48523711,132.0,440.0,83.2,2026-09-17,-0.13,60.3,False
1137,002649,博彦科技,9.23,0.65,0.66,38.8,9.170771064651,0.1663888,65.08935986,-314.0,2284.0,74.8,2026-09-17,0.65,48.7,False
1138,002650,ST加加,6.47,1.57,0.1,86.21,6.403362046918,0.3375652,65.80280418,459.0,2055.0,68.0,2026-09-17,1.04,44.7,False
1139,002651,利君股份,8.4,1.45,1.33,138.15,8.326721660761,0.1426248,59.59657343,-1541.0,4020.0,80.8,2026-09-17,0.88,48.2,False
1140,002652,扬子新材,4.64,0.65,1.46,-268.18,4.603251708227,0.1199888,61.54537671,-2252.0,3463.0,71.6,2026-09-17,0.8,44.1,False
1141,002653,海思科,63.14,1.22,0.32,42.31,62.677791038962,0.2064228,68.62459642,45.0,1197.0,69.2,2026-09-17,0.74,47.5,False
1142,002654,万润科技,14.28,2.81,2.71,200.06,14.034785378024,0.2755632,61.19368495,-2635.0,3574.0,79.2,2026-09-17,1.75,48.5,False
1143,002655,共达电声,41.17,0.98,7.76,544.96,39.545531511138,0.5089756,70.51016432,1008.0,789.0,90.0,2026-09-17,4.11,63.5,False
1144,002656,摩登大道,2.8,0.36,0.53,-72.64,2.75861198511,0.188123529412,62.04565933,451.0,3313.0,66.0,2026-09-17,1.5,41.0,False
1145,002657,中科金财,14.87,0.54,0.91,-17.61,14.821667010668,0.1168092,55.42766043,113.0,4818.0,74.8,2026-09-17,0.33,41.5,False
1146,002658,雪迪龙,7.4,0.82,0.4,42.1,7.313271562435,0.1142,61.36683274,-1026.0,3517.0,72.0,2026-09-17,1.19,44.2,False
1147,002659,凯文教育,4.47,-0.67,0.81,1338.1,4.4785001213,0.1061812,65.41966886,-1036.0,2167.0,69.6,2026-09-17,-0.19,45.5,False
1148,002660,茂硕电源,8.18,4.34,2.48,-47.92,7.718864952939,0.1657328,61.71964281,1339.0,3409.0,77.2,2026-09-17,5.97,47.6,False
1149,002661,克明食品,7.6,-0.39,2.18,-26.51,7.510560607775,0.167816,54.59554165,-101.0,4928.0,80.0,2026-09-17,1.19,43.7,False
1150,002662,峰璟股份,3.2,-0.93,0.27,89.11,3.195549286305,0.2544236,66.5850658,1963.0,1790.0,69.6,2026-09-17,0.14,46.3,False
1151,002663,普邦股份,1.75,1.16,0.8,-146.02,1.714345167131,0.2836576,59.63825822,-1797.0,4007.0,68.0,2026-09-17,2.08,40.6,False
1152,002664,信质集团,14.79,1.37,0.41,59.84,14.504422311696,0.1446864,62.7706107,782.0,3078.0,69.6,2026-09-17,1.97,43.7,False
1153,002666,德联集团,4.21,0.72,0.95,29.58,4.15604655963,0.1287336,61.63972907,-1876.0,3437.0,69.6,2026-09-17,1.3,42.9,False
1154,002667,*ST威领,19.36,0.47,2.92,-128.76,19.885719598947,0.3969996,58.1715652,-2475.0,4335.0,80.0,2026-09-17,-2.64,46.5,False
1155,002668,TCL智家,9.1,0.0,0.37,9.64,9.082412215854,0.2862712,68.50519974,-920.0,1223.0,75.2,2026-09-17,0.19,51.5,False
1156,002669,康达新材,13.78,-0.29,4.03,72.89,13.844438080243,0.1844412,67.59204686,-981.0,1469.0,88.0,2026-09-17,-0.47,59.5,False
1157,002670,国盛证券,11.53,0.17,0.4,51.74,11.510057858889,0.2484896,53.61681425,-1547.0,5011.0,82.4,2026-09-17,0.17,44.2,False
1158,002671,龙泉股份,3.96,-0.25,0.77,254.33,3.909309662197,0.1189624,66.41702742,1424.0,1841.0,70.0,2026-09-17,1.3,46.5,False
1159,002672,东江环保,3.65,-0.54,0.41,-7.51,3.609072297498,0.0940696,60.21161356,921.0,3852.0,65.6,2026-09-17,1.13,39.5,False
1160,002673,西部证券,6.72,-0.15,0.18,14.51,6.709735146633,0.4020576,67.04854326,1461.0,1645.0,82.0,2026-09-17,0.15,55.0,False
1161,002674,兴业科技,19.75,2.38,1.71,68.36,19.322907308799,0.2040056,67.88564246,306.0,1386.0,67.6,2026-09-17,2.21,45.9,False
1162,002675,东诚药业,12.56,-0.16,0.29,55.24,12.590317138447,0.1374048,64.4817753,1475.0,2467.0,70.8,2026-09-17,-0.24,45.7,False
1163,002676,顺威股份,5.34,1.52,0.86,31.29,5.216753233226,0.192588,66.09892908,-716.0,1947.0,70.8,2026-09-17,2.36,46.8,False
1164,002677,浙江美大,6.22,-0.16,0.39,-187.63,6.200701569659,0.072607818182,60.0468783,-1770.0,3913.0,65.6,2026-09-17,0.31,39.4,False
1165,002678,珠江钢琴,4.38,-0.23,0.27,-23.6,4.366485758838,0.098116,58.25535484,773.0,4314.0,70.0,2026-09-17,0.31,40.8,False
1166,002679,福建金森,11.1,3.64,6.23,-96.34,10.524923863577,0.1645272,72.16827369,-99.0,482.0,85.6,2026-09-17,5.46,61.8,False
1167,002681,奋达科技,4.58,0.22,0.78,1124.05,4.547265158483,0.2229116,58.61234079,-888.0,4235.0,75.6,2026-09-17,0.72,44.3,False
1168,002682,龙洲股份,5.14,1.18,1.66,-15.71,5.018501208028,0.1695536,53.01135533,-879.0,5061.0,78.8,2026-09-17,2.42,41.8,False
1169,002683,广东宏大,27.83,1.2,0.37,20.33,27.756051011352,0.2390028,67.02009798,-307.0,1656.0,72.0,2026-09-17,0.27,48.3,False
1170,002685,华东重机,5.5,3.58,3.06,44.65,5.318958156848,0.3001356,61.40489432,-1239.0,3507.0,76.8,2026-09-17,3.4,47.2,False
1171,002686,亿利达,6.2,-0.48,0.59,1368.7,6.170806568831,0.213254,60.50812481,-394.0,3775.0,77.2,2026-09-17,0.47,46.7,False
1172,002687,乔治白,6.4,1.75,1.25,138.7,6.252265897224,0.2388496,72.59094605,430.0,423.0,62.8,2026-09-17,2.36,45.6,False
1173,002688,金河生物,5.17,0.0,0.52,16.54,5.1463150654,0.1741828,66.10054605,1581.0,1946.0,73.6,2026-09-17,0.46,48.7,False
1174,002689,ST远智,2.93,0.69,0.15,832.09,2.891723691032,0.383646,66.70524283,-307.0,1751.0,73.2,2026-09-17,1.32,48.8,False
1175,002690,美亚光电,15.49,-0.39,0.35,21.69,15.566673303553,0.0861144,71.82799142,122.0,539.0,74.8,2026-09-17,-0.49,53.7,False
1176,002691,*ST冀凯,4.31,1.17,0.17,-12.96,4.239671082333,0.0935356,54.03034172,-357.0,4982.0,67.6,2026-09-17,1.66,36.5,False
1177,002692,远程股份,4.32,0.23,0.68,-22.5,4.297999582027,0.1589128,58.52377601,-141.0,4258.0,70.8,2026-09-17,0.51,41.4,False
1178,002693,双成药业,9.29,4.26,8.35,141.35,8.793451104462,0.2383196,69.75621476,2732.0,941.0,72.8,2026-09-17,5.65,50.8,False
1179,002694,*ST顾地,2.41,-1.23,0.08,-49.73,2.42128871317,0.132894,61.24845327,-1162.0,3559.0,67.2,2026-09-17,-0.47,41.2,False
1180,002695,煌上煌,10.84,1.69,1.36,35.16,10.624363827692,0.312286,62.02834543,-729.0,3319.0,74.4,2026-09-17,2.03,46.1,False
1181,002696,百洋股份,6.93,5.96,5.77,-14.52,6.496622973562,0.2642296,61.67704101,1422.0,3421.0,74.4,2026-09-17,6.67,45.9,False
1182,002697,红旗连锁,4.7,3.07,1.21,11.93,4.556393179063,0.2279436,70.71106476,-429.0,750.0,76.0,2026-09-17,3.15,53.7,False
1183,002698,博实股份,11.37,0.09,0.3,24.79,11.335120807756,0.2782952,70.6201361,1296.0,772.0,70.8,2026-09-17,0.31,50.0,False
1184,002700,万憬能源,6.35,0.16,0.37,37.94,6.32917642423,0.1102252,64.3513462,-205.0,2514.0,62.0,2026-09-17,0.33,39.9,False
1185,002701,奥瑞金,4.41,0.68,0.23,7.4,4.385921192154,0.3328452,72.1197183,112.0,485.0,70.4,2026-09-17,0.55,50.8,False
1186,002702,海欣食品,5.59,3.52,5.59,-105.67,5.358460440948,0.1741576,54.02743725,-883.0,4983.0,84.4,2026-09-17,4.32,45.6,False
1187,002703,浙江世宝,15.37,-1.35,2.78,60.95,15.556607864521,0.245808,71.06956383,2158.0,669.0,87.2,2026-09-17,-1.2,62.0,False
1188,002705,新宝股份,11.79,3.42,1.16,35.08,11.342075092456,0.236844,69.77399051,898.0,935.0,71.2,2026-09-17,3.95,49.7,False
1189,002706,良信股份,8.51,0.35,1.26,31.03,8.614530216953,0.2403532,57.79226332,-1605.0,4414.0,72.4,2026-09-17,-1.21,41.8,False
1190,002707,众信旅游,5.15,3.0,1.6,82.38,4.974017833567,0.184966,66.58829182,339.0,1789.0,78.4,2026-09-17,3.54,52.2,False
1191,002708,光洋股份,16.95,-1.8,4.81,83.28,17.239656741854,0.2886888,68.44569785,2745.0,1238.0,85.2,2026-09-17,-1.68,58.3,False
1192,002709,天赐材料,33.09,0.64,1.01,11.79,32.992632598777,0.2829216,67.32989443,206.0,1535.0,75.6,2026-09-17,0.3,50.9,False
1193,002712,思美传媒,5.05,0.4,1.35,1348.27,4.977921100856,0.1439812,73.8154357,663.0,309.0,75.2,2026-09-17,1.45,55.5,False
1194,002713,东易日盛,10.92,9.97,4.59,-395.48,9.926749280543,0.298134705882,64.91573372,261.0,2328.0,78.4,2026-09-17,10.01,50.9,False
1195,002714,牧原股份,41.43,0.36,0.3,-19.68,41.135518769889,0.3819232,65.89442864,163.0,2023.0,86.8,2026-09-17,0.72,57.2,False
1196,002715,登云股份,13.01,-0.69,0.88,217.35,12.938854030501,0.0800592,63.25554772,1594.0,2908.0,63.2,2026-09-17,0.55,40.0,False
1197,002716,湖南白银,9.72,1.89,3.74,81.6,9.624773661974,0.2942656,62.56211617,-2486.0,3140.0,89.6,2026-09-17,0.99,56.1,False
1198,002717,*ST岭南,0.95,2.15,2.23,-3.05,0.955010578749,0.4217364,49.65395596,-485.0,5174.0,82.0,2026-09-17,-0.52,40.7,False
1199,002718,友邦吊顶,85.16,0.24,0.31,-6137.77,85.216781219064,0.2520528,55.49820853,-1.0,4806.0,62.0,2026-09-17,-0.07,34.4,False
1200,002719,ST麦趣,6.48,0.93,0.58,-12.12,6.361080877131,0.266356,56.99091329,603.0,4575.0,72.0,2026-09-17,1.87,41.0,False
1201,002721,金一文化,2.7,0.75,1.1,96.15,2.662166242801,0.3119924,64.78973614,-1461.0,2376.0,81.6,2026-09-17,1.42,52.9,False
1202,002722,物产金轮,13.0,0.31,0.47,16.95,12.861996856335,0.0954156,71.32688987,883.0,626.0,71.6,2026-09-17,1.07,51.1,False
1203,002723,小崧股份,7.72,1.58,1.72,-21.41,7.740190450566,0.25046,57.54695669,-893.0,4465.0,67.6,2026-09-17,-0.26,38.9,False
1204,002724,海洋王,7.51,9.96,5.01,101.98,6.844029148707,0.1706216,65.66386836,-1317.0,2096.0,79.2,2026-09-17,9.73,52.0,False
1205,002725,跃岭股份,11.07,0.64,0.77,-118.93,10.951575859852,0.098802,57.06843349,-1406.0,4556.0,74.0,2026-09-17,1.08,42.2,False
1206,002726,ST龙大,2.37,-0.42,1.44,-16.66,2.377953106001,0.27762,54.70120832,255.0,4917.0,74.8,2026-09-17,-0.33,40.9,False
1207,002727,一心堂,10.8,0.65,0.61,12.31,10.685490254995,0.1168212,67.95024371,1724.0,1375.0,72.0,2026-09-17,1.07,48.9,False
1208,002728,特一药业,9.52,2.59,2.84,78.54,9.225179276166,0.2464036,64.07608512,417.0,2608.0,73.6,2026-09-17,3.2,47.2,False
1209,002729,好利科技,14.03,2.41,1.37,91.2,13.702614613805,0.2933604,65.58675612,1128.0,2116.0,68.0,2026-09-17,2.39,44.6,False
1210,002730,电光科技,24.14,-1.31,2.55,113.18,24.434814816588,0.320466,73.55288909,313.0,338.0,88.4,2026-09-17,-1.21,65.0,False
1211,002731,*ST萃华,,,0.0,0.85,0.77,0.06431172043,53.9477458,15.0,4987.0,64.0,2026-09-17,,34.5,False
1212,002732,燕塘乳业,13.81,1.17,0.4,77.43,13.502965412004,0.0792704,61.1792095,1207.0,3580.0,68.4,2026-09-17,2.27,41.8,False
1213,002733,雄韬股份,18.2,2.25,1.76,72.74,18.01594435525,0.1864932,55.8082039,-1831.0,4759.0,75.6,2026-09-17,1.02,42.2,False
1214,002734,利民股份,18.53,1.04,3.06,15.95,18.092776391289,0.4114948,73.16132319,1548.0,371.0,79.2,2026-09-17,2.42,57.9,False
1215,002735,王子新材,12.91,7.05,16.85,217.01,12.175266455761,0.1782176,61.00645071,-1540.0,3621.0,87.6,2026-09-17,6.03,53.4,False
1216,002736,国信证券,9.78,0.31,0.07,8.74,9.792369440822,0.3380224,65.21846843,-1212.0,2242.0,81.2,2026-09-17,-0.13,53.0,False
1217,002737,葵花药业,11.28,0.53,0.29,41.45,11.231005416318,0.0946856,55.13676445,-662.0,4867.0,72.4,2026-09-17,0.44,39.9,False
1218,002738,中矿资源,43.75,-1.22,1.15,14.36,44.261329193239,0.2798892,66.6044775,498.0,1785.0,81.6,2026-09-17,-1.16,54.3,False
1219,002739,儒意电影,8.57,1.18,1.03,-58.41,8.463269355042,0.3363416,63.26329095,1720.0,2904.0,72.4,2026-09-17,1.26,45.8,False
1220,002741,光华科技,25.4,1.44,3.61,63.12,25.487464991834,0.2674044,64.14551519,-2325.0,2587.0,82.4,2026-09-17,-0.34,52.9,False
1221,002742,冀衡医药,4.09,0.74,2.51,-69.47,4.061349622329,0.1741892,51.26064112,39.0,5145.0,74.8,2026-09-17,0.71,38.3,False
1222,002743,ST富煌,5.28,-0.38,1.79,-2.98,5.330978951557,0.346617843137,60.62524781,405.0,3739.0,76.4,2026-09-17,-0.96,46.3,False
1223,002745,木林森,12.3,0.0,2.39,13.8,12.370813237463,0.3308444,61.08951666,-2429.0,3605.0,79.2,2026-09-17,-0.57,48.4,False
1224,002746,仙坛股份,6.45,0.0,0.77,15.38,6.454671802894,0.125316,66.37712713,-787.0,1854.0,73.2,2026-09-17,-0.07,48.6,False
1225,002747,埃斯顿,29.47,-0.34,2.27,88.48,29.428475643989,0.2732988,64.15770935,479.0,2582.0,74.0,2026-09-17,0.14,47.5,False
1226,002748,世龙实业,12.33,2.58,1.48,14.79,11.955905619555,0.1094948,63.63150135,-643.0,2767.0,69.6,2026-09-17,3.13,44.3,False
1227,002749,国光股份,8.42,0.24,0.12,12.76,8.377998961746,0.0998632,67.71449475,181.0,1433.0,70.8,2026-09-17,0.5,47.9,False
1228,002752,昇兴股份,6.3,1.12,0.52,12.64,6.176653026294,0.1778064,71.85730536,-74.0,534.0,74.0,2026-09-17,2.0,53.2,False
1229,002753,永东股份,6.74,1.05,2.36,43.76,6.673996107546,0.2074652,69.3452659,-657.0,1033.0,74.0,2026-09-17,0.99,51.3,False
1230,002755,奥赛康,11.42,1.15,0.6,43.93,11.325304972131,0.1382236,59.60195144,219.0,4019.0,71.6,2026-09-17,0.84,42.7,False
1231,002756,永兴材料,40.85,0.0,0.69,11.48,40.822705706681,0.1982992,67.00012247,1617.0,1668.0,74.8,2026-09-17,0.07,50.1,False
1232,002757,南兴股份,17.66,0.68,1.87,33.04,17.63299804234,0.167928,67.31276285,-1201.0,1547.0,84.8,2026-09-17,0.15,57.1,False
1233,002758,浙农股份,8.65,0.35,0.51,12.65,8.585940073411,0.1523464,67.22781662,14.0,1579.0,76.8,2026-09-17,0.75,51.6,False
1234,002759,ST天际,14.44,2.27,1.56,16.03,14.280742076804,0.196063529412,56.44456766,-80.0,4667.0,72.4,2026-09-17,1.12,40.9,False
1235,002760,凤形股份,17.21,0.7,0.85,119.39,16.905547630759,0.063324,60.10250083,-973.0,3895.0,62.8,2026-09-17,1.8,37.7,False
1236,002761,浙江建投,7.21,1.12,0.31,19.15,7.106757248334,0.1748448,66.45212538,-696.0,1823.0,80.4,2026-09-17,1.45,53.4,False
1237,002762,金发拉比,10.05,-1.95,1.93,2093.21,10.069827448713,0.2396296,69.37079917,643.0,1024.0,77.2,2026-09-17,-0.2,53.6,False
1238,002763,汇洁股份,7.3,1.67,0.78,10.87,7.167326499863,0.0924936,63.44895179,-150.0,2840.0,72.4,2026-09-17,1.85,45.9,False
1239,002765,蓝黛科技,6.86,0.44,0.83,-309.65,6.781491110819,0.3127872,58.47532385,340.0,4266.0,73.6,2026-09-17,1.16,43.0,False
1240,002766,索菱股份,4.06,-0.73,0.73,-42.46,4.057192304796,0.1829384,56.26888131,-782.0,4708.0,69.6,2026-09-17,0.07,39.2,False
1241,002767,先锋电子,18.14,2.89,1.13,101.43,17.470817839928,0.095582,61.6249221,-1069.0,3443.0,67.6,2026-09-17,3.83,41.7,False
1242,002768,国恩股份,66.22,1.53,1.19,22.08,65.306186917879,0.4097124,76.15177498,-134.0,149.0,74.4,2026-09-17,1.4,56.7,False
1243,002769,普路通,6.78,1.95,1.85,78.24,6.586216061256,0.1005592,52.42650228,-188.0,5101.0,76.4,2026-09-17,2.94,40.1,False
1244,002771,真视通,13.92,2.13,2.03,-58.38,13.737222799466,0.133236,67.31099319,1401.0,1548.0,76.4,2026-09-17,1.33,51.4,False
1245,002772,众兴菌业,11.04,1.38,2.19,10.84,10.739294776794,0.2282012,75.54175439,1117.0,183.0,76.4,2026-09-17,2.8,57.7,False
1246,002773,康弘药业,19.4,0.73,0.36,15.82,19.204749847689,0.1903628,71.48672766,1460.0,595.0,71.2,2026-09-17,1.02,50.9,False
1247,002774,快意电梯,17.34,1.46,2.07,165.87,16.915040409483,0.3259276,62.13156781,-1288.0,3290.0,63.6,2026-09-17,2.51,39.5,False
1248,002775,文科股份,3.24,-1.22,0.66,-44.47,3.230727547906,0.14212,52.59149632,-46.0,5090.0,64.8,2026-09-17,0.29,34.1,False
1249,002777,久远银海,12.49,1.22,0.58,95.04,12.370913770637,0.1298972,67.25307276,295.0,1567.0,74.0,2026-09-17,0.96,49.8,False
1250,002778,中晟高科,15.17,0.26,0.75,-90.0,15.034953533088,0.119868,55.29022117,-43.0,4845.0,66.4,2026-09-17,0.9,36.7,False
1251,002779,中坚科技,82.45,1.74,0.61,-1000.48,80.747295462639,0.3897556,67.38350364,173.0,1527.0,72.0,2026-09-17,2.11,48.5,False
1252,002780,三夫户外,14.15,6.07,6.46,21.99,13.239349316765,0.157158,78.37555108,-41.0,61.0,84.8,2026-09-17,6.88,66.5,False
1253,002782,可立克,14.98,0.74,0.54,51.64,14.891645363886,0.1108528,64.00352152,-17.0,2635.0,71.2,2026-09-17,0.59,45.6,False
1254,002783,凯龙股份,7.79,0.52,0.46,25.25,7.694890977501,0.2414532,60.1718727,-1158.0,3870.0,70.8,2026-09-17,1.24,42.6,False
1255,002785,万里石,38.87,5.31,2.75,171.59,36.605479278812,0.4050368,68.73755497,1254.0,1177.0,73.2,2026-09-17,6.19,50.3,False
1256,002786,银宝山新,7.95,5.86,2.4,58.13,7.444166060746,0.1120176,61.16127896,-145.0,3586.0,73.2,2026-09-17,6.8,44.8,False
1257,002787,华源控股,25.65,1.7,3.3,56.78,25.229105630661,0.34746,67.45347529,-1439.0,1507.0,85.2,2026-09-17,1.67,57.5,False
1258,002788,鹭燕医药,11.09,4.92,3.5,15.06,10.666233129835,0.127776,62.51015061,-2410.0,3161.0,70.0,2026-09-17,3.97,43.8,False
1259,002789,*ST建艺,13.9,0.36,1.08,-7.73,13.629215084669,0.3037712,64.03980303,1489.0,2621.0,68.8,2026-09-17,1.99,44.1,False
1260,002790,瑞尔特,6.52,0.77,9.2,-128.81,6.507465246541,0.2361336,55.48652369,-552.0,4809.0,79.2,2026-09-17,0.19,43.9,False
1261,002791,坚朗五金,14.19,0.42,0.4,-39.1,14.035001492906,0.1646044,62.6610031,1474.0,3109.0,69.2,2026-09-17,1.1,43.4,False
1262,002792,通宇通讯,31.19,0.03,3.33,-365.82,31.277801426974,0.2900588,67.06679886,511.0,1640.0,81.6,2026-09-17,-0.28,54.7,False
1263,002793,罗欣药业,4.57,1.11,1.08,49.77,4.502317613484,0.2210068,61.98870872,1314.0,3330.0,71.2,2026-09-17,1.5,44.1,False
1264,002795,永和智控,7.27,0.41,1.85,25.33,7.351211163626,0.2848876,65.35328753,-1049.0,2195.0,77.2,2026-09-17,-1.1,50.5,False
1265,002796,世嘉科技,31.48,-3.26,6.28,-97.6,31.732351357496,0.373004,66.66788215,2835.0,1759.0,77.2,2026-09-17,-0.8,51.5,False
1266,002797,第一创业,6.29,0.16,0.35,19.21,6.259168941618,0.3698364,65.76901716,1422.0,2059.0,77.6,2026-09-17,0.49,51.0,False
1267,002798,帝欧水华,6.67,0.6,0.68,-66.8,6.613316084887,0.2059216,63.59004392,1375.0,2779.0,65.6,2026-09-17,0.86,41.7,False
1268,002799,环球印务,6.76,1.05,0.85,100.84,6.599409233071,0.0486772,57.2278043,-573.0,4528.0,68.0,2026-09-17,2.43,38.9,False
1269,002800,天顺股份,14.79,0.34,0.65,-147.81,14.599353099731,0.0687908,54.35651278,-126.0,4957.0,70.8,2026-09-17,1.31,38.5,False
1270,002801,微光股份,26.54,1.14,0.38,15.45,26.264650174533,0.1410828,66.73889887,-708.0,1744.0,68.4,2026-09-17,1.05,45.6,False
1271,002802,洪汇新材,12.02,0.59,0.4,37.95,11.833967860331,0.0727884,61.1456266,111.0,3590.0,66.4,2026-09-17,1.57,40.6,False
1272,002803,吉宏股份,20.1,2.34,2.79,29.17,19.717225263291,0.2501208,66.61001394,563.0,1783.0,74.0,2026-09-17,1.94,49.3,False
1273,002805,丰元股份,16.84,0.3,1.02,16.16,16.818038765042,0.178694,56.81093242,-1470.0,4603.0,73.2,2026-09-17,0.13,41.6,False
1274,002806,华锋股份,15.25,2.9,4.96,-77.53,14.898649250351,0.2577144,58.10710687,-2495.0,4343.0,84.4,2026-09-17,2.36,49.0,False
1275,002807,江阴银行,4.17,-0.48,0.64,6.52,4.197999303773,0.3947936,65.8373538,-733.0,2045.0,73.2,2026-09-17,-0.67,48.2,False
1276,002809,红墙股份,8.23,0.37,1.36,-68.18,8.101892828589,0.0691536,53.74971885,15.0,5002.0,71.2,2026-09-17,1.58,38.3,False
1277,002810,山东赫达,20.82,0.82,0.26,17.01,20.823163437956,0.1269316,64.82065673,-170.0,2367.0,66.8,2026-09-17,-0.02,43.3,False
1278,002811,郑中设计,15.38,1.99,1.88,21.99,15.014120888826,0.3353756,76.07428613,122.0,153.0,75.2,2026-09-17,2.44,57.2,False
1279,002812,恩捷股份,48.05,0.31,0.59,28.74,47.916000267711,0.244466,66.3246403,1299.0,1871.0,76.0,2026-09-17,0.28,50.4,False
1280,002813,路畅科技,21.72,0.65,0.48,-59.18,21.277706130297,0.1257464,64.52726961,2178.0,2449.0,72.4,2026-09-17,2.08,46.7,False
1281,002815,崇达技术,23.29,-2.02,12.35,94.42,24.00004819046,0.2787184,64.79403722,-293.0,2375.0,93.2,2026-09-17,-2.96,60.4,False
1282,002816,*ST和科,22.5,1.03,0.32,-61.52,21.907602078693,0.2844448,55.42061813,-12.0,4819.0,62.8,2026-09-17,2.7,34.8,False
1283,002817,黄山胶囊,6.55,0.31,0.56,32.5,6.44674771667,0.061938,68.91007458,648.0,1140.0,66.4,2026-09-17,1.6,45.8,False
1284,002818,富森美,11.31,0.35,0.44,6.78,11.28717390357,0.15609,65.16346066,-250.0,2259.0,71.6,2026-09-17,0.2,46.7,False
1285,002819,东方中科,21.32,0.99,0.26,-74.11,21.224994147636,0.1417792,60.14859621,-364.0,3881.0,81.6,2026-09-17,0.45,49.1,False
1286,002820,桂发祥,9.77,1.98,1.62,-141.67,9.508161484466,0.1031488,62.4141492,1403.0,3186.0,72.8,2026-09-17,2.75,45.4,False
1287,002821,凯莱英,182.86,-1.81,2.37,63.36,186.527034744153,0.3870592,79.66070875,42.0,36.0,91.2,2026-09-17,-1.97,72.7,False
1288,002822,ST中装,3.0,0.33,0.23,-132.84,2.969093966709,0.283456,60.57888297,833.0,3749.0,66.0,2026-09-17,1.04,40.0,False
1289,002823,凯中精密,12.68,1.28,0.6,19.83,12.505172924692,0.1149652,65.53801228,1446.0,2130.0,69.2,2026-09-17,1.4,45.4,False
1290,002824,和胜股份,28.26,-4.78,12.69,49.81,29.170109921641,0.3869736,71.07533007,1284.0,668.0,88.0,2026-09-17,-3.12,62.5,False
1291,002825,纳尔股份,9.58,1.27,1.13,36.01,9.456349512883,0.2228256,60.21514297,-595.0,3849.0,69.2,2026-09-17,1.31,41.7,False
1292,002826,易明医药,17.06,0.29,0.62,24.39,16.984841600819,0.1622528,62.78483117,-890.0,3073.0,66.4,2026-09-17,0.44,41.7,False
1293,002827,高争民爆,67.67,-0.31,1.44,288.87,66.869004619075,0.381402,71.05530953,1169.0,673.0,78.4,2026-09-17,1.2,55.7,False
1294,002828,贝肯能源,10.66,0.47,1.84,-8.62,10.472777905675,0.244626909091,54.42833815,159.0,4946.0,69.2,2026-09-17,1.79,37.7,False
1295,002829,星网宇达,20.33,1.9,2.2,18.98,19.816171510904,0.1832148,65.13265842,-516.0,2273.0,71.6,2026-09-17,2.59,46.6,False
1296,002830,名雕股份,14.58,0.9,0.8,164.79,14.295446692837,0.0700456,61.52210838,425.0,3467.0,64.8,2026-09-17,1.99,39.9,False
1297,002831,裕同科技,27.96,0.04,0.34,31.33,28.124859661462,0.2294452,64.28155245,-1346.0,2538.0,70.8,2026-09-17,-0.59,45.5,False
1298,002832,比音勒芬,25.66,1.18,0.57,14.93,25.072197644357,0.1833336,70.92823069,286.0,703.0,70.8,2026-09-17,2.34,50.2,False
1299,002833,弘亚数控,18.44,3.48,0.65,15.53,17.727354836773,0.1889788,75.08387072,607.0,212.0,67.2,2026-09-17,4.02,50.5,False
1300,002835,同为股份,13.0,1.25,0.92,25.88,12.748962425653,0.0666184,66.97939659,497.0,1678.0,70.4,2026-09-17,1.97,47.2,False
1301,002836,新宏泽,11.92,9.96,5.39,54.85,10.634788438642,0.51216,72.8240161,1932.0,401.0,66.8,2026-09-17,12.08,48.6,False
1302,002837,英维克,61.67,-0.13,1.39,213.42,62.411737468909,0.338746,69.36974517,-809.0,1025.0,89.6,2026-09-17,-1.19,62.2,False
1303,002838,道恩股份,25.38,1.48,0.51,25.62,25.146771497088,0.158974,72.63061219,368.0,414.0,71.6,2026-09-17,0.93,52.0,False
1304,002839,张家港行,4.31,-0.46,0.41,5.16,4.335323425117,0.387048,69.56677492,228.0,976.0,73.6,2026-09-17,-0.58,51.2,False
1305,002840,华统股份,8.08,0.12,0.82,-6.8,8.039978717089,0.2297656,60.14742051,213.0,3882.0,69.6,2026-09-17,0.5,41.9,False
1306,002841,视源股份,46.77,-0.38,0.47,10.75,47.287920706223,0.1667864,73.39092314,-321.0,352.0,70.4,2026-09-17,-1.1,51.7,False
1307,002842,翔鹭钨业,35.07,0.29,4.54,11.9,35.377282698851,0.3134388,62.55345688,-470.0,3146.0,89.2,2026-09-17,-0.87,55.8,False
1308,002843,泰嘉股份,16.3,0.06,1.4,72.85,16.349754851488,0.1341152,57.40806604,-1760.0,4498.0,72.4,2026-09-17,-0.3,41.6,False
1309,002845,同兴达,14.03,0.94,1.12,219.19,13.933271785432,0.1983084,64.48071153,-1522.0,2468.0,74.0,2026-09-17,0.69,47.7,False
1310,002846,英联股份,11.98,0.08,5.96,77.76,11.964839197365,0.2556964,71.58807052,-214.0,579.0,90.8,2026-09-17,0.13,65.0,False
1311,002847,盐津铺子,42.51,1.17,0.48,13.5,42.202986929622,0.2260456,63.62968753,-1263.0,2768.0,74.8,2026-09-17,0.73,47.6,False
1312,002848,高斯贝尔,15.2,0.8,9.71,-242.35,15.169683845013,0.2942388,65.27056057,-732.0,2222.0,84.8,2026-09-17,0.2,55.3,False
1313,002849,威星智能,20.32,10.02,10.76,46.88,18.31447469075,0.3091916,72.59595727,318.0,421.0,66.8,2026-09-17,10.95,48.5,False
1314,002850,科达利,169.68,0.78,0.54,25.76,170.169393366638,0.2673836,70.96557444,1212.0,694.0,71.2,2026-09-17,-0.29,50.5,False
1315,002851,麦格米特,122.05,0.71,2.53,141.63,122.583299133344,0.3642928,65.76740852,-1174.0,2060.0,82.8,2026-09-17,-0.44,54.5,False
1316,002852,道道全,8.16,-0.24,1.85,83.23,8.075976572371,0.1718752,69.81711666,2002.0,928.0,74.8,2026-09-17,1.04,52.2,False
1317,002853,皮阿诺,21.71,0.6,0.32,-476.84,21.519786411117,0.3501396,62.41119159,-755.0,3188.0,68.0,2026-09-17,0.88,42.4,False
1318,002855,捷荣技术,12.78,2.73,4.11,-40.54,12.398277252733,0.1699568,53.09037404,39.0,5053.0,83.2,2026-09-17,3.08,44.2,False
1319,002856,*ST美芝,23.68,-0.92,2.77,-53.32,24.411465138434,0.3199716,55.49415183,-281.0,4808.0,74.0,2026-09-17,-3.0,41.1,False
1320,002857,三晖电气,17.37,0.29,0.56,-25.45,17.271527254769,0.0683872,55.33848269,140.0,4833.0,64.4,2026-09-17,0.57,35.6,False
1321,002858,力盛体育,11.49,0.52,0.81,66.96,11.341215551683,0.093356,66.73274794,-978.0,1745.0,69.6,2026-09-17,1.31,46.4,False
1322,002859,洁美科技,67.45,0.82,1.4,111.05,67.818134308364,0.3220492,67.22456705,-1393.0,1581.0,84.0,2026-09-17,-0.54,56.5,False
1323,002860,星帅尔,16.75,0.0,1.43,29.41,16.771060705007,0.3688612,72.17787521,229.0,480.0,69.6,2026-09-17,-0.13,50.2,False
1324,002861,瀛通通讯,14.61,-0.48,1.37,-23.92,14.517138044354,0.2056924,55.5675698,150.0,4798.0,69.2,2026-09-17,0.64,38.5,False
1325,002862,实丰文化,15.55,0.84,1.99,427.13,15.259969658561,0.1748936,61.35356125,1080.0,3524.0,76.8,2026-09-17,1.9,47.1,False
1326,002863,今飞凯达,4.75,0.42,0.7,28.73,4.692854990846,0.1132376,58.60429159,-868.0,4237.0,67.2,2026-09-17,1.22,39.4,False
1327,002864,盘龙药业,20.57,0.54,1.05,33.18,20.336593399222,0.1473236,65.79217856,1186.0,2056.0,70.8,2026-09-17,1.15,46.6,False
1328,002865,钧达股份,37.93,2.15,1.54,-23.33,37.202830714593,0.1646472,56.51551441,-1233.0,4653.0,74.0,2026-09-17,1.95,41.8,False
1329,002866,传艺科技,14.51,0.69,1.08,97.44,14.410701016724,0.0915684,57.4480977,-72.0,4483.0,78.8,2026-09-17,0.69,45.3,False
1330,002867,周大生,10.31,0.88,0.22,12.44,10.267613337041,0.1761424,63.23403474,-582.0,2913.0,75.2,2026-09-17,0.41,47.6,False
1331,002868,绿康生化,22.91,0.39,0.87,243.34,22.802763618769,0.1292152,64.85161672,1100.0,2355.0,69.6,2026-09-17,0.47,45.1,False
1332,002869,金溢科技,15.5,1.04,0.48,-35.14,15.298738772709,0.0662852,58.19669575,606.0,4328.0,74.0,2026-09-17,1.32,43.1,False
1333,002870,香山股份,49.47,-2.52,1.91,-307.22,50.228291692543,0.255996333333,64.87002547,-724.0,2346.0,75.2,2026-09-17,-1.51,48.8,False
1334,002871,伟隆股份,17.43,0.17,0.6,44.57,17.529252573117,0.197218,63.7589954,-1031.0,2725.0,64.4,2026-09-17,-0.57,41.1,False
1335,002872,ST天圣,5.99,0.84,0.61,-39.4,5.866177238025,0.27991,66.86269182,2415.0,1705.0,65.2,2026-09-17,2.11,43.6,False
1336,002873,新天药业,8.13,0.37,0.96,204.11,8.032674237908,0.0922216,64.31147122,1120.0,2531.0,68.8,2026-09-17,1.21,44.2,False
1337,002875,安奈儿,12.99,2.93,0.97,-337.33,12.650231716229,0.085764,54.32620981,-322.0,4962.0,74.8,2026-09-17,2.69,40.6,False
1338,002876,三利谱,31.99,1.3,1.46,39.58,31.712925831776,0.1572344,64.40647798,-448.0,2501.0,75.2,2026-09-17,0.87,48.4,False
1339,002877,智能自控,7.43,-0.67,1.28,98.41,7.428769309468,0.24277,67.04152496,734.0,1647.0,69.2,2026-09-17,0.02,46.4,False
1340,002878,元隆雅图,12.71,0.32,0.64,-452.69,12.552726118979,0.0834748,66.66612991,1138.0,1762.0,73.6,2026-09-17,1.25,49.1,False
1341,002879,长缆科技,16.51,1.85,2.17,91.39,16.273870783073,0.1210744,62.97453881,-875.0,2986.0,72.4,2026-09-17,1.45,45.6,False
1342,002880,卫光生物,20.9,0.92,0.39,53.4,20.704437038147,0.2073656,61.42154544,-1398.0,3501.0,71.2,2026-09-17,0.94,43.7,False
1343,002881,美格智能,44.75,4.51,3.96,63.87,42.213722834167,0.2560828,76.2807794,1818.0,139.0,80.8,2026-09-17,6.01,61.6,False
1344,002882,金龙羽,23.66,2.74,4.85,133.4,22.75054408935,0.2929328,67.33951934,-847.0,1533.0,93.2,2026-09-17,4.0,62.8,False
1345,002883,*ST中设,9.05,0.44,0.09,-86.85,9.003667803215,0.265796,58.80947834,102.0,4199.0,66.0,2026-09-17,0.51,38.8,False
1346,002884,凌霄泵业,15.53,0.26,0.18,13.07,15.469370682165,0.1701876,65.46913669,-1094.0,2146.0,69.2,2026-09-17,0.39,45.3,False
1347,002885,京泉华,27.92,1.34,2.4,52.91,27.689495215715,0.167638,61.96419459,-696.0,3337.0,75.6,2026-09-17,0.83,46.8,False
1348,002886,沃特股份,26.17,0.0,8.42,125.58,26.39740245712,0.2515576,63.45165429,-1174.0,2836.0,88.0,2026-09-17,-0.86,55.8,False
1349,002887,绿茵生态,9.02,0.33,0.6,31.36,8.903426766184,0.1249328,61.72652817,1304.0,3408.0,66.4,2026-09-17,1.31,41.0,False
1350,002888,惠威科技,18.86,-0.16,1.42,180.0,18.937237298219,0.113602,61.89431702,-576.0,3357.0,72.0,2026-09-17,-0.41,44.6,False
1351,002889,东方嘉盛,11.87,1.02,0.29,11.27,11.698015036503,0.0593568,59.946282,-1065.0,3941.0,72.0,2026-09-17,1.47,43.2,False
1352,002890,弘宇股份,15.28,6.41,1.44,146.09,14.220877742315,0.1209796,61.4065711,1097.0,3505.0,65.2,2026-09-17,7.45,40.0,False
1353,002891,中宠股份,27.41,0.92,0.47,34.83,27.257372837333,0.173948,64.46321659,265.0,2477.0,73.6,2026-09-17,0.56,47.4,False
1354,002892,科力尔,8.65,0.58,0.35,-316.75,8.572983968174,0.0684824,55.92951064,78.0,4740.0,74.0,2026-09-17,0.9,41.4,False
1355,002893,京能热力,10.27,1.38,3.13,10.87,10.020431357751,0.2103216,58.41586618,76.0,4277.0,77.2,2026-09-17,2.49,45.1,False
1356,002895,川恒股份,30.58,-0.1,0.21,16.54,30.565483932644,0.229866,70.97985577,-88.0,692.0,76.0,2026-09-17,0.05,53.9,False
1357,002896,中大力德,60.9,0.03,1.42,215.4,60.844334965098,0.2890932,61.64652155,1196.0,3436.0,78.8,2026-09-17,0.09,48.6,False
1358,002897,意华股份,68.81,-0.95,5.29,66.45,70.51610598944,0.304568,71.70267013,-201.0,559.0,88.0,2026-09-17,-2.42,63.1,False
1359,002899,英派斯,19.91,2.21,1.22,62.64,19.612467625348,0.1514988,58.9543115,-775.0,4175.0,68.4,2026-09-17,1.52,40.3,False
1360,002900,哈三联,11.89,0.59,3.16,-42.56,11.725968148247,0.1858812,61.15213927,1599.0,3588.0,74.8,2026-09-17,1.4,45.7,False
1361,002901,大博医疗,38.56,-0.34,0.19,22.59,38.635967304135,0.1755928,63.49224752,296.0,2813.0,70.4,2026-09-17,-0.2,44.7,False
1362,002902,铭普光磁,30.61,4.97,23.38,-233.65,29.325612508938,0.2398392,63.96573832,-2032.0,2654.0,94.0,2026-09-17,4.38,60.1,False
1363,002903,宇环数控,30.55,-0.71,9.48,-103.74,30.192432775686,0.2814544,66.35434828,548.0,1862.0,89.2,2026-09-17,1.18,59.2,False
1364,002905,金逸影视,8.57,1.66,1.0,-30.25,8.305659598065,0.1294592,58.84949991,-1317.0,4192.0,73.6,2026-09-17,3.18,43.3,False
1365,002906,华阳集团,27.63,-1.04,0.69,18.07,27.738650510425,0.290832962963,77.08621691,1135.0,108.0,81.2,2026-09-17,-0.39,62.6,False
1366,002907,华森制药,13.8,1.62,1.51,45.75,13.49682725004,0.1707192,64.12202622,1662.0,2598.0,73.2,2026-09-17,2.25,46.9,False
1367,002908,德生科技,6.87,0.15,0.5,-56.31,6.843622693795,0.0528524,60.20187777,-871.0,3857.0,73.2,2026-09-17,0.39,44.1,False
1368,002909,集泰股份,6.59,1.54,5.51,-94.03,6.453798024187,0.1407716,49.99443659,-169.0,5169.0,80.0,2026-09-17,2.11,40.0,False
1369,002910,庄园牧场,9.8,0.2,1.49,-39.08,9.713060460494,0.0655364,54.19417641,211.0,4968.0,66.8,2026-09-17,0.9,36.2,False
1370,002911,佛燃能源,11.2,0.18,0.1,22.03,11.173604640982,0.0878864,75.45100895,186.0,192.0,73.2,2026-09-17,0.24,55.2,False
1371,002912,中新赛克,24.55,4.91,12.56,-16.23,23.553419989976,0.26588,62.70316722,186.0,3097.0,86.0,2026-09-17,4.23,53.9,False
1372,002913,奥士康,82.45,0.37,3.77,158.27,82.57866329995,0.3439052,68.82002817,226.0,1160.0,87.2,2026-09-17,-0.16,60.0,False
1373,002915,中欣氟材,17.3,1.53,0.87,655.38,17.105752629203,0.1621332,57.20345474,-75.0,4534.0,82.4,2026-09-17,1.14,47.1,False
1374,002916,深南电路,383.5,-0.05,0.87,58.01,388.336895820537,0.3495,74.47426167,-68.0,248.0,91.6,2026-09-17,-1.25,68.2,False
1375,002917,金奥博,10.15,0.69,0.4,19.95,10.046301305572,0.18201,67.20784343,708.0,1588.0,71.6,2026-09-17,1.03,48.1,False
1376,002918,蒙娜丽莎,11.07,0.27,3.29,45.88,11.062363527765,0.190302,74.70464712,53.0,234.0,83.2,2026-09-17,0.07,62.2,False
1377,002919,名臣健康,16.79,1.57,0.37,-440.85,16.583730187685,0.1409332,54.4822093,-35.0,4941.0,63.2,2026-09-17,1.24,34.4,False
1378,002920,德赛西威,84.32,-0.13,0.38,20.22,83.366884431193,0.3659268,76.20781351,895.0,145.0,79.2,2026-09-17,1.14,60.4,False
1379,002921,联诚精密,20.5,-0.05,1.3,382.51,20.340042910079,0.2186768,59.05421998,-463.0,4145.0,69.2,2026-09-17,0.79,40.9,False
1380,002922,伊戈尔,23.33,0.73,1.83,44.1,22.981566815526,0.257246,70.95617809,1443.0,696.0,74.8,2026-09-17,1.52,53.1,False
1381,002923,润都股份,10.96,0.0,1.38,45.03,10.855945648737,0.1207004,63.16938347,1216.0,2929.0,65.6,2026-09-17,0.96,41.4,False
1382,002925,盈趣科技,24.69,1.06,0.82,28.18,24.511228580765,0.2924956,65.83845333,-1650.0,2043.0,80.4,2026-09-17,0.73,52.9,False
1383,002926,华西证券,8.21,0.37,0.19,11.09,8.181160361547,0.2147208,64.18673657,-123.0,2571.0,75.6,2026-09-17,0.35,48.5,False
1384,002927,泰永长征,19.4,1.84,4.96,105.92,18.878604181446,0.2719032,69.79502328,908.0,932.0,76.0,2026-09-17,2.76,53.0,False
1385,002928,华夏航空,6.44,0.78,1.11,94.54,6.326053120026,0.3235692,65.74693243,2183.0,2071.0,68.0,2026-09-17,1.8,44.7,False
1386,002929,润建股份,51.52,1.5,2.04,275.39,51.029169550565,0.2694532,67.32780015,-111.0,1539.0,75.6,2026-09-17,0.96,50.9,False
1387,002930,宏川智慧,9.15,1.78,0.77,88.1,8.911198191424,0.0769252,55.79055297,-46.0,4762.0,65.2,2026-09-17,2.68,36.4,False
1388,002931,锋龙股份,41.2,0.49,0.91,-2233.76,41.156303497336,0.1893296,54.82649753,20.0,4907.0,72.8,2026-09-17,0.11,39.9,False
1389,002932,*ST明德,15.3,-0.13,0.17,-81.34,15.368427158551,0.3708464,60.44736612,699.0,3791.0,70.8,2026-09-17,-0.45,42.8,False
1390,002933,新兴装备,27.47,1.07,1.1,98.72,26.931024595387,0.1546048,63.07569702,-811.0,2953.0,72.0,2026-09-17,2.0,45.4,False
1391,002935,天奥电子,15.98,1.14,0.54,364.55,15.881156686124,0.1334468,61.08741854,-2278.0,3606.0,74.4,2026-09-17,0.62,45.4,False
1392,002936,郑州银行,1.75,0.57,0.85,4.74,1.738018091198,0.5460944,63.21684482,68.0,2916.0,72.8,2026-09-17,0.69,46.0,False
1393,002937,兴瑞科技,27.4,1.29,0.73,63.68,27.162768900014,0.223126,58.25600595,28.0,4313.0,67.6,2026-09-17,0.87,39.4,False
1394,002938,鹏鼎控股,89.7,-1.11,0.65,80.97,91.144091897425,0.33149,71.86070441,1056.0,533.0,85.2,2026-09-17,-1.58,61.2,False
1395,002939,长城证券,7.83,0.51,0.14,11.33,7.810374613677,0.2733688,60.66517618,-120.0,3728.0,75.6,2026-09-17,0.25,45.9,False
1396,002940,昂利康,23.01,0.7,2.36,42.25,22.857722828336,0.2193368,64.00760808,1749.0,2634.0,71.2,2026-09-17,0.67,45.6,False
1397,002941,新疆交建,10.52,0.48,0.28,21.09,10.468735830389,0.1888348,69.32423667,46.0,1038.0,76.4,2026-09-17,0.49,53.0,False
1398,002942,新农股份,16.49,0.55,1.52,12.54,16.285069144686,0.1268252,58.63149973,439.0,4228.0,72.4,2026-09-17,1.26,42.4,False
1399,002943,宇晶股份,29.97,0.3,1.8,-55.27,30.075072942564,0.214014,55.5750159,61.0,4796.0,72.0,2026-09-17,-0.35,40.0,False
1400,002945,华林证券,13.88,0.22,0.15,72.67,13.884719894528,0.2120612,58.09695525,-1169.0,4348.0,81.2,2026-09-17,-0.03,47.2,False
1401,002946,新乳业,14.43,0.0,0.17,13.36,14.386733585793,0.1196624,67.59555278,1253.0,1466.0,70.8,2026-09-17,0.3,47.9,False
1402,002947,恒铭达,65.72,2.75,2.24,33.15,63.266225496057,0.310818,76.87496179,714.0,113.0,76.8,2026-09-17,3.88,59.0,False
1403,002948,青岛银行,6.08,1.0,0.5,4.89,6.034031599862,0.2621144,64.5522362,-1259.0,2438.0,74.8,2026-09-17,0.76,48.3,False
1404,002949,华阳国际,12.56,1.62,1.64,35.17,12.295678932725,0.1886956,67.15634132,1973.0,1608.0,72.8,2026-09-17,2.15,48.9,False
1405,002950,奥美医疗,8.41,-0.24,0.69,13.76,8.439668440996,0.2064288,64.44759396,1376.0,2480.0,69.2,2026-09-17,-0.35,44.6,False
1406,002951,金时科技,15.99,1.33,0.37,-647.79,15.690436193495,0.1087364,59.32556064,-1026.0,4085.0,68.4,2026-09-17,1.91,40.6,False
1407,002952,亚世光电,18.97,0.05,1.17,107.14,18.883652700319,0.1207844,63.94059334,-805.0,2664.0,78.4,2026-09-17,0.46,50.1,False
1408,002953,日丰股份,10.53,0.48,2.26,31.43,10.480129484882,0.1915472,61.53292642,-2049.0,3466.0,81.2,2026-09-17,0.48,50.0,False
1409,002955,鸿合科技,36.72,0.66,1.25,383.56,36.695522508856,0.3272212,72.21029496,591.0,477.0,74.0,2026-09-17,0.07,53.4,False
1410,002956,西麦食品,17.67,2.2,2.58,18.63,16.942806329775,0.1814604,75.23776573,135.0,202.0,78.8,2026-09-17,4.29,59.3,False
1411,002957,科瑞技术,42.41,1.39,2.17,55.24,42.120732512051,0.2346228,66.37863308,-1424.0,1853.0,89.6,2026-09-17,0.69,59.5,False
1412,002958,青农商行,2.96,0.0,0.59,3.75,2.969285942197,0.4652708,67.93319374,358.0,1377.0,71.2,2026-09-17,-0.31,48.4,False
1413,002959,小熊电器,31.92,0.98,0.17,20.68,31.604728239346,0.099178,64.87378538,48.0,2344.0,72.4,2026-09-17,1.0,47.0,False
1414,002960,青鸟智控,8.59,2.63,0.51,32.63,8.308905658486,0.1610512,63.59272442,195.0,2777.0,65.6,2026-09-17,3.38,41.7,False
1415,002961,瑞达期货,21.11,1.93,1.63,12.28,20.898517654514,0.2455396,68.25910583,-1135.0,1285.0,83.6,2026-09-17,1.01,57.1,False
1416,002962,五方光电,13.52,0.97,2.72,133.14,13.413799223762,0.1567576,67.34055793,-534.0,1532.0,74.4,2026-09-17,0.79,50.1,False
1417,002963,豪尔赛,20.38,2.41,2.49,-54.12,20.289688772848,0.2444428,61.36651503,-978.0,3519.0,81.2,2026-09-17,0.45,49.8,False
1418,002965,祥鑫科技,31.11,10.01,7.05,-211.9,28.312407516065,0.21253,63.2425083,1513.0,2910.0,70.8,2026-09-17,9.88,44.8,False
1419,002966,苏州银行,9.11,0.89,0.28,5.99,9.029528070142,0.1972116,69.00327899,55.0,1122.0,76.4,2026-09-17,0.89,52.7,False
1420,002967,广电计量,17.11,0.82,0.19,44.92,17.030609069717,0.1493304,65.65846042,-248.0,2098.0,71.2,2026-09-17,0.47,46.7,False
1421,002968,新大正,9.26,-0.43,0.83,14.47,9.163006310871,0.137816,71.77207809,2305.0,549.0,66.8,2026-09-17,1.06,47.9,False
1422,002969,嘉美包装,11.39,1.06,0.87,88.89,11.285601419964,0.2376684,61.94486719,-528.0,3344.0,77.2,2026-09-17,0.93,47.8,False
1423,002970,锐明技术,43.6,0.0,1.24,36.24,43.758351791061,0.3394496,67.24918853,1528.0,1570.0,69.6,2026-09-17,-0.36,46.8,False
1424,002971,和远气体,42.68,10.0,13.37,124.88,39.209215099894,0.23598,54.9878223,-2092.0,4886.0,82.4,2026-09-17,8.85,45.3,False
1425,002972,科安达,13.21,1.38,1.74,34.61,13.235522618672,0.1474264,63.70673094,-611.0,2745.0,70.4,2026-09-17,-0.19,44.8,False
1426,002973,侨银股份,13.61,0.37,1.61,63.83,13.408320701463,0.3554316,71.91208521,52.0,518.0,73.2,2026-09-17,1.5,52.6,False
1427,002975,博杰股份,105.13,0.41,4.32,63.97,106.79283508551,0.3280728,75.4878935,-87.0,189.0,86.0,2026-09-17,-1.56,64.9,False
1428,002976,瑞玛精密,26.11,-1.17,4.8,-157.29,26.344647031072,0.3162456,73.19913788,-69.0,368.0,82.8,2026-09-17,-0.89,60.6,False
1429,002977,*ST天箭,20.28,1.2,0.39,-612.94,19.965676025959,0.0836204,55.50746909,-837.0,4804.0,69.6,2026-09-17,1.57,38.6,False
1430,002978,安宁股份,25.05,0.52,0.26,17.35,24.743395768161,0.2199556,61.95796309,836.0,3342.0,72.0,2026-09-17,1.24,44.6,False
1431,002979,雷赛智能,54.58,0.55,1.56,44.54,54.008649012523,0.2256712,74.45431741,1063.0,252.0,71.6,2026-09-17,1.06,53.3,False
1432,002980,华盛昌,117.98,1.37,4.23,147.83,117.983382080985,0.2674976,66.5701565,-1241.0,1795.0,82.4,2026-09-17,-0.0,54.9,False
1433,002981,朝阳科技,25.67,3.09,3.51,236.51,24.343994163347,0.2137292,69.71880876,-91.0,950.0,68.0,2026-09-17,5.45,47.4,False
1434,002982,湘佳股份,12.33,0.16,1.06,-103.57,12.16337502951,0.0880384,67.50430227,2472.0,1490.0,66.0,2026-09-17,1.37,44.6,False
1435,002983,芯瑞达,21.98,0.59,0.62,48.11,21.843092240354,0.13124,64.98152426,-1518.0,2313.0,71.2,2026-09-17,0.63,46.3,False
1436,002984,森麒麟,12.88,0.08,0.45,15.88,12.813014715251,0.2144152,69.40255119,212.0,1013.0,72.4,2026-09-17,0.52,50.2,False
1437,002985,北摩高科,27.59,0.29,0.36,45.53,27.701745659897,0.1552092,62.84935422,-1094.0,3043.0,74.8,2026-09-17,-0.4,47.0,False
1438,002986,宇新股份,13.1,0.69,0.65,22.86,12.962561331756,0.1691352,69.69787524,326.0,955.0,65.2,2026-09-17,1.06,45.4,False
1439,002987,京北方,10.85,0.37,0.57,57.12,10.839426157347,0.2173728,74.90410033,808.0,225.0,80.4,2026-09-17,0.1,60.2,False
1440,002988,豪美新材,31.7,1.57,1.19,48.87,31.464853843334,0.2909572,66.77692997,-388.0,1736.0,76.8,2026-09-17,0.75,51.3,False
1441,002989,中天精装,23.48,0.38,1.31,-68.22,23.739096681688,0.3410644,57.31838009,76.0,4514.0,63.6,2026-09-17,-1.09,36.5,False
1442,002990,盛视科技,49.42,-0.14,2.06,60.65,49.461856968987,0.2305952,68.86435497,-454.0,1149.0,73.2,2026-09-17,-0.08,50.4,False
1443,002991,甘源食品,37.59,0.94,0.69,21.88,37.215941297868,0.166016,66.68177831,1461.0,1756.0,70.4,2026-09-17,1.01,46.9,False
1444,002992,宝明科技,33.82,1.87,0.96,-140.34,33.491593556434,0.1279752,57.34550241,0.0,4505.0,68.0,2026-09-17,0.98,39.0,False
1445,002993,奥海科技,36.41,1.79,0.88,109.68,35.988333858891,0.1240496,66.63392438,639.0,1773.0,68.0,2026-09-17,1.17,45.3,False
1446,002995,天地在线,16.79,0.72,1.98,-1024.17,16.597207426025,0.0992384,66.30492751,1186.0,1877.0,71.2,2026-09-17,1.16,47.2,False
1447,002996,顺博合金,5.97,1.02,0.53,10.25,5.909707297606,0.1568256,60.78146181,-1297.0,3686.0,69.6,2026-09-17,1.02,42.3,False
1448,002997,瑞鹄模具,26.53,-0.52,0.89,11.53,26.954837986603,0.2757024,68.20898338,173.0,1304.0,75.6,2026-09-17,-1.58,51.6,False
1449,002998,优彩资源,7.82,0.64,2.57,16.8,7.660616452844,0.211264363636,69.71004194,2461.0,953.0,66.4,2026-09-17,2.08,46.3,False
1450,002999,天禾股份,6.36,0.63,2.19,36.18,6.249072899277,0.1392288,61.55614117,1245.0,3458.0,78.0,2026-09-17,1.78,48.0,False
1451,003000,劲仔食品,9.37,0.97,0.35,19.41,9.291943364397,0.0889912,61.64697884,-217.0,3435.0,70.0,2026-09-17,0.84,43.2,False
1452,003001,中岩大地,19.7,-3.05,24.49,-86.38,19.657291987539,0.4408856,69.88286217,315.0,912.0,82.8,2026-09-17,0.22,57.9,False
1453,003002,壶化股份,16.45,1.23,2.53,33.22,16.334547619858,0.1296232,63.77176424,-81.0,2717.0,76.8,2026-09-17,0.71,49.0,False
1454,003003,天元股份,10.75,1.13,0.83,32.26,10.526251764611,0.0585432,61.88328473,-817.0,3366.0,66.4,2026-09-17,2.13,41.1,False
1455,003004,声迅股份,60.87,0.33,1.02,-170.37,60.321670187747,0.3271012,51.61987063,-42.0,5133.0,63.6,2026-09-17,0.91,32.8,False
1456,003005,竞业达,14.67,1.24,4.47,-22.82,14.420201918056,0.1482464,57.70931105,399.0,4435.0,82.0,2026-09-17,1.73,47.3,False
1457,003006,百亚股份,21.1,5.29,6.37,25.33,19.878725826369,0.3417448,80.89696138,2.0,19.0,80.0,2026-09-17,6.14,64.7,False
1458,003007,直真科技,40.26,3.18,1.68,-94.24,38.866545000372,0.2417748,68.07056485,1400.0,1336.0,72.4,2026-09-17,3.59,49.3,False
1459,003008,开普检测,18.96,-0.05,0.67,30.13,18.863026244735,0.0293804,60.40149009,-787.0,3802.0,65.6,2026-09-17,0.51,39.6,False
1460,003009,中天火箭,48.04,2.17,0.95,233.64,47.112736316302,0.1775484,56.84510194,-449.0,4596.0,74.4,2026-09-17,1.97,42.3,False
1461,003010,若羽臣,29.8,0.68,0.97,27.68,29.439630912636,0.1800476,74.53424463,449.0,243.0,76.0,2026-09-17,1.22,56.6,False
1462,003011,海象新材,19.59,1.61,0.75,26.94,19.181948431685,0.1033408,58.35897248,166.0,4290.0,60.0,2026-09-17,2.13,35.0,False
1463,003012,东鹏控股,4.51,1.12,0.35,92.31,4.458924736646,0.1623812,64.07313493,-859.0,2611.0,67.6,2026-09-17,1.15,43.3,False
1464,003013,地铁设计,18.73,2.91,1.56,29.83,17.798089250048,0.3558232,73.70277032,1465.0,320.0,70.8,2026-09-17,5.24,52.2,False
1465,003015,日久光电,12.38,-0.08,0.76,50.04,12.31401227919,0.1832096,70.68524726,-310.0,755.0,74.0,2026-09-17,0.54,52.3,False
1466,003016,欣贺股份,7.58,4.7,1.43,36.56,7.117416334736,0.108192,59.85522152,-659.0,3961.0,67.6,2026-09-17,6.5,40.5,False
1467,003017,大洋生物,22.27,2.53,0.74,19.53,21.612265767325,0.1432988,62.69127427,-226.0,3100.0,65.2,2026-09-17,3.04,40.9,False
1468,003018,金富科技,49.43,1.29,2.69,80.67,49.488474684466,0.2982812,69.77747336,-537.0,934.0,83.2,2026-09-17,-0.12,58.1,False
1469,003019,宸展光电,27.47,0.84,0.82,26.24,27.47190773477,0.219562,69.26017621,177.0,1052.0,66.8,2026-09-17,-0.01,46.3,False
1470,003020,立方制药,17.02,2.04,1.66,22.02,16.62112294918,0.1393828,60.85056417,-621.0,3665.0,62.0,2026-09-17,2.4,37.7,False
1471,003021,兆威机电,68.79,0.53,0.58,123.44,68.135401513233,0.2475832,70.32434096,2347.0,820.0,76.4,2026-09-17,0.96,53.7,False
1472,003022,联泓新科,19.69,-0.25,0.34,30.8,19.858780086031,0.2220356,68.51658247,-142.0,1221.0,74.4,2026-09-17,-0.85,51.0,False
1473,003023,彩虹集团,25.25,0.24,0.43,56.73,25.092241558017,0.2264236,65.39959397,2326.0,2174.0,68.8,2026-09-17,0.63,45.0,False
1474,003025,思进智能,11.99,1.18,0.38,24.84,11.82881207496,0.1064852,66.30180567,379.0,1879.0,66.0,2026-09-17,1.36,43.8,False
1475,003026,中晶科技,37.79,2.14,28.75,86.2,36.91996745702,0.4361616,76.73574203,52.0,116.0,92.8,2026-09-17,2.36,71.2,False
1476,003027,同兴科技,16.17,0.81,0.5,58.14,15.935564700503,0.0187928,58.25398572,-1664.0,4315.0,66.8,2026-09-17,1.47,38.9,False
1477,003028,振邦智能,23.18,0.48,0.57,99.93,23.095342956699,0.1010828,62.66772975,-1172.0,3107.0,68.0,2026-09-17,0.37,42.6,False
1478,003029,吉大正元,17.68,2.02,2.85,-48.76,17.484371000781,0.1623648,65.16160079,970.0,2260.0,80.8,2026-09-17,1.12,52.7,False
1479,003030,祖名股份,26.0,2.28,1.16,-66.6,25.332227851308,0.1897856,59.17101725,-513.0,4116.0,66.8,2026-09-17,2.64,39.5,False
1480,003031,中瓷电子,135.43,-1.43,2.21,75.84,139.144514466491,0.3932328,75.52811973,-153.0,185.0,91.2,2026-09-17,-2.67,68.9,False
1481,003032,传智教育,8.93,-0.67,5.36,52.21,8.923749538732,0.223706,63.34334882,1782.0,2871.0,74.4,2026-09-17,0.07,47.1,False
1482,003033,征和工业,85.58,2.47,2.37,49.92,83.383639087338,0.2990016,69.82688367,-339.0,926.0,75.6,2026-09-17,2.63,52.8,False
1483,003035,南网能源,5.64,1.62,0.76,47.16,5.564698021207,0.2058568,65.52824204,-191.0,2134.0,89.2,2026-09-17,1.35,58.5,False
1484,003036,泰坦股份,54.58,-1.57,2.43,192.76,56.259331224426,0.2730824,62.27945265,-475.0,3238.0,74.8,2026-09-17,-2.98,46.6,False
1485,003037,三和管桩,5.77,0.87,0.27,115.09,5.665077752999,0.1290004,62.73864516,1173.0,3086.0,69.2,2026-09-17,1.85,43.4,False
1486,003038,鑫铂股份,10.55,1.25,0.89,-24.38,10.311734944049,0.2017716,59.44055289,966.0,4056.0,65.2,2026-09-17,2.31,38.8,False
1487,003039,顺控发展,12.7,2.25,0.74,30.79,12.351324418733,0.1636496,63.96004499,-272.0,2660.0,81.6,2026-09-17,2.82,52.2,False
1488,003040,楚天龙,16.15,2.6,6.77,-59.94,15.78266691829,0.2281528,58.45339688,786.0,4269.0,85.6,2026-09-17,2.33,50.0,False
1489,003041,真爱美家,42.02,10.0,3.74,171.86,38.40552376766,0.1831868,64.21556436,652.0,2562.0,64.4,2026-09-17,9.41,41.4,False
1490,003042,中农联合,14.02,-0.28,0.71,-23.6,13.91296926453,0.0993992,58.18708333,786.0,4331.0,74.4,2026-09-17,0.77,43.3,False
1491,003043,华亚智能,64.84,2.64,3.04,128.49,63.481869894669,0.2301364,60.53577497,-1898.0,3766.0,70.8,2026-09-17,2.14,42.9,False
1492,003816,中国广核,4.23,-0.47,0.12,17.49,4.259222839233,0.369722,72.83368225,112.0,399.0,87.2,2026-09-17,-0.69,63.5,False
1493,300001,特锐德,32.22,1.19,0.39,39.77,31.966948886508,0.2312924,64.4392304,-311.0,2488.0,76.0,2026-09-17,0.79,49.0,False
1494,300002,神州泰岳,8.0,-0.5,0.72,20.6,8.032058102421,0.2811496,69.04285403,970.0,1109.0,74.4,2026-09-17,-0.4,51.4,False
1495,300003,乐普医疗,11.4,1.06,0.48,21.04,11.314097821261,0.2488732,63.20440955,87.0,2921.0,76.8,2026-09-17,0.76,48.5,False
1496,300004,南风股份,8.15,-0.24,1.13,-266.18,8.094501161448,0.2356868,56.3985706,-1394.0,4680.0,74.4,2026-09-17,0.69,42.0,False
1497,300005,探路者,11.3,1.71,2.22,97.42,11.139389568739,0.279106,63.45052924,-2383.0,2838.0,82.0,2026-09-17,1.44,52.0,False
1498,300006,莱美药业,5.23,1.16,1.6,-117.91,5.195580931667,0.3191376,64.3948829,803.0,2506.0,76.4,2026-09-17,0.66,49.2,False
1499,300007,汉威科技,30.24,1.48,1.86,72.76,29.790075461788,0.2606932,61.13576655,395.0,3596.0,78.0,2026-09-17,1.51,47.7,False
1500,300008,天海防务,6.49,1.25,1.96,30.71,6.362687225135,0.3155068,75.24388578,696.0,201.0,86.8,2026-09-17,2.0,65.3,False
1501,300009,安科生物,8.15,0.87,0.98,20.49,8.084537444912,0.2752156,65.74884087,1008.0,2069.0,81.2,2026-09-17,0.81,53.4,False
1502,300010,ST豆神,5.12,3.64,3.84,-216.88,4.826089568009,0.4112796,61.82568435,1158.0,3381.0,86.4,2026-09-17,6.09,53.4,False
1503,300011,鼎汉技术,5.8,0.52,0.56,-119.32,5.722028796168,0.1169192,57.19868447,-466.0,4535.0,68.4,2026-09-17,1.36,39.1,False
1504,300012,华测检测,14.58,-0.14,0.57,21.76,14.562909238955,0.2464272,71.87915205,107.0,528.0,82.4,2026-09-17,0.12,59.2,False
1505,300013,新宁物流,4.36,-0.23,1.28,73.32,4.303083996241,0.2689024,62.91019789,-1015.0,3016.0,72.8,2026-09-17,1.32,45.8,False
1506,300014,亿纬锂能,50.42,4.54,1.8,16.6,48.314654382099,0.314092,65.82656795,-280.0,2049.0,77.2,2026-09-17,4.36,50.8,False
1507,300015,爱尔眼科,8.0,0.63,0.19,27.41,7.96430362112,0.2686168,70.11927162,118.0,869.0,77.6,2026-09-17,0.45,54.4,False
1508,300016,北陆药业,8.25,1.98,2.83,30.09,8.06717003685,0.2618516,70.06734102,2390.0,878.0,76.8,2026-09-17,2.27,53.8,False
1509,300017,网宿科技,15.12,2.23,2.41,54.23,14.749877676411,0.3584376,72.01904185,1645.0,499.0,79.6,2026-09-17,2.51,57.3,False
1510,300018,中元股份,11.9,3.57,2.04,50.43,11.523615360212,0.3062228,62.16727103,-1884.0,3275.0,67.2,2026-09-17,3.27,41.8,False
1511,300019,硅宝科技,14.28,1.42,0.43,30.73,14.172844439785,0.138982,63.78425082,-2142.0,2711.0,73.6,2026-09-17,0.76,46.9,False
1512,300020,ST银江,3.94,2.34,0.55,-2.84,3.866436782634,0.2796908,52.2132016,-316.0,5109.0,71.2,2026-09-17,1.9,37.2,False
1513,300021,大禹节水,3.9,0.0,1.01,-1799.41,3.844340624712,0.3033304,70.25121295,213.0,841.0,73.6,2026-09-17,1.45,51.7,False
1514,300022,吉峰科技,7.99,0.13,0.64,359.34,8.001977795828,0.2129288,68.70740746,339.0,1181.0,68.0,2026-09-17,-0.15,46.7,False
1515,300024,机器人,13.08,1.08,0.54,-54.15,12.945861635348,0.2403768,51.08344438,25.0,5151.0,75.2,2026-09-17,1.04,38.4,False
1516,300025,华星创业,5.51,-0.36,1.02,-75.2,5.548632499591,0.1806344,57.14059717,8.0,4544.0,68.0,2026-09-17,-0.7,38.9,False
1517,300026,红日药业,3.2,0.31,0.84,61.55,3.186876574307,0.3530484,65.33177554,1816.0,2201.0,73.6,2026-09-17,0.41,48.1,False
1518,300027,ST华谊,1.75,-2.23,2.35,-66.72,1.835775775176,0.3453104,59.06143157,-2960.0,4144.0,78.8,2026-09-17,-4.67,46.5,False
1519,300030,阳普医疗,6.63,1.07,1.03,33.26,6.513369727386,0.1098016,67.28710687,2076.0,1554.0,68.8,2026-09-17,1.79,46.3,False
1520,300031,宝通科技,20.95,0.43,1.0,22.85,20.829997529504,0.3087212,64.35603451,1664.0,2513.0,74.4,2026-09-17,0.58,47.9,False
1521,300032,金龙机电,3.88,-1.27,1.22,-27.4,3.819923540003,0.1968028,65.56991261,619.0,2120.0,70.0,2026-09-17,1.57,45.9,False
1522,300033,同花顺,203.46,1.2,0.89,80.4,202.885594620095,0.4240296,70.02970856,-789.0,888.0,84.0,2026-09-17,0.28,58.8,False
1523,300034,钢研高纳,15.9,0.89,0.38,61.59,15.781601842436,0.246726,61.88471541,411.0,3363.0,74.0,2026-09-17,0.75,45.8,False
1524,300035,中科电气,12.45,0.73,0.6,29.04,12.359463039929,0.2042164,66.11017455,1143.0,1942.0,77.2,2026-09-17,0.73,51.0,False
1525,300036,超图软件,10.09,1.0,0.88,-19.34,10.028273097194,0.2231036,60.71512636,-1219.0,3711.0,76.4,2026-09-17,0.62,46.4,False
1526,300037,新宙邦,72.8,0.55,1.1,27.89,72.87403265147,0.2497348,70.38708963,-264.0,810.0,82.0,2026-09-17,-0.1,57.7,False
1527,300039,上海凯宝,5.11,1.39,1.17,26.22,5.050476014562,0.2910132,60.82394648,518.0,3677.0,68.8,2026-09-17,1.18,41.8,False
1528,300040,九洲集团,5.87,3.71,5.67,80.88,5.661489844991,0.244566,52.59483806,-1321.0,5089.0,78.4,2026-09-17,3.68,41.2,False
1529,300041,回天新材,11.12,1.0,1.76,18.64,11.005767705467,0.2984656,63.10708106,-88.0,2941.0,73.2,2026-09-17,1.04,46.2,False
1530,300042,朗科科技,39.98,2.72,2.9,42.13,38.935175747438,0.2070744,67.72684677,868.0,1429.0,72.8,2026-09-17,2.68,49.3,False
1531,300043,星辉娱乐,4.39,-0.68,1.09,29.53,4.413397444965,0.3155532,67.01097038,2055.0,1661.0,69.6,2026-09-17,-0.53,46.6,False
1532,300044,*ST赛为,6.11,1.33,0.97,-129.54,6.049025709101,0.2156316,56.95039617,-80.0,4581.0,76.0,2026-09-17,1.01,43.3,False
1533,300045,华力创通,11.65,2.19,1.25,-107.18,11.463494030539,0.1153336,54.64092279,-957.0,4923.0,74.8,2026-09-17,1.63,40.9,False
1534,300046,台基股份,25.32,4.46,2.53,89.15,24.308285939515,0.1662564,58.02713266,-1858.0,4359.0,77.2,2026-09-17,4.16,44.8,False
1535,300047,天源迪科,9.05,1.34,2.16,87.71,8.943108351268,0.2358392,68.7162411,-293.0,1180.0,75.6,2026-09-17,1.2,51.9,False
1536,300048,合康新能,4.86,0.83,0.29,-42.02,4.82749630078,0.2499276,57.93003545,-670.0,4382.0,66.8,2026-09-17,0.67,38.7,False
1537,300049,福瑞医科,47.75,0.27,1.12,98.57,47.776203483174,0.284222,72.39604183,1279.0,453.0,76.0,2026-09-17,-0.05,55.0,False
1538,300050,世纪鼎利,7.22,-3.09,2.63,328.23,7.329751455592,0.4200568,70.33636145,-399.0,819.0,77.6,2026-09-17,-1.5,54.6,False
1539,300051,琏升科技,8.49,4.43,4.3,-35.85,8.158715861398,0.269088,59.19932735,-369.0,4107.0,73.2,2026-09-17,4.06,43.3,False
1540,300052,中青宝,10.29,1.18,1.42,-45.62,10.144457936318,0.2251192,51.10093594,19.0,5150.0,75.6,2026-09-17,1.43,38.6,False
1541,300053,航宇微,12.33,4.05,1.93,-106.79,11.935634087559,0.1770528,53.41936444,-1163.0,5028.0,76.4,2026-09-17,3.3,40.8,False
1542,300054,鼎龙股份,72.01,1.21,1.89,64.92,70.911681359225,0.3879784,73.97260991,-131.0,294.0,80.8,2026-09-17,1.55,59.8,False
1543,300055,万邦达,5.85,0.52,0.76,65.34,5.778967063613,0.19957,57.60014737,-300.0,4461.0,70.8,2026-09-17,1.23,40.8,False
1544,300056,中创环保,7.92,0.0,0.41,-38.44,7.851768151853,0.2471924,52.13394825,-44.0,5114.0,66.4,2026-09-17,0.87,34.6,False
1545,300057,万顺新材,6.5,0.93,1.09,56.03,6.483376468106,0.2239596,59.10598848,-182.0,4134.0,73.2,2026-09-17,0.26,43.3,False
1546,300058,蓝色光标,12.97,0.7,1.97,110.09,12.946728793655,0.3580308,67.31945231,-811.0,1543.0,80.8,2026-09-17,0.18,54.4,False
1547,300059,东方财富,18.27,1.0,0.55,17.92,18.171435163937,0.393952,64.07426437,-357.0,2610.0,94.4,2026-09-17,0.54,60.5,False
1548,300061,旗天科技,6.75,-1.03,4.7,-103.81,6.910478665071,0.3014468,68.32429989,3092.0,1272.0,82.4,2026-09-17,-2.32,56.3,False
1549,300062,中能电气,6.56,3.14,3.7,-398.69,6.449609805921,0.2104084,55.71600527,-781.0,4773.0,80.0,2026-09-17,1.71,44.6,False
1550,300063,天龙集团,8.63,-0.23,2.01,64.48,8.603988891062,0.2388516,70.51510267,2212.0,787.0,77.6,2026-09-17,0.3,54.7,False
1551,300065,海兰信,15.61,1.96,1.87,549.4,15.327689942108,0.2049948,57.22664101,-487.0,4529.0,74.4,2026-09-17,1.84,42.6,False
1552,300066,三川智慧,4.65,0.65,0.31,96.43,4.64896339632,0.1717524,56.76930548,-399.0,4613.0,68.0,2026-09-17,0.02,38.6,False
1553,300067,安诺其,5.28,1.93,1.78,146.58,5.172686457549,0.23158,55.66866586,-216.0,4779.0,74.0,2026-09-17,2.07,41.2,False
1554,300068,ST南都,4.29,-0.23,2.09,-1.73,4.329377364821,0.2918176,49.83948544,-17.0,5171.0,78.4,2026-09-17,-0.91,39.1,False
1555,300069,金利华电,25.13,1.29,1.97,173.32,24.623777057154,0.184732,55.71712263,-974.0,4772.0,70.4,2026-09-17,2.06,39.2,False
1556,300070,碧水源,3.37,-0.3,0.32,200.35,3.376855991287,0.3521828,63.74889463,20.0,2729.0,72.4,2026-09-17,-0.2,46.2,False
1557,300071,福石控股,4.12,-0.48,2.07,683.97,4.126136760313,0.2727304,64.22799722,2038.0,2557.0,70.8,2026-09-17,-0.15,45.5,False
1558,300072,海新能科,3.5,0.0,0.33,-37.89,3.496450909826,0.3387136,57.13319943,-118.0,4545.0,70.8,2026-09-17,0.1,40.5,False
1559,300073,当升科技,38.68,0.62,0.83,20.23,38.49858652089,0.28232,61.94970019,-711.0,3343.0,82.4,2026-09-17,0.47,51.0,False
1560,300074,华平股份,3.62,0.0,0.99,-39.39,3.575792399182,0.1978296,59.8562029,-206.0,3960.0,67.2,2026-09-17,1.24,40.2,False
1561,300075,数字政通,10.34,0.78,0.7,-560.62,10.284735574856,0.1832532,55.28773887,-181.0,4846.0,76.0,2026-09-17,0.54,42.0,False
1562,300076,*ST宁视,4.23,-0.47,0.3,-36.72,4.219269901083,0.2805732,57.64462793,662.0,4445.0,65.2,2026-09-17,0.25,37.6,False
1563,300077,国民技术,22.11,10.55,12.24,1698.03,20.132150934072,0.2399816,54.92905392,-1790.0,4893.0,79.2,2026-09-17,9.82,43.5,False
1564,300078,思创智联,2.66,0.38,0.99,-64.4,2.644239994017,0.2058896,55.57870959,-344.0,4795.0,71.2,2026-09-17,0.6,39.6,False
1565,300079,数码视讯,4.81,0.0,0.7,151.15,4.798308483439,0.2865516,69.1686939,1466.0,1078.0,79.6,2026-09-17,0.24,55.1,False
1566,300080,易成新能,3.73,0.81,0.44,-12.07,3.678563887109,0.146128,57.76429126,-528.0,4422.0,70.4,2026-09-17,1.4,40.7,False
1567,300081,ST恒信,3.48,2.35,0.58,-10.35,3.400071056435,0.3782024,60.05808705,115.0,3909.0,72.8,2026-09-17,2.35,43.7,False
1568,300082,奥克股份,8.61,5.9,1.58,47.58,8.116011787992,0.171566,62.81996438,-843.0,3057.0,74.0,2026-09-17,6.09,46.5,False
1569,300083,创世纪,12.5,0.81,1.39,35.3,12.481141431503,0.299796,70.6411367,721.0,766.0,74.0,2026-09-17,0.15,52.3,False
1570,300084,海默科技,10.19,0.89,0.38,-77.99,10.141840063133,0.3049704,55.20380931,-1027.0,4859.0,66.4,2026-09-17,0.47,36.7,False
1571,300085,银之杰,29.8,0.17,1.87,-463.98,29.649304544179,0.2918256,53.98048007,-1317.0,4985.0,79.6,2026-09-17,0.51,43.0,False
1572,300086,康芝药业,6.3,0.64,1.72,-43.75,6.210519286113,0.118802,59.84386749,553.0,3963.0,70.0,2026-09-17,1.44,41.9,False
1573,300087,ST荃银,5.74,-1.2,0.88,-49.06,5.75370039742,0.36091,65.89691004,2581.0,2020.0,76.4,2026-09-17,-0.24,50.3,False
1574,300088,长信科技,7.21,0.0,2.03,79.24,7.264932300862,0.3582172,62.27319133,-2130.0,3242.0,76.8,2026-09-17,-0.76,47.8,False
1575,300091,*ST金灵,2.39,0.0,0.11,-3.94,2.389724765842,0.2103804,58.02690425,155.0,4360.0,66.8,2026-09-17,0.01,38.8,False
1576,300092,科新机电,11.27,-0.09,0.49,37.27,11.231224124713,0.132396,60.53807746,-1078.0,3763.0,66.4,2026-09-17,0.35,40.2,False
1577,300093,金刚光伏,21.63,-0.09,0.82,-53.77,21.2998006473,0.405718,66.02765544,2526.0,1970.0,71.2,2026-09-17,1.55,47.0,False
1578,300094,国联水产,2.95,1.03,2.96,165.75,2.875662384782,0.2458132,68.92396401,963.0,1137.0,78.4,2026-09-17,2.59,54.0,False
1579,300095,华伍股份,8.95,-0.67,1.75,22.21,8.892677977281,0.2765672,69.09314628,167.0,1098.0,74.4,2026-09-17,0.64,51.4,False
1580,300096,ST易联众,8.96,3.11,0.48,-40.44,8.638563006632,0.2374768,57.24169631,-1077.0,4525.0,67.6,2026-09-17,3.72,38.7,False
1581,300097,智云股份,10.73,9.94,7.7,-55.78,9.555858668362,0.2735908,59.04272644,871.0,4148.0,74.8,2026-09-17,12.29,44.2,False
1582,300098,高新兴,4.36,0.93,0.87,115.4,4.326379694683,0.2718096,56.43421503,-763.0,4671.0,74.8,2026-09-17,0.78,42.2,False
1583,300099,尤洛卡,6.17,1.15,0.94,75.4,6.108869548404,0.240924,62.8279764,-1606.0,3052.0,77.2,2026-09-17,1.0,48.5,False
1584,300100,双林股份,20.5,0.99,0.48,64.88,20.294145609446,0.2133232,66.88562438,1629.0,1697.0,74.4,2026-09-17,1.01,49.8,False
1585,300101,振芯科技,13.99,1.67,0.55,-415.08,13.794669166566,0.180198,58.33142204,405.0,4297.0,73.6,2026-09-17,1.42,42.9,False
1586,300102,乾照光电,17.27,2.07,0.82,87.86,17.033794891454,0.150656,59.56116257,-803.0,4026.0,75.6,2026-09-17,1.39,45.0,False
1587,300103,达刚控股,7.79,1.43,0.9,-76.76,7.635891243906,0.1407156,52.92691896,-528.0,5069.0,64.4,2026-09-17,2.02,34.1,False
1588,300105,龙源技术,7.27,0.69,0.75,201.14,7.157944950491,0.2337136,57.40741223,587.0,4499.0,62.8,2026-09-17,1.57,36.1,False
1589,300106,西部牧业,10.89,1.21,1.62,37.3,10.605030718915,0.1881368,67.42767329,1849.0,1516.0,74.8,2026-09-17,2.69,50.4,False
1590,300107,建新股份,6.57,0.31,0.7,38.62,6.550811884701,0.0950032,57.7533621,-15.0,4423.0,69.6,2026-09-17,0.29,40.2,False
1591,300109,新开源,13.03,1.24,0.95,37.21,12.875735045699,0.3806988,64.36604091,4.0,2509.0,74.4,2026-09-17,1.2,47.9,False
1592,300110,华仁药业,2.73,0.0,1.45,56.54,2.709449607723,0.2231508,60.35834868,602.0,3813.0,69.2,2026-09-17,0.76,41.8,False
1593,300111,向日葵,3.0,0.0,1.29,-155.75,2.981625767152,0.2426916,59.86677482,423.0,3955.0,69.2,2026-09-17,0.62,41.4,False
1594,300112,万讯自控,11.38,-0.96,13.83,-1246.51,11.005241277957,0.2989636,70.73843875,2222.0,740.0,80.4,2026-09-17,3.41,56.9,False
1595,300113,顺网科技,16.0,1.07,0.92,34.08,15.820708431535,0.20166,60.70952263,42.0,3717.0,73.2,2026-09-17,1.13,44.4,False
1596,300115,长盈精密,24.58,-0.41,1.28,941.8,24.432697867331,0.3669448,70.42095353,2397.0,804.0,75.2,2026-09-17,0.6,53.0,False
1597,300118,东方日升,9.03,1.8,1.42,-6.28,8.896177478006,0.2161824,57.08197008,-343.0,4552.0,74.4,2026-09-17,1.5,42.5,False
1598,300119,瑞普生物,17.1,-1.04,0.51,19.47,17.24228234534,0.1398828,69.38834902,-477.0,1018.0,70.8,2026-09-17,-0.83,49.1,False
1599,300120,经纬辉开,7.53,6.06,5.17,-52.5,7.067549026929,0.243944,52.30708212,-25.0,5104.0,70.0,2026-09-17,6.54,36.6,False
1600,300121,阳谷华泰,9.62,1.05,0.89,35.87,9.55583918019,0.2034528,62.29279844,-1927.0,3231.0,74.4,2026-09-17,0.67,46.3,False
1601,300122,智飞生物,12.69,2.75,1.39,-18.79,12.432810832665,0.2513212,53.61068988,-166.0,5012.0,86.8,2026-09-17,2.07,46.5,False
1602,300123,ST亚光,4.54,-2.37,1.71,-12.22,4.659228591624,0.330002,51.34661027,-862.0,5139.0,74.0,2026-09-17,-2.56,38.0,False
1603,300124,汇川技术,52.37,1.51,0.71,25.25,51.285469406477,0.3736272,72.21313087,199.0,476.0,79.2,2026-09-17,2.11,57.2,False
1604,300125,聆达股份,9.35,0.11,0.87,122.54,9.267690067894,0.243659607843,62.75549761,-517.0,3082.0,71.2,2026-09-17,0.89,44.7,False
1605,300126,锐奇股份,6.53,1.71,1.03,-34.29,6.321605588837,0.0327712,61.14839652,442.0,3589.0,64.8,2026-09-17,3.3,39.6,False
1606,300127,银河磁体,23.82,0.38,0.34,32.79,23.858181772307,0.1373368,64.7427141,-830.0,2390.0,74.0,2026-09-17,-0.16,47.9,False
1607,300128,锦富技术,4.97,-0.2,0.82,-27.57,4.917107033791,0.2563268,61.93986022,426.0,3347.0,75.6,2026-09-17,1.08,46.8,False
1608,300129,泰胜风能,7.71,3.91,3.89,209.03,7.3545881528,0.240506,69.02699759,1595.0,1112.0,75.2,2026-09-17,4.83,51.9,False
1609,300130,新国都,17.75,0.51,0.88,18.58,17.792078565489,0.174962,64.01873781,93.0,2629.0,77.6,2026-09-17,-0.24,49.7,False
1610,300131,英唐智控,16.02,1.2,3.02,-3138.96,15.918444097827,0.3440128,62.59892769,-675.0,3126.0,76.8,2026-09-17,0.64,48.1,False
1611,300132,诺斯贝尔,6.23,1.47,1.09,28.56,6.069663449411,0.2180604,68.09458979,1253.0,1330.0,68.8,2026-09-17,2.64,46.8,False
1612,300133,华策影视,7.17,0.7,1.3,40.28,7.108697933244,0.2917056,67.82619755,310.0,1405.0,82.4,2026-09-17,0.86,55.9,False
1613,300134,大富科技,8.5,1.43,0.55,-28.85,8.389002307545,0.124712,58.96149751,-466.0,4172.0,77.6,2026-09-17,1.32,45.8,False
1614,300135,宝利国际,3.5,0.29,0.91,124.23,3.4677858968,0.233784,59.9400984,-401.0,3942.0,74.4,2026-09-17,0.93,44.6,False
1615,300136,信维通信,58.43,1.41,1.71,187.79,57.941406015377,0.2941856,65.56499332,-561.0,2123.0,76.8,2026-09-17,0.84,50.4,False
1616,300137,先河环保,10.8,2.37,3.53,-136.34,10.348704532332,0.3723692,52.91515564,122.0,5072.0,68.4,2026-09-17,4.36,36.2,False
1617,300138,晨光生物,10.98,-1.35,0.68,14.86,11.056958398307,0.1810364,68.16363613,1845.0,1311.0,69.6,2026-09-17,-0.7,47.4,False
1618,300139,晓程科技,47.81,0.61,7.01,117.58,47.770982737859,0.3200904,59.97423949,-1272.0,3934.0,86.4,2026-09-17,0.08,51.8,False
1619,300140,节能环境,5.36,0.0,0.13,14.14,5.33402318036,0.1838164,64.10475091,13.0,2603.0,68.4,2026-09-17,0.49,43.8,False
1620,300141,和顺电气,10.17,2.21,1.19,-233.0,9.944565815843,0.0983108,57.1572292,-1926.0,4540.0,72.0,2026-09-17,2.27,41.2,False
1621,300142,沃森生物,13.3,1.76,3.25,196.26,13.135630363918,0.322228,58.35141878,371.0,4293.0,86.8,2026-09-17,1.25,50.6,False
1622,300143,盈康生命,7.32,0.83,0.37,52.84,7.247110272171,0.1841064,64.55588294,-606.0,2436.0,65.6,2026-09-17,1.01,42.3,False
1623,300144,宋城演艺,5.77,0.7,0.49,21.69,5.734302400238,0.337674,70.7232312,1593.0,747.0,78.8,2026-09-17,0.62,55.7,False
1624,300145,南方泵业,4.84,-0.62,1.63,24.85,4.913069454242,0.3137204,63.54657912,-2288.0,2797.0,76.8,2026-09-17,-1.49,48.8,False
1625,300146,汤臣倍健,9.31,0.76,0.35,13.06,9.258707204656,0.1982532,61.19986261,56.0,3572.0,74.4,2026-09-17,0.55,45.5,False
1626,300147,*ST香雪,6.56,1.55,0.63,-8.07,6.483761398931,0.2488012,55.11778557,-311.0,4872.0,72.4,2026-09-17,1.18,39.9,False
1627,300148,天舟文化,3.5,-0.28,1.39,54.87,3.505504337294,0.2153572,58.00464379,-1173.0,4368.0,72.4,2026-09-17,-0.16,42.0,False
1628,300149,睿智医药,9.13,1.0,4.24,-74.38,9.072135771656,0.2243888,65.45349238,1070.0,2151.0,68.8,2026-09-17,0.64,45.0,False
1629,300150,世纪瑞尔,4.08,0.74,0.96,-112.67,4.012808832018,0.1077488,58.2869069,-1784.0,4306.0,64.4,2026-09-17,1.67,37.5,False
1630,300151,昌红科技,20.53,1.84,3.39,270.81,20.204013148842,0.369058,61.49390767,-2776.0,3476.0,80.0,2026-09-17,1.61,49.2,False
1631,300152,*ST动力,1.67,0.0,0.66,-100.53,1.652296273454,0.3539904,57.28541919,-887.0,4519.0,70.8,2026-09-17,1.07,40.6,False
1632,300153,科泰电源,28.84,5.95,5.71,83.02,26.955223291332,0.2521612,79.3553125,42.0,42.0,80.4,2026-09-17,6.99,63.8,False
1633,300154,瑞凌股份,13.88,2.28,1.72,77.57,13.594241659316,0.2071652,65.17308781,-373.0,2255.0,72.4,2026-09-17,2.1,47.2,False
1634,300155,安居宝,4.28,-0.7,1.19,-40.58,4.27840472898,0.067422,57.67628079,598.0,4442.0,70.0,2026-09-17,0.04,40.4,False
1635,300157,新锦动力,3.78,1.07,1.34,-78.36,3.754389364378,0.2185812,51.16996358,-1.0,5148.0,69.6,2026-09-17,0.68,35.6,False
1636,300158,振东制药,5.51,6.37,3.93,-29.48,5.134991720022,0.30542,59.86261811,1170.0,3957.0,73.2,2026-09-17,7.3,43.8,False
1637,300159,新研股份,2.88,0.0,0.58,180.6,2.870467834633,0.2878744,59.15015005,197.0,4124.0,75.6,2026-09-17,0.33,44.7,False
1638,300160,秀强股份,4.39,0.0,0.36,28.28,4.343874541288,0.1697304,69.08477327,428.0,1099.0,70.4,2026-09-17,1.06,48.6,False
1639,300161,华中数控,26.01,-1.1,1.06,-28.31,26.181107225805,0.2098208,64.72342084,1095.0,2397.0,76.4,2026-09-17,-0.65,49.4,False
1640,300162,雷曼光电,7.8,-0.26,5.33,-60.31,7.873122088994,0.2164804,64.02215855,2182.0,2628.0,68.8,2026-09-17,-0.93,44.0,False
1641,300163,先锋新材,7.19,6.68,6.43,-74.74,6.572754585886,0.2903604,49.98955221,0.0,5170.0,64.0,2026-09-17,9.39,32.0,False
1642,300164,通源石油,9.16,-0.54,7.35,-109.39,9.331840718159,0.2738716,54.32801431,-187.0,4961.0,80.4,2026-09-17,-1.84,43.7,False
1643,300165,天瑞仪器,5.11,0.0,1.02,64.85,5.072817432337,0.2286068,57.32880742,531.0,4511.0,67.6,2026-09-17,0.73,38.8,False
1644,300166,东方国信,12.07,1.68,1.38,-86.25,11.960597043924,0.2310992,55.16311571,-537.0,4863.0,72.8,2026-09-17,0.91,40.2,False
1645,300167,ST迪威迅,3.82,0.53,0.34,-18.66,3.826182932135,0.2218492,54.21940964,-565.0,4966.0,65.2,2026-09-17,-0.16,35.4,False
1646,300168,万达信息,4.68,0.86,0.51,-22.48,4.653376331578,0.3456204,59.51327036,135.0,4037.0,72.8,2026-09-17,0.57,43.3,False
1647,300169,天晟新材,5.54,0.36,0.62,224.35,5.49880623431,0.06091,57.42420241,-294.0,4492.0,70.0,2026-09-17,0.75,40.2,False
1648,300170,汉得信息,15.02,0.81,1.44,82.8,14.971198161804,0.2808904,67.92952379,41.0,1379.0,80.0,2026-09-17,0.33,54.3,False
1649,300171,东富龙,14.95,4.11,3.67,53.16,14.414532894882,0.2699936,73.60665941,3147.0,333.0,77.2,2026-09-17,3.71,56.8,False
1650,300172,中电环保,4.5,0.67,0.62,23.75,4.443924287609,0.1964,59.30299931,204.0,4090.0,70.4,2026-09-17,1.26,41.7,False
1651,300173,ST福能,3.31,0.91,0.3,-18.36,3.277916278263,0.1789968,49.14334278,-74.0,5180.0,70.0,2026-09-17,0.98,34.4,False
1652,300174,元力股份,18.75,1.74,1.67,33.49,18.632003186757,0.241604,60.86819977,-2299.0,3661.0,66.4,2026-09-17,0.63,40.4,False
1653,300175,朗源股份,5.54,-1.25,0.62,-96.76,5.599004718263,0.299296,62.05320443,1246.0,3311.0,65.2,2026-09-17,-1.05,40.5,False
1654,300176,鸿特科技,4.36,0.0,0.75,-68.37,4.309776472633,0.198137142857,61.54574439,613.0,3462.0,67.2,2026-09-17,1.17,41.4,False
1655,300177,中海达,6.09,0.5,0.72,-52.77,6.074660273664,0.1674108,57.17630562,-256.0,4539.0,74.4,2026-09-17,0.25,42.5,False
1656,300179,四方达,44.09,-1.12,7.05,136.96,43.968020427629,0.3960192,71.11927451,-488.0,662.0,90.8,2026-09-17,0.28,64.6,False
1657,300180,华峰超纤,4.38,0.46,0.66,114.07,4.332358700064,0.2248756,63.49466233,1032.0,2811.0,79.6,2026-09-17,1.1,50.5,False
1658,300181,佐力药业,13.26,0.45,0.59,12.4,13.22241000599,0.2864208,63.97320111,155.0,2648.0,72.8,2026-09-17,0.28,46.6,False
1659,300182,捷成股份,5.0,-0.4,1.54,41.46,5.0023680779,0.39447,72.26664637,2814.0,466.0,82.8,2026-09-17,-0.05,59.8,False
1660,300183,东软载波,10.98,1.86,1.22,-87.54,10.807749697168,0.1608988,60.50572199,-371.0,3776.0,81.2,2026-09-17,1.59,49.1,False
1661,300184,力源信息,12.13,2.02,2.3,23.37,12.016795011603,0.2651432,64.20236211,-1984.0,2566.0,76.4,2026-09-17,0.94,49.1,False
1662,300185,通裕重工,2.77,0.36,1.0,72.19,2.749438760595,0.3867072,64.26440976,40.0,2544.0,75.6,2026-09-17,0.75,48.6,False
1663,300187,永清环保,4.54,-0.22,0.36,16.8,4.523965122278,0.1750348,63.57537546,1323.0,2783.0,66.0,2026-09-17,0.35,42.0,False
1664,300188,国投智能,10.35,1.87,0.74,-17.45,10.157729916807,0.20941,61.47459879,996.0,3486.0,79.6,2026-09-17,1.89,48.9,False
1665,300189,神农种业,6.67,-0.15,16.58,-252.98,6.436610908938,0.317936,67.16303195,3222.0,1604.0,84.8,2026-09-17,3.63,57.0,False
1666,300190,维尔利,3.78,0.27,0.48,55.65,3.746070488049,0.322784,57.96301213,72.0,4375.0,65.6,2026-09-17,0.91,38.0,False
1667,300191,潜能恒信,31.54,0.0,1.66,42.91,31.798704122275,0.27784,63.5064474,51.0,2807.0,74.8,2026-09-17,-0.81,47.5,False
1668,300192,科德教育,18.5,-1.6,1.2,228.08,18.635017550094,0.345406,74.40091543,324.0,256.0,78.8,2026-09-17,-0.72,58.6,False
1669,300193,佳士科技,7.86,1.16,0.24,21.35,7.778057426783,0.1106648,63.27647634,-647.0,2896.0,65.6,2026-09-17,1.05,41.5,False
1670,300194,福安药业,3.8,0.0,0.67,23.6,3.776578521115,0.2377392,59.28788596,-736.0,4091.0,67.2,2026-09-17,0.62,39.8,False
1671,300195,长荣股份,6.16,0.98,0.99,-111.45,6.08423245614,0.1541872,61.42632569,-534.0,3499.0,68.4,2026-09-17,1.25,42.0,False
1672,300196,长海股份,19.93,-3.77,8.99,26.05,20.398260054286,0.3147104,82.47481896,407.0,8.0,82.0,2026-09-17,-2.3,67.6,False
1673,300197,节能铁汉,1.97,0.0,1.09,-1.8,1.954197878326,0.3624816,59.59590842,140.0,4022.0,68.8,2026-09-17,0.81,41.0,False
1674,300198,*ST纳川,2.27,0.44,0.23,-14.16,2.274370617527,0.2193748,52.43037606,-12.0,5100.0,66.4,2026-09-17,-0.19,34.8,False
1675,300199,翰宇药业,23.34,-1.31,3.23,43.55,23.863209620278,0.3870088,67.46144994,1667.0,1504.0,77.2,2026-09-17,-2.19,52.1,False
1676,300200,高盟新材,8.48,1.07,0.59,34.93,8.436691972188,0.1783184,59.38160948,-953.0,4074.0,70.8,2026-09-17,0.51,42.0,False
1677,300201,海伦哲,13.13,4.29,1.53,51.95,12.672645352188,0.3144024,66.93837166,-1162.0,1688.0,70.4,2026-09-17,3.61,47.1,False
1678,300203,聚光科技,12.58,1.45,0.75,-32.79,12.368067426186,0.2317352,62.21380606,934.0,3265.0,67.6,2026-09-17,1.71,42.1,False
1679,300204,舒泰神,19.79,0.97,2.1,-145.69,19.664548237408,0.2370656,51.10746198,44.0,5149.0,69.6,2026-09-17,0.64,35.6,False
1680,300205,*ST天喻,5.01,0.6,0.21,-14.97,4.95324929972,0.1361172,59.45733485,1017.0,4052.0,66.8,2026-09-17,1.15,39.7,False
1681,300206,理邦仪器,11.48,1.77,0.9,16.48,11.223446733808,0.2300524,71.61803703,791.0,575.0,69.2,2026-09-17,2.29,49.6,False
1682,300207,欣旺达,19.99,-1.19,3.03,30.64,20.01951973674,0.382144,70.5141794,-691.0,788.0,95.6,2026-09-17,-0.15,67.4,False
1683,300209,行云科技,32.93,-4.19,7.15,1272.53,35.066162174322,0.45758,58.2364853,-2060.0,4319.0,77.6,2026-09-17,-6.09,45.2,False
1684,300210,森远股份,7.47,1.36,0.77,-61.3,7.324958007406,0.2729432,56.88677567,587.0,4587.0,66.8,2026-09-17,1.98,38.0,False
1685,300211,*ST亿通,7.0,0.29,0.21,-59.99,7.005468852459,0.2504772,55.60828029,56.0,4789.0,65.6,2026-09-17,-0.08,36.5,False
1686,300212,*ST易录,7.9,0.77,0.47,-9.12,7.912778381452,0.2242088,51.28193296,-116.0,5144.0,74.4,2026-09-17,-0.16,38.2,False
1687,300213,佳讯飞鸿,6.35,0.32,0.73,386.14,6.333360020924,0.1403424,55.78040917,-674.0,4765.0,72.0,2026-09-17,0.26,40.2,False
1688,300214,日科化学,10.13,0.2,1.43,77.78,10.123232269557,0.27796,55.00578766,-695.0,4885.0,70.0,2026-09-17,0.07,38.5,False
1689,300215,电科院,6.34,1.28,0.58,89.76,6.252889442717,0.135298,62.17506413,-189.0,3273.0,71.2,2026-09-17,1.39,44.3,False
1690,300217,东方电热,4.05,0.5,0.43,72.87,4.037695052092,0.2901628,59.54997207,225.0,4030.0,71.6,2026-09-17,0.3,42.6,False
1691,300218,安利股份,12.46,0.32,0.26,40.58,12.422787396563,0.1185332,61.77274535,-472.0,3396.0,64.8,2026-09-17,0.3,40.0,False
1692,300219,鸿利智汇,6.88,0.29,1.06,58.63,6.914097881585,0.2158456,65.25072451,-500.0,2230.0,66.4,2026-09-17,-0.49,43.3,False
1693,300220,金运激光,11.17,2.38,0.73,-175.72,10.794333319111,0.0213676,55.65505732,-988.0,4781.0,68.8,2026-09-17,3.48,38.3,False
1694,300221,银禧科技,13.96,-1.41,3.12,35.41,14.326182002972,0.3094584,75.12066031,17.0,210.0,81.6,2026-09-17,-2.56,61.3,False
1695,300222,科大智能,10.15,1.3,1.07,42.32,10.0264891854,0.199772,59.9910758,-1623.0,3928.0,74.8,2026-09-17,1.23,44.9,False
1696,300223,君正股份,144.58,7.05,4.84,31.08,134.979572230489,0.3946552,73.18380763,-13.0,369.0,78.8,2026-09-17,7.11,57.7,False
1697,300224,正海磁材,11.28,0.98,0.36,38.38,11.219959677686,0.173538,63.58506653,-634.0,2781.0,74.4,2026-09-17,0.54,47.3,False
1698,300225,金力泰,8.29,1.97,1.71,206.04,8.2062251066,0.347192,68.12937938,-495.0,1318.0,72.4,2026-09-17,1.02,49.3,False
1699,300226,上海钢联,16.62,0.67,1.01,25.5,16.506137094157,0.2160964,68.42845731,501.0,1241.0,73.2,2026-09-17,0.69,50.1,False
1700,300227,光韵达,11.27,1.26,2.4,227.54,11.155510312164,0.191016,52.04036133,-268.0,5120.0,76.4,2026-09-17,1.03,39.8,False
1701,300228,富瑞特装,6.7,1.06,0.73,31.36,6.624162393893,0.2001488,65.65985761,-1320.0,2097.0,71.2,2026-09-17,1.14,46.7,False
1702,300229,拓尔思,12.97,1.25,1.08,-33.57,12.861634695936,0.2060248,57.07496328,-32.0,4553.0,79.6,2026-09-17,0.84,45.4,False
1703,300230,永利股份,4.33,0.93,0.33,15.35,4.250175570975,0.2221744,69.74658381,159.0,945.0,66.4,2026-09-17,1.88,46.3,False
1704,300231,银信科技,8.16,0.74,0.88,106.17,8.062636762225,0.189652,59.58621682,-1563.0,4023.0,68.4,2026-09-17,1.21,40.8,False
1705,300232,洲明科技,5.44,1.3,0.56,92.02,5.374770527736,0.1501276,62.26606373,-674.0,3247.0,70.8,2026-09-17,1.21,44.1,False
1706,300233,金城医药,13.19,0.92,1.76,18.23,13.047566692852,0.1940436,63.08596568,-798.0,2951.0,68.4,2026-09-17,1.09,43.2,False
1707,300234,开尔新材,11.97,5.65,5.9,-2484.87,11.004073196268,0.355668,65.37230423,2136.0,2187.0,64.8,2026-09-17,8.78,42.4,False
1708,300235,方直科技,12.11,4.4,3.68,263.56,11.588505850716,0.176512,64.91611289,-1057.0,2327.0,73.6,2026-09-17,4.5,47.8,False
1709,300236,上海新阳,91.79,1.81,1.32,67.45,90.235235129432,0.3021068,69.21162119,-943.0,1064.0,79.2,2026-09-17,1.72,54.8,False
1710,300237,ST美晨,2.27,-0.44,0.62,-47.07,2.245129966629,0.357164,62.29276884,-206.0,3232.0,72.4,2026-09-17,1.11,45.1,False
1711,300238,冠昊生物,11.22,1.54,1.32,112.35,10.94357071675,0.1180496,60.97118744,164.0,3635.0,70.0,2026-09-17,2.53,42.7,False
1712,300239,东宝生物,4.94,0.82,0.66,39.2,4.868832137788,0.1486,64.83114839,449.0,2362.0,65.6,2026-09-17,1.46,42.5,False
1713,300240,飞力达,6.07,0.0,0.71,45.83,5.986991972526,0.1006152,64.32220402,831.0,2529.0,68.8,2026-09-17,1.39,44.3,False
1714,300241,瑞丰光电,5.93,-0.17,1.2,39.55,5.912031306504,0.1933376,62.33698723,-2022.0,3211.0,69.2,2026-09-17,0.3,43.1,False
1715,300242,佳云科技,3.9,-0.26,0.81,-92.92,3.867277501204,0.186562727273,61.06219073,-929.0,3609.0,69.2,2026-09-17,0.85,42.3,False
1716,300243,瑞丰高材,21.26,0.19,15.74,50.42,21.340904763151,0.3551972,72.3215792,-355.0,458.0,84.4,2026-09-17,-0.38,61.0,False
1717,300244,迪安诊断,18.84,2.22,5.47,25.34,18.506716651664,0.2363316,65.36757444,-200.0,2188.0,75.2,2026-09-17,1.8,49.2,False
1718,300245,ST天玑,5.94,-0.17,1.86,-19.05,5.936702340805,0.3037684,65.14433249,1643.0,2267.0,73.6,2026-09-17,0.06,47.9,False
1719,300246,宝莱特,15.18,1.13,1.2,-58.27,14.966076088156,0.267365636364,56.28337194,-918.0,4707.0,68.4,2026-09-17,1.43,38.5,False
1720,300247,融捷健康,3.62,0.56,0.43,32.92,3.591940326025,0.164488,64.40456956,-31.0,2503.0,66.8,2026-09-17,0.78,43.0,False
1721,300248,新开普,8.23,0.37,0.56,-33.42,8.168808018698,0.1524768,62.4327179,1244.0,3184.0,74.4,2026-09-17,0.75,46.4,False
1722,300249,依米康,13.33,0.83,2.77,145.55,13.218308610882,0.2649372,66.46754084,-180.0,1821.0,74.0,2026-09-17,0.84,49.2,False
1723,300250,初灵信息,15.1,1.62,1.87,867.85,14.889334075361,0.155384,62.46097862,-32.0,3178.0,76.0,2026-09-17,1.41,47.5,False
1724,300251,光线传媒,11.06,1.0,0.43,491.47,10.921844802697,0.2878944,60.85519562,166.0,3664.0,76.8,2026-09-17,1.26,46.7,False
1725,300252,金信诺,12.59,-0.08,3.22,172.35,12.658969686803,0.2340184,65.82827394,-1724.0,2048.0,88.8,2026-09-17,-0.54,58.5,False
1726,300253,卫宁健康,6.77,1.2,1.48,-42.24,6.680348005802,0.2750424,64.02383761,1661.0,2627.0,76.4,2026-09-17,1.34,48.9,False
1727,300254,仟源医药,8.73,1.16,2.45,261.96,8.551505332706,0.101948,63.72800177,1034.0,2736.0,67.2,2026-09-17,2.09,42.8,False
1728,300255,常山药业,22.69,-0.92,1.37,-622.05,22.893020702142,0.3043908,56.54721572,466.0,4650.0,71.2,2026-09-17,-0.89,40.3,False
1729,300256,星星科技,2.67,-0.74,0.4,-95.91,2.673362463345,0.236032,65.28740956,561.0,2215.0,77.6,2026-09-17,-0.13,50.7,False
1730,300257,开山股份,18.19,2.13,0.44,47.24,17.950749225285,0.155558,62.5641734,72.0,3138.0,67.6,2026-09-17,1.33,42.3,False
1731,300258,精锻科技,8.88,1.14,0.39,-94.56,8.833977459988,0.1801452,55.81235149,38.0,4758.0,67.6,2026-09-17,0.52,37.7,False
1732,300259,新天科技,4.02,0.0,0.68,109.49,4.007441792013,0.2765156,62.33043696,998.0,3213.0,62.8,2026-09-17,0.31,39.1,False
1733,300260,新莱应材,62.31,3.33,3.06,127.1,59.776603926021,0.3125336,71.12677389,-416.0,661.0,78.8,2026-09-17,4.24,56.0,False
1734,300261,雅本化学,4.79,0.84,0.55,-14.47,4.747991112965,0.2464152,54.89376333,-469.0,4898.0,75.2,2026-09-17,0.88,41.3,False
1735,300263,隆华科技,10.22,0.99,1.55,43.51,10.199401023128,0.2788588,59.19989573,-1873.0,4106.0,73.6,2026-09-17,0.2,43.6,False
1736,300264,佳创视讯,6.03,-0.82,2.17,-113.93,6.099350240843,0.2629172,62.89244841,2025.0,3024.0,68.4,2026-09-17,-1.14,43.0,False
1737,300265,通光线缆,13.7,1.86,3.18,-163.4,13.510459146668,0.2038324,57.05033852,-1604.0,4560.0,76.0,2026-09-17,1.4,43.4,False
1738,300266,兴源环境,1.86,-0.53,0.71,-13.86,1.840921246719,0.3216352,60.96671814,525.0,3639.0,68.0,2026-09-17,1.04,41.5,False
1739,300267,尔康制药,3.21,0.63,1.08,74.44,3.205639715793,0.2850972,55.30645237,-965.0,4840.0,69.6,2026-09-17,0.14,38.5,False
1740,300268,佳沃食品,11.78,0.0,0.94,-270.37,11.645151570347,0.1221952,61.36655844,14.0,3518.0,66.0,2026-09-17,1.16,40.5,False
1741,300269,联建光电,4.71,0.64,0.93,-48.99,4.671479817508,0.1248464,52.84852755,40.0,5075.0,68.4,2026-09-17,0.82,36.1,False
1742,300270,中威电子,10.53,3.03,1.6,173.35,10.296942497026,0.206004,57.01048624,436.0,4570.0,66.4,2026-09-17,2.26,37.9,False
1743,300271,华宇软件,5.62,1.44,1.3,-40.13,5.543059564562,0.2379388,61.75157029,-304.0,3400.0,74.4,2026-09-17,1.39,45.9,False
1744,300272,开能健康,5.7,1.06,0.59,43.13,5.626380012585,0.1179012,58.70126199,-1146.0,4216.0,66.0,2026-09-17,1.31,38.7,False
1745,300274,阳光电源,86.01,1.58,1.69,16.96,84.937719439246,0.408886,73.31163888,295.0,360.0,89.2,2026-09-17,1.26,65.4,False
1746,300275,梅安森,9.0,0.67,0.93,53.16,8.926882011227,0.092972,61.36112156,-827.0,3521.0,67.6,2026-09-17,0.82,41.5,False
1747,300276,三丰智能,5.99,0.67,0.54,268.23,5.960731529125,0.1830704,55.92123488,100.0,4741.0,72.8,2026-09-17,0.49,40.7,False
1748,300277,汽轮科技,12.69,2.01,1.28,37.82,12.337981435966,0.3021488,71.66464806,1318.0,568.0,73.2,2026-09-17,2.85,52.5,False
1749,300278,华昌达,3.46,0.29,0.45,-127.6,3.438208766273,0.151928,56.6767583,37.0,4629.0,69.2,2026-09-17,0.63,39.2,False
1750,300279,和晶科技,5.99,2.57,2.69,90.52,5.81409751328,0.207468,67.6873539,72.0,1444.0,74.4,2026-09-17,3.03,50.4,False
1751,300281,金明精机,6.75,0.45,0.73,182.96,6.728014875832,0.1703836,60.99236123,-2367.0,3626.0,68.4,2026-09-17,0.33,41.7,False
1752,300283,温州宏丰,14.06,0.5,7.1,37.83,14.184193582134,0.2883664,70.07179481,-645.0,877.0,75.2,2026-09-17,-0.88,52.7,False
1753,300284,苏交科,5.09,1.19,0.35,40.37,5.014332688147,0.216748,60.57512756,906.0,3750.0,71.6,2026-09-17,1.51,43.4,False
1754,300285,国瓷材料,66.66,0.83,4.25,91.61,67.101821568999,0.3954284,68.64959853,-1168.0,1196.0,93.6,2026-09-17,-0.66,64.3,False
1755,300286,安科瑞,19.32,2.49,1.63,22.25,18.815105098533,0.1795848,65.34021596,1481.0,2198.0,64.4,2026-09-17,2.68,42.1,False
1756,300287,飞利信,3.54,0.57,0.75,-43.2,3.525604115011,0.2263072,58.94226993,812.0,4176.0,72.8,2026-09-17,0.41,42.9,False
1757,300288,朗玛信息,9.58,0.21,0.66,-324.47,9.524438622503,0.0828376,58.58490575,60.0,4240.0,70.0,2026-09-17,0.58,41.0,False
1758,300289,利德曼,5.82,1.57,0.76,-222.56,5.690657619509,0.1546568,58.30947193,-513.0,4301.0,65.2,2026-09-17,2.27,38.0,False
1759,300290,ST荣科,7.18,-2.71,3.75,-15.1,7.381079160888,0.25742,58.61585281,881.0,4233.0,82.8,2026-09-17,-2.72,48.5,False
1760,300291,百纳千成,5.32,-1.3,2.05,-848.26,5.309821805131,0.2495132,67.57551722,2752.0,1472.0,72.8,2026-09-17,0.19,49.2,False
1761,300292,吴通控股,4.66,0.43,2.74,41.51,4.708437095265,0.2960428,73.90643521,-289.0,300.0,84.8,2026-09-17,-1.03,62.7,False
1762,300293,蓝英装备,14.6,2.24,0.5,-121.88,14.319517671825,0.1519996,55.35961147,-1443.0,4830.0,74.4,2026-09-17,1.96,41.2,False
1763,300294,博雅生物,14.34,1.7,0.67,70.63,14.070309905074,0.2148312,54.17815409,-356.0,4970.0,70.4,2026-09-17,1.92,38.1,False
1764,300295,*ST三六,11.53,1.14,0.44,422.88,11.399480609418,0.2339844,58.44976031,14.0,4271.0,68.0,2026-09-17,1.14,39.7,False
1765,300296,利亚德,4.89,0.41,0.48,95.89,4.874947234632,0.3048056,67.46252906,75.0,1503.0,74.8,2026-09-17,0.31,50.5,False
1766,300298,三诺生物,15.74,0.96,0.41,19.8,15.556814490226,0.1328772,63.67516962,455.0,2754.0,69.2,2026-09-17,1.18,44.1,False
1767,300299,富春股份,5.47,0.0,0.66,56.59,5.467386362643,0.1576448,58.83950904,-559.0,4194.0,77.2,2026-09-17,0.05,45.4,False
1768,300300,海峡创新,9.36,6.36,13.5,-99.5,8.903215687752,0.2512596,64.45193842,-2208.0,2479.0,88.8,2026-09-17,5.13,57.2,False
1769,300301,ST长方,3.45,-0.58,0.35,-33.11,3.463075978134,0.3259752,51.68502394,-252.0,5131.0,65.2,2026-09-17,-0.38,33.7,False
1770,300302,同有科技,28.65,3.17,3.35,26.63,27.895446463372,0.2307852,60.0654137,-691.0,3906.0,74.0,2026-09-17,2.7,44.4,False
1771,300303,聚飞光电,6.89,0.58,0.92,57.17,6.925624928288,0.2586044,66.26137719,-1280.0,1892.0,74.4,2026-09-17,-0.51,49.3,False
1772,300304,云意电气,11.31,3.86,1.28,29.64,10.929286139396,0.2825464,63.18683051,-159.0,2925.0,68.4,2026-09-17,3.48,43.2,False
1773,300305,裕兴股份,6.48,0.47,1.77,-13.97,6.391220109436,0.1742772,57.64040788,-1024.0,4448.0,69.2,2026-09-17,1.39,39.9,False
1774,300306,远方信息,10.24,0.29,0.52,42.39,10.142554329467,0.0538968,65.31611171,1483.0,2207.0,66.4,2026-09-17,0.96,43.4,False
1775,300307,慈星股份,7.16,0.7,0.7,16.54,7.167850946578,0.1443884,65.78031396,-651.0,2057.0,70.8,2026-09-17,-0.11,46.6,False
1776,300308,中际旭创,898.0,0.22,1.05,38.74,907.708375521634,0.6054156,76.18843837,-137.0,147.0,93.6,2026-09-17,-1.07,71.3,False
1777,300310,宜通世纪,4.32,0.47,1.04,-160.74,4.27373642167,0.2186496,68.47942944,283.0,1229.0,72.0,2026-09-17,1.08,49.3,False
1778,300311,任子行,5.75,2.5,10.03,-40.34,5.595482031183,0.279779803922,71.77398444,1655.0,548.0,84.4,2026-09-17,2.76,60.6,False
1779,300313,天山生物,13.29,-5.14,10.73,376.88,13.785642219693,0.2499828,70.23921863,2281.0,843.0,80.0,2026-09-17,-3.6,56.2,False
1780,300314,戴维医疗,11.64,1.13,2.41,69.58,11.500053018724,0.1279268,68.02605634,-698.0,1357.0,70.0,2026-09-17,1.22,47.6,False
1781,300315,掌趣科技,4.0,-0.25,0.78,149.35,4.007422724874,0.3354516,60.06411346,-829.0,3908.0,81.6,2026-09-17,-0.19,49.0,False
1782,300316,晶盛机电,40.92,1.39,0.21,115.37,40.686494350805,0.2262712,65.4028922,-1337.0,2172.0,76.4,2026-09-17,0.57,50.0,False
1783,300317,珈伟新能,4.13,3.25,5.12,-179.43,4.005312691138,0.2556872,51.02286959,-506.0,5153.0,74.8,2026-09-17,3.11,38.2,False
1784,300318,博晖创新,4.9,0.2,0.52,-128.24,4.830615148414,0.098614,59.64247226,688.0,4005.0,69.2,2026-09-17,1.44,41.3,False
1785,300319,麦捷科技,21.15,0.67,7.2,62.18,21.379780446543,0.3728652,66.11409997,-1040.0,1940.0,92.0,2026-09-17,-1.07,60.8,False
1786,300320,海达股份,8.4,-1.52,0.89,19.09,8.474609335034,0.3472968,70.1634963,679.0,858.0,66.4,2026-09-17,-0.88,46.6,False
1787,300321,同大股份,34.66,0.93,1.35,350.35,34.52582740835,0.1920792,64.04098964,451.0,2620.0,63.2,2026-09-17,0.39,40.5,False
1788,300322,硕贝德,17.37,0.46,1.88,158.02,17.353723664395,0.1812772,59.16262921,-892.0,4118.0,76.8,2026-09-17,0.09,45.4,False
1789,300323,华灿光电,11.36,0.35,3.66,4490.38,11.356968153147,0.3234756,68.37274042,2116.0,1258.0,74.0,2026-09-17,0.03,50.6,False
1790,300324,旋极信息,3.39,1.5,0.84,-20.79,3.352766263992,0.1866872,54.25426909,-709.0,4965.0,74.0,2026-09-17,1.11,40.1,False
1791,300326,ST凯利,6.22,1.3,0.33,16.65,6.098343270552,0.1654504,61.26908061,-77.0,3555.0,68.8,2026-09-17,1.99,42.2,False
1792,300327,中颖电子,25.36,1.85,1.38,60.97,24.847485760083,0.2343324,66.17230858,-498.0,1919.0,77.6,2026-09-17,2.06,51.3,False
1793,300328,宜安科技,12.26,-0.16,1.61,-79.96,12.268260331757,0.2515768,50.69941826,19.0,5161.0,80.4,2026-09-17,-0.07,40.8,False
1794,300329,海伦钢琴,12.02,1.01,0.42,-30.78,11.91618387553,0.149534,52.81033026,-857.0,5077.0,67.2,2026-09-17,0.87,35.5,False
1795,300331,苏大维格,48.5,2.15,2.03,126.54,47.663496031117,0.25685,62.15810393,-1972.0,3281.0,74.4,2026-09-17,1.76,46.2,False
1796,300332,天壕能源,4.94,0.2,1.67,29.08,4.866073825943,0.287914,62.01165123,384.0,3324.0,69.6,2026-09-17,1.52,43.2,False
1797,300333,兆日科技,11.53,3.22,5.43,41.63,11.189829790715,0.203198,54.51597572,-599.0,4938.0,81.2,2026-09-17,3.04,44.3,False
1798,300334,津膜科技,8.69,1.05,1.06,-172.84,8.561393595497,0.1683276,60.73022569,-622.0,3702.0,65.6,2026-09-17,1.5,39.8,False
1799,300335,迪森股份,5.54,0.54,1.22,28.14,5.439891852982,0.1401372,56.58792434,-1756.0,4643.0,70.4,2026-09-17,1.84,39.8,False
1800,300337,银邦股份,9.42,2.06,0.96,43.73,9.228131037872,0.1536076,55.6192659,-49.0,4786.0,72.8,2026-09-17,2.08,40.5,False
1801,300338,*ST开元,3.08,-2.22,1.07,-17.42,3.064806191454,0.208228,66.89896123,2918.0,1695.0,66.4,2026-09-17,0.5,44.4,False
1802,300339,润和软件,34.58,1.02,0.72,166.59,34.36592181682,0.2210204,62.02774503,43.0,3320.0,78.8,2026-09-17,0.62,48.9,False
1803,300340,科恒股份,8.49,0.0,0.67,-34.77,8.490367171438,0.0799876,60.09715464,753.0,3898.0,73.2,2026-09-17,-0.0,44.0,False
1804,300341,麦克奥迪,12.9,4.03,0.65,30.19,12.416331952886,0.1088768,67.21425049,1118.0,1587.0,70.0,2026-09-17,3.9,47.0,False
1805,300342,天银机电,32.01,1.75,1.13,274.03,31.702723536138,0.1777288,57.6011688,-1719.0,4460.0,74.0,2026-09-17,0.97,42.6,False
1806,300343,联创股份,5.49,-0.54,0.53,103.43,5.557266543648,0.311196,57.03593592,-1370.0,4562.0,70.8,2026-09-17,-1.21,40.4,False
1807,300345,华民股份,7.72,-2.15,9.52,-17.98,7.782905742326,0.281442,69.21759366,1552.0,1061.0,69.6,2026-09-17,-0.81,48.2,False
1808,300346,南大光电,55.73,0.65,4.03,75.28,55.539684277075,0.3689284,75.56486823,63.0,180.0,80.4,2026-09-17,0.34,60.8,False
1809,300347,泰格医药,57.68,1.18,1.97,-60.1,57.106773765961,0.2699428,70.25512513,-311.0,840.0,82.8,2026-09-17,1.0,58.2,False
1810,300348,长亮科技,9.43,0.53,0.87,-85.78,9.41654545765,0.1840568,66.99701222,1313.0,1674.0,80.4,2026-09-17,0.14,53.9,False
1811,300349,金卡智能,10.0,1.01,0.59,25.45,9.900971196336,0.1619116,63.24189346,-1390.0,2911.0,66.8,2026-09-17,1.0,42.2,False
1812,300350,华鹏飞,4.36,0.69,1.52,-124.88,4.258550683657,0.1640728,58.77137794,125.0,4209.0,68.0,2026-09-17,2.38,40.0,False
1813,300351,永贵电器,14.28,0.92,1.09,-173.67,14.111362631758,0.1806976,61.04309579,-641.0,3612.0,71.2,2026-09-17,1.2,43.5,False
1814,300352,ST信源,2.74,-0.36,1.22,-17.7,2.745732058693,0.2587876,58.19541224,572.0,4329.0,78.8,2026-09-17,-0.21,45.9,False
1815,300353,东土科技,16.56,1.97,1.22,-194.55,16.201617583133,0.272808,57.83760348,-1211.0,4402.0,73.6,2026-09-17,2.21,42.6,False
1816,300354,东华测试,27.35,1.26,0.58,48.6,26.951573742541,0.1589208,70.56804347,-145.0,779.0,67.6,2026-09-17,1.48,47.7,False
1817,300355,蒙草生态,2.78,0.36,0.38,-30.66,2.757869948866,0.279838,59.55940325,311.0,4027.0,72.0,2026-09-17,0.8,42.9,False
1818,300357,我武生物,19.38,0.68,0.92,23.77,19.178740382989,0.263292,68.94262235,2140.0,1132.0,72.4,2026-09-17,1.05,49.9,False
1819,300358,楚天科技,8.49,3.66,4.02,20.89,8.195958097647,0.3198624,66.83069753,-323.0,1715.0,75.6,2026-09-17,3.59,50.5,False
1820,300359,全通教育,4.01,-0.99,0.94,-30.57,4.02118095556,0.1497472,61.45439596,-824.0,3491.0,69.2,2026-09-17,-0.28,42.5,False
1821,300360,炬华科技,11.14,0.54,0.31,16.21,11.114543025686,0.1862488,68.10331938,1442.0,1326.0,69.2,2026-09-17,0.23,47.1,False
1822,300363,博腾股份,22.53,2.08,3.13,-27.31,22.172714831435,0.3059496,67.93130648,1048.0,1378.0,79.2,2026-09-17,1.61,53.8,False
1823,300364,中文在线,24.3,0.0,3.78,-205.87,24.346569225026,0.3449076,71.34897318,2815.0,623.0,87.2,2026-09-17,-0.19,62.2,False
1824,300365,恒华科技,4.53,0.44,1.13,-43.64,4.483528072204,0.2141472,57.85836802,40.0,4396.0,68.4,2026-09-17,1.04,39.6,False
1825,300366,ST创意,5.38,0.75,0.42,-13.66,5.295607568472,0.2222036,54.83892489,-62.0,4904.0,73.2,2026-09-17,1.59,40.1,False
1826,300368,汇金股份,8.83,0.34,2.54,-101.41,8.863737779318,0.1659652,50.37564076,-1244.0,5167.0,84.4,2026-09-17,-0.38,42.5,False
1827,300369,绿盟科技,8.27,4.68,6.91,-25.98,7.984425005343,0.2758948,63.97072417,-245.0,2650.0,82.8,2026-09-17,3.58,53.0,False
1828,300370,安控科技,2.11,-0.94,0.83,-33.8,2.095957806123,0.3049556,61.2587832,317.0,3557.0,72.0,2026-09-17,0.67,44.1,False
1829,300371,汇中股份,9.85,0.0,0.71,62.72,9.772499099446,0.0683964,61.59782764,35.0,3452.0,64.8,2026-09-17,0.79,39.9,False
1830,300373,扬杰科技,92.88,3.14,1.76,32.74,90.894320869768,0.36349,71.90479819,-208.0,520.0,82.4,2026-09-17,2.18,59.2,False
1831,300374,中铁装配,10.8,0.28,0.62,-27.29,10.615786685274,0.152688,64.42147814,1092.0,2495.0,70.4,2026-09-17,1.74,45.4,False
1832,300375,鹏翎股份,4.09,0.0,0.44,90.63,4.057966459142,0.1604264,58.08551921,172.0,4352.0,67.2,2026-09-17,0.79,39.0,False
1833,300376,易事特,4.18,-0.24,0.36,-33.1,4.153852029339,0.2382916,60.14076304,891.0,3885.0,72.8,2026-09-17,0.63,43.8,False
1834,300377,赢时胜,13.74,0.51,1.18,-65.83,13.729920634865,0.2489452,61.13920594,-1666.0,3594.0,79.2,2026-09-17,0.07,48.4,False
1835,300378,鼎捷数智,36.04,0.53,2.11,25.97,35.827672918663,0.2266036,75.50503197,710.0,188.0,83.2,2026-09-17,0.59,62.8,False
1836,300380,安硕信息,27.8,0.94,0.71,150.07,27.63241233524,0.145632,62.33920755,-1836.0,3210.0,74.0,2026-09-17,0.61,46.1,False
1837,300381,溢多利,5.54,-0.36,1.16,-273.15,5.532431826856,0.2060316,59.99390898,11.0,3927.0,66.4,2026-09-17,0.14,39.8,False
1838,300382,斯莱克,16.12,4.88,2.0,-65.86,15.551399353421,0.2952368,52.89559053,-793.0,5073.0,70.8,2026-09-17,3.66,37.5,False
1839,300383,光环新网,11.28,-0.27,0.92,166.59,11.19414707654,0.323574,62.27627923,1706.0,3240.0,75.2,2026-09-17,0.77,46.8,False
1840,300384,三联虹普,11.64,0.17,0.32,23.96,11.539429971388,0.20955,65.6994312,1560.0,2085.0,66.8,2026-09-17,0.87,43.9,False
1841,300385,ST雪浪,12.97,2.94,0.87,-24.09,12.654506624747,0.2370608,52.26539383,-996.0,5105.0,64.4,2026-09-17,2.49,33.7,False
1842,300386,飞天诚信,11.01,1.57,1.15,-37.93,10.844804185072,0.1846976,61.49297312,1062.0,3478.0,78.4,2026-09-17,1.52,48.2,False
1843,300387,富邦科技,7.36,0.27,0.97,19.29,7.260544619734,0.145182,63.33611521,524.0,2877.0,70.0,2026-09-17,1.37,44.3,False
1844,300388,节能国祯,6.73,0.75,0.18,11.32,6.666967221425,0.096166,59.50082695,-1337.0,4041.0,66.4,2026-09-17,0.95,39.5,False
1845,300389,艾比森,12.74,1.59,0.65,16.25,12.504930472657,0.0902984,66.33271345,-1165.0,1869.0,67.6,2026-09-17,1.88,44.8,False
1846,300390,天华新能,52.77,0.19,1.51,9.56,52.760581036059,0.29319,68.38808112,2162.0,1253.0,74.0,2026-09-17,0.02,50.6,False
1847,300393,中来股份,5.97,2.23,0.89,-9.42,5.850123671392,0.1783804,49.75507734,-11.0,5172.0,72.0,2026-09-17,2.05,35.8,False
1848,300394,天孚通信,282.78,1.85,2.69,128.07,277.992053630079,0.5274068,84.64123561,2.0,2.0,93.2,2026-09-17,1.72,78.9,False
1849,300395,菲利华,93.6,-2.45,3.36,83.47,98.530099797394,0.37368,67.35358311,-738.0,1530.0,86.4,2026-09-17,-5.0,58.2,False
1850,300396,ST迪瑞,7.13,1.57,0.34,127.97,6.921552795031,0.1262404,57.85401141,555.0,4397.0,66.4,2026-09-17,3.01,38.4,False
1851,300397,天和防务,10.77,1.41,1.05,-201.03,10.633209932662,0.2069788,54.1088914,-222.0,4977.0,73.6,2026-09-17,1.29,39.8,False
1852,300398,飞凯材料,37.69,1.54,4.62,40.21,36.776059557879,0.3682172,78.61821678,47.0,54.0,79.6,2026-09-17,2.49,62.6,False
1853,300399,天利科技,19.34,0.78,0.93,148.07,19.191580553878,0.125836,63.72400567,-2145.0,2739.0,74.0,2026-09-17,0.77,47.2,False
1854,300400,劲拓股份,36.22,-0.71,2.07,76.7,36.399298159417,0.3184164,69.10432473,-211.0,1093.0,80.8,2026-09-17,-0.49,55.8,False
1855,300401,花园生物,16.29,1.12,4.08,33.64,15.684859986869,0.3738332,71.74980888,1742.0,551.0,74.0,2026-09-17,3.86,53.1,False
1856,300402,宝色股份,14.57,0.48,0.3,63.88,14.385774762551,0.0889572,60.161595,-1515.0,3874.0,71.6,2026-09-17,1.28,43.1,False
1857,300403,汉宇集团,8.66,0.93,0.79,29.29,8.553423572019,0.1535024,64.3656145,839.0,2510.0,71.2,2026-09-17,1.25,45.8,False
1858,300404,博济医药,13.13,0.0,14.58,68.08,13.131032931506,0.2315628,79.81592209,550.0,31.0,72.8,2026-09-17,-0.01,58.1,False
1859,300405,科隆股份,5.66,0.89,1.35,115.1,5.529848319749,0.0582952,59.55874547,-517.0,4028.0,67.2,2026-09-17,2.35,40.0,False
1860,300406,九强生物,11.43,1.33,0.54,15.93,11.25395444712,0.1608704,64.82676365,93.0,2365.0,71.2,2026-09-17,1.56,46.2,False
1861,300407,凯发电气,10.54,0.29,0.62,118.93,10.508764283055,0.1147724,61.50408761,-1354.0,3472.0,65.6,2026-09-17,0.3,40.3,False
1862,300408,三环集团,128.27,0.2,1.23,66.28,128.260951974078,0.4088164,72.57465031,-422.0,428.0,92.4,2026-09-17,0.01,67.1,False
1863,300409,道氏技术,17.05,0.65,0.63,22.99,17.071980189267,0.2008984,62.15858816,-814.0,3280.0,76.0,2026-09-17,-0.13,47.2,False
1864,300410,正业科技,8.73,1.75,3.3,74.57,8.655096603627,0.1563256,65.39675029,-1505.0,2176.0,81.6,2026-09-17,0.87,53.4,False
1865,300411,金盾股份,8.5,0.35,0.84,499.47,8.47626173808,0.1330688,57.97848018,-48.0,4373.0,74.8,2026-09-17,0.28,43.4,False
1866,300412,迦南科技,4.37,0.92,0.92,-521.21,4.291949708972,0.1180108,57.0411781,-92.0,4561.0,66.4,2026-09-17,1.82,37.9,False
1867,300413,芒果超媒,18.07,-0.39,5.89,83.8,18.021915522222,0.3342344,74.48740871,1078.0,246.0,84.8,2026-09-17,0.27,63.2,False
1868,300414,中光防雷,11.35,2.99,1.91,153.57,11.042941137479,0.1050992,58.69814229,-681.0,4217.0,78.4,2026-09-17,2.78,46.0,False
1869,300415,伊之密,18.71,-1.06,0.5,13.69,18.907466736952,0.23165,72.23850424,1428.0,471.0,67.2,2026-09-17,-1.04,48.5,False
1870,300416,苏试试验,14.29,1.42,0.98,28.07,14.158642797927,0.2398912,64.32799798,-474.0,2526.0,69.2,2026-09-17,0.93,44.5,False
1871,300417,南华仪器,11.4,1.69,1.8,698.2,11.066912829461,0.069486,57.61874188,-463.0,4453.0,65.6,2026-09-17,3.01,37.8,False
1872,300418,昆仑万维,43.53,0.07,2.0,25.71,43.498973169312,0.3908488,73.90434896,1191.0,301.0,86.4,2026-09-17,0.07,63.9,False
1873,300419,ST浩丰,7.57,0.26,1.32,-60.69,7.486511754748,0.4140764,46.90996627,-78.0,5191.0,66.8,2026-09-17,1.12,31.3,False
1874,300420,五洋自控,7.47,1.63,2.22,-1277.9,7.425282471273,0.3199864,56.71244338,-1469.0,4620.0,73.6,2026-09-17,0.6,41.7,False
1875,300421,力星股份,17.08,2.03,1.35,118.37,16.622739916276,0.2254888,65.03153002,307.0,2301.0,70.0,2026-09-17,2.75,45.5,False
1876,300422,博世科,4.02,1.01,0.8,-29.6,3.94957634991,0.1461336,57.36109913,-73.0,4503.0,65.2,2026-09-17,1.78,37.4,False
1877,300423,昇辉科技,5.58,0.54,1.08,-14.03,5.490725664935,0.0975172,52.84325235,-42.0,5076.0,65.6,2026-09-17,1.63,34.7,False
1878,300424,航新科技,15.79,1.94,3.87,-119.99,15.147571470141,0.2480152,67.4213174,636.0,1518.0,79.6,2026-09-17,4.24,53.7,False
1879,300425,中建环能,3.99,0.25,0.42,190.81,3.930345611953,0.2218792,65.50127314,531.0,2140.0,67.2,2026-09-17,1.52,44.0,False
1880,300426,华智数媒,7.37,2.08,1.94,38.96,7.160844699771,0.1796636,67.29686735,1076.0,1552.0,69.6,2026-09-17,2.92,46.8,False
1881,300427,红相股份,6.98,5.92,6.71,-108.54,6.627755563696,0.1782172,63.75639101,-364.0,2726.0,78.8,2026-09-17,5.31,50.2,False
1882,300428,立中集团,19.57,-0.15,0.3,11.62,19.59721331611,0.107116,70.7378811,-19.0,741.0,75.2,2026-09-17,-0.14,53.2,False
1883,300429,强力新材,11.64,1.39,3.01,-51.88,11.494488839199,0.2411052,57.41697878,-2208.0,4496.0,78.4,2026-09-17,1.27,45.0,False
1884,300430,*ST益通,4.83,-2.23,3.72,-22.68,4.927387550693,0.2045644,50.34808689,-38.0,5168.0,74.4,2026-09-17,-1.98,37.5,False
1885,300432,富临精工,13.74,0.88,0.74,41.67,13.695109350153,0.2561428,70.99245737,1040.0,688.0,76.8,2026-09-17,0.33,54.5,False
1886,300433,蓝思科技,33.06,-1.14,0.9,151.28,33.687984344825,0.40247,70.04122763,-106.0,884.0,83.6,2026-09-17,-1.86,58.6,False
1887,300434,金石亚药,12.2,-2.32,17.66,25.67,12.242883111442,0.5541496,75.0557885,2174.0,216.0,63.6,2026-09-17,-0.35,47.7,False
1888,300435,中泰股份,16.94,2.67,0.87,25.04,16.578204848449,0.170426,63.93124178,-1835.0,2666.0,71.2,2026-09-17,2.18,45.5,False
1889,300436,广生堂,86.49,1.72,1.28,-106.64,85.79557219342,0.3480388,54.77206811,168.0,4910.0,70.4,2026-09-17,0.81,38.6,False
1890,300437,清水源,10.81,-0.18,1.25,-753.12,10.846205883521,0.0797136,58.77980191,-1476.0,4207.0,69.2,2026-09-17,-0.33,40.7,False
1891,300438,鹏辉能源,51.57,0.68,1.77,15.9,51.295445744325,0.2566684,67.70137536,763.0,1439.0,76.0,2026-09-17,0.54,51.5,False
1892,300439,美康生物,9.56,0.21,0.72,29.62,9.490072895743,0.1449212,62.24613179,710.0,3254.0,67.2,2026-09-17,0.74,41.8,False
1893,300440,运达科技,17.84,0.56,1.21,-430.12,18.145857996861,0.4213612,57.32916135,-381.0,4510.0,63.2,2026-09-17,-1.69,36.2,False
1894,300441,鲍斯股份,7.0,0.86,0.21,21.53,6.872793654381,0.1977388,66.9448083,-116.0,1683.0,65.6,2026-09-17,1.85,43.9,False
1895,300442,润泽科技,62.7,0.74,0.46,42.75,62.619173969035,0.332964,71.88226045,-443.0,526.0,85.6,2026-09-17,0.13,61.5,False
1896,300443,金雷股份,20.39,0.15,2.97,22.9,19.896042882121,0.2476544,77.02469121,1570.0,111.0,78.0,2026-09-17,2.48,60.1,False
1897,300444,双杰电气,9.03,2.15,2.44,15.52,8.861866837636,0.2121848,54.73338089,-1135.0,4915.0,76.0,2026-09-17,1.9,41.6,False
1898,300445,康斯特,19.0,1.88,0.98,26.9,18.607202049317,0.085516,66.10246896,-1151.0,1944.0,67.2,2026-09-17,2.11,44.4,False
1899,300446,航天智造,12.97,2.85,0.57,22.57,12.650594233724,0.1338468,66.84575029,-284.0,1711.0,72.4,2026-09-17,2.52,48.4,False
1900,300447,全信股份,14.24,0.78,0.69,84.9,14.093719281171,0.10849,61.34014501,-2307.0,3530.0,72.0,2026-09-17,1.04,44.2,False
1901,300448,浩云科技,5.51,0.73,0.75,-222.33,5.470812857998,0.1332588,59.97759467,-2.0,3932.0,69.2,2026-09-17,0.72,41.5,False
1902,300449,汉邦高科,6.87,0.59,0.58,-75.62,6.8215231869,0.1432544,56.81901812,-3.0,4602.0,66.0,2026-09-17,0.71,37.5,False
1903,300450,先导智能,32.15,0.88,1.22,28.15,31.796804179007,0.3384328,70.72773023,974.0,745.0,83.6,2026-09-17,1.11,59.1,False
1904,300451,创业慧康,3.36,0.9,0.59,-13.2,3.332548226632,0.180762,56.02519606,-613.0,4729.0,71.2,2026-09-17,0.82,39.9,False
1905,300452,山河药辅,12.86,1.1,1.16,15.67,12.674494866359,0.1857948,69.02455617,1586.0,1114.0,69.2,2026-09-17,1.46,47.8,False
1906,300453,三鑫医疗,9.04,0.67,0.5,17.86,8.961824959366,0.2713632,68.03138936,1382.0,1353.0,68.4,2026-09-17,0.87,46.5,False
1907,300454,深信服,143.14,4.12,3.79,133.58,136.303888571161,0.4196264,81.75291023,345.0,12.0,86.4,2026-09-17,5.02,70.6,False
1908,300455,航天智装,17.27,3.35,0.46,2422.7,16.836510551157,0.0972044,55.28191625,-513.0,4849.0,72.8,2026-09-17,2.57,40.2,False
1909,300456,赛微电子,36.17,2.7,3.24,4.9,35.559809331641,0.2564952,63.10091988,-1874.0,2943.0,89.2,2026-09-17,1.72,56.3,False
1910,300457,赢合科技,21.25,1.19,0.51,19.54,21.057543313501,0.2274812,66.44094544,-259.0,1831.0,79.2,2026-09-17,0.91,52.6,False
1911,300458,全志科技,30.83,3.01,2.39,31.25,29.973912193411,0.2997464,68.17729312,-1008.0,1309.0,80.4,2026-09-17,2.86,54.8,False
1912,300459,汤姆猫,3.56,-0.56,0.85,121.3,3.575100510694,0.3325656,61.02172387,150.0,3616.0,79.2,2026-09-17,-0.42,48.3,False
1913,300460,ST惠伦,8.83,3.27,0.94,-32.63,8.571300869752,0.2337788,55.29772912,241.0,4843.0,70.0,2026-09-17,3.02,38.7,False
1914,300461,田中精机,33.42,0.27,4.57,-156.15,32.582945240454,0.1658036,67.1154877,3036.0,1627.0,68.0,2026-09-17,2.57,45.6,False
1915,300462,ST华铭,11.29,0.53,0.32,-22.81,11.079553169883,0.2838272,60.30562881,354.0,3827.0,65.2,2026-09-17,1.9,39.3,False
1916,300463,迈克生物,9.1,1.56,0.56,80.31,8.946649294957,0.1391028,57.61271709,-711.0,4456.0,68.8,2026-09-17,1.71,39.6,False
1917,300464,星徽股份,11.22,13.45,10.02,449.35,9.822513591518,0.2888516,66.48497321,-1120.0,1819.0,81.6,2026-09-17,14.23,54.3,False
1918,300465,高伟达,11.32,0.27,0.77,273.33,11.252995838251,0.2329984,65.85532321,1758.0,2037.0,78.4,2026-09-17,0.6,51.6,False
1919,300466,赛摩智能,7.1,-0.42,0.47,153.05,7.06881570343,0.0967756,62.0139101,1019.0,3323.0,70.8,2026-09-17,0.44,43.9,False
1920,300467,迅游科技,32.86,-0.3,0.46,338.05,33.120635864297,0.2175456,55.38856858,-84.0,4823.0,68.0,2026-09-17,-0.79,37.7,False
1921,300468,四方精创,21.83,-1.13,2.82,159.37,22.030235066574,0.2624012,64.33387691,714.0,2523.0,86.0,2026-09-17,-0.91,55.3,False
1922,300469,信息发展,49.7,-0.06,0.66,-92.68,50.081511725235,0.3704212,57.49597997,645.0,4475.0,67.6,2026-09-17,-0.76,38.9,False
1923,300470,中密控股,27.42,1.22,0.43,21.14,27.07557039298,0.2010644,65.29164494,54.0,2213.0,69.6,2026-09-17,1.27,45.4,False
1924,300471,厚普股份,9.98,2.15,0.72,28.25,9.663894445739,0.1506844,63.89374635,-301.0,2679.0,72.4,2026-09-17,3.27,46.3,False
1925,300472,ST新元,6.8,-0.15,0.28,-30.18,6.746630202946,0.287949019608,54.93535535,-2.0,4892.0,66.0,2026-09-17,0.79,36.3,False
1926,300473,德尔股份,30.38,0.46,1.53,27.59,29.981271251802,0.2413084,70.57301606,-740.0,777.0,83.2,2026-09-17,1.33,58.7,False
1927,300474,景嘉微,50.42,0.24,1.05,-122.06,49.197112270711,0.2880404,64.90095078,1514.0,2333.0,77.6,2026-09-17,2.49,50.4,False
1928,300475,香农芯创,172.88,5.4,4.0,11.15,165.941508839888,0.3718164,69.27475269,-900.0,1048.0,86.4,2026-09-17,4.18,59.9,False
1929,300476,胜宏科技,225.3,1.08,1.79,38.75,226.00314101822,0.4794436,72.29775147,-410.0,461.0,85.2,2026-09-17,-0.31,61.6,False
1930,300477,ST合纵,2.63,-0.75,0.83,-11.97,2.676981714234,0.2893696,53.49847758,-109.0,5019.0,72.8,2026-09-17,-1.76,38.9,False
1931,300478,杭州高新,34.46,2.19,2.46,-170.01,33.118829695677,0.3391552,67.21455594,2561.0,1585.0,70.4,2026-09-17,4.05,47.3,False
1932,300479,神思电子,14.56,0.48,0.8,-46.1,14.402736736255,0.0939032,65.76154424,341.0,2063.0,75.2,2026-09-17,1.09,49.5,False
1933,300480,光力科技,32.93,3.04,2.47,82.19,32.013809770278,0.2254348,66.7881277,-1498.0,1733.0,76.0,2026-09-17,2.86,50.8,False
1934,300481,濮阳惠成,14.21,1.36,1.15,33.32,14.060805981794,0.1825688,59.02255276,-2386.0,4156.0,66.4,2026-09-17,1.06,39.2,False
1935,300482,万孚生物,15.92,0.95,0.53,30.41,15.730051756002,0.1951316,58.55501487,779.0,4253.0,72.4,2026-09-17,1.21,42.4,False
1936,300483,首华燃气,23.49,1.69,0.96,24.22,23.192335511015,0.2091768,67.35666312,-976.0,1529.0,76.4,2026-09-17,1.28,51.5,False
1937,300484,蓝海华腾,12.54,0.4,0.68,75.26,12.421484081479,0.0815908,58.56932535,-1689.0,4247.0,70.0,2026-09-17,0.95,41.0,False
1938,300485,赛升药业,8.39,1.57,1.19,-14.06,8.26538058713,0.1559516,58.29089241,255.0,4305.0,66.4,2026-09-17,1.51,38.7,False
1939,300486,东杰智能,18.01,-0.94,0.61,344.71,18.044752567369,0.2864748,59.86852674,59.0,3954.0,70.4,2026-09-17,-0.19,42.1,False
1940,300487,蓝晓科技,68.56,1.45,0.55,41.5,67.91808950858,0.2177336,71.67122039,-468.0,566.0,73.2,2026-09-17,0.95,52.5,False
1941,300488,恒锋工具,37.36,-0.43,2.28,33.46,37.189043947785,0.3104368,79.11714188,142.0,44.0,74.0,2026-09-17,0.46,58.5,False
1942,300489,光智科技,219.64,-1.77,7.11,-1658.76,227.749273751489,0.4756464,70.12009318,1743.0,868.0,78.0,2026-09-17,-3.56,54.7,False
1943,300490,华自科技,10.71,0.94,1.39,19.42,10.600009365266,0.1898792,55.18936261,-186.0,4860.0,73.6,2026-09-17,1.04,40.6,False
1944,300491,通合科技,37.0,2.07,4.09,3056.16,36.103240275162,0.3500056,73.35706958,354.0,356.0,74.8,2026-09-17,2.48,54.9,False
1945,300492,华图山鼎,21.8,0.09,0.3,92.2,21.91536577995,0.1102296,61.38186954,-1874.0,3514.0,64.4,2026-09-17,-0.53,39.5,False
1946,300493,润欣科技,12.8,3.14,1.13,70.95,12.432731365438,0.1506704,66.5068081,-1197.0,1810.0,75.6,2026-09-17,2.95,50.3,False
1947,300494,盛天网络,7.98,0.38,0.62,-16.51,7.934020177794,0.1021984,62.34205239,383.0,3207.0,73.2,2026-09-17,0.58,45.6,False
1948,300496,中科创达,54.7,0.42,0.99,51.42,54.050792295931,0.31092,72.59373731,1181.0,422.0,76.8,2026-09-17,1.2,55.8,False
1949,300497,富祥股份,21.78,-0.37,4.1,33.15,21.856723410731,0.350286,64.63388813,-1198.0,2414.0,84.8,2026-09-17,-0.35,54.8,False
1950,300498,温氏股份,14.74,0.75,0.27,-11.23,14.577301294018,0.3287064,66.42663083,5.0,1838.0,83.6,2026-09-17,1.12,55.5,False
1951,300499,高澜股份,37.23,-2.69,8.06,220.82,38.793600086899,0.411044,72.96923987,3.0,387.0,90.4,2026-09-17,-4.03,66.0,False
1952,300500,启迪设计,9.29,0.54,0.71,20.27,9.127628829196,0.046676,54.35048994,-489.0,4959.0,68.4,2026-09-17,1.78,37.2,False
1953,300501,海顺新材,9.47,0.74,0.43,-83.12,9.292954664529,0.0658468,52.80802458,-682.0,5078.0,64.8,2026-09-17,1.91,34.2,False
1954,300502,新易盛,429.3,1.17,1.31,39.76,428.819800239077,0.5735804,82.04922757,-6.0,9.0,93.2,2026-09-17,0.11,76.5,False
1955,300503,昊志机电,66.01,0.66,1.74,44.13,65.720586918835,0.2645212,66.27475579,-1188.0,1889.0,73.2,2026-09-17,0.44,48.5,False
1956,300504,天邑股份,17.68,0.74,2.26,43.65,17.527670209895,0.1634444,62.64065101,-1968.0,3115.0,75.2,2026-09-17,0.87,47.1,False
1957,300505,川金诺,19.37,1.04,4.43,21.49,18.962185570591,0.2799372,71.34836336,1819.0,624.0,80.0,2026-09-17,2.15,57.1,False
1958,300506,名家汇,4.71,0.86,0.7,-100.39,4.647974131461,0.3163912,56.06979379,1.0,4723.0,62.4,2026-09-17,1.33,35.0,False
1959,300507,苏奥传感,6.46,0.94,0.5,79.35,6.355929860661,0.1857448,61.29630544,-1739.0,3544.0,71.2,2026-09-17,1.64,43.6,False
1960,300508,维宏股份,39.58,1.96,1.48,360.41,38.843970243243,0.1285684,66.94131287,-455.0,1687.0,68.4,2026-09-17,1.89,45.8,False
1961,300509,新美星,8.79,0.23,0.61,23.58,8.723892645563,0.0449736,66.44625401,-418.0,1827.0,65.2,2026-09-17,0.76,43.3,False
1962,300510,金冠股份,3.37,0.6,1.45,-19.05,3.312312769297,0.2458812,60.850442,-389.0,3666.0,71.2,2026-09-17,1.74,43.3,False
1963,300511,雪榕生物,5.04,1.0,2.82,90.45,4.957667677226,0.2571224,64.3616206,-421.0,2512.0,74.4,2026-09-17,1.66,47.9,False
1964,300512,中亚股份,7.4,0.68,0.59,43.29,7.222823382344,0.1195592,69.10001815,262.0,1094.0,63.6,2026-09-17,2.45,43.9,False
1965,300513,恒实科技,7.17,0.14,0.8,-24.12,7.104870435682,0.118782,55.3365534,-3.0,4835.0,67.2,2026-09-17,0.92,37.2,False
1966,300514,友讯达,10.07,0.8,0.66,-61.52,9.880664426892,0.0486396,60.14427316,-1058.0,3883.0,66.0,2026-09-17,1.92,39.7,False
1967,300515,三德科技,15.59,2.36,0.71,18.31,15.138140930735,0.144978,65.40651671,-131.0,2170.0,66.0,2026-09-17,2.98,43.2,False
1968,300516,久之洋,35.5,4.44,1.49,324.78,34.087287228863,0.1242452,62.99311183,-1776.0,2978.0,73.6,2026-09-17,4.14,46.4,False
1969,300517,海波重科,11.8,-1.58,3.03,-152.12,11.794350184342,0.2229096,59.33504858,822.0,4083.0,66.0,2026-09-17,0.05,39.2,False
1970,300518,新迅达,24.42,2.18,2.39,-42.74,24.160980976954,0.342218,53.00959422,2.0,5062.0,62.4,2026-09-17,1.07,33.1,False
1971,300519,新光药业,13.96,0.36,0.97,28.12,13.77951880935,0.1027568,65.08415868,1756.0,2287.0,64.4,2026-09-17,1.31,41.9,False
1972,300520,科大国创,22.58,2.4,1.9,-30.63,22.101259699653,0.1711948,52.61045126,-18.0,5085.0,73.6,2026-09-17,2.17,38.7,False
1973,300521,爱司凯,24.72,1.94,0.77,-115.17,23.90308530862,0.3196916,61.99240712,1001.0,3329.0,65.2,2026-09-17,3.42,40.4,False
1974,300522,世名科技,14.67,0.34,7.63,1588.35,14.807216409502,0.2494792,64.89380734,-1148.0,2336.0,79.2,2026-09-17,-0.93,51.4,False
1975,300523,辰安科技,21.37,1.09,0.6,-42.17,20.941752804145,0.197768,62.51796458,1233.0,3159.0,69.6,2026-09-17,2.04,43.5,False
1976,300525,博思软件,7.7,0.92,0.69,-60.39,7.662509953427,0.1982024,62.81912907,-371.0,3058.0,66.0,2026-09-17,0.49,41.5,False
1977,300527,ST应急,8.08,2.15,0.52,281.73,8.101761057376,0.2630352,63.4643911,-2046.0,2827.0,75.2,2026-09-17,-0.27,47.7,False
1978,300528,幸福蓝海,14.24,1.79,2.3,-58.02,13.853870102073,0.304412,63.65498355,1701.0,2762.0,69.6,2026-09-17,2.79,44.3,False
1979,300529,健帆生物,15.13,0.67,0.33,15.82,15.001686224272,0.2410144,66.87645751,1615.0,1701.0,71.6,2026-09-17,0.86,47.9,False
1980,300530,领湃科技,19.47,0.88,1.04,-97.72,19.199896238336,0.160994,56.5579913,-432.0,4648.0,72.8,2026-09-17,1.41,41.2,False
1981,300531,优博讯,15.38,1.65,0.92,26.03,15.214597948412,0.1857132,63.46576241,-1611.0,2826.0,70.8,2026-09-17,1.09,44.9,False
1982,300532,今天国际,7.0,0.43,0.3,16.8,6.978130043734,0.2049704,64.326007,-1180.0,2527.0,63.2,2026-09-17,0.31,40.7,False
1983,300533,冰川网络,14.17,0.28,1.05,-102.53,14.065737232234,0.1577992,57.86065,-1163.0,4395.0,70.4,2026-09-17,0.74,40.7,False
1984,300534,陇神戎发,12.68,-0.31,13.2,140.3,12.933783565466,0.25837,62.55434852,2020.0,3145.0,70.8,2026-09-17,-1.96,44.3,False
1985,300535,达威股份,15.38,1.05,0.88,-94.93,15.074320950215,0.0694192,60.53015926,864.0,3769.0,61.6,2026-09-17,2.03,37.3,False
1986,300536,农尚环境,8.62,0.0,0.88,-43.42,8.602193458379,0.2014608,57.3930859,428.0,4500.0,64.0,2026-09-17,0.21,36.7,False
1987,300537,广信材料,21.67,0.46,4.59,151.21,21.756722507798,0.220846,67.50578497,-787.0,1489.0,84.0,2026-09-17,-0.4,56.7,False
1988,300538,同益股份,14.5,1.61,0.99,-210.62,14.357282727814,0.0946068,56.24127278,-131.0,4711.0,67.6,2026-09-17,0.99,38.0,False
1989,300539,横河精密,17.85,0.73,3.6,118.76,17.816800234882,0.181884,67.48406031,3202.0,1497.0,65.6,2026-09-17,0.19,44.3,False
1990,300540,蜀道装备,27.39,2.32,2.39,91.62,26.628965984229,0.2136972,64.21590104,-540.0,2561.0,67.2,2026-09-17,2.86,43.2,False
1991,300541,先进数通,9.44,1.72,0.89,-136.45,9.277508397278,0.15808,60.79610321,189.0,3684.0,72.8,2026-09-17,1.75,44.3,False
1992,300542,新晨科技,12.16,0.91,0.78,-189.28,11.983040821844,0.122008,67.12775706,256.0,1621.0,78.0,2026-09-17,1.48,52.4,False
1993,300543,朗科智能,7.53,-0.13,0.7,-45.81,7.441061378127,0.0736992,57.11977043,85.0,4546.0,68.0,2026-09-17,1.2,38.8,False
1994,300545,联得装备,27.39,1.37,1.87,48.48,27.161105940072,0.172416,64.54673723,612.0,2441.0,70.8,2026-09-17,0.84,45.7,False
1995,300546,雄帝科技,16.85,1.32,1.36,-110.87,16.60862208768,0.1334968,62.50284712,-520.0,3164.0,78.4,2026-09-17,1.45,49.0,False
1996,300547,川环科技,25.1,-1.72,1.78,36.24,25.713599277888,0.183892,66.05801568,-356.0,1960.0,73.2,2026-09-17,-2.39,48.4,False
1997,300548,长芯博创,237.26,2.54,3.38,108.81,232.166911197901,0.337036,75.62851693,-151.0,177.0,90.8,2026-09-17,2.19,68.7,False
1998,300549,优德精密,14.3,0.49,1.05,284.09,14.054354568699,0.0518632,64.65597812,153.0,2410.0,65.6,2026-09-17,1.75,42.4,False
1999,300550,和仁科技,14.1,1.73,0.96,-58.58,13.917110479736,0.1921464,68.23605582,-331.0,1294.0,66.0,2026-09-17,1.31,45.0,False
2000,300551,古鳌科技,11.12,-0.98,1.1,5.97,11.135792455133,0.1842612,62.20098484,-2241.0,3268.0,73.6,2026-09-17,-0.14,45.8,False
2001,300552,万集科技,20.62,0.59,1.15,-68.38,20.449565653923,0.1615996,55.8442183,138.0,4755.0,74.4,2026-09-17,0.83,41.5,False
2002,300553,集智股份,66.94,1.45,4.96,2572.77,65.897983914322,0.337032,58.45327556,-1768.0,4270.0,72.4,2026-09-17,1.58,42.3,False
2003,300554,三超新材,22.91,6.26,5.87,-140.37,21.489762528824,0.1252072,58.35303686,218.0,4292.0,68.0,2026-09-17,6.61,39.7,False
2004,300555,ST路通,12.3,0.82,0.15,-57.13,12.22542981867,0.2851576,51.69631648,-307.0,5130.0,64.0,2026-09-17,0.61,33.1,False
2005,300556,丝路视觉,15.75,0.45,2.03,900.05,15.603529062871,0.23781,57.15712595,87.0,4541.0,71.2,2026-09-17,0.94,40.7,False
2006,300557,理工光科,25.65,1.02,0.76,84.59,25.50462521881,0.22031,59.56553206,-969.0,4025.0,64.4,2026-09-17,0.57,38.4,False
2007,300558,贝达药业,47.14,1.31,1.76,33.02,46.729167109035,0.2437188,62.1232152,-151.0,3293.0,73.6,2026-09-17,0.88,45.7,False
2008,300559,佳发教育,12.7,-0.24,1.23,110.84,12.541254237935,0.3228756,72.41074742,891.0,451.0,67.2,2026-09-17,1.27,48.7,False
2009,300560,中富通,18.2,0.94,3.1,139.87,17.901818395843,0.279048,60.10555428,-330.0,3894.0,69.2,2026-09-17,1.67,41.6,False
2010,300561,汇金科技,15.57,1.83,2.49,-533.53,15.414656878228,0.2521712,54.68736252,-1264.0,4920.0,72.4,2026-09-17,1.01,39.6,False
2011,300562,乐心股份,16.99,1.37,5.23,30.98,16.981638647721,0.207996,66.79889259,288.0,1726.0,78.0,2026-09-17,0.05,52.1,False
2012,300563,神宇股份,26.93,2.94,7.19,114.02,26.415231381836,0.2061532,64.68080766,-1930.0,2407.0,85.2,2026-09-17,1.95,55.1,False
2013,300564,筑博设计,12.14,1.68,0.84,-540.08,11.822031833736,0.067124,58.6360188,-28.0,4225.0,61.6,2026-09-17,2.69,36.1,False
2014,300565,科信技术,9.97,1.22,2.31,-50.49,9.779232581671,0.0823612,51.72906537,-63.0,5128.0,71.2,2026-09-17,1.95,36.8,False
2015,300566,激智科技,25.79,1.94,3.82,29.29,25.518288427357,0.3012928,62.7784333,-878.0,3074.0,69.2,2026-09-17,1.06,43.4,False
2016,300567,精测电子,219.0,6.95,2.67,408.24,206.619045617459,0.331109454545,67.93959007,-687.0,1376.0,77.2,2026-09-17,5.99,52.4,False
2017,300568,星源材质,15.6,2.09,2.45,57.19,15.389275087815,0.2786228,62.90806432,-424.0,3018.0,84.4,2026-09-17,1.37,53.1,False
2018,300569,天能重工,5.07,-0.2,1.36,51.0,5.016686381949,0.2533992,68.00220173,305.0,1364.0,81.2,2026-09-17,1.06,55.2,False
2019,300570,太辰光,228.83,5.95,10.96,147.39,212.005955575217,0.4374488,78.97682367,114.0,47.0,90.8,2026-09-17,7.94,71.7,False
2020,300571,平治信息,28.7,0.31,3.08,-210.84,29.207041336774,0.1832776,60.34328992,-20.0,3817.0,68.8,2026-09-17,-1.74,41.5,False
2021,300572,安车检测,24.34,0.87,0.84,-73.19,24.09969101215,0.231146,54.87171431,-271.0,4900.0,68.4,2026-09-17,1.0,37.5,False
2022,300573,兴齐眼药,36.38,0.3,0.59,15.0,36.485248611723,0.275196,68.1179338,386.0,1321.0,72.0,2026-09-17,-0.29,49.0,False
2023,300575,中旗股份,6.03,-5.04,5.17,29.22,6.13401882563,0.2696028,71.89019198,2102.0,524.0,67.2,2026-09-17,-1.7,48.3,False
2024,300576,容大感光,30.08,1.31,3.32,145.72,29.821242927036,0.2197288,61.30463012,-3008.0,3542.0,80.8,2026-09-17,0.87,49.5,False
2025,300577,开润股份,20.27,0.7,1.2,11.52,19.995535788206,0.2598872,78.3081352,-22.0,64.0,65.2,2026-09-17,1.37,51.1,False
2026,300578,会畅科技,15.3,0.99,0.88,-49.72,15.008500351065,0.0988528,56.47296633,132.0,4663.0,70.0,2026-09-17,1.94,39.5,False
2027,300579,数字认证,22.83,1.2,1.5,-63.33,22.731743135187,0.13262,63.56251941,-756.0,2790.0,80.4,2026-09-17,0.43,51.1,False
2028,300580,贝斯特,18.37,-0.76,0.96,31.56,18.417200311078,0.25314,69.08186853,2585.0,1101.0,70.0,2026-09-17,-0.26,48.4,False
2029,300581,晨曦航空,10.36,1.47,0.69,-85.66,10.204636038268,0.171038,50.9986352,-12.0,5155.0,74.0,2026-09-17,1.52,37.7,False
2030,300582,英飞特,10.6,0.47,0.93,73.44,10.472652318071,0.1364436,60.68878577,836.0,3722.0,70.8,2026-09-17,1.22,43.0,False
2031,300583,赛托生物,13.17,2.17,1.28,41.33,12.803015274433,0.0701472,66.06063768,2480.0,1958.0,65.6,2026-09-17,2.87,43.3,False
2032,300584,海辰药业,31.3,-0.06,1.43,58.57,31.21375174628,0.195012,61.43614946,462.0,3495.0,67.2,2026-09-17,0.28,41.3,False
2033,300585,奥联电子,16.32,-0.37,1.46,-93.46,16.239309396486,0.2781584,64.63250289,1681.0,2416.0,69.2,2026-09-17,0.5,44.7,False
2034,300586,美联新材,9.7,0.83,2.33,340.24,9.776487861846,0.2254428,57.9063585,-2017.0,4387.0,74.8,2026-09-17,-0.78,43.3,False
2035,300587,天铁科技,4.66,1.08,0.8,93.86,4.594547978277,0.1712604,51.43098543,-144.0,5137.0,63.6,2026-09-17,1.42,32.7,False
2036,300588,熙菱信息,21.57,2.32,1.21,-57.49,20.952468243963,0.284368,59.42849362,235.0,4060.0,67.2,2026-09-17,2.95,39.9,False
2037,300589,江龙船艇,13.94,4.03,6.15,-168.2,13.26126645548,0.1792748,60.99049319,512.0,3628.0,79.2,2026-09-17,5.12,48.3,False
2038,300590,移为通信,11.43,0.79,2.15,29.94,11.320602032469,0.1916504,61.10033387,-723.0,3600.0,71.2,2026-09-17,0.97,43.5,False
2039,300591,万里马,6.72,1.51,2.11,-1251.19,6.625007954502,0.2529928,60.58930069,1128.0,3748.0,67.6,2026-09-17,1.43,41.0,False
2040,300592,华凯易佰,21.07,0.96,2.97,24.98,20.561383453337,0.3065288,79.95320999,223.0,27.0,73.6,2026-09-17,2.47,58.8,False
2041,300593,新雷能,32.87,4.42,1.94,-119.83,31.69944267297,0.2551944,60.10248114,-2819.0,3896.0,75.2,2026-09-17,3.69,45.2,False
2042,300594,ST朗进,15.0,4.09,1.86,-15.48,14.293704130091,0.1467428,55.84471428,-3.0,4754.0,64.4,2026-09-17,4.94,36.0,False
2043,300595,欧普康视,10.04,0.6,0.48,19.36,9.963157594259,0.2498968,68.08969979,711.0,1332.0,75.2,2026-09-17,0.77,51.2,False
2044,300596,利安隆,40.4,1.58,0.4,15.6,39.780839096419,0.178016,66.12703636,-522.0,1934.0,64.4,2026-09-17,1.56,42.6,False
2045,300597,吉大通信,7.81,0.39,0.49,-78.39,7.736746802313,0.137864,58.26437933,-1748.0,4310.0,65.2,2026-09-17,0.95,38.0,False
2046,300598,诚迈科技,30.37,0.96,1.39,-150.23,30.056118534738,0.1974244,59.26533516,-57.0,4096.0,84.4,2026-09-17,1.04,50.0,False
2047,300599,雄塑科技,11.88,3.57,1.36,141.93,11.549966733015,0.280878,61.76684513,447.0,3397.0,64.8,2026-09-17,2.86,40.0,False
2048,300600,国瑞科技,10.64,2.01,1.85,-73.37,10.31357530312,0.1082512,62.12742651,-137.0,3291.0,78.0,2026-09-17,3.17,48.5,False
2049,300601,康泰生物,12.17,3.4,1.66,134.89,11.747549096104,0.2537256,60.15689684,613.0,3879.0,82.8,2026-09-17,3.6,49.8,False
2050,300602,飞荣达,38.79,0.88,2.13,45.03,38.75346291407,0.2663028,66.24505748,-1639.0,1898.0,82.8,2026-09-17,0.09,54.9,False
2051,300603,立昂技术,8.04,0.5,1.21,-38.2,7.980171364023,0.178442,61.4218589,199.0,3500.0,75.2,2026-09-17,0.75,46.2,False
2052,300604,长川科技,277.6,3.91,2.17,92.98,270.236913935243,0.4423804,72.05351993,-260.0,493.0,80.8,2026-09-17,2.72,58.2,False
2053,300605,恒锋信息,10.03,1.01,1.39,-21.65,9.825916494835,0.0685204,53.00478361,-190.0,5063.0,67.6,2026-09-17,2.08,35.8,False
2054,300606,金太阳,32.9,0.7,2.48,173.06,32.846526281748,0.2111932,59.81744731,-505.0,3970.0,65.6,2026-09-17,0.16,39.2,False
2055,300607,拓斯达,33.16,0.0,3.28,75.83,33.093936476303,0.268988,60.99113811,65.0,3627.0,82.0,2026-09-17,0.2,50.0,False
2056,300608,思特奇,9.69,0.73,0.83,-16.46,9.60549151585,0.06536,57.03291193,117.0,4564.0,69.2,2026-09-17,0.88,39.5,False
2057,300609,汇纳科技,23.86,2.45,1.03,-18.48,23.203261259304,0.1330104,59.61962748,860.0,4014.0,67.6,2026-09-17,2.83,40.3,False
2058,300610,晨化股份,10.25,1.28,0.74,19.55,10.060049510479,0.1326736,64.60560673,286.0,2423.0,65.2,2026-09-17,1.89,42.1,False
2059,300611,美力科技,27.14,3.12,1.24,24.59,26.268682508388,0.1605224,66.62846941,587.0,1777.0,69.6,2026-09-17,3.32,46.4,False
2060,300612,宣亚国际,12.06,3.79,3.03,-33.08,11.529816907255,0.113468,66.30112763,1996.0,1880.0,69.2,2026-09-17,4.6,45.9,False
2061,300613,富瀚微,77.34,3.24,3.36,25.75,75.17528641635,0.2643656,72.79885374,-322.0,403.0,82.8,2026-09-17,2.88,60.3,False
2062,300614,百川畅银,10.09,0.3,0.98,-14.83,9.905363951182,0.033022,53.14378721,-767.0,5048.0,63.6,2026-09-17,1.86,33.8,False
2063,300615,欣天科技,14.17,0.07,3.91,-29.81,14.012979343864,0.176841636364,57.30519914,518.0,4517.0,70.4,2026-09-17,1.12,40.3,False
2064,300616,尚品宅配,10.01,0.7,1.35,-4.83,9.887001237241,0.0894752,55.7744526,99.0,4767.0,63.6,2026-09-17,1.24,35.5,False
2065,300617,安靠智电,36.18,1.71,1.24,39.23,35.622197680418,0.1756644,61.20139504,-167.0,3571.0,68.0,2026-09-17,1.57,41.6,False
2066,300618,寒锐钴业,31.87,1.27,0.51,50.03,31.526797266269,0.2086728,60.9383591,-26.0,3644.0,77.6,2026-09-17,1.09,47.3,False
2067,300619,金银河,26.18,0.5,1.4,197.45,26.188245480255,0.2281784,65.04732621,1530.0,2298.0,72.0,2026-09-17,-0.03,46.8,False
2068,300620,光库科技,293.1,-0.47,4.01,246.08,296.926538845164,0.3877764,73.68622807,-142.0,324.0,84.4,2026-09-17,-1.29,62.2,False
2069,300621,维业股份,6.92,1.32,1.08,-5.89,6.748026761797,0.0732444,59.83315583,-616.0,3966.0,64.0,2026-09-17,2.55,38.3,False
2070,300622,博士眼镜,15.18,2.5,2.59,29.16,14.523757685656,0.2121928,75.6067944,1926.0,178.0,69.6,2026-09-17,4.52,52.6,False
2071,300623,捷捷微电,35.26,7.14,3.4,49.27,32.595076232137,0.2810056,75.95036229,-11.0,160.0,84.0,2026-09-17,8.18,63.8,False
2072,300624,万兴科技,50.09,0.0,1.91,-70.19,50.065996431183,0.2567116,67.2038109,2482.0,1591.0,82.4,2026-09-17,0.05,55.4,False
2073,300625,三雄极光,9.86,3.03,0.85,-27.42,9.526893945297,0.04761,58.98604609,-628.0,4167.0,64.0,2026-09-17,3.5,37.8,False
2074,300626,华瑞股份,28.58,4.31,1.8,285.55,27.344578541755,0.2548292,55.08414319,-502.0,4875.0,63.2,2026-09-17,4.52,34.8,False
2075,300627,华测导航,26.5,0.57,0.31,31.58,26.194684770842,0.237114,64.27417966,-434.0,2541.0,73.6,2026-09-17,1.17,47.3,False
2076,300628,亿联网络,41.2,-0.7,0.46,17.12,41.844641321478,0.1934968,73.93506368,132.0,298.0,83.2,2026-09-17,-1.54,61.5,False
2077,300629,新劲刚,17.91,1.19,0.83,75.42,17.762493890278,0.138132,60.71084468,-1193.0,3716.0,69.6,2026-09-17,0.83,42.3,False
2078,300631,久吾高科,21.32,0.95,0.5,35.65,21.113026933443,0.1962528,61.44658072,-40.0,3493.0,69.2,2026-09-17,0.98,42.5,False
2079,300632,光莆股份,19.07,0.26,3.58,-118.21,19.288628880922,0.1858572,56.64641101,-730.0,4635.0,73.2,2026-09-17,-1.13,41.5,False
2080,300633,开立医疗,19.04,2.64,0.93,293.58,18.648953347178,0.1520736,67.23533344,-415.0,1576.0,67.6,2026-09-17,2.1,45.5,False
2081,300634,彩讯股份,19.52,0.88,1.02,64.08,19.26981381374,0.3126716,71.84957778,1472.0,536.0,74.0,2026-09-17,1.3,53.2,False
2082,300635,中达安,11.8,1.03,1.01,51.27,11.536700536163,0.089622,56.96619253,278.0,4578.0,64.0,2026-09-17,2.28,36.5,False
2083,300636,同和药业,6.76,-0.73,0.87,57.77,6.791182695021,0.23542,59.72910291,-1005.0,3994.0,63.6,2026-09-17,-0.46,38.0,False
2084,300637,扬帆新材,9.42,1.4,0.66,166.4,9.255270735001,0.0927656,60.17073043,-742.0,3871.0,69.6,2026-09-17,1.78,41.9,False
2085,300638,广和通,19.38,2.98,2.43,140.84,18.596075227177,0.2883992,70.3387077,955.0,818.0,72.4,2026-09-17,4.22,50.9,False
2086,300639,凯普生物,5.89,1.55,1.24,60.9,5.775186637329,0.1897976,63.8309571,1436.0,2697.0,70.4,2026-09-17,1.99,44.9,False
2087,300640,德艺文创,6.2,2.48,2.58,-113.72,5.990585105147,0.1936328,53.53370977,-118.0,5018.0,62.8,2026-09-17,3.5,33.6,False
2088,300641,正丹股份,13.7,0.44,0.22,15.2,13.692073170732,0.1988316,62.91488626,-62.0,3015.0,72.8,2026-09-17,0.06,45.8,False
2089,300642,透景生命,17.08,2.34,10.45,120.75,16.635724329905,0.2071756,66.75908607,3260.0,1739.0,73.6,2026-09-17,2.67,49.1,False
2090,300643,万通智控,18.01,0.61,0.86,21.0,17.8332585966,0.1657188,63.00095724,-1656.0,2973.0,69.2,2026-09-17,0.99,43.6,False
2091,300644,南京聚隆,19.51,1.19,1.1,43.52,19.158596301169,0.1071204,65.33087556,1413.0,2202.0,67.6,2026-09-17,1.83,44.2,False
2092,300645,正元智慧,13.22,0.23,0.95,-55.62,13.031590262751,0.0914908,64.05776627,-177.0,2615.0,68.4,2026-09-17,1.45,43.8,False
2093,300647,超频三,7.95,0.0,4.01,104.93,7.866832460207,0.248188,56.68572363,-16.0,4626.0,77.6,2026-09-17,1.06,44.0,False
2094,300648,星云股份,41.79,1.24,1.05,199.81,40.635989358297,0.2562864,63.19609411,1606.0,2923.0,72.0,2026-09-17,2.84,45.5,False
2095,300649,杭州园林,27.69,1.1,2.13,-86.37,27.110297186413,0.2848604,58.43974372,484.0,4273.0,64.0,2026-09-17,2.14,37.4,False
2096,300650,太龙股份,12.32,1.4,1.41,122.37,12.218737514122,0.1221108,61.89098243,-2296.0,3361.0,67.6,2026-09-17,0.83,41.8,False
2097,300651,金陵体育,16.01,2.5,1.57,-69.8,15.542265988383,0.1920904,54.84445256,-844.0,4903.0,67.6,2026-09-17,3.01,37.1,False
2098,300652,雷迪克,26.94,4.78,3.74,42.66,25.545210961831,0.10758,62.49752382,1538.0,3166.0,63.6,2026-09-17,5.46,39.7,True
2099,300653,正海生物,15.19,2.5,0.91,41.05,14.770684767066,0.0918816,67.5645334,2336.0,1475.0,67.6,2026-09-17,2.84,45.7,False
2100,300654,世纪天鸿,9.9,-0.6,0.9,-11720.8,9.849377471067,0.2813804,62.55828754,1686.0,3142.0,66.8,2026-09-17,0.51,41.8,False
2101,300655,晶瑞电材,13.44,1.51,2.2,154.03,13.232541801248,0.2844172,68.30877429,-224.0,1275.0,79.2,2026-09-17,1.57,54.1,False
2102,300656,民德电子,30.8,7.77,7.34,-50.27,28.977669752893,0.1975616,58.99818972,-3004.0,4161.0,81.6,2026-09-17,6.29,48.1,False
2103,300657,弘信电子,36.81,0.3,2.76,71.58,37.088811943511,0.3138524,70.990507,1180.0,689.0,85.2,2026-09-17,-0.75,60.5,False
2104,300658,延江股份,10.5,3.75,1.99,38.5,10.083490346542,0.0368336,59.83935717,-387.0,3964.0,65.6,2026-09-17,4.13,39.3,False
2105,300659,中孚信息,10.43,2.66,6.27,-11.34,10.3055952191,0.1122376,58.52783606,-1792.0,4257.0,75.2,2026-09-17,1.21,44.0,False
2106,300660,江苏雷利,23.51,0.77,0.34,67.9,23.307548519374,0.1758368,60.11348087,427.0,3893.0,73.2,2026-09-17,0.87,44.0,False
2107,300661,圣邦股份,125.79,8.01,2.22,102.6,116.881939782838,0.3561596,77.35474071,16.0,93.0,80.0,2026-09-17,7.62,61.9,False
2108,300662,科锐国际,21.17,-0.28,0.58,13.75,21.17421737238,0.2277396,77.9473181,1221.0,73.0,67.2,2026-09-17,-0.02,52.4,False
2109,300663,科蓝软件,7.64,0.13,1.58,-24.29,7.630505245933,0.1566376,51.93758442,35.0,5124.0,78.0,2026-09-17,0.12,40.5,False
2110,300664,鹏鹞环保,4.6,0.44,0.21,10.68,4.560356650658,0.1701936,60.61773423,-1727.0,3740.0,65.6,2026-09-17,0.87,39.8,False
2111,300665,飞鹿股份,8.84,2.79,1.19,-45.11,8.569286319556,0.1126824,49.2642779,-154.0,5177.0,61.2,2026-09-17,3.16,30.1,False
2112,300666,江丰电子,258.97,3.84,3.05,66.21,250.740659522441,0.3928272,68.26937906,-1156.0,1284.0,86.0,2026-09-17,3.28,58.7,False
2113,300667,必创科技,14.93,1.5,1.76,217.52,14.745914223224,0.1304656,62.23914533,-2140.0,3258.0,75.2,2026-09-17,1.25,46.8,False
2114,300668,杰恩股份,31.79,3.45,1.77,2120.8,31.079947043654,0.1245312,62.59387662,878.0,3129.0,60.4,2026-09-17,2.28,37.8,False
2115,300669,沪宁股份,22.31,0.72,0.38,648.22,22.446840845954,0.1960444,56.35987074,290.0,4689.0,62.8,2026-09-17,-0.61,35.4,False
2116,300670,大烨智能,6.98,1.01,1.61,156.77,6.842118006199,0.1238004,57.63559067,-321.0,4449.0,69.2,2026-09-17,2.02,39.9,False
2117,300671,富满微,60.44,2.54,5.05,73.81,59.084574118847,0.2780984,66.72262107,235.0,1746.0,82.4,2026-09-17,2.29,55.0,False
2118,300672,国科微,184.25,5.68,2.46,102.17,176.33898224698,0.3463448,62.93000007,-945.0,3007.0,81.2,2026-09-17,4.49,51.1,False
2119,300673,佩蒂股份,14.76,0.41,1.07,75.04,14.408805422609,0.205104,76.6218135,235.0,119.0,71.6,2026-09-17,2.44,54.9,False
2120,300674,宇信科技,16.39,0.24,0.86,18.65,16.384451995929,0.2185568,72.01224247,959.0,500.0,83.2,2026-09-17,0.03,59.9,False
2121,300675,建科院,12.68,1.36,0.74,-46.75,12.372306852638,0.050292,53.27554689,-634.0,5043.0,66.8,2026-09-17,2.49,35.6,False
2122,300676,华大基因,39.05,4.66,3.33,172.3,37.647551432284,0.3069976,65.56479187,843.0,2124.0,84.0,2026-09-17,3.73,55.1,True
2123,300677,英科医疗,51.65,0.49,0.69,20.19,51.240869482405,0.1434592,67.83879419,311.0,1402.0,80.4,2026-09-17,0.8,54.5,False
2124,300678,中科信息,21.31,1.09,0.6,562.13,21.153297499377,0.1372148,63.33215751,176.0,2879.0,76.0,2026-09-17,0.74,48.1,False
2125,300679,电连技术,44.4,0.34,2.18,45.79,44.460112926866,0.3185788,68.22969869,-985.0,1296.0,78.4,2026-09-17,-0.14,53.5,False
2126,300680,隆盛科技,20.17,0.75,1.92,34.84,19.752662520518,0.2157568,70.82370408,2660.0,724.0,70.0,2026-09-17,2.11,49.6,False
2127,300681,英搏尔,20.76,0.34,1.52,27.01,20.770059446113,0.1706848,59.89947072,-572.0,3948.0,70.4,2026-09-17,-0.05,42.2,False
2128,300682,朗新科技,8.97,0.67,0.56,-26.79,8.923969044749,0.2193884,59.26740215,76.0,4095.0,72.4,2026-09-17,0.52,42.9,False
2129,300683,海特生物,25.23,3.23,8.89,-20.98,23.839155986337,0.2064528,63.82313327,2440.0,2700.0,62.4,2026-09-17,5.83,39.8,False
2130,300684,中石科技,95.7,2.04,4.44,103.87,94.90750381957,0.4357584,72.74619354,-318.0,406.0,90.4,2026-09-17,0.84,65.8,False
2131,300685,艾德生物,17.8,2.83,2.19,20.9,17.32059767422,0.2005808,73.76653314,429.0,317.0,72.4,2026-09-17,2.77,53.4,False
2132,300686,智动力,14.87,1.99,1.29,-124.16,14.535945821503,0.156138,57.10052564,-693.0,4550.0,70.0,2026-09-17,2.3,40.0,False
2133,300687,赛意信息,28.01,3.21,3.0,102.1,27.368598060703,0.2899028,71.17248099,-66.0,650.0,80.4,2026-09-17,2.34,57.2,False
2134,300688,创业黑马,36.24,-0.88,5.1,-286.48,36.3359436906,0.2995736,68.53686333,-497.0,1215.0,81.2,2026-09-17,-0.26,55.7,False
2135,300689,澄天伟业,67.63,2.49,3.05,1431.45,64.811363900868,0.3989704,69.31428416,264.0,1042.0,72.8,2026-09-17,4.35,50.5,False
2136,300690,双一科技,24.53,-0.85,4.48,15.11,24.255592460712,0.2202928,80.2308988,269.0,25.0,81.6,2026-09-17,1.13,65.5,False
2137,300691,联合光电,14.74,0.89,0.66,253.39,14.586248601569,0.1049904,64.64538285,615.0,2412.0,69.6,2026-09-17,1.05,45.0,False
2138,300692,中赋科技,9.1,3.17,2.3,52.55,8.798280037743,0.2999476,65.11053093,1803.0,2280.0,62.4,2026-09-17,3.43,40.6,False
2139,300693,盛弘股份,38.43,0.95,1.03,26.39,38.149015220865,0.2067072,70.37389826,-697.0,813.0,76.0,2026-09-17,0.74,53.5,False
2140,300694,蠡湖股份,10.61,0.86,0.74,41.99,10.459809637286,0.1461164,63.74465753,832.0,2731.0,66.0,2026-09-17,1.44,42.1,False
2141,300695,兆丰股份,53.13,2.55,0.78,189.46,50.429674055912,0.210394,68.10109104,-464.0,1327.0,65.6,2026-09-17,5.35,44.7,False
2142,300696,爱乐达,20.08,0.96,0.53,-225.61,19.990539812328,0.189342,51.30464714,2.0,5142.0,68.4,2026-09-17,0.45,35.1,False
2143,300697,电工合金,14.89,2.41,2.62,27.44,14.555744333591,0.165536,65.50924111,-58.0,2138.0,76.0,2026-09-17,2.3,49.8,False
2144,300698,万马科技,27.13,4.55,2.16,103.77,25.796935637588,0.1194028,67.14051211,1832.0,1617.0,71.6,2026-09-17,5.17,48.1,False
2145,300699,光威复材,23.48,0.86,0.38,49.09,23.401084131192,0.2419204,63.94703059,-1198.0,2663.0,76.8,2026-09-17,0.34,49.1,False
2146,300700,岱勒新材,18.29,1.89,1.39,457.17,18.001603875445,0.256244,53.30075918,13.0,5039.0,63.6,2026-09-17,1.6,33.9,False
2147,300701,森霸传感,9.87,1.23,0.47,36.87,9.673904915844,0.1134448,68.50761856,867.0,1222.0,65.6,2026-09-17,2.03,44.9,False
2148,300702,天宇股份,20.3,-2.31,1.09,33.99,20.722244028698,0.0986436,61.23400139,-489.0,3564.0,64.4,2026-09-17,-2.04,39.4,False
2149,300703,创源股份,13.98,3.71,2.77,-119.79,13.43245262588,0.1327444,67.53812814,601.0,1484.0,68.4,2026-09-17,4.08,46.2,False
2150,300705,九典制药,10.58,0.47,0.72,16.58,10.49049421701,0.2203416,68.10021047,1985.0,1328.0,67.2,2026-09-17,0.85,45.8,False
2151,300706,阿石创,51.65,2.81,3.5,107.52,50.710373328524,0.175744,60.474806,-2985.0,3785.0,76.8,2026-09-17,1.85,46.4,False
2152,300707,威唐工业,11.67,0.09,0.82,-33.91,11.478871953672,0.1309804,61.40372263,550.0,3508.0,66.4,2026-09-17,1.67,40.8,False
2153,300708,聚灿光电,8.73,1.75,2.14,53.45,8.723159759975,0.2635964,72.0780427,-381.0,491.0,80.8,2026-09-17,0.08,58.2,False
2154,300709,精研科技,38.26,0.68,2.2,255.66,38.237845369497,0.2304672,54.42022052,-299.0,4947.0,80.4,2026-09-17,0.06,43.8,False
2155,300710,万隆光电,30.01,0.6,1.15,-110.27,29.762764917072,0.1848096,55.09900429,-483.0,4873.0,71.2,2026-09-17,0.83,39.2,False
2156,300711,广哈通信,19.05,6.25,3.41,228.24,18.116220378068,0.1122556,62.17382522,-770.0,3274.0,78.4,2026-09-17,5.15,48.7,False
2157,300712,永福股份,20.56,2.34,0.61,-73.35,19.858523896456,0.1469988,55.33243042,-141.0,4836.0,67.6,2026-09-17,3.53,37.4,False
2158,300713,英可瑞,12.81,-0.08,0.98,-24.74,12.681173859666,0.0655928,58.44017633,77.0,4272.0,68.0,2026-09-17,1.02,39.7,False
2159,300715,凯伦股份,13.88,-1.91,1.45,237.15,14.275494697474,0.2291272,63.95572609,-806.0,2662.0,69.2,2026-09-17,-2.77,44.3,False
2160,300716,*ST泉为,18.45,-0.49,0.42,-19.46,18.627761589404,0.5016988,53.20184218,30.0,5045.0,65.2,2026-09-17,-0.95,34.7,False
2161,300717,华信新材,17.85,0.56,0.61,39.12,17.557815578535,0.103456,60.6016158,-748.0,3743.0,60.4,2026-09-17,1.66,36.6,False
2162,300718,长盛轴承,53.01,0.11,1.05,62.05,52.989446441377,0.2808256,68.76847906,1663.0,1169.0,75.6,2026-09-17,0.04,52.0,False
2163,300719,安达维尔,11.96,0.5,0.64,-61.32,11.852620014147,0.1716136,57.63438385,325.0,4450.0,69.2,2026-09-17,0.91,39.9,False
2164,300720,海川智能,61.1,1.46,1.97,546.88,61.122856850231,0.330454,62.39969583,79.0,3195.0,66.4,2026-09-17,-0.04,41.4,False
2165,300721,怡达股份,22.89,1.24,4.12,61.28,22.730065608489,0.1879832,58.17179937,-2559.0,4334.0,72.8,2026-09-17,0.7,42.3,False
2166,300722,新余国科,21.97,1.52,0.42,171.57,21.660208439906,0.1942648,64.62804442,-1372.0,2418.0,76.0,2026-09-17,1.43,49.1,False
2167,300723,一品红,33.96,-0.12,0.62,15.82,34.037212293285,0.255894,61.03460237,1245.0,3613.0,66.0,2026-09-17,-0.23,40.3,False
2168,300724,捷佳伟创,53.01,1.79,1.21,24.64,52.06334428802,0.2482944,64.80008296,-1566.0,2372.0,77.6,2026-09-17,1.82,50.3,False
2169,300725,药石科技,47.03,1.55,9.11,55.29,46.49429957106,0.3140592,81.98214257,70.0,10.0,82.0,2026-09-17,1.15,67.2,False
2170,300726,宏达电子,58.36,2.22,4.0,53.26,57.630652054407,0.3220584,67.79255665,-1272.0,1418.0,84.4,2026-09-17,1.27,57.2,False
2171,300727,润禾材料,35.45,2.66,1.69,79.09,34.10105472322,0.325088,77.12341944,31.0,105.0,77.2,2026-09-17,3.96,59.5,False
2172,300729,乐歌股份,11.03,1.85,1.39,88.11,10.654863810051,0.1770224,74.02896753,800.0,286.0,68.8,2026-09-17,3.52,50.9,False
2173,300730,科创信息,11.19,0.9,0.74,-36.92,11.101655187936,0.1411624,53.81575115,-110.0,4996.0,70.4,2026-09-17,0.8,37.9,False
2174,300731,科创新源,49.38,1.42,5.03,-1577.0,48.65048872108,0.4215688,72.20976735,372.0,478.0,79.6,2026-09-17,1.5,57.5,False
2175,300732,设研院,5.72,0.7,0.5,-24.23,5.620073139119,0.1218856,55.87920591,-93.0,4747.0,65.2,2026-09-17,1.78,36.4,False
2176,300733,西菱动力,13.79,3.68,2.43,42.32,13.251393899117,0.2005752,68.24478075,1711.0,1292.0,63.6,2026-09-17,4.06,43.4,False
2177,300735,光弘科技,18.05,0.84,0.42,132.88,17.981821488398,0.2227764,65.20875126,-1414.0,2244.0,74.8,2026-09-17,0.38,48.8,False
2178,300736,百邦科技,32.15,2.45,1.06,-300.57,31.668987254348,0.2595832,62.52784936,-174.0,3155.0,67.2,2026-09-17,1.52,42.0,False
2179,300737,科顺股份,4.51,1.12,0.61,37.16,4.46971472208,0.2122148,57.70473164,-1181.0,4437.0,65.2,2026-09-17,0.9,37.6,False
2180,300738,奥飞数据,19.52,-0.26,1.38,48.92,19.621798279097,0.2875536,64.9181573,190.0,2325.0,78.8,2026-09-17,-0.52,51.2,False
2181,300739,明阳电路,29.44,0.82,5.17,115.78,29.072989157786,0.3281868,70.46934724,931.0,796.0,86.4,2026-09-17,1.26,60.9,False
2182,300740,水羊股份,23.43,12.11,8.22,59.17,20.517377937173,0.3928372,73.08573752,476.0,378.0,76.4,2026-09-17,14.2,55.8,False
2183,300741,华宝股份,24.6,-9.46,3.67,68.84,25.811119056243,0.3204116,69.18592321,1814.0,1074.0,78.8,2026-09-17,-4.69,54.5,False
2184,300743,天地数码,14.14,1.22,0.55,15.88,13.782288124187,0.0662556,61.06690267,-43.0,3608.0,64.8,2026-09-17,2.6,39.6,False
2185,300745,欣锐科技,27.78,1.42,1.35,100.58,27.467422906185,0.1691264,57.79977159,-32.0,4411.0,65.2,2026-09-17,1.14,37.7,False
2186,300746,汉嘉数智,14.18,4.5,1.2,99.22,13.599295106767,0.161004,63.08695208,381.0,2950.0,69.2,2026-09-17,4.27,43.7,False
2187,300747,锐科激光,40.75,0.0,2.03,71.97,41.193808816313,0.3157748,68.32622739,-956.0,1271.0,85.6,2026-09-17,-1.08,58.5,False
2188,300748,金力永磁,25.17,0.8,0.41,37.63,25.061142689538,0.2268172,65.64192888,-649.0,2104.0,75.6,2026-09-17,0.43,49.6,False
2189,300749,顶固集创,25.6,-1.16,1.29,24.88,25.675592565299,0.304614,63.33752598,1392.0,2875.0,64.4,2026-09-17,-0.29,40.8,False
2190,300750,宁德时代,301.89,-0.79,0.43,16.14,305.67187875456,0.4955748,71.91700614,422.0,516.0,93.6,2026-09-17,-1.24,67.3,False
2191,300751,迈为股份,197.53,1.04,1.14,109.26,197.286343452437,0.290018,66.1569931,-1596.0,1924.0,75.6,2026-09-17,0.12,50.0,False
2192,300752,隆利科技,13.42,4.35,3.86,91.48,12.990757965231,0.1822444,66.93666898,-1594.0,1689.0,76.0,2026-09-17,3.3,50.9,False
2193,300753,爱朋医疗,20.39,1.09,2.79,-130.0,20.084817670857,0.12613,56.86988093,72.0,4588.0,73.6,2026-09-17,1.52,41.9,False
2194,300755,华致酒行,11.26,0.36,0.72,-31.95,11.276125194355,0.1255536,68.0787822,-59.0,1334.0,65.2,2026-09-17,-0.14,44.4,False
2195,300756,金马游乐,32.34,5.0,2.69,78.51,30.594904325878,0.3284684,64.54243479,-151.0,2445.0,66.4,2026-09-17,5.7,42.9,False
2196,300757,罗博特科,623.44,2.55,1.99,7968.28,611.717871249752,0.4064632,62.29513355,-1551.0,3228.0,84.0,2026-09-17,1.92,52.3,False
2197,300758,七彩化学,11.32,1.25,0.6,40.76,11.199866043614,0.1105588,58.49851825,-1659.0,4263.0,73.2,2026-09-17,1.07,42.8,False
2198,300759,康龙化成,43.05,-1.6,2.58,52.72,43.732582252989,0.3720608,81.51371276,43.0,14.0,81.6,2026-09-17,-1.56,66.5,False
2199,300760,迈瑞医疗,157.13,0.21,0.19,19.85,157.442982046378,0.2602216,72.34235714,99.0,457.0,86.0,2026-09-17,-0.2,62.2,False
2200,300761,立华股份,20.34,-0.2,0.46,-119.68,20.167997224927,0.2090968,71.67115478,1084.0,567.0,68.8,2026-09-17,0.85,49.3,False
2201,300762,上海瀚讯,27.06,0.97,1.26,-84.08,27.039171376801,0.2723428,53.18646272,-161.0,5046.0,73.2,2026-09-17,0.08,38.9,False
2202,300763,锦浪科技,55.67,1.31,1.01,26.1,55.199274630107,0.2464632,64.76352297,587.0,2382.0,74.8,2026-09-17,0.85,48.4,False
2203,300765,石药创新,43.24,-0.07,0.75,24.08,43.3498375694,0.3449728,70.59775864,354.0,775.0,79.2,2026-09-17,-0.25,55.9,False
2204,300766,每日互动,21.76,0.88,1.28,-396.46,21.626371761255,0.249698,60.82461053,-134.0,3674.0,77.6,2026-09-17,0.62,47.2,False
2205,300767,震安科技,21.41,5.47,3.47,602.57,20.183489937943,0.2864484,60.97948916,-503.0,3631.0,67.6,2026-09-17,6.08,41.2,False
2206,300768,迪普科技,14.76,2.22,1.14,65.62,14.537540783427,0.175076,67.201647,148.0,1592.0,70.0,2026-09-17,1.53,47.0,False
2207,300769,德方纳米,41.5,1.0,1.37,12.77,41.190934167076,0.2657964,59.51137246,-103.0,4038.0,74.8,2026-09-17,0.75,44.5,False
2208,300770,新媒股份,34.69,0.32,0.45,13.21,34.562523137454,0.147482,71.15582532,161.0,653.0,72.4,2026-09-17,0.37,51.5,False
2209,300771,智莱科技,11.23,1.26,0.95,23.75,11.023292101678,0.1485652,57.90946917,-287.0,4386.0,64.8,2026-09-17,1.88,37.5,False
2210,300772,运达股份,9.36,2.18,2.12,-14.79,9.154335746903,0.2705368,61.90205221,107.0,3356.0,73.6,2026-09-17,2.25,45.6,False
2211,300773,拉卡拉,14.86,1.16,1.36,12.08,14.731300107245,0.3018736,61.5468378,-42.0,3461.0,82.8,2026-09-17,0.87,51.0,False
2212,300774,倍杰特,9.97,1.01,1.61,-107.3,9.916402989251,0.094706,55.39676474,-78.0,4822.0,64.4,2026-09-17,0.54,35.7,False
2213,300775,三角防务,21.11,1.39,0.89,141.31,20.899937082429,0.2554592,56.01051832,-139.0,4730.0,75.2,2026-09-17,1.01,42.1,False
2214,300776,帝尔激光,123.16,1.7,3.75,57.43,120.688456109603,0.3106416,76.16301072,1145.0,148.0,73.2,2026-09-17,2.05,55.8,False
2215,300777,中简科技,21.18,0.81,0.4,-94.1,21.10270934028,0.2624616,57.44550563,569.0,4485.0,71.6,2026-09-17,0.37,41.1,False
2216,300778,新城市,10.46,0.87,0.62,-37.01,10.28145501608,0.1046736,58.26528654,744.0,4309.0,66.0,2026-09-17,1.74,38.5,False
2217,300779,惠城环保,53.28,-0.09,1.0,-353.26,53.180298020342,0.3585836,60.04256418,998.0,3914.0,66.4,2026-09-17,0.19,39.9,False
2218,300780,德恩精工,19.26,2.45,1.96,-76.55,18.676655681737,0.0875708,51.49828666,-85.0,5135.0,65.6,2026-09-17,3.12,33.8,False
2219,300781,因赛集团,26.4,-0.26,1.56,119.09,26.368130964312,0.1460524,70.26624865,3063.0,838.0,74.0,2026-09-17,0.12,52.0,False
2220,300782,卓胜微,73.37,2.4,0.93,-56.89,72.192877237578,0.2725812,56.69749679,-1973.0,4622.0,77.2,2026-09-17,1.63,43.8,False
2221,300783,三只松鼠,16.71,1.52,0.77,13.48,16.390275341403,0.160824,65.71633391,1349.0,2079.0,74.8,2026-09-17,1.95,49.2,False
2222,300784,利安科技,41.03,1.13,1.25,69.3,40.054729744797,0.089716,62.4665045,-1341.0,3175.0,64.0,2026-09-17,2.43,40.0,False
2223,300785,值得买,33.79,-0.15,1.6,372.3,33.83810213014,0.2527404,70.77092676,2051.0,735.0,73.6,2026-09-17,-0.14,52.1,False
2224,300786,国林科技,15.35,7.57,5.61,-151.73,14.258129009406,0.1772812,54.93816961,-556.0,4891.0,65.6,2026-09-17,7.66,36.0,False
2225,300787,海能实业,10.49,3.96,2.28,-96.71,10.067428348258,0.1379004,61.89200717,265.0,3359.0,65.2,2026-09-17,4.2,40.4,False
2226,300788,中信出版,35.4,5.48,6.66,43.68,33.897888324442,0.291402,68.24920635,-847.0,1290.0,81.2,2026-09-17,4.43,55.4,False
2227,300789,唐源电气,15.52,1.31,0.55,-33.31,15.194755439616,0.1305668,53.59657409,-517.0,5014.0,62.8,2026-09-17,2.14,33.7,False
2228,300790,宇瞳光学,20.03,0.15,2.04,42.64,20.289702940858,0.337812,64.01066701,-1064.0,2633.0,78.0,2026-09-17,-1.28,49.9,False
2229,300791,仙乐健康,17.4,1.75,0.22,17.54,17.17203819949,0.145556,65.07141654,190.0,2295.0,64.8,2026-09-17,1.33,42.2,False
2230,300792,壹网壹创,24.17,1.43,1.44,43.33,23.75093475059,0.2308508,69.21723152,832.0,1062.0,76.4,2026-09-17,1.76,52.9,False
2231,300793,佳禾智能,11.67,3.55,1.05,1176.82,11.25701633612,0.0990156,58.5199552,-1394.0,4259.0,72.8,2026-09-17,3.67,42.6,False
2232,300795,米奥会展,11.92,1.19,3.88,-120.66,11.759828100216,0.2205388,64.43156971,1758.0,2491.0,65.6,2026-09-17,1.36,42.3,False
2233,300796,贝斯美,6.86,0.15,0.5,210.44,6.758651155353,0.0956796,58.30080761,418.0,4304.0,64.8,2026-09-17,1.5,37.8,False
2234,300797,钢研纳克,13.15,1.62,0.39,32.71,12.9204091879,0.0682356,69.83198467,-380.0,924.0,68.0,2026-09-17,1.78,47.5,False
2235,300798,锦鸡股份,8.15,3.03,2.5,-322.79,7.923175147715,0.20161,55.37402776,158.0,4825.0,71.2,2026-09-17,2.86,39.4,False
2236,300800,力合科技,10.13,0.6,0.5,57.16,10.036193786217,0.039638,60.4472969,-1874.0,3792.0,65.2,2026-09-17,0.93,39.4,False
2237,300801,泰和科技,21.85,1.72,1.07,17.03,21.468033379609,0.1536076,62.13885893,-646.0,3288.0,68.8,2026-09-17,1.78,42.8,False
2238,300802,矩子科技,26.9,0.94,3.93,61.41,26.458515914384,0.2991852,69.93262183,1271.0,900.0,75.6,2026-09-17,1.67,52.9,False
2239,300803,指南针,80.16,1.39,1.01,197.38,79.550640780487,0.3237276,68.07001297,-966.0,1337.0,82.8,2026-09-17,0.77,56.4,False
2240,300804,广康生化,44.72,-1.28,1.73,500.38,44.549096662764,0.2032604,64.47636925,1409.0,2473.0,66.4,2026-09-17,0.38,42.8,False
2241,300805,电声股份,8.31,0.12,0.94,90.24,8.204312980643,0.1306668,77.04983294,405.0,110.0,62.0,2026-09-17,1.29,47.8,False
2242,300806,斯迪克,57.45,-0.95,3.86,395.64,58.474072144093,0.4250492,69.66935402,-899.0,962.0,84.8,2026-09-17,-1.75,59.1,False
2243,300807,天迈科技,36.12,3.5,1.76,-72.31,34.821105124671,0.1423624,52.51938971,-78.0,5094.0,66.0,2026-09-17,3.73,34.7,False
2244,300808,久量股份,22.35,1.87,3.22,-66.38,21.039825456852,0.215524,62.87846887,1637.0,3032.0,69.6,2026-09-17,6.23,43.8,False
2245,300809,华辰装备,24.22,0.29,0.9,48.97,24.00886899782,0.1718524,61.18648873,137.0,3576.0,70.8,2026-09-17,0.88,43.3,False
2246,300810,中科海讯,25.36,2.26,1.4,-33.32,24.666241969443,0.117886,66.0904103,1331.0,1950.0,72.8,2026-09-17,2.81,48.1,False
2247,300811,铂科新材,83.63,2.11,1.78,75.58,82.883444162513,0.2707684,73.21975025,31.0,365.0,82.0,2026-09-17,0.9,60.0,False
2248,300812,易天股份,19.87,1.17,2.3,234.52,19.453831268233,0.1333248,57.78325622,-2089.0,4417.0,69.6,2026-09-17,2.14,40.2,False
2249,300813,泰林生物,21.82,-0.59,3.62,64.9,21.430414531401,0.110182,70.31393351,2190.0,826.0,66.4,2026-09-17,1.82,46.7,False
2250,300814,中富电路,142.36,0.47,1.59,352.83,142.086135327669,0.2949416,67.55164476,-598.0,1479.0,78.0,2026-09-17,0.19,52.7,False
2251,300815,玉禾田,15.15,4.77,1.25,9.85,14.467782084773,0.1600276,68.86571984,1480.0,1147.0,68.8,2026-09-17,4.72,47.4,False
2252,300816,艾可蓝,64.25,0.58,3.78,65.61,62.958871474117,0.2692848,68.35117642,2596.0,1265.0,70.0,2026-09-17,2.05,47.8,False
2253,300817,双飞集团,16.38,0.8,0.4,40.45,16.180466091682,0.1161424,68.69712002,1687.0,1185.0,67.6,2026-09-17,1.23,46.4,False
2254,300818,耐普矿机,17.02,1.19,0.54,-158.77,16.826000744925,0.0545044,59.81682397,18.0,3971.0,63.6,2026-09-17,1.15,38.0,False
2255,300819,聚杰微纤,48.73,0.06,2.66,119.15,49.987263161716,0.2527396,67.19717746,-271.0,1593.0,69.2,2026-09-17,-2.52,46.5,False
2256,300820,英杰电气,68.88,0.55,3.74,79.24,68.474093069922,0.2743328,69.3480806,-962.0,1032.0,82.0,2026-09-17,0.59,56.9,False
2257,300821,东岳硅材,15.66,2.82,2.19,21.91,15.446749481596,0.2510652,64.8885936,-2166.0,2339.0,76.0,2026-09-17,1.38,49.3,False
2258,300822,贝仕达克,11.25,1.53,0.45,115.37,10.973939130435,0.191214,64.19239322,814.0,2569.0,68.0,2026-09-17,2.52,43.7,False
2259,300823,建科智能,14.11,1.0,1.13,36.11,13.863870644159,0.0947344,66.11368386,1746.0,1941.0,63.2,2026-09-17,1.78,41.8,False
2260,300824,北鼎股份,7.71,2.12,0.73,26.41,7.519262763247,0.054538,68.91263046,1318.0,1139.0,65.2,2026-09-17,2.54,44.9,False
2261,300825,阿尔特,12.89,-0.54,1.91,121.84,12.941164550438,0.3102816,72.96964973,101.0,386.0,76.4,2026-09-17,-0.4,55.7,False
2262,300826,测绘股份,15.02,2.39,0.82,531.48,14.717240886347,0.2420748,57.37391572,-49.0,4502.0,66.0,2026-09-17,2.06,37.9,False
2263,300827,上能电气,24.25,1.21,0.7,31.18,24.07273141011,0.2024152,65.24028198,-816.0,2235.0,73.2,2026-09-17,0.74,47.8,False
2264,300828,锐新科技,16.84,1.14,1.79,91.98,16.701335964383,0.1034556,60.25941132,261.0,3840.0,64.8,2026-09-17,0.83,39.0,False
2265,300829,金丹科技,21.59,3.01,9.67,47.22,20.179930863672,0.288484,60.52072156,668.0,3772.0,74.8,2026-09-17,6.99,45.3,False
2266,300830,金现代,8.0,2.3,3.06,-77.04,7.801712849245,0.1853892,55.02481457,-1266.0,4883.0,75.2,2026-09-17,2.54,41.4,False
2267,300831,ST派瑞,14.43,1.41,1.01,99.71,14.239472297253,0.2232348,58.01126732,-93.0,4365.0,68.0,2026-09-17,1.34,39.4,False
2268,300832,新产业,49.12,0.08,0.21,22.24,49.256111664178,0.1081044,70.42559191,31.0,802.0,71.6,2026-09-17,-0.28,50.4,False
2269,300833,浩洋股份,39.99,1.55,0.41,27.99,39.511738270717,0.0561532,72.96315203,733.0,388.0,66.0,2026-09-17,1.21,48.2,False
2270,300834,星辉环材,39.6,1.62,0.25,78.01,39.239429402551,0.1070468,60.16545821,-96.0,3872.0,62.0,2026-09-17,0.92,37.3,False
2271,300835,龙磁科技,186.6,5.99,2.95,154.8,179.137824574675,0.3638928,69.17299554,-918.0,1076.0,71.2,2026-09-17,4.17,49.3,False
2272,300836,佰奥智能,62.17,18.6,6.48,127.72,52.017965470063,0.2806784,71.4325373,-199.0,603.0,66.4,2026-09-17,19.52,47.4,False
2273,300837,浙矿股份,22.38,2.43,1.0,63.41,21.627059385881,0.0487224,62.45765294,1000.0,3179.0,62.8,2026-09-17,3.48,39.2,False
2274,300838,浙江力诺,14.06,1.08,0.72,111.78,13.83068536382,0.0754376,59.89810691,-616.0,3949.0,62.8,2026-09-17,1.66,37.6,False
2275,300839,博汇股份,12.89,1.98,1.67,97.32,12.564167011155,0.1729792,62.79089161,-2075.0,3068.0,72.8,2026-09-17,2.59,45.7,False
2276,300840,酷特智能,19.17,-0.42,2.11,84.9,19.377327249435,0.2570704,58.15494564,-2075.0,4337.0,73.6,2026-09-17,-1.07,42.8,False
2277,300841,康华生物,51.41,2.31,1.67,23.66,50.38012127334,0.2239844,62.11538981,585.0,3295.0,75.6,2026-09-17,2.04,47.0,False
2278,300842,帝科股份,65.48,0.31,1.39,128.32,65.630920499019,0.245506,71.26527963,671.0,639.0,73.2,2026-09-17,-0.23,52.2,False
2279,300843,胜蓝股份,142.72,0.51,2.07,90.06,141.887038394409,0.418796,77.56830352,-5.0,82.0,80.8,2026-09-17,0.59,62.7,False
2280,300844,山水比德,24.0,1.74,0.57,-29.47,23.286001288949,0.0330336,63.71476546,1472.0,2741.0,63.2,2026-09-17,3.07,40.3,False
2281,300845,捷安高科,13.45,1.43,0.95,-205.32,13.346964212533,0.1774716,58.265461,-2329.0,4308.0,65.2,2026-09-17,0.77,38.0,False
2282,300846,首都在线,20.23,3.48,5.39,-158.57,19.411951142997,0.289364,63.20302814,1305.0,2922.0,78.0,2026-09-17,4.21,49.3,False
2283,300847,中船汉光,13.8,0.95,0.32,36.89,13.632686918639,0.1711732,63.75515443,-1298.0,2727.0,70.4,2026-09-17,1.23,44.9,False
2284,300848,美瑞新材,11.14,2.11,0.62,92.21,10.848420720547,0.126242,53.41345733,-70.0,5029.0,62.8,2026-09-17,2.69,33.5,False
2285,300849,锦盛新材,21.84,0.69,1.01,-135.54,21.317534611049,0.2289648,64.57597012,1561.0,2433.0,60.8,2026-09-17,2.45,39.3,False
2286,300850,新强联,28.73,-2.25,2.61,14.46,29.034360300008,0.2743564,74.22371105,-6.0,272.0,83.2,2026-09-17,-1.05,61.8,False
2287,300851,交大思诺,23.47,0.99,0.65,54.42,23.053870933559,0.0569312,63.30317277,-519.0,2887.0,61.6,2026-09-17,1.81,39.0,False
2288,300852,四会富仕,68.35,1.26,6.33,62.44,67.209336300671,0.2984836,66.56389157,-198.0,1797.0,82.8,2026-09-17,1.7,55.1,False
2289,300853,申昊科技,29.16,4.59,3.06,-35.75,28.058732029693,0.1563332,60.13999361,-1052.0,3886.0,68.4,2026-09-17,3.92,41.1,False
2290,300854,中兰环保,15.37,0.79,1.06,150.8,15.202805156407,0.1252944,55.67611553,212.0,4778.0,62.8,2026-09-17,1.1,35.0,False
2291,300855,图南股份,34.83,-0.29,0.33,27.65,34.953761889666,0.1197312,64.83814922,-989.0,2360.0,71.2,2026-09-17,-0.35,46.2,False
2292,300856,科思股份,10.49,1.06,0.22,42.66,10.349934159257,0.2028812,57.03300283,167.0,4563.0,64.0,2026-09-17,1.35,36.5,False
2293,300857,协创数据,264.62,-0.88,1.63,35.22,268.911994169328,0.5121804,78.43962579,67.0,60.0,84.8,2026-09-17,-1.6,66.5,False
2294,300858,科拓生物,14.3,0.28,0.56,75.07,14.272605182663,0.2389204,64.86327231,-97.0,2347.0,66.0,2026-09-17,0.19,42.8,False
2295,300859,西域旅游,24.58,2.16,2.69,517.78,24.064388736151,0.2993136,63.18357155,674.0,2926.0,73.2,2026-09-17,2.14,46.3,False
2296,300860,锋尚文化,28.37,1.39,0.9,-762.38,28.031781068769,0.1939332,58.72172993,-2045.0,4214.0,68.4,2026-09-17,1.21,40.2,False
2297,300861,美畅股份,16.09,1.51,0.72,17.46,15.889954512214,0.1667328,62.92975452,-945.0,3008.0,64.0,2026-09-17,1.26,40.3,False
2298,300862,蓝盾光电,52.22,4.38,9.43,-647.61,50.451167717988,0.402175714286,54.55455521,-1677.0,4935.0,72.4,2026-09-17,3.51,39.5,False
2299,300863,卡倍亿,42.76,4.27,2.09,50.67,41.496038309881,0.2917992,60.35576823,335.0,3815.0,66.0,2026-09-17,3.05,39.8,False
2300,300864,南大环境,25.52,0.87,0.84,23.84,25.328698246534,0.2090644,67.97484129,-622.0,1369.0,68.0,2026-09-17,0.76,46.2,False
2301,300865,大宏立,30.77,2.77,3.33,51.41,29.371849818176,0.2554764,62.61268858,1854.0,3121.0,67.2,2026-09-17,4.76,42.1,False
2302,300866,安克创新,125.66,0.18,0.28,21.76,125.888977756086,0.2116656,76.64891119,29.0,118.0,80.0,2026-09-17,-0.18,61.3,False
2303,300867,圣元环保,17.68,2.02,1.41,12.23,17.144860369079,0.216232,70.93825683,2223.0,702.0,70.4,2026-09-17,3.12,49.9,False
2304,300868,杰美特,91.8,1.66,2.52,-401.74,91.91635384318,0.2559244,55.96014615,-632.0,4737.0,71.6,2026-09-17,-0.13,40.1,False
2305,300869,康泰医学,10.66,0.76,0.68,-43.47,10.537667347733,0.0968032,55.28435303,112.0,4848.0,68.8,2026-09-17,1.16,38.0,False
2306,300870,欧陆通,201.12,-0.3,1.62,1898.48,204.097760747337,0.2877232,62.97842818,-2133.0,2984.0,75.6,2026-09-17,-1.46,47.6,False
2307,300871,回盛生物,21.56,0.56,0.67,10.57,21.451703150829,0.1665228,65.20659786,37.0,2245.0,66.8,2026-09-17,0.5,43.6,False
2308,300872,天阳科技,15.12,2.44,1.81,61.49,14.809831043598,0.126748,55.04701908,-16.0,4879.0,72.0,2026-09-17,2.09,39.6,False
2309,300873,海晨股份,15.19,2.43,1.68,148.93,14.822650073593,0.1637912,64.15064742,-263.0,2585.0,62.0,2026-09-17,2.48,39.8,False
2310,300875,捷强装备,32.47,1.31,1.42,-168.56,32.118545349859,0.134816,57.27448624,-143.0,4523.0,74.8,2026-09-17,1.09,42.8,False
2311,300876,蒙泰高新,14.69,2.01,0.8,-66.88,14.384784656251,0.1039528,59.14361557,254.0,4127.0,64.4,2026-09-17,2.12,38.1,False
2312,300877,金春股份,27.28,0.59,0.55,51.99,27.210867921778,0.212392,65.64494897,-36.0,2102.0,67.6,2026-09-17,0.25,44.4,False
2313,300878,维康药业,31.75,0.22,0.61,-103.28,32.120867806795,0.2046976,53.37098391,-23.0,5033.0,61.2,2026-09-17,-1.15,32.7,False
2314,300879,大叶股份,17.41,10.4,5.56,91.26,15.661779951286,0.0927616,58.99930596,-726.0,4160.0,68.0,2026-09-17,11.16,40.1,False
2315,300880,迦南智能,20.09,0.6,0.84,56.64,19.933760065138,0.2388592,62.86506808,1412.0,3038.0,64.8,2026-09-17,0.78,40.7,False
2316,300881,盛德鑫泰,29.56,0.85,0.71,26.98,29.077445732977,0.1171664,65.32743718,1501.0,2204.0,63.6,2026-09-17,1.66,41.5,False
2317,300882,万胜智能,13.49,1.28,0.38,35.72,13.237798060791,0.0799312,63.54851388,243.0,2795.0,65.6,2026-09-17,1.91,41.7,False
2318,300883,龙利得,6.42,1.9,1.01,-328.06,6.226554765989,0.1789968,53.33301606,-74.0,5035.0,64.4,2026-09-17,3.11,34.3,False
2319,300884,狄耐克,12.25,2.17,1.52,51.89,11.899060593946,0.216472,64.29759711,968.0,2535.0,65.2,2026-09-17,2.95,41.9,False
2320,300885,海昌新材,18.82,1.78,0.74,53.13,18.42756742882,0.1154788,60.12246785,64.0,3892.0,65.2,2026-09-17,2.13,39.2,False
2321,300886,华业香料,23.26,-1.57,2.32,127.86,23.062358504084,0.121586,67.12775188,1445.0,1622.0,62.8,2026-09-17,0.86,42.2,False
2322,300887,谱尼测试,6.83,0.89,1.46,-18.46,6.7417541096,0.1733124,60.12613464,251.0,3891.0,67.2,2026-09-17,1.31,40.4,False
2323,300888,稳健医疗,28.66,0.88,0.17,16.27,28.387079411461,0.1258592,65.25177137,-5.0,2229.0,70.4,2026-09-17,0.96,45.9,False
2324,300889,爱克股份,22.54,-1.18,2.39,-89.06,22.646804757533,0.464634,63.26015301,-43.0,2906.0,67.2,2026-09-17,-0.47,42.5,False
2325,300890,翔丰华,26.51,1.18,1.32,31.13,26.173725490829,0.1388252,53.68236054,-89.0,5007.0,73.6,2026-09-17,1.28,39.5,False
2326,300891,惠云钛业,7.71,1.18,1.79,206.87,7.535056756174,0.1315644,67.69795465,1589.0,1440.0,68.4,2026-09-17,2.32,46.3,False
2327,300892,品渥食品,22.42,3.32,1.82,-250.09,21.530234715738,0.0789852,62.43952165,1816.0,3182.0,64.8,2026-09-17,4.13,40.5,False
2328,300893,松原安全,13.61,0.37,0.35,25.97,13.427846048248,0.1357792,67.43596281,2220.0,1512.0,65.6,2026-09-17,1.36,44.2,False
2329,300894,火星人,10.4,1.46,0.69,-16.18,10.376182595602,0.2124024,59.35689018,-1080.0,4078.0,66.8,2026-09-17,0.23,39.7,False
2330,300895,铜牛信息,56.57,1.42,4.15,-108.3,55.705053658521,0.2894208,60.66283653,-29.0,3729.0,75.6,2026-09-17,1.55,45.9,False
2331,300896,爱美客,89.56,0.86,0.39,22.84,88.865299328546,0.232696,73.403107,1107.0,350.0,77.6,2026-09-17,0.78,57.0,False
2332,300897,山科智能,15.67,1.75,0.55,194.23,15.306735119306,0.117622,62.32611948,1486.0,3215.0,62.8,2026-09-17,2.37,39.1,False
2333,300898,熊猫乳品,19.64,1.39,0.85,34.14,19.155948491879,0.1087852,67.16873168,1311.0,1600.0,66.0,2026-09-17,2.53,44.3,False
2334,300899,上海凯鑫,29.82,0.03,0.78,92.43,29.608921212121,0.0964872,59.80294086,-606.0,3974.0,63.2,2026-09-17,0.71,37.8,False
2335,300900,广联航空,23.42,1.91,1.85,218.01,23.087436502548,0.231954,55.27696308,237.0,4852.0,70.4,2026-09-17,1.44,38.9,False
2336,300901,中胤时尚,18.05,-1.37,1.11,706.24,18.365650191208,0.2133332,63.32514565,1249.0,2883.0,66.8,2026-09-17,-1.72,42.3,False
2337,300902,国安达,17.25,-0.12,1.43,-90.18,17.291813674622,0.1447784,59.35002587,-333.0,4081.0,69.6,2026-09-17,-0.24,41.3,False
2338,300903,科翔股份,110.0,-2.53,5.75,-360.75,112.548860042139,0.4720364,70.31178959,-368.0,827.0,89.6,2026-09-17,-2.26,63.0,False
2339,300904,威力传动,44.23,2.48,5.11,-30.8,42.522715114455,0.1322892,70.22370906,1562.0,846.0,73.6,2026-09-17,4.01,51.7,False
2340,300905,宝丽迪,38.68,0.26,4.19,50.46,38.725176425982,0.2242492,67.54237672,1785.0,1482.0,78.8,2026-09-17,-0.12,53.2,False
2341,300906,日月明,28.41,0.28,0.56,57.74,28.078126485972,0.0520792,60.8975182,-72.0,3655.0,65.6,2026-09-17,1.18,39.9,False
2342,300907,康平科技,54.75,0.77,1.76,77.28,54.589335814721,0.3237972,68.74886248,1946.0,1174.0,62.8,2026-09-17,0.29,43.2,False
2343,300908,仲景食品,16.89,1.5,0.44,16.5,16.547615038517,0.1447056,64.07440737,588.0,2609.0,67.6,2026-09-17,2.07,43.3,False
2344,300909,汇创达,59.7,0.0,1.23,192.8,60.186418414676,0.40581,62.82037335,40.0,3055.0,68.8,2026-09-17,-0.81,43.2,False
2345,300910,瑞丰新材,27.78,1.8,0.83,12.83,27.548348104805,0.1784508,63.69624984,136.0,2747.0,73.6,2026-09-17,0.84,46.9,False
2346,300911,亿田智能,29.32,1.98,3.47,-49.68,28.487025308695,0.2905348,74.10032131,330.0,280.0,74.4,2026-09-17,2.92,55.1,False
2347,300912,凯龙高科,19.38,0.21,1.43,-71.35,19.19482465339,0.1349408,56.75708748,167.0,4614.0,61.6,2026-09-17,0.96,35.0,False
2348,300913,兆龙互连,42.48,-0.02,4.41,68.78,42.489237456346,0.2956736,73.97166966,-128.0,295.0,86.4,2026-09-17,-0.02,63.9,False
2349,300915,海融科技,20.7,4.02,1.72,105.17,19.700120493786,0.1526968,61.34341062,492.0,3527.0,64.8,2026-09-17,5.08,39.8,False
2350,300916,朗特智能,25.56,0.67,1.98,318.23,24.944586234494,0.221204,71.18146273,1574.0,649.0,66.0,2026-09-17,2.47,47.0,False
2351,300917,特发服务,28.6,0.81,2.42,37.73,27.995985385588,0.2740588,74.28512209,2060.0,266.0,74.0,2026-09-17,2.16,55.0,False
2352,300918,南山智尚,10.8,2.47,0.61,37.98,10.467985846589,0.1851788,67.7144817,966.0,1434.0,65.2,2026-09-17,3.17,44.1,False
2353,300919,中伟新材,37.72,0.61,0.23,15.12,37.565481108616,0.1924992,68.01551086,-131.0,1361.0,76.0,2026-09-17,0.41,51.7,False
2354,300920,润阳科技,34.51,-0.12,0.55,725.84,34.779041764956,0.2504648,60.96795019,384.0,3638.0,63.2,2026-09-17,-0.77,38.5,False
2355,300921,南凌科技,16.01,3.29,3.8,85.9,15.674945260419,0.1331116,67.12089086,565.0,1625.0,72.0,2026-09-17,2.14,48.3,False
2356,300922,天秦装备,18.08,1.18,2.68,161.97,17.936648499043,0.1713708,60.31068379,-619.0,3826.0,72.8,2026-09-17,0.8,43.9,False
2357,300923,研奥股份,23.39,0.99,0.44,99.53,22.964853285968,0.1472456,65.30703627,-531.0,2210.0,63.6,2026-09-17,1.85,41.5,False
2358,300925,法本信息,13.97,0.5,0.63,73.36,13.816007063326,0.180298,68.79063639,1229.0,1164.0,71.6,2026-09-17,1.11,49.3,False
2359,300926,博俊科技,16.39,-0.12,0.36,12.51,16.303328734736,0.1725348,71.1634104,651.0,652.0,68.4,2026-09-17,0.53,48.7,False
2360,300927,江天化学,26.92,1.28,2.73,32.71,26.445745305087,0.1642144,61.34590891,325.0,3526.0,75.2,2026-09-17,1.79,46.1,False
2361,300928,华安鑫创,22.92,0.57,0.92,-22.36,22.676711437304,0.0985192,51.01602602,-217.0,5154.0,63.6,2026-09-17,1.07,32.4,False
2362,300929,华骐环保,15.74,0.51,0.67,-205.87,15.471953987818,0.0873164,60.00116544,1167.0,3923.0,58.8,2026-09-17,1.73,35.3,False
2363,300930,屹通新材,24.92,3.19,1.72,38.56,23.995871387871,0.0874256,64.58164429,976.0,2432.0,62.8,2026-09-17,3.85,40.6,False
2364,300931,通用电梯,16.64,0.67,2.31,-115.6,16.31128720429,0.368338,62.67668688,1160.0,3106.0,60.8,2026-09-17,2.02,38.1,False
2365,300932,三友联众,10.8,0.75,1.01,29.35,10.673669511455,0.1530548,68.08591535,899.0,1333.0,62.4,2026-09-17,1.18,42.5,False
2366,300933,中辰股份,6.63,1.22,0.97,70.69,6.510205559124,0.2294076,63.88777915,1423.0,2681.0,67.6,2026-09-17,1.84,43.2,False
2367,300935,盈建科,27.0,1.01,1.64,-27.26,26.697545461641,0.1084688,56.3780531,-597.0,4685.0,62.8,2026-09-17,1.13,35.4,False
2368,300936,中英科技,80.75,0.56,4.19,-849.7,81.750989341583,0.2253716,54.72582503,-86.0,4916.0,78.0,2026-09-17,-1.22,42.7,False
2369,300937,药易购,24.39,1.12,3.27,-122.46,23.85530291684,0.2333276,64.73700721,2676.0,2392.0,63.2,2026-09-17,2.24,40.9,False
2370,300938,信测标准,32.28,3.56,3.08,50.94,30.905537793213,0.4018272,74.60775671,233.0,240.0,67.2,2026-09-17,4.45,50.1,False
2371,300939,秋田微,93.56,-1.93,6.66,162.73,89.201723403549,0.3935552,77.17239023,71.0,98.0,78.0,2026-09-17,4.89,60.2,False
2372,300940,南极光,13.51,2.43,1.11,217.52,13.142777731057,0.0997404,64.12433515,1100.0,2596.0,64.4,2026-09-17,2.79,41.3,False
2373,300941,创识科技,14.76,0.96,1.14,-494.53,14.608225802786,0.0852732,59.96820613,665.0,3935.0,72.0,2026-09-17,1.04,43.2,False
2374,300942,易瑞生物,6.53,3.65,1.94,-67.04,6.252358821621,0.07548,57.48674193,653.0,4478.0,66.0,2026-09-17,4.44,37.9,False
2375,300943,春晖智控,33.47,2.32,4.09,121.0,33.019452454088,0.2871512,64.50457325,1386.0,2459.0,66.4,2026-09-17,1.36,42.8,False
2376,300945,曼卡龙,11.83,1.46,1.4,19.22,11.617389333655,0.1299916,67.2196728,-980.0,1582.0,73.6,2026-09-17,1.83,49.5,False
2377,300946,恒而达,36.3,0.95,0.83,96.96,35.600763723413,0.1585364,64.41968427,1960.0,2497.0,65.6,2026-09-17,1.96,42.3,False
2378,300947,德必集团,14.35,1.06,0.69,296.51,14.00340714515,0.0392796,59.07315049,600.0,4140.0,66.8,2026-09-17,2.48,39.5,False
2379,300948,冠中生态,18.88,1.02,0.62,-301.65,18.70066165392,0.1095628,50.74527136,-413.0,5160.0,60.4,2026-09-17,0.96,30.7,False
2380,300949,奥雅股份,22.88,0.44,0.61,-78.73,22.433909072207,0.0377004,62.82007847,1092.0,3056.0,65.6,2026-09-17,1.99,41.2,False
2381,300950,德固特,21.03,13.25,7.12,146.3,17.963255025674,0.2357776,70.66780389,2064.0,759.0,68.4,2026-09-17,17.07,48.3,False
2382,300951,博硕科技,92.51,0.81,1.63,-246.73,92.950583261553,0.3705172,64.75930549,-188.0,2383.0,73.6,2026-09-17,-0.47,47.7,False
2383,300952,恒辉安防,15.91,2.32,1.87,90.3,15.454512433992,0.1099796,65.58205395,772.0,2117.0,63.6,2026-09-17,2.95,41.7,False
2384,300953,震裕科技,97.09,0.74,3.03,28.11,95.856045101977,0.328536,73.68967937,245.0,323.0,76.8,2026-09-17,1.29,56.6,False
2385,300955,嘉亨家化,28.93,1.76,0.47,-160.03,28.338256364976,0.117375454545,53.78151376,-274.0,4999.0,62.4,2026-09-17,2.09,33.6,False
2386,300956,英力股份,11.25,1.17,0.81,-38.0,11.032643426097,0.0964076,62.86795971,705.0,3036.0,65.2,2026-09-17,1.97,41.0,False
2387,300957,贝泰妮,31.75,0.44,0.6,23.05,31.527918408793,0.2169408,67.83013216,339.0,1404.0,75.6,2026-09-17,0.7,51.3,False
2388,300958,建工修复,11.96,1.18,0.94,465.32,11.713832128856,0.0797864,61.33170594,1152.0,3533.0,64.4,2026-09-17,2.1,39.5,False
2389,300959,线上线下,91.58,0.09,1.39,-877.52,90.874332924828,0.2292356,60.22006916,599.0,3847.0,65.2,2026-09-17,0.78,39.3,False
2390,300960,通业科技,16.29,0.49,0.73,113.19,15.975105862886,0.0480772,68.45998923,-283.0,1234.0,64.4,2026-09-17,1.97,44.1,False
2391,300961,深水海纳,12.03,1.69,2.13,-18.83,11.895990526565,0.1194904,48.29717278,-40.0,5185.0,68.8,2026-09-17,1.13,33.2,False
2392,300962,中金辐照,13.0,3.26,0.45,41.37,12.546788623499,0.235068,66.29038573,1557.0,1882.0,64.4,2026-09-17,3.61,42.7,False
2393,300963,中洲特材,11.13,2.39,0.72,65.34,10.840355350762,0.1740656,56.42881693,-1311.0,4672.0,70.4,2026-09-17,2.67,39.7,False
2394,300964,本川智能,72.62,1.91,6.22,90.86,71.068476704768,0.347146,67.87676903,-214.0,1389.0,84.0,2026-09-17,2.18,57.0,False
2395,300965,恒宇信通,41.67,1.56,0.58,-78.77,40.375350384037,0.082382,56.29697944,220.0,4704.0,62.4,2026-09-17,3.21,35.1,False
2396,300966,共同药业,23.89,1.88,1.57,-41.93,23.253373717394,0.1419924,58.80554517,195.0,4203.0,62.4,2026-09-17,2.74,36.7,False
2397,300967,晓鸣股份,16.59,0.3,1.73,842.11,16.408902860121,0.1606948,66.64717241,2657.0,1767.0,68.8,2026-09-17,1.1,45.9,False
2398,300968,格林精密,9.76,1.14,0.76,-26.74,9.626253660725,0.1472776,55.25161042,-562.0,4854.0,64.4,2026-09-17,1.39,35.6,False
2399,300969,恒帅股份,81.07,-0.41,1.82,84.73,81.49939648692,0.2282892,71.85208497,1628.0,535.0,64.8,2026-09-17,-0.53,46.6,False
2400,300970,华绿生物,17.44,1.75,6.8,30.25,16.762687888945,0.1989216,72.65349283,3700.0,413.0,70.4,2026-09-17,4.04,51.1,False
2401,300971,博亚精工,17.15,1.48,1.19,30.15,16.733834157959,0.1129624,65.97530758,1532.0,1998.0,64.0,2026-09-17,2.49,42.2,False
2402,300972,万辰集团,169.59,0.3,0.49,13.83,170.902424031877,0.2839996,65.89611997,-37.0,2021.0,70.0,2026-09-17,-0.77,46.1,False
2403,300973,立高食品,25.24,1.94,0.78,16.9,24.775310119089,0.1857952,63.00709803,-1183.0,2970.0,66.4,2026-09-17,1.88,41.8,False
2404,300975,商络电子,26.93,2.59,4.78,18.38,26.664188906762,0.2667832,62.71374183,-2682.0,3094.0,81.6,2026-09-17,1.0,51.2,False
2405,300976,达瑞电子,62.84,1.09,1.92,36.19,62.447893585877,0.2746048,77.13704377,2.0,102.0,74.4,2026-09-17,0.63,57.4,False
2406,300977,深圳瑞捷,18.18,2.83,1.98,213.09,17.644356889348,0.0931052,55.3715993,107.0,4826.0,65.2,2026-09-17,3.04,36.1,False
2407,300978,东箭科技,8.75,-0.23,1.05,27.73,8.937607045043,0.2159012,67.43339879,-343.0,1515.0,66.4,2026-09-17,-2.1,44.8,False
2408,300979,华利集团,32.69,2.28,0.09,20.03,31.95569158345,0.1405404,70.82556894,19.0,722.0,68.4,2026-09-17,2.3,48.4,False
2409,300980,祥源新材,23.36,1.88,1.33,25.11,22.932620970087,0.0987464,61.09505923,-1927.0,3603.0,64.0,2026-09-17,1.86,39.1,False
2410,300981,中红医疗,16.92,6.28,3.46,22.87,15.898645216152,0.2107852,67.11536444,2293.0,1628.0,67.6,2026-09-17,6.42,45.4,False
2411,300982,苏文电能,14.24,1.06,0.57,-239.62,14.034333097262,0.0714436,51.90099805,-476.0,5125.0,62.8,2026-09-17,1.47,32.6,False
2412,300983,尤安设计,37.77,1.64,0.55,-219.29,36.803501637531,0.1945924,58.66457748,678.0,4221.0,60.0,2026-09-17,2.63,35.2,False
2413,300984,金沃股份,30.4,2.7,2.06,104.16,29.475615153414,0.1841984,59.14557059,-1352.0,4126.0,61.6,2026-09-17,3.14,36.4,False
2414,300985,致远新能,38.03,1.01,0.52,-136.51,37.471577344376,0.189046,56.09605663,113.0,4720.0,61.6,2026-09-17,1.49,34.6,False
2415,300986,志特新材,11.27,3.39,2.36,38.2,10.92230699366,0.2288452,59.79803,439.0,3975.0,69.6,2026-09-17,3.18,41.6,False
2416,300987,川网传媒,15.03,-0.86,6.82,1757.99,15.089536019294,0.2606112,77.8627558,669.0,76.0,68.0,2026-09-17,-0.39,52.9,False
2417,300988,津荣天宇,15.63,1.63,0.89,22.9,15.356380582274,0.107702,64.11266621,-1117.0,2601.0,65.6,2026-09-17,1.78,42.1,False
2418,300989,蕾奥规划,15.42,3.42,2.55,-33.23,14.966634893145,0.27779,59.98346434,310.0,3930.0,65.2,2026-09-17,3.03,39.1,False
2419,300990,同飞股份,95.55,-0.87,6.84,63.93,93.623307133935,0.33152,84.08703795,35.0,4.0,78.8,2026-09-17,2.06,66.3,False
2420,300991,创益通,31.72,1.67,4.26,-133.98,31.024749309522,0.1593176,60.90075949,-917.0,3654.0,75.6,2026-09-17,2.24,46.0,False
2421,300992,泰福泵业,30.62,1.69,6.65,507.23,29.803439018062,0.297666,72.56514066,812.0,429.0,75.2,2026-09-17,2.74,54.6,False
2422,300993,玉马科技,9.64,1.37,0.44,27.69,9.46447352367,0.0965016,63.64378285,-901.0,2765.0,63.6,2026-09-17,1.85,40.5,False
2423,300994,久祺股份,11.18,2.38,1.5,55.05,10.776448673966,0.115588,69.47508709,2803.0,997.0,63.6,2026-09-17,3.74,44.2,False
2424,300995,奇德新材,25.87,2.13,1.02,77.25,25.237026202294,0.073504,62.24843575,-341.0,3253.0,64.0,2026-09-17,2.51,39.8,False
2425,300996,普联软件,12.51,0.48,2.34,-557.93,12.392883952127,0.197874339623,58.87927362,351.0,4186.0,68.0,2026-09-17,0.95,40.0,False
2426,300997,欢乐家,15.52,4.79,1.92,145.3,14.808627462142,0.16591,61.64952123,634.0,3433.0,66.8,2026-09-17,4.8,41.2,False
2427,300998,宁波方正,31.62,3.94,2.37,1604.23,30.517156370588,0.2813596,59.07467692,-966.0,4139.0,67.6,2026-09-17,3.61,39.9,False
2428,300999,金龙鱼,25.05,0.64,1.04,29.6,24.786442280476,0.2944212,69.490359,1495.0,989.0,84.8,2026-09-17,1.06,58.9,False
2429,301000,肇民科技,24.59,0.99,1.85,49.25,24.175989656517,0.2351196,70.06545142,745.0,879.0,66.8,2026-09-17,1.71,46.8,False
2430,301001,凯淳股份,25.11,2.62,1.58,580.14,24.187623038516,0.0312372,61.85388268,896.0,3372.0,64.8,2026-09-17,3.81,40.1,False
2431,301002,崧盛股份,27.03,1.92,1.9,48.22,26.668880147656,0.0822468,57.93376352,-880.0,4380.0,63.6,2026-09-17,1.35,36.8,False
2432,301003,江苏博云,53.98,2.72,1.64,46.76,52.51758795852,0.2365712,55.99147181,155.0,4734.0,63.6,2026-09-17,2.78,35.6,False
2433,301004,嘉益股份,33.65,3.16,0.19,14.41,32.657919792268,0.1447928,64.11758716,79.0,2600.0,64.0,2026-09-17,3.04,41.0,False
2434,301005,超捷股份,62.87,1.34,1.34,514.16,62.538188486561,0.1851896,55.27987457,-329.0,4851.0,71.2,2026-09-17,0.53,39.4,False
2435,301006,迈拓股份,13.13,1.08,0.8,94.41,12.821332336129,0.034028,60.37844815,-1366.0,3807.0,62.8,2026-09-17,2.41,37.9,False
2436,301007,德迈仕,32.13,0.37,0.56,161.84,31.815445322408,0.2706072,68.73833083,2609.0,1176.0,69.2,2026-09-17,0.99,47.6,False
2437,301008,宏昌科技,42.4,-0.49,2.08,81.38,42.622197593467,0.3053436,64.86197754,543.0,2348.0,70.4,2026-09-17,-0.52,45.7,False
2438,301009,可靠股份,8.93,2.29,0.97,-153.48,8.649006346412,0.0474148,58.56609557,-1440.0,4250.0,64.0,2026-09-17,3.25,37.5,False
2439,301010,晶雪节能,18.55,6.79,2.62,147.94,17.358867166577,0.1061432,68.87439545,2951.0,1145.0,63.6,2026-09-17,6.86,43.8,False
2440,301011,华立科技,16.39,12.03,3.86,-11.63,14.353881433077,0.0709928,60.17380196,-180.0,3868.0,66.4,2026-09-17,14.19,40.0,False
2441,301012,扬电科技,22.64,2.63,2.12,71.91,22.079819634549,0.2498304,60.95227689,-579.0,3641.0,68.4,2026-09-17,2.54,41.7,False
2442,301013,利和兴,39.54,1.23,3.96,-126.94,39.457426746779,0.2469284,55.14421808,-3372.0,4866.0,79.6,2026-09-17,0.21,43.9,False
2443,301015,百洋医药,24.97,7.91,1.31,29.21,23.155712502336,0.2665308,71.39863011,1301.0,612.0,64.4,2026-09-17,7.84,46.0,False
2444,301016,雷尔伟,14.92,0.67,0.58,89.75,14.981865461876,0.0806728,62.26614974,-261.0,3246.0,67.6,2026-09-17,-0.41,42.1,False
2445,301017,漱玉平民,12.42,1.97,1.52,97.72,12.13867730556,0.1199076,62.56294252,1408.0,3139.0,63.6,2026-09-17,2.32,39.8,False
2446,301018,申菱环境,102.41,-1.66,4.37,354.61,106.626995524626,0.4328268,77.74075664,294.0,81.0,85.2,2026-09-17,-3.95,66.2,False
2447,301019,宁波色母,15.43,3.28,1.24,25.9,14.81620709831,0.076846,62.3410338,-1096.0,3209.0,59.2,2026-09-17,4.14,36.9,False
2448,301020,密封科技,21.27,1.19,0.66,25.99,20.939479510147,0.1315652,63.10431443,-613.0,2942.0,65.6,2026-09-17,1.58,41.4,False
2449,301021,英诺激光,90.61,-2.25,4.67,197.03,92.175251705631,0.3573228,79.56085462,-30.0,38.0,84.4,2026-09-17,-1.7,67.1,False
2450,301022,海泰科,22.2,1.19,0.84,-59.18,21.644938123453,0.0951896,56.83072076,435.0,4598.0,63.6,2026-09-17,2.56,36.1,False
2451,301023,奕帆传动,28.69,1.85,0.85,51.75,27.951397518811,0.1189564,61.77503461,677.0,3395.0,62.4,2026-09-17,2.64,38.5,False
2452,301024,霍普股份,32.26,1.93,0.47,-49.55,31.558982376928,0.0571428,54.2042101,-778.0,4967.0,63.2,2026-09-17,2.22,34.3,False
2453,301025,读客文化,10.26,1.38,2.98,187.79,10.00886355178,0.1770604,68.01679443,2560.0,1359.0,70.8,2026-09-17,2.51,48.2,False
2454,301026,浩通科技,19.42,1.3,0.85,14.76,19.202647113313,0.1330876,60.21435291,-859.0,3850.0,66.4,2026-09-17,1.13,40.0,False
2455,301027,华蓝集团,20.03,0.15,0.85,-79.27,20.000327801877,0.2698284,53.76936927,-1608.0,5000.0,64.4,2026-09-17,0.15,34.6,False
2456,301028,鼎熔岩,13.03,1.01,0.47,18.85,12.839862775087,0.1449468,65.1444339,-1299.0,2266.0,62.4,2026-09-17,1.48,40.7,False
2457,301029,怡合达,24.57,1.03,0.5,24.55,24.314485096655,0.1862,65.18267186,-20.0,2250.0,65.6,2026-09-17,1.05,42.8,False
2458,301030,*ST仕净,6.8,-3.68,4.03,-0.99,7.031658169248,0.2229236,45.60479368,-2.0,5193.0,62.8,2026-09-17,-3.29,28.6,False
2459,301031,中熔电气,96.6,0.94,0.93,28.14,95.71026666077,0.2464212,71.429128,-331.0,604.0,68.0,2026-09-17,0.93,48.6,False
2460,301032,新柴股份,9.96,-0.2,1.05,26.6,9.878409639599,0.074786,67.71092859,2080.0,1436.0,62.4,2026-09-17,0.83,42.3,False
2461,301033,迈普医学,54.12,2.46,0.52,32.08,53.065055684559,0.2001108,64.77120326,-1703.0,2379.0,60.8,2026-09-17,1.99,39.4,False
2462,301035,润丰股份,53.28,-0.41,0.11,19.35,53.543449262979,0.1178376,67.15928671,-110.0,1607.0,66.8,2026-09-17,-0.49,44.9,False
2463,301036,双乐股份,21.48,1.32,0.55,772.57,21.276792851874,0.1142132,56.34215797,-146.0,4696.0,65.2,2026-09-17,0.96,36.7,False
2464,301037,保立佳,12.29,1.07,1.39,-29.23,12.015767372624,0.0262636,51.49562995,-89.0,5136.0,61.2,2026-09-17,2.28,31.5,False
2465,301038,深水规院,16.88,0.0,0.37,335.44,16.825998904976,0.1258828,61.88802046,-1212.0,3362.0,67.2,2026-09-17,0.32,41.6,False
2466,301039,中集车辆,7.37,-0.27,0.2,20.68,7.364523313112,0.2109888,69.76250265,333.0,939.0,67.2,2026-09-17,0.07,46.9,False
2467,301040,中环海陆,26.59,0.64,0.52,-28.98,26.320622598549,0.184248,66.3203474,639.0,1872.0,63.6,2026-09-17,1.02,42.2,False
2468,301041,金百泽,35.1,3.63,10.27,167.63,34.082995073001,0.2163696,64.90945067,-2147.0,2330.0,78.8,2026-09-17,2.98,51.1,False
2469,301042,安联锐视,30.92,2.01,1.56,107.79,30.466659121974,0.1551948,56.3900132,-356.0,4684.0,64.0,2026-09-17,1.49,36.1,False
2470,301043,绿岛风,49.85,1.36,0.79,54.74,49.943492273815,0.1017668,61.50166261,263.0,3474.0,66.0,2026-09-17,-0.19,40.6,False
2471,301045,天禄科技,72.57,-1.27,2.7,323.0,72.771038016773,0.3614924,71.14141973,-33.0,657.0,64.4,2026-09-17,-0.28,45.8,False
2472,301046,能辉科技,32.04,2.01,2.35,-116.24,31.795924381349,0.11357,52.48129456,-37.0,5096.0,70.0,2026-09-17,0.77,36.7,False
2473,301047,义翘神州,111.4,3.0,6.42,79.53,108.752761152536,0.3436824,73.6391112,935.0,327.0,74.0,2026-09-17,2.43,54.5,False
2474,301048,金鹰重工,8.96,0.67,0.22,23.65,8.876762961286,0.120918,63.77203927,-960.0,2716.0,65.2,2026-09-17,0.94,41.6,False
2475,301049,超越科技,19.86,1.33,1.11,-25.56,19.431725117313,0.045302,52.46577211,-975.0,5097.0,64.0,2026-09-17,2.2,33.6,False
2476,301050,雷电微力,27.7,2.14,0.65,-37.48,27.207345315055,0.120958,54.36859091,-713.0,4955.0,73.2,2026-09-17,1.81,39.8,False
2477,301051,信濠光电,18.14,1.68,1.16,-22.61,17.906492188462,0.222686,61.92750996,-382.0,3348.0,59.2,2026-09-17,1.3,36.7,False
2478,301052,果麦文化,23.87,2.01,2.74,-29.03,23.330043778253,0.1760308,65.98242004,667.0,1992.0,70.0,2026-09-17,2.31,46.2,False
2479,301053,远信工业,35.79,0.65,0.5,92.92,35.294893195005,0.3547928,60.54832338,7.0,3758.0,62.4,2026-09-17,1.4,37.8,False
2480,301055,张小泉,30.13,0.94,0.97,67.75,30.400902506036,0.250088,62.26726323,-611.0,3245.0,67.2,2026-09-17,-0.89,41.8,False
2481,301056,森赫股份,13.88,0.07,0.6,65.97,13.808613800711,0.0566116,62.60718784,-2032.0,3122.0,66.0,2026-09-17,0.52,41.3,False
2482,301057,汇隆新材,20.99,4.22,1.29,38.77,19.929414922137,0.0507888,60.44998762,796.0,3790.0,62.8,2026-09-17,5.32,38.0,False
2483,301058,中粮科工,8.73,0.34,0.93,25.97,8.609358184348,0.2413268,75.48758166,1474.0,190.0,69.6,2026-09-17,1.4,52.5,False
2484,301059,金三江,12.38,1.56,0.54,32.21,12.156992294306,0.081442,67.6379335,-865.0,1455.0,63.6,2026-09-17,1.83,43.0,False
2485,301060,兰卫医学,10.87,0.09,4.17,34.23,10.85520578522,0.2005432,74.92797415,535.0,224.0,69.6,2026-09-17,0.14,52.1,False
2486,301061,匠心家居,42.5,4.4,2.15,19.65,40.932477748935,0.1728396,78.34423753,28.0,63.0,74.0,2026-09-17,3.83,58.0,False
2487,301062,上海艾录,7.11,1.43,0.72,91.1,6.925378601692,0.1579312,57.93457877,650.0,4379.0,61.6,2026-09-17,2.67,35.7,False
2488,301063,海锅股份,17.05,0.77,0.65,195.53,16.716331103159,0.0291952,58.62688803,-875.0,4229.0,62.8,2026-09-17,2.0,36.8,False
2489,301065,本立科技,19.23,1.05,0.67,22.77,18.919291621719,0.11666,60.76290334,-90.0,3691.0,63.6,2026-09-17,1.64,38.6,False
2490,301066,万事利,12.29,6.13,2.16,73.41,11.590809525382,0.1393884,60.86433989,-1880.0,3662.0,66.0,2026-09-17,6.03,40.2,False
2491,301067,显盈科技,32.26,-1.04,2.15,-83.29,32.961142639313,0.1817508,58.36335824,-2289.0,4289.0,68.4,2026-09-17,-2.13,39.9,False
2492,301068,大地海洋,25.67,0.75,0.79,57.96,25.329678872887,0.1051904,62.52666971,-159.0,3156.0,64.0,2026-09-17,1.34,40.0,False
2493,301069,凯盛新材,16.17,1.25,0.34,38.88,16.052233677252,0.1971796,63.07287164,-1567.0,2954.0,70.0,2026-09-17,0.73,44.2,False
2494,301070,开勒股份,65.73,-0.03,1.46,392.98,66.1358344861,0.2852592,54.92080079,-297.0,4895.0,62.8,2026-09-17,-0.61,34.5,False
2495,301071,力量钻石,69.53,-2.56,8.23,98.2,69.367018600902,0.3756828,80.26635132,1.0,24.0,89.6,2026-09-17,0.23,71.9,False
2496,301072,中捷精工,50.97,15.11,4.15,-148.48,44.58752784889,0.2176308,57.42667169,-424.0,4490.0,60.0,2026-09-17,14.31,34.5,False
2497,301073,君亭酒店,17.91,1.94,2.49,183.22,17.547828337737,0.2034152,70.16087816,2061.0,859.0,68.4,2026-09-17,2.06,48.0,False
2498,301075,多瑞医药,65.07,1.18,1.44,225.75,62.247909528324,0.2673168,65.53570341,830.0,2131.0,65.2,2026-09-17,4.53,42.7,False
2499,301076,新瀚新材,20.79,1.32,1.32,64.77,20.340390806042,0.2122364,69.05615953,2227.0,1105.0,71.6,2026-09-17,2.21,49.4,False
2500,301077,星华新材,22.26,1.6,1.61,28.09,21.789140615184,0.2382376,66.42924118,1600.0,1837.0,64.0,2026-09-17,2.16,42.5,False
2501,301078,孩子王,7.0,1.6,0.6,25.79,6.907946542792,0.2016256,66.13679312,-497.0,1931.0,70.4,2026-09-17,1.33,46.6,False
2502,301079,邵阳液压,27.45,2.04,1.45,173.82,26.904145919528,0.11583,52.94885336,27.0,5068.0,66.4,2026-09-17,2.03,35.2,False
2503,301080,百普赛斯,107.46,8.24,11.93,91.6,101.147347723881,0.3045708,71.42511519,151.0,605.0,72.0,2026-09-17,6.24,51.4,False
2504,301081,严牌股份,17.52,4.47,2.16,439.83,16.553741035669,0.2792968,62.47134003,1160.0,3173.0,68.8,2026-09-17,5.84,43.0,False
2505,301082,久盛电气,9.87,1.44,1.02,78.54,9.660236330267,0.1363792,58.88842056,669.0,4185.0,68.4,2026-09-17,2.17,40.3,False
2506,301083,百胜智能,13.64,1.26,0.74,224.08,13.417077707771,0.1406804,62.36748292,1285.0,3204.0,63.2,2026-09-17,1.66,39.4,False
2507,301085,亚康股份,76.83,2.7,4.89,67.18,74.931879773439,0.2637128,65.27527388,-686.0,2220.0,82.8,2026-09-17,2.53,54.0,False
2508,301086,鸿富瀚,163.95,5.22,5.12,141.14,156.901382818965,0.3853908,74.3600547,760.0,259.0,76.0,2026-09-17,4.49,56.5,False
2509,301087,可孚医疗,53.07,-0.39,0.6,30.95,53.117168454085,0.3354388,78.63493828,1343.0,53.0,71.6,2026-09-17,-0.09,56.3,False
2510,301088,戎美股份,13.16,1.08,0.32,62.93,12.850347826087,0.0797924,58.76730217,-759.0,4211.0,63.2,2026-09-17,2.41,37.1,False
2511,301089,拓新药业,22.32,1.41,1.53,-50.51,21.850396460527,0.1973268,58.15002914,813.0,4339.0,67.2,2026-09-17,2.15,39.1,False
2512,301090,华润材料,6.99,2.64,0.25,20.34,6.802748663571,0.1961212,63.70780296,-1819.0,2744.0,68.4,2026-09-17,2.75,43.6,False
2513,301091,深城交,19.44,3.51,0.49,132.97,18.751669966221,0.1255248,66.07760856,-48.0,1953.0,71.6,2026-09-17,3.67,47.3,False
2514,301092,争光股份,43.71,2.25,2.0,76.36,43.193357920602,0.1954156,63.9829288,1444.0,2645.0,60.8,2026-09-17,1.2,38.9,False
2515,301093,华兰股份,64.23,8.15,3.49,892.1,60.243394955097,0.3490636,62.92609403,-329.0,3011.0,63.2,2026-09-17,6.62,39.8,False
2516,301095,广立微,78.07,4.48,1.94,224.8,75.255586257185,0.2201976,68.59156324,-466.0,1202.0,72.0,2026-09-17,3.74,49.4,False
2517,301096,百诚医药,52.36,3.99,3.04,1789.8,50.865003761695,0.2168192,61.66527422,-1477.0,3424.0,69.6,2026-09-17,2.94,42.9,False
2518,301097,天益医疗,34.13,0.8,0.68,86.41,33.422977338201,0.0407264,58.52900021,647.0,4256.0,61.2,2026-09-17,2.12,35.8,False
2519,301098,金埔园林,8.6,-0.12,1.33,-30.17,8.555392554915,0.1601732,58.03091354,305.0,4357.0,63.2,2026-09-17,0.52,36.7,False
2520,301099,雅创电子,53.25,3.94,5.62,20.69,51.667046261732,0.235234,71.26414383,-591.0,640.0,73.6,2026-09-17,3.06,52.5,False
2521,301100,风光股份,15.25,0.93,0.44,-72.87,15.037577249903,0.066476,56.40911346,-387.0,4678.0,58.8,2026-09-17,1.41,33.2,False
2522,301101,明月镜片,30.17,2.97,0.66,27.37,29.054934357462,0.1839104,75.50842572,311.0,187.0,68.8,2026-09-17,3.84,51.9,False
2523,301102,兆讯传媒,9.29,-0.11,0.14,-66.17,9.231964090974,0.136358,68.04958818,2184.0,1347.0,62.0,2026-09-17,0.63,42.2,False
2524,301103,何氏眼科,15.92,1.34,0.84,30.29,15.598390715939,0.1614608,66.79554699,447.0,1727.0,63.2,2026-09-17,2.06,42.2,False
2525,301105,鸿铭股份,49.32,2.71,0.85,-104.1,47.48309375,0.1342812,54.41930947,114.0,4948.0,62.4,2026-09-17,3.87,34.0,False
2526,301106,骏成科技,19.02,0.58,1.24,140.35,18.965833658051,0.1273736,64.85302534,866.0,2354.0,68.4,2026-09-17,0.29,44.4,True
2527,301107,瑜欣电子,23.66,4.05,5.1,65.05,22.30243338482,0.2411656,71.89011742,550.0,525.0,60.4,2026-09-17,6.09,43.4,False
2528,301108,洁雅股份,46.14,10.73,2.88,62.32,41.69997720498,0.190862,64.85142194,-1231.0,2356.0,65.6,2026-09-17,10.65,42.5,False
2529,301109,军信股份,12.92,0.0,0.21,11.92,12.829612227778,0.1576728,68.3971845,-80.0,1249.0,65.2,2026-09-17,0.7,44.6,False
2530,301110,青木科技,35.68,1.71,1.63,26.65,34.74175918564,0.2605876,72.51548592,126.0,435.0,71.2,2026-09-17,2.7,51.6,False
2531,301111,粤万年青,21.95,0.69,1.38,550.53,21.505430607456,0.181456,61.18215734,-453.0,3578.0,70.0,2026-09-17,2.07,42.8,False
2532,301112,信邦智能,30.21,1.79,0.29,-207.18,29.687815410669,0.1327832,52.66712028,-436.0,5082.0,63.2,2026-09-17,1.76,33.3,False
2533,301113,雅艺科技,17.79,4.52,1.18,244.11,16.737333615073,0.0388736,67.06015271,1896.0,1642.0,63.2,2026-09-17,6.29,42.4,False
2534,301115,联检科技,32.33,3.09,2.01,-94.55,31.566820376868,0.3533432,60.27472656,-1737.0,3836.0,62.0,2026-09-17,2.42,37.4,False
2535,301116,益客食品,8.98,0.56,0.41,59.81,8.872612474115,0.0995196,62.28947752,777.0,3233.0,64.0,2026-09-17,1.21,39.9,False
2536,301117,ST佳缘,13.46,1.74,2.07,-18.09,13.250692038608,0.264795098039,51.02698133,-26.0,5152.0,62.8,2026-09-17,1.58,32.0,False
2537,301118,恒光股份,23.13,1.27,0.88,20.36,22.80184351874,0.088272,63.76483254,217.0,2723.0,66.0,2026-09-17,1.44,42.1,False
2538,301119,正强股份,25.55,1.19,2.1,38.28,24.99756541895,0.2250524,70.45889619,1317.0,797.0,63.2,2026-09-17,2.21,44.5,False
2539,301120,新特电气,14.79,2.42,1.34,247.37,14.505141139852,0.1431552,58.41580645,-442.0,4278.0,67.6,2026-09-17,1.96,39.5,False
2540,301121,紫建电子,35.61,2.42,0.7,795.86,34.460400750991,0.079844,65.59632964,1226.0,2113.0,66.0,2026-09-17,3.34,43.3,False
2541,301122,采纳股份,47.62,1.08,2.25,294.33,47.559077313792,0.2897472,66.22932285,731.0,1899.0,68.4,2026-09-17,0.13,45.3,False
2542,301123,奕东电子,79.4,0.51,2.48,1017.06,79.706118857082,0.2805736,64.04643515,-2254.0,2616.0,78.0,2026-09-17,-0.38,50.0,False
2543,301125,腾亚精工,13.35,1.29,0.56,-94.77,13.095602754414,0.1511204,56.77091942,-93.0,4612.0,61.6,2026-09-17,1.94,35.0,False
2544,301126,达嘉维康,10.28,1.78,0.98,145.49,10.025319314286,0.0488408,60.44565463,219.0,3793.0,62.4,2026-09-17,2.54,37.7,False
2545,301127,武汉天源,17.04,-0.06,1.26,74.56,17.018405864796,0.3486396,66.10927444,197.0,1943.0,63.6,2026-09-17,0.13,42.0,False
2546,301128,强瑞技术,122.09,-1.44,3.75,102.66,124.648314139646,0.322864,67.15227956,-1208.0,1611.0,83.2,2026-09-17,-2.05,55.9,False
2547,301129,瑞纳智能,23.46,3.03,1.82,137.6,22.719442464737,0.0921008,61.04489289,-1122.0,3611.0,70.0,2026-09-17,3.26,42.7,False
2548,301130,西点药业,26.83,0.22,5.59,114.95,26.952595341596,0.2237032,61.63736166,1733.0,3440.0,67.6,2026-09-17,-0.45,41.7,False
2549,301131,聚赛龙,32.17,0.94,0.64,232.9,31.317198220316,0.0968072,61.57321306,-269.0,3455.0,63.2,2026-09-17,2.72,38.9,False
2550,301132,满坤科技,60.44,0.83,9.09,101.75,59.899298673358,0.2289848,69.48694615,-453.0,992.0,83.6,2026-09-17,0.9,58.1,False
2551,301133,金钟股份,27.07,-1.17,1.4,-47.94,27.315678003685,0.2500268,61.50444099,1536.0,3471.0,65.2,2026-09-17,-0.9,40.1,False
2552,301135,瑞德智能,17.26,1.41,0.69,-372.53,16.858656569121,0.0793572,63.64280102,-544.0,2766.0,62.4,2026-09-17,2.38,39.7,False
2553,301136,招标股份,12.24,2.51,1.41,205.05,11.898255522418,0.1055528,60.20241959,-2063.0,3856.0,71.2,2026-09-17,2.87,42.9,False
2554,301137,哈焊华通,31.94,2.47,0.77,156.54,31.232496084754,0.120124,58.10339851,-146.0,4346.0,69.6,2026-09-17,2.27,40.4,False
2555,301138,华研精机,28.0,1.01,0.45,38.28,27.586513530363,0.0601396,61.31511707,-755.0,3539.0,63.6,2026-09-17,1.5,39.0,False
2556,301139,*ST元道,,,0.0,-3.66,3.389959572517,0.0576108,51.20377496,-6.0,5147.0,59.6,2026-09-17,,30.5,False
2557,301141,中科磁业,36.88,0.44,1.16,277.82,36.771081886898,0.1335044,56.35350128,-353.0,4693.0,70.0,2026-09-17,0.3,39.4,False
2558,301148,嘉戎技术,59.0,0.68,1.28,195.34,58.35601255612,0.368842,65.75992952,2152.0,2066.0,64.4,2026-09-17,1.1,42.3,False
2559,301149,隆华新材,8.75,0.81,0.93,18.13,8.675228909862,0.2087492,75.54374675,-74.0,182.0,70.8,2026-09-17,0.86,53.5,False
2560,301150,中一科技,40.53,2.22,6.7,39.4,40.414993940177,0.2571584,62.16403571,-2173.0,3276.0,80.8,2026-09-17,0.28,50.2,False
2561,301151,冠龙节能,21.26,1.77,0.99,135.46,20.918422109101,0.0992916,63.81844953,200.0,2702.0,69.2,2026-09-17,1.63,44.2,False
2562,301152,天力锂能,21.12,0.57,3.21,76.93,20.993261263732,0.1146656,53.88969308,-1128.0,4991.0,75.2,2026-09-17,0.6,40.5,False
2563,301153,中科江南,17.15,0.65,0.41,-203.74,16.979305740031,0.0879888,67.69696071,114.0,1441.0,66.4,2026-09-17,1.01,45.0,False
2564,301155,海力风电,42.28,-1.67,3.5,-49.18,41.966163989454,0.2850248,67.27967404,800.0,1556.0,79.2,2026-09-17,0.75,53.3,False
2565,301156,美农生物,11.5,-0.43,1.25,58.61,11.409725617056,0.0852344,62.88049481,583.0,3031.0,65.6,2026-09-17,0.79,41.2,False
2566,301157,华塑科技,63.42,2.84,0.79,124.88,61.675241739553,0.1081456,65.05953673,-1313.0,2297.0,64.0,2026-09-17,2.83,41.6,False
2567,301158,德石股份,14.04,1.74,1.06,43.3,13.676650706033,0.1512148,58.63583718,-414.0,4226.0,66.0,2026-09-17,2.66,38.7,False
2568,301159,三维天地,30.82,1.72,1.18,-32.85,30.167999701559,0.0912556,62.81601189,-1241.0,3059.0,65.6,2026-09-17,2.16,41.2,False
2569,301160,翔楼新材,42.01,0.02,1.11,38.29,41.886175946578,0.3117416,64.32532609,-433.0,2528.0,61.2,2026-09-17,0.3,39.4,False
2570,301161,唯万密封,30.82,3.42,3.33,26.96,29.662658382901,0.1805696,63.53479284,-1916.0,2800.0,66.0,2026-09-17,3.9,41.9,False
2571,301162,国能日新,35.62,0.11,0.41,47.43,35.465486520614,0.165634,71.38023222,1317.0,615.0,65.2,2026-09-17,0.44,46.5,False
2572,301163,宏德股份,21.96,1.62,1.04,178.74,21.330927189243,0.0961196,63.28880012,-124.0,2894.0,62.0,2026-09-17,2.95,39.2,False
2573,301165,锐捷网络,116.89,0.7,0.78,93.76,116.123699413557,0.4318944,74.96628726,70.0,221.0,80.4,2026-09-17,0.66,60.3,False
2574,301166,优宁维,29.24,1.88,3.07,-106.8,28.473596160368,0.1243356,68.97745075,2889.0,1126.0,67.2,2026-09-17,2.69,46.4,False
2575,301167,建研设计,12.85,1.34,0.91,-141.76,12.57516522558,0.067614,51.65201947,-9.0,5132.0,62.4,2026-09-17,2.19,32.2,False
2576,301168,通灵股份,40.25,0.98,0.19,784.28,40.025949033392,0.158196,54.36851518,-886.0,4956.0,62.8,2026-09-17,0.56,34.1,False
2577,301169,零点有数,55.51,6.44,2.13,-73.0,52.351532815199,0.20631,63.44981777,698.0,2839.0,67.2,2026-09-17,6.03,42.6,False
2578,301170,锡南科技,22.17,1.0,0.62,33.78,21.737440412239,0.0491052,60.77157541,-1035.0,3687.0,62.8,2026-09-17,1.99,38.2,False
2579,301171,易点天下,33.94,0.0,4.42,133.79,34.197395283482,0.3363584,67.86412856,1742.0,1396.0,84.8,2026-09-17,-0.75,57.5,False
2580,301172,君逸数码,18.66,1.36,1.31,130.23,18.567193244134,0.1768996,63.5261042,-1581.0,2802.0,70.0,2026-09-17,0.5,44.5,False
2581,301173,毓恬冠佳,32.44,1.06,0.54,24.96,31.845921810141,0.0834676,67.12240364,885.0,1624.0,61.6,2026-09-17,1.87,41.3,False
2582,301175,中科环保,5.64,0.0,0.73,18.23,5.596116560897,0.186912,69.533595,-478.0,980.0,69.6,2026-09-17,0.78,48.4,False
2583,301176,逸豪新材,57.11,1.51,5.03,224.52,56.713133104532,0.1955448,63.09721897,-323.0,2945.0,80.8,2026-09-17,0.7,51.0,False
2584,301177,迪阿股份,22.78,1.88,0.18,129.19,22.437371254628,0.1316292,58.98880834,-1084.0,4166.0,68.0,2026-09-17,1.53,40.1,False
2585,301178,天亿马,36.32,1.74,2.11,653.23,35.970841178362,0.1648368,63.70535386,-323.0,2746.0,69.6,2026-09-17,0.97,44.3,False
2586,301179,泽宇智能,20.44,0.05,0.94,70.06,20.382398386767,0.2179088,71.97583779,407.0,505.0,71.6,2026-09-17,0.28,51.5,False
2587,301180,万祥科技,11.53,0.7,0.77,-102.11,11.394931518576,0.1174944,60.21727829,643.0,3848.0,64.0,2026-09-17,1.19,38.5,False
2588,301181,标榜股份,23.24,-0.21,0.52,39.31,23.143107398032,0.242932,60.42246318,-777.0,3797.0,62.0,2026-09-17,0.42,37.5,False
2589,301182,凯旺科技,71.52,2.91,3.6,-46.71,67.877031617775,0.2801876,61.1799926,1210.0,3579.0,65.6,2026-09-17,5.37,40.1,False
2590,301183,东田微,301.04,1.33,6.09,138.61,298.218201108453,0.3111652,72.92271249,-287.0,392.0,88.0,2026-09-17,0.95,64.2,False
2591,301185,鸥玛软件,16.7,0.54,0.5,41.17,16.533812644659,0.0420856,64.60452322,177.0,2424.0,64.8,2026-09-17,1.01,41.9,False
2592,301186,超达装备,34.95,0.49,0.71,94.73,34.752047749374,0.1969292,64.55133054,1423.0,2439.0,63.6,2026-09-17,0.57,41.1,False
2593,301187,欧圣电气,14.98,4.83,3.11,65.6,14.238687693534,0.1375104,64.43381748,1506.0,2489.0,64.8,2026-09-17,5.21,41.8,False
2594,301188,力诺药包,33.03,-0.81,4.62,141.81,33.778404574114,0.3386264,63.71461791,2235.0,2742.0,60.8,2026-09-17,-2.22,38.7,False
2595,301189,奥尼电子,68.33,5.53,3.76,332.49,64.166377450445,0.4038448,72.17575375,853.0,481.0,70.4,2026-09-17,6.49,50.8,False
2596,301190,善水科技,18.64,0.38,1.04,23.49,18.530853147044,0.2039964,63.25364598,-980.0,2909.0,69.2,2026-09-17,0.59,43.8,False
2597,301191,菲菱科思,87.01,1.65,2.2,121.12,86.268777069826,0.1834964,62.00177359,-2623.0,3328.0,66.8,2026-09-17,0.86,41.4,False
2598,301192,泰祥股份,18.98,2.59,1.3,72.43,18.283597464342,0.0249468,59.12599497,-1938.0,4130.0,62.4,2026-09-17,3.81,36.9,False
2599,301193,家联科技,20.18,6.83,1.94,-26.68,18.986626446949,0.2233168,59.22746872,-1860.0,4101.0,62.4,2026-09-17,6.29,37.0,False
2600,301195,北路智控,26.22,1.94,0.99,37.9,25.661537471612,0.171342,62.55009715,-2202.0,3147.0,62.4,2026-09-17,2.18,39.0,False
2601,301196,唯科科技,90.35,1.93,4.03,53.27,88.088352421944,0.2537948,74.82859818,1319.0,227.0,68.8,2026-09-17,2.57,51.5,False
2602,301197,工大科雅,25.2,1.45,0.59,-57.63,24.870220816853,0.1368796,56.69400868,-836.0,4623.0,60.4,2026-09-17,1.33,34.2,False
2603,301198,喜悦智行,12.31,1.57,0.79,-193.08,12.109537904396,0.0662444,54.4707322,-44.0,4942.0,62.0,2026-09-17,1.66,33.8,False
2604,301199,迈赫股份,18.19,1.22,0.28,57.85,17.924749250386,0.0590044,61.85878399,-1544.0,3371.0,62.8,2026-09-17,1.48,38.8,False
2605,301200,大族数控,264.96,2.35,0.43,67.7,262.380846578439,0.2955128,70.76342442,-631.0,737.0,74.4,2026-09-17,0.98,52.6,False
2606,301201,诚达药业,34.27,1.51,3.38,1152.76,33.83890111625,0.1999392,58.6790512,335.0,4218.0,66.0,2026-09-17,1.27,38.7,False
2607,301202,朗威股份,37.13,2.74,1.13,71.08,36.353678637494,0.1701808,67.78751501,1286.0,1420.0,64.4,2026-09-17,2.14,43.7,False
2608,301203,国泰环保,33.51,1.42,0.87,31.52,32.923552726091,0.0834112,57.74758148,-1054.0,4426.0,61.6,2026-09-17,1.78,35.6,False
2609,301205,联特科技,318.2,5.93,7.49,2208.63,296.184624283467,0.390198,60.68771812,-1614.0,3724.0,79.2,2026-09-17,7.43,48.1,False
2610,301206,三元生物,23.32,-0.89,1.69,46.81,23.348855449984,0.2709792,65.07833478,1821.0,2290.0,68.0,2026-09-17,-0.12,44.3,False
2611,301207,华兰疫苗,18.36,1.27,1.19,151.4,18.118334567344,0.2103332,65.86655922,-329.0,2033.0,73.6,2026-09-17,1.33,48.5,False
2612,301208,中亦科技,29.93,1.56,0.76,78.02,29.440867873127,0.113452,65.20411702,-986.0,2246.0,64.8,2026-09-17,1.66,42.3,False
2613,301209,联合化学,60.95,2.01,0.74,819.35,60.197094563065,0.2795088,60.88408881,-392.0,3658.0,64.8,2026-09-17,1.25,39.5,False
2614,301210,金杨精密,31.16,2.7,7.7,46.94,29.89565966852,0.15364,70.88644369,-599.0,711.0,73.6,2026-09-17,4.23,52.2,False
2615,301211,亨迪药业,11.84,2.33,2.23,82.03,11.580048117689,0.186246,68.11518066,3004.0,1323.0,70.4,2026-09-17,2.24,48.0,False
2616,301212,联盛化学,25.76,1.98,0.5,73.11,25.099743826549,0.0848052,55.75622734,-1723.0,4770.0,64.8,2026-09-17,2.63,36.1,False
2617,301213,观想科技,39.91,0.71,0.46,-1302.29,39.711924283154,0.0871552,56.61755464,-160.0,4641.0,64.0,2026-09-17,0.5,36.2,False
2618,301215,中汽股份,5.28,-0.19,0.23,26.68,5.237074652681,0.2263116,73.20611995,1250.0,366.0,67.6,2026-09-17,0.82,49.5,False
2619,301216,万凯新材,17.26,-0.12,1.39,8.91,17.401475152452,0.2727724,63.76809618,244.0,2719.0,75.2,2026-09-17,-0.81,48.0,False
2620,301217,铜冠铜箔,112.49,0.57,2.46,217.0,114.884283200773,0.3873716,67.31378681,-207.0,1546.0,89.2,2026-09-17,-2.08,60.0,False
2621,301218,华是科技,44.38,0.7,4.73,-173.27,44.800197337517,0.3750888,61.82280899,443.0,3382.0,72.0,2026-09-17,-0.94,44.5,False
2622,301219,腾远钴业,41.02,0.47,0.82,8.91,40.808361529824,0.2717432,64.98029472,9.0,2314.0,73.6,2026-09-17,0.52,47.8,False
2623,301220,亚香股份,31.47,1.25,2.65,75.62,31.516947985126,0.1741788,59.43075043,-1102.0,4059.0,70.0,2026-09-17,-0.15,41.6,False
2624,301221,光庭信息,25.99,0.74,0.52,-58.01,25.501470183518,0.171762,56.33314733,-894.0,4697.0,66.4,2026-09-17,1.92,37.4,False
2625,301222,浙江恒威,25.37,0.24,0.89,40.59,25.214798494223,0.097412,59.31930748,-146.0,4086.0,61.6,2026-09-17,0.62,36.5,False
2626,301223,中荣股份,17.72,0.91,0.24,21.34,17.442145356207,0.224572,69.37825894,529.0,1021.0,63.2,2026-09-17,1.59,43.8,False
2627,301225,恒勃股份,60.24,0.37,7.3,90.74,59.27669750868,0.1967248,67.2264239,2082.0,1580.0,66.8,2026-09-17,1.63,44.9,False
2628,301226,祥明智能,30.18,1.62,0.56,226.88,29.602991950373,0.172452,62.84450309,1118.0,3047.0,63.6,2026-09-17,1.95,40.0,False
2629,301227,森鹰窗业,33.07,4.82,2.24,-56.35,31.53646004522,0.1762716,56.56235714,372.0,4646.0,61.2,2026-09-17,4.86,34.6,False
2630,301228,实朴检测,56.96,0.53,0.67,-6682.53,56.568031847379,0.328206,53.82235439,-227.0,4995.0,62.8,2026-09-17,0.69,33.8,False
2631,301229,纽泰格,11.5,0.09,0.84,-58.23,11.355796619921,0.0536396,57.11449442,-203.0,4547.0,63.2,2026-09-17,1.27,36.1,False
2632,301230,泓博医药,34.75,9.31,18.09,109.43,32.166961629104,0.229876,65.00557931,1076.0,2309.0,71.2,2026-09-17,8.03,46.3,False
2633,301231,荣信文化,28.52,4.85,4.7,-73.79,27.040385610726,0.1905348,62.60602391,2027.0,3123.0,70.4,2026-09-17,5.47,44.1,False
2634,301232,飞沃科技,91.06,1.07,2.23,804.77,90.545202343511,0.180388,58.25681736,-353.0,4312.0,67.6,2026-09-17,0.57,39.4,False
2635,301233,盛帮股份,31.41,0.96,0.84,32.21,31.151363067744,0.1656576,62.10735483,-136.0,3298.0,62.0,2026-09-17,0.83,38.5,False
2636,301234,五洲医疗,113.15,1.75,2.18,250.41,110.4780791245,0.320346666667,59.30631348,155.0,4089.0,65.2,2026-09-17,2.42,38.7,False
2637,301235,华康洁净,45.56,2.73,2.61,237.38,45.235539099225,0.2494776,56.51838317,-449.0,4652.0,65.6,2026-09-17,0.72,37.1,False
2638,301236,软通动力,36.82,0.96,0.83,-72.01,36.452803263639,0.3098056,64.73077905,-221.0,2394.0,75.6,2026-09-17,1.01,48.9,False
2639,301237,和顺科技,40.15,2.98,1.46,286.78,39.425766965721,0.1568748,56.41477054,-505.0,4675.0,62.4,2026-09-17,1.84,35.2,False
2640,301238,瑞泰新材,16.11,0.94,0.37,32.65,16.053883916389,0.2103,56.39589378,-1612.0,4681.0,79.2,2026-09-17,0.35,44.7,False
2641,301239,普瑞眼科,31.2,0.94,0.48,26.49,30.863828037866,0.15188,63.72299359,-931.0,2740.0,62.0,2026-09-17,1.09,39.5,False
2642,301246,宏源药业,17.39,0.52,1.99,22.26,17.344463668349,0.1537504,59.28601338,-1299.0,4092.0,62.8,2026-09-17,0.26,37.2,False
2643,301248,杰创智能,55.65,2.02,1.27,-1311.51,54.975415066676,0.2365288,64.23885123,1222.0,2553.0,66.8,2026-09-17,1.23,42.9,False
2644,301251,威尔高,76.84,2.02,5.01,163.56,76.76262328893,0.3087576,65.24940601,-1789.0,2231.0,83.6,2026-09-17,0.1,54.5,False
2645,301252,同星科技,37.08,0.22,0.84,61.23,37.194446077019,0.2726712,69.8949679,134.0,910.0,66.8,2026-09-17,-0.31,46.7,False
2646,301255,通力科技,18.78,-0.11,0.8,-1671.6,18.927681469543,0.0800516,61.29812267,1477.0,3543.0,63.2,2026-09-17,-0.78,38.7,False
2647,301256,华融化学,9.83,1.87,0.42,76.18,9.647194186571,0.0962504,61.01509631,-5.0,3617.0,65.2,2026-09-17,1.89,39.8,False
2648,301257,普蕊斯,39.48,2.68,5.4,601.7,38.852845427225,0.1897832,68.33631876,787.0,1267.0,59.6,2026-09-17,1.61,40.7,False
2649,301258,富士莱,24.88,0.77,0.5,-78.02,24.587802259887,0.0374948,59.13987695,101.0,4128.0,61.6,2026-09-17,1.19,36.4,False
2650,301259,艾布鲁,19.53,0.98,1.02,-53.9,19.492802338903,0.1828352,49.64084955,-780.0,5175.0,62.8,2026-09-17,0.19,31.2,False
2651,301260,格力博,11.58,2.21,0.88,-16.97,11.317239195841,0.056942,53.49102584,8.0,5022.0,62.8,2026-09-17,2.32,33.6,False
2652,301261,恒工精密,56.46,1.75,0.88,28.72,55.436160108389,0.1792384,67.33318646,-696.0,1534.0,66.0,2026-09-17,1.85,44.4,False
2653,301262,海看股份,20.01,0.55,3.16,26.26,19.9655477842,0.2350588,77.86033114,164.0,77.0,72.0,2026-09-17,0.22,56.1,False
2654,301263,泰恩康,19.22,-0.98,0.37,1318.98,19.549226394807,0.1476204,53.80270249,-255.0,4998.0,62.8,2026-09-17,-1.68,33.8,False
2655,301265,华新科技,23.33,2.96,2.56,84.57,22.601994535466,0.3008224,67.79196828,1196.0,1419.0,67.2,2026-09-17,3.22,45.6,False
2656,301266,宇邦新材,24.42,0.83,0.92,25.66,24.021388702061,0.174572727273,63.64568464,-1685.0,2763.0,69.6,2026-09-17,1.66,44.3,False
2657,301267,华厦眼科,14.9,1.09,0.32,21.43,14.698700479129,0.1468544,68.94936381,1409.0,1131.0,64.0,2026-09-17,1.37,44.1,False
2658,301268,铭利达,11.93,1.27,0.35,-29.48,11.745752175985,0.080974,56.14493076,355.0,4717.0,63.2,2026-09-17,1.57,35.5,False
2659,301269,华大九天,88.38,3.28,0.54,-537.26,85.559591640014,0.2220692,62.24383699,-1776.0,3257.0,74.0,2026-09-17,3.3,46.1,False
2660,301270,汉仪股份,32.8,-0.88,0.96,840.59,32.801576587623,0.2741544,67.95704928,-424.0,1373.0,67.6,2026-09-17,-0.0,45.9,False
2661,301272,英华特,34.36,1.06,0.67,221.85,33.696292556882,0.1298784,62.77389256,-776.0,3076.0,65.2,2026-09-17,1.97,40.9,False
2662,301273,瑞晨环保,37.16,1.72,0.63,-48.17,36.587611489838,0.265956,60.71876527,1283.0,3709.0,59.6,2026-09-17,1.56,36.2,False
2663,301275,汉朔科技,41.2,1.43,0.49,25.93,40.86378561814,0.2064772,66.63129645,-82.0,1775.0,63.6,2026-09-17,0.82,42.4,False
2664,301276,嘉曼服饰,17.05,1.37,1.38,17.77,16.701486517368,0.0650252,56.29430603,-300.0,4705.0,60.0,2026-09-17,2.09,33.8,False
2665,301277,新天地,9.91,1.23,0.37,31.97,9.760953893477,0.0554072,60.1593485,-675.0,3875.0,59.2,2026-09-17,1.53,35.6,False
2666,301278,快可电子,28.9,5.01,2.28,80.81,27.315054713216,0.0690248,65.57525352,-601.0,2119.0,63.6,2026-09-17,5.8,41.7,False
2667,301279,金道科技,22.61,0.49,0.5,51.99,22.60412074667,0.1372484,65.19792077,-34.0,2247.0,62.8,2026-09-17,0.03,40.9,False
2668,301280,珠城科技,44.6,0.45,0.67,32.3,44.470221451423,0.2354296,71.70763048,1144.0,557.0,65.6,2026-09-17,0.29,47.0,False
2669,301281,科源制药,50.28,1.35,2.15,42.08,48.957312543887,0.3020012,64.47862209,-1192.0,2470.0,68.8,2026-09-17,2.7,44.4,False
2670,301282,金禄电子,46.25,0.98,5.22,87.68,46.258878416539,0.2125772,62.97051178,-2371.0,2989.0,82.4,2026-09-17,-0.02,51.9,False
2671,301283,聚胶股份,25.84,2.13,0.6,21.06,25.207740400664,0.1059384,69.33927211,465.0,1034.0,65.2,2026-09-17,2.51,45.2,False
2672,301285,鸿日达,92.35,2.73,0.52,-211.38,89.808643127363,0.3408968,65.07982671,-540.0,2289.0,66.4,2026-09-17,2.83,43.2,False
2673,301286,侨源股份,46.22,0.98,0.65,66.98,45.777686159443,0.2544396,72.45118215,2402.0,446.0,64.4,2026-09-17,0.97,46.7,False
2674,301287,康力源,41.77,-0.69,1.2,120.54,41.729788228421,0.1675168,62.99479673,-1028.0,2976.0,60.8,2026-09-17,0.1,38.3,False
2675,301288,清研环境,16.21,1.5,0.67,-49.89,15.814121383744,0.0836984,55.03186387,-448.0,4882.0,61.2,2026-09-17,2.5,33.7,False
2676,301289,国缆检测,43.55,1.09,0.32,33.32,42.986462499244,0.1518704,68.45158245,791.0,1235.0,68.0,2026-09-17,1.31,46.5,False
2677,301290,东星医疗,27.63,2.03,0.86,40.54,26.993710005858,0.2205152,56.11102415,129.0,4719.0,60.4,2026-09-17,2.36,33.9,False
2678,301291,明阳电气,34.08,0.18,1.21,61.49,34.163616480156,0.2525704,70.94213726,1287.0,700.0,72.0,2026-09-17,-0.24,51.1,False
2679,301292,海科新源,61.67,-0.79,2.96,16.57,62.491751320955,0.265826,61.96155254,-421.0,3340.0,72.4,2026-09-17,-1.31,44.9,False
2680,301293,三博脑科,49.4,1.04,1.39,155.36,49.067620646655,0.2172764,61.33708871,-81.0,3532.0,77.2,2026-09-17,0.68,47.4,True
2681,301295,美硕科技,36.94,0.98,1.96,41.94,36.576343025397,0.0801376,59.96291801,-548.0,3937.0,60.4,2026-09-17,0.99,36.2,False
2682,301296,新巨丰,6.29,0.8,0.43,56.96,6.200658987315,0.0877096,62.46539624,-17.0,3176.0,61.6,2026-09-17,1.44,38.5,False
2683,301297,富乐德,48.5,3.28,2.98,82.44,47.198762163057,0.3402268,79.77824732,254.0,32.0,86.4,2026-09-17,2.76,68.9,False
2684,301298,东利机械,12.13,0.83,0.68,173.51,11.912254398689,0.0572864,56.74964354,-1207.0,4617.0,62.4,2026-09-17,1.83,35.4,False
2685,301299,卓创资讯,45.84,0.97,2.03,38.13,45.459540681993,0.141938,68.11330279,-1088.0,1324.0,70.0,2026-09-17,0.84,47.7,False
2686,301300,远翔新材,34.27,-2.78,5.1,46.09,34.089726216653,0.1291384,71.66151078,1436.0,570.0,73.2,2026-09-17,0.53,52.5,False
2687,301301,川宁生物,8.05,1.13,1.05,32.38,7.948047937313,0.2077316,63.19062534,502.0,2924.0,77.6,2026-09-17,1.28,49.0,False
2688,301302,华如科技,20.8,1.22,1.04,-25.83,20.556490451272,0.1568448,59.4511758,812.0,4053.0,65.2,2026-09-17,1.18,38.8,False
2689,301303,真兰仪表,14.01,0.29,1.18,24.26,13.894050300123,0.310836,70.78827508,1157.0,728.0,59.2,2026-09-17,0.83,41.9,False
2690,301305,朗坤科技,25.44,2.83,4.38,16.05,24.780329452042,0.2311808,62.09000704,-434.0,3303.0,66.4,2026-09-17,2.66,41.2,False
2691,301306,西测测试,100.8,2.44,1.92,-74.26,98.154487555701,0.2281044,55.07359488,-134.0,4876.0,70.4,2026-09-17,2.7,38.8,False
2692,301307,美利信,59.63,2.26,3.72,-37.93,58.464499368898,0.3423104,61.89167023,196.0,3360.0,66.8,2026-09-17,1.99,41.3,False
2693,301308,江波龙,345.24,3.03,2.23,7.5,336.554334487772,0.369422,69.65218367,-786.0,964.0,81.2,2026-09-17,2.58,56.6,False
2694,301309,万得凯,30.63,1.42,0.53,22.1,30.040137653181,0.130932,68.19740874,-499.0,1306.0,61.6,2026-09-17,1.96,42.0,False
2695,301310,鑫宏业,51.36,0.75,1.92,86.46,51.311270682827,0.2615772,62.90205465,479.0,3020.0,58.4,2026-09-17,0.09,36.7,False
2696,301311,昆船智能,13.56,1.04,0.39,-29.81,13.339113843482,0.0947468,56.99669736,-93.0,4573.0,67.2,2026-09-17,1.66,38.3,False
2697,301312,智立方,85.21,0.25,2.91,154.91,85.81134906617,0.277196,70.72198138,-502.0,748.0,78.4,2026-09-17,-0.7,55.4,False
2698,301313,凡拓数创,30.52,1.29,2.27,-20.21,30.229626363558,0.130376,59.7602767,954.0,3986.0,64.0,2026-09-17,0.96,38.2,False
2699,301314,科瑞思,44.85,1.13,2.29,350.0,43.786356122026,0.13933,62.55866566,128.0,3141.0,62.4,2026-09-17,2.43,39.0,False
2700,301315,威士顿,38.1,1.55,0.76,149.55,37.374086512892,0.0848884,55.70058806,21.0,4776.0,65.6,2026-09-17,1.94,36.5,False
2701,301316,慧博云通,38.99,6.82,3.14,404.22,36.59545808772,0.3591392,70.90453846,730.0,708.0,70.4,2026-09-17,6.54,49.9,False
2702,301317,鑫磊股份,50.23,0.12,2.44,-88.87,50.425547237785,0.2726932,64.30495766,693.0,2532.0,63.6,2026-09-17,-0.39,40.9,False
2703,301318,维海德,20.81,1.12,0.33,79.81,20.431997549346,0.0412944,63.27634646,-672.0,2897.0,64.0,2026-09-17,1.85,40.5,False
2704,301319,唯特偶,98.53,2.9,4.02,172.58,97.272910271,0.3147936,65.07707744,-1946.0,2291.0,73.2,2026-09-17,1.29,47.6,False
2705,301320,豪江智能,13.83,0.73,0.63,220.05,13.545619283351,0.049274,64.82698588,1547.0,2364.0,64.0,2026-09-17,2.1,41.5,False
2706,301321,翰博高新,49.8,3.86,2.16,230.84,48.075932985417,0.2514908,68.36771644,209.0,1261.0,67.2,2026-09-17,3.59,45.9,False
2707,301322,绿通科技,44.54,2.25,1.61,-721.27,43.695635228325,0.322452,63.22242182,77.0,2915.0,64.4,2026-09-17,1.93,40.7,False
2708,301323,新莱福,76.59,-0.03,0.92,47.64,76.871327677355,0.136666,64.06623502,-781.0,2613.0,66.8,2026-09-17,-0.37,42.8,False
2709,301325,曼恩斯特,31.89,1.63,1.03,-26.87,31.296186002709,0.1523676,63.33766114,322.0,2874.0,74.8,2026-09-17,1.9,47.4,False
2710,301326,捷邦科技,109.01,5.88,2.15,-84.64,103.379777836163,0.1852156,60.30351002,-885.0,3828.0,68.0,2026-09-17,5.45,41.0,False
2711,301327,华宝新能,40.01,1.65,0.34,336.07,39.427524158851,0.1079652,55.06565206,-124.0,4878.0,64.8,2026-09-17,1.48,35.7,False
2712,301328,维峰电子,52.87,1.93,0.89,79.95,52.267508659984,0.2633644,66.3356738,627.0,1868.0,60.4,2026-09-17,1.15,40.1,False
2713,301329,信音电子,20.83,-0.48,3.83,42.98,20.912292274349,0.1994648,69.48938923,2504.0,990.0,68.0,2026-09-17,-0.39,47.3,False
2714,301330,熵基科技,25.7,0.94,0.69,37.96,25.348139733641,0.202452,71.69403018,771.0,561.0,72.4,2026-09-17,1.39,51.9,False
2715,301331,恩威医药,20.68,0.73,0.6,66.4,20.401342562567,0.0982036,63.04935867,1371.0,2960.0,62.4,2026-09-17,1.37,39.3,False
2716,301332,德尔玛,7.63,0.79,0.44,30.65,7.534495549477,0.1267404,60.28004296,-285.0,3833.0,64.0,2026-09-17,1.27,38.6,False
2717,301333,诺思格,64.0,2.27,2.36,69.51,63.571831552756,0.23127,71.16804434,-9.0,651.0,68.8,2026-09-17,0.67,49.0,False
2718,301335,天元宠物,25.09,6.54,2.73,79.67,23.247801672658,0.259446,70.07601734,2135.0,875.0,66.0,2026-09-17,7.92,46.3,False
2719,301336,趣睡科技,43.89,4.85,1.77,103.4,41.838652769383,0.1519112,60.55446777,-1033.0,3756.0,62.0,2026-09-17,4.9,37.5,False
2720,301337,亚华电子,26.25,1.16,0.54,-190.46,25.91247442163,0.0988444,61.36605349,1014.0,3520.0,64.0,2026-09-17,1.3,39.3,False
2721,301338,凯格精机,102.14,1.67,2.47,55.35,101.551824223378,0.2298312,72.54620703,592.0,432.0,77.2,2026-09-17,0.58,56.0,False
2722,301339,通行宝,11.02,0.46,0.35,30.87,10.915587869555,0.154298,62.9544394,-125.0,2996.0,66.4,2026-09-17,0.96,41.8,False
2723,301345,涛涛车业,239.0,3.62,1.36,24.11,233.507229399441,0.2808536,67.47976528,-909.0,1500.0,64.0,2026-09-17,2.35,43.2,False
2724,301348,蓝箭电子,22.46,3.07,2.71,906.55,21.929932794108,0.1488648,53.99541544,-1000.0,4984.0,72.4,2026-09-17,2.42,39.1,False
2725,301349,信德新材,45.88,2.39,2.28,46.42,45.276254374569,0.2338,67.32477492,-47.0,1540.0,67.2,2026-09-17,1.33,45.2,False
2726,301353,普莱得,19.1,2.08,1.23,32.0,18.623436891954,0.0285332,65.60606716,-1433.0,2111.0,61.6,2026-09-17,2.56,40.4,False
2727,301355,南王科技,11.72,2.27,1.64,-91.11,11.347351952543,0.137524,54.75547561,84.0,4911.0,66.8,2026-09-17,3.28,36.6,False
2728,301356,天振股份,18.83,1.67,0.48,33.95,18.435957023951,0.1419868,62.95058343,1455.0,2999.0,57.6,2026-09-17,2.14,36.3,False
2729,301357,北方长龙,97.1,2.09,4.56,-172.39,96.31367049101,0.2295232,60.37897711,287.0,3806.0,81.2,2026-09-17,0.82,49.0,False
2730,301358,湖南裕能,53.03,-0.23,0.66,7.72,53.188911162996,0.2400136,65.84261118,178.0,2041.0,78.0,2026-09-17,-0.3,51.4,False
2731,301359,东南电子,18.49,1.15,0.74,61.86,18.087485008341,0.0332744,66.03053571,-371.0,1969.0,64.8,2026-09-17,2.23,42.8,False
2732,301360,荣旗科技,62.99,4.55,5.06,8912.86,59.978173508183,0.244128,73.35483171,650.0,357.0,73.2,2026-09-17,5.02,53.7,False
2733,301361,众智科技,27.11,4.35,2.36,38.08,25.87900981574,0.0818916,65.90376297,-351.0,2019.0,63.2,2026-09-17,4.76,41.7,False
2734,301362,民爆光电,117.51,1.87,4.19,154.68,117.682800999023,0.26275,67.17499195,-1158.0,1599.0,65.6,2026-09-17,-0.15,44.1,False
2735,301363,美好医疗,15.53,0.65,0.62,49.71,15.490454956364,0.1934792,66.64277629,-1125.0,1768.0,70.0,2026-09-17,0.26,46.6,False
2736,301365,矩阵股份,37.53,1.46,0.89,126.18,37.248945628339,0.2651952,57.32441666,-586.0,4513.0,60.4,2026-09-17,0.75,34.6,False
2737,301366,一博科技,73.39,10.49,14.54,120.46,67.245002222522,0.3018012,69.49324931,-707.0,988.0,86.0,2026-09-17,9.14,59.8,False
2738,301367,瑞迈特,44.76,1.98,0.69,22.15,43.792222714353,0.1624268,64.40570361,93.0,2502.0,60.8,2026-09-17,2.21,39.2,False
2739,301368,丰立智能,37.23,2.28,0.9,-277.1,36.137670898488,0.1797692,61.00431333,1359.0,3622.0,70.0,2026-09-17,3.02,42.7,False
2740,301369,联动科技,135.38,3.19,1.76,296.17,131.848353589198,0.151548,60.31192473,-1858.0,3824.0,68.4,2026-09-17,2.68,41.3,False
2741,301370,国科恒泰,8.46,0.71,0.27,185.93,8.363278992386,0.1209916,62.1978639,353.0,3269.0,61.2,2026-09-17,1.16,38.1,False
2742,301371,敷尔佳,21.05,2.93,3.11,21.38,20.43801703408,0.1742644,64.13874653,-138.0,2590.0,66.8,2026-09-17,2.99,42.8,False
2743,301372,科净源,33.73,5.08,2.91,153.15,32.395815712171,0.1330388,54.37440329,-332.0,4954.0,64.8,2026-09-17,4.12,35.2,False
2744,301373,凌玮科技,117.3,-2.13,6.49,93.76,123.440217417867,0.3346948,67.03605368,-1592.0,1650.0,82.4,2026-09-17,-4.97,55.2,False
2745,301376,致欧科技,22.72,0.35,0.76,18.59,22.58796663267,0.1263644,69.29084762,-102.0,1046.0,67.2,2026-09-17,0.58,46.6,False
2746,301377,鼎泰高科,405.79,1.65,1.22,126.69,406.565710314419,0.3098068,78.13265757,-44.0,68.0,75.2,2026-09-17,-0.19,58.8,False
2747,301378,通达海,24.08,2.91,5.65,-18.12,23.28028732168,0.0749232,61.5865751,1125.0,3454.0,62.8,2026-09-17,3.44,38.7,False
2748,301379,天山电子,21.86,2.68,2.5,90.26,21.420405581352,0.1937932,60.75778225,-1166.0,3693.0,64.4,2026-09-17,2.05,39.1,False
2749,301380,挖金客,33.18,2.44,2.43,61.88,32.123282742944,0.2309788,65.14031813,-452.0,2269.0,65.2,2026-09-17,3.29,42.5,False
2750,301381,赛维时代,24.21,0.83,1.39,29.69,23.850202446597,0.2496924,70.62588858,538.0,770.0,64.4,2026-09-17,1.51,45.5,False
2751,301382,蜂助手,36.77,0.93,1.77,67.66,36.708943107379,0.3216564,77.15700378,1189.0,99.0,70.8,2026-09-17,0.17,54.6,False
2752,301383,天键股份,22.69,1.29,1.27,-40.53,22.314861485746,0.130942,61.87868986,-640.0,3367.0,63.2,2026-09-17,1.68,39.1,False
2753,301386,未来电器,19.35,0.78,0.59,40.72,19.019592779783,0.0586324,60.05558186,43.0,3910.0,62.0,2026-09-17,1.74,37.2,False
2754,301387,光大同创,56.98,0.23,2.82,-184.92,56.909741826937,0.171188,65.46646902,1813.0,2148.0,61.2,2026-09-17,0.12,40.1,False
2755,301388,欣灵电气,24.5,0.41,0.65,86.18,24.213850438201,0.0949188,58.19367052,45.0,4330.0,64.0,2026-09-17,1.18,37.2,False
2756,301389,隆扬电子,59.96,0.71,1.63,205.22,60.355044350703,0.2536624,66.1921978,-907.0,1911.0,80.0,2026-09-17,-0.65,53.0,False
2757,301390,经纬股份,54.0,20.0,7.26,-70.06,45.0,0.470916409091,66.0498045,1176.0,1964.0,68.8,2026-09-17,20.0,45.4,False
2758,301391,卡莱特,44.24,3.1,0.54,167.63,42.946979126484,0.0910584,60.59588777,698.0,3745.0,63.2,2026-09-17,3.01,38.3,False
2759,301392,汇成真空,175.95,2.25,4.17,559.55,173.281103196948,0.2342628,57.32652554,249.0,4512.0,67.6,2026-09-17,1.54,38.8,False
2760,301393,昊帆生物,59.6,1.12,4.87,45.49,59.190558624286,0.1982924,69.47988407,578.0,993.0,64.8,2026-09-17,0.69,45.0,False
2761,301395,仁信新材,12.09,4.49,1.83,-13.76,11.588683705432,0.1463996,58.57295793,-61.0,4245.0,60.8,2026-09-17,4.33,35.6,False
2762,301396,宏景科技,170.78,-2.36,5.45,133.87,175.746940365749,0.3725624,75.20619867,814.0,207.0,77.6,2026-09-17,-2.83,58.4,False
2763,301397,溯联股份,23.01,3.18,2.57,66.45,22.124159208699,0.2821928,65.66990106,800.0,2095.0,60.4,2026-09-17,4.0,39.7,False
2764,301398,星源卓镁,37.8,1.89,0.56,-30.37,37.199698546307,0.1230288,59.15268173,-613.0,4121.0,66.8,2026-09-17,1.61,39.5,False
2765,301399,英特科技,21.04,5.46,8.1,-455.13,20.050653502572,0.1317104,53.74975111,-2347.0,5001.0,71.6,2026-09-17,4.93,38.5,False
2766,301408,华人健康,14.48,2.04,4.18,21.31,14.173500983581,0.159368,67.84899612,580.0,1398.0,63.6,2026-09-17,2.16,43.2,False
2767,301413,安培龙,57.13,1.55,2.18,1120.84,56.127251958581,0.1685836,66.27620847,2332.0,1887.0,66.4,2026-09-17,1.79,44.0,False
2768,301418,协昌科技,34.3,2.45,1.79,290.72,33.309073586888,0.0675528,50.57659796,-52.0,5164.0,58.4,2026-09-17,2.97,29.5,False
2769,301419,阿莱德,45.87,8.31,8.48,118.17,42.31587102798,0.2248868,64.91943637,-1519.0,2324.0,72.8,2026-09-17,8.4,47.3,False
2770,301421,波长光电,80.38,1.62,3.13,161.22,79.211263957949,0.2071868,65.14944586,-1828.0,2263.0,77.2,2026-09-17,1.48,50.3,False
2771,301428,世纪恒通,26.42,1.3,1.15,41.69,25.972856310658,0.1501992,60.60476197,1044.0,3742.0,62.8,2026-09-17,1.72,38.1,False
2772,301429,森泰股份,17.17,0.47,0.91,34.54,16.904231160249,0.0429568,67.67817275,862.0,1448.0,62.0,2026-09-17,1.57,42.0,False
2773,301439,泓淋电力,14.46,2.12,1.86,27.45,14.179485272269,0.1832584,58.31862712,-79.0,4300.0,65.2,2026-09-17,1.98,38.0,False
2774,301446,福事特,37.28,-0.96,0.56,44.47,37.625959477069,0.2285708,71.42354621,156.0,607.0,60.8,2026-09-17,-0.92,43.4,False
2775,301448,开创电气,48.6,4.18,1.58,403.88,46.05786770907,0.2561108,71.01665694,718.0,683.0,60.0,2026-09-17,5.52,42.6,False
2776,301449,天溯计量,40.63,3.78,5.04,36.7,38.988417409808,0.1276368,62.78671509,-1199.0,3072.0,64.8,2026-09-17,4.21,40.7,False
2777,301456,盘古智能,24.89,0.77,4.12,41.52,23.981318512496,0.1752664,78.60712117,182.0,55.0,70.8,2026-09-17,3.79,55.7,False
2778,301458,钧崴电子,39.42,1.81,3.75,71.56,39.089054271984,0.181594,61.79803074,-2937.0,3389.0,72.8,2026-09-17,0.85,45.0,False
2779,301459,丰茂股份,32.75,0.96,1.27,38.36,32.262242152466,0.1728912,61.98366337,1182.0,3331.0,62.0,2026-09-17,1.51,38.4,False
2780,301468,博盈特焊,31.31,-2.1,2.31,2085.53,31.821626085657,0.1967172,67.69378731,3210.0,1442.0,61.2,2026-09-17,-1.61,41.4,False
2781,301469,恒达新材,28.73,3.31,1.18,23.87,27.500808066759,0.1386432,69.32322612,174.0,1039.0,64.0,2026-09-17,4.47,44.4,False
2782,301479,弘景光电,53.28,1.14,1.81,54.82,52.997188955397,0.195622,66.69817994,-1222.0,1752.0,73.6,2026-09-17,0.53,49.1,False
2783,301486,致尚科技,214.11,-0.94,5.46,1202.1,217.540058007588,0.3640436,67.72460999,-1316.0,1430.0,85.6,2026-09-17,-1.58,58.0,False
2784,301487,盟固利,15.99,0.38,0.94,122.82,15.995302357022,0.1396204,57.52351958,-693.0,4471.0,76.4,2026-09-17,-0.03,43.9,False
2785,301488,豪恩汽电,92.87,0.14,0.82,152.8,92.55246188088,0.1835664,66.36213482,2179.0,1861.0,66.4,2026-09-17,0.34,44.1,False
2786,301489,思泉新材,125.25,1.47,3.7,216.67,125.198834170387,0.3694472,64.91779631,-1852.0,2326.0,79.2,2026-09-17,0.04,51.4,False
2787,301491,汉桑科技,36.81,1.18,0.85,44.41,36.38447993619,0.1015396,64.41910573,257.0,2498.0,62.4,2026-09-17,1.17,40.2,False
2788,301498,乖宝宠物,37.55,0.86,0.52,39.44,37.340066785632,0.2292776,67.63401755,370.0,1456.0,72.4,2026-09-17,0.56,49.0,False
2789,301499,维科精密,24.87,1.43,0.41,70.39,24.298212914485,0.0689236,62.40086916,-896.0,3194.0,61.6,2026-09-17,2.35,38.4,False
2790,301500,飞南资源,26.63,1.84,4.03,11.52,26.151639540246,0.2527972,70.54501661,97.0,783.0,76.0,2026-09-17,1.83,53.6,False
2791,301501,恒鑫生活,27.3,1.41,0.57,32.53,26.945789430063,0.1429196,62.22177051,-141.0,3263.0,61.6,2026-09-17,1.31,38.3,False
2792,301502,华阳智能,52.08,1.13,2.63,84.67,50.466489542114,0.1233704,59.46415087,1093.0,4049.0,62.4,2026-09-17,3.2,37.1,False
2793,301503,智迪科技,21.4,2.49,0.68,413.08,20.882622778225,0.0534764,60.01762551,75.0,3922.0,63.6,2026-09-17,2.48,38.2,False
2794,301505,苏州规划,19.14,0.26,1.49,-72.24,18.973972609347,0.143744,61.43370658,333.0,3496.0,66.8,2026-09-17,0.88,41.0,False
2795,301507,民生健康,11.99,1.27,0.36,25.63,11.777849013305,0.292846,69.91041613,1977.0,908.0,62.4,2026-09-17,1.8,43.6,False
2796,301508,中机认检,23.97,0.42,0.59,32.15,23.707821062149,0.0755816,65.29657025,1483.0,2212.0,65.6,2026-09-17,1.11,42.8,False
2797,301509,金凯生科,29.62,2.03,6.28,58.93,29.219798301351,0.167362,60.6329501,-1149.0,3737.0,63.6,2026-09-17,1.37,38.6,False
2798,301510,固高科技,27.17,2.57,0.84,65.61,26.41315638038,0.155734,70.92179707,1363.0,704.0,67.2,2026-09-17,2.87,47.7,False
2799,301511,德福科技,107.7,0.73,4.65,128.84,108.978670490397,0.3461452,67.32849743,-1161.0,1538.0,89.2,2026-09-17,-1.17,60.1,False
2800,301512,智信精密,30.53,1.19,0.76,-21.64,29.736159710797,0.0595344,58.95802308,-1893.0,4173.0,62.0,2026-09-17,2.67,36.6,False
2801,301513,尚水智能,45.67,4.17,6.19,102.29,44.196815444017,0.134686,59.48430737,-615.0,4045.0,64.0,2026-09-17,3.33,38.1,False
2802,301515,港通医疗,18.83,0.8,0.49,-51.3,18.459105990783,0.050634,55.84668641,70.0,4752.0,62.0,2026-09-17,2.01,34.6,False
2803,301516,中远通,19.5,-0.41,7.87,-138.67,19.490399389174,0.1846616,62.41046133,-2512.0,3189.0,73.2,2026-09-17,0.05,45.7,False
2804,301517,陕西华达,37.9,2.43,1.19,-76.02,37.003089977469,0.1633172,58.37757007,-453.0,4286.0,66.8,2026-09-17,2.42,39.0,False
2805,301518,长华化学,22.89,3.48,1.35,-40.55,22.055762537499,0.0663272,59.50626893,-29.0,4040.0,63.2,2026-09-17,3.78,37.6,False
2806,301519,舜禹股份,11.53,0.96,0.99,-29.25,11.259433727846,0.0298176,52.0466094,-372.0,5118.0,62.8,2026-09-17,2.4,32.7,False
2807,301520,万邦医药,73.23,-2.4,36.81,24722.07,74.59784981217,0.2768672,66.29172338,811.0,1881.0,78.8,2026-09-17,-1.83,52.2,False
2808,301522,上大股份,23.31,1.39,0.47,70.52,23.079451758847,0.1570432,61.54766796,639.0,3459.0,67.2,2026-09-17,1.0,41.4,False
2809,301525,儒竞科技,38.29,5.31,2.57,98.77,36.463784628112,0.1312156,58.34053707,-323.0,4295.0,62.0,2026-09-17,5.01,36.2,False
2810,301526,国际复材,31.11,-3.26,8.76,91.7,33.498101527039,0.415654,76.2211317,394.0,144.0,92.0,2026-09-17,-7.13,70.1,False
2811,301528,多浦乐,73.48,3.35,3.25,154.78,71.630803761697,0.2424532,71.03192828,1639.0,679.0,68.8,2026-09-17,2.58,48.9,False
2812,301529,福赛科技,123.53,1.7,3.44,101.2,121.460507657877,0.4042312,78.45285779,220.0,58.0,66.8,2026-09-17,1.7,52.4,False
2813,301531,春光集团,51.55,1.94,2.87,75.57,50.895341894865,0.190618,63.57501171,-1164.0,2784.0,70.8,2026-09-17,1.29,45.0,False
2814,301533,威马农机,29.18,-0.92,3.68,68.02,28.628031225713,0.116238,67.01709766,3112.0,1658.0,66.8,2026-09-17,1.93,44.8,False
2815,301535,浙江华远,13.65,0.37,0.59,65.77,13.510796787586,0.0904232,59.50979125,127.0,4039.0,62.8,2026-09-17,1.03,37.4,False
2816,301536,星宸科技,118.22,4.74,3.33,28.89,113.655235813997,0.3281144,68.77660129,-1024.0,1166.0,77.6,2026-09-17,4.02,53.4,False
2817,301538,骏鼎达,41.15,3.94,3.03,30.07,39.407356605369,0.1262608,66.28011481,-1339.0,1884.0,65.2,2026-09-17,4.42,43.2,False
2818,301539,宏鑫科技,15.02,0.81,0.76,-62.93,14.752948694872,0.0558,61.60384245,1433.0,3450.0,64.8,2026-09-17,1.81,39.9,False
2819,301548,崇德科技,54.2,3.53,2.88,33.16,52.616586199044,0.1188288,59.54423377,-1434.0,4031.0,60.0,2026-09-17,3.01,35.7,False
2820,301550,斯菱智驱,95.14,1.21,3.71,206.6,93.10832889278,0.3126896,72.76388518,2069.0,405.0,72.8,2026-09-17,2.18,53.0,False
2821,301551,无线传媒,21.9,0.97,2.37,31.45,21.620815857675,0.1790948,72.25741465,1146.0,467.0,66.8,2026-09-17,1.29,48.3,False
2822,301552,科力装备,24.13,1.6,0.96,28.98,23.585648017135,0.108684,62.96149189,248.0,2995.0,61.2,2026-09-17,2.31,38.5,False
2823,301555,惠柏新材,35.8,0.85,1.55,26.81,35.339200090152,0.1716848,71.4979878,-15.0,592.0,68.4,2026-09-17,1.3,48.9,False
2824,301556,托普云农,62.05,-0.34,3.84,61.05,61.410753564746,0.2346236,72.70312082,1991.0,408.0,68.0,2026-09-17,1.04,49.4,False
2825,301557,常友科技,84.6,1.56,1.07,113.54,82.676334259903,0.1950964,66.12174178,981.0,1936.0,61.2,2026-09-17,2.33,40.5,False
2826,301558,三态股份,6.71,-0.59,2.45,298.94,6.626801757255,0.1366152,68.31299116,370.0,1274.0,67.2,2026-09-17,1.26,45.9,False
2827,301559,中集环科,12.91,0.86,0.62,85.68,12.773227239545,0.1212044,60.08007371,-1399.0,3902.0,64.0,2026-09-17,1.07,38.5,False
2828,301560,众捷股份,23.58,1.81,2.12,2207.21,22.699304362117,0.1091424,56.03879158,149.0,4726.0,62.8,2026-09-17,3.88,35.2,False
2829,301563,云汉芯城,115.32,3.71,5.27,29.42,111.932285886972,0.1936592,61.97525082,-1116.0,3333.0,64.8,2026-09-17,3.03,40.2,False
2830,301565,中仑新材,19.27,2.17,1.81,56.68,18.786115519858,0.1745784,58.30512932,-467.0,4302.0,64.0,2026-09-17,2.58,37.3,False
2831,301566,达利凯普,26.86,3.51,6.57,45.13,26.255749689795,0.2603984,65.14368815,-1883.0,2268.0,78.8,2026-09-17,2.3,51.3,False
2832,301567,贝隆精密,35.21,1.18,2.04,308.67,34.58957730812,0.0924372,55.35147028,-371.0,4832.0,63.6,2026-09-17,1.79,35.2,False
2833,301568,思泰克,73.17,2.97,3.46,70.22,71.608870043188,0.231178,66.36392991,-1443.0,1860.0,67.2,2026-09-17,2.18,44.6,False
2834,301571,国科天成,74.78,2.56,1.57,66.69,71.80974804622,0.3686628,74.46741102,1775.0,249.0,68.4,2026-09-17,4.14,50.9,False
2835,301575,艾芬达,24.97,8.05,8.93,25.67,22.979812824658,0.183602,58.70838794,-706.0,4215.0,68.0,2026-09-17,8.66,39.9,False
2836,301577,美信科技,61.48,3.85,5.51,-73.41,58.600665715755,0.1194044,59.85926934,827.0,3958.0,65.2,2026-09-17,4.91,39.0,False
2837,301578,辰奕智能,23.32,1.08,0.78,246.19,23.006832580027,0.0567536,63.26568884,203.0,2902.0,62.4,2026-09-17,1.36,39.5,False
2838,301580,爱迪特,55.54,0.78,2.67,39.64,55.782181314034,0.2560284,67.2721679,-982.0,1558.0,71.2,2026-09-17,-0.43,47.9,False
2839,301581,黄山谷捷,35.82,1.88,1.34,204.97,35.444736934718,0.0950216,61.25310926,-2076.0,3558.0,61.2,2026-09-17,1.06,37.5,False
2840,301584,建发致新,19.9,2.47,2.32,28.46,19.447226582348,0.1364344,63.85334967,346.0,2691.0,58.0,2026-09-17,2.33,37.0,False
2841,301585,蓝宇股份,29.08,1.89,0.69,65.17,28.348803431623,0.1296276,66.63444653,93.0,1772.0,62.8,2026-09-17,2.58,41.8,False
2842,301586,佳力奇,29.19,0.69,0.6,-73.69,28.551260836634,0.1447048,59.63303035,239.0,4009.0,63.2,2026-09-17,2.24,37.7,False
2843,301587,中瑞股份,21.23,1.87,1.54,55.39,20.859387895461,0.1476044,62.37004215,447.0,3203.0,64.0,2026-09-17,1.78,39.9,False
2844,301588,美新科技,28.05,1.52,1.22,68.02,27.867726095053,0.1205996,64.31179161,1015.0,2530.0,58.4,2026-09-17,0.65,37.6,False
2845,301589,诺瓦星云,159.14,1.07,1.24,22.17,155.493413146527,0.3721032,76.50684698,30.0,125.0,70.0,2026-09-17,2.35,53.6,False
2846,301590,优优绿能,68.94,2.44,1.56,-52.73,67.596188209121,0.1005832,59.02396438,4.0,4153.0,62.0,2026-09-17,1.99,36.6,False
2847,301591,肯特股份,44.15,0.98,9.85,75.2,44.577144275265,0.2001492,54.6806576,-670.0,4921.0,74.8,2026-09-17,-0.96,40.9,False
2848,301592,六九一二,114.73,2.32,2.95,-213.39,112.455104365853,0.2552252,60.27242145,-2536.0,3837.0,67.6,2026-09-17,2.02,40.7,False
2849,301595,太力科技,46.04,4.0,4.34,120.44,43.072825774706,0.2573864,75.08058054,2023.0,213.0,64.4,2026-09-17,6.89,48.4,False
2850,301596,瑞迪智驱,46.94,0.82,1.48,54.23,46.500698745579,0.1855544,65.88658062,990.0,2028.0,63.2,2026-09-17,0.94,41.6,False
2851,301598,博科测试,50.36,1.06,1.44,24.43,49.648310305776,0.1717736,61.83678969,-1467.0,3378.0,66.4,2026-09-17,1.43,41.1,False
2852,301599,理奇智能,32.97,3.61,4.42,60.13,31.803621965627,0.1708364,59.15544408,-363.0,4120.0,63.6,2026-09-17,3.67,37.6,False
2853,301600,慧翰股份,78.2,1.02,0.77,77.84,77.259895814317,0.125632,62.31582884,-562.0,3222.0,63.2,2026-09-17,1.22,39.4,False
2854,301601,惠通科技,14.93,1.84,1.64,-72.48,14.54297379212,0.053138,56.39463884,-439.0,4682.0,62.8,2026-09-17,2.66,35.4,False
2855,301602,超研股份,15.65,2.15,0.94,123.7,15.270196828964,0.1438208,63.4366233,1650.0,2845.0,60.8,2026-09-17,2.49,38.6,False
2856,301603,乔锋智能,124.94,1.45,1.89,27.6,124.349097278699,0.2216136,68.43162395,-973.0,1240.0,66.0,2026-09-17,0.48,45.2,False
2857,301606,绿联科技,54.12,2.48,1.23,26.05,53.569881882739,0.2030212,71.29216299,-316.0,634.0,72.0,2026-09-17,1.03,51.3,False
2858,301607,富特科技,44.19,-0.14,2.76,32.78,44.124917662921,0.3378272,73.31613679,-227.0,359.0,64.4,2026-09-17,0.15,47.2,False
2859,301608,博实结,50.61,6.26,4.65,27.01,47.606890242958,0.1800232,65.93826944,-1851.0,2008.0,70.8,2026-09-17,6.31,46.7,False
2860,301609,山大电力,31.96,1.65,0.99,55.31,31.273682207809,0.1826012,61.18757977,-335.0,3575.0,62.0,2026-09-17,2.19,37.9,False
2861,301611,珂玛科技,98.51,4.8,4.17,218.58,94.60073488195,0.2325224,64.49201197,-1995.0,2463.0,74.4,2026-09-17,4.13,48.0,False
2862,301613,新铝时代,34.69,1.79,0.34,33.59,34.164107761386,0.1178236,58.8164947,170.0,4197.0,60.8,2026-09-17,1.54,35.8,False
2863,301616,浙江华业,35.01,1.71,0.82,37.95,34.078711934935,0.1337276,62.44335741,-867.0,3180.0,61.2,2026-09-17,2.73,38.2,False
2864,301617,博苑新材,53.39,0.98,1.02,47.52,53.720869693874,0.2984416,64.81474337,-1312.0,2368.0,68.0,2026-09-17,-0.62,44.1,False
2865,301618,长联科技,30.81,2.02,1.01,131.62,30.249859833138,0.1562044,55.30522578,-1373.0,4841.0,63.6,2026-09-17,1.85,35.2,False
2866,301622,英思特,36.87,0.68,0.79,-81.68,36.100272786152,0.1238472,59.61522704,761.0,4016.0,64.4,2026-09-17,2.13,38.4,False
2867,301626,苏州天脉,325.0,-0.06,2.52,983.11,326.734767852009,0.5699004,69.74377888,-744.0,946.0,69.6,2026-09-17,-0.53,48.5,False
2868,301628,强达电路,115.0,-4.25,10.31,75.17,122.010240393493,0.2127396,57.76685539,-617.0,4421.0,74.0,2026-09-17,-5.75,42.7,False
2869,301629,矽电股份,292.37,4.42,3.43,-982.38,282.116967990862,0.2168264,55.43921821,-1786.0,4816.0,71.2,2026-09-17,3.63,39.5,False
2870,301630,同宇新材,203.98,1.08,4.53,48.01,203.89470041859,0.3309188,70.77437621,-689.0,733.0,78.0,2026-09-17,0.04,55.2,False
2871,301631,壹连科技,61.06,0.71,2.67,30.27,60.500985820874,0.175864,70.01066752,161.0,889.0,63.2,2026-09-17,0.92,44.2,False
2872,301632,广东建科,13.11,1.31,0.82,77.06,12.899862660666,0.1211796,60.92963093,-839.0,3646.0,63.2,2026-09-17,1.63,38.5,False
2873,301633,港迪技术,62.73,7.78,5.68,-72.23,56.611854173509,0.2722804,70.52089292,1596.0,786.0,63.6,2026-09-17,10.81,44.9,False
2874,301636,泽润新能,38.1,2.25,1.74,141.04,37.147875951777,0.0537688,54.43562969,-402.0,4945.0,62.0,2026-09-17,2.56,33.8,False
2875,301638,南网数字,21.96,2.04,2.06,172.47,21.568437632243,0.287006,68.66702567,403.0,1191.0,72.0,2026-09-17,1.82,49.4,False
2876,301656,联合动力,14.48,2.26,1.19,-200.67,14.123820602614,0.17287,62.77548111,-658.0,3075.0,62.8,2026-09-17,2.52,39.4,False
2877,301658,首航新能,21.69,1.36,1.3,-62.02,21.37755084326,0.1004936,59.4974652,738.0,4042.0,63.2,2026-09-17,1.46,37.6,False
2878,301662,宏工科技,68.82,0.84,3.55,42.56,68.472059594628,0.2129728,57.18732223,-1036.0,4537.0,76.8,2026-09-17,0.51,43.9,False
2879,301665,泰禾股份,22.38,1.13,0.6,20.9,22.065962717613,0.1759964,62.86397099,-16.0,3039.0,62.4,2026-09-17,1.42,39.2,False
2880,301666,大普微-UW,400.2,6.84,9.73,65.43,378.143806060794,0.3533668,66.36401042,-1491.0,1859.0,81.2,2026-09-17,5.83,53.9,False
2881,301667,纳百川,57.63,1.75,2.99,-231.24,56.478693326871,0.1252648,56.75296978,151.0,4616.0,61.6,2026-09-17,2.04,35.0,False
2882,301668,昊创瑞通,32.1,1.9,2.62,56.1,31.565498724813,0.1915664,66.99917317,2274.0,1670.0,61.2,2026-09-17,1.69,41.0,False
2883,301669,高特电子,25.98,3.84,4.09,156.19,25.124130999665,0.1957008,,,,,2026-09-17,3.41,25.0,False
2884,301678,新恒汇,50.95,3.6,3.83,180.43,48.566546256402,0.2402472,67.06893534,1983.0,1638.0,65.2,2026-09-17,4.91,43.7,False
2885,301680,固德电材,108.04,7.5,9.14,45.32,101.010391663226,0.2551404,74.1377405,142.0,279.0,67.2,2026-09-17,6.96,49.8,False
2886,301682,宏明电子,112.2,1.85,3.66,35.76,111.117976112122,0.2789632,64.47265515,-1403.0,2476.0,73.6,2026-09-17,0.97,47.5,False
2887,301683,慧谷新材,97.53,2.18,3.41,27.81,95.3388714292,0.2021772,69.55555387,1467.0,977.0,64.8,2026-09-17,2.3,45.1,False
2888,301687,新广益,51.58,1.36,3.45,63.57,51.2181726242,0.1904888,61.90671812,-2421.0,3353.0,69.6,2026-09-17,0.71,43.1,False
2889,301696,三瑞智能,93.7,1.35,2.45,70.68,92.304843596906,0.2765496,66.09867993,-581.0,1948.0,61.6,2026-09-17,1.51,40.7,False
2890,302132,中航成飞,59.69,0.32,0.47,112.47,59.304183807818,0.3109856,70.40725269,1070.0,806.0,83.6,2026-09-17,0.65,58.9,False
2891,600000,浦发银行,9.1,0.44,0.08,4.9,9.084235548023,0.3430712,66.3093726,-236.0,1875.0,90.0,2026-09-17,0.17,59.7,False
2892,600004,白云机场,7.64,0.53,0.1,23.08,7.621603193039,0.2234848,71.86501745,83.0,532.0,75.2,2026-09-17,0.24,54.0,False
2893,600006,东风股份,5.26,-1.5,0.3,42.33,5.302648871491,0.2409644,67.0993246,2317.0,1631.0,79.6,2026-09-17,-0.8,53.4,False
2894,600007,中国国贸,19.79,-0.6,0.11,15.73,19.889802928223,0.0918892,75.81665874,164.0,168.0,74.8,2026-09-17,-0.5,56.7,False
2895,600008,首创环保,2.74,0.37,0.47,11.98,2.730507868313,0.4230284,66.58435641,219.0,1791.0,76.4,2026-09-17,0.35,50.9,False
2896,600009,XD上海机,22.65,0.8,0.13,23.17,22.465096555478,0.2982624,67.6757339,127.0,1449.0,83.6,2026-09-17,0.82,56.6,False
2897,600010,包钢股份,2.12,0.47,0.28,171.59,2.121816663591,0.5182264,63.86881956,-1102.0,2685.0,76.0,2026-09-17,-0.09,48.5,False
2898,600011,华能国际,6.82,0.74,0.25,8.13,6.764855316464,0.3719624,63.07275333,-120.0,2955.0,85.2,2026-09-17,0.82,53.7,False
2899,600012,皖通高速,16.06,-0.43,0.11,13.62,16.06347980868,0.1217096,70.17070488,1176.0,856.0,70.4,2026-09-17,-0.02,49.4,False
2900,600015,华夏银行,6.26,-0.16,0.17,5.32,6.290224748218,0.3942876,62.98688783,-335.0,2981.0,83.6,2026-09-17,-0.48,52.7,False
2901,600016,民生银行,3.49,-1.69,0.66,3.91,3.563929909366,0.4756512,62.8518573,-1408.0,3042.0,88.0,2026-09-17,-2.07,55.3,False
2902,600017,日照港,2.83,-0.35,0.53,13.09,2.826865207749,0.327734,67.25417413,342.0,1566.0,74.8,2026-09-17,0.11,50.3,False
2903,600018,上港集团,5.43,0.0,0.09,7.42,5.432512287171,0.3629228,75.44878394,56.0,193.0,82.8,2026-09-17,-0.05,62.5,False
2904,600019,宝钢股份,5.74,0.35,0.13,13.68,5.715149937873,0.4353992,74.23143255,487.0,270.0,86.8,2026-09-17,0.43,64.4,False
2905,600020,中原高速,3.83,-0.26,0.31,6.27,3.83841743719,0.3679364,66.1695788,274.0,1920.0,69.6,2026-09-17,-0.22,46.1,False
2906,600021,上海电力,13.37,0.53,0.36,18.84,13.329875183314,0.2340548,59.40611133,-18.0,4065.0,80.0,2026-09-17,0.3,47.5,False
2907,600022,山东钢铁,1.31,0.0,0.4,-236.78,1.309572966475,0.6091512,62.32271985,-282.0,3216.0,73.2,2026-09-17,0.03,45.6,False
2908,600023,浙能电力,5.07,0.2,0.13,22.62,5.033480543573,0.369754,70.04691633,905.0,881.0,86.0,2026-09-17,0.73,60.2,False
2909,600025,华能水电,9.72,-0.1,0.05,20.69,9.752906394291,0.2243728,70.65978038,10.0,762.0,85.2,2026-09-17,-0.34,60.2,False
2910,600026,中远海能,22.01,-0.36,1.61,13.25,21.670578676743,0.4213768,83.77165652,137.0,6.0,89.2,2026-09-17,1.57,74.7,False
2911,600027,华电国际,4.82,0.84,0.31,9.01,4.796110935221,0.3233472,66.77175972,-83.0,1738.0,83.6,2026-09-17,0.5,55.8,False
2912,600028,中国石化,5.12,-0.39,0.08,12.07,5.133662095369,0.3739592,73.56068488,621.0,337.0,89.2,2026-09-17,-0.27,65.6,False
2913,600029,南方航空,4.91,1.03,0.25,-12.04,4.843676042259,0.44329,65.74756303,1287.0,2070.0,81.6,2026-09-17,1.37,53.7,False
2914,600030,中信证券,26.38,0.84,0.33,8.83,26.265703895201,0.4305928,67.03266592,-211.0,1653.0,87.2,2026-09-17,0.44,58.5,False
2915,600031,三一重工,17.89,-1.0,0.44,14.45,18.134997754355,0.3108332,67.59241013,-652.0,1468.0,91.2,2026-09-17,-1.35,61.6,False
2916,600032,浙江新能,7.11,0.85,0.65,54.83,7.048254326453,0.2101696,62.04045848,-214.0,3315.0,83.6,2026-09-17,0.88,51.9,False
2917,600033,福建高速,3.68,1.66,1.38,9.92,3.630401108787,0.3726812,72.72083719,29.0,407.0,73.6,2026-09-17,1.37,53.5,False
2918,600035,楚天高速,3.7,0.82,0.3,6.81,3.660469859049,0.3263076,73.13076269,232.0,374.0,70.4,2026-09-17,1.08,51.5,False
2919,600036,招商银行,40.68,0.2,0.08,6.71,40.639704887031,0.3920408,72.50288268,-14.0,437.0,92.8,2026-09-17,0.1,67.3,False
2920,600037,歌华有线,6.97,0.0,0.34,22.73,6.950058316317,0.2219016,72.93128812,1060.0,390.0,74.4,2026-09-17,0.29,54.3,False
2921,600038,中直股份,27.09,0.3,0.24,59.22,27.005310731958,0.2500444,69.02451383,929.0,1115.0,82.0,2026-09-17,0.31,56.6,False
2922,600039,四川路桥,8.84,0.34,0.07,12.44,8.813868149428,0.1234148,75.69037756,98.0,174.0,78.8,2026-09-17,0.3,59.6,False
2923,600048,保利发展,5.04,0.0,0.33,15.4,5.000112522888,0.4681816,67.81326778,92.0,1410.0,86.4,2026-09-17,0.8,58.6,False
2924,600050,中国联通,4.25,1.19,0.28,16.05,4.190665520387,0.47848,72.52843315,792.0,434.0,82.0,2026-09-17,1.42,59.5,False
2925,600051,宁波联合,6.13,0.49,0.54,51.98,6.027655991237,0.1194972,66.01965584,41.0,1975.0,67.2,2026-09-17,1.7,44.4,False
2926,600052,东望时代,3.72,0.0,0.84,-114.39,3.653781854022,0.1911392,61.80789728,-1254.0,3387.0,69.6,2026-09-17,1.81,43.0,False
2927,600053,*ST九鼎,7.09,1.14,0.16,-17.43,7.10591446224,0.1525708,49.40442276,-205.0,5176.0,71.2,2026-09-17,-0.22,35.2,False
2928,600054,黄山旅游,10.8,1.22,0.82,30.23,10.623411994097,0.2045636,69.26522913,1281.0,1051.0,78.4,2026-09-17,1.66,54.3,False
2929,600055,万东医疗,10.11,1.1,0.42,-38.77,10.081863872357,0.2105068,56.93709091,-759.0,4582.0,72.8,2026-09-17,0.28,41.5,False
2930,600056,中国医药,8.92,0.11,0.21,26.78,8.894665431713,0.2092904,66.44328506,479.0,1829.0,77.6,2026-09-17,0.28,51.6,False
2931,600057,厦门象屿,6.1,3.21,0.64,8.12,5.883654342327,0.19482,64.18025157,277.0,2574.0,76.4,2026-09-17,3.68,49.0,False
2932,600058,五矿发展,9.06,0.67,0.18,830.65,9.025362762142,0.1490772,63.49594057,-598.0,2810.0,70.8,2026-09-17,0.38,45.0,False
2933,600059,古越龙山,10.84,10.05,8.09,53.96,9.904930512214,0.3222852,70.85924371,-682.0,718.0,90.0,2026-09-17,9.44,63.8,False
2934,600060,海信视像,27.79,0.22,0.17,15.17,27.674603053525,0.104176,71.89857849,-153.0,523.0,79.6,2026-09-17,0.42,57.2,False
2935,600061,国投资本,6.21,0.32,0.17,9.03,6.200375869099,0.3253996,64.62247867,-92.0,2419.0,78.4,2026-09-17,0.16,50.7,False
2936,600062,华润双鹤,15.82,0.13,0.17,8.68,15.822395038274,0.1826664,71.58728525,760.0,581.0,78.8,2026-09-17,-0.02,56.4,False
2937,600063,皖维高新,5.49,0.55,0.47,18.13,5.501354975131,0.2755064,57.68805258,-128.0,4439.0,73.2,2026-09-17,-0.21,42.2,False
2938,600064,南京高科,7.74,0.0,0.28,5.33,7.762441468968,0.2633744,74.50135206,23.0,245.0,75.6,2026-09-17,-0.29,56.3,False
2939,600066,宇通客车,26.17,-0.61,0.55,15.51,26.408583580152,0.2200568,74.43893101,666.0,253.0,85.6,2026-09-17,-0.9,63.7,False
2940,600067,冠城新材,2.73,0.0,0.89,-44.45,2.71631102197,0.2008152,58.00572749,-1714.0,4367.0,69.6,2026-09-17,0.5,40.4,False
2941,600071,凤凰光学,16.65,2.08,0.6,354.85,16.240623354803,0.0753968,63.3072367,-1408.0,2886.0,73.6,2026-09-17,2.52,46.6,False
2942,600072,中船科技,8.94,1.25,0.93,-12.88,8.762802523419,0.1917352,60.65741395,-416.0,3730.0,83.6,2026-09-17,2.02,50.7,False
2943,600073,光明肉业,5.56,1.28,0.59,24.44,5.46902681728,0.1876344,57.85056583,-923.0,4399.0,75.6,2026-09-17,1.66,43.7,False
2944,600075,新疆天业,4.54,0.89,0.4,174.44,4.51675049611,0.1572872,59.23242369,-142.0,4100.0,78.0,2026-09-17,0.51,46.2,False
2945,600076,康欣新材,2.2,0.92,1.27,-10.91,2.18753983053,0.2203956,46.30040949,-21.0,5192.0,69.2,2026-09-17,0.57,32.0,False
2946,600078,澄星股份,10.27,1.08,0.66,29.67,10.159059902206,0.221164,56.75607358,5.0,4615.0,72.0,2026-09-17,1.09,40.9,False
2947,600079,ST人福,18.49,0.38,0.12,11.35,18.40818743292,0.3554944,71.46109534,1030.0,600.0,77.6,2026-09-17,0.44,55.5,False
2948,600080,ST金花,4.76,0.63,0.2,1124.59,4.713226088477,0.2550888,62.07871075,96.0,3306.0,66.4,2026-09-17,0.99,41.2,False
2949,600081,东风科技,10.31,-0.48,0.15,31.91,10.313405398258,0.1212572,62.40761821,552.0,3190.0,72.4,2026-09-17,-0.03,45.2,False
2950,600082,ST海泰,3.21,1.9,0.53,-35.13,3.113757990369,0.2462236,69.11032623,2086.0,1091.0,70.0,2026-09-17,3.09,48.4,False
2951,600084,*ST尼雅,4.39,0.23,0.07,320.53,4.347030160442,0.220268,66.79378163,896.0,1728.0,66.8,2026-09-17,0.99,44.6,False
2952,600085,同仁堂,23.3,0.34,0.11,22.0,23.195640185681,0.2125352,66.43777534,1490.0,1834.0,77.6,2026-09-17,0.45,51.6,False
2953,600088,中视传媒,15.64,-3.46,7.86,-114.88,15.991617227551,0.3495348,80.43812465,132.0,21.0,89.2,2026-09-17,-2.2,71.8,False
2954,600089,特变电工,18.0,0.5,0.44,17.82,17.952543152237,0.2813468,63.05660287,-142.0,2959.0,79.6,2026-09-17,0.26,50.2,False
2955,600094,大名城,4.03,-0.98,0.63,468.23,4.05212709617,0.247998,65.0217886,-1516.0,2304.0,67.6,2026-09-17,-0.55,44.0,False
2956,600095,湘财股份,8.56,-0.58,1.05,23.12,8.635285841041,0.2824432,69.02266037,-69.0,1117.0,85.2,2026-09-17,-0.87,58.8,False
2957,600096,云天化,28.31,0.07,0.53,8.79,28.291652338751,0.392232,65.22758116,-54.0,2241.0,86.8,2026-09-17,0.06,56.6,False
2958,600097,开创国际,9.28,0.54,0.65,-36.89,9.162750123727,0.0451868,64.28945651,-1388.0,2536.0,71.6,2026-09-17,1.28,46.0,False
2959,600098,广州发展,6.27,0.0,0.19,11.62,6.266573830869,0.2033908,71.66333868,80.0,569.0,76.4,2026-09-17,0.05,54.8,False
2960,600099,林海股份,9.08,-0.22,0.52,72.79,8.980186634333,0.0489824,63.45345164,-711.0,2834.0,66.8,2026-09-17,1.11,42.4,False
2961,600100,同方股份,6.8,0.89,0.25,-110.42,6.749625665587,0.2663428,58.54084915,-1543.0,4254.0,81.2,2026-09-17,0.75,47.5,False
2962,600101,明星电力,7.99,1.27,1.57,41.22,7.892605465271,0.2762872,63.80665031,-1613.0,2707.0,85.2,2026-09-17,1.23,54.4,False
2963,600103,青山纸业,3.74,5.35,8.71,104.16,3.567670814107,0.2541084,57.45432056,-3209.0,4482.0,89.2,2026-09-17,4.83,51.2,False
2964,600104,上汽集团,11.13,-0.54,0.18,12.42,11.234760917326,0.3212764,78.07373437,338.0,71.0,88.8,2026-09-17,-0.93,69.3,False
2965,600105,永鼎股份,46.12,2.17,8.59,66.97,45.819760172573,0.3890392,73.37630233,-349.0,354.0,95.2,2026-09-17,0.66,69.9,False
2966,600106,重庆路桥,4.44,0.23,0.28,38.35,4.404188299217,0.2663868,62.39688379,-1416.0,3199.0,70.0,2026-09-17,0.81,43.7,False
2967,600107,*ST尔雅,5.67,0.89,0.15,-81.61,5.658727242635,0.0653964,50.66281876,-14.0,5162.0,64.8,2026-09-17,0.2,32.8,False
2968,600108,亚盛集团,4.21,-0.47,9.93,164.46,4.086924037314,0.319242,68.56967048,3143.0,1205.0,84.4,2026-09-17,3.01,57.9,False
2969,600109,国金证券,8.22,0.61,0.21,11.53,8.205193968851,0.2718196,62.0401223,-252.0,3316.0,80.0,2026-09-17,0.18,49.6,False
2970,600110,诺德股份,12.18,2.61,5.21,102.69,12.042620458433,0.3056792,66.64263846,-802.0,1770.0,95.6,2026-09-17,1.14,63.7,False
2971,600111,北方稀土,36.81,0.22,0.36,32.41,36.913503752431,0.2706288,61.65952435,-571.0,3426.0,76.8,2026-09-17,-0.28,47.4,False
2972,600113,浙江东日,30.43,-0.94,0.49,141.13,30.911795258833,0.3004336,66.4346602,331.0,1835.0,74.8,2026-09-17,-1.56,49.7,False
2973,600114,东睦股份,27.59,-0.68,0.86,45.93,27.979930410101,0.322534,70.09688562,1866.0,874.0,77.6,2026-09-17,-1.39,54.4,False
2974,600115,中国东航,3.41,1.79,0.83,-17.28,3.327592052917,0.5537628,67.75847013,1611.0,1423.0,82.0,2026-09-17,2.48,55.6,False
2975,600116,三峡水利,6.22,1.14,0.27,15.73,6.167352448439,0.1574232,66.67607788,-375.0,1757.0,77.6,2026-09-17,0.85,51.7,False
2976,600117,西宁特钢,2.2,0.92,0.15,-11.5,2.181700180671,0.219338,62.43975147,-229.0,3181.0,71.6,2026-09-17,0.84,44.7,False
2977,600118,中国卫星,58.74,2.35,1.43,1004.74,57.798126698703,0.2659732,60.56463278,-317.0,3753.0,74.8,2026-09-17,1.63,45.3,False
2978,600119,*ST长投,5.02,2.03,0.25,-106.89,4.898698940334,0.1623392,52.60388217,-29.0,5087.0,70.0,2026-09-17,2.48,36.8,False
2979,600120,浙江东方,4.72,0.21,0.25,9.19,4.712269018076,0.2253004,62.05183653,-1400.0,3312.0,75.2,2026-09-17,0.16,46.7,False
2980,600121,郑州煤电,4.95,-2.37,7.08,-8.9,4.933745049749,0.2818092,59.18526435,1072.0,4110.0,85.6,2026-09-17,0.33,50.7,False
2981,600123,兰花科创,6.97,-0.43,0.56,61.78,6.952798053935,0.265008,62.46372659,230.0,3177.0,76.8,2026-09-17,0.25,48.0,False
2982,600125,铁龙物流,5.28,0.19,0.29,8.95,5.269358143872,0.2448068,69.91247038,310.0,907.0,72.4,2026-09-17,0.2,50.6,False
2983,600126,杭钢股份,6.15,0.65,0.46,829.06,6.128139036023,0.2761232,63.99277456,283.0,2640.0,78.8,2026-09-17,0.36,50.4,False
2984,600127,金健米业,14.32,9.98,35.04,-479.71,12.319466526142,0.4398476,67.43532232,3223.0,1513.0,85.6,2026-09-17,16.24,57.7,False
2985,600128,苏豪弘业,8.34,0.24,0.41,48.04,8.213259652005,0.095786,66.64794018,1056.0,1766.0,70.4,2026-09-17,1.54,46.9,False
2986,600129,太极集团,13.47,0.82,0.73,42.27,13.391677775409,0.196466,54.60031693,166.0,4927.0,69.6,2026-09-17,0.58,38.0,False
2987,600130,波导股份,4.42,0.23,0.83,451.74,4.406669070907,0.1655888,60.3409942,-571.0,3819.0,78.4,2026-09-17,0.3,47.3,False
2988,600131,国网信通,14.35,0.84,0.19,37.12,14.259440918644,0.2099464,68.66012423,-96.0,1194.0,76.8,2026-09-17,0.64,52.7,False
2989,600132,重庆啤酒,37.98,0.53,0.25,11.55,37.845612858861,0.2266644,69.10863397,1088.0,1092.0,81.6,2026-09-17,0.36,56.4,False
2990,600133,东湖高新,7.98,0.76,0.32,-263.6,7.890546474145,0.288182,61.48609879,1223.0,3482.0,74.0,2026-09-17,1.13,45.5,False
2991,600135,乐凯胶片,7.85,0.64,2.29,-67.02,7.825699334515,0.1722332,66.38240894,-782.0,1852.0,83.6,2026-09-17,0.31,55.5,False
2992,600136,ST明诚,1.48,0.0,0.13,-1953.89,1.46952414023,0.4650432,59.33567981,273.0,4082.0,66.0,2026-09-17,0.71,39.2,False
2993,600137,浪莎股份,17.42,1.16,0.52,97.45,16.984971506542,0.0376072,62.08219136,-559.0,3304.0,66.4,2026-09-17,2.56,41.2,False
2994,600138,中青旅,7.13,2.0,0.77,116.61,6.969248483519,0.1909428,65.75266017,386.0,2068.0,77.2,2026-09-17,2.31,50.8,False
2995,600141,兴发集团,29.18,0.31,0.62,20.89,29.198606938983,0.3272912,63.76492607,-1154.0,2722.0,82.0,2026-09-17,-0.06,52.3,False
2996,600143,金发科技,13.11,0.08,0.39,25.58,13.061000155642,0.2556,71.50732045,1156.0,590.0,75.2,2026-09-17,0.38,53.8,False
2997,600148,长春一东,15.65,-0.89,0.94,93.73,15.619582496989,0.1418204,66.66607575,1497.0,1763.0,71.2,2026-09-17,0.19,47.5,False
2998,600149,廊坊发展,4.97,0.0,0.84,302.96,4.915898568628,0.0863504,61.60873967,-1476.0,3449.0,72.0,2026-09-17,1.1,44.4,False
2999,600150,中国船舶,39.72,1.95,0.95,15.02,38.41198904336,0.490538,81.25011032,532.0,17.0,91.6,2026-09-17,3.41,74.4,False
3000,600151,航天机电,9.74,2.42,1.1,-520.1,9.581576668853,0.1819396,59.184234,-680.0,4111.0,76.0,2026-09-17,1.65,45.0,False
3001,600152,维科技术,8.01,0.75,0.83,-56.84,7.971214810666,0.1334116,53.95584275,-122.0,4986.0,73.2,2026-09-17,0.49,39.5,False
3002,600153,建发股份,8.22,-0.12,0.15,12.05,8.216162586325,0.2057204,61.56515319,881.0,3456.0,79.2,2026-09-17,0.05,48.8,False
3003,600155,华创云信,5.95,0.34,0.36,27.22,5.928545694581,0.2633164,65.36352038,236.0,2193.0,79.6,2026-09-17,0.36,52.0,False
3004,600156,华升股份,8.87,4.11,4.99,-74.31,8.45529691169,0.2361628,65.43063085,1124.0,2158.0,68.4,2026-09-17,4.9,44.8,False
3005,600157,永泰能源,1.52,0.0,0.5,183.1,1.519125934867,0.6613144,58.35884786,-1175.0,4291.0,77.2,2026-09-17,0.06,45.1,False
3006,600158,中体产业,7.09,0.71,0.75,-531.06,7.045155252441,0.2162008,68.47336605,1456.0,1232.0,74.4,2026-09-17,0.64,50.9,False
3007,600159,大龙地产,2.7,-1.1,0.81,-32.77,2.69801521779,0.1897132,65.67561138,392.0,2094.0,71.2,2026-09-17,0.07,46.8,False
3008,600160,巨化股份,34.76,-0.6,0.51,17.7,35.211157522279,0.3113812,66.99856755,-87.0,1673.0,78.4,2026-09-17,-1.28,52.5,False
3009,600161,天坛生物,12.13,0.25,0.22,40.12,12.097723985046,0.1625332,63.98451035,-934.0,2644.0,79.2,2026-09-17,0.27,50.7,False
3010,600162,香江控股,4.59,1.32,1.16,-449.69,4.578022184296,0.3145152,60.82418904,-1010.0,3676.0,83.2,2026-09-17,0.26,50.6,False
3011,600163,中闽能源,6.21,4.72,6.21,17.03,5.870056688851,0.3351504,78.12097484,-9.0,69.0,90.0,2026-09-17,5.79,70.3,False
3012,600165,宁科生物,3.23,-5.0,2.22,-19.7,3.383851935666,0.308592156863,64.34306954,1876.0,2518.0,76.4,2026-09-17,-4.55,49.2,False
3013,600166,福田汽车,2.77,-1.42,0.49,12.11,2.79201119527,0.4309568,71.15114349,1880.0,655.0,76.4,2026-09-17,-0.79,54.4,False
3014,600167,联美控股,5.7,1.79,0.18,19.33,5.562184928553,0.1331068,64.04448169,-1127.0,2618.0,71.6,2026-09-17,2.48,45.9,False
3015,600168,武汉控股,4.34,0.23,0.19,21.29,4.30007296198,0.2360108,65.17520518,494.0,2253.0,68.4,2026-09-17,0.93,44.6,False
3016,600169,ST太重,2.16,0.93,0.11,69.35,2.127347017907,0.4600988,64.69214909,320.0,2404.0,71.6,2026-09-17,1.53,46.3,False
3017,600170,上海建工,2.2,0.0,0.61,23.93,2.192651080699,0.4558612,67.73768182,1167.0,1425.0,77.6,2026-09-17,0.34,52.6,False
3018,600171,上海贝岭,23.05,2.26,1.03,71.57,22.65120082366,0.1918644,63.65906749,-1746.0,2761.0,78.4,2026-09-17,1.76,49.9,False
3019,600172,黄河旋风,15.82,-1.49,6.79,-51.33,16.242538111671,0.311218,55.36322422,-1258.0,4827.0,94.8,2026-09-17,-2.6,52.5,False
3020,600173,卧龙新能,5.81,0.0,0.24,136.37,5.781127694967,0.160244,56.32453738,63.0,4699.0,70.0,2026-09-17,0.5,39.4,False
3021,600176,中国巨石,44.43,-5.77,6.78,30.32,49.065962474808,0.4878648,73.78409599,-61.0,312.0,95.6,2026-09-17,-9.45,70.5,False
3022,600177,雅戈尔,8.16,0.74,0.27,8.89,8.30104781918,0.2324968,72.291457,818.0,462.0,82.8,2026-09-17,-1.7,59.9,False
3023,600178,东安动力,9.66,-0.1,0.43,-252.17,9.656926587633,0.071058,60.8255873,235.0,3672.0,77.6,2026-09-17,0.03,47.2,False
3024,600179,安通控股,4.55,0.22,0.36,14.67,4.517856389045,0.2763084,67.8133224,51.0,1409.0,72.4,2026-09-17,0.71,49.1,False
3025,600180,*ST瑞茂,1.65,-1.79,1.41,-0.84,1.663570493191,0.2968452,50.53359021,-550.0,5166.0,73.2,2026-09-17,-0.82,37.0,False
3026,600182,S佳通,12.69,0.4,0.33,30.54,12.627004475945,0.2264036,61.13974565,-38.0,3593.0,62.0,2026-09-17,0.5,37.9,False
3027,600183,生益科技,142.49,-2.42,2.26,52.65,150.408000768764,0.4342052,76.98752633,-111.0,112.0,94.8,2026-09-17,-5.26,73.0,False
3028,600184,光电股份,21.54,-2.53,4.05,394.83,21.578085869498,0.2831096,79.86711891,102.0,29.0,90.0,2026-09-17,-0.18,71.9,False
3029,600185,珠免集团,4.81,1.26,0.9,130.01,4.737147125397,0.2461384,70.90629038,55.0,707.0,81.6,2026-09-17,1.54,57.9,False
3030,600186,莲花控股,12.46,-1.19,5.28,45.85,12.84415441739,0.3003164,66.34855776,-1367.0,1863.0,93.6,2026-09-17,-2.99,62.1,False
3031,600187,*ST国中,1.3,1.56,0.57,361.35,1.280965804939,0.3039832,53.32840475,-972.0,5036.0,72.0,2026-09-17,1.49,38.4,False
3032,600188,兖矿能源,19.84,-1.54,0.33,13.93,20.12331176677,0.3320028,69.32866701,956.0,1037.0,83.6,2026-09-17,-1.41,58.0,False
3033,600189,泉阳泉,7.81,1.56,0.79,72.11,7.624715745509,0.2204468,57.82087434,81.0,4405.0,73.6,2026-09-17,2.43,42.6,False
3034,600191,华资实业,9.67,0.73,0.6,64.84,9.536978323368,0.2354248,61.66533489,-1175.0,3423.0,72.8,2026-09-17,1.39,44.9,False
3035,600192,长城电工,7.77,2.51,3.6,-12.61,7.518884965248,0.1574744,54.94365002,-471.0,4890.0,88.0,2026-09-17,3.34,48.4,False
3036,600195,中牧股份,6.69,0.0,0.26,68.53,6.662600214973,0.17244,68.24557734,1873.0,1291.0,71.6,2026-09-17,0.41,48.9,False
3037,600196,复星医药,22.07,1.33,0.42,17.12,21.741278803967,0.2806496,66.83329426,230.0,1714.0,84.4,2026-09-17,1.51,56.4,False
3038,600197,伊力特,9.27,0.43,0.23,26.79,9.225467396974,0.2008692,58.96628616,-1039.0,4171.0,74.4,2026-09-17,0.48,43.9,False
3039,600198,大唐电信,7.6,1.33,0.82,-81.18,7.53330326131,0.2245312,56.0450883,-1307.0,4724.0,81.6,2026-09-17,0.89,45.7,False
3040,600199,金种子酒,6.98,1.6,0.94,-35.41,6.869071129844,0.211394,54.05048815,-43.0,4979.0,78.4,2026-09-17,1.61,42.4,False
3041,600201,生物股份,11.72,0.34,0.35,61.92,11.695170586726,0.2234452,64.85690088,1713.0,2352.0,72.8,2026-09-17,0.21,47.2,False
3042,600202,哈空调,4.96,0.2,0.63,-18.1,4.864562287898,0.0796792,56.85443767,-681.0,4593.0,68.8,2026-09-17,1.96,39.1,False
3043,600203,福日电子,10.11,1.3,1.35,35.96,10.049421982881,0.2080028,58.25289974,-1792.0,4316.0,78.8,2026-09-17,0.6,45.9,False
3044,600206,有研新材,51.02,0.93,7.19,117.79,51.911899594041,0.3614496,62.82451628,-2934.0,3054.0,93.2,2026-09-17,-1.72,58.6,False
3045,600207,安彩高科,4.82,0.84,1.34,-8.01,4.773368538795,0.2006828,65.3102939,1166.0,2209.0,87.2,2026-09-17,0.98,57.0,False
3046,600208,衢州发展,2.82,0.36,0.21,70.93,2.806873979656,0.3668488,65.42862292,-113.0,2161.0,72.8,2026-09-17,0.47,47.6,False
3047,600210,紫江企业,6.24,-0.16,0.23,8.7,6.258645259645,0.265208,67.033672,-1013.0,1652.0,79.6,2026-09-17,-0.3,53.4,False
3048,600211,西藏药业,36.02,0.7,0.27,9.55,35.879559639437,0.2018396,65.35697849,282.0,2194.0,83.2,2026-09-17,0.39,54.4,False
3049,600212,绿能慧充,5.96,0.17,0.49,-81.82,5.944726574307,0.135132,60.15740122,-1298.0,3878.0,71.6,2026-09-17,0.26,43.1,False
3050,600215,派斯林,6.16,-0.16,0.5,-50.79,6.144997811866,0.1422144,57.23767168,-129.0,4526.0,64.0,2026-09-17,0.24,36.6,False
3051,600216,浙江医药,12.56,0.16,0.72,9.97,12.531719135358,0.2382584,66.25112585,373.0,1896.0,78.0,2026-09-17,0.23,51.7,False
3052,600217,中再资环,3.25,0.31,0.26,-87.76,3.214632430375,0.2309736,63.59120012,562.0,2778.0,72.0,2026-09-17,1.1,45.8,False
3053,600218,全柴动力,7.53,0.27,0.51,38.0,7.447959761638,0.1253612,62.79624552,1406.0,3066.0,74.8,2026-09-17,1.1,47.0,False
3054,600219,南山铝业,4.77,2.36,0.71,12.19,4.658005418386,0.380104,65.44687176,-1158.0,2153.0,85.2,2026-09-17,2.4,55.8,False
3055,600221,海航控股,1.24,0.81,0.24,99.18,1.234827192187,0.5183452,64.27283284,289.0,2542.0,78.8,2026-09-17,0.42,50.6,False
3056,600222,太龙药业,7.67,-0.9,1.56,178.28,7.674689153737,0.251462,63.62436977,1880.0,2770.0,71.6,2026-09-17,-0.06,45.6,False
3057,600223,福瑞达,5.53,1.65,0.38,34.37,5.413790497957,0.1802616,67.45610637,919.0,1505.0,74.4,2026-09-17,2.15,50.2,False
3058,600226,亨通股份,6.01,1.18,1.57,97.55,6.002386951734,0.310246,60.72607843,-2219.0,3705.0,74.8,2026-09-17,0.13,45.4,False
3059,600227,赤天化,3.92,-2.0,5.36,85.3,3.973980379713,0.2763224,55.80380199,208.0,4761.0,84.4,2026-09-17,-1.36,47.1,False
3060,600228,返利科技,11.48,1.95,3.71,-84.44,11.399021715767,0.3209128,61.13466867,-9.0,3597.0,82.4,2026-09-17,0.71,50.4,False
3061,600229,城市传媒,5.88,0.51,1.62,-86.31,5.814793281179,0.2167792,69.60159595,983.0,972.0,72.8,2026-09-17,1.12,50.7,False
3062,600230,沧州大化,13.61,2.48,0.99,27.96,13.331901185919,0.1382292,61.69900219,-1235.0,3414.0,75.6,2026-09-17,2.09,46.6,False
3063,600231,凌钢股份,1.68,-1.18,0.3,-2.99,1.667944020956,0.2276128,56.42719606,-488.0,4673.0,68.8,2026-09-17,0.72,38.8,False
3064,600232,金鹰股份,6.59,1.7,0.51,61.18,6.429055768213,0.0973344,64.70078314,-798.0,2403.0,69.2,2026-09-17,2.5,44.8,False
3065,600233,圆通速递,18.38,4.61,0.88,9.91,17.210808813467,0.2402856,79.86728838,184.0,28.0,76.0,2026-09-17,6.79,60.7,False
3066,600234,科新发展,21.71,3.83,0.55,8110.14,20.671306651255,0.1673184,57.33663705,-29.0,4508.0,68.4,2026-09-17,5.02,39.2,False
3067,600235,民丰特纸,5.78,0.17,0.61,150.04,5.688459699709,0.0974932,56.60988025,-804.0,4642.0,67.2,2026-09-17,1.61,38.0,False
3068,600236,桂冠电力,9.71,0.62,0.06,21.76,9.622206025403,0.2102808,66.27465755,277.0,1890.0,76.0,2026-09-17,0.91,50.4,False
3069,600237,铜峰电子,9.45,0.32,3.07,57.14,9.50634678352,0.203482,66.42291395,-1433.0,1839.0,90.0,2026-09-17,-0.59,59.8,False
3070,600238,ST椰岛,4.61,1.1,0.21,-137.05,4.531761763115,0.35485254902,63.72750702,-748.0,2737.0,73.6,2026-09-17,1.73,46.9,False
3071,600239,ST云城,1.42,0.71,0.34,16.73,1.404973049586,0.523678,60.3233015,878.0,3822.0,70.8,2026-09-17,1.07,42.7,False
3072,600241,时代万恒,7.22,0.14,0.44,-85.27,7.113395690268,0.0702104,59.08849726,682.0,4135.0,64.4,2026-09-17,1.5,38.1,False
3073,600243,*ST海华,3.4,0.59,0.29,-52.25,3.394623078889,0.172158,52.01317755,-282.0,5122.0,68.0,2026-09-17,0.16,35.4,False
3074,600246,万通发展,13.45,3.3,2.57,-60.97,13.098039777771,0.3409832,57.52329468,-2736.0,4472.0,83.2,2026-09-17,2.69,47.9,False
3075,600248,陕建股份,2.84,0.71,0.2,23.37,2.810448437242,0.2215812,65.97667114,193.0,1995.0,69.2,2026-09-17,1.05,45.7,False
3076,600249,两面针,5.49,1.48,0.91,-322.52,5.372988181604,0.1506896,62.07924027,-2085.0,3305.0,76.0,2026-09-17,2.18,47.2,False
3077,600250,南京商旅,9.13,2.35,1.74,221.93,8.817380976001,0.1618212,57.2529576,488.0,4524.0,79.2,2026-09-17,3.55,45.3,False
3078,600251,冠农股份,10.34,1.57,1.18,7.48,10.204512581237,0.3178344,68.59885103,2121.0,1200.0,78.8,2026-09-17,1.33,54.1,False
3079,600252,中恒集团,2.2,-0.45,0.81,-71.77,2.190007810844,0.3158716,60.71472957,558.0,3712.0,74.0,2026-09-17,0.46,44.9,False
3080,600255,鑫科材料,3.62,0.56,2.73,76.72,3.614663246532,0.2676348,67.41959407,34.0,1519.0,88.8,2026-09-17,0.15,59.9,False
3081,600256,广汇能源,6.79,-0.88,1.03,16.98,6.803062390485,0.3218756,72.61523237,206.0,417.0,85.2,2026-09-17,-0.19,61.9,False
3082,600257,大湖股份,5.62,0.54,1.58,80.1,5.563679782843,0.2192768,68.29160013,242.0,1282.0,74.8,2026-09-17,1.01,51.1,False
3083,600258,首旅酒店,11.4,1.42,0.95,14.44,11.234609834105,0.234938,68.84610136,196.0,1155.0,77.2,2026-09-17,1.47,53.1,False
3084,600259,中稀有色,80.3,0.2,0.84,33.48,81.856548521959,0.2946204,62.00224616,-2485.0,3326.0,84.0,2026-09-17,-1.9,52.1,False
3085,600261,阳光照明,3.37,5.64,2.48,45.54,3.184172413205,0.1370188,66.56138131,-1199.0,1798.0,70.8,2026-09-17,5.84,47.1,False
3086,600262,北方股份,14.95,1.56,0.68,12.99,14.754801380381,0.1968644,65.6352321,0.0,2105.0,71.6,2026-09-17,1.32,47.0,False
3087,600265,*ST景谷,22.26,0.91,0.08,-6901.49,22.033593905267,0.1697612,65.07540302,44.0,2292.0,62.4,2026-09-17,1.03,40.6,False
3088,600266,城建发展,4.07,-0.25,0.44,-61.66,4.06087605413,0.386472,60.67316068,-952.0,3727.0,72.0,2026-09-17,0.22,43.7,False
3089,600267,海正药业,11.4,0.18,0.99,10.57,11.431208136331,0.2870224,68.39660177,542.0,1250.0,76.0,2026-09-17,-0.27,52.0,False
3090,600268,国电南自,10.39,1.66,0.62,27.22,10.276055334142,0.250176,66.11939039,-263.0,1938.0,77.2,2026-09-17,1.11,51.0,False
3091,600269,赣粤高速,3.81,-0.26,0.28,21.42,3.821979347971,0.3326768,67.8146661,358.0,1408.0,67.6,2026-09-17,-0.31,45.8,False
3092,600271,航天信息,6.69,0.9,0.25,-16.44,6.649014444846,0.238522,62.29399122,-449.0,3229.0,76.8,2026-09-17,0.62,47.8,False
3093,600272,开开实业,15.17,0.86,8.78,89.64,15.159119992815,0.1603472,67.84652367,3173.0,1400.0,76.8,2026-09-17,0.07,52.1,False
3094,600273,嘉化能源,6.32,0.0,0.44,18.93,6.372374898489,0.2480768,62.04136081,358.0,3314.0,73.6,2026-09-17,-0.82,45.7,False
3095,600276,恒瑞医药,43.78,1.27,0.51,32.54,43.3695249303,0.3718476,70.31697792,233.0,825.0,89.2,2026-09-17,0.95,62.7,False
3096,600278,东方创业,6.58,1.86,0.37,22.98,6.397737922308,0.133232,65.39486144,799.0,2178.0,74.8,2026-09-17,2.85,48.9,False
3097,600279,重庆港,4.36,-0.46,0.21,104.9,4.335641442753,0.1536612,59.98242684,-1098.0,3931.0,71.6,2026-09-17,0.56,42.9,False
3098,600280,中央商场,3.1,4.73,3.08,-61.19,2.934821027683,0.1922764,54.12356567,87.0,4973.0,79.6,2026-09-17,5.63,43.1,False
3099,600281,华阳新材,4.64,0.65,0.85,502.99,4.570610009657,0.0891444,56.00568569,-1420.0,4731.0,78.0,2026-09-17,1.52,43.7,False
3100,600282,南钢股份,4.55,0.66,0.21,10.61,4.535161355172,0.3071068,63.83989437,-1676.0,2693.0,76.0,2026-09-17,0.33,48.5,False
3101,600283,钱江水利,8.06,0.5,0.15,20.89,7.989747858862,0.1459672,62.5133436,-1170.0,3160.0,74.4,2026-09-17,0.88,46.5,False
3102,600284,浦东建设,5.06,0.8,0.44,18.65,5.015456527004,0.2282948,65.23786259,105.0,2238.0,69.6,2026-09-17,0.89,45.4,False
3103,600285,羚锐制药,19.11,-0.05,0.23,10.95,19.158533447235,0.1743996,65.45944244,126.0,2149.0,75.2,2026-09-17,-0.25,49.2,False
3104,600287,苏豪时尚,4.89,-0.2,0.29,91.49,4.838325483847,0.0408324,63.7307369,-92.0,2735.0,68.0,2026-09-17,1.07,43.3,False
3105,600288,大恒科技,10.78,1.32,1.1,30.0,10.696676688388,0.2212304,62.52845633,-973.0,3154.0,70.4,2026-09-17,0.78,44.0,False
3106,600289,ST信通,4.23,2.17,0.31,-11.67,4.12435836399,0.1450616,55.96172966,124.0,4736.0,67.2,2026-09-17,2.56,37.6,False
3107,600292,电投水电,11.81,0.51,0.66,23.65,11.777718426184,0.2566088,64.66525648,-110.0,2409.0,75.6,2026-09-17,0.27,48.9,False
3108,600293,三峡新材,3.32,-2.35,8.26,-23.96,3.333331485882,0.4883684,74.05216134,2506.0,284.0,76.0,2026-09-17,-0.4,56.3,False
3109,600295,鄂尔多斯,13.17,1.0,0.19,13.02,13.059464553954,0.0952516,69.4304248,317.0,1009.0,77.6,2026-09-17,0.85,53.9,False
3110,600298,安琪酵母,39.69,-0.58,0.28,19.55,40.167388144834,0.1700116,74.05350398,514.0,283.0,80.4,2026-09-17,-1.19,59.5,False
3111,600299,安迪苏,8.32,1.09,0.36,14.16,8.239560411011,0.241788,69.52709674,-141.0,981.0,75.2,2026-09-17,0.98,52.3,False
3112,600300,维维股份,3.17,0.96,0.66,19.55,3.129621870926,0.3114736,70.39359465,203.0,809.0,78.4,2026-09-17,1.29,55.2,False
3113,600301,华锡有色,,,0.0,26.91,44.448882190198,0.1495476,67.95981101,-35.0,1371.0,74.4,2026-09-17,,50.6,False
3114,600302,ST标准,7.1,1.72,0.37,-30.52,7.085556927371,0.128482,52.60322711,-108.0,5088.0,68.4,2026-09-17,0.2,36.0,False
3115,600303,曙光股份,3.01,-0.33,1.87,-8.1,2.945329923995,0.21774,67.26604318,1227.0,1560.0,74.4,2026-09-17,2.2,50.0,False
3116,600305,恒顺醋业,6.72,1.36,0.3,30.73,6.644062828344,0.1183844,61.84815384,-1407.0,3375.0,76.8,2026-09-17,1.14,47.5,False
3117,600307,酒钢宏兴,1.49,0.0,0.22,-21.57,1.473438245529,0.5296844,61.29480061,348.0,3545.0,73.2,2026-09-17,1.12,44.9,False
3118,600308,华泰股份,3.22,0.0,0.21,129.28,3.200678972166,0.1860492,62.68737552,1401.0,3103.0,69.6,2026-09-17,0.6,43.6,False
3119,600309,万华化学,70.13,-0.28,0.33,10.91,70.466736988967,0.3497444,69.44041978,-28.0,1007.0,88.0,2026-09-17,-0.48,61.1,False
3120,600310,广西能源,4.75,2.59,2.11,28.04,4.638944827061,0.2059184,56.39347185,-960.0,4683.0,82.4,2026-09-17,2.39,46.5,False
3121,600312,平高电气,19.32,0.68,0.33,16.05,19.083534680772,0.3269876,72.80960786,657.0,402.0,80.4,2026-09-17,1.24,58.5,False
3122,600313,农发种业,7.08,-0.84,4.49,78.23,6.969232024669,0.2643272,66.15014792,1578.0,1926.0,86.8,2026-09-17,1.59,57.4,False
3123,600315,上海家化,18.02,1.52,0.49,15.9,17.727208655858,0.1790236,64.38467772,-1411.0,2507.0,78.4,2026-09-17,1.65,50.5,False
3124,600316,洪都航空,32.29,-0.15,0.51,957.26,32.695966005462,0.22112,61.45983741,-526.0,3490.0,82.8,2026-09-17,-1.24,50.9,False
3125,600318,新力金融,6.86,3.47,4.04,57.38,6.563378813551,0.1911064,54.63587433,-683.0,4924.0,88.0,2026-09-17,4.52,48.1,False
3126,600319,亚星化学,6.23,0.16,0.52,-18.49,6.135505516706,0.062618,53.46614379,-406.0,5024.0,68.0,2026-09-17,1.54,36.4,False
3127,600320,振华重工,4.16,0.48,0.47,21.75,4.115089153392,0.3805724,70.53074847,1311.0,785.0,80.4,2026-09-17,1.09,56.7,False
3128,600322,津投城开,2.64,-0.75,0.75,4521.96,2.609204024574,0.3394376,58.10610447,-258.0,4345.0,67.6,2026-09-17,1.18,39.3,False
3129,600323,瀚蓝环境,28.98,-0.79,0.15,9.79,29.274196925399,0.1236784,69.41738149,-21.0,1011.0,73.6,2026-09-17,-1.0,51.1,False
3130,600325,华发股份,2.36,0.0,0.8,-0.89,2.359388708067,0.3446604,64.11195054,-32.0,2602.0,75.2,2026-09-17,0.03,48.2,False
3131,600326,西藏天路,6.81,0.15,0.45,-54.0,6.772081777018,0.2921008,61.6271969,1349.0,3442.0,79.6,2026-09-17,0.56,49.1,False
3132,600327,大东方,3.95,1.8,0.75,70.77,3.845727298493,0.2138928,63.41442644,1526.0,2850.0,75.6,2026-09-17,2.71,47.9,False
3133,600328,中盐化工,5.64,0.18,0.55,-15.19,5.627536896304,0.251086,59.13466643,659.0,4129.0,78.4,2026-09-17,0.22,46.4,False
3134,600329,达仁堂,34.24,0.59,0.11,20.45,34.181290264916,0.2021484,61.36023456,60.0,3522.0,78.4,2026-09-17,0.17,48.1,False
3135,600330,天通股份,29.07,-1.99,4.4,-63.5,30.163866073229,0.3744104,60.80243631,-3115.0,3680.0,94.4,2026-09-17,-3.63,57.4,False
3136,600331,宏达股份,11.51,1.23,0.98,-605.63,11.506906980042,0.4123404,59.75407789,-602.0,3988.0,76.8,2026-09-17,0.03,45.9,False
3137,600332,白云山,19.45,0.26,0.12,7.54,19.407918359058,0.1955272,67.22814634,-899.0,1578.0,81.6,2026-09-17,0.22,54.9,False
3138,600333,长春燃气,6.7,-0.3,0.99,-93.64,6.601146047666,0.2558372,65.06443625,1216.0,2296.0,76.4,2026-09-17,1.5,49.7,False
3139,600335,国机汽车,5.17,-0.39,0.33,14.93,5.129541952982,0.2041684,73.36741098,1849.0,355.0,77.2,2026-09-17,0.79,56.6,False
3140,600336,澳柯玛,6.4,0.16,0.29,-59.33,6.356469347663,0.2031464,65.70097533,1896.0,2083.0,74.0,2026-09-17,0.68,48.6,False
3141,600337,ST美克,3.03,-0.66,0.24,-4.34,3.066340437109,0.3190168,54.38151759,36.0,4953.0,66.4,2026-09-17,-1.19,36.1,False
3142,600338,西藏珠峰,12.6,0.72,1.0,16.22,12.504514045908,0.211396,60.19448733,-643.0,3859.0,79.6,2026-09-17,0.76,47.9,False
3143,600339,中油工程,3.29,0.61,0.38,25.13,3.264078536648,0.3308508,69.16980772,87.0,1077.0,75.2,2026-09-17,0.79,52.0,False
3144,600340,*ST华幸,1.08,0.93,0.72,-0.45,1.068546876396,0.633872,62.39366003,1168.0,3200.0,74.8,2026-09-17,1.07,46.7,False
3145,600343,航天动力,21.67,10.0,4.92,-121.55,19.716285274451,0.2243452,56.48391288,-209.0,4661.0,80.0,2026-09-17,9.91,45.2,False
3146,600345,长江通信,53.16,-2.19,3.21,19.63,54.452282864061,0.2941128,78.78885969,95.0,50.0,88.0,2026-09-17,-2.37,69.3,False
3147,600346,恒力石化,16.38,0.0,0.17,8.0,16.3055649071,0.2739504,71.58743406,1129.0,580.0,83.6,2026-09-17,0.46,59.8,False
3148,600348,华阳股份,8.95,-1.0,0.33,15.21,9.038568634269,0.2974896,70.05791968,155.0,880.0,83.2,2026-09-17,-0.98,58.3,False
3149,600350,山东高速,9.99,-0.79,0.1,15.31,10.11964064025,0.1558896,64.52002307,-296.0,2452.0,71.2,2026-09-17,-1.28,45.9,False
3150,600351,亚宝药业,6.65,0.76,1.21,12.96,6.621266998885,0.16297,66.19924188,229.0,1908.0,72.4,2026-09-17,0.43,47.9,False
3151,600352,浙江龙盛,11.63,0.78,0.43,18.84,11.613989695009,0.31695,64.17599596,-8.0,2576.0,81.6,2026-09-17,0.14,52.4,False
3152,600353,旭光电子,34.1,0.65,4.31,198.3,34.236770901112,0.3318912,65.68688651,-1342.0,2090.0,90.4,2026-09-17,-0.4,59.4,False
3153,600354,敦煌种业,10.5,7.69,21.36,19.15,9.306609579296,0.31485,75.34276546,1261.0,197.0,84.8,2026-09-17,12.82,63.9,False
3154,600356,恒丰纸业,10.25,0.59,5.55,15.08,9.822082081059,0.4020196,81.50495955,1644.0,15.0,68.4,2026-09-17,4.36,55.7,False
3155,600358,国旅联合,5.03,-0.2,0.34,-470.7,5.044857217997,0.3349688,63.11384067,1379.0,2939.0,70.8,2026-09-17,-0.29,44.7,False
3156,600359,新农开发,7.87,0.9,11.11,80.84,7.66563634786,0.2343636,59.21299621,-292.0,4105.0,88.4,2026-09-17,2.67,52.3,False
3157,600360,华微电子,10.99,3.78,5.33,44.78,10.755067262235,0.2487644,61.34077805,-2845.0,3529.0,84.8,2026-09-17,2.18,52.0,False
3158,600361,创新新材,3.52,0.86,0.43,16.59,3.498617433165,0.2348388,65.54950395,-1265.0,2126.0,74.8,2026-09-17,0.61,49.0,False
3159,600362,江西铜业,43.9,1.48,1.23,8.81,43.281572741755,0.387208,68.14428318,-925.0,1313.0,87.6,2026-09-17,1.43,59.7,False
3160,600363,联创光电,15.68,3.02,3.47,21.21,15.242824238289,0.2233792,59.17642809,-1841.0,4115.0,90.0,2026-09-17,2.87,53.3,False
3161,600365,ST通葡,2.82,1.08,0.11,-21.0,2.747615298615,0.2877156,65.36684126,1966.0,2189.0,65.2,2026-09-17,2.63,42.6,False
3162,600366,宁波韵升,11.16,1.36,0.91,22.37,11.066710421444,0.2250088,62.59414171,-268.0,3128.0,74.8,2026-09-17,0.84,46.8,False
3163,600367,红星发展,36.25,0.03,5.55,73.41,36.890792806195,0.288234,62.92873187,-1981.0,3009.0,90.0,2026-09-17,-1.74,56.6,False
3164,600368,五洲交通,4.13,0.0,0.47,10.59,4.107519927891,0.3633452,62.29547029,279.0,3227.0,76.8,2026-09-17,0.55,47.8,False
3165,600369,西南证券,3.94,0.25,0.14,21.65,3.93937596352,0.3123824,59.95752137,-3.0,3939.0,76.4,2026-09-17,0.02,45.8,False
3166,600370,*ST三房,1.48,0.68,0.14,603.75,1.47014911443,0.456062,55.43928069,303.0,4815.0,67.2,2026-09-17,0.67,37.3,False
3167,600371,万向德农,16.61,6.2,22.22,176.06,14.373640636569,0.3267268,67.51356243,1039.0,1486.0,87.6,2026-09-17,15.56,59.1,False
3168,600372,中航机载,11.46,0.35,0.17,45.69,11.399356194206,0.322846,66.10218177,1282.0,1945.0,83.6,2026-09-17,0.53,55.3,True
3169,600373,中文传媒,7.44,0.54,0.43,17.37,7.365949908978,0.1406164,60.90577688,710.0,3652.0,76.8,2026-09-17,1.01,46.8,False
3170,600375,汉马科技,3.68,-0.81,0.5,88.81,3.669324886684,0.2611712,66.40452602,837.0,1844.0,72.8,2026-09-17,0.29,48.3,False
3171,600376,首开股份,3.11,0.32,0.55,-2.18,3.088991643251,0.233616,56.44112117,101.0,4668.0,77.2,2026-09-17,0.68,43.6,False
3172,600377,宁沪高速,12.74,-0.39,0.1,12.82,12.817372200361,0.1879124,73.70969345,768.0,319.0,79.6,2026-09-17,-0.6,58.7,False
3173,600378,昊华科技,47.91,1.53,2.42,34.3,47.896028091592,0.3533276,69.37763669,-881.0,1022.0,91.2,2026-09-17,0.03,63.3,False
3174,600379,宝光股份,14.47,2.62,1.91,61.74,14.079241401862,0.157606,67.21439891,2384.0,1586.0,71.6,2026-09-17,2.78,48.1,False
3175,600380,健康元,9.19,0.33,0.31,12.98,9.167364156405,0.2238712,64.24399759,-1083.0,2551.0,77.2,2026-09-17,0.25,49.6,False
3176,600381,*ST春天,3.87,2.11,0.21,-31.47,3.791968718466,0.1781336,53.08871875,-1010.0,5054.0,70.4,2026-09-17,2.06,37.4,False
3177,600382,广东明珠,6.21,0.81,0.75,19.6,6.189424893228,0.2095528,63.6597967,-99.0,2760.0,69.2,2026-09-17,0.33,44.1,False
3178,600383,金地集团,2.15,0.0,0.48,-1.76,2.138840278959,0.44059,61.80664353,499.0,3388.0,78.0,2026-09-17,0.52,48.2,False
3179,600386,北巴传媒,3.53,-0.28,0.45,-55.55,3.49936257615,0.1848112,72.38514188,2410.0,454.0,66.8,2026-09-17,0.88,48.4,False
3180,600388,紫金龙净,17.46,-0.11,0.15,22.14,17.509437498385,0.2202656,70.78206176,153.0,732.0,74.8,2026-09-17,-0.28,52.9,False
3181,600389,江山股份,18.73,2.86,1.27,11.55,18.189255947892,0.2743136,62.95070306,-1269.0,2998.0,76.8,2026-09-17,2.97,48.3,False
3182,600390,五矿资本,4.84,0.21,0.17,10.12,4.846277767377,0.2956032,62.86540632,-2170.0,3037.0,82.4,2026-09-17,-0.13,51.8,False
3183,600391,航发科技,41.2,-0.07,1.57,1124.81,41.389919662872,0.2075236,56.1820957,-193.0,4716.0,87.2,2026-09-17,-0.46,49.0,False
3184,600392,盛和资源,21.38,0.28,0.71,21.13,21.566610402864,0.2974248,63.38007526,-2118.0,2862.0,78.4,2026-09-17,-0.87,49.7,False
3185,600395,盘江股份,5.0,-1.19,0.8,84.64,5.082578131127,0.225044,66.28598787,-171.0,1883.0,77.2,2026-09-17,-1.62,51.2,False
3186,600396,华电辽能,13.62,3.89,6.7,95.44,13.149712461871,0.2373564,53.53614226,-524.0,5017.0,84.4,2026-09-17,3.58,45.2,False
3187,600397,江钨装备,16.94,1.44,2.43,6944.9,16.97000772846,0.2838128,53.8528782,-459.0,4994.0,85.2,2026-09-17,-0.18,45.9,False
3188,600398,海澜之家,5.74,-0.35,0.3,9.26,5.807186504599,0.2227052,70.21222427,-256.0,849.0,80.0,2026-09-17,-1.16,56.2,False
3189,600399,抚顺特钢,4.45,0.91,0.66,-17.38,4.427895977388,0.218888,59.73363113,88.0,3992.0,74.0,2026-09-17,0.5,44.2,False
3190,600400,红豆股份,3.48,4.5,3.24,-42.24,3.27113348119,0.3917648,66.6219194,1693.0,1780.0,79.2,2026-09-17,6.39,52.8,False
3191,600403,大有能源,6.8,-2.86,2.29,-12.64,6.796457921023,0.2629628,61.26034758,1363.0,3556.0,85.2,2026-09-17,0.05,52.2,False
3192,600405,动力源,4.99,0.4,0.57,-28.27,4.975902519055,0.229644727273,61.28423132,-824.0,3550.0,76.0,2026-09-17,0.28,46.6,False
3193,600406,国电南瑞,22.03,0.36,0.13,28.79,21.959506811482,0.2903984,67.84058587,-64.0,1401.0,85.2,2026-09-17,0.32,57.8,False
3194,600408,安泰集团,3.05,-0.97,1.83,-20.71,3.039760245425,0.2325512,69.6478854,2360.0,965.0,79.2,2026-09-17,0.34,55.2,False
3195,600409,三友化工,6.31,0.16,0.24,38.8,6.321269431515,0.239646,63.91365034,136.0,2672.0,78.8,2026-09-17,-0.18,50.4,False
3196,600410,华胜天成,15.8,-2.95,7.79,-35.35,16.179749877365,0.2822956,72.15713959,1912.0,484.0,92.8,2026-09-17,-2.35,67.0,False
3197,600415,小商品城,11.86,2.07,0.45,16.43,11.570292868162,0.3145204,73.88426169,781.0,302.0,83.2,2026-09-17,2.5,61.5,False
3198,600416,湘电股份,8.52,1.31,0.43,553.14,8.413313785628,0.2237732,52.62655778,19.0,5084.0,75.2,2026-09-17,1.27,39.6,False
3199,600418,江淮汽车,18.94,-2.27,1.91,-28.5,19.292611935757,0.3540924,67.24919796,1236.0,1569.0,85.2,2026-09-17,-1.83,57.3,False
3200,600419,天润乳业,8.58,0.47,0.47,24.95,8.480081528558,0.1377016,62.29343405,1316.0,3230.0,71.2,2026-09-17,1.18,44.4,False
3201,600420,国药现代,8.24,0.24,0.18,20.05,8.254014132953,0.1884364,65.3724257,308.0,2186.0,73.6,2026-09-17,-0.17,48.1,False
3202,600422,昆药集团,8.14,0.37,0.2,-8.47,8.108778641712,0.0941456,52.45496297,-211.0,5098.0,70.8,2026-09-17,0.39,37.1,False
3203,600423,*ST柳化,2.75,0.0,0.1,77.43,2.717812593575,0.3147684,60.97140353,618.0,3634.0,64.8,2026-09-17,1.18,39.5,False
3204,600425,青松建化,3.58,-0.56,0.28,23.11,3.593907727942,0.1886328,66.49681146,-1056.0,1814.0,78.4,2026-09-17,-0.39,52.1,False
3205,600426,华鲁恒升,19.54,0.62,0.44,11.42,19.40128327394,0.2796836,70.59320009,-165.0,776.0,85.6,2026-09-17,0.71,60.4,False
3206,600428,中远海特,11.18,0.72,0.62,11.19,11.054435297331,0.2195088,70.47365859,304.0,795.0,72.8,2026-09-17,1.14,51.3,False
3207,600429,三元股份,4.62,1.32,0.27,18.7,4.541783520927,0.2185932,62.789124,413.0,3069.0,71.6,2026-09-17,1.72,45.0,False
3208,600433,冠豪高新,3.3,0.61,0.68,13.58,3.24395151153,0.320062,61.73768102,-142.0,3401.0,69.6,2026-09-17,1.73,43.0,False
3209,600435,北方导航,11.38,2.15,0.58,-180.35,11.218747336809,0.1508688,60.71657868,-289.0,3710.0,85.2,2026-09-17,1.44,51.7,False
3210,600436,片仔癀,118.36,0.44,0.12,32.67,117.659351027051,0.3119724,68.65155744,1648.0,1195.0,75.2,2026-09-17,0.6,51.6,False
3211,600438,通威股份,11.14,0.45,0.24,-4.9,11.107760427385,0.2533544,58.08497084,-942.0,4353.0,81.2,2026-09-17,0.29,47.2,False
3212,600439,ST瑞贝卡,1.89,1.61,0.41,237.87,1.855685504814,0.354038039216,58.3261634,-19.0,4298.0,69.2,2026-09-17,1.85,40.4,False
3213,600444,国机通用,14.05,0.79,0.67,31.38,13.793617435022,0.1475212,68.04475272,2281.0,1348.0,70.4,2026-09-17,1.86,47.9,False
3214,600446,金证股份,10.48,0.77,0.53,391.54,10.419199897361,0.1858492,59.86573524,-43.0,3956.0,75.6,2026-09-17,0.58,45.3,False
3215,600448,华纺股份,3.54,9.94,7.08,-25.33,3.162707709474,0.4675316,68.30514234,2414.0,1277.0,70.4,2026-09-17,11.93,48.1,False
3216,600449,宁夏建材,13.17,3.21,2.11,54.47,12.676963865198,0.3116316,72.28141806,1629.0,463.0,72.8,2026-09-17,3.89,52.6,False
3217,600452,涪陵电力,9.11,1.79,1.57,33.86,9.002770184949,0.2819696,63.47399211,-1046.0,2820.0,78.0,2026-09-17,1.19,49.5,False
3218,600455,博通股份,23.55,1.25,0.89,21.83,22.858484419264,0.1102324,68.5226681,705.0,1220.0,68.4,2026-09-17,3.03,46.9,False
3219,600456,宝钛股份,25.28,1.12,0.36,41.46,25.182835085861,0.1763848,56.47267532,-246.0,4664.0,77.2,2026-09-17,0.39,43.6,False
3220,600458,时代新材,11.35,0.18,0.86,15.62,11.407816414417,0.2759556,64.47979761,-1521.0,2469.0,74.4,2026-09-17,-0.51,48.0,False
3221,600459,贵研铂业,19.16,1.27,0.75,22.56,19.081595273486,0.2125864,58.92402808,-2415.0,4178.0,78.4,2026-09-17,0.41,46.2,False
3222,600460,士兰微,32.7,2.22,3.63,52.74,32.078409108866,0.3918844,69.89081105,-54.0,911.0,91.2,2026-09-17,1.94,63.7,False
3223,600461,洪城环境,8.94,0.34,0.34,10.11,8.93776574265,0.1681084,69.55553408,1200.0,978.0,70.8,2026-09-17,0.02,49.2,False
3224,600463,空港股份,7.97,0.63,0.6,-35.86,7.803680022281,0.065878,64.09781399,-25.0,2604.0,67.2,2026-09-17,2.13,43.1,False
3225,600467,好当家,2.41,-0.82,1.42,58.72,2.407697538922,0.2512368,65.81027796,-576.0,2051.0,76.4,2026-09-17,0.1,50.3,False
3226,600468,百利电气,6.42,3.05,2.4,83.72,6.231033503022,0.1879864,61.96951132,-303.0,3334.0,89.2,2026-09-17,3.03,55.3,False
3227,600469,风神股份,4.98,0.4,0.32,20.84,4.926315890702,0.2162676,69.29157999,1436.0,1045.0,68.8,2026-09-17,1.09,47.7,False
3228,600470,六国化工,5.67,0.18,1.37,-8.66,5.629270932785,0.2293088,61.62139586,1110.0,3444.0,78.4,2026-09-17,0.72,48.3,False
3229,600475,华光环能,14.83,0.75,0.25,25.01,14.717429172176,0.2230292,64.04618517,152.0,2617.0,73.2,2026-09-17,0.76,46.9,False
3230,600476,*ST湘邮,10.26,0.1,0.57,238.46,10.150409192362,0.2360172,67.71712796,2248.0,1432.0,70.0,2026-09-17,1.08,47.4,False
3231,600477,杭萧钢构,2.42,0.41,0.47,34.95,2.395704321342,0.2251912,63.0895427,330.0,2948.0,73.2,2026-09-17,1.01,46.2,False
3232,600478,科力远,4.62,-0.22,0.47,69.25,4.647818491959,0.169762,60.74924666,-560.0,3694.0,74.8,2026-09-17,-0.6,45.4,False
3233,600479,千金药业,11.59,0.96,7.36,15.77,11.58137330676,0.2381424,66.18495384,2398.0,1915.0,81.6,2026-09-17,0.07,54.0,False
3234,600480,凌云股份,7.66,0.92,0.65,15.39,7.643818717295,0.1993348,63.23154045,639.0,2914.0,73.6,2026-09-17,0.21,46.5,False
3235,600481,双良节能,4.1,0.74,0.59,-5.53,4.082523478021,0.2292304,57.80711256,264.0,4407.0,74.0,2026-09-17,0.43,42.8,False
3236,600482,中国动力,33.77,3.59,0.37,29.19,32.369984213466,0.274536,71.90095485,862.0,521.0,80.8,2026-09-17,4.33,58.1,False
3237,600483,福能股份,11.0,0.55,0.17,11.51,10.974861837896,0.2057836,70.10547222,-192.0,872.0,78.8,2026-09-17,0.23,55.2,False
3238,600486,扬农化工,52.61,0.75,0.23,13.46,52.461381954837,0.2318892,64.33743337,-1312.0,2522.0,78.4,2026-09-17,0.28,50.4,False
3239,600487,亨通光电,68.05,-0.64,5.68,26.9,67.962032971644,0.4879084,78.48357367,147.0,57.0,93.2,2026-09-17,0.13,73.1,False
3240,600488,津药药业,6.04,0.83,8.3,76.38,6.066133955399,0.2491704,69.38609907,887.0,1020.0,88.0,2026-09-17,-0.43,61.1,False
3241,600489,中金黄金,23.84,-0.25,0.91,13.26,23.929720022027,0.4287056,72.53324988,-395.0,433.0,88.4,2026-09-17,-0.37,64.1,False
3242,600490,鹏欣资源,7.13,0.28,0.75,35.12,7.144090583915,0.2861844,64.16353005,-1598.0,2581.0,78.8,2026-09-17,-0.2,50.6,False
3243,600491,ST龙元,1.72,0.58,2.01,-1.63,1.708098194528,0.351934642857,57.82297347,-58.0,4404.0,76.8,2026-09-17,0.7,44.4,False
3244,600493,凤竹纺织,6.36,2.42,2.18,668.85,6.074614366396,0.0875288,65.77243245,1659.0,2058.0,67.2,2026-09-17,4.7,44.2,False
3245,600495,晋西车轴,4.05,0.5,0.25,123.72,4.027737056817,0.1472228,60.91308945,53.0,3650.0,71.6,2026-09-17,0.55,43.6,False
3246,600496,精工钢构,3.33,2.15,1.06,9.01,3.259691207352,0.3210444,68.56005164,-411.0,1210.0,75.2,2026-09-17,2.16,51.6,False
3247,600497,驰宏锌锗,9.52,1.17,0.73,15.09,9.491876862505,0.3317356,64.11764506,-1581.0,2599.0,76.8,2026-09-17,0.3,49.2,False
3248,600498,烽火通信,43.34,-0.18,5.69,152.65,43.496485057916,0.3903856,72.27353353,309.0,464.0,94.8,2026-09-17,-0.36,68.5,False
3249,600499,科达制造,13.43,-0.3,0.33,10.03,13.483021006128,0.2492388,70.66003549,-560.0,761.0,76.4,2026-09-17,-0.39,54.0,False
3250,600500,中化国际,5.82,-0.17,1.46,-37.16,5.931233407838,0.30619,58.48676127,-1917.0,4265.0,90.8,2026-09-17,-1.88,53.1,False
3251,600501,航天晨光,14.99,2.25,0.66,-80.97,14.646417801219,0.107274,58.45661331,-748.0,4268.0,76.8,2026-09-17,2.35,44.9,False
3252,600502,安徽建工,4.27,0.23,0.66,6.49,4.26677724734,0.3052668,70.32073343,151.0,822.0,75.6,2026-09-17,0.08,53.2,False
3253,600503,华丽家族,2.16,-0.46,0.81,-108.91,2.144732301069,0.1978244,62.50160397,-605.0,3165.0,73.2,2026-09-17,0.71,45.8,False
3254,600505,西昌电力,10.71,0.75,1.96,297.14,10.598105710551,0.1983692,58.55807336,-2411.0,4252.0,80.4,2026-09-17,1.06,47.1,False
3255,600506,统一股份,17.07,3.45,4.19,30.72,16.418057466848,0.2049784,63.96085346,-2091.0,2658.0,85.2,2026-09-17,3.97,54.5,False
3256,600507,方大特钢,4.09,0.25,0.32,22.7,4.100558006101,0.2915704,67.6152608,1490.0,1460.0,75.2,2026-09-17,-0.26,50.8,False
3257,600508,上海能源,10.51,0.57,0.88,18.76,10.504225691061,0.1406864,59.04081452,508.0,4149.0,81.6,2026-09-17,0.05,48.2,False
3258,600509,天富能源,7.23,0.42,0.58,16.49,7.263527027883,0.2659476,59.26092518,-2087.0,4098.0,74.4,2026-09-17,-0.46,44.1,False
3259,600510,黑牡丹,6.38,0.0,0.13,-36.82,6.374304277024,0.1960504,57.8197146,-1295.0,4406.0,70.0,2026-09-17,0.09,40.5,False
3260,600511,国药股份,26.08,0.15,0.2,11.18,26.091647976645,0.2230244,70.28941049,38.0,832.0,78.0,2026-09-17,-0.04,54.8,False
3261,600512,腾达建设,2.07,0.0,0.68,19.27,2.056972183037,0.3419456,65.92450683,-29.0,2011.0,69.6,2026-09-17,0.63,45.9,False
3262,600513,联环药业,14.84,0.34,1.55,201.3,14.753005075786,0.1827916,55.77398486,177.0,4768.0,70.0,2026-09-17,0.59,39.0,False
3263,600515,海南机场,2.71,0.0,0.25,130.36,2.702821900604,0.350366,65.23231005,391.0,2240.0,77.2,2026-09-17,0.27,50.4,False
3264,600516,方大炭素,5.47,-0.73,1.49,64.41,5.479375523869,0.3537532,68.57692053,2630.0,1204.0,76.8,2026-09-17,-0.17,52.7,False
3265,600517,XD国网英,4.94,0.61,0.13,11.77,4.912521428251,0.2420704,69.83398856,27.0,923.0,76.0,2026-09-17,0.56,53.1,False
3266,600518,康美药业,1.34,0.0,0.44,257.12,1.337422874189,0.5684044,64.94685943,247.0,2320.0,80.8,2026-09-17,0.19,52.5,False
3267,600519,贵州茅台,1259.35,-0.6,0.07,17.68,1263.16711068259,0.4555072,74.22320642,114.0,273.0,94.8,2026-09-17,-0.3,70.4,False
3268,600520,三佳科技,26.23,6.11,5.18,361.26,24.732768145325,0.20097,57.00832844,-1146.0,4571.0,78.4,2026-09-17,6.05,44.7,False
3269,600521,华海药业,16.18,-1.04,0.73,15.71,16.404279306784,0.2364788,67.57200008,-453.0,1473.0,79.6,2026-09-17,-1.37,53.8,False
3270,600522,中天科技,35.54,-2.34,5.35,25.4,35.990926562213,0.4355664,81.39575041,53.0,16.0,94.4,2026-09-17,-1.25,76.8,False
3271,600523,贵航股份,11.91,0.0,0.28,23.32,11.854998105017,0.17952,67.9059121,1669.0,1383.0,70.0,2026-09-17,0.46,47.5,False
3272,600525,长园集团,4.85,2.32,0.58,87.05,4.740260048843,0.274995490196,52.05702596,-37.0,5117.0,73.2,2026-09-17,2.32,38.1,False
3273,600526,菲达环保,4.59,0.44,0.25,13.95,4.53495653677,0.168678,67.56803909,1522.0,1474.0,75.6,2026-09-17,1.21,51.1,False
3274,600527,江南高纤,2.21,0.45,0.77,102.21,2.188365887181,0.3376668,66.20906004,408.0,1906.0,70.4,2026-09-17,0.99,46.6,False
3275,600528,中铁工业,6.82,0.29,0.08,12.33,6.821523089856,0.1586792,67.96336977,1158.0,1370.0,74.8,2026-09-17,-0.02,50.8,False
3276,600529,山东药玻,18.34,0.16,0.22,16.41,18.329824578524,0.1880332,67.04967174,231.0,1644.0,75.2,2026-09-17,0.06,50.4,False
3277,600530,ST交昂,3.74,0.27,0.18,-103.71,3.708245350052,0.158587647059,49.21096573,-2.0,5179.0,64.8,2026-09-17,0.86,31.9,False
3278,600531,豫光金铅,12.13,1.25,1.18,13.46,12.048199842105,0.2276296,63.42714868,-1920.0,2846.0,76.4,2026-09-17,0.68,48.5,False
3279,600533,栖霞建设,2.16,-2.26,0.67,-1.81,2.18588330207,0.1270356,58.00282147,466.0,4369.0,68.8,2026-09-17,-1.18,39.9,False
3280,600535,天士力,13.9,-0.29,0.34,11.63,13.917513544022,0.1813192,69.84895651,212.0,920.0,76.0,2026-09-17,-0.13,53.1,False
3281,600536,中国软件,31.43,1.16,0.87,-1183.24,31.333512132059,0.2721448,60.8256091,-120.0,3671.0,86.4,2026-09-17,0.31,52.6,False
3282,600537,*ST亿晶,2.1,0.96,0.66,-9.38,2.084075330381,0.3550908,57.9792724,262.0,4372.0,73.2,2026-09-17,0.76,42.4,False
3283,600538,国发股份,4.91,-0.2,0.47,-113.64,4.893813752351,0.1755288,52.07522081,-244.0,5116.0,66.0,2026-09-17,0.33,34.4,False
3284,600539,狮头股份,13.29,0.15,1.23,2303.49,13.208809283552,0.2026768,61.10731111,1093.0,3599.0,70.4,2026-09-17,0.61,43.0,False
3285,600540,新赛股份,5.47,0.37,10.14,12.71,5.414255033801,0.2533096,68.12514338,2583.0,1319.0,82.8,2026-09-17,1.03,56.4,False
3286,600543,*ST莫高,4.1,0.49,0.13,-23.04,4.042024122417,0.2035312,59.62685108,243.0,4010.0,69.2,2026-09-17,1.43,41.3,False
3287,600545,卓郎智能,4.53,-0.88,3.83,-52.83,4.562570298489,0.262968,57.30884007,-2595.0,4516.0,89.6,2026-09-17,-0.71,51.3,False
3288,600546,山煤国际,13.37,1.52,0.63,13.13,13.090883682877,0.2711508,68.13035472,-629.0,1316.0,81.6,2026-09-17,2.13,55.6,False
3289,600547,山东黄金,32.58,-0.85,1.37,21.19,33.065388880084,0.3836244,71.28960671,-549.0,635.0,90.0,2026-09-17,-1.47,64.2,False
3290,600548,深高速,8.14,-0.37,0.07,11.24,8.152166849538,0.18847,61.71138445,-1121.0,3411.0,68.8,2026-09-17,-0.15,42.5,False
3291,600549,厦门钨业,50.09,0.74,0.92,18.07,50.240373145017,0.346928,68.6622643,-438.0,1192.0,90.8,2026-09-17,-0.3,62.3,False
3292,600550,保变电气,10.81,1.5,0.57,74.47,10.656883030767,0.1971296,62.41376183,-136.0,3187.0,79.6,2026-09-17,1.44,49.7,False
3293,600551,时代出版,7.6,0.53,1.2,12.77,7.544434874303,0.2195444,67.38398081,1817.0,1526.0,75.2,2026-09-17,0.74,50.7,False
3294,600552,凯盛科技,17.6,0.06,3.04,131.52,17.806632347435,0.29573,65.99824376,-1410.0,1984.0,77.2,2026-09-17,-1.16,51.0,False
3295,600556,天下秀,4.67,-0.64,0.75,-61.67,4.672619571528,0.2275712,69.00102718,1395.0,1123.0,78.4,2026-09-17,-0.06,54.1,False
3296,600557,康缘药业,12.14,0.5,0.31,23.35,12.066775802444,0.101044,61.29178329,-1087.0,3546.0,69.6,2026-09-17,0.61,42.7,False
3297,600558,大西洋,4.78,1.92,0.73,19.98,4.678554240336,0.2694996,68.06725205,-819.0,1338.0,70.8,2026-09-17,2.17,48.2,False
3298,600559,老白干酒,11.02,0.27,0.31,19.27,10.987910938871,0.136586,60.14340797,109.0,3884.0,80.4,2026-09-17,0.29,48.4,False
3299,600560,金自天正,11.03,0.18,0.52,69.43,10.910488552015,0.062814,59.78235547,85.0,3978.0,70.0,2026-09-17,1.1,41.8,False
3300,600561,江西长运,5.78,0.52,0.71,139.84,5.669893682919,0.0482464,60.49645823,489.0,3780.0,66.4,2026-09-17,1.94,40.2,False
3301,600562,国睿科技,27.66,0.47,0.16,58.62,27.662823031798,0.1785272,70.101882,-18.0,873.0,78.8,2026-09-17,-0.01,55.2,False
3302,600563,法拉电子,123.57,0.79,0.59,23.88,123.787528567686,0.332054,65.88316127,-1379.0,2029.0,74.8,2026-09-17,-0.18,49.3,False
3303,600566,济川药业,25.04,-0.44,0.13,14.71,25.300007182642,0.1201124,64.03690536,-1797.0,2623.0,79.2,2026-09-17,-1.03,50.7,False
3304,600567,山鹰国际,1.34,2.29,0.66,-6.1,1.310518102541,0.524966,56.47437783,-32.0,4662.0,72.8,2026-09-17,2.25,41.1,False
3305,600568,ST中珠,2.41,0.0,0.29,-56.85,2.399009169697,0.2737468,59.44524834,587.0,4055.0,65.6,2026-09-17,0.46,39.0,False
3306,600569,安阳钢铁,1.79,0.0,0.3,-2.18,1.778599848436,0.329408,58.03496286,65.0,4356.0,72.4,2026-09-17,0.64,42.0,False
3307,600570,恒生电子,20.09,0.6,0.32,72.97,20.011468428428,0.2849744,66.464167,169.0,1822.0,83.2,2026-09-17,0.39,55.3,False
3308,600571,信雅达,10.41,0.19,0.6,-31.29,10.378009381743,0.168564,65.2618258,-895.0,2224.0,78.0,2026-09-17,0.31,50.9,False
3309,600572,康恩贝,4.26,0.71,0.69,14.31,4.244486326572,0.2692388,66.50733867,-881.0,1809.0,74.0,2026-09-17,0.37,49.2,False
3310,600573,惠泉啤酒,9.79,1.45,0.66,25.09,9.627119581295,0.0860012,62.91582049,-7.0,3014.0,68.4,2026-09-17,1.69,43.0,False
3311,600575,淮河能源,3.25,0.62,0.62,21.97,3.231903986197,0.3727004,64.86158176,-1455.0,2349.0,74.4,2026-09-17,0.56,48.3,False
3312,600576,祥源文旅,5.43,0.37,0.48,61.62,5.393558675944,0.223794,60.31181459,213.0,3825.0,70.8,2026-09-17,0.68,42.7,False
3313,600577,精达股份,8.24,3.91,2.07,28.31,7.985424287882,0.2480004,65.02114026,-1765.0,2305.0,85.6,2026-09-17,3.19,55.7,False
3314,600578,京能电力,5.36,1.13,0.47,9.02,5.32354929781,0.2909928,62.50986562,-151.0,3162.0,80.4,2026-09-17,0.68,50.3,False
3315,600579,中化装备,7.16,1.13,0.94,-26.94,7.047798298798,0.185428,57.29943415,18.0,4518.0,74.0,2026-09-17,1.59,42.4,False
3316,600580,卧龙电驱,27.08,-0.04,0.84,60.15,26.960317557599,0.3010248,63.74838546,1803.0,2730.0,79.6,2026-09-17,0.44,50.7,False
3317,600581,*ST八钢,2.4,-0.83,0.26,-5.38,2.391525959263,0.2304044,68.61131207,688.0,1199.0,74.4,2026-09-17,0.35,51.0,False
3318,600582,天地科技,4.93,-0.4,0.22,13.89,4.953266693296,0.1773628,64.43078515,94.0,2492.0,80.4,2026-09-17,-0.47,51.8,False
3319,600583,海油工程,6.08,0.0,0.33,12.32,6.048924937237,0.24557,72.40224151,9.0,452.0,82.0,2026-09-17,0.51,59.4,False
3320,600584,长电科技,71.23,5.14,4.85,75.45,68.611644313792,0.3443916,61.49301544,-2589.0,3477.0,81.2,2026-09-17,3.82,49.9,False
3321,600585,海螺水泥,16.9,-0.24,0.13,17.65,16.871410651332,0.3014588,66.87547803,358.0,1703.0,83.6,2026-09-17,0.17,55.9,False
3322,600586,金晶科技,4.07,0.0,0.4,-9.2,4.090145889203,0.2337436,59.91954175,316.0,3945.0,75.6,2026-09-17,-0.49,45.3,False
3323,600587,新华医疗,12.2,0.74,0.41,12.97,12.143360600494,0.1583848,62.69993278,-1184.0,3098.0,74.0,2026-09-17,0.47,46.4,False
3324,600588,用友网络,9.4,0.53,0.54,-17.3,9.358792971937,0.2617472,57.14900683,-117.0,4542.0,80.0,2026-09-17,0.44,45.7,False
3325,600589,大位科技,7.78,0.78,1.72,-82.64,7.768626074267,0.2834824,51.87920487,-323.0,5126.0,84.4,2026-09-17,0.15,43.8,False
3326,600590,泰豪科技,8.53,0.59,2.14,41.31,8.630038481028,0.2112608,67.25095467,1324.0,1568.0,76.4,2026-09-17,-1.16,51.4,False
3327,600592,龙溪股份,14.76,0.68,0.67,55.5,14.599114383641,0.1470148,69.98576122,2244.0,892.0,72.8,2026-09-17,1.1,50.9,False
3328,600593,大连圣亚,45.16,4.27,8.95,181.66,41.897084866915,0.4097308,74.50178893,3057.0,244.0,74.8,2026-09-17,7.79,55.7,False
3329,600594,益佰制药,3.58,1.13,1.65,-17.48,3.529999930753,0.2294744,52.98890034,126.0,5064.0,76.8,2026-09-17,1.42,40.7,False
3330,600595,中孚实业,6.11,2.17,1.35,6.51,6.005576201986,0.3262672,69.91460615,38.0,904.0,78.4,2026-09-17,1.74,54.8,False
3331,600596,新安股份,11.99,0.93,2.28,31.83,12.052908315201,0.2815864,63.8676852,-669.0,2686.0,89.6,2026-09-17,-0.52,57.2,False
3332,600597,光明乳业,6.75,0.15,0.21,18.57,6.725101318251,0.1363968,62.28242979,257.0,3236.0,78.4,2026-09-17,0.37,48.8,False
3333,600598,北大荒,12.73,1.27,0.99,-21.09,12.579465518476,0.2991196,62.26000337,-177.0,3249.0,86.8,2026-09-17,1.2,54.0,False
3334,600600,青岛啤酒,50.19,0.16,0.14,8.73,50.145211887041,0.3045392,67.39358927,143.0,1522.0,85.2,2026-09-17,0.09,57.4,False
3335,600601,方正科技,14.42,-1.3,2.81,53.72,14.768931423294,0.3591268,68.53695895,-1084.0,1214.0,92.4,2026-09-17,-2.36,63.3,False
3336,600602,云赛智联,17.0,0.71,0.61,114.12,16.926991414192,0.2614656,66.20774534,-768.0,1907.0,78.0,2026-09-17,0.43,51.6,False
3337,600603,广汇物流,4.9,-0.41,0.3,220.82,4.862150937722,0.2055444,60.40411887,-964.0,3800.0,71.2,2026-09-17,0.78,43.0,False
3338,600604,市北高新,4.53,0.44,0.34,-59.66,4.476226656376,0.3216868,66.98998286,2000.0,1677.0,81.2,2026-09-17,1.2,54.4,False
3339,600605,汇通能源,26.62,0.26,0.62,106.48,26.549226976625,0.309048,69.43914245,282.0,1008.0,70.0,2026-09-17,0.27,48.6,False
3340,600606,绿地控股,1.35,2.27,0.67,-31.44,1.301947325803,0.5734584,65.6432123,1186.0,2103.0,78.8,2026-09-17,3.69,51.7,False
3341,600609,金杯汽车,3.62,1.12,6.4,25.41,3.442031100023,0.4021824,80.08972263,1680.0,26.0,75.2,2026-09-17,5.17,60.2,False
3342,600610,中毅达,7.54,-0.13,1.44,116.29,7.473815533069,0.2353604,64.06608924,1360.0,2614.0,84.4,2026-09-17,0.89,54.1,False
3343,600611,大众交通,4.5,0.67,1.43,-31.6,4.473144728312,0.2930836,59.38866107,1026.0,4071.0,83.6,2026-09-17,0.6,49.6,False
3344,600612,老凤祥,31.52,0.54,0.17,11.52,31.494186081485,0.0977168,65.43001697,-718.0,2159.0,73.6,2026-09-17,0.08,48.2,False
3345,600613,神奇制药,8.44,-1.17,14.87,102.61,8.635825227858,0.2143716,65.08058364,2614.0,2288.0,82.8,2026-09-17,-2.27,53.9,False
3346,600615,鑫源智造,9.37,0.86,0.26,-121.88,9.209784515159,0.06022,62.52848591,-53.0,3153.0,65.2,2026-09-17,1.74,40.8,False
3347,600616,金枫酒业,5.08,8.78,6.45,-294.91,4.697903851569,0.2722756,64.97126926,-1992.0,2315.0,84.4,2026-09-17,8.13,54.8,False
3348,600617,国新能源,3.29,0.61,0.93,29.4,3.223760120408,0.2175188,65.99598084,380.0,1985.0,75.6,2026-09-17,2.05,49.9,False
3349,600618,氯碱化工,9.84,0.82,0.27,15.25,9.766326030392,0.1655516,67.92167533,450.0,1381.0,73.2,2026-09-17,0.75,49.7,False
3350,600619,海立股份,13.2,1.46,0.72,43.28,13.006614126991,0.2068352,62.40308528,-394.0,3193.0,78.8,2026-09-17,1.49,49.2,False
3351,600620,天宸股份,4.32,-0.69,0.35,134.62,4.302105455059,0.077752,62.371564,-617.0,3202.0,66.8,2026-09-17,0.42,41.7,False
3352,600621,华鑫股份,13.37,4.29,1.87,17.63,12.800536403706,0.2214932,58.63579326,10.0,4227.0,77.6,2026-09-17,4.45,45.5,False
3353,600622,光大嘉宝,2.34,-2.09,0.74,-7.2,2.351650467467,0.191752,62.15999321,365.0,3279.0,74.8,2026-09-17,-0.5,46.5,False
3354,600623,华谊集团,8.52,0.71,0.2,18.41,8.454120612912,0.309314,73.46882569,-66.0,346.0,72.4,2026-09-17,0.78,53.2,False
3355,600624,ST复华,4.56,-0.22,0.16,-57.05,4.562363421784,0.3112892,60.58990197,967.0,3747.0,73.2,2026-09-17,-0.05,44.4,False
3356,600626,申达股份,3.69,-0.27,0.46,65.39,3.64993890495,0.2239948,68.54369045,325.0,1213.0,69.2,2026-09-17,1.1,47.4,False
3357,600628,新世界,6.38,2.08,0.91,43.54,6.203755319139,0.143258,68.23856655,985.0,1293.0,74.4,2026-09-17,2.84,50.8,False
3358,600629,华建集团,16.17,0.12,0.64,785.57,16.18641479569,0.2841896,56.7999306,-1377.0,4606.0,74.0,2026-09-17,-0.1,42.0,False
3359,600630,龙头股份,8.29,9.95,9.06,56.24,7.357275170314,0.3770812,70.07402167,2359.0,876.0,74.4,2026-09-17,12.68,52.1,False
3360,600633,浙数文化,10.14,0.5,0.37,21.33,10.101249027207,0.251296,60.72666874,-38.0,3703.0,76.4,2026-09-17,0.38,46.4,False
3361,600635,大众公用,4.55,0.66,0.39,26.91,4.510976572184,0.2005328,64.90092634,-649.0,2334.0,74.4,2026-09-17,0.87,48.3,False
3362,600637,东方明珠,8.5,0.83,0.43,33.83,8.408424349489,0.3114508,67.00430462,-666.0,1666.0,78.0,2026-09-17,1.09,52.3,False
3363,600638,新黄浦,4.8,0.63,0.46,7.63,4.73802369187,0.13244,65.71833375,248.0,2077.0,68.0,2026-09-17,1.31,44.7,False
3364,600639,浦东金桥,9.38,-0.42,0.11,42.88,9.391778015185,0.1898424,69.71952329,-73.0,949.0,71.2,2026-09-17,-0.13,49.6,False
3365,600640,国脉文化,12.06,10.04,2.75,302.59,10.898795714599,0.1800744,73.04226167,867.0,382.0,74.4,2026-09-17,10.65,54.3,False
3366,600641,先导基电,37.89,2.96,7.42,85.37,35.696520393953,0.4813452,68.07732475,478.0,1335.0,86.4,2026-09-17,6.14,58.8,False
3367,600642,申能股份,8.68,0.81,0.15,12.62,8.594160332079,0.2416932,74.65455472,632.0,237.0,79.6,2026-09-17,1.0,59.4,False
3368,600643,爱建集团,4.02,1.52,0.36,120.05,3.952463601758,0.212428,57.78920365,-601.0,4416.0,71.2,2026-09-17,1.71,41.1,False
3369,600644,乐山电力,9.87,0.61,5.55,413.71,9.729290839491,0.2829368,65.90425479,-1696.0,2018.0,92.8,2026-09-17,1.45,61.2,False
3370,600645,中源协和,18.21,0.89,1.0,69.79,18.052771100201,0.2129896,63.07040227,231.0,2956.0,72.8,2026-09-17,0.87,45.9,False
3371,600648,外高桥,9.36,-0.43,0.06,57.98,9.373209510336,0.1302048,70.79827945,225.0,727.0,70.0,2026-09-17,-0.14,49.6,False
3372,600649,城投控股,3.83,-0.78,0.29,-92.12,3.831300092057,0.3067072,66.62851369,-123.0,1776.0,75.2,2026-09-17,-0.03,50.1,False
3373,600650,锦江在线,10.34,1.08,0.31,49.69,10.172435323824,0.1591456,64.22450864,1495.0,2558.0,74.4,2026-09-17,1.65,47.8,False
3374,600651,飞乐音响,5.17,-0.39,0.25,3643.52,5.148590754375,0.2159628,60.14914542,843.0,3880.0,71.6,2026-09-17,0.42,43.1,False
3375,600653,申华控股,1.71,-1.16,0.83,-89.57,1.695884164715,0.4005852,71.91461525,683.0,517.0,73.2,2026-09-17,0.83,52.6,False
3376,600654,中安科,3.05,0.99,1.89,89.59,3.018198590977,0.250562,65.90748857,113.0,2014.0,83.2,2026-09-17,1.05,54.8,False
3377,600655,豫园股份,4.57,-0.22,0.12,55.04,4.550003692148,0.2319572,67.69253286,211.0,1443.0,76.4,2026-09-17,0.44,51.7,False
3378,600657,信达地产,2.83,-0.35,0.77,-3.06,2.815319598185,0.2559084,63.9730214,2092.0,2649.0,78.0,2026-09-17,0.52,49.9,False
3379,600658,电子城,4.06,0.5,0.39,-11.92,3.999294318744,0.2015484,60.65474241,-237.0,3732.0,70.0,2026-09-17,1.52,42.5,False
3380,600660,福耀玻璃,53.8,-0.52,0.22,17.68,54.198440715407,0.21263,72.89734117,4.0,395.0,88.8,2026-09-17,-0.74,64.7,False
3381,600661,昂立教育,8.53,-1.73,1.58,39.28,8.560132082506,0.1073036,74.57415398,1169.0,242.0,71.2,2026-09-17,-0.35,53.1,False
3382,600662,外服控股,4.22,0.72,0.17,12.1,4.174375253149,0.1580868,67.15335676,-614.0,1610.0,69.6,2026-09-17,1.09,46.7,False
3383,600663,陆家嘴,8.81,-0.79,0.1,20.02,8.853750615171,0.0946328,70.04391765,-496.0,882.0,71.2,2026-09-17,-0.49,49.9,False
3384,600664,哈药股份,7.48,0.81,11.93,22.96,7.443688851881,0.364684,66.21495999,-999.0,1903.0,82.8,2026-09-17,0.49,54.8,False
3385,600665,天地源,3.37,-1.75,0.46,-2.74,3.38078302232,0.1813712,54.56192616,-903.0,4931.0,64.0,2026-09-17,-0.32,34.9,False
3386,600666,奥瑞德,3.53,2.92,5.09,-609.34,3.4653434611,0.2677536,60.45472042,-589.0,3788.0,81.2,2026-09-17,1.87,49.1,False
3387,600667,太极实业,20.95,1.85,10.37,69.43,20.49035352168,0.3648764,69.24892146,-565.0,1055.0,90.4,2026-09-17,2.24,62.6,False
3388,600668,尖峰集团,7.18,0.98,0.43,-165.63,7.089530684085,0.1772612,59.66766104,36.0,4001.0,69.6,2026-09-17,1.28,41.5,False
3389,600671,天目药业,22.55,1.81,0.73,217.87,22.183604483273,0.2885004,61.30723475,-111.0,3540.0,65.2,2026-09-17,1.65,40.0,False
3390,600673,东阳光,31.72,-0.06,0.34,122.62,31.930432855997,0.3819028,68.97509894,-406.0,1127.0,73.6,2026-09-17,-0.66,50.8,False
3391,600674,川投能源,15.86,-0.38,0.22,16.59,15.849019721206,0.3062568,74.26385364,105.0,267.0,82.8,2026-09-17,0.07,61.5,False
3392,600675,中华企业,2.22,-0.45,0.21,-22.44,2.207840952394,0.2803692,65.42024394,705.0,2165.0,70.8,2026-09-17,0.55,46.3,False
3393,600676,久事动娱,6.74,1.35,0.24,156.54,6.629344988547,0.2325084,64.49775932,448.0,2460.0,68.4,2026-09-17,1.67,44.1,False
3394,600678,ST金顶,5.84,1.57,0.8,82.64,5.725192197051,0.2005432,65.56787815,1610.0,2121.0,74.0,2026-09-17,2.01,48.5,False
3395,600679,上海凤凰,10.32,3.41,1.7,71.49,9.944840838032,0.1431868,68.33221025,2217.0,1268.0,72.0,2026-09-17,3.77,49.2,False
3396,600681,百川能源,3.49,1.16,0.74,16.07,3.426732995332,0.2225288,61.67331922,-1918.0,3422.0,72.0,2026-09-17,1.85,44.4,False
3397,600682,南京新百,5.63,1.26,1.1,105.44,5.514425903896,0.2574608,61.31790422,101.0,3538.0,78.0,2026-09-17,2.1,47.8,False
3398,600683,京投发展,9.47,0.74,0.86,-11.2,9.443151668157,0.1977648,60.54533404,-138.0,3761.0,74.8,2026-09-17,0.28,45.3,False
3399,600684,珠江股份,3.46,-0.57,0.61,139.35,3.438080413661,0.1807032,74.45735703,893.0,251.0,73.6,2026-09-17,0.64,54.8,False
3400,600685,中船防务,28.98,1.68,1.03,24.48,28.250972182091,0.2701736,74.96610691,1641.0,222.0,86.8,2026-09-17,2.58,65.1,False
3401,600686,金龙汽车,10.77,-0.19,1.64,13.98,10.809293883872,0.2492496,73.5171183,1248.0,343.0,78.8,2026-09-17,-0.36,57.9,False
3402,600688,上海石化,2.79,0.72,0.31,48.95,2.767919004572,0.3285172,63.44677058,-859.0,2842.0,72.0,2026-09-17,0.8,45.7,False
3403,600689,上海三毛,12.27,2.16,1.1,95.75,11.874492719548,0.182336,71.47840865,1937.0,597.0,73.6,2026-09-17,3.33,52.6,False
3404,600690,海尔智家,21.03,1.59,0.18,9.48,20.711107875699,0.2661188,71.32266931,149.0,627.0,87.2,2026-09-17,1.54,62.2,False
3405,600691,潞化科技,2.89,-1.37,1.12,74.81,2.874926866347,0.2524492,57.20591521,162.0,4532.0,81.6,2026-09-17,0.52,46.7,False
3406,600692,亚通股份,6.36,0.32,0.93,58.92,6.250408052855,0.111576,70.37556704,1981.0,811.0,71.2,2026-09-17,1.75,50.1,False
3407,600693,东百集团,9.62,5.02,5.5,55.98,9.107876703099,0.230826,60.2082723,-1406.0,3853.0,85.6,2026-09-17,5.62,51.5,False
3408,600694,大商股份,14.49,1.61,0.58,7.13,14.26152318234,0.1767564,67.03154625,-132.0,1654.0,72.0,2026-09-17,1.6,48.3,False
3409,600697,欧亚集团,11.52,2.13,5.44,61.47,11.190706654857,0.1101536,60.53700994,-2649.0,3764.0,79.2,2026-09-17,2.94,47.9,False
3410,600698,湖南天雁,7.1,-0.84,2.63,1850.18,7.225505262507,0.247026,64.79764928,1495.0,2373.0,82.8,2026-09-17,-1.74,53.7,False
3411,600699,均胜电子,20.16,1.46,3.67,21.15,19.162923559195,0.4271188,75.14267319,2806.0,208.0,75.6,2026-09-17,5.2,56.8,False
3412,600702,舍得酒业,32.75,1.39,0.97,37.47,32.438585019522,0.2412396,53.01424331,-247.0,5060.0,80.4,2026-09-17,0.96,42.6,False
3413,600703,三安光电,12.91,0.55,0.95,-328.93,12.893376378212,0.3484664,58.56658208,-1505.0,4249.0,86.0,2026-09-17,0.13,50.4,False
3414,600704,物产中大,4.9,0.62,0.27,6.38,4.877166052534,0.3977816,71.73567293,-50.0,553.0,78.4,2026-09-17,0.47,56.2,False
3415,600706,曲江文旅,8.33,1.71,2.85,155.93,8.040687100032,0.1028108,56.20033502,177.0,4714.0,82.4,2026-09-17,3.6,46.3,False
3416,600707,彩虹股份,9.13,-1.19,2.21,163.87,9.370109866531,0.2963556,65.59449125,-1572.0,2114.0,85.6,2026-09-17,-2.56,56.1,False
3417,600708,光明地产,2.98,0.0,0.18,-7.29,2.977780959138,0.2481792,58.09554619,239.0,4349.0,65.6,2026-09-17,0.07,38.1,False
3418,600710,苏美达,11.57,3.3,0.51,10.9,11.132121559259,0.1497736,67.01148929,187.0,1660.0,78.4,2026-09-17,3.93,52.5,False
3419,600711,盛屯矿业,10.91,1.21,0.66,9.35,10.788925956411,0.3593816,67.45206884,-1135.0,1509.0,84.8,2026-09-17,1.12,57.2,False
3420,600712,南宁百货,5.49,8.5,8.01,1054.82,4.978393211333,0.2519584,60.56461396,872.0,3754.0,84.8,2026-09-17,10.28,51.4,False
3421,600713,XD南京医,5.0,0.81,0.42,11.11,4.964048356667,0.2237088,69.39813683,1536.0,1015.0,68.4,2026-09-17,0.72,47.5,False
3422,600714,金瑞矿业,17.29,0.82,2.34,148.54,17.366705386052,0.1990596,56.92029173,265.0,4584.0,81.6,2026-09-17,-0.44,46.4,False
3423,600715,文投控股,1.64,0.0,0.47,-167.8,1.633814375664,0.4418884,57.53587965,629.0,4467.0,72.0,2026-09-17,0.38,41.4,False
3424,600716,凤凰股份,3.6,0.28,0.26,-5.67,3.547312443147,0.2051448,62.35358368,1259.0,3205.0,67.6,2026-09-17,1.49,42.2,False
3425,600717,天津港,4.27,-0.23,0.29,9.12,4.265784385705,0.2523028,69.49855676,-46.0,987.0,74.4,2026-09-17,0.1,51.7,False
3426,600718,东软集团,7.97,2.97,0.68,-16.51,7.756698815992,0.1273208,60.7456995,-1270.0,3697.0,75.2,2026-09-17,2.75,45.7,False
3427,600719,大连热电,8.02,4.84,4.67,32.36,7.516201594663,0.2478704,56.85605128,140.0,4591.0,73.6,2026-09-17,6.7,41.8,False
3428,600720,中交设计,5.16,0.58,0.2,19.19,5.112705447254,0.2996496,71.7813694,5.0,546.0,78.0,2026-09-17,0.93,56.0,False
3429,600721,百花医药,12.03,1.35,28.14,156.71,11.591486180412,0.4711836,69.53482136,3913.0,979.0,77.6,2026-09-17,3.78,54.0,False
3430,600722,金牛化工,16.19,1.7,6.37,156.9,15.792725288252,0.23665,57.19050244,-145.0,4536.0,86.4,2026-09-17,2.52,49.4,False
3431,600724,宁波富达,4.88,0.21,0.13,29.88,4.864902170849,0.1348012,63.78162785,-644.0,2714.0,66.8,2026-09-17,0.31,42.6,False
3432,600725,云维股份,3.29,0.61,0.57,-1062.02,3.236631766465,0.261732,60.92174804,-957.0,3648.0,68.8,2026-09-17,1.65,41.9,False
3433,600726,华电能源,5.24,3.15,0.94,35.02,5.099898271783,0.227882,61.37580684,-1438.0,3515.0,81.6,2026-09-17,2.75,50.1,False
3434,600727,鲁北化工,7.53,1.62,0.84,11.6,7.41395671664,0.1721248,63.26694971,-1706.0,2900.0,76.8,2026-09-17,1.57,48.6,False
3435,600728,佳都科技,4.51,0.45,0.35,156.39,4.487322013685,0.1524224,66.80370708,-1007.0,1723.0,75.6,2026-09-17,0.51,50.5,False
3436,600729,重百集团,18.47,-0.05,0.68,9.11,18.459092383425,0.1002036,70.27444988,1309.0,836.0,71.2,2026-09-17,0.06,50.0,False
3437,600730,*ST高科,8.4,1.33,0.63,-266.65,8.374817860291,0.2957964,53.55184168,106.0,5016.0,70.4,2026-09-17,0.3,37.7,False
3438,600731,湖南海利,5.79,-0.17,0.21,20.32,5.748606855606,0.1441248,62.37564613,297.0,3201.0,68.8,2026-09-17,0.72,42.9,False
3439,600732,爱旭股份,10.03,-0.3,0.33,-14.08,10.060568621902,0.285338,54.80810688,-97.0,4908.0,73.2,2026-09-17,-0.3,40.1,False
3440,600733,北汽蓝谷,4.49,0.0,1.41,-7.37,4.479131529573,0.3714456,71.05024815,1833.0,674.0,81.6,2026-09-17,0.24,58.0,False
3441,600734,*ST实达,1.95,-0.51,1.21,-74.87,1.986805505554,0.274188,52.12173699,-102.0,5115.0,79.2,2026-09-17,-1.85,41.3,False
3442,600735,ST新华锦,6.7,1.98,0.66,242.54,6.562734264385,0.1743384,58.86230128,-2394.0,4190.0,75.6,2026-09-17,2.09,44.5,False
3443,600736,苏州高新,6.42,0.63,0.37,6.06,6.386295158726,0.271902,62.52081311,-1136.0,3158.0,73.2,2026-09-17,0.53,45.8,False
3444,600737,中粮糖业,14.67,-0.54,2.72,25.79,14.650441263548,0.3390428,64.77724435,1683.0,2378.0,85.6,2026-09-17,0.13,55.4,False
3445,600738,丽尚国潮,4.31,1.41,1.1,15.86,4.210363804126,0.1293108,67.64845034,-298.0,1451.0,73.6,2026-09-17,2.37,49.8,False
3446,600739,辽宁成大,10.31,0.78,0.27,4.84,10.250412853247,0.3090012,67.68482908,1251.0,1445.0,76.0,2026-09-17,0.58,51.4,False
3447,600740,山西焦化,3.77,-0.79,0.49,-330.72,3.781620528581,0.269026,74.15404018,86.0,278.0,81.2,2026-09-17,-0.31,60.2,False
3448,600741,华域汽车,14.95,-1.52,0.27,8.9,15.130114347449,0.1982468,65.99432195,88.0,1987.0,81.2,2026-09-17,-1.19,53.6,False
3449,600742,富维股份,7.79,0.39,0.34,15.22,7.732661506638,0.1702784,69.07905127,-265.0,1102.0,76.8,2026-09-17,0.74,53.1,False
3450,600743,华远控股,2.07,-0.48,0.33,-115.01,2.060758386003,0.3121792,60.28356032,1018.0,3832.0,68.0,2026-09-17,0.45,41.0,False
3451,600744,华银电力,6.44,1.1,3.53,126.55,6.341186011059,0.2342628,53.29925832,-2058.0,5040.0,92.0,2026-09-17,1.56,49.0,False
3452,600745,*ST闻泰,16.68,1.09,0.83,-26.16,16.627357473334,0.26163,52.39341818,-895.0,5102.0,78.4,2026-09-17,0.32,41.1,False
3453,600746,江苏索普,7.38,7.74,1.4,17.01,6.747267869942,0.1340588,66.04151366,-943.0,1965.0,68.4,2026-09-17,9.38,45.2,False
3454,600748,上实发展,3.77,-0.53,0.17,-13.5,3.761581253412,0.1862028,67.82157127,429.0,1407.0,68.0,2026-09-17,0.22,46.1,False
3455,600749,西藏旅游,13.73,1.1,1.97,535.58,13.549460523796,0.2209896,56.80351195,466.0,4605.0,77.2,2026-09-17,1.33,43.9,False
3456,600750,华润江中,22.25,-0.49,0.25,14.39,22.343038095668,0.1684148,65.57728089,136.0,2118.0,82.4,2026-09-17,-0.42,54.0,False
3457,600751,海航科技,3.01,0.0,0.97,97.19,3.008277091292,0.2710572,65.44204783,575.0,2155.0,72.8,2026-09-17,0.06,47.6,False
3458,600753,ST海钦,11.9,-0.75,0.37,65.32,11.949475182832,0.3273728,65.13885766,5.0,2271.0,68.8,2026-09-17,-0.41,44.8,False
3459,600754,锦江酒店,18.55,1.15,0.58,18.11,18.411206926396,0.2361416,67.23304885,-912.0,1577.0,80.0,2026-09-17,0.75,53.8,False
3460,600755,厦门国贸,5.6,1.63,0.45,14.0,5.512691441358,0.2205784,62.12300616,-1349.0,3294.0,75.6,2026-09-17,1.58,47.0,False
3461,600756,浪潮软件,13.62,0.89,0.81,-16.72,13.544309443865,0.1340856,55.78546032,-83.0,4763.0,79.2,2026-09-17,0.56,44.2,False
3462,600757,长江传媒,7.24,0.14,0.52,9.1,7.242782862596,0.170372,66.75715505,1386.0,1740.0,74.0,2026-09-17,-0.04,49.4,False
3463,600758,辽宁能源,3.67,0.0,2.55,-5.28,3.599312506696,0.2950348,58.04115095,780.0,4354.0,81.2,2026-09-17,1.96,47.1,False
3464,600759,ST洲际,2.34,-0.43,1.05,25.08,2.359750128501,0.3049968,60.74540797,-1671.0,3698.0,73.2,2026-09-17,-0.84,44.5,False
3465,600760,中航沈飞,44.12,0.27,0.17,132.2,44.112814046015,0.2955984,65.00118617,-265.0,2311.0,86.0,2026-09-17,0.02,55.9,False
3466,600761,安徽合力,15.43,0.19,0.27,10.22,15.3691527085,0.324404,68.47633903,1517.0,1231.0,74.8,2026-09-17,0.4,51.2,False
3467,600763,通策医疗,32.8,0.61,0.55,15.9,32.574616212974,0.1960768,66.15194175,354.0,1925.0,80.8,2026-09-17,0.69,53.5,False
3468,600764,中国海防,18.94,1.5,0.46,121.59,18.581501829746,0.1811244,63.91658906,152.0,2669.0,83.6,2026-09-17,1.93,53.4,False
3469,600765,中航重机,13.42,0.3,0.36,23.48,13.350662171594,0.3018052,63.75233011,73.0,2728.0,82.0,2026-09-17,0.52,52.3,False
3470,600768,富邦新材,14.52,1.04,0.76,16.59,14.206744330537,0.094538,60.07431915,-239.0,3905.0,67.6,2026-09-17,2.2,40.6,False
3471,600769,祥龙电业,15.88,3.99,2.04,321.07,15.260570955179,0.2601908,66.0207576,931.0,1973.0,68.4,2026-09-17,4.06,45.2,False
3472,600770,综艺股份,5.79,3.39,2.8,79.84,5.637397850863,0.2501564,66.89085055,-1256.0,1696.0,85.6,2026-09-17,2.71,57.3,False
3473,600771,广誉远,13.7,1.18,0.79,39.61,13.512252408381,0.1474712,66.18004267,444.0,1917.0,75.6,2026-09-17,1.39,50.0,False
3474,600773,西藏城投,10.04,0.4,0.52,-69.46,10.021845759059,0.2152188,55.33745035,-237.0,4834.0,80.0,2026-09-17,0.18,44.3,False
3475,600774,汉商集团,7.62,0.66,0.82,268.22,7.474284908009,0.0446384,63.5599215,1935.0,2792.0,67.6,2026-09-17,1.95,43.0,False
3476,600775,南京熊猫,9.71,2.21,1.09,-170.51,9.551622728732,0.1798064,57.80639362,-1402.0,4408.0,80.4,2026-09-17,1.66,46.5,False
3477,600776,东方通信,13.5,1.28,1.68,26.43,13.46525823262,0.24291,68.53678787,157.0,1216.0,88.4,2026-09-17,0.26,60.6,False
3478,600777,新潮能源,4.03,0.5,0.13,41.58,4.013517470365,0.3902064,62.61322336,-181.0,3120.0,78.4,2026-09-17,0.41,49.1,False
3479,600778,友好集团,5.89,2.08,2.24,70.8,5.780701123391,0.1133696,60.9758427,-1598.0,3633.0,76.4,2026-09-17,1.89,46.6,False
3480,600779,水井坊,25.71,1.3,0.18,-1006.86,25.449625761951,0.2009976,57.1138095,21.0,4548.0,75.6,2026-09-17,1.02,43.2,False
3481,600780,通宝能源,6.23,1.3,0.5,9.12,6.127709222579,0.2870112,71.65037277,692.0,572.0,74.0,2026-09-17,1.67,53.0,False
3482,600782,新钢股份,2.67,-0.37,0.44,-6.98,2.679487348203,0.332358,60.3279822,-73.0,3820.0,71.2,2026-09-17,-0.35,43.0,False
3483,600783,鲁信创投,15.17,1.95,0.92,28.84,15.002028474671,0.2954756,53.08690682,-489.0,5055.0,78.0,2026-09-17,1.12,41.4,False
3484,600784,鲁银投资,7.06,0.0,0.51,22.13,6.981366152824,0.2977544,63.26259858,1044.0,2905.0,63.2,2026-09-17,1.13,40.0,False
3485,600785,新华百货,10.43,4.2,3.84,24.02,10.022950623552,0.1751984,61.48610263,-72.0,3481.0,80.4,2026-09-17,4.06,49.4,False
3486,600787,中储股份,4.57,0.0,0.3,26.45,4.572049561662,0.2905236,65.28482193,-1010.0,2216.0,78.4,2026-09-17,-0.04,51.2,False
3487,600789,鲁抗医药,7.59,0.93,1.44,28.71,7.498727965345,0.2458368,70.49522995,485.0,792.0,84.0,2026-09-17,1.22,59.2,False
3488,600790,轻纺城,3.64,6.12,2.15,7.03,3.413118941013,0.3107576,61.68008997,-1708.0,3419.0,68.4,2026-09-17,6.65,42.2,False
3489,600791,京能置业,6.88,0.88,0.81,-10.14,6.787263000715,0.1573432,54.14669128,71.0,4972.0,71.6,2026-09-17,1.37,38.8,False
3490,600792,云煤能源,5.45,2.06,9.21,-12.16,4.896470086801,0.3537392,75.51674161,1250.0,186.0,88.8,2026-09-17,11.3,67.1,False
3491,600793,宜宾纸业,17.31,5.29,3.67,-35.09,16.097603881506,0.1628524,61.17103144,-1052.0,3583.0,82.4,2026-09-17,7.53,50.4,False
3492,600794,保税科技,3.21,-0.31,0.34,40.25,3.179973487093,0.1869564,61.2787689,199.0,3552.0,72.0,2026-09-17,0.94,44.1,False
3493,600795,国电电力,5.29,0.57,0.27,15.65,5.276955434493,0.4340896,72.43248618,24.0,448.0,88.8,2026-09-17,0.25,64.3,False
3494,600796,钱江生化,5.06,0.2,0.57,28.19,4.992111785947,0.1289076,63.40187869,-770.0,2857.0,67.6,2026-09-17,1.36,42.9,False
3495,600797,浙大网新,6.59,0.92,0.51,-56.92,6.546674305002,0.191194,61.83630396,56.0,3379.0,79.6,2026-09-17,0.66,49.2,False
3496,600798,宁波海运,3.49,-1.41,2.06,-224.08,3.479456754816,0.2626,67.87337854,1720.0,1393.0,83.6,2026-09-17,0.3,56.7,False
3497,600800,渤海化学,3.29,0.0,0.9,-6.22,3.275272854705,0.1900132,57.6024598,39.0,4459.0,69.6,2026-09-17,0.45,40.1,False
3498,600801,华新建材,24.07,-0.54,0.13,14.61,24.155983174521,0.1594416,75.97514988,309.0,158.0,74.8,2026-09-17,-0.36,56.8,False
3499,600802,福建水泥,5.79,0.35,6.43,-19.17,5.606971888077,0.205252,59.67339741,-2357.0,3999.0,86.0,2026-09-17,3.26,51.3,False
3500,600803,新奥股份,18.78,0.48,0.08,13.92,18.625648447176,0.1070196,76.54858449,-12.0,123.0,78.8,2026-09-17,0.83,60.3,False
3501,600805,悦达投资,4.51,0.45,0.36,32.45,4.466138989524,0.2134532,64.84922616,1190.0,2357.0,71.2,2026-09-17,0.98,46.2,False
3502,600807,济高发展,2.61,-0.38,0.72,-20.67,2.588532226426,0.1972344,59.41415224,-45.0,4063.0,70.4,2026-09-17,0.83,41.8,False
3503,600808,马钢股份,2.56,1.19,0.54,-141.02,2.526269781901,0.335114,61.2725652,-1393.0,3553.0,74.4,2026-09-17,1.34,45.6,False
3504,600809,山西汾酒,112.71,-0.33,0.14,10.68,112.320918847208,0.347518,71.8680319,320.0,529.0,86.0,2026-09-17,0.35,61.8,False
3505,600810,神马股份,6.26,0.16,0.19,54.06,6.257337458657,0.1653476,61.00303534,884.0,3623.0,72.4,2026-09-17,0.04,44.2,False
3506,600812,华北制药,4.64,2.43,1.33,62.35,4.51776683462,0.218564,59.59622894,191.0,4021.0,84.4,2026-09-17,2.71,50.3,False
3507,600814,杭州解百,7.02,3.69,1.51,17.02,6.711280574649,0.1905164,66.44104625,-511.0,1830.0,76.0,2026-09-17,4.6,50.5,False
3508,600815,厦工股份,3.58,-1.65,1.98,-62.01,3.574886400751,0.3854828,62.54538239,-444.0,3152.0,74.0,2026-09-17,0.14,46.3,False
3509,600816,建元信托,2.41,0.0,0.44,11.07,2.409583724146,0.32007,61.23673127,-1825.0,3563.0,74.8,2026-09-17,0.02,45.8,False
3510,600817,宇通重工,9.55,0.63,0.07,24.63,9.44233696666,0.1602308,70.11378415,1662.0,871.0,69.2,2026-09-17,1.14,48.5,False
3511,600818,ST中路,8.99,-0.99,1.68,-96.08,9.062971984361,0.362204,60.49883835,-1132.0,3779.0,70.8,2026-09-17,-0.81,42.8,False
3512,600819,耀皮玻璃,5.65,0.0,0.39,81.24,5.658001777356,0.1723972,66.72230753,-533.0,1747.0,69.6,2026-09-17,-0.14,46.4,False
3513,600820,隧道股份,5.29,-0.19,0.16,14.89,5.350179089012,0.2171516,71.38433238,92.0,614.0,75.2,2026-09-17,-1.12,53.7,False
3514,600821,金开新能,6.2,1.81,2.36,75.69,6.092769354947,0.282236,53.12666786,-376.0,5051.0,81.2,2026-09-17,1.76,43.1,False
3515,600822,上海物贸,9.53,1.6,5.99,226.69,9.095428482451,0.31668,78.28966476,2864.0,65.0,74.8,2026-09-17,4.78,58.6,False
3516,600824,益民集团,3.67,2.51,0.84,-14.59,3.547444617188,0.244012,64.57039208,286.0,2434.0,69.6,2026-09-17,3.45,44.9,False
3517,600825,新华传媒,,,0.0,84.67,5.32814194565,0.1106592,64.75383963,366.0,2384.0,84.0,2026-09-17,,54.4,False
3518,600826,兰生股份,7.5,1.49,0.29,156.29,7.34660486552,0.1383224,63.95917969,-699.0,2661.0,69.2,2026-09-17,2.09,44.3,False
3519,600827,百联股份,7.73,1.18,0.36,7.55,7.633981993237,0.2068944,63.68188888,-1135.0,2753.0,76.8,2026-09-17,1.26,48.9,False
3520,600828,茂业商业,4.35,6.62,1.52,-19.98,4.084127608842,0.140436,53.14226382,51.0,5049.0,82.0,2026-09-17,6.51,43.6,False
3521,600829,人民同泰,9.54,1.71,1.46,34.15,9.360056291271,0.13348,63.15259758,888.0,2932.0,73.2,2026-09-17,1.92,46.2,False
3522,600830,香溢融通,8.43,0.72,1.22,36.03,8.307511460015,0.2216304,54.63555223,83.0,4925.0,76.8,2026-09-17,1.47,42.0,False
3523,600831,广电网络,3.28,-0.61,1.01,-2.39,3.26837577845,0.1811248,59.45790654,-182.0,4051.0,71.2,2026-09-17,0.36,42.3,False
3524,600833,第一医药,10.31,0.98,1.08,43.94,10.139134681216,0.1039044,60.9892603,-1156.0,3629.0,70.0,2026-09-17,1.69,42.7,False
3525,600834,申通地铁,7.66,0.66,0.2,56.81,7.559468133946,0.0389936,62.85273728,125.0,3041.0,71.2,2026-09-17,1.33,44.8,False
3526,600835,上海机电,17.79,0.34,0.22,22.65,17.685862776834,0.1485544,60.72500693,-1251.0,3706.0,74.0,2026-09-17,0.59,44.9,False
3527,600838,上海九百,8.59,9.99,4.94,68.67,7.73559196696,0.141518,61.65076046,695.0,3432.0,79.2,2026-09-17,11.05,48.8,False
3528,600839,四川长虹,6.67,0.45,0.3,9.35,6.635914707798,0.223084,61.65520199,-35.0,3428.0,74.8,2026-09-17,0.51,46.1,False
3529,600841,动力新科,5.73,-0.35,0.97,50.02,5.747585794336,0.2014036,68.22070389,2867.0,1300.0,70.4,2026-09-17,-0.31,48.0,False
3530,600843,上工申贝,6.89,1.17,0.48,-49.12,6.795202783252,0.0921232,62.28771286,373.0,3234.0,72.4,2026-09-17,1.4,45.1,False
3531,600844,金煤科技,3.39,-0.59,1.97,84.4,3.401129315478,0.2107716,53.91036651,-1738.0,4990.0,78.0,2026-09-17,-0.33,42.1,False
3532,600845,宝信软件,17.51,4.23,0.75,35.4,16.766496951155,0.2191268,67.80155524,130.0,1414.0,79.2,2026-09-17,4.43,53.7,False
3533,600846,同济科技,10.96,0.0,0.17,27.76,10.947971529842,0.2105688,63.15931721,668.0,2930.0,67.2,2026-09-17,0.11,42.4,False
3534,600847,万里股份,13.67,8.06,4.75,-28.58,12.389624533552,0.150342,63.43877908,664.0,2843.0,64.0,2026-09-17,10.33,40.6,False
3535,600848,上海临港,8.4,-0.24,0.06,18.93,8.374343208105,0.1024164,69.33078898,24.0,1036.0,71.2,2026-09-17,0.31,49.4,False
3536,600850,电科数字,13.99,1.16,0.4,83.6,13.910057707641,0.2384204,65.12105133,-1018.0,2276.0,75.6,2026-09-17,0.57,49.2,False
3537,600851,海欣股份,8.31,0.48,0.44,38.78,8.366150771211,0.1951992,57.89078755,213.0,4390.0,65.6,2026-09-17,-0.67,38.0,False
3538,600853,龙建股份,3.28,0.0,0.38,22.56,3.243068615602,0.1962096,72.9194615,277.0,393.0,73.6,2026-09-17,1.14,53.7,False
3539,600854,春兰股份,4.64,0.65,0.41,12.26,4.55854456753,0.08076,63.26621276,182.0,2901.0,67.2,2026-09-17,1.79,42.5,False
3540,600855,航天长峰,13.37,2.22,1.45,-60.02,13.040956006345,0.1756744,58.8066188,-215.0,4202.0,78.8,2026-09-17,2.52,46.3,False
3541,600857,宁波中百,21.57,2.28,1.11,209.0,21.108515525635,0.2585372,63.6924141,-948.0,2751.0,68.4,2026-09-17,2.19,43.6,False
3542,600858,银座股份,5.05,1.81,0.94,17.69,4.901935382315,0.134052,67.87140779,293.0,1394.0,70.8,2026-09-17,3.02,48.1,False
3543,600859,王府井,9.76,2.2,0.83,101.23,9.561828177624,0.2577968,65.11781866,-26.0,2277.0,79.6,2026-09-17,2.07,51.8,False
3544,600860,京城股份,8.13,-0.25,1.15,-35.42,8.017051647863,0.1707292,61.73361967,654.0,3403.0,76.0,2026-09-17,1.41,46.9,False
3545,600861,北京人力,12.62,0.16,0.09,8.71,12.573217894144,0.1734456,67.6794319,347.0,1447.0,68.0,2026-09-17,0.37,46.0,False
3546,600862,中航高科,17.96,0.45,0.27,28.49,17.925196903316,0.2153412,69.33525057,426.0,1035.0,76.0,2026-09-17,0.19,52.7,False
3547,600863,华能蒙电,4.73,1.07,0.55,12.44,4.692547373636,0.3498388,63.62482378,-333.0,2769.0,78.8,2026-09-17,0.8,50.1,False
3548,600864,哈投股份,5.81,-0.17,1.33,14.96,5.83972458651,0.2875184,60.29211699,-2461.0,3830.0,87.6,2026-09-17,-0.51,52.8,False
3549,600865,百大集团,11.11,6.42,10.87,183.66,10.327918794892,0.2162108,60.32544924,230.0,3821.0,82.4,2026-09-17,7.57,49.7,False
3550,600866,星湖科技,4.12,1.48,0.75,48.4,4.054043197036,0.2638664,58.81168326,241.0,4198.0,75.6,2026-09-17,1.63,44.5,False
3551,600867,通化东宝,7.86,0.51,0.3,26.03,7.812920384975,0.2088024,65.80376983,227.0,2054.0,72.0,2026-09-17,0.6,47.4,False
3552,600868,梅雁吉祥,2.85,0.71,1.39,-1191.17,2.817701698676,0.3021536,58.96723295,-1751.0,4170.0,78.8,2026-09-17,1.15,46.5,False
3553,600869,远东股份,21.22,-0.38,5.18,114.64,21.860109027637,0.3167928,60.54020833,-1553.0,3762.0,92.4,2026-09-17,-2.93,55.9,False
3554,600871,石化油服,2.16,-0.46,0.3,40.18,2.171838223139,0.3584728,65.25753503,-1544.0,2227.0,80.0,2026-09-17,-0.55,52.2,False
3555,600872,中炬高新,17.16,-0.06,0.55,16.04,17.26012182351,0.182402,63.91661973,-1417.0,2668.0,74.8,2026-09-17,-0.58,47.8,False
3556,600873,梅花生物,7.51,0.0,0.29,15.91,7.479454783154,0.1990948,67.1602156,1156.0,1606.0,80.4,2026-09-17,0.41,54.0,False
3557,600874,创业环保,5.57,0.54,0.24,8.95,5.513094591901,0.2168712,72.92274578,41.0,391.0,73.2,2026-09-17,1.03,53.4,False
3558,600875,东方电气,24.13,0.63,0.62,15.38,24.069386728998,0.4068984,70.28338244,1203.0,834.0,82.4,2026-09-17,0.25,57.9,False
3559,600876,凯盛新能,8.39,0.36,3.14,-3.23,8.425455693863,0.1953924,67.91334896,250.0,1382.0,87.6,2026-09-17,-0.42,59.5,False
3560,600877,电科芯片,12.16,2.44,0.67,-572.01,11.977246050294,0.2213348,54.86434147,-532.0,4901.0,76.4,2026-09-17,1.53,41.9,False
3561,600879,航天电子,14.68,2.95,1.9,596.63,14.391329803588,0.2299856,59.31744671,-2047.0,4088.0,76.4,2026-09-17,2.01,45.3,False
3562,600880,博瑞传播,5.04,2.44,5.15,-49.42,4.989148309775,0.3435672,66.51603912,-1470.0,1808.0,88.4,2026-09-17,1.02,58.8,False
3563,600881,亚泰集团,1.74,-0.57,1.04,-5.85,1.734946082919,0.386282,58.6734861,-220.0,4220.0,74.4,2026-09-17,0.29,43.7,False
3564,600882,妙可蓝多,19.21,0.1,0.23,32.29,19.068504903758,0.1103808,64.91033033,1493.0,2329.0,70.0,2026-09-17,0.74,45.4,False
3565,600883,博闻科技,7.92,0.0,0.79,61.86,7.826601133625,0.1363772,66.37568647,878.0,1856.0,68.0,2026-09-17,1.19,45.1,False
3566,600884,杉杉股份,11.07,0.45,0.52,15.11,11.086468331602,0.269708,61.71496466,-512.0,3410.0,78.4,2026-09-17,-0.15,48.4,False
3567,600885,宏发股份,33.88,-0.26,0.27,22.68,34.044956464155,0.2131608,71.2589846,86.0,641.0,79.6,2026-09-17,-0.48,56.7,False
3568,600886,国投电力,14.44,0.14,0.13,16.35,14.422500165829,0.2533024,73.5213977,84.0,341.0,85.2,2026-09-17,0.12,62.6,False
3569,600887,伊利股份,26.61,0.19,0.2,14.61,26.383815244766,0.4033852,76.8609806,182.0,114.0,91.2,2026-09-17,0.86,70.1,False
3570,600888,新疆众和,9.9,1.23,1.05,14.71,9.8075595385,0.2896548,60.18097632,-642.0,3866.0,73.6,2026-09-17,0.94,44.3,False
3571,600889,*ST京化,13.3,0.99,0.12,83.15,13.205105886871,0.1561812,60.72242202,976.0,3707.0,72.0,2026-09-17,0.72,43.7,False
3572,600892,大晟文化,4.03,-0.74,2.78,-29.02,4.025486782789,0.2320448,60.7474299,1387.0,3695.0,77.2,2026-09-17,0.11,46.9,False
3573,600893,航发动力,39.5,0.33,0.38,360.04,39.563842010426,0.3459164,66.82067207,84.0,1718.0,90.4,2026-09-17,-0.16,60.4,False
3574,600894,广日股份,7.14,0.14,0.12,23.03,7.113657795174,0.1397588,65.44666559,-28.0,2154.0,68.8,2026-09-17,0.37,45.0,False
3575,600895,张江高科,28.46,1.68,0.47,66.9,28.124485425343,0.320656,66.66645724,-1236.0,1761.0,82.0,2026-09-17,1.19,54.7,False
3576,600897,厦门空港,15.16,2.99,0.49,12.64,14.691461344502,0.1949652,69.75465934,168.0,942.0,69.6,2026-09-17,3.19,48.5,False
3577,600900,长江电力,28.3,-0.56,0.12,23.46,28.371336324047,0.39472,76.13064148,25.0,151.0,93.6,2026-09-17,-0.25,71.3,False
3578,600901,江苏金租,6.72,0.0,0.19,11.39,6.746846254188,0.2563808,70.17786808,-66.0,853.0,73.6,2026-09-17,-0.4,51.7,False
3579,600903,贵州燃气,6.63,2.47,4.19,58.62,6.481248189883,0.2709684,59.07227097,-628.0,4141.0,82.4,2026-09-17,2.3,48.7,False
3580,600905,三峡能源,3.63,0.0,0.08,42.57,3.630783786947,0.3384072,62.73692725,114.0,3088.0,80.0,2026-09-17,-0.02,50.2,False
3581,600906,财达证券,6.38,1.43,0.81,13.51,6.309310514748,0.245008,60.06443457,-1946.0,3907.0,71.2,2026-09-17,1.12,42.8,False
3582,600908,无锡银行,5.81,-0.51,0.34,4.49,5.85702174101,0.2950908,67.68300001,134.0,1446.0,74.0,2026-09-17,-0.8,50.1,False
3583,600909,华安证券,7.83,1.29,0.85,9.38,7.773906005865,0.4055704,63.96879092,-1626.0,2652.0,71.2,2026-09-17,0.72,45.5,False
3584,600916,中国黄金,7.45,0.68,0.52,22.4,7.416063660158,0.213232,65.34592073,-1551.0,2196.0,86.8,2026-09-17,0.46,56.7,False
3585,600917,重庆燃气,4.92,0.0,0.19,51.17,4.852140655795,0.1482124,64.51567928,-1139.0,2455.0,72.8,2026-09-17,1.4,47.0,False
3586,600918,中泰证券,5.44,0.74,0.23,12.29,5.410402135886,0.284064,61.32200244,-21.0,3535.0,78.0,2026-09-17,0.55,47.8,False
3587,600919,江苏银行,12.18,1.16,0.3,5.11,12.097187184805,0.4034032,69.77033345,-169.0,937.0,86.4,2026-09-17,0.68,60.3,False
3588,600925,苏能股份,4.11,-0.48,0.17,266.0,4.102394216134,0.1699608,56.50390869,-914.0,4654.0,68.0,2026-09-17,0.19,38.4,False
3589,600926,杭州银行,17.21,0.47,0.18,4.87,17.226492594983,0.3312328,67.29260997,-6.0,1553.0,81.2,2026-09-17,-0.1,54.6,False
3590,600927,永安期货,12.22,0.41,0.16,29.26,12.207544367904,0.1513224,59.02297219,-1729.0,4154.0,69.2,2026-09-17,0.1,40.8,False
3591,600928,西安银行,3.52,-0.56,0.2,5.28,3.5405117309,0.3011892,68.3961386,23.0,1251.0,72.0,2026-09-17,-0.58,49.2,False
3592,600929,雪天盐业,6.03,1.52,3.5,62.45,5.614360571314,0.397513,75.85205767,1462.0,165.0,80.0,2026-09-17,7.4,60.7,False
3593,600930,华电新能,3.98,2.05,1.27,21.62,3.913486939711,0.3223528,63.89514542,-307.0,2678.0,84.4,2026-09-17,1.7,53.9,False
3594,600933,爱柯迪,14.28,7.77,2.09,15.41,12.943049650463,0.2901232,75.13917446,1262.0,209.0,70.4,2026-09-17,10.33,52.9,False
3595,600935,华塑股份,2.28,0.0,0.23,-53.58,2.259410622726,0.3711832,62.40527871,368.0,3192.0,68.0,2026-09-17,0.91,42.4,False
3596,600936,北投科技,4.48,0.9,1.27,71.5,4.47184139282,0.2942464,54.56043617,-433.0,4932.0,76.8,2026-09-17,0.18,41.9,False
3597,600938,中国海油,32.39,-0.55,0.6,8.97,32.311450096797,0.375406,79.4734996,343.0,41.0,90.8,2026-09-17,0.24,72.2,False
3598,600939,重庆建工,2.64,0.76,0.33,-10.21,2.597036162533,0.1515332,66.16667804,1309.0,1922.0,69.6,2026-09-17,1.65,46.1,False
3599,600941,中国移动,97.08,0.19,0.37,13.34,96.797720199339,0.2682704,77.5628454,257.0,83.0,90.8,2026-09-17,0.29,70.4,False
3600,600955,维远股份,12.42,0.49,0.19,-152.48,12.319878202225,0.1429304,61.47579992,-706.0,3485.0,64.8,2026-09-17,0.81,39.8,False
3601,600956,新天绿能,7.23,0.7,0.16,12.7,7.125056588563,0.1541768,65.39325794,-1246.0,2179.0,74.4,2026-09-17,1.47,48.7,False
3602,600958,东方证券,8.8,0.69,0.22,8.27,8.758665803547,0.3610268,60.23195027,-207.0,3845.0,82.4,2026-09-17,0.47,49.6,False
3603,600959,江苏有线,3.13,0.0,0.2,75.25,3.12765031541,0.3987152,63.6211847,-863.0,2772.0,72.8,2026-09-17,0.08,46.3,False
3604,600960,渤海汽车,3.94,-1.01,0.47,-1033.03,3.937567760044,0.2035036,64.24431271,1291.0,2550.0,70.4,2026-09-17,0.06,45.2,False
3605,600961,株冶集团,25.21,2.52,1.41,6.94,24.818080977317,0.2837832,64.89709138,-1953.0,2335.0,80.0,2026-09-17,1.58,51.9,False
3606,600962,国投中鲁,25.98,0.43,1.41,1870.3,25.762311138311,0.3067352,56.48841082,-35.0,4658.0,69.2,2026-09-17,0.84,39.1,False
3607,600963,岳阳林纸,3.43,0.88,0.67,-309.11,3.36087316041,0.28152,60.03175868,392.0,3918.0,76.0,2026-09-17,2.06,45.6,False
3608,600965,*ST福成,2.75,0.73,0.23,61.88,2.704571327371,0.225116,64.14500254,1174.0,2588.0,68.4,2026-09-17,1.68,43.9,False
3609,600966,博汇纸业,4.93,-0.6,0.39,42.76,4.885661807392,0.181548,69.75003983,994.0,943.0,71.6,2026-09-17,0.91,49.9,False
3610,600967,内蒙一机,13.55,2.11,3.29,67.06,13.467072374215,0.2350084,67.95963519,284.0,1372.0,91.6,2026-09-17,0.62,62.3,False
3611,600968,海油发展,3.95,0.0,0.14,10.75,3.954125162078,0.219558,70.676737,-245.0,758.0,78.0,2026-09-17,-0.1,55.1,False
3612,600969,郴电国际,9.87,-0.2,1.48,35.15,9.729381703889,0.193082,59.24050169,-445.0,4099.0,76.0,2026-09-17,1.45,45.0,False
3613,600970,中材国际,7.73,0.65,0.18,10.85,7.68391825923,0.1965868,70.56144063,-461.0,781.0,79.2,2026-09-17,0.6,55.9,False
3614,600971,恒源煤电,8.38,-0.71,0.46,31.18,8.47367914491,0.1233368,64.71813276,1304.0,2400.0,77.6,2026-09-17,-1.11,50.2,False
3615,600973,宝胜股份,6.08,1.33,0.6,31.7,5.996029031686,0.2272828,62.93062633,-1724.0,3006.0,80.4,2026-09-17,1.4,50.6,False
3616,600975,新五丰,5.2,0.0,0.89,-4.41,5.162729228211,0.2651184,59.736302,219.0,3991.0,80.4,2026-09-17,0.72,48.0,False
3617,600976,健民集团,26.41,0.72,0.22,11.43,26.235853627439,0.1661864,59.74908541,128.0,3990.0,67.6,2026-09-17,0.66,40.4,False
3618,600977,中国电影,12.89,1.02,0.57,-109.33,12.699109709564,0.2889528,66.11982111,-691.0,1937.0,76.8,2026-09-17,1.5,50.8,False
3619,600979,广安爱众,4.05,1.25,1.68,31.23,3.98210321539,0.2872872,58.39873453,-651.0,4282.0,77.2,2026-09-17,1.71,45.1,False
3620,600980,北矿科技,18.78,1.19,0.42,26.59,18.590856557589,0.0586996,66.30640911,-512.0,1876.0,75.2,2026-09-17,1.02,49.9,False
3621,600981,苏豪汇鸿,2.42,0.0,0.36,-12.08,2.384782255768,0.1310332,61.83464118,-1078.0,3380.0,67.2,2026-09-17,1.48,41.6,False
3622,600982,宁波能源,5.23,2.55,2.14,18.43,5.088352160873,0.2230756,61.09717152,-965.0,3602.0,78.4,2026-09-17,2.78,47.9,False
3623,600983,惠而浦,7.44,0.81,0.09,16.08,7.35041130761,0.0757564,69.39718671,636.0,1016.0,68.0,2026-09-17,1.22,47.2,False
3624,600984,建设机械,3.51,0.86,0.62,-4.42,3.471129877449,0.249376666667,54.40744678,213.0,4950.0,75.2,2026-09-17,1.12,40.9,False
3625,600985,淮北矿业,16.47,-1.14,0.33,17.9,16.578460564545,0.3635304,67.32965728,1437.0,1536.0,74.4,2026-09-17,-0.65,50.1,False
3626,600986,浙文互联,7.06,0.14,0.85,-39.38,7.047964114447,0.1980256,65.11149832,775.0,2279.0,79.2,2026-09-17,0.17,51.6,False
3627,600987,航民股份,6.39,0.0,0.11,10.86,6.380541721748,0.1700876,73.76223653,-20.0,318.0,67.2,2026-09-17,0.15,49.6,False
3628,600988,赤峰黄金,43.2,-0.55,1.55,23.7,43.323936710645,0.3544032,72.03632733,-435.0,494.0,92.0,2026-09-17,-0.29,66.3,False
3629,600989,宝丰能源,23.45,0.95,0.41,8.84,23.406560789416,0.3922316,72.48825364,-90.0,439.0,89.6,2026-09-17,0.19,64.9,False
3630,600990,四创电子,18.11,0.89,0.36,-18.22,18.049475381143,0.1015188,54.50091393,-168.0,4939.0,72.4,2026-09-17,0.34,39.5,False
3631,600992,贵绳股份,9.62,0.31,0.68,-11.13,9.444867250448,0.1009256,55.2804668,19.0,4850.0,67.2,2026-09-17,1.85,37.1,False
3632,600993,马应龙,22.55,0.53,0.28,13.4,22.397764652431,0.151274,62.70532912,93.0,3096.0,78.4,2026-09-17,0.68,49.2,False
3633,600995,南网储能,12.29,0.99,0.16,17.66,12.188816870656,0.1408568,65.27784242,-242.0,2219.0,78.8,2026-09-17,0.83,51.4,False
3634,600996,贵广网络,6.96,-0.57,0.6,-7.93,6.963291317593,0.2063844,61.28755276,935.0,3548.0,72.4,2026-09-17,-0.05,44.4,False
3635,600997,开滦股份,5.15,-1.15,0.31,-29.59,5.170783952444,0.0797792,69.37368468,473.0,1023.0,72.8,2026-09-17,-0.4,50.5,False
3636,600998,九州通,5.0,-0.79,0.34,10.5,5.048021090004,0.2252608,70.04177982,-488.0,883.0,75.2,2026-09-17,-0.95,52.7,False
3637,600999,招商证券,17.42,0.93,0.2,7.13,17.237645266001,0.413938,72.66712795,70.0,412.0,82.0,2026-09-17,1.06,59.6,False
3638,601000,唐山港,4.5,-1.1,0.37,13.22,4.552902218268,0.284586,69.21359358,-480.0,1063.0,77.6,2026-09-17,-1.16,53.7,False
3639,601001,晋控煤业,16.65,-1.36,0.51,19.26,16.827437208359,0.262122,71.03215501,1128.0,678.0,80.8,2026-09-17,-1.05,57.4,False
3640,601002,晋亿实业,5.23,0.19,0.38,12.12,5.202458920818,0.1801912,64.71563251,-1038.0,2401.0,66.8,2026-09-17,0.53,43.2,False
3641,601003,柳钢股份,3.53,0.57,0.2,61.08,3.51331290704,0.1889324,61.98343759,2.0,3332.0,76.0,2026-09-17,0.47,47.1,False
3642,601005,重庆钢铁,1.2,0.0,0.31,-32.23,1.191363129034,0.5727432,57.07203931,-1258.0,4554.0,76.4,2026-09-17,0.72,43.6,False
3643,601006,大秦铁路,4.7,-0.21,0.16,10.97,4.71522894398,0.3408324,71.20954229,-237.0,644.0,86.8,2026-09-17,-0.32,61.8,False
3644,601007,金陵饭店,6.81,0.89,1.09,49.61,6.692381425881,0.09704,68.21396803,1748.0,1302.0,72.0,2026-09-17,1.76,49.1,False
3645,601008,XD连云港,4.47,0.9,1.11,36.65,4.351063669515,0.2429292,65.8830405,1654.0,2030.0,81.6,2026-09-17,2.73,53.8,False
3646,601009,南京银行,11.87,0.85,0.18,5.38,11.83361409817,0.3078912,71.13148678,837.0,658.0,84.8,2026-09-17,0.31,60.3,False
3647,601010,ST文峰,1.48,2.78,0.61,121.34,1.437221315598,0.4301408,58.89260723,285.0,4183.0,68.8,2026-09-17,2.98,40.5,False
3648,601011,宝泰隆,2.91,0.34,1.21,-23.66,2.86873428573,0.2409896,66.48588292,1186.0,1818.0,83.6,2026-09-17,1.44,55.6,False
3649,601012,隆基绿能,11.05,0.55,0.37,-11.36,10.961772741048,0.3264252,58.23405821,250.0,4320.0,75.2,2026-09-17,0.8,43.8,False
3650,601015,陕西黑猫,3.62,-1.9,2.32,-10.09,3.60919481424,0.2879176,73.91503227,267.0,299.0,85.6,2026-09-17,0.3,63.3,False
3651,601016,节能风电,3.41,0.0,1.33,30.61,3.365447728342,0.3514828,64.00053099,1235.0,2637.0,78.0,2026-09-17,1.32,49.9,False
3652,601018,XD宁波港,3.47,-1.14,0.14,13.27,3.483374161307,0.408072,71.127437,276.0,660.0,79.2,2026-09-17,-0.38,56.3,False
3653,601019,山东出版,6.73,-0.15,0.24,11.0,6.769221403574,0.1428392,67.73676727,633.0,1426.0,68.0,2026-09-17,-0.58,46.1,False
3654,601020,华钰矿业,21.5,0.8,1.04,72.08,21.372428041158,0.3300896,62.00321292,-1280.0,3325.0,83.6,2026-09-17,0.6,51.8,False
3655,601021,春秋航空,42.07,0.62,0.23,19.74,41.70590721084,0.3735252,70.73664141,1212.0,742.0,74.8,2026-09-17,0.87,52.9,False
3656,601022,宁波远洋,8.5,1.67,0.53,18.04,8.251800409242,0.203004,73.25037661,684.0,363.0,74.4,2026-09-17,3.01,54.5,False
3657,601026,道生天合,15.95,10.0,9.33,58.83,14.350344471121,0.1846208,70.88052824,1965.0,713.0,64.4,2026-09-17,11.15,45.6,False
3658,601033,永兴股份,14.47,-0.28,0.28,12.46,14.390918356431,0.1979232,73.15146628,187.0,372.0,69.2,2026-09-17,0.55,50.6,False
3659,601038,一拖股份,14.3,0.21,0.26,10.27,14.23228158401,0.103928,70.12028294,-160.0,867.0,79.2,2026-09-17,0.48,55.5,False
3660,601058,赛轮轮胎,13.97,1.23,0.4,10.63,13.769387334231,0.305272,77.11856294,32.0,107.0,80.0,2026-09-17,1.46,61.7,False
3661,601059,信达证券,,,0.0,22.99,15.755301681082,0.1653748,62.13269978,-408.0,3289.0,73.2,2026-09-17,,45.5,False
3662,601061,中信金属,11.55,3.77,0.25,10.59,11.107350954956,0.252816,70.9834033,-506.0,691.0,76.4,2026-09-17,3.99,54.2,False
3663,601065,江盐集团,6.71,0.45,0.2,49.08,6.662229475362,0.22704,60.94926644,-177.0,3643.0,68.4,2026-09-17,0.72,41.7,False
3664,601066,中信建投,23.54,1.51,0.1,11.95,23.281170030354,0.2971512,62.14335693,-378.0,3287.0,76.0,2026-09-17,1.11,47.2,False
3665,601068,中铝国际,4.44,0.68,0.12,61.92,4.411038565358,0.1530484,65.28365328,-782.0,2217.0,77.2,2026-09-17,0.66,50.4,False
3666,601069,西部黄金,27.69,-0.72,1.17,23.07,28.062984229012,0.2354704,68.06575969,-1183.0,1339.0,87.6,2026-09-17,-1.33,59.6,False
3667,601077,渝农商行,6.57,0.31,0.43,4.57,6.593790319859,0.3061944,64.55991763,-1056.0,2435.0,73.6,2026-09-17,-0.36,47.5,False
3668,601083,锦江航运,12.54,0.97,3.55,10.8,12.223023285312,0.1808168,79.63852288,513.0,37.0,74.0,2026-09-17,2.59,58.9,False
3669,601086,国芳集团,16.06,10.0,15.05,75.18,14.418148705716,0.223028,64.54578978,-439.0,2443.0,90.4,2026-09-17,11.39,58.3,False
3670,601088,中国神华,46.38,-0.22,0.04,17.52,46.488400396744,0.2620768,71.97441896,130.0,506.0,93.2,2026-09-17,-0.23,67.1,False
3671,601089,福元医药,15.71,1.62,0.26,20.25,15.473125186693,0.1185184,65.85047063,1601.0,2039.0,67.6,2026-09-17,1.53,44.5,False
3672,601096,宏盛华源,4.12,0.98,0.43,30.01,4.087010701989,0.2900188,69.02597799,95.0,1113.0,70.4,2026-09-17,0.81,48.6,False
3673,601098,中南传媒,10.28,-0.48,0.22,9.9,10.312478312761,0.2244504,72.45514574,1250.0,445.0,74.0,2026-09-17,-0.31,53.6,False
3674,601099,太平洋,3.42,0.59,0.53,81.04,3.410944241792,0.3657044,58.0264125,-407.0,4361.0,82.8,2026-09-17,0.27,48.0,False
3675,601100,恒立液压,93.04,-0.48,0.21,43.43,93.69913806037,0.2773972,73.80766645,606.0,310.0,76.8,2026-09-17,-0.7,56.7,False
3676,601101,昊华能源,12.94,0.08,0.46,12.51,12.970753714695,0.1793652,63.21183967,193.0,2919.0,78.0,2026-09-17,-0.24,49.3,False
3677,601106,中国一重,3.02,1.34,0.42,-3818.79,2.98330502108,0.2708956,57.46423967,-1366.0,4480.0,76.0,2026-09-17,1.23,43.7,False
3678,601107,四川成渝,5.94,-1.0,0.17,10.1,6.012943997484,0.1472592,71.31184068,122.0,630.0,73.6,2026-09-17,-1.21,52.5,False
3679,601108,财通证券,8.43,0.6,0.53,10.3,8.334608479493,0.4283696,68.48380037,-420.0,1228.0,74.8,2026-09-17,1.14,51.2,False
3680,601111,中国国航,5.86,1.56,0.43,-26.27,5.755263240316,0.3949532,62.78740637,77.0,3071.0,82.4,2026-09-17,1.82,51.7,False
3681,601112,振石股份,16.39,0.06,3.07,30.68,16.363381921043,0.2107852,77.15628319,1020.0,100.0,73.2,2026-09-17,0.16,56.5,False
3682,601113,华鼎股份,3.41,0.29,0.29,47.95,3.372441335235,0.23813,63.50749408,488.0,2806.0,67.2,2026-09-17,1.11,42.7,False
3683,601116,三江购物,10.25,5.34,2.65,42.68,9.731637614318,0.2690628,60.69759069,-394.0,3721.0,80.4,2026-09-17,5.33,48.8,False
3684,601117,中国化学,7.17,0.14,0.22,6.96,7.144892619764,0.4606368,65.3444845,80.0,2197.0,76.8,2026-09-17,0.35,50.2,False
3685,601118,海南橡胶,6.17,-0.96,1.92,-101.18,6.211896314186,0.3594312,62.93689627,1303.0,3004.0,84.8,2026-09-17,-0.67,53.4,False
3686,601121,宝地矿业,7.24,2.55,0.97,18.82,6.975690908136,0.19105,71.07956861,133.0,665.0,62.4,2026-09-17,3.79,44.4,False
3687,601126,四方股份,39.87,0.43,0.96,32.29,40.016758264521,0.2529424,66.21108946,-113.0,1904.0,78.4,2026-09-17,-0.37,51.9,False
3688,601127,赛力斯,46.61,-1.08,0.87,-23.65,46.593024344361,0.345086,76.30356291,1016.0,138.0,92.0,2026-09-17,0.04,70.2,False
3689,601128,常熟银行,6.3,-0.32,0.43,5.28,6.332558693454,0.4456688,67.64065296,-414.0,1453.0,76.8,2026-09-17,-0.51,51.9,False
3690,601133,柏诚股份,26.0,9.98,2.67,79.53,23.819306465949,0.141468,66.95615215,-1243.0,1680.0,69.2,2026-09-17,9.16,46.3,False
3691,601136,首创证券,14.1,0.71,0.17,28.69,14.027406565499,0.2315664,59.53242999,-336.0,4034.0,80.8,2026-09-17,0.52,48.1,False
3692,601137,博威合金,20.47,2.86,0.84,23.82,20.014404611355,0.2479868,63.18096807,-1884.0,2927.0,79.6,2026-09-17,2.28,50.3,False
3693,601138,工业富联,62.32,1.71,0.21,26.05,61.812668655858,0.362564,74.34606007,-243.0,261.0,85.2,2026-09-17,0.82,63.3,False
3694,601139,深圳燃气,6.36,0.32,0.16,11.76,6.350983914241,0.1842052,70.31774878,-555.0,824.0,76.8,2026-09-17,0.14,54.0,False
3695,601155,新城控股,11.27,1.17,0.23,14.97,11.156699776723,0.1967468,63.29236867,-216.0,2893.0,76.0,2026-09-17,1.02,48.1,False
3696,601156,东航物流,18.13,0.95,0.2,10.15,18.016107858132,0.1799876,73.02574261,354.0,383.0,69.6,2026-09-17,0.63,50.8,False
3697,601158,重庆水务,4.03,-0.25,0.06,19.54,4.034594877023,0.203822,62.88227722,-1615.0,3029.0,70.8,2026-09-17,-0.11,44.5,False
3698,601162,天风证券,3.58,0.56,0.52,88.5,3.570373321263,0.3600204,58.67881837,-1405.0,4219.0,76.0,2026-09-17,0.27,44.6,False
3699,601163,三角轮胎,12.39,-0.24,0.09,14.57,12.411541098724,0.227092,65.33557259,-775.0,2200.0,69.6,2026-09-17,-0.17,45.5,False
3700,601166,兴业银行,17.78,0.17,0.14,4.57,17.763623562857,0.391798,68.76781897,-56.0,1170.0,89.6,2026-09-17,0.09,61.6,False
3701,601168,西部矿业,35.85,1.13,0.82,10.25,35.287786939368,0.4136308,72.2265897,-290.0,474.0,85.6,2026-09-17,1.59,61.8,False
3702,601169,北京银行,5.58,0.72,0.34,3.71,5.576528457667,0.4359384,64.15273055,-1167.0,2583.0,85.2,2026-09-17,0.06,54.7,False
3703,601177,杭齿前进,13.64,1.41,0.49,17.52,13.405251808126,0.1656484,69.97744295,1611.0,894.0,78.4,2026-09-17,1.75,54.9,False
3704,601179,中国西电,12.15,0.83,0.59,45.26,12.091413654254,0.25829,62.90242179,-1191.0,3019.0,80.0,2026-09-17,0.48,50.3,False
3705,601186,中国铁建,6.02,-0.17,0.08,4.7,6.004122240788,0.3394932,65.88836175,-1359.0,2026.0,83.2,2026-09-17,0.26,54.8,False
3706,601187,厦门银行,6.93,-0.86,0.55,7.36,7.045724178798,0.2502444,65.31489497,321.0,2208.0,74.0,2026-09-17,-1.64,48.3,False
3707,601188,龙江交通,2.87,-0.35,0.3,17.59,2.859494476053,0.2341052,69.14486111,278.0,1083.0,69.2,2026-09-17,0.37,47.8,False
3708,601198,东兴证券,,,0.0,20.6,13.101299744059,0.18024,63.21239573,-425.0,2918.0,75.2,2026-09-17,,47.5,False
3709,601199,江南水务,6.53,0.31,0.64,20.62,6.549226345412,0.2843024,68.37953866,-89.0,1256.0,78.4,2026-09-17,-0.29,53.6,False
3710,601200,上海环境,6.87,0.15,0.15,15.09,6.838014812913,0.161208,62.20446691,-1457.0,3267.0,68.8,2026-09-17,0.47,42.8,False
3711,601208,东材科技,51.25,-2.01,4.45,83.04,53.67188133349,0.4175628,68.4219194,-1189.0,1242.0,95.2,2026-09-17,-4.51,65.1,False
3712,601211,国泰海通,17.45,0.75,0.19,7.57,17.394569497753,0.3660764,72.55976477,580.0,430.0,80.8,2026-09-17,0.32,58.6,False
3713,601212,白银有色,6.14,1.32,1.99,283.45,6.128082176138,0.2733336,58.73397811,-2482.0,4213.0,88.0,2026-09-17,0.19,51.7,False
3714,601216,君正集团,4.58,-1.08,0.22,11.59,4.638949079216,0.3055412,71.58456355,-269.0,583.0,83.6,2026-09-17,-1.27,59.8,False
3715,601218,吉鑫科技,5.58,-2.79,13.96,22.68,5.329653354186,0.3690144,83.21047804,578.0,7.0,92.4,2026-09-17,4.7,76.9,False
3716,601222,林洋能源,5.94,1.19,0.4,14.21,5.835521189913,0.2584308,69.04989237,1331.0,1106.0,82.0,2026-09-17,1.79,56.6,False
3717,601225,陕西煤业,25.26,-0.63,0.13,10.86,25.428599707375,0.2489876,74.35570721,66.0,260.0,88.4,2026-09-17,-0.66,65.7,False
3718,601226,华电科工,6.52,0.62,0.3,49.6,6.440106982207,0.1774544,72.25505392,1218.0,468.0,74.8,2026-09-17,1.24,54.0,False
3719,601228,广州港,3.09,-0.32,0.1,20.97,3.076794412491,0.3103312,67.14951337,421.0,1612.0,69.6,2026-09-17,0.43,46.7,False
3720,601229,上海银行,9.62,0.31,0.12,5.14,9.628679446834,0.3175832,65.7413669,-911.0,2073.0,82.8,2026-09-17,-0.09,54.4,False
3721,601231,环旭电子,26.52,0.38,0.63,38.53,26.656084809923,0.2765196,69.14732316,-826.0,1082.0,90.4,2026-09-17,-0.51,62.5,False
3722,601233,桐昆股份,23.75,0.64,0.83,6.69,23.311896577213,0.3376624,73.85896702,-161.0,305.0,81.6,2026-09-17,1.88,60.3,False
3723,601236,XD红塔证,6.69,0.15,0.07,30.78,6.68355033963,0.2093656,56.34556714,-22.0,4694.0,76.0,2026-09-17,0.1,42.8,False
3724,601238,广汽集团,,,0.0,-5.81,5.069783003082,0.1314904,71.153815,86.0,654.0,88.0,2026-09-17,,62.6,False
3725,601279,英利汽车,3.49,-1.69,0.74,-34.23,3.504339484141,0.2005568,68.69962294,1354.0,1183.0,75.2,2026-09-17,-0.41,51.7,False
3726,601288,农业银行,6.85,-0.58,0.03,8.19,6.887945308203,0.4661592,69.76528744,833.0,938.0,92.4,2026-09-17,-0.55,64.5,False
3727,601298,青岛港,9.72,-0.31,0.09,11.42,9.71127628773,0.1688432,73.67117587,149.0,326.0,76.0,2026-09-17,0.09,56.0,False
3728,601311,骆驼股份,7.42,0.54,0.21,15.57,7.377002437484,0.2052648,62.29583177,-557.0,3226.0,76.4,2026-09-17,0.58,47.6,False
3729,601318,中国平安,53.42,0.13,0.24,5.22,53.348293372418,0.423048,75.25532863,-5.0,200.0,92.0,2026-09-17,0.13,69.2,False
3730,601319,中国人保,7.86,2.21,0.18,4.73,7.703827469323,0.2903412,77.53598232,370.0,84.0,85.2,2026-09-17,2.03,66.1,False
3731,601326,秦港股份,3.53,-1.12,0.19,9.71,3.5413933116,0.2569024,65.96827567,-669.0,2000.0,69.6,2026-09-17,-0.32,45.9,False
3732,601328,交通银行,7.53,-0.66,0.35,6.95,7.582520956088,0.482656,67.97644757,197.0,1368.0,89.6,2026-09-17,-0.69,60.9,False
3733,601330,绿色动力,8.39,0.36,0.61,12.92,8.281287263916,0.1396632,67.15556321,252.0,1609.0,80.0,2026-09-17,1.31,53.7,False
3734,601333,广深铁路,3.13,0.0,0.53,9.32,3.139641233442,0.3278868,73.77121842,169.0,315.0,74.4,2026-09-17,-0.31,54.9,False
3735,601336,新华保险,57.94,0.89,0.34,3.96,57.295935150607,0.380004,69.46395969,12.0,1004.0,84.8,2026-09-17,1.12,58.9,False
3736,601339,百隆东方,7.34,1.52,0.21,9.84,7.215066784846,0.0920164,66.31516799,-194.0,1874.0,67.6,2026-09-17,1.73,44.8,False
3737,601360,三六零,8.76,1.27,0.84,142.14,8.700845350994,0.2932032,65.50490908,82.0,2139.0,90.8,2026-09-17,0.68,59.5,False
3738,601366,利群股份,3.67,1.94,0.67,-38.51,3.570136736311,0.1729684,58.21340151,-747.0,4325.0,65.2,2026-09-17,2.8,38.0,False
3739,601368,绿城水务,4.49,0.45,0.21,36.46,4.432092714881,0.1823728,65.53411799,310.0,2132.0,63.2,2026-09-17,1.31,41.4,False
3740,601369,陕鼓动力,8.39,-0.12,0.27,21.81,8.341791272476,0.220831,62.24485586,59.0,3256.0,65.6,2026-09-17,0.58,40.8,False
3741,601375,中原证券,3.96,0.25,0.37,21.92,3.949931776488,0.3429324,56.64941434,-86.0,4634.0,76.0,2026-09-17,0.25,43.1,False
3742,601377,兴业证券,5.89,0.68,0.24,11.94,5.863240220517,0.4368968,62.27224753,-1728.0,3243.0,82.0,2026-09-17,0.46,51.1,False
3743,601388,怡球资源,3.27,1.24,0.5,15.96,3.237265431283,0.1783156,63.99765714,-1856.0,2639.0,79.6,2026-09-17,1.01,50.9,False
3744,601390,中国中铁,4.28,0.0,0.16,6.06,4.276729647664,0.434824,69.25867116,1259.0,1053.0,82.0,2026-09-17,0.08,56.8,False
3745,601398,工商银行,8.12,-0.25,0.03,8.33,8.146181869005,0.4997444,68.2021182,-668.0,1305.0,92.8,2026-09-17,-0.32,63.3,False
3746,601399,国机重装,3.18,0.32,0.27,43.93,3.163222610053,0.349512,64.23649828,-379.0,2555.0,74.8,2026-09-17,0.53,48.0,False
3747,601456,国联民生,8.63,0.47,0.1,17.32,8.60484973848,0.3147284,63.91283091,60.0,2673.0,76.8,2026-09-17,0.29,49.1,False
3748,601500,通用股份,3.9,-0.51,0.26,22.35,3.894938890002,0.2115744,66.34160713,-750.0,1867.0,70.0,2026-09-17,0.13,46.4,False
3749,601512,中新集团,8.32,0.6,0.07,12.21,8.241732704271,0.0969604,70.72817845,364.0,744.0,67.6,2026-09-17,0.95,47.8,False
3750,601515,衢州东峰,3.29,0.61,0.15,-54.3,3.273219196037,0.2152064,53.85951987,-1140.0,4993.0,70.0,2026-09-17,0.51,37.7,False
3751,601518,吉林高速,2.8,0.36,0.11,11.86,2.789133428885,0.3349604,70.30161273,137.0,829.0,67.2,2026-09-17,0.39,47.2,False
3752,601519,大智慧,8.07,0.37,0.46,-286.32,8.057125193304,0.2151028,62.25956578,-1744.0,3250.0,79.6,2026-09-17,0.16,49.6,False
3753,601528,瑞丰银行,5.03,-0.4,0.31,5.5,5.054839847341,0.1581008,70.11472316,1188.0,870.0,72.4,2026-09-17,-0.49,50.8,False
3754,601555,东吴证券,8.29,0.12,0.19,8.51,8.305451399063,0.3537796,68.96946137,1292.0,1129.0,81.2,2026-09-17,-0.19,56.0,False
3755,601566,九牧王,9.22,4.77,2.85,66.52,8.751378372988,0.1776068,66.57893022,183.0,1793.0,80.0,2026-09-17,5.35,53.3,False
3756,601567,三星电气,14.28,0.49,0.62,18.38,14.256685276174,0.2597616,69.71211021,77.0,952.0,84.4,2026-09-17,0.16,58.8,False
3757,601568,北元化工,3.65,0.0,0.12,99.43,3.647322972066,0.197154,62.95024827,-1318.0,3000.0,68.4,2026-09-17,0.07,43.1,False
3758,601577,长沙银行,9.84,0.31,0.21,4.35,9.821007493667,0.267754,70.29318198,1108.0,831.0,72.8,2026-09-17,0.19,51.2,False
3759,601579,会稽山,32.84,10.02,4.36,61.2,29.311914738437,0.3426996,72.22806974,-412.0,473.0,92.0,2026-09-17,12.04,66.4,False
3760,601588,北辰实业,1.68,-0.59,0.53,-3.21,1.67202512884,0.4077036,63.3778642,1114.0,2863.0,67.2,2026-09-17,0.48,42.6,False
3761,601595,上海电影,25.01,7.66,3.28,367.39,22.928899141233,0.2031504,77.42479509,655.0,88.0,81.6,2026-09-17,9.08,63.2,False
3762,601598,中国外运,6.55,0.46,0.09,13.62,6.477744561727,0.1404604,70.42192606,-469.0,803.0,76.0,2026-09-17,1.12,53.5,False
3763,601599,浙文影业,3.25,0.31,0.83,21.01,3.20913618216,0.2161024,64.72787008,-431.0,2395.0,72.0,2026-09-17,1.27,46.6,False
3764,601600,中国铝业,9.31,1.64,0.58,6.73,9.148175648137,0.3586512,71.91980599,-354.0,514.0,85.2,2026-09-17,1.77,61.3,False
3765,601601,中国太保,32.26,1.19,0.23,5.04,31.836126592928,0.3240788,72.70114891,-65.0,409.0,84.8,2026-09-17,1.33,61.7,False
3766,601606,长城军工,32.68,0.86,1.77,-122.69,32.701462494597,0.2127584,58.41143179,-45.0,4279.0,88.0,2026-09-17,-0.07,51.4,False
3767,601607,上海医药,16.02,-0.25,0.14,8.48,16.180427195822,0.1925364,72.0275964,487.0,498.0,78.8,2026-09-17,-0.99,56.8,False
3768,601608,中信重工,4.72,0.85,0.25,51.65,4.674101637516,0.234032,64.59476167,-1703.0,2426.0,73.6,2026-09-17,0.98,47.5,False
3769,601609,金田股份,12.99,-0.23,0.64,25.38,13.090736368299,0.3258428,71.7420385,-243.0,552.0,79.2,2026-09-17,-0.77,56.8,False
3770,601611,中国核建,10.4,1.07,0.28,28.15,10.255295202048,0.300182,59.85789441,-799.0,3959.0,80.4,2026-09-17,1.41,48.1,False
3771,601615,明阳智能,9.7,1.46,1.14,98.64,9.474718174264,0.3249244,66.74832232,1905.0,1742.0,81.2,2026-09-17,2.38,54.2,False
3772,601616,广电电气,3.83,1.32,0.78,-57.64,3.764053458498,0.2346144,58.7519647,-18.0,4212.0,73.6,2026-09-17,1.75,43.2,False
3773,601618,中国中冶,2.52,0.4,0.16,11.21,2.506801125571,0.4880836,65.40005293,171.0,2173.0,79.2,2026-09-17,0.53,51.8,False
3774,601619,嘉泽新能,4.12,-0.96,0.47,26.15,4.115728148962,0.3095044,67.39555118,-405.0,1521.0,75.6,2026-09-17,0.1,51.0,False
3775,601628,中国人寿,37.52,1.0,0.05,3.94,37.110534957427,0.3318888,71.06613144,-110.0,670.0,86.8,2026-09-17,1.1,61.7,False
3776,601633,长城汽车,14.07,-0.92,0.13,24.49,14.185215531657,0.2175616,71.93141335,525.0,509.0,82.4,2026-09-17,-0.81,59.3,False
3777,601636,旗滨集团,5.51,-0.36,1.18,-48.78,5.603346028612,0.324132,66.84027769,1921.0,1713.0,71.6,2026-09-17,-1.67,47.9,False
3778,601658,邮储银行,5.37,-0.19,0.07,6.26,5.380086194056,0.3894776,66.06586448,-10.0,1956.0,87.2,2026-09-17,-0.19,57.6,False
3779,601665,齐鲁银行,6.9,0.15,0.26,6.69,6.94372836298,0.3498836,70.17084925,-33.0,855.0,75.2,2026-09-17,-0.63,52.8,False
3780,601666,平煤股份,8.83,-1.23,0.36,34.42,8.965189718446,0.1856244,63.43859547,1387.0,2844.0,76.4,2026-09-17,-1.51,48.5,False
3781,601668,中国建筑,4.26,-0.23,0.11,3.83,4.248748100271,0.4848728,73.86917658,781.0,304.0,88.8,2026-09-17,0.26,65.6,False
3782,601669,中国电建,4.61,-0.43,0.38,10.39,4.60949638261,0.4545416,72.68808049,2039.0,410.0,76.0,2026-09-17,0.01,55.2,False
3783,601677,明泰铝业,17.02,2.16,1.22,7.52,16.721776101843,0.2824856,71.53706186,712.0,587.0,79.2,2026-09-17,1.78,56.7,False
3784,601678,滨化股份,5.95,2.06,1.59,20.86,5.866832684685,0.3010192,66.99036398,-1363.0,1676.0,77.2,2026-09-17,1.42,51.7,False
3785,601686,友发集团,5.1,0.0,0.08,13.55,5.088530809639,0.2821956,68.76054021,235.0,1173.0,65.2,2026-09-17,0.23,44.8,False
3786,601688,华泰证券,18.25,0.66,0.33,7.05,18.217615003909,0.3367064,65.04341641,-369.0,2300.0,80.4,2026-09-17,0.18,52.3,False
3787,601689,拓普集团,44.87,2.54,1.2,38.13,43.336461782787,0.391828,73.0470095,2097.0,380.0,74.4,2026-09-17,3.54,54.3,False
3788,601696,中银证券,11.26,0.81,0.37,20.96,11.211207509788,0.3169788,55.45380565,-168.0,4811.0,74.0,2026-09-17,0.44,41.0,False
3789,601698,中国卫通,24.03,2.12,0.29,448.9,23.719954354902,0.2140884,62.7915642,-1579.0,3067.0,74.8,2026-09-17,1.31,47.0,False
3790,601699,潞安环能,15.21,-0.59,0.44,12.8,15.426828701029,0.2839128,61.72906818,-341.0,3407.0,77.6,2026-09-17,-1.41,47.9,False
3791,601700,风范股份,6.34,0.48,3.97,39.62,6.161889438058,0.2793948,56.85924,511.0,4590.0,82.4,2026-09-17,2.89,46.9,False
3792,601702,华峰铝业,15.09,0.87,0.15,13.52,15.015342933258,0.126002,65.68009281,-473.0,2092.0,78.8,2026-09-17,0.5,51.8,False
3793,601717,中创智领,13.95,-0.21,0.29,7.77,13.909865178128,0.3100984,68.6820043,-14.0,1188.0,79.2,2026-09-17,0.29,54.4,False
3794,601718,ST际华,1.97,1.03,0.09,-14.89,1.942917447179,0.4293632,60.50350662,344.0,3777.0,74.4,2026-09-17,1.39,45.0,False
3795,601727,上海电气,6.4,0.79,0.17,51.27,6.36303349477,0.2680036,62.20839312,-61.0,3266.0,74.8,2026-09-17,0.58,46.5,False
3796,601728,中国电信,6.23,-0.32,0.04,14.55,6.278711654694,0.3079448,74.37582271,528.0,258.0,86.0,2026-09-17,-0.78,64.0,False
3797,601766,中国中车,6.03,1.34,0.23,10.83,5.959206225486,0.4214344,70.40514827,-96.0,808.0,84.8,2026-09-17,1.19,59.7,False
3798,601777,千里科技,7.85,-1.13,0.12,226.58,7.949505617964,0.1796288,64.47804081,375.0,2471.0,74.4,2026-09-17,-1.25,48.0,False
3799,601778,晶科科技,3.55,0.85,1.37,-35.25,3.520177835561,0.3039732,58.15004778,-195.0,4338.0,75.6,2026-09-17,0.85,44.0,False
3800,601788,光大证券,13.86,0.22,0.12,14.33,13.85842888846,0.335116,59.15111116,-158.0,4123.0,78.8,2026-09-17,0.01,46.6,False
3801,601789,宁波建工,4.15,0.97,0.89,12.61,4.098008285751,0.2901752,61.15533525,-44.0,3587.0,76.4,2026-09-17,1.27,46.7,False
3802,601798,蓝科高新,7.49,0.54,0.49,25.03,7.367903783643,0.127502,64.19462337,-804.0,2568.0,70.4,2026-09-17,1.66,45.2,False
3803,601799,星宇股份,72.33,1.4,0.69,15.44,71.478810916583,0.2245936,68.30281828,867.0,1279.0,82.8,2026-09-17,1.19,56.6,False
3804,601800,中国交建,5.82,0.17,0.07,6.48,5.79881960531,0.2799016,66.79154564,122.0,1729.0,80.4,2026-09-17,0.37,53.7,False
3805,601801,皖新传媒,5.5,4.17,0.98,10.96,5.300732215644,0.1384956,67.26588783,198.0,1562.0,71.2,2026-09-17,3.76,47.9,True
3806,601808,中海油服,12.09,0.17,0.15,14.36,12.126389448131,0.1419984,68.44039824,-99.0,1239.0,81.6,2026-09-17,-0.3,55.8,False
3807,601811,新华文轩,13.2,4.43,2.17,12.44,12.507003348298,0.2294456,74.64458441,430.0,239.0,74.0,2026-09-17,5.54,55.2,False
3808,601816,京沪高铁,4.75,-0.21,0.09,17.16,4.746699606957,0.4234352,73.70232275,137.0,321.0,84.8,2026-09-17,0.07,62.5,False
3809,601818,光大银行,3.03,-0.66,0.11,4.78,3.050824448452,0.5621032,65.97020364,16.0,1999.0,85.2,2026-09-17,-0.68,56.2,False
3810,601825,沪农商行,8.84,1.73,0.17,6.03,8.747112061082,0.1977252,67.79746579,1270.0,1416.0,71.6,2026-09-17,1.06,48.5,False
3811,601827,三峰环境,7.93,0.0,0.13,10.04,7.955505174963,0.2163384,68.56432845,-781.0,1208.0,66.0,2026-09-17,-0.32,45.3,False
3812,601828,美凯龙,2.14,0.94,0.51,62.23,2.103185028096,0.381452,61.42994312,309.0,3498.0,71.2,2026-09-17,1.75,43.7,False
3813,601838,成都银行,19.31,-0.1,0.2,5.93,19.825563237458,0.3121128,72.07575066,938.0,492.0,81.2,2026-09-17,-2.6,58.5,False
3814,601857,中国石油,10.53,-0.85,0.03,9.27,10.629595673869,0.3740684,77.41631346,4.0,90.0,89.6,2026-09-17,-0.94,69.4,False
3815,601858,中国科传,20.26,1.1,0.47,45.06,20.109756008719,0.2227872,62.98641009,-140.0,2982.0,75.2,2026-09-17,0.75,47.4,False
3816,601860,紫金银行,2.58,-0.39,0.59,5.01,2.583145751905,0.37379,63.49076228,-19.0,2815.0,72.4,2026-09-17,-0.12,46.0,False
3817,601865,福莱特,9.18,0.55,0.29,-29.62,9.123924600897,0.1819972,63.4241481,-219.0,2848.0,76.4,2026-09-17,0.61,48.5,False
3818,601866,中远海发,2.48,0.4,0.39,16.28,2.454790070833,0.3977144,69.95744491,505.0,895.0,81.6,2026-09-17,1.03,57.1,False
3819,601868,中国能建,2.44,-0.41,0.23,23.69,2.428112035742,0.561908,69.98459834,394.0,893.0,74.8,2026-09-17,0.49,52.3,False
3820,601869,长飞光纤,451.17,-3.4,2.11,63.86,468.06748332621,0.4739752,80.34967409,-10.0,22.0,94.4,2026-09-17,-3.61,75.9,False
3821,601872,招商轮船,22.4,2.52,1.85,12.99,20.975685711348,0.5679988,84.5496443,189.0,3.0,89.6,2026-09-17,6.79,75.8,False
3822,601877,正泰电器,25.15,1.95,0.44,8.63,24.557594108843,0.335746,71.70624144,1032.0,558.0,84.4,2026-09-17,2.41,60.5,False
3823,601878,浙商证券,9.05,0.78,0.13,12.74,8.997106107675,0.3079176,59.4220766,-178.0,4062.0,77.6,2026-09-17,0.59,46.1,False
3824,601880,辽港股份,1.47,1.38,0.31,19.58,1.4450943241,0.6153712,68.52829212,1142.0,1218.0,75.2,2026-09-17,1.72,51.5,False
3825,601881,中国银河,12.02,0.59,0.1,8.43,12.004915555683,0.3479592,62.0919425,-121.0,3302.0,78.8,2026-09-17,0.13,48.9,False
3826,601882,海天精工,22.04,0.5,0.43,20.33,21.951365492128,0.1987844,74.97765468,141.0,220.0,79.2,2026-09-17,0.4,59.4,False
3827,601886,江河集团,13.49,0.45,0.42,17.35,13.492627576574,0.1298132,66.92009598,128.0,1692.0,68.0,2026-09-17,-0.02,45.5,False
3828,601888,中国中免,51.57,0.82,0.35,17.25,51.105713222046,0.3804944,68.8703966,161.0,1146.0,86.0,2026-09-17,0.91,59.2,False
3829,601890,亚星锚链,9.91,2.48,4.33,31.12,9.572133253134,0.2779916,68.32836097,554.0,1270.0,89.6,2026-09-17,3.53,61.2,False
3830,601898,中煤能源,13.86,-1.07,0.15,11.27,14.050490282755,0.2510292,71.31427354,-261.0,628.0,85.6,2026-09-17,-1.36,61.0,False
3831,601899,紫金矿业,31.32,1.36,0.43,10.63,30.960838264321,0.4742904,75.21500454,-189.0,206.0,90.8,2026-09-17,1.16,68.3,False
3832,601900,南方传媒,12.23,-0.33,0.62,11.36,12.371088373198,0.2394872,72.58932292,1221.0,424.0,77.2,2026-09-17,-1.14,56.0,False
3833,601901,方正证券,6.79,0.59,0.13,9.45,6.778509414716,0.3854928,62.28014081,-228.0,3237.0,80.8,2026-09-17,0.17,50.3,False
3834,601908,京运通,2.97,1.02,0.84,-9.23,2.94655312801,0.2421632,54.55877514,-965.0,4934.0,76.0,2026-09-17,0.8,41.5,False
3835,601916,浙商银行,2.91,-0.34,0.2,5.11,2.929756805021,0.4854664,68.4496744,1227.0,1236.0,78.8,2026-09-17,-0.67,53.9,False
3836,601918,新集能源,10.28,0.59,0.59,10.94,10.306693561231,0.241042,70.23442826,461.0,844.0,79.6,2026-09-17,-0.26,55.9,False
3837,601919,中远海控,16.18,-0.55,0.22,9.2,16.120750620633,0.3680652,74.06165945,-84.0,282.0,92.0,2026-09-17,0.37,68.1,False
3838,601921,浙版传媒,7.39,0.27,0.15,12.71,7.388306260077,0.087826,68.93239128,372.0,1136.0,73.2,2026-09-17,0.02,50.5,False
3839,601928,凤凰传媒,8.23,-0.36,0.19,9.59,8.321024701672,0.1470468,63.14664644,512.0,2933.0,76.4,2026-09-17,-1.09,48.2,False
3840,601929,吉视传媒,2.45,0.0,1.35,-19.39,2.428373564778,0.3485972,69.80499963,1537.0,931.0,83.2,2026-09-17,0.89,58.1,False
3841,601933,永辉超市,3.05,2.01,1.02,53.76,2.984797925829,0.3189064,62.7454781,261.0,3085.0,83.6,2026-09-17,2.18,52.5,False
3842,601939,建设银行,10.87,-0.37,0.43,8.39,10.886041471657,0.43102,71.5317286,1050.0,588.0,91.2,2026-09-17,-0.15,65.2,False
3843,601949,中国出版,6.25,2.8,2.61,385.59,6.160632430706,0.2114336,56.62702798,-509.0,4639.0,81.2,2026-09-17,1.45,46.0,False
3844,601952,苏垦农发,9.56,2.8,1.99,45.76,9.160357810175,0.28525,71.46171404,574.0,599.0,81.6,2026-09-17,4.36,58.3,False
3845,601956,东贝集团,4.87,0.83,0.43,-30.51,4.764267162157,0.1146048,57.42716843,-1216.0,4489.0,66.8,2026-09-17,2.22,38.4,False
3846,601958,金钼股份,20.2,0.85,0.29,18.72,20.189492128821,0.3160752,66.4226906,-1394.0,1840.0,79.6,2026-09-17,0.05,52.9,False
3847,601963,重庆银行,10.98,-0.45,0.18,5.66,11.025193634796,0.1451844,64.18419929,-1286.0,2572.0,73.6,2026-09-17,-0.41,47.2,False
3848,601965,中国汽研,13.17,-0.3,0.12,15.45,13.229263429251,0.1484828,68.72808008,191.0,1179.0,72.0,2026-09-17,-0.45,49.5,False
3849,601966,玲珑轮胎,10.41,0.19,0.2,75.09,10.386334594329,0.2201948,68.36062756,1402.0,1263.0,76.4,2026-09-17,0.23,52.2,False
3850,601968,宝钢包装,4.54,1.11,0.25,20.11,4.464553854909,0.1276956,66.6914919,117.0,1753.0,66.8,2026-09-17,1.69,44.5,False
3851,601969,海南矿业,9.27,0.98,0.28,17.88,9.225191419823,0.1657684,74.18228953,261.0,276.0,75.6,2026-09-17,0.49,56.1,False
3852,601975,招商南油,4.63,0.65,2.95,13.34,4.541767950414,0.3757744,77.41992238,1522.0,89.0,83.2,2026-09-17,1.94,64.4,False
3853,601985,中国核电,8.97,-0.44,0.17,25.33,9.033071463816,0.3740092,66.60448884,-1069.0,1784.0,90.8,2026-09-17,-0.7,60.5,False
3854,601988,中国银行,6.58,0.0,0.05,8.58,6.571818745316,0.4936616,76.33868802,20.0,134.0,92.0,2026-09-17,0.12,70.2,False
3855,601990,南京证券,6.63,0.15,0.11,18.33,6.628576236724,0.1544224,59.39847555,-202.0,4068.0,78.4,2026-09-17,0.02,46.6,False
3856,601991,大唐发电,5.58,1.45,1.01,9.37,5.507432503773,0.340578,65.31722574,-952.0,2206.0,80.4,2026-09-17,1.32,52.5,False
3857,601992,金隅集团,1.38,0.73,0.12,-3.39,1.360413283288,0.4765332,60.96988757,-43.0,3636.0,71.6,2026-09-17,1.44,43.7,False
3858,601995,中金公司,,,0.0,9.36,31.948979258093,0.1711804,66.44948264,-108.0,1825.0,82.0,2026-09-17,,54.5,False
3859,601996,丰林集团,2.95,2.79,1.56,-15.33,2.867836049815,0.2920016,60.79875436,-904.0,3682.0,67.6,2026-09-17,2.87,41.1,False
3860,601997,贵阳银行,5.6,0.18,0.49,4.34,5.603479854219,0.3637592,60.82364197,-126.0,3678.0,74.0,2026-09-17,-0.06,45.0,False
3861,601998,中信银行,8.94,0.0,0.05,6.61,8.937430761938,0.3298052,74.74963036,50.0,232.0,86.0,2026-09-17,0.03,64.3,False
3862,601999,出版传媒,6.92,0.14,3.08,59.19,6.874764644816,0.2374432,61.94079184,-933.0,3346.0,74.8,2026-09-17,0.66,46.3,False
3863,603000,人民网,17.47,1.04,1.58,454.75,17.284211991835,0.2976504,75.72796612,671.0,171.0,88.4,2026-09-17,1.07,66.9,False
3864,603001,奥康国际,10.43,10.02,6.2,118.99,9.299480737484,0.3089452,67.55518576,376.0,1478.0,69.2,2026-09-17,12.16,46.7,False
3865,603002,宏昌电子,18.75,-2.45,5.74,269.91,19.665388765267,0.2948524,73.78376764,-50.0,313.0,94.0,2026-09-17,-4.65,69.4,False
3866,603004,鼎龙科技,18.76,1.08,2.24,42.92,18.375162150118,0.1263392,66.25505284,1698.0,1894.0,68.4,2026-09-17,2.09,45.3,False
3867,603005,晶方科技,30.75,3.29,3.62,75.55,30.010171938421,0.2485952,61.73180902,-2114.0,3405.0,76.8,2026-09-17,2.47,47.4,False
3868,603006,联明股份,10.62,-0.09,0.46,30.69,10.454520953164,0.0623328,64.33166339,2183.0,2524.0,66.4,2026-09-17,1.58,42.7,False
3869,603007,顺景科技,4.69,1.08,0.91,46.55,4.645325738807,0.1932524,54.11360862,-24.0,4975.0,74.4,2026-09-17,0.96,40.3,False
3870,603008,ST喜临门,9.26,3.46,1.21,-47.11,8.827877213021,0.2722752,62.32194507,73.0,3217.0,67.2,2026-09-17,4.89,41.9,False
3871,603009,北特科技,48.89,3.21,2.73,134.13,46.477420250954,0.4701056,74.30355831,1174.0,265.0,76.4,2026-09-17,5.19,56.8,False
3872,603010,万盛股份,12.27,1.4,0.7,1657.23,12.12117588495,0.264096,56.96501082,-2205.0,4580.0,70.4,2026-09-17,1.23,40.1,False
3873,603011,合锻智能,27.3,-0.84,4.29,-196.35,27.788746430014,0.2854248,59.77330318,-3027.0,3982.0,93.2,2026-09-17,-1.76,55.7,False
3874,603012,创力集团,9.05,0.22,0.74,34.53,9.001794880214,0.2567968,61.96148494,-1705.0,3341.0,65.2,2026-09-17,0.54,40.4,False
3875,603013,亚普股份,14.28,0.78,0.17,12.4,14.225450727884,0.1000992,65.75703562,-486.0,2067.0,67.2,2026-09-17,0.38,44.2,False
3876,603014,威高血净,31.08,0.91,0.44,28.26,30.699887234449,0.1697992,67.10570779,1325.0,1629.0,59.6,2026-09-17,1.24,40.0,False
3877,603015,弘讯科技,10.83,0.93,0.45,87.15,10.648315708713,0.1475872,58.99686412,73.0,4162.0,71.6,2026-09-17,1.71,42.2,False
3878,603016,新宏泰,29.23,5.49,2.44,84.65,27.705525022104,0.2225372,65.65756005,399.0,2099.0,73.2,2026-09-17,5.5,48.1,False
3879,603017,中衡设计,9.86,1.13,0.56,20.45,9.683169280314,0.0641672,57.49614328,-7.0,4474.0,70.4,2026-09-17,1.83,40.5,False
3880,603018,华设集团,5.19,0.78,0.25,20.0,5.136354097218,0.1045228,63.36159963,-232.0,2867.0,70.4,2026-09-17,1.04,44.6,False
3881,603019,中科曙光,83.65,1.17,0.85,63.0,82.808557524546,0.3231256,67.24327116,-1124.0,1572.0,78.8,2026-09-17,1.02,53.0,False
3882,603020,爱普股份,11.52,1.68,3.09,36.29,11.126831088015,0.2318284,71.58941294,1544.0,578.0,77.2,2026-09-17,3.53,55.3,False
3883,603021,*ST华鹏,5.48,3.2,1.39,-11.73,5.346614236428,0.2657808,56.69149118,504.0,4624.0,66.8,2026-09-17,2.49,37.9,False
3884,603022,新通联,8.71,0.69,0.64,39.2,8.553642500219,0.0992672,66.38430943,571.0,1851.0,67.2,2026-09-17,1.83,44.6,False
3885,603023,威帝股份,4.15,1.47,2.36,-151.1,4.027063743658,0.2137952,59.62345961,-2314.0,4011.0,82.4,2026-09-17,3.05,49.1,False
3886,603025,大豪科技,13.45,0.67,0.22,14.11,13.344997246266,0.1400416,67.11866491,-222.0,1626.0,76.8,2026-09-17,0.79,51.5,False
3887,603026,石大胜华,61.02,-0.05,0.71,15.79,61.399409816081,0.2715728,63.24023171,-856.0,2912.0,75.2,2026-09-17,-0.62,47.6,False
3888,603027,千禾味业,7.27,0.0,0.48,24.09,7.296822644212,0.1942452,66.50024598,-657.0,1812.0,78.8,2026-09-17,-0.37,52.4,False
3889,603028,赛福天,6.8,0.44,0.42,-30.09,6.694310640093,0.0410032,55.65129454,-366.0,4782.0,65.2,2026-09-17,1.58,36.3,False
3890,603029,天鹅股份,16.49,1.23,1.22,51.52,15.990847709206,0.0847644,64.82896548,2009.0,2363.0,76.8,2026-09-17,3.12,49.8,False
3891,603030,全筑股份,2.08,-0.48,1.09,-421.3,2.068497735052,0.2311076,65.36556175,-591.0,2191.0,71.2,2026-09-17,0.56,46.5,False
3892,603031,安孚科技,42.55,0.97,0.89,40.49,42.695736955203,0.285858,68.05405506,-1028.0,1345.0,76.0,2026-09-17,-0.34,51.7,False
3893,603032,德新科技,18.83,0.86,0.63,41.14,18.712779162545,0.1642912,58.30440263,-7.0,4303.0,77.6,2026-09-17,0.63,45.2,False
3894,603033,三维股份,7.34,0.82,0.54,-20.38,7.187912117206,0.15658,51.73691707,-516.0,5127.0,64.8,2026-09-17,2.12,33.5,False
3895,603035,常熟汽饰,10.17,0.69,0.44,15.98,10.053256217133,0.1802388,61.75280288,789.0,3399.0,71.6,2026-09-17,1.16,44.2,False
3896,603036,如通股份,13.23,2.56,1.21,25.55,12.849647762187,0.1979364,61.63815349,-613.0,3439.0,68.4,2026-09-17,2.96,42.2,False
3897,603037,凯众股份,9.91,-0.3,0.53,43.17,9.835695039428,0.0789272,61.96224988,813.0,3339.0,68.4,2026-09-17,0.76,42.4,False
3898,603038,华立股份,17.05,0.59,0.95,30.12,16.54974835242,0.181812,75.88116344,40.0,163.0,79.2,2026-09-17,3.02,60.1,False
3899,603039,泛微网络,35.6,0.42,1.27,47.72,35.709734106724,0.22217,65.03116777,13.0,2302.0,73.2,2026-09-17,-0.31,47.6,False
3900,603040,XD新坐标,47.34,-0.86,0.45,36.77,47.828409441089,0.2667596,67.09035382,288.0,1632.0,64.0,2026-09-17,-1.02,42.9,False
3901,603041,美思德,11.01,-0.27,0.59,26.81,10.869906778933,0.1192728,65.27900802,1921.0,2218.0,64.0,2026-09-17,1.29,41.8,False
3902,603042,华脉科技,17.42,-1.53,14.03,98.06,17.368628881426,0.2669168,75.29755829,420.0,199.0,92.4,2026-09-17,0.3,69.6,False
3903,603043,广州酒家,13.21,0.99,0.16,121.18,13.04577253997,0.0903196,65.26546486,621.0,2223.0,70.8,2026-09-17,1.26,46.2,False
3904,603045,福达合金,52.13,3.0,5.33,11.39,50.924930163299,0.3189376,70.12932202,1087.0,863.0,78.8,2026-09-17,2.37,55.3,False
3905,603048,浙江黎明,23.19,0.39,0.9,65.02,22.547088969943,0.1918832,65.97834235,2563.0,1993.0,66.0,2026-09-17,2.85,43.5,False
3906,603049,中策橡胶,45.24,0.67,0.15,8.11,44.955939898453,0.197406,65.49487684,-156.0,2141.0,70.0,2026-09-17,0.63,45.8,False
3907,603050,科林电气,18.28,1.16,0.3,31.89,17.989364854004,0.1399456,62.16368807,-318.0,3277.0,68.4,2026-09-17,1.62,42.5,False
3908,603051,鹿山新材,25.37,6.6,4.28,46.36,23.817191869151,0.1221068,60.19223177,-307.0,3861.0,74.4,2026-09-17,6.52,44.8,False
3909,603052,可川科技,59.76,0.81,1.45,-198.52,60.234361542345,0.2188188,63.76494516,-797.0,2721.0,88.0,2026-09-17,-0.79,56.1,False
3910,603053,成都燃气,8.76,0.34,0.09,15.52,8.695042435331,0.1025176,64.63595815,-173.0,2413.0,68.0,2026-09-17,0.75,44.0,False
3911,603055,台华新材,9.41,0.75,0.23,10.92,9.356979122881,0.1590248,76.26897653,37.0,142.0,69.2,2026-09-17,0.57,52.8,False
3912,603057,紫燕食品,18.66,0.21,0.15,57.81,18.660142147117,0.0988824,58.01871302,-1041.0,4363.0,64.0,2026-09-17,-0.0,37.1,False
3913,603058,永吉股份,8.83,1.49,0.79,22.35,8.698588576244,0.1386304,56.37167027,-904.0,4686.0,72.4,2026-09-17,1.51,40.8,False
3914,603059,倍加洁,25.3,5.73,1.54,26.45,23.80012707541,0.0885416,63.04243412,-1430.0,2963.0,65.6,2026-09-17,6.3,41.4,False
3915,603060,国检集团,5.41,1.12,0.22,-105.42,5.34291876383,0.1531908,58.43747035,129.0,4274.0,64.4,2026-09-17,1.26,37.6,False
3916,603061,金海通,353.54,0.87,2.76,89.84,352.033769223907,0.3896672,70.15276425,-586.0,862.0,75.2,2026-09-17,0.43,52.8,False
3917,603062,麦加芯彩,36.57,0.99,0.26,52.16,36.384941533131,0.033282,59.66354357,-1428.0,4002.0,62.8,2026-09-17,0.51,37.5,False
3918,603063,禾望电气,30.27,0.36,1.1,44.92,30.313133098701,0.2512296,67.62492347,-1001.0,1458.0,78.0,2026-09-17,-0.14,52.7,False
3919,603065,宿迁联盛,14.31,2.58,2.97,310.8,14.195228574608,0.2163424,50.60023408,-282.0,5163.0,78.0,2026-09-17,0.81,39.5,False
3920,603066,音飞储存,9.08,0.55,0.65,9.51,8.960673741298,0.1029304,55.84198207,-27.0,4756.0,73.2,2026-09-17,1.33,40.9,False
3921,603067,振华股份,35.37,0.17,1.56,43.35,35.792956006544,0.368128,66.78624904,118.0,1734.0,74.4,2026-09-17,-1.18,49.7,False
3922,603068,博通集成,39.81,10.0,8.18,59.83,36.107058358278,0.21908,63.40765404,-1747.0,2854.0,80.8,2026-09-17,10.26,51.2,False
3923,603069,海汽集团,13.65,2.4,1.96,-48.3,13.017488072635,0.1472572,64.09590022,762.0,2605.0,72.8,2026-09-17,4.86,46.7,False
3924,603070,万控智造,11.48,0.97,0.2,-122.86,11.306959393687,0.1459004,56.33211865,101.0,4698.0,64.8,2026-09-17,1.53,36.5,False
3925,603071,物产环能,12.33,0.33,0.16,9.51,12.267456972311,0.0948292,70.86597404,1155.0,717.0,68.8,2026-09-17,0.51,48.8,False
3926,603072,天和磁材,30.36,2.22,0.76,50.25,29.888730788366,0.1559588,61.89254357,-518.0,3358.0,69.6,2026-09-17,1.58,43.1,False
3927,603073,彩蝶实业,16.03,1.33,0.85,36.53,15.564349088203,0.0380124,54.90980965,65.0,4897.0,62.8,2026-09-17,2.99,34.5,False
3928,603075,热威股份,19.57,0.31,2.77,24.09,19.371559711347,0.1455568,66.02028201,75.0,1974.0,68.4,2026-09-17,1.02,45.2,False
3929,603076,乐惠国际,19.73,1.13,0.38,62.49,19.370579052149,0.077064,59.67334487,123.0,4000.0,62.8,2026-09-17,1.86,37.5,False
3930,603077,和邦生物,2.26,0.44,0.61,26.25,2.24482366342,0.4058548,65.04724121,-206.0,2299.0,83.6,2026-09-17,0.68,54.4,False
3931,603078,江化微,33.22,2.5,2.73,136.47,32.653145667663,0.211928,61.62118055,-2101.0,3445.0,81.6,2026-09-17,1.74,50.3,False
3932,603079,圣达生物,12.95,2.53,1.17,59.63,12.551649599207,0.090736,62.73240548,261.0,3091.0,69.2,2026-09-17,3.17,43.4,False
3933,603080,新疆火炬,19.55,1.56,0.49,13.17,19.221668495355,0.101322,72.50889657,-153.0,436.0,71.6,2026-09-17,1.71,51.9,False
3934,603081,大丰实业,9.35,-0.74,0.23,37.05,9.349835431991,0.0855736,60.13875151,-993.0,3887.0,67.6,2026-09-17,0.0,40.7,False
3935,603082,北自科技,51.52,0.68,20.06,85.81,52.878809972931,0.3455688,62.16198932,-3055.0,3278.0,86.4,2026-09-17,-2.57,53.7,False
3936,603083,剑桥科技,223.75,2.15,5.35,125.7,222.789074541647,0.420366,70.50113356,-756.0,791.0,94.4,2026-09-17,0.43,66.6,False
3937,603085,天成自控,9.97,0.61,0.49,39.12,9.880494057764,0.2001436,63.47385589,35.0,2821.0,71.6,2026-09-17,0.91,45.4,False
3938,603086,先达股份,5.79,-0.52,0.83,17.39,5.751662032638,0.1212708,55.1575607,181.0,4864.0,76.0,2026-09-17,0.67,41.9,False
3939,603087,甘李药业,69.05,-0.13,0.68,33.83,69.765449340284,0.2892768,73.17166287,1113.0,370.0,78.0,2026-09-17,-1.03,57.1,False
3940,603088,宁波精达,10.27,0.2,0.58,51.63,10.237439202268,0.1715636,69.91442592,984.0,905.0,75.6,2026-09-17,0.32,52.9,False
3941,603089,正裕工业,9.47,0.42,0.59,-39.84,9.337308289648,0.1189536,58.87907945,781.0,4187.0,66.4,2026-09-17,1.42,39.1,False
3942,603090,宏盛股份,38.99,0.26,2.71,64.22,39.179631259882,0.2024116,64.90909687,-1140.0,2331.0,82.8,2026-09-17,-0.48,53.7,False
3943,603091,众鑫股份,46.61,1.22,0.88,17.19,46.275787454161,0.2066112,61.79296271,-116.0,3392.0,64.0,2026-09-17,0.72,39.5,False
3944,603092,德力佳,44.77,1.02,5.55,21.75,43.446012745203,0.2648856,79.77608527,488.0,33.0,72.0,2026-09-17,3.05,57.4,False
3945,603093,南华期货,12.55,-0.71,0.64,16.78,12.641775002118,0.2267484,64.17233009,-1817.0,2577.0,80.8,2026-09-17,-0.73,51.9,False
3946,603095,越剑智能,14.35,0.14,0.81,62.02,14.291765578707,0.1275312,56.0934496,-23.0,4721.0,66.4,2026-09-17,0.41,37.2,False
3947,603096,新经典,15.67,2.28,0.6,27.36,15.196209652375,0.0625652,62.54545962,1208.0,3151.0,66.4,2026-09-17,3.12,41.5,False
3948,603097,江苏华辰,18.3,0.11,0.2,-659.43,18.291666236627,0.07652,60.39621864,742.0,3803.0,68.8,2026-09-17,0.05,41.6,False
3949,603098,森特股份,10.67,0.95,0.3,46.68,10.500654248174,0.180272,59.21480732,-537.0,4104.0,73.2,2026-09-17,1.61,43.3,False
3950,603099,长白山,39.56,0.94,2.51,4246.87,38.792017610507,0.2897796,74.8202332,2017.0,229.0,80.4,2026-09-17,1.98,60.2,False
3951,603100,川仪股份,17.97,0.0,0.19,16.25,17.883856632051,0.173954,67.18423913,-48.0,1596.0,70.4,2026-09-17,0.48,47.3,False
3952,603101,汇嘉时代,7.51,2.18,0.71,17.99,7.303970281957,0.1188,65.69972117,-476.0,2084.0,70.4,2026-09-17,2.82,46.3,False
3953,603102,百合股份,36.1,1.98,1.06,18.61,35.236614077455,0.1542108,66.05776344,529.0,1961.0,63.2,2026-09-17,2.45,41.7,False
3954,603103,横店影视,16.14,0.75,0.25,-83.06,15.917882141191,0.1292384,66.13385045,1744.0,1932.0,75.6,2026-09-17,1.4,50.0,False
3955,603105,芯能科技,8.15,3.03,3.44,84.43,7.849125232893,0.1794088,59.39840181,-2616.0,4069.0,88.4,2026-09-17,3.83,52.5,False
3956,603106,恒银科技,7.43,0.81,0.97,252.57,7.381983983046,0.1447332,55.57238642,-1879.0,4797.0,76.8,2026-09-17,0.65,42.7,False
3957,603107,上海汽配,12.08,-0.58,0.86,32.31,12.186223732009,0.189548,70.15625309,2267.0,860.0,64.8,2026-09-17,-0.87,45.5,False
3958,603108,润达医疗,9.49,2.37,1.88,-32.65,9.289424771588,0.1574208,56.62609047,242.0,4640.0,72.8,2026-09-17,2.16,41.2,False
3959,603109,神驰机电,17.24,1.71,0.96,27.64,16.853515827624,0.1424724,69.11599676,2861.0,1090.0,67.6,2026-09-17,2.29,46.7,False
3960,603110,东方材料,25.51,0.0,2.14,234.4,25.67669291371,0.2355008,60.51566747,-2421.0,3774.0,73.2,2026-09-17,-0.65,44.3,False
3961,603111,康尼机电,5.99,1.7,0.28,15.2,6.040936650412,0.1834888,71.27820827,187.0,638.0,70.8,2026-09-17,-0.84,50.5,False
3962,603112,华翔股份,16.57,-2.53,1.51,17.1,17.002492768799,0.337848,71.96563398,349.0,507.0,70.4,2026-09-17,-2.54,50.7,False
3963,603113,金能科技,4.93,-0.2,0.83,-3.55,4.880044295996,0.2150696,58.41915011,-1186.0,4275.0,78.0,2026-09-17,1.02,45.6,False
3964,603115,海星股份,98.39,3.12,2.51,115.43,93.911807063293,0.3693408,77.81469106,711.0,78.0,83.2,2026-09-17,4.77,64.7,False
3965,603116,红蜻蜓,6.51,5.17,0.83,209.51,6.162527457945,0.065582,59.28592648,143.0,4093.0,65.6,2026-09-17,5.64,38.9,False
3966,603117,万林物流,3.97,-0.75,0.57,-663.71,3.941754319257,0.1033212,60.54621217,1216.0,3760.0,66.8,2026-09-17,0.72,40.4,False
3967,603118,共进股份,17.39,3.82,6.96,94.25,16.832528159692,0.2458176,61.7029492,-2545.0,3413.0,81.6,2026-09-17,3.31,50.3,False
3968,603119,浙江荣泰,54.87,0.96,1.96,86.4,54.74745072207,0.296212,74.24882788,718.0,268.0,79.6,2026-09-17,0.22,59.1,False
3969,603120,肯特催化,59.21,9.99,14.27,65.05,54.365825373999,0.2928084,64.34278303,-2034.0,2519.0,64.8,2026-09-17,8.91,41.7,False
3970,603121,华培动力,12.24,0.16,0.44,-443.55,12.138882698411,0.1387144,60.7121435,1075.0,3715.0,74.0,2026-09-17,0.83,44.9,False
3971,603122,合富中国,13.64,10.0,12.19,-362.0,12.595752007501,0.240874,67.16478104,-476.0,1602.0,92.0,2026-09-17,8.29,61.8,False
3972,603123,翠微股份,9.64,0.94,2.21,-53.44,9.495617012679,0.2308036,55.88534534,422.0,4746.0,85.2,2026-09-17,1.52,47.6,False
3973,603124,江南新材,134.71,3.01,4.76,61.27,133.64932680247,0.314362,71.49685192,-288.0,593.0,74.0,2026-09-17,0.79,52.9,False
3974,603125,常青科技,23.99,2.0,0.51,34.71,23.552000841819,0.1889656,68.36899137,263.0,1260.0,68.4,2026-09-17,1.86,46.8,False
3975,603126,中材节能,6.25,0.48,0.39,427.35,6.172353206432,0.1760516,62.80713922,-1414.0,3062.0,76.4,2026-09-17,1.26,48.0,False
3976,603127,昭衍新药,45.29,2.65,5.55,22.7,44.309369756917,0.2909108,74.19574723,56.0,275.0,74.0,2026-09-17,2.21,54.9,True
3977,603128,华贸物流,5.4,0.37,0.25,15.99,5.370332643676,0.149698,64.74343587,525.0,2389.0,75.6,2026-09-17,0.55,48.9,False
3978,603129,春风动力,293.85,0.94,0.33,21.18,289.806317769877,0.2791968,74.94291344,435.0,223.0,77.2,2026-09-17,1.4,57.9,False
3979,603130,云中马,38.81,4.95,1.0,66.58,36.86388051368,0.161114,62.31832646,49.0,3221.0,63.2,2026-09-17,5.28,39.4,False
3980,603131,上海沪工,13.83,2.52,1.19,334.79,13.598781097891,0.113404,53.4444458,-1685.0,5026.0,74.8,2026-09-17,1.7,40.0,False
3981,603132,金徽股份,18.27,0.77,0.2,21.85,18.200415893781,0.0948136,65.4299583,249.0,2160.0,69.6,2026-09-17,0.38,45.5,False
3982,603135,中重科技,8.71,0.93,0.31,73.76,8.595883033386,0.1464324,60.8182052,672.0,3679.0,63.2,2026-09-17,1.33,38.4,False
3983,603136,天目湖,9.31,3.56,5.91,32.8,8.825582008903,0.2066276,69.48716976,1871.0,991.0,78.8,2026-09-17,5.49,54.8,False
3984,603137,恒尚节能,19.7,2.76,1.92,60.46,19.067932361612,0.2060084,60.09410667,1023.0,3900.0,61.2,2026-09-17,3.31,36.8,False
3985,603138,海量数据,15.57,10.04,8.1,-24.1,14.360653497271,0.217482,70.89505309,1636.0,709.0,86.4,2026-09-17,8.42,61.3,False
3986,603139,康惠股份,38.35,-1.94,4.1,224.5,41.727508489654,0.3635092,59.12518859,-2151.0,4131.0,76.8,2026-09-17,-8.09,45.4,False
3987,603150,万朗磁塑,70.35,4.56,2.3,60.01,67.656983741936,0.1839532,65.8741059,-132.0,2032.0,68.8,2026-09-17,3.98,45.3,False
3988,603151,邦基科技,16.82,0.9,0.88,-3002.76,16.741919783411,0.1039048,67.39216848,-126.0,1524.0,68.4,2026-09-17,0.47,46.1,False
3989,603153,上海建科,13.14,1.31,0.13,87.51,12.936241659152,0.0453252,67.81303634,164.0,1411.0,68.0,2026-09-17,1.58,46.1,False
3990,603155,新亚强,15.13,1.27,2.31,47.95,15.227276555567,0.2108276,63.48352679,-2154.0,2818.0,82.4,2026-09-17,-0.64,52.3,False
3991,603156,养元饮品,44.44,2.75,0.53,32.79,43.447355237615,0.377544,69.67363794,-356.0,961.0,82.8,2026-09-17,2.28,57.7,False
3992,603158,腾龙股份,10.38,0.0,1.37,22.29,10.420252526395,0.1831088,61.66505746,-586.0,3425.0,74.0,2026-09-17,-0.39,45.6,False
3993,603159,上海亚虹,22.42,-2.31,4.63,-413.68,23.830078215319,0.295072113636,58.93276604,-1242.0,4177.0,67.6,2026-09-17,-5.92,39.8,False
3994,603160,汇顶科技,53.5,1.46,0.37,49.56,53.230578460636,0.2217072,67.12886772,-1382.0,1620.0,83.2,2026-09-17,0.51,55.9,False
3995,603161,科华控股,15.29,0.13,0.66,-450.59,15.280961117307,0.2562828,62.85762406,392.0,3040.0,64.8,2026-09-17,0.06,40.7,False
3996,603162,海通发展,14.09,0.07,8.81,18.51,13.598196104415,0.2815128,76.43440188,1586.0,128.0,80.4,2026-09-17,3.62,61.5,False
3997,603163,圣晖集成,82.97,2.05,1.55,59.09,81.764084526136,0.2150204,74.22557633,-75.0,271.0,73.2,2026-09-17,1.47,54.3,False
3998,603165,荣晟环保,13.43,0.52,0.46,11.03,13.235574053627,0.2760556,60.80146169,393.0,3681.0,73.6,2026-09-17,1.47,44.7,False
3999,603166,福达股份,11.01,2.13,1.07,22.65,10.815283181327,0.1439548,64.43321321,511.0,2490.0,71.2,2026-09-17,1.8,45.9,False
4000,603167,渤海轮渡,8.09,-0.37,0.16,34.65,8.07606592782,0.249956,65.18750616,1556.0,2249.0,73.6,2026-09-17,0.17,48.0,False
4001,603168,莎普爱思,5.67,0.0,0.81,54.39,5.624340577358,0.0407868,59.3507025,167.0,4080.0,69.6,2026-09-17,0.81,41.3,False
4002,603169,兰石重装,6.17,0.65,0.38,-19.85,6.183628157611,0.1502248,52.60521343,-669.0,5086.0,74.8,2026-09-17,-0.22,39.3,False
4003,603170,宝立食品,12.0,0.67,0.17,18.68,11.88083030606,0.0852872,66.66745418,324.0,1760.0,63.6,2026-09-17,1.0,42.4,False
4004,603171,税友股份,38.9,1.51,0.92,83.98,38.529068056407,0.1732208,67.1634088,355.0,1603.0,74.4,2026-09-17,0.96,50.0,False
4005,603172,万丰股份,18.75,0.97,0.43,37.83,18.501028177891,0.1031512,60.55154138,-2161.0,3757.0,69.2,2026-09-17,1.35,41.9,False
4006,603173,福斯达,28.86,1.23,0.15,15.27,28.582864976011,0.1721816,61.26943427,-267.0,3554.0,62.8,2026-09-17,0.97,38.5,False
4007,603175,超颖电子,99.82,-1.96,1.46,-114.08,101.05405248461,0.245332,63.45614006,-1707.0,2831.0,69.6,2026-09-17,-1.22,44.2,False
4008,603176,汇通集团,5.24,-0.57,0.27,-19.57,5.194573676589,0.02559,57.30935981,-1594.0,4515.0,68.4,2026-09-17,0.87,39.2,False
4009,603177,德创环保,11.42,8.66,1.78,-34.49,10.465029972491,0.1598692,55.36013599,-621.0,4829.0,64.4,2026-09-17,9.13,35.7,False
4010,603178,圣龙股份,15.65,0.19,1.34,131.9,15.551683368786,0.1853864,63.41583051,2047.0,2849.0,72.0,2026-09-17,0.63,45.7,False
4011,603179,新泉股份,39.61,0.48,1.48,35.15,38.770868889781,0.3447776,73.41824333,2498.0,349.0,71.6,2026-09-17,2.16,52.6,False
4012,603180,金牌家居,15.38,1.32,0.36,-9.32,15.083934001571,0.0774792,62.15540306,499.0,3282.0,63.6,2026-09-17,1.96,39.5,False
4013,603181,皇马科技,12.41,0.98,0.24,15.74,12.340334629646,0.179732,68.58892338,82.0,1203.0,67.2,2026-09-17,0.56,46.1,False
4014,603182,嘉华股份,13.26,0.45,0.41,19.25,13.064767974196,0.0507,68.02146918,2117.0,1358.0,65.6,2026-09-17,1.49,44.6,False
4015,603183,建研院,5.17,5.08,4.67,-209.5,4.828670319738,0.2814988,61.39981306,-540.0,3510.0,65.2,2026-09-17,7.07,40.0,False
4016,603185,弘元绿能,14.11,0.28,0.36,-7.09,14.061948054,0.1906272,56.31509556,-816.0,4702.0,75.6,2026-09-17,0.34,42.6,False
4017,603186,华正新材,225.5,-1.96,10.35,102.23,240.197783251985,0.461758,70.61097535,-521.0,773.0,93.6,2026-09-17,-6.12,66.1,False
4018,603187,海容冷链,10.77,0.84,0.31,13.25,10.632802532721,0.3372316,70.68393021,511.0,757.0,67.6,2026-09-17,1.29,47.8,False
4019,603188,亚邦股份,4.5,0.0,0.89,129.08,4.465126384229,0.1773376,57.06497098,-773.0,4559.0,67.6,2026-09-17,0.78,38.6,False
4020,603189,*ST网达,9.51,1.71,0.29,-106.34,9.338129756822,0.1275968,59.18615225,335.0,4109.0,70.4,2026-09-17,1.84,41.7,True
4021,603190,亚通精工,15.73,0.45,0.4,19.23,15.553425863845,0.092146,65.94168349,845.0,2007.0,64.4,2026-09-17,1.14,42.5,False
4022,603191,望变电气,13.53,2.42,1.71,123.92,13.286437459567,0.242868,55.97490613,23.0,4735.0,70.4,2026-09-17,1.83,39.4,False
4023,603192,汇得科技,20.23,0.4,0.5,41.8,20.225864576153,0.1217264,67.27214152,356.0,1559.0,68.8,2026-09-17,0.02,46.3,False
4024,603193,润本股份,20.35,2.93,2.01,18.29,19.780876547577,0.0518036,68.20996812,292.0,1303.0,68.0,2026-09-17,2.88,46.4,False
4025,603194,中力股份,33.5,0.48,0.14,15.68,33.315473676116,0.0830356,67.82318872,822.0,1406.0,63.6,2026-09-17,0.55,43.1,False
4026,603195,公牛集团,38.01,0.16,0.04,15.93,37.923501055544,0.16433,69.68175468,-130.0,958.0,80.0,2026-09-17,0.23,55.7,False
4027,603196,璞源材料,19.29,0.31,0.32,68.26,19.168154271717,0.2776244,68.40436118,2395.0,1246.0,67.2,2026-09-17,0.64,46.0,False
4028,603197,保隆科技,29.03,-0.24,0.5,11.78,28.904922080925,0.1296256,66.3968169,708.0,1848.0,70.4,2026-09-17,0.43,46.7,False
4029,603198,迎驾贡酒,37.81,-0.6,0.13,13.02,37.744029516914,0.1580052,68.77449506,468.0,1167.0,77.6,2026-09-17,0.17,53.4,False
4030,603199,九华旅游,33.01,1.41,0.93,12.02,32.329935224993,0.1975544,71.99227224,2108.0,502.0,72.8,2026-09-17,2.1,52.4,False
4031,603200,上海洗霸,40.49,1.48,2.24,-539.44,39.683034447769,0.239176,58.58298142,-2537.0,4242.0,92.4,2026-09-17,2.03,54.1,False
4032,603201,常润股份,15.09,0.8,0.52,15.82,14.907971099185,0.1269284,65.60008489,1283.0,2112.0,60.4,2026-09-17,1.22,39.6,False
4033,603202,天有为,51.62,1.51,0.94,14.15,50.513836171762,0.1435712,67.64299194,1667.0,1452.0,66.0,2026-09-17,2.19,44.6,False
4034,603203,快克智能,46.25,2.94,1.37,50.39,45.360076210961,0.2261136,65.53985404,-1596.0,2129.0,72.8,2026-09-17,1.96,47.7,False
4035,603205,健尔康,22.06,-2.65,7.26,34.1,22.744425232694,0.219036,69.85726669,351.0,918.0,68.8,2026-09-17,-3.01,48.1,False
4036,603206,嘉环科技,13.57,0.59,0.41,66.19,13.50108457793,0.0882524,60.18652473,-519.0,3864.0,65.2,2026-09-17,0.51,39.2,False
4037,603207,小方制药,24.09,0.58,3.21,18.46,23.88308303842,0.163956,65.3644036,711.0,2192.0,72.0,2026-09-17,0.87,47.1,False
4038,603208,江山欧派,10.87,1.4,0.42,-10.33,10.591563241797,0.0939388,57.58180504,-370.0,4462.0,66.0,2026-09-17,2.63,38.0,False
4039,603209,兴通股份,14.71,0.34,0.68,11.22,14.524733524355,0.1900196,69.39965098,-220.0,1014.0,72.8,2026-09-17,1.28,50.5,False
4040,603210,泰鸿万立,13.03,0.85,0.29,20.57,12.93669894448,0.1481156,62.68662977,555.0,3104.0,61.6,2026-09-17,0.72,38.6,False
4041,603211,晋拓股份,20.11,0.95,0.6,149.35,19.999316110358,0.1294192,61.43762799,966.0,3494.0,68.0,2026-09-17,0.55,41.8,False
4042,603212,赛伍技术,11.61,2.56,0.9,-637.75,11.390662821539,0.1433348,62.17880173,-1643.0,3272.0,71.6,2026-09-17,1.93,44.5,False
4043,603213,镇洋发展,13.63,0.22,0.07,1102.42,13.64656184857,0.429936,61.07347767,-633.0,3607.0,66.8,2026-09-17,-0.12,40.8,False
4044,603214,爱婴室,13.25,1.15,1.09,21.71,12.960742971314,0.1017768,67.70792025,420.0,1438.0,71.2,2026-09-17,2.23,48.2,False
4045,603215,比依股份,14.11,-0.14,0.59,-46.48,14.022026730938,0.1069356,59.02272146,247.0,4155.0,66.4,2026-09-17,0.63,39.2,False
4046,603216,梦天家居,20.52,2.6,1.43,72.59,20.420868084575,0.2124664,63.09957868,-2105.0,2944.0,73.6,2026-09-17,0.49,46.4,False
4047,603217,元利科技,27.41,0.77,0.61,19.4,27.59486091847,0.16517,63.80511772,437.0,2708.0,68.4,2026-09-17,-0.67,43.6,False
4048,603218,日月股份,9.42,1.4,0.69,29.91,9.245003891633,0.202636,71.37389238,259.0,616.0,80.8,2026-09-17,1.89,57.7,False
4049,603219,富佳股份,13.01,1.4,0.18,120.18,12.777420827308,0.1695964,58.95635246,-741.0,4174.0,66.8,2026-09-17,1.82,39.4,False
4050,603220,中贝通信,18.2,1.51,1.49,458.12,17.992511695994,0.2074604,60.59194771,-599.0,3746.0,78.8,2026-09-17,1.15,47.7,False
4051,603221,爱丽家居,30.93,-1.15,3.19,-97.37,29.744146656348,0.319362413793,64.26289808,-148.0,2546.0,80.0,2026-09-17,3.99,51.4,False
4052,603222,济民健康,7.78,-0.26,1.24,-41.33,7.781189551743,0.205398,55.12600926,-305.0,4870.0,69.2,2026-09-17,-0.02,38.1,False
4053,603223,恒通股份,9.92,1.54,0.38,18.99,9.741844760802,0.212122,62.19314833,-29.0,3270.0,61.2,2026-09-17,1.83,38.1,False
4054,603225,新凤鸣,16.86,1.57,0.45,9.83,16.573311879735,0.2638492,71.05573034,99.0,672.0,72.4,2026-09-17,1.73,51.4,False
4055,603226,菲林格尔,38.15,1.03,0.73,-182.84,37.6269468116,0.349908,61.85204758,-507.0,3373.0,70.4,2026-09-17,1.39,43.5,False
4056,603227,雪峰科技,7.48,0.4,0.18,15.81,7.420399209888,0.1538972,67.48334916,1219.0,1498.0,72.0,2026-09-17,0.8,48.6,False
4057,603228,景旺电子,104.05,-0.2,1.5,86.59,105.658178976705,0.3889672,67.23536368,-1142.0,1575.0,87.2,2026-09-17,-1.52,58.6,False
4058,603229,奥翔药业,7.61,0.13,0.34,26.36,7.594522756907,0.1095224,59.8240527,-803.0,3968.0,70.8,2026-09-17,0.2,42.4,False
4059,603230,内蒙新华,13.48,10.04,2.02,104.0,12.25,0.3949828,68.02776438,16.0,1356.0,80.0,2026-09-17,10.04,54.4,False
4060,603231,索宝蛋白,16.74,0.66,0.49,23.52,16.532241205815,0.1581436,66.06001805,-114.0,1959.0,66.0,2026-09-17,1.26,43.6,False
4061,603232,格尔软件,15.93,7.42,10.86,-30.31,14.960987499254,0.1471628,60.74663859,-207.0,3696.0,78.8,2026-09-17,6.48,47.9,False
4062,603233,大参林,18.45,0.76,0.5,11.34,18.128586230533,0.0951216,73.68266729,803.0,325.0,72.4,2026-09-17,1.77,53.3,False
4063,603235,天新药业,25.14,0.52,0.04,17.23,24.923803596127,0.0305024,69.46516163,1182.0,1002.0,66.8,2026-09-17,0.87,46.4,False
4064,603236,移远通信,73.83,0.23,2.15,24.84,73.135813047315,0.3562224,71.07849725,-477.0,666.0,88.0,2026-09-17,0.95,62.5,False
4065,603237,五芳斋,14.9,0.74,0.45,7.3,14.647460627478,0.0581868,63.81869528,910.0,2701.0,69.2,2026-09-17,1.72,44.2,False
4066,603238,诺邦股份,12.14,2.71,1.24,20.38,11.734820754452,0.1538744,68.86391017,696.0,1150.0,67.2,2026-09-17,3.45,46.3,False
4067,603239,浙江仙通,13.67,-0.29,0.3,22.94,13.663141963976,0.0786656,64.42898849,-1050.0,2493.0,67.6,2026-09-17,0.05,43.6,False
4068,603248,锡华科技,24.57,9.98,31.46,94.96,20.302060517001,0.3436824,80.30708683,20.0,23.0,83.6,2026-09-17,21.02,67.1,False
4069,603255,鼎际得,33.16,2.09,2.55,50.99,32.545128949106,0.2420772,62.98855972,-1401.0,2980.0,74.4,2026-09-17,1.89,46.9,False
4070,603256,宏和科技,146.29,0.76,2.35,174.36,146.559030572224,0.4287408,79.11657937,-18.0,45.0,92.8,2026-09-17,-0.18,73.4,False
4071,603257,中国瑞林,70.56,0.2,6.89,44.65,71.6370153102,0.3044072,65.43758828,-24.0,2156.0,69.6,2026-09-17,-1.5,45.5,False
4072,603258,电魂网络,13.22,0.92,0.63,-27.3,13.073528703507,0.0881948,57.02641812,118.0,4566.0,72.4,2026-09-17,1.12,41.3,False
4073,603259,药明康德,159.09,-0.87,1.01,21.78,160.594185410117,0.4932452,84.82058402,33.0,1.0,82.4,2026-09-17,-0.94,69.9,False
4074,603260,合盛硅业,32.48,1.53,0.24,59.17,32.219691788207,0.206158,56.82754718,-1567.0,4599.0,76.4,2026-09-17,0.81,43.4,False
4075,603261,立航科技,52.16,-0.32,1.36,-88.54,53.233761547847,0.2591972,54.85382646,-429.0,4902.0,70.4,2026-09-17,-2.02,38.6,False
4076,603262,技源集团,18.14,1.68,1.34,49.64,17.951249275782,0.161956,59.43669663,-964.0,4057.0,68.4,2026-09-17,1.05,40.7,False
4077,603266,天龙股份,17.27,-3.41,3.67,37.93,17.574288400854,0.263984,75.43930047,2415.0,194.0,86.8,2026-09-17,-1.73,65.5,False
4078,603267,鸿远电子,50.83,1.17,1.73,26.77,50.889854816478,0.278076,65.41860386,-1889.0,2168.0,85.6,2026-09-17,-0.12,56.0,False
4079,603268,松发股份,210.64,8.86,2.88,29.73,189.309108937718,0.4281896,74.67290176,481.0,236.0,81.2,2026-09-17,11.27,60.6,False
4080,603269,海鸥股份,25.95,0.86,2.84,142.5,25.763091158661,0.2770392,71.60532469,294.0,577.0,83.2,2026-09-17,0.73,59.6,False
4081,603270,金帝股份,37.1,1.7,6.02,60.04,36.068022981733,0.2607016,65.26126011,-448.0,2225.0,80.0,2026-09-17,2.86,52.2,False
4082,603271,永杰新材,38.55,1.05,0.51,7.43,38.36593384651,0.1653468,62.07238849,-1588.0,3308.0,64.4,2026-09-17,0.48,40.0,False
4083,603272,*ST联翔,16.89,10.03,2.89,-76.28,15.371794147199,0.1423564,52.1732694,-173.0,5112.0,62.0,2026-09-17,9.88,32.3,False
4084,603273,天元智能,14.43,1.62,1.63,100.17,14.105860202759,0.0783324,58.92077939,60.0,4179.0,65.2,2026-09-17,2.3,38.4,False
4085,603275,众辰科技,36.32,1.71,0.61,27.66,35.677500282964,0.1163496,66.85032539,452.0,1709.0,62.8,2026-09-17,1.8,42.0,False
4086,603276,恒兴新材,18.2,2.88,4.01,40.79,17.65388960273,0.166046,64.73536899,-1784.0,2393.0,75.2,2026-09-17,3.09,48.7,False
4087,603277,银都股份,11.43,0.09,0.13,19.9,11.316163178616,0.0729448,64.40928315,-1217.0,2500.0,65.2,2026-09-17,1.01,42.0,False
4088,603278,大业股份,9.06,1.12,0.82,-24.19,8.920779611596,0.0828052,52.20274441,11.0,5110.0,70.0,2026-09-17,1.56,36.5,False
4089,603279,景津装备,11.12,0.82,0.38,14.95,11.058228694934,0.1723708,61.69588851,-341.0,3415.0,70.4,2026-09-17,0.56,43.4,False
4090,603280,南方路机,26.19,1.51,0.56,44.18,25.698039519566,0.0879724,57.69455286,-1661.0,4438.0,74.0,2026-09-17,1.91,42.7,False
4091,603281,江瀚新材,18.6,2.31,0.22,27.08,18.315001682466,0.1251212,60.7263118,-2291.0,3704.0,64.8,2026-09-17,1.56,39.4,False
4092,603282,亚光股份,16.41,2.18,0.64,42.38,15.88123637707,0.0827348,59.18146952,47.0,4112.0,64.8,2026-09-17,3.33,38.3,False
4093,603283,赛腾股份,46.9,2.11,1.7,45.66,46.097572048385,0.2789168,68.2546701,-440.0,1288.0,75.2,2026-09-17,1.74,51.3,False
4094,603284,林平发展,41.33,2.3,3.43,13.39,40.253676362967,0.2535196,62.39952057,-1995.0,3196.0,60.4,2026-09-17,2.67,37.7,False
4095,603285,键邦股份,37.72,-0.74,4.88,43.28,38.612358560355,0.2859192,74.57846719,796.0,241.0,76.8,2026-09-17,-2.31,57.3,False
4096,603286,日盈电子,43.65,0.23,1.68,-106.79,42.967760698301,0.2786616,63.37245495,2050.0,2866.0,69.6,2026-09-17,1.59,44.1,False
4097,603288,海天味业,34.05,0.47,0.08,23.77,33.880760529179,0.2065516,69.19793188,-151.0,1068.0,88.8,2026-09-17,0.5,61.4,False
4098,603289,泰瑞机器,9.62,1.91,0.48,155.4,9.402573342909,0.1667536,64.97041351,1310.0,2316.0,63.6,2026-09-17,2.31,41.3,False
4099,603290,斯达半导,88.36,3.12,1.55,162.77,86.334271204615,0.274352,62.0397757,-2062.0,3317.0,86.8,2026-09-17,2.35,53.9,False
4100,603291,联合水务,8.93,0.56,0.41,65.83,8.986291673176,0.183914,63.45599156,-1274.0,2832.0,69.6,2026-09-17,-0.63,44.2,False
4101,603293,埃泰克,37.06,2.18,3.2,35.53,36.312547644054,0.1590436,63.45301787,-806.0,2835.0,66.8,2026-09-17,2.06,42.4,False
4102,603296,华勤技术,79.14,-0.45,0.87,20.0,79.179817497623,0.387166,76.52416802,-32.0,124.0,81.6,2026-09-17,-0.05,62.4,False
4103,603297,永新光学,112.97,2.92,0.58,65.48,110.767756387409,0.180464,68.03764647,-1108.0,1350.0,77.6,2026-09-17,1.99,52.8,False
4104,603298,杭叉集团,23.57,0.21,0.1,12.71,23.562413062873,0.2237076,67.43515646,-640.0,1514.0,72.4,2026-09-17,0.03,48.8,False
4105,603299,苏盐井神,8.64,-0.12,0.19,23.59,8.650192906498,0.154646,68.06153742,1362.0,1340.0,73.6,2026-09-17,-0.12,50.1,False
4106,603300,海南华铁,4.6,0.22,0.54,19.33,4.607395140057,0.2708316,59.21662979,-130.0,4103.0,74.8,2026-09-17,-0.16,44.3,False
4107,603301,振德医疗,82.4,0.81,0.26,75.61,82.477247539532,0.152,60.63140276,194.0,3738.0,71.2,2026-09-17,-0.09,43.2,False
4108,603303,得邦照明,27.54,0.99,0.35,85.97,27.082180492072,0.1971216,71.84663663,-278.0,538.0,68.8,2026-09-17,1.69,49.4,False
4109,603305,旭升集团,11.1,3.16,1.3,26.98,10.692202056056,0.2944092,66.34306605,2015.0,1866.0,73.2,2026-09-17,3.81,48.6,False
4110,603306,华懋科技,82.2,2.23,1.67,581.57,81.484014951683,0.4109748,69.61190375,86.0,971.0,80.4,2026-09-17,0.88,56.0,False
4111,603307,扬州金泉,24.77,2.02,0.44,19.44,24.245417869339,0.141806,62.616253,-1900.0,3119.0,65.2,2026-09-17,2.16,40.8,False
4112,603308,应流股份,42.04,1.3,1.53,69.21,42.149823145013,0.2692796,67.86532529,1736.0,1395.0,81.6,2026-09-17,-0.26,55.4,False
4113,603309,维力医疗,10.83,0.65,0.42,15.5,10.698180436351,0.2489744,61.11138578,1194.0,3598.0,67.2,2026-09-17,1.23,41.1,False
4114,603310,巍华新材,14.83,0.61,0.24,35.89,14.800800563446,0.149756,57.93165916,-819.0,4381.0,64.8,2026-09-17,0.2,37.5,False
4115,603311,金海高科,25.92,3.68,1.17,68.58,25.085008077102,0.2979232,61.28307421,-105.0,3551.0,67.6,2026-09-17,3.33,41.4,False
4116,603312,西典新能,31.48,0.61,0.55,30.05,31.23938028169,0.1606984,68.16939202,-381.0,1310.0,65.2,2026-09-17,0.77,44.4,False
4117,603313,梦百合,6.8,0.74,1.77,366.15,6.742152758871,0.2516364,64.64790127,-290.0,2411.0,70.0,2026-09-17,0.86,45.3,False
4118,603315,福鞍股份,10.82,1.22,0.69,50.17,10.705969068921,0.1197552,57.79885565,-1112.0,4412.0,65.2,2026-09-17,1.07,37.7,False
4119,603316,诚邦股份,16.69,10.02,14.97,100.59,15.296647975344,0.18785,63.33110439,-451.0,2881.0,88.4,2026-09-17,9.11,56.0,False
4120,603317,天味食品,12.82,1.26,0.24,17.88,12.695848525897,0.0913228,67.03444998,-452.0,1651.0,70.8,2026-09-17,0.98,47.5,False
4121,603318,水发燃气,9.02,0.56,6.03,62.02,8.935738121098,0.2397456,60.25620612,-391.0,3841.0,88.8,2026-09-17,0.94,53.5,False
4122,603319,美湖股份,29.38,3.41,1.9,90.86,28.733798202401,0.3180496,64.80616868,-608.0,2369.0,78.4,2026-09-17,2.25,50.8,False
4123,603320,迪贝电气,18.44,3.6,1.07,41.83,17.74137501519,0.2066656,62.57532104,-244.0,3134.0,68.8,2026-09-17,3.94,43.1,False
4124,603321,梅轮电梯,7.01,3.7,1.3,58.83,6.634875703952,0.0987228,58.90641182,640.0,4180.0,65.6,2026-09-17,5.65,38.6,False
4125,603322,超讯科技,32.74,2.63,2.13,49.87,32.257692217262,0.266026,62.84839274,-789.0,3045.0,80.0,2026-09-17,1.5,50.3,False
4126,603323,苏农银行,4.43,-0.67,0.52,4.05,4.471167451831,0.399316,70.35470088,1500.0,816.0,71.2,2026-09-17,-0.92,50.1,False
4127,603324,盛剑科技,27.12,3.59,1.07,-20.91,26.292228543209,0.0802172,52.24254197,-1025.0,5107.0,69.6,2026-09-17,3.15,36.4,False
4128,603325,博隆技术,52.36,1.02,0.21,21.43,51.915150188679,0.0537128,60.48461315,-6.0,3783.0,61.2,2026-09-17,0.86,37.0,False
4129,603326,我乐家居,7.33,0.27,0.37,23.38,7.220701819995,0.0787088,63.96842694,-30.0,2653.0,69.6,2026-09-17,1.51,44.5,False
4130,603327,福蓉科技,8.39,0.12,0.62,64.34,8.34788252912,0.19344,67.2596046,731.0,1564.0,71.2,2026-09-17,0.5,47.9,False
4131,603328,依顿电子,13.12,-2.81,3.41,60.77,13.504515252041,0.2835588,68.46451144,-925.0,1233.0,90.4,2026-09-17,-2.85,61.9,False
4132,603329,上海雅仕,9.96,0.4,0.71,10.93,9.783169494259,0.0706264,67.23555815,2093.0,1574.0,63.6,2026-09-17,1.81,42.8,False
4133,603330,天洋新材,9.64,4.1,6.67,338.27,9.38316360553,0.2179508,56.35819091,-1203.0,4691.0,75.2,2026-09-17,2.74,42.4,False
4134,603331,百达精工,12.8,2.15,0.95,12.68,12.651585518741,0.1150408,57.61866564,-1568.0,4454.0,69.2,2026-09-17,1.17,39.9,False
4135,603332,苏州龙杰,11.53,0.79,0.68,22.84,11.261847752234,0.134954,69.19628405,929.0,1069.0,69.6,2026-09-17,2.38,48.2,False
4136,603333,福华尚纬,9.48,0.11,0.66,333.77,9.441400571451,0.1914236,59.38469914,-1942.0,4072.0,78.8,2026-09-17,0.41,46.8,False
4137,603334,丰倍生物,30.9,2.25,3.16,27.23,30.165773754441,0.186932,69.86519722,1778.0,917.0,63.6,2026-09-17,2.43,44.4,False
4138,603335,迪生力,6.22,-0.16,1.69,-32.25,6.157922146793,0.2366632,62.03699508,1660.0,3318.0,67.6,2026-09-17,1.01,41.9,False
4139,603336,宏辉果蔬,10.25,2.5,3.31,603.54,10.042529789362,0.2970704,71.00019532,1614.0,687.0,86.0,2026-09-17,2.07,61.1,False
4140,603337,杰克科技,36.46,1.0,0.15,17.66,36.233031047105,0.2428432,72.23590786,210.0,472.0,65.6,2026-09-17,0.63,47.4,False
4141,603338,浙江鼎力,54.0,0.24,0.22,13.82,54.233803405268,0.2124912,73.43871764,583.0,347.0,69.6,2026-09-17,-0.43,51.1,False
4142,603339,四方科技,12.96,1.65,1.97,23.24,12.628303783806,0.2434652,70.69807552,996.0,751.0,72.8,2026-09-17,2.63,51.5,False
4143,603341,龙旗科技,35.46,0.91,0.68,37.66,35.30645187637,0.2686832,60.03581581,-1383.0,3915.0,68.0,2026-09-17,0.43,40.8,False
4144,603344,星德胜,23.91,0.04,2.2,34.21,23.402199909288,0.1681808,68.3073759,1882.0,1276.0,66.8,2026-09-17,2.17,45.6,False
4145,603345,安井食品,79.22,6.44,3.5,16.06,74.265114435363,0.280308,69.09581872,-669.0,1097.0,82.4,2026-09-17,6.67,56.9,False
4146,603348,文灿股份,14.02,0.43,0.22,-10.21,13.898451516446,0.1214036,55.52630953,13.0,4802.0,71.6,2026-09-17,0.87,39.8,False
4147,603350,安乃达,28.03,1.26,0.4,34.85,27.507361183186,0.0596596,59.41348623,-813.0,4064.0,63.2,2026-09-17,1.9,37.5,False
4148,603351,威尔药业,25.64,0.08,0.27,22.61,25.677334573879,0.1080856,67.06199953,445.0,1641.0,62.4,2026-09-17,-0.15,41.8,False
4149,603352,至信股份,25.53,1.55,1.86,53.56,25.100887458577,0.167656,65.97623951,2196.0,1997.0,62.4,2026-09-17,1.71,41.2,False
4150,603353,和顺石油,48.55,9.99,6.17,50.73,43.457641781047,0.365484,77.35584585,133.0,92.0,87.2,2026-09-17,11.72,67.5,False
4151,603355,莱克电气,29.6,-1.33,0.29,36.61,30.241109580645,0.2724428,67.50413428,-500.0,1491.0,78.0,2026-09-17,-2.12,52.7,False
4152,603356,华菱精工,16.97,2.48,0.6,-24.89,16.462937196025,0.1604224,53.17536392,63.0,5047.0,62.8,2026-09-17,3.08,33.4,False
4153,603357,设计总院,5.86,0.34,0.17,-55.21,5.815219456729,0.073776,62.92690544,-1387.0,3010.0,69.2,2026-09-17,0.77,43.5,False
4154,603358,华达科技,44.18,-0.02,0.78,-124.77,45.444681020091,0.5246288,61.65505142,978.0,3429.0,67.6,2026-09-17,-2.78,41.7,False
4155,603359,*ST东珠,2.32,3.11,0.9,-14.42,2.249439610477,0.115882,49.73851582,-201.0,5173.0,66.8,2026-09-17,3.14,33.2,False
4156,603360,百傲化学,12.57,1.95,0.54,68.9,12.453882183693,0.136496,63.60031065,-1693.0,2775.0,74.0,2026-09-17,0.93,47.1,False
4157,603363,傲农生物,2.9,0.35,0.75,-20.86,2.857051388117,0.2521108,62.11208941,1365.0,3296.0,78.0,2026-09-17,1.5,48.4,False
4158,603365,水星家纺,16.19,1.0,0.21,14.15,16.023561182929,0.133572,66.65115409,174.0,1764.0,65.2,2026-09-17,1.04,43.5,False
4159,603366,日出东方,7.13,3.48,2.44,79.09,6.798963821057,0.2172968,64.44407937,-242.0,2485.0,87.6,2026-09-17,4.87,56.5,False
4160,603367,辰欣药业,13.89,0.8,0.8,11.89,13.801273105962,0.2096336,63.73933747,577.0,2733.0,66.0,2026-09-17,0.64,42.1,False
4161,603368,柳药集团,15.37,0.59,0.27,8.27,15.281246718198,0.1875112,70.62795888,220.0,768.0,70.4,2026-09-17,0.58,49.7,False
4162,603369,今世缘,27.43,0.44,0.32,8.21,27.398990768554,0.231262,69.09952659,73.0,1095.0,77.2,2026-09-17,0.11,53.3,False
4163,603370,华新精科,27.44,1.37,0.79,35.87,27.208261627019,0.061596,55.16892106,-1498.0,4862.0,63.6,2026-09-17,0.85,35.1,False
4164,603373,安邦护卫,40.83,1.52,0.68,47.66,40.778502406373,0.293832,64.76559684,-1600.0,2380.0,65.2,2026-09-17,0.13,42.2,False
4165,603375,盛景微,50.59,7.66,11.86,874.59,47.674360140223,0.2190508,57.203781,-2421.0,4533.0,75.6,2026-09-17,6.12,43.2,False
4166,603376,大明电子,27.51,4.6,7.16,168.58,26.085199148989,0.178074,66.94308722,2483.0,1685.0,72.4,2026-09-17,5.46,48.5,False
4167,603377,ST东时,3.31,0.61,0.33,-6.12,3.29216743762,0.1983792,64.00281162,274.0,2636.0,67.6,2026-09-17,0.54,43.3,False
4168,603378,*ST亚士,5.82,-3.0,2.59,-5.58,6.013268609541,0.3075184,56.74556624,501.0,4618.0,69.2,2026-09-17,-3.21,39.3,False
4169,603379,三美股份,51.21,0.06,0.34,14.6,51.674527374825,0.3320244,64.25243454,288.0,2549.0,68.0,2026-09-17,-0.9,43.7,False
4170,603380,易德龙,34.86,2.65,1.28,24.22,34.205245719985,0.1156984,62.84861527,-789.0,3044.0,64.0,2026-09-17,1.91,40.2,False
4171,603381,永臻股份,14.56,1.32,1.5,43.63,14.358886792897,0.1440948,62.39928465,1681.0,3197.0,68.0,2026-09-17,1.4,42.4,False
4172,603382,海阳科技,18.84,2.0,0.71,26.4,18.438370775425,0.0523884,55.60303139,-761.0,4790.0,60.4,2026-09-17,2.18,33.6,False
4173,603383,顶点软件,26.84,0.75,0.42,38.24,26.675131457371,0.1925084,68.90131138,-222.0,1142.0,72.4,2026-09-17,0.62,49.9,False
4174,603385,惠达卫浴,5.5,0.18,0.46,-13.05,5.429206022946,0.0167704,59.35447677,226.0,4079.0,66.0,2026-09-17,1.3,39.2,False
4175,603386,骏亚科技,17.73,0.68,3.93,-342.7,17.892537916744,0.1749824,55.36131866,-462.0,4828.0,86.0,2026-09-17,-0.91,47.6,False
4176,603387,基蛋生物,9.42,0.96,1.29,12.96,9.417548743277,0.1805368,70.64255923,2278.0,765.0,65.2,2026-09-17,0.03,46.1,False
4177,603389,亚振家居,47.86,-0.52,0.4,-385.92,47.651120554381,0.3140268,57.80080623,-2016.0,4410.0,71.6,2026-09-17,0.44,41.4,False
4178,603390,通达电气,10.82,-1.28,1.78,26.2,10.918730445536,0.2061168,74.30920256,812.0,264.0,83.6,2026-09-17,-0.9,62.1,False
4179,603391,力聚热能,66.39,0.14,0.93,92.12,66.217385608683,0.3055724,68.761924,708.0,1172.0,64.4,2026-09-17,0.26,44.3,False
4180,603392,万泰生物,25.32,1.4,0.31,-124.75,25.02337066387,0.1586584,55.90127083,-529.0,4744.0,81.2,2026-09-17,1.19,45.4,False
4181,603393,新天然气,24.9,0.08,0.49,13.68,24.885852487024,0.2169612,69.93965389,282.0,899.0,78.4,2026-09-17,0.06,54.8,False
4182,603395,红四方,26.07,4.07,10.07,129.08,24.807851070934,0.2117384,68.3913335,3674.0,1252.0,78.8,2026-09-17,5.09,53.9,False
4183,603396,金辰股份,27.75,3.01,2.46,57.3,27.048306050349,0.235334,70.30382818,495.0,828.0,79.6,2026-09-17,2.59,56.0,False
4184,603398,*ST沐邦,9.27,1.87,1.17,-9.11,8.948882386168,0.3044344,55.28477103,310.0,4847.0,68.8,2026-09-17,3.59,38.0,False
4185,603399,永杉锂业,13.71,-0.87,2.86,17.75,13.789810138943,0.260262,61.64713198,580.0,3434.0,78.8,2026-09-17,-0.58,48.6,False
4186,603400,华之杰,,,0.0,80.2,52.583573171648,0.1613212,68.84328272,-244.0,1157.0,76.8,2026-09-17,,52.9,False
4187,603402,陕西旅游,64.19,10.01,16.14,25.88,58.38111975616,0.2695404,67.98863608,2402.0,1367.0,68.4,2026-09-17,9.95,46.5,False
4188,603406,天富龙,27.83,0.65,2.29,21.97,28.408443478479,0.1637188,59.77846552,-1427.0,3980.0,73.2,2026-09-17,-2.04,43.8,False
4189,603407,长裕集团,57.34,2.05,5.99,84.97,56.571705485926,0.2675688,63.83428192,-2476.0,2695.0,72.8,2026-09-17,1.36,46.5,False
4190,603408,建霖家居,11.95,1.79,0.31,12.99,11.701957597724,0.0904092,75.98596,60.0,157.0,68.8,2026-09-17,2.12,52.3,False
4191,603409,汇通控股,17.56,0.86,0.95,22.18,17.308825966612,0.1013576,66.74559043,1359.0,1743.0,62.8,2026-09-17,1.45,41.9,False
4192,603416,信捷电气,46.88,0.32,0.48,23.74,46.60837714287,0.2458816,71.3280781,-17.0,625.0,67.2,2026-09-17,0.58,47.9,False
4193,603418,友升股份,46.34,0.91,2.69,17.93,45.896025720425,0.2334172,77.40570436,1261.0,91.0,66.4,2026-09-17,0.97,51.4,False
4194,603421,鼎信通讯,6.99,-0.29,4.34,-11.5,6.938444414727,0.1591648,60.86262841,-1760.0,3663.0,86.8,2026-09-17,0.74,52.8,False
4195,603429,*ST集友,8.69,0.12,0.14,-128.92,8.669548331208,0.162456,55.45229455,172.0,4812.0,64.8,2026-09-17,0.24,35.9,False
4196,603435,嘉德利,49.79,4.14,8.77,84.17,48.651288015301,0.2419152,73.49714066,-15.0,345.0,71.6,2026-09-17,2.34,52.6,False
4197,603439,三力制药,12.93,-1.97,5.57,70.22,13.333936017322,0.2718004,59.82866344,-1609.0,3967.0,83.6,2026-09-17,-3.03,50.0,False
4198,603444,XD吉比特,347.13,-1.4,1.01,11.46,354.751716675713,0.3297412,69.82390804,-727.0,927.0,80.8,2026-09-17,-2.15,56.4,False
4199,603456,九洲药业,15.48,0.0,2.06,17.62,15.417998949314,0.2338452,69.08330902,1500.0,1100.0,76.4,2026-09-17,0.4,52.8,False
4200,603458,勘设股份,10.79,-0.92,1.5,-12.73,10.837144514575,0.3210068,57.53467035,-1109.0,4468.0,68.8,2026-09-17,-0.44,39.6,False
4201,603459,红板科技,88.82,0.84,5.57,62.1,89.400835779135,0.2706596,63.80494962,-1168.0,2709.0,84.4,2026-09-17,-0.65,53.9,False
4202,603466,风语筑,12.66,-1.48,5.16,40.18,12.928171656835,0.2823492,76.11881613,657.0,152.0,91.6,2026-09-17,-2.07,69.7,False
4203,603477,巨星农牧,14.52,-0.82,0.95,-4.53,14.583289649905,0.226184,64.55089838,1146.0,2440.0,73.2,2026-09-17,-0.43,47.3,False
4204,603486,科沃斯,49.79,1.03,0.3,11.56,49.102822751413,0.2389144,66.06213082,103.0,1957.0,81.6,2026-09-17,1.4,53.9,False
4205,603488,展鹏科技,8.0,1.27,0.66,-35.84,7.958203395048,0.1728336,55.07301937,-52.0,4877.0,64.4,2026-09-17,0.53,35.5,False
4206,603489,八方股份,28.92,0.28,0.58,31.62,28.728756766916,0.1842092,71.03046608,2904.0,680.0,72.0,2026-09-17,0.67,51.1,False
4207,603496,XD恒为科,23.1,1.54,1.16,167.58,22.780182156368,0.2271736,59.8963566,-133.0,3950.0,72.8,2026-09-17,1.4,43.6,False
4208,603499,翔港科技,13.78,0.73,0.3,35.34,13.67332505842,0.2157216,65.23453857,48.0,2239.0,64.8,2026-09-17,0.78,42.3,False
4209,603500,祥和实业,9.22,1.32,0.66,21.2,9.095714871081,0.1230648,63.53520684,-203.0,2799.0,62.8,2026-09-17,1.37,39.9,False
4210,603501,豪威集团,81.08,3.13,0.73,41.8,78.606004768132,0.4159536,73.8228329,155.0,308.0,77.2,2026-09-17,3.15,57.0,False
4211,603505,金石资源,15.45,2.93,0.82,72.46,14.899576591965,0.3014172,69.14048143,1284.0,1085.0,69.2,2026-09-17,3.69,47.8,False
4212,603506,南都物业,11.62,1.57,0.92,9.43,11.171081492603,0.1563372,72.84752789,1985.0,398.0,70.4,2026-09-17,4.02,51.3,False
4213,603507,振江股份,24.37,1.63,4.51,19.43,23.701830377898,0.2945452,77.9569831,80.0,72.0,80.4,2026-09-17,2.82,62.7,False
4214,603508,思维列控,21.05,0.81,0.19,12.63,20.920815111513,0.170608,66.85373743,-1059.0,1707.0,72.8,2026-09-17,0.62,48.7,False
4215,603511,爱慕股份,12.21,2.35,0.14,19.21,11.855018755751,0.0559504,65.95730399,1671.0,2003.0,66.0,2026-09-17,2.99,43.5,False
4216,603515,欧普照明,14.71,0.75,0.05,21.47,14.597306463365,0.0940516,65.90546627,55.0,2017.0,68.8,2026-09-17,0.77,45.3,False
4217,603516,淳中科技,86.14,0.65,0.78,66.55,86.261197702839,0.2433592,56.48528305,58.0,4660.0,71.6,2026-09-17,-0.14,40.4,False
4218,603517,ST绝味,11.65,0.78,0.36,26.19,11.483944877748,0.2413092,57.44028359,-25.0,4487.0,74.0,2026-09-17,1.45,42.5,False
4219,603518,锦泓集团,7.74,1.98,1.11,9.16,7.542988696196,0.1254488,62.07749857,-505.0,3307.0,70.0,2026-09-17,2.61,43.5,False
4220,603519,立霸股份,15.53,0.58,0.83,20.96,15.276646143737,0.2505824,73.61012789,1227.0,332.0,70.0,2026-09-17,1.66,51.5,False
4221,603520,司太立,8.43,0.6,0.58,46.28,8.354596607209,0.1604748,55.90698427,182.0,4743.0,67.2,2026-09-17,0.9,37.6,False
4222,603527,众源新材,9.88,1.02,1.26,25.07,9.820300367471,0.14101,60.71346222,191.0,3713.0,70.0,2026-09-17,0.61,42.5,False
4223,603528,多伦科技,6.47,-0.15,1.32,-62.98,6.443467707208,0.2014576,69.35370957,1181.0,1030.0,74.0,2026-09-17,0.41,51.3,False
4224,603529,爱玛科技,21.54,0.05,0.14,14.0,21.49571636225,0.1971892,65.85668572,-1113.0,2036.0,75.2,2026-09-17,0.21,49.5,False
4225,603530,神马电力,43.52,0.05,0.23,43.7,44.122591235612,0.1770652,68.05840407,-1005.0,1341.0,78.8,2026-09-17,-1.37,53.6,False
4226,603533,掌阅科技,23.41,-0.09,2.99,-102.46,23.635486876691,0.256668,72.82995107,2318.0,400.0,86.8,2026-09-17,-0.95,63.2,False
4227,603535,嘉诚国际,6.19,0.98,0.3,55.4,6.076440111071,0.0987428,58.56018289,243.0,4251.0,64.8,2026-09-17,1.87,37.9,False
4228,603536,惠发食品,9.85,2.07,1.1,326.15,9.528825055735,0.1266632,64.94210933,820.0,2321.0,76.0,2026-09-17,3.37,49.4,False
4229,603538,美诺华,26.21,1.0,7.38,69.95,25.936966965869,0.2700256,62.32632639,1314.0,3214.0,72.0,2026-09-17,1.05,44.9,False
4230,603551,奥普科技,9.27,0.43,0.14,16.63,9.214186477505,0.1681728,71.92235361,109.0,512.0,67.6,2026-09-17,0.61,48.6,False
4231,603556,海兴电力,23.49,2.4,0.57,17.65,22.860238907818,0.181556,69.00910419,1257.0,1120.0,69.2,2026-09-17,2.75,47.8,False
4232,603557,*ST起步,3.37,2.12,0.48,-24.6,3.253916575838,0.262782,53.64224299,166.0,5009.0,64.4,2026-09-17,3.57,34.5,True
4233,603558,健盛集团,13.36,-0.07,1.04,13.1,13.226370015078,0.2178128,79.84677893,36.0,30.0,74.0,2026-09-17,1.01,59.1,False
4234,603559,中通国脉,9.23,1.65,2.06,193.2,8.97465416359,0.2842684,60.91215886,1291.0,3651.0,76.0,2026-09-17,2.85,46.3,False
4235,603565,中谷物流,11.77,2.26,0.45,11.41,11.559044893271,0.1116876,71.61462633,847.0,576.0,75.2,2026-09-17,1.83,53.9,False
4236,603566,普莱柯,10.15,0.4,0.33,22.71,10.065133481646,0.113244,66.16863976,1670.0,1921.0,67.6,2026-09-17,0.84,44.7,False
4237,603567,珍宝岛,5.31,0.0,1.08,-9.21,5.299858776646,0.1519308,48.32347693,9.0,5183.0,67.6,2026-09-17,0.19,32.7,False
4238,603568,伟明环保,13.6,1.64,0.15,14.99,13.456094873943,0.148464,65.45908871,-2.0,2150.0,72.8,2026-09-17,1.07,47.7,False
4239,603569,长久物流,5.81,1.04,0.24,235.36,5.688834770152,0.0749024,62.02044909,121.0,3322.0,68.8,2026-09-17,2.13,42.7,False
4240,603577,汇金通,9.5,1.39,0.43,43.41,9.273753598557,0.1254548,57.55537575,112.0,4464.0,64.0,2026-09-17,2.44,36.8,False
4241,603578,三星新材,14.26,1.49,1.16,-42.18,14.012416577394,0.1772136,67.54875899,-329.0,1480.0,69.6,2026-09-17,1.77,47.0,False
4242,603579,荣泰健康,17.23,0.76,0.71,15.44,17.153014024361,0.1319376,69.62648133,24.0,970.0,68.4,2026-09-17,0.45,47.6,False
4243,603580,艾艾精工,64.91,4.16,4.78,748.12,62.043688777548,0.291632363636,64.03912045,178.0,2622.0,79.6,2026-09-17,4.62,51.0,False
4244,603583,捷昌驱动,26.7,0.34,0.64,22.47,26.42522112954,0.3065156,77.46363324,264.0,87.0,75.6,2026-09-17,1.04,58.6,False
4245,603585,苏利股份,10.52,0.57,0.43,26.85,10.378191704945,0.1637772,58.99383493,-30.0,4164.0,71.2,2026-09-17,1.37,42.0,False
4246,603586,金麒麟,13.51,0.37,0.25,76.58,13.359408675488,0.0672784,60.48867748,464.0,3782.0,68.0,2026-09-17,1.13,41.1,False
4247,603587,地素时尚,12.16,0.33,0.27,13.71,12.116909868347,0.0677336,71.45128852,436.0,602.0,70.4,2026-09-17,0.36,50.3,False
4248,603588,高能环境,15.98,2.17,1.49,11.91,15.865323437353,0.3812344,72.43705429,-417.0,447.0,84.0,2026-09-17,0.72,60.8,False
4249,603589,口子窖,17.45,0.58,0.29,14.3,17.304775423941,0.1844284,61.91480168,177.0,3351.0,78.4,2026-09-17,0.84,48.5,False
4250,603590,康辰药业,28.91,1.26,0.6,24.01,28.638281275915,0.1808372,62.42419864,624.0,3185.0,71.6,2026-09-17,0.95,44.7,False
4251,603595,ST东尼,33.1,0.03,0.35,26.91,32.977936705437,0.283098,62.48317299,-1449.0,3171.0,76.8,2026-09-17,0.37,48.0,False
4252,603596,伯特利,28.16,-1.23,0.78,19.7,28.373688313661,0.267838,79.23706396,767.0,43.0,80.8,2026-09-17,-0.75,64.0,False
4253,603598,引力传媒,17.12,-0.41,2.01,131.83,17.082244903748,0.184348,74.46231839,1448.0,250.0,78.8,2026-09-17,0.22,58.7,False
4254,603599,广信股份,10.45,-0.57,0.38,13.32,10.448426883288,0.273356,68.86147247,1331.0,1151.0,73.2,2026-09-17,0.02,50.4,False
4255,603600,永艺股份,10.25,1.18,0.97,12.37,10.065960322155,0.2265092,73.87255245,1648.0,303.0,69.2,2026-09-17,1.83,51.1,False
4256,603601,再升科技,10.12,1.0,6.99,128.9,10.255693448135,0.2120988,63.413727,-449.0,2851.0,92.4,2026-09-17,-1.32,58.6,False
4257,603602,纵横通信,11.4,0.09,0.42,88.25,11.313953881917,0.0691152,63.80850698,173.0,2705.0,70.8,2026-09-17,0.76,45.2,False
4258,603605,珀莱雅,56.2,0.99,0.61,9.53,55.68646797707,0.2149644,71.8016111,309.0,543.0,81.6,2026-09-17,0.92,58.6,False
4259,603606,东方电缆,35.74,0.62,0.87,26.1,35.482998660203,0.2772656,67.12976699,42.0,1619.0,88.0,2026-09-17,0.72,59.1,False
4260,603607,京华激光,24.96,-0.16,3.2,45.89,24.755960554737,0.3484132,77.21082365,93.0,97.0,84.8,2026-09-17,0.82,65.5,False
4261,603608,天创时尚,21.5,1.37,2.33,163.33,21.005408219822,0.4098416,73.59482046,2578.0,335.0,71.6,2026-09-17,2.35,52.7,False
4262,603609,禾丰股份,6.37,-0.47,0.18,-339.57,6.340880952375,0.1889948,65.0968242,1519.0,2282.0,71.6,2026-09-17,0.46,46.6,False
4263,603610,麒盛科技,13.72,1.78,0.53,83.44,13.561093130765,0.1648104,58.17363164,-11.0,4333.0,68.8,2026-09-17,1.17,40.0,False
4264,603611,诺力股份,15.79,0.25,0.21,14.34,15.689955532257,0.138388,63.46711829,809.0,2824.0,69.6,2026-09-17,0.64,44.2,False
4265,603612,索通发展,16.58,1.1,0.67,10.17,16.482221470271,0.2151228,65.86431299,-15.0,2034.0,76.8,2026-09-17,0.59,50.6,False
4266,603613,国联股份,21.39,3.48,2.04,11.24,20.430739792695,0.3304936,78.44981394,1574.0,59.0,76.0,2026-09-17,4.7,59.6,False
4267,603615,茶花股份,19.29,3.27,2.11,271.31,18.828291287708,0.3191408,71.78102274,-317.0,547.0,73.2,2026-09-17,2.45,52.5,False
4268,603616,韩建河山,5.54,-0.72,0.68,-59.25,5.545930210724,0.118324,51.34375447,-631.0,5140.0,71.6,2026-09-17,-0.11,36.8,False
4269,603617,君禾股份,6.74,0.0,0.63,40.32,6.666281704227,0.0762848,61.94453628,-408.0,3345.0,67.2,2026-09-17,1.11,41.6,False
4270,603618,杭电股份,38.22,-1.06,6.11,33.64,39.777041645115,0.3230612,58.99550457,-175.0,4163.0,92.0,2026-09-17,-3.91,54.3,False
4271,603619,中曼石油,21.39,1.28,3.65,49.95,21.332191205163,0.3325732,63.62022008,-2140.0,2773.0,83.6,2026-09-17,0.27,53.2,False
4272,603626,科森科技,23.42,10.0,10.76,23.91,20.933056772474,0.5394988,73.6309379,549.0,330.0,86.8,2026-09-17,11.88,63.9,False
4273,603628,清源股份,10.38,2.06,1.1,67.2,10.11972157678,0.1444108,61.09967895,-1140.0,3601.0,80.4,2026-09-17,2.57,49.1,False
4274,603629,利通电子,111.8,-1.8,5.3,29.19,114.206191972455,0.4049436,78.23438762,1358.0,66.0,80.4,2026-09-17,-2.11,62.9,False
4275,603630,拉芳家化,13.71,2.85,1.31,41.52,13.216050679187,0.1423248,61.81304652,406.0,3386.0,66.0,2026-09-17,3.74,40.8,False
4276,603633,徕木股份,6.51,0.15,0.8,-22.75,6.424500459725,0.13739,60.76538228,467.0,3689.0,67.2,2026-09-17,1.33,40.8,False
4277,603636,南威软件,6.64,0.3,0.62,-11.32,6.618846019166,0.1461884,55.4043802,42.0,4820.0,73.6,2026-09-17,0.32,40.8,False
4278,603637,镇海股份,14.93,0.4,1.72,85.04,14.593875768977,0.3004916,71.79657435,2061.0,544.0,72.4,2026-09-17,2.3,52.0,False
4279,603638,艾迪精密,18.18,1.56,0.35,26.18,17.918921866329,0.195592,63.80927653,61.0,2704.0,70.4,2026-09-17,1.46,44.9,False
4280,603639,海利尔,10.36,0.39,0.13,14.59,10.239372227955,0.1320952,58.20884342,-100.0,4326.0,67.2,2026-09-17,1.18,39.1,False
4281,603648,畅联股份,9.47,1.07,0.26,24.47,9.355513093683,0.1595544,63.33732641,-1658.0,2876.0,70.4,2026-09-17,1.22,44.6,False
4282,603650,彤程新材,72.05,-0.28,2.35,57.05,71.763046630762,0.3499696,75.59220373,1387.0,179.0,92.0,2026-09-17,0.4,69.5,False
4283,603655,朗博科技,29.82,2.05,0.67,83.72,28.959571621622,0.114522,64.12787936,167.0,2592.0,63.6,2026-09-17,2.97,40.8,False
4284,603656,泰禾智能,17.46,0.11,0.37,105.06,17.361670026882,0.1750408,59.78760481,117.0,3977.0,68.0,2026-09-17,0.57,40.7,False
4285,603657,春光科技,35.53,1.66,2.96,-30.22,35.036304829879,0.2238204,65.47869942,-1424.0,2143.0,79.2,2026-09-17,1.41,51.9,False
4286,603658,安图生物,32.03,-0.4,0.13,18.41,32.261145469787,0.1745748,68.36340835,-594.0,1262.0,73.6,2026-09-17,-0.72,50.3,False
4287,603659,璞泰来,22.19,0.23,0.32,16.39,22.320361588974,0.2417596,65.13988158,-378.0,2270.0,78.4,2026-09-17,-0.58,51.1,False
4288,603660,苏州科达,9.53,2.69,2.39,-9.45,9.276985986346,0.2657412,52.26131642,-510.0,5106.0,74.8,2026-09-17,2.73,39.1,False
4289,603661,恒林股份,32.79,4.66,2.65,18.78,30.977769043022,0.1922764,69.12927731,1219.0,1087.0,64.8,2026-09-17,5.85,44.8,False
4290,603662,柯力传感,49.16,1.19,0.84,52.82,48.520890231243,0.2248492,66.62106195,-625.0,1781.0,74.4,2026-09-17,1.32,49.6,False
4291,603663,三祥新材,44.83,2.77,1.71,172.77,44.176587216255,0.3518204,65.9474817,-1454.0,2006.0,87.2,2026-09-17,1.48,57.5,False
4292,603665,康隆达,21.54,-0.42,0.49,40.26,21.548311445269,0.2045492,55.50359597,90.0,4805.0,68.0,2026-09-17,-0.04,37.7,False
4293,603666,亿嘉和,26.02,2.56,0.91,-21.06,25.431050703069,0.2099236,56.19533968,-80.0,4715.0,73.6,2026-09-17,2.32,41.4,False
4294,603667,五洲新春,50.27,-0.48,2.31,158.11,50.123655162173,0.2957804,68.77203754,2840.0,1168.0,73.6,2026-09-17,0.29,50.6,False
4295,603668,天马科技,12.96,1.65,0.89,265.86,12.650188064771,0.2569952,69.31580285,1773.0,1040.0,76.0,2026-09-17,2.45,52.7,False
4296,603669,灵康药业,5.55,-3.81,5.57,93.63,5.634121366276,0.3237308,67.0855615,1605.0,1633.0,65.6,2026-09-17,-1.49,44.0,False
4297,603676,卫信康,8.75,0.0,0.18,13.32,8.721709344304,0.0794356,66.44412992,1118.0,1828.0,65.6,2026-09-17,0.32,43.6,False
4298,603677,奇精机械,14.35,2.87,0.96,256.64,13.675189749298,0.0997088,65.83757312,2105.0,2044.0,64.8,2026-09-17,4.93,42.7,False
4299,603678,火炬电子,50.41,0.82,2.48,49.43,50.458492474465,0.2906272,69.92763778,-829.0,901.0,91.2,2026-09-17,-0.1,63.8,False
4300,603679,华体科技,24.4,3.39,1.96,-76.82,23.662903216259,0.2580344,61.22893617,-417.0,3566.0,78.0,2026-09-17,3.11,47.8,False
4301,603680,今创集团,10.65,5.86,1.17,9.64,9.948253364882,0.1659576,67.08218349,-627.0,1635.0,66.0,2026-09-17,7.05,44.3,False
4302,603681,永冠新材,19.26,1.1,1.69,24.83,19.045492406011,0.2229836,69.7495248,367.0,944.0,70.4,2026-09-17,1.13,49.1,False
4303,603682,锦和商管,9.88,1.44,0.7,102.14,9.774411441144,0.2309916,55.45094035,-581.0,4814.0,64.0,2026-09-17,1.08,35.5,False
4304,603683,晶华新材,16.55,1.91,2.65,49.98,16.342210421064,0.2042908,61.82265192,-27.0,3383.0,80.8,2026-09-17,1.27,50.0,False
4305,603685,晨丰科技,27.23,0.48,0.23,167.78,27.354020643077,0.2033268,63.93185866,-259.0,2665.0,69.6,2026-09-17,-0.45,44.5,False
4306,603686,福龙马,15.47,10.03,5.14,31.96,14.050089751393,0.234922,74.72168261,-193.0,233.0,90.4,2026-09-17,10.11,67.5,False
4307,603687,大胜达,15.85,2.46,1.91,67.57,15.753524295547,0.322994,63.99844736,1301.0,2638.0,73.6,2026-09-17,0.61,47.1,False
4308,603688,石英股份,48.61,0.54,1.42,144.08,49.094326331118,0.2744856,62.4375523,-2359.0,3183.0,82.8,2026-09-17,-0.99,51.7,False
4309,603689,皖天然气,7.67,-0.26,0.29,9.81,7.631641475042,0.152658,68.47806218,326.0,1230.0,69.6,2026-09-17,0.5,47.7,False
4310,603690,至纯科技,24.55,2.46,2.8,-16.39,24.082473823394,0.19949,53.12066243,-1636.0,5052.0,81.6,2026-09-17,1.94,43.3,False
4311,603693,江苏新能,12.47,0.08,0.97,42.09,12.448848617271,0.198926,69.72899448,949.0,948.0,87.2,2026-09-17,0.17,60.8,False
4312,603696,安记食品,14.11,2.84,3.91,99.78,13.667344175438,0.1635128,64.495966,1429.0,2461.0,81.6,2026-09-17,3.24,52.6,False
4313,603697,有友食品,9.11,0.89,0.44,15.7,9.050433815184,0.0671024,62.27572955,-846.0,3241.0,68.4,2026-09-17,0.66,42.6,False
4314,603698,航天工程,21.9,3.3,1.04,69.65,21.40105272965,0.1774692,60.769206,-290.0,3688.0,71.6,2026-09-17,2.33,43.5,False
4315,603699,纽威股份,44.62,0.5,0.21,23.58,44.605381680666,0.119442,73.5465034,285.0,340.0,70.8,2026-09-17,0.03,52.1,False
4316,603700,宁水集团,11.3,0.44,0.64,40.82,11.106647840287,0.1745864,64.47431169,704.0,2474.0,65.2,2026-09-17,1.74,42.0,False
4317,603701,德宏股份,19.92,0.86,0.56,212.5,19.553053205744,0.2715784,64.04377701,851.0,2619.0,70.8,2026-09-17,1.88,45.3,False
4318,603703,盛洋科技,10.4,2.87,1.69,-100.94,10.24899396112,0.139834,55.8624402,-1987.0,4751.0,75.2,2026-09-17,1.47,42.0,False
4319,603706,东方环宇,17.01,0.77,0.17,13.13,16.840624463256,0.0659912,66.49965384,1415.0,1813.0,68.0,2026-09-17,1.01,45.2,False
4320,603707,健友股份,7.49,0.27,0.17,32.26,7.439597786578,0.1679856,66.14863963,1544.0,1928.0,70.0,2026-09-17,0.68,46.3,False
4321,603708,家家悦,9.09,3.65,0.55,15.59,8.773473533911,0.17795,67.47951988,243.0,1501.0,74.0,2026-09-17,3.61,49.9,False
4322,603709,中源家居,12.39,0.98,1.03,301.96,12.079660582402,0.0259928,61.7301751,-617.0,3406.0,67.2,2026-09-17,2.57,41.5,False
4323,603711,香飘飘,11.53,2.4,0.43,219.18,11.144084944899,0.1114672,67.84786268,619.0,1399.0,68.8,2026-09-17,3.46,46.7,False
4324,603712,七一二,11.4,1.06,0.44,-39.7,11.310314086249,0.141448,55.30408975,-109.0,4842.0,76.8,2026-09-17,0.79,42.5,False
4325,603713,密尔克卫,64.33,1.18,0.29,14.69,64.23959807998,0.271892,62.77217873,-1356.0,3077.0,66.0,2026-09-17,0.14,41.4,False
4326,603716,塞力医疗,16.17,1.13,3.83,-38.16,16.062346655138,0.182638,58.48922198,-373.0,4264.0,78.0,2026-09-17,0.67,45.6,False
4327,603717,天域生物,5.84,-0.51,1.08,-15.58,5.787778452395,0.1183664,55.03745724,256.0,4881.0,64.4,2026-09-17,0.9,35.4,False
4328,603718,*ST海利,3.05,0.33,0.37,86.41,3.003467183947,0.1871148,50.96656826,8.0,5156.0,67.2,2026-09-17,1.55,34.2,False
4329,603719,良品铺子,8.99,1.35,0.3,110.47,8.844719152891,0.0633876,56.29262272,-625.0,4706.0,74.4,2026-09-17,1.64,41.9,False
4330,603721,中广天择,18.18,-2.1,4.15,-92.27,18.504763444291,0.2094572,72.4728586,646.0,442.0,79.6,2026-09-17,-1.76,57.7,False
4331,603722,阿科力,29.0,1.47,0.39,-66.71,28.657610263903,0.1739476,56.32038904,-115.0,4700.0,62.4,2026-09-17,1.19,35.1,False
4332,603725,天安新材,11.75,10.02,7.21,53.49,10.68234683558,0.3672944,73.43722772,530.0,348.0,60.8,2026-09-17,9.99,44.6,False
4333,603726,朗迪集团,24.37,2.22,0.89,13.67,24.034398541136,0.2338372,63.66044022,-1837.0,2759.0,68.0,2026-09-17,1.4,43.3,False
4334,603727,博迈科,17.77,4.41,0.66,-35.53,16.955012392477,0.0928584,58.10651621,-1325.0,4344.0,67.2,2026-09-17,4.81,39.0,False
4335,603728,鸣志电器,50.0,3.78,1.36,281.5,47.990049375055,0.2337712,62.80635582,1322.0,3063.0,83.6,2026-09-17,4.19,52.5,False
4336,603729,ST龙韵,12.6,1.61,0.37,119.47,12.34631857348,0.3264236,65.71287478,1640.0,2080.0,68.0,2026-09-17,2.05,44.7,False
4337,603730,岱美股份,9.72,-0.31,0.29,24.84,9.648889806517,0.235114,66.94828576,835.0,1682.0,64.8,2026-09-17,0.74,43.4,False
4338,603733,仙鹤股份,18.96,1.94,0.34,14.34,18.6650757482,0.265606,60.52711699,-63.0,3770.0,69.2,2026-09-17,1.58,41.9,False
4339,603737,三棵树,20.11,0.0,0.29,29.57,20.122138292165,0.1599552,64.95847014,731.0,2318.0,74.0,2026-09-17,-0.06,48.1,False
4340,603738,泰晶科技,37.42,2.16,4.5,142.45,36.985322381889,0.2856196,62.341425,-2483.0,3208.0,83.6,2026-09-17,1.18,52.1,False
4341,603739,蔚蓝生物,12.23,-0.24,0.78,40.13,12.174636481689,0.1243692,63.80776201,-469.0,2706.0,76.0,2026-09-17,0.45,48.5,False
4342,603755,日辰股份,24.26,0.79,0.41,40.68,23.988750926612,0.0650636,60.73488148,-90.0,3699.0,66.0,2026-09-17,1.13,40.1,False
4343,603757,大元泵业,65.3,-1.45,2.01,193.37,65.684196519339,0.3146136,69.00039654,2318.0,1124.0,79.6,2026-09-17,-0.58,54.9,False
4344,603758,秦安股份,10.74,-0.74,0.97,48.14,10.701871588072,0.2202196,66.81071099,1399.0,1719.0,68.4,2026-09-17,0.36,45.7,False
4345,603759,海天股份,7.68,5.64,1.12,52.42,7.202237867987,0.1339196,68.48984298,1602.0,1226.0,68.4,2026-09-17,6.63,46.8,False
4346,603766,隆鑫通用,14.75,-0.87,0.2,15.28,14.799174383216,0.168514,72.03120114,-366.0,495.0,76.4,2026-09-17,-0.33,55.0,False
4347,603767,中马传动,13.45,0.3,0.59,158.23,13.329348789595,0.1105708,63.96937575,928.0,2651.0,73.2,2026-09-17,0.91,46.8,False
4348,603768,常青股份,11.48,0.17,0.34,73.4,11.307200087089,0.0391268,63.39676519,1056.0,2858.0,66.4,2026-09-17,1.53,42.1,False
4349,603773,沃格光电,92.51,-2.62,9.83,-84.15,98.029608320497,0.4659892,71.48999285,437.0,594.0,85.6,2026-09-17,-5.63,61.2,False
4350,603776,永安行,19.62,0.93,0.15,-179.4,19.50635828525,0.1820164,61.31842954,-822.0,3537.0,69.2,2026-09-17,0.58,42.4,False
4351,603777,来伊份,13.12,0.38,0.56,-23.81,13.353266545595,0.2328048,52.69081564,-283.0,5081.0,74.4,2026-09-17,-1.75,39.2,False
4352,603778,国晟科技,8.96,0.9,6.34,-34.25,8.956421547766,0.1400364,48.58845331,-100.0,5181.0,82.8,2026-09-17,0.04,40.2,False
4353,603779,威龙股份,8.37,1.58,1.41,-116.17,8.154782309526,0.164542,62.8345733,786.0,3051.0,71.2,2026-09-17,2.64,44.7,False
4354,603786,科博达,37.58,1.02,0.18,24.54,37.108823179615,0.1799788,72.87940474,1894.0,397.0,69.6,2026-09-17,1.27,50.7,False
4355,603787,新日股份,10.17,0.59,0.35,35.07,10.006226841177,0.0377304,59.60452976,554.0,4018.0,67.2,2026-09-17,1.64,40.1,False
4356,603788,宁波高发,13.57,1.04,0.18,16.21,13.338638636651,0.1417844,67.55632541,476.0,1477.0,66.4,2026-09-17,1.73,44.9,False
4357,603789,ST星农,5.98,1.01,0.37,-10.08,5.921464268812,0.1497636,55.09690072,-408.0,4874.0,67.2,2026-09-17,0.99,37.0,False
4358,603790,雅运股份,24.54,1.36,0.45,37.16,24.093626527208,0.1992752,63.49296408,-1807.0,2812.0,62.8,2026-09-17,1.85,39.9,False
4359,603797,联泰环保,4.65,0.43,0.47,16.34,4.580031865869,0.0785412,58.97892523,-708.0,4169.0,63.2,2026-09-17,1.53,37.3,False
4360,603798,康普顿,13.13,3.79,0.86,38.83,12.581589387914,0.1440188,64.28002161,-1067.0,2540.0,64.4,2026-09-17,4.36,41.4,False
4361,603799,华友钴业,35.36,0.51,0.86,9.54,35.21837609043,0.3366712,65.83311378,108.0,2047.0,82.8,2026-09-17,0.4,54.5,False
4362,603800,洪田股份,59.3,2.51,1.09,-130.54,58.650158645173,0.3634984,54.04758633,-1518.0,4980.0,67.2,2026-09-17,1.11,36.3,False
4363,603801,志邦家居,5.89,1.03,0.59,-8.12,5.773321434373,0.1199556,61.88446949,105.0,3364.0,73.2,2026-09-17,2.02,45.3,False
4364,603803,瑞斯康达,11.6,0.87,1.95,-541.94,11.582409149111,0.1816168,62.92252895,-2282.0,3012.0,88.8,2026-09-17,0.15,55.9,False
4365,603806,福斯特,14.37,2.5,0.43,22.26,14.127265639654,0.2025664,65.3357255,-400.0,2199.0,74.0,2026-09-17,1.72,48.3,False
4366,603808,歌力思,8.62,2.74,0.37,15.6,8.321702720232,0.12281,72.41436469,325.0,450.0,66.0,2026-09-17,3.58,47.8,False
4367,603809,豪能股份,8.52,0.0,0.34,20.87,8.486734320253,0.1526684,68.56588198,2041.0,1206.0,71.6,2026-09-17,0.39,49.1,False
4368,603810,丰山集团,11.79,0.0,0.38,51.92,11.618475036557,0.0440004,57.42344685,-206.0,4495.0,67.6,2026-09-17,1.48,38.8,False
4369,603811,诚意药业,6.8,0.44,0.42,16.42,6.738921611644,0.15416,61.2302989,525.0,3565.0,66.0,2026-09-17,0.91,40.4,False
4370,603813,原尚股份,26.73,0.98,0.33,-34.33,26.330299240733,0.095428,47.30364513,-1.0,5190.0,61.2,2026-09-17,1.52,28.9,False
4371,603815,交建股份,5.18,0.19,0.27,25.77,5.174095390849,0.2338988,53.02655055,-515.0,5059.0,65.2,2026-09-17,0.11,34.6,False
4372,603816,顾家家居,22.4,0.45,0.18,11.2,22.46259318254,0.2107212,71.76163188,131.0,550.0,73.2,2026-09-17,-0.28,52.5,False
4373,603817,海峡环保,5.79,2.12,1.35,11.44,5.65476389396,0.193872,65.07489449,-1156.0,2293.0,71.6,2026-09-17,2.39,46.6,False
4374,603818,曲美家居,4.09,6.79,3.08,-19.13,3.735602485005,0.2862564,64.32907008,1995.0,2525.0,69.6,2026-09-17,9.49,44.8,False
4375,603819,神力股份,15.88,1.15,1.04,86.06,15.689177277851,0.1954,62.59735913,841.0,3127.0,67.2,2026-09-17,1.22,42.1,False
4376,603822,ST嘉澳,66.71,1.15,0.45,38.16,64.511252415459,0.3034768,76.68646128,1492.0,117.0,67.2,2026-09-17,3.41,51.5,False
4377,603823,百合花,55.19,-4.18,3.39,99.48,56.841631217152,0.2884904,73.76826386,615.0,316.0,78.8,2026-09-17,-2.91,58.1,False
4378,603825,ST华扬,7.73,0.39,0.35,-7.95,7.629849445961,0.2492788,58.53600783,221.0,4255.0,71.6,2026-09-17,1.31,41.9,False
4379,603826,坤彩科技,16.37,0.74,0.38,39.7,16.451613976376,0.1349112,63.28046335,-98.0,2895.0,72.8,2026-09-17,-0.5,46.1,False
4380,603828,*ST利达,5.63,0.54,0.09,-36.86,5.575209853326,0.260572,60.18859045,961.0,3863.0,67.2,2026-09-17,0.98,40.4,False
4381,603829,洛凯股份,15.6,0.84,0.65,50.66,15.418277055079,0.0793292,62.35024145,-1362.0,3206.0,66.4,2026-09-17,1.18,41.4,False
4382,603833,欧派家居,28.56,0.74,0.18,19.58,28.473732415214,0.170728,60.46176151,34.0,3787.0,71.6,2026-09-17,0.3,43.3,False
4383,603836,海程邦达,9.41,0.97,0.53,26.35,9.217251175378,0.0616852,60.01863225,-1985.0,3921.0,65.2,2026-09-17,2.09,39.1,False
4384,603838,*ST四通,13.45,-0.59,0.69,-83.5,13.020448111551,0.3787988,65.16044126,2089.0,2261.0,69.2,2026-09-17,3.3,45.1,False
4385,603839,安正时尚,6.71,1.36,0.39,17.35,6.536695878525,0.0754368,62.82580566,-77.0,3053.0,64.4,2026-09-17,2.65,40.5,False
4386,603843,*ST正平,6.92,2.22,0.71,-16.08,6.775643923717,0.2400212,54.03475422,16.0,4981.0,69.6,2026-09-17,2.13,37.6,False
4387,603848,好太太,13.17,1.31,0.35,25.92,12.942663405766,0.1246068,68.38192194,1348.0,1254.0,70.8,2026-09-17,1.76,48.4,False
4388,603855,华荣股份,16.83,0.84,0.12,15.2,16.588427414623,0.1565864,73.38251079,6.0,353.0,68.0,2026-09-17,1.46,49.9,False
4389,603856,东宏股份,11.44,0.62,0.23,15.66,11.377649410354,0.1714192,62.21469547,-304.0,3264.0,65.6,2026-09-17,0.55,40.8,False
4390,603858,步长制药,14.64,0.14,0.15,15.36,14.669957875158,0.1755616,61.92631663,2.0,3349.0,74.4,2026-09-17,-0.2,46.1,False
4391,603859,能科科技,38.79,2.19,1.14,54.56,38.362594364801,0.2703328,66.52141612,-1042.0,1807.0,71.6,2026-09-17,1.11,47.6,False
4392,603860,中公高科,25.49,1.43,1.06,327.71,24.894812030075,0.1118048,65.16540456,1199.0,2258.0,66.8,2026-09-17,2.39,43.5,False
4393,603861,白云电器,11.23,1.17,0.66,35.18,11.105155691234,0.2206644,65.67604946,92.0,2093.0,68.0,2026-09-17,1.12,44.7,False
4394,603863,松炀资源,12.45,2.47,1.23,-43.57,12.026883198858,0.230314,57.76994209,475.0,4419.0,62.8,2026-09-17,3.52,36.3,False
4395,603866,桃李面包,4.2,0.48,0.27,23.13,4.169130699104,0.1986892,64.42053597,1413.0,2496.0,73.6,2026-09-17,0.74,47.4,False
4396,603867,新化股份,32.58,7.38,3.44,21.84,30.432156986407,0.3476428,67.99291685,-389.0,1366.0,68.0,2026-09-17,7.06,46.2,False
4397,603868,飞科电器,32.51,-0.09,0.25,19.7,31.680037140137,0.2055596,76.35870017,416.0,132.0,72.4,2026-09-17,2.62,55.3,False
4398,603869,ST智知,8.45,1.08,0.03,211.12,8.364583320388,0.1228496,57.74263835,121.0,4428.0,66.0,2026-09-17,1.02,38.1,False
4399,603871,嘉友国际,12.28,-0.97,0.3,11.49,12.472807058955,0.1501788,69.67997045,-653.0,959.0,70.0,2026-09-17,-1.55,48.8,False
4400,603876,XD鼎胜新,18.84,0.53,0.57,18.24,18.772160589684,0.1250884,59.45854812,609.0,4050.0,73.2,2026-09-17,0.36,43.5,False
4401,603877,太平鸟,11.88,0.93,0.16,27.44,11.732726865537,0.155886,64.44655765,1629.0,2483.0,64.4,2026-09-17,1.26,41.5,False
4402,603878,武进不锈,4.93,1.23,0.66,-28.15,4.858253275919,0.1236272,54.55956674,-1115.0,4933.0,64.4,2026-09-17,1.48,35.1,False
4403,603879,永悦科技,4.98,0.2,0.87,-69.75,4.949528892511,0.0855924,57.95565279,-448.0,4376.0,68.8,2026-09-17,0.62,39.9,False
4404,603880,南卫股份,8.96,-7.72,5.3,-72.78,9.712810555167,0.1581744,56.57184763,-796.0,4644.0,66.0,2026-09-17,-7.75,37.3,False
4405,603881,数据港,23.94,0.59,0.92,120.15,23.921686027811,0.2889156,67.00653425,671.0,1663.0,79.6,2026-09-17,0.08,53.3,False
4406,603882,金域医学,28.15,3.65,2.51,34.28,27.240704424779,0.1836752,70.62637447,455.0,769.0,82.8,2026-09-17,3.34,58.5,False
4407,603883,老百姓,12.62,0.08,0.47,10.72,12.608498075766,0.2495088,67.48437397,252.0,1496.0,74.4,2026-09-17,0.09,50.2,False
4408,603885,吉祥航空,10.01,0.3,0.31,72.23,9.943766470935,0.2452568,67.95160692,19.0,1374.0,71.6,2026-09-17,0.67,48.7,False
4409,603886,元祖股份,12.29,1.4,0.79,-23.34,12.082769934092,0.174008,59.16178696,1032.0,4119.0,68.0,2026-09-17,1.72,40.2,False
4410,603887,城地香江,8.84,-0.34,1.05,-412.35,8.855902700694,0.2637972,59.6892883,858.0,3997.0,74.8,2026-09-17,-0.18,44.6,False
4411,603888,新华网,18.42,1.77,2.6,46.96,18.130139902068,0.3353268,80.60960406,99.0,20.0,85.6,2026-09-17,1.6,69.0,False
4412,603889,新澳股份,6.17,2.32,0.53,9.0,6.05636721953,0.1724728,74.40830952,159.0,255.0,69.6,2026-09-17,1.88,51.8,False
4413,603890,春秋电子,17.27,-1.03,2.63,60.42,17.239728582555,0.2639452,67.01431068,2627.0,1659.0,76.0,2026-09-17,0.18,50.9,False
4414,603893,瑞芯微,189.57,4.61,1.64,46.69,181.183673654234,0.367496,75.81659036,-35.0,169.0,86.4,2026-09-17,4.63,65.5,False
4415,603895,天永智能,25.39,0.0,0.33,178.62,25.26093276203,0.089342,62.96450883,1037.0,2993.0,65.6,2026-09-17,0.51,41.3,False
4416,603896,寿仙谷,14.11,0.79,0.26,37.93,13.938231270172,0.110586,56.3130067,435.0,4703.0,67.6,2026-09-17,1.23,38.1,False
4417,603897,长城科技,30.27,0.6,2.36,22.04,30.052993326835,0.193736,68.02800241,23.0,1354.0,72.8,2026-09-17,0.72,49.5,False
4418,603898,好莱客,10.96,1.01,0.2,-47.91,10.872224414156,0.0702968,53.06587989,20.0,5056.0,60.4,2026-09-17,0.81,32.1,False
4419,603899,晨光股份,21.9,-0.09,0.08,17.12,21.851756514391,0.1041116,72.60266789,815.0,420.0,76.8,2026-09-17,0.22,55.8,False
4420,603900,莱绅通灵,6.89,2.99,5.06,61.83,6.628700546303,0.1775048,63.06557588,-2294.0,2957.0,86.8,2026-09-17,3.94,54.7,False
4421,603901,永创智能,9.22,0.77,0.45,18.14,9.165300647612,0.117478,63.9881545,177.0,2643.0,71.6,2026-09-17,0.6,45.8,False
4422,603903,中持股份,14.08,0.14,0.86,123.36,13.919979757545,0.2503656,53.47014281,-2.0,5023.0,60.8,2026-09-17,1.15,32.5,False
4423,603906,龙蟠科技,18.2,0.05,0.65,17.12,18.234204900601,0.200962,62.02297391,-2179.0,3321.0,74.4,2026-09-17,-0.19,46.1,False
4424,603908,牧高笛,18.7,0.7,0.83,26.11,18.250206328941,0.048772,56.4877468,-1861.0,4659.0,67.2,2026-09-17,2.46,38.0,False
4425,603909,建发合诚,9.75,0.62,0.48,24.42,9.443417337971,0.0606564,73.28990851,892.0,361.0,66.4,2026-09-17,3.25,48.7,False
4426,603912,佳力图,8.44,1.32,1.21,-33.55,8.420808111469,0.2169432,57.35628691,206.0,4504.0,77.6,2026-09-17,0.23,44.5,False
4427,603915,国茂股份,13.05,0.54,0.27,31.52,12.995075275233,0.1502688,65.28927466,-688.0,2214.0,68.4,2026-09-17,0.42,44.7,False
4428,603916,苏博特,10.63,0.19,0.65,30.18,10.651963244981,0.1846356,63.62355107,-651.0,2771.0,66.8,2026-09-17,-0.21,42.5,False
4429,603917,合力科技,13.65,0.37,1.29,-455.45,13.410090512318,0.2595644,66.63343518,2632.0,1774.0,67.6,2026-09-17,1.79,45.0,False
4430,603918,金桥信息,10.72,2.78,4.48,-50.0,10.421156331405,0.0971284,60.22860943,-707.0,3846.0,77.2,2026-09-17,2.87,46.5,False
4431,603919,金徽酒,16.24,0.56,0.23,19.24,16.235972032616,0.1212248,65.43204838,-894.0,2157.0,74.4,2026-09-17,0.02,48.7,False
4432,603920,世运电路,43.7,0.53,2.95,187.25,43.73267508574,0.3907264,77.28442649,727.0,94.0,89.6,2026-09-17,-0.07,69.2,False
4433,603922,ST金鸿顺,12.99,0.54,0.34,98.68,12.88323695708,0.1611024,55.30713868,12.0,4839.0,62.0,2026-09-17,0.83,34.3,False
4434,603926,铁流股份,17.23,0.88,0.97,29.12,17.00029563332,0.1938524,72.9316442,2228.0,389.0,68.0,2026-09-17,1.35,49.6,False
4435,603927,中科软,13.53,1.42,0.44,62.23,13.431540931963,0.1633124,67.87579299,210.0,1392.0,78.0,2026-09-17,0.73,52.9,False
4436,603928,兴业股份,12.31,0.65,2.07,32.5,12.118994884971,0.1770356,70.78819975,-390.0,729.0,74.0,2026-09-17,1.58,52.4,False
4437,603929,亚翔集成,163.04,2.81,1.01,35.47,160.674150163835,0.2823612,73.96460892,-125.0,297.0,75.6,2026-09-17,1.47,55.9,False
4438,603931,格林达,36.2,1.69,1.28,59.27,35.640243801977,0.1503532,62.6049815,-1944.0,3124.0,72.4,2026-09-17,1.57,45.3,False
4439,603933,睿能科技,19.39,1.52,0.65,30.62,19.043417940705,0.0633004,60.97657229,-1496.0,3632.0,72.4,2026-09-17,1.82,44.1,False
4440,603936,博敏电子,21.3,-0.75,4.64,-134.0,21.808435696885,0.2453568,57.7189892,-1712.0,4433.0,91.2,2026-09-17,-2.33,52.6,False
4441,603937,丽岛新材,11.6,2.02,0.72,34.13,11.277147646788,0.0664224,57.63208699,-881.0,4451.0,64.8,2026-09-17,2.86,37.3,False
4442,603938,三孚股份,50.37,0.02,3.77,80.9,51.373252862029,0.3160156,69.83413891,-421.0,922.0,92.4,2026-09-17,-1.95,64.5,False
4443,603939,益丰药房,22.7,-0.22,0.21,14.28,22.594162802785,0.1316528,70.19340804,-102.0,851.0,71.6,2026-09-17,0.47,50.3,False
4444,603948,建业股份,19.75,2.81,0.53,35.48,19.149053955257,0.0658592,65.51339523,-284.0,2137.0,63.2,2026-09-17,3.14,41.4,False
4445,603949,雪龙集团,13.89,-0.14,0.43,30.41,13.75252796942,0.0848776,62.99479854,1028.0,2975.0,66.8,2026-09-17,1.0,42.1,False
4446,603950,长源东谷,56.71,2.42,0.92,55.13,55.557399857714,0.289986,68.038129,1361.0,1349.0,68.8,2026-09-17,2.07,46.8,False
4447,603955,大千生态,22.81,-0.18,0.48,-46.33,22.8857279556,0.192932,59.28488891,-1959.0,4094.0,74.4,2026-09-17,-0.33,44.1,False
4448,603956,威派格,7.05,3.22,3.78,-15.44,6.873601342088,0.2497688,58.80700555,-3230.0,4201.0,80.8,2026-09-17,2.57,47.5,False
4449,603958,哈森股份,16.73,1.39,1.62,73.01,16.388834280221,0.2212904,63.04497152,1683.0,2962.0,78.8,2026-09-17,2.08,49.7,False
4450,603959,ST百利,4.48,-1.1,0.46,-8.45,4.612284511057,0.2995916,54.11129888,-1610.0,4976.0,68.0,2026-09-17,-2.87,36.8,False
4451,603960,克来机电,17.04,0.24,3.28,-288.01,16.268348951165,0.27956,67.30793547,2306.0,1549.0,73.6,2026-09-17,4.74,49.5,False
4452,603966,法兰泰克,7.35,0.68,0.29,15.62,7.314166001248,0.1393048,62.88190861,-1240.0,3030.0,69.2,2026-09-17,0.49,43.5,False
4453,603967,中创物流,11.78,0.86,0.26,11.74,11.573275009103,0.0486668,65.08822045,-836.0,2285.0,68.0,2026-09-17,1.79,44.3,False
4454,603968,醋化股份,10.39,0.0,0.4,-175.01,10.295069938962,0.0372684,57.74888266,252.0,4424.0,63.6,2026-09-17,0.92,36.7,False
4455,603969,银龙股份,7.56,0.93,0.33,13.67,7.506463332544,0.1695512,66.4139278,-790.0,1843.0,70.8,2026-09-17,0.71,47.0,False
4456,603970,中农立华,11.06,-0.18,0.44,11.98,10.987260311051,0.1439512,66.90169651,207.0,1694.0,68.8,2026-09-17,0.66,46.0,False
4457,603976,正川股份,30.46,5.0,1.78,212.73,28.896847956225,0.2666696,60.02257432,1030.0,3919.0,71.6,2026-09-17,5.41,43.0,False
4458,603977,国泰集团,11.34,1.34,0.4,35.95,11.262738259002,0.2001148,59.07613508,-1799.0,4138.0,67.6,2026-09-17,0.69,39.9,False
4459,603978,深圳新星,22.36,1.5,3.61,117.91,21.798044028903,0.29185,71.47682171,639.0,598.0,82.0,2026-09-17,2.58,58.6,False
4460,603979,金诚信,73.4,0.27,0.3,14.18,72.539589063611,0.233178,73.04481911,-160.0,381.0,77.2,2026-09-17,1.19,56.4,False
4461,603980,吉华集团,8.89,7.89,6.67,65.17,8.288287483147,0.3152328,69.75834249,-633.0,940.0,84.8,2026-09-17,7.26,59.2,False
4462,603982,泉峰汽车,6.26,-1.11,1.15,-6.19,6.197311513932,0.0835216,63.57101746,2130.0,2785.0,71.6,2026-09-17,1.01,45.5,False
4463,603983,丸美生物,29.47,4.24,0.83,38.01,28.202653139619,0.2223344,66.46947026,-398.0,1820.0,68.0,2026-09-17,4.49,45.2,False
4464,603985,恒润股份,16.76,0.84,1.04,54.06,16.733796982416,0.1933312,69.356134,157.0,1028.0,73.6,2026-09-17,0.16,51.0,False
4465,603986,兆易创新,385.89,4.33,3.6,19.81,371.062021809257,0.4521996,72.29854523,-387.0,460.0,82.8,2026-09-17,4.0,59.9,False
4466,603987,康德莱,7.39,0.68,0.41,14.38,7.298573801964,0.1284848,67.83269382,334.0,1403.0,68.4,2026-09-17,1.25,46.4,False
4467,603988,中电电机,18.32,0.16,0.6,458.25,18.19666969921,0.1340232,55.04504675,29.0,4880.0,73.6,2026-09-17,0.68,40.5,False
4468,603989,艾华集团,35.0,-1.3,4.57,41.12,35.891740215942,0.3127756,69.16738541,-288.0,1079.0,88.4,2026-09-17,-2.48,61.1,False
4469,603990,麦迪科技,19.99,2.41,2.46,459.95,19.66030774626,0.3187956,71.29721553,-355.0,632.0,75.2,2026-09-17,1.68,53.6,False
4470,603991,领先股份,180.26,0.69,1.5,76.39,180.493048350466,0.3467272,65.11741682,-994.0,2278.0,73.6,2026-09-17,-0.13,47.9,False
4471,603992,松霖科技,19.99,1.83,0.27,28.63,19.539228613422,0.0664476,63.56981353,-307.0,2787.0,66.4,2026-09-17,2.31,42.2,False
4472,603993,洛阳钼业,17.46,0.63,0.36,11.56,17.389747556894,0.3353064,69.58186293,-726.0,973.0,88.4,2026-09-17,0.4,61.5,False
4473,603995,甬金股份,25.79,1.46,0.48,13.02,25.348043525188,0.19235,71.84724231,198.0,537.0,68.4,2026-09-17,1.74,49.1,False
4474,603997,继峰股份,12.53,1.46,0.82,21.84,12.220579353333,0.3920092,67.16626408,473.0,1601.0,69.2,2026-09-17,2.53,46.5,False
4475,603998,方盛制药,10.42,1.86,1.14,11.57,10.253477684776,0.1263204,68.41201192,-425.0,1243.0,72.0,2026-09-17,1.62,49.3,False
4476,603999,读者传媒,6.64,1.53,1.99,59.11,6.495435514126,0.1720832,62.48947901,484.0,3168.0,76.8,2026-09-17,2.23,48.0,False
4477,605001,威奥股份,5.76,0.35,0.56,-28.06,5.684280802694,0.095348,64.47350059,-620.0,2475.0,67.2,2026-09-17,1.33,43.3,False
4478,605003,众望布艺,24.33,4.33,0.93,45.94,23.05483568762,0.0426464,63.97386404,-464.0,2646.0,64.4,2026-09-17,5.53,41.2,False
4479,605005,合兴股份,16.3,0.06,0.13,40.54,16.051258684926,0.2853852,70.66571002,1260.0,760.0,66.4,2026-09-17,1.55,46.9,False
4480,605006,山东玻纤,16.9,-3.1,6.06,188.96,17.709377798491,0.2364616,71.40897347,1597.0,610.0,90.8,2026-09-17,-4.57,64.8,False
4481,605007,五洲特纸,15.17,2.78,0.47,15.7,14.670207908853,0.0472056,64.49218066,-1505.0,2462.0,64.4,2026-09-17,3.41,41.5,False
4482,605008,长鸿高科,14.33,2.72,0.35,-79.27,13.934777401482,0.1895136,57.46764816,-38.0,4479.0,68.4,2026-09-17,2.84,39.3,False
4483,605009,豪悦护理,24.97,4.83,0.58,17.44,23.757567774454,0.1117096,62.14828455,-292.0,3285.0,68.8,2026-09-17,5.1,42.8,False
4484,605011,杭州热电,18.31,2.29,2.01,38.29,17.838651044935,0.1686556,64.80213244,129.0,2371.0,85.2,2026-09-17,2.64,55.2,False
4485,605016,百龙创园,20.78,-0.14,0.16,20.72,20.889868095429,0.2096536,67.7944178,-515.0,1417.0,68.4,2026-09-17,-0.53,46.4,False
4486,605018,长华集团,11.44,0.35,0.14,151.11,11.324266256323,0.2061876,67.48723427,2408.0,1492.0,64.4,2026-09-17,1.02,43.5,False
4487,605020,永和股份,32.05,1.17,0.45,15.96,31.844915175591,0.2393796,67.55661607,-116.0,1476.0,71.6,2026-09-17,0.64,48.4,False
4488,605028,世茂能源,24.26,1.89,0.33,432.73,23.765070592098,0.1663732,63.82865945,-229.0,2698.0,62.4,2026-09-17,2.08,39.8,False
4489,605033,美邦股份,18.64,0.7,0.64,24.67,18.390917288211,0.14645,60.0338882,306.0,3916.0,68.8,2026-09-17,1.35,41.3,False
4490,605050,福然德,10.15,0.79,0.16,15.61,10.03996580747,0.0654552,62.66549184,970.0,3108.0,63.6,2026-09-17,1.1,39.9,False
4491,605055,迎丰股份,9.05,3.08,0.44,-169.74,8.738700762611,0.0880964,64.61173421,1018.0,2422.0,64.0,2026-09-17,3.56,41.4,False
4492,605056,咸亨国际,13.41,0.15,0.92,43.33,13.087469875202,0.1618452,72.76818091,1419.0,404.0,65.6,2026-09-17,2.46,47.7,False
4493,605058,澳弘电子,48.69,-0.14,12.21,52.48,47.826983623844,0.3199244,68.49131153,-870.0,1225.0,87.2,2026-09-17,1.8,59.7,False
4494,605060,联德股份,38.71,0.36,0.67,33.44,39.132090830643,0.1100296,68.49577349,747.0,1224.0,62.4,2026-09-17,-1.08,42.7,False
4495,605066,天正电气,6.81,-0.29,0.52,50.51,6.790689592754,0.157812,57.51670409,-1818.0,4473.0,68.4,2026-09-17,0.28,39.3,False
4496,605068,明新旭腾,19.33,0.62,1.49,-32.79,19.250625677641,0.1186388,60.44464117,1163.0,3794.0,69.6,2026-09-17,0.41,42.1,False
4497,605069,正和生态,12.13,-2.33,3.55,-18.5,12.190534924563,0.1724268,61.81727324,-1320.0,3384.0,81.6,2026-09-17,-0.5,50.4,False
4498,605077,华康股份,11.41,0.09,1.85,41.15,11.294041707277,0.176134,63.35598296,308.0,2868.0,72.0,2026-09-17,1.03,45.6,False
4499,605080,浙江自然,22.81,0.84,0.41,13.44,22.620646206948,0.2367664,67.24271438,100.0,1573.0,69.2,2026-09-17,0.84,46.5,False
4500,605086,XD龙高股,23.73,1.41,0.24,42.64,23.246513064745,0.0492836,63.17526592,-353.0,2928.0,66.4,2026-09-17,2.08,41.9,False
4501,605088,冠盛股份,24.48,1.28,8.23,19.74,23.066160723349,0.2977232,76.57930343,1118.0,120.0,80.8,2026-09-17,6.13,61.9,False
4502,605089,味知香,20.68,1.32,0.42,34.65,19.929726323016,0.1074184,67.62656185,1521.0,1457.0,64.4,2026-09-17,3.76,43.6,False
4503,605090,九丰能源,32.6,0.87,0.39,12.12,32.326501998826,0.2408236,74.00781418,776.0,288.0,70.8,2026-09-17,0.85,52.4,False
4504,605098,行动教育,54.56,-1.32,0.42,18.94,55.026919043778,0.1112468,70.95509743,246.0,697.0,67.2,2026-09-17,-0.85,47.7,False
4505,605099,共创草坪,29.0,1.15,0.1,15.42,28.646643220736,0.1618924,68.01251825,-71.0,1363.0,68.0,2026-09-17,1.23,46.2,False
4506,605100,华丰股份,33.71,-0.27,1.01,212.92,34.108509316603,0.297944,65.21387041,-35.0,2243.0,84.0,2026-09-17,-1.17,54.8,False
4507,605108,同庆楼,11.96,2.22,0.67,1113.29,11.640621087379,0.0881468,60.84905043,11.0,3667.0,66.4,2026-09-17,2.74,40.4,False
4508,605111,新洁能,61.97,4.63,3.48,55.15,60.030938469036,0.3299548,71.9246096,362.0,511.0,78.8,2026-09-17,3.23,56.7,False
4509,605116,奥锐特,19.52,1.24,0.3,24.97,19.224461639256,0.0753496,68.69191501,1951.0,1186.0,70.4,2026-09-17,1.54,48.4,False
4510,605117,德业股份,83.27,0.45,0.25,19.51,83.976351095039,0.2298044,72.9161964,-99.0,394.0,83.2,2026-09-17,-0.84,60.7,True
4511,605118,力鼎光电,32.85,-0.03,0.27,38.21,33.151183116013,0.167138,68.69760826,-453.0,1184.0,76.4,2026-09-17,-0.91,52.5,False
4512,605122,四方新材,11.57,0.26,0.53,136.17,11.367749145738,0.0764948,61.63830849,346.0,3438.0,66.0,2026-09-17,1.78,40.7,False
4513,605123,派克新材,78.9,0.71,0.4,24.03,78.468608230644,0.1475944,61.84912752,-186.0,3374.0,71.2,2026-09-17,0.55,44.0,False
4514,605128,上海沿浦,22.76,0.57,0.36,38.51,22.894002873557,0.3136584,66.07238546,-1202.0,1955.0,63.6,2026-09-17,-0.59,42.0,False
4515,605133,嵘泰股份,23.87,0.93,1.01,38.77,23.670597088761,0.3115184,61.28991397,399.0,3547.0,67.2,2026-09-17,0.84,41.2,False
4516,605136,丽人丽妆,8.58,1.42,0.76,76.28,8.407182254349,0.1299616,66.5023735,695.0,1811.0,74.0,2026-09-17,2.06,49.2,False
4517,605138,盛泰集团,6.06,1.51,0.26,10.51,5.908686846958,0.0662276,61.58983939,-560.0,3453.0,67.2,2026-09-17,2.56,41.4,False
4518,605151,西上海,18.32,0.49,0.46,36.02,18.0531547763,0.0598552,63.49096969,-874.0,2814.0,62.8,2026-09-17,1.48,39.9,False
4519,605155,西大门,14.51,0.76,0.35,29.51,14.33543516856,0.117454,65.44783298,-254.0,2152.0,63.2,2026-09-17,1.22,41.4,False
4520,605158,华达新材,7.79,-0.13,0.32,65.85,7.750080602397,0.037606,58.64116157,-635.0,4224.0,64.8,2026-09-17,0.52,38.0,False
4521,605162,新中港,12.36,1.31,9.02,67.16,11.495604577403,0.3373072,73.51930531,2322.0,342.0,86.8,2026-09-17,7.52,63.8,False
4522,605166,聚合顺,8.27,1.22,0.46,20.66,8.162613726945,0.1249152,59.77734156,160.0,3981.0,62.8,2026-09-17,1.32,37.5,False
4523,605167,利柏特,16.83,2.12,0.59,45.82,16.594255227169,0.2061392,65.38502785,172.0,2181.0,70.8,2026-09-17,1.42,46.3,False
4524,605168,三人行,51.91,0.48,1.11,69.38,51.791352642918,0.3295964,73.20398005,1351.0,367.0,80.8,2026-09-17,0.23,59.1,False
4525,605169,洪通燃气,12.93,1.33,0.49,18.48,12.717976741473,0.04476,67.04124607,-635.0,1648.0,73.6,2026-09-17,1.67,49.3,False
4526,605177,东亚药业,26.06,1.24,2.74,-12.63,25.834409178292,0.231226,60.73282029,178.0,3700.0,70.4,2026-09-17,0.87,42.8,False
4527,605178,时空科技,69.55,5.62,2.91,-120.51,66.090646579357,0.2702312,55.01528121,-373.0,4884.0,66.0,2026-09-17,5.23,36.3,False
4528,605179,一鸣食品,25.99,2.85,2.49,133.58,25.472344630279,0.2080724,60.49969367,1307.0,3778.0,76.4,2026-09-17,2.03,46.2,False
4529,605180,华生科技,13.74,7.93,0.85,-418.94,12.686696366243,0.017782,61.4026035,-211.0,3509.0,63.6,2026-09-17,8.3,39.1,False
4530,605183,确成股份,15.78,0.7,0.2,18.52,15.641202688232,0.115972,68.79381414,-658.0,1162.0,70.0,2026-09-17,0.89,48.2,False
4531,605186,健麾信息,25.57,0.27,0.42,244.84,25.436822006687,0.1331456,60.84341819,-1403.0,3669.0,62.0,2026-09-17,0.52,37.7,False
4532,605188,国光连锁,13.12,9.97,3.45,153.69,11.856026990851,0.1352672,64.34236056,-1115.0,2520.0,80.8,2026-09-17,10.66,52.0,False
4533,605189,富春染织,14.35,1.2,1.27,9.51,14.113102494618,0.1794136,68.70669942,-271.0,1182.0,61.2,2026-09-17,1.68,42.0,False
4534,605196,华通线缆,30.85,-0.13,0.6,48.23,30.975141000431,0.220922,71.00029169,754.0,686.0,68.4,2026-09-17,-0.4,48.6,False
4535,605198,安德利,83.03,3.98,1.06,110.43,80.417332996967,0.3877892,69.23102528,-289.0,1058.0,71.6,2026-09-17,3.25,49.6,False
4536,605199,ST葫芦娃,5.75,0.7,0.09,-10.14,5.690505195562,0.0901676,48.50324423,3.0,5182.0,70.8,2026-09-17,1.05,34.3,False
4537,605208,永茂泰,14.76,-0.07,0.79,30.27,14.740242873054,0.1894276,67.21493663,-271.0,1584.0,65.6,2026-09-17,0.13,44.1,False
4538,605218,伟时电子,14.45,2.56,1.52,-33.93,13.851044438167,0.1398776,68.25786238,2235.0,1286.0,67.6,2026-09-17,4.32,46.1,False
4539,605222,起帆电缆,22.65,0.4,0.63,23.82,22.685137415048,0.2029696,64.63230842,-179.0,2417.0,74.4,2026-09-17,-0.15,48.1,False
4540,605228,神通科技,10.67,0.85,0.34,27.66,10.619743327107,0.1318152,65.09145081,-314.0,2283.0,69.2,2026-09-17,0.47,45.0,False
4541,605255,天普股份,61.0,0.54,0.15,-285.46,60.976954643191,0.2458348,58.36723013,706.0,4288.0,70.4,2026-09-17,0.04,41.1,False
4542,605258,协和电子,37.42,0.11,4.84,58.28,37.986012340286,0.1823952,65.0124862,-2016.0,2308.0,86.4,2026-09-17,-1.49,56.2,False
4543,605259,绿田机械,17.43,0.4,0.19,16.99,17.182643481018,0.1308468,62.40539079,355.0,3191.0,63.2,2026-09-17,1.44,39.4,False
4544,605266,健之佳,15.35,1.12,0.52,22.11,15.110618616866,0.0752832,60.96121508,277.0,3640.0,65.2,2026-09-17,1.58,39.7,False
4545,605268,王力安防,9.7,2.21,0.28,30.87,9.416492672358,0.105384,66.88398657,1608.0,1699.0,70.4,2026-09-17,3.01,47.1,False
4546,605277,新亚电子,17.61,0.4,1.63,26.55,17.572947110706,0.2037672,69.92633564,-637.0,902.0,86.8,2026-09-17,0.21,60.7,False
4547,605286,同力天启,24.52,1.74,0.74,105.15,24.105172172603,0.1319848,56.7790856,86.0,4611.0,69.2,2026-09-17,1.72,39.3,False
4548,605287,德才股份,35.38,-0.08,0.45,56.01,35.402138505366,0.2480148,65.72236983,2187.0,2076.0,67.6,2026-09-17,-0.06,44.4,False
4549,605288,凯迪股份,69.85,3.87,2.21,-142.58,65.448068134245,0.3485756,71.5119142,1519.0,589.0,67.2,2026-09-17,6.73,48.1,False
4550,605289,罗曼股份,104.36,6.12,1.86,110.64,98.873488606179,0.359172,68.87498164,675.0,1144.0,65.6,2026-09-17,5.55,45.2,False
4551,605296,神农集团,32.78,0.46,0.24,-10.66,32.670900771148,0.1785324,64.20720403,639.0,2565.0,70.4,2026-09-17,0.33,45.2,False
4552,605298,必得科技,43.92,0.16,0.09,194.4,44.018913453299,0.2186028,63.82672657,1333.0,2699.0,63.2,2026-09-17,-0.22,40.3,False
4553,605299,舒华体育,12.55,2.78,1.21,55.1,12.134323602611,0.1400064,63.56649843,495.0,2789.0,76.0,2026-09-17,3.43,48.3,False
4554,605300,佳禾食品,9.98,1.01,0.57,79.15,9.825016268324,0.1694052,60.82522892,1099.0,3673.0,72.0,2026-09-17,1.58,43.8,False
4555,605303,园林股份,,,0.0,-26.86,23.525224039409,0.1054456,57.79134133,5.0,4415.0,74.8,2026-09-17,,43.2,False
4556,605305,中际联合,31.73,-0.81,0.79,12.8,31.390141417586,0.2242336,66.9569523,-22.0,1679.0,70.4,2026-09-17,1.08,47.1,False
4557,605318,法狮龙,78.0,2.47,0.32,-372.78,76.325012253596,0.1923632,56.62994675,-322.0,4638.0,60.0,2026-09-17,2.19,34.0,False
4558,605319,无锡振华,22.02,-0.77,0.46,18.78,22.26378548687,0.29308,61.14472534,135.0,3591.0,66.4,2026-09-17,-1.09,40.6,False
4559,605333,沪光股份,16.36,0.93,0.26,70.79,16.151302809784,0.1128472,68.36981804,2274.0,1259.0,74.4,2026-09-17,1.29,50.9,False
4560,605336,*ST帅电,11.39,0.26,0.24,-105.04,11.507381715363,0.2356536,59.99428105,-1242.0,3926.0,65.2,2026-09-17,-1.02,39.1,False
4561,605337,李子园,8.96,1.7,0.37,26.7,8.780196548109,0.1142188,61.20237725,352.0,3570.0,70.4,2026-09-17,2.05,43.1,False
4562,605338,巴比食品,17.43,0.4,0.39,15.51,17.285032425422,0.106914,67.03751656,347.0,1649.0,68.4,2026-09-17,0.84,45.9,False
4563,605339,南侨食品,12.88,0.94,0.12,1053.39,12.773442319454,0.0823572,57.98030087,656.0,4371.0,63.2,2026-09-17,0.83,36.6,False
4564,605358,立昂微,46.1,1.83,3.14,211.96,45.472172492399,0.3102464,64.16397188,-2060.0,2580.0,92.8,2026-09-17,1.38,59.5,False
4565,605365,立达信,14.01,0.94,0.56,50.39,13.83329833687,0.1486792,61.32107374,-444.0,3536.0,72.8,2026-09-17,1.28,44.6,False
4566,605366,宏柏新材,8.41,0.36,1.3,-106.6,8.542017174918,0.2962244,55.80697779,-2090.0,4760.0,72.4,2026-09-17,-1.55,40.4,False
4567,605368,蓝天燃气,6.71,0.6,0.21,15.09,6.637126610116,0.123532,66.13180515,-924.0,1933.0,69.2,2026-09-17,1.1,45.8,True
4568,605369,拱东医疗,16.78,-0.36,0.43,33.72,16.653131130331,0.129576,65.70355743,2176.0,2082.0,63.2,2026-09-17,0.76,41.5,False
4569,605376,博迁新材,137.04,1.31,2.56,132.19,137.648707265665,0.3312532,66.49119887,-1483.0,1816.0,81.2,2026-09-17,-0.44,54.0,False
4570,605377,华旺科技,8.12,0.25,0.42,17.21,8.058636137591,0.2474308,63.59817631,542.0,2776.0,60.4,2026-09-17,0.76,38.4,False
4571,605378,野马电池,14.9,1.64,1.52,-182.09,14.866604128907,0.1362196,60.17434245,-2958.0,3867.0,84.8,2026-09-17,0.22,51.0,False
4572,605388,均瑶健康,5.91,0.85,0.39,394.4,5.835919064218,0.0878272,56.35690471,129.0,4692.0,70.4,2026-09-17,1.27,39.7,False
4573,605389,长龄液压,65.64,1.99,0.36,85.31,65.215462021531,0.1090984,57.76725468,-393.0,4420.0,62.8,2026-09-17,0.65,36.3,False
4574,605398,新炬网络,20.45,0.64,1.11,-260.0,20.228796991545,0.1821592,63.03401952,1217.0,2966.0,79.2,2026-09-17,1.09,49.9,False
4575,605399,晨光新材,11.41,0.71,0.21,-45.71,11.394268287254,0.0983584,52.56633109,-1349.0,5093.0,68.0,2026-09-17,0.14,35.7,False
4576,605488,福莱新材,30.09,-0.13,1.52,86.84,30.079578855221,0.2359516,72.09127801,1271.0,488.0,78.4,2026-09-17,0.03,56.5,False
4577,605499,东鹏饮料,111.91,0.97,0.24,14.33,110.453891698236,0.3166376,71.67969805,410.0,564.0,82.0,2026-09-17,1.32,58.8,False
4578,605500,森林包装,7.39,1.51,0.57,186.89,7.241078604783,0.0997852,60.15811165,-131.0,3877.0,64.0,2026-09-17,2.06,38.5,False
4579,605507,国邦医药,17.71,2.37,1.15,20.3,17.260521585144,0.1916668,71.13038165,311.0,659.0,78.8,2026-09-17,2.6,56.1,False
4580,605555,德昌股份,12.35,3.35,0.59,88.99,11.849207402807,0.1399088,64.87864616,2041.0,2343.0,67.2,2026-09-17,4.23,43.6,False
4581,605566,福莱蒽特,27.75,3.24,2.07,46.13,27.173787206896,0.2131472,64.15183886,-292.0,2584.0,78.4,2026-09-17,2.12,50.3,False
4582,605567,春雪食品,9.14,0.99,0.91,44.45,8.927543868153,0.0891708,60.27981647,972.0,3834.0,67.6,2026-09-17,2.38,40.7,False
4583,605577,龙版传媒,15.46,3.07,7.31,43.67,14.450956771772,0.188603773585,60.10020181,-278.0,3897.0,80.8,2026-09-17,6.98,48.6,False
4584,605580,恒盛能源,22.75,-2.74,2.74,33.8,22.978584004465,0.1919676,77.13667023,538.0,103.0,85.2,2026-09-17,-0.99,65.7,False
4585,605588,冠石科技,47.36,4.39,1.27,-37.71,45.37202796519,0.1369472,54.28780403,-478.0,4963.0,70.0,2026-09-17,4.38,38.0,False
4586,605589,圣泉集团,40.47,0.22,2.1,38.28,41.202816095641,0.3342108,70.96276364,-662.0,695.0,86.4,2026-09-17,-1.78,61.3,False
4587,605598,上海港湾,25.05,3.3,0.57,-98.93,24.328164656272,0.0600448,56.83262251,-581.0,4597.0,69.2,2026-09-17,2.97,39.3,False
4588,605599,菜百股份,14.08,0.86,0.19,12.54,13.92082679445,0.1417956,65.95141928,-1434.0,2005.0,68.8,2026-09-17,1.14,45.4,False
4589,688001,华兴源创,71.9,2.01,1.3,178.66,70.076809037662,0.4472484,74.76300257,301.0,231.0,73.6,2026-09-17,2.6,55.0,False
4590,688002,睿创微纳,185.42,0.5,0.72,34.27,186.724238664429,0.4038956,77.90367975,-55.0,74.0,82.8,2026-09-17,-0.7,64.5,False
4591,688003,天准科技,83.41,2.72,1.03,82.49,81.618509453656,0.2290524,63.39472604,-2064.0,2860.0,70.0,2026-09-17,2.19,44.4,False
4592,688004,博汇科技,36.05,-2.83,11.54,-69.61,35.885492139582,0.3449148,59.51657981,309.0,4036.0,75.6,2026-09-17,0.46,45.0,False
4593,688005,容百科技,23.72,-0.04,0.46,77.47,23.850320909948,0.2818476,55.49684267,-215.0,4807.0,74.0,2026-09-17,-0.55,41.1,False
4594,688006,杭可科技,20.92,1.11,0.41,40.89,20.707175124052,0.28999,61.96260748,-338.0,3338.0,69.2,2026-09-17,1.03,42.9,False
4595,688007,光峰科技,10.38,1.47,0.8,-25.83,10.251859660017,0.1010308,53.49462654,-67.0,5020.0,65.2,2026-09-17,1.25,34.9,False
4596,688008,澜起科技,201.4,3.64,1.76,61.53,196.532314395379,0.4756188,71.91811131,-470.0,515.0,85.6,2026-09-17,2.48,61.6,False
4597,688009,中国通号,4.64,0.43,0.1,16.67,4.605330859142,0.3340364,63.67215879,-1337.0,2755.0,70.8,2026-09-17,0.75,45.1,False
4598,688010,福光股份,28.05,1.78,1.51,-173.85,28.087679205785,0.176918,59.91371729,-2213.0,3947.0,69.2,2026-09-17,-0.13,41.5,False
4599,688011,新光光电,79.65,-2.1,1.08,-116.97,80.115859732043,0.393964,64.3960593,1979.0,2505.0,66.4,2026-09-17,-0.58,42.8,False
4600,688012,中微公司,354.69,0.99,0.85,60.13,352.512056749468,0.5446392,74.3223983,-246.0,262.0,89.6,2026-09-17,0.62,66.6,False
4601,688013,天臣医疗,22.58,1.94,0.72,66.68,22.069824062745,0.0731248,56.47211803,-366.0,4665.0,61.6,2026-09-17,2.31,34.8,False
4602,688015,交控科技,16.16,1.13,0.27,28.19,15.894461495137,0.0851648,67.5110863,-107.0,1487.0,63.6,2026-09-17,1.67,42.9,False
4603,688016,心脉医疗,84.6,0.53,0.33,16.17,84.319671410009,0.2800504,65.24245121,7.0,2232.0,69.6,2026-09-17,0.33,45.4,False
4604,688017,绿的谐波,292.06,0.49,1.84,381.86,291.779167381162,0.438432,69.0379478,220.0,1110.0,78.4,2026-09-17,0.1,54.1,False
4605,688018,乐鑫科技,113.16,8.62,1.94,39.68,104.223192715702,0.2827652,70.74974214,-598.0,738.0,75.2,2026-09-17,8.57,53.2,False
4606,688019,安集科技,233.68,1.6,1.2,50.17,228.755346114678,0.422552,75.54965411,-66.0,181.0,79.6,2026-09-17,2.15,60.1,False
4607,688020,方邦股份,153.55,-0.87,3.16,-191.75,155.137284454507,0.4933324,66.32000221,-912.0,1873.0,74.0,2026-09-17,-1.02,49.1,False
4608,688021,奥福科技,19.35,2.33,1.29,40.82,18.819772451881,0.0433364,58.00574715,-1209.0,4366.0,61.2,2026-09-17,2.82,35.5,False
4609,688022,ST瀚川,8.85,1.14,0.56,146.18,8.758492605395,0.248844,53.68634509,-63.0,5006.0,62.8,2026-09-17,1.04,33.7,False
4610,688023,安恒信息,43.83,3.42,3.14,-12.71,42.839001853336,0.3511876,68.18838199,807.0,1308.0,73.2,2026-09-17,2.31,49.9,False
4611,688025,杰普特,438.33,0.77,2.24,106.6,437.211711542687,0.4436836,70.65418641,-459.0,763.0,77.6,2026-09-17,0.26,54.8,False
4612,688026,洁特生物,20.96,-0.24,1.4,70.67,20.986394439948,0.1671296,63.48535144,1343.0,2817.0,66.0,2026-09-17,-0.13,41.9,False
4613,688027,国盾量子,355.97,1.84,0.8,-789.96,351.733961666751,0.2888964,58.21429661,-1883.0,4323.0,77.2,2026-09-17,1.2,44.9,False
4614,688028,沃尔德,121.63,-1.58,4.25,157.09,124.931666828872,0.4422912,70.21589283,-453.0,847.0,78.4,2026-09-17,-2.64,55.0,False
4615,688029,南微医学,81.35,-0.43,0.45,25.18,81.224784112908,0.193536,66.77540002,-829.0,1737.0,70.8,2026-09-17,0.15,47.3,False
4616,688030,山石网科,18.06,3.67,1.95,-77.06,17.703087177923,0.1813364,63.34997033,-1748.0,2870.0,68.0,2026-09-17,2.02,43.1,False
4617,688031,星环科技-U,107.62,4.51,3.04,-57.77,104.3356910806,0.2382912,58.50570977,-658.0,4262.0,69.2,2026-09-17,3.15,40.5,False
4618,688032,禾迈股份,68.82,1.49,0.17,-26.03,67.908857161825,0.1258344,53.49390523,-89.0,5021.0,69.2,2026-09-17,1.34,37.0,False
4619,688033,*ST天宜,7.46,0.4,0.34,-12.9,7.42009291722,0.3582684,65.24122353,1251.0,2233.0,64.8,2026-09-17,0.54,42.3,False
4620,688035,德邦科技,79.21,3.34,2.81,82.78,77.590208158792,0.3426456,69.79191885,-858.0,933.0,75.6,2026-09-17,2.09,52.8,False
4621,688036,传音控股,53.0,1.32,0.28,17.2,52.380188675281,0.2822808,67.52769515,-22.0,1485.0,76.8,2026-09-17,1.18,51.9,False
4622,688037,芯源微,366.66,5.97,1.47,4595.67,343.92027957654,0.3846508,67.6033619,154.0,1463.0,78.8,2026-09-17,6.61,53.3,False
4623,688038,中科通达,18.69,0.59,0.49,551.75,18.512527826199,0.0979796,58.86201049,-606.0,4191.0,62.4,2026-09-17,0.96,36.7,False
4624,688039,当虹科技,33.04,0.76,1.14,-56.99,32.649855470384,0.241166,56.22034903,-22.0,4712.0,68.8,2026-09-17,1.19,38.7,False
4625,688041,海光信息,241.85,4.25,0.64,156.28,233.708344805795,0.45558,71.20723549,-483.0,647.0,85.2,2026-09-17,3.48,60.7,False
4626,688045,必易微,60.19,2.45,1.23,56.49,59.368680716621,0.144612,65.97777068,-888.0,1994.0,66.0,2026-09-17,1.38,43.5,False
4627,688046,药康生物,34.68,0.38,2.22,64.19,35.046696652128,0.2970652,76.84536257,79.0,115.0,67.2,2026-09-17,-1.05,51.6,False
4628,688047,龙芯中科,102.12,2.22,0.43,-91.44,99.927593287183,0.2095752,56.03411342,-1464.0,4728.0,75.6,2026-09-17,2.19,42.4,False
4629,688048,长光华芯,338.86,3.28,4.17,984.48,329.980685934679,0.4725084,61.793671,-1939.0,3391.0,82.8,2026-09-17,2.69,51.2,False
4630,688049,炬芯科技,41.51,3.75,2.46,33.58,39.932752753019,0.3614308,73.98439702,-105.0,292.0,71.6,2026-09-17,3.95,53.0,False
4631,688050,爱博医疗,37.77,0.35,0.39,20.01,37.730700831021,0.1630728,61.51402801,-1545.0,3468.0,66.4,2026-09-17,0.1,40.8,False
4632,688051,佳华科技,24.64,3.75,1.09,-16.61,23.620328300322,0.15482,61.65308382,-772.0,3430.0,63.6,2026-09-17,4.32,39.2,False
4633,688052,纳芯微,252.76,6.11,1.01,305.71,239.299577836288,0.259134,68.93289597,895.0,1135.0,69.6,2026-09-17,5.62,48.0,False
4634,688053,ST思科瑞,39.88,3.32,0.42,187.2,38.405580795746,0.2516032,61.53309917,-1502.0,3465.0,62.4,2026-09-17,3.84,38.4,False
4635,688055,龙腾光电,3.72,0.54,0.09,-32.98,3.710290037444,0.1375396,59.80375767,440.0,3973.0,62.0,2026-09-17,0.26,37.1,False
4636,688056,莱伯泰科,42.15,3.77,0.83,106.29,41.130894858764,0.1289416,62.94293795,-595.0,3002.0,59.6,2026-09-17,2.48,37.5,False
4637,688057,金达莱,16.21,-0.06,0.41,365.96,15.900857869662,0.2848592,55.89017637,94.0,4745.0,59.2,2026-09-17,1.94,33.1,False
4638,688058,宝兰德,24.21,2.32,0.64,-15.63,23.495422854866,0.0754096,62.8011265,-906.0,3064.0,64.8,2026-09-17,3.04,40.7,False
4639,688059,华锐精密,85.7,1.54,1.19,25.22,84.788179811785,0.331884,71.63447273,316.0,573.0,66.0,2026-09-17,1.08,47.3,False
4640,688060,云涌科技,36.4,2.36,0.53,-57.21,35.376567676632,0.071194,62.12729147,1461.0,3292.0,62.8,2026-09-17,2.89,39.0,False
4641,688061,灿瑞科技,45.44,3.02,1.05,-108.49,44.964124416807,0.3057412,60.419677,-2553.0,3798.0,66.8,2026-09-17,1.06,40.4,False
4642,688062,迈威生物-U,25.93,0.78,1.75,-11.1,25.735901146159,0.3016364,63.74115831,2148.0,2732.0,64.4,2026-09-17,0.75,41.0,False
4643,688063,派能科技,41.2,0.93,0.8,63.75,40.965125344625,0.2404752,57.64289948,-1859.0,4446.0,71.6,2026-09-17,0.57,41.3,False
4644,688065,凯赛生物,37.87,2.35,0.54,36.64,37.309142601027,0.2910416,62.55452119,-238.0,3144.0,68.0,2026-09-17,1.5,42.5,False
4645,688066,*ST航图,8.86,2.43,0.86,-3.33,8.676877861636,0.2500872,53.28838793,-164.0,5041.0,68.4,2026-09-17,2.11,36.4,False
4646,688067,爱威科技,22.82,1.24,0.75,43.88,22.310320389533,0.0550956,59.55052106,-369.0,4029.0,62.0,2026-09-17,2.28,36.9,False
4647,688068,热景生物,88.0,0.26,1.79,-32.36,87.848082230943,0.1992948,58.5107496,849.0,4260.0,65.6,2026-09-17,0.17,38.4,False
4648,688069,德林海,36.42,0.61,0.33,-502.32,36.317780014262,0.3205256,64.80447029,15.0,2370.0,60.8,2026-09-17,0.28,39.4,False
4649,688070,纵横股份,33.26,5.59,1.85,-58.19,31.960445430924,0.2236368,62.54546395,1238.0,3150.0,65.2,2026-09-17,4.07,40.8,False
4650,688071,华依科技,33.15,3.43,1.37,191.15,32.135473628584,0.2226032,61.24158498,619.0,3561.0,62.4,2026-09-17,3.16,38.2,False
4651,688072,拓荆科技,715.75,3.13,1.24,77.87,691.428339326707,0.556664333333,79.66290248,15.0,35.0,85.2,2026-09-17,3.52,67.9,False
4652,688073,毕得医药,67.05,3.57,5.09,29.49,65.426955657748,0.3262636,76.43056336,22.0,129.0,64.0,2026-09-17,2.48,48.9,False
4653,688075,安旭生物,28.8,1.62,0.17,-171.97,28.189418692491,0.0466836,55.7103146,-47.0,4775.0,62.8,2026-09-17,2.17,35.0,False
4654,688076,ST诺泰,28.88,0.63,0.4,21.27,28.484512706426,0.3935708,72.2203923,1759.0,475.0,66.0,2026-09-17,1.39,47.7,False
4655,688077,大地熊,26.86,2.01,1.01,44.58,26.741782192444,0.204392,63.88426934,630.0,2682.0,65.6,2026-09-17,0.44,41.9,False
4656,688078,龙软科技,29.72,6.45,2.8,-72.8,27.702190986118,0.3125048,65.9956977,785.0,1986.0,64.8,2026-09-17,7.28,42.8,False
4657,688079,美迪凯,16.69,0.3,4.29,-38.52,17.146338424658,0.266606,64.14489675,476.0,2589.0,62.4,2026-09-17,-2.66,40.0,False
4658,688080,映翰通,37.59,1.59,0.61,37.19,36.988993099413,0.1408168,65.76653183,-1143.0,2061.0,62.8,2026-09-17,1.62,41.3,False
4659,688081,兴图新科,26.17,2.03,0.68,-42.63,25.510353511979,0.0854648,56.85455211,186.0,4592.0,61.2,2026-09-17,2.59,34.8,False
4660,688082,盛美上海,295.7,4.69,0.59,72.55,285.110353098835,0.3520688,68.8237595,-982.0,1159.0,76.8,2026-09-17,3.71,52.9,False
4661,688083,中望软件,51.15,1.67,0.38,-251.48,50.450061400848,0.1869212,61.56381231,-285.0,3457.0,65.6,2026-09-17,1.39,40.4,False
4662,688084,晶品特装,43.17,1.05,0.69,-96.36,42.804367001955,0.179822,59.63647964,523.0,4008.0,62.8,2026-09-17,0.85,37.5,False
4663,688085,三友医疗,12.53,2.2,0.38,82.81,12.290674897205,0.1424676,58.57643491,113.0,4244.0,64.0,2026-09-17,1.95,37.5,False
4664,688087,英科再生,33.57,0.21,0.18,21.11,33.4485340925,0.2049132,69.47918487,245.0,995.0,62.0,2026-09-17,0.36,43.1,False
4665,688088,虹软科技,29.39,1.34,0.4,76.42,29.180725562271,0.1774404,64.7775407,87.0,2377.0,70.4,2026-09-17,0.72,45.6,False
4666,688089,ST嘉必优,8.57,0.94,0.23,-7.09,8.437234339804,0.201997254902,56.40399391,384.0,4679.0,63.2,2026-09-17,1.57,35.6,False
4667,688090,瑞松科技,80.2,2.09,2.76,152.11,79.353246917283,0.4306764,70.36101597,344.0,815.0,66.8,2026-09-17,1.07,47.0,False
4668,688091,上海谊众,39.67,1.07,0.61,96.92,39.271944449575,0.2676628,64.85716954,1822.0,2351.0,65.2,2026-09-17,1.01,42.3,False
4669,688092,爱科科技,21.41,1.86,0.5,121.23,20.751247842377,0.114746,62.81398305,-1102.0,3061.0,60.8,2026-09-17,3.17,38.2,False
4670,688093,世华科技,22.58,0.76,0.24,25.87,22.483184080978,0.2059068,67.87596265,-548.0,1391.0,62.0,2026-09-17,0.43,42.1,False
4671,688095,福昕软件,56.76,0.41,1.54,185.75,56.968700574607,0.2543852,66.13733714,377.0,1930.0,66.0,2026-09-17,-0.37,43.7,False
4672,688096,京源环保,7.59,3.55,1.93,508.7,7.37210470882,0.0984176,45.38227257,-11.0,5194.0,60.8,2026-09-17,2.96,27.6,False
4673,688097,博众精工,45.55,1.15,0.56,39.6,45.435846744033,0.1929912,65.3186952,-760.0,2205.0,67.2,2026-09-17,0.25,43.9,False
4674,688098,申联生物,8.07,0.88,0.23,-86.54,7.980985794275,0.1008952,56.12797566,-798.0,4718.0,61.6,2026-09-17,1.12,34.6,False
4675,688099,晶晨股份,88.16,3.21,0.96,30.55,86.283538396682,0.3125764,67.50979486,-1200.0,1488.0,73.6,2026-09-17,2.17,49.7,False
4676,688100,威胜信息,24.92,1.67,0.15,30.28,24.600403017287,0.1131216,62.78742736,-534.0,3070.0,64.4,2026-09-17,1.3,40.4,False
4677,688101,三达膜,14.49,0.63,0.31,13.09,14.392839999385,0.3379924,69.64647764,1750.0,966.0,60.8,2026-09-17,0.68,42.3,False
4678,688102,斯瑞新材,31.33,1.92,0.57,127.37,31.110235676312,0.2768332,63.4476603,-962.0,2841.0,71.2,2026-09-17,0.71,45.2,False
4679,688103,国力电子,77.36,1.91,0.72,117.02,75.325258522471,0.3017444,67.38797628,-453.0,1525.0,62.0,2026-09-17,2.7,41.8,False
4680,688105,诺唯赞,21.55,1.94,2.32,508.14,21.146778969345,0.3341784,67.45222692,2879.0,1508.0,69.6,2026-09-17,1.91,46.9,False
4681,688106,金宏气体,27.64,3.95,2.43,109.17,26.604468337281,0.2856492,60.36102382,-393.0,3811.0,69.2,2026-09-17,3.89,41.8,False
4682,688107,安路科技,30.23,4.42,0.94,-91.42,29.140738706887,0.194082,55.32885087,-427.0,4837.0,64.8,2026-09-17,3.74,35.9,False
4683,688108,赛诺医疗,15.58,-0.19,1.08,64.69,15.658765792717,0.2950304,69.3020396,2472.0,1043.0,64.0,2026-09-17,-0.5,44.4,False
4684,688109,品茗科技,73.93,1.97,0.71,1603.48,72.670261235479,0.1748816,59.81648676,343.0,3972.0,62.4,2026-09-17,1.73,37.3,False
4685,688110,东芯股份,120.15,4.0,1.91,40.31,115.800570770256,0.3708756,65.96131598,-805.0,2002.0,79.2,2026-09-17,3.76,52.2,False
4686,688111,金山办公,222.71,-0.15,0.55,20.52,222.042740291095,0.4205216,71.40791484,21.0,611.0,80.4,2026-09-17,0.3,57.4,False
4687,688112,鼎阳科技,72.97,1.14,1.32,63.44,71.096316578202,0.2772084,75.94834533,1074.0,162.0,68.0,2026-09-17,2.64,51.6,False
4688,688113,联测科技,34.63,1.11,0.36,19.34,33.937204922016,0.0818264,61.37126164,-1143.0,3516.0,62.0,2026-09-17,2.04,38.1,False
4689,688114,华大智造,70.38,6.23,2.86,-93.06,66.574943218191,0.2794548,66.67546368,-776.0,1758.0,73.6,2026-09-17,5.72,49.1,False
4690,688115,思林杰,62.13,6.94,1.88,313.13,58.537004347456,0.2845628,60.35905614,-287.0,3812.0,60.4,2026-09-17,6.14,36.5,False
4691,688116,天奈科技,34.13,0.53,0.61,46.43,33.723231123382,0.2812616,64.42197279,877.0,2494.0,70.8,2026-09-17,1.21,45.6,False
4692,688117,圣诺生物,23.97,1.01,1.81,19.53,23.87981979941,0.2858976,72.10768046,808.0,487.0,64.4,2026-09-17,0.38,46.4,False
4693,688118,普元信息,19.54,2.36,1.23,-20.57,19.107255227177,0.1271252,57.83994185,-1125.0,4400.0,64.4,2026-09-17,2.26,37.2,False
4694,688119,中钢洛耐,3.79,1.07,0.42,-24.89,3.740335080309,0.144222,59.68830537,79.0,3998.0,61.2,2026-09-17,1.33,36.5,False
4695,688120,华海清科,272.52,2.84,0.9,120.06,266.259021971383,0.3875456,69.00501386,-962.0,1121.0,81.6,2026-09-17,2.35,56.3,False
4696,688121,*ST卓然,1.14,-0.87,1.68,-1.35,1.160281592359,0.155094,41.17097456,0.0,5195.0,62.4,2026-09-17,-1.75,25.7,False
4697,688122,西部超导,49.73,0.59,0.46,46.78,49.923276605455,0.3434008,63.69250101,45.0,2750.0,82.4,2026-09-17,-0.39,52.5,False
4698,688123,聚辰股份,147.87,5.17,3.52,22.37,141.322435054616,0.3531892,64.21315028,-1053.0,2563.0,72.4,2026-09-17,4.63,46.5,False
4699,688125,安达智能,122.0,2.52,0.46,-279.07,120.498551302591,0.1545132,59.18121425,-725.0,4113.0,62.8,2026-09-17,1.25,37.2,False
4700,688126,沪硅产业,24.1,1.77,1.13,-41.26,23.803002506084,0.374316,58.58180871,-2127.0,4243.0,78.8,2026-09-17,1.25,46.2,False
4701,688127,蓝特光学,70.29,2.6,1.07,52.43,69.089965783675,0.2919912,68.95870278,-474.0,1130.0,69.6,2026-09-17,1.74,48.0,False
4702,688128,中国电研,21.88,1.2,0.13,16.78,21.645969315584,0.1282828,65.30528656,-1021.0,2211.0,65.2,2026-09-17,1.08,42.6,False
4703,688129,东来技术,21.9,2.53,0.34,28.79,21.138305419078,0.0401084,63.03952911,-925.0,2965.0,61.2,2026-09-17,3.6,38.6,False
4704,688130,晶华微,26.16,5.53,3.18,-783.05,24.815768684085,0.1290592,60.13600813,-2273.0,3888.0,68.4,2026-09-17,5.42,41.1,False
4705,688131,皓元医药,96.61,2.63,1.84,60.17,94.0405568133,0.305714,75.69096829,699.0,173.0,67.2,2026-09-17,2.73,50.9,False
4706,688132,邦彦技术,16.85,-1.63,1.18,-12.31,16.869559260665,0.2354644,66.41457856,328.0,1842.0,68.4,2026-09-17,-0.12,45.4,False
4707,688133,泰坦科技,20.55,2.09,1.37,-39.58,20.23699101746,0.1702208,51.72092819,-81.0,5129.0,62.8,2026-09-17,1.55,32.5,False
4708,688135,利扬芯片,40.72,0.49,3.45,308.68,40.307580408945,0.3295872,69.47169951,2109.0,998.0,77.6,2026-09-17,1.02,53.9,False
4709,688136,科兴制药,20.8,3.53,2.97,15.68,20.185946326341,0.1916664,67.31507617,2189.0,1545.0,69.2,2026-09-17,3.04,46.6,False
4710,688137,近岸蛋白,97.06,-2.7,9.94,-116.18,96.042282738227,0.4022404,68.18942685,58.0,1307.0,76.4,2026-09-17,1.06,52.1,False
4711,688138,清溢光电,38.24,1.7,1.25,51.03,37.430016687914,0.3079092,64.60081644,-1471.0,2425.0,70.4,2026-09-17,2.16,45.5,False
4712,688139,海尔生物,31.17,1.73,0.56,33.46,30.776511863869,0.2518672,67.10522173,28.0,1630.0,68.4,2026-09-17,1.28,45.9,False
4713,688141,杰华特,114.75,2.0,1.34,-49.69,113.348227184525,0.3458556,54.35586554,-1491.0,4958.0,66.4,2026-09-17,1.24,36.1,False
4714,688143,长盈通,185.44,-4.46,5.81,795.29,194.762191759528,0.490896,68.73736736,-7.0,1178.0,80.8,2026-09-17,-4.79,55.5,False
4715,688146,中船特气,233.9,3.54,5.09,177.97,229.956773272217,0.4331992,64.7467782,-2086.0,2388.0,80.4,2026-09-17,1.71,52.1,False
4716,688147,微导纳米,119.27,3.1,1.14,270.36,112.15959383857,0.401284,70.91141475,355.0,706.0,69.2,2026-09-17,6.34,49.1,False
4717,688148,芳源股份,5.97,1.19,1.09,33.76,5.93214396307,0.1665944,61.40556131,-1739.0,3506.0,62.8,2026-09-17,0.64,38.6,False
4718,688150,莱特光电,43.02,0.51,1.34,78.68,43.37689372575,0.3470452,72.37425433,611.0,455.0,68.8,2026-09-17,-0.82,49.8,False
4719,688151,华强科技,16.63,2.15,0.61,300.65,16.343335917812,0.1845672,62.05749067,-1063.0,3310.0,69.2,2026-09-17,1.75,42.9,False
4720,688152,麒麟信安,35.93,2.86,3.09,-754.13,35.136768945167,0.2234476,59.18098041,22.0,4114.0,72.0,2026-09-17,2.26,42.6,False
4721,688153,唯捷创芯,25.59,3.31,0.35,-57.64,24.953683168799,0.1850096,62.96718769,701.0,2992.0,66.0,2026-09-17,2.55,41.6,False
4722,688155,先惠技术,54.69,1.07,1.04,16.49,53.974945006543,0.2850304,64.09350632,-808.0,2606.0,71.2,2026-09-17,1.32,45.6,False
4723,688156,路德科技,22.63,-1.74,1.85,127.67,22.710969223743,0.251876,66.52614628,2125.0,1804.0,62.4,2026-09-17,-0.36,41.5,False
4724,688157,松井股份,18.88,0.85,0.43,-354.16,18.81501862542,0.1142224,58.5692045,-995.0,4248.0,64.0,2026-09-17,0.35,37.5,False
4725,688158,优刻得-W,29.37,2.51,1.73,837.6,28.870038990701,0.2776896,63.13582761,1114.0,2935.0,72.4,2026-09-17,1.73,45.7,False
4726,688159,有方科技,36.34,1.37,2.34,22.61,35.854565140046,0.225066,64.21934211,-2095.0,2559.0,68.8,2026-09-17,1.35,44.2,False
4727,688160,步科股份,97.16,0.83,0.84,121.96,96.465605962359,0.3035748,69.22224472,2115.0,1059.0,67.2,2026-09-17,0.72,46.5,False
4728,688161,威高骨科,21.22,1.1,0.13,32.1,20.852976475039,0.2918912,64.12505823,1188.0,2595.0,64.4,2026-09-17,1.76,41.3,False
4729,688162,巨一科技,24.13,1.22,0.36,37.68,23.461596037067,0.1139588,69.87113243,1304.0,914.0,62.8,2026-09-17,2.85,43.9,False
4730,688163,赛伦生物,36.32,0.94,0.36,55.12,36.261861031268,0.2009732,64.45413112,-63.0,2478.0,61.6,2026-09-17,0.16,39.7,False
4731,688165,埃夫特-U,14.86,1.02,0.37,-68.1,14.736725545767,0.2047048,53.3161809,-75.0,5038.0,66.8,2026-09-17,0.84,35.6,False
4732,688166,博瑞医药,34.79,0.55,1.75,128.63,34.910646948134,0.3254864,66.85276052,1851.0,1708.0,65.2,2026-09-17,-0.35,43.6,False
4733,688167,炬光科技,312.0,3.12,2.85,-301.98,302.827353416682,0.4449316,64.03607524,706.0,2624.0,78.8,2026-09-17,3.03,50.5,False
4734,688168,安博通,43.35,4.41,5.14,-102.8,41.055575432813,0.3743088,69.13107459,170.0,1086.0,68.8,2026-09-17,5.59,47.6,False
4735,688169,石头科技,118.25,-1.91,1.0,15.56,120.101745141745,0.2416764,70.80616881,-14.0,725.0,78.4,2026-09-17,-1.54,55.5,False
4736,688170,德龙激光,69.76,-2.26,5.33,-94.44,72.189064661021,0.4327492,71.90674326,-156.0,519.0,74.8,2026-09-17,-3.36,53.8,False
4737,688171,纬德信息,23.47,3.12,0.58,-176.22,22.843186340484,0.1299728,59.76066017,277.0,3985.0,60.8,2026-09-17,2.74,36.3,False
4738,688172,燕东微,47.38,6.07,0.7,-77.83,44.664625365016,0.194448,53.32388345,-184.0,5037.0,64.4,2026-09-17,6.08,34.3,False
4739,688173,希荻微,13.11,3.8,1.73,-89.62,12.659279695391,0.2557592,67.00072843,1953.0,1667.0,64.0,2026-09-17,3.56,42.9,False
4740,688175,高凌信息,21.74,19.98,5.62,835.06,17.68068544356,0.1780872,61.46114455,1228.0,3489.0,62.0,2026-09-17,22.96,38.1,False
4741,688176,亚虹医药-U,12.5,0.73,1.0,-14.99,12.505931122167,0.2392788,60.41020408,392.0,3799.0,60.4,2026-09-17,-0.05,36.5,False
4742,688177,百奥泰,17.01,1.61,0.47,-13.98,16.793282952623,0.118802,61.22410517,1292.0,3567.0,62.0,2026-09-17,1.29,38.0,False
4743,688178,万德斯,29.57,0.96,0.94,774.5,28.833100010043,0.3327116,61.23932565,326.0,3562.0,60.8,2026-09-17,2.56,37.2,False
4744,688179,阿拉丁,19.97,1.89,1.9,53.34,19.601407828029,0.1900536,69.51508741,-197.0,982.0,62.0,2026-09-17,1.88,43.1,False
4745,688180,君实生物-U,33.44,2.2,0.96,792.42,32.658417881114,0.2580924,63.12666607,1606.0,2936.0,72.4,2026-09-17,2.39,45.7,False
4746,688181,八亿时空,45.36,0.87,3.82,69.05,45.03383258314,0.3796068,65.64553052,-1667.0,2101.0,71.6,2026-09-17,0.72,47.0,False
4747,688182,灿勤科技,28.79,1.48,0.59,102.4,28.548808013221,0.1700652,61.76154129,-872.0,3398.0,66.0,2026-09-17,0.84,40.8,False
4748,688183,生益电子,121.39,0.86,1.18,45.77,122.590021507762,0.4376544,73.84848272,-52.0,306.0,82.4,2026-09-17,-0.98,60.9,False
4749,688184,ST帕瓦,10.59,0.0,0.09,18.42,10.518833964194,0.0837408,50.54276628,-32.0,5165.0,61.2,2026-09-17,0.68,30.9,False
4750,688185,康希诺,68.91,4.33,7.59,-11808.33,66.973407782142,0.3870048,71.36589224,3189.0,619.0,77.6,2026-09-17,2.89,55.4,False
4751,688186,广大特材,14.16,0.85,0.44,160.88,13.986064638906,0.14403,58.62420811,-984.0,4230.0,65.2,2026-09-17,1.24,38.2,False
4752,688187,时代电气,45.58,1.45,0.15,17.71,45.252206562517,0.2692712,67.39332465,-909.0,1523.0,70.4,2026-09-17,0.72,47.4,False
4753,688188,柏楚电子,95.03,0.28,0.15,24.48,94.812219686553,0.1752004,68.32428898,47.0,1273.0,68.8,2026-09-17,0.23,47.0,False
4754,688189,ST南新,6.49,1.41,0.43,-23.82,6.377504483077,0.1235328,52.58237202,20.0,5091.0,61.6,2026-09-17,1.76,32.4,False
4755,688190,云路股份,69.87,1.7,0.29,33.34,69.207552341267,0.173172,66.30248509,0.0,1878.0,64.0,2026-09-17,0.96,42.4,False
4756,688191,智洋创新,21.32,6.65,1.36,-76.14,19.936198261019,0.2197672,60.90242313,956.0,3653.0,63.2,2026-09-17,6.94,38.5,False
4757,688192,迪哲医药-U,57.12,0.58,0.44,-63.15,57.150601096093,0.2632848,60.05480075,1075.0,3912.0,60.4,2026-09-17,-0.05,36.3,False
4758,688193,仁度生物,45.99,1.79,0.44,96.23,44.518657047316,0.0820388,60.02032615,927.0,3920.0,61.2,2026-09-17,3.31,36.7,False
4759,688195,腾景科技,190.17,1.42,2.42,343.81,188.403049416394,0.3266484,64.63330703,-1446.0,2415.0,80.0,2026-09-17,0.94,51.7,False
4760,688196,卓越新能,33.08,0.79,0.53,130.83,32.815064849314,0.1948684,58.32241852,-1761.0,4299.0,65.2,2026-09-17,0.81,38.0,False
4761,688197,首药控股-U,34.51,3.35,2.43,-42.03,33.172006879642,0.2015284,57.72044438,-710.0,4432.0,60.8,2026-09-17,4.03,35.1,False
4762,688198,佰仁医疗,73.17,1.63,0.1,114.83,72.457610808919,0.2897784,63.92768544,-913.0,2667.0,63.6,2026-09-17,0.98,40.7,False
4763,688199,久日新材,25.25,1.57,1.4,46.89,24.795447966799,0.2357212,64.03553955,-496.0,2625.0,67.6,2026-09-17,1.83,43.3,False
4764,688200,华峰测控,395.28,10.81,1.9,95.5,359.006650132287,0.3230012,66.22827137,-1365.0,1901.0,73.2,2026-09-17,10.1,48.5,False
4765,688201,ST信安,7.64,1.6,0.42,-58.93,7.450140703626,0.34243,67.74599873,-607.0,1424.0,64.0,2026-09-17,2.55,43.4,False
4766,688202,美迪西,103.7,-0.18,3.28,135.0,103.661977956991,0.3412352,72.02866363,76.0,497.0,76.0,2026-09-17,0.04,54.7,True
4767,688203,海正生材,17.28,6.27,4.49,83.7,15.858587326956,0.2075976,69.69448386,579.0,956.0,65.6,2026-09-17,8.96,45.7,False
4768,688205,XD德科立,218.04,1.84,3.17,176.68,215.250037309152,0.3682172,64.12239033,-1950.0,2597.0,79.6,2026-09-17,1.3,51.0,False
4769,688206,概伦电子,38.53,3.41,1.03,-1519.76,37.169918768835,0.2160196,57.74851551,-831.0,4425.0,66.8,2026-09-17,3.66,38.6,False
4770,688207,格灵深瞳,19.45,0.78,1.59,-26.51,19.51748482824,0.2529796,58.78859137,-1886.0,4206.0,65.2,2026-09-17,-0.35,38.3,False
4771,688208,道通科技,24.95,-0.56,0.43,19.28,25.255304893716,0.3200172,69.45244184,-99.0,1005.0,68.8,2026-09-17,-1.21,47.8,False
4772,688209,英集芯,37.53,-0.66,2.06,78.38,37.315792946592,0.36429,74.00284975,-19.0,289.0,75.6,2026-09-17,0.57,55.9,False
4773,688210,统联精密,27.93,1.97,0.93,-39.47,27.567089862397,0.257944,62.56707552,1532.0,3136.0,64.0,2026-09-17,1.32,40.0,False
4774,688211,中科微至,30.78,2.23,0.35,155.15,29.970496807167,0.1467324,57.23496516,-82.0,4527.0,61.2,2026-09-17,2.7,35.0,False
4775,688212,澳华内镜,27.89,0.07,0.48,-21.93,28.211954420819,0.1967872,59.62103022,513.0,4013.0,62.8,2026-09-17,-1.14,37.4,False
4776,688213,思特威-W,90.8,0.72,0.61,34.56,90.293705336762,0.2967876,66.54595258,-1308.0,1801.0,70.0,2026-09-17,0.56,46.6,False
4777,688215,瑞晟智能,47.81,-0.08,0.68,81.43,46.597584236909,0.271254,71.54186022,1679.0,586.0,61.6,2026-09-17,2.6,44.1,False
4778,688216,气派科技,38.41,1.53,5.25,184.32,38.137743846114,0.2837748,66.57330609,-1415.0,1794.0,74.4,2026-09-17,0.71,49.5,False
4779,688217,睿昂基因,24.31,2.75,0.9,-55.01,23.20957638969,0.0612252,55.74006923,-322.0,4771.0,62.0,2026-09-17,4.74,34.6,False
4780,688218,江苏北人,40.0,-5.86,3.06,147.24,42.197735856243,0.3651988,61.96779332,1417.0,3335.0,64.4,2026-09-17,-5.21,39.9,False
4781,688219,会通股份,10.16,0.99,0.3,25.99,10.07291841526,0.2210516,63.09262041,92.0,2947.0,62.0,2026-09-17,0.86,39.1,False
4782,688220,翱捷科技-U,96.58,7.04,0.98,239.78,90.58690478643,0.3048068,63.15644125,-732.0,2931.0,66.0,2026-09-17,6.62,41.7,False
4783,688221,前沿生物-U,16.21,1.82,2.59,20.39,16.026319532497,0.2474176,62.87244104,1980.0,3035.0,62.8,2026-09-17,1.15,39.5,False
4784,688222,成都先导,38.97,3.42,6.59,96.77,37.093177628856,0.3296032,76.36028847,-79.0,131.0,77.6,2026-09-17,5.06,59.3,False
4785,688223,晶科能源,3.79,1.34,0.27,-6.33,3.747232545846,0.2119528,56.49209343,-64.0,4657.0,73.6,2026-09-17,1.14,41.6,False
4786,688225,亚信安全,13.5,3.05,1.65,-10.58,13.276816740745,0.2367908,66.99351182,1419.0,1675.0,68.8,2026-09-17,1.68,46.1,False
4787,688226,威腾电气,28.48,2.26,1.34,159.01,28.160585997233,0.1754564,62.89033371,10.0,3025.0,63.2,2026-09-17,1.13,39.7,False
4788,688227,品高股份,74.03,6.47,1.85,945.84,69.68407435635,0.2440952,57.88719981,-1294.0,4391.0,61.6,2026-09-17,6.24,35.7,False
4789,688228,开普云,77.91,0.14,0.71,-138.89,77.865291670594,0.2658036,62.96990668,-822.0,2990.0,66.8,2026-09-17,0.06,42.1,False
4790,688229,博睿数据,61.06,1.55,0.61,-38.06,60.33265644939,0.1558648,54.16577443,40.0,4971.0,61.6,2026-09-17,1.21,33.4,False
4791,688230,芯导科技,61.33,3.6,0.66,47.76,59.303330137821,0.1918144,65.99148172,-440.0,1989.0,66.0,2026-09-17,3.42,43.6,False
4792,688231,隆达股份,31.79,3.25,0.62,47.34,30.933868585209,0.1142204,65.42009822,-172.0,2166.0,63.2,2026-09-17,2.77,41.3,False
4793,688232,新点软件,17.39,0.99,0.21,-44.32,17.225529421466,0.135492,59.75729552,588.0,3987.0,62.8,2026-09-17,0.95,37.5,False
4794,688233,神工股份,103.51,3.32,3.0,214.53,101.087830784239,0.3803312,68.4884623,-710.0,1227.0,72.4,2026-09-17,2.4,49.6,False
4795,688234,天岳先进,107.39,2.87,1.03,-443.93,105.723519689254,0.257312,57.49360549,-2124.0,4476.0,77.6,2026-09-17,1.58,44.6,False
4796,688235,百济神州,254.19,-0.48,1.54,59.93,255.686873530677,0.3888128,73.39531825,1270.0,351.0,80.4,2026-09-17,-0.59,59.0,False
4797,688236,春立医疗,13.78,1.55,0.35,22.03,13.526938019093,0.0940876,63.97355919,-9.0,2647.0,62.4,2026-09-17,1.87,39.9,False
4798,688237,超卓航科,58.5,2.2,0.56,351.6,57.197763206295,0.318048727273,59.95684533,-852.0,3940.0,62.0,2026-09-17,2.28,37.2,False
4799,688238,和元生物,6.85,1.18,3.05,-21.92,6.752371063655,0.1997056,66.40225421,1070.0,1846.0,68.0,2026-09-17,1.45,45.2,False
4800,688239,航宇科技,56.46,4.05,2.38,46.02,54.186050378092,0.3186556,70.74797342,1110.0,739.0,72.4,2026-09-17,4.2,51.2,False
4801,688244,永信至诚,16.11,10.8,7.91,-22.74,15.008294673402,0.1992248,60.29059815,-670.0,3831.0,70.8,2026-09-17,7.34,42.7,False
4802,688246,嘉和美康,16.35,1.43,0.64,-14.06,16.085781151259,0.1315128,51.95364356,-315.0,5123.0,63.2,2026-09-17,1.64,32.8,False
4803,688247,宣泰医药,9.19,0.11,1.09,70.13,9.2156582485,0.1890832,66.59379361,2851.0,1788.0,59.6,2026-09-17,-0.28,39.7,False
4804,688248,南网科技,52.31,1.16,0.39,94.56,51.755189945605,0.3108632,75.05731675,1543.0,215.0,70.4,2026-09-17,1.07,52.8,False
4805,688249,晶合集成,36.7,4.83,0.56,167.13,35.405230406251,0.2992288,65.74190203,425.0,2072.0,71.6,2026-09-17,3.66,47.1,False
4806,688251,井松智能,18.95,2.77,2.61,-19.9,18.620756724755,0.1314096,54.61780942,-579.0,4926.0,60.8,2026-09-17,1.77,33.2,False
4807,688252,天德钰,21.26,1.92,0.58,31.5,20.8514838154,0.2105304,65.68705641,-751.0,2089.0,62.8,2026-09-17,1.96,41.3,False
4808,688253,英诺特,56.29,4.24,0.6,123.91,54.719093568491,0.2880512,62.47993287,713.0,3172.0,60.8,2026-09-17,2.87,38.0,False
4809,688255,凯尔达,25.44,2.0,0.84,49.43,24.849627700796,0.0856,63.8709034,-197.0,2684.0,62.8,2026-09-17,2.38,40.1,False
4810,688256,寒武纪,1138.2,2.91,0.88,154.87,1121.77165959443,0.9800928,76.27925755,-111.0,140.0,92.0,2026-09-17,1.46,70.2,False
4811,688257,新锐股份,57.58,5.32,3.14,18.1,55.559417620509,0.3185832,70.88561034,-633.0,712.0,66.8,2026-09-17,3.64,47.4,False
4812,688258,卓易信息,90.1,2.49,1.04,51.37,88.734697360167,0.24292,61.50774497,-2081.0,3470.0,66.0,2026-09-17,1.54,40.6,False
4813,688259,创耀科技,32.22,3.1,0.79,153.1,31.439127032284,0.129536,57.82398297,-504.0,4403.0,63.2,2026-09-17,2.48,36.5,False
4814,688260,昀冢科技,117.25,-0.6,3.13,-77.08,118.480089194821,0.4668308,66.2104687,-940.0,1905.0,78.0,2026-09-17,-1.04,51.6,False
4815,688261,东微半导,80.48,13.9,7.54,46.43,70.855410654577,0.3563224,67.32895414,1842.0,1537.0,70.4,2026-09-17,13.58,47.4,False
4816,688262,国芯科技,28.37,3.24,1.3,-58.22,27.613826952662,0.202894,56.7841191,-900.0,4610.0,71.2,2026-09-17,2.74,40.4,False
4817,688265,南模生物,42.86,5.13,3.04,184.07,40.931838799126,0.2565772,68.89931657,1073.0,1143.0,61.2,2026-09-17,4.71,42.2,False
4818,688266,泽璟制药-U,109.8,0.94,0.68,22.71,109.505314662834,0.2566984,70.4334446,1550.0,801.0,68.8,2026-09-17,0.27,48.5,False
4819,688267,中触媒,21.78,3.62,1.71,30.87,20.731906996287,0.3089328,74.99309967,1282.0,218.0,64.8,2026-09-17,5.06,48.6,False
4820,688268,华特气体,139.3,4.17,2.65,95.8,134.51228377936,0.3377524,62.68967885,-1565.0,3101.0,74.0,2026-09-17,3.56,46.4,False
4821,688269,凯立新材,27.3,2.59,0.82,33.37,26.769038502003,0.2345556,60.34483346,-1499.0,3816.0,63.2,2026-09-17,1.98,38.1,False
4822,688270,ST臻镭,57.28,2.76,0.79,114.69,56.214252626517,0.3584256,62.90970502,-1719.0,3017.0,71.2,2026-09-17,1.9,44.8,False
4823,688271,联影医疗,100.95,0.65,0.2,46.38,100.975196547906,0.257582,69.14962281,60.0,1081.0,78.4,2026-09-17,-0.02,54.2,False
4824,688272,富吉瑞,27.67,2.44,0.65,-40.04,26.876735571031,0.061426,57.74535396,-125.0,4427.0,60.8,2026-09-17,2.95,35.1,False
4825,688273,麦澜德,28.41,1.43,0.43,38.67,28.272299867077,0.1274864,65.08712891,866.0,2286.0,64.0,2026-09-17,0.49,41.7,False
4826,688275,万润新能,69.31,0.55,0.88,7.26,68.704144717775,0.2557256,62.54804042,-204.0,3148.0,68.0,2026-09-17,0.88,42.5,False
4827,688276,百克生物,16.25,6.49,1.67,-64.51,15.20798876671,0.2077368,62.96359473,1369.0,2994.0,68.4,2026-09-17,6.85,43.1,False
4828,688277,天智航-U,14.98,2.18,0.59,-49.83,14.750932367302,0.166225333333,52.69495505,-24.0,5080.0,64.4,2026-09-17,1.55,33.9,False
4829,688278,特宝生物,50.96,2.02,0.42,21.83,50.083006065959,0.2526596,67.27900404,-593.0,1557.0,68.8,2026-09-17,1.75,46.3,False
4830,688279,峰岹科技,208.3,1.29,1.23,60.18,202.899580389861,0.3718108,76.50254394,174.0,126.0,67.2,2026-09-17,2.66,51.4,False
4831,688280,精进电动-W,5.01,0.0,0.63,-8.26,5.003340037696,0.1853928,60.19612455,66.0,3858.0,62.4,2026-09-17,0.13,37.6,False
4832,688281,华秦科技,50.96,0.53,0.2,56.79,50.988832341094,0.2234564,65.92881418,-620.0,2010.0,66.8,2026-09-17,-0.06,44.0,False
4833,688282,理工导航,53.15,2.8,0.57,-84.77,52.05902751689,0.1823032,58.79997534,-1692.0,4204.0,60.4,2026-09-17,2.1,35.5,False
4834,688283,坤恒顺维,27.17,3.47,0.48,152.68,26.255391573302,0.1101016,60.98444542,673.0,3630.0,60.8,2026-09-17,3.48,37.1,False
4835,688285,高铁电气,7.49,1.49,0.34,43.41,7.290228961774,0.078142,66.11839309,1579.0,1939.0,61.6,2026-09-17,2.74,40.7,False
4836,688286,敏芯股份,49.12,1.78,1.96,-93.3,48.272192557445,0.2063228,57.43438346,-572.0,4488.0,66.8,2026-09-17,1.76,38.4,False
4837,688288,鸿泉技术,18.0,1.69,0.51,-72.35,17.62771372637,0.0554856,61.50309579,1030.0,3473.0,62.4,2026-09-17,2.11,38.4,False
4838,688289,圣湘生物,16.18,1.95,0.68,47.45,15.805476107779,0.1463048,63.14655973,1604.0,2934.0,67.2,2026-09-17,2.37,42.4,False
4839,688290,景业智能,63.06,-0.02,0.4,-257.58,62.962522302179,0.2795984,56.68828699,441.0,4625.0,62.4,2026-09-17,0.15,35.4,False
4840,688291,金橙子,39.56,4.85,2.2,31.75,38.327704455363,0.203277818182,63.33239692,-1089.0,2878.0,63.6,2026-09-17,3.22,40.3,False
4841,688292,浩瀚深度,23.02,20.02,6.09,-38.14,18.669229077718,0.2364164,64.14590036,1932.0,2586.0,65.6,2026-09-17,23.3,42.1,False
4842,688293,奥浦迈,69.83,-0.4,4.09,40.03,69.918302414069,0.2936004,73.99663536,299.0,290.0,67.2,2026-09-17,-0.13,49.7,False
4843,688295,中复神鹰,37.77,1.64,0.21,242.25,37.488411906942,0.259526,58.87700291,-202.0,4188.0,68.8,2026-09-17,0.75,40.5,False
4844,688296,和达科技,26.31,-1.46,5.14,-58.03,27.590304339439,0.3081932,58.82044746,-162.0,4195.0,66.0,2026-09-17,-4.64,38.8,False
4845,688297,中无人机,43.31,1.17,0.35,266.13,42.848306563636,0.2977708,61.41261785,-1528.0,3503.0,78.8,2026-09-17,1.08,48.4,False
4846,688298,东方生物,18.13,0.61,0.47,-8.22,17.942692791166,0.1126716,55.43103599,349.0,4817.0,66.4,2026-09-17,1.04,36.8,False
4847,688299,长阳科技,13.08,1.08,0.76,188.74,12.869085808165,0.1594544,60.71981641,-385.0,3708.0,65.6,2026-09-17,1.64,39.8,False
4848,688300,联瑞新材,171.25,-1.97,3.43,138.75,181.853576501756,0.429912,69.46862117,-906.0,999.0,84.8,2026-09-17,-5.83,58.9,False
4849,688301,奕瑞科技,90.38,-0.22,0.53,34.91,91.001108470447,0.241898,64.50983552,-1531.0,2458.0,65.6,2026-09-17,-0.68,42.3,False
4850,688302,海创药业-U,30.84,1.31,0.83,-27.16,30.449062883472,0.104124,56.41159835,167.0,4677.0,61.2,2026-09-17,1.28,34.5,False
4851,688303,大全能源,16.29,1.18,0.14,-10.89,16.135899129442,0.2013984,54.27893739,-8.0,4964.0,70.4,2026-09-17,0.96,38.2,False
4852,688305,科德数控,56.76,-0.35,0.8,107.9,56.646151907335,0.333706,66.36799789,427.0,1858.0,70.8,2026-09-17,0.2,47.0,False
4853,688306,均普智能,8.99,1.47,0.56,-215.89,8.839002382402,0.230406,60.29244553,-623.0,3829.0,64.8,2026-09-17,1.71,39.1,False
4854,688307,中润光学,47.85,2.35,1.47,94.03,47.067196720113,0.1874308,69.35393729,-279.0,1029.0,64.0,2026-09-17,1.66,44.4,False
4855,688308,欧科亿,87.0,1.05,2.16,18.62,86.796714558344,0.2896428,64.300546,-1896.0,2534.0,75.2,2026-09-17,0.23,48.4,False
4856,688309,恒誉科技,77.36,7.44,1.93,37.88,73.10710711928,0.2948932,61.34591109,-1072.0,3525.0,63.2,2026-09-17,5.82,38.8,False
4857,688310,迈得医疗,15.69,4.74,1.43,-78.78,14.770640679856,0.152264,65.68796778,779.0,2088.0,60.8,2026-09-17,6.22,39.9,False
4858,688311,盟升电子,23.35,3.18,1.13,-38.64,22.783899259483,0.3021516,56.79792862,-483.0,4607.0,64.4,2026-09-17,2.48,36.6,False
4859,688312,燕麦科技,50.9,1.5,1.76,244.62,50.837495082996,0.2656012,69.62904988,856.0,969.0,69.2,2026-09-17,0.12,48.2,False
4860,688313,仕佳光子,165.77,3.22,3.01,119.01,161.15187068801,0.3816824,73.14885407,-240.0,373.0,86.8,2026-09-17,2.87,63.5,False
4861,688314,康拓医疗,30.47,0.46,0.4,30.04,30.024917598101,0.144012,61.17867212,-246.0,3581.0,60.4,2026-09-17,1.48,37.0,False
4862,688315,诺禾致源,14.99,7.3,3.05,49.42,14.132489113805,0.1443616,68.54414143,-400.0,1212.0,65.6,2026-09-17,6.07,45.0,False
4863,688316,青云科技-U,45.0,2.04,1.73,-31.23,44.311350942098,0.229278,57.89955767,-123.0,4388.0,68.0,2026-09-17,1.55,39.4,False
4864,688317,之江生物,16.5,1.48,0.72,-38.59,16.164935426952,0.1054616,58.26914905,766.0,4307.0,64.0,2026-09-17,2.07,37.3,False
4865,688318,财富趋势,78.02,1.09,0.63,151.84,77.715092781635,0.344656,68.85826319,-805.0,1152.0,72.8,2026-09-17,0.39,50.1,False
4866,688319,欧林生物,27.45,2.69,0.98,-169.27,27.091190494993,0.2275276,54.58038745,-146.0,4930.0,61.2,2026-09-17,1.32,33.4,False
4867,688320,禾川科技,33.64,1.88,1.03,111.9,32.955706088095,0.1899548,58.02741987,-1573.0,4358.0,67.6,2026-09-17,2.08,39.2,False
4868,688321,微芯生物,24.68,0.41,0.81,76.57,24.676481433563,0.2946136,63.45544627,-105.0,2833.0,66.8,2026-09-17,0.01,42.4,False
4869,688322,奥比中光-W,91.75,0.2,0.91,454.81,91.520545524701,0.3374696,66.88423622,-380.0,1698.0,73.2,2026-09-17,0.25,49.0,False
4870,688323,瑞华泰,26.44,1.11,2.11,-67.74,26.372452360112,0.2508756,53.62711379,-478.0,5010.0,63.6,2026-09-17,0.26,34.1,False
4871,688325,赛微微电,108.99,0.01,0.37,151.19,110.161193836686,0.4949068,67.12514504,-746.0,1623.0,64.0,2026-09-17,-1.06,43.0,False
4872,688326,经纬恒润-W,58.04,0.78,0.41,-9.11,57.521699010997,0.1871892,57.96423577,74.0,4374.0,65.2,2026-09-17,0.9,37.8,False
4873,688327,云从科技-UW,9.88,2.6,1.08,-65.22,9.675098385586,0.2530468,57.72899837,145.0,4429.0,72.4,2026-09-17,2.12,41.8,False
4874,688328,深科达,85.08,3.06,3.37,65.39,82.59332735396,0.342692,64.20031122,-2087.0,2567.0,70.4,2026-09-17,3.01,45.2,False
4875,688329,艾隆科技,22.0,2.8,0.66,-60.76,21.143238622713,0.081816,57.72525085,-1557.0,4430.0,62.4,2026-09-17,4.05,36.0,False
4876,688330,宏力达,36.42,1.85,0.49,8.77,35.630221594151,0.2229132,64.54604744,-571.0,2442.0,66.0,2026-09-17,2.22,42.6,False
4877,688331,荣昌生物,115.1,0.85,0.92,6.97,115.312126623769,0.3195,71.54637554,217.0,585.0,75.6,2026-09-17,-0.18,54.1,False
4878,688332,中科蓝讯,95.0,3.84,1.27,17.68,92.284117052397,0.3373204,67.76958924,656.0,1422.0,72.0,2026-09-17,2.94,48.8,False
4879,688333,铂力特,105.49,1.82,2.88,282.94,107.440526063117,0.4918268,62.47011364,-1996.0,3174.0,78.0,2026-09-17,-1.82,48.7,False
4880,688334,西高院,17.8,1.19,0.12,20.24,17.593485080785,0.1407064,65.24117154,-827.0,2234.0,62.4,2026-09-17,1.17,40.7,False
4881,688335,复洁科技,18.15,2.25,0.69,-264.19,17.75978172413,0.0777996,47.78073356,-28.0,5188.0,59.6,2026-09-17,2.2,28.5,False
4882,688336,三生国健,40.22,-0.27,0.37,48.54,40.457627069868,0.3464612,73.9733156,955.0,293.0,64.4,2026-09-17,-0.59,47.6,False
4883,688337,普源精电,43.01,2.8,0.74,126.59,42.088919356977,0.2069688,64.51590926,-715.0,2454.0,62.8,2026-09-17,2.19,40.5,False
4884,688338,赛科希德,29.66,-0.24,0.71,37.02,29.573830738436,0.2416996,71.95317384,958.0,508.0,61.6,2026-09-17,0.29,44.3,False
4885,688339,亿华通-U,17.05,2.03,0.57,-19.68,16.630850691092,0.1099908,55.24024816,269.0,4856.0,66.0,2026-09-17,2.52,36.5,False
4886,688343,云天励飞-U,62.77,10.12,3.59,-44.78,57.084843724447,0.3124308,64.61829771,-922.0,2420.0,69.6,2026-09-17,9.96,45.0,False
4887,688345,博力威,50.25,1.39,0.38,35.31,49.744358083608,0.118238,61.30522541,-1476.0,3541.0,61.6,2026-09-17,1.02,37.8,False
4888,688347,华虹宏力,231.6,4.84,2.79,559.92,222.717144444871,0.4368624,63.50557412,-1894.0,2808.0,80.4,2026-09-17,3.99,51.1,False
4889,688348,昱能科技,29.87,1.25,0.33,-17.64,29.415192207312,0.1853404,50.95118029,-132.0,5157.0,63.6,2026-09-17,1.55,32.4,False
4890,688349,三一重能,13.03,1.64,0.3,44.51,12.756204776349,0.2758268,67.14032976,424.0,1618.0,66.8,2026-09-17,2.15,44.8,False
4891,688350,富淼科技,27.1,-0.29,0.35,201.11,27.170848380658,0.2623652,56.84771931,-317.0,4595.0,61.2,2026-09-17,-0.26,34.8,False
4892,688351,微电生理,17.18,1.96,0.29,100.85,16.848824020031,0.1160524,57.07030565,-25.0,4555.0,61.6,2026-09-17,1.97,35.2,False
4893,688352,颀中科技,19.78,2.38,2.54,-38.77,19.339841383675,0.2893444,63.66293427,-410.0,2757.0,68.4,2026-09-17,2.28,43.5,False
4894,688353,华盛锂电,83.89,-0.82,1.28,30.02,86.643845500802,0.334052,59.88080449,-1394.0,3953.0,70.4,2026-09-17,-3.18,42.2,False
4895,688355,明志科技,16.53,1.79,0.51,62.55,16.150880440535,0.0540728,53.69188012,31.0,5005.0,59.6,2026-09-17,2.35,32.0,False
4896,688356,键凯科技,85.45,3.2,8.65,887.49,83.921510126477,0.3997644,66.03713287,2356.0,1968.0,69.6,2026-09-17,1.82,46.0,False
4897,688357,建龙微纳,25.55,3.07,0.46,33.93,24.700644848005,0.0469352,57.68555222,-80.0,4441.0,62.8,2026-09-17,3.44,36.2,False
4898,688358,祥生医疗,27.62,1.43,0.31,22.46,27.198059957927,0.1442032,67.14737658,-165.0,1613.0,62.0,2026-09-17,1.55,41.6,False
4899,688359,三孚新科,107.8,3.94,2.2,462.87,105.376117519555,0.3659728,65.61788653,-33.0,2106.0,66.4,2026-09-17,2.3,43.6,False
4900,688360,德马科技,14.59,0.27,0.36,24.3,14.432648248307,0.2164152,68.28471391,639.0,1283.0,62.4,2026-09-17,1.09,42.6,False
4901,688361,中科飞测,388.31,8.25,2.13,-536.36,354.342679177621,0.553656,71.14995954,341.0,656.0,79.6,2026-09-17,9.59,56.6,False
4902,688362,甬矽电子,65.2,6.15,4.09,375.38,61.911138185546,0.3455004,61.02865975,-2318.0,3615.0,70.8,2026-09-17,5.31,43.2,False
4903,688363,华熙生物,34.37,0.67,0.19,54.18,34.157201322257,0.1588456,64.36181439,157.0,2511.0,76.0,2026-09-17,0.62,48.9,False
4904,688365,光云科技,14.14,1.07,1.31,258.91,13.966836175256,0.2467092,65.17485958,926.0,2254.0,66.4,2026-09-17,1.24,43.3,False
4905,688366,昊海生科,29.0,1.15,0.13,29.46,28.845669952705,0.0777592,58.60467285,62.0,4236.0,64.4,2026-09-17,0.54,37.7,False
4906,688367,工大高科,29.99,2.56,0.97,292.58,29.093668270222,0.212662,63.04163292,1057.0,2964.0,63.2,2026-09-17,3.08,39.8,False
4907,688368,晶丰明源,147.07,4.66,2.23,173.17,142.391631694001,0.287756,65.47105751,-1706.0,2145.0,75.2,2026-09-17,3.29,49.2,False
4908,688369,致远互联,18.98,1.12,1.12,-9.71,18.665136615753,0.1422508,60.6006672,-1360.0,3744.0,64.0,2026-09-17,1.69,38.8,False
4909,688370,丛麟科技,25.47,1.8,0.31,77.88,24.954105955949,0.053448,59.91854241,-221.0,3946.0,64.0,2026-09-17,2.07,38.3,False
4910,688371,菲沃泰,26.07,3.04,0.86,-95.8,25.478581093306,0.2200248,60.38927283,-1054.0,3805.0,60.8,2026-09-17,2.32,36.7,False
4911,688372,伟测科技,120.58,4.68,2.59,63.96,116.073984800866,0.2890736,63.01518758,-2255.0,2968.0,70.4,2026-09-17,3.88,44.4,False
4912,688373,盟科药业-U,5.41,0.74,1.08,-47.25,5.367074314593,0.1680996,65.38354004,591.0,2182.0,64.0,2026-09-17,0.8,41.8,False
4913,688375,国博电子,72.36,3.97,0.28,219.72,70.148735203326,0.24409,66.17943679,386.0,1918.0,67.2,2026-09-17,3.15,44.5,False
4914,688376,美埃科技,66.05,4.59,0.55,53.56,63.532368385474,0.1838252,59.47784034,-1832.0,4047.0,59.6,2026-09-17,3.96,35.4,False
4915,688377,迪威尔,17.05,2.59,0.44,60.35,16.667440826253,0.0631044,59.60782769,-8.0,4017.0,62.4,2026-09-17,2.3,37.2,False
4916,688378,奥来德,49.87,1.8,2.08,37.08,49.424226135965,0.3730168,66.27919025,-722.0,1885.0,65.6,2026-09-17,0.9,43.5,False
4917,688379,华光新材,55.97,1.97,1.67,28.98,55.502757532816,0.2732852,69.57872706,537.0,974.0,64.4,2026-09-17,0.84,44.8,False
4918,688380,中微半导,41.7,5.28,2.21,48.64,39.598543435957,0.2581592,64.59026078,-1865.0,2427.0,72.4,2026-09-17,5.31,46.8,False
4919,688381,帝奥微,42.29,6.2,3.84,37.77,40.244232199571,0.3761868,60.91641796,-2092.0,3649.0,72.0,2026-09-17,5.08,43.9,False
4920,688382,益方生物-U,18.72,0.43,0.88,-39.57,18.785223418966,0.1519852,56.46962522,242.0,4666.0,61.2,2026-09-17,-0.35,34.6,False
4921,688383,新益昌,143.18,2.16,0.97,153.98,141.703598710602,0.404786,60.89450396,-729.0,3656.0,70.0,2026-09-17,1.04,42.6,False
4922,688385,复旦微电,59.66,7.21,2.63,28.94,55.37667911161,0.357792,71.8227536,-302.0,541.0,81.2,2026-09-17,7.73,58.3,False
4923,688386,泛亚微透,47.05,2.19,0.84,75.24,46.460094939982,0.2608656,60.99407666,-2061.0,3625.0,67.6,2026-09-17,1.27,41.2,False
4924,688387,信科移动-U,12.39,1.47,0.61,-618.87,12.292151551119,0.3172224,57.11305945,-1950.0,4549.0,68.8,2026-09-17,0.8,39.3,False
4925,688388,嘉元科技,30.45,4.93,5.61,26.28,28.993246854037,0.4014988,72.1678121,-45.0,483.0,78.8,2026-09-17,5.02,56.9,False
4926,688389,普门科技,10.85,0.65,0.14,29.32,10.685347099073,0.1343644,67.00614396,2152.0,1664.0,62.4,2026-09-17,1.54,41.8,False
4927,688390,固德威,59.29,1.13,1.02,25.16,58.760451977312,0.2479792,70.21310418,498.0,848.0,73.6,2026-09-17,0.9,51.7,False
4928,688391,钜泉科技,26.28,2.54,0.66,111.75,25.59385904365,0.170976,60.23655525,-17.0,3844.0,62.0,2026-09-17,2.68,37.3,False
4929,688392,骄成超声,176.48,4.03,1.68,99.2,170.13083407662,0.3168024,63.51156008,-2076.0,2805.0,66.0,2026-09-17,3.73,41.9,False
4930,688393,安必平,19.81,2.96,1.12,1211.65,19.004949519095,0.058076,59.0510786,29.0,4146.0,64.0,2026-09-17,4.24,37.8,False
4931,688395,正弦电气,24.0,1.82,0.71,41.1,23.158844276568,0.0792892,63.20869963,-1654.0,2920.0,62.0,2026-09-17,3.63,39.2,False
4932,688396,华润微,60.2,3.21,0.8,55.34,58.705359228887,0.3933152,70.49211945,-286.0,794.0,79.6,2026-09-17,2.55,56.1,False
4933,688398,赛特新材,23.13,6.44,0.98,1153.59,21.637931099009,0.1463032,60.25066786,-818.0,3842.0,64.4,2026-09-17,6.9,38.8,False
4934,688399,硕世生物,25.16,1.49,0.69,79.82,24.715156374351,0.1534448,55.68275127,300.0,4777.0,63.6,2026-09-17,1.8,35.4,False
4935,688400,凌云光,47.01,1.29,0.93,17.03,46.601018782981,0.3078072,71.42396656,532.0,606.0,71.6,2026-09-17,0.88,51.1,False
4936,688401,路维光电,70.4,3.54,1.9,50.01,68.024824033899,0.3265928,68.35585958,692.0,1264.0,67.6,2026-09-17,3.49,46.2,False
4937,688403,汇成股份,26.53,4.74,2.94,2628.24,25.637817745435,0.3865328,60.65480503,-2180.0,3731.0,70.0,2026-09-17,3.48,42.5,False
4938,688408,中信博,22.53,1.85,0.59,-12.11,22.205162605429,0.236142,55.22087299,-991.0,4858.0,63.2,2026-09-17,1.46,34.9,False
4939,688409,富创精密,204.54,9.9,1.94,233.41,187.198027118265,0.318172,65.19591933,-1835.0,2248.0,74.4,2026-09-17,9.26,48.5,False
4940,688410,山外山,9.48,0.74,0.81,22.47,9.416944615196,0.1567016,66.94406242,-1083.0,1684.0,63.2,2026-09-17,0.67,42.3,False
4941,688411,海博思创,162.59,0.88,0.61,23.46,162.103573773731,0.2556172,71.98299535,874.0,504.0,67.2,2026-09-17,0.3,48.4,False
4942,688416,恒烁股份,82.77,6.7,3.79,31.97,78.654103638241,0.2568868,62.73317687,-1337.0,3090.0,72.0,2026-09-17,5.23,45.2,False
4943,688418,震有科技,32.28,1.93,0.7,-23.79,31.958545099651,0.225322,52.95993077,-194.0,5065.0,66.0,2026-09-17,1.01,35.0,False
4944,688419,耐科装备,53.49,4.35,2.09,62.23,51.446947980539,0.2406836,64.01538957,-1518.0,2631.0,65.6,2026-09-17,3.97,42.0,False
4945,688420,美腾科技,21.62,1.6,0.36,-50.98,21.1894555414,0.0783348,56.03647492,-452.0,4727.0,62.0,2026-09-17,2.03,34.7,False
4946,688425,铁建重工,3.96,0.51,0.08,20.92,3.934633753252,0.151358,61.62996186,-196.0,3441.0,68.8,2026-09-17,0.64,42.4,False
4947,688426,康为世纪,21.4,0.71,0.38,-34.21,20.852472687951,0.139466,62.3989534,1639.0,3198.0,64.4,2026-09-17,2.63,40.2,False
4948,688428,诺诚健华,28.16,-2.26,2.14,101.14,29.101239140451,0.2003836,71.2428445,1253.0,642.0,68.4,2026-09-17,-3.23,48.7,False
4949,688429,时创能源,9.58,1.38,0.13,-6.79,9.412152795636,0.0737508,54.41212301,218.0,4949.0,60.8,2026-09-17,1.78,33.1,False
4950,688432,有研硅,55.41,0.75,3.5,260.79,56.370354276385,0.445418666667,69.18901402,-982.0,1072.0,87.2,2026-09-17,-1.7,60.3,False
4951,688433,华曙高科,89.84,1.11,0.59,2213.18,88.662067748148,0.3703656,67.47982073,44.0,1499.0,67.6,2026-09-17,1.33,45.6,False
4952,688435,英方软件,29.55,1.97,3.82,-65.59,28.998606986501,0.1451852,56.04184885,9.0,4725.0,63.6,2026-09-17,1.9,35.6,False
4953,688439,振华风光,37.78,1.81,0.32,-425.75,37.39420111627,0.253162,67.32029247,-543.0,1542.0,64.0,2026-09-17,1.03,43.1,False
4954,688443,智翔金泰-U,22.85,1.74,1.24,-13.25,22.451736744733,0.2259256,59.04509934,421.0,4147.0,62.4,2026-09-17,1.77,36.8,False
4955,688448,磁谷科技,69.94,1.58,1.39,2820.52,68.75569525383,0.4499312,62.84223579,710.0,3048.0,64.0,2026-09-17,1.72,40.2,False
4956,688449,联芸科技,65.38,4.36,1.64,28.94,63.314697585371,0.297172,71.07712621,-257.0,667.0,68.4,2026-09-17,3.26,48.6,False
4957,688450,光格科技,32.42,2.37,1.09,-75.3,31.726135488625,0.060226,56.00462281,-1711.0,4732.0,59.6,2026-09-17,2.19,33.4,False
4958,688455,科捷智能,16.66,2.15,0.5,24.77,16.26372708993,0.1597552,60.36420325,36.0,3810.0,62.8,2026-09-17,2.44,37.9,False
4959,688456,有研粉材,75.79,2.12,3.65,70.97,74.863046361362,0.2759924,63.83558286,-2275.0,2694.0,70.4,2026-09-17,1.24,44.9,False
4960,688458,美芯晟,38.21,1.35,0.89,-415.03,37.436433338707,0.3588876,68.84449906,2056.0,1156.0,63.2,2026-09-17,2.07,43.5,False
4961,688459,哈铁科技,8.13,0.49,0.05,-597.11,8.048253032534,0.0391968,61.47885728,12.0,3484.0,62.8,2026-09-17,1.02,38.6,False
4962,688466,金科环境,13.72,1.7,0.42,64.34,13.332294262833,0.0105428,59.31927394,-513.0,4087.0,61.6,2026-09-17,2.91,36.5,False
4963,688468,科美诊断,6.27,1.79,0.52,80.94,6.107677055254,0.0725284,61.28739897,401.0,3549.0,62.0,2026-09-17,2.66,38.0,False
4964,688469,芯联集成-U,8.63,2.37,0.75,129.96,8.500154387089,0.3738804,60.53578675,-2164.0,3765.0,74.0,2026-09-17,1.53,44.8,False
4965,688472,阿特斯,8.27,1.72,0.33,50.28,8.155277584957,0.2874236,56.90847276,-225.0,4585.0,70.8,2026-09-17,1.41,40.3,False
4966,688475,萤石网络,28.0,0.79,0.13,26.92,27.867996430708,0.1723016,68.80225186,44.0,1161.0,67.6,2026-09-17,0.47,46.5,False
4967,688478,晶升股份,48.68,3.18,3.18,-286.26,48.418766934183,0.235142,63.89589503,-896.0,2677.0,76.4,2026-09-17,0.54,48.8,False
4968,688479,友车科技,34.32,1.27,0.59,296.17,33.979797931368,0.320724,66.43019222,-608.0,1836.0,61.2,2026-09-17,1.0,40.7,False
4969,688480,赛恩斯,68.67,2.57,0.61,48.96,67.296452317819,0.2316816,65.40445684,436.0,2171.0,62.4,2026-09-17,2.04,40.8,False
4970,688484,南芯科技,34.68,4.62,0.89,-166.01,32.880822592601,0.2440984,60.79390395,-637.0,3685.0,65.2,2026-09-17,5.47,39.6,False
4971,688485,九州一轨,109.0,0.46,3.02,-444.2,109.227292128513,0.5041104,61.65245025,-288.0,3431.0,70.4,2026-09-17,-0.21,43.4,False
4972,688486,龙迅股份,46.17,3.66,1.42,52.42,44.943159909146,0.2517216,67.72119522,-1039.0,1431.0,67.6,2026-09-17,2.73,45.8,False
4973,688488,艾迪药业,15.17,-0.46,1.17,139.17,15.491875009247,0.1481008,63.8158882,-1349.0,2703.0,66.4,2026-09-17,-2.08,42.4,False
4974,688489,三未信安,24.29,2.06,0.61,-163.95,23.830556310768,0.1558616,60.20768029,-157.0,3854.0,64.0,2026-09-17,1.93,38.5,False
4975,688496,*ST清越,,,0.0,-0.57,0.58,0.1143016,48.31823286,4.0,5184.0,59.2,2026-09-17,,28.6,False
4976,688498,源杰科技,1802.0,0.97,1.76,184.78,1787.53523164516,0.9864888,78.83196452,40.0,49.0,86.8,2026-09-17,0.81,68.4,False
4977,688499,利元亨,36.05,1.35,1.77,78.08,35.390041254455,0.2794068,63.3751684,-1061.0,2865.0,75.2,2026-09-17,1.86,47.7,False
4978,688500,慧辰股份,31.73,1.5,1.89,-20.14,31.288988994917,0.112768,56.50346133,71.0,4655.0,63.2,2026-09-17,1.41,35.7,False
4979,688501,青达环保,15.75,8.25,2.76,26.22,14.48567113319,0.1398572,65.80714951,-1052.0,2053.0,64.4,2026-09-17,8.73,42.4,False
4980,688502,茂莱光学,449.95,2.68,1.25,-885.41,439.442075109373,0.3579024,66.00621631,-729.0,1981.0,73.2,2026-09-17,2.39,48.3,False
4981,688503,聚和材料,78.6,-0.51,3.33,-109.97,78.915538693352,0.4435184,74.99306619,247.0,219.0,69.2,2026-09-17,-0.4,51.9,False
4982,688505,复旦张江,7.74,1.44,0.82,108.73,7.649794590303,0.2058648,62.31844513,314.0,3220.0,62.8,2026-09-17,1.18,39.1,False
4983,688506,百利天恒,245.17,0.24,0.17,-30.91,243.67069706475,0.2401188,61.61788919,267.0,3447.0,70.0,2026-09-17,0.62,43.1,False
4984,688507,索辰科技,144.67,2.56,3.59,-81.95,142.138072182485,0.3762808,58.01512806,-433.0,4364.0,67.2,2026-09-17,1.78,39.0,False
4985,688508,芯朋微,92.54,2.71,2.12,38.88,90.665668003311,0.3927864,64.26406635,-2010.0,2545.0,72.0,2026-09-17,2.07,46.3,False
4986,688509,正元地信,4.12,0.49,0.46,-20.77,4.076428631107,0.185226,53.7193996,-478.0,5003.0,62.0,2026-09-17,1.07,33.3,False
4987,688510,航亚科技,24.77,-0.08,1.34,62.75,25.013174122232,0.1941696,65.48278843,404.0,2142.0,66.8,2026-09-17,-0.97,43.7,False
4988,688511,天微电子,23.15,0.96,0.52,947.83,22.82092298777,0.2003876,62.5643155,407.0,3137.0,61.2,2026-09-17,1.44,38.3,False
4989,688512,慧智微-U,14.38,2.93,1.98,-24.88,14.037110410601,0.2137484,58.10004825,-850.0,4347.0,63.2,2026-09-17,2.44,36.7,False
4990,688513,苑东生物,48.28,1.51,0.79,32.84,47.133042139046,0.2741436,63.87441096,-1098.0,2683.0,61.2,2026-09-17,2.43,39.1,False
4991,688515,裕太微-U,153.6,4.85,3.82,-83.66,148.910611732372,0.2894692,56.65704173,-754.0,4633.0,66.4,2026-09-17,3.15,37.6,False
4992,688516,奥特维,44.12,3.74,1.4,23.3,42.505582098134,0.2043516,70.17118235,613.0,854.0,68.8,2026-09-17,3.8,48.3,False
4993,688517,金冠电气,15.94,3.51,1.0,59.51,15.381054043938,0.12621,57.68608647,-770.0,4440.0,61.2,2026-09-17,3.63,35.3,False
4994,688518,联赢激光,21.28,0.95,0.95,36.91,21.253389532302,0.2613148,62.18519728,-960.0,3271.0,67.6,2026-09-17,0.13,42.0,False
4995,688519,南亚新材,316.29,-0.34,1.91,80.67,327.01741626791,0.4495904,69.29983832,-646.0,1044.0,82.0,2026-09-17,-3.28,56.8,False
4996,688520,神州细胞,33.24,0.76,0.34,-21.38,32.826337297138,0.2114288,62.8363086,1021.0,3050.0,64.4,2026-09-17,1.26,40.5,False
4997,688521,芯原股份,206.36,5.23,3.39,-88.65,195.671277243821,0.486316,64.99270559,238.0,2312.0,79.2,2026-09-17,5.46,51.5,False
4998,688522,纳睿雷达,18.09,3.91,1.89,61.93,17.41149508208,0.1677156,63.69519071,-109.0,2748.0,62.4,2026-09-17,3.9,39.7,False
4999,688523,航天环宇,41.35,2.53,0.47,2116.58,40.723005970741,0.1985208,57.89243218,-743.0,4389.0,65.6,2026-09-17,1.54,38.0,False
5000,688525,佰维存储,216.67,4.03,2.26,7.21,211.134197222586,0.448454,68.25224865,-643.0,1289.0,81.6,2026-09-17,2.62,55.7,False
5001,688526,科前生物,12.32,0.33,0.08,24.81,12.2884985734,0.24969,65.56318098,232.0,2125.0,63.6,2026-09-17,0.26,41.7,False
5002,688528,秦川物联,9.9,0.61,0.56,-19.49,9.660699029478,0.02345,60.2486075,876.0,3843.0,61.6,2026-09-17,2.48,37.1,False
5003,688529,豪森智能,14.46,0.91,0.48,-2.86,14.253442292191,0.0695724,50.75698172,-6.0,5159.0,62.4,2026-09-17,1.45,31.7,False
5004,688530,欧莱新材,63.43,2.26,6.82,73.1,62.845572699872,0.3135324,62.23002295,-2785.0,3261.0,71.2,2026-09-17,0.93,44.3,False
5005,688531,日联科技,144.08,2.04,1.33,93.18,142.530199824247,0.2928972,74.240073,-151.0,269.0,66.4,2026-09-17,1.09,49.3,False
5006,688533,上声电子,19.48,1.14,0.26,40.37,19.168054011981,0.118922,66.07681561,1614.0,1954.0,62.8,2026-09-17,1.63,41.5,False
5007,688535,华海诚科,113.27,7.16,4.22,204.47,107.014837568829,0.3197008,60.51664204,-2676.0,3773.0,73.2,2026-09-17,5.85,44.3,False
5008,688536,思瑞浦,354.06,7.08,1.83,79.42,333.430281793703,0.3558,69.64380203,-461.0,967.0,77.2,2026-09-17,6.19,53.8,False
5009,688538,和辉光电-U,2.06,0.49,0.35,-15.85,2.064633966015,0.2011984,52.04237052,-45.0,5119.0,65.6,2026-09-17,-0.22,34.1,False
5010,688539,高华科技,24.58,5.58,1.4,-77.68,23.31652516056,0.2309792,53.4281092,-1430.0,5027.0,63.6,2026-09-17,5.42,34.0,False
5011,688543,国科军工,43.72,2.75,1.63,92.76,42.556169246663,0.3260496,68.37729648,-202.0,1257.0,76.0,2026-09-17,2.73,52.0,False
5012,688545,兴福电子,80.49,5.67,3.39,117.69,77.090567807261,0.2852876,62.75695447,-2611.0,3081.0,67.6,2026-09-17,4.41,42.4,False
5013,688548,广钢气体,32.85,8.24,3.07,84.69,29.922924140171,0.3930532,72.35105251,373.0,456.0,65.2,2026-09-17,9.78,47.2,False
5014,688549,中巨芯-U,24.32,2.62,2.72,1277.86,24.070518383275,0.3675552,62.88706422,-2495.0,3026.0,78.4,2026-09-17,1.04,49.3,False
5015,688550,瑞联新材,38.33,1.46,0.78,26.15,38.055906430198,0.3299696,70.85877164,-133.0,719.0,64.4,2026-09-17,0.72,45.6,False
5016,688551,科威尔,40.0,2.3,1.62,144.65,39.540509451512,0.2319076,62.07031932,-740.0,3309.0,62.0,2026-09-17,1.16,38.5,False
5017,688552,航天南湖,30.92,0.59,0.32,1339.83,30.708853424173,0.217502,62.91776825,1124.0,3013.0,66.0,2026-09-17,0.69,41.5,False
5018,688553,汇宇制药-W,11.07,-0.27,1.23,60.09,11.177858793817,0.2437532,65.99419106,1175.0,1988.0,59.2,2026-09-17,-0.96,39.1,False
5019,688556,高测股份,7.73,2.52,0.96,-6.55,7.599832676052,0.1819232,56.98259548,-1631.0,4576.0,65.6,2026-09-17,1.71,37.4,False
5020,688557,兰剑智能,19.7,1.7,0.38,33.3,19.236300800771,0.1675412,62.7279116,-1690.0,3092.0,62.4,2026-09-17,2.41,39.1,False
5021,688558,国盛智科,33.36,2.96,0.59,23.53,32.370957163523,0.1503404,67.20674599,-1100.0,1589.0,64.0,2026-09-17,3.06,43.0,False
5022,688559,海目星,59.1,3.2,2.47,141.02,58.370066820635,0.3132724,66.62341293,993.0,1779.0,74.4,2026-09-17,1.25,49.6,False
5023,688560,明冠新材,12.18,1.67,0.68,-70.78,11.905103267875,0.1678748,61.21061673,167.0,3569.0,62.4,2026-09-17,2.31,38.2,False
5024,688561,奇安信-U,27.84,2.39,1.43,-23.09,27.591367249425,0.3080628,63.56990091,349.0,2786.0,76.4,2026-09-17,0.9,48.6,False
5025,688562,航天软件,14.3,2.36,0.46,-28.74,14.012187780438,0.2133704,56.68289237,-1874.0,4627.0,62.8,2026-09-17,2.05,35.6,False
5026,688563,航材股份,55.75,0.81,0.77,53.96,56.022363176038,0.2065936,66.18756613,155.0,1914.0,68.0,2026-09-17,-0.49,45.0,False
5027,688565,力源科技,11.26,2.74,1.03,201.06,10.829833532526,0.1265308,60.37536823,126.0,3808.0,62.4,2026-09-17,3.97,37.7,False
5028,688566,吉贝尔,25.94,0.04,0.39,26.28,25.848137567109,0.1927828,66.8690853,402.0,1704.0,62.4,2026-09-17,0.36,41.7,False
5029,688567,孚能科技,9.08,0.89,0.26,-13.98,9.074412980607,0.2050016,54.74711733,-1823.0,4913.0,72.0,2026-09-17,0.06,39.4,False
5030,688568,中科星图,30.99,2.58,0.58,-39.29,30.455653700683,0.1900992,55.54891453,-369.0,4800.0,75.2,2026-09-17,1.75,41.8,False
5031,688569,铁科轨道,18.48,1.37,0.22,21.97,18.209537985203,0.0415092,65.16670414,307.0,2257.0,65.2,2026-09-17,1.49,42.5,False
5032,688570,天玛智控,14.59,0.62,0.1,474.21,14.514433480979,0.165472,59.99504093,404.0,3925.0,62.4,2026-09-17,0.52,37.4,False
5033,688571,杭华股份,8.2,1.99,0.61,35.02,8.112476696254,0.1832884,61.79426125,-2204.0,3390.0,61.6,2026-09-17,1.08,38.1,False
5034,688573,信宇人,15.56,1.83,1.32,-9.4,15.281255903579,0.0493308,56.07548362,287.0,4722.0,62.0,2026-09-17,1.82,34.8,False
5035,688575,亚辉龙,9.75,1.14,1.27,39.72,9.595799676416,0.2507704,69.05790088,2406.0,1104.0,65.6,2026-09-17,1.61,45.3,False
5036,688576,西山科技,38.76,0.78,0.36,-51.49,38.214342063115,0.08152,53.70725929,20.0,5004.0,60.8,2026-09-17,1.43,32.7,False
5037,688577,浙海德曼,40.52,1.91,0.33,67.56,39.864280147342,0.1531404,60.68799636,-512.0,3723.0,63.2,2026-09-17,1.64,38.4,False
5038,688578,艾力斯,99.02,0.6,0.72,14.46,99.228426457146,0.2894132,67.44424127,262.0,1510.0,70.4,2026-09-17,-0.21,47.5,False
5039,688579,地纬智能,7.74,1.84,0.31,-56.43,7.573746623987,0.0748108,64.18131956,1580.0,2573.0,62.4,2026-09-17,2.2,40.0,False
5040,688580,伟思医疗,42.72,0.85,0.62,20.43,42.525584868819,0.1919752,64.44190902,-1327.0,2487.0,67.2,2026-09-17,0.46,43.3,False
5041,688581,安杰思,55.35,0.49,0.82,18.92,55.158364882382,0.214596,66.40284726,-173.0,1845.0,66.0,2026-09-17,0.35,43.8,False
5042,688582,芯动联科,39.48,2.44,0.43,217.41,38.735738102856,0.2496624,60.70333668,-464.0,3719.0,67.2,2026-09-17,1.92,40.8,False
5043,688583,思看科技,80.55,0.71,1.27,352.97,79.016122084981,0.368992,67.30552348,2446.0,1550.0,62.0,2026-09-17,1.94,41.7,False
5044,688584,上海合晶,28.25,3.78,2.37,353.54,27.774702330987,0.2507408,59.01810824,-3112.0,4157.0,67.6,2026-09-17,1.71,39.9,False
5045,688585,上纬新材,153.4,2.06,0.39,-185.77,150.095124329489,0.4358964,67.45464252,592.0,1506.0,77.2,2026-09-17,2.2,52.1,False
5046,688586,江航装备,11.1,-0.09,0.25,149.27,11.094818704457,0.1815544,59.65536675,-1565.0,4004.0,66.4,2026-09-17,0.05,39.6,False
5047,688588,凌志软件,8.79,0.92,0.41,-70.09,8.681658710743,0.1766864,59.77930751,-835.0,3979.0,63.6,2026-09-17,1.25,38.0,False
5048,688589,力合微,20.49,2.3,1.05,77.2,20.10209705455,0.1704836,60.63670107,115.0,3735.0,65.6,2026-09-17,1.93,39.8,False
5049,688590,新致软件,11.49,0.52,0.7,-173.36,11.381547585505,0.1634448,58.22393778,-7.0,4321.0,63.2,2026-09-17,0.95,36.8,False
5050,688591,泰凌微,29.77,5.6,1.88,36.42,28.203838031718,0.1647328,63.29421676,-753.0,2891.0,67.2,2026-09-17,5.55,42.5,False
5051,688592,司南导航,22.77,1.47,0.62,-210.14,22.353674013665,0.1220304,58.77795291,399.0,4208.0,60.8,2026-09-17,1.86,35.7,False
5052,688593,新相微,31.48,0.96,1.02,1228.61,31.768573568153,0.3673964,57.56440954,-2332.0,4463.0,65.2,2026-09-17,-0.91,37.5,False
5053,688595,芯海科技,30.7,3.72,1.21,-57.66,29.775700828791,0.1515504,55.39773226,-1809.0,4821.0,67.6,2026-09-17,3.1,37.4,False
5054,688596,正帆科技,67.92,3.92,4.08,-215.8,64.886545962779,0.3779732,64.8869504,-250.0,2340.0,69.2,2026-09-17,4.68,44.9,False
5055,688597,煜邦电力,6.2,0.49,0.37,-23.53,6.116740407036,0.1425712,59.79073694,-162.0,3976.0,61.2,2026-09-17,1.36,36.6,False
5056,688598,金博股份,35.0,-1.19,3.87,-25.66,35.665290729961,0.3822068,70.26180962,1042.0,839.0,70.4,2026-09-17,-1.87,49.5,False
5057,688599,天合光能,10.88,0.74,0.42,-47.22,10.789583185124,0.2706252,55.50780451,-115.0,4803.0,75.6,2026-09-17,0.84,42.0,False
5058,688600,皖仪科技,37.77,10.57,4.36,82.0,34.649159781698,0.3101928,70.87399742,-422.0,715.0,69.6,2026-09-17,9.01,49.3,False
5059,688601,力芯微,61.25,2.89,0.98,-1020.86,60.136992477686,0.2868952,58.80729804,-1782.0,4200.0,69.2,2026-09-17,1.85,40.7,False
5060,688602,康鹏科技,6.85,2.09,0.29,-43.61,6.743239994306,0.1924896,57.0307427,-176.0,4565.0,61.6,2026-09-17,1.58,35.1,False
5061,688603,天承科技,121.21,2.89,3.22,122.69,120.22235329281,0.4207664,68.39890218,-365.0,1248.0,69.2,2026-09-17,0.82,47.3,False
5062,688605,先锋精科,89.99,3.38,2.53,165.45,86.31138347081,0.296926,67.06687148,-1297.0,1639.0,71.2,2026-09-17,4.26,47.8,False
5063,688606,奥泰生物,45.71,2.49,0.23,34.01,44.411009010597,0.07242,63.54693193,1229.0,2796.0,62.0,2026-09-17,2.92,39.4,False
5064,688607,康众科技,38.85,0.75,0.48,-72.21,38.646118593222,0.1696236,55.66116574,-21.0,4780.0,60.8,2026-09-17,0.53,33.8,False
5065,688608,恒玄科技,102.11,6.36,1.63,70.69,95.285987381952,0.2967444,70.41272535,-109.0,805.0,71.2,2026-09-17,7.16,50.1,False
5066,688609,九联科技,9.56,-0.62,2.71,71.06,9.801002726316,0.2260232,57.92034986,-2840.0,4385.0,74.0,2026-09-17,-2.46,42.9,False
5067,688610,埃科光电,165.99,5.02,1.85,81.6,159.969164937051,0.266962,63.11867514,-1845.0,2938.0,62.4,2026-09-17,3.76,39.4,False
5068,688611,杭州柯林,69.74,0.49,0.39,-245.23,68.018698844134,0.3354604,62.48639414,1734.0,3170.0,65.2,2026-09-17,2.53,40.7,False
5069,688612,威迈斯,35.72,-0.86,1.32,26.1,36.417840171782,0.2360372,66.82566378,-242.0,1716.0,64.4,2026-09-17,-1.92,43.0,False
5070,688613,奥精医疗,18.15,7.97,5.86,451.38,16.56665949299,0.2090104,62.5855512,1085.0,3132.0,63.2,2026-09-17,9.56,39.6,False
5071,688615,合合信息,86.75,-1.78,2.41,34.46,89.263742475053,0.2708232,64.90321525,-69.0,2332.0,66.8,2026-09-17,-2.82,43.4,False
5072,688616,西力科技,10.52,0.77,0.34,24.06,10.369312926226,0.0471172,65.54019006,827.0,2128.0,61.6,2026-09-17,1.45,40.4,False
5073,688617,惠泰医疗,242.45,-0.53,0.27,31.93,243.749496170203,0.1460964,72.61515569,110.0,418.0,69.6,2026-09-17,-0.53,50.5,False
5074,688618,三旺通信,29.07,2.58,0.76,-4191.21,28.496324650964,0.1037512,56.54791395,-734.0,4649.0,61.6,2026-09-17,2.01,34.8,False
5075,688619,罗普特,14.99,4.68,1.06,-33.37,14.402950142653,0.1622256,56.63413295,-279.0,4637.0,64.8,2026-09-17,4.08,36.7,False
5076,688620,安凯微,18.14,3.72,3.42,88.3,17.355968425965,0.178632,63.7661791,609.0,2720.0,72.0,2026-09-17,4.52,45.9,False
5077,688621,阳光诺和,72.31,-0.04,1.13,-165.96,73.294087092516,0.459136,66.9223018,-935.0,1690.0,68.0,2026-09-17,-1.34,45.5,False
5078,688622,*ST禾信,127.1,4.03,0.47,-230.38,122.035818441572,0.4604272,59.08297664,-494.0,4136.0,65.2,2026-09-17,4.15,38.5,False
5079,688623,双元科技,58.08,0.8,0.73,56.83,58.324094614028,0.1854064,61.16658092,-161.0,3584.0,62.0,2026-09-17,-0.42,37.9,False
5080,688625,呈和科技,67.6,0.45,1.84,68.18,68.746057982495,0.452198,70.49430945,-584.0,793.0,70.4,2026-09-17,-1.67,49.6,False
5081,688626,翔宇医疗,39.17,2.24,0.62,79.02,38.415145452145,0.2087804,62.09450966,-1517.0,3301.0,72.0,2026-09-17,1.96,44.7,False
5082,688627,精智达,501.7,3.12,2.72,521.84,489.230009535474,0.4639464,71.48056643,-91.0,596.0,75.2,2026-09-17,2.55,53.8,False
5083,688628,优利德,78.49,3.11,1.28,31.51,76.583041542241,0.1855524,67.02278287,712.0,1655.0,65.2,2026-09-17,2.49,43.7,False
5084,688629,华丰科技,133.9,1.6,1.39,212.77,133.177783113226,0.436382,72.62580667,-350.0,415.0,76.0,2026-09-17,0.54,55.2,False
5085,688630,芯碁微装,438.0,1.58,1.62,114.01,433.899679966373,0.4685856,77.7418809,-66.0,80.0,77.2,2026-09-17,0.94,60.0,False
5086,688631,莱斯信息,37.35,1.77,0.28,-80.06,36.659906015658,0.160814,59.83835906,-1147.0,3965.0,64.8,2026-09-17,1.88,38.8,False
5087,688633,星球石墨,22.32,1.22,0.4,15.2,21.969703636971,0.2016312,65.3287575,-146.0,2203.0,61.2,2026-09-17,1.59,40.0,False
5088,688635,长进光子,284.89,1.88,6.33,424.17,282.866770277394,0.3907752,65.68478945,-537.0,2091.0,68.8,2026-09-17,0.72,45.2,False
5089,688636,智明达,20.75,2.98,1.56,33.62,20.309545128433,0.1343048,62.76313213,-693.0,3080.0,64.8,2026-09-17,2.17,40.7,False
5090,688638,誉辰智能,32.8,2.56,0.87,-12.23,31.418132569551,0.0335344,58.21514934,297.0,4322.0,61.6,2026-09-17,4.4,35.9,False
5091,688639,华恒生物,17.06,2.22,1.36,21.15,16.7664418948,0.1893432,66.8768431,-224.0,1700.0,64.8,2026-09-17,1.75,43.3,False
5092,688646,逸飞激光,78.22,1.92,0.85,-233.52,77.233121480836,0.421757254902,65.89030001,2144.0,2025.0,63.6,2026-09-17,1.28,41.9,False
5093,688648,中邮科技,29.03,1.43,1.29,-84.41,28.652017903984,0.2211456,54.38505364,-32.0,4952.0,62.0,2026-09-17,1.32,33.7,False
5094,688651,盛邦安全,23.56,3.29,4.37,-29.8,22.869433975695,0.139614,66.75212285,163.0,1741.0,66.4,2026-09-17,3.02,44.3,False
5095,688652,京仪装备,150.51,7.79,2.78,137.65,138.743789701902,0.2036628,69.12713248,-510.0,1088.0,66.0,2026-09-17,8.48,45.6,False
5096,688653,康希通信,14.85,6.45,2.91,114.54,14.02356345691,0.23647,65.10122241,285.0,2281.0,66.8,2026-09-17,5.89,43.5,False
5097,688655,迅捷兴,63.6,4.06,5.91,297.39,62.191506046635,0.3570476,67.44274077,1687.0,1511.0,73.6,2026-09-17,2.26,49.6,False
5098,688656,浩欧博,111.62,0.4,0.39,212.56,112.320069377968,0.322704,68.05712331,1947.0,1344.0,62.8,2026-09-17,-0.62,42.7,False
5099,688657,浩辰软件,32.95,1.32,0.64,71.22,32.509177237414,0.1448084,65.70814112,-469.0,2081.0,61.6,2026-09-17,1.36,40.5,False
5100,688658,悦康药业,12.8,1.83,2.06,-27.46,12.595530209641,0.2156,60.4341901,1208.0,3796.0,68.4,2026-09-17,1.62,41.3,False
5101,688659,元琛科技,9.06,0.33,1.14,-38.13,8.915807327255,0.0776744,54.45137394,-545.0,4944.0,61.2,2026-09-17,1.62,33.3,False
5102,688660,电气风电,9.45,1.5,1.72,-11.63,9.264222604191,0.2990284,69.27288712,2287.0,1049.0,76.0,2026-09-17,2.01,52.6,False
5103,688661,和林微纳,107.67,4.13,1.58,-1210.45,103.987064439431,0.3737888,59.48314378,-1353.0,4046.0,66.8,2026-09-17,3.54,39.7,False
5104,688662,富信科技,95.33,3.9,5.44,247.61,92.814232910489,0.4544176,69.12052677,-429.0,1089.0,70.8,2026-09-17,2.71,48.9,False
5105,688663,新风光,56.68,2.05,0.44,108.71,56.07640858989,0.3031624,63.40732217,493.0,2855.0,63.2,2026-09-17,1.08,40.1,False
5106,688665,四方光电,44.43,2.85,0.18,27.93,43.554525839953,0.1655896,68.66790034,261.0,1190.0,61.2,2026-09-17,2.01,42.0,False
5107,688667,菱电电控,94.86,0.51,0.36,38.63,95.780869738526,0.2293532,69.70701028,-153.0,954.0,63.2,2026-09-17,-0.96,44.1,False
5108,688668,鼎通科技,266.4,2.27,1.54,100.95,264.88913605952,0.3296316,68.83880011,-514.0,1158.0,75.2,2026-09-17,0.57,51.8,False
5109,688669,聚石化学,69.57,1.56,0.94,-40.27,69.542938557982,0.4040116,52.16759328,16.0,5113.0,58.4,2026-09-17,0.04,30.5,False
5110,688670,金迪克,17.48,1.81,1.28,-21.08,17.254881780106,0.10643,55.99265632,-78.0,4733.0,66.0,2026-09-17,1.3,37.0,False
5111,688671,碧兴物联,25.1,3.0,0.92,-32.25,24.102246785865,0.1134244,54.75257194,196.0,4912.0,58.4,2026-09-17,4.14,32.0,False
5112,688676,金盘科技,64.21,0.17,0.76,48.77,64.20902763761,0.3276948,68.22770057,-635.0,1297.0,78.4,2026-09-17,0.0,53.5,False
5113,688677,海泰新光,81.15,1.44,1.89,63.75,81.210079210993,0.3464856,66.4506028,-1338.0,1824.0,64.8,2026-09-17,-0.07,43.1,False
5114,688678,福立旺,23.05,-0.47,2.35,67.84,23.032352875188,0.463238,76.57426639,133.0,122.0,67.6,2026-09-17,0.08,51.8,False
5115,688679,通源环境,41.89,-0.05,1.62,-425.6,42.587571305263,0.3822724,60.26818978,-42.0,3838.0,62.8,2026-09-17,-1.64,37.8,False
5116,688680,海优新材,33.75,1.9,0.46,-34.62,32.672569040366,0.1904936,62.93737112,1199.0,3003.0,63.6,2026-09-17,3.3,40.0,False
5117,688681,科汇股份,15.17,2.09,1.02,57.26,14.733947379573,0.1363444,62.88269295,-285.0,3028.0,61.6,2026-09-17,2.96,38.7,False
5118,688682,霍莱沃,30.25,2.96,0.55,351.95,29.523388795198,0.059314,57.18574311,-1656.0,4538.0,62.0,2026-09-17,2.46,35.5,False
5119,688683,莱尔科技,31.14,1.86,0.34,99.11,30.765834417831,0.1222712,61.84603015,-2225.0,3377.0,62.0,2026-09-17,1.22,38.3,False
5120,688685,迈信林,35.84,1.16,1.0,244.42,35.746433518941,0.2226028,51.6078251,-184.0,5134.0,62.4,2026-09-17,0.26,32.2,False
5121,688686,奥普特,142.0,-0.2,0.62,50.9,143.442687459943,0.3080004,68.79152979,1409.0,1163.0,70.4,2026-09-17,-1.01,48.4,False
5122,688687,凯因科技,17.28,1.77,1.2,55.22,16.916555100005,0.275906,62.89294212,535.0,3023.0,62.8,2026-09-17,2.15,39.5,False
5123,688689,银河微电,41.15,4.05,2.83,61.78,39.84134604583,0.2694692,62.83894001,-2146.0,3049.0,64.4,2026-09-17,3.28,40.5,False
5124,688690,纳微科技,47.05,4.84,2.41,69.44,44.754137652659,0.2969548,72.23922412,137.0,470.0,70.8,2026-09-17,5.13,51.1,False
5125,688691,灿芯股份,65.07,5.6,3.63,-63.94,61.895992433529,0.2071176,55.15664741,-288.0,4865.0,64.0,2026-09-17,5.13,35.3,False
5126,688692,达梦数据,203.01,0.31,0.53,52.01,204.377435952586,0.3644972,69.17923104,-756.0,1075.0,67.2,2026-09-17,-0.67,46.5,False
5127,688693,锴威特,78.5,2.65,2.37,-85.43,77.009568662897,0.2814708,54.91630577,-388.0,4896.0,64.0,2026-09-17,1.94,35.1,False
5128,688695,中创股份,18.9,2.16,1.2,-40.26,18.278676448448,0.0312008,55.1850031,-1143.0,4861.0,62.8,2026-09-17,3.4,34.7,False
5129,688696,极米科技,84.28,0.84,0.45,35.47,83.892244155801,0.1992088,65.37457333,-346.0,2185.0,67.2,2026-09-17,0.46,43.9,False
5130,688697,纽威数控,14.92,2.75,0.5,26.57,14.582402118745,0.1495284,66.68896186,-359.0,1754.0,66.4,2026-09-17,2.32,44.3,False
5131,688698,伟创电气,43.28,0.58,0.63,42.21,42.927912131152,0.2571864,72.1142133,672.0,486.0,66.0,2026-09-17,0.82,47.6,False
5132,688699,明微电子,68.24,3.91,3.17,44.19,65.869081041719,0.2601372,61.48883085,-2400.0,3480.0,71.2,2026-09-17,3.6,43.8,False
5133,688700,东威科技,64.99,0.74,2.13,97.82,65.677695936384,0.3829824,70.53913748,-729.0,784.0,74.8,2026-09-17,-1.05,52.8,False
5134,688701,卓锦股份,8.64,-0.23,0.6,-19.34,8.581868190896,0.0742332,52.95114717,-394.0,5067.0,60.8,2026-09-17,0.68,32.2,False
5135,688702,盛科通信-U,336.97,6.22,2.49,-3932.49,318.78852681603,0.4266096,63.11202109,-363.0,2940.0,73.2,2026-09-17,5.7,46.2,False
5136,688707,振华新材,10.15,1.2,0.32,-14.82,10.081311229461,0.2056804,52.79709459,-40.0,5079.0,64.4,2026-09-17,0.68,34.0,False
5137,688708,佳驰科技,39.99,-0.4,0.55,119.71,40.294528820878,0.2176472,62.31881226,-1285.0,3219.0,63.6,2026-09-17,-0.76,39.6,False
5138,688709,成都华微,25.03,4.29,0.97,-65.57,24.122175140613,0.1721544,54.73911957,-728.0,4914.0,68.0,2026-09-17,3.76,37.2,False
5139,688710,益诺思,91.44,1.39,1.87,164.54,90.381793619294,0.3096036,71.68593839,1084.0,562.0,64.4,2026-09-17,1.17,46.2,False
5140,688711,宏微科技,29.53,6.61,4.34,802.96,27.813635532641,0.3006816,57.4160647,-2689.0,4497.0,70.0,2026-09-17,6.17,40.2,False
5141,688712,北芯生命,30.88,4.32,4.48,69.25,29.588580020503,0.204972,69.04930394,1582.0,1107.0,62.4,2026-09-17,4.36,43.1,False
5142,688716,中研股份,25.93,3.27,1.14,-121.69,25.339645353418,0.144972,52.57553023,-91.0,5092.0,64.8,2026-09-17,2.33,34.1,False
5143,688717,艾罗能源,43.56,1.26,2.19,-99.19,42.950844133675,0.2305012,59.97692183,861.0,3933.0,63.6,2026-09-17,1.42,38.1,False
5144,688718,唯赛勃,14.1,1.73,0.48,54.7,13.668984163787,0.1257292,69.86793125,31.0,916.0,61.2,2026-09-17,3.15,42.8,False
5145,688719,爱科赛博,54.15,1.69,2.09,-185.62,53.780657624687,0.2791704,61.01035471,-774.0,3619.0,64.4,2026-09-17,0.69,39.3,False
5146,688720,艾森股份,66.66,3.69,3.0,187.19,64.675301668048,0.2662128,68.15974161,-476.0,1312.0,64.4,2026-09-17,3.07,43.9,False
5147,688721,龙图光罩,41.3,2.74,2.75,162.66,40.561171973886,0.198736,58.09318468,-938.0,4350.0,62.4,2026-09-17,1.82,36.3,False
5148,688722,同益中,14.15,2.69,0.65,22.74,13.770896688145,0.1784104,58.86696487,-86.0,4189.0,60.8,2026-09-17,2.75,35.8,False
5149,688726,拉普拉斯,45.37,8.44,3.2,29.07,41.889945048944,0.2827956,68.40569043,1517.0,1244.0,63.2,2026-09-17,8.31,43.2,False
5150,688727,恒坤新材,49.0,2.62,4.63,130.93,48.496622630969,0.2935928,69.25037702,-22.0,1054.0,64.8,2026-09-17,1.04,44.9,False
5151,688728,格科微,14.92,3.68,0.58,2651.56,14.389098052018,0.3192524,63.78266881,-513.0,2713.0,67.6,2026-09-17,3.69,43.1,False
5152,688729,屹唐股份,24.94,3.27,1.2,93.14,24.441509339728,0.321456,63.85003463,-897.0,2692.0,74.0,2026-09-17,2.04,47.2,False
5153,688733,壹石通,29.32,3.31,1.5,249.63,28.628709184492,0.1931468,58.11013651,-228.0,4342.0,64.0,2026-09-17,2.41,37.2,False
5154,688737,中自科技,17.13,3.01,0.53,-15.65,16.500474995465,0.043174,61.61864742,218.0,3446.0,62.8,2026-09-17,3.82,38.7,False
5155,688739,成大生物,20.12,1.11,0.22,125.88,19.785296854746,0.1217328,56.68069894,138.0,4628.0,66.0,2026-09-17,1.69,37.4,False
5156,688750,金天钛业,14.08,1.22,0.37,99.21,13.964985121958,0.1665776,53.03452528,-1306.0,5058.0,64.4,2026-09-17,0.82,34.2,False
5157,688755,汉邦科技,27.93,2.31,2.32,35.98,27.4558118983,0.175842,68.22612711,-451.0,1298.0,62.8,2026-09-17,1.73,42.8,False
5158,688757,胜科纳米,31.53,3.04,2.95,343.39,30.839482402457,0.2791888,66.18400462,983.0,1916.0,62.0,2026-09-17,2.24,41.0,False
5159,688758,赛分科技,31.99,2.6,3.79,60.21,30.89854000168,0.3194828,76.14919225,65.0,150.0,65.2,2026-09-17,3.53,49.6,False
5160,688759,必贝特-U,22.41,4.96,4.65,-51.79,21.305584490078,0.228568,59.26411123,648.0,4097.0,61.2,2026-09-17,5.18,36.3,False
5161,688765,禾元生物-U,37.85,5.43,5.64,-107.81,36.162325034371,0.20443,60.31523322,-410.0,3823.0,64.4,2026-09-17,4.67,38.8,False
5162,688766,普冉股份,431.28,10.39,6.43,38.79,394.768426384292,0.466114,69.68482463,-820.0,957.0,80.4,2026-09-17,9.25,56.0,False
5163,688767,博拓生物,40.49,8.35,2.01,-182.65,37.525520500763,0.2841572,60.93755286,-587.0,3645.0,62.4,2026-09-17,7.9,38.0,False
5164,688768,容知日新,41.39,1.12,0.19,-46.0,40.602635870847,0.2382736,62.58819427,207.0,3131.0,61.6,2026-09-17,1.94,38.6,False
5165,688772,珠海冠宇,13.88,1.61,0.53,-38.87,13.637902452185,0.2916024,54.49839672,-1091.0,4940.0,66.0,2026-09-17,1.78,36.0,False
5166,688775,影石创新,96.02,1.73,0.79,633.14,94.784981348194,0.3236416,69.244629,93.0,1057.0,74.0,2026-09-17,1.3,51.2,False
5167,688776,国光电气,46.2,2.6,0.64,-34.49,45.310072478299,0.1485584,51.31569806,-582.0,5141.0,66.0,2026-09-17,1.96,33.9,False
5168,688777,中控技术,86.86,2.6,0.88,221.56,85.768257534353,0.3964988,60.70593751,-1938.0,3718.0,74.8,2026-09-17,1.27,45.4,False
5169,688778,厦钨新能,45.09,1.62,0.46,23.17,44.71474253914,0.1809776,64.67683616,-29.0,2408.0,75.6,2026-09-17,0.84,48.9,False
5170,688779,五矿新能,7.69,0.65,0.22,19.64,7.691929943274,0.1982932,62.26786102,-992.0,3244.0,72.4,2026-09-17,-0.03,45.1,False
5171,688781,视涯科技-UW,39.35,1.0,3.06,-366.24,38.459233703906,0.2343168,68.61335965,3439.0,1198.0,62.0,2026-09-17,2.32,42.5,False
5172,688783,西安奕材-U,29.43,5.22,7.01,-205.4,28.425205709352,0.3163424,56.41735607,-3579.0,4674.0,74.8,2026-09-17,3.53,42.2,False
5173,688785,恒运昌,365.59,7.85,5.16,236.4,331.7261596325,0.427452,81.07799784,82.0,18.0,67.6,2026-09-17,10.21,54.8,False
5174,688786,悦安新材,28.34,3.05,1.59,67.46,27.880300252064,0.18965,64.74776854,-1830.0,2387.0,63.6,2026-09-17,1.65,41.2,False
5175,688787,海天瑞声,90.88,1.18,1.22,280.49,89.616619674121,0.3008276,70.12229581,1525.0,866.0,69.2,2026-09-17,1.41,48.5,False
5176,688788,科思科技,29.46,1.13,0.33,-18.3,29.656644225061,0.2038596,57.06649851,226.0,4557.0,63.6,2026-09-17,-0.66,36.3,False
5177,688789,宏华数科,41.85,1.58,0.31,33.95,41.253678631753,0.1781628,69.51241809,1865.0,984.0,63.6,2026-09-17,1.45,44.2,False
5178,688790,昂瑞微-UW,96.38,7.11,14.75,30.73,91.356754795109,0.331836,66.2240776,773.0,1902.0,70.0,2026-09-17,5.5,46.4,False
5179,688793,倍轻松,17.39,-0.34,0.72,-15.68,17.140595245991,0.0696804,57.48728656,-479.0,4477.0,62.0,2026-09-17,1.46,35.6,False
5180,688795,摩尔线程-U,420.0,6.17,12.55,-8536.29,391.516969141168,0.5676408,75.95008483,729.0,161.0,90.4,2026-09-17,7.28,68.7,False
5181,688796,百奥赛图,129.11,2.0,8.19,119.66,128.005554345957,0.3441776,78.16442921,355.0,67.0,65.2,2026-09-17,0.86,51.0,False
5182,688797,臻宝科技,292.03,2.26,8.14,211.69,290.60510521447,0.4249452,,,,,2026-09-17,0.49,25.0,False
5183,688798,艾为电子,55.51,4.22,1.81,68.2,53.41216467391,0.2965952,60.92820738,-1655.0,3647.0,68.0,2026-09-17,3.93,41.4,False
5184,688799,华纳药厂,54.87,4.49,1.66,56.75,52.267838748419,0.4586848,75.32869963,430.0,198.0,62.8,2026-09-17,4.98,47.3,False
5185,688800,瑞可达,68.9,0.44,1.82,89.59,69.252016254981,0.3993876,74.43801404,-187.0,254.0,72.8,2026-09-17,-0.51,54.2,False
5186,688802,沐曦股份-U,553.58,1.3,19.54,180.82,491.005806319339,0.6217548,74.09144598,3754.0,281.0,84.8,2026-09-17,12.74,62.8,False
5187,688805,健信超导,39.97,2.41,1.75,67.98,39.228865816842,0.267908,64.28539358,-1403.0,2537.0,64.4,2026-09-17,1.89,41.4,False
5188,688807,优迅股份,369.0,7.45,10.6,245.28,341.466086070006,0.5124268,73.80761401,1168.0,311.0,70.0,2026-09-17,8.06,51.7,False
5189,688808,联讯仪器,2396.88,1.09,1.96,216.95,2371.790252389,0.9884708,81.8345375,43.0,11.0,79.6,2026-09-17,1.06,65.1,False
5190,688809,强一股份,543.0,2.55,2.42,158.16,527.052544104119,0.4638388,73.63622998,-243.0,328.0,70.8,2026-09-17,3.03,52.1,False
5191,688811,有研复材,20.6,2.49,3.89,286.11,20.327092305489,0.2632784,61.17802721,-2683.0,3582.0,65.6,2026-09-17,1.34,40.1,False
5192,688813,泰金新能,138.8,1.07,12.32,127.81,142.349784930214,0.4208248,71.20871928,-304.0,645.0,72.0,2026-09-17,-2.49,51.3,False
5193,688816,易思维,46.86,2.0,0.95,-63.16,45.71953302848,0.1379616,62.64020812,1236.0,3116.0,63.2,2026-09-17,2.49,39.6,False
5194,688818,电科蓝天,42.88,2.88,2.72,518.55,41.850335628978,0.3140216,63.3949924,-261.0,2859.0,64.0,2026-09-17,2.46,40.6,False
5195,688819,天能股份,20.64,0.44,0.06,35.67,20.535962934203,0.2165616,66.09094342,663.0,1949.0,66.8,2026-09-17,0.51,44.1,False
5196,688820,盛合晶微,143.29,7.42,7.12,297.0,132.82784200424,0.4420384,72.03039937,-370.0,496.0,78.8,2026-09-17,7.88,56.8,False
5197,688981,中芯国际,121.56,2.48,0.92,116.49,119.116407901716,0.4596092,67.16268317,-1308.0,1605.0,83.6,2026-09-17,2.05,56.1,False
5198,689009,九号公司-WD,37.23,0.49,0.41,13.58,36.828207317171,0.2394668,66.14207888,618.0,1929.0,72.4,2026-09-17,1.09,47.9,False
