序号,代码,名称,最新价,涨跌幅,换手率,市盈率,主力成本,机构参与度,综合得分,上升,目前排名,关注指数,交易日,cost_deviation_pct,score_x_focus,is_our_stock
1,000001,平安银行,10.37,-0.48,0.16,3.46,10.486560172447,0.417334,62.42362364,277,1562,84.8,2026-06-25,-1.11,52.9,False
2,000002,万  科Ａ,2.97,0.68,0.3,-1.49,2.940126988775,0.348362,57.11086988,1283,2931,75.2,2026-06-25,1.02,42.9,False
3,000004,国华退,0.25,-3.85,1.43,-1.3,0.251681412675,0.445886511628,57.01472277,35,2956,64.8,2026-06-25,-0.67,36.9,False
4,000006,深振业Ａ,7.37,0.14,0.37,330.44,7.349442491788,0.35376,56.43358167,-384,3130,72.4,2026-06-25,0.28,40.9,False
5,000007,全新好,12.66,-2.84,0.7,-505.14,13.165855847289,0.310324,53.09303034,-977,3966,65.6,2026-06-25,-3.84,34.8,False
6,000008,神州高铁,2.29,-2.14,0.44,-51.15,2.34315788034,0.265078,49.39237125,81,4670,67.2,2026-06-25,-2.27,33.2,False
7,000009,中国宝安,6.41,-2.58,0.25,236.69,6.565077227573,0.257012,52.90784529,290,4010,74.4,2026-06-25,-2.36,39.4,False
8,000010,*ST美丽,1.8,-1.1,0.5,19.11,1.834655815073,0.341993921569,56.16545648,1226,3187,64.0,2026-06-25,-1.89,35.9,False
9,000011,深物业A,6.75,-1.6,0.16,-36.93,6.834971065834,0.12406,54.19545087,-824,3705,68.8,2026-06-25,-1.24,37.3,False
10,000012,南  玻Ａ,5.02,5.24,3.47,-38.71,4.759201256785,0.3040392,71.97196096,1201,346,84.4,2026-06-25,5.48,60.7,False
11,000014,沙河股份,9.42,-1.67,0.55,-67.15,9.558991331942,0.1708016,50.93327369,-424,4430,66.8,2026-06-25,-1.45,34.0,False
12,000016,*ST康佳A,2.25,-5.06,0.93,-7.37,2.388018753021,0.36402627451,51.56487576,337,4304,69.2,2026-06-25,-5.78,35.7,False
13,000017,深中华A,4.98,-2.73,0.41,140.3,5.113815551562,0.071352,58.25958989,-91,2621,68.0,2026-06-25,-2.62,39.6,False
14,000019,深粮控股,5.67,-1.9,0.57,25.16,5.787269419597,0.166368,49.95768991,69,4577,66.0,2026-06-25,-2.03,33.0,False
15,000020,深华发Ａ,10.8,-2.44,0.72,146.94,11.124777700549,0.0666584,58.9570827,-924,2428,64.0,2026-06-25,-2.92,37.7,False
16,000021,深科技,54.53,2.5,4.84,88.62,53.107732508934,0.4574188,69.20126031,-506,565,95.6,2026-06-25,2.68,66.2,False
17,000025,特  力Ａ,14.28,1.06,0.66,46.24,14.483983898793,0.1891008,56.90944924,-816,2985,80.0,2026-06-25,-1.41,45.5,False
18,000026,飞亚达,20.4,-2.02,0.71,31.8,21.080247654996,0.2925816,63.35421626,-23,1381,70.8,2026-06-25,-3.23,44.9,False
19,000027,深圳能源,6.73,0.9,0.24,6.41,6.670348444261,0.3525828,59.65006698,178,2256,80.0,2026-06-25,0.89,47.7,False
20,000028,国药一致,19.22,-1.18,0.07,10.23,19.440678071582,0.1748232,60.70276981,8,1991,69.6,2026-06-25,-1.14,42.2,False
21,000029,深深房Ａ,24.28,0.96,0.4,-1563.77,24.424437081793,0.3627936,61.67044571,-369,1732,71.2,2026-06-25,-0.59,43.9,False
22,000030,富奥股份,3.99,-0.5,0.17,13.76,4.167537171228,0.1994536,63.83033659,1085,1288,64.4,2026-06-25,-4.26,41.1,False
23,000031,大悦城,2.21,-0.9,0.13,-10.71,2.219236155248,0.3205072,54.91463653,-799,3525,73.6,2026-06-25,-0.42,40.4,False
24,000032,深桑达Ａ,24.7,-3.82,1.93,-91.06,25.765374684567,0.3950644,57.42948178,-1486,2837,92.4,2026-06-25,-4.13,53.1,False
25,000034,神州数码,26.89,-3.76,3.57,28.96,27.679479795397,0.5896836,73.84792027,1182,226,79.2,2026-06-25,-2.85,58.5,False
26,000035,中国天楹,5.05,0.2,0.31,27.23,5.023658483625,0.352376,62.41589679,1219,1565,66.4,2026-06-25,0.52,41.4,False
27,000036,华联控股,4.61,-2.12,0.4,62.14,4.765583695276,0.2425652,58.7775069,-1193,2473,67.2,2026-06-25,-3.26,39.5,False
28,000037,深南电A,9.36,2.18,2.42,117.29,9.24042441478,0.1974796,50.02132739,134,4569,79.6,2026-06-25,1.29,39.8,False
29,000039,中集集团,8.6,-2.38,0.53,55.48,8.834470961077,0.2049668,53.06102183,-1254,3971,72.0,2026-06-25,-2.65,38.2,False
30,000042,中洲控股,8.6,-3.91,0.54,-21.58,9.294897060697,0.1943828,51.71827039,-1882,4271,73.6,2026-06-25,-7.48,38.1,False
31,000045,深纺织Ａ,10.14,-0.1,0.31,57.82,10.16975443699,0.2103404,56.83298045,20,3006,65.2,2026-06-25,-0.29,37.1,False
32,000048,京基智农,21.71,-2.69,1.88,-12.45,21.439005156263,0.4683628,60.51168516,570,2035,78.4,2026-06-25,1.26,47.4,False
33,000049,德赛电池,23.75,-4.16,0.86,28.58,24.789744375854,0.2699972,67.64027242,472,712,73.6,2026-06-25,-4.19,49.8,False
34,000050,深天马Ａ,10.43,0.48,1.2,-45.63,10.366822663387,0.38867,68.95269508,-523,583,90.4,2026-06-25,0.61,62.3,False
35,000055,方大集团,3.37,-2.03,0.51,32.08,3.442521529149,0.19365,54.96430012,102,3511,72.8,2026-06-25,-2.11,40.0,False
36,000056,*ST皇庭,2.07,5.08,2.46,-18.94,1.962413146289,0.544427058824,70.75737799,81,432,70.4,2026-06-25,5.48,49.8,False
37,000058,深 赛 格,6.13,-1.92,0.2,76.36,6.247690780497,0.171778,58.0094276,1504,2679,70.4,2026-06-25,-1.88,40.8,False
38,000059,华锦股份,3.89,-1.52,0.35,35.07,3.920652265577,0.1918356,57.40533841,-428,2845,68.4,2026-06-25,-0.78,39.3,False
39,000060,中金岭南,8.11,1.88,2.04,17.88,8.10699665621,0.3877276,64.69235031,-959,1134,91.6,2026-06-25,0.04,59.3,False
40,000061,农 产 品,5.35,-1.11,0.31,19.66,5.547520729925,0.2348784,57.67574115,-82,2767,68.8,2026-06-25,-3.56,39.7,False
41,000062,深圳华强,32.27,-5.48,1.91,42.0,33.453779641247,0.363314,75.45564427,214,154,88.0,2026-06-25,-3.54,66.4,False
42,000063,中兴通讯,36.22,-5.78,2.49,33.05,38.121856893729,0.4660792,70.67018955,1001,439,89.2,2026-06-25,-4.99,63.0,False
43,000065,北方国际,10.96,-3.52,0.61,28.81,11.555965040165,0.32262,59.00206932,-1531,2410,71.6,2026-06-25,-5.16,42.2,False
44,000066,中国长城,19.4,-5.23,3.15,-187.1,19.495973051702,0.4337468,72.12814928,120,330,87.2,2026-06-25,-0.49,62.9,False
45,000068,华控赛格,2.95,0.34,0.51,-40.87,2.909081748263,0.2795144,46.41346186,21,5026,73.2,2026-06-25,1.41,34.0,False
46,000069,华侨城Ａ,1.66,0.0,0.25,-2.44,1.666113138337,0.3776712,49.55238428,238,4645,72.0,2026-06-25,-0.37,35.7,False
47,000070,特发信息,22.52,-9.08,4.17,-512.75,24.506334753797,0.383642,63.69937353,87,1314,92.8,2026-06-25,-8.11,59.1,False
48,000078,ST海王,1.37,0.0,0.75,62.18,1.377626992917,0.291269803922,49.34285196,84,4682,68.8,2026-06-25,-0.55,33.9,False
49,000088,盐 田 港,4.1,-0.49,0.09,15.65,4.13033181137,0.2640364,58.22346961,151,2634,71.6,2026-06-25,-0.73,41.7,False
50,000089,深圳机场,6.12,-0.49,0.15,12.15,6.279505351685,0.243926,62.59157913,354,1531,70.4,2026-06-25,-2.54,44.1,False
51,000090,天健集团,3.18,-1.24,0.26,-63.72,3.211666204111,0.2656808,62.78073326,1201,1498,74.4,2026-06-25,-0.99,46.7,False
52,000096,广聚能源,6.99,-2.51,0.49,75.46,7.150987932911,0.173402,54.05691652,166,3743,62.8,2026-06-25,-2.25,33.9,False
53,000099,中信海直,15.44,-4.46,0.75,32.15,16.090658039867,0.2725196,66.46749988,2230,875,80.4,2026-06-25,-4.04,53.4,False
54,000100,TCL科技,5.48,2.62,4.64,18.31,5.269980966389,0.5896908,82.35225505,453,12,90.4,2026-06-25,3.99,74.4,False
55,000151,中成股份,11.15,-2.19,1.05,58.31,11.669602535529,0.2495244,57.5262718,51,2807,78.0,2026-06-25,-4.45,44.9,False
56,000153,丰原药业,5.11,-2.29,0.31,16.04,5.20653985261,0.120998,55.55400567,-160,3370,66.4,2026-06-25,-1.85,36.9,False
57,000155,川能动力,12.6,0.08,0.41,21.8,12.746779958739,0.3035852,57.33318331,-1750,2867,71.6,2026-06-25,-1.15,41.1,False
58,000156,华数传媒,6.53,-0.91,0.13,26.86,6.548763480113,0.2372644,63.34485801,179,1383,68.4,2026-06-25,-0.29,43.3,False
59,000157,中联重科,7.36,0.27,0.15,18.0,7.411715166451,0.2698224,69.19407538,629,566,80.4,2026-06-25,-0.7,55.6,False
60,000158,常山北明,13.18,-0.75,0.7,-51.85,13.464537293504,0.2018652,52.43710654,-167,4116,71.2,2026-06-25,-2.11,37.3,False
61,000159,国际实业,5.48,-0.54,0.7,90.29,5.523435264684,0.2864444,56.50716333,-1523,3107,66.4,2026-06-25,-0.79,37.5,False
62,000166,申万宏源,4.56,-0.87,0.18,12.12,4.561427946314,0.4413556,71.05607728,598,409,80.0,2026-06-25,-0.03,56.8,False
63,000301,东方盛虹,11.62,0.69,0.11,13.41,11.618256875689,0.2010344,67.42091772,32,739,76.0,2026-06-25,0.02,51.2,False
64,000333,美的集团,77.81,1.71,0.13,11.68,77.126868140728,0.445332,77.18763534,36,88,87.6,2026-06-25,0.89,67.6,False
65,000338,潍柴动力,28.51,-1.59,0.42,20.01,29.757690657706,0.3352256,67.93172316,-31,672,82.4,2026-06-25,-4.19,56.0,False
66,000400,许继电气,22.2,1.79,0.85,50.91,22.033966890194,0.3123244,60.21486612,43,2114,76.4,2026-06-25,0.75,46.0,False
67,000401,金隅冀东,3.48,-0.57,0.08,-2.33,3.484019541338,0.1683948,52.78291718,366,4034,72.4,2026-06-25,-0.12,38.2,False
68,000402,金 融 街,2.61,-0.38,0.3,5.65,2.60848358808,0.2992092,53.41773956,103,3885,69.6,2026-06-25,0.06,37.2,False
69,000403,派林生物,8.97,-3.96,0.42,92.79,9.181407933167,0.2383332,51.71162598,-108,4272,65.2,2026-06-25,-2.3,33.7,False
70,000404,长虹华意,7.28,-0.95,0.33,10.98,7.381697241336,0.2190504,65.77288144,856,970,62.8,2026-06-25,-1.38,41.3,False
71,000407,胜利股份,3.73,-1.06,0.38,22.8,3.782697281994,0.2265656,55.48829859,191,3382,65.6,2026-06-25,-1.39,36.4,False
72,000408,藏格矿业,69.85,-0.36,0.22,17.41,70.440289449657,0.365024,64.57078498,-391,1157,77.2,2026-06-25,-0.84,49.8,False
73,000409,云鼎科技,8.51,-2.52,0.27,72.98,8.470890534593,0.197938,61.90726398,963,1687,70.0,2026-06-25,0.46,43.3,False
74,000410,沈阳机床,4.7,-1.05,0.26,-91.99,4.772447385816,0.2870268,55.34481339,109,3415,70.4,2026-06-25,-1.52,39.0,False
75,000411,英特集团,9.28,-1.69,0.19,16.35,9.291195267704,0.2318672,65.29720044,288,1037,72.0,2026-06-25,-0.12,47.0,False
76,000415,渤海租赁,4.31,-2.05,0.39,7.34,4.328077289249,0.3125264,62.27933233,2256,1586,69.6,2026-06-25,-0.42,43.3,False
77,000417,合百集团,8.39,5.4,5.49,25.45,8.094071399295,0.3049428,64.86609524,-916,1104,80.0,2026-06-25,3.66,51.9,False
78,000419,通程控股,4.55,-1.09,0.26,22.04,4.609070725043,0.0735212,57.19344905,289,2905,64.8,2026-06-25,-1.28,37.1,False
79,000420,吉林化纤,4.14,-0.24,0.75,93.39,4.176341603481,0.3366928,49.68363294,-1979,4617,70.4,2026-06-25,-0.87,35.0,False
80,000421,南京公用,5.11,-0.97,0.23,10.14,5.175658194197,0.1001488,55.94169998,-845,3254,68.0,2026-06-25,-1.27,38.0,False
81,000422,湖北宜化,13.47,-6.33,2.06,20.22,14.172577644947,0.3461272,63.97235956,-568,1258,82.0,2026-06-25,-4.96,52.5,False
82,000423,东阿阿胶,43.73,0.0,0.21,15.48,43.927066662254,0.2174484,69.24417661,598,562,78.8,2026-06-25,-0.45,54.6,False
83,000425,徐工机械,8.34,1.21,0.34,11.87,8.385498977737,0.3784004,68.64487492,838,612,79.2,2026-06-25,-0.54,54.4,False
84,000426,兴业银锡,34.18,-3.12,1.11,11.34,35.589531844924,0.3743056,62.48525259,-1043,1546,88.8,2026-06-25,-3.96,55.5,False
85,000428,华天酒店,3.15,-0.63,0.23,-12.84,3.190198077799,0.1933316,57.98352495,198,2686,68.8,2026-06-25,-1.26,39.9,False
86,000429,粤高速Ａ,13.81,0.36,0.06,15.97,13.640043436049,0.0951916,71.11721529,172,403,72.4,2026-06-25,1.25,51.5,False
87,000430,张家界,7.48,-2.6,1.33,4.95,7.712707072689,0.275482745098,63.19898843,2112,1413,74.0,2026-06-25,-3.02,46.8,False
88,000488,ST晨鸣,1.86,-4.12,0.57,-2.67,1.950053202315,0.24649,45.1911055,-180,5095,70.0,2026-06-25,-4.62,31.6,False
89,000498,山东路桥,4.85,-0.21,0.08,11.23,4.874137659676,0.2206232,58.54710449,-625,2537,70.0,2026-06-25,-0.5,41.0,False
90,000501,武商集团,6.61,-1.64,0.23,10.3,6.760096452542,0.2487376,55.98613765,160,3239,68.0,2026-06-25,-2.22,38.1,False
91,000503,国新健康,6.4,-0.93,0.23,-32.22,6.483151107124,0.217956,49.1372847,-80,4705,68.8,2026-06-25,-1.28,33.8,False
92,000504,南华生物,7.51,-0.13,0.47,55.82,7.586524395736,0.28044254902,55.9239466,-1214,3260,67.6,2026-06-25,-1.01,37.8,False
93,000505,京粮控股,5.11,-0.78,0.25,114.12,5.152980116501,0.148442,48.88643846,150,4747,69.6,2026-06-25,-0.83,34.0,False
94,000506,招金黄金,12.18,-2.56,1.19,15.09,12.499867867879,0.200144,55.63210473,-796,3352,80.8,2026-06-25,-2.56,45.0,False
95,000507,珠海港,5.0,1.21,0.54,16.86,4.96277965982,0.3177312,62.74906638,427,1509,74.0,2026-06-25,0.75,46.4,False
96,000509,华塑控股,3.74,-0.8,0.89,-400.12,3.817794762349,0.205894,50.8973508,269,4435,77.2,2026-06-25,-2.04,39.3,False
97,000510,新金路,25.14,-3.31,2.42,-80.24,25.245590939397,0.3470416,68.77844224,207,596,86.8,2026-06-25,-0.42,59.7,False
98,000513,丽珠集团,29.24,-0.75,0.18,11.25,29.180903352159,0.2424532,63.15133008,-581,1424,80.0,2026-06-25,0.2,50.5,False
99,000514,渝 开 发,3.7,-1.86,0.22,24.17,3.765220532086,0.1337284,58.20061657,1467,2640,69.2,2026-06-25,-1.73,40.3,False
100,000516,国际医学,3.87,-1.78,0.23,-44.81,3.961588657834,0.2245208,53.4456671,-2027,3877,73.2,2026-06-25,-2.31,39.1,False
101,000517,荣安地产,1.69,-1.17,0.29,-47.28,1.719862831823,0.3320728,57.36947233,1102,2854,70.4,2026-06-25,-1.74,40.4,False
102,000518,四环生物,3.14,-4.27,0.83,-71.44,3.239640069734,0.296602352941,60.90039386,-918,1937,72.0,2026-06-25,-3.08,43.8,False
103,000519,中兵红箭,20.68,-4.44,2.1,131.79,21.44124403439,0.3602852,78.80479594,208,46,91.6,2026-06-25,-3.55,72.2,False
104,000520,凤凰航运,3.68,-4.66,0.98,281.99,3.817938949138,0.2274792,51.65932655,-1100,4286,77.6,2026-06-25,-3.61,40.1,False
105,000521,长虹美菱,5.0,-1.19,0.17,18.33,5.097499100354,0.2110012,61.03014042,-409,1906,72.8,2026-06-25,-1.91,44.4,False
106,000523,红棉股份,2.59,-1.89,0.55,25.03,2.653039007602,0.1923328,53.67838597,-1203,3830,66.0,2026-06-25,-2.38,35.4,False
107,000524,岭南控股,,,0.0,45.63,8.957438067233,0.0883916,62.17401486,143,1609,73.2,2026-06-25,,45.5,False
108,000525,红太阳,3.96,-1.74,0.51,403.04,4.057416426961,0.2588428,41.49467382,-28,5190,65.6,2026-06-25,-2.4,27.2,False
109,000526,学大教育,24.86,-2.13,0.44,8.35,25.580710463872,0.18928,62.55578803,-622,1537,69.2,2026-06-25,-2.82,43.3,False
110,000528,柳    工,7.67,-0.13,0.47,6.44,7.765553653378,0.301828,63.39324022,1533,1372,74.8,2026-06-25,-1.23,47.4,False
111,000529,广弘控股,4.36,0.23,0.24,-289.66,4.451248311522,0.1422912,54.4816442,449,3635,65.6,2026-06-25,-2.05,35.7,False
112,000530,冰山冷热,5.12,-4.12,1.91,50.94,5.478096025642,0.2405872,53.24955795,-1424,3930,79.2,2026-06-25,-6.54,42.2,False
113,000531,穗恒运Ａ,6.44,0.0,0.36,8.66,6.417697318062,0.2872344,56.06859204,139,3215,69.2,2026-06-25,0.35,38.8,False
114,000532,华金资本,10.8,-3.05,0.58,-172.68,11.186340482948,0.1685052,54.16361984,-781,3713,70.4,2026-06-25,-3.45,38.1,False
115,000533,顺钠股份,9.86,-1.2,1.16,100.68,10.013664588706,0.1760576,49.67398126,214,4620,68.4,2026-06-25,-1.53,34.0,False
116,000534,万泽股份,27.98,-3.05,0.68,46.01,28.977801957637,0.1890428,60.65805407,-156,2003,73.6,2026-06-25,-3.44,44.6,False
117,000536,华映科技,3.2,1.27,0.85,-9.96,3.239349947321,0.2359208,46.44613229,35,5020,75.6,2026-06-25,-1.21,35.1,False
118,000537,绿发电力,7.71,2.53,0.68,44.54,7.672583649909,0.2709484,55.00707589,244,3501,67.2,2026-06-25,0.49,37.0,False
119,000538,云南白药,47.27,0.25,0.1,10.35,47.07942980171,0.2698944,65.52683454,181,1005,84.8,2026-06-25,0.4,55.6,False
120,000539,粤电力Ａ,6.92,3.13,2.32,-59.89,6.713375395003,0.2938664,57.00405158,187,2959,83.6,2026-06-25,3.08,47.7,False
121,000541,佛山照明,4.93,-1.99,0.2,72.4,4.955230557322,0.2411604,58.71263704,-984,2490,75.2,2026-06-25,-0.51,44.2,False
122,000543,皖能电力,7.92,1.54,0.46,10.1,7.775295731586,0.349698,63.95378327,480,1262,78.0,2026-06-25,1.86,49.9,False
123,000544,中原环保,7.24,-0.28,0.07,5.08,7.273534981604,0.1642072,57.95678241,-1035,2693,66.8,2026-06-25,-0.46,38.7,False
124,000545,金浦钛业,2.52,-3.82,2.45,-21.88,2.618156243778,0.2417684,58.03399671,246,2675,82.0,2026-06-25,-3.75,47.6,False
125,000546,金圆股份,4.99,-2.73,1.25,-16.69,5.214591357423,0.2584484,54.09061595,-1791,3739,70.0,2026-06-25,-4.31,37.9,False
126,000547,航天发展,17.77,-4.05,1.38,-64.47,18.71817182074,0.2378076,44.9426159,-562,5104,70.0,2026-06-25,-5.07,31.5,False
127,000548,湖南投资,4.19,-0.95,0.21,33.85,4.238705326662,0.1577352,57.02199674,320,2953,65.6,2026-06-25,-1.15,37.4,False
128,000550,江铃汽车,16.21,-2.82,0.2,10.27,16.667780840004,0.1022808,67.2527591,120,761,73.2,2026-06-25,-2.75,49.2,False
129,000551,创元科技,17.74,3.26,3.37,17.31,17.074958268003,0.434098,75.7100673,-68,141,85.6,2026-06-25,3.89,64.8,False
130,000552,甘肃能化,2.32,-0.85,0.41,47.58,2.358336311807,0.313448,52.33698388,9,4139,70.4,2026-06-25,-1.63,36.8,False
131,000553,安道麦A,5.65,-0.88,0.09,5.78,5.690667344704,0.2139188,52.49495139,-191,4096,66.0,2026-06-25,-0.71,34.6,False
132,000554,泰山石油,5.69,-2.4,0.83,10.1,5.809219558137,0.1537984,56.46004411,240,3122,66.0,2026-06-25,-2.05,37.3,False
133,000555,神州信息,10.76,-4.27,0.68,-28.38,11.322399751005,0.2561676,57.12145728,-1569,2929,72.0,2026-06-25,-4.97,41.1,False
134,000557,西部创业,3.51,-1.96,0.16,24.6,3.590754799366,0.2243484,52.00618241,117,4209,66.8,2026-06-25,-2.25,34.7,False
135,000558,天府文旅,3.13,-2.49,0.75,245.23,3.210220524472,0.2400068,43.97305788,8,5140,76.0,2026-06-25,-2.5,33.4,False
136,000559,万向钱潮,12.92,-3.08,0.38,43.39,13.426979901251,0.2539748,56.55488241,-98,3086,70.0,2026-06-25,-3.78,39.6,False
137,000560,我爱我家,2.1,-0.94,0.61,226.87,2.097723802357,0.4165816,55.99412264,1623,3235,69.2,2026-06-25,0.11,38.7,False
138,000561,烽火电子,7.19,-3.23,0.4,-29.19,7.441404506822,0.1928728,53.11649795,975,3960,70.0,2026-06-25,-3.38,37.2,False
139,000563,陕国投Ａ,2.87,-1.71,0.27,12.65,2.898786932354,0.3520344,59.69437578,601,2246,72.4,2026-06-25,-0.99,43.2,False
140,000564,供销大集,1.38,-0.72,0.53,-45.65,1.405660214438,0.5170768,54.98496147,1189,3505,71.6,2026-06-25,-1.83,39.4,False
141,000565,渝三峡Ａ,5.78,-2.36,0.6,25.22,5.933500946397,0.1710996,57.1543843,48,2920,68.4,2026-06-25,-2.59,39.1,False
142,000566,海南海药,4.17,-9.15,4.21,-17.69,4.572472397658,0.2977244,62.08464999,-187,1631,92.4,2026-06-25,-8.8,57.4,False
143,000567,海德股份,5.88,-1.84,0.43,6.84,5.95052235288,0.2637492,66.8853856,80,805,73.2,2026-06-25,-1.19,49.0,False
144,000568,泸州老窖,78.02,-0.46,0.25,7.74,77.882098562448,0.315492,69.4481832,1573,538,82.0,2026-06-25,0.18,56.9,False
145,000570,苏常柴Ａ,4.73,-1.66,0.68,11.22,4.826255755908,0.16962,61.59333029,1306,1754,62.4,2026-06-25,-1.99,38.4,False
146,000571,新大洲A,6.4,-4.48,2.82,-40.65,6.403211622155,0.3864588,57.83678618,1201,2728,79.2,2026-06-25,-0.05,45.8,False
147,000572,海马汽车,3.75,-2.6,0.62,-48.49,3.857693432113,0.2356836,54.64449432,857,3598,69.6,2026-06-25,-2.79,38.0,False
148,000573,粤宏远Ａ,3.59,-3.49,1.32,13.72,3.731681502939,0.2382032,55.70765792,227,3320,66.4,2026-06-25,-3.8,37.0,False
149,000576,甘化科工,6.54,-3.11,0.47,369.02,6.765251255117,0.0948468,58.78455812,1160,2469,67.6,2026-06-25,-3.33,39.7,False
150,000581,威孚高科,16.97,-2.86,0.59,10.96,17.544246116513,0.26893,63.41199102,287,1365,71.6,2026-06-25,-3.27,45.4,False
151,000582,北部湾港,10.92,0.83,0.53,29.96,10.967052115523,0.3589928,54.19776408,-494,3703,78.0,2026-06-25,-0.43,42.3,False
152,000586,汇源通信,13.7,-4.79,1.37,-119.49,14.533353802705,0.1701372,54.27589342,1182,3686,64.4,2026-06-25,-5.73,35.0,False
153,000589,贵州轮胎,4.16,-1.19,0.3,8.97,4.206614834732,0.2511752,61.20465308,304,1861,69.6,2026-06-25,-1.11,42.6,False
154,000590,古汉医药,8.53,-2.51,0.37,-74.95,8.745708794409,0.1261936,48.33701908,-556,4831,64.8,2026-06-25,-2.47,31.3,False
155,000591,太阳能,4.7,5.38,1.52,25.02,4.471440903391,0.3409304,52.0726282,350,4194,76.0,2026-06-25,5.11,39.6,False
156,000592,平潭发展,6.65,-3.2,1.35,-1776.22,6.938025174616,0.2394004,51.92156837,375,4227,69.6,2026-06-25,-4.15,36.1,True
157,000593,德龙汇能,22.55,-3.22,1.18,137.89,23.05618186857,0.3128648,59.10711236,-132,2386,71.6,2026-06-25,-2.2,42.3,False
158,000595,*ST宝实,5.66,1.43,0.5,817.63,5.648652573097,0.4012276,49.72913856,-68,4611,71.2,2026-06-25,0.2,35.4,False
159,000596,古井贡酒,81.89,0.97,0.3,6.73,80.558123641374,0.257568,64.69742709,1837,1133,76.4,2026-06-25,1.65,49.4,False
160,000597,东北制药,4.31,-1.15,0.19,57.73,4.314483008584,0.2070088,57.78792132,-1164,2740,72.8,2026-06-25,-0.1,42.1,False
161,000598,兴蓉环境,6.64,1.68,0.24,9.39,6.534894119303,0.3196968,65.17868431,-521,1051,71.6,2026-06-25,1.61,46.7,False
162,000599,青岛双星,4.34,-1.36,0.54,62.69,4.417205052468,0.2418392,49.41554807,161,4668,68.4,2026-06-25,-1.75,33.8,False
163,000600,建投能源,9.24,1.09,0.84,6.95,9.161180246068,0.306516,60.91340631,205,1930,79.6,2026-06-25,0.86,48.5,False
164,000601,韶能股份,6.23,1.63,2.1,157.02,6.143313076205,0.2461812,49.64356415,327,4626,80.0,2026-06-25,1.41,39.7,False
165,000603,盛达资源,22.02,-4.72,1.03,47.83,23.279985627402,0.2256456,52.08863818,-230,4191,71.2,2026-06-25,-5.41,37.1,False
166,000605,渤海股份,5.49,-2.31,0.31,26.02,5.627990757997,0.1401508,56.89962236,250,2987,66.8,2026-06-25,-2.45,38.0,False
167,000607,华媒控股,3.06,-2.86,0.29,-28.56,3.151401060673,0.1294116,53.49493059,45,3869,66.4,2026-06-25,-2.9,35.5,False
168,000608,阳光股份,6.98,2.2,2.34,-55.75,6.963075086888,0.338851372549,49.83591507,-1927,4595,80.8,2026-06-25,0.24,40.3,False
169,000609,*ST中迪,12.29,5.04,1.33,-21.25,11.377945847542,0.464071372549,59.56404207,2382,2275,66.4,2026-06-25,8.02,39.6,False
170,000610,*ST西旅,5.34,-4.98,1.19,-11.87,5.632015386753,0.355359411765,49.14101217,402,4704,68.8,2026-06-25,-5.18,33.8,False
171,000612,焦作万方,11.16,-2.11,0.94,6.51,11.457024176993,0.31498,65.44942311,-727,1016,85.2,2026-06-25,-2.59,55.8,False
172,000615,*ST美谷,3.02,-1.31,0.3,-6.25,3.094396472599,0.3082672,58.60120151,-605,2530,71.2,2026-06-25,-2.4,41.7,False
173,000617,中油资本,6.83,-2.98,0.2,13.72,6.995922489444,0.3463936,61.96306833,480,1675,70.4,2026-06-25,-2.37,43.6,False
174,000619,海螺新材,4.46,-2.41,0.53,-18.88,4.565761833659,0.1531816,57.8955674,296,2709,66.8,2026-06-25,-2.32,38.7,False
175,000620,盈新发展,3.38,8.68,9.17,-41.57,3.155524224152,0.4432464,66.74771764,525,831,78.8,2026-06-25,7.11,52.6,False
176,000623,吉林敖东,18.21,-0.76,0.33,6.29,18.289096178093,0.35798,68.90911003,845,587,78.0,2026-06-25,-0.43,53.7,False
177,000625,长安汽车,6.88,-2.13,0.28,48.64,7.012064689992,0.3012492,67.59109011,977,721,75.6,2026-06-25,-1.88,51.1,False
178,000626,远大控股,6.48,-2.56,0.5,14.06,6.67592924233,0.2012808,52.42030409,805,4119,66.0,2026-06-25,-2.93,34.6,False
179,000628,高新发展,48.09,-4.3,1.41,2366.17,50.238903137402,0.3721604,58.31437046,-779,2607,75.6,2026-06-25,-4.28,44.1,False
180,000629,钒钛股份,3.36,5.66,1.6,108.59,3.215811227428,0.3310632,62.26607953,-816,1592,81.2,2026-06-25,4.48,50.6,False
181,000630,铜陵有色,6.56,-1.8,1.12,16.43,6.731766913996,0.3425832,66.55710171,-574,858,88.0,2026-06-25,-2.55,58.6,False
182,000631,顺发恒能,2.93,0.0,0.16,238.1,2.987653157092,0.2687024,54.61944391,-923,3601,71.2,2026-06-25,-1.93,38.9,False
183,000632,ST三木,3.04,1.33,1.35,-6.11,3.015294150745,0.290072941176,42.84857304,-8,5172,66.4,2026-06-25,0.82,28.5,False
184,000633,合金投资,4.79,-2.44,0.66,303.0,4.900823048656,0.143486,54.32874857,10,3669,66.0,2026-06-25,-2.26,35.9,False
185,000635,英 力 特,6.13,-2.7,0.46,-4.68,6.287527307529,0.1797188,56.22869199,561,3172,67.6,2026-06-25,-2.51,38.0,False
186,000636,风华高科,78.64,-1.23,4.08,256.86,77.042803122181,0.5438452,76.6059202,624,106,95.6,2026-06-25,2.07,73.2,False
187,000637,茂化实华,3.52,-2.22,0.91,-16.19,3.608888821591,0.1242156,58.50259738,237,2550,64.4,2026-06-25,-2.46,37.7,False
188,000639,ST西王,1.15,-3.36,1.48,-33.4,1.200815179856,0.392160980392,40.73108162,-3,5197,65.6,2026-06-25,-4.23,26.7,False
189,000650,仁和药业,5.08,-0.97,0.2,12.67,5.108372166571,0.181786,58.54994494,284,2536,74.8,2026-06-25,-0.56,43.8,False
190,000651,格力电器,37.25,0.24,0.19,8.58,37.279944098036,0.4263708,72.52230205,65,305,88.0,2026-06-25,-0.08,63.8,False
191,000652,泰达股份,3.34,-1.47,0.15,117.31,3.376208223371,0.1896852,52.92456436,326,4004,68.8,2026-06-25,-1.07,36.4,False
192,000655,金岭矿业,6.51,-2.4,0.28,27.58,6.677534582373,0.1625448,61.42170671,235,1792,68.8,2026-06-25,-2.51,42.3,False
193,000656,*ST金科,1.14,-2.56,1.45,-71.44,1.176502069835,0.5076276,49.70122853,87,4614,74.4,2026-06-25,-3.1,37.0,False
194,000657,中钨高新,104.99,-0.65,1.76,64.93,104.048239326534,0.4698612,74.86324162,449,189,92.0,2026-06-25,0.91,68.9,False
195,000659,珠海中富,3.22,-2.13,0.43,-191.92,3.30378436536,0.3720508,48.45813459,380,4816,60.0,2026-06-25,-2.54,29.1,False
196,000661,长春高新,64.82,-1.2,0.42,23.97,64.539747234702,0.28909,54.35976724,-982,3666,78.0,2026-06-25,0.43,42.4,False
197,000663,永安林业,5.11,-1.92,0.58,-34.59,5.241699988724,0.1138152,56.52417526,-1060,3098,64.4,2026-06-25,-2.51,36.4,False
198,000665,湖北广电,3.69,-3.15,0.37,-9.13,3.774375082648,0.2427524,48.72171216,16,4772,71.2,2026-06-25,-2.24,34.7,False
199,000668,荣丰控股,20.7,-1.71,0.91,-59.92,21.16337897938,0.392840196078,64.58948791,-327,1153,72.4,2026-06-25,-2.19,46.8,False
200,000669,ST金鸿,3.63,-4.72,0.87,913.85,3.84768575447,0.288622,50.3530391,-45,4529,62.8,2026-06-25,-5.66,31.6,False
201,000670,盈方微,7.72,-5.16,2.39,-139.5,7.945387326283,0.2545988,58.69975717,2162,2497,81.2,2026-06-25,-2.84,47.7,False
202,000672,上峰材料,22.12,1.14,1.07,168.02,22.122289173376,0.3699084,69.07779634,-373,575,87.2,2026-06-25,-0.01,60.2,False
203,000676,智度股份,5.07,-3.24,0.72,34.61,5.268020523201,0.1816832,61.77253785,181,1715,71.6,2026-06-25,-3.76,44.2,False
204,000677,ST海龙,1.54,-4.94,3.07,66.21,1.664982394909,0.302137254902,44.40766584,13,5123,64.8,2026-06-25,-7.51,28.8,False
205,000678,襄阳轴承,8.48,-2.75,0.64,-51.29,8.711074321313,0.2063088,41.75922923,-25,5186,70.4,2026-06-25,-2.65,29.4,False
206,000679,大连友谊,6.39,-2.74,1.03,-45.34,6.696677309282,0.1585344,55.9623876,807,3246,73.2,2026-06-25,-4.58,41.0,False
207,000680,山推股份,9.87,0.2,0.31,11.03,9.915305986986,0.2810028,65.80274286,83,967,73.2,2026-06-25,-0.46,48.2,False
208,000681,视觉中国,19.81,-5.71,1.99,14.53,21.100557808502,0.2337404,58.22487979,-403,2633,85.6,2026-06-25,-6.12,49.8,False
209,000682,东方电子,13.25,0.38,0.77,18.83,13.34795008976,0.2789056,67.48946236,-522,734,84.8,2026-06-25,-0.73,57.2,False
210,000683,博源化工,6.12,-1.61,0.4,13.54,6.206959916868,0.2924788,60.01024672,1053,2174,72.4,2026-06-25,-1.4,43.4,False
211,000685,中山公用,11.37,0.89,0.34,7.15,11.356805447191,0.2934208,66.78782552,1184,821,70.0,2026-06-25,0.12,46.8,False
212,000686,东北证券,8.72,-0.11,0.67,12.43,8.685418648118,0.3718268,71.05713222,1664,408,79.2,2026-06-25,0.4,56.3,False
213,000688,国城矿业,34.53,2.49,0.67,28.96,34.092471402173,0.3369952,57.94376855,-1864,2696,77.2,2026-06-25,1.28,44.7,False
214,000690,宝新能源,4.88,0.83,0.87,8.57,4.827340436994,0.3672508,64.7775283,1199,1121,74.8,2026-06-25,1.09,48.5,False
215,000691,亚太实业,12.42,-5.69,3.12,418.59,13.11698765746,0.365030588235,65.99447777,-252,944,82.8,2026-06-25,-5.31,54.6,False
216,000692,惠天热电,4.06,-0.98,0.71,10.97,4.115568913109,0.1720736,57.27188089,18,2886,70.0,2026-06-25,-1.35,40.1,False
217,000695,滨海能源,12.99,0.39,1.26,-67.13,13.000030736118,0.2541932,51.44942011,-103,4318,66.4,2026-06-25,-0.08,34.2,False
218,000697,炼石航空,10.26,-2.66,0.39,2936.99,10.632846351787,0.292231372549,56.81665839,-190,3008,69.2,2026-06-25,-3.51,39.3,False
219,000698,ST沈化,2.94,-1.67,0.15,73.15,2.985005064691,0.2339524,54.58200501,-67,3610,68.0,2026-06-25,-1.51,37.1,False
220,000700,模塑科技,15.28,10.01,4.56,21.57,14.226265542437,0.3146484,60.88595115,-316,1940,82.4,2026-06-25,7.41,50.2,False
221,000701,厦门信达,4.56,-2.36,0.57,70.85,4.678146022405,0.2146744,52.63306144,-177,4071,68.8,2026-06-25,-2.53,36.2,False
222,000702,正虹科技,4.9,-1.8,0.66,-33.77,5.016921979724,0.1254936,54.97157287,329,3507,67.2,2026-06-25,-2.33,36.9,False
223,000703,恒逸石化,16.06,3.41,3.44,7.69,14.823447828832,0.4067364,71.72782832,-114,362,79.6,2026-06-25,8.34,57.1,False
224,000705,浙江震元,6.01,-1.8,0.92,-23.02,6.086930949829,0.1075572,49.09661952,40,4712,66.4,2026-06-25,-1.26,32.6,False
225,000707,双环科技,4.41,-1.56,0.29,-28.14,4.481322664983,0.2001008,47.27843392,-544,4948,66.0,2026-06-25,-1.59,31.2,False
226,000708,中信特钢,13.17,-1.27,0.04,10.99,13.25932931094,0.2338572,72.19072323,25,328,74.4,2026-06-25,-0.67,53.7,False
227,000709,河钢股份,2.01,-0.5,0.23,16.08,2.010469821706,0.4885952,60.53199192,1348,2029,74.4,2026-06-25,-0.02,45.0,False
228,000710,贝瑞基因,7.46,-2.86,0.53,-33.4,7.655725791533,0.0951348,48.11585264,0,4860,71.2,2026-06-25,-2.56,34.3,False
229,000711,ST京蓝,4.55,-5.01,0.99,361.16,4.81770775631,0.3479092,50.80891013,30,4456,71.6,2026-06-25,-5.56,36.4,False
230,000712,锦龙股份,8.98,-3.02,0.96,-128.17,9.211035946395,0.2334532,63.06919772,2224,1442,76.0,2026-06-25,-2.51,47.9,False
231,000713,国投丰乐,5.31,0.19,0.23,-63.25,5.327409771763,0.2122072,59.9481221,1184,2183,73.2,2026-06-25,-0.33,43.9,False
232,000715,中兴商业,4.73,-2.67,0.44,30.96,4.874641628866,0.1643272,63.25543857,-305,1402,64.0,2026-06-25,-2.97,40.5,False
233,000716,黑芝麻,4.14,-1.19,0.51,23.69,4.216535293064,0.227966,47.93576013,180,4876,74.4,2026-06-25,-1.82,35.7,False
234,000717,中南股份,1.98,-1.49,0.16,-20.81,2.002842427356,0.2250712,51.73367104,222,4267,70.0,2026-06-25,-1.14,36.2,False
235,000718,苏宁环球,1.76,-0.56,0.31,268.46,1.77199155847,0.344632,55.09820134,-971,3483,75.2,2026-06-25,-0.68,41.4,False
236,000719,中原传媒,11.49,-0.09,0.13,26.44,11.503581075724,0.06916,58.25912184,177,2622,66.4,2026-06-25,-0.12,38.7,False
237,000720,新能泰山,3.75,-2.34,1.18,-52.9,3.841799473344,0.247466,49.65932514,515,4623,71.6,2026-06-25,-2.39,35.6,False
238,000721,西安饮食,5.66,-3.41,0.62,-27.75,5.887565573306,0.1994472,58.41836616,602,2575,76.4,2026-06-25,-3.87,44.6,False
239,000722,湖南发展,11.99,1.87,1.47,130.88,11.928468043158,0.2481256,47.75896148,-156,4906,78.4,2026-06-25,0.52,37.4,False
240,000723,美锦能源,3.58,1.42,0.55,-11.72,3.570232359466,0.331536,61.5849921,2320,1755,72.0,2026-06-25,0.27,44.3,False
241,000725,京东方Ａ,7.97,5.98,4.02,43.23,7.456102198253,0.5714936,76.92020115,18,98,95.6,2026-06-25,6.89,73.5,False
242,000726,鲁  泰Ａ,5.6,-1.58,0.21,12.21,5.67915017789,0.2124696,64.22777496,385,1213,66.8,2026-06-25,-1.39,42.9,False
243,000727,冠捷科技,2.68,-0.37,1.15,-10.73,2.71326689186,0.3155608,54.4477732,482,3645,78.8,2026-06-25,-1.23,42.9,False
244,000728,国元证券,7.61,0.4,0.51,15.32,7.625061107283,0.4117296,67.97823849,1145,668,81.6,2026-06-25,-0.2,55.5,False
245,000729,燕京啤酒,10.05,-1.76,0.33,26.75,10.144154045439,0.3298968,66.62450649,-354,848,77.2,2026-06-25,-0.93,51.4,False
246,000731,四川美丰,5.18,-1.52,0.3,-22.22,5.264782473429,0.1690864,49.77039203,44,4603,66.8,2026-06-25,-1.61,33.2,False
247,000733,振华科技,59.71,-1.95,1.75,520.03,59.970283345558,0.4126828,75.96778163,346,130,91.2,2026-06-25,-0.43,69.3,False
248,000735,罗 牛 山,4.78,-1.65,0.39,-8.29,4.862915346338,0.1867708,52.69903231,395,4057,70.4,2026-06-25,-1.71,37.1,False
249,000736,中交发展,3.73,-1.32,0.59,202.82,3.807311562103,0.187101568627,49.9037024,189,4585,76.0,2026-06-25,-2.03,37.9,False
250,000737,北方铜业,13.45,-1.32,0.66,10.41,13.686469585831,0.2640076,64.79985308,42,1113,88.0,2026-06-25,-1.73,57.0,False
251,000738,航发控制,17.4,-2.68,0.4,45.19,18.060249872968,0.2888988,55.49272163,-211,3380,71.2,2026-06-25,-3.66,39.5,False
252,000739,普洛药业,16.49,0.18,0.14,19.18,16.247624941104,0.2107548,67.2008662,-136,768,77.6,2026-06-25,1.49,52.1,False
253,000750,国海证券,3.8,-1.3,0.4,23.62,3.799783128838,0.347064,63.0579772,2553,1446,77.6,2026-06-25,0.01,48.9,False
254,000751,锌业股份,6.01,0.5,3.81,32.93,6.118459770325,0.3312244,69.98543208,-122,494,88.8,2026-06-25,-1.77,62.1,False
255,000752,*ST西发,8.04,-4.51,0.54,70.13,8.454548579512,0.231963921569,56.17775426,-187,3184,65.6,2026-06-25,-4.9,36.9,False
256,000753,漳州发展,4.52,-2.38,0.48,57.05,4.673574647768,0.1553308,50.87014097,138,4443,67.6,2026-06-25,-3.29,34.4,False
257,000755,山西高速,4.35,-1.58,0.06,14.18,4.387923141836,0.233324,61.62819229,188,1745,70.4,2026-06-25,-0.86,43.4,False
258,000756,新华制药,13.01,-3.27,2.07,27.01,13.321020966298,0.29281,66.19498283,548,914,92.8,2026-06-25,-2.33,61.4,False
259,000757,浩物股份,3.45,-1.99,0.6,55.52,3.502857278721,0.19191,57.23444518,-974,2896,65.2,2026-06-25,-1.51,37.3,False
260,000758,中色股份,6.74,-3.3,1.18,12.91,6.979256812441,0.3181356,61.17293213,-106,1874,85.6,2026-06-25,-3.43,52.4,False
261,000759,中百集团,6.01,-3.22,4.88,-10.22,6.255402382756,0.248826,63.10021425,2013,1434,86.4,2026-06-25,-3.92,54.5,False
262,000761,本钢板材,2.18,-1.8,0.08,-2.09,2.208593986502,0.1848788,55.29023055,40,3431,66.8,2026-06-25,-1.29,36.9,False
263,000762,西藏矿业,27.71,-2.22,1.1,190.04,28.795841999649,0.2665204,54.48318292,-2471,3634,74.8,2026-06-25,-3.77,40.8,False
264,000766,通化金马,24.38,-8.38,3.96,645.26,25.629727243989,0.5288488,61.10735046,550,1886,71.6,2026-06-25,-4.88,43.8,False
265,000767,晋控电力,4.12,2.49,2.48,50.4,4.028453804131,0.2918908,49.85764761,-8,4590,83.6,2026-06-25,2.27,41.7,False
266,000768,中航西飞,19.67,-1.7,0.21,55.53,20.041756636756,0.309728,58.9975916,156,2413,82.8,2026-06-25,-1.85,48.9,False
267,000776,广发证券,23.23,0.39,0.68,9.65,23.018476075092,0.4718596,80.84989329,314,25,89.6,2026-06-25,0.92,72.4,False
268,000777,中核科技,17.17,1.0,1.81,-153.69,17.056692576805,0.2167852,53.27161736,186,3925,82.0,2026-06-25,0.66,43.7,False
269,000778,新兴铸管,3.83,-1.54,0.24,19.24,3.911210117827,0.3282956,59.17205177,-136,2364,77.2,2026-06-25,-2.08,45.7,False
270,000779,甘咨询,7.7,-0.9,0.33,15.36,7.795800422654,0.1910632,58.67481363,-727,2507,70.0,2026-06-25,-1.23,41.1,False
271,000782,恒申新材,7.45,-4.49,2.05,-238.11,7.748834767067,0.3909184,61.44997407,-51,1782,69.6,2026-06-25,-3.86,42.8,False
272,000783,长江证券,10.06,-0.89,2.99,9.36,9.826016025008,0.5495192,83.19603217,402,8,92.0,2026-06-25,2.38,76.5,False
273,000785,居然智家,2.08,-0.95,0.17,52.14,2.09505670797,0.4002156,55.41999379,1315,3397,73.6,2026-06-25,-0.72,40.8,False
274,000786,北新建材,18.44,0.16,0.23,9.76,18.410859552176,0.2225612,70.65414104,583,442,75.2,2026-06-25,0.16,53.1,False
275,000788,北大医药,4.94,-1.59,0.58,27.26,5.034077685828,0.21737,54.46719163,-211,3638,66.4,2026-06-25,-1.87,36.2,False
276,000789,万年青,3.9,-0.26,0.08,-38.51,3.906735406169,0.098632,50.68670425,520,4475,68.4,2026-06-25,-0.17,34.7,False
277,000790,华神科技,3.51,-2.5,0.76,226.42,3.574537263862,0.22254,54.30651385,948,3675,70.0,2026-06-25,-1.81,38.0,False
278,000791,甘肃能源,7.89,1.81,0.94,13.13,7.770995807099,0.3012184,61.74297178,100,1721,79.2,2026-06-25,1.53,48.9,False
279,000792,盐湖股份,30.03,-0.66,0.34,13.13,30.463730295404,0.4132468,66.98899943,-538,793,88.4,2026-06-25,-1.42,59.2,False
280,000793,*ST华闻,2.42,-3.2,0.31,-95.07,2.531224181299,0.294449019608,47.90988635,70,4879,72.4,2026-06-25,-4.39,34.7,False
281,000795,英洛华,8.77,-4.36,1.14,35.3,9.126392193496,0.2281872,64.0740957,-115,1235,86.8,2026-06-25,-3.91,55.6,False
282,000796,凯撒旅业,3.82,-3.05,0.86,546.5,3.954422051319,0.2628864,43.35906296,18,5161,68.8,2026-06-25,-3.4,29.8,False
283,000797,中国武夷,2.22,-1.33,0.31,-9.05,2.249817644923,0.2292176,56.03971491,163,3221,68.8,2026-06-25,-1.33,38.6,False
284,000798,中水渔业,7.0,-2.37,0.44,-24.48,7.162574907714,0.1216508,56.96097558,-31,2970,68.0,2026-06-25,-2.27,38.7,False
285,000799,酒鬼酒,44.19,3.1,3.72,108.18,42.464419223097,0.423464,64.87121772,3063,1102,84.8,2026-06-25,4.06,55.0,False
286,000800,一汽解放,5.95,-1.49,0.11,73.71,6.060063192535,0.2463988,63.24972767,584,1405,75.6,2026-06-25,-1.82,47.8,False
287,000801,四川九洲,10.66,-3.09,0.39,182.77,10.952765443189,0.267422,56.60175181,589,3073,72.0,2026-06-25,-2.67,40.8,False
288,000802,北京文化,3.57,-3.51,0.92,-31.0,3.677168887385,0.2396124,51.56150383,324,4305,67.2,2026-06-25,-2.91,34.6,False
289,000803,山高环能,7.03,0.72,0.69,18.74,7.014885866955,0.2027044,56.8628392,586,2998,66.8,2026-06-25,0.22,38.0,False
290,000807,云铝股份,22.94,-2.76,0.66,5.52,23.744141466374,0.3294424,65.51262281,-563,1008,84.0,2026-06-25,-3.39,55.0,False
291,000809,和展能源,3.31,-1.19,0.77,204.42,3.36073254566,0.2906832,56.96956215,1084,2966,63.2,2026-06-25,-1.51,36.0,False
292,000810,创维数字,12.03,-1.72,0.46,41.74,12.090098530024,0.2289188,61.65009376,-49,1737,75.6,2026-06-25,-0.5,46.6,False
293,000811,冰轮环境,53.09,-0.8,2.81,112.38,52.922219275711,0.5079752,80.37181152,-20,30,93.2,2026-06-25,0.32,74.9,False
294,000812,陕西金叶,3.14,-1.88,0.43,62.3,3.203810230364,0.1667868,50.15632518,549,4551,70.4,2026-06-25,-1.99,35.3,False
295,000813,德展健康,2.99,0.0,0.53,-45.54,2.997905834416,0.2829204,54.77014575,196,3561,80.8,2026-06-25,-0.26,44.3,False
296,000815,美利云,15.17,-4.29,2.09,118.78,16.238447215541,0.2250252,52.48970199,-2728,4098,70.8,2026-06-25,-6.58,37.2,False
297,000816,智慧农业,2.31,-1.28,0.43,-66.16,2.363019615766,0.2035324,49.03699938,-464,4728,71.2,2026-06-25,-2.24,34.9,False
298,000818,航锦科技,14.27,-3.65,6.66,145.69,14.512248506684,0.4993132,64.95815887,677,1086,84.8,2026-06-25,-1.67,55.1,False
299,000819,岳阳兴长,11.83,-3.03,0.6,390.22,12.252326440115,0.2492444,51.32808895,-260,4345,61.6,2026-06-25,-3.45,31.6,False
300,000820,*ST节能,2.69,-1.82,0.94,-434.18,2.759079129034,0.2458312,46.14570648,-18,5042,66.4,2026-06-25,-2.5,30.6,False
301,000821,ST京机,7.37,-0.41,0.81,48.21,7.474851172038,0.286458,52.05447546,163,4198,70.0,2026-06-25,-1.4,36.4,False
302,000822,山东海化,4.11,-1.44,0.41,-11.46,4.174483170308,0.1331608,45.27198253,-19,5088,66.8,2026-06-25,-1.54,30.2,False
303,000823,超声电子,28.46,10.01,8.53,128.29,25.547014545535,0.5866168,73.1995222,53,263,93.2,2026-06-25,11.4,68.2,False
304,000825,太钢不锈,3.54,-1.67,0.14,249.83,3.56268437214,0.304458,59.16610637,1348,2368,71.2,2026-06-25,-0.64,42.1,False
305,000826,*ST启环,1.73,-4.95,0.55,-3.4,1.820423062625,0.25812372549,48.02319791,141,4870,67.2,2026-06-25,-4.97,32.3,False
306,000828,东莞控股,9.57,-0.31,0.14,8.74,9.604803847843,0.2151884,59.11956412,219,2382,69.2,2026-06-25,-0.36,40.9,False
307,000829,天音控股,7.39,-4.03,0.73,-74.62,7.663546746012,0.2902004,59.65404828,1807,2253,70.4,2026-06-25,-3.57,42.0,False
308,000830,鲁西化工,12.87,0.7,0.88,13.99,12.824800146672,0.3173604,67.68998853,16,702,76.4,2026-06-25,0.35,51.7,False
309,000831,中国稀土,56.38,-2.19,1.1,107.96,57.786496493788,0.4103684,61.60308563,-133,1752,90.8,2026-06-25,-2.43,55.9,False
310,000833,粤桂股份,24.33,-2.13,2.11,22.62,24.852799761189,0.322406,61.91880522,52,1684,88.0,2026-06-25,-2.1,54.5,False
311,000837,秦川机床,10.94,-1.08,0.74,115.31,11.268264109902,0.2225148,54.44438557,-87,3646,80.4,2026-06-25,-2.91,43.8,False
312,000838,*ST发展,1.58,-0.63,0.87,-30.16,1.623358632573,0.465284901961,56.11506444,527,3198,67.2,2026-06-25,-2.67,37.7,False
313,000839,国安股份,2.68,-1.11,0.51,-816.86,2.741306812573,0.2808848,55.10605653,-1371,3478,79.6,2026-06-25,-2.24,43.9,False
314,000848,承德露露,7.47,-0.53,0.27,7.67,7.529177431079,0.180236,70.06358784,24,484,74.4,2026-06-25,-0.79,52.1,False
315,000850,华茂股份,3.55,-1.39,0.21,-4.24,3.607654482892,0.1867404,51.0712656,327,4398,64.8,2026-06-25,-1.6,33.1,False
316,000852,石化机械,5.15,2.18,0.7,-192.33,5.070655424791,0.2544124,48.55964243,-51,4805,68.0,2026-06-25,1.56,33.0,False
317,000856,冀东装备,7.2,-2.04,0.63,-29.69,7.390734650707,0.081694,49.60662212,-894,4638,69.2,2026-06-25,-2.58,34.3,False
318,000858,五 粮 液,75.12,0.16,0.25,9.04,74.404831395369,0.4226728,67.78186609,1667,690,90.4,2026-06-25,0.96,61.3,False
319,000859,国风新材,10.4,-7.56,3.14,-108.16,11.381020643842,0.2611532,52.95053347,-1041,4000,88.4,2026-06-25,-8.62,46.8,False
320,000860,顺鑫农业,9.78,-0.71,0.35,15.67,9.788996528677,0.1762608,52.33343834,552,4140,74.8,2026-06-25,-0.09,39.1,False
321,000862,银星能源,4.94,1.23,0.99,20.43,4.897555737874,0.1932924,44.9921782,13,5102,68.4,2026-06-25,0.87,30.8,False
322,000863,三湘印象,4.12,1.73,0.85,-239.52,4.063282444978,0.3035444,49.03247736,187,4730,66.0,2026-06-25,1.4,32.4,False
323,000868,安凯客车,3.3,-2.37,0.27,418.82,3.372965648631,0.2125004,58.63912968,1574,2517,72.0,2026-06-25,-2.16,42.2,False
324,000869,张  裕Ａ,16.13,-1.04,0.05,17.85,16.313624768342,0.0970524,55.94487504,134,3252,68.0,2026-06-25,-1.13,38.0,False
325,000875,电投绿能,5.33,0.95,0.46,17.63,5.276682144826,0.3658816,49.42762645,178,4663,74.0,2026-06-25,1.01,36.6,False
326,000876,新 希 望,5.96,0.0,0.24,-7.47,5.909406145897,0.2475616,49.25251677,255,4695,74.4,2026-06-25,0.86,36.6,False
327,000877,天山股份,3.79,0.0,0.04,-4.51,3.795362609843,0.172238,50.33744188,57,4532,72.8,2026-06-25,-0.14,36.6,False
328,000878,云南铜业,16.5,-1.79,0.68,14.81,16.878636503039,0.2889012,63.27468654,100,1399,86.4,2026-06-25,-2.24,54.7,False
329,000880,潍柴重机,23.08,-4.15,2.52,49.02,24.123220211147,0.2543152,55.89031608,-89,3271,71.6,2026-06-25,-4.32,40.0,False
330,000881,中广核技,6.3,-0.94,0.26,-25.28,6.376598129452,0.3298528,50.30939809,3,4537,76.4,2026-06-25,-1.2,38.4,False
331,000882,华联股份,1.35,-2.17,0.73,-24.64,1.380278718763,0.4726124,57.57894,599,2793,81.6,2026-06-25,-2.19,47.0,False
332,000883,湖北能源,4.47,0.45,0.16,15.64,4.460269605564,0.3458976,63.06909619,1110,1443,74.8,2026-06-25,0.22,47.2,False
333,000885,城发环境,12.49,-0.24,0.06,6.38,12.504285151713,0.2177024,60.15762456,-657,2135,67.6,2026-06-25,-0.11,40.7,False
334,000886,海南高速,4.12,-2.37,0.49,-43.35,4.219744783535,0.2495872,60.23219238,330,2111,68.4,2026-06-25,-2.36,41.2,False
335,000887,中鼎股份,17.63,-2.92,0.69,18.02,18.25469444844,0.3373288,59.93682514,93,2185,80.8,2026-06-25,-3.42,48.4,False
336,000888,峨眉山Ａ,8.99,-2.28,0.41,20.0,9.164208980826,0.1536596,55.69181681,290,3328,69.2,2026-06-25,-1.9,38.5,False
337,000889,中嘉博创,3.39,-5.57,2.23,-180.44,3.623866540435,0.2372768,53.67914358,-684,3829,75.2,2026-06-25,-6.45,40.4,False
338,000890,法尔胜,8.17,-1.09,1.41,-93.28,8.330455791759,0.1596728,43.6472238,13,5150,66.0,2026-06-25,-1.93,28.8,False
339,000892,欢瑞世纪,3.29,-2.95,1.06,-20.21,3.395580339792,0.1560888,54.09887716,1191,3737,70.0,2026-06-25,-3.11,37.9,False
340,000893,亚钾国际,43.1,0.3,0.33,18.7,42.894944258665,0.2770268,64.59412664,-627,1151,73.2,2026-06-25,0.48,47.3,False
341,000895,双汇发展,22.79,0.53,0.07,15.28,22.556935198355,0.214854,68.36131688,770,634,79.2,2026-06-25,1.03,54.1,False
342,000897,津滨发展,1.69,0.0,0.39,-426.17,1.690522074526,0.3103824,49.6201056,214,4633,68.4,2026-06-25,-0.03,33.9,False
343,000898,鞍钢股份,1.89,-1.56,0.09,-3.04,1.903595779692,0.3863696,53.84044653,365,3801,71.6,2026-06-25,-0.71,38.5,False
344,000899,赣能股份,10.28,1.28,0.64,12.41,10.177869412271,0.2310984,57.23934721,432,2894,73.2,2026-06-25,1.0,41.9,False
345,000900,现代投资,3.57,-0.83,0.23,8.19,3.612184787329,0.1617564,54.41143171,-1417,3650,66.8,2026-06-25,-1.17,36.3,False
346,000901,航天科技,16.82,-3.67,0.66,223.33,17.596782355881,0.2414748,51.83861892,-1204,4240,72.0,2026-06-25,-4.41,37.3,False
347,000902,新洋丰,12.06,-1.87,0.3,7.59,12.292667625687,0.3281808,70.6882037,221,438,74.0,2026-06-25,-1.89,52.3,False
348,000903,ST云动,1.84,0.55,0.28,-22.94,1.848760110715,0.3116856,44.04728156,-565,5138,70.8,2026-06-25,-0.47,31.2,False
349,000905,厦门港务,8.04,-2.07,0.4,18.15,8.246606960651,0.1669168,58.30848971,1364,2609,68.0,2026-06-25,-2.51,39.6,False
350,000906,浙商中拓,5.15,-1.9,0.19,4.89,5.247454194083,0.169454,58.7046252,121,2493,60.4,2026-06-25,-1.86,35.5,False
351,000908,景峰医药,5.31,-5.35,1.16,636.43,5.710000073395,0.336517647059,53.67194287,-238,3835,84.0,2026-06-25,-7.01,45.1,False
352,000909,*ST数源,3.58,1.13,0.13,-57.84,3.510957921472,0.249134,46.5778138,64,5013,67.6,2026-06-25,1.97,31.5,False
353,000910,大亚圣象,5.34,-1.84,0.15,-7.55,5.425871342287,0.3890248,54.80649381,488,3549,62.0,2026-06-25,-1.58,34.0,False
354,000911,*ST广糖,3.56,-2.47,0.78,-13.82,3.66949441248,0.316838627451,46.10135182,144,5047,66.8,2026-06-25,-2.98,30.8,False
355,000912,泸天化,3.26,-2.1,0.29,-730.78,3.312327129986,0.2809592,51.35299344,672,4338,65.2,2026-06-25,-1.58,33.5,False
356,000913,钱江摩托,10.36,-0.96,0.14,-35.03,10.531032521858,0.206778,56.46927409,198,3119,65.2,2026-06-25,-1.62,36.8,False
357,000915,华特达因,27.42,-1.76,0.34,14.53,27.803700505859,0.1543144,62.07250392,-699,1634,74.8,2026-06-25,-1.38,46.4,False
358,000917,电广传媒,6.86,-5.12,0.96,-26.24,7.25455516415,0.3059736,57.75223274,11,2753,73.6,2026-06-25,-5.44,42.5,False
359,000919,金陵药业,5.87,-1.68,0.37,32.59,5.949425963029,0.1956376,54.72123435,-1330,3575,65.2,2026-06-25,-1.34,35.7,False
360,000920,沃顿科技,14.3,6.72,3.45,38.31,13.398786650985,0.2290248,65.90669136,-246,954,75.6,2026-06-25,6.73,49.8,False
361,000921,海信家电,26.75,-2.41,0.29,8.95,27.428532027105,0.2178516,75.67798593,59,142,79.2,2026-06-25,-2.47,59.9,False
362,000922,佳电股份,14.22,0.0,0.99,36.85,14.550849140939,0.326658,63.62019539,498,1326,80.8,2026-06-25,-2.27,51.4,False
363,000923,河钢资源,12.62,-1.02,0.43,91.03,12.833866941672,0.3111224,58.3213599,-1306,2604,70.4,2026-06-25,-1.67,41.1,False
364,000925,众合科技,9.4,2.29,5.47,-47.88,9.158052672737,0.3069868,64.89256613,-337,1097,88.4,2026-06-25,2.64,57.4,False
365,000926,福星股份,1.95,-2.01,0.42,-5.84,1.968662517144,0.3631564,54.14410147,287,3718,68.0,2026-06-25,-0.95,36.8,False
366,000927,中国铁物,2.34,-0.85,0.13,34.92,2.360405632039,0.3730544,58.36751394,-784,2588,65.2,2026-06-25,-0.86,38.1,False
367,000928,中钢国际,5.21,-1.14,0.23,10.12,5.339247920083,0.2483176,60.25433515,-229,2102,70.8,2026-06-25,-2.42,42.7,False
368,000929,兰州黄河,9.11,-2.98,0.63,-25.37,9.394078578472,0.254031960784,55.80636311,1231,3288,68.8,2026-06-25,-3.02,38.4,False
369,000930,中粮科技,4.49,-0.88,0.18,-17.16,4.540737279789,0.1794828,51.44461547,147,4320,71.6,2026-06-25,-1.12,36.8,False
370,000931,中 关 村,4.35,-1.14,0.27,-50.39,4.435919610222,0.2746636,59.76960824,-773,2225,74.0,2026-06-25,-1.94,44.2,False
371,000932,华菱钢铁,3.52,0.57,0.66,30.5,3.648556469971,0.3957556,64.29132736,1290,1203,74.8,2026-06-25,-3.52,48.1,False
372,000933,神火股份,21.93,-1.31,0.62,5.39,22.270497534069,0.3443416,60.94692675,-1027,1920,80.0,2026-06-25,-1.53,48.8,False
373,000935,四川双马,25.7,3.13,0.38,83.43,24.694845197263,0.3281436,54.49005265,-783,3629,68.8,2026-06-25,4.07,37.5,False
374,000936,华西股份,5.34,-2.73,0.4,184.96,5.516489850261,0.2030848,48.76002019,64,4766,69.2,2026-06-25,-3.2,33.7,False
375,000937,冀中能源,3.99,-1.72,0.21,34.8,4.090238576466,0.2332324,49.37286341,-769,4672,74.0,2026-06-25,-2.45,36.5,False
376,000938,紫光股份,26.78,-5.67,2.34,24.3,27.945987547939,0.45864,75.910196,125,131,91.6,2026-06-25,-4.17,69.5,False
377,000948,南天信息,12.0,-2.76,0.37,-49.1,12.363366587141,0.1523928,58.91079213,-67,2439,72.8,2026-06-25,-2.94,42.9,False
378,000949,新乡化纤,6.9,-2.4,0.86,24.64,7.175479807289,0.2522984,56.60739198,-510,3071,72.8,2026-06-25,-3.84,41.2,False
379,000950,重药控股,5.01,-1.76,0.41,12.68,5.04880440904,0.2912232,62.18078882,-607,1606,66.4,2026-06-25,-0.77,41.3,False
380,000951,中国重汽,19.15,-0.1,0.2,12.31,19.874330508113,0.2286252,58.11777997,-287,2658,73.6,2026-06-25,-3.64,42.8,False
381,000952,广济药业,5.6,-2.61,0.61,-15.34,5.72260162481,0.1298836,47.31977313,43,4942,66.4,2026-06-25,-2.14,31.4,False
382,000953,中哲精化,5.25,-2.05,0.56,503.9,5.35355048357,0.125444,51.09103033,-73,4395,65.6,2026-06-25,-1.93,33.5,False
383,000955,欣龙控股,4.6,-2.95,1.05,-814.23,4.812444574911,0.2176868,56.6626953,-1407,3053,76.0,2026-06-25,-4.41,43.1,False
384,000957,中通客车,9.45,-2.58,0.54,14.08,9.76404785688,0.1996752,62.13414072,53,1620,72.4,2026-06-25,-3.22,45.0,False
385,000958,电投产融,5.69,1.25,0.14,23.32,5.628673388237,0.3162296,64.37002324,-469,1189,79.2,2026-06-25,1.09,51.0,False
386,000959,首钢股份,3.17,-0.94,0.12,35.31,3.20325765674,0.3075932,63.82509617,1452,1292,70.8,2026-06-25,-1.04,45.2,False
387,000960,锡业股份,45.31,2.0,2.77,21.48,45.437490291253,0.4276404,72.05401965,-308,336,95.6,2026-06-25,-0.28,68.9,False
388,000962,东方钽业,83.66,-0.43,2.38,202.99,82.18607409909,0.5277736,74.04930715,81,215,93.6,2026-06-25,1.79,69.3,False
389,000963,华东医药,27.69,-0.72,0.27,12.11,27.665543836682,0.2902048,67.58789285,3,722,83.2,2026-06-25,0.09,56.2,False
390,000965,天保基建,2.99,-0.99,0.19,12.98,3.029769502616,0.2377384,54.24708449,-1101,3695,70.0,2026-06-25,-1.31,38.0,False
391,000966,长源电力,4.12,1.48,0.79,34.26,4.095272735929,0.3311952,48.63699721,60,4791,78.4,2026-06-25,0.6,38.1,False
392,000967,盈峰环境,10.88,-7.87,1.98,42.64,11.779940799355,0.5077064,73.10984062,177,270,82.8,2026-06-25,-7.64,60.5,False
393,000968,蓝焰控股,6.07,-1.46,0.45,9.94,6.236786060167,0.190178,54.91405022,101,3526,64.8,2026-06-25,-2.67,35.6,False
394,000969,安泰科技,25.9,-2.37,1.64,68.56,26.575576612258,0.3484936,71.81743689,1083,355,90.8,2026-06-25,-2.54,65.2,False
395,000970,中科三环,14.58,-2.86,1.91,270.27,14.712917381966,0.366628,69.84693833,1330,504,88.8,2026-06-25,-0.9,62.0,False
396,000972,*ST中基,,,0.0,-31.63,3.267829355305,0.2871528,45.25221648,-375,5091,64.0,2026-06-25,,29.0,False
397,000973,佛塑科技,14.47,-2.23,1.09,15.98,14.946012736106,0.249546,57.35397428,-585,2857,78.4,2026-06-25,-3.18,45.0,False
398,000975,山金国际,17.61,-2.38,0.68,8.76,18.055601874277,0.2874036,60.81600744,-410,1963,74.4,2026-06-25,-2.47,45.2,False
399,000977,浪潮信息,64.81,-5.48,1.9,39.34,66.825271933775,0.460544,78.20635015,201,63,90.0,2026-06-25,-3.02,70.4,False
400,000978,桂林旅游,5.27,-2.59,0.56,-52.13,5.417271071447,0.1931492,48.51888427,99,4812,66.4,2026-06-25,-2.72,32.2,False
401,000980,众泰汽车,2.02,-0.49,0.59,-31.05,2.039497274379,0.3069916,41.24811793,-43,5192,74.8,2026-06-25,-0.96,30.9,False
402,000981,山子高科,2.89,-3.67,0.91,28.77,3.00304514676,0.3077856,44.27832077,28,5127,69.6,2026-06-25,-3.76,30.8,False
403,000983,山西焦煤,6.1,-0.81,0.28,10.72,6.155793957981,0.3013448,56.06069597,229,3219,79.6,2026-06-25,-0.91,44.6,False
404,000985,大庆华科,14.43,-2.43,0.3,82.68,14.778224959141,0.1042244,58.20079022,1238,2639,63.6,2026-06-25,-2.36,37.0,False
405,000987,越秀资本,8.14,-2.63,0.26,7.87,8.298473858661,0.3540208,70.01431523,1347,490,80.4,2026-06-25,-1.91,56.3,False
406,000988,华工科技,166.1,-4.31,1.65,65.4,171.473698555201,0.502422,73.49137382,-63,246,94.4,2026-06-25,-3.13,69.4,False
407,000989,九芝堂,7.79,-1.89,0.38,10.11,7.891395913647,0.1808144,57.98295686,-1330,2687,72.0,2026-06-25,-1.28,41.7,False
408,000990,诚志股份,8.38,-1.53,0.45,10.93,8.567123499626,0.2910136,57.16732609,-1405,2917,64.0,2026-06-25,-2.18,36.6,False
409,000993,闽东电力,10.22,0.39,0.85,-43.04,10.226950672928,0.2226048,44.19073124,-6,5131,70.8,2026-06-25,-0.07,31.3,False
410,000995,皇台酒业,9.97,-1.87,3.49,-91.7,10.256697014542,0.2184504,56.77540539,1827,3028,67.2,2026-06-25,-2.8,38.2,False
411,000997,新 大 陆,16.66,-4.8,0.78,15.01,17.540639389692,0.2954252,61.06340517,117,1898,75.2,2026-06-25,-5.02,45.9,False
412,000998,隆平高科,7.4,-0.27,0.27,-20.78,7.484266968862,0.2548988,49.70230768,71,4613,73.2,2026-06-25,-1.13,36.4,False
413,000999,华润三九,22.59,-0.79,0.18,8.74,22.79928539211,0.2586044,60.34071968,-27,2071,80.4,2026-06-25,-0.92,48.5,True
414,001201,东瑞股份,10.36,-0.67,0.43,-3.54,10.395422617875,0.182794,57.08710524,1385,2935,63.2,2026-06-25,-0.34,36.1,False
415,001202,炬申股份,13.12,-2.02,0.34,62.09,13.528778270724,0.112216,53.90737968,60,3777,60.0,2026-06-25,-3.02,32.3,False
416,001203,大中矿业,31.65,-0.47,0.43,76.97,32.363956841348,0.2919852,64.08334625,-345,1233,70.4,2026-06-25,-2.21,45.1,False
417,001205,盛航股份,14.06,0.79,1.85,16.8,13.982415567887,0.2389596,54.92605344,47,3522,66.4,2026-06-25,0.55,36.5,False
418,001206,依依股份,19.44,-0.82,1.61,32.46,19.323503520567,0.223578,68.71469482,-178,602,80.4,2026-06-25,0.6,55.2,False
419,001207,联科科技,15.22,-2.75,0.32,17.69,15.674292016917,0.1721568,53.35895883,145,3902,62.0,2026-06-25,-2.9,33.1,False
420,001208,华菱线缆,13.72,-3.31,0.99,71.92,14.257400863652,0.1867776,51.18947553,-349,4374,68.0,2026-06-25,-3.77,34.8,False
421,001209,洪兴股份,16.27,-3.04,0.58,23.8,16.894108035668,0.1084548,55.14349843,1098,3465,62.4,2026-06-25,-3.69,34.4,False
422,001210,金房能源,23.83,10.02,4.3,9.86,21.873134512086,0.270104,60.99540757,-1269,1915,69.6,2026-06-25,8.95,42.5,False
423,001211,双枪科技,23.95,-3.08,3.23,109.96,25.835596836652,0.2094872,46.96767112,-420,4981,58.0,2026-06-25,-7.3,27.2,False
424,001212,中旗新材,47.25,-1.79,1.03,629.49,48.407464125357,0.3823252,62.87457089,-140,1477,78.4,2026-06-25,-2.39,49.3,False
425,001213,中铁特货,3.41,-0.87,0.05,31.1,3.448457147144,0.2936,55.29080459,375,3430,66.4,2026-06-25,-1.12,36.7,False
426,001215,千味央厨,35.33,-0.79,1.04,37.97,36.154696645878,0.3065356,55.4266279,-316,3392,64.0,2026-06-25,-2.28,35.5,False
427,001216,华瓷股份,15.19,-4.71,1.0,25.36,16.140121702453,0.2745692,62.75242768,-85,1507,77.2,2026-06-25,-5.89,48.4,False
428,001217,华尔泰,8.59,-2.5,0.24,-48.84,8.81989655077,0.1070424,54.46465351,875,3640,64.4,2026-06-25,-2.61,35.1,False
429,001218,丽臣实业,24.0,-1.32,0.47,10.12,24.4418228529,0.1192388,66.51478141,1076,866,63.2,2026-06-25,-1.81,42.0,False
430,001219,青岛食品,11.7,-2.01,0.23,18.1,11.924799120644,0.1894832,55.90990055,378,3264,63.6,2026-06-25,-1.89,35.6,False
431,001220,世盟股份,28.31,-1.94,1.1,31.65,28.949052064726,0.1492636,53.86546746,-208,3791,60.4,2026-06-25,-2.21,32.5,False
432,001221,悍高集团,40.03,-2.44,0.78,31.15,41.072971241352,0.1281412,65.6396814,-315,990,62.8,2026-06-25,-2.54,41.2,False
433,001222,源飞宠物,13.33,-2.06,0.46,28.02,13.532347667231,0.061482,61.88018012,1567,1693,64.0,2026-06-25,-1.5,39.6,False
434,001223,欧克科技,49.27,-2.38,1.72,52.31,49.7582825876,0.2530308,69.18406905,-39,568,75.2,2026-06-25,-0.98,52.0,False
435,001225,和泰机电,40.84,-1.85,2.17,99.89,41.995959542779,0.2374944,59.03314786,-66,2401,64.4,2026-06-25,-2.75,38.0,False
436,001226,拓山重工,48.12,-1.74,1.72,85.44,49.529400859006,0.2656428,65.78801896,-123,968,69.2,2026-06-25,-2.85,45.5,False
437,001227,兰州银行,2.07,0.49,0.24,5.54,2.063743310766,0.3409112,53.25653795,138,3929,70.4,2026-06-25,0.3,37.5,False
438,001228,永泰运,24.98,-2.23,0.68,18.77,25.567245026328,0.2365432,55.27913858,-81,3433,60.8,2026-06-25,-2.3,33.6,False
439,001229,魅视科技,29.84,2.58,4.14,-228.34,29.284391920918,0.2662068,67.40937819,-409,743,70.8,2026-06-25,1.9,47.7,False
440,001230,劲旅环境,17.23,-2.66,0.63,19.1,17.710731190217,0.1593528,58.48299738,-837,2561,59.2,2026-06-25,-2.71,34.6,False
441,001231,农心科技,18.46,-2.33,0.52,23.86,18.9679995588,0.1046504,54.51498929,-716,3622,59.6,2026-06-25,-2.68,32.5,False
442,001233,海安集团,46.06,-1.83,0.6,40.31,47.185870591117,0.217516,61.21419589,-18,1858,63.6,2026-06-25,-2.39,38.9,False
443,001234,泰慕士,20.42,-2.44,0.42,40.44,21.101546903408,0.0948488,53.61259313,-18,3846,60.0,2026-06-25,-3.23,32.2,False
444,001236,弘业期货,7.25,-3.59,0.52,146.02,7.478843046996,0.1515652,56.06550456,1584,3218,68.0,2026-06-25,-3.06,38.1,False
445,001238,浙江正特,27.72,-2.74,0.08,25.28,28.545673668081,0.1595588,54.26298837,209,3690,66.0,2026-06-25,-2.89,35.8,False
446,001239,永达股份,13.47,-1.61,0.4,314.36,13.891849721268,0.1193916,50.99538289,-314,4416,64.0,2026-06-25,-3.04,32.6,False
447,001255,博菲电气,25.75,-2.13,0.43,-350.95,26.460082797086,0.085934,50.20335893,-58,4546,61.2,2026-06-25,-2.68,30.7,False
448,001256,炜冈科技,24.98,0.52,1.34,23.69,25.345651498927,0.1841728,63.97510092,333,1255,67.6,2026-06-25,-1.44,43.2,False
449,001258,立新能源,7.21,1.69,0.85,265.34,7.088693043138,0.2022468,50.87223327,305,4442,69.6,2026-06-25,1.71,35.4,False
450,001259,利仁科技,66.12,-3.21,1.34,231.53,69.407379560891,0.2978236,53.41987515,-755,3884,63.2,2026-06-25,-4.74,33.8,False
451,001260,坤泰股份,16.07,-2.13,0.23,182.14,16.490530391096,0.1166004,55.89311021,998,3270,58.8,2026-06-25,-2.55,32.9,False
452,001266,宏英智能,50.32,-2.86,2.14,35.91,51.681116738167,0.2449604,73.58919468,683,240,68.0,2026-06-25,-2.63,50.0,False
453,001267,汇绿生态,57.42,-7.73,2.84,758.09,62.196744470253,0.4937816,75.49136678,180,150,85.6,2026-06-25,-7.68,64.6,False
454,001268,联合精密,39.31,-3.3,0.81,-605.22,41.150047547349,0.2706108,63.47848754,-407,1352,64.8,2026-06-25,-4.47,41.1,False
455,001269,欧晶科技,21.29,1.04,1.23,-94.2,21.334535915447,0.2227168,51.29219502,608,4351,74.4,2026-06-25,-0.21,38.2,False
456,001270,铖昌科技,122.16,-3.62,0.87,140.75,125.026036904058,0.392582745098,66.54729574,1003,861,83.2,2026-06-25,-2.29,55.4,False
457,001277,速达股份,28.73,-0.97,0.53,38.0,29.130717758078,0.1339776,57.18107997,-42,2908,62.0,2026-06-25,-1.38,35.5,False
458,001278,一彬科技,15.55,-3.66,1.1,-11.28,16.308833990596,0.1392372,52.84907907,188,4022,66.0,2026-06-25,-4.65,34.9,False
459,001279,强邦新材,27.53,-3.27,1.23,170.27,27.869805297942,0.2163104,58.53343163,-300,2540,72.0,2026-06-25,-1.22,42.1,False
460,001280,中国铀业,68.3,-0.06,0.86,164.95,68.367313033775,0.3154368,64.06545803,257,1238,78.4,2026-06-25,-0.1,50.2,False
461,001282,三联锻造,20.3,-2.03,0.8,41.19,21.050560420249,0.200214,56.2386506,-1818,3171,73.6,2026-06-25,-3.57,41.4,False
462,001283,豪鹏科技,48.51,-3.71,0.78,39.25,49.977876222168,0.2774828,59.59707843,286,2268,68.0,2026-06-25,-2.94,40.5,False
463,001285,瑞立科密,40.98,-2.22,1.06,22.32,42.477435826191,0.2268044,56.09928067,-879,3207,62.8,2026-06-25,-3.53,35.2,False
464,001286,陕西能源,10.63,1.14,0.4,11.22,10.929037683426,0.2436372,62.25085355,223,1595,73.2,2026-06-25,-2.74,45.6,False
465,001287,中电港,30.35,-2.29,1.68,36.39,31.144026596496,0.329454,71.50812579,-224,376,90.4,2026-06-25,-2.55,64.6,False
466,001288,运机集团,25.23,-3.7,0.87,28.67,27.036317293096,0.3911496,65.19439103,-239,1049,64.8,2026-06-25,-6.68,42.2,False
467,001289,龙源电力,17.57,10.02,0.07,22.61,16.039485771539,0.2055484,58.49452489,-777,2553,76.8,2026-06-25,9.54,44.9,False
468,001296,长江材料,20.3,-4.29,2.98,34.77,20.931373026897,0.149644,66.3367319,1329,895,78.4,2026-06-25,-3.02,52.0,False
469,001298,好上好,20.55,-0.92,0.8,37.64,20.915001153677,0.1914424,67.20642861,1177,767,73.2,2026-06-25,-1.75,49.2,False
470,001299,美能能源,10.48,-0.19,0.26,29.73,10.489904454565,0.1671648,58.17765566,883,2645,64.4,2026-06-25,-0.09,37.5,False
471,001300,三柏硕,11.69,-2.99,0.39,-110.74,12.271334294221,0.1441924,49.12820483,264,4706,62.4,2026-06-25,-4.74,30.7,False
472,001301,尚太科技,87.6,-2.71,0.4,31.58,90.810552459551,0.2298672,69.56788702,-281,528,74.0,2026-06-25,-3.54,51.5,False
473,001306,夏厦精密,54.3,-2.04,1.26,-38.69,56.266388282277,0.153792,49.09770153,-1367,4711,66.8,2026-06-25,-3.49,32.8,False
474,001308,康冠科技,20.02,-1.09,0.26,22.68,20.484320901835,0.196754,69.30191999,-70,558,72.0,2026-06-25,-2.27,49.9,False
475,001309,德明利,891.01,0.0,4.06,15.1,870.803658242552,0.6850728,83.73971753,-1,5,94.4,2026-06-25,2.32,79.1,False
476,001311,多利科技,16.37,-1.39,0.78,24.29,16.944603931565,0.1635108,52.4465812,-963,4114,62.4,2026-06-25,-3.39,32.7,False
477,001313,粤海饲料,6.96,-1.69,0.34,108.19,7.128617793277,0.2400112,58.79672408,-1206,2464,63.2,2026-06-25,-2.37,37.2,False
478,001314,亿道信息,59.31,-1.15,1.02,49.29,60.447401587789,0.2119776,66.5903845,-619,852,83.6,2026-06-25,-1.88,55.7,False
479,001316,润贝航科,33.83,-2.84,0.35,22.49,35.0573198997,0.1210056,61.92291738,-69,1683,66.0,2026-06-25,-3.5,40.9,False
480,001317,三羊马,40.7,0.54,1.92,-2919.74,41.078064359037,0.2662336,51.02673982,-273,4406,73.6,2026-06-25,-0.92,37.6,False
481,001318,阳光乳业,9.98,-2.25,0.19,36.96,10.218888888889,0.122652,53.87429785,-181,3786,64.8,2026-06-25,-2.34,34.9,False
482,001319,铭科精技,20.2,-0.1,1.14,30.79,20.196674308974,0.1954712,57.17869828,-1265,2910,65.6,2026-06-25,0.02,37.5,False
483,001322,箭牌家居,5.68,-0.87,0.07,-21.37,5.684692537313,0.1207908,54.59334332,282,3607,62.8,2026-06-25,-0.08,34.3,False
484,001323,慕思股份,16.2,-1.94,0.11,19.94,16.628309378473,0.1201368,55.6534382,100,3346,64.0,2026-06-25,-2.58,35.6,False
485,001324,长青科技,18.31,0.6,0.65,50.9,18.472358468615,0.1135048,59.93485712,1124,2187,64.4,2026-06-25,-0.88,38.6,False
486,001325,元创股份,36.2,-2.32,1.57,27.74,37.319374514102,0.1219532,56.40583175,89,3136,58.8,2026-06-25,-3.0,33.2,False
487,001326,联域股份,64.84,0.92,0.94,78.17,64.807392881588,0.2345076,68.5773597,-38,618,62.8,2026-06-25,0.05,43.1,False
488,001328,登康口腔,24.87,-2.74,0.28,20.67,25.607514210317,0.1942776,56.75332266,-1146,3033,64.8,2026-06-25,-2.88,36.8,False
489,001330,博纳影业,6.35,-8.37,3.68,-49.29,6.631536070791,0.4405512,56.37102707,2028,3143,68.0,2026-06-25,-4.25,38.3,False
490,001331,胜通能源,,,0.0,-589.49,70.686272734812,0.2373208,64.46856165,65,1176,66.0,2026-06-25,,42.5,False
491,001332,锡装股份,40.35,-4.04,0.95,17.09,42.210599470549,0.1924448,62.13651408,-23,1618,66.4,2026-06-25,-4.41,41.3,False
492,001333,光华股份,18.92,-2.42,0.34,24.63,19.218289515651,0.207518,59.82405972,1458,2209,60.8,2026-06-25,-1.55,36.4,False
493,001335,信凯科技,45.36,4.81,3.32,43.91,43.287807714526,0.3838252,60.51009032,-201,2036,61.2,2026-06-25,4.79,37.0,False
494,001336,楚环科技,22.39,-2.18,0.65,42.48,22.95436638506,0.1653796,52.49149708,34,4097,60.4,2026-06-25,-2.46,31.7,False
495,001337,四川黄金,37.39,-1.99,0.59,14.79,38.328484408024,0.2268596,58.77900896,-230,2472,73.2,2026-06-25,-2.45,43.0,False
496,001338,永顺泰,8.54,-2.4,0.42,32.26,8.775324118845,0.164614,54.12553364,-89,3727,63.6,2026-06-25,-2.68,34.4,False
497,001339,智微智能,130.99,-4.25,1.94,75.7,138.01698193319,0.3388128,72.30920514,-288,318,92.4,2026-06-25,-5.09,66.8,False
498,001356,富岭股份,8.36,-1.65,0.35,83.46,8.532271033331,0.06325,52.45181318,129,4108,62.8,2026-06-25,-2.02,32.9,False
499,001358,兴欣新材,23.52,-4.0,1.66,33.67,24.672186014936,0.1431768,56.09977398,-1232,3206,62.0,2026-06-25,-4.67,34.8,False
500,001359,平安电工,130.37,2.19,3.96,142.24,129.229786191566,0.3926388,65.71427589,-795,980,84.4,2026-06-25,0.88,55.5,False
501,001360,南矿集团,18.97,-1.09,0.98,74.75,19.695968198281,0.13943,52.00238844,-252,4210,68.4,2026-06-25,-3.69,35.6,False
502,001366,播恩集团,11.0,-2.74,0.84,48.3,11.319258674523,0.0655064,55.05677055,764,3488,58.8,2026-06-25,-2.82,32.4,False
503,001367,海森药业,18.58,-2.52,0.38,24.48,18.9453456569,0.2041268,57.52553076,-1105,2808,58.4,2026-06-25,-1.93,33.6,False
504,001368,通达创智,20.78,-2.9,0.41,18.32,21.453504102905,0.076756,60.24694489,-189,2105,61.2,2026-06-25,-3.14,36.9,False
505,001369,双欣材料,13.82,-2.19,1.59,31.02,14.148135505192,0.2527836,53.07108419,-1705,3968,70.4,2026-06-25,-2.32,37.4,False
506,001373,翔腾新材,31.57,-2.8,0.96,-57.27,32.917152715655,0.1299788,49.31446216,-52,4687,62.4,2026-06-25,-4.09,30.8,False
507,001376,百通能源,10.75,-1.29,1.22,29.08,10.968631604528,0.1478864,54.60526857,109,3605,69.6,2026-06-25,-1.99,38.0,False
508,001378,德冠新材,18.56,-1.22,1.23,28.54,18.884450851382,0.1604104,60.54104223,-333,2026,65.6,2026-06-25,-1.72,39.7,False
509,001379,腾达科技,15.72,-2.12,1.02,41.94,16.190564651609,0.1334804,57.31394398,-959,2874,64.4,2026-06-25,-2.91,36.9,False
510,001380,华纬科技,15.67,-2.25,0.33,25.44,16.270758803411,0.1126004,63.09680547,632,1437,64.0,2026-06-25,-3.69,40.4,False
511,001382,新亚电缆,15.95,-2.27,1.53,63.83,16.383805093953,0.1713484,46.913769,8,4984,62.4,2026-06-25,-2.65,29.3,False
512,001386,马可波罗,14.53,-2.15,0.97,27.19,14.759633077992,0.1283868,60.61777205,570,2011,60.8,2026-06-25,-1.56,36.9,False
513,001387,雪祺电气,12.6,-2.17,1.2,49.02,12.809655098423,0.1073296,60.55092961,-1054,2025,66.8,2026-06-25,-1.64,40.4,False
514,001388,信通电子,27.58,-1.5,0.76,-87.96,28.269073754533,0.1395384,52.98082102,-1508,3992,62.8,2026-06-25,-2.44,33.3,False
515,001389,广合科技,209.23,4.2,4.16,62.97,195.692340386641,0.4263344,72.87168854,-75,288,79.6,2026-06-25,6.92,58.0,False
516,001390,古麒绒材,18.29,-3.33,0.51,22.88,18.913424691358,0.1512816,67.2881542,-76,756,64.8,2026-06-25,-3.3,43.6,True
517,001391,国货航,4.17,-2.11,0.49,26.96,4.25039163983,0.305682,60.30597315,746,2091,68.0,2026-06-25,-1.89,41.0,False
518,001395,亚联机械,23.59,-2.24,0.58,14.22,24.142605958276,0.1119156,56.57471179,-27,3079,62.4,2026-06-25,-2.29,35.3,False
519,001396,誉帆科技,34.9,-2.92,1.74,516.78,36.261629467166,0.1768308,53.65240462,-832,3840,59.2,2026-06-25,-3.76,31.8,False
520,001400,江顺科技,102.1,-2.65,0.75,57.07,105.395340236639,0.262536,55.10493709,-727,3479,64.0,2026-06-25,-3.13,35.3,False
521,001696,宗申动力,24.14,-4.43,3.26,40.26,24.95919762042,0.4461896,71.43316361,886,381,85.6,2026-06-25,-3.28,61.1,False
522,001872,招商港口,20.16,-0.98,0.02,11.05,20.253118948061,0.1385116,67.54341294,166,729,69.2,2026-06-25,-0.46,46.7,False
523,001896,豫能控股,19.05,2.42,2.99,248.18,19.275435711753,0.3055684,55.75613765,-2180,3309,88.4,2026-06-25,-1.17,49.3,False
524,001914,招商积余,8.41,-0.12,0.1,9.5,8.495938284336,0.1695772,61.44448635,-106,1783,68.4,2026-06-25,-1.01,42.0,False
525,001965,招商公路,9.74,0.1,0.02,12.27,9.810760668853,0.1054068,71.54107415,-48,372,69.2,2026-06-25,-0.72,49.5,False
526,001979,招商蛇口,6.71,0.3,0.18,386.63,6.715265139841,0.3341788,55.21443251,404,3445,74.8,2026-06-25,-0.08,41.3,False
527,002001,新 和 成,30.38,1.27,0.24,12.77,29.821901764543,0.349722,70.99831643,-321,414,80.0,2026-06-25,1.87,56.8,False
528,002003,伟星股份,8.35,-0.95,0.13,26.66,8.428830703568,0.158472,67.72811658,95,695,67.2,2026-06-25,-0.94,45.5,False
529,002004,华邦健康,4.02,-1.23,0.42,12.85,4.083500255351,0.2070204,58.34493223,-467,2596,68.8,2026-06-25,-1.56,40.1,False
530,002005,ST德豪,2.28,-4.2,0.51,107.57,2.395803298523,0.4180168,47.10724155,-62,4966,63.6,2026-06-25,-4.83,30.0,False
531,002006,精工科技,14.05,-2.02,0.35,36.64,14.382989277689,0.2594468,54.10844951,-1168,3733,72.4,2026-06-25,-2.32,39.2,False
532,002007,华兰生物,12.4,-1.82,0.16,24.57,12.537483918951,0.260822,59.78565892,56,2219,78.0,2026-06-25,-1.1,46.6,False
533,002008,大族激光,152.73,-0.05,6.73,111.03,151.832047831564,0.526252,77.73798928,-61,75,94.8,2026-06-25,0.59,73.7,False
534,002009,天奇股份,19.36,-3.01,1.22,79.11,20.189848493121,0.2310308,48.71773251,-40,4773,71.2,2026-06-25,-4.11,34.7,False
535,002010,传化智联,4.65,-1.9,0.19,12.1,4.759833535731,0.268354,54.96910244,-1125,3509,69.6,2026-06-25,-2.31,38.3,False
536,002011,盾安环境,10.28,-2.28,0.3,14.09,10.536932536062,0.3085092,69.81843486,1063,506,73.6,2026-06-25,-2.44,51.4,False
537,002012,凯恩股份,6.71,-0.3,0.77,190.73,6.760747164818,0.2356616,58.96349535,-941,2426,70.8,2026-06-25,-0.75,41.7,False
538,002014,永新股份,10.34,-1.15,0.23,17.45,10.417942896399,0.2610148,60.23902854,196,2107,75.6,2026-06-25,-0.75,45.5,False
539,002015,协鑫能科,18.5,5.77,3.21,26.08,17.543534492025,0.2897152,53.53142006,-2297,3860,80.8,2026-06-25,5.45,43.3,False
540,002016,世荣兆业,4.08,-1.21,0.44,40.06,4.113370581818,0.2797188,59.90951171,205,2190,66.4,2026-06-25,-0.81,39.8,False
541,002017,东信和平,14.91,-3.24,0.55,43.78,15.422015926459,0.1874848,58.14193722,379,2649,70.4,2026-06-25,-3.32,40.9,False
542,002019,亿帆医药,9.65,-0.82,0.33,27.47,9.714190714167,0.2475772,56.79117178,-418,3017,71.6,2026-06-25,-0.66,40.7,False
543,002020,京新药业,12.22,-2.55,0.49,15.92,12.467283952599,0.2186036,66.77684333,-78,823,74.8,2026-06-25,-1.98,49.9,False
544,002021,中捷资源,2.55,-3.41,1.39,-129.25,2.652591626009,0.3383652,63.19448708,1244,1414,74.4,2026-06-25,-3.87,47.0,False
545,002022,科华生物,4.67,-1.89,0.38,-12.39,4.768838375196,0.0617476,48.65607001,-335,4786,69.2,2026-06-25,-2.07,33.7,False
546,002023,海特高新,13.55,0.52,2.03,98.39,13.44269597133,0.297386,62.88053562,-1234,1475,91.6,2026-06-25,0.8,57.6,False
547,002024,ST易购,1.15,-0.86,0.05,92.15,1.15667998913,0.4299848,49.84118177,187,4594,75.6,2026-06-25,-0.58,37.7,False
548,002025,航天电器,70.99,-3.11,2.45,154.27,72.429582836533,0.458058,70.31925634,371,470,86.4,2026-06-25,-1.99,60.8,False
549,002026,山东威达,11.11,-1.94,0.26,19.08,11.340442082034,0.2854308,56.65148592,-1373,3058,69.2,2026-06-25,-2.03,39.2,False
550,002027,分众传媒,4.81,-0.21,0.33,9.7,4.806401991578,0.3729948,65.29860713,375,1036,79.6,2026-06-25,0.07,52.0,False
551,002028,思源电气,177.84,-5.66,0.63,63.26,191.487418492508,0.3743828,75.88459672,-2,132,84.0,2026-06-25,-7.13,63.7,False
552,002029,七 匹 狼,7.86,0.64,0.77,27.81,7.793197796982,0.2954144,54.10681264,-514,3734,67.2,2026-06-25,0.86,36.4,False
553,002030,达安基因,5.01,-0.99,0.54,-17.91,5.127328309429,0.2600992,45.94733047,-120,5059,76.0,2026-06-25,-2.29,34.9,False
554,002031,巨轮智能,5.66,-1.22,1.84,-86.83,5.892037867216,0.2860936,44.74855847,3,5110,82.0,2026-06-25,-3.94,36.7,False
555,002032,苏 泊 尔,39.88,-0.85,0.04,15.78,40.540734028699,0.1596192,66.48957279,270,873,72.4,2026-06-25,-1.63,48.1,False
556,002033,丽江股份,8.29,-1.66,0.73,17.09,8.421111353364,0.2640396,60.68058729,100,1998,67.6,2026-06-25,-1.56,41.0,False
557,002034,旺能环境,16.15,0.94,0.38,10.37,16.231580573533,0.375168,56.97141548,-226,2965,64.0,2026-06-25,-0.5,36.5,False
558,002035,华帝股份,4.48,-1.54,0.23,9.39,4.574442001442,0.1491012,58.34126709,33,2599,66.8,2026-06-25,-2.06,39.0,False
559,002036,联创电子,7.26,-1.63,1.29,-19.83,7.64310223786,0.2383164,44.06954769,-92,5137,75.2,2026-06-25,-5.01,33.1,False
560,002037,保利联合,6.25,-2.34,0.28,-9.25,6.396096947019,0.1413864,48.80995531,69,4759,69.2,2026-06-25,-2.28,33.8,False
561,002038,双鹭药业,5.23,-2.79,1.9,-15.6,5.404736645401,0.2694316,56.18144618,-1765,3181,82.4,2026-06-25,-3.23,46.3,False
562,002039,黔源电力,19.2,0.89,0.46,23.0,19.119787756235,0.2456424,62.75688742,68,1504,71.6,2026-06-25,0.42,44.9,False
563,002040,南 京 港,7.68,-2.29,0.67,18.27,7.972696467599,0.1731404,55.76534601,-2036,3306,73.2,2026-06-25,-3.67,40.8,False
564,002041,登海种业,8.0,-1.48,0.33,52.17,8.037099309753,0.1922536,56.51021526,608,3104,71.2,2026-06-25,-0.46,40.2,False
565,002042,华孚时尚,3.47,-1.7,0.59,58.26,3.615299691305,0.274814,49.4820298,-186,4659,63.6,2026-06-25,-4.02,31.5,False
566,002043,兔 宝 宝,11.42,-0.7,0.17,16.0,11.606953201389,0.0874988,63.9304049,-362,1269,73.6,2026-06-25,-1.61,47.1,False
567,002044,美年健康,5.17,-3.18,0.74,-19.84,5.305956672063,0.3244496,58.81954218,-318,2460,80.0,2026-06-25,-2.56,47.1,False
568,002045,国光电器,7.84,-2.97,0.94,-42.83,8.13451774475,0.1430312,48.35231781,41,4828,71.2,2026-06-25,-3.62,34.4,False
569,002046,国机精工,75.37,-0.05,1.72,-1112.59,76.094819489286,0.5075004,67.62265665,-331,717,93.6,2026-06-25,-0.95,63.3,False
570,002047,宝鹰股份,4.79,0.84,0.8,-197.48,4.71907199482,0.410970784314,58.60463479,-147,2529,76.8,2026-06-25,1.5,45.0,False
571,002048,宁波华翔,22.59,-4.28,1.12,16.84,23.982575061636,0.349916,58.24005267,6,2625,78.0,2026-06-25,-5.81,45.4,False
572,002049,紫光国微,85.75,-2.0,1.25,54.48,85.730843200529,0.478268,76.26678651,195,113,91.2,2026-06-25,0.02,69.6,False
573,002050,三花智控,42.59,-3.07,0.67,48.3,44.451319010408,0.3976248,65.80282932,-550,966,78.4,2026-06-25,-4.19,51.6,False
574,002051,中工国际,12.93,-3.79,2.18,50.75,13.444487522678,0.347206,65.38768507,-793,1022,91.2,2026-06-25,-3.83,59.6,False
575,002052,同洲电子,8.04,-0.74,1.37,233.18,8.091387823403,0.2233496,57.51091152,295,2811,67.6,2026-06-25,-0.64,38.9,False
576,002053,云南能投,8.85,1.26,0.45,9.89,8.934951548293,0.2632328,48.5952836,-278,4800,68.4,2026-06-25,-0.95,33.2,False
577,002054,德美化工,6.97,-1.13,1.3,17.82,7.136765455266,0.2515992,56.50239364,-2055,3109,69.6,2026-06-25,-2.34,39.3,False
578,002055,ST得润,6.12,0.99,1.2,36.62,6.125670165992,0.429828,51.2533787,-1241,4359,71.6,2026-06-25,-0.09,36.7,False
579,002056,横店东磁,31.2,3.31,2.84,32.88,29.049007510002,0.5095076,81.57908997,160,16,89.2,2026-06-25,7.4,72.8,False
580,002057,中钢天源,12.53,0.08,1.79,34.16,12.389548530055,0.3009584,64.46680357,1229,1177,86.0,2026-06-25,1.13,55.4,False
581,002058,威尔泰,20.13,0.5,0.52,96.1,20.291353791754,0.32885627451,55.79712442,-262,3292,67.2,2026-06-25,-0.8,37.5,False
582,002059,云南旅游,4.15,-1.19,0.21,-31.38,4.205600351254,0.1378812,45.4137818,-312,5085,70.8,2026-06-25,-1.32,32.2,False
583,002060,广东建工,3.11,0.32,0.19,26.09,3.100506729123,0.308186,59.8359165,1523,2205,71.2,2026-06-25,0.31,42.6,False
584,002061,浙江交科,3.41,0.0,0.11,10.44,3.426335809002,0.1993156,61.30170813,145,1828,70.8,2026-06-25,-0.48,43.4,False
585,002062,宏润建设,7.6,-3.8,0.52,31.88,7.954991600894,0.3804048,65.72873511,128,978,70.4,2026-06-25,-4.46,46.3,False
586,002063,远光软件,5.02,-1.95,0.37,222.14,5.103170233706,0.2785548,61.89691279,255,1690,69.6,2026-06-25,-1.63,43.1,False
587,002064,华峰化学,10.66,-1.48,0.23,19.78,10.818403255771,0.3134184,63.93531013,-479,1266,80.4,2026-06-25,-1.46,51.4,False
588,002065,东华软件,7.1,-2.2,0.46,91.83,7.325131399923,0.265274,60.82829993,-907,1958,72.0,2026-06-25,-3.07,43.8,False
589,002066,瑞泰科技,21.89,2.1,1.48,-402.22,21.735431434346,0.380294,52.6771013,-118,4065,65.2,2026-06-25,0.71,34.3,False
590,002067,景兴纸业,3.7,-2.37,0.65,64.32,3.805173163974,0.2371852,48.93172629,92,4740,71.2,2026-06-25,-2.76,34.8,False
591,002068,黑猫股份,14.7,-0.88,7.76,-28.42,14.694700201262,0.5694376,67.39610609,742,745,88.8,2026-06-25,0.04,59.8,False
592,002069,獐子岛,2.97,-2.3,0.37,206.37,3.028073264614,0.1084876,56.54202834,-727,3090,66.8,2026-06-25,-1.92,37.8,False
593,002072,凯瑞德,8.51,4.16,2.53,-174.03,8.503995678665,0.2291916,56.29654082,-916,3155,72.4,2026-06-25,0.07,40.8,False
594,002073,软控股份,5.21,-0.76,0.32,43.92,5.269977454761,0.2537468,59.76795164,1340,2226,70.0,2026-06-25,-1.14,41.8,False
595,002074,国轩高科,28.05,-2.13,0.48,603.14,28.72844662522,0.301122,57.34467542,-83,2861,70.8,2026-06-25,-2.36,40.6,False
596,002075,沙钢股份,3.41,-2.85,0.47,36.41,3.496333678666,0.2195476,53.34237659,-15,3908,72.4,2026-06-25,-2.47,38.6,False
597,002076,星光股份,2.19,-3.1,1.86,-86.39,2.271773886591,0.376610196078,48.66902253,-350,4784,75.6,2026-06-25,-3.6,36.8,False
598,002077,大港股份,18.67,-1.69,1.82,70.54,18.954455820884,0.2703456,63.70704561,-965,1311,88.0,2026-06-25,-1.5,56.1,False
599,002078,太阳纸业,12.28,2.16,0.27,9.47,12.045979736517,0.2767212,62.7078088,-6,1514,74.8,2026-06-25,1.94,46.9,False
600,002079,苏州固锝,14.42,-1.84,1.95,38.54,14.554139042023,0.2900644,73.98528004,737,220,91.2,2026-06-25,-0.92,67.5,False
601,002080,中材科技,100.58,8.23,1.58,83.15,89.968462138471,0.5842136,80.37472575,22,29,94.8,2026-06-25,11.79,76.2,False
602,002081,金 螳 螂,4.6,-5.54,3.48,17.33,4.844551526019,0.34656,70.16255282,1323,478,76.4,2026-06-25,-5.05,53.6,False
603,002082,ST万邦,11.24,-4.01,0.75,16.7,11.769053344419,0.443516862745,51.68741262,-441,4276,64.8,2026-06-25,-4.5,33.5,False
604,002083,孚日股份,11.24,-5.86,3.5,14.75,11.815901126286,0.3674168,72.30280872,-294,319,87.2,2026-06-25,-4.87,63.0,False
605,002084,海鸥住工,3.45,-1.15,0.38,-24.76,3.507163207589,0.1886988,52.87061953,-1185,4017,67.6,2026-06-25,-1.63,35.7,False
606,002085,万丰奥威,11.72,-4.4,0.75,25.6,12.299828016553,0.295524,61.97736263,1940,1668,83.6,2026-06-25,-4.71,51.8,False
607,002086,东方海洋,1.67,-2.34,0.55,-72.58,1.717169620622,0.3568908,49.33272086,-1004,4685,68.4,2026-06-25,-2.75,33.7,False
608,002088,鲁阳节能,7.99,0.0,0.18,349.18,8.182292599045,0.1624336,57.21892085,1302,2898,67.6,2026-06-25,-2.35,38.7,False
609,002090,金智科技,9.27,-0.64,0.61,42.46,9.449543925582,0.2579196,61.23200352,-105,1851,73.2,2026-06-25,-1.9,44.8,False
610,002091,江苏国泰,7.23,-1.23,0.15,13.89,7.341839481826,0.2541552,58.35838883,387,2590,71.6,2026-06-25,-1.52,41.8,False
611,002092,中泰化学,3.81,-1.8,0.63,-17.3,3.89629135284,0.2645948,48.91912227,-786,4743,70.4,2026-06-25,-2.21,34.4,False
612,002093,国脉科技,6.31,-2.92,0.29,-84.86,6.5225645619,0.133198,56.96580645,15,2969,71.2,2026-06-25,-3.26,40.6,False
613,002094,青岛金王,4.38,-2.45,0.77,97.16,4.475154005274,0.181578,54.96651579,1187,3510,70.0,2026-06-25,-2.13,38.5,False
614,002095,生 意 宝,12.84,-4.46,0.44,708.35,13.399111812314,0.10262,59.71715044,687,2239,74.0,2026-06-25,-4.17,44.2,False
615,002096,易普力,9.07,-0.22,0.1,26.18,9.147689900394,0.1561524,65.09014672,-29,1066,72.8,2026-06-25,-0.85,47.4,False
616,002097,山河智能,7.35,-1.21,0.52,108.73,7.574098645951,0.2370052,45.20624667,-31,5093,71.2,2026-06-25,-2.96,32.2,False
617,002098,浔兴股份,6.46,-1.82,0.27,19.23,6.588620933923,0.0989276,62.3293855,1120,1577,64.4,2026-06-25,-1.95,40.1,False
618,002099,海翔药业,5.13,-4.65,0.47,78.5,5.201362323814,0.3225444,55.16599041,1595,3456,69.2,2026-06-25,-1.37,38.2,False
619,002100,天康生物,5.85,0.0,0.34,-12.23,5.822802585365,0.2652908,54.41921141,142,3648,69.2,2026-06-25,0.47,37.7,False
620,002101,广东鸿图,9.12,-0.65,0.34,-214.66,9.249531678701,0.228756,64.10305967,1786,1229,75.2,2026-06-25,-1.4,48.2,False
621,002102,ST能特,2.08,-0.95,0.13,54.29,2.08682523355,0.383853333333,52.47094114,-1369,4102,63.6,2026-06-25,-0.33,33.4,False
622,002103,广博股份,5.76,-2.21,0.38,37.83,5.887617512656,0.116298,53.45210327,200,3876,70.0,2026-06-25,-2.17,37.4,False
623,002104,恒宝股份,10.62,-0.28,1.07,-90.12,10.625718735342,0.1871584,45.50717143,22,5083,71.2,2026-06-25,-0.05,32.4,False
624,002105,信隆健康,4.97,-2.17,0.74,-234.09,5.130989287426,0.1041416,56.28396597,1620,3158,67.6,2026-06-25,-3.14,38.0,False
625,002106,莱宝高科,15.62,10.0,5.32,78.99,14.493219958198,0.3135304,66.85210715,264,812,84.8,2026-06-25,7.77,56.7,False
626,002107,沃华医药,5.74,-0.69,0.55,22.6,5.757359394018,0.1069868,58.00378447,-892,2682,64.4,2026-06-25,-0.3,37.4,False
627,002108,沧州明珠,4.38,-3.74,1.0,40.82,4.682838423507,0.3115064,57.86703508,-658,2718,70.0,2026-06-25,-6.47,40.5,False
628,002109,ST兴化,2.36,-3.28,0.18,-109.07,2.452662139424,0.260817254902,50.0692337,-256,4565,62.4,2026-06-25,-3.78,31.2,False
629,002110,三钢闽光,2.88,-0.69,0.2,-18.2,2.86602683122,0.259616,57.59726699,1545,2787,67.6,2026-06-25,0.49,38.9,False
630,002111,威海广泰,8.89,-1.66,0.37,15.31,9.071652595224,0.1715124,62.92610037,1176,1465,68.8,2026-06-25,-2.0,43.3,False
631,002112,三变科技,16.88,0.6,1.9,58.92,16.89670853178,0.1606556,51.52079669,-179,4314,69.2,2026-06-25,-0.1,35.7,False
632,002114,罗平锌电,7.13,-1.25,1.31,-14.61,7.344530014121,0.1630048,51.72942735,-880,4268,80.4,2026-06-25,-2.92,41.6,False
633,002115,三维通信,10.19,-4.5,1.67,95.61,10.726472610005,0.2289244,54.00346577,-443,3762,72.4,2026-06-25,-5.0,39.1,False
634,002116,中国海诚,6.8,-2.16,0.19,23.08,6.992843145686,0.104252,60.6859503,-192,1995,68.4,2026-06-25,-2.76,41.5,False
635,002117,东港股份,7.96,-1.73,0.31,21.0,8.086176170798,0.2274112,55.49760701,-233,3377,70.0,2026-06-25,-1.56,38.8,False
636,002119,康强电子,33.72,0.21,7.49,124.22,33.736894578769,0.332008,69.44195075,1160,540,86.0,2026-06-25,-0.05,59.7,False
637,002120,韵达股份,6.3,-0.94,0.27,9.38,6.3638710817,0.2928232,64.08861063,251,1231,72.8,2026-06-25,-1.0,46.7,False
638,002121,科陆电子,5.43,-0.73,0.52,-55.83,5.478577076497,0.2440336,48.99388519,81,4733,72.8,2026-06-25,-0.89,35.7,False
639,002122,ST汇洲,2.13,-4.05,0.72,78.12,2.239836557171,0.2435164,47.94780423,-19,4875,69.6,2026-06-25,-4.9,33.4,False
640,002123,梦网科技,7.27,-4.34,0.85,-33.28,7.72779786277,0.2880472,58.9146367,958,2438,71.6,2026-06-25,-5.92,42.2,False
641,002124,天邦食品,2.05,0.0,1.27,-1.61,2.064501655341,0.3506696,43.86515783,5,5145,67.2,2026-06-25,-0.7,29.5,False
642,002125,湘潭电化,14.6,-4.64,1.99,25.72,15.246716486074,0.2942792,57.89872437,432,2706,82.0,2026-06-25,-4.24,47.5,False
643,002126,银轮股份,50.02,0.7,0.74,49.47,50.01731641345,0.2888992,66.16148244,-292,919,78.0,2026-06-25,0.01,51.6,False
644,002127,南极电商,2.63,0.38,0.28,49.46,2.618969343832,0.2881344,57.35294995,1399,2858,67.6,2026-06-25,0.42,38.8,False
645,002128,电投能源,24.15,-0.82,0.14,8.91,24.519989068084,0.256998,67.12067153,-428,776,77.6,2026-06-25,-1.51,52.1,False
646,002129,TCL中环,11.19,10.03,6.07,-6.87,9.987059390579,0.4084352,63.06848391,2166,1444,84.8,2026-06-25,12.04,53.5,False
647,002130,沃尔核材,18.38,-4.07,0.83,27.81,19.173694096054,0.2269448,59.52750549,-198,2286,72.0,2026-06-25,-4.14,42.9,False
648,002131,利欧股份,4.85,-3.0,1.36,262.64,5.036797247833,0.2868712,44.73858591,-347,5111,69.2,2026-06-25,-3.71,31.0,False
649,002132,恒星科技,5.31,2.91,3.42,32.84,5.201577157246,0.2933468,64.0513474,-855,1240,84.0,2026-06-25,2.08,53.8,False
650,002133,广宇集团,2.43,-1.62,0.55,-112.97,2.458050527918,0.1518348,57.06383781,374,2938,65.2,2026-06-25,-1.14,37.2,False
651,002134,天津普林,28.88,-2.37,1.85,154.32,29.870740595139,0.2747368,64.35002126,363,1191,74.4,2026-06-25,-3.32,47.9,False
652,002135,东南网架,6.85,-1.01,0.37,125.24,6.932323284776,0.3434716,50.97777544,-642,4419,67.2,2026-06-25,-1.19,34.3,False
653,002136,安 纳 达,13.3,-1.48,1.41,96.45,13.709536558287,0.2085712,64.79277598,1205,1116,78.0,2026-06-25,-2.99,50.5,False
654,002137,实益达,10.25,-4.3,4.41,110.61,10.419573343707,0.2556224,68.92050079,1783,585,88.0,2026-06-25,-1.63,60.7,False
655,002138,顺络电子,69.88,-1.84,1.48,79.19,69.938309672675,0.4536404,73.1509339,408,266,92.4,2026-06-25,-0.08,67.6,False
656,002139,拓邦股份,9.24,-1.81,0.48,55.51,9.522518171461,0.2124784,55.79429943,-100,3293,78.8,2026-06-25,-2.97,44.0,False
657,002140,东华科技,9.44,-0.21,0.18,11.74,9.539075492802,0.2352068,60.01297128,-138,2173,69.6,2026-06-25,-1.04,41.8,False
658,002141,贤丰控股,5.76,9.92,9.03,149.57,4.776596373512,0.3932548,66.07170063,2135,932,85.6,2026-06-25,20.59,56.6,False
659,002142,宁波银行,31.31,1.69,0.09,6.32,31.150551633053,0.3124364,62.03306973,-635,1646,82.8,2026-06-25,0.51,51.4,False
660,002144,宏达高科,10.02,-1.76,0.61,36.7,10.266442365427,0.1202616,53.2081747,-15,3943,63.6,2026-06-25,-2.4,33.8,False
661,002145,钛能化学,4.85,-3.39,0.79,44.43,4.93618903379,0.441768,72.05079005,17,338,85.2,2026-06-25,-1.75,61.4,False
662,002146,荣盛发展,1.1,-0.9,0.85,-1.82,1.119516582557,0.482166,46.72985575,10,4998,70.8,2026-06-25,-1.74,33.1,False
663,002148,北纬科技,5.81,-3.17,1.1,335.98,6.026523521238,0.1562644,57.36767274,226,2855,72.0,2026-06-25,-3.59,41.3,False
664,002149,西部材料,47.53,-3.1,1.84,630.78,48.656225901218,0.3155324,41.79211076,-9,5184,77.6,2026-06-25,-2.31,32.4,False
665,002150,正泰电源,24.8,0.73,0.8,148.68,24.701147783251,0.2419248,62.70407928,345,1515,67.2,2026-06-25,0.4,42.1,False
666,002151,北斗星通,30.7,-3.22,0.85,307.39,31.839765850524,0.2022532,49.96132192,-1143,4576,71.2,2026-06-25,-3.58,35.6,False
667,002152,广电运通,9.55,-2.15,0.17,26.2,9.769556596719,0.2272844,60.88150356,148,1944,73.2,2026-06-25,-2.25,44.6,False
668,002153,石基信息,7.13,-3.52,0.36,205.76,7.379350352516,0.2031436,56.08331896,329,3211,68.8,2026-06-25,-3.38,38.6,False
669,002154,报 喜 鸟,3.75,-1.83,0.79,5.78,3.814397581546,0.207286,68.30169636,-149,638,71.6,2026-06-25,-1.69,48.9,False
670,002155,湖南黄金,24.76,-3.47,1.09,16.24,25.679846284538,0.3367436,65.09708863,-397,1064,78.8,2026-06-25,-3.58,51.3,False
671,002156,通富微电,74.01,-4.88,4.09,85.33,77.385835861089,0.4896536,78.3155118,3,60,94.8,2026-06-25,-4.36,74.2,False
672,002157,正邦科技,2.74,-1.08,0.47,-15.29,2.760777732471,0.4111376,49.74718361,273,4609,71.6,2026-06-25,-0.75,35.6,False
673,002158,汉钟精机,34.33,-3.92,1.16,37.75,36.318172976149,0.321552,74.9351517,-58,187,86.0,2026-06-25,-5.47,64.4,False
674,002159,三特索道,12.43,-1.51,0.92,26.65,12.70743003553,0.1534628,59.14673458,-1314,2376,73.2,2026-06-25,-2.18,43.3,False
675,002160,常铝股份,3.8,-1.81,0.59,77.21,3.903930475158,0.242070363636,53.02359578,-114,3984,72.4,2026-06-25,-2.66,38.4,False
676,002161,远 望 谷,5.48,-5.52,1.08,-26.45,5.804991796762,0.1625828,54.19363473,-154,3706,76.8,2026-06-25,-5.6,41.6,False
677,002162,悦心健康,3.38,-2.03,0.28,-230.81,3.436836966465,0.1583288,57.41020918,1154,2840,69.2,2026-06-25,-1.65,39.7,False
678,002163,海南发展,8.55,-1.04,0.7,-458.84,8.676071643904,0.146962,53.03662258,895,3981,69.2,2026-06-25,-1.45,36.7,False
679,002164,宁波东力,11.89,-2.14,0.74,72.64,12.297098497143,0.2771068,57.17246981,-94,2913,79.6,2026-06-25,-3.31,45.5,False
680,002165,红 宝 丽,6.76,-0.73,2.35,-51.75,6.906444552006,0.215206,47.81963791,172,4892,76.4,2026-06-25,-2.12,36.5,False
681,002166,莱茵生物,6.28,-2.33,0.41,27.39,6.324072819862,0.2063144,54.45071648,607,3642,70.0,2026-06-25,-0.7,38.1,False
682,002167,东方锆业,21.23,-6.76,7.87,203.09,22.037173904087,0.438424,62.57107341,290,1535,96.0,2026-06-25,-3.66,60.1,False
683,002168,ST惠程,3.56,-1.11,0.06,-145.56,3.572935558505,0.337943333333,56.3973304,339,3138,69.2,2026-06-25,-0.36,39.0,False
684,002169,智光电气,15.47,0.65,2.0,132.79,15.669710728371,0.318382,66.18421651,-120,915,82.0,2026-06-25,-1.27,54.3,False
685,002170,芭田股份,11.22,-0.27,0.72,9.95,11.296379113357,0.339494,69.92224035,-207,501,73.6,2026-06-25,-0.68,51.5,False
686,002171,楚江新材,15.26,-2.86,2.44,44.17,15.18527395316,0.3536592,71.39795073,840,385,93.2,2026-06-25,0.49,66.5,False
687,002172,澳洋健康,2.86,-1.38,0.48,104.56,2.89894263547,0.1666768,52.57980896,-1107,4081,69.2,2026-06-25,-1.34,36.4,False
688,002173,创新医疗,16.62,-5.41,3.44,-72.9,17.849165812919,0.2698636,53.17183144,-2702,3950,79.2,2026-06-25,-6.89,42.1,False
689,002174,游族网络,12.47,0.0,1.09,29.44,12.587374982698,0.3261024,57.53342172,-1655,2805,83.6,2026-06-25,-0.93,48.1,False
690,002175,*ST东智,,,0.0,-325.32,2.15,0.178709411765,51.95928913,-58,4218,68.8,2026-06-25,,35.7,False
691,002176,江特电机,10.28,-2.74,1.4,-24.41,10.772952911396,0.2956956,46.44893869,-1009,5019,73.2,2026-06-25,-4.58,34.0,False
692,002177,御银股份,5.82,-2.84,1.54,111.05,6.06193214594,0.1962568,55.34989764,-219,3414,70.0,2026-06-25,-3.99,38.7,False
693,002178,延华智能,4.45,-1.77,0.47,-139.03,4.559667121505,0.155738,47.41910928,44,4934,70.0,2026-06-25,-2.41,33.2,False
694,002179,中航光电,43.5,2.74,1.02,57.35,42.484929900566,0.4133684,75.48805602,246,151,89.6,2026-06-25,2.39,67.6,False
695,002180,奔图科技,13.09,-1.06,0.29,72.09,13.457108094456,0.2439796,50.99987488,-590,4415,74.8,2026-06-25,-2.73,38.1,False
696,002181,粤 传 媒,10.03,-3.37,1.02,166.25,10.373990698197,0.2666104,49.71446,429,4612,80.4,2026-06-25,-3.32,40.0,False
697,002182,宝武镁业,13.88,9.98,2.26,676.25,12.679310554606,0.323146,50.85209703,52,4448,76.0,2026-06-25,9.47,38.6,False
698,002183,怡 亚 通,5.59,1.27,2.09,215.85,5.496554974825,0.347082,60.15460241,2386,2137,76.4,2026-06-25,1.7,46.0,False
699,002184,海得控制,9.21,-2.64,0.76,264.74,9.521909901952,0.1852112,48.22246915,-79,4846,74.0,2026-06-25,-3.28,35.7,False
700,002185,华天科技,22.2,-0.89,6.02,212.53,22.02399930927,0.3810812,71.95710516,40,348,95.2,2026-06-25,0.8,68.5,False
701,002186,全 聚 德,8.5,-1.85,0.38,96.18,8.612110340554,0.1443044,61.04045625,1170,1905,69.2,2026-06-25,-1.3,42.2,False
702,002187,广百股份,4.75,-1.86,0.32,34.48,4.830755101333,0.1623876,54.99323854,194,3504,67.6,2026-06-25,-1.67,37.2,False
703,002188,中天服务,4.89,-3.17,1.62,63.26,5.032757921005,0.1310516,60.60928774,105,2013,62.4,2026-06-25,-2.84,37.8,False
704,002189,中光学,20.13,-6.28,1.23,-20.98,21.102540620639,0.3166232,63.39972943,760,1368,74.8,2026-06-25,-4.61,47.4,False
705,002190,成飞集成,24.06,-2.98,0.38,-105.03,25.023417084052,0.1824552,48.01436362,-869,4871,74.8,2026-06-25,-3.85,35.9,False
706,002191,劲嘉股份,3.86,-3.74,1.14,37.35,4.029144226647,0.3434724,56.32448065,-486,3149,81.6,2026-06-25,-4.2,46.0,False
707,002192,融捷股份,90.02,-2.05,2.54,21.02,93.94301864319,0.4060576,66.63769954,-776,846,92.8,2026-06-25,-4.18,61.8,False
708,002193,ST如意,4.02,-4.96,0.73,-8.65,4.266323503096,0.258626078431,42.88480369,-28,5171,64.4,2026-06-25,-5.77,27.6,False
709,002194,武汉凡谷,10.72,-8.06,3.26,-1247.59,11.709053759835,0.2274428,54.09068754,109,3738,82.0,2026-06-25,-8.45,44.4,False
710,002195,岩山科技,6.61,-4.2,0.89,444.51,6.91056028628,0.2775968,51.74786897,-1488,4261,70.4,2026-06-25,-4.35,36.4,False
711,002196,方正电机,12.5,-4.58,2.26,133.26,13.282622497538,0.2523704,51.76806504,-1327,4256,82.8,2026-06-25,-5.89,42.9,False
712,002197,证通电子,5.85,-2.34,0.87,502.43,6.028889748752,0.1824444,51.11848953,-969,4384,74.0,2026-06-25,-2.97,37.8,False
713,002198,ST嘉应,3.01,-1.31,0.79,30.66,3.089020203762,0.201311960784,46.39096377,44,5028,63.6,2026-06-25,-2.56,29.5,False
714,002199,*ST东晶,11.88,-1.33,0.19,-402.57,12.018822334426,0.3899272,58.06103955,334,2670,70.0,2026-06-25,-1.16,40.6,False
715,002200,交投生态,5.73,-2.55,0.71,45.02,6.012404789848,0.28954745098,57.62515387,1138,2781,66.4,2026-06-25,-4.7,38.3,False
716,002201,九鼎新材,12.1,-1.55,3.57,125.91,12.644544637723,0.2179764,64.58954823,-751,1152,84.4,2026-06-25,-4.31,54.5,False
717,002202,金风科技,22.54,2.92,2.2,26.24,22.082669013477,0.3911304,65.55685649,-583,1002,70.4,2026-06-25,2.07,46.2,False
718,002203,海亮股份,22.98,-4.45,0.75,30.2,24.177808580588,0.3733152,64.6840168,-357,1138,88.0,2026-06-25,-4.95,56.9,False
719,002204,大连重工,5.29,-1.86,0.27,12.25,5.413264276701,0.233188,61.97878246,178,1667,72.0,2026-06-25,-2.28,44.6,False
720,002205,国统股份,10.34,-0.96,0.34,-14.05,10.509774006172,0.1284568,46.89674945,-472,4986,69.2,2026-06-25,-1.62,32.5,False
721,002206,海 利 得,5.37,-1.47,0.24,12.67,5.435935950966,0.3196652,66.34671979,854,893,72.8,2026-06-25,-1.21,48.3,False
722,002207,*ST准油,6.3,1.61,2.53,-26.28,6.211361515733,0.381570196078,46.28415231,93,5034,66.4,2026-06-25,1.43,30.7,False
723,002208,合肥城建,17.14,10.01,6.38,-138.27,16.141070035502,0.2806412,56.3914217,-739,3140,78.0,2026-06-25,6.19,44.0,False
724,002209,达 意 隆,10.47,0.0,1.03,29.47,10.706980148158,0.165908,58.75270709,-797,2477,65.2,2026-06-25,-2.21,38.3,False
725,002210,飞马国际,2.14,-1.38,0.65,122.71,2.176339734486,0.2521852,50.85330012,-48,4446,73.6,2026-06-25,-1.67,37.4,False
726,002211,ST宏达,3.73,-1.58,0.31,210.31,3.820667237432,0.3598048,56.13154973,-1530,3192,72.4,2026-06-25,-2.37,40.6,False
727,002212,天融信,5.67,-3.57,0.62,-16.6,5.895138908291,0.2085064,52.813771,-149,4025,69.6,2026-06-25,-3.82,36.8,False
728,002213,大为股份,38.03,-4.42,3.03,144.49,40.276266033095,0.24722,62.20988047,-55,1599,82.8,2026-06-25,-5.58,51.5,False
729,002214,*ST大立,14.2,-0.21,0.18,-31.12,14.296523866715,0.4041016,45.81822353,-2,5067,70.0,2026-06-25,-0.68,32.1,False
730,002215,诺 普 信,8.62,-1.49,0.4,2.88,8.775900015317,0.2466572,62.19047077,192,1602,75.2,2026-06-25,-1.78,46.8,False
731,002216,三全食品,11.62,-1.94,0.21,9.49,11.80220954788,0.195324,67.06750797,67,785,70.8,2026-06-25,-1.54,47.5,False
732,002217,ST合力泰,2.06,-5.07,0.07,4654.14,2.17,0.252212745098,54.78691532,-181,3552,74.4,2026-06-25,-5.07,40.8,False
733,002218,拓日新能,3.87,0.26,1.14,-33.81,3.873067051466,0.1822304,43.22252681,20,5165,68.8,2026-06-25,-0.08,29.7,False
734,002219,新里程,1.76,-2.22,0.4,74.22,1.799272726343,0.4061084,55.79806433,676,3291,66.4,2026-06-25,-2.18,37.0,False
735,002221,东华能源,5.49,-1.26,0.29,13.45,5.571503329055,0.2317692,53.11461084,-1180,3961,71.2,2026-06-25,-1.46,37.8,False
736,002222,福晶科技,93.51,-4.88,1.95,168.5,96.452382171055,0.4149112,76.16526241,125,118,91.2,2026-06-25,-3.05,69.5,False
737,002223,鱼跃医疗,26.14,0.19,0.36,15.29,25.552232161783,0.241818,68.40592542,889,626,83.2,2026-06-25,2.3,56.9,False
738,002224,三 力 士,3.31,-1.19,0.47,-56.1,3.36607846944,0.2876688,49.42175479,-917,4665,67.2,2026-06-25,-1.67,33.2,False
739,002225,濮耐股份,4.4,1.85,3.35,67.45,4.283160133643,0.2581956,59.17037063,-1291,2366,76.0,2026-06-25,2.73,45.0,False
740,002226,江南化工,4.45,-1.98,0.27,21.93,4.563821525387,0.246824,55.69941522,-40,3323,69.6,2026-06-25,-2.49,38.8,False
741,002227,*ST特迅,6.36,-1.7,0.33,-25.1,6.549938468219,0.190768039216,54.18123009,-1211,3709,66.8,2026-06-25,-2.9,36.2,False
742,002228,合兴包装,3.03,0.0,0.39,22.59,3.084708132556,0.213212,57.31229695,1349,2875,64.0,2026-06-25,-1.77,36.7,False
743,002229,鸿博股份,10.33,-4.17,2.08,-40.43,10.89763220781,0.2374276,39.46945247,-17,5199,70.4,2026-06-25,-5.21,27.8,False
744,002230,科大讯飞,39.93,-4.2,0.79,-141.28,41.789679638952,0.3461284,65.25548082,-618,1044,86.4,2026-06-25,-4.45,56.4,False
745,002232,启明信息,13.63,-2.85,0.38,20633.07,14.075107944957,0.1561328,55.80292931,-125,3290,71.6,2026-06-25,-3.16,40.0,False
746,002233,塔牌集团,7.22,0.56,0.13,14.41,7.20475209131,0.1051976,56.7775209,-163,3027,70.4,2026-06-25,0.21,40.0,False
747,002234,民和股份,6.56,-0.46,0.46,-8.48,6.555304986949,0.1126492,51.93959714,465,4222,70.8,2026-06-25,0.07,36.8,False
748,002235,安妮股份,7.98,-2.68,1.64,-1584.21,8.413088147557,0.3146504,55.70030652,1305,3322,70.8,2026-06-25,-5.15,39.4,False
749,002236,大华股份,16.18,-2.94,0.44,18.95,16.790515189908,0.3204304,67.68900028,-279,704,76.4,2026-06-25,-3.64,51.7,False
750,002237,恒邦股份,13.76,0.29,0.74,26.97,13.851285201703,0.2980484,62.09990687,-697,1626,79.6,2026-06-25,-0.66,49.4,False
751,002238,天威视讯,5.49,-2.31,0.2,-51.14,5.63270804254,0.1268308,54.19829972,-734,3701,69.6,2026-06-25,-2.53,37.7,False
752,002239,奥特佳,2.59,2.78,1.81,54.92,2.555931166585,0.3435172,66.87118567,2554,807,72.0,2026-06-25,1.33,48.1,False
753,002240,盛新锂能,45.19,-2.84,1.61,22.28,47.677249413363,0.3914808,60.39127276,-1646,2060,93.6,2026-06-25,-5.22,56.5,False
754,002241,歌尔股份,22.81,-4.36,1.19,40.25,23.904687960301,0.3805252,63.97279783,-663,1257,86.8,2026-06-25,-4.58,55.5,False
755,002242,九阳股份,8.06,-1.83,0.25,18.56,8.191769954031,0.1745528,54.0405721,-704,3750,66.0,2026-06-25,-1.61,35.7,False
756,002243,力合科创,6.68,-2.2,0.41,-94.11,6.865058118257,0.2605484,53.40393371,-1181,3890,76.4,2026-06-25,-2.7,40.8,False
757,002244,滨江集团,7.74,-0.77,0.21,7.43,7.821190289152,0.2678536,64.67300564,1270,1140,70.8,2026-06-25,-1.04,45.8,False
758,002245,蔚蓝锂芯,20.08,-4.97,2.24,43.78,21.242039657427,0.4001516,68.37292565,882,631,86.8,2026-06-25,-5.47,59.3,False
759,002246,北化股份,18.42,-3.51,0.63,34.96,19.118706007247,0.2205724,60.49692539,197,2041,69.2,2026-06-25,-3.65,41.9,False
760,002247,聚力文化,2.11,-1.86,0.94,523.36,2.174837814109,0.1897536,61.65910194,74,1735,64.8,2026-06-25,-2.98,40.0,False
761,002248,华东数控,8.8,-2.22,1.08,83.23,9.065838124931,0.1916052,52.33758056,-608,4138,69.6,2026-06-25,-2.93,36.4,False
762,002249,大洋电机,7.6,-2.06,0.81,15.67,7.790755982011,0.2594388,54.75041432,-46,3568,71.6,2026-06-25,-2.45,39.2,False
763,002250,联化科技,13.27,-3.0,0.57,29.3,13.909796645144,0.3006244,56.76476478,-1814,3031,73.6,2026-06-25,-4.6,41.8,False
764,002251,步步高,3.58,-1.65,1.54,20.66,3.618865184508,0.3504728,60.02511325,2503,2172,83.6,2026-06-25,-1.07,50.2,False
765,002252,上海莱士,4.4,-1.35,0.21,22.96,4.449811616597,0.3380236,57.34274366,-836,2862,78.0,2026-06-25,-1.12,44.7,False
766,002253,*ST智胜,10.87,10.02,5.42,-34.15,9.977162671452,0.20156,51.42149591,699,4326,73.2,2026-06-25,8.95,37.6,False
767,002254,泰和新材,21.1,4.61,9.9,286.28,19.76870339795,0.5384416,66.41305014,264,883,91.2,2026-06-25,6.73,60.6,False
768,002255,海陆重工,9.12,-1.62,1.24,18.31,9.300783789635,0.22188,69.24763841,2063,560,70.0,2026-06-25,-1.94,48.5,False
769,002256,兆新股份,3.81,0.0,0.73,181.29,3.871853199365,0.321108,47.78149136,-132,4900,70.4,2026-06-25,-1.6,33.6,False
770,002258,利尔化学,13.16,-1.28,0.61,22.89,13.405024602702,0.31053,58.94960716,-1694,2430,83.6,2026-06-25,-1.83,49.3,False
771,002259,升达林业,3.96,-1.49,0.56,9.68,4.075860479144,0.2968296,56.88473566,1541,2993,59.2,2026-06-25,-2.84,33.7,False
772,002261,拓维信息,28.09,-1.3,1.31,143.98,28.649781565867,0.243962,51.10103037,-531,4392,70.4,2026-06-25,-1.95,36.0,False
773,002262,恩华药业,18.8,-0.48,0.22,15.04,18.755230342838,0.234912,62.62783513,-711,1525,78.0,2026-06-25,0.24,48.8,False
774,002263,大东南,3.68,-6.6,2.53,399.97,3.899436168257,0.2746924,53.15609242,-735,3954,74.8,2026-06-25,-5.63,39.8,False
775,002264,新 华 都,5.72,-1.89,0.57,12.29,5.865827115431,0.1822104,60.95564782,873,1918,68.0,2026-06-25,-2.49,41.4,False
776,002265,建设工业,17.38,-3.01,0.22,130.15,18.005902710256,0.1806532,54.56587515,-36,3614,70.8,2026-06-25,-3.48,38.6,False
777,002266,浙富控股,5.11,0.59,0.43,11.07,5.104420267466,0.3372716,75.1428986,-74,175,76.4,2026-06-25,0.11,57.4,False
778,002267,陕天然气,6.61,0.15,0.14,4.95,6.619195794211,0.131886,57.8993063,339,2705,64.8,2026-06-25,-0.14,37.5,False
779,002268,电科网安,12.36,-3.44,0.35,-16.77,12.79459682047,0.2064456,53.85384319,226,3795,71.6,2026-06-25,-3.4,38.6,False
780,002269,美邦服饰,1.33,-0.75,0.52,537.63,1.345930700905,0.372958,46.09159033,13,5048,71.6,2026-06-25,-1.18,33.0,False
781,002270,华明装备,19.43,-0.92,0.51,26.7,19.79428231468,0.207916,59.50909805,-20,2289,76.4,2026-06-25,-1.84,45.5,False
782,002271,东方雨虹,12.19,-0.49,0.54,18.12,12.219916021733,0.2944696,69.35907318,1205,552,74.4,2026-06-25,-0.24,51.6,False
783,002272,川润股份,23.09,-1.45,3.24,-90.65,23.562094845276,0.3754884,68.66640521,14,607,82.4,2026-06-25,-2.0,56.6,False
784,002273,水晶光电,35.2,-3.32,1.82,49.61,36.155963439961,0.4160624,76.93512236,41,96,85.6,2026-06-25,-2.64,65.9,False
785,002274,华昌化工,4.81,-1.64,0.29,23.65,4.884664427164,0.2297928,52.41569398,173,4121,69.2,2026-06-25,-1.53,36.3,False
786,002275,桂林三金,12.25,-2.47,0.06,14.47,12.401610534341,0.0850916,63.44700686,144,1359,66.4,2026-06-25,-1.22,42.1,False
787,002276,万马股份,10.21,-2.3,0.47,40.81,10.549583508861,0.2239144,58.1246219,-819,2655,71.2,2026-06-25,-3.22,41.4,False
788,002277,友阿股份,5.77,-2.04,0.35,47.44,5.901967714489,0.3014184,49.51819646,347,4652,74.0,2026-06-25,-2.24,36.6,False
789,002278,神开股份,7.6,-3.92,1.44,-339.56,7.928776209369,0.1655152,54.13604666,-1055,3721,68.8,2026-06-25,-4.15,37.2,False
790,002279,久其软件,5.73,-3.21,0.74,-14.41,5.951975998865,0.2279428,54.39297362,-106,3656,76.0,2026-06-25,-3.73,41.3,False
791,002281,光迅科技,244.3,-6.56,2.46,210.66,262.387216976039,0.482316,69.88649684,-283,502,92.4,2026-06-25,-6.89,64.6,False
792,002282,博深股份,5.8,-1.36,0.25,21.22,5.874471356972,0.1902932,63.01515924,1321,1450,67.2,2026-06-25,-1.27,42.3,False
793,002283,天润工业,9.81,0.72,1.07,19.21,9.868606996273,0.2152012,61.71165564,-1111,1727,78.4,2026-06-25,-0.59,48.4,False
794,002284,亚太股份,9.38,-1.99,0.5,12.2,9.683100052557,0.1925064,57.62321476,-174,2782,71.2,2026-06-25,-3.13,41.0,False
795,002285,世联行,2.09,-2.34,0.53,-257.85,2.128708950248,0.2629696,55.13679764,1173,3467,66.8,2026-06-25,-1.82,36.8,False
796,002286,保龄宝,8.62,-2.16,0.32,15.15,8.791949691185,0.1557036,57.04727592,340,2941,66.8,2026-06-25,-1.96,38.1,False
797,002287,奇正藏药,18.89,-1.67,0.11,28.39,19.140613803886,0.09888,55.48248794,-141,3385,69.2,2026-06-25,-1.31,38.4,False
798,002289,*ST宇顺,46.6,-3.66,1.44,66.29,48.238884097663,0.284666,70.99675851,-110,415,71.6,2026-06-25,-3.4,50.8,False
799,002290,禾盛新材,87.7,-2.28,0.74,126.2,89.177304563411,0.4236416,76.65221099,45,103,75.2,2026-06-25,-1.66,57.6,False
800,002291,遥望科技,4.83,-3.01,0.77,4.97,4.972978854318,0.2859988,54.6024151,289,3606,70.0,2026-06-25,-2.88,38.2,False
801,002292,奥飞娱乐,6.45,0.62,1.12,43.58,6.396433152011,0.242896,57.64603082,1601,2772,72.0,2026-06-25,0.84,41.5,False
802,002293,罗莱生活,9.87,-0.3,0.17,13.94,9.895735879043,0.1411356,60.67371037,-25,2001,65.2,2026-06-25,-0.26,39.6,False
803,002294,信立泰,31.21,-0.45,0.4,38.61,30.755439577417,0.2373832,61.20090092,-861,1864,82.8,2026-06-25,1.48,50.7,False
804,002295,精艺股份,8.82,-2.33,0.35,76.7,9.081302502291,0.1197176,52.32907867,20,4143,65.2,2026-06-25,-2.88,34.1,False
805,002296,辉煌科技,8.82,-2.86,0.83,10.15,9.192364534524,0.1724316,53.67210318,98,3834,69.6,2026-06-25,-4.05,37.4,False
806,002297,博云新材,32.27,-2.54,3.81,34.95,33.485749825658,0.359012,68.79185968,-303,595,90.8,2026-06-25,-3.63,62.5,False
807,002298,中电鑫龙,7.5,-1.83,0.86,32.31,7.675630266505,0.2232976,43.86917201,-58,5144,69.6,2026-06-25,-2.29,30.5,False
808,002299,圣农发展,15.27,-0.84,0.14,18.76,15.289123510024,0.1567432,62.5313519,180,1541,73.6,2026-06-25,-0.13,46.0,False
809,002300,太阳电缆,6.83,-1.16,0.56,76.58,6.979080870312,0.1989736,53.43671581,-79,3880,67.2,2026-06-25,-2.14,35.9,False
810,002301,齐心集团,7.19,-3.36,0.64,30.47,7.290851788038,0.324584,64.4437522,65,1178,67.6,2026-06-25,-1.38,43.6,False
811,002302,西部建设,4.46,-1.11,0.15,-6.25,4.49786547209,0.2072452,52.97917585,285,3993,70.4,2026-06-25,-0.84,37.3,False
812,002303,美盈森,4.21,-0.94,8.42,26.27,4.161998189332,0.496816,70.56698829,295,451,82.0,2026-06-25,1.15,57.9,False
813,002304,洋河股份,40.21,0.1,0.15,6.19,40.206177858782,0.2496624,56.53298785,587,3097,78.0,2026-06-25,0.01,44.1,False
814,002305,*ST南置,1.88,-1.05,0.41,51.62,1.907621972756,0.422662,45.68374008,1,5073,68.4,2026-06-25,-1.45,31.2,False
815,002306,ST云网,1.83,-2.66,0.33,-54.43,1.876697381307,0.312175882353,55.93143249,1408,3259,66.8,2026-06-25,-2.49,37.4,False
816,002307,北新路桥,3.14,-10.03,1.42,-20.98,3.455416745155,0.2807972,49.8646826,296,4588,69.2,2026-06-25,-9.13,34.5,False
817,002309,中利集团,2.88,0.0,1.49,138.68,2.898345294603,0.2627656,45.52686554,29,5082,68.0,2026-06-25,-0.63,31.0,False
818,002310,东方新能,2.2,0.92,0.8,-238.56,2.179091102088,0.3618784,49.45416907,434,4660,68.8,2026-06-25,0.96,34.0,False
819,002311,海大集团,43.39,0.93,0.11,20.12,42.394781727608,0.2115544,69.7299593,-117,515,74.0,2026-06-25,2.35,51.6,False
820,002312,川发龙蟒,9.95,-3.21,1.19,51.81,10.183638660258,0.358322,72.12329547,49,331,88.8,2026-06-25,-2.29,64.0,False
821,002313,日海智能,7.39,-3.52,0.52,70.15,7.644810462968,0.1407408,51.76983959,-835,4254,67.6,2026-06-25,-3.33,35.0,False
822,002314,南山控股,1.99,-0.5,0.42,-9.42,1.999850083364,0.3177124,51.24948163,56,4362,72.0,2026-06-25,-0.49,36.9,False
823,002315,焦点科技,22.53,-3.64,0.87,23.72,23.55551366034,0.2105052,59.39988727,34,2320,71.2,2026-06-25,-4.35,42.3,False
824,002316,亚联发展,4.01,-3.14,1.36,275.91,4.161964307585,0.164394,57.43937489,1281,2834,67.6,2026-06-25,-3.65,38.8,False
825,002317,众生药业,23.49,-0.51,1.09,50.0,23.150158497226,0.3174544,69.02012759,-241,579,84.8,2026-06-25,1.47,58.5,False
826,002318,久立特材,23.5,-1.76,0.29,14.55,23.057339886054,0.2746072,69.21663574,688,564,78.0,2026-06-25,1.92,54.0,False
827,002319,乐通股份,9.88,-2.27,0.79,98.14,10.202450528525,0.183124,51.05865339,-976,4400,64.0,2026-06-25,-3.16,32.7,False
828,002320,海峡股份,6.42,-1.83,0.16,29.39,6.593334021802,0.1509524,59.55054933,1265,2279,68.4,2026-06-25,-2.63,40.7,False
829,002321,华英农业,1.66,-1.19,0.36,-58.66,1.673065098301,0.23719,53.35895339,291,3903,66.4,2026-06-25,-0.78,35.4,False
830,002322,理工能科,9.81,-2.1,0.28,38.76,9.992688219856,0.1438252,58.79384598,60,2465,64.8,2026-06-25,-1.83,38.1,False
831,002323,*ST雅博,1.27,1.6,1.23,-60.46,1.270129810888,0.415803921569,45.78069678,106,5070,67.2,2026-06-25,-0.01,30.8,False
832,002324,普利特,12.28,-2.85,0.69,71.81,12.658910384835,0.250604,58.86844572,-143,2448,68.4,2026-06-25,-2.99,40.3,False
833,002326,永太科技,26.07,2.32,3.02,57.61,25.024320391204,0.422502,72.74454094,1214,296,92.0,2026-06-25,4.18,66.9,False
834,002327,富安娜,6.14,-0.49,0.18,19.81,6.184306489438,0.1206244,61.78757814,-85,1710,67.2,2026-06-25,-0.72,41.5,False
835,002328,新朋股份,7.53,-1.95,1.45,13.84,7.710903027402,0.281922,58.37544628,1399,2585,66.8,2026-06-25,-2.35,39.0,False
836,002329,皇氏集团,2.66,-1.85,1.01,135.95,2.727684053204,0.2293564,44.30544615,80,5126,68.0,2026-06-25,-2.48,30.1,False
837,002330,得利斯,3.51,-2.23,0.53,60.73,3.577744305009,0.195304,48.43019917,-416,4821,68.8,2026-06-25,-1.89,33.3,False
838,002331,皖通科技,7.65,-1.8,0.51,-28.41,7.902994686827,0.2546708,52.7025468,328,4056,64.8,2026-06-25,-3.2,34.2,False
839,002332,仙琚制药,8.02,-0.5,0.14,21.13,8.03717543259,0.2077452,58.06787139,146,2669,68.8,2026-06-25,-0.21,40.0,False
840,002333,罗普斯金,4.58,-1.51,0.16,74.0,4.659134688388,0.2052596,58.63438046,977,2520,60.4,2026-06-25,-1.7,35.4,False
841,002334,英威腾,7.19,-3.88,1.11,-48.66,7.541157184284,0.2796892,52.27493091,16,4152,74.8,2026-06-25,-4.66,39.1,False
842,002335,科华数据,43.7,3.43,6.08,104.67,40.424025794104,0.43157,75.23319405,1419,168,80.4,2026-06-25,8.1,60.5,False
843,002337,赛象科技,4.41,-2.43,0.31,87.06,4.52314937686,0.1272612,59.06319326,1161,2395,67.2,2026-06-25,-2.5,39.7,False
844,002338,奥普光电,53.38,-0.22,0.72,102.99,52.962183354019,0.2536528,67.24277202,462,764,72.4,2026-06-25,0.79,48.7,False
845,002339,积成电子,7.01,-1.27,0.62,-12.04,7.134115036965,0.1956124,48.34822118,56,4830,68.4,2026-06-25,-1.74,33.1,False
846,002340,格林美,7.01,-1.68,0.66,17.12,7.130017415213,0.3316508,60.60920846,-984,2014,77.2,2026-06-25,-1.68,46.8,False
847,002342,巨力索具,9.3,-2.62,2.66,601.36,9.933453837832,0.22348,46.80529941,-1943,4993,70.4,2026-06-25,-6.38,33.0,False
848,002343,慈文传媒,4.39,-3.09,0.69,-39.59,4.515653711265,0.1810956,53.88852612,670,3783,68.8,2026-06-25,-2.78,37.1,False
849,002344,海宁皮城,3.54,-1.94,0.42,30.47,3.620259230516,0.247252,51.66409242,-913,4283,65.6,2026-06-25,-2.22,33.9,False
850,002345,潮宏基,8.8,-3.83,0.54,7.42,9.062583741173,0.2074968,67.99203093,1523,664,75.6,2026-06-25,-2.9,51.4,False
851,002346,柘中股份,22.26,-2.75,1.08,3659.92,23.636128354524,0.2164664,61.2315567,-856,1852,84.0,2026-06-25,-5.82,51.4,False
852,002347,泰尔股份,5.84,-1.85,0.74,-96.51,5.981716717673,0.1729748,48.74320629,-835,4769,69.2,2026-06-25,-2.37,33.7,False
853,002348,高乐股份,10.62,-2.93,0.67,-179.52,11.050590434753,0.3387468,49.63704226,-283,4627,72.4,2026-06-25,-3.9,35.9,False
854,002349,精华制药,6.2,-1.74,0.24,19.56,6.312478586167,0.2347552,56.17808925,-229,3183,74.4,2026-06-25,-1.78,41.8,False
855,002350,北京科锐,13.57,-2.02,0.65,-77.01,13.964883312979,0.3665664,52.76621288,84,4037,70.8,2026-06-25,-2.83,37.4,False
856,002351,漫步者,9.27,-2.32,0.36,20.16,9.652346760138,0.1990788,60.37429647,-322,2065,76.0,2026-06-25,-3.96,45.9,False
857,002352,顺丰控股,31.06,-0.7,0.1,16.19,31.313815336803,0.3387756,69.71283707,357,516,80.4,2026-06-25,-0.81,56.0,False
858,002353,杰瑞股份,162.9,-0.37,0.46,70.88,164.050800000867,0.3521984,79.63167672,201,37,86.8,2026-06-25,-0.7,69.1,False
859,002354,天娱数科,8.03,0.0,11.41,109.84,8.195616906453,0.3351188,62.67673746,-1033,1520,96.0,2026-06-25,-2.02,60.2,False
860,002355,兴民智通,4.33,-1.14,0.66,-4.33,4.30763478855,0.2882556,42.1046194,13,5182,68.0,2026-06-25,0.52,28.6,False
861,002356,赫美集团,2.81,-3.1,0.53,-122.81,2.92252025558,0.240014,57.05090948,-857,2940,69.6,2026-06-25,-3.85,39.7,False
862,002357,富临运业,9.54,-0.52,0.58,11.41,9.811368749327,0.250664,60.13587052,1314,2142,65.2,2026-06-25,-2.77,39.2,False
863,002358,森源电气,5.69,-0.7,0.55,24.86,5.746941566625,0.2336808,58.19902651,-485,2641,68.4,2026-06-25,-0.99,39.8,False
864,002360,ST同德,4.72,-5.03,0.59,-42.72,5.008597469547,0.372362156863,39.1558071,-188,5201,60.0,2026-06-25,-5.76,23.5,False
865,002361,神剑股份,13.13,-4.72,2.71,-592.6,13.835063256836,0.2284052,45.75023376,14,5071,75.2,2026-06-25,-5.1,34.4,False
866,002362,汉王科技,15.23,-2.99,0.85,-22.02,15.85797577579,0.13895,48.16589301,56,4854,81.6,2026-06-25,-3.96,39.3,False
867,002363,隆基机械,6.03,-2.43,0.38,35.84,6.221177894108,0.1607556,51.47471006,35,4317,65.6,2026-06-25,-3.07,33.8,False
868,002364,中恒电气,53.54,-4.56,2.37,302.51,56.51152501585,0.3742812,66.30240757,-676,901,90.8,2026-06-25,-5.26,60.2,False
869,002365,永安药业,10.32,-2.37,0.95,98.27,10.578127281568,0.1897804,55.24271149,26,3437,73.2,2026-06-25,-2.44,40.4,False
870,002366,融发核电,5.61,-0.71,0.81,289.2,5.657710625203,0.308546,57.21712598,1661,2899,70.0,2026-06-25,-0.84,40.1,False
871,002367,康力电梯,6.78,0.3,1.39,36.73,6.695666505416,0.357078,72.40268119,224,315,81.2,2026-06-25,1.26,58.8,False
872,002368,太极股份,15.08,-4.74,0.63,-19.64,16.060345260683,0.1989576,52.78034605,-342,4035,76.0,2026-06-25,-6.1,40.1,False
873,002369,卓翼科技,5.43,-3.21,0.69,-37.18,5.614419368195,0.1591664,48.70789582,42,4776,70.4,2026-06-25,-3.28,34.3,False
874,002370,亚太药业,5.05,-2.32,1.64,-363.82,5.186417325079,0.2911452,56.84629317,-1809,3000,82.0,2026-06-25,-2.63,46.6,False
875,002371,北方华创,806.31,1.04,0.45,89.48,795.55773219715,0.5674948,80.14426566,85,34,94.4,2026-06-25,1.35,75.7,False
876,002372,伟星新材,8.32,0.48,0.21,27.72,8.386231080413,0.2642776,63.49205985,-434,1348,77.2,2026-06-25,-0.79,49.0,False
877,002373,千方科技,7.27,-2.55,0.35,768.76,7.476090835424,0.2368628,58.7408294,-238,2482,74.4,2026-06-25,-2.76,43.7,False
878,002374,中锐股份,3.45,-1.71,0.85,-7.75,3.483174192512,0.3222164,57.78438826,1505,2741,78.0,2026-06-25,-0.95,45.1,False
879,002375,亚厦股份,3.47,0.29,0.46,17.7,3.472523738044,0.2182724,64.52070611,229,1166,64.4,2026-06-25,-0.07,41.6,False
880,002376,新北洋,5.78,-0.69,0.29,124.72,5.844389010251,0.1676612,57.83985653,158,2724,66.4,2026-06-25,-1.1,38.4,False
881,002377,国创高新,2.54,-3.05,1.07,85.21,2.640425682552,0.2226004,64.68570435,168,1136,66.0,2026-06-25,-3.8,42.7,False
882,002378,章源钨业,37.91,-1.22,2.1,29.86,37.698642001099,0.3619072,75.24603529,287,167,92.8,2026-06-25,0.56,69.8,False
883,002379,宏桥控股,15.28,-3.05,0.59,7.37,15.797509746172,0.1638984,61.7764174,-20,1714,73.6,2026-06-25,-3.28,45.5,False
884,002380,科远智慧,34.34,-1.32,1.14,27.02,35.412074804533,0.2245984,62.67074488,-412,1521,71.2,2026-06-25,-3.03,44.6,False
885,002381,双箭股份,5.19,-0.19,0.31,31.08,5.216848813376,0.0827688,54.15037113,-819,3716,65.2,2026-06-25,-0.51,35.3,False
886,002382,蓝帆医疗,5.28,-0.75,0.32,1381.34,5.311507626284,0.2040976,51.04185703,-901,4402,67.6,2026-06-25,-0.59,34.5,False
887,002383,合众思壮,6.58,-3.09,0.37,2877.5,6.789403790795,0.1638912,50.24498323,121,4544,70.0,2026-06-25,-3.08,35.2,False
888,002384,东山精密,262.04,-4.99,1.46,108.11,269.985811262225,0.5836912,76.92100591,479,97,94.8,2026-06-25,-2.94,72.9,False
889,002385,大北农,2.71,-0.37,0.57,-16.66,2.716514472154,0.4180624,48.18617804,239,4851,73.2,2026-06-25,-0.24,35.3,False
890,002386,天原股份,6.12,-0.49,0.96,26.01,6.143082523608,0.3350184,63.40596863,1472,1366,82.4,2026-06-25,-0.38,52.2,False
891,002387,维信诺,8.97,0.0,2.13,-5.0,8.881693770427,0.5868564,69.9756795,2408,495,79.2,2026-06-25,0.99,55.4,False
892,002388,新亚制程,5.23,-2.97,1.89,145.37,5.416193046236,0.1979416,64.24272886,44,1209,78.8,2026-06-25,-3.44,50.6,False
893,002389,航天彩虹,17.12,-3.71,0.51,41.7,17.858735893195,0.1829296,49.07314193,-944,4719,71.2,2026-06-25,-4.14,34.9,False
894,002390,信邦制药,2.66,-1.12,0.32,26.57,2.690797898099,0.2645816,56.01308272,84,3229,68.0,2026-06-25,-1.14,38.1,False
895,002391,长青股份,5.02,-0.59,0.33,26.53,5.023112474414,0.1157604,58.13772637,260,2650,63.6,2026-06-25,-0.06,37.0,False
896,002392,北京利尔,7.81,-5.56,1.71,17.82,8.385538695971,0.3290444,70.58846625,-404,448,83.6,2026-06-25,-6.86,59.0,False
897,002393,力生制药,14.11,-1.67,0.24,21.01,14.251766336261,0.16978,57.2759256,-1192,2884,68.4,2026-06-25,-0.99,39.2,False
898,002394,联发股份,9.01,0.78,0.88,65.1,8.954684589845,0.2328132,57.14892611,57,2921,63.6,2026-06-25,0.62,36.3,False
899,002395,双象股份,12.0,-1.56,0.44,26.6,12.256000173741,0.1697664,57.19385416,-661,2904,70.0,2026-06-25,-2.09,40.0,False
900,002396,星网锐捷,18.14,-2.99,0.91,92.65,18.642518706904,0.2444888,66.0676177,-36,933,75.6,2026-06-25,-2.7,49.9,False
901,002397,梦洁股份,4.11,0.74,2.78,48.53,4.193141329896,0.2606824,58.80938964,-1894,2462,75.2,2026-06-25,-1.98,44.2,False
902,002398,垒知集团,3.83,-1.03,0.57,23.73,3.883512649507,0.2050396,52.79732931,-806,4028,66.4,2026-06-25,-1.38,35.1,False
903,002399,海普瑞,8.94,-1.11,0.1,17.48,9.019384048038,0.1465508,54.27793653,-1345,3683,70.8,2026-06-25,-0.88,38.4,False
904,002400,省广集团,6.33,-3.51,1.17,180.22,6.589068696531,0.234486,52.27475337,-101,4153,70.4,2026-06-25,-3.93,36.8,False
905,002401,中远海科,11.79,-2.48,0.31,150.08,12.17633254774,0.1213948,58.30192308,228,2611,71.6,2026-06-25,-3.17,41.7,False
906,002402,和而泰,22.7,-3.4,0.99,30.83,23.534644685967,0.27279,56.26972651,-543,3163,71.2,2026-06-25,-3.55,40.1,False
907,002403,爱仕达,8.47,-2.53,0.37,-68.8,8.689404272157,0.1700848,50.76782353,633,4465,69.2,2026-06-25,-2.52,35.1,False
908,002404,嘉欣丝绸,5.83,-1.19,0.7,14.87,5.860733369699,0.167566,62.5088455,-110,1544,72.0,2026-06-25,-0.52,45.0,False
909,002405,四维图新,6.78,-1.02,0.55,-27.81,6.818844221642,0.2792272,50.07595866,167,4564,71.6,2026-06-25,-0.57,35.9,False
910,002406,远东传动,6.66,-1.19,0.74,27.0,6.836139925356,0.2107552,55.12864435,-474,3470,74.8,2026-06-25,-2.58,41.2,False
911,002407,多氟多,44.28,1.12,4.36,35.09,44.403771940812,0.4034828,65.95586471,-754,948,94.8,2026-06-25,-0.28,62.5,False
912,002408,齐翔腾达,4.85,-0.82,0.22,-37.62,4.868988242665,0.3190468,55.77120087,-54,3303,66.8,2026-06-25,-0.39,37.3,False
913,002409,雅克科技,185.86,2.67,3.93,82.92,179.37417306777,0.4594284,72.9592627,-257,283,96.0,2026-06-25,3.62,70.0,False
914,002410,广联达,8.16,-2.74,0.53,98.54,8.415611688755,0.2158256,59.87733214,-46,2200,72.8,2026-06-25,-3.04,43.6,False
915,002412,汉森制药,5.61,-1.58,0.36,18.38,5.716293731374,0.1294076,59.20748533,-845,2356,67.2,2026-06-25,-1.86,39.8,False
916,002413,雷科防务,9.23,-3.85,1.14,-190.98,9.653658207229,0.203064,48.1661904,-930,4853,69.6,2026-06-25,-4.39,33.5,False
917,002414,高德红外,13.44,-3.31,0.39,39.22,13.871168819323,0.3175236,66.7735517,-571,824,81.6,2026-06-25,-3.11,54.5,False
918,002415,海康威视,33.81,-1.83,0.19,27.85,34.666948984128,0.4147364,75.64806337,-139,144,92.4,2026-06-25,-2.47,69.9,False
919,002416,爱施德,9.44,-2.98,0.62,22.86,9.888907590139,0.2547724,58.34071129,-427,2600,71.2,2026-06-25,-4.54,41.5,False
920,002418,康盛股份,4.13,-5.28,3.53,242.76,4.528252149682,0.2436908,54.36995087,-342,3664,74.0,2026-06-25,-8.79,40.2,False
921,002419,天虹股份,4.21,-3.0,0.57,8.11,4.381533974725,0.2489828,57.26194003,-1281,2888,72.4,2026-06-25,-3.91,41.5,False
922,002420,毅昌科技,5.56,-1.77,1.3,30.68,5.707405418447,0.219194,60.12041633,-911,2148,78.0,2026-06-25,-2.58,46.9,False
923,002421,达实智能,3.62,-3.47,4.65,-118.3,3.831655754183,0.2498648,51.81689042,114,4244,89.2,2026-06-25,-5.52,46.2,False
924,002422,科伦药业,36.92,-1.63,0.31,32.36,37.009476568977,0.2711352,65.94323046,-530,951,84.8,2026-06-25,-0.24,55.9,False
925,002423,中粮资本,8.64,-2.7,0.2,18.44,8.805127273455,0.2081708,61.11882459,1762,1883,72.8,2026-06-25,-1.88,44.5,False
926,002424,ST百灵,4.36,-2.02,0.23,54.04,4.481278665803,0.318668,51.16875246,-442,4378,74.0,2026-06-25,-2.71,37.9,False
927,002425,凯撒文化,2.6,-2.62,0.69,52.45,2.666626435023,0.187112,49.10066597,227,4709,71.6,2026-06-25,-2.5,35.2,False
928,002426,胜利精密,4.04,-3.35,1.23,-45.53,4.178763911416,0.4272568,55.99244678,-1926,3236,89.2,2026-06-25,-3.32,49.9,False
929,002427,尤夫股份,4.8,3.0,2.72,-58.97,4.632389533109,0.2250228,56.92990188,-10,2979,79.6,2026-06-25,3.62,45.3,False
930,002428,云南锗业,125.96,-3.18,3.78,2258.32,129.642327971917,0.5118692,61.42700547,-837,1789,96.0,2026-06-25,-2.84,59.0,False
931,002429,兆驰股份,11.18,-1.5,0.69,60.36,11.275842517568,0.4198992,66.30132402,66,902,70.4,2026-06-25,-0.85,46.7,False
932,002430,杭氧股份,28.25,-1.43,0.87,26.06,28.402243738618,0.3388784,76.87912062,527,99,86.8,2026-06-25,-0.54,66.7,False
933,002431,ST棕榈,1.18,-4.84,0.78,-4.2,1.244457766651,0.371347254902,42.48722488,0,5177,66.4,2026-06-25,-5.18,28.2,False
934,002432,九安医疗,67.83,-5.57,1.63,26.91,71.888917492882,0.4605232,71.27576562,1411,391,74.8,2026-06-25,-5.65,53.3,False
935,002434,万里扬,6.05,-0.98,0.26,27.61,6.196098869381,0.3045588,48.97928405,-904,4735,68.8,2026-06-25,-2.36,33.7,False
936,002436,兴森科技,52.2,-2.48,2.72,1183.31,52.486702241311,0.4735108,68.56150696,1283,621,95.6,2026-06-25,-0.55,65.5,False
937,002437,誉衡药业,2.52,-2.33,0.92,14.8,2.562207301744,0.3299792,63.6006931,-122,1331,69.6,2026-06-25,-1.65,44.3,False
938,002438,江苏神通,14.15,-3.28,0.64,21.0,14.861206697832,0.270102,58.61839166,-354,2524,67.6,2026-06-25,-4.79,39.6,False
939,002439,启明星辰,12.81,-2.21,1.12,79.64,13.143946232574,0.2932692,57.89116389,154,2711,73.2,2026-06-25,-2.54,42.4,False
940,002440,闰土股份,10.99,-5.42,2.62,16.81,11.550275735528,0.3216368,77.55999784,-26,81,86.8,2026-06-25,-4.85,67.3,False
941,002441,众业达,8.0,-0.87,0.5,11.37,8.164886186933,0.1688332,56.0243124,-46,3226,67.2,2026-06-25,-2.02,37.6,False
942,002442,龙星科技,5.26,-2.05,2.08,74.93,5.468235025897,0.24523,56.64761439,1532,3060,74.0,2026-06-25,-3.81,41.9,False
943,002443,金洲管道,10.12,2.12,1.49,32.99,10.22098436474,0.3499532,60.12764871,-1587,2145,64.8,2026-06-25,-0.99,39.0,False
944,002444,巨星科技,31.0,-1.21,0.4,17.96,31.451122086206,0.3727872,70.90467917,248,420,77.6,2026-06-25,-1.43,55.0,False
945,002445,中南文化,2.91,-1.69,0.69,65.66,2.961908044534,0.4031132,48.70005027,-51,4779,64.4,2026-06-25,-1.75,31.4,False
946,002446,盛路通信,10.27,-6.97,3.0,93.98,11.067471292642,0.3008276,60.68724908,-584,1993,83.2,2026-06-25,-7.21,50.5,False
947,002448,中原内配,12.55,-1.65,0.45,9.31,12.753612675362,0.3138236,67.19314216,-74,772,67.6,2026-06-25,-1.6,45.4,False
948,002449,国星光电,7.63,-0.52,1.13,-35.14,7.707886334588,0.2022456,52.01820497,342,4204,76.8,2026-06-25,-1.01,39.9,False
949,002451,摩恩电气,7.13,-2.33,0.63,131.96,7.315425363786,0.1612748,51.94352219,-43,4220,68.4,2026-06-25,-2.53,35.5,False
950,002452,长高电气,12.52,-3.17,3.3,34.29,12.74718013677,0.353948,67.46860443,-466,735,86.0,2026-06-25,-1.78,58.0,False
951,002453,华软科技,4.58,-2.14,1.54,-24.29,4.765280558811,0.2424368,47.01350471,-848,4976,76.4,2026-06-25,-3.89,35.9,False
952,002454,松芝股份,4.92,-2.38,0.36,15.15,5.082967146461,0.1562012,56.71057342,227,3041,64.4,2026-06-25,-3.21,36.5,False
953,002455,百川股份,7.52,-2.21,1.83,73.25,7.760454921612,0.2076844,47.30793063,-215,4945,70.0,2026-06-25,-3.1,33.1,False
954,002456,欧菲光,8.89,1.6,1.15,-30.16,8.912937843651,0.2922928,56.68724661,-1785,3048,80.0,2026-06-25,-0.26,45.3,False
955,002457,青龙管业,12.46,-2.43,1.88,-163.82,12.695582095991,0.2364908,61.62990999,180,1744,81.2,2026-06-25,-1.86,50.0,False
956,002458,益生股份,8.0,0.13,0.41,27.72,8.017328766026,0.1893352,64.78132175,-716,1119,74.4,2026-06-25,-0.22,48.2,False
957,002459,晶澳科技,8.22,2.11,1.01,-6.38,8.044439268024,0.2837972,51.1713506,-678,4377,80.0,2026-06-25,2.18,40.9,False
958,002460,赣锋锂业,66.65,-2.5,1.11,19.02,69.425815860016,0.3571212,63.55963197,-1057,1342,89.6,2026-06-25,-4.0,56.9,False
959,002461,珠江啤酒,7.81,-1.14,0.09,24.13,7.849984073865,0.2109704,59.76156359,508,2228,72.8,2026-06-25,-0.51,43.5,False
960,002462,嘉事堂,11.25,-5.14,1.63,21.54,12.122823371945,0.1363572,59.45624149,70,2307,66.0,2026-06-25,-7.2,39.2,False
961,002463,沪电股份,148.22,-4.37,1.19,57.41,150.609659951063,0.5249544,80.44942886,47,27,95.2,2026-06-25,-1.59,76.6,False
962,002465,海格通信,12.09,-3.13,0.82,1287.23,12.512205584099,0.28209,43.12547675,-28,5167,71.2,2026-06-25,-3.37,30.7,False
963,002466,天齐锂业,63.06,-2.44,1.18,14.4,65.47291833462,0.3905792,65.95535418,-802,949,92.4,2026-06-25,-3.69,60.9,False
964,002467,二六三,4.7,-3.09,0.93,-132.57,4.915857135601,0.2387708,43.77288853,-148,5148,70.0,2026-06-25,-4.39,30.6,False
965,002468,申通快递,13.77,-1.01,0.25,11.49,13.894912044934,0.321758,66.23155212,-438,911,72.0,2026-06-25,-0.9,47.7,False
966,002469,三维化学,5.66,-2.41,0.49,-953.31,5.884427199417,0.2137844,55.65843343,-44,3342,75.6,2026-06-25,-3.81,42.1,False
967,002470,金正大,2.0,-1.96,0.79,143.6,2.040498654296,0.3144324,51.81545956,-597,4245,68.0,2026-06-25,-1.98,35.2,False
968,002471,中超控股,5.97,-3.86,1.34,-431.37,6.166730126955,0.2254568,45.61750679,56,5078,70.0,2026-06-25,-3.19,31.9,False
969,002472,双环传动,37.91,-3.83,1.39,28.36,39.930568928393,0.3486512,59.81213485,-304,2212,89.2,2026-06-25,-5.06,53.4,False
970,002474,榕基软件,5.71,-2.39,0.77,-113.94,5.861965689534,0.2070844,45.05982594,13,5101,74.0,2026-06-25,-2.59,33.3,False
971,002475,立讯精密,68.01,-8.61,1.78,34.0,74.325280915574,0.5389832,78.4384472,-53,54,94.4,2026-06-25,-8.5,74.0,False
972,002476,新叶股份,4.91,-1.8,0.71,61.74,5.042847313421,0.233326,57.49004813,177,2817,65.2,2026-06-25,-2.63,37.5,False
973,002478,常宝股份,6.33,-0.94,0.61,21.3,6.636846192355,0.1739772,57.79031127,-48,2738,64.0,2026-06-25,-4.62,37.0,False
974,002479,富春环保,4.39,-0.45,0.31,9.19,4.411214842058,0.2558108,55.10111571,-99,3481,62.8,2026-06-25,-0.48,34.6,False
975,002480,新筑股份,5.27,1.74,0.36,-26.71,5.126087792078,0.2957352,51.71962922,289,4270,74.8,2026-06-25,2.81,38.7,False
976,002481,双塔食品,3.79,-2.32,0.24,78.06,3.872906368558,0.1640664,51.14024769,-30,4380,70.4,2026-06-25,-2.14,36.0,False
977,002482,广田集团,1.2,-1.64,0.58,-44.42,1.2185096078,0.4835616,55.96999459,1093,3244,67.6,2026-06-25,-1.52,37.8,False
978,002483,润邦股份,4.99,-0.8,0.27,16.16,5.055035030026,0.2216692,60.21068587,-821,2116,67.2,2026-06-25,-1.29,40.5,False
979,002484,江海股份,111.62,0.54,2.3,146.5,108.852022150279,0.654838,72.991781,510,281,89.2,2026-06-25,2.54,65.1,False
980,002485,ST雪发,5.15,-0.96,0.21,-44.67,4.997057003774,0.2720784,58.30292156,1922,2610,65.2,2026-06-25,3.06,38.0,False
981,002486,嘉麟杰,2.17,-4.41,1.28,293.58,2.234163565979,0.2262696,60.6773641,368,1999,73.2,2026-06-25,-2.87,44.4,False
982,002487,大金重工,56.27,-0.58,0.88,23.88,56.875454855523,0.26821,63.46182189,-86,1358,70.8,2026-06-25,-1.06,44.9,False
983,002488,金固股份,9.13,0.22,0.53,97.91,9.418358264178,0.2350828,49.61503664,-449,4635,73.6,2026-06-25,-3.06,36.5,False
984,002489,浙江永强,2.74,-2.14,0.31,9.59,2.797060342556,0.318436,53.11019511,44,3963,70.0,2026-06-25,-2.04,37.2,False
985,002490,山东墨龙,6.38,0.47,1.86,227.9,6.363643893365,0.2162924,45.78776872,-122,5069,70.8,2026-06-25,0.26,32.4,False
986,002491,通鼎互联,35.7,-7.27,4.92,214.1,38.099116183976,0.4640972,64.91128023,-77,1093,95.6,2026-06-25,-6.3,62.1,False
987,002492,恒基达鑫,5.49,-1.26,0.63,28.32,5.619366118133,0.1598812,47.34585614,-425,4937,62.8,2026-06-25,-2.3,29.7,False
988,002493,荣盛石化,11.92,1.79,0.35,10.57,11.753221362294,0.3264232,63.84377265,-773,1284,83.2,2026-06-25,1.42,53.1,False
989,002494,华斯股份,4.43,-2.21,0.99,50.05,4.567705965909,0.1144436,59.72732724,57,2237,66.4,2026-06-25,-3.01,39.7,False
990,002495,佳隆股份,2.07,-2.36,0.58,197.42,2.115968923967,0.207528,58.70091334,1468,2496,66.0,2026-06-25,-2.17,38.7,False
991,002496,辉丰股份,1.87,-1.58,0.8,1219.17,1.920006121677,0.344486862745,40.80059957,3,5196,68.4,2026-06-25,-2.6,27.9,False
992,002497,雅化集团,21.54,-3.02,1.04,18.32,22.793337106281,0.3408696,71.63766721,-226,366,89.2,2026-06-25,-5.5,63.9,False
993,002498,汉缆股份,7.03,-0.57,0.56,36.45,7.065493342374,0.2155588,56.06911171,74,3214,70.0,2026-06-25,-0.5,39.2,False
994,002500,山西证券,5.27,-0.75,0.32,18.54,5.339606273646,0.3409384,62.09449899,2558,1630,75.6,2026-06-25,-1.3,46.9,False
995,002501,*ST利源,1.19,-4.03,0.26,-81.87,1.244990319997,0.399417058824,42.13404987,3,5180,66.8,2026-06-25,-4.42,28.1,False
996,002506,协鑫集成,3.13,2.96,3.68,-24.5,3.031937909633,0.3280052,51.75470796,370,4260,69.6,2026-06-25,3.23,36.0,False
997,002507,涪陵榨菜,11.01,-0.63,0.15,11.66,10.995735482449,0.2286752,62.83818407,347,1486,76.0,2026-06-25,0.13,47.8,False
998,002508,老板电器,14.64,-1.01,0.13,11.28,14.889487986807,0.1425872,61.06237149,129,1899,74.4,2026-06-25,-1.68,45.4,False
999,002510,天汽模,5.72,-3.21,0.87,98.84,5.991588075336,0.212422,46.9313093,-1240,4983,70.8,2026-06-25,-4.53,33.2,False
1000,002511,中顺洁柔,6.62,-1.05,0.21,20.74,6.696721030222,0.1807088,61.22147779,-535,1856,71.2,2026-06-25,-1.15,43.6,False
1001,002512,ST达华,3.32,-4.87,0.22,25.12,3.50033949714,0.2315808,47.73428978,149,4910,68.8,2026-06-25,-5.15,32.8,False
1002,002513,蓝丰生化,4.81,-1.64,0.84,-30.43,4.885186034571,0.0979336,49.51069561,-154,4655,68.8,2026-06-25,-1.54,34.1,False
1003,002514,*ST宝馨,2.25,-5.06,0.18,-32.27,2.37,0.131339215686,41.57137826,-3,5189,68.8,2026-06-25,-5.06,28.6,False
1004,002515,金字火腿,11.37,-1.98,3.43,266.73,11.372439484487,0.4889048,63.60795667,831,1329,81.6,2026-06-25,-0.02,51.9,False
1005,002516,旷达科技,5.59,-0.89,0.28,37.58,5.687894086291,0.2228988,57.32403341,-400,2870,73.6,2026-06-25,-1.72,42.2,False
1006,002517,恺英网络,15.17,-5.6,1.68,10.38,15.888826517348,0.3257084,71.00740121,655,412,80.8,2026-06-25,-4.52,57.4,False
1007,002518,科士达,51.33,-5.7,2.16,53.89,52.714558260735,0.448182,76.02036095,740,127,77.2,2026-06-25,-2.63,58.7,False
1008,002519,银河电子,5.77,-3.19,0.85,1013.38,5.985949293854,0.1986172,47.67824045,-85,4921,69.2,2026-06-25,-3.61,33.0,False
1009,002520,日发精机,7.1,-3.66,2.42,39.37,7.300415236317,0.3477984,66.98481607,-313,794,90.8,2026-06-25,-2.75,60.8,False
1010,002521,齐峰新材,6.45,-0.62,0.34,22.51,6.580639703178,0.2265864,56.47988179,-83,3115,62.8,2026-06-25,-1.99,35.5,False
1011,002522,浙江众成,7.88,-1.62,3.76,116.74,7.835946118503,0.3502476,74.82223307,1762,191,88.0,2026-06-25,0.56,65.8,False
1012,002523,天桥起重,3.01,-1.95,0.46,58.8,3.092038333854,0.2180304,55.66497105,90,3339,66.8,2026-06-25,-2.65,37.2,False
1013,002524,光正眼科,3.42,-1.44,1.01,-114.88,3.501175591259,0.2345196,57.19470848,371,2903,69.2,2026-06-25,-2.32,39.6,False
1014,002526,山东矿机,2.59,-1.15,0.32,114.76,2.620728868421,0.2597656,51.27744768,66,4355,69.2,2026-06-25,-1.17,35.5,False
1015,002527,新时达,12.67,-2.46,1.04,-279.56,13.418424920767,0.3165712,52.39700329,-1867,4124,84.0,2026-06-25,-5.58,44.0,False
1016,002528,*ST英飞,4.19,-2.78,0.12,-64.22,4.340338439326,0.352024901961,49.42069644,-791,4666,70.4,2026-06-25,-3.46,34.8,False
1017,002529,海源复材,7.11,-2.07,0.68,-22.76,7.347052630165,0.149722352941,46.42983878,-1,5023,71.6,2026-06-25,-3.23,33.2,False
1018,002530,金财互联,6.9,-1.99,0.49,83.39,7.069693482933,0.2135252,54.81983107,-225,3546,71.2,2026-06-25,-2.4,39.0,False
1019,002531,天顺风能,8.7,-1.02,0.55,94.39,8.809759247193,0.2594204,52.61041146,114,4076,68.8,2026-06-25,-1.25,36.2,False
1020,002532,天山铝业,11.35,-2.32,0.52,5.92,11.541566206461,0.3098392,61.56835566,70,1760,73.6,2026-06-25,-1.66,45.3,False
1021,002533,金杯电工,10.67,-1.66,0.45,14.88,10.893059214632,0.2211868,62.11361517,-29,1622,69.6,2026-06-25,-2.05,43.2,False
1022,002534,西子洁能,20.6,-1.48,0.4,71.55,21.387229825024,0.2435664,67.05419882,-375,787,79.6,2026-06-25,-3.68,53.4,False
1023,002535,林州重机,2.19,-2.23,0.83,83.33,2.227684828966,0.1393128,51.32510982,796,4346,72.8,2026-06-25,-1.69,37.4,False
1024,002536,飞龙股份,50.8,-2.1,2.57,126.22,52.067459614479,0.4006072,68.71977714,-429,601,90.4,2026-06-25,-2.43,62.1,False
1025,002537,海联金汇,5.46,-2.33,0.36,30.83,5.601712813155,0.1864572,54.35730672,389,3667,71.2,2026-06-25,-2.53,38.7,False
1026,002538,ST司特,5.86,0.17,0.35,18.09,5.9007842045,0.3737316,57.66861139,-1047,2769,68.0,2026-06-25,-0.69,39.2,False
1027,002539,云图控股,12.21,-0.41,1.13,12.14,12.278220166584,0.3086316,67.64276061,-191,711,83.2,2026-06-25,-0.56,56.3,False
1028,002540,亚太科技,4.8,-1.64,0.4,37.87,4.881840220315,0.1755752,59.5558456,-95,2277,68.0,2026-06-25,-1.68,40.5,False
1029,002541,鸿路钢构,16.87,1.87,0.46,19.72,16.318086002964,0.1091092,63.52842064,1164,1344,66.0,2026-06-25,3.38,41.9,False
1030,002542,*ST中岩,1.18,-4.84,0.51,-12.63,1.245879301149,0.30817,46.1135379,59,5045,68.8,2026-06-25,-5.29,31.7,False
1031,002543,万和电气,6.25,-1.26,0.15,14.59,6.334338459307,0.073886,60.40086085,1556,2059,66.0,2026-06-25,-1.33,39.9,False
1032,002544,普天科技,17.84,-3.31,0.55,-183.17,18.519892617639,0.2147664,58.68741074,1319,2503,69.6,2026-06-25,-3.67,40.8,False
1033,002545,东方铁塔,17.59,-1.51,0.42,13.61,18.134143589061,0.2540044,61.37940651,-1250,1802,68.8,2026-06-25,-3.0,42.2,False
1034,002546,新联电子,7.71,0.78,0.94,17.64,7.522953751055,0.212632,67.78119698,1594,691,78.0,2026-06-25,2.49,52.9,False
1035,002547,*ST春兴,2.53,-3.07,1.99,-14.25,2.621277735183,0.261780784314,47.54268126,140,4926,70.0,2026-06-25,-3.48,33.3,False
1036,002548,金新农,3.53,-0.84,0.62,-3.96,3.552904997531,0.2015172,45.90574398,49,5061,70.0,2026-06-25,-0.64,32.1,False
1037,002549,凯美特气,19.1,-3.58,2.6,309.38,19.425589620387,0.3322064,66.2891711,614,905,94.8,2026-06-25,-1.68,62.8,False
1038,002550,千红制药,6.24,-2.04,0.9,23.47,6.3242106777,0.2303388,61.56285905,-1397,1762,87.6,2026-06-25,-1.33,53.9,False
1039,002551,尚荣医疗,2.7,-2.53,0.65,-315.96,2.75584889197,0.1320372,52.46657272,803,4104,70.0,2026-06-25,-2.03,36.7,False
1040,002552,宝鼎科技,69.58,-4.32,1.02,102.19,73.498837187649,0.3300872,71.88163169,280,353,92.4,2026-06-25,-5.33,66.4,False
1041,002553,南方精工,15.44,-2.77,0.99,5274.24,16.083538321672,0.1450208,51.65595436,-190,4287,70.8,2026-06-25,-4.0,36.6,False
1042,002554,惠博普,3.09,-0.96,0.73,-37.95,3.122639325728,0.3513392,57.28327655,1583,2880,66.8,2026-06-25,-1.05,38.3,False
1043,002555,三七互娱,18.1,-4.54,1.29,11.46,19.01227973588,0.3750868,73.1958942,289,264,76.8,2026-06-25,-4.8,56.2,False
1044,002556,辉隆股份,4.55,-1.94,0.24,20.09,4.643658000397,0.218944,59.27154668,-30,2345,66.8,2026-06-25,-2.02,39.6,False
1045,002557,洽洽食品,18.2,-0.55,0.32,13.68,18.297751513847,0.2095332,64.96821211,1930,1083,76.0,2026-06-25,-0.53,49.4,False
1046,002558,巨人网络,26.55,-4.26,2.37,11.68,27.14680382199,0.4913484,80.26093805,110,32,84.8,2026-06-25,-2.2,68.1,False
1047,002559,亚威股份,12.31,10.01,12.72,52.63,11.18029847813,0.3222976,74.27270301,299,208,86.8,2026-06-25,10.1,64.5,False
1048,002560,通达股份,7.68,-3.52,2.32,48.84,8.099610919361,0.2380796,60.57749002,-479,2020,68.0,2026-06-25,-5.18,41.2,False
1049,002561,徐家汇,6.3,-1.72,0.26,-1081.34,6.455185512731,0.1348744,47.92355775,-634,4878,70.8,2026-06-25,-2.4,33.9,False
1050,002562,兄弟科技,4.42,-3.07,0.55,35.85,4.554361810456,0.2215184,59.48087202,1047,2296,68.8,2026-06-25,-2.95,40.9,False
1051,002563,森马服饰,5.13,-0.39,0.15,11.1,5.189044320916,0.1826972,66.40152755,182,884,67.2,2026-06-25,-1.14,44.6,False
1052,002564,天沃科技,4.35,-1.81,0.42,286.5,4.427513864873,0.271284,56.10955875,799,3201,69.6,2026-06-25,-1.75,39.1,False
1053,002565,顺灏股份,11.66,-4.11,1.28,154.62,12.248197519566,0.2655568,49.08652957,-1038,4715,69.2,2026-06-25,-4.8,34.0,False
1054,002566,益盛药业,6.18,-0.96,0.52,31.67,6.270407060488,0.088918,55.55661307,1236,3368,65.6,2026-06-25,-1.44,36.4,False
1055,002567,唐人神,3.19,0.0,0.36,-1.83,3.191273287944,0.2393804,53.47353767,400,3873,70.4,2026-06-25,-0.04,37.6,False
1056,002568,百润股份,15.73,10.0,1.09,18.93,14.310008747124,0.2675584,60.771855,1403,1973,77.2,2026-06-25,9.92,46.9,False
1057,002569,*ST步森,13.89,-3.94,0.72,-119.88,14.572321117975,0.2844004,53.41166014,-172,3887,62.8,2026-06-25,-4.68,33.5,False
1058,002570,贝因美,4.08,-1.92,0.48,28.28,4.213039448901,0.2915732,48.60362399,-52,4796,78.0,2026-06-25,-3.16,37.9,False
1059,002571,德力股份,10.35,-0.86,0.49,-56.13,10.529879979695,0.2860044,51.33457074,-803,4342,66.8,2026-06-25,-1.71,34.3,False
1060,002572,索菲亚,7.46,-1.32,0.33,-46.74,7.582388785576,0.1774164,54.19602997,606,3704,71.6,2026-06-25,-1.61,38.8,False
1061,002573,清新环境,3.02,-0.66,0.15,49.54,3.029742458704,0.1816728,54.01918994,307,3757,68.4,2026-06-25,-0.32,36.9,False
1062,002574,明牌珠宝,4.26,-1.39,0.36,45.67,4.308561110527,0.1217512,55.78451665,285,3297,65.2,2026-06-25,-1.13,36.4,False
1063,002575,群兴玩具,5.8,-3.65,2.4,-1003.99,6.174657480704,0.2549708,51.20868387,-2125,4371,78.0,2026-06-25,-6.07,39.9,False
1064,002576,通达动力,14.34,-1.78,0.6,27.01,14.793321069288,0.1663792,53.5473694,-1062,3856,70.0,2026-06-25,-3.06,37.5,False
1065,002577,雷柏科技,18.03,-2.8,0.47,263.33,18.32935884229,0.1835636,65.72258039,598,979,79.6,2026-06-25,-1.63,52.3,False
1066,002578,闽发铝业,3.22,-2.72,0.9,71.72,3.313061972069,0.2056068,56.39863154,1139,3137,66.8,2026-06-25,-2.81,37.7,False
1067,002579,中京电子,21.2,-0.47,15.1,577.75,20.139443653451,0.3883764,68.25755464,2272,644,92.0,2026-06-25,5.27,62.8,False
1068,002580,圣阳股份,23.26,-7.99,11.25,43.3,26.14112541283,0.3543384,60.23619057,-1123,2109,94.0,2026-06-25,-11.02,56.6,False
1069,002581,*ST未名,3.2,-3.9,0.83,-9.73,3.357698286261,0.29991,49.5400971,483,4647,69.6,2026-06-25,-4.7,34.5,False
1070,002582,好想你,8.75,-2.13,0.65,0.88,8.964472303557,0.1749344,51.44280395,-1191,4321,73.2,2026-06-25,-2.39,37.7,False
1071,002583,海能达,8.26,-1.31,0.53,-120.86,8.422915655036,0.2172728,57.57903206,1522,2792,76.4,2026-06-25,-1.93,44.0,False
1072,002584,西陇科学,9.85,-4.09,13.91,120.29,10.680761367577,0.3607036,63.98106901,-1174,1254,94.4,2026-06-25,-7.78,60.4,False
1073,002585,双星新材,13.79,-6.19,5.05,969.62,14.211168653168,0.2919424,59.77982907,553,2222,87.6,2026-06-25,-2.96,52.4,False
1074,002586,ST围海,3.45,1.47,0.3,-262.45,3.433190902343,0.3105568,56.69319466,-11,3044,64.4,2026-06-25,0.49,36.5,False
1075,002587,奥拓电子,6.85,-1.01,1.77,73.67,6.949788769166,0.2533232,66.29145996,718,904,81.6,2026-06-25,-1.44,54.1,False
1076,002588,史丹利,8.21,-2.26,0.37,6.92,8.387943181243,0.2330432,62.81244295,-759,1493,68.8,2026-06-25,-2.12,43.2,False
1077,002589,瑞康医药,2.48,-1.98,0.55,89.94,2.545071657984,0.2258104,50.88630704,-45,4440,68.4,2026-06-25,-2.56,34.8,False
1078,002590,万安科技,10.0,-1.57,0.35,42.18,10.224583896787,0.2930232,55.71153509,-19,3318,76.8,2026-06-25,-2.2,42.8,False
1079,002591,恒大高新,6.33,-2.31,1.57,76.41,6.52296941398,0.1254268,50.71962058,-1008,4470,69.2,2026-06-25,-2.96,35.1,False
1080,002592,ST八菱,6.01,-4.91,0.81,17.59,6.39754529545,0.223964,54.70266903,-1963,3583,67.6,2026-06-25,-6.06,37.0,False
1081,002593,日上集团,4.03,-1.71,0.58,25.12,4.105639461272,0.1543716,58.35221681,373,2593,68.4,2026-06-25,-1.84,39.9,False
1082,002594,比亚迪,79.79,-2.93,0.54,44.53,82.297076139104,0.4001144,66.52703201,89,865,85.2,2026-06-25,-3.05,56.7,False
1083,002595,豪迈科技,47.1,-1.13,0.07,26.51,47.88095561028,0.2276904,66.50026813,-33,869,68.4,2026-06-25,-1.63,45.5,False
1084,002596,海南瑞泽,2.91,-2.35,0.55,-258.85,3.004675421979,0.2103812,47.82035441,34,4891,68.8,2026-06-25,-3.15,32.9,False
1085,002597,金禾实业,21.75,-1.89,0.26,32.21,22.167035185279,0.2701924,61.66664519,-394,1733,76.0,2026-06-25,-1.88,46.9,False
1086,002598,ST章鼓,6.41,-1.69,0.44,29.08,6.585567250683,0.1875468,52.01191091,-1450,4206,68.0,2026-06-25,-2.67,35.4,False
1087,002599,盛通股份,5.05,-2.7,0.81,-86.3,5.240884226346,0.158224,53.27160969,191,3926,74.8,2026-06-25,-3.64,39.8,False
1088,002600,领益智造,16.89,-5.54,1.85,78.79,17.885918192098,0.4305048,72.55851365,-281,303,94.0,2026-06-25,-5.57,68.2,False
1089,002601,龙佰集团,17.52,0.52,0.62,55.84,17.473747478642,0.390314,71.45217262,25,379,90.8,2026-06-25,0.26,64.9,False
1090,002602,世纪华通,13.31,-3.13,0.74,12.1,13.609868077901,0.45061,73.26566784,431,260,82.4,2026-06-25,-2.2,60.4,False
1091,002603,以岭药业,15.09,-0.92,0.2,15.42,15.190631968308,0.2572176,58.66534084,-1208,2510,77.6,2026-06-25,-0.66,45.5,False
1092,002605,姚记科技,18.32,-3.48,1.03,13.68,18.834916527575,0.2423052,66.53449684,716,864,74.8,2026-06-25,-2.73,49.8,False
1093,002606,大连电瓷,13.9,-0.71,1.41,25.64,14.132255000025,0.2723916,61.20384807,-783,1863,72.0,2026-06-25,-1.64,44.1,False
1094,002607,中公教育,1.82,-0.55,0.54,59.29,1.831361872521,0.366472,51.30979654,391,4348,71.6,2026-06-25,-0.62,36.7,False
1095,002608,江苏国信,7.4,0.54,0.34,8.96,7.43930785088,0.284856,57.16736013,197,2916,77.2,2026-06-25,-0.53,44.1,False
1096,002609,捷顺科技,7.58,-1.81,0.66,659.8,7.682189482976,0.1234696,65.36740658,-701,1028,71.6,2026-06-25,-1.33,46.8,False
1097,002611,东方精工,17.29,0.23,1.2,-558.41,17.411310169174,0.3323464,61.65950579,-173,1734,72.4,2026-06-25,-0.7,44.6,False
1098,002612,朗姿股份,11.34,-1.48,0.35,25.42,11.566408664169,0.1727056,60.08971113,-307,2158,72.4,2026-06-25,-1.96,43.5,False
1099,002613,北玻股份,4.24,-4.72,5.22,676.78,4.490502125356,0.2371548,60.90695239,113,1932,82.0,2026-06-25,-5.58,49.9,False
1100,002614,奥佳华,4.42,-1.12,0.51,-10.42,4.49443897562,0.1560828,57.02533035,121,2951,68.0,2026-06-25,-1.66,38.8,False
1101,002615,哈尔斯,6.25,0.0,0.83,724.07,6.251077112857,0.2461816,60.38683337,1313,2061,67.2,2026-06-25,-0.02,40.6,False
1102,002616,长青集团,4.5,0.67,0.51,9.72,4.490770996961,0.1939124,55.1529856,330,3461,69.6,2026-06-25,0.21,38.4,False
1103,002617,露笑科技,9.89,10.01,5.96,66.56,9.063817252194,0.2917788,60.68466418,-431,1996,90.0,2026-06-25,9.12,54.6,False
1104,002620,*ST瑞和,4.92,1.44,1.23,-21.18,4.919477038531,0.286747647059,41.49093799,-4,5191,66.4,2026-06-25,0.01,27.5,False
1105,002622,皓宸医疗,2.06,-2.83,0.67,-51.87,2.120483339242,0.1278604,51.05420996,-1108,4401,69.2,2026-06-25,-2.85,35.3,False
1106,002623,亚玛顿,15.4,-0.96,0.58,-19.18,15.54530685135,0.1147756,49.78149355,185,4602,67.6,2026-06-25,-0.93,33.7,False
1107,002624,完美世界,11.23,-5.79,1.83,53.04,12.007748421005,0.3584556,60.38665383,1441,2062,72.4,2026-06-25,-6.48,43.7,False
1108,002625,光启技术,29.44,-4.2,0.65,90.02,30.976077237249,0.3432672,59.81857377,-289,2210,80.8,2026-06-25,-4.96,48.3,False
1109,002626,金达威,13.43,-1.4,0.12,31.21,13.579780507705,0.1802584,57.33393764,312,2866,70.8,2026-06-25,-1.1,40.6,False
1110,002627,三峡旅游,5.76,-3.03,0.32,73.54,5.854702872938,0.1908696,51.26507924,660,4357,68.8,2026-06-25,-1.62,35.3,False
1111,002628,成都路桥,4.38,-2.23,0.97,61.53,4.549219056412,0.3229444,48.7081408,-1524,4775,66.8,2026-06-25,-3.72,32.5,False
1112,002629,仁智股份,4.31,0.23,1.37,-115.71,4.317022384312,0.186580181818,54.24427761,455,3696,66.0,2026-06-25,-0.16,35.8,False
1113,002630,*ST华西,1.76,-2.76,0.47,-28.28,1.843174827,0.35204,52.64258229,117,4070,70.8,2026-06-25,-4.51,37.3,False
1114,002631,德尔未来,10.09,3.28,3.6,-143.19,9.837891942183,0.3642496,63.14357984,-1200,1426,88.4,2026-06-25,2.56,55.8,False
1115,002632,道明光学,9.52,-4.61,1.57,36.26,10.245133637847,0.2865452,69.33717731,1668,555,68.4,2026-06-25,-7.08,47.4,False
1116,002633,申科股份,15.35,-2.1,0.32,110.64,15.786667058907,0.118486,55.29501024,-1077,3428,61.6,2026-06-25,-2.77,34.1,False
1117,002634,*ST棒杰,4.23,-3.64,0.84,-8.64,4.363470141286,0.426467058824,51.66245835,869,4284,61.6,2026-06-25,-3.06,31.8,False
1118,002635,安洁科技,19.05,3.31,5.22,90.04,19.007576431445,0.3343268,71.25908631,678,392,75.6,2026-06-25,0.22,53.9,False
1119,002636,金安国纪,110.09,-2.57,1.02,99.27,115.278471372406,0.4341592,65.06869787,-614,1069,94.4,2026-06-25,-4.5,61.4,False
1120,002637,赞宇科技,10.94,0.74,0.85,12.71,10.928647419158,0.2343828,65.03770814,1252,1072,71.6,2026-06-25,0.1,46.6,False
1121,002638,勤上股份,3.69,-3.91,0.83,-56.72,3.906152385321,0.3982544,54.38334039,1101,3660,65.2,2026-06-25,-5.53,35.5,False
1122,002639,雪人集团,12.91,-2.27,1.48,701.29,13.322107871355,0.1900972,47.43979357,-124,4931,70.0,2026-06-25,-3.09,33.2,False
1123,002640,跨境通,3.15,0.32,1.42,7.8,3.185300911703,0.1939484,51.74160306,-44,4265,76.0,2026-06-25,-1.11,39.3,False
1124,002641,公元股份,3.86,2.12,0.4,-37.18,3.820340147103,0.2125412,57.37261181,406,2852,69.6,2026-06-25,1.04,39.9,False
1125,002642,荣联科技,6.22,-2.05,0.6,1261.16,6.351450901284,0.2179684,50.31167176,-105,4536,75.2,2026-06-25,-2.07,37.8,False
1126,002643,万润股份,19.99,4.77,2.0,52.12,19.275496892454,0.2715492,64.50030431,-931,1167,90.0,2026-06-25,3.71,58.1,False
1127,002644,佛慈制药,7.1,-1.25,0.11,40.0,7.159426518798,0.0435308,54.87170708,-1038,3537,66.8,2026-06-25,-0.83,36.7,False
1128,002645,华宏科技,29.55,-3.9,2.38,25.71,31.157050354173,0.3672076,60.58514511,15,2018,83.6,2026-06-25,-5.16,50.6,False
1129,002646,天佑德酒,6.5,-1.22,0.36,16.06,6.534404153958,0.1516344,57.73530303,1697,2760,71.6,2026-06-25,-0.53,41.3,False
1130,002647,仁东控股,10.65,-4.23,0.53,64.0,10.819412185542,0.418504705882,61.53110045,2042,1767,69.6,2026-06-25,-1.57,42.8,False
1131,002648,卫星化学,25.9,0.86,1.57,10.3,25.467933216131,0.46678,68.08449627,-108,659,94.0,2026-06-25,1.7,64.0,False
1132,002649,博彦科技,7.99,-3.5,0.53,101.63,8.304243117954,0.1785092,56.57449828,121,3080,70.4,2026-06-25,-3.78,39.8,False
1133,002650,ST加加,6.05,-1.63,0.22,49.5,6.171519614254,0.2928628,47.7945194,-22,4897,66.8,2026-06-25,-1.97,31.9,False
1134,002651,利君股份,7.3,-2.8,0.29,59.87,7.530279034545,0.1220828,55.07636762,990,3485,69.2,2026-06-25,-3.06,38.1,False
1135,002652,扬子新材,4.23,-1.86,1.03,-168.49,4.325033989292,0.198402,55.76121106,-929,3307,66.0,2026-06-25,-2.2,36.8,False
1136,002653,海思科,58.49,2.43,0.35,29.53,56.653753408661,0.2558344,72.26072449,-286,323,82.0,2026-06-25,3.24,59.3,False
1137,002654,万润科技,20.8,0.39,5.72,-818.53,20.141421890297,0.473542,77.56856565,11,79,88.0,2026-06-25,3.27,68.3,False
1138,002655,共达电声,49.86,2.95,2.88,868.88,49.635144875753,0.3993516,60.16150196,-1432,2132,89.2,2026-06-25,0.45,53.7,False
1139,002656,*ST摩登,2.79,-2.79,0.84,-355.29,2.888071391722,0.3045908,48.46778397,-216,4814,63.6,2026-06-25,-3.4,30.8,False
1140,002657,中科金财,22.15,0.77,2.64,-54.64,22.103669943157,0.2395428,59.13035618,403,2379,88.0,2026-06-25,0.21,52.0,False
1141,002658,雪迪龙,8.02,-3.37,0.9,89.44,8.268663238156,0.22868,59.16242086,-1062,2369,71.2,2026-06-25,-3.01,42.1,False
1142,002659,凯文教育,3.72,-2.11,0.63,2884.08,3.789978159218,0.1683048,54.86432987,130,3539,64.4,2026-06-25,-1.85,35.3,False
1143,002660,茂硕电源,6.55,-1.8,0.55,-20.08,6.725486638221,0.1389792,48.54762068,-708,4808,69.6,2026-06-25,-2.61,33.8,False
1144,002661,克明食品,6.97,-1.41,0.33,17.1,7.079514932934,0.048684,50.65546638,182,4482,69.2,2026-06-25,-1.55,35.1,False
1145,002662,峰璟股份,3.96,-1.25,0.38,71.28,3.980362890949,0.3135864,68.40846342,1389,625,75.2,2026-06-25,-0.51,51.4,False
1146,002663,普邦股份,1.47,-1.34,1.13,-106.32,1.495330168949,0.3093808,45.94931492,28,5056,62.8,2026-06-25,-1.69,28.9,False
1147,002664,信质集团,17.5,-1.57,0.4,64.13,17.952163067801,0.2479052,55.96114027,-1148,3247,71.2,2026-06-25,-2.52,39.8,False
1148,002666,德联集团,3.98,-1.73,0.62,25.03,4.044823003462,0.124676,55.02612934,-1070,3494,65.6,2026-06-25,-1.6,36.1,False
1149,002667,*ST威领,11.9,-5.03,5.82,46.44,12.53,0.534722156863,46.69422474,2,5000,66.8,2026-06-25,-5.03,31.2,False
1150,002668,TCL智家,10.52,2.33,0.54,9.3,10.279925965665,0.3590588,73.89844876,73,225,79.2,2026-06-25,2.34,58.5,False
1151,002669,康达新材,16.63,-3.09,3.52,183.76,17.326647156398,0.2631564,64.19433295,417,1216,87.6,2026-06-25,-4.02,56.2,False
1152,002670,国盛证券,11.73,-2.82,0.46,3863.81,11.944340752295,0.299678,59.53887846,1609,2282,74.0,2026-06-25,-1.79,44.1,False
1153,002671,龙泉股份,3.71,-1.59,0.42,-71.04,3.779205513223,0.2192388,61.19281857,1260,1867,65.2,2026-06-25,-1.83,39.9,False
1154,002672,东江环保,3.62,-6.22,1.64,-6.66,3.897284830944,0.2502144,62.80258066,2257,1494,77.2,2026-06-25,-7.11,48.5,False
1155,002673,西部证券,6.69,-1.18,0.25,26.28,6.716358044062,0.3334412,65.10411242,2334,1063,77.6,2026-06-25,-0.39,50.5,False
1156,002674,兴业科技,28.83,10.0,0.53,94.28,26.21,0.5083816,75.18669841,-43,171,89.2,2026-06-25,10.0,67.1,False
1157,002675,东诚药业,12.51,-2.95,0.36,77.13,12.568013402571,0.275112,60.32793004,-397,2079,66.4,2026-06-25,-0.46,40.1,False
1158,002676,顺威股份,4.79,-0.42,0.65,32.82,4.901961307593,0.2220652,52.45059692,-122,4111,72.0,2026-06-25,-2.28,37.8,False
1159,002677,浙江美大,5.67,-2.41,0.3,314.72,5.815277395904,0.1401772,52.35427674,465,4136,64.8,2026-06-25,-2.5,33.9,False
1160,002678,珠江钢琴,4.22,-2.99,0.22,-31.53,4.356503277421,0.2002188,51.08682647,641,4396,60.0,2026-06-25,-3.13,30.7,False
1161,002679,福建金森,8.03,-1.11,0.33,-21.97,8.082830251038,0.0792712,60.65101468,318,2005,64.8,2026-06-25,-0.65,39.3,False
1162,002681,奋达科技,4.63,-2.53,0.94,-130.85,4.83116605015,0.2535796,51.11358548,-2060,4389,76.8,2026-06-25,-4.16,39.3,False
1163,002682,龙洲股份,4.24,-2.08,0.86,-12.94,4.352435629619,0.1554632,48.19647986,288,4849,69.6,2026-06-25,-2.58,33.5,False
1164,002683,广东宏大,26.73,-3.15,0.35,49.07,27.675971292957,0.251476,58.64902174,-168,2513,66.8,2026-06-25,-3.42,39.2,False
1165,002685,华东重机,6.29,-2.48,1.09,29.27,6.555569711122,0.3011748,56.65746589,-1653,3056,78.4,2026-06-25,-4.05,44.4,False
1166,002686,亿利达,5.17,-2.08,0.49,449.08,5.315347186598,0.211156,47.70545133,-99,4916,62.0,2026-06-25,-2.73,29.6,False
1167,002687,乔治白,4.38,-3.95,3.57,49.88,4.719910736531,0.3388576,56.99738682,-2349,2960,78.8,2026-06-25,-7.2,44.9,False
1168,002688,金河生物,4.74,-1.46,0.28,14.64,4.850257238786,0.19575,57.26744576,-42,2887,72.4,2026-06-25,-2.27,41.5,False
1169,002689,ST远智,2.46,-2.38,0.19,-20.64,2.557295582217,0.1592404,57.63930506,-79,2774,69.6,2026-06-25,-3.8,40.1,False
1170,002690,美亚光电,13.92,-2.32,0.24,26.47,14.133922800384,0.16956,69.64198274,918,524,72.0,2026-06-25,-1.51,50.1,False
1171,002691,*ST冀凯,4.09,-0.49,0.57,-13.44,4.140996453335,0.22090627451,44.52470849,-7,5119,64.0,2026-06-25,-1.23,28.5,False
1172,002692,远程股份,3.73,-2.36,0.48,-18.2,3.834093924111,0.21133,48.86569322,-766,4752,61.6,2026-06-25,-2.71,30.1,False
1173,002693,双成药业,8.46,-0.12,0.67,254.35,8.48641178649,0.267618235294,53.57392865,-1006,3849,74.0,2026-06-25,-0.31,39.6,False
1174,002694,*ST顾地,2.03,-1.46,0.17,-41.26,2.082032446963,0.210139019608,54.77933604,57,3554,62.8,2026-06-25,-2.5,34.4,False
1175,002695,煌上煌,10.07,-0.2,0.37,30.89,10.163150466871,0.2407832,51.98657578,18,4214,70.8,2026-06-25,-0.92,36.8,False
1176,002696,百洋股份,5.0,-1.38,0.51,-22.5,5.065873013532,0.1822184,58.11785498,1320,2657,66.4,2026-06-25,-1.3,38.6,False
1177,002697,红旗连锁,4.22,-0.94,0.25,10.07,4.269161904756,0.270456,62.02971808,304,1647,70.4,2026-06-25,-1.15,43.7,False
1178,002698,博实股份,11.5,-2.29,0.26,37.49,11.832532494713,0.3217176,63.35543917,154,1380,77.6,2026-06-25,-2.81,49.2,False
1179,002700,万憬能源,7.39,-0.27,1.32,63.54,7.745017264184,0.2530504,61.07513274,-1035,1895,68.4,2026-06-25,-4.58,41.8,False
1180,002701,奥瑞金,4.28,-1.83,0.21,5.3,4.381184307921,0.2468632,61.84883481,-127,1700,69.6,2026-06-25,-2.31,43.0,False
1181,002702,海欣食品,4.54,-2.16,0.91,55.13,4.667313654085,0.165266,55.62609258,1297,3354,69.2,2026-06-25,-2.73,38.5,False
1182,002703,浙江世宝,14.52,-2.02,1.01,71.32,14.865190961901,0.2576472,53.91463623,-1000,3774,69.2,2026-06-25,-2.32,37.3,False
1183,002705,新宝股份,10.76,-2.09,0.3,27.72,11.056868779241,0.2611676,61.32190145,1556,1819,64.8,2026-06-25,-2.68,39.7,False
1184,002706,良信股份,11.01,-2.91,1.1,54.72,11.494413188701,0.3045996,63.66054979,-289,1322,75.6,2026-06-25,-4.21,48.1,False
1185,002707,众信旅游,4.88,-2.79,0.71,121.18,5.028531882443,0.1899444,52.02277325,120,4203,69.2,2026-06-25,-2.95,36.0,False
1186,002708,光洋股份,13.82,-1.29,1.1,60.58,14.245229005364,0.2675832,58.98660898,-1269,2418,83.2,2026-06-25,-2.99,49.1,False
1187,002709,天赐材料,55.49,0.53,1.34,17.09,55.48314689581,0.3618944,70.87850081,-357,423,94.0,2026-06-25,0.01,66.6,False
1188,002712,思美传媒,4.21,-2.55,0.78,175.54,4.314364873541,0.157134,57.55558964,-831,2798,67.2,2026-06-25,-2.42,38.7,False
1189,002713,*ST东易,11.94,-1.16,0.86,-166.83,11.997668280438,0.4308448,60.85295241,379,1952,70.4,2026-06-25,-0.48,42.8,False
1190,002714,牧原股份,32.81,1.39,0.51,-38.98,32.248048577322,0.330914,63.3163376,531,1387,80.0,2026-06-25,1.74,50.7,False
1191,002715,登云股份,12.86,-2.8,0.71,67.03,13.321699212846,0.178684,52.75852437,-1064,4043,64.0,2026-06-25,-3.47,33.8,False
1192,002716,湖南白银,8.17,-2.74,1.09,37.08,8.418998219025,0.1954108,55.38751567,-358,3400,70.8,2026-06-25,-2.96,39.2,False
1193,002717,*ST岭南,0.96,4.35,1.99,-3.27,0.927131371456,0.438006470588,40.6003838,-31,5198,76.4,2026-06-25,3.55,31.0,False
1194,002718,友邦吊顶,113.89,-3.09,0.39,4023.55,118.01310693376,0.358794,58.98956093,-378,2417,67.2,2026-06-25,-3.49,39.6,False
1195,002719,ST麦趣,5.81,-3.81,1.92,-19.19,6.06555206177,0.344698627451,38.95091934,1,5203,66.0,2026-06-25,-4.21,25.7,False
1196,002721,金一文化,2.2,-1.35,0.4,43.23,2.235409493455,0.3097684,55.90992534,71,3263,67.6,2026-06-25,-1.58,37.8,False
1197,002722,物产金轮,11.9,-1.73,0.48,16.04,12.12387636986,0.1446344,59.41063193,-891,2317,67.2,2026-06-25,-1.85,39.9,False
1198,002723,小崧股份,8.94,-2.08,1.95,-24.72,9.233700977353,0.3577548,57.44834876,-366,2829,70.0,2026-06-25,-3.18,40.2,False
1199,002724,海洋王,4.79,-2.24,0.26,-38.58,4.912849010427,0.096948,53.40124978,-99,3892,64.8,2026-06-25,-2.5,34.6,False
1200,002725,跃岭股份,12.15,-3.8,1.88,-143.55,12.973795691345,0.2190152,55.11949775,-2198,3474,74.0,2026-06-25,-6.35,40.8,False
1201,002726,ST龙大,1.3,-5.11,0.25,-353.02,1.377361410404,0.309441960784,46.58096161,41,5012,68.0,2026-06-25,-5.62,31.7,False
1202,002727,一心堂,10.07,-2.42,0.56,8.39,10.288151875557,0.1887708,64.15761048,176,1220,69.6,2026-06-25,-2.12,44.7,False
1203,002728,特一药业,8.32,-2.8,1.29,41.44,8.590655000411,0.2494548,57.88551494,-1736,2713,85.2,2026-06-25,-3.15,49.3,False
1204,002729,好利科技,17.82,-3.15,0.66,84.95,18.618327429574,0.2202724,53.32704802,-791,3913,67.6,2026-06-25,-4.29,36.0,False
1205,002730,电光科技,28.94,-4.05,0.75,119.85,29.579160127156,0.341896,61.96447213,-93,1672,72.8,2026-06-25,-2.16,45.1,False
1206,002731,ST萃华,,,0.0,4.81,4.35,0.1287416,50.93950534,157,4429,62.0,2026-06-25,,31.6,False
1207,002732,燕塘乳业,12.61,-1.94,0.22,10021.09,12.905113892879,0.1242148,54.27629796,1071,3685,65.6,2026-06-25,-2.29,35.6,False
1208,002733,雄韬股份,35.63,2.65,3.59,161.77,33.90013759909,0.355268,71.76368503,777,359,81.2,2026-06-25,5.1,58.3,False
1209,002734,利民股份,18.01,-1.48,1.22,16.21,18.655285514238,0.3492832,63.47941005,-59,1351,82.0,2026-06-25,-3.46,52.1,False
1210,002735,王子新材,16.52,-2.13,4.17,153.7,16.889478430182,0.2463636,51.81244377,274,4246,81.6,2026-06-25,-2.19,42.3,False
1211,002736,国信证券,10.36,-1.05,0.12,12.6,10.389837787767,0.3924628,73.64548811,394,235,78.4,2026-06-25,-0.29,57.7,False
1212,002737,葵花药业,11.71,-1.1,0.16,15.5,11.816723438444,0.0757156,53.35439623,-921,3906,74.0,2026-06-25,-0.9,39.5,False
1213,002738,中矿资源,57.97,-0.31,1.13,20.6,58.222096472657,0.3143228,64.24853468,-604,1208,85.2,2026-06-25,-0.43,54.7,False
1214,002739,儒意电影,8.65,-1.03,0.67,52.54,8.611602396588,0.373144,66.16799352,1213,917,75.6,2026-06-25,0.45,50.0,False
1215,002741,光华科技,37.0,0.41,5.48,104.54,35.999434817084,0.3884484,69.37978885,1215,549,84.0,2026-06-25,2.78,58.3,False
1216,002742,冀衡医药,3.29,-3.24,1.24,-69.7,3.419616383563,0.169315490196,47.16003316,87,4959,66.4,2026-06-25,-3.79,31.3,False
1217,002743,富煌钢构,3.92,-2.24,0.57,-9.46,4.034368161298,0.1618584,48.7096983,100,4774,64.4,2026-06-25,-2.83,31.4,False
1218,002745,木林森,12.69,0.16,2.8,11.24,12.727800778766,0.3840052,61.87074967,124,1695,87.2,2026-06-25,-0.3,54.0,False
1219,002746,仙坛股份,5.06,-0.39,0.58,16.42,5.069171135531,0.1568008,60.03004924,100,2170,69.6,2026-06-25,-0.18,41.8,False
1220,002747,埃斯顿,35.67,-3.25,3.3,88.21,37.61671075129,0.3353632,60.78713512,-206,1971,93.2,2026-06-25,-5.18,56.7,False
1221,002748,世龙实业,10.68,-2.38,0.58,16.65,10.97771006281,0.1908512,61.70983768,1431,1728,66.0,2026-06-25,-2.71,40.7,False
1222,002749,国光股份,7.93,-1.12,0.1,18.35,7.970751919975,0.0971928,65.15702709,1226,1054,66.4,2026-06-25,-0.51,43.3,False
1223,002752,昇兴股份,5.89,-2.16,0.29,9.49,6.058486076203,0.1680832,62.11386151,1021,1621,62.0,2026-06-25,-2.78,38.5,False
1224,002753,永东股份,5.75,-1.71,0.78,461.9,5.974930108109,0.1961724,56.76692174,-190,3030,64.8,2026-06-25,-3.76,36.8,False
1225,002755,奥赛康,12.93,-0.31,0.22,35.52,12.85563528302,0.1928764,60.29733522,-968,2092,66.8,2026-06-25,0.58,40.3,False
1226,002756,永兴材料,60.89,0.68,1.11,16.78,61.871563005949,0.2811684,63.29030841,-1059,1391,84.8,2026-06-25,-1.59,53.7,False
1227,002757,南兴股份,18.7,-3.46,1.22,31.81,19.717679947423,0.2012208,57.53614706,-698,2804,69.6,2026-06-25,-5.16,40.0,False
1228,002758,浙农股份,8.46,2.55,0.44,20.26,8.21297068078,0.1813292,58.52289829,259,2545,70.4,2026-06-25,3.01,41.2,False
1229,002759,天际股份,26.06,-0.91,1.67,16.56,26.818459350905,0.263246,53.89976467,-569,3780,72.0,2026-06-25,-2.83,38.8,False
1230,002760,凤形股份,16.24,-2.58,0.93,65.81,16.707907231806,0.1497652,57.40932909,477,2841,63.6,2026-06-25,-2.8,36.5,False
1231,002761,浙江建投,6.68,-0.6,0.25,7.58,6.806901848609,0.1757912,57.7827106,-113,2742,72.4,2026-06-25,-1.86,41.8,False
1232,002762,金发拉比,7.95,0.63,0.89,5937.27,8.012123075698,0.238308431373,50.88798308,-242,4438,73.2,2026-06-25,-0.78,37.3,False
1233,002763,汇洁股份,7.03,-1.82,0.62,7.86,7.203148304396,0.1500368,59.16896235,167,2367,65.6,2026-06-25,-2.4,38.8,False
1234,002765,蓝黛科技,7.08,-2.75,0.62,60.59,7.31814113981,0.1885544,53.53504895,-127,3858,70.0,2026-06-25,-3.25,37.5,False
1235,002766,索菱股份,3.59,-1.64,0.43,-42.46,3.669527304832,0.2284388,48.75018793,114,4767,70.4,2026-06-25,-2.17,34.3,False
1236,002767,先锋电子,16.79,-2.55,0.38,1890.88,17.302098643182,0.1438832,54.05785551,-888,3742,66.8,2026-06-25,-2.96,36.1,False
1237,002768,国恩股份,52.26,-1.64,0.64,22.55,53.432151533978,0.3871772,78.39444971,7,55,80.0,2026-06-25,-2.19,62.7,False
1238,002769,普路通,6.62,-2.07,0.72,165.67,6.807984088725,0.1545296,43.51226477,-24,5156,70.4,2026-06-25,-2.76,30.6,False
1239,002771,真视通,12.88,-2.28,1.51,-51.02,13.385245814352,0.201662,57.46527572,-153,2825,75.2,2026-06-25,-3.77,43.2,False
1240,002772,众兴菌业,11.66,-2.59,0.64,6.71,11.992981396211,0.1063552,59.60626237,-1051,2265,67.2,2026-06-25,-2.78,40.1,False
1241,002773,康弘药业,20.05,-1.72,0.24,15.02,20.087720093721,0.2758632,65.1894349,-471,1050,73.2,2026-06-25,-0.19,47.7,False
1242,002774,快意电梯,14.2,0.35,1.13,-604.67,14.410966474328,0.2907196,62.82495712,-147,1489,71.2,2026-06-25,-1.46,44.7,False
1243,002775,文科股份,3.61,-1.37,0.37,-44.82,3.680948432091,0.286812,47.04897174,-744,4975,68.0,2026-06-25,-1.93,32.0,False
1244,002777,久远银海,12.01,-3.07,0.38,104.45,12.4638296519,0.1620108,55.12015297,-183,3473,69.6,2026-06-25,-3.64,38.4,False
1245,002778,中晟高科,16.48,-2.02,0.36,-90.96,16.674116357313,0.1890596,57.32722583,-93,2869,66.0,2026-06-25,-1.16,37.8,False
1246,002779,中坚科技,71.62,-0.22,0.59,115.49,72.098901259566,0.3016212,59.3341044,485,2331,69.6,2026-06-25,-0.66,41.3,False
1247,002780,三夫户外,12.37,-2.21,0.9,16.68,12.661988046503,0.1270968,56.37626511,-95,3142,66.8,2026-06-25,-2.31,37.7,False
1248,002782,可立克,22.53,-0.75,0.81,109.67,23.013148187119,0.2054388,66.66170584,-118,841,73.2,2026-06-25,-2.1,48.8,False
1249,002783,凯龙股份,7.02,-1.54,0.45,90.85,7.115106364704,0.2649456,54.32081569,-1119,3671,68.4,2026-06-25,-1.34,37.2,False
1250,002785,万里石,43.13,-3.08,1.35,4067.0,43.990620506261,0.4884828,67.30816264,76,753,72.4,2026-06-25,-1.96,48.7,False
1251,002786,银宝山新,7.58,-1.17,0.58,65.36,7.710939186125,0.1635252,50.57086831,-211,4493,75.6,2026-06-25,-1.7,38.2,False
1252,002787,华源控股,32.7,7.78,8.24,106.14,30.007767053287,0.5233536,68.60932403,1773,615,67.6,2026-06-25,8.97,46.4,False
1253,002788,鹭燕医药,10.3,-1.9,1.49,14.73,10.557223147282,0.183464,56.24839522,-588,3168,68.8,2026-06-25,-2.44,38.7,False
1254,002789,*ST建艺,11.5,-5.04,0.77,-8.64,12.213499361974,0.4509332,49.29860377,-73,4688,66.8,2026-06-25,-5.84,32.9,False
1255,002790,瑞尔特,5.41,-1.46,0.37,634.18,5.504068596013,0.0863832,57.00784828,247,2958,62.4,2026-06-25,-1.71,35.6,False
1256,002791,坚朗五金,13.37,-0.89,0.35,-24.54,13.501113710844,0.1805044,53.62893804,-916,3843,66.4,2026-06-25,-0.97,35.6,False
1257,002792,通宇通讯,33.15,-3.3,1.91,-335.83,34.717389082089,0.19031,43.94367079,-656,5141,70.4,2026-06-25,-4.51,30.9,False
1258,002793,罗欣药业,3.86,-2.03,0.33,43.46,3.903401504125,0.1866796,52.19924629,-40,4170,64.8,2026-06-25,-1.11,33.8,False
1259,002795,永和智控,6.77,-2.45,0.98,10.99,6.941167047551,0.2902228,50.00257557,-938,4571,66.4,2026-06-25,-2.47,33.2,False
1260,002796,世嘉科技,40.2,0.12,3.2,-107.96,40.754478718032,0.3399124,56.15332706,1934,3189,66.8,2026-06-25,-1.36,37.5,False
1261,002797,第一创业,6.73,-1.75,0.69,35.85,6.772158680138,0.390042,66.28426812,2224,907,73.2,2026-06-25,-0.62,48.5,False
1262,002798,帝欧水华,5.16,-2.46,0.71,-48.97,5.317336598833,0.2060468,47.45785376,-34,4930,60.4,2026-06-25,-2.96,28.7,False
1263,002799,环球印务,6.08,-2.09,0.46,208.11,6.219603836834,0.0771984,47.32424427,42,4941,64.8,2026-06-25,-2.24,30.7,False
1264,002800,天顺股份,13.07,-2.1,0.65,281.5,13.440054638095,0.1150372,45.13099575,-9,5097,65.6,2026-06-25,-2.75,29.6,False
1265,002801,微光股份,27.38,-2.32,0.36,11.38,28.507158117988,0.156344,55.84938607,-608,3279,68.0,2026-06-25,-3.95,38.0,False
1266,002802,洪汇新材,10.81,-2.08,0.55,38.32,11.108839371427,0.1320788,59.49975172,134,2291,57.6,2026-06-25,-2.69,34.3,False
1267,002803,吉宏股份,26.52,-2.82,2.15,41.1,27.251068197204,0.3470964,77.62422624,-14,78,87.2,2026-06-25,-2.68,67.7,False
1268,002805,丰元股份,28.17,-3.46,2.19,25.64,29.063728334324,0.2301492,59.32478079,-630,2334,88.4,2026-06-25,-3.08,52.4,False
1269,002806,华锋股份,20.38,0.3,3.6,-68.13,20.489648903792,0.305566,60.27045587,2431,2098,80.0,2026-06-25,-0.54,48.2,False
1270,002807,江阴银行,3.82,-0.26,0.13,7.06,3.82966453924,0.3175256,57.03298181,146,2948,67.6,2026-06-25,-0.25,38.6,False
1271,002808,恒久退,0.17,0.0,1.16,-1.24,0.171363329663,0.578060120482,53.23024549,313,3935,65.2,2026-06-25,-0.8,34.7,False
1272,002809,红墙股份,7.66,-1.42,0.92,-41.12,7.911619527241,0.1111684,47.90039557,269,4882,66.0,2026-06-25,-3.18,31.6,False
1273,002810,山东赫达,24.15,-4.01,0.81,20.54,25.292320193317,0.2297432,66.46574868,-618,876,68.4,2026-06-25,-4.52,45.5,False
1274,002811,郑中设计,11.46,-1.38,0.33,24.7,11.805836904823,0.1193588,60.84722925,-906,1954,64.0,2026-06-25,-2.93,38.9,False
1275,002812,恩捷股份,66.81,-2.14,0.7,63.02,68.593383810016,0.311176,60.61922903,68,2009,86.4,2026-06-25,-2.6,52.4,False
1276,002813,路畅科技,18.96,-1.86,0.33,-30.79,19.377081260945,0.110272,47.31159036,-51,4943,68.0,2026-06-25,-2.15,32.2,False
1277,002815,崇达技术,18.1,-3.36,2.09,172.26,18.148434994605,0.3009692,64.92338261,1964,1091,82.8,2026-06-25,-0.27,53.8,False
1278,002816,*ST和科,26.76,-0.56,0.55,-162.94,27.068354892326,0.4555032,59.33250518,-963,2332,67.2,2026-06-25,-1.14,39.9,False
1279,002817,黄山胶囊,5.82,-2.84,0.46,25.07,5.999622588504,0.089018,58.64198785,209,2516,64.4,2026-06-25,-2.99,37.8,False
1280,002818,富森美,11.0,-1.79,0.43,5.31,11.119203986406,0.1522316,62.89092038,-591,1471,67.6,2026-06-25,-1.07,42.5,False
1281,002819,东方中科,22.31,-3.71,0.6,-46.62,23.53006639061,0.2286664,58.48377134,-1378,2559,75.2,2026-06-25,-5.19,44.0,False
1282,002820,桂发祥,8.35,-2.11,0.77,57.29,8.557499738671,0.088796,54.02013588,401,3756,68.4,2026-06-25,-2.42,36.9,False
1283,002821,凯莱英,156.2,4.02,1.51,46.29,146.807015944866,0.4123684,74.46317376,-55,200,90.4,2026-06-25,6.4,67.3,False
1284,002822,ST中装,2.9,5.07,2.7,-193.0,2.76,0.4218644,60.14542949,1000,2140,71.2,2026-06-25,5.07,42.8,False
1285,002823,凯中精密,14.46,-3.34,0.95,22.7,14.953080258645,0.2286832,51.21976,-525,4369,72.0,2026-06-25,-3.3,36.9,False
1286,002824,和胜股份,37.5,-4.09,2.68,118.64,39.532077140367,0.3457992,63.28771145,-8,1393,80.8,2026-06-25,-5.14,51.1,False
1287,002825,纳尔股份,8.2,-2.73,0.46,40.45,8.459972604618,0.1387124,53.40165635,-882,3891,64.0,2026-06-25,-3.07,34.2,False
1288,002826,易明医药,15.52,-1.46,0.33,37.65,15.904821622847,0.2559644,57.85010568,-76,2722,64.0,2026-06-25,-2.42,37.0,False
1289,002827,高争民爆,24.35,-2.56,0.32,178.09,25.382948600397,0.2303604,57.32138977,-1157,2872,71.2,2026-06-25,-4.07,40.8,False
1290,002828,贝肯能源,9.72,-2.21,1.4,-6.67,9.758122470952,0.2333848,61.37162694,1486,1805,71.2,2026-06-25,-0.39,43.7,False
1291,002829,星网宇达,17.06,-2.23,1.08,-33.4,17.627023975394,0.14429,46.75630235,-118,4995,69.6,2026-06-25,-3.22,32.5,False
1292,002830,名雕股份,16.8,0.96,3.64,231.82,16.818817995141,0.1886192,63.15387733,-938,1423,76.8,2026-06-25,-0.11,48.5,False
1293,002831,裕同科技,36.4,1.42,0.79,47.7,36.773921154039,0.395124,66.83123565,-42,815,80.0,2026-06-25,-1.02,53.5,False
1294,002832,比音勒芬,20.34,-3.37,0.73,7.51,20.976878859491,0.262112,70.44881483,-145,457,73.2,2026-06-25,-3.04,51.6,False
1295,002833,弘亚数控,17.36,-0.12,0.94,12.68,17.862640948679,0.2232804,65.69855399,-821,983,74.8,2026-06-25,-2.81,49.1,False
1296,002835,同为股份,11.44,-2.39,0.4,22.62,11.7308574405,0.1496552,63.90005231,1175,1272,67.2,2026-06-25,-2.48,42.9,False
1297,002836,新宏泽,9.41,-1.98,0.27,32.69,9.633502005177,0.1292016,56.65981656,990,3055,62.4,2026-06-25,-2.32,35.4,False
1298,002837,英维克,83.3,-4.24,2.01,3065.32,86.758767066942,0.461848,78.76899193,135,47,95.2,2026-06-25,-3.99,75.0,False
1299,002838,道恩股份,32.8,-1.03,0.23,32.94,33.528588847955,0.1894708,66.54515816,-336,862,75.6,2026-06-25,-2.17,50.3,False
1300,002839,张家港行,4.06,0.0,0.14,4.3,4.067140352323,0.3289,58.93142074,-561,2432,69.2,2026-06-25,-0.18,40.8,False
1301,002840,华统股份,7.39,2.64,0.77,-6.16,7.233623735949,0.2307544,46.153185,-15,5041,62.4,2026-06-25,2.16,28.8,False
1302,002841,视源股份,33.02,-2.1,0.24,23.38,33.944204626051,0.1949728,64.90038201,160,1096,69.6,2026-06-25,-2.72,45.2,False
1303,002842,翔鹭钨业,52.6,2.31,10.54,17.17,49.851092375777,0.5165724,76.13913099,712,121,90.4,2026-06-25,5.51,68.8,False
1304,002843,泰嘉股份,19.9,-2.5,1.48,51.19,20.571254182933,0.2497132,49.9321408,-2418,4580,65.2,2026-06-25,-3.26,32.6,False
1305,002845,同兴达,16.08,0.69,3.07,-30.93,16.050359693021,0.2046704,65.06160169,-737,1070,80.4,2026-06-25,0.18,52.3,False
1306,002846,英联股份,11.09,-2.8,0.64,92.97,11.47587331417,0.1226316,53.91280143,205,3775,67.6,2026-06-25,-3.36,36.4,False
1307,002847,盐津铺子,44.94,-1.3,0.25,13.16,46.703806333002,0.25127,61.22125645,74,1857,71.2,2026-06-25,-3.78,43.6,False
1308,002848,高斯贝尔,13.8,-3.23,1.39,99.31,14.231007418485,0.339987843137,61.35262592,785,1812,75.6,2026-06-25,-3.03,46.4,False
1309,002849,威星智能,16.2,1.06,1.26,35.11,16.271500628544,0.2430892,58.84663109,-1361,2453,69.6,2026-06-25,-0.44,41.0,False
1310,002850,科达利,178.19,-2.24,0.6,27.66,187.529539238265,0.357452,66.1502251,-429,922,76.4,2026-06-25,-4.98,50.5,False
1311,002851,麦格米特,162.16,-5.71,3.7,205.65,170.291667105541,0.4496304,65.15478909,555,1055,85.2,2026-06-25,-4.78,55.5,False
1312,002852,道道全,7.2,-1.64,0.33,43.82,7.298938654741,0.0903192,60.17172374,1378,2129,65.2,2026-06-25,-1.36,39.2,False
1313,002853,皮阿诺,20.25,1.2,0.92,-83.09,20.54255128564,0.3184456,47.10718746,-1049,4967,60.0,2026-06-25,-1.42,28.3,False
1314,002855,捷荣技术,9.49,-2.87,0.46,-31.71,9.81084534476,0.0412168,53.34090567,964,3909,70.4,2026-06-25,-3.27,37.6,False
1315,002856,*ST美芝,17.4,-1.47,5.54,-236.76,17.66,0.157416470588,53.28768345,698,3921,68.4,2026-06-25,-1.47,36.4,False
1316,002857,三晖电气,16.56,-3.04,0.51,-21.89,17.00588535172,0.1403116,53.0048889,594,3986,66.0,2026-06-25,-2.62,35.0,False
1317,002858,力盛体育,11.0,-2.83,1.3,85.11,11.387529117607,0.1708264,60.19508524,-1364,2120,66.4,2026-06-25,-3.4,40.0,False
1318,002859,洁美科技,97.23,0.13,2.05,219.51,94.288039831542,0.4188784,76.04314176,911,125,88.0,2026-06-25,3.12,66.9,False
1319,002860,星帅尔,13.79,2.53,1.5,21.23,13.471234942203,0.3226352,67.40043774,674,744,72.4,2026-06-25,2.37,48.8,False
1320,002861,瀛通通讯,21.08,-2.59,1.16,-36.26,21.455603695198,0.2667656,67.66482894,213,707,78.4,2026-06-25,-1.75,53.0,False
1321,002862,实丰文化,12.87,-3.09,0.86,81.63,13.337527587304,0.1372796,49.62126112,-902,4631,67.6,2026-06-25,-3.51,33.5,False
1322,002863,今飞凯达,4.28,-3.17,0.46,21.82,4.402794298415,0.214906,53.17715356,-724,3948,65.2,2026-06-25,-2.79,34.7,False
1323,002864,盘龙药业,25.96,-1.63,0.45,31.7,26.369570271569,0.2202408,59.84133961,-23,2203,72.0,2026-06-25,-1.55,43.1,False
1324,002865,钧达股份,57.4,-1.2,1.35,315.36,58.556069061616,0.2166492,46.89028713,-3,4987,74.4,2026-06-25,-1.97,34.9,False
1325,002866,传艺科技,16.58,-6.06,3.33,78.45,17.951046260042,0.2408952,62.00798062,2967,1653,67.6,2026-06-25,-7.64,41.9,False
1326,002867,周大生,11.57,-0.26,0.08,10.7,11.555142764137,0.1600648,61.32669421,120,1817,68.8,2026-06-25,0.13,42.2,False
1327,002868,绿康生化,22.91,-0.82,0.38,145.71,23.267449863232,0.238028431373,50.457208,-1015,4511,63.2,2026-06-25,-1.54,31.9,False
1328,002869,金溢科技,16.88,-5.01,1.27,-29.61,17.981209962227,0.1425076,49.52653148,-93,4650,70.8,2026-06-25,-6.12,35.1,False
1329,002870,香山股份,38.11,-1.98,0.52,-120.16,38.981652443236,0.3020772,59.83313455,10,2207,67.6,2026-06-25,-2.24,40.4,False
1330,002871,伟隆股份,20.5,-1.16,1.5,57.25,20.548218551456,0.2626924,72.26622184,112,322,76.8,2026-06-25,-0.23,55.5,False
1331,002872,ST天圣,4.54,-2.16,0.32,-36.89,4.631812213047,0.1891948,47.70957821,48,4915,62.8,2026-06-25,-1.98,30.0,False
1332,002873,新天药业,7.33,-2.01,0.76,127.98,7.4649176514,0.1201692,54.1109001,831,3731,65.2,2026-06-25,-1.81,35.3,False
1333,002875,安奈儿,15.7,-3.62,0.96,55.68,16.452361228245,0.2509868,50.4989346,203,4502,66.4,2026-06-25,-4.57,33.5,False
1334,002876,三利谱,34.33,-1.75,2.25,44.79,34.824231151899,0.2622252,72.50146316,-257,307,83.6,2026-06-25,-1.42,60.6,False
1335,002877,智能自控,7.02,-1.82,0.78,102.79,7.193128004679,0.162746,58.97719602,311,2424,70.8,2026-06-25,-2.41,41.8,False
1336,002878,元隆雅图,11.43,-3.22,0.97,-247.64,11.861345001203,0.1545592,46.65149718,-62,5004,71.6,2026-06-25,-3.64,33.4,False
1337,002879,长缆科技,13.31,-2.35,0.79,474.21,13.680863972536,0.166306,59.89074427,-1031,2195,64.0,2026-06-25,-2.71,38.3,False
1338,002880,卫光生物,20.24,-1.84,0.17,37.04,20.65918765939,0.1645644,55.04349889,-24,3491,62.4,2026-06-25,-2.03,34.3,False
1339,002881,美格智能,36.31,-3.12,0.91,58.77,37.901601079288,0.2008592,57.32395978,-1767,2871,76.4,2026-06-25,-4.2,43.8,False
1340,002882,金龙羽,19.23,-3.61,0.57,272.55,20.058864037664,0.1517916,54.68117787,-75,3588,74.0,2026-06-25,-4.13,40.5,False
1341,002883,*ST中设,8.61,-0.46,0.2,328.74,8.736046581592,0.264416078431,52.12769927,127,4185,63.2,2026-06-25,-1.44,32.9,False
1342,002884,凌霄泵业,15.22,0.4,0.19,13.9,15.171830309292,0.1097168,60.19406318,130,2121,64.4,2026-06-25,0.32,38.8,False
1343,002885,京泉华,42.08,-1.27,3.47,92.6,43.079882141898,0.2827856,65.92497432,112,952,82.0,2026-06-25,-2.32,54.1,False
1344,002886,沃特股份,30.17,-0.59,1.62,152.63,30.58954112377,0.2156412,58.2975789,-503,2613,86.0,2026-06-25,-1.37,50.1,False
1345,002887,绿茵生态,10.34,-2.54,0.53,19.64,10.679266751416,0.1298216,52.38304275,-972,4128,60.8,2026-06-25,-3.18,31.8,False
1346,002888,惠威科技,22.18,-1.64,1.27,-355.68,22.538138736195,0.134294,61.9708573,-1133,1670,73.2,2026-06-25,-1.59,45.4,False
1347,002889,东方嘉盛,10.17,-2.31,0.25,24.83,10.40806605565,0.0554112,51.3169283,15,4347,68.0,2026-06-25,-2.29,34.9,False
1348,002890,弘宇股份,13.3,-3.62,1.82,102.11,13.950309850027,0.1693436,54.38775397,1080,3658,60.8,2026-06-25,-4.66,33.1,False
1349,002891,中宠股份,25.96,-2.48,0.49,28.58,26.394218712619,0.231458,65.62765534,1364,992,68.4,2026-06-25,-1.65,44.9,False
1350,002892,科力尔,9.11,-3.5,0.75,-145.68,9.538339422828,0.1566584,49.99756017,-838,4572,74.4,2026-06-25,-4.49,37.2,False
1351,002893,京能热力,10.0,0.6,0.94,3.47,9.948129324382,0.2619784,54.25700014,136,3691,71.2,2026-06-25,0.52,38.6,False
1352,002895,川恒股份,30.35,-1.97,0.43,24.37,31.044941706905,0.2939492,70.42079018,-64,460,76.4,2026-06-25,-2.24,53.8,False
1353,002896,中大力德,71.7,-1.83,1.36,318.45,74.464252844339,0.283796,51.70211731,-421,4274,85.6,2026-06-25,-3.71,44.3,False
1354,002897,意华股份,86.81,-5.28,2.2,104.49,91.622075661798,0.3604736,72.22288921,-121,326,91.2,2026-06-25,-5.25,65.9,False
1355,002898,*ST赛隆,0.37,-95.54,8.75,-1.81,8.3,0.1067608,48.29661902,101,4836,62.0,2026-06-25,-95.54,29.9,False
1356,002899,英派斯,22.34,1.09,0.85,55.01,22.484989827158,0.2726508,54.02397593,35,3754,61.6,2026-06-25,-0.64,33.3,False
1357,002900,哈三联,9.46,-1.56,0.56,-106.02,9.589893032668,0.0983556,48.92199797,-713,4742,69.2,2026-06-25,-1.35,33.9,False
1358,002901,大博医疗,42.3,0.67,0.13,29.87,41.429865901545,0.1746508,61.28869982,-706,1832,72.8,2026-06-25,2.1,44.6,False
1359,002902,铭普光磁,29.41,-2.97,2.9,-75.59,30.122433711445,0.2945788,53.79172003,-153,3811,77.6,2026-06-25,-2.37,41.7,False
1360,002903,宇环数控,48.2,-4.08,1.8,-218.39,49.764979415411,0.3905184,58.0828956,1293,2666,79.6,2026-06-25,-3.14,46.2,False
1361,002905,金逸影视,6.86,-2.56,0.43,-29.83,6.996456039147,0.0767036,57.52770646,1481,2806,66.0,2026-06-25,-1.95,38.0,False
1362,002906,华阳集团,24.57,-3.31,0.42,19.45,25.556489180752,0.2482124,62.98520608,-664,1456,76.8,2026-06-25,-3.86,48.4,False
1363,002907,华森制药,13.35,-1.55,0.53,42.5,13.514913755825,0.1668564,58.6258485,-1498,2521,83.6,2026-06-25,-1.22,49.0,False
1364,002908,德生科技,6.41,-3.32,0.61,-71.67,6.638358944406,0.099936,52.40022041,59,4123,68.4,2026-06-25,-3.44,35.8,False
1365,002909,集泰股份,5.02,-1.38,0.64,-38.76,5.133546976822,0.1370844,48.16852456,-19,4852,67.2,2026-06-25,-2.21,32.4,False
1366,002910,庄园牧场,11.14,-0.09,3.97,-17.28,11.486231018827,0.330764,55.8335858,118,3282,78.0,2026-06-25,-3.01,43.6,False
1367,002911,佛燃能源,9.73,-0.71,0.08,38.15,9.825882307386,0.0897584,60.19789306,-748,2119,65.6,2026-06-25,-0.98,39.5,False
1368,002912,中新赛克,18.09,-2.11,0.31,-9.41,18.521636420014,0.1427888,52.96154668,-1058,3999,66.4,2026-06-25,-2.33,35.2,False
1369,002913,奥士康,64.38,-3.41,0.49,292.71,66.51657546726,0.3278828,64.2403739,22,1210,76.4,2026-06-25,-3.21,49.1,False
1370,002915,中欣氟材,19.0,-0.05,1.07,-319.05,19.364299787635,0.2038876,52.16639349,87,4175,75.2,2026-06-25,-1.88,39.2,False
1371,002916,深南电路,433.88,-4.64,0.38,86.9,446.920302449162,0.5413756,76.96926985,226,93,94.0,2026-06-25,-2.92,72.4,False
1372,002917,金奥博,10.29,-1.81,0.37,23.31,10.534041217536,0.2221036,56.53793168,-44,3092,68.0,2026-06-25,-2.32,38.4,False
1373,002918,蒙娜丽莎,10.12,-1.17,1.08,-57.07,10.342878858156,0.1427536,54.7246223,-483,3572,66.4,2026-06-25,-2.15,36.3,False
1374,002919,名臣健康,18.89,-4.06,0.7,137.03,19.769407260174,0.2565228,53.03403052,332,3983,63.2,2026-06-25,-4.45,33.5,False
1375,002920,德赛西威,80.21,-2.3,0.42,25.93,81.955238853373,0.3070836,64.63946118,-142,1146,76.8,2026-06-25,-2.13,49.6,False
1376,002921,联诚精密,25.39,0.59,2.06,-996.29,26.133334581663,0.362686,61.42470409,-829,1790,83.2,2026-06-25,-2.84,51.1,False
1377,002922,伊戈尔,33.56,1.08,2.17,51.63,33.403859332997,0.2476656,57.18535447,-355,2906,76.8,2026-06-25,0.47,43.9,False
1378,002923,润都股份,9.56,-1.34,0.72,51.29,9.665700328108,0.1182292,57.60894568,72,2783,66.0,2026-06-25,-1.09,38.0,False
1379,002925,盈趣科技,24.3,-1.22,1.09,50.27,24.07928867581,0.3443252,78.11978045,55,67,88.0,2026-06-25,0.92,68.7,False
1380,002926,华西证券,8.47,-0.59,0.25,14.12,8.464744100934,0.344758,66.58065416,2288,855,74.8,2026-06-25,0.06,49.8,False
1381,002927,泰永长征,21.05,2.04,3.11,109.64,20.807893406208,0.1717076,55.56411915,53,3364,78.4,2026-06-25,1.16,43.6,False
1382,002928,华夏航空,7.88,-0.25,1.71,18.79,7.743226492164,0.4664676,72.75974454,960,295,67.2,2026-06-25,1.77,48.9,False
1383,002929,润建股份,66.3,-4.47,4.07,376.45,67.217866252191,0.3559356,72.79346223,232,293,83.2,2026-06-25,-1.37,60.6,False
1384,002930,宏川智慧,8.49,-0.93,1.1,52.79,8.685544913235,0.1806352,43.21606553,-47,5166,65.2,2026-06-25,-2.25,28.2,False
1385,002931,锋龙股份,65.08,-2.78,2.18,1072.96,69.296430161392,0.290261481481,53.04081494,-2329,3979,81.6,2026-06-25,-6.08,43.3,False
1386,002932,*ST明德,13.85,-2.46,0.74,-2133.28,14.109196803402,0.276699411765,51.54911957,309,4309,67.2,2026-06-25,-1.84,34.6,False
1387,002933,新兴装备,26.22,-1.69,0.29,-346.59,26.70439677773,0.2418592,52.32764791,-86,4144,72.8,2026-06-25,-1.81,38.1,False
1388,002935,天奥电子,19.97,-6.33,0.93,-413.76,21.346794850212,0.3008156,67.45054569,1763,738,74.0,2026-06-25,-6.45,49.9,False
1389,002936,郑州银行,1.7,0.59,0.35,3.61,1.69494577908,0.5883336,55.75826428,1209,3308,70.4,2026-06-25,0.3,39.3,False
1390,002937,兴瑞科技,42.47,-1.05,0.85,92.75,42.086033229116,0.4758768,68.6616539,719,609,77.2,2026-06-25,0.91,53.0,False
1391,002938,鹏鼎控股,112.91,-1.08,0.66,141.37,112.117646212105,0.5031124,71.62005846,760,367,90.0,2026-06-25,0.71,64.5,False
1392,002939,长城证券,8.57,-1.49,0.29,13.92,8.631646487525,0.3131384,68.24935917,1946,646,74.4,2026-06-25,-0.71,50.8,False
1393,002940,昂利康,26.68,-3.79,2.42,76.21,27.501840389232,0.2748544,62.36118835,869,1573,67.6,2026-06-25,-2.99,42.2,False
1394,002941,新疆交建,9.85,-1.99,0.51,-113.08,10.092177938505,0.2243508,53.38770255,-55,3895,69.6,2026-06-25,-2.4,37.2,False
1395,002942,新农股份,14.59,-2.08,0.23,12.3,14.933363635335,0.090564,54.77343834,-78,3560,62.4,2026-06-25,-2.3,34.2,False
1396,002943,宇晶股份,51.14,-1.86,1.65,-175.0,51.428010934771,0.3713948,62.32829566,503,1578,82.0,2026-06-25,-0.56,51.1,False
1397,002945,华林证券,14.09,-2.02,0.14,101.44,14.301537976519,0.2279044,60.50695238,1949,2038,71.6,2026-06-25,-1.48,43.3,False
1398,002946,新乳业,13.4,-3.32,0.39,15.47,14.268443833773,0.1862568,61.43289128,-451,1786,67.2,2026-06-25,-6.09,41.3,False
1399,002947,恒铭达,82.96,-2.17,1.13,35.1,84.507722946135,0.4378692,66.08582601,213,929,65.2,2026-06-25,-1.83,43.1,False
1400,002948,青岛银行,5.33,-0.37,0.23,5.09,5.368896518248,0.2653344,61.70302657,352,1730,70.0,2026-06-25,-0.72,43.2,False
1401,002949,华阳国际,10.0,-2.06,0.35,109.72,10.28070581748,0.118836,54.13320817,992,3722,64.0,2026-06-25,-2.73,34.6,False
1402,002950,奥美医疗,9.52,-3.74,1.01,13.83,9.897642554602,0.1864352,59.82772541,-1627,2208,77.6,2026-06-25,-3.82,46.4,False
1403,002951,金时科技,14.36,-2.38,0.73,-125.18,15.136356933857,0.1923516,53.87570877,611,3785,77.2,2026-06-25,-5.13,41.6,False
1404,002952,亚世光电,22.02,0.73,1.04,101.3,22.106798672517,0.149808,58.03088899,-16,2677,65.2,2026-06-25,-0.39,37.8,False
1405,002953,日丰股份,8.92,-1.87,0.37,24.49,9.102828104732,0.1020752,57.55661234,-5,2797,66.8,2026-06-25,-2.01,38.4,False
1406,002955,鸿合科技,30.78,-2.53,1.17,-49.89,32.311898180198,0.20475,54.70608122,-1770,3581,75.2,2026-06-25,-4.74,41.1,False
1407,002956,西麦食品,21.01,-5.32,0.61,16.2,22.005601461398,0.1279588,70.35249875,441,465,67.2,2026-06-25,-4.52,47.3,False
1408,002957,科瑞技术,56.64,-6.32,2.27,85.67,59.629884660218,0.410706,74.77483451,515,194,85.6,2026-06-25,-5.01,64.0,False
1409,002958,青农商行,2.8,0.0,0.15,3.12,2.80211966937,0.40544,56.33249583,192,3147,69.2,2026-06-25,-0.08,39.0,False
1410,002959,小熊电器,31.24,-1.23,0.14,15.3,31.792782472546,0.1427752,60.77380615,-844,1972,69.2,2026-06-25,-1.74,42.1,False
1411,002960,青鸟智控,8.32,1.22,0.58,33.87,8.270437037957,0.2633848,57.02307141,-497,2952,70.8,2026-06-25,0.6,40.4,False
1412,002961,瑞达期货,20.52,-2.93,0.45,12.02,21.130200799885,0.190058,60.11052322,-345,2152,69.2,2026-06-25,-2.89,41.6,False
1413,002962,五方光电,18.24,3.75,6.25,329.11,17.942305393822,0.2612804,68.40054879,1204,628,86.0,2026-06-25,1.66,58.8,False
1414,002963,豪尔赛,23.9,3.91,3.09,-191.35,23.041914349359,0.2477896,66.09626182,976,927,75.6,2026-06-25,3.72,50.0,False
1415,002965,祥鑫科技,51.88,10.01,9.17,-201.68,45.623312096372,0.5165852,71.99028889,2096,344,84.0,2026-06-25,13.71,60.5,False
1416,002966,苏州银行,7.24,-0.28,0.19,4.81,7.296594692385,0.3560364,58.32816866,-751,2603,70.0,2026-06-25,-0.78,40.8,False
1417,002967,广电计量,18.07,-1.9,0.3,170.04,18.526441344049,0.2465776,62.94504438,-39,1462,71.6,2026-06-25,-2.46,45.1,False
1418,002968,新大正,8.51,-1.05,0.43,14.12,8.606519407772,0.06936,58.05870362,-892,2671,62.0,2026-06-25,-1.12,36.0,False
1419,002969,嘉美包装,14.14,-2.01,0.9,58.01,14.539806008797,0.219481481481,49.4171712,-15,4667,72.4,2026-06-25,-2.75,35.8,False
1420,002970,锐明技术,58.38,-2.8,1.32,61.76,61.137257922331,0.363962,62.7884922,-106,1496,72.0,2026-06-25,-4.51,45.2,False
1421,002971,和远气体,66.0,-5.28,6.77,192.6,69.041251242626,0.3783244,56.43371464,-2255,3129,87.6,2026-06-25,-4.4,49.4,False
1422,002972,科安达,17.39,0.4,1.81,28.68,17.32547607548,0.2063084,63.61265205,909,1328,72.0,2026-06-25,0.37,45.8,False
1423,002973,侨银股份,11.22,-3.61,0.39,32.91,11.677102986119,0.209382,59.026022,1360,2403,62.0,2026-06-25,-3.91,36.6,False
1424,002975,博杰股份,150.32,-3.75,2.3,118.68,150.443049099653,0.4431068,83.53396369,21,6,90.8,2026-06-25,-0.08,75.8,False
1425,002976,瑞玛精密,28.21,2.73,4.19,-99.4,35.428612565938,0.3119516,71.80274812,144,357,78.8,2026-06-25,-20.38,56.6,False
1426,002977,*ST天箭,20.57,-4.99,0.98,158.46,21.84542027213,0.226553921569,45.82812979,-34,5065,64.0,2026-06-25,-5.84,29.3,False
1427,002978,安宁股份,25.81,0.39,0.31,19.91,25.940271224028,0.2526716,55.55668008,-11,3367,72.4,2026-06-25,-0.5,40.2,False
1428,002979,雷赛智能,52.87,1.03,1.84,57.91,52.941047440113,0.2596208,64.74249423,134,1125,75.6,2026-06-25,-0.13,48.9,False
1429,002980,华盛昌,129.8,4.82,6.2,346.06,120.798104417317,0.5210276,67.50638619,896,733,71.2,2026-06-25,7.45,48.1,False
1430,002981,朝阳科技,18.58,-3.03,0.73,-204.36,19.314911187009,0.1339384,54.68869684,240,3586,72.0,2026-06-25,-3.8,39.4,False
1431,002982,湘佳股份,10.85,-0.73,1.19,35.2,10.954297735842,0.1831376,54.25001704,-987,3694,68.4,2026-06-25,-0.95,37.1,False
1432,002983,芯瑞达,25.71,2.06,1.15,47.08,25.239643782677,0.2360968,61.02808981,-875,1907,75.2,2026-06-25,1.86,45.9,False
1433,002984,森麒麟,13.49,-3.09,0.52,16.66,13.959751190809,0.2575152,64.32310576,1635,1195,70.0,2026-06-25,-3.37,45.0,False
1434,002985,北摩高科,27.25,-2.54,0.39,33.63,28.317481856823,0.2300744,54.61125928,83,3603,71.6,2026-06-25,-3.77,39.1,False
1435,002986,宇新股份,12.39,-1.67,1.17,-19.73,12.819335847992,0.2792028,64.29210076,-506,1202,66.8,2026-06-25,-3.35,42.9,False
1436,002987,京北方,10.01,-3.29,0.33,103.53,10.400196668551,0.160816,61.2462647,11,1848,72.0,2026-06-25,-3.75,44.1,False
1437,002988,豪美新材,22.47,-2.22,0.5,35.28,23.14194873835,0.2192552,51.90880726,36,4230,61.6,2026-06-25,-2.9,32.0,False
1438,002989,中天精装,35.1,-5.44,1.43,-197.4,36.56945756925,0.3245764,60.57797699,1185,2019,78.0,2026-06-25,-4.02,47.3,False
1439,002990,盛视科技,75.5,3.99,7.8,1297.42,71.803852419721,0.593424,73.73317056,0,230,85.6,2026-06-25,5.15,63.1,False
1440,002991,甘源食品,39.88,-1.46,0.4,14.01,40.12492892455,0.1076128,59.07938584,92,2390,65.6,2026-06-25,-0.61,38.8,False
1441,002992,宝明科技,43.2,-2.0,0.32,-139.22,44.820521838983,0.3014176,62.07055761,1439,1635,70.8,2026-06-25,-3.62,43.9,False
1442,002993,奥海科技,65.53,-3.84,1.21,96.94,67.843142587931,0.3531328,66.90905041,-198,798,70.8,2026-06-25,-3.41,47.4,False
1443,002995,天地在线,17.52,-4.52,1.85,-2283.32,18.502156449125,0.1377464,52.39421375,-172,4125,78.4,2026-06-25,-5.31,41.1,False
1444,002996,顺博合金,5.91,-2.48,0.48,7.83,6.037087020791,0.1409488,63.16726621,1415,1420,66.0,2026-06-25,-2.11,41.7,False
1445,002997,瑞鹄模具,28.43,-2.4,0.35,13.94,29.382993484493,0.2447732,61.70441374,230,1729,70.8,2026-06-25,-3.24,43.7,False
1446,002998,优彩资源,6.74,-2.03,0.91,18.67,6.865566073622,0.1209528,60.10704214,1245,2153,60.0,2026-06-25,-1.83,36.1,False
1447,002999,天禾股份,5.42,-1.63,0.31,55.86,5.514233085991,0.1402764,55.71486507,63,3317,64.0,2026-06-25,-1.71,35.7,False
1448,003000,劲仔食品,9.92,-1.29,0.27,15.7,10.000199175,0.1111724,64.0816471,179,1234,67.2,2026-06-25,-0.8,43.1,False
1449,003001,中岩大地,13.15,-3.45,1.17,86.75,13.769569287642,0.1319516,47.96523377,-94,4874,64.0,2026-06-25,-4.5,30.7,False
1450,003002,壶化股份,18.06,-2.38,0.34,56.47,18.793328246652,0.1713876,53.06685591,-284,3969,62.8,2026-06-25,-3.9,33.3,False
1451,003003,天元股份,9.97,-2.54,0.87,27.91,10.313347834728,0.0998016,57.63387479,208,2778,63.2,2026-06-25,-3.33,36.4,False
1452,003004,声迅股份,67.8,0.71,1.26,-411.73,67.662387175201,0.305378431373,62.4572268,229,1558,78.4,2026-06-25,0.2,49.0,False
1453,003005,竞业达,12.83,-2.95,0.9,-19.25,13.287722545378,0.099084,48.74565148,-47,4768,69.2,2026-06-25,-3.44,33.7,False
1454,003006,百亚股份,13.58,-1.52,0.28,10.15,13.733353866736,0.107538,57.1270635,-1166,2927,60.8,2026-06-25,-1.12,34.7,False
1455,003007,直真科技,36.25,-3.15,0.87,-45.94,37.808246330667,0.2125372,54.48831499,-160,3630,70.0,2026-06-25,-4.12,38.1,False
1456,003008,开普检测,17.35,-0.52,0.58,64.68,17.519045878215,0.1654112,62.45893781,-25,1555,63.6,2026-06-25,-0.96,39.7,False
1457,003009,中天火箭,52.0,-3.38,0.92,452.06,54.583238841773,0.2317972,51.09696469,-771,4394,82.4,2026-06-25,-4.73,42.1,False
1458,003010,若羽臣,22.23,-1.2,0.49,23.9,22.35698092607,0.1619828,61.07552134,192,1894,67.2,2026-06-25,-0.57,41.0,False
1459,003011,海象新材,18.88,-4.07,1.12,42.78,19.971328305592,0.2057448,61.07473027,-124,1896,67.2,2026-06-25,-5.46,41.0,False
1460,003012,东鹏控股,4.45,-1.55,0.21,-25.75,4.532135935846,0.1777968,57.59961017,275,2786,66.4,2026-06-25,-1.81,38.2,False
1461,003013,地铁设计,15.62,4.13,1.83,25.59,15.940737575749,0.2624884,68.22764638,-561,649,75.2,2026-06-25,-2.01,51.3,False
1462,003015,日久光电,12.29,-0.16,0.89,83.34,12.378775381639,0.1714208,66.86707254,123,810,68.8,2026-06-25,-0.72,46.0,False
1463,003016,欣贺股份,6.18,-2.37,0.31,36.0,6.341668579163,0.0432564,52.98114907,-913,3991,62.0,2026-06-25,-2.55,32.8,False
1464,003017,大洋生物,21.5,-0.42,0.76,17.55,26.354975654009,0.165322,63.90613215,262,1271,63.6,2026-06-25,-18.42,40.6,False
1465,003018,金富科技,71.88,-7.4,2.43,226.76,78.343438489498,0.4206572,69.42610466,-429,542,82.4,2026-06-25,-8.25,57.2,False
1466,003019,宸展光电,30.46,-1.84,0.82,48.64,31.58372050592,0.3314632,69.44153037,318,541,63.2,2026-06-25,-3.56,43.9,False
1467,003020,立方制药,15.03,-2.34,0.36,24.3,15.277888801223,0.1507516,59.55498558,30,2278,65.6,2026-06-25,-1.62,39.1,False
1468,003021,兆威机电,83.53,-4.71,0.74,136.44,89.239984483783,0.2743076,55.05946154,-210,3487,79.6,2026-06-25,-6.4,43.8,False
1469,003022,联泓新科,27.69,1.24,0.58,63.88,27.029815128109,0.2688536,61.40203845,269,1795,78.8,2026-06-25,2.44,48.4,False
1470,003023,彩虹集团,19.98,-2.96,0.64,27.56,20.688312436066,0.1692788,52.52657313,-954,4091,62.4,2026-06-25,-3.42,32.8,False
1471,003025,思进智能,14.24,-1.25,1.22,25.96,14.714715973622,0.1458728,58.84538787,-301,2454,71.2,2026-06-25,-3.23,41.9,False
1472,003026,中晶科技,38.18,-2.5,3.74,129.41,38.443389799115,0.254438,62.85346352,-935,1483,90.0,2026-06-25,-0.69,56.6,False
1473,003027,同兴科技,17.09,-3.17,1.26,53.84,17.847073123256,0.24254,60.50766533,865,2037,60.4,2026-06-25,-4.24,36.5,False
1474,003028,振邦智能,22.11,-1.78,0.51,140.38,22.684781933277,0.1635944,52.25844293,-1248,4157,63.2,2026-06-25,-2.53,33.0,False
1475,003029,吉大正元,16.04,-3.26,0.51,-57.82,16.623287369935,0.158632,49.4835027,-379,4658,68.0,2026-06-25,-3.51,33.6,False
1476,003030,祖名股份,21.97,-2.74,0.84,-204.89,22.534361224568,0.1594908,58.68506451,59,2504,66.4,2026-06-25,-2.5,39.0,False
1477,003031,中瓷电子,186.46,-4.66,1.06,108.77,192.833467139412,0.417402,77.89643642,5,73,89.6,2026-06-25,-3.31,69.8,False
1478,003032,传智教育,5.14,-0.58,1.36,354.71,5.259590617752,0.272017647059,47.53371017,166,4927,71.2,2026-06-25,-2.27,33.8,False
1479,003033,征和工业,53.55,2.74,0.92,33.26,52.052736720019,0.2502732,63.10241775,177,1432,66.0,2026-06-25,2.88,41.6,False
1480,003035,南网能源,6.03,1.01,0.27,66.72,5.981754014305,0.2221432,54.84741128,152,3543,69.6,2026-06-25,0.81,38.2,False
1481,003036,泰坦股份,95.88,2.66,1.74,252.77,89.218817788054,0.370588,71.65886105,695,365,79.2,2026-06-25,7.47,56.8,False
1482,003037,三和管桩,5.58,-0.71,0.18,38.13,5.651580487805,0.1454116,52.44332675,-737,4115,65.6,2026-06-25,-1.27,34.4,False
1483,003038,鑫铂股份,11.45,-2.14,0.57,-87.86,11.71556910292,0.1528784,54.87255941,322,3536,63.6,2026-06-25,-2.27,34.9,False
1484,003039,顺控发展,11.25,-1.23,0.15,26.65,11.452824755265,0.11658,59.17117542,87,2365,67.2,2026-06-25,-1.77,39.8,False
1485,003040,楚天龙,10.88,-3.03,0.52,-102.15,11.245026517924,0.1369092,47.32682544,101,4939,70.8,2026-06-25,-3.25,33.5,False
1486,003041,真爱美家,44.3,-1.12,0.73,340.15,44.751863417202,0.274052222222,59.22417437,-82,2353,60.4,2026-06-25,-1.01,35.8,False
1487,003042,中农联合,12.3,-2.15,0.63,219.3,12.625347995796,0.0913788,50.78486841,522,4460,64.4,2026-06-25,-2.58,32.7,False
1488,003043,华亚智能,84.84,-2.48,1.81,366.93,86.614632330313,0.368736,68.38945071,32,629,85.6,2026-06-25,-2.05,58.5,False
1489,003816,中国广核,3.99,0.76,0.05,18.38,3.972083894311,0.3550232,67.08656425,935,782,77.2,2026-06-25,0.45,51.8,False
1490,300001,特锐德,37.75,-4.55,0.83,138.49,39.811825743775,0.3454576,66.38384774,634,887,83.6,2026-06-25,-5.18,55.5,False
1491,300002,神州泰岳,6.95,-5.05,1.25,19.98,7.36924542234,0.278718,63.2960236,1617,1389,72.0,2026-06-25,-5.69,45.6,False
1492,300003,乐普医疗,11.75,-0.84,0.52,21.94,11.980475740274,0.3003644,59.46902325,-1622,2301,78.4,2026-06-25,-1.92,46.6,False
1493,300004,南风股份,10.22,-3.31,1.02,-235.17,10.577787098478,0.2349348,47.11081814,-190,4965,65.6,2026-06-25,-3.38,30.9,False
1494,300005,探路者,23.55,3.43,3.11,92.17,22.579680119228,0.431262,56.84531774,346,3002,84.4,2026-06-25,4.3,48.0,False
1495,300006,莱美药业,4.52,-1.09,0.35,-79.48,4.517131437263,0.2612536,53.2823901,-332,3924,62.8,2026-06-25,0.06,33.5,False
1496,300007,汉威科技,35.21,-2.47,0.9,116.5,36.39287441173,0.2566504,48.58613769,-166,4802,75.6,2026-06-25,-3.25,36.7,False
1497,300008,天海防务,6.24,-2.95,0.65,31.75,6.461580636619,0.2565568,57.45324365,-59,2828,70.8,2026-06-25,-3.43,40.7,False
1498,300009,安科生物,7.64,-1.55,0.22,19.04,7.689553173629,0.2120712,60.10310417,-933,2155,73.2,2026-06-25,-0.64,44.0,False
1499,300010,ST豆神,2.0,-2.44,1.37,-18.21,2.113826793073,0.248534901961,43.36690394,-100,5160,68.8,2026-06-25,-5.38,29.8,False
1500,300011,鼎汉技术,6.19,-2.98,0.56,-62.17,6.302668197013,0.2201044,61.09918199,-588,1887,72.8,2026-06-25,-1.79,44.5,False
1501,300012,华测检测,14.0,-1.06,0.54,33.03,14.372787395743,0.2953928,68.98839575,-300,580,78.0,2026-06-25,-2.59,53.8,False
1502,300013,新宁物流,3.74,-2.35,0.98,87.84,3.823084634777,0.2129992,51.70106214,-5,4275,66.0,2026-06-25,-2.17,34.1,False
1503,300014,亿纬锂能,65.56,-1.87,0.87,24.63,66.52492523809,0.417612,64.83808091,13,1109,92.8,2026-06-25,-1.45,60.2,False
1504,300015,爱尔眼科,8.18,-1.21,0.22,16.15,8.2517080354,0.3070896,68.65920502,-253,610,77.2,2026-06-25,-0.87,53.0,False
1505,300016,北陆药业,7.56,-2.45,1.36,24.44,7.793261127015,0.2360168,59.18994134,-1696,2359,71.6,2026-06-25,-2.99,42.4,False
1506,300017,网宿科技,13.0,-5.66,1.73,67.17,13.78623909881,0.2998896,56.96001029,-1064,2971,73.6,2026-06-25,-5.7,41.9,False
1507,300018,中元股份,12.99,-1.14,0.8,54.22,13.167674975928,0.2930428,58.90335262,250,2441,69.2,2026-06-25,-1.35,40.8,False
1508,300019,硅宝科技,17.6,-0.06,0.51,37.6,17.741404155602,0.201288,61.84955612,-308,1699,75.2,2026-06-25,-0.8,46.5,False
1509,300020,ST银江,2.9,-3.33,0.58,-8.1,3.070239948488,0.3051228,41.7132891,-257,5188,69.2,2026-06-25,-5.54,28.9,False
1510,300021,大禹节水,4.0,3.36,1.08,104.57,3.876557127038,0.2493332,69.85563368,631,503,68.8,2026-06-25,3.18,48.1,False
1511,300022,吉峰科技,7.47,2.19,0.72,218.59,7.328617589181,0.3983288,61.78776977,226,1709,64.8,2026-06-25,1.93,40.0,False
1512,300024,机器人,15.97,0.69,1.45,-67.57,15.933914084748,0.2868092,52.22927609,226,4162,84.4,2026-06-25,0.23,44.1,False
1513,300025,华星创业,4.2,-3.45,1.0,-113.98,4.388844929176,0.206054,56.65172113,-76,3057,65.6,2026-06-25,-4.3,37.2,False
1514,300026,红日药业,2.95,-1.67,0.27,33.71,2.966359667708,0.3063676,59.50625168,1388,2290,74.0,2026-06-25,-0.55,44.0,False
1515,300027,ST华谊,1.49,-1.32,0.92,-35.97,1.557828560557,0.380856078431,48.15507787,-79,4855,69.6,2026-06-25,-4.35,33.5,False
1516,300029,天龙退,0.14,-6.67,0.5,-1.08,0.149929654983,0.663900487805,61.05495218,1306,1900,62.8,2026-06-25,-6.62,38.3,False
1517,300030,阳普医疗,5.91,-2.48,0.9,21.07,6.058008665287,0.0860876,58.34891474,94,2595,66.4,2026-06-25,-2.44,38.7,False
1518,300031,宝通科技,30.3,-1.56,1.81,28.67,30.786427540871,0.3674692,61.99411962,523,1662,85.2,2026-06-25,-1.58,52.8,False
1519,300032,金龙机电,3.8,-1.55,0.79,-37.89,3.86080301963,0.2080832,53.24552717,1044,3931,65.2,2026-06-25,-1.57,34.7,False
1520,300033,同花顺,253.95,-1.95,1.6,186.7,254.008120703072,0.5570516,81.3782305,276,19,86.8,2026-06-25,-0.02,70.6,False
1521,300034,钢研高纳,17.2,-1.15,0.59,50.85,17.550825206674,0.2727192,55.50790675,79,3374,73.6,2026-06-25,-2.0,40.9,False
1522,300035,中科电气,14.75,-2.51,0.91,39.1,15.245252356076,0.2762068,52.8575269,-238,4020,69.6,2026-06-25,-3.25,36.8,False
1523,300036,超图软件,11.32,-3.08,0.91,-33.2,11.763382329314,0.2123808,55.72739532,-121,3313,71.6,2026-06-25,-3.77,39.9,False
1524,300037,新宙邦,88.69,-1.77,1.08,34.79,90.741097774118,0.4207616,69.11904361,110,573,91.6,2026-06-25,-2.26,63.3,False
1525,300039,上海凯宝,4.14,-1.43,0.37,16.69,4.193578768138,0.2306428,54.48728977,-1174,3631,69.2,2026-06-25,-1.28,37.7,False
1526,300040,九洲集团,5.77,3.22,2.76,36.14,5.657755339957,0.2688456,46.60471018,-6,5010,71.6,2026-06-25,1.98,33.4,False
1527,300041,回天新材,14.77,-1.8,2.75,24.64,14.79469848607,0.3385544,76.16265443,439,120,82.8,2026-06-25,-0.17,63.1,False
1528,300042,朗科科技,70.6,-5.73,4.72,43.19,74.109477869074,0.4139892,79.04104219,282,43,86.0,2026-06-25,-4.74,68.0,False
1529,300043,星辉娱乐,4.01,-3.84,0.88,24.06,4.239778009726,0.2775568,61.14677724,1751,1880,68.8,2026-06-25,-5.42,42.1,False
1530,300044,*ST赛为,4.59,1.32,1.83,-81.74,4.477631272509,0.279364901961,41.74487117,-54,5187,71.2,2026-06-25,2.51,29.7,False
1531,300045,华力创通,16.1,-4.22,1.26,-223.08,16.914887705395,0.2331844,48.19737003,-374,4848,71.6,2026-06-25,-4.82,34.5,False
1532,300046,台基股份,33.9,-2.16,2.79,146.88,34.057113643871,0.3134956,71.81731097,1819,356,85.2,2026-06-25,-0.46,61.2,False
1533,300047,天源迪科,9.0,-4.05,0.86,92.56,9.466776794105,0.1968156,53.18421474,-222,3946,70.4,2026-06-25,-4.93,37.4,False
1534,300048,合康新能,4.82,0.21,0.32,-117.89,4.837043058879,0.2720912,51.02498989,113,4408,63.6,2026-06-25,-0.35,32.5,False
1535,300049,福瑞医科,38.05,-2.76,0.68,78.98,39.247159551384,0.2227432,57.99750783,-454,2683,66.8,2026-06-25,-3.05,38.7,False
1536,300050,世纪鼎利,6.02,-3.22,0.84,256.41,6.215553572868,0.3251192,59.33892442,1282,2330,65.2,2026-06-25,-3.15,38.7,False
1537,300051,琏升科技,8.88,-1.44,1.27,-39.73,9.105633345667,0.190976,49.61630976,59,4634,64.0,2026-06-25,-2.48,31.8,False
1538,300052,中青宝,13.55,-1.81,3.7,-61.81,13.572379993797,0.320658431373,64.7954902,2831,1114,83.2,2026-06-25,-0.16,53.9,False
1539,300053,航宇微,14.62,-4.51,1.3,-136.13,15.431487549252,0.2382,44.65920305,-35,5116,74.8,2026-06-25,-5.26,33.4,False
1540,300054,鼎龙股份,95.7,0.26,2.42,90.84,94.961286273867,0.4268968,72.60741522,-103,300,93.6,2026-06-25,0.78,68.0,False
1541,300055,万邦达,6.57,-1.65,0.75,38.2,6.77583418879,0.186064,45.1935884,-24,5094,63.6,2026-06-25,-3.04,28.7,False
1542,300056,中创环保,8.13,-0.85,2.77,-58.64,8.292248093348,0.3933652,60.60745867,3017,2015,67.2,2026-06-25,-1.96,40.7,False
1543,300057,万顺新材,10.45,3.67,7.09,119.51,10.150091840909,0.355272,65.97909594,-223,947,78.4,2026-06-25,2.95,51.7,False
1544,300058,蓝色光标,13.51,-4.12,2.03,96.16,14.192259417599,0.3312312,59.7515553,-458,2232,70.8,2026-06-25,-4.81,42.3,False
1545,300059,东方财富,20.82,-1.37,1.26,22.03,20.925301673129,0.5541104,78.28364171,835,61,94.0,2026-06-25,-0.5,73.6,False
1546,300061,旗天科技,6.98,-2.79,1.0,111.46,7.249329547781,0.2358308,51.80989114,71,4247,66.8,2026-06-25,-3.72,34.6,False
1547,300062,中能电气,5.62,-2.09,0.97,315.69,5.741499529938,0.183086,46.6940984,-11,5001,67.6,2026-06-25,-2.12,31.6,False
1548,300063,天龙集团,8.56,-3.6,1.43,93.87,8.929506893944,0.1858744,52.87796372,-736,4016,68.8,2026-06-25,-4.14,36.4,False
1549,300065,海兰信,20.9,-1.6,2.16,2244.12,21.151803505393,0.3542252,68.18501784,172,651,78.0,2026-06-25,-1.19,53.2,False
1550,300066,三川智慧,5.86,-5.64,1.98,101.64,6.218147832891,0.2746788,57.73156201,618,2761,80.4,2026-06-25,-5.76,46.4,False
1551,300067,安诺其,5.62,-2.77,1.91,161.09,5.86099868817,0.289360338983,63.39187421,323,1373,70.8,2026-06-25,-4.11,44.9,False
1552,300068,ST南都,4.26,1.91,2.03,-3.14,4.303401478512,0.236700588235,40.85195426,-14,5195,70.0,2026-06-25,-1.01,28.6,False
1553,300069,金利华电,31.82,0.32,1.64,306.2,31.872838246252,0.186382333333,47.22233116,-58,4953,64.8,2026-06-25,-0.17,30.6,False
1554,300070,碧水源,3.26,0.31,0.23,48.83,3.263534606078,0.2901096,52.06015731,291,4196,73.2,2026-06-25,-0.11,38.1,False
1555,300071,福石控股,3.46,-2.81,1.06,-1260.38,3.578204524702,0.1415628,50.56342669,-125,4494,68.8,2026-06-25,-3.3,34.8,False
1556,300072,海新能科,3.54,0.0,0.86,-43.53,3.465062110443,0.3287664,57.04160752,1965,2944,66.8,2026-06-25,2.16,38.1,False
1557,300073,当升科技,48.38,-2.97,0.68,23.78,49.878999039733,0.2500384,58.99531889,-421,2416,73.6,2026-06-25,-3.01,43.4,False
1558,300074,华平股份,3.42,-2.29,0.91,-147.72,3.526914745646,0.2152592,50.81545965,-1022,4452,65.6,2026-06-25,-3.03,33.3,False
1559,300075,数字政通,10.19,-3.69,0.64,148.57,10.646639515585,0.1974468,47.72224826,-68,4911,71.2,2026-06-25,-4.29,34.0,False
1560,300076,*ST宁视,4.22,0.24,0.25,-50.37,4.242710371014,0.352723137255,46.57436947,36,5014,62.8,2026-06-25,-0.54,29.2,False
1561,300077,国民技术,28.35,-2.34,6.34,-305.25,27.61799931376,0.4181104,73.63660525,1395,237,88.0,2026-06-25,2.65,64.8,False
1562,300078,思创智联,3.0,-1.64,0.5,-92.25,3.055489818848,0.2264024,48.767571,26,4764,68.4,2026-06-25,-1.82,33.4,False
1563,300079,数码视讯,4.16,-2.8,0.52,144.13,4.285992006869,0.2561052,53.55295718,73,3854,70.0,2026-06-25,-2.94,37.5,False
1564,300080,易成新能,3.8,5.26,0.96,-14.68,3.644889005435,0.209566,45.184118,21,5096,65.6,2026-06-25,4.26,29.6,False
1565,300081,ST恒信,3.88,-5.6,1.0,-13.74,4.197672433421,0.4692236,56.64073831,1161,3061,67.6,2026-06-25,-7.57,38.3,False
1566,300082,奥克股份,9.12,-3.08,0.58,750.47,9.486823880533,0.2729564,61.45812225,233,1779,65.2,2026-06-25,-3.87,40.1,False
1567,300083,创世纪,12.32,-6.38,3.95,71.07,12.969116263546,0.4342068,72.03829294,7,340,89.2,2026-06-25,-5.01,64.3,False
1568,300084,海默科技,11.43,2.7,1.3,-96.06,11.270071182443,0.417116,52.89559453,319,4012,65.6,2026-06-25,1.42,34.7,False
1569,300085,银之杰,39.29,1.73,5.06,-321.44,39.309136600984,0.4277564,64.85085677,1577,1105,90.4,2026-06-25,-0.05,58.6,False
1570,300086,康芝药业,5.8,-2.68,1.94,-56.17,5.983860919152,0.230896,53.89838758,-161,3782,71.6,2026-06-25,-3.07,38.6,False
1571,300087,荃银高科,6.69,-2.05,0.31,139.17,6.81142426224,0.303904,57.56948285,259,2795,72.0,2026-06-25,-1.78,41.5,False
1572,300088,长信科技,11.31,9.91,8.7,147.38,10.406226795051,0.4028016,69.5909456,1189,527,88.8,2026-06-25,8.68,61.8,False
1573,300091,*ST金灵,2.59,0.39,0.14,-2.13,2.603304225118,0.3112304,49.95122308,-270,4578,66.4,2026-06-25,-0.51,33.2,False
1574,300092,科新机电,12.05,0.92,0.73,32.29,11.962316270513,0.185882,59.63768781,101,2258,64.0,2026-06-25,0.73,38.2,False
1575,300093,金刚光伏,26.29,6.48,4.53,-55.74,24.89708743907,0.485017254902,58.07184691,-1306,2668,80.0,2026-06-25,5.59,46.5,False
1576,300094,国联水产,2.48,-1.59,0.56,161.77,2.517930264165,0.2156868,51.93573525,166,4224,68.4,2026-06-25,-1.51,35.5,False
1577,300095,华伍股份,8.43,-1.4,0.81,49.17,8.642942932212,0.2031352,56.07465303,-909,3213,69.2,2026-06-25,-2.46,38.8,False
1578,300096,ST易联众,9.5,-1.86,0.38,-36.69,9.786778077406,0.4342732,59.65063997,-248,2255,67.6,2026-06-25,-2.93,40.3,False
1579,300097,智云股份,9.0,-0.66,0.8,-38.66,9.125489440271,0.2272656,54.26493411,484,3689,64.4,2026-06-25,-1.38,34.9,False
1580,300098,高新兴,4.6,-1.71,0.65,86.3,4.720888828429,0.208184,47.34262741,-176,4938,72.8,2026-06-25,-2.56,34.5,False
1581,300099,尤洛卡,6.28,-2.64,0.94,81.72,6.441794795892,0.382796,55.29799384,1168,3425,68.0,2026-06-25,-2.51,37.6,False
1582,300100,双林股份,27.55,-3.27,0.49,46.63,28.824683224956,0.2584552,58.95162993,-162,2429,79.2,2026-06-25,-4.42,46.7,False
1583,300101,振芯科技,14.96,-3.42,0.67,-520.76,15.559221702642,0.218246,49.76914325,-59,4604,71.2,2026-06-25,-3.85,35.4,False
1584,300102,乾照光电,21.57,-2.66,0.89,167.44,22.310947539513,0.2265708,49.79109555,-264,4600,70.0,2026-06-25,-3.32,34.9,False
1585,300103,达刚控股,7.88,-2.23,0.81,-348.64,8.198120449711,0.216534,58.74623147,-614,2479,71.2,2026-06-25,-3.88,41.8,False
1586,300105,龙源技术,7.53,-1.7,2.25,79.87,7.477034648995,0.2866332,64.16868941,2076,1218,73.2,2026-06-25,0.71,47.0,False
1587,300106,西部牧业,9.88,-2.56,0.81,105.29,10.182936152977,0.1139384,47.30167805,45,4946,66.8,2026-06-25,-2.97,31.6,False
1588,300107,建新股份,5.68,-2.24,0.79,121.55,5.855810823344,0.1963596,52.10360545,-669,4187,65.6,2026-06-25,-3.0,34.2,False
1589,300109,新开源,15.38,-3.63,0.67,34.25,15.841856046391,0.3489752,56.94781101,-798,2974,73.6,2026-06-25,-2.92,41.9,False
1590,300110,华仁药业,2.51,-1.95,0.42,46.49,2.54300557774,0.245056,49.07786175,23,4717,68.8,2026-06-25,-1.3,33.8,False
1591,300111,向日葵,2.89,-2.36,0.76,-178.33,2.942053923828,0.1880104,51.66939606,572,4281,66.4,2026-06-25,-1.77,34.3,False
1592,300112,万讯自控,6.17,-2.53,0.66,-77.51,6.329282555871,0.1224048,54.29436468,816,3676,68.0,2026-06-25,-2.52,36.9,False
1593,300113,顺网科技,18.06,-4.95,1.79,37.82,19.217092364403,0.273058,56.38689999,-339,3141,69.6,2026-06-25,-6.02,39.2,False
1594,300115,长盈精密,27.17,-4.03,0.99,73.84,28.803059925892,0.2904764,52.22346542,-459,4163,78.0,2026-06-25,-5.67,40.7,False
1595,300118,东方日升,11.85,-0.75,1.99,-9.35,11.999691126083,0.236658,41.76051457,-1,5185,70.4,2026-06-25,-1.25,29.4,False
1596,300119,瑞普生物,14.59,-1.55,0.24,15.73,14.75543278708,0.1513644,61.16326934,392,1876,67.6,2026-06-25,-1.12,41.3,False
1597,300120,经纬辉开,11.24,2.0,8.19,518.46,10.488705381418,0.3894564,63.22078498,-124,1407,84.4,2026-06-25,7.16,53.4,False
1598,300121,阳谷华泰,12.24,1.58,1.49,22.69,12.206496889793,0.2222444,66.28451644,79,906,76.8,2026-06-25,0.27,50.9,False
1599,300122,智飞生物,11.83,-1.42,0.4,-18.23,11.857626634172,0.2147016,49.67236601,257,4621,74.8,2026-06-25,-0.23,37.2,False
1600,300123,ST亚光,3.41,-2.29,1.79,-29.49,3.622601837368,0.249924313725,39.08425604,-13,5202,68.4,2026-06-25,-5.87,26.7,False
1601,300124,汇川技术,64.84,-2.99,0.39,43.31,68.260707569359,0.463404,70.85901268,445,426,88.8,2026-06-25,-5.01,62.9,False
1602,300125,*ST聆达,9.41,1.62,0.34,-193.3,9.264327880603,0.1901396,51.75543536,-134,4259,63.6,2026-06-25,1.57,32.9,False
1603,300126,锐奇股份,5.78,-2.2,0.66,-23.84,5.956107369176,0.0679608,53.65253435,360,3839,63.2,2026-06-25,-2.96,33.9,False
1604,300127,银河磁体,28.43,-3.5,0.97,42.7,29.109373923145,0.216668,71.74497724,840,360,76.0,2026-06-25,-2.33,54.5,False
1605,300128,锦富技术,5.78,-3.18,1.15,-34.32,6.040992382381,0.3481392,53.53323254,-896,3859,72.0,2026-06-25,-4.32,38.5,False
1606,300129,泰胜风能,8.66,-0.8,0.97,176.35,8.788640799068,0.2866568,56.35449157,-1399,3144,66.8,2026-06-25,-1.46,37.6,False
1607,300130,新国都,21.27,-5.42,1.3,28.28,22.320705890995,0.2966992,63.87972586,372,1276,77.6,2026-06-25,-4.71,49.6,False
1608,300131,英唐智控,20.9,-0.85,2.51,1455.68,21.135798862888,0.4343768,71.35696317,-237,388,88.8,2026-06-25,-1.12,63.4,False
1609,300132,青松股份,5.66,-1.57,0.64,33.34,5.778782680261,0.182202,54.27885758,106,3680,63.6,2026-06-25,-2.06,34.5,False
1610,300133,华策影视,7.0,-4.24,1.85,40.67,7.382733839866,0.3298808,60.27410872,-1253,2097,75.6,2026-06-25,-5.18,45.6,False
1611,300134,大富科技,8.84,-3.6,0.54,-31.97,9.222557451911,0.1744548,53.78599322,911,3813,71.2,2026-06-25,-4.15,38.3,False
1612,300135,宝利国际,3.11,-0.96,0.53,81.33,3.140632099029,0.2588072,53.04839883,147,3977,65.2,2026-06-25,-0.98,34.6,False
1613,300136,信维通信,115.82,-0.78,3.44,267.1,109.59012675945,0.5545072,74.7986148,60,192,88.0,2026-06-25,5.68,65.8,False
1614,300137,先河环保,17.4,-0.8,0.63,1794.94,18.085629179062,0.4580412,56.19787477,-1772,3178,68.0,2026-06-25,-3.79,38.2,False
1615,300138,晨光生物,9.08,-1.52,0.18,11.34,9.191585790152,0.1762272,58.3310656,-852,2602,64.0,2026-06-25,-1.21,37.3,False
1616,300139,晓程科技,37.02,-3.29,2.12,56.47,38.356480348295,0.232488,52.76567039,-94,4038,69.6,2026-06-25,-3.48,36.7,False
1617,300140,节能环境,5.02,-0.59,0.39,12.12,5.069838621276,0.2112428,54.72403935,226,3574,65.2,2026-06-25,-0.98,35.7,False
1618,300141,和顺电气,9.49,-2.77,0.43,-91.58,9.759858493406,0.1380572,52.7984228,663,4027,66.4,2026-06-25,-2.76,35.1,False
1619,300142,沃森生物,12.13,-0.98,0.95,43.82,12.173131223233,0.3170276,56.10413731,-1590,3203,81.2,2026-06-25,-0.35,45.6,False
1620,300143,盈康生命,6.81,-0.73,0.3,64.31,6.917861777705,0.2597352,56.78881158,-1890,3021,64.0,2026-06-25,-1.56,36.3,False
1621,300144,宋城演艺,5.78,-1.87,0.3,17.94,5.88017373786,0.291996,58.38310236,512,2584,72.4,2026-06-25,-1.7,42.3,False
1622,300145,南方泵业,5.48,-2.14,2.5,32.53,5.797632674304,0.3675368,70.21345692,133,475,80.8,2026-06-25,-5.48,56.7,False
1623,300146,汤臣倍健,9.49,-2.47,0.58,9.99,9.708512170151,0.2200612,59.88947659,386,2196,81.2,2026-06-25,-2.25,48.6,False
1624,300147,*ST香雪,9.87,0.0,0.46,-14.64,9.739389534708,0.351850784314,56.81010378,1368,3012,71.2,2026-06-25,1.34,40.4,False
1625,300148,天舟文化,3.07,-2.85,0.61,64.28,3.16230860435,0.2106632,50.09559235,146,4561,67.6,2026-06-25,-2.92,33.9,False
1626,300149,睿智医药,9.05,-0.66,3.17,-62.05,8.90194821577,0.2862296,61.26809489,-70,1841,84.0,2026-06-25,1.66,51.5,False
1627,300150,世纪瑞尔,3.96,-2.46,0.78,-47.34,4.140863756252,0.2204,63.17690707,-517,1419,64.4,2026-06-25,-4.37,40.7,False
1628,300151,昌红科技,25.64,0.16,1.98,201.33,25.681844419804,0.3938216,63.74961358,212,1302,74.8,2026-06-25,-0.16,47.7,False
1629,300152,*ST动力,1.55,1.31,1.18,-81.5,1.567482771604,0.246750588235,43.57365493,-70,5153,68.4,2026-06-25,-1.12,29.8,False
1630,300153,科泰电源,23.0,-3.16,0.66,90.45,23.808283289553,0.2122768,57.91931693,-80,2701,70.4,2026-06-25,-3.39,40.8,False
1631,300154,瑞凌股份,7.86,-2.0,0.65,31.69,8.048627061311,0.1249332,54.17084175,-887,3712,62.8,2026-06-25,-2.34,34.0,False
1632,300155,安居宝,3.89,-2.51,0.71,-64.06,4.011501062031,0.1395304,53.05451922,249,3974,64.8,2026-06-25,-3.03,34.4,False
1633,300157,新锦动力,3.7,-2.89,0.98,-17.01,3.807525856923,0.1880196,45.21478324,-43,5092,66.0,2026-06-25,-2.82,29.8,False
1634,300158,振东制药,4.61,-0.86,0.34,-1093.43,4.667112552383,0.2747804,47.21614012,-688,4955,69.6,2026-06-25,-1.22,32.9,False
1635,300159,新研股份,3.71,0.82,0.73,60.05,3.691451809598,0.332727058824,53.86857894,-594,3790,79.2,2026-06-25,0.5,42.7,False
1636,300160,秀强股份,4.21,-0.47,0.25,21.73,4.237114644733,0.2363976,58.7826321,1403,2471,68.8,2026-06-25,-0.64,40.4,False
1637,300161,华中数控,28.41,-3.69,0.79,-17.85,29.869739869774,0.2076892,50.18276535,-535,4549,76.4,2026-06-25,-4.89,38.3,False
1638,300162,雷曼光电,10.59,4.75,5.11,-80.06,10.284025339603,0.2540244,54.50092609,-542,3626,80.0,2026-06-25,2.98,43.6,False
1639,300163,先锋新材,5.74,-1.54,1.01,-64.02,5.996830648784,0.2877324,51.88673828,-1784,4235,64.4,2026-06-25,-4.28,33.4,False
1640,300164,通源石油,8.13,-2.75,1.99,-92.71,8.360597341809,0.2006868,46.64447165,-80,5007,66.8,2026-06-25,-2.76,31.2,False
1641,300165,天瑞仪器,5.52,-2.3,0.95,54.4,5.720626891458,0.1988532,48.28955692,-194,4838,66.4,2026-06-25,-3.51,32.1,False
1642,300166,东方国信,17.35,-2.86,2.46,-182.77,18.108368140439,0.2790692,56.43564445,-515,3128,87.6,2026-06-25,-4.19,49.4,False
1643,300167,ST迪威迅,4.64,-1.49,0.64,-21.92,4.890575914202,0.3339944,50.95923035,-664,4423,68.8,2026-06-25,-5.12,35.1,False
1644,300168,万达信息,4.51,-2.17,0.35,-40.96,4.630110598747,0.173078,52.13672931,-691,4181,71.2,2026-06-25,-2.59,37.1,False
1645,300169,天晟新材,4.7,-2.69,0.75,-623.77,4.84817105975,0.158506,49.02394392,-1114,4731,66.8,2026-06-25,-3.06,32.7,False
1646,300170,汉得信息,15.48,-5.21,1.79,103.17,16.507180744452,0.2599852,55.71789366,-787,3315,71.2,2026-06-25,-6.22,39.7,False
1647,300171,东富龙,11.07,-1.6,0.25,77.03,11.085883775138,0.2025352,56.62705641,-1082,3063,69.2,2026-06-25,-0.14,39.2,False
1648,300172,中电环保,4.13,-1.67,0.84,25.98,4.216370098695,0.2472692,51.97379178,210,4216,66.8,2026-06-25,-2.05,34.7,False
1649,300173,ST福能,3.11,-3.72,0.66,-22.36,3.281346780933,0.203816,43.5655587,-36,5154,66.8,2026-06-25,-5.22,29.1,False
1650,300174,元力股份,32.2,-3.25,3.25,70.41,34.113295505506,0.3727984,73.47376188,114,250,83.2,2026-06-25,-5.61,61.1,False
1651,300175,朗源股份,4.5,-2.6,0.8,-94.32,4.641065969109,0.197072352941,44.41182246,-15,5122,67.6,2026-06-25,-3.04,30.0,False
1652,300176,鸿特科技,4.87,-1.62,0.63,63.58,4.964046184678,0.2047156,57.87746342,184,2716,66.4,2026-06-25,-1.89,38.4,False
1653,300177,中海达,6.18,-1.75,0.44,-39.42,6.305453354646,0.1422008,48.06699528,-44,4863,70.8,2026-06-25,-1.99,34.0,False
1654,300179,四方达,59.45,-4.11,4.62,168.16,58.611512198918,0.4382152,75.28395629,-31,165,92.0,2026-06-25,1.43,69.3,False
1655,300180,华峰超纤,4.02,-2.66,0.52,-916.38,4.170007867655,0.2726048,49.86259759,16,4589,70.8,2026-06-25,-3.6,35.3,False
1656,300181,佐力药业,13.13,-1.13,0.44,11.54,13.150004938494,0.2962648,63.21042377,-488,1410,75.2,2026-06-25,-0.15,47.5,False
1657,300182,捷成股份,4.74,-4.05,1.43,27.96,4.997991110912,0.3758528,51.6337578,-111,4290,78.8,2026-06-25,-5.16,40.7,False
1658,300183,东软载波,10.15,-3.15,1.01,-51.97,10.530518512218,0.1733552,51.10759362,-639,4391,68.4,2026-06-25,-3.61,35.0,False
1659,300184,力源信息,17.51,-3.63,3.76,36.63,17.872945306658,0.36176,76.1908345,218,117,90.4,2026-06-25,-2.03,68.9,False
1660,300185,通裕重工,2.81,2.93,1.61,68.67,2.748399635779,0.3429388,56.78256906,164,3024,70.8,2026-06-25,2.24,40.2,False
1661,300187,永清环保,5.39,-2.53,1.67,19.55,5.524650309984,0.2447556,66.87028813,2583,808,68.4,2026-06-25,-2.44,45.7,False
1662,300188,国投智能,9.47,-2.57,0.31,-13.39,9.701703970092,0.1784896,49.18220847,147,4702,71.2,2026-06-25,-2.39,35.0,False
1663,300189,神农种业,4.4,-1.79,1.15,-173.35,4.502038141668,0.2344632,48.05640453,78,4866,68.8,2026-06-25,-2.27,33.1,False
1664,300190,维尔利,3.96,-0.5,0.35,149.04,4.009714393592,0.3786856,56.4076792,-1377,3135,66.8,2026-06-25,-1.24,37.7,False
1665,300191,潜能恒信,28.13,-1.33,0.69,73.79,28.77598400471,0.2287844,59.78081581,1486,2221,64.8,2026-06-25,-2.24,38.7,False
1666,300192,科德教育,16.28,-3.15,0.69,54.7,16.843525648403,0.2364656,58.74067755,-1267,2483,70.0,2026-06-25,-3.35,41.1,False
1667,300193,佳士科技,7.96,-0.75,0.27,36.62,8.093580597985,0.2196176,60.75263695,-680,1980,68.4,2026-06-25,-1.65,41.6,False
1668,300194,福安药业,3.38,-2.31,0.36,18.31,3.45199081879,0.2063056,51.42450635,68,4325,67.2,2026-06-25,-2.09,34.6,False
1669,300195,长荣股份,6.76,-9.99,9.72,-21.58,7.332255262884,0.3460672,63.47664971,442,1354,75.2,2026-06-25,-7.8,47.7,False
1670,300196,长海股份,32.46,1.41,6.67,40.92,31.321166453381,0.3528388,76.24284682,440,115,84.4,2026-06-25,3.64,64.3,False
1671,300197,节能铁汉,1.99,-1.0,1.3,-12.16,2.005703333674,0.2893768,43.11009273,-11,5168,75.6,2026-06-25,-0.78,32.6,False
1672,300198,*ST纳川,2.24,1.82,0.25,-15.93,2.218659418784,0.248639607843,47.10399451,-590,4968,66.4,2026-06-25,0.96,31.3,False
1673,300199,翰宇药业,21.12,-3.96,1.35,36.49,21.665399597174,0.3622324,60.09641305,-383,2156,70.8,2026-06-25,-2.52,42.5,False
1674,300200,高盟新材,11.42,0.0,2.78,49.94,11.207892036588,0.3108372,74.63394495,393,196,80.4,2026-06-25,1.89,60.0,False
1675,300201,海伦哲,18.26,-1.19,0.78,107.13,18.632479320034,0.411298,67.88753554,-461,679,72.4,2026-06-25,-2.0,49.2,False
1676,300203,聚光科技,14.43,3.89,1.62,-22.27,14.130537900079,0.289058,52.44877814,114,4112,72.0,2026-06-25,2.12,37.8,False
1677,300204,舒泰神,20.39,-2.9,1.77,-288.84,20.965410140252,0.3280468,53.07111449,981,3967,72.8,2026-06-25,-2.74,38.6,False
1678,300205,*ST天喻,4.98,-1.78,0.23,-12.57,5.122624408013,0.2812512,44.19142701,-4,5130,65.6,2026-06-25,-2.78,29.0,False
1679,300206,理邦仪器,12.18,-2.87,0.61,16.8,12.480374935705,0.180248,65.98344265,-513,946,68.0,2026-06-25,-2.41,44.9,False
1680,300207,欣旺达,19.32,-2.42,0.55,78.26,19.834344304352,0.2647008,56.99388146,295,2961,70.4,2026-06-25,-2.59,40.1,False
1681,300209,行云科技,29.24,-1.55,2.06,-308.05,30.304935518695,0.5114588,61.39939844,-768,1796,80.0,2026-06-25,-3.51,49.1,False
1682,300210,森远股份,8.61,-2.6,0.88,-88.98,8.943404092121,0.2484908,44.9257514,-130,5106,66.8,2026-06-25,-3.73,30.0,False
1683,300211,*ST亿通,7.18,-1.91,0.25,-46.02,7.373094929825,0.2330188,51.84679745,-83,4238,64.4,2026-06-25,-2.62,33.4,False
1684,300212,*ST易录,8.93,4.44,1.34,-33.43,8.899722508974,0.292025882353,45.55747724,-256,5080,70.0,2026-06-25,0.34,31.9,False
1685,300213,佳讯飞鸿,6.13,-2.39,0.59,1165.39,6.282566516635,0.1524656,45.4803881,45,5084,67.2,2026-06-25,-2.43,30.6,False
1686,300214,日科化学,10.34,5.4,2.48,578.42,9.909193888397,0.1753588,59.25978016,-305,2348,74.0,2026-06-25,4.35,43.9,False
1687,300215,电科院,6.48,-1.67,0.46,597.04,6.650020515845,0.2226564,50.6610709,-99,4480,64.0,2026-06-25,-2.56,32.4,False
1688,300217,东方电热,4.21,-0.24,0.54,54.43,4.322001243325,0.3049104,54.57385979,-264,3611,69.6,2026-06-25,-2.59,38.0,False
1689,300218,安利股份,11.8,-1.42,0.43,114.24,11.918546586982,0.184094,61.88233817,1427,1692,64.0,2026-06-25,-0.99,39.6,False
1690,300219,鸿利智汇,9.81,2.72,3.72,172.06,9.444985423544,0.291396,75.84702825,792,135,78.8,2026-06-25,3.86,59.8,False
1691,300220,金运激光,10.48,-3.05,0.58,-148.69,10.939439364025,0.083692,51.39555035,-18,4331,66.8,2026-06-25,-4.2,34.3,False
1692,300221,银禧科技,15.72,-4.78,3.17,48.46,16.324653002847,0.3450344,57.5941555,-1060,2789,83.2,2026-06-25,-3.7,47.9,False
1693,300222,科大智能,13.45,-2.68,1.77,96.12,13.973318312913,0.23361,58.40498371,-709,2579,82.8,2026-06-25,-3.75,48.4,False
1694,300223,北京君正,230.88,-2.73,4.41,87.52,224.295233511638,0.5967484,81.54982158,38,18,94.4,2026-06-25,2.94,77.0,False
1695,300224,正海磁材,13.64,-2.43,1.3,67.45,13.620512648205,0.3257676,73.63945993,802,236,82.4,2026-06-25,0.14,60.7,False
1696,300225,金力泰,7.93,-0.63,0.82,65.53,8.067550419571,0.323655490196,49.59891262,-242,4639,68.8,2026-06-25,-1.7,34.1,False
1697,300226,上海钢联,15.57,-3.59,0.58,28.08,16.235835440111,0.2201324,55.66865364,141,3337,68.4,2026-06-25,-4.1,38.1,False
1698,300227,光韵达,12.87,-5.02,8.01,-66.88,13.589522721389,0.4292396,70.3560315,534,464,77.2,2026-06-25,-5.29,54.3,False
1699,300228,富瑞特装,7.42,1.09,1.0,19.45,7.455884042561,0.223326,58.66514044,-365,2511,68.4,2026-06-25,-0.48,40.1,False
1700,300229,拓尔思,13.83,-4.62,0.81,-39.02,14.683138435023,0.2523204,46.43813582,-229,5021,72.0,2026-06-25,-5.81,33.4,False
1701,300230,永利股份,4.35,-0.91,0.26,21.6,4.41575436826,0.2180188,60.229017,120,2112,64.8,2026-06-25,-1.49,39.0,False
1702,300231,银信科技,8.05,-3.36,0.72,69.91,8.4339792308,0.2381256,54.86912182,-1489,3538,68.4,2026-06-25,-4.55,37.5,False
1703,300232,洲明科技,5.9,0.85,0.95,-19.34,5.777812651522,0.361692,61.02429054,517,1909,70.0,2026-06-25,2.11,42.7,False
1704,300233,金城医药,12.37,-1.51,0.49,20.54,12.418311194676,0.2522732,54.53253733,-822,3620,68.8,2026-06-25,-0.39,37.5,False
1705,300234,开尔新材,11.26,-1.05,1.36,364.44,11.248365180496,0.3136216,52.36273472,-1133,4134,75.2,2026-06-25,0.1,39.4,False
1706,300235,方直科技,12.69,-2.46,0.69,384.51,12.91536407709,0.3744116,55.36259304,-1564,3408,69.6,2026-06-25,-1.74,38.5,False
1707,300236,上海新阳,114.96,1.22,2.29,86.86,112.525174095151,0.4234496,78.63152619,232,50,90.4,2026-06-25,2.16,71.1,False
1708,300237,ST美晨,1.73,0.0,0.59,-62.36,1.771702928888,0.3042444,42.12793681,-57,5181,66.0,2026-06-25,-2.35,27.8,False
1709,300238,冠昊生物,11.27,-2.51,0.68,73.51,11.232056653581,0.1901596,62.14955199,451,1614,70.8,2026-06-25,0.34,44.0,False
1710,300239,东宝生物,5.3,-2.57,0.7,39.94,5.419945119792,0.2250036,59.12637466,-733,2380,70.8,2026-06-25,-2.21,41.9,False
1711,300240,飞力达,5.05,-2.32,0.59,-67.51,5.184813422231,0.1881452,57.07895038,144,2936,65.6,2026-06-25,-2.6,37.4,False
1712,300241,瑞丰光电,6.84,0.44,2.83,42.15,6.64091891246,0.2547136,66.89404168,2818,801,74.0,2026-06-25,3.0,49.5,False
1713,300242,佳云科技,4.26,-2.96,0.94,-112.81,4.457743555724,0.3204696,53.72605959,-1332,3818,68.0,2026-06-25,-4.44,36.5,False
1714,300243,瑞丰高材,22.58,8.92,9.35,77.99,21.111412550797,0.3251412,63.32403508,-1143,1385,83.2,2026-06-25,6.96,52.7,False
1715,300244,迪安诊断,19.45,-1.92,1.93,47.21,19.463411563461,0.3266012,73.67379436,334,232,81.2,2026-06-25,-0.07,59.8,False
1716,300245,ST天玑,5.32,-2.39,0.91,-22.79,5.519845913346,0.191333529412,47.07681876,-32,4972,66.0,2026-06-25,-3.62,31.1,False
1717,300246,宝莱特,15.28,-2.05,1.58,-138.11,16.646983392792,0.3578768,47.90175767,-669,4881,64.8,2026-06-25,-8.21,31.0,False
1718,300247,融捷健康,3.67,-2.65,0.31,31.08,3.772982328353,0.268568,58.68886784,-100,2502,64.8,2026-06-25,-2.73,38.0,False
1719,300248,新开普,7.74,-2.4,0.5,-17.28,7.969476684817,0.1275732,54.68841443,192,3587,70.0,2026-06-25,-2.88,38.3,False
1720,300249,依米康,15.83,-3.77,1.93,193.32,16.787631637768,0.2635216,58.71180881,-276,2491,76.0,2026-06-25,-5.7,44.6,False
1721,300250,初灵信息,13.99,-4.31,1.36,-311.16,14.713380091363,0.1448116,49.51402516,-60,4654,68.4,2026-06-25,-4.92,33.9,False
1722,300251,光线传媒,11.04,-3.75,0.67,347.86,11.341473413009,0.3047436,61.22285463,2049,1855,72.4,2026-06-25,-2.66,44.3,False
1723,300252,金信诺,18.06,-3.01,3.86,146.22,18.591349745527,0.3174836,70.57320666,1511,450,83.2,2026-06-25,-2.86,58.7,False
1724,300253,卫宁健康,6.62,-4.2,0.93,259.65,6.931087584151,0.2478268,49.50111487,26,4656,71.6,2026-06-25,-4.49,35.4,False
1725,300254,仟源医药,8.2,-2.03,1.22,157.05,8.388839418303,0.2234256,48.89049994,-1414,4746,63.6,2026-06-25,-2.25,31.1,False
1726,300255,常山药业,23.94,-4.55,1.12,936.9,24.833165273368,0.3191456,42.56522315,-9,5175,73.6,2026-06-25,-3.6,31.3,False
1727,300256,星星科技,2.61,-1.51,0.3,-79.97,2.653621877127,0.26977,56.95118142,1018,2972,70.8,2026-06-25,-1.64,40.3,False
1728,300257,开山股份,26.87,-1.54,0.14,83.79,27.468732200903,0.3019584,59.5336842,-700,2283,60.8,2026-06-25,-2.18,36.2,False
1729,300258,精锻科技,10.71,-2.81,0.72,533.03,11.218700370922,0.283894,47.35066158,-133,4936,67.6,2026-06-25,-4.53,32.0,False
1730,300259,新天科技,5.86,10.98,5.0,87.09,5.310109974287,0.3171292,68.34908842,1783,636,64.0,2026-06-25,10.36,43.7,False
1731,300260,新莱应材,97.33,20.0,6.26,187.77,81.166630895426,0.349032,69.29240031,-434,559,90.0,2026-06-25,19.91,62.4,False
1732,300261,雅本化学,4.44,-2.2,0.29,-18.57,4.530785585241,0.1700772,46.62322106,-713,5008,70.0,2026-06-25,-2.0,32.6,False
1733,300263,隆华科技,15.7,-0.95,2.72,62.99,16.142604228513,0.3765208,63.773194,167,1298,82.8,2026-06-25,-2.74,52.8,False
1734,300264,佳创视讯,8.24,1.23,1.47,-223.19,8.227961635933,0.2949304,47.85267136,-379,4889,74.0,2026-06-25,0.15,35.4,False
1735,300265,通光线缆,22.0,-4.01,3.16,640.9,23.050580449321,0.2951708,57.80972744,-608,2735,81.6,2026-06-25,-4.56,47.2,False
1736,300266,兴源环境,1.79,-1.1,0.33,-21.82,1.81552263913,0.3121928,43.26250173,-47,5163,66.0,2026-06-25,-1.41,28.6,False
1737,300267,尔康制药,3.37,-0.3,0.72,132.57,3.406499438774,0.298486,50.37344675,-1225,4526,68.0,2026-06-25,-1.07,34.3,False
1738,300268,佳沃食品,10.38,-2.63,0.45,-57.67,10.70949468331,0.161646078431,44.11038063,-6,5134,64.4,2026-06-25,-3.08,28.4,False
1739,300269,联建光电,4.64,-1.9,0.87,-36.95,4.754975839682,0.1676792,47.21757507,-399,4954,64.4,2026-06-25,-2.42,30.4,False
1740,300270,中威电子,10.77,-0.74,1.84,402.02,11.03875380585,0.236872,52.79390196,999,4030,65.6,2026-06-25,-2.43,34.6,False
1741,300271,华宇软件,4.83,-2.82,0.49,-17.43,4.982721808014,0.2354632,51.25262702,-958,4360,68.8,2026-06-25,-3.07,35.3,False
1742,300272,开能健康,5.28,-1.49,0.53,151.05,5.380243455284,0.2347108,52.37007107,-1235,4131,62.8,2026-06-25,-1.86,32.9,False
1743,300274,阳光电源,157.77,3.35,1.63,35.69,151.878154615639,0.4815304,74.04546157,-193,216,89.6,2026-06-25,3.88,66.3,False
1744,300275,梅安森,7.94,-2.7,0.69,55.09,8.156257423153,0.183482,56.11175321,951,3199,63.6,2026-06-25,-2.65,35.7,False
1745,300276,三丰智能,6.78,-3.0,1.2,-192.86,7.093780303833,0.2389432,45.9806237,-193,5052,74.8,2026-06-25,-4.42,34.4,False
1746,300277,汽轮科技,15.36,2.54,1.74,68.61,15.081418240333,0.2712024,62.42975892,2004,1561,68.4,2026-06-25,1.85,42.7,False
1747,300278,华昌达,3.78,-2.83,0.44,839.96,3.916472049444,0.2584692,47.90183715,-49,4880,68.8,2026-06-25,-3.48,33.0,False
1748,300279,和晶科技,6.18,-6.36,2.08,73.47,6.678184073675,0.2512036,52.35246695,198,4137,66.0,2026-06-25,-7.46,34.6,False
1749,300281,金明精机,6.14,-1.92,0.65,131.61,6.313631390524,0.173252,56.26044968,1224,3165,65.6,2026-06-25,-2.75,36.9,False
1750,300283,温州宏丰,21.38,-4.77,6.17,47.19,22.949894739631,0.3531824,55.82162133,-1575,3285,84.0,2026-06-25,-6.84,46.9,False
1751,300284,苏交科,5.06,-2.32,0.26,38.85,5.223238455477,0.1815052,50.81961061,-8,4451,69.2,2026-06-25,-3.13,35.2,False
1752,300285,国瓷材料,100.0,1.63,5.03,175.21,95.914796653587,0.517052,75.12371275,538,178,94.8,2026-06-25,4.26,71.2,False
1753,300286,安科瑞,25.94,0.89,2.37,32.35,26.488556261304,0.226976,64.55127591,-297,1161,67.2,2026-06-25,-2.07,43.4,False
1754,300287,飞利信,3.21,-3.31,0.65,-40.28,3.317779535821,0.27159,45.69773245,-15,5072,70.8,2026-06-25,-3.25,32.4,False
1755,300288,朗玛信息,8.86,-3.28,0.5,-179.63,9.165831705979,0.1151552,51.12951759,-1000,4383,68.4,2026-06-25,-3.34,35.0,False
1756,300289,利德曼,5.5,-3.0,0.39,-188.3,5.549355007771,0.2456808,57.41099964,1421,2839,69.2,2026-06-25,-0.89,39.7,False
1757,300290,荣科科技,8.33,-4.03,1.35,-74.4,8.737546264286,0.1614516,47.17813899,3,4957,68.0,2026-06-25,-4.66,32.1,False
1758,300291,百纳千成,4.77,-3.05,0.79,83.92,4.909409108795,0.2527476,54.66256826,1033,3593,74.4,2026-06-25,-2.84,40.7,False
1759,300292,吴通控股,5.97,-2.29,3.04,48.47,6.12823201227,0.2783592,64.04184053,-199,1242,79.2,2026-06-25,-2.58,50.7,False
1760,300293,蓝英装备,19.54,8.8,2.2,-1555.43,18.521540197991,0.1693744,56.08884081,-2285,3210,76.8,2026-06-25,5.5,43.1,False
1761,300294,博雅生物,14.43,-1.1,0.26,60.19,14.689720311793,0.2147364,50.31726531,-809,4535,70.0,2026-06-25,-1.77,35.2,False
1762,300295,*ST三六,10.13,-1.65,0.5,717.64,10.464656872461,0.35488,52.01018944,-918,4207,64.0,2026-06-25,-3.2,33.3,False
1763,300296,利亚德,5.74,0.0,1.18,228.75,5.803832577782,0.34102,52.04736943,-106,4201,74.0,2026-06-25,-1.1,38.5,False
1764,300298,三诺生物,13.87,-1.35,0.24,19.77,13.990493605101,0.1675888,57.02169294,325,2954,68.8,2026-06-25,-0.86,39.2,False
1765,300299,富春股份,4.75,-3.85,0.75,67.14,4.948104408311,0.1756772,52.12328456,802,4186,68.8,2026-06-25,-4.0,35.9,False
1766,300300,海峡创新,7.79,-2.87,1.66,-115.38,8.185415742635,0.2152032,54.88023185,1360,3534,66.4,2026-06-25,-4.83,36.4,False
1767,300301,ST长方,3.66,4.57,0.92,-36.81,3.526446325283,0.3880956,49.29297934,-1972,4691,68.8,2026-06-25,3.79,33.9,False
1768,300302,同有科技,55.49,-4.33,5.36,76.26,59.055931939443,0.4492204,69.54137388,-421,530,91.2,2026-06-25,-6.04,63.4,False
1769,300303,聚飞光电,10.2,-1.83,2.61,70.7,10.122675576261,0.3764924,75.79453177,237,137,82.0,2026-06-25,0.76,62.2,False
1770,300304,云意电气,19.36,0.05,1.25,60.43,19.166362861853,0.3992448,67.26512225,-508,759,85.6,2026-06-25,1.01,57.6,False
1771,300305,裕兴股份,6.21,-4.31,2.58,-11.99,6.667430736951,0.2579304,49.58207817,-1641,4641,68.8,2026-06-25,-6.86,34.1,False
1772,300306,远方信息,9.67,-1.63,0.41,62.9,9.854615009381,0.12393,57.89814415,1226,2707,64.4,2026-06-25,-1.87,37.3,False
1773,300307,慈星股份,7.06,-1.94,0.79,15.57,7.267024754904,0.2495956,56.79054975,-254,3019,73.6,2026-06-25,-2.85,41.8,False
1774,300308,中际旭创,1248.0,-5.7,0.95,60.68,1320.29902319144,0.7254804,80.56224262,-5,26,95.2,2026-06-25,-5.48,76.7,False
1775,300310,宜通世纪,4.25,-2.97,1.03,-185.42,4.41152542149,0.2607724,52.74112093,-310,4047,68.0,2026-06-25,-3.66,35.9,False
1776,300311,ST任子行,4.9,-0.61,0.44,-32.54,5.001693071399,0.3483108,53.63137607,-301,3842,70.4,2026-06-25,-2.03,37.8,False
1777,300313,天山生物,7.75,-0.13,1.03,111.63,7.862299290862,0.228791568627,48.61804483,-305,4795,72.4,2026-06-25,-1.43,35.2,False
1778,300314,戴维医疗,9.14,-2.04,0.56,66.57,9.295030177361,0.1352536,63.28901835,243,1392,66.4,2026-06-25,-1.67,42.0,False
1779,300315,掌趣科技,3.76,-4.57,0.96,47.05,3.964545247608,0.2639004,48.59613016,216,4799,71.2,2026-06-25,-5.16,34.6,False
1780,300316,晶盛机电,57.1,1.1,1.04,182.29,56.552950034687,0.3710584,69.24483984,-455,561,91.6,2026-06-25,0.97,63.4,False
1781,300317,珈伟新能,4.31,5.38,3.79,347.62,4.106923956056,0.2395236,42.39185165,-20,5178,73.2,2026-06-25,4.94,31.0,False
1782,300318,博晖创新,4.23,-2.53,0.2,-118.58,4.305225128089,0.1979216,49.29736449,-209,4689,66.8,2026-06-25,-1.75,32.9,False
1783,300319,麦捷科技,32.65,8.54,9.72,153.67,30.395171907197,0.4077588,56.89724002,-349,2989,89.6,2026-06-25,7.42,51.0,False
1784,300320,海达股份,9.77,9.28,2.68,23.5,9.019479651613,0.259802,67.11035619,1152,778,71.2,2026-06-25,8.32,47.8,False
1785,300321,同大股份,55.1,4.06,2.66,2584.47,54.46478037906,0.3937168,57.69848879,-1168,2765,71.2,2026-06-25,1.17,41.1,False
1786,300322,硕贝德,25.36,-1.93,2.12,279.68,26.135739016842,0.2754184,56.21896594,-589,3174,73.6,2026-06-25,-2.97,41.4,False
1787,300323,华灿光电,21.01,14.68,9.62,168.24,17.152087578584,0.41891,73.14643331,591,267,78.0,2026-06-25,22.49,57.1,False
1788,300324,旋极信息,3.76,-4.33,0.92,-53.29,3.968659548511,0.2439248,53.87024556,-1215,3788,70.4,2026-06-25,-5.26,37.9,False
1789,300326,ST凯利,5.93,0.17,0.13,16.08,5.918676265413,0.3997048,60.82346681,939,1960,66.0,2026-06-25,0.19,40.1,False
1790,300327,中颖电子,31.15,-4.39,2.73,129.77,31.516498752103,0.3031784,72.83908391,329,291,87.2,2026-06-25,-1.16,63.5,False
1791,300328,宜安科技,16.11,-5.35,2.9,-144.99,17.694076787273,0.3601032,51.94156956,132,4221,78.8,2026-06-25,-8.95,40.9,False
1792,300329,海伦钢琴,11.19,-2.95,0.68,-34.31,11.263459566191,0.2557316,44.08790369,35,5135,63.6,2026-06-25,-0.65,28.0,False
1793,300331,苏大维格,69.67,-4.38,1.66,150.62,71.084457869937,0.4241464,71.67014266,164,364,81.6,2026-06-25,-1.99,58.5,False
1794,300332,天壕能源,,,0.0,34.17,4.302785273762,0.2566904,56.79893419,1978,3016,62.0,2026-06-25,,35.2,False
1795,300333,兆日科技,9.05,-4.13,1.05,-171.12,9.495301332587,0.2430504,57.17071846,1414,2914,73.2,2026-06-25,-4.69,41.8,False
1796,300334,津膜科技,10.63,-3.63,1.82,356.03,11.105447321483,0.1384092,49.72921371,293,4610,72.0,2026-06-25,-4.28,35.8,False
1797,300335,迪森股份,4.97,-0.6,0.92,36.88,5.028905042571,0.2130288,49.06362998,-689,4722,61.6,2026-06-25,-1.17,30.2,False
1798,300337,银邦股份,11.35,-1.99,0.84,42.67,11.679168084374,0.2472976,51.33384282,-1185,4343,73.2,2026-06-25,-2.82,37.6,False
1799,300338,*ST开元,2.58,1.98,1.07,-11.35,2.610293398084,0.16627627451,42.34413892,-76,5179,64.8,2026-06-25,-1.16,27.4,False
1800,300339,润和软件,39.92,2.31,2.23,102.88,39.388860707074,0.2716776,56.47423931,-413,3117,71.6,2026-06-25,1.35,40.4,False
1801,300340,科恒股份,8.83,-1.56,0.93,-28.37,9.067205259942,0.1410832,49.87701002,197,4587,76.0,2026-06-25,-2.62,37.9,False
1802,300341,麦克奥迪,13.35,-3.68,0.48,40.77,14.079776885329,0.2268688,62.01269038,415,1652,71.2,2026-06-25,-5.18,44.2,False
1803,300342,天银机电,40.91,-3.19,1.13,422.57,42.391818560241,0.2824464,48.02434137,-856,4869,70.0,2026-06-25,-3.5,33.6,False
1804,300343,联创股份,5.49,-3.35,0.8,180.22,5.807745454938,0.306398431373,49.58782675,26,4640,77.6,2026-06-25,-5.47,38.5,False
1805,300345,华民股份,6.03,6.54,3.52,-14.44,5.759763602212,0.2733912,55.37202402,745,3402,63.6,2026-06-25,4.69,35.2,False
1806,300346,南大光电,77.81,4.14,6.76,108.25,74.839256765217,0.4402884,70.16899011,-400,477,95.2,2026-06-25,3.97,66.8,False
1807,300347,泰格医药,45.7,4.2,1.63,200.58,43.259785720353,0.3619284,73.25445323,-131,262,86.8,2026-06-25,5.64,63.6,False
1808,300348,长亮科技,9.06,-3.21,0.58,-48.03,9.384436719786,0.2364708,57.8023641,1493,2737,70.8,2026-06-25,-3.46,40.9,False
1809,300349,金卡智能,11.02,-2.82,0.71,38.68,11.429609963237,0.248656,58.35474584,-397,2592,64.0,2026-06-25,-3.58,37.3,False
1810,300350,华鹏飞,3.94,-3.19,1.06,-80.81,4.017981143749,0.2313984,51.95888852,466,4219,65.6,2026-06-25,-1.94,34.1,False
1811,300351,永贵电器,16.67,-2.51,3.57,-74.54,17.040077446915,0.274216,62.45793162,1126,1557,74.0,2026-06-25,-2.17,46.2,False
1812,300352,ST信源,2.68,0.0,0.62,-19.48,2.739373079003,0.277604901961,43.52164357,-82,5155,68.0,2026-06-25,-2.17,29.6,False
1813,300353,东土科技,21.0,-3.67,1.5,-81.6,22.102032231675,0.3390784,62.78288417,1410,1497,80.8,2026-06-25,-4.99,50.7,False
1814,300354,东华测试,30.67,-2.63,0.75,38.92,31.83111252912,0.185478,59.3672075,-1439,2325,67.6,2026-06-25,-3.65,40.1,False
1815,300355,蒙草生态,2.76,-1.43,0.44,-88.57,2.796628697589,0.2874988,59.04061407,1468,2400,68.8,2026-06-25,-1.31,40.6,False
1816,300357,我武生物,22.03,-0.86,0.33,24.19,22.024029740678,0.2893168,63.05055793,-973,1447,75.6,2026-06-25,0.03,47.7,False
1817,300358,楚天科技,7.81,-0.38,0.48,20.59,7.869024509844,0.3059288,65.58953898,7,998,66.8,2026-06-25,-0.75,43.8,False
1818,300359,全通教育,3.55,-0.28,0.5,-27.65,3.569352651344,0.1725732,55.78558252,54,3296,68.8,2026-06-25,-0.54,38.4,False
1819,300360,炬华科技,11.76,-1.92,0.26,15.87,11.918058909459,0.2082768,59.60879072,423,2264,66.4,2026-06-25,-1.33,39.6,False
1820,300363,博腾股份,16.77,2.57,2.65,81.76,15.796860748806,0.2575144,64.14510218,-319,1223,81.2,2026-06-25,6.16,52.1,False
1821,300364,中文在线,24.08,-4.6,1.37,-95.69,25.294544304355,0.3186216,58.97894738,12,2421,76.8,2026-06-25,-4.8,45.3,False
1822,300365,恒华科技,4.61,-2.54,0.59,-53.11,4.713368716807,0.2770044,56.98263651,1159,2963,68.0,2026-06-25,-2.19,38.7,False
1823,300366,ST创意,4.47,-3.87,0.69,-12.74,4.75250433359,0.2458524,45.97890863,18,5053,70.0,2026-06-25,-5.94,32.2,False
1824,300368,汇金股份,8.8,-0.23,1.59,-125.29,9.006089516533,0.2397672,56.24120066,1720,3170,74.4,2026-06-25,-2.29,41.8,False
1825,300369,绿盟科技,5.33,-3.09,0.79,-11.0,5.517997261922,0.238498,50.70734338,82,4472,66.4,2026-06-25,-3.41,33.7,False
1826,300370,安控科技,2.05,-1.44,0.31,-30.87,2.071134090515,0.211398,48.43482229,70,4819,68.4,2026-06-25,-1.02,33.1,False
1827,300371,汇中股份,9.87,-1.89,0.54,68.07,10.161868729728,0.08732,56.56660334,-920,3083,62.8,2026-06-25,-2.87,35.5,False
1828,300373,扬杰科技,135.66,-1.3,2.07,47.88,133.804570738241,0.4464244,71.45036609,-166,380,94.4,2026-06-25,1.39,67.4,False
1829,300374,中铁装配,10.46,-2.15,0.53,-19.25,10.813756663425,0.1715668,53.10388657,-113,3964,67.2,2026-06-25,-3.27,35.7,False
1830,300375,鹏翎股份,4.2,-3.45,0.99,210.74,4.363140532314,0.2594388,56.50738487,1349,3105,68.4,2026-06-25,-3.74,38.7,False
1831,300376,易事特,5.34,3.49,1.14,208.6,5.260199448066,0.2371936,47.11801943,-247,4964,79.6,2026-06-25,1.52,37.5,False
1832,300377,赢时胜,16.63,-2.75,2.97,-35.61,17.316213566693,0.3078364,67.95328382,1711,670,85.6,2026-06-25,-3.96,58.2,False
1833,300378,鼎捷数智,35.3,-5.03,1.36,-298.25,37.770978744244,0.2476916,63.99637535,-813,1253,82.4,2026-06-25,-6.54,52.7,False
1834,300380,安硕信息,31.97,-1.63,1.15,123.76,33.092527098321,0.2172524,66.06658863,1264,934,75.2,2026-06-25,-3.39,49.7,False
1835,300381,溢多利,5.67,-1.39,0.44,41.29,5.682683777603,0.2051404,56.68335765,1176,3049,65.6,2026-06-25,-0.22,37.2,False
1836,300382,斯莱克,20.58,8.03,3.1,-152.73,19.149754439603,0.4584244,64.03144987,42,1245,77.6,2026-06-25,7.47,49.7,False
1837,300383,光环新网,12.39,-5.85,1.54,247.85,13.40608999988,0.3508608,54.38761177,-2305,3659,77.2,2026-06-25,-7.58,42.0,False
1838,300384,三联虹普,11.39,-2.82,0.52,20.04,11.784528067306,0.1692364,55.70771677,170,3319,66.4,2026-06-25,-3.35,37.0,False
1839,300385,ST雪浪,10.25,0.59,1.19,-23.07,10.547616530027,0.345608235294,39.24037868,-28,5200,59.2,2026-06-25,-2.82,23.2,False
1840,300386,飞天诚信,10.94,-4.04,1.2,-40.98,11.410285409623,0.1181492,52.52688548,-95,4090,77.2,2026-06-25,-4.12,40.6,False
1841,300387,富邦科技,6.84,-1.3,0.55,18.58,6.967656715009,0.1328388,55.87505406,-29,3274,64.0,2026-06-25,-1.83,35.8,False
1842,300388,节能国祯,6.41,-1.08,0.21,12.12,6.507927918906,0.1253896,54.45026824,84,3643,63.6,2026-06-25,-1.5,34.6,False
1843,300389,艾比森,12.65,-0.78,0.44,29.72,12.779587652348,0.1357248,60.17282361,-921,2128,62.4,2026-06-25,-1.01,37.5,False
1844,300390,天华新能,94.6,-0.4,2.56,20.28,96.947565409514,0.4171368,64.26815575,-998,1205,92.0,2026-06-25,-2.42,59.1,False
1845,300393,中来股份,7.39,0.41,0.86,-8.02,7.48549405948,0.242852,42.79771288,-9,5174,67.2,2026-06-25,-1.28,28.8,False
1846,300394,天孚通信,325.32,-4.87,1.51,180.24,325.359391073092,0.558196,84.21000354,37,3,95.2,2026-06-25,-0.01,80.2,False
1847,300395,菲利华,134.65,0.82,2.93,123.14,134.030373751674,0.4634896,67.08100371,-580,783,90.8,2026-06-25,0.46,60.9,False
1848,300396,ST迪瑞,6.19,-2.52,0.38,-370.96,6.339468934611,0.086858235294,44.24839344,-194,5128,64.0,2026-06-25,-2.36,28.3,False
1849,300397,天和防务,14.86,-2.56,2.67,180.93,14.937900927912,0.2858152,60.91409121,1499,1929,79.2,2026-06-25,-0.52,48.2,False
1850,300398,飞凯材料,56.03,-1.11,5.06,60.86,56.488058095037,0.4622756,81.55995066,12,17,93.2,2026-06-25,-0.81,76.0,False
1851,300399,天利科技,19.58,-3.36,1.44,517.61,20.512852345779,0.2038816,64.49913324,867,1169,74.0,2026-06-25,-4.55,47.7,False
1852,300400,劲拓股份,40.93,-0.32,2.63,96.98,41.177910332834,0.3256912,66.35286254,1496,891,76.0,2026-06-25,-0.6,50.4,False
1853,300401,花园生物,22.05,-0.23,4.67,59.62,21.594792879851,0.3533348,61.39455149,1575,1798,80.0,2026-06-25,2.11,49.1,False
1854,300402,宝色股份,15.2,-3.55,0.76,58.28,15.855237445753,0.1706304,51.93718987,-48,4223,70.8,2026-06-25,-4.13,36.8,False
1855,300403,汉宇集团,9.03,-3.22,0.86,40.92,9.640263249015,0.2153616,56.8591217,-924,2999,71.6,2026-06-25,-6.33,40.7,False
1856,300404,博济医药,8.6,-0.92,0.78,50.38,8.585687491257,0.1757148,58.13247374,-1227,2651,68.0,2026-06-25,0.17,39.5,False
1857,300405,科隆股份,5.22,-2.61,1.27,303.5,5.383875651928,0.0928228,51.92892579,713,4225,65.2,2026-06-25,-3.04,33.9,False
1858,300406,九强生物,11.02,-1.78,0.4,15.3,11.218901161422,0.178302,57.16949759,-1231,2915,70.8,2026-06-25,-1.77,40.5,False
1859,300407,凯发电气,11.31,-2.33,0.35,115.2,11.508458367988,0.1563292,64.56766587,1410,1158,62.4,2026-06-25,-1.72,40.3,False
1860,300408,三环集团,161.14,-1.52,1.06,97.62,156.712376661453,0.5294396,80.15819237,319,33,93.2,2026-06-25,2.83,74.7,False
1861,300409,道氏技术,20.53,-3.07,0.84,37.29,21.182517212894,0.3265496,56.68805071,-304,3047,72.8,2026-06-25,-3.08,41.3,False
1862,300410,正业科技,11.92,0.59,2.88,85.47,11.920278766794,0.2332112,65.8328438,854,963,76.8,2026-06-25,-0.0,50.6,False
1863,300411,金盾股份,6.98,-2.92,2.22,237.73,7.296225784694,0.211183090909,44.35653491,-62,5125,74.0,2026-06-25,-4.33,32.8,False
1864,300412,迦南科技,4.48,-4.27,3.44,-60.44,4.827519077968,0.2386064,52.6856592,-2590,4061,77.6,2026-06-25,-7.2,40.9,False
1865,300413,芒果超媒,14.49,-2.62,0.57,33.99,14.990789061635,0.2104896,57.28912434,-779,2879,73.2,2026-06-25,-3.34,41.9,False
1866,300414,中光防雷,10.95,-2.75,0.48,109.06,11.237802367217,0.1758516,50.639882,-151,4485,65.2,2026-06-25,-2.56,33.0,False
1867,300415,伊之密,18.91,-1.82,0.3,16.39,19.302988800317,0.1856828,61.60778453,105,1750,66.8,2026-06-25,-2.04,41.2,False
1868,300416,苏试试验,19.53,-2.35,1.06,57.01,19.960851384048,0.2758728,60.29726484,-1199,2093,78.0,2026-06-25,-2.16,47.0,False
1869,300417,南华仪器,10.21,-2.95,1.51,-116.25,10.591842394975,0.0919576,57.77217631,-105,2748,64.0,2026-06-25,-3.61,37.0,False
1870,300418,昆仑万维,38.89,-4.68,1.33,-14.09,41.127062939075,0.3445104,58.52840814,-300,2541,81.2,2026-06-25,-5.44,47.5,False
1871,300419,ST浩丰,6.6,-0.45,0.24,-67.08,6.59884170576,0.417756,49.76790628,196,4605,66.8,2026-06-25,0.02,33.2,False
1872,300420,五洋自控,8.84,-1.78,4.31,607.91,8.676118765177,0.447492,52.93244944,-2232,4001,81.6,2026-06-25,1.89,43.2,False
1873,300421,力星股份,18.18,-2.52,0.82,189.43,18.889830517677,0.1741888,48.21387069,-193,4847,66.0,2026-06-25,-3.76,31.8,False
1874,300422,博世科,4.44,-1.77,0.51,12.81,4.535481122615,0.1737012,54.48016546,87,3636,59.2,2026-06-25,-2.11,32.3,False
1875,300423,昇辉科技,5.51,-2.48,0.9,-28.99,5.655687006282,0.1446596,47.81594663,-518,4893,63.6,2026-06-25,-2.58,30.4,False
1876,300424,航新科技,15.72,-3.08,1.22,35.36,16.425606735849,0.1866948,54.19258032,-544,3707,69.2,2026-06-25,-4.3,37.5,False
1877,300425,中建环能,3.81,-1.8,0.35,5211.88,3.847928305653,0.1875584,60.30630872,1491,2090,64.8,2026-06-25,-0.99,39.1,False
1878,300426,华智数媒,4.97,-3.31,0.83,-33.37,5.161885508094,0.1405448,45.82090854,-597,5066,64.4,2026-06-25,-3.72,29.5,False
1879,300427,红相股份,6.58,-2.81,1.06,235.35,6.776914593788,0.1197912,49.54909105,441,4646,65.6,2026-06-25,-2.91,32.5,False
1880,300428,立中集团,18.05,-0.99,0.49,15.57,18.53725348837,0.2166072,62.31385757,-35,1583,70.8,2026-06-25,-2.63,44.1,False
1881,300429,强力新材,17.17,2.75,5.27,-80.47,16.642231802193,0.3036724,56.26072499,-1413,3164,86.0,2026-06-25,3.17,48.4,False
1882,300430,*ST益通,4.36,-1.36,1.36,-5.04,4.546552667022,0.172816862745,37.84097292,-1,5204,63.6,2026-06-25,-4.1,24.1,False
1883,300432,富临精工,20.48,-3.67,0.85,43.17,21.777536217065,0.2652072,61.53813067,-164,1764,74.0,2026-06-25,-5.96,45.5,False
1884,300433,蓝思科技,54.52,-2.15,1.15,-480.94,56.159985507322,0.5218232,76.72380861,164,102,91.2,2026-06-25,-2.92,70.0,False
1885,300434,金石亚药,9.31,-2.62,1.05,8.06,9.486693324977,0.1817504,59.19995775,-992,2358,71.6,2026-06-25,-1.86,42.4,False
1886,300435,中泰股份,24.87,0.04,1.65,56.36,24.854908630224,0.3504472,73.04992564,-76,275,85.2,2026-06-25,0.06,62.2,False
1887,300436,广生堂,91.22,-0.53,1.41,-140.1,88.5842558397,0.3936112,58.71773983,2145,2487,68.4,2026-06-25,2.98,40.2,False
1888,300437,清水源,11.47,-3.86,1.73,-680.06,11.939427905983,0.1602216,53.55427205,529,3853,71.2,2026-06-25,-3.93,38.1,False
1889,300438,鹏辉能源,81.77,-2.01,1.47,31.81,82.977139667031,0.3601984,66.87864077,111,806,83.2,2026-06-25,-1.45,55.6,False
1890,300439,美康生物,8.15,-0.49,0.28,23.19,8.171535707259,0.1094112,53.69055908,-45,3825,65.6,2026-06-25,-0.26,35.2,False
1891,300440,运达科技,21.21,5.47,1.73,-149.23,20.381368303459,0.4236028,62.91322921,-1011,1467,73.2,2026-06-25,4.07,46.1,False
1892,300441,鲍斯股份,6.66,1.06,0.53,53.26,6.630065990235,0.2380772,61.63727493,-132,1743,68.8,2026-06-25,0.45,42.4,False
1893,300442,润泽科技,78.57,-6.01,0.96,55.37,84.300689302309,0.3912576,64.84513343,-834,1107,87.2,2026-06-25,-6.8,56.5,False
1894,300443,金雷股份,22.16,0.91,1.19,26.02,22.070357521458,0.2637968,62.26508896,-452,1593,66.8,2026-06-25,0.41,41.6,False
1895,300444,双杰电气,13.0,0.23,2.21,9.29,13.140744148934,0.2549204,53.16643123,20,3952,70.0,2026-06-25,-1.07,37.2,False
1896,300445,康斯特,20.81,-1.84,0.72,32.72,21.328405526966,0.2059648,58.88600678,-1496,2446,64.4,2026-06-25,-2.43,37.9,False
1897,300446,航天智造,16.07,-2.9,1.53,24.71,16.895780076627,0.1993992,65.99530971,-505,942,80.4,2026-06-25,-4.89,53.1,False
1898,300447,全信股份,14.4,-2.96,0.96,96.41,14.976804304779,0.2011004,50.85328122,-70,4447,64.8,2026-06-25,-3.85,33.0,False
1899,300448,浩云科技,5.96,-0.5,1.02,737.79,6.10421083861,0.245408,49.35336931,-1399,4677,64.4,2026-06-25,-2.36,31.8,False
1900,300449,汉邦高科,7.77,-2.14,1.47,-101.14,8.033316817149,0.2242304,50.28639987,-837,4539,72.4,2026-06-25,-3.28,36.4,False
1901,300450,先导智能,42.54,-3.21,0.8,43.92,44.047253390403,0.3285992,60.26538599,-1017,2100,76.0,2026-06-25,-3.42,45.8,False
1902,300451,创业慧康,3.17,-2.46,0.43,-15.45,3.25612783178,0.2513,45.53378592,-403,5081,68.8,2026-06-25,-2.65,31.3,False
1903,300452,山河药辅,11.53,-2.37,0.41,14.36,11.766581282365,0.1695156,61.7542701,-872,1719,66.0,2026-06-25,-2.01,40.8,False
1904,300453,三鑫医疗,9.12,-1.19,0.41,17.41,9.162422216212,0.2524716,64.84550984,156,1106,66.4,2026-06-25,-0.46,43.1,False
1905,300454,深信服,91.5,-4.89,1.04,-153.05,97.133371388357,0.3362316,61.9968029,403,1658,74.0,2026-06-25,-5.8,45.9,False
1906,300455,航天智装,20.1,-3.83,0.46,1188.34,21.070286600308,0.2228024,49.99244162,-483,4573,69.2,2026-06-25,-4.6,34.6,False
1907,300456,赛微电子,39.27,-3.42,1.26,-146.41,41.062235405968,0.3225256,51.21342397,-2276,4370,74.8,2026-06-25,-4.36,38.3,False
1908,300457,赢合科技,20.94,-3.1,0.59,54.56,21.652986590061,0.3091696,60.75283681,-554,1979,70.4,2026-06-25,-3.29,42.8,False
1909,300458,全志科技,38.61,-3.4,2.59,47.24,39.692567714335,0.377032,79.16067073,53,42,84.8,2026-06-25,-2.73,67.1,False
1910,300459,汤姆猫,3.28,-3.53,0.81,93.76,3.42958589239,0.25586,51.76871709,738,4255,72.0,2026-06-25,-4.36,37.3,False
1911,300460,ST惠伦,9.88,5.89,1.8,-82.98,9.412657141684,0.2749368,50.39689106,-716,4523,69.6,2026-06-25,4.97,35.1,False
1912,300461,田中精机,38.55,-3.34,0.94,-78.77,40.366755625875,0.227834,52.50169125,-1164,4094,66.4,2026-06-25,-4.5,34.9,False
1913,300462,ST华铭,9.95,-1.97,0.38,-25.24,10.131664971177,0.3429488,49.04988316,63,4726,64.0,2026-06-25,-1.79,31.4,False
1914,300463,迈克生物,8.2,-2.03,0.39,137.94,8.384764582532,0.2007824,52.30053569,-258,4150,69.6,2026-06-25,-2.2,36.4,False
1915,300464,星徽股份,7.91,-1.62,0.66,286.94,8.079402846642,0.2915908,60.07198894,-465,2160,67.2,2026-06-25,-2.1,40.4,False
1916,300465,高伟达,11.63,-3.88,1.35,-90.85,12.381600880225,0.2525712,49.08151414,-254,4716,75.2,2026-06-25,-6.07,36.9,False
1917,300466,赛摩智能,7.1,-1.8,0.42,182.78,7.251641754647,0.13384,50.46011222,-809,4510,68.0,2026-06-25,-2.09,34.3,False
1918,300467,迅游科技,36.43,-5.13,1.68,304.6,38.09904348025,0.37189,66.29289483,808,903,75.6,2026-06-25,-4.38,50.1,False
1919,300468,四方精创,22.07,-3.62,1.02,276.06,23.026455168366,0.2689768,57.98761871,-224,2685,71.2,2026-06-25,-4.15,41.3,False
1920,300469,信息发展,51.5,2.24,0.93,-101.8,51.455050553923,0.373834,48.37511181,-227,4826,70.4,2026-06-25,0.09,34.1,False
1921,300470,中密控股,28.05,-1.58,0.24,21.92,28.837541403342,0.2476784,59.62461101,-506,2261,66.8,2026-06-25,-2.73,39.8,False
1922,300471,厚普股份,9.24,5.36,2.82,-474.5,9.040528218333,0.175256,60.88271964,1150,1943,68.4,2026-06-25,2.21,41.6,False
1923,300472,*ST新元,7.52,2.04,0.36,-25.42,7.490358249705,0.3251024,46.56848647,-14,5015,64.4,2026-06-25,0.4,30.0,False
1924,300473,德尔股份,30.88,2.9,1.84,28.48,30.323904306005,0.2408308,66.78763556,145,822,68.0,2026-06-25,1.83,45.4,False
1925,300474,景嘉微,52.83,-5.24,1.02,-123.07,55.502965812365,0.3088616,59.00594678,1475,2408,83.2,2026-06-25,-4.82,49.1,False
1926,300475,香农芯创,308.48,0.73,3.04,27.28,302.967614139676,0.5693772,79.56574318,89,38,94.4,2026-06-25,1.82,75.1,False
1927,300476,胜宏科技,328.28,-6.25,2.02,62.6,348.239744931724,0.5843108,77.83352521,30,74,93.6,2026-06-25,-5.73,72.9,False
1928,300477,ST合纵,2.19,2.82,0.77,-15.93,2.161925278725,0.2517084,43.45892681,-60,5157,68.4,2026-06-25,1.3,29.7,False
1929,300478,杭州高新,37.8,-1.61,0.44,-130.09,38.491397629112,0.266372,53.04805721,-707,3978,64.8,2026-06-25,-1.8,34.4,False
1930,300479,神思电子,13.33,-2.63,0.59,-18.92,13.754663890566,0.175458,56.94923125,-1290,2973,69.6,2026-06-25,-3.09,39.6,False
1931,300480,光力科技,40.27,5.47,6.45,118.21,38.158919244132,0.3238028,60.1499509,-1561,2139,82.4,2026-06-25,5.53,49.6,False
1932,300481,濮阳惠成,18.61,1.31,2.43,73.87,18.549015896856,0.2358692,63.86213129,408,1281,76.8,2026-06-25,0.33,49.0,False
1933,300482,万孚生物,17.31,-2.04,0.88,24.0,17.971436372315,0.2655884,55.01022323,-2083,3498,79.2,2026-06-25,-3.68,43.6,False
1934,300483,首华燃气,17.98,-1.32,0.51,32.41,18.158639541862,0.2103676,61.37247583,699,1803,63.6,2026-06-25,-0.98,39.0,False
1935,300484,蓝海华腾,13.18,-2.37,0.44,57.65,13.660930214979,0.1963388,53.5548022,-1305,3852,69.6,2026-06-25,-3.52,37.3,False
1936,300485,赛升药业,8.79,-2.98,1.15,226.98,8.993658334791,0.1588948,55.9566495,397,3250,75.6,2026-06-25,-2.26,42.3,False
1937,300486,东杰智能,21.15,-1.72,0.74,284.07,21.660676946396,0.3799188,56.53725126,402,3093,75.6,2026-06-25,-2.36,42.7,False
1938,300487,蓝晓科技,58.85,-2.16,0.64,41.18,61.109650219247,0.27373,72.99832813,150,280,82.8,2026-06-25,-3.7,60.4,False
1939,300488,恒锋工具,41.01,4.06,2.55,47.24,39.923528733265,0.2622688,66.4689277,1630,874,71.2,2026-06-25,2.72,47.3,False
1940,300489,光智科技,276.05,-4.25,2.19,624.31,283.165261965841,0.5265364,71.42616671,54,382,87.2,2026-06-25,-2.51,62.3,False
1941,300490,华自科技,13.76,-2.27,0.87,16.52,14.211866958636,0.2071988,50.02804691,-262,4568,69.2,2026-06-25,-3.18,34.6,False
1942,300491,通合科技,38.6,0.55,2.66,-5545.49,39.224238818245,0.2572524,69.40801922,2,544,80.4,2026-06-25,-1.59,55.8,False
1943,300492,华图山鼎,34.05,-2.58,0.25,13.8,35.011014202476,0.1210352,57.12040459,-928,2930,63.2,2026-06-25,-2.74,36.1,False
1944,300493,润欣科技,13.88,-5.45,1.33,105.54,14.428328303707,0.2310476,64.46888036,1941,1175,76.4,2026-06-25,-3.8,49.3,False
1945,300494,盛天网络,8.3,-4.38,0.83,228.63,8.722968886686,0.1640596,50.66234111,23,4479,70.4,2026-06-25,-4.85,35.7,False
1946,300496,中科创达,59.74,-3.52,1.13,67.35,62.435782074125,0.2886476,63.34729291,-1072,1382,86.4,2026-06-25,-4.32,54.7,False
1947,300497,富祥股份,21.42,-4.8,5.96,47.14,22.309855358661,0.3754936,58.98261153,909,2420,89.6,2026-06-25,-3.99,52.8,False
1948,300498,温氏股份,11.88,1.37,0.44,-18.47,11.688185076973,0.2811884,59.69564811,489,2245,76.8,2026-06-25,1.64,45.8,False
1949,300499,高澜股份,41.61,-2.92,4.13,209.72,43.673472422773,0.4199556,67.07317921,-304,784,90.8,2026-06-25,-4.72,60.9,False
1950,300500,启迪设计,8.97,-2.5,0.6,17.28,9.22575662997,0.1140108,53.27092567,167,3927,66.4,2026-06-25,-2.77,35.4,False
1951,300501,海顺新材,12.89,-2.94,1.15,-82.77,13.365701997078,0.209748,55.9796874,-385,3242,66.0,2026-06-25,-3.56,36.9,False
1952,300502,新易盛,570.02,-6.63,1.4,71.46,584.615649056944,0.6786336,85.4619797,38,1,94.8,2026-06-25,-2.5,81.0,False
1953,300503,昊志机电,74.1,-7.0,3.58,62.79,80.309866967524,0.3945752,64.54687925,374,1162,86.4,2026-06-25,-7.73,55.8,False
1954,300504,天邑股份,16.86,-4.37,1.72,49.91,17.91044893624,0.132928,55.1620688,40,3458,72.8,2026-06-25,-5.87,40.2,False
1955,300505,川金诺,23.65,-5.36,5.1,39.49,24.255628567476,0.2958808,74.00831513,-2,218,84.0,2026-06-25,-2.5,62.2,False
1956,300506,名家汇,6.03,2.2,3.03,-167.5,6.066159614388,0.361939803922,59.08996018,-1386,2388,77.2,2026-06-25,-0.6,45.6,False
1957,300507,苏奥传感,7.02,-1.4,0.41,107.86,7.261664873846,0.2630968,53.29297893,-325,3919,68.4,2026-06-25,-3.33,36.5,False
1958,300508,维宏股份,52.89,-1.96,1.06,-80.28,55.347944506633,0.2326164,66.05708534,1021,935,72.4,2026-06-25,-4.44,47.8,False
1959,300509,新美星,8.35,-1.76,0.64,24.49,8.524476605933,0.102554,59.46196248,-796,2303,61.6,2026-06-25,-2.05,36.6,False
1960,300510,金冠股份,3.13,-1.88,0.47,-21.11,3.191104943418,0.2082064,51.70363362,83,4273,66.8,2026-06-25,-1.91,34.5,False
1961,300511,雪榕生物,5.2,-2.62,0.82,4.81,5.375671395428,0.2702196,53.98296517,82,3763,67.6,2026-06-25,-3.27,36.5,False
1962,300512,中亚股份,6.76,-2.59,0.36,31.65,6.971635503055,0.0799228,52.68407108,25,4062,62.4,2026-06-25,-3.04,32.9,False
1963,300513,恒实科技,7.0,-2.64,0.62,-20.7,7.19265004102,0.1167968,47.06485036,-503,4973,65.6,2026-06-25,-2.68,30.9,False
1964,300514,友讯达,9.23,-2.64,0.39,-14.32,9.464574034859,0.088144,50.9750112,36,4422,64.0,2026-06-25,-2.48,32.6,False
1965,300515,三德科技,13.48,-1.89,0.36,20.93,13.813730770522,0.153032,57.2268069,63,2897,62.4,2026-06-25,-2.42,35.7,False
1966,300516,久之洋,31.83,-3.87,0.74,-132.59,33.457984239063,0.2090052,54.8841905,777,3530,74.0,2026-06-25,-4.87,40.6,False
1967,300517,海波重科,9.63,-1.53,1.46,137.96,9.734480880064,0.1854852,51.53620899,-639,4311,63.2,2026-06-25,-1.07,32.6,False
1968,300518,新迅达,30.75,-4.47,1.77,-111.87,31.84364242521,0.4332964,59.60147733,1020,2267,66.0,2026-06-25,-3.43,39.3,False
1969,300519,新光药业,12.01,-3.15,0.44,18.22,12.332824367816,0.0915896,53.81352542,-948,3808,64.8,2026-06-25,-2.62,34.9,False
1970,300520,科大国创,27.3,-6.47,2.2,-51.32,29.810851162955,0.2988024,51.25130955,-1406,4361,76.0,2026-06-25,-8.42,39.0,False
1971,300521,爱司凯,27.28,-2.43,0.87,-199.43,27.508405218282,0.3089484,56.93879968,426,2975,66.8,2026-06-25,-0.83,38.0,False
1972,300522,世名科技,22.06,-7.85,4.84,831.91,23.951457575594,0.3217432,68.98327359,2098,582,83.6,2026-06-25,-7.9,57.7,False
1973,300523,辰安科技,18.12,-2.69,0.26,-35.46,18.613874002864,0.1520848,49.64627527,-682,4624,62.8,2026-06-25,-2.65,31.2,False
1974,300525,博思软件,7.67,-2.79,0.86,-23.1,7.979909805036,0.2165336,54.72736449,-261,3571,67.2,2026-06-25,-3.88,36.8,False
1975,300527,ST应急,6.5,-1.96,0.27,-58.15,6.70502456623,0.2503084,54.11041608,10,3732,68.0,2026-06-25,-3.06,36.8,False
1976,300528,幸福蓝海,12.92,-3.08,0.78,-287.55,13.277989003648,0.2212936,52.75938067,954,4042,64.4,2026-06-25,-2.7,34.0,False
1977,300529,健帆生物,15.4,-0.65,0.22,13.94,15.380658909826,0.168114,60.10622032,-824,2154,71.2,2026-06-25,0.13,42.8,False
1978,300530,领湃科技,16.92,-2.76,0.32,-22.81,17.405593983595,0.0858172,45.84473696,-406,5064,65.2,2026-06-25,-2.79,29.9,False
1979,300531,优博讯,15.7,-4.96,1.67,29.17,16.210569554716,0.2679388,68.36430366,307,633,68.0,2026-06-25,-3.15,46.5,False
1980,300532,今天国际,6.21,-2.2,0.32,19.07,6.403991794908,0.1991752,60.41018096,1116,2058,64.4,2026-06-25,-3.03,38.9,False
1981,300533,冰川网络,15.45,-6.08,2.73,-129.86,16.065362601006,0.2520724,65.6978159,692,984,69.6,2026-06-25,-3.83,45.7,False
1982,300534,陇神戎发,7.08,-2.48,0.47,21.77,7.238765244988,0.1570024,57.3348838,1056,2865,66.4,2026-06-25,-2.19,38.1,False
1983,300535,达威股份,13.67,-2.91,0.75,-45.34,14.182356373605,0.0674876,51.48279338,-884,4316,62.0,2026-06-25,-3.61,31.9,False
1984,300536,农尚环境,8.72,-3.65,0.89,-43.39,9.024978753262,0.2183696,46.81692161,-180,4992,61.6,2026-06-25,-3.38,28.8,False
1985,300537,广信材料,31.46,1.71,6.24,218.0,31.407632575924,0.3216356,65.61123184,-845,995,87.2,2026-06-25,0.17,57.2,False
1986,300538,同益股份,17.07,-0.52,3.6,93.64,17.229672659739,0.168004,64.73725725,1326,1127,77.2,2026-06-25,-0.93,50.0,False
1987,300539,横河精密,20.38,-2.58,0.81,136.67,21.055252398495,0.2046272,51.11705282,-250,4386,63.2,2026-06-25,-3.21,32.3,False
1988,300540,蜀道装备,25.02,-1.57,1.91,115.86,25.845583722689,0.271998,67.9315288,-527,673,75.6,2026-06-25,-3.19,51.4,False
1989,300541,先进数通,9.74,-2.5,0.71,-100.02,10.05975610414,0.2272812,57.82367335,-1132,2733,68.4,2026-06-25,-3.18,39.6,False
1990,300542,新晨科技,11.2,-3.28,0.73,-48.14,11.709129731001,0.1239552,50.51863281,-82,4501,69.2,2026-06-25,-4.35,35.0,False
1991,300543,朗科智能,7.3,-2.14,0.81,-67.61,7.456870173731,0.1567124,52.68246895,774,4063,66.0,2026-06-25,-2.1,34.8,False
1992,300545,联得装备,37.84,-0.03,3.7,64.55,37.654417851074,0.2906476,67.34400789,417,750,76.8,2026-06-25,0.49,51.7,False
1993,300546,雄帝科技,15.32,-3.04,0.94,-32.75,15.833168217616,0.1619968,55.8469399,-362,3281,67.2,2026-06-25,-3.24,37.5,False
1994,300547,川环科技,34.4,7.53,8.47,47.24,32.585886028769,0.3295696,70.87918406,1658,422,68.8,2026-06-25,5.57,48.8,False
1995,300548,长芯博创,277.04,-1.72,1.95,156.9,281.437939284726,0.4560436,74.13622602,-35,213,88.8,2026-06-25,-1.56,65.8,False
1996,300549,优德精密,13.07,-2.83,0.49,632.7,13.537082003746,0.09669,54.78199832,46,3553,65.2,2026-06-25,-3.45,35.7,False
1997,300550,和仁科技,13.22,-0.9,0.53,-94.47,13.392278163606,0.221904727273,60.17117491,-849,2130,64.0,2026-06-25,-1.29,38.5,False
1998,300551,古鳌科技,10.06,-3.45,0.57,-24.8,10.456344517795,0.1637272,48.83908377,190,4755,64.8,2026-06-25,-3.79,31.6,False
1999,300552,万集科技,23.24,-1.48,0.89,-47.51,23.781314394072,0.2050752,52.14740889,-60,4179,70.0,2026-06-25,-2.28,36.5,False
2000,300553,集智股份,75.3,-5.1,1.22,316.48,79.624105930564,0.3970008,61.28563828,801,1834,73.2,2026-06-25,-5.43,44.9,False
2001,300554,三超新材,27.63,-0.79,3.41,-206.39,27.695127578899,0.1926072,60.15837535,1181,2133,75.2,2026-06-25,-0.24,45.2,False
2002,300555,ST路通,12.23,-0.57,0.14,-85.42,12.337577077907,0.2878724,45.66646402,-163,5075,63.6,2026-06-25,-0.87,29.0,False
2003,300556,丝路视觉,17.72,-2.37,2.5,45.91,18.357842078213,0.1711536,52.71911695,-247,4050,74.4,2026-06-25,-3.47,39.2,False
2004,300557,理工光科,35.9,0.48,2.11,161.46,34.831041184076,0.3077224,68.54959879,-446,623,78.0,2026-06-25,3.07,53.5,False
2005,300558,贝达药业,60.25,-2.59,1.4,26.86,60.276336887769,0.4020872,68.98450583,61,581,86.0,2026-06-25,-0.04,59.3,False
2006,300559,佳发教育,10.42,-3.16,0.43,-187.49,10.809215457664,0.2639584,61.32910062,-519,1816,61.6,2026-06-25,-3.6,37.8,False
2007,300560,中富通,19.25,-4.18,3.34,136.78,20.615362513793,0.2945124,66.85744626,1278,811,80.0,2026-06-25,-6.62,53.5,False
2008,300561,汇金科技,14.99,-2.15,4.14,-433.26,15.682586550755,0.270645294118,56.24741863,1829,3169,84.0,2026-06-25,-4.42,47.2,False
2009,300562,乐心医疗,12.43,-4.75,2.47,21.18,12.861432697585,0.2231184,67.62761188,664,714,70.8,2026-06-25,-3.35,47.9,False
2010,300563,神宇股份,24.91,-7.47,2.34,84.05,27.190120900341,0.1569812,51.48914561,-96,4315,72.0,2026-06-25,-8.39,37.1,False
2011,300564,筑博设计,11.33,-1.22,0.61,-82.64,11.818337009101,0.1849044,57.13676752,174,2925,62.4,2026-06-25,-4.13,35.7,False
2012,300565,科信技术,10.53,-3.84,1.39,-43.35,11.061969411088,0.2114444,43.003504,-11,5170,64.8,2026-06-25,-4.81,27.9,False
2013,300566,激智科技,31.26,2.32,2.4,35.97,30.635376806524,0.34533,63.76326608,-157,1301,74.0,2026-06-25,2.04,47.2,False
2014,300567,精测电子,270.58,2.88,2.4,443.05,258.236937224066,0.5083832,70.75077229,81,433,89.2,2026-06-25,4.78,63.1,False
2015,300568,星源材质,17.15,-3.76,1.43,218.99,17.907487273967,0.3032248,55.96291427,637,3245,80.4,2026-06-25,-4.23,45.0,False
2016,300569,天能重工,4.78,2.14,1.13,36.06,4.727283925801,0.2337988,55.21979714,-1044,3443,66.0,2026-06-25,1.12,36.4,False
2017,300570,太辰光,226.41,-12.35,7.28,195.44,258.389265621898,0.4903512,64.11493486,-364,1227,89.6,2026-06-25,-12.38,57.4,False
2018,300571,平治信息,45.82,-7.08,6.85,327.4,51.606414824933,0.3767192,57.77563837,-1897,2747,80.0,2026-06-25,-11.21,46.2,False
2019,300572,安车检测,28.79,1.88,1.35,-318.31,28.688325988814,0.3997368,59.5682022,2072,2273,64.0,2026-06-25,0.35,38.1,False
2020,300573,兴齐眼药,40.02,-0.94,1.03,17.32,39.422678198764,0.3638984,74.17409717,53,209,73.6,2026-06-25,1.52,54.6,False
2021,300575,中旗股份,5.05,-0.59,0.81,898.0,5.090499357342,0.1273056,54.03022707,957,3752,61.2,2026-06-25,-0.8,33.1,False
2022,300576,容大感光,52.71,3.13,5.86,198.13,51.234357703096,0.3332128,58.4075949,-1092,2578,90.0,2026-06-25,2.88,52.6,False
2023,300577,开润股份,15.22,-1.49,0.31,9.24,15.562780026933,0.1317684,70.34525187,-52,467,64.8,2026-06-25,-2.2,45.6,False
2024,300578,会畅科技,16.99,-3.25,1.07,-70.39,17.70481387237,0.16268,50.7746839,-179,4462,69.2,2026-06-25,-4.04,35.1,False
2025,300579,数字认证,20.97,-3.05,0.47,-134.63,21.783736471726,0.1204312,55.29174452,-1139,3429,72.4,2026-06-25,-3.74,40.0,False
2026,300580,贝斯特,18.46,-2.84,0.57,31.74,19.357287713906,0.206344,54.94963073,59,3516,72.4,2026-06-25,-4.64,39.8,False
2027,300581,晨曦航空,10.71,-4.38,0.85,-138.16,11.301086598513,0.181898,46.28703676,-449,5033,78.0,2026-06-25,-5.23,36.1,False
2028,300582,英飞特,12.7,-1.47,0.84,112.83,12.987863151219,0.213252,48.34959414,36,4829,66.4,2026-06-25,-2.22,32.1,False
2029,300583,赛托生物,11.21,-2.27,0.43,147.0,11.394619282439,0.0992468,50.41475984,-732,4520,64.0,2026-06-25,-1.62,32.3,False
2030,300584,海辰药业,36.9,-3.71,2.99,63.76,38.252617486161,0.2468272,59.36952324,-1547,2324,79.2,2026-06-25,-3.54,47.0,False
2031,300585,奥联电子,15.8,-2.05,0.38,-119.14,16.159755140362,0.285476,46.88904706,-68,4988,65.2,2026-06-25,-2.23,30.6,False
2032,300586,美联新材,15.71,-2.9,2.85,1962.52,16.279067168554,0.3703456,63.23471191,2276,1406,81.6,2026-06-25,-3.5,51.6,False
2033,300587,天铁科技,3.81,-2.31,1.28,68.26,3.96275500539,0.2224656,37.63232257,-3,5205,62.4,2026-06-25,-3.85,23.5,False
2034,300588,熙菱信息,23.2,1.53,1.35,-51.45,22.878034792001,0.2858552,56.53504375,-998,3094,73.2,2026-06-25,1.41,41.4,False
2035,300589,江龙船艇,11.75,-2.73,1.07,346.57,12.113744445545,0.1561792,48.85478993,-229,4754,66.4,2026-06-25,-3.0,32.4,False
2036,300590,移为通信,14.35,-1.78,1.41,31.93,14.840849684827,0.19711,60.87417582,32,1948,68.0,2026-06-25,-3.31,41.4,False
2037,300591,万里马,6.97,-2.11,1.05,250.93,7.291822098807,0.3073536,58.23248138,-50,2628,66.0,2026-06-25,-4.41,38.4,False
2038,300592,华凯易佰,15.85,5.74,2.27,22.4,15.169558229631,0.195976,64.87319299,-652,1101,76.4,2026-06-25,4.49,49.6,False
2039,300593,新雷能,31.12,-4.83,1.4,-97.99,32.625844424671,0.3423836,63.60258706,1241,1330,73.6,2026-06-25,-4.62,46.8,False
2040,300594,ST朗进,13.19,-1.12,0.53,-25.09,13.576338416733,0.286419019608,46.08519644,-793,5049,60.8,2026-06-25,-2.85,28.0,False
2041,300595,欧普康视,10.68,-1.57,0.32,16.35,10.706818221888,0.2171276,60.90339005,-639,1935,70.8,2026-06-25,-0.25,43.1,False
2042,300596,利安隆,47.45,-4.03,0.9,20.64,49.856145871295,0.2399848,62.02576207,-690,1649,74.4,2026-06-25,-4.83,46.1,False
2043,300597,吉大通信,7.2,-3.23,0.49,-93.34,7.457892217862,0.158488,56.13054493,130,3194,63.6,2026-06-25,-3.46,35.7,False
2044,300598,诚迈科技,28.71,-1.2,0.8,-45.63,29.21163895335,0.1912,51.4093392,-170,4328,72.4,2026-06-25,-1.72,37.2,False
2045,300599,雄塑科技,10.77,-1.01,1.4,29.89,10.833673849522,0.3048712,54.05069661,1088,3747,63.6,2026-06-25,-0.59,34.4,False
2046,300600,国瑞科技,9.48,-2.37,0.32,-166.22,9.730634482679,0.251404,56.20080478,343,3177,66.0,2026-06-25,-2.58,37.1,False
2047,300601,康泰生物,11.3,-1.82,0.39,94.64,11.329665284054,0.2252644,54.46512009,-1121,3639,73.6,2026-06-25,-0.26,40.1,False
2048,300602,飞荣达,50.62,2.1,2.74,95.19,49.744591108075,0.354384,70.02020812,333,489,86.0,2026-06-25,1.76,60.2,False
2049,300603,立昂技术,7.71,-3.75,1.62,-29.17,8.159768837292,0.2317932,49.43550083,-263,4662,68.8,2026-06-25,-5.51,34.0,False
2050,300604,长川科技,319.56,3.09,2.39,143.77,307.144498768108,0.5357932,78.17187791,-63,66,94.8,2026-06-25,4.04,74.1,False
2051,300605,恒锋信息,9.21,-3.76,1.23,-27.56,9.6081719568,0.090802,51.11417712,542,4388,63.6,2026-06-25,-4.14,32.5,False
2052,300606,金太阳,44.35,-3.5,1.7,160.41,46.563613181259,0.2610948,57.20794045,-535,2900,75.2,2026-06-25,-4.75,43.0,False
2053,300607,拓斯达,40.09,-0.37,4.26,99.42,39.270140603558,0.3422636,63.74439343,1423,1304,86.4,2026-06-25,2.09,55.1,False
2054,300608,思特奇,10.88,-3.46,2.38,-13.97,11.630180456248,0.2408572,49.62422523,-875,4630,71.6,2026-06-25,-6.45,35.5,False
2055,300609,汇纳科技,33.21,0.54,0.59,-49.32,34.369760340569,0.2978476,55.49429626,-364,3378,68.8,2026-06-25,-3.37,38.2,False
2056,300610,晨化股份,9.9,-1.79,0.63,20.3,10.12457288896,0.1742,61.30352993,278,1826,62.8,2026-06-25,-2.22,38.5,False
2057,300611,美力科技,23.46,-4.01,1.1,71.47,24.539065119862,0.2758712,56.51634095,-546,3101,65.2,2026-06-25,-4.4,36.8,False
2058,300612,宣亚国际,10.7,-3.86,1.01,-24.84,11.110400177657,0.16413,52.27644103,768,4151,67.2,2026-06-25,-3.69,35.1,False
2059,300613,富瀚微,78.15,-2.43,3.1,53.46,80.172277078202,0.3540868,71.3368733,64,389,82.8,2026-06-25,-2.52,59.1,False
2060,300614,百川畅银,9.72,-2.9,0.59,-19.2,10.020693976854,0.077072,44.38239888,-23,5124,61.6,2026-06-25,-3.0,27.3,False
2061,300615,欣天科技,10.31,-3.82,1.0,-14.79,10.851316895098,0.1449068,55.10430281,298,3480,64.4,2026-06-25,-4.99,35.5,False
2062,300616,尚品宅配,11.2,-4.36,1.58,-6.48,11.785853103007,0.2016044,50.66716817,463,4478,61.6,2026-06-25,-4.97,31.2,False
2063,300617,安靠智电,54.76,-2.84,0.94,46.37,56.192567887233,0.248378,55.90751334,-828,3266,68.8,2026-06-25,-2.55,38.5,False
2064,300618,寒锐钴业,35.8,-2.72,0.98,42.81,37.212183094269,0.2852352,61.04164622,-1340,1904,78.8,2026-06-25,-3.79,48.1,False
2065,300619,金银河,35.79,-2.0,0.89,-107.49,37.101985562216,0.2687576,53.68449694,-542,3826,66.8,2026-06-25,-3.54,35.9,False
2066,300620,光库科技,380.0,-3.91,1.26,529.15,389.659094368768,0.4464576,67.9806341,-384,667,91.6,2026-06-25,-2.48,62.3,False
2067,300621,维业股份,6.34,-2.61,0.47,-7.23,6.519341639689,0.0975052,52.68162599,139,4064,62.8,2026-06-25,-2.75,33.1,False
2068,300622,博士眼镜,13.98,-2.24,0.89,27.94,14.398590255776,0.1420796,59.00604571,-339,2407,67.6,2026-06-25,-2.91,39.9,False
2069,300623,捷捷微电,41.52,0.34,1.92,86.17,41.470163257209,0.334532,67.74659998,-540,693,91.6,2026-06-25,0.12,62.1,False
2070,300624,万兴科技,50.9,-5.36,1.64,-51.27,54.160739626459,0.2442344,53.83173695,67,3804,75.2,2026-06-25,-6.02,40.5,False
2071,300625,三雄极光,9.12,-2.67,0.33,-24.71,9.377263130947,0.0647032,53.72096611,-479,3819,62.0,2026-06-25,-2.74,33.3,False
2072,300626,华瑞股份,38.59,-4.65,1.61,255.02,39.12145283858,0.3684976,62.475201,1261,1552,73.2,2026-06-25,-1.36,45.7,False
2073,300627,华测导航,27.54,-4.47,0.6,43.51,28.322729002574,0.3245948,67.82256138,1752,687,72.0,2026-06-25,-2.76,48.8,False
2074,300628,亿联网络,33.06,-2.04,0.29,15.97,33.442285112222,0.2564144,75.44064284,33,157,75.6,2026-06-25,-1.14,57.0,False
2075,300629,新劲刚,19.68,-5.38,1.53,115.39,20.35590534934,0.2650912,66.42484865,2476,882,63.6,2026-06-25,-3.32,42.2,False
2076,300631,久吾高科,24.0,-3.11,0.52,47.39,24.821658278398,0.175316,56.58068795,196,3076,69.2,2026-06-25,-3.31,39.2,False
2077,300632,光莆股份,30.15,-4.19,3.09,2725.39,30.50662647167,0.327664,59.80862514,710,2214,75.6,2026-06-25,-1.17,45.2,False
2078,300633,开立医疗,18.36,-1.92,0.44,-167.97,18.558085399231,0.197124,58.50013417,-1097,2552,67.6,2026-06-25,-1.07,39.5,False
2079,300634,彩讯股份,19.99,-4.49,1.12,89.08,21.310290280759,0.2832352,61.45330353,-431,1780,71.2,2026-06-25,-6.2,43.8,False
2080,300635,中达安,11.91,-2.7,2.14,279.57,12.748987689291,0.2177412,48.06832494,-1439,4862,63.6,2026-06-25,-6.58,30.6,False
2081,300636,同和药业,6.5,-2.26,0.61,36.34,6.620633201881,0.2324896,59.26160595,-59,2347,66.8,2026-06-25,-1.82,39.6,False
2082,300637,扬帆新材,10.65,0.85,1.69,-197.41,10.630777147234,0.172318,57.89759244,-898,2708,69.6,2026-06-25,0.18,40.3,False
2083,300638,广和通,18.48,-2.74,0.71,429.81,19.143897514995,0.2250448,54.31900464,-130,3672,69.6,2026-06-25,-3.47,37.8,False
2084,300639,凯普生物,4.99,-2.73,0.77,-288.4,5.135907364657,0.2141704,52.37850137,698,4129,66.0,2026-06-25,-2.84,34.6,False
2085,300640,德艺文创,5.28,-2.58,1.11,316.9,5.463045542218,0.115804,54.02642372,-1266,3753,61.6,2026-06-25,-3.35,33.3,False
2086,300641,正丹股份,16.18,-1.4,0.77,31.65,16.546662004241,0.2947656,57.7300587,-41,2762,72.4,2026-06-25,-2.22,41.8,False
2087,300642,透景生命,11.89,-1.98,0.58,-86.89,12.08678298475,0.135702,52.33173696,705,4141,63.6,2026-06-25,-1.63,33.3,False
2088,300643,万通智控,18.31,-4.04,0.81,26.79,18.886993140598,0.2223324,68.82364535,758,592,73.6,2026-06-25,-3.05,50.7,False
2089,300644,南京聚隆,23.83,-2.69,0.77,25.53,24.741844139116,0.2072052,57.74553268,-408,2756,67.2,2026-06-25,-3.69,38.8,False
2090,300645,正元智慧,11.75,-3.53,1.27,-35.32,12.175849214605,0.091934,56.91097226,190,2982,65.6,2026-06-25,-3.5,37.3,False
2091,300647,超频三,6.11,-2.4,1.06,80.15,6.293082924722,0.1734836,51.61194186,-1831,4297,72.0,2026-06-25,-2.91,37.2,False
2092,300648,星云股份,41.37,-1.78,0.33,-112.37,42.032486621354,0.3656208,46.70525562,-81,4999,67.2,2026-06-25,-1.58,31.4,False
2093,300649,杭州园林,27.8,1.09,0.67,-97.77,27.669344376864,0.2155148,58.90290495,1422,2442,69.2,2026-06-25,0.47,40.8,False
2094,300650,太龙股份,15.31,3.03,14.27,120.34,14.152667874304,0.3788804,71.51155448,3743,375,66.0,2026-06-25,8.18,47.2,False
2095,300651,金陵体育,17.87,-2.67,1.75,1151.46,18.554336071281,0.2104484,48.44902797,-1,4817,62.8,2026-06-25,-3.69,30.4,False
2096,300652,雷迪克,33.56,-2.16,0.75,41.8,35.721200093059,0.226972,51.85999461,-1964,4237,64.0,2026-06-25,-6.05,33.2,True
2097,300653,正海生物,14.51,-3.07,0.44,44.27,15.04269533622,0.1749568,57.13681086,-1835,2924,70.4,2026-06-25,-3.54,40.2,False
2098,300654,世纪天鸿,9.5,-1.45,0.88,159.38,9.799230564646,0.2395876,52.24378201,-1043,4158,68.8,2026-06-25,-3.05,35.9,False
2099,300655,晶瑞电材,18.45,3.83,5.68,776.56,17.715070333293,0.3334504,62.96746864,-1144,1458,91.6,2026-06-25,4.15,57.7,False
2100,300656,民德电子,36.89,-3.07,1.27,-60.07,38.465592763395,0.2813244,52.56210997,-2544,4084,76.4,2026-06-25,-4.1,40.2,False
2101,300657,弘信电子,43.66,-5.7,3.01,138.78,46.02438204266,0.40923,65.89406685,-49,957,78.0,2026-06-25,-5.14,51.4,False
2102,300658,延江股份,11.69,-2.99,1.27,30.95,12.070561154168,0.1113168,52.9198907,134,4005,60.8,2026-06-25,-3.15,32.2,False
2103,300659,中孚信息,9.69,-2.71,1.13,-7.93,10.072753831835,0.1521948,52.44851708,-227,4113,67.2,2026-06-25,-3.8,35.2,False
2104,300660,江苏雷利,26.35,-3.05,0.34,58.27,27.460864400173,0.245016,50.68935847,-73,4474,74.0,2026-06-25,-4.05,37.5,False
2105,300661,圣邦股份,132.28,-4.34,0.89,166.03,137.140997191653,0.3981044,75.74207538,267,139,86.0,2026-06-25,-3.54,65.1,False
2106,300662,科锐国际,17.3,-2.81,0.45,9.26,17.772902757662,0.1424288,57.73655298,441,2759,63.6,2026-06-25,-2.66,36.7,False
2107,300663,科蓝软件,6.68,-3.47,1.2,-28.25,6.928592063013,0.1679276,47.09868105,4,4969,71.2,2026-06-25,-3.59,33.5,False
2108,300664,鹏鹞环保,4.3,-0.92,0.25,11.18,4.352357982346,0.2421776,53.43614907,316,3881,63.2,2026-06-25,-1.2,33.8,False
2109,300665,飞鹿股份,10.66,-5.58,5.6,-102.28,11.860849898212,0.315498888889,53.81196555,-2713,3809,78.8,2026-06-25,-10.12,42.4,False
2110,300666,江丰电子,336.6,2.0,4.02,110.72,324.014894028036,0.5257272,73.56784338,255,241,93.6,2026-06-25,3.88,68.9,False
2111,300667,必创科技,16.16,-3.06,1.91,-697.02,16.959620051532,0.1801092,52.65369916,-700,4066,68.0,2026-06-25,-4.71,35.8,False
2112,300668,杰恩股份,58.73,4.02,1.82,-271.84,56.959087459823,0.3776508,63.70268546,1311,1313,62.4,2026-06-25,3.11,39.8,False
2113,300669,沪宁股份,26.96,-2.03,0.18,621.76,27.888989131976,0.2528444,48.62427503,-24,4793,60.8,2026-06-25,-3.33,29.6,False
2114,300670,大烨智能,6.01,-0.17,1.22,-49.11,6.055555521865,0.1680076,53.5593389,441,3851,67.2,2026-06-25,-0.75,36.0,False
2115,300671,富满微,70.81,-1.1,3.56,190.98,72.919998508203,0.3717536,57.49080939,-822,2816,90.8,2026-06-25,-2.89,52.2,False
2116,300672,国科微,302.68,-1.84,1.32,299.02,312.932219490365,0.51459,61.31267998,-390,1823,79.6,2026-06-25,-3.28,48.8,False
2117,300673,佩蒂股份,12.0,-2.52,0.49,91.95,12.144976409221,0.1587928,57.31713327,1150,2873,64.8,2026-06-25,-1.19,37.1,False
2118,300674,宇信科技,15.6,-2.38,0.51,60.21,16.186497975557,0.2473492,60.3363188,-395,2074,72.4,2026-06-25,-3.62,43.7,False
2119,300675,建科院,12.05,-2.03,0.52,-22.53,12.315928778262,0.1415396,50.79915051,-13,4458,65.2,2026-06-25,-2.16,33.1,False
2120,300676,华大基因,35.28,-2.84,0.48,-387.54,35.819852183286,0.298606,56.56873851,497,3082,80.4,2026-06-25,-1.51,45.5,True
2121,300677,英科医疗,37.72,-3.82,0.49,615.54,38.948458611495,0.1731596,56.91823036,129,2981,70.8,2026-06-25,-3.15,40.3,False
2122,300678,中科信息,21.93,-4.24,0.8,350.06,23.088324238347,0.2122608,58.08942825,-168,2665,72.8,2026-06-25,-5.02,42.3,False
2123,300679,电连技术,64.94,-2.87,1.27,79.15,66.656070705857,0.4672904,69.02500194,332,577,80.0,2026-06-25,-2.57,55.2,False
2124,300680,隆盛科技,22.0,-2.78,1.09,27.82,22.908325970964,0.2077204,49.55991574,-410,4644,68.0,2026-06-25,-3.97,33.7,False
2125,300681,英搏尔,29.02,-2.88,0.89,39.13,29.991421822499,0.2505544,59.90393556,-976,2194,65.6,2026-06-25,-3.24,39.3,False
2126,300682,朗新科技,10.26,-1.72,0.42,-55.63,10.529448469323,0.2348576,51.58578316,58,4302,68.4,2026-06-25,-2.56,35.3,False
2127,300683,海特生物,23.97,-1.44,0.98,-34.04,23.967313690449,0.1980536,53.33848915,202,3910,65.2,2026-06-25,0.01,34.8,False
2128,300684,中石科技,57.42,-3.33,1.97,66.37,59.639114830326,0.3271564,71.46212152,-58,378,83.2,2026-06-25,-3.72,59.5,False
2129,300685,艾德生物,16.89,-0.12,0.49,19.34,16.765525670413,0.211969259259,61.98337389,248,1666,71.6,2026-06-25,0.74,44.4,False
2130,300686,智动力,19.71,-1.35,0.73,-24.92,19.931696898335,0.3259516,63.36100973,584,1379,72.4,2026-06-25,-1.11,45.9,False
2131,300687,赛意信息,27.08,-3.84,2.06,87.59,28.217171507449,0.3275528,63.95050614,-853,1264,79.2,2026-06-25,-4.03,50.6,False
2132,300688,创业黑马,27.04,-0.07,1.27,-252.79,27.769851227755,0.2494468,55.85843403,-1082,3278,72.8,2026-06-25,-2.63,40.7,False
2133,300689,澄天伟业,63.26,3.08,1.1,-586.38,61.820403759137,0.249712,56.43655922,170,3127,70.0,2026-06-25,2.33,39.5,False
2134,300690,双一科技,22.34,-0.04,1.66,43.45,22.390006502421,0.1966268,57.44760732,-303,2830,65.6,2026-06-25,-0.22,37.7,False
2135,300691,联合光电,15.7,-0.95,0.8,-273.3,16.022155485576,0.1612648,55.32574817,-1135,3416,69.2,2026-06-25,-2.01,38.3,False
2136,300692,中赋科技,7.59,-1.81,0.29,59.56,7.646302395079,0.3033524,54.77409471,1089,3559,64.0,2026-06-25,-0.74,35.1,False
2137,300693,盛弘股份,45.1,-2.63,1.69,41.4,45.747044981103,0.3273356,73.4276,997,253,75.2,2026-06-25,-1.41,55.2,False
2138,300694,蠡湖股份,9.08,-2.47,0.51,33.15,9.385622068493,0.1647432,53.85893157,-46,3793,63.2,2026-06-25,-3.26,34.0,False
2139,300695,兆丰股份,50.49,-3.09,0.32,-78.0,53.142339576727,0.1881776,55.68070747,-200,3332,62.8,2026-06-25,-4.99,35.0,False
2140,300696,爱乐达,30.01,-2.22,0.8,1496.88,31.242049890023,0.2924276,53.29847427,-391,3918,66.4,2026-06-25,-3.94,35.4,False
2141,300697,电工合金,16.37,-2.09,0.93,28.37,16.96494303581,0.2186144,63.25275859,-781,1404,78.8,2026-06-25,-3.51,49.8,False
2142,300698,万马科技,27.98,-3.22,0.56,154.63,29.20125974114,0.1311504,51.60048642,-200,4299,64.4,2026-06-25,-4.18,33.2,False
2143,300699,光威复材,26.88,-2.96,0.53,46.01,27.78647129115,0.3003764,60.41136215,-1204,2057,78.8,2026-06-25,-3.26,47.6,False
2144,300700,岱勒新材,22.44,-1.71,0.9,903.88,22.649626056712,0.3424736,62.27379721,882,1589,75.6,2026-06-25,-0.93,47.1,False
2145,300701,森霸传感,9.51,-5.0,1.43,82.97,10.07957943869,0.1604196,64.1348597,-447,1225,72.0,2026-06-25,-5.65,46.2,False
2146,300702,天宇股份,20.78,-1.66,0.51,42.85,20.631035586282,0.2001372,58.70155244,-978,2495,70.4,2026-06-25,0.72,41.3,False
2147,300703,创源股份,12.72,-3.34,1.06,-29.95,13.224617761826,0.1170684,47.13768451,-11,4962,64.0,2026-06-25,-3.82,30.2,False
2148,300705,九典制药,9.73,-1.82,0.59,21.45,9.954996230619,0.18843,57.30640574,-1394,2877,67.6,2026-06-25,-2.26,38.7,False
2149,300706,阿石创,75.6,-3.2,7.42,165.56,75.349821132739,0.3678504,69.02448601,1393,578,88.4,2026-06-25,0.33,61.0,False
2150,300707,威唐工业,11.48,-0.95,1.47,-43.8,11.616559861078,0.1511512,50.41590364,-94,4519,64.4,2026-06-25,-1.18,32.5,False
2151,300708,聚灿光电,7.99,-0.87,1.08,63.37,7.922084015067,0.254458,58.57259023,539,2534,69.2,2026-06-25,0.86,40.5,False
2152,300709,精研科技,64.05,-1.46,2.48,-59.93,66.837149717051,0.3721592,61.22945474,-336,1854,82.8,2026-06-25,-4.17,50.7,False
2153,300710,万隆光电,37.06,4.39,4.64,-101.21,33.89344637298,0.3510656,59.31915931,2170,2337,67.6,2026-06-25,9.34,40.1,False
2154,300711,广哈通信,16.03,-3.49,0.26,-135.45,16.673852939056,0.130376,57.10070433,-59,2933,65.2,2026-06-25,-3.86,37.2,False
2155,300712,永福股份,20.22,-1.84,0.31,377.67,20.6914614072,0.1396744,49.75652137,93,4607,64.0,2026-06-25,-2.28,31.8,False
2156,300713,英可瑞,12.75,-2.52,1.17,-26.32,13.196776182007,0.1292532,51.83984669,-1169,4239,65.2,2026-06-25,-3.39,33.8,False
2157,300715,凯伦股份,17.93,1.07,1.58,116.93,18.19063501106,0.2123408,52.15422164,-687,4178,62.4,2026-06-25,-1.43,32.5,False
2158,300716,*ST泉为,22.61,-4.28,1.69,-59.91,24.442604146959,0.520879411765,51.57908747,-511,4303,70.0,2026-06-25,-7.5,36.1,False
2159,300717,华信新材,20.59,1.13,3.61,42.65,20.637666328093,0.222964,67.24779696,188,763,70.8,2026-06-25,-0.23,47.6,False
2160,300718,长盛轴承,59.34,-2.64,0.7,72.61,61.597451609469,0.2621176,55.7724108,-147,3302,80.8,2026-06-25,-3.66,45.1,False
2161,300719,安达维尔,11.66,-2.59,0.69,-53.96,12.036036188179,0.1753704,49.66636518,-1103,4622,69.2,2026-06-25,-3.12,34.4,False
2162,300720,海川智能,82.79,2.84,1.64,569.94,82.809360040521,0.4810412,63.83376235,714,1287,70.4,2026-06-25,-0.02,44.9,False
2163,300721,怡达股份,36.3,3.27,11.62,347.13,35.766444978155,0.3312356,69.94461083,1075,496,84.8,2026-06-25,1.49,59.3,False
2164,300722,新余国科,20.9,-4.13,0.33,408.9,21.957221480042,0.1815908,59.00526792,-350,2409,69.2,2026-06-25,-4.81,40.8,False
2165,300723,一品红,33.63,-3.58,0.68,6.39,34.108543391546,0.313586,53.17583658,212,3949,72.4,2026-06-25,-1.4,38.5,False
2166,300724,捷佳伟创,67.4,-1.1,1.16,21.71,68.492397027846,0.2915208,56.11968786,-467,3196,70.0,2026-06-25,-1.59,39.3,False
2167,300725,药石科技,34.93,0.98,1.3,41.76,34.486669901183,0.2920036,58.76566993,-1803,2475,78.4,2026-06-25,1.29,46.1,False
2168,300726,宏达电子,89.76,-1.69,3.86,98.38,90.775528882706,0.4053668,74.41261932,202,203,90.8,2026-06-25,-1.12,67.6,False
2169,300727,润禾材料,35.59,1.28,1.55,58.62,35.255332561019,0.228994,67.70443426,66,699,74.4,2026-06-25,0.95,50.4,False
2170,300729,乐歌股份,9.69,-1.12,0.21,1026.1,9.85873462118,0.1664752,56.65144153,52,3059,64.8,2026-06-25,-1.71,36.7,False
2171,300730,科创信息,13.67,0.89,1.62,-65.02,13.733849182853,0.2135364,51.59824598,-1473,4300,74.0,2026-06-25,-0.46,38.2,False
2172,300731,科创新源,57.9,-2.16,1.31,-855.95,60.256581129484,0.3557716,65.0023484,-276,1077,72.8,2026-06-25,-3.91,47.3,False
2173,300732,设研院,5.72,-1.72,0.39,-77.74,5.819785303625,0.0864228,46.33309537,-423,5031,63.2,2026-06-25,-1.71,29.3,False
2174,300733,西菱动力,12.67,-0.71,0.49,114.67,12.855819426996,0.2276472,53.53060123,-1383,3861,64.0,2026-06-25,-1.45,34.3,False
2175,300735,光弘科技,21.72,-3.55,0.83,257.79,22.620213569465,0.3230064,69.33671067,16,556,80.0,2026-06-25,-3.98,55.5,False
2176,300736,百邦科技,33.98,-3.33,1.23,-231.03,35.393927557514,0.3162176,61.4342624,1101,1785,60.4,2026-06-25,-3.99,37.1,False
2177,300737,科顺股份,7.14,-3.12,1.58,31.18,7.540122542959,0.3188372,61.09281719,-923,1889,73.2,2026-06-25,-5.31,44.7,False
2178,300738,奥飞数据,19.8,-4.85,1.74,52.59,21.023769675368,0.3093092,61.23016804,-700,1853,80.8,2026-06-25,-5.82,49.5,False
2179,300739,明阳电路,34.11,1.1,2.37,217.64,32.781220025024,0.3124272,69.53430034,380,531,80.8,2026-06-25,4.05,56.2,False
2180,300740,水羊股份,18.59,-2.67,2.08,52.52,19.735364259065,0.3037812,52.07837129,-798,4192,66.8,2026-06-25,-5.8,34.8,False
2181,300741,华宝股份,13.11,-1.94,0.07,45.24,13.316319269281,0.1817484,52.36764997,-981,4133,63.6,2026-06-25,-1.55,33.3,False
2182,300743,天地数码,15.24,-2.5,0.66,14.61,15.777895846745,0.1212204,60.95030865,-798,1919,63.2,2026-06-25,-3.41,38.5,False
2183,300745,欣锐科技,41.4,-0.65,1.22,325.95,41.252037608585,0.2472496,60.59756175,-688,2017,66.8,2026-06-25,0.36,40.5,False
2184,300746,汉嘉数智,10.7,-1.38,0.41,75.46,10.822728109387,0.1326672,56.34772826,499,3145,64.4,2026-06-25,-1.13,36.3,False
2185,300747,锐科激光,55.43,-6.34,2.8,186.02,56.287961274329,0.4384984,72.40802,1329,314,82.8,2026-06-25,-1.52,60.0,False
2186,300748,金力永磁,31.23,-3.55,0.95,55.71,32.357647568382,0.3331424,66.91601889,238,797,84.0,2026-06-25,-3.48,56.2,False
2187,300749,顶固集创,25.84,7.35,4.11,-71.48,23.774760821912,0.3057072,59.71578825,628,2240,62.4,2026-06-25,8.69,37.3,False
2188,300750,宁德时代,398.64,-0.81,0.2,22.23,398.099773190183,0.5658584,77.56498126,311,80,88.4,2026-06-25,0.14,68.6,False
2189,300751,迈为股份,251.9,0.96,2.41,148.82,242.038416257695,0.4500504,73.97228493,482,222,76.8,2026-06-25,4.07,56.8,False
2190,300752,隆利科技,13.17,-2.44,1.38,68.21,13.788414434444,0.1565012,57.90757417,-1155,2704,72.0,2026-06-25,-4.49,41.7,False
2191,300753,爱朋医疗,19.43,-3.0,4.47,-139.44,20.512524476587,0.2074836,55.90053596,-1950,3267,73.2,2026-06-25,-5.28,40.9,False
2192,300755,华致酒行,12.52,-1.03,0.44,24.6,12.94155143919,0.210852,61.42184948,1859,1791,63.6,2026-06-25,-3.26,39.1,False
2193,300756,金马游乐,31.15,-4.89,0.96,63.15,32.552114990611,0.3497152,63.65107807,-11,1324,61.6,2026-06-25,-4.31,39.2,False
2194,300757,罗博特科,618.02,-4.48,1.26,-667.12,642.582124257116,0.5479084,64.28805164,1520,1204,86.0,2026-06-25,-3.82,55.3,False
2195,300758,七彩化学,12.83,1.42,1.31,80.96,13.012924694027,0.2175184,51.55802011,-115,4308,65.2,2026-06-25,-1.41,33.6,False
2196,300759,康龙化成,27.03,6.54,2.3,37.02,24.993350610701,0.3658864,69.83789416,-361,505,84.4,2026-06-25,8.15,58.9,False
2197,300760,迈瑞医疗,137.24,-0.67,0.19,17.86,136.60851487493,0.377784,72.27399855,296,321,86.0,2026-06-25,0.46,62.2,False
2198,300761,立华股份,15.82,0.83,0.38,21.62,15.851642345338,0.2026968,57.10738707,-296,2932,64.4,2026-06-25,-0.2,36.8,False
2199,300762,上海瀚讯,41.0,1.38,1.93,-145.57,40.388873265387,0.42245,54.13153336,-2259,3723,86.0,2026-06-25,1.51,46.6,False
2200,300763,锦浪科技,86.15,1.23,1.2,140.17,85.59194235501,0.2848616,54.03208192,-364,3751,70.4,2026-06-25,0.65,38.0,False
2201,300765,石药创新,26.24,0.42,0.26,-98.17,25.955917088143,0.3162712,55.59455427,-450,3362,71.6,2026-06-25,1.09,39.8,False
2202,300766,每日互动,21.3,-3.84,1.44,-130.63,22.438383804659,0.2383284,49.81301829,-551,4599,69.6,2026-06-25,-5.07,34.7,False
2203,300767,震安科技,23.59,-2.76,1.16,-857.05,24.309962885813,0.398432,57.19683457,1903,2901,70.0,2026-06-25,-2.96,40.0,False
2204,300768,迪普科技,13.58,-3.35,0.53,47.51,14.093470546795,0.20568,58.67009358,-96,2509,64.8,2026-06-25,-3.64,38.0,False
2205,300769,德方纳米,68.88,-2.97,2.72,18.21,71.203062039778,0.3825568,58.80523437,-882,2463,86.8,2026-06-25,-3.26,51.0,False
2206,300770,新媒股份,32.0,-2.56,0.29,12.73,33.221105362922,0.2160924,60.44071148,-1042,2051,66.4,2026-06-25,-3.68,40.1,False
2207,300771,智莱科技,10.41,-2.25,0.62,39.66,10.744187287379,0.1597,54.01375484,-344,3760,62.4,2026-06-25,-3.11,33.7,False
2208,300772,运达股份,11.8,2.88,1.81,48.56,11.445946350884,0.25242,60.22554515,-194,2113,67.6,2026-06-25,3.09,40.7,False
2209,300773,拉卡拉,15.95,-3.74,0.97,7.29,16.645149202702,0.2983796,52.85898593,49,4019,69.6,2026-06-25,-4.18,36.8,False
2210,300774,倍杰特,10.96,-4.36,1.77,-37.45,11.654866265146,0.1625656,52.48802046,330,4100,62.8,2026-06-25,-5.96,33.0,False
2211,300775,三角防务,21.38,-3.91,1.13,272.56,22.789186961558,0.3268936,62.22766283,1632,1597,68.4,2026-06-25,-6.18,42.6,False
2212,300776,帝尔激光,187.25,4.49,4.1,81.59,177.81897169904,0.46529,73.47807096,922,249,86.0,2026-06-25,5.3,63.2,False
2213,300777,中简科技,25.72,-3.71,1.1,148.17,27.011606344355,0.3494944,51.18036223,-721,4376,71.6,2026-06-25,-4.78,36.6,False
2214,300778,新城市,9.03,-2.17,0.66,-27.01,9.318334684304,0.1528652,47.14129462,45,4961,63.6,2026-06-25,-3.09,30.0,False
2215,300779,惠城环保,56.05,-1.29,1.04,1954.81,56.991429304494,0.3329036,66.15088687,281,921,65.2,2026-06-25,-1.65,43.1,False
2216,300780,德恩精工,33.18,7.38,4.83,-113.68,32.284121316121,0.3163596,60.86739761,459,1949,73.6,2026-06-25,2.77,44.8,False
2217,300781,因赛集团,25.92,-4.25,1.02,91.73,27.302777604276,0.193636,53.24265135,-32,3933,67.6,2026-06-25,-5.06,36.0,False
2218,300782,卓胜微,106.39,-4.43,1.89,-105.97,111.690396478995,0.4690736,61.48739269,-1004,1773,89.2,2026-06-25,-4.75,54.8,False
2219,300783,三只松鼠,15.8,-2.59,0.61,5.81,16.313879924707,0.1747536,55.69611549,440,3324,73.6,2026-06-25,-3.15,41.0,False
2220,300784,利安科技,43.65,-2.33,1.7,78.69,45.071246779943,0.1824144,55.77450978,-1561,3301,63.6,2026-06-25,-3.15,35.5,False
2221,300785,值得买,36.68,-4.15,1.57,509.92,38.552552719784,0.1742284,57.19492993,-540,2902,66.8,2026-06-25,-4.86,38.2,False
2222,300786,国林科技,24.37,5.22,5.84,232.08,23.856469727345,0.2440632,63.04279391,-62,1448,78.0,2026-06-25,2.15,49.2,False
2223,300787,海能实业,9.26,-1.8,0.55,-74.91,9.571752659831,0.1641204,55.31877857,-1124,3419,65.6,2026-06-25,-3.26,36.3,False
2224,300788,中信出版,23.1,-2.37,0.32,26.4,23.761029366406,0.1212316,50.44494133,-31,4514,62.0,2026-06-25,-2.78,31.3,False
2225,300789,唐源电气,17.02,-1.96,0.8,42.85,17.49009785432,0.089158,61.38958866,68,1799,62.0,2026-06-25,-2.69,38.1,False
2226,300790,宇瞳光学,26.96,1.7,3.84,62.11,26.737066564087,0.3624608,61.33195285,-824,1815,76.8,2026-06-25,0.83,47.1,False
2227,300791,仙乐健康,16.2,-1.76,0.14,25.05,16.50230710338,0.1095064,54.05459694,172,3744,63.6,2026-06-25,-1.83,34.4,False
2228,300792,壹网壹创,25.93,-4.42,0.84,48.93,27.318127258863,0.2519568,55.36624354,-314,3406,68.4,2026-06-25,-5.08,37.9,False
2229,300793,佳禾智能,11.32,-2.41,0.39,-124.25,11.627606025109,0.207212,47.6133985,-67,4924,68.4,2026-06-25,-2.65,32.6,False
2230,300795,米奥会展,8.47,-2.42,0.55,-25.64,8.687349097961,0.105134,58.91663348,-84,2437,66.8,2026-06-25,-2.5,39.4,False
2231,300796,贝斯美,6.39,-2.29,0.33,194.64,6.515503261563,0.1441192,48.59161882,90,4801,62.0,2026-06-25,-1.93,30.1,False
2232,300797,钢研纳克,13.53,-1.96,0.21,54.89,13.809551986368,0.1039192,63.7281918,1262,1308,65.2,2026-06-25,-2.02,41.6,False
2233,300798,锦鸡股份,6.71,-2.47,0.84,-51.99,6.949464304141,0.2085544,49.9869688,105,4574,59.6,2026-06-25,-3.45,29.8,False
2234,300800,力合科技,9.29,-1.59,0.3,36.85,9.466536755342,0.1114192,58.70852011,120,2492,64.0,2026-06-25,-1.86,37.6,False
2235,300801,泰和科技,29.47,4.06,5.4,18.71,28.44711139365,0.2559132,70.55531705,496,452,72.0,2026-06-25,3.6,50.8,False
2236,300802,矩子科技,24.17,-2.5,1.79,52.77,25.397231156293,0.2681452,63.6705117,-665,1319,77.6,2026-06-25,-4.83,49.4,False
2237,300803,指南针,99.65,-2.35,1.39,136.6,101.034635820069,0.4314504,77.54220351,782,83,84.0,2026-06-25,-1.37,65.1,False
2238,300804,广康生化,32.35,-2.65,1.5,-1040.0,33.256545849224,0.1864028,45.29756232,-605,5086,57.6,2026-06-25,-2.73,26.1,False
2239,300805,电声股份,7.23,-3.21,0.6,296.35,7.489720329442,0.1090632,57.54513457,-1061,2802,62.0,2026-06-25,-3.47,35.7,False
2240,300806,斯迪克,118.3,0.36,2.91,880.37,112.036533107348,0.5425012,75.04563914,568,180,83.6,2026-06-25,5.59,62.7,False
2241,300807,天迈科技,39.01,-4.27,1.03,-75.99,40.656384751191,0.219341333333,55.13973325,814,3466,66.4,2026-06-25,-4.05,36.6,False
2242,300808,久量股份,22.8,-0.87,0.33,-53.39,23.393366247756,0.2587088,56.76349642,467,3032,62.8,2026-06-25,-2.54,35.6,False
2243,300809,华辰装备,27.19,-0.48,1.78,134.76,27.606313543001,0.2633412,48.96972446,106,4736,68.8,2026-06-25,-1.51,33.7,False
2244,300810,中科海讯,24.98,-4.0,0.73,-52.62,26.046318598545,0.1607392,59.37876356,-1110,2323,69.6,2026-06-25,-4.09,41.3,False
2245,300811,铂科新材,98.76,-0.69,2.58,113.41,98.405327160969,0.44669,77.71070492,353,76,83.6,2026-06-25,0.36,65.0,False
2246,300812,易天股份,25.77,-1.6,1.74,141.43,26.821266979108,0.2497612,49.83414682,-1398,4596,69.2,2026-06-25,-3.92,34.5,False
2247,300813,泰林生物,18.22,-2.62,0.52,114.06,18.706234654859,0.1133544,55.66967838,128,3336,61.6,2026-06-25,-2.6,34.3,False
2248,300814,中富电路,194.0,-6.13,1.33,491.25,204.377054425078,0.4592496,70.04672091,493,487,88.0,2026-06-25,-5.08,61.6,False
2249,300815,玉禾田,16.92,-2.65,0.4,10.27,17.383602704204,0.2254584,63.69003875,857,1317,64.4,2026-06-25,-2.67,41.0,False
2250,300816,艾可蓝,71.88,-4.9,1.06,72.38,76.489702229996,0.2235608,58.23146822,-340,2629,64.8,2026-06-25,-6.03,37.7,False
2251,300817,双飞集团,15.58,-3.17,0.62,51.12,16.167489336793,0.1440464,54.88399801,-182,3531,63.2,2026-06-25,-3.63,34.7,False
2252,300818,耐普矿机,19.68,-2.38,0.65,-127.4,20.175430973573,0.119946,53.51646696,83,3863,62.0,2026-06-25,-2.46,33.2,False
2253,300819,聚杰微纤,79.21,-5.95,3.33,284.21,78.090943654186,0.478104,74.97601355,253,185,68.0,2026-06-25,1.43,51.0,False
2254,300820,英杰电气,80.02,-0.78,2.01,122.37,81.793538795686,0.3212332,76.06430287,-17,124,78.8,2026-06-25,-2.17,59.9,False
2255,300821,东岳硅材,19.18,3.23,2.55,29.65,19.000778557828,0.3177712,63.16300241,-391,1422,85.2,2026-06-25,0.94,53.8,False
2256,300822,贝仕达克,11.66,-2.59,0.34,41.17,12.038959242231,0.0912852,52.70692727,68,4055,63.2,2026-06-25,-3.15,33.3,False
2257,300823,建科智能,14.4,-1.64,1.3,32.72,14.897475661847,0.096738,54.69952845,-712,3585,62.4,2026-06-25,-3.34,34.1,False
2258,300824,北鼎股份,7.21,-2.04,0.31,17.96,7.400546675895,0.1251348,58.10267475,-2,2662,62.4,2026-06-25,-2.57,36.3,False
2259,300825,阿尔特,16.78,1.51,5.07,138.73,16.779685309299,0.3960724,67.73489799,287,694,80.4,2026-06-25,0.0,54.5,False
2260,300826,测绘股份,14.49,-3.08,1.03,118.45,15.007915690264,0.231674,60.18144565,-1188,2124,71.6,2026-06-25,-3.45,43.1,False
2261,300827,上能电气,29.34,1.88,1.6,41.76,28.851707890275,0.28384,59.13617556,-355,2378,68.0,2026-06-25,1.69,40.2,False
2262,300828,锐新科技,18.91,-2.32,1.54,122.46,19.587828498522,0.1706852,55.66484652,-179,3340,69.2,2026-06-25,-3.46,38.5,False
2263,300829,金丹科技,13.74,-1.72,0.53,26.27,14.01178654396,0.2151676,46.68124891,37,5002,62.4,2026-06-25,-1.94,29.1,False
2264,300830,金现代,7.92,-3.53,0.92,-113.66,8.268314783933,0.1330788,46.90558225,-618,4985,63.2,2026-06-25,-4.21,29.6,False
2265,300831,ST派瑞,20.72,-4.87,2.7,106.34,21.958511775734,0.339708823529,61.93514359,-1316,1682,72.0,2026-06-25,-5.64,44.6,False
2266,300832,新产业,42.76,0.42,0.14,19.0,42.061620364818,0.2842228,71.40998273,288,383,68.0,2026-06-25,1.66,48.6,False
2267,300833,浩洋股份,31.15,3.66,0.85,23.69,30.230121939536,0.1871924,61.91363327,-67,1685,62.4,2026-06-25,3.04,38.6,False
2268,300834,星辉环材,44.96,-1.58,0.39,104.0,46.405854048948,0.334024,57.63317733,785,2779,58.8,2026-06-25,-3.12,33.9,False
2269,300835,龙磁科技,249.69,-1.37,2.44,269.83,238.592129761038,0.470168,77.14475084,343,89,84.8,2026-06-25,4.65,65.4,False
2270,300836,佰奥智能,72.61,-2.26,0.52,238.42,75.614173026029,0.381256,71.17164035,256,401,65.2,2026-06-25,-3.97,46.4,False
2271,300837,浙矿股份,24.52,-1.72,0.41,51.25,25.099339930519,0.0892788,58.74300319,1374,2481,60.0,2026-06-25,-2.31,35.2,False
2272,300838,浙江力诺,12.57,-3.01,1.13,333.83,13.075196580015,0.09328,46.75502846,-16,4996,59.2,2026-06-25,-3.86,27.7,False
2273,300839,博汇股份,12.4,-1.98,0.61,19.56,12.713179760712,0.1504976,55.68346089,-205,3329,59.2,2026-06-25,-2.46,33.0,False
2274,300840,酷特智能,19.25,-1.69,1.04,93.09,19.694185233048,0.178378,56.10185489,-794,3205,66.8,2026-06-25,-2.26,37.5,False
2275,300841,康华生物,45.11,-1.44,0.35,53.56,44.94627380402,0.3030688,64.02712012,339,1247,69.2,2026-06-25,0.36,44.3,False
2276,300842,帝科股份,86.76,1.18,1.68,217.28,87.141684894788,0.2805128,67.85236857,-284,684,75.2,2026-06-25,-0.44,51.0,False
2277,300843,胜蓝股份,137.8,-2.26,0.81,156.39,142.674995796843,0.3967464,67.5836843,-383,723,83.6,2026-06-25,-3.42,56.5,False
2278,300844,山水比德,22.12,-3.28,0.38,-13.17,22.91909391557,0.1247752,49.34494142,-809,4681,62.4,2026-06-25,-3.49,30.8,False
2279,300845,捷安高科,14.25,-3.26,1.74,-52.58,14.687092990376,0.2682512,68.10203089,-300,656,69.6,2026-06-25,-2.98,47.4,False
2280,300846,首都在线,21.3,-5.21,2.0,-124.76,22.857166769621,0.2490056,53.87123933,-2350,3787,74.4,2026-06-25,-6.81,40.1,False
2281,300847,中船汉光,12.99,-1.22,0.23,37.49,13.299080433137,0.191056,59.93636511,23,2186,66.4,2026-06-25,-2.32,39.8,False
2282,300848,美瑞新材,14.14,-0.42,0.85,55.6,14.351842946768,0.2148128,60.96369431,-11,1917,67.6,2026-06-25,-1.48,41.2,False
2283,300849,锦盛新材,21.99,-1.17,0.59,-132.31,22.544681083104,0.2801016,60.94412794,-401,1921,67.2,2026-06-25,-2.46,41.0,False
2284,300850,新强联,26.62,0.08,1.75,18.42,26.758627197828,0.2282372,58.74329609,-153,2480,66.4,2026-06-25,-0.52,39.0,False
2285,300851,交大思诺,22.39,-2.06,0.68,146.99,22.89852556722,0.101867333333,61.64897964,1272,1738,64.0,2026-06-25,-2.22,39.5,False
2286,300852,四会富仕,57.1,-4.11,1.31,77.76,60.060037888832,0.305414,66.64304117,-348,845,80.4,2026-06-25,-4.93,53.6,False
2287,300853,申昊科技,31.51,-3.28,1.67,-35.73,32.377263143956,0.2529592,61.50752532,1437,1770,70.0,2026-06-25,-2.68,43.1,False
2288,300854,中兰环保,20.96,-6.22,2.37,30.63,22.604921292785,0.3086716,50.61282672,-1028,4488,61.6,2026-06-25,-7.28,31.2,False
2289,300855,图南股份,30.56,-2.68,0.42,31.62,31.692662128003,0.2235828,57.78894814,-137,2739,66.0,2026-06-25,-3.57,38.1,False
2290,300856,科思股份,10.58,-1.86,0.3,30.85,10.831351177085,0.1638512,54.34360575,22,3668,62.4,2026-06-25,-2.32,33.9,False
2291,300857,协创数据,333.38,-2.51,1.03,54.36,340.012880789783,0.5392636,74.99522615,-160,184,92.0,2026-06-25,-1.95,69.0,False
2292,300858,科拓生物,14.48,-2.16,0.64,63.8,14.79948921652,0.1920484,54.76692207,-230,3563,60.0,2026-06-25,-2.16,32.9,False
2293,300859,西域旅游,25.51,-2.93,0.66,-37.03,26.254272057578,0.255866,57.40435367,1313,2846,66.4,2026-06-25,-2.83,38.1,False
2294,300860,锋尚文化,24.2,-0.86,0.83,235.01,24.935031862991,0.3043516,62.37113588,-304,1570,68.8,2026-06-25,-2.95,42.9,False
2295,300861,美畅股份,24.94,0.04,2.41,21.56,24.831380356124,0.274516,75.37908535,-67,159,82.8,2026-06-25,0.44,62.4,False
2296,300862,蓝盾光电,19.71,-1.7,0.5,-104.99,19.90988460255,0.2670424,46.28299707,-479,5035,62.0,2026-06-25,-1.0,28.7,False
2297,300863,卡倍亿,66.02,-1.26,0.82,42.89,65.973105134682,0.4418312,65.99517363,1645,943,70.4,2026-06-25,0.07,46.5,False
2298,300864,南大环境,19.82,-2.51,0.34,17.0,20.232807821459,0.1725172,60.1377787,-112,2141,62.4,2026-06-25,-2.04,37.5,False
2299,300865,大宏立,21.99,-3.59,1.1,49.54,22.833089616863,0.1287644,51.98809973,-906,4212,60.8,2026-06-25,-3.69,31.6,False
2300,300866,安克创新,106.59,-2.52,0.25,30.3,109.177286464975,0.2575672,70.17660484,-190,476,70.8,2026-06-25,-2.37,49.7,False
2301,300867,圣元环保,18.1,-0.49,0.67,10.95,18.340753484542,0.226062,56.48156335,-1257,3114,63.2,2026-06-25,-1.31,35.7,False
2302,300868,杰美特,160.61,1.4,0.99,-637.38,158.43002574561,0.4483732,57.86179366,288,2719,73.6,2026-06-25,1.38,42.6,False
2303,300869,康泰医学,10.59,-2.13,0.48,-129.07,10.897877397545,0.207398,50.11380524,73,4558,71.6,2026-06-25,-2.83,35.9,False
2304,300870,欧陆通,345.29,-1.43,0.91,-1050.65,354.262415620155,0.3664708,62.27945547,-471,1584,79.2,2026-06-25,-2.53,49.3,False
2305,300871,回盛生物,22.4,-3.74,1.11,14.55,23.167452508021,0.2772932,63.78657624,-904,1296,68.0,2026-06-25,-3.31,43.4,False
2306,300872,天阳科技,16.97,-5.88,1.64,274.62,18.40533449479,0.3006416,63.18180908,1001,1417,73.6,2026-06-25,-7.8,46.5,False
2307,300873,海晨股份,27.4,2.54,1.12,1284.01,26.925041476225,0.2714444,63.97292131,1129,1256,70.0,2026-06-25,1.76,44.8,False
2308,300875,捷强装备,28.33,-3.18,0.63,-93.67,29.403745789377,0.104176,48.13748614,-9,4859,64.4,2026-06-25,-3.65,31.0,False
2309,300876,蒙泰高新,14.89,-2.3,0.53,-66.25,15.423926552928,0.1630248,48.2914617,-142,4837,62.8,2026-06-25,-3.46,30.3,False
2310,300877,金春股份,30.98,8.97,2.47,315.75,29.22204898922,0.2627452,63.66155181,629,1321,64.0,2026-06-25,6.02,40.7,False
2311,300878,维康药业,35.29,2.59,1.32,732.79,33.550176302946,0.2965464,54.24391039,266,3697,68.8,2026-06-25,5.19,37.3,False
2312,300879,大叶股份,15.82,-2.22,0.5,34.17,16.242089067703,0.1419512,49.21669858,-880,4699,63.6,2026-06-25,-2.6,31.3,False
2313,300880,迦南智能,23.18,-2.4,1.14,90.58,23.987888121527,0.2509244,56.48664214,-1204,3113,70.8,2026-06-25,-3.37,40.0,False
2314,300881,盛德鑫泰,39.96,-1.33,1.2,25.04,41.73730639679,0.2538368,63.54703179,-368,1343,68.0,2026-06-25,-4.26,43.2,False
2315,300882,万胜智能,16.62,-1.95,0.96,53.33,17.128594148195,0.1703372,67.27140189,1444,758,74.8,2026-06-25,-2.97,50.3,False
2316,300883,龙利得,6.25,-2.19,1.12,-159.71,6.38874775444,0.3360228,49.36550082,197,4674,63.6,2026-06-25,-2.17,31.4,False
2317,300884,狄耐克,9.65,-2.33,0.65,-313.85,9.945832170947,0.1032356,51.42599236,-315,4324,62.4,2026-06-25,-2.97,32.1,False
2318,300885,海昌新材,24.34,0.25,1.08,62.69,24.440668605669,0.2060772,53.59837815,224,3847,66.4,2026-06-25,-0.41,35.6,False
2319,300886,华业香料,19.78,-2.47,0.6,84.79,20.306640287724,0.0978508,52.55922189,27,4087,61.2,2026-06-25,-2.59,32.2,False
2320,300887,谱尼测试,7.06,-3.29,0.62,-13.86,7.314972462561,0.1725176,55.54547937,-41,3372,63.6,2026-06-25,-3.49,35.3,False
2321,300888,稳健医疗,27.32,-1.87,0.15,15.81,27.418692753949,0.263854,62.41323306,745,1568,69.6,2026-06-25,-0.36,43.4,False
2322,300889,爱克股份,23.27,0.74,0.74,-70.89,23.294514773814,0.412234,53.0395201,228,3980,63.2,2026-06-25,-0.11,33.5,False
2323,300890,翔丰华,33.64,-1.18,1.57,42.91,34.389954279909,0.2219584,54.7758658,200,3558,66.4,2026-06-25,-2.18,36.4,False
2324,300891,惠云钛业,6.68,-2.62,0.77,-87.83,6.916437242066,0.124916,53.17742917,173,3947,69.2,2026-06-25,-3.42,36.8,False
2325,300892,品渥食品,19.22,-2.19,1.22,-274.23,19.436405232459,0.2202828,44.47232076,-511,5120,64.0,2026-06-25,-1.11,28.5,False
2326,300893,松原安全,16.18,-2.41,0.4,25.44,16.719710513476,0.237402,55.43460159,52,3390,61.6,2026-06-25,-3.23,34.1,False
2327,300894,火星人,10.66,-2.91,1.39,-20.35,11.403720925691,0.2263904,62.68659082,242,1518,71.2,2026-06-25,-6.52,44.6,False
2328,300895,铜牛信息,50.13,-4.8,1.51,-117.52,53.614016017377,0.2459932,51.03785894,-739,4403,68.4,2026-06-25,-6.5,34.9,False
2329,300896,爱美客,87.41,-1.73,0.42,22.17,88.324555226018,0.2714904,64.58204845,340,1154,77.6,2026-06-25,-1.04,50.1,False
2330,300897,山科智能,14.81,-0.2,0.47,107.33,14.941492433531,0.1398076,50.6303679,219,4487,66.4,2026-06-25,-0.88,33.6,False
2331,300898,熊猫乳品,18.72,-2.4,0.63,34.35,19.19600344782,0.16579,55.23775137,517,3438,64.4,2026-06-25,-2.48,35.6,False
2332,300899,上海凯鑫,29.27,-0.78,0.65,-41.42,29.733943722479,0.241671764706,55.43042181,393,3391,62.8,2026-06-25,-1.56,34.8,False
2333,300900,广联航空,32.91,-0.9,1.82,255.92,33.777349003355,0.3111672,46.26624044,-1424,5038,69.2,2026-06-25,-2.57,32.0,False
2334,300901,中胤时尚,13.78,3.53,0.7,1122.93,13.633284297765,0.1850932,49.5383362,7,4648,60.8,2026-06-25,1.08,30.1,False
2335,300902,国安达,16.08,-0.5,0.75,-107.23,16.200130571687,0.1439792,45.66375783,-270,5076,64.8,2026-06-25,-0.74,29.6,False
2336,300903,科翔股份,107.99,-4.19,1.62,-226.04,112.999817849631,0.5273044,66.12455923,1086,925,83.6,2026-06-25,-4.43,55.3,False
2337,300904,威力传动,41.66,-0.69,2.27,-30.26,42.089408510263,0.1338816,48.65450007,-263,4787,61.2,2026-06-25,-1.02,29.8,False
2338,300905,宝丽迪,51.47,-3.43,1.89,65.5,54.545253346216,0.301156,54.53307134,-1028,3619,64.0,2026-06-25,-5.64,34.9,False
2339,300906,日月明,25.15,-3.31,0.44,33.4,26.143661134857,0.1318112,61.32250449,-19,1818,60.8,2026-06-25,-3.8,37.3,False
2340,300907,康平科技,54.69,-3.22,2.01,95.47,55.174207167237,0.2820524,65.62667969,325,993,71.6,2026-06-25,-0.88,47.0,False
2341,300908,仲景食品,22.3,-0.89,0.22,15.15,22.753059208487,0.1436036,62.05028841,-82,1639,64.0,2026-06-25,-1.99,39.7,False
2342,300909,汇创达,62.92,-1.86,2.68,258.72,62.368456302106,0.406696,69.32510654,-82,557,71.6,2026-06-25,0.88,49.6,False
2343,300910,瑞丰新材,27.77,-1.63,0.42,19.01,28.498060271936,0.2441576,62.75378871,-664,1506,68.0,2026-06-25,-2.55,42.7,False
2344,300911,亿田智能,22.12,-10.08,3.04,-28.63,22.708550213683,0.3773736,67.56836773,1221,726,63.6,2026-06-25,-2.59,43.0,False
2345,300912,凯龙高科,23.65,-2.15,1.22,66.58,24.54970445229,0.2131516,43.29317951,-17,5162,62.8,2026-06-25,-3.66,27.2,False
2346,300913,兆龙互连,52.94,-4.89,1.32,93.45,56.123296359745,0.2774636,66.88932848,-215,803,84.0,2026-06-25,-5.67,56.2,False
2347,300915,海融科技,19.65,-1.75,0.35,33.68,20.003010714788,0.0697164,51.35830293,-660,4336,62.4,2026-06-25,-1.76,32.0,False
2348,300916,朗特智能,23.85,-2.25,1.19,720.24,24.332460973551,0.2209128,59.96019586,-1269,2182,62.8,2026-06-25,-1.98,37.7,False
2349,300917,特发服务,24.77,-1.55,0.85,31.9,25.145454075466,0.2236808,59.60508009,555,2266,68.0,2026-06-25,-1.49,40.5,False
2350,300918,南山智尚,10.9,-2.42,0.37,44.8,11.286845129905,0.2259716,54.56853723,-428,3613,64.4,2026-06-25,-3.43,35.1,False
2351,300919,中伟新材,45.82,-2.03,0.45,21.5,47.029420801202,0.2795036,62.99787557,-685,1453,74.8,2026-06-25,-2.57,47.1,False
2352,300920,润阳科技,37.24,2.7,1.33,384.05,35.907622148174,0.2471832,53.21793506,-530,3937,64.8,2026-06-25,3.71,34.5,False
2353,300921,南凌科技,21.18,-0.66,1.41,114.3,21.297836995308,0.1863292,63.56267394,1538,1341,72.8,2026-06-25,-0.55,46.3,False
2354,300922,天秦装备,16.33,-3.83,2.59,2695.5,17.152283768338,0.163162,55.82176854,136,3284,62.8,2026-06-25,-4.79,35.1,False
2355,300923,研奥股份,21.08,-1.91,0.45,247.37,21.689380803442,0.1496368,59.88804809,1268,2197,62.8,2026-06-25,-2.81,37.6,False
2356,300925,法本信息,15.16,-1.75,0.89,72.29,15.77030896632,0.2231708,51.61735791,-475,4295,70.4,2026-06-25,-3.87,36.3,False
2357,300926,博俊科技,17.9,-2.35,0.34,15.02,18.397866101325,0.1530048,60.75327304,131,1978,64.8,2026-06-25,-2.71,39.4,False
2358,300927,江天化学,22.16,-3.1,0.95,62.06,22.960085802144,0.1661664,56.4263169,-173,3134,61.2,2026-06-25,-3.48,34.5,False
2359,300928,华安鑫创,29.15,-2.08,0.69,-32.64,29.745677739555,0.2272084,55.99674351,1020,3233,62.8,2026-06-25,-2.0,35.2,False
2360,300929,华骐环保,10.43,-0.67,1.74,-114.13,10.584433347433,0.17461,51.22776857,-370,4367,63.2,2026-06-25,-1.46,32.4,False
2361,300930,屹通新材,29.28,-4.16,2.72,40.01,31.637328448541,0.18163,56.18533743,-449,3180,70.8,2026-06-25,-7.45,39.8,False
2362,300931,通用电梯,16.74,-1.41,1.22,-80.16,16.3412290947,0.3748192,62.61714952,1429,1527,64.4,2026-06-25,2.44,40.3,False
2363,300932,三友联众,8.32,-2.46,0.57,61.71,8.649695993145,0.2163728,52.2226277,262,4165,60.4,2026-06-25,-3.81,31.5,False
2364,300933,中辰股份,6.16,-2.22,0.67,50.99,6.338336583422,0.2446576,53.15630858,-941,3953,64.8,2026-06-25,-2.81,34.4,False
2365,300935,盈建科,27.89,-3.49,1.14,-21.85,29.45579675789,0.1797648,48.13781778,-147,4858,60.0,2026-06-25,-5.32,28.9,False
2366,300936,中英科技,100.0,-16.05,7.23,-1700.75,121.15091650609,0.363516,50.40515449,-719,4521,78.8,2026-06-25,-17.46,39.7,False
2367,300937,药易购,19.36,-2.47,0.91,-170.22,19.819023477315,0.0886672,50.11498918,-6,4557,62.8,2026-06-25,-2.32,31.5,False
2368,300938,信测标准,49.04,-2.56,1.98,93.24,50.839806059732,0.4990064,67.65348243,-460,709,72.4,2026-06-25,-3.54,49.0,False
2369,300939,秋田微,67.0,-0.98,1.1,138.9,68.172517067751,0.305394,63.58410749,-68,1336,66.0,2026-06-25,-1.72,42.0,False
2370,300940,南极光,14.92,-1.26,0.94,132.97,15.238261664572,0.1480524,55.36069792,73,3410,60.8,2026-06-25,-2.09,33.7,False
2371,300941,创识科技,13.84,-3.01,0.91,3116.01,14.278010580055,0.0820496,52.88335521,40,4014,66.0,2026-06-25,-3.07,34.9,False
2372,300942,易瑞生物,5.8,-2.52,0.34,-57.25,5.91442604621,0.0828072,48.8678257,-449,4750,62.8,2026-06-25,-1.93,30.7,False
2373,300943,春晖智控,45.36,-4.3,2.61,243.25,47.425839401078,0.3524288,69.17663307,1718,569,74.4,2026-06-25,-4.36,51.5,False
2374,300945,曼卡龙,10.86,-2.16,0.74,12.45,11.15217522766,0.1544816,61.28710081,-838,1833,65.2,2026-06-25,-2.62,40.0,False
2375,300946,恒而达,39.49,-2.49,0.65,107.23,40.892039775731,0.2428704,51.77970444,-151,4252,63.6,2026-06-25,-3.43,32.9,False
2376,300947,德必集团,12.9,-1.75,0.4,-254.88,13.155510250474,0.178956,49.21704247,-694,4698,61.6,2026-06-25,-1.94,30.3,False
2377,300948,冠中生态,24.34,3.4,1.7,8982.13,23.469886683006,0.257698,51.0345119,-731,4404,61.6,2026-06-25,3.71,31.4,False
2378,300949,奥雅股份,20.26,-3.15,0.84,-153.01,20.875797709025,0.0625304,51.01702754,-689,4410,63.6,2026-06-25,-2.95,32.4,False
2379,300950,德固特,16.13,-1.83,0.49,114.39,16.516574556959,0.1328892,59.90480947,1116,2193,62.8,2026-06-25,-2.34,37.6,False
2380,300951,博硕科技,50.3,-6.26,1.72,-107.84,53.956233006214,0.2585212,59.07469233,485,2392,72.4,2026-06-25,-6.78,42.8,False
2381,300952,恒辉安防,17.76,0.85,2.08,163.83,17.86956020824,0.1689168,50.86525212,83,4445,60.8,2026-06-25,-0.61,30.9,False
2382,300953,震裕科技,131.26,-2.12,1.08,28.36,135.711032908624,0.3383344,60.91597532,-975,1928,70.8,2026-06-25,-3.28,43.1,False
2383,300955,嘉亨家化,36.16,-2.01,0.39,-217.79,37.04483497876,0.2245196,51.83797414,135,4241,59.2,2026-06-25,-2.39,30.7,False
2384,300956,英力股份,11.48,-1.37,0.86,-108.81,11.844435877633,0.216438,52.10069386,-442,4188,72.8,2026-06-25,-3.08,37.9,False
2385,300957,贝泰妮,30.6,-1.86,0.3,49.12,30.855837561206,0.2389824,61.17397423,319,1873,70.8,2026-06-25,-0.83,43.3,False
2386,300958,建工修复,10.69,-2.02,0.78,-19.92,10.828178701752,0.1315952,52.73899585,96,4048,62.4,2026-06-25,-1.28,32.9,False
2387,300959,线上线下,146.49,-3.18,1.01,-1369.38,151.806469353506,0.2769408,57.4467487,1218,2831,65.2,2026-06-25,-3.5,37.5,False
2388,300960,通业科技,15.5,-2.94,0.37,-46.55,16.004219157413,0.111618,58.34378115,1196,2598,61.2,2026-06-25,-3.15,35.7,False
2389,300961,深水海纳,14.2,-2.54,3.91,-23.82,14.034570779001,0.2874532,57.39469928,155,2847,76.0,2026-06-25,1.18,43.6,False
2390,300962,中金辐照,12.12,-1.38,0.26,33.85,12.34558196968,0.1423192,55.67422583,-27,3335,62.0,2026-06-25,-1.83,34.5,False
2391,300963,中洲特材,12.7,-2.46,1.1,75.75,13.05815727109,0.1978332,52.76166309,756,4040,65.2,2026-06-25,-2.74,34.4,False
2392,300964,本川智能,79.36,-3.45,2.46,177.55,81.725412959354,0.3420856,67.60364022,426,720,80.8,2026-06-25,-2.89,54.6,False
2393,300965,恒宇信通,42.3,-3.38,0.45,-187.1,43.966185140073,0.128066440678,51.61905775,505,4294,62.0,2026-06-25,-3.79,32.0,False
2394,300966,共同药业,29.96,2.25,3.22,269.95,28.23538534641,0.2175528,64.98101129,592,1082,74.0,2026-06-25,6.11,48.1,False
2395,300967,晓鸣股份,13.9,-0.79,1.83,-28.69,14.301969608833,0.2477324,47.59389803,-168,4925,68.4,2026-06-25,-2.81,32.6,False
2396,300968,格林精密,9.68,-4.91,0.86,-22.2,10.251078622,0.1994744,54.76043395,1096,3565,68.0,2026-06-25,-5.57,37.2,False
2397,300969,恒帅股份,93.01,-0.85,1.27,95.03,95.006371912389,0.2453936,60.0908748,-1258,2157,67.6,2026-06-25,-2.1,40.6,False
2398,300970,华绿生物,19.04,-3.15,1.13,6.87,19.847306694068,0.153666,59.14694846,-642,2375,58.0,2026-06-25,-4.07,34.3,False
2399,300971,博亚精工,18.69,-2.66,1.1,45.01,19.412815306997,0.1924428,65.36326264,103,1029,62.8,2026-06-25,-3.72,41.0,False
2400,300972,万辰集团,166.84,-2.43,0.25,13.07,171.755862219864,0.2232932,65.26903475,-510,1042,66.8,2026-06-25,-2.86,43.6,False
2401,300973,立高食品,24.91,-4.23,0.98,16.47,26.072679607012,0.2836464,67.5411555,1253,730,65.2,2026-06-25,-4.46,44.0,False
2402,300975,商络电子,42.7,-0.51,6.82,28.58,41.959610418351,0.4258016,78.20366503,394,64,89.2,2026-06-25,1.76,69.8,False
2403,300976,达瑞电子,87.16,-2.94,1.57,56.65,88.208278572946,0.2890992,74.43649074,394,201,72.0,2026-06-25,-1.19,53.6,False
2404,300977,深圳瑞捷,16.26,-1.28,1.39,-178.74,16.784024221715,0.2324168,56.22478918,387,3173,61.2,2026-06-25,-3.12,34.4,False
2405,300978,东箭科技,8.47,-5.15,1.29,28.01,9.082887448608,0.2089952,55.84763169,-329,3280,72.0,2026-06-25,-6.75,40.2,False
2406,300979,华利集团,30.35,-0.43,0.03,23.06,30.39507671636,0.0951508,66.04301776,121,937,65.2,2026-06-25,-0.15,43.1,False
2407,300980,祥源新材,26.11,-2.17,1.1,52.04,27.135933080404,0.2531348,62.87483428,-516,1476,64.4,2026-06-25,-3.78,40.5,False
2408,300981,中红医疗,9.69,-2.81,0.36,210.73,9.959169570427,0.1561748,51.09972484,-967,4393,59.2,2026-06-25,-2.7,30.3,False
2409,300982,苏文电能,15.79,0.25,1.24,-96.48,15.829978340058,0.1749572,50.66104987,654,4481,61.6,2026-06-25,-0.25,31.2,False
2410,300983,尤安设计,36.76,-3.77,0.49,-1893.66,39.614789208163,0.2208404,53.77749783,-1540,3814,68.0,2026-06-25,-7.21,36.6,False
2411,300984,金沃股份,50.34,0.5,1.64,118.09,52.015982863203,0.35118,49.85428998,-2133,4593,61.2,2026-06-25,-3.22,30.5,False
2412,300985,致远新能,36.62,1.19,1.07,151.78,35.927181430286,0.2044144,53.69610936,595,3822,71.6,2026-06-25,1.93,38.4,False
2413,300986,志特新材,17.5,-2.4,0.83,46.81,18.065273844065,0.2062712,54.88213043,-1929,3533,63.2,2026-06-25,-3.13,34.7,False
2414,300987,川网传媒,12.38,-2.21,0.53,247.18,12.717425654183,0.1188876,60.42364057,93,2054,62.4,2026-06-25,-2.65,37.7,False
2415,300988,津荣天宇,15.62,-2.5,0.5,25.21,16.001116408907,0.198338,60.76184586,1088,1976,61.2,2026-06-25,-2.38,37.2,False
2416,300989,蕾奥规划,12.7,-3.42,1.09,-22.64,13.057384347879,0.2460636,53.32020224,115,3917,62.4,2026-06-25,-2.74,33.3,False
2417,300990,同飞股份,105.3,-1.47,2.09,75.4,109.196087465752,0.2966884,66.60134172,-617,851,80.0,2026-06-25,-3.57,53.3,False
2418,300991,创益通,33.76,-3.82,1.5,-189.03,35.96953597382,0.2124136,55.59476723,1352,3361,62.4,2026-06-25,-6.14,34.7,False
2419,300992,泰福泵业,25.56,-0.51,0.97,-67.3,25.72202739931,0.1897216,58.17342199,377,2646,59.2,2026-06-25,-0.63,34.4,False
2420,300993,玉马科技,9.6,-3.13,0.49,26.54,9.991691556985,0.1834956,62.95525164,169,1459,61.2,2026-06-25,-3.92,38.5,False
2421,300994,久祺股份,10.8,-2.17,0.74,36.88,11.242670283573,0.174064,61.41026337,1579,1793,62.4,2026-06-25,-3.94,38.3,False
2422,300995,奇德新材,27.17,-2.09,0.66,91.11,27.981397267687,0.1405136,52.54291197,85,4089,61.6,2026-06-25,-2.9,32.4,False
2423,300996,普联软件,10.73,-4.88,0.95,180.42,11.243947378943,0.2338616,63.40527268,292,1367,63.6,2026-06-25,-4.57,40.3,False
2424,300997,欢乐家,15.5,-1.27,0.31,45.36,15.865451353016,0.1856664,49.05697287,8,4724,64.4,2026-06-25,-2.3,31.6,False
2425,300998,宁波方正,29.74,2.2,2.43,412.1,29.297149675428,0.2593876,53.69102457,203,3824,67.6,2026-06-25,1.51,36.3,False
2426,300999,金龙鱼,23.49,-1.59,0.4,21.49,23.782722563861,0.2832,61.18748989,383,1870,77.2,2026-06-25,-1.23,47.2,False
2427,301000,肇民科技,31.73,-2.4,0.68,72.0,33.203714493684,0.243886,61.30045579,39,1829,71.2,2026-06-25,-4.44,43.6,False
2428,301001,凯淳股份,21.88,-2.93,0.65,988.82,22.645632049786,0.0484452,48.82024817,86,4758,61.6,2026-06-25,-3.38,30.1,False
2429,301002,崧盛股份,38.09,-4.01,1.46,84.02,40.047373068016,0.1896788,51.11729884,-39,4385,62.8,2026-06-25,-4.89,32.1,False
2430,301003,江苏博云,53.63,0.62,0.67,72.98,53.631392450165,0.3630836,53.93285659,-142,3770,59.2,2026-06-25,-0.0,31.9,False
2431,301004,嘉益股份,31.91,-2.06,0.11,18.94,32.791115745587,0.1320212,58.69907258,-930,2498,63.2,2026-06-25,-2.69,37.1,False
2432,301005,超捷股份,104.62,0.31,1.38,345.51,104.879778848765,0.2970068,54.2781307,-1995,3682,79.6,2026-06-25,-0.25,43.2,False
2433,301006,迈拓股份,12.6,-2.7,0.62,130.99,12.987949957269,0.099848,61.02488896,57,1908,61.2,2026-06-25,-2.99,37.3,False
2434,301007,德迈仕,31.37,-2.09,0.56,135.67,32.390037777102,0.38217,52.76427555,-1372,4039,64.8,2026-06-25,-3.15,34.2,False
2435,301008,宏昌科技,24.7,0.2,2.07,563.09,24.094591022962,0.2148692,61.34975176,2635,1813,61.6,2026-06-25,2.51,37.8,False
2436,301009,可靠股份,8.15,-2.63,0.67,294.67,8.322714416512,0.0907772,53.39232373,180,3893,63.2,2026-06-25,-2.08,33.7,False
2437,301010,晶雪节能,16.32,-2.86,0.5,201.93,16.814259216958,0.1094432,56.86731277,194,2997,62.4,2026-06-25,-2.94,35.5,False
2438,301011,华立科技,14.36,-3.3,0.45,-52.9,14.980505070076,0.1019848,58.6347131,1264,2519,64.0,2026-06-25,-4.14,37.5,False
2439,301012,扬电科技,24.86,-3.27,1.23,59.56,25.923648449132,0.305084,53.69286476,-575,3823,60.8,2026-06-25,-4.1,32.6,False
2440,301013,利和兴,75.03,-11.64,7.85,1359.95,78.50997567944,0.4661368,69.41294004,-120,543,90.4,2026-06-25,-4.43,62.7,False
2441,301015,百洋医药,19.15,0.05,0.22,20.3,18.813927826703,0.2435364,60.80760134,120,1965,61.2,2026-06-25,1.79,37.2,False
2442,301016,雷尔伟,12.93,-1.22,0.35,379.19,13.286524255846,0.1994756,52.05565899,100,4197,59.6,2026-06-25,-2.68,31.0,False
2443,301017,漱玉平民,14.02,-1.82,0.51,137.26,14.034048530696,0.2590352,64.68318319,-167,1139,65.6,2026-06-25,-0.1,42.4,False
2444,301018,申菱环境,112.6,-2.01,1.54,372.22,117.92115028505,0.4484264,75.36918867,-17,160,87.2,2026-06-25,-4.51,65.7,False
2445,301019,宁波色母,18.13,-1.79,0.36,25.56,18.464634746543,0.1088228,56.30071213,210,3153,59.6,2026-06-25,-1.81,33.6,False
2446,301020,密封科技,23.45,-1.68,0.96,28.61,24.224414640543,0.2240176,59.77881238,-617,2223,64.4,2026-06-25,-3.2,38.5,False
2447,301021,英诺激光,134.13,-1.24,1.56,444.91,135.180325290193,0.3872888,75.0217169,94,182,84.0,2026-06-25,-0.78,63.0,False
2448,301022,海泰科,21.99,-2.74,0.69,-101.87,22.789215775859,0.177141,45.93807686,-92,5060,58.4,2026-06-25,-3.51,26.8,False
2449,301023,奕帆传动,30.63,-7.18,4.26,54.44,32.681030320956,0.2819664,67.3069826,2903,754,62.8,2026-06-25,-6.28,42.3,False
2450,301024,霍普股份,40.62,0.42,0.26,-33.71,41.32275948461,0.1758048,52.85369766,607,4021,61.2,2026-06-25,-1.7,32.3,False
2451,301025,读客文化,7.95,-3.17,0.52,261.32,8.240187231884,0.087362,50.79918142,-15,4457,61.6,2026-06-25,-3.52,31.3,False
2452,301026,浩通科技,21.9,-1.48,1.29,18.91,22.395554545311,0.2714888,66.80987122,235,817,70.8,2026-06-25,-2.21,47.3,False
2453,301027,华蓝集团,20.22,-0.69,0.98,-90.7,20.020863512825,0.3466848,56.68826861,314,3046,64.4,2026-06-25,0.99,36.5,False
2454,301028,鼎熔岩,16.12,1.0,0.95,26.55,16.062057704843,0.1479556,60.0701156,52,2161,62.0,2026-06-25,0.36,37.2,False
2455,301029,怡合达,27.52,-1.96,0.76,33.79,27.867813559731,0.3025264,64.52755962,-367,1164,71.6,2026-06-25,-1.25,46.2,False
2456,301030,*ST仕净,8.5,5.59,3.29,-3.66,8.441592955302,0.270114509804,37.46863088,-1,5206,62.0,2026-06-25,0.69,23.2,False
2457,301031,中熔电气,114.04,-4.48,1.25,36.59,117.714326690052,0.321944,75.52276592,550,149,70.0,2026-06-25,-3.12,52.9,False
2458,301032,新柴股份,9.48,-2.47,0.57,28.23,9.772885433841,0.092908,54.71085043,82,3578,60.0,2026-06-25,-3.0,32.8,False
2459,301033,迈普医学,47.12,-0.49,0.46,38.13,47.331033501529,0.3162772,64.75230871,6,1124,62.8,2026-06-25,-0.45,40.7,False
2460,301035,润丰股份,46.48,-0.73,0.05,25.62,47.11069464337,0.1973956,59.81195046,-279,2213,62.8,2026-06-25,-1.34,37.6,False
2461,301036,双乐股份,22.35,-0.18,0.82,-104.2,22.703183796564,0.1249484,54.6481278,-1607,3595,64.8,2026-06-25,-1.56,35.4,False
2462,301037,保立佳,12.07,-2.82,1.53,-16.14,12.472292580646,0.0774796,50.48570969,103,4504,60.8,2026-06-25,-3.23,30.7,False
2463,301038,深水规院,16.14,-3.12,0.39,-26.11,16.827982324374,0.2168676,57.37066775,1494,2853,65.2,2026-06-25,-4.09,37.4,False
2464,301039,中集车辆,6.86,-1.44,0.19,20.49,6.932958649036,0.1750596,62.82353505,1165,1490,65.2,2026-06-25,-1.05,41.0,False
2465,301040,中环海陆,24.55,-1.84,0.83,-23.73,25.208856744224,0.2731116,46.65145973,-207,5005,59.2,2026-06-25,-2.61,27.6,False
2466,301041,金百泽,34.81,-5.02,3.69,-5187.69,36.797549648926,0.2370868,62.84923854,-1107,1485,75.6,2026-06-25,-5.4,47.5,False
2467,301042,安联锐视,71.21,-0.35,0.5,153.22,70.700220484152,0.2937408,58.28862664,-66,2614,65.6,2026-06-25,0.72,38.2,False
2468,301043,绿岛风,42.06,-1.13,0.62,37.75,42.634763185841,0.2402308,54.54058108,-1497,3617,60.0,2026-06-25,-1.35,32.7,False
2469,301045,天禄科技,66.8,1.09,1.17,190.95,67.065748255699,0.3448596,68.59214482,72,617,69.6,2026-06-25,-0.4,47.7,False
2470,301046,能辉科技,25.94,3.68,1.96,-226.53,25.773144962624,0.2774188,53.00536394,-1168,3985,67.2,2026-06-25,0.65,35.6,False
2471,301047,义翘神州,62.72,0.92,0.3,59.33,61.160795167466,0.1952772,57.2534987,-1125,2892,69.6,2026-06-25,2.55,39.8,False
2472,301048,金鹰重工,8.61,-1.6,0.15,24.35,8.746505150983,0.1497608,64.11158286,1199,1228,59.2,2026-06-25,-1.56,38.0,False
2473,301049,超越科技,17.88,-2.19,0.86,-23.73,18.428202357564,0.135058,48.23053469,-78,4843,63.2,2026-06-25,-2.97,30.5,False
2474,301050,雷电微力,32.21,-3.82,0.88,-36.58,33.774069865803,0.2371504,53.46157799,-1253,3875,68.4,2026-06-25,-4.63,36.6,False
2475,301051,信濠光电,20.88,19.52,11.16,-27.15,16.22213754197,0.2796804,63.95102077,2171,1263,59.6,2026-06-25,28.71,38.1,False
2476,301052,果麦文化,22.4,-3.57,1.22,-67.35,23.31377541368,0.1330788,46.56129879,-35,5016,62.8,2026-06-25,-3.92,29.2,False
2477,301053,远信工业,44.31,1.3,1.23,86.55,43.653284335657,0.4033588,63.59785143,-507,1332,67.2,2026-06-25,1.5,42.7,False
2478,301055,张小泉,45.48,-2.53,1.34,60.82,46.747453316206,0.3042884,65.90021924,-17,955,73.6,2026-06-25,-2.71,48.5,False
2479,301056,森赫股份,11.7,-0.17,0.63,77.48,12.040986341509,0.1817496,54.10185468,-1030,3736,64.4,2026-06-25,-2.83,34.8,False
2480,301057,汇隆新材,24.33,-0.12,1.12,43.58,24.674086863653,0.094558,46.83884991,-34,4990,59.2,2026-06-25,-1.39,27.7,False
2481,301058,中粮科工,7.79,-0.51,0.24,26.85,7.886947070032,0.2058344,61.36981702,272,1806,65.2,2026-06-25,-1.23,40.0,False
2482,301059,金三江,11.21,-1.84,0.49,28.56,11.481860419247,0.1634656,56.50404626,-146,3108,61.6,2026-06-25,-2.37,34.8,False
2483,301060,兰卫医学,8.38,-3.12,0.49,22.73,8.581762639817,0.1788516,61.35765969,32,1811,66.4,2026-06-25,-2.35,40.7,False
2484,301061,匠心家居,33.47,-2.39,0.21,14.3,34.499399231777,0.1103968,60.48212453,-767,2044,62.0,2026-06-25,-2.98,37.5,False
2485,301062,上海艾录,5.94,-2.46,0.53,-325.34,6.030119805608,0.1708436,53.67395564,357,3832,61.2,2026-06-25,-1.49,32.8,False
2486,301063,海锅股份,16.92,-1.69,0.52,67.28,17.340987262309,0.0853656,58.42501172,1149,2573,60.8,2026-06-25,-2.43,35.5,False
2487,301065,本立科技,17.75,-2.47,0.38,44.42,18.201075302138,0.111764,57.78196879,-517,2743,61.2,2026-06-25,-2.48,35.4,False
2488,301066,万事利,11.83,-1.99,0.53,46.6,12.115904178821,0.1705648,54.64774317,-22,3596,60.4,2026-06-25,-2.36,33.0,False
2489,301067,显盈科技,33.82,-1.46,2.39,-131.53,34.054833997617,0.2512696,60.05603805,1612,2164,67.6,2026-06-25,-0.69,40.6,False
2490,301068,大地海洋,23.53,-3.84,0.39,61.1,24.880807188255,0.0745316,52.97403199,-65,3995,58.0,2026-06-25,-5.43,30.7,False
2491,301069,凯盛新材,22.21,-3.98,1.29,60.92,23.153699857439,0.342914,66.55520465,586,859,76.4,2026-06-25,-4.08,50.8,False
2492,301070,开勒股份,86.85,0.67,1.5,-387.04,85.905429198025,0.433204,62.473663,116,1553,68.8,2026-06-25,1.1,43.0,False
2493,301071,力量钻石,96.19,-6.58,4.66,173.98,98.068934298457,0.432428,78.39009233,15,56,89.2,2026-06-25,-1.92,69.9,False
2494,301072,中捷精工,39.12,-1.88,1.38,-96.31,39.125732249206,0.1927684,52.99630974,314,3989,70.8,2026-06-25,-0.01,37.5,False
2495,301073,君亭酒店,18.63,-2.26,0.39,134.78,19.065119901501,0.1288784,61.38100403,808,1801,62.0,2026-06-25,-2.28,38.1,False
2496,301075,多瑞医药,60.5,-4.84,0.45,-86.63,63.119758094197,0.3481432,44.72379803,48,5112,59.6,2026-06-25,-4.15,26.7,False
2497,301076,新瀚新材,25.02,-2.95,0.99,90.66,26.362918003054,0.2290048,54.91926576,-630,3524,67.6,2026-06-25,-5.09,37.1,False
2498,301077,星华新材,22.26,-2.79,0.76,28.84,23.16214904202,0.1784912,59.56704277,485,2274,57.6,2026-06-25,-3.89,34.3,False
2499,301078,孩子王,6.91,-2.26,0.41,44.94,7.062282181408,0.2719096,64.93176127,1564,1090,66.4,2026-06-25,-2.16,43.1,False
2500,301079,邵阳液压,32.28,-3.32,1.33,285.13,33.633196051917,0.1832912,47.68264973,-57,4920,62.8,2026-06-25,-4.02,29.9,False
2501,301080,百普赛斯,45.66,1.42,1.36,41.25,43.471483487855,0.2656728,69.51303623,-157,533,70.8,2026-06-25,5.03,49.2,False
2502,301081,严牌股份,13.78,-4.83,0.69,272.33,14.539215488679,0.2218212,51.32836228,426,4344,58.0,2026-06-25,-5.22,29.8,False
2503,301082,久盛电气,8.89,-3.26,0.49,-96.03,9.181499708952,0.1435568,49.92758659,-784,4583,63.2,2026-06-25,-3.17,31.6,False
2504,301083,百胜智能,12.96,-3.28,0.65,128.61,13.414761961226,0.1016368,59.45268409,302,2308,61.6,2026-06-25,-3.39,36.6,False
2505,301085,亚康股份,60.36,-4.05,1.03,55.19,63.279796948778,0.2231992,56.16621073,-270,3185,66.8,2026-06-25,-4.61,37.5,False
2506,301086,鸿富瀚,212.02,-0.82,1.11,171.81,215.559193367549,0.349612,66.03838646,-165,939,75.2,2026-06-25,-1.64,49.7,False
2507,301087,可孚医疗,43.73,-1.58,0.13,24.09,44.085966346562,0.1857016,66.77157465,117,825,63.6,2026-06-25,-0.81,42.5,False
2508,301088,戎美股份,11.77,-1.92,0.22,48.94,12.018536918138,0.0750544,48.63792438,-492,4790,60.0,2026-06-25,-2.07,29.2,False
2509,301089,拓新药业,20.45,-2.76,0.53,-61.56,21.063807792898,0.1646484,46.56070453,11,5017,67.6,2026-06-25,-2.91,31.5,False
2510,301090,华润材料,6.38,-1.39,0.09,112.36,6.466100216707,0.1585564,53.21428365,-14,3938,60.0,2026-06-25,-1.33,31.9,False
2511,301091,深城交,15.72,-3.44,0.33,-39.2,16.336758500514,0.2695432,50.19205501,-229,4548,66.4,2026-06-25,-3.78,33.3,False
2512,301092,争光股份,43.16,-5.45,2.05,82.1,46.51889160513,0.2488844,60.88721864,-397,1939,68.8,2026-06-25,-7.22,41.9,False
2513,301093,华兰股份,126.88,3.06,0.69,8531.38,122.648125929495,0.468428,59.13773085,514,2377,63.2,2026-06-25,3.45,37.4,False
2514,301095,广立微,102.6,1.87,3.01,-479.36,102.66040255768,0.3707644,78.63325041,27,49,82.4,2026-06-25,-0.06,64.8,False
2515,301096,百诚医药,54.02,1.71,0.87,115.13,52.576735949125,0.229577090909,51.80209594,-233,4249,63.6,2026-06-25,2.75,32.9,False
2516,301097,天益医疗,35.67,-2.75,0.57,78.3,36.55635245204,0.2014004,58.40798873,226,2577,61.2,2026-06-25,-2.42,35.7,False
2517,301098,金埔园林,8.37,-3.24,1.55,-27.3,8.712300063076,0.1931724,55.76966282,-13,3305,66.8,2026-06-25,-3.93,37.3,False
2518,301099,雅创电子,92.11,-2.03,2.53,49.36,94.728227628713,0.313862,66.50757731,-461,868,84.4,2026-06-25,-2.76,56.1,False
2519,301100,风光股份,14.23,-2.2,0.31,-1150.28,14.565602905883,0.0871772,51.11702146,-22,4387,60.4,2026-06-25,-2.3,30.9,False
2520,301101,明月镜片,27.0,-2.42,0.25,24.23,27.621767839495,0.1108996,60.98598833,287,1916,64.8,2026-06-25,-2.25,39.5,False
2521,301102,兆讯传媒,8.6,-2.82,0.16,152.44,8.881715377454,0.076658,54.45323114,-873,3641,60.8,2026-06-25,-3.17,33.1,False
2522,301103,何氏眼科,15.02,-1.7,0.34,18.15,15.243943607483,0.1026556,54.36152674,41,3665,63.2,2026-06-25,-1.47,34.4,False
2523,301105,鸿铭股份,45.6,-0.8,1.21,-146.18,45.998018830128,0.1323108,49.29714264,390,4690,58.8,2026-06-25,-0.87,29.0,False
2524,301106,骏成科技,22.1,-2.26,0.91,97.71,23.144127006486,0.19572,66.84114925,-356,813,63.6,2026-06-25,-4.51,42.5,False
2525,301107,瑜欣电子,20.51,-6.73,2.44,64.47,22.308595165908,0.222148,60.55639354,-1487,2023,70.0,2026-06-25,-8.06,42.4,False
2526,301108,洁雅股份,24.95,-2.73,0.53,68.37,25.250595587887,0.1836756,60.80730395,-146,1966,63.6,2026-06-25,-1.19,38.7,False
2527,301109,军信股份,12.87,-1.0,0.47,11.56,12.960067187568,0.1543312,62.0496218,-230,1640,60.4,2026-06-25,-0.69,37.5,False
2528,301110,青木科技,37.34,-2.02,0.6,28.71,38.54958444573,0.2423456,63.37997452,71,1375,63.2,2026-06-25,-3.14,40.1,False
2529,301111,粤万年青,28.59,-5.17,2.75,-345.85,28.930522114543,0.3495884,64.14008945,907,1224,66.8,2026-06-25,-1.18,42.8,False
2530,301112,信邦智能,27.8,-1.8,0.22,435.14,28.399987509496,0.1858168,51.68561317,7,4277,63.2,2026-06-25,-2.11,32.7,False
2531,301113,雅艺科技,14.97,-2.48,0.61,-170.06,15.39749771721,0.0519792,52.37018558,-988,4130,61.2,2026-06-25,-2.78,32.1,False
2532,301115,联检科技,32.84,7.15,2.07,-46.87,30.897067714958,0.2957168,62.83807975,183,1487,67.6,2026-06-25,6.29,42.5,False
2533,301116,益客食品,8.69,-2.03,0.21,31.12,8.888518185129,0.0852748,52.23886725,102,4159,62.8,2026-06-25,-2.23,32.8,False
2534,301117,佳缘科技,22.43,-3.78,1.31,-41.95,23.314964114071,0.1413252,48.22443738,-82,4845,63.6,2026-06-25,-3.8,30.7,False
2535,301118,恒光股份,29.21,-4.32,2.0,33.54,31.114025586191,0.1997412,63.0995942,-1104,1435,72.4,2026-06-25,-6.12,45.7,False
2536,301119,正强股份,23.24,0.35,1.07,33.16,24.229071087012,0.2095452,51.6605257,-836,4285,63.6,2026-06-25,-4.08,32.9,False
2537,301120,新特电气,17.45,-8.83,4.26,-867.19,19.09821107683,0.260178,48.58090533,219,4804,69.2,2026-06-25,-8.63,33.6,False
2538,301121,紫建电子,34.36,-3.73,0.94,-194.92,34.882216985287,0.2146432,59.53144756,1911,2284,63.2,2026-06-25,-1.5,37.6,False
2539,301122,采纳股份,28.34,-0.35,1.12,66.07,28.356451711074,0.1516392,59.73122235,231,2236,65.2,2026-06-25,-0.06,38.9,False
2540,301123,奕东电子,123.3,-4.41,2.04,762.16,127.911481710445,0.4113932,72.09580925,128,332,87.2,2026-06-25,-3.61,62.9,False
2541,301125,腾亚精工,14.56,-0.48,0.42,-34.76,14.701320378367,0.2493828,51.16004204,125,4379,60.8,2026-06-25,-0.96,31.1,False
2542,301126,达嘉维康,8.69,-2.03,0.82,74.81,8.860766550995,0.10086,58.1247372,109,2654,62.4,2026-06-25,-1.93,36.3,False
2543,301127,武汉天源,19.63,3.81,3.17,73.97,18.612024310504,0.4017272,64.03774456,346,1243,72.8,2026-06-25,5.47,46.6,False
2544,301128,强瑞技术,161.0,6.47,3.34,396.72,152.753804800861,0.4078376,68.55605642,407,622,72.8,2026-06-25,5.4,49.9,False
2545,301129,瑞纳智能,21.05,-1.68,0.81,-33.36,21.623303829132,0.1168772,56.68029451,-241,3050,60.0,2026-06-25,-2.65,34.0,False
2546,301130,西点药业,24.26,-2.8,0.5,50.51,24.891764800141,0.0810532,56.1556322,1050,3188,61.6,2026-06-25,-2.54,34.6,False
2547,301131,聚赛龙,32.45,-2.38,0.87,47.89,33.478608439599,0.1018684,52.02959243,97,4202,63.2,2026-06-25,-3.07,32.9,False
2548,301132,满坤科技,53.66,-5.08,5.72,109.61,56.526996832007,0.3502856,76.22276341,446,116,83.2,2026-06-25,-5.07,63.4,False
2549,301133,金钟股份,38.68,-3.2,0.51,175.05,39.593323485254,0.3259196,56.55547212,1327,3085,59.6,2026-06-25,-2.31,33.7,False
2550,301135,瑞德智能,16.84,-2.55,0.93,-150.78,17.426683926437,0.1247768,52.79142416,208,4032,64.8,2026-06-25,-3.37,34.2,False
2551,301136,招标股份,11.01,-2.91,0.56,140.57,11.437782928659,0.1212728,49.33623237,59,4683,61.2,2026-06-25,-3.74,30.2,False
2552,301137,哈焊华通,34.23,-0.41,1.63,229.11,34.759345234628,0.249832,50.29281867,-136,4538,63.2,2026-06-25,-1.52,31.8,False
2553,301138,华研精机,32.36,5.1,2.04,92.98,30.700451933074,0.223554,68.73453115,569,599,67.2,2026-06-25,5.41,46.2,False
2554,301139,*ST元道,4.25,-4.06,5.36,164.04,4.517858125841,0.150838823529,46.64923435,73,5006,68.4,2026-06-25,-5.93,31.9,False
2555,301141,中科磁业,43.53,-4.33,1.89,218.56,45.388970434358,0.2302516,60.05076475,1074,2166,66.8,2026-06-25,-4.1,40.1,False
2556,301148,嘉戎技术,56.38,-2.81,1.25,855.07,59.305208133365,0.3633952,55.00701365,-445,3502,61.6,2026-06-25,-4.93,33.9,False
2557,301149,隆华新材,10.73,-1.83,0.53,24.71,11.052950897415,0.1739864,55.65903424,-314,3341,60.0,2026-06-25,-2.92,33.4,False
2558,301150,中一科技,67.66,-3.18,1.87,77.34,69.276324631058,0.3451744,73.10651788,45,272,86.8,2026-06-25,-2.33,63.5,False
2559,301151,冠龙节能,17.59,-2.06,0.61,-114.36,18.229756914457,0.1413948,57.47205568,-1544,2823,66.8,2026-06-25,-3.51,38.4,False
2560,301152,天力锂能,24.44,-3.21,1.62,85.84,25.399403644948,0.1679552,55.01711903,1034,3497,65.6,2026-06-25,-3.78,36.1,False
2561,301153,中科江南,16.45,-2.26,0.43,-58.35,16.94052560936,0.1354468,59.2446069,-949,2351,62.4,2026-06-25,-2.9,37.0,False
2562,301155,海力风电,45.04,3.47,3.44,182.76,43.776914669278,0.2319124,58.21921315,18,2635,64.0,2026-06-25,2.89,37.3,False
2563,301156,美农生物,10.94,-2.23,0.84,37.21,11.246145620818,0.0616048,60.93914838,172,1923,61.6,2026-06-25,-2.72,37.5,False
2564,301157,华塑科技,65.5,-1.28,0.93,100.5,66.47556261998,0.2181836,58.20880105,171,2636,59.2,2026-06-25,-1.47,34.5,False
2565,301158,德石股份,13.39,-2.83,0.52,109.28,13.912566448935,0.1638864,54.25544496,-161,3692,60.0,2026-06-25,-3.76,32.6,False
2566,301159,三维天地,29.37,-3.61,0.73,-36.99,30.403993596081,0.0947668,57.24113599,-998,2893,62.0,2026-06-25,-3.4,35.5,False
2567,301160,翔楼新材,51.44,-1.93,1.48,44.38,53.515105746751,0.3754736,70.33855906,285,468,72.0,2026-06-25,-3.88,50.6,False
2568,301161,唯万密封,33.2,-3.07,1.71,34.03,34.165360248212,0.2219508,58.18121806,-213,2644,67.6,2026-06-25,-2.83,39.3,False
2569,301162,国能日新,42.56,-2.68,0.78,87.85,43.984761184924,0.2522512,67.55412197,-122,728,69.2,2026-06-25,-3.24,46.7,False
2570,301163,宏德股份,21.77,-2.6,0.46,131.44,22.631684467244,0.0789856,54.87661913,-12,3535,60.8,2026-06-25,-3.81,33.4,False
2571,301165,锐捷网络,64.21,-4.48,0.27,145.43,66.859358783701,0.3346392,73.17585537,-105,265,79.6,2026-06-25,-3.96,58.2,False
2572,301166,优宁维,25.59,-1.27,0.51,-64.88,25.758292682927,0.152098,57.58436801,366,2791,62.4,2026-06-25,-0.65,35.9,False
2573,301167,建研设计,12.51,-1.88,0.55,33.86,12.798079327451,0.1244504,54.90209572,242,3527,62.0,2026-06-25,-2.25,34.0,False
2574,301168,通灵股份,43.8,-3.82,0.68,504.24,46.483772615813,0.4097348,59.149503,-72,2372,65.2,2026-06-25,-5.77,38.6,False
2575,301169,零点有数,73.49,-2.01,0.38,-80.08,76.447207212705,0.302286,61.99467207,-372,1661,63.2,2026-06-25,-3.87,39.2,False
2576,301170,锡南科技,21.69,-2.6,0.95,22.94,22.328849841589,0.1817168,62.32137659,1045,1580,62.4,2026-06-25,-2.86,38.9,False
2577,301171,易点天下,32.79,-4.68,2.43,-79.8,34.703201333106,0.2908896,56.78901078,-627,3020,76.0,2026-06-25,-5.51,43.2,False
2578,301172,君逸数码,27.3,-4.45,1.42,527.66,29.007786367409,0.1983056,60.11846162,274,2149,60.4,2026-06-25,-5.89,36.3,False
2579,301173,毓恬冠佳,29.75,-3.44,0.75,36.27,30.974927113447,0.0992164,54.79402393,-984,3550,60.4,2026-06-25,-3.95,33.1,False
2580,301175,中科环保,5.0,-0.99,0.57,21.39,5.053453285245,0.2719904,55.07820714,252,3484,60.8,2026-06-25,-1.06,33.5,False
2581,301176,逸豪新材,70.95,-5.25,1.69,319.33,73.916719820644,0.2595236,65.22333255,-53,1047,78.0,2026-06-25,-4.01,50.9,False
2582,301177,迪阿股份,27.42,-3.21,0.07,73.0,28.399273724557,0.1219156,63.56275978,772,1340,64.0,2026-06-25,-3.45,40.7,False
2583,301178,天亿马,44.61,1.09,2.48,1142.12,44.367490998815,0.27168,63.12691239,1366,1429,70.0,2026-06-25,0.55,44.2,False
2584,301179,泽宇智能,21.26,-5.97,1.31,84.4,21.484216907038,0.2079164,58.52808501,1275,2542,59.6,2026-06-25,-1.04,34.9,False
2585,301180,万祥科技,12.62,-3.22,0.88,-1225.07,12.992487124955,0.094656,50.39907209,271,4522,60.0,2026-06-25,-2.87,30.2,False
2586,301181,标榜股份,23.78,0.34,0.97,34.72,24.046223459627,0.1610744,47.98436427,-101,4873,57.2,2026-06-25,-1.11,27.4,False
2587,301182,凯旺科技,113.3,6.13,3.53,-75.87,104.159424791916,0.4898608,58.23736884,-454,2626,70.4,2026-06-25,8.78,41.0,False
2588,301183,东田微,253.5,-2.52,2.71,180.82,261.348482122165,0.4528748,71.19731043,-56,397,80.8,2026-06-25,-3.0,57.5,False
2589,301185,鸥玛软件,14.82,-2.18,0.44,148.54,15.37370996957,0.1226256,60.79651406,1210,1969,62.8,2026-06-25,-3.6,38.2,False
2590,301186,超达装备,37.07,-3.89,0.51,66.65,38.019569038697,0.1911912,58.45811064,1412,2567,57.6,2026-06-25,-2.5,33.7,False
2591,301187,欧圣电气,14.1,-2.22,0.22,80.83,14.50139615948,0.1197156,48.69856839,81,4780,62.0,2026-06-25,-2.77,30.2,False
2592,301188,力诺药包,74.52,12.52,5.4,121.56,68.480953033674,0.4472332,58.34432933,-1370,2597,75.6,2026-06-25,8.82,44.1,False
2593,301189,奥尼电子,56.1,-4.22,0.88,140.24,59.242674162741,0.2232396,49.00781802,-322,4732,58.4,2026-06-25,-5.3,28.6,False
2594,301190,善水科技,16.34,-0.73,0.58,23.1,16.619919353588,0.1041384,52.43116687,-29,4117,60.4,2026-06-25,-1.68,31.7,False
2595,301191,菲菱科思,102.8,-5.03,1.63,129.87,107.099573656544,0.3244928,64.82322141,1148,1111,64.8,2026-06-25,-4.01,42.0,False
2596,301192,泰祥股份,19.05,-3.15,0.96,50.24,19.708835662347,0.078668,52.20048873,-28,4169,60.8,2026-06-25,-3.34,31.7,False
2597,301193,家联科技,18.89,-4.5,1.04,-11.54,19.872384735824,0.3001072,57.03899667,1880,2945,63.2,2026-06-25,-4.94,36.0,False
2598,301195,北路智控,27.16,-4.2,0.88,33.75,28.825812018848,0.206922,57.41298785,-1090,2838,65.2,2026-06-25,-5.78,37.4,False
2599,301196,唯科科技,132.7,-6.05,2.82,76.35,144.384101796655,0.3519256,66.60543395,216,849,72.4,2026-06-25,-8.09,48.2,False
2600,301197,工大科雅,30.93,-3.04,1.15,-131.07,32.007425830123,0.3258008,58.22612322,-1130,2632,63.6,2026-06-25,-3.37,37.0,False
2601,301198,喜悦智行,13.32,-1.55,0.52,-4702.24,13.568423961112,0.12712,49.914911,-901,4584,58.4,2026-06-25,-1.83,29.2,False
2602,301199,迈赫股份,17.12,-2.56,0.25,42.06,17.657464514823,0.1789928,53.94281816,-98,3768,65.2,2026-06-25,-3.04,35.2,False
2603,301200,大族数控,366.08,-5.54,0.29,138.59,372.917633275599,0.4799336,79.54907471,33,39,86.0,2026-06-25,-1.83,68.4,False
2604,301201,诚达药业,37.81,0.85,1.75,208.86,37.527110423745,0.2699352,63.87618735,-175,1278,68.4,2026-06-25,0.75,43.7,False
2605,301202,朗威股份,35.25,-3.13,2.39,67.94,37.043899419886,0.1664608,66.58847833,378,853,64.4,2026-06-25,-4.84,42.9,False
2606,301203,国泰环保,42.58,-0.02,0.43,45.79,42.899142436882,0.3421408,60.37396753,216,2066,60.4,2026-06-25,-0.74,36.5,False
2607,301205,联特科技,334.0,-3.33,2.92,3566.21,344.941591246514,0.5467496,74.62470199,-8,197,84.8,2026-06-25,-3.17,63.3,False
2608,301206,三元生物,22.62,-2.12,0.23,43.85,23.077890763642,0.1702108,52.79313023,-1036,4031,62.4,2026-06-25,-1.98,32.9,False
2609,301207,华兰疫苗,16.04,-1.96,0.15,64.5,16.191905052429,0.1661208,56.16595421,-721,3186,64.8,2026-06-25,-0.94,36.4,False
2610,301208,中亦科技,29.05,-4.63,1.35,134.95,30.640264780483,0.235004,66.7127067,957,836,66.0,2026-06-25,-5.19,44.0,False
2611,301209,联合化学,61.9,-5.21,0.76,541.05,66.179069132276,0.3946436,62.06041677,-166,1638,68.8,2026-06-25,-6.47,42.7,False
2612,301210,金杨精密,27.96,-2.58,2.35,44.04,29.190202640763,0.1400728,58.27618103,-1238,2617,66.8,2026-06-25,-4.21,38.9,False
2613,301211,亨迪药业,11.05,-6.51,1.4,125.15,11.048025715764,0.2712112,60.38651312,-448,2063,78.8,2026-06-25,0.02,47.6,False
2614,301212,联盛化学,23.08,-2.41,0.36,102.31,23.915685310362,0.1535132,54.56325255,245,3615,60.0,2026-06-25,-3.49,32.7,False
2615,301213,观想科技,54.0,-0.02,1.19,216.46,54.242855544681,0.2418228,60.78810774,-1552,1970,75.6,2026-06-25,-0.45,46.0,False
2616,301215,中汽股份,5.24,0.19,0.2,37.15,5.237253688982,0.2374964,66.74801285,-59,829,68.4,2026-06-25,0.05,45.7,False
2617,301216,万凯新材,23.91,-1.03,0.46,9.11,24.385918919336,0.3184956,65.01670463,-151,1075,70.4,2026-06-25,-1.95,45.8,False
2618,301217,铜冠铜箔,165.29,-9.81,2.3,322.12,182.221336605034,0.4289352,64.9394677,-825,1088,94.4,2026-06-25,-9.29,61.3,False
2619,301218,华是科技,43.59,0.79,4.09,-421.26,43.56306255354,0.3130252,55.65387323,-622,3345,71.2,2026-06-25,0.06,39.6,False
2620,301219,腾远钴业,55.7,-2.83,0.96,10.04,57.932553456345,0.2549396,68.14850008,-266,655,75.2,2026-06-25,-3.85,51.2,False
2621,301220,亚香股份,30.69,-4.09,0.79,54.84,32.223495164093,0.2469588,51.38147833,-4,4333,59.6,2026-06-25,-4.76,30.6,False
2622,301221,光庭信息,28.47,-2.47,0.77,-266.4,29.764342515692,0.1900692,57.85847488,1218,2721,65.2,2026-06-25,-4.35,37.7,False
2623,301222,浙江恒威,30.76,-2.29,0.61,41.85,31.226947915578,0.2661608,64.23178384,156,1211,66.4,2026-06-25,-1.5,42.6,False
2624,301223,中荣股份,15.99,-0.74,0.18,18.06,16.179680610359,0.2366424,63.21052433,1420,1409,61.6,2026-06-25,-1.17,38.9,False
2625,301225,恒勃股份,76.38,-2.43,1.63,74.23,78.784605897136,0.1929772,48.0632592,-286,4864,60.8,2026-06-25,-3.05,29.2,False
2626,301226,祥明智能,30.87,-4.34,0.78,870.63,32.280265116684,0.2825068,45.5643862,13,5079,60.0,2026-06-25,-4.37,27.3,False
2627,301227,森鹰窗业,25.43,-4.36,0.88,-39.6,26.511394619337,0.1896692,49.6772736,-43,4618,61.6,2026-06-25,-4.08,30.6,False
2628,301228,实朴检测,77.89,0.13,0.53,-537.72,76.711922555903,0.5571784,60.44622682,1218,2048,65.2,2026-06-25,1.54,39.4,False
2629,301229,纽泰格,12.23,-2.7,0.55,-57.26,12.560034167133,0.09262,47.68407696,-352,4919,61.2,2026-06-25,-2.63,29.2,False
2630,301230,泓博医药,36.22,-1.28,1.75,53.15,36.236376813217,0.2386652,56.03523155,-1888,3222,70.4,2026-06-25,-0.05,39.4,False
2631,301231,荣信文化,26.41,-1.23,3.71,-46.77,27.47685652982,0.2729172,44.67413344,-1141,5115,68.0,2026-06-25,-3.88,30.4,False
2632,301232,飞沃科技,140.5,-2.98,1.98,818.79,142.953543977814,0.397932,65.3775061,-844,1025,71.6,2026-06-25,-1.72,46.8,False
2633,301233,盛帮股份,41.32,-2.04,1.85,38.76,42.027439831723,0.3201832,74.07706471,543,214,68.8,2026-06-25,-1.68,51.0,False
2634,301234,五洲医疗,35.1,-2.12,0.41,74.12,35.226925407353,0.1536972,54.18121305,-862,3710,62.4,2026-06-25,-0.36,33.8,False
2635,301235,华康洁净,69.55,-0.43,3.53,-107.33,70.300409692335,0.3406596,60.07866762,-517,2159,64.8,2026-06-25,-1.07,38.9,False
2636,301236,软通动力,42.3,13.74,4.8,-31.29,37.970460759438,0.3273108,62.22420235,172,1598,84.4,2026-06-25,11.4,52.5,False
2637,301237,和顺科技,72.05,-2.92,2.18,1227.01,76.559800469124,0.3623248,66.89407781,-155,800,70.0,2026-06-25,-5.89,46.8,False
2638,301238,瑞泰新材,23.5,-1.55,0.53,34.11,24.163435616554,0.210294,56.84023763,279,3003,78.0,2026-06-25,-2.75,44.3,False
2639,301239,普瑞眼科,30.81,-1.57,0.35,16.31,31.296211425987,0.146006,59.87228014,1415,2201,59.6,2026-06-25,-1.55,35.7,False
2640,301246,宏源药业,28.61,1.17,1.89,19.82,28.512192599319,0.2543784,64.73664196,-159,1128,67.2,2026-06-25,0.34,43.5,False
2641,301248,杰创智能,83.19,-4.04,2.13,-224.72,84.51901480328,0.4280072,71.87832985,137,354,73.2,2026-06-25,-1.57,52.6,False
2642,301251,威尔高,53.18,-3.76,2.26,368.67,55.480363805626,0.240966,66.96311248,598,795,75.2,2026-06-25,-4.15,50.4,False
2643,301252,同星科技,43.46,-2.32,0.76,83.35,44.93560276464,0.2294672,61.96436391,-790,1673,72.0,2026-06-25,-3.28,44.6,False
2644,301255,通力科技,21.15,-2.53,1.15,119.76,21.8063294303,0.1285364,44.95642119,-142,5103,59.2,2026-06-25,-3.01,26.6,False
2645,301256,华融化学,11.73,0.51,0.63,81.02,11.739448022524,0.1921856,56.87262274,-1304,2995,63.6,2026-06-25,-0.08,36.2,False
2646,301257,普蕊斯,45.14,9.86,3.05,74.15,40.617174129894,0.194724,62.60213895,-1025,1529,64.4,2026-06-25,11.14,40.3,False
2647,301258,富士莱,23.01,-2.21,0.18,-190.53,23.469206974651,0.1291248,52.27135327,132,4154,61.6,2026-06-25,-1.96,32.2,False
2648,301259,艾布鲁,25.71,-3.82,2.16,150.67,27.584176877091,0.3055928,63.08123054,-693,1440,69.2,2026-06-25,-6.79,43.7,False
2649,301260,格力博,13.54,-2.17,0.52,12.07,14.003279754697,0.1468208,48.61998001,-75,4794,62.8,2026-06-25,-3.31,30.5,False
2650,301261,恒工精密,76.68,-3.38,1.71,27.19,80.543322840019,0.2014116,55.1465339,-707,3464,66.8,2026-06-25,-4.8,36.8,False
2651,301262,海看股份,18.38,-2.44,0.66,21.31,18.928268003064,0.1803512,59.02742217,-1158,2402,62.0,2026-06-25,-2.9,36.6,False
2652,301263,泰恩康,18.38,-0.11,0.27,82.08,18.576972674343,0.184138,53.40861835,-1185,3888,64.0,2026-06-25,-1.06,34.2,False
2653,301265,华新科技,30.26,-4.96,1.79,70.88,30.456310314948,0.3508856,63.01007813,526,1451,65.2,2026-06-25,-0.64,41.1,False
2654,301266,宇邦新材,22.69,-1.69,0.67,25.4,23.307440348964,0.1922536,54.85970575,-56,3540,62.4,2026-06-25,-2.65,34.2,False
2655,301267,华厦眼科,15.3,-1.03,0.16,18.72,15.436974883446,0.1681764,62.67074227,-29,1522,62.8,2026-06-25,-0.89,39.4,False
2656,301268,铭利达,14.13,-2.89,0.4,256.87,14.616068707089,0.114568,47.76260667,82,4905,61.6,2026-06-25,-3.33,29.4,False
2657,301269,华大九天,105.1,-4.54,0.83,-196.31,107.882769267558,0.4058504,71.90288102,171,351,89.2,2026-06-25,-2.58,64.1,False
2658,301270,汉仪股份,25.88,-4.33,0.69,-354.04,26.906055774398,0.1745408,52.68979951,-797,4060,64.0,2026-06-25,-3.81,33.7,False
2659,301272,英华特,32.49,-3.3,1.11,-384.28,33.764030589294,0.1352808,59.27147096,1142,2346,60.0,2026-06-25,-3.77,35.6,False
2660,301273,瑞晨环保,29.07,1.64,0.78,-39.91,28.802689984366,0.1243216,52.78726062,-1040,4033,60.4,2026-06-25,0.93,31.9,False
2661,301275,汉朔科技,43.29,1.33,0.72,25.3,43.397748824643,0.223306,65.43796273,-323,1017,67.2,2026-06-25,-0.25,44.0,False
2662,301276,嘉曼服饰,22.8,-0.31,1.01,14.69,23.331237605491,0.2274284,55.49285223,-989,3379,63.2,2026-06-25,-2.28,35.1,False
2663,301277,新天地,8.89,-2.31,0.15,24.14,9.004555592805,0.125074,53.85100762,-1297,3797,63.6,2026-06-25,-1.27,34.2,False
2664,301278,快可电子,28.96,-1.86,0.96,115.1,29.617802179824,0.16521,52.59041292,-60,4079,57.6,2026-06-25,-2.22,30.3,False
2665,301279,金道科技,22.14,-1.95,0.35,61.11,22.91418976652,0.1698788,60.36678716,-781,2067,64.0,2026-06-25,-3.38,38.6,False
2666,301280,珠城科技,49.15,-2.15,0.9,41.72,51.089117372887,0.3087016,59.44107012,-1172,2310,69.2,2026-06-25,-3.8,41.1,False
2667,301281,科源制药,44.5,-2.63,0.91,40.06,45.890309164643,0.2386632,54.01771977,14,3758,67.2,2026-06-25,-3.03,36.3,False
2668,301282,金禄电子,29.31,-3.3,2.47,173.42,29.636628838797,0.3004872,61.23595346,-771,1850,72.0,2026-06-25,-1.1,44.1,False
2669,301283,聚胶股份,25.25,-1.17,0.49,18.46,25.998497337809,0.1363528,62.24331281,76,1596,61.2,2026-06-25,-2.88,38.1,False
2670,301285,鸿日达,120.18,-2.6,0.39,-358.8,125.786001864962,0.426102,60.23724977,-803,2108,67.6,2026-06-25,-4.46,40.7,False
2671,301286,侨源股份,55.96,-1.84,0.29,91.79,57.574406932912,0.3292272,67.04442875,-515,789,66.4,2026-06-25,-2.8,44.5,False
2672,301287,康力源,32.66,-2.36,0.66,62.82,33.544832973469,0.1063488,52.96240975,-78,3998,61.2,2026-06-25,-2.64,32.4,False
2673,301288,清研环境,18.1,-6.02,1.23,-45.76,19.35752555772,0.149544901961,59.66588336,634,2251,67.6,2026-06-25,-6.5,40.3,False
2674,301289,国缆检测,46.77,-4.14,0.42,36.14,48.449814159482,0.2105016,65.90718378,280,953,65.6,2026-06-25,-3.47,43.2,False
2675,301290,东星医疗,27.53,-2.72,0.82,38.48,28.234650403453,0.2950052,57.7447559,-101,2757,62.4,2026-06-25,-2.5,36.0,False
2676,301291,明阳电气,36.86,-2.1,1.03,117.69,37.914056786282,0.237678,54.58602977,201,3609,61.2,2026-06-25,-2.78,33.4,False
2677,301292,海科新源,85.16,-5.14,7.87,23.56,87.390233744185,0.4507944,74.38814332,183,204,82.8,2026-06-25,-2.55,61.6,False
2678,301293,三博脑科,49.12,-4.29,1.54,168.25,51.561828681162,0.271164,55.04542326,-2534,3490,74.4,2026-06-25,-4.74,41.0,False
2679,301295,美硕科技,44.29,8.71,2.97,55.16,40.640817906872,0.1289996,50.10438907,-727,4559,58.4,2026-06-25,8.98,29.3,False
2680,301296,新巨丰,5.96,-1.16,0.15,105.61,6.048916748065,0.0742312,52.70909355,147,4054,61.6,2026-06-25,-1.47,32.5,False
2681,301297,富乐德,54.95,0.46,2.39,105.79,53.800792112554,0.3909476,75.19935169,156,170,83.6,2026-06-25,2.14,62.9,False
2682,301298,东利机械,11.66,-2.51,0.63,98.7,12.058431872039,0.1013936,56.09165172,1061,3208,61.2,2026-06-25,-3.3,34.3,False
2683,301299,卓创资讯,45.2,-2.54,0.74,36.79,47.13013751573,0.1471188,55.91514816,-114,3262,62.8,2026-06-25,-4.1,35.1,False
2684,301300,远翔新材,31.55,-2.68,0.63,40.73,32.693820298391,0.1376452,56.88941837,-1101,2992,61.2,2026-06-25,-3.5,34.8,False
2685,301301,川宁生物,8.09,-1.22,0.33,40.73,8.187479863104,0.2420676,55.36931304,-228,3404,68.0,2026-06-25,-1.19,37.7,False
2686,301302,华如科技,26.2,-1.09,1.67,-61.65,26.99306093182,0.1519236,49.36699315,-5,4673,74.4,2026-06-25,-2.94,36.7,False
2687,301303,真兰仪表,16.7,-2.68,1.88,31.68,17.116910290998,0.172728,64.60088942,-244,1149,65.6,2026-06-25,-2.44,42.4,False
2688,301305,朗坤科技,30.87,0.72,3.19,20.01,30.554565669337,0.2820888,75.18476587,-89,172,74.0,2026-06-25,1.03,55.6,False
2689,301306,西测测试,164.89,0.46,2.02,-89.45,164.119423378894,0.3799796,54.5142561,-1307,3623,70.4,2026-06-25,0.47,38.4,False
2690,301307,美利信,55.96,-3.63,1.28,-55.04,57.76320365595,0.36865,53.28341189,-689,3923,63.6,2026-06-25,-3.12,33.9,False
2691,301308,江波龙,673.0,-0.63,2.26,18.43,667.904678809117,0.6117524,83.39167598,58,7,94.8,2026-06-25,0.76,79.1,False
2692,301309,万得凯,32.28,-3.3,0.67,24.91,33.330107889413,0.1628892,59.96884914,-1582,2179,64.8,2026-06-25,-3.15,38.9,False
2693,301310,鑫宏业,54.95,-1.35,5.93,70.99,55.699610969504,0.3512232,56.04322191,-1490,3220,78.4,2026-06-25,-1.35,43.9,False
2694,301311,昆船智能,13.24,-1.12,0.24,-31.29,13.458756959574,0.1458832,49.75599567,-100,4608,63.2,2026-06-25,-1.63,31.4,False
2695,301312,智立方,107.36,-3.19,1.41,313.95,113.016508128671,0.2859912,59.05753872,-1242,2396,72.0,2026-06-25,-5.01,42.5,False
2696,301313,凡拓数创,53.14,-1.96,5.46,-54.68,55.126876885041,0.3095496,51.2897853,-2938,4352,80.4,2026-06-25,-3.6,41.2,False
2697,301314,科瑞思,49.07,-3.8,3.02,663.12,51.389313658562,0.163048,57.74657024,-571,2755,67.2,2026-06-25,-4.51,38.8,False
2698,301315,威士顿,39.1,-3.24,0.64,93.33,40.76849496008,0.1698248,55.63741665,199,3349,64.8,2026-06-25,-4.09,36.1,False
2699,301316,慧博云通,38.68,-5.54,0.91,509.75,40.805302614378,0.3682332,66.55959969,-385,857,70.4,2026-06-25,-5.21,46.9,False
2700,301317,鑫磊股份,67.08,2.13,3.1,-135.77,66.666804904285,0.2969876,64.38256499,1933,1188,60.4,2026-06-25,0.62,38.9,False
2701,301318,维海德,20.22,0.65,0.58,174.55,20.119143893031,0.2123952,56.17871695,-1125,3182,65.6,2026-06-25,0.5,36.9,False
2702,301319,唯特偶,208.98,3.11,2.37,319.3,209.379914884782,0.507538,70.37713147,-299,463,82.8,2026-06-25,-0.19,58.3,False
2703,301320,豪江智能,13.19,-2.51,0.7,290.46,13.586011810132,0.1487516,50.43960446,-2,4515,64.0,2026-06-25,-2.91,32.3,False
2704,301321,翰博高新,42.07,2.99,1.63,425.25,40.100625034932,0.255264,67.70185217,2236,700,68.8,2026-06-25,4.91,46.6,False
2705,301322,绿通科技,58.37,1.39,2.36,-741.09,58.884525981417,0.3834632,61.90511342,910,1688,68.8,2026-06-25,-0.87,42.6,False
2706,301323,新莱福,81.61,-5.43,1.34,52.88,87.071597929584,0.259656,57.23826262,808,2895,67.2,2026-06-25,-6.27,38.5,False
2707,301325,曼恩斯特,34.71,-3.31,0.52,-30.48,36.369619059707,0.1485784,49.07658378,108,4718,68.4,2026-06-25,-4.56,33.6,False
2708,301326,捷邦科技,146.21,-0.74,0.54,-178.0,148.553681026152,0.3306876,62.62760803,652,1526,67.2,2026-06-25,-1.58,42.1,False
2709,301327,华宝新能,46.6,-3.3,0.34,143.41,48.258638885673,0.2248508,52.75433867,-113,4044,61.6,2026-06-25,-3.44,32.5,False
2710,301328,维峰电子,61.81,-2.37,0.55,132.56,63.554171611036,0.2847924,63.72218965,-632,1309,67.6,2026-06-25,-2.74,43.1,False
2711,301329,信音电子,24.15,-3.94,2.98,36.01,25.302927512343,0.1400772,53.21192574,-1832,3940,69.2,2026-06-25,-4.56,36.8,False
2712,301330,熵基科技,24.99,-4.0,0.9,116.27,26.512926659391,0.281982,58.83218525,-1473,2456,64.8,2026-06-25,-5.74,38.1,False
2713,301331,恩威医药,21.62,-3.7,0.46,44.47,22.202893466548,0.1526716,57.17616265,819,2911,64.0,2026-06-25,-2.63,36.6,False
2714,301332,德尔玛,7.56,-1.95,0.23,40.06,7.717042584268,0.1367196,52.71058652,-1342,4053,63.6,2026-06-25,-2.04,33.5,False
2715,301333,诺思格,51.84,4.47,1.66,54.84,49.488373992595,0.2160116,62.55092544,-1211,1539,68.0,2026-06-25,4.75,42.5,False
2716,301335,天元宠物,19.59,-2.63,0.48,46.75,20.029579871313,0.1142008,53.20543708,347,3944,61.6,2026-06-25,-2.19,32.8,False
2717,301336,趣睡科技,38.86,-2.8,0.67,62.48,39.872043235167,0.2029724,57.59463733,-496,2788,63.6,2026-06-25,-2.54,36.6,False
2718,301337,亚华电子,27.31,2.28,1.06,-81.04,26.231743942101,0.2172872,57.44489217,1576,2832,66.4,2026-06-25,4.11,38.1,False
2719,301338,凯格精机,165.26,-4.28,1.65,94.71,172.075009090211,0.4048724,72.76477267,-182,294,81.2,2026-06-25,-3.96,59.1,False
2720,301339,通行宝,10.32,-2.27,0.16,28.39,10.625911761367,0.1142692,55.98884001,-2,3237,62.8,2026-06-25,-2.88,35.2,False
2721,301345,涛涛车业,224.02,2.35,1.86,34.64,218.299452837142,0.2535772,73.53619351,178,244,63.2,2026-06-25,2.62,46.5,False
2722,301348,蓝箭电子,29.1,-2.45,2.93,-217.29,30.001392088162,0.27093,59.90711747,-993,2192,85.2,2026-06-25,-3.0,51.0,False
2723,301349,信德新材,71.2,13.02,7.67,81.01,60.968232462222,0.3036516,72.05135261,1161,337,68.4,2026-06-25,16.78,49.3,False
2724,301353,普莱得,16.8,-1.81,1.23,36.3,17.285675167645,0.1152728,55.35842993,-1105,3411,60.4,2026-06-25,-2.81,33.4,False
2725,301355,南王科技,9.39,-2.59,0.64,240.22,9.59527032841,0.1533612,47.89482934,4,4884,60.0,2026-06-25,-2.14,28.7,False
2726,301356,天振股份,26.04,-6.43,1.71,36.37,27.976969151763,0.2306488,65.80832578,-341,965,71.2,2026-06-25,-6.92,46.9,False
2727,301357,北方长龙,78.19,-3.41,0.43,-149.43,81.260036051631,0.227604,49.49783503,-228,4657,65.2,2026-06-25,-3.78,32.3,False
2728,301358,湖南裕能,81.95,-0.43,0.76,12.74,82.414884063282,0.3610704,68.28456333,-456,642,87.6,2026-06-25,-0.56,59.8,False
2729,301359,东南电子,16.1,-3.82,0.59,93.79,16.846267984596,0.0531724,57.85879661,1310,2720,60.4,2026-06-25,-4.43,34.9,False
2730,301360,荣旗科技,70.86,-3.6,1.3,-2243.67,73.035121011803,0.1777864,64.91719671,13,1092,70.0,2026-06-25,-2.98,45.4,False
2731,301361,众智科技,30.95,-2.73,0.68,43.42,32.078513689027,0.2246804,56.53334142,-288,3096,64.0,2026-06-25,-3.52,36.2,False
2732,301362,民爆光电,197.5,3.94,5.77,325.61,191.818835780991,0.3854544,56.87022351,188,2996,70.8,2026-06-25,2.96,40.3,False
2733,301363,美好医疗,18.76,-3.6,0.79,65.86,18.739044264117,0.241902,66.66165496,-536,842,72.4,2026-06-25,0.11,48.3,False
2734,301365,矩阵股份,33.38,-1.18,0.35,-97.9,33.029150893792,0.3698688,61.13920858,1512,1881,58.8,2026-06-25,1.06,35.9,False
2735,301366,一博科技,61.52,0.2,5.56,277.84,61.780782350087,0.2821512,61.14829681,-1737,1878,86.8,2026-06-25,-0.42,53.1,False
2736,301367,瑞迈特,39.2,-2.46,0.23,31.95,39.844557051442,0.196832,57.0179628,143,2955,62.8,2026-06-25,-1.62,35.8,False
2737,301368,丰立智能,39.56,-2.39,0.68,4528.24,41.597463842875,0.1873428,53.6765246,802,3831,72.0,2026-06-25,-4.9,38.6,False
2738,301369,联动科技,225.1,-3.22,1.42,1686.21,234.476654635183,0.4211172,69.18752474,510,567,75.2,2026-06-25,-4.0,52.0,False
2739,301370,国科恒泰,8.2,-2.5,0.28,775.49,8.388337042193,0.1043136,55.77037067,-37,3304,62.0,2026-06-25,-2.25,34.6,False
2740,301371,敷尔佳,25.75,-0.35,0.61,19.52,25.90136214922,0.0922908,66.39097012,482,886,60.4,2026-06-25,-0.58,40.1,False
2741,301372,科净源,32.2,1.19,1.41,96.2,32.147273073989,0.1283332,46.42558323,-119,5024,59.2,2026-06-25,0.16,27.5,False
2742,301373,凌玮科技,173.07,-5.99,4.64,122.6,183.341727828343,0.4081108,72.65929131,1628,298,76.0,2026-06-25,-5.6,55.2,False
2743,301376,致欧科技,17.11,-3.88,1.02,22.9,18.373336033481,0.2276936,66.43504721,-309,880,62.0,2026-06-25,-6.88,41.2,False
2744,301377,鼎泰高科,619.0,-3.36,1.28,244.33,631.73205043958,0.4423376,78.92923988,148,44,89.6,2026-06-25,-2.02,70.7,False
2745,301378,通达海,24.27,-3.04,1.97,-14.28,25.232531592979,0.118456,50.81046389,-1109,4455,60.4,2026-06-25,-3.81,30.7,False
2746,301379,天山电子,25.06,-3.98,2.23,87.91,26.013858682154,0.366836,74.04118913,-81,217,76.0,2026-06-25,-3.67,56.3,False
2747,301380,挖金客,26.56,-2.67,0.58,59.49,27.549829109612,0.1959512,57.34755857,-119,2860,61.6,2026-06-25,-3.59,35.3,False
2748,301381,赛维时代,18.47,0.6,0.65,44.11,18.45133883982,0.1785092,60.3429727,-248,2070,61.6,2026-06-25,0.1,37.2,False
2749,301382,蜂助手,40.82,-3.09,1.51,80.37,42.784918975281,0.3307068,71.39749687,-225,386,68.8,2026-06-25,-4.59,49.1,False
2750,301383,天键股份,24.8,-4.1,0.8,-29.41,26.046045560794,0.1538424,54.6099715,-9,3604,62.4,2026-06-25,-4.78,34.1,False
2751,301386,未来电器,20.64,-1.62,1.02,47.91,21.1120395011,0.1977376,60.87682574,1308,1946,62.0,2026-06-25,-2.24,37.7,False
2752,301387,光大同创,99.5,-7.01,2.59,-1683.19,105.344259510716,0.3872736,65.17127631,625,1053,66.4,2026-06-25,-5.55,43.3,False
2753,301388,欣灵电气,23.76,-2.02,0.49,122.81,24.289478600218,0.151724,51.3422495,-927,4341,58.4,2026-06-25,-2.18,30.0,False
2754,301389,隆扬电子,93.97,-5.91,1.31,247.4,99.948602525292,0.38009,71.5336061,122,373,80.4,2026-06-25,-5.98,57.5,False
2755,301390,经纬股份,28.71,-2.41,0.55,-99.71,29.445548770941,0.09615,55.93810444,562,3256,60.4,2026-06-25,-2.5,33.8,False
2756,301391,卡莱特,59.44,-4.9,0.57,192.47,62.421199174174,0.168834,58.42770158,530,2572,63.6,2026-06-25,-4.78,37.2,False
2757,301392,汇成真空,242.59,6.86,12.46,220.59,227.989286628606,0.4711128,73.12568403,918,269,74.0,2026-06-25,6.4,54.1,False
2758,301393,昊帆生物,56.13,-0.3,1.7,45.31,54.349342488777,0.226044,59.32304148,-830,2335,61.6,2026-06-25,3.28,36.5,False
2759,301395,仁信新材,12.22,-2.4,2.43,-7.38,12.131686830404,0.262022,63.82691772,495,1290,65.2,2026-06-25,0.73,41.6,False
2760,301396,宏景科技,286.31,-5.51,3.42,508.43,301.701887552131,0.4779316,68.65857518,-520,611,90.0,2026-06-25,-5.1,61.8,False
2761,301397,溯联股份,31.35,-1.01,1.63,57.82,31.896555212771,0.2504384,59.02476901,118,2404,61.6,2026-06-25,-1.71,36.4,False
2762,301398,星源卓镁,35.53,2.81,0.92,-63.56,34.96593208743,0.2084724,48.06248734,-723,4865,62.0,2026-06-25,1.61,29.8,False
2763,301399,英特科技,16.89,-2.43,3.25,-279.07,17.853980734423,0.1743336,54.70107259,-108,3584,68.4,2026-06-25,-5.4,37.4,False
2764,301408,华人健康,14.6,-2.6,1.54,18.4,14.93564634845,0.2350712,57.47830186,-1445,2818,61.2,2026-06-25,-2.25,35.2,False
2765,301413,安培龙,66.17,-4.07,1.62,684.44,70.263868065227,0.205498,47.29835992,-271,4947,66.4,2026-06-25,-5.83,31.4,False
2766,301418,协昌科技,53.55,-1.98,8.79,115.66,51.712753238519,0.321702,62.01611935,2752,1651,68.0,2026-06-25,3.55,42.2,False
2767,301419,阿莱德,44.66,-5.02,2.59,135.33,45.477189360077,0.3311008,75.29407671,1179,164,75.6,2026-06-25,-1.8,56.9,False
2768,301421,波长光电,89.2,1.83,4.78,398.65,88.969469086659,0.310058,54.32418112,-2416,3670,72.8,2026-06-25,0.26,39.5,False
2769,301428,世纪恒通,37.11,-0.72,3.68,55.53,38.08168463831,0.2537068,61.28957624,-383,1831,75.2,2026-06-25,-2.55,46.1,False
2770,301429,森泰股份,15.82,-1.06,0.93,29.45,16.150577306136,0.0471256,59.14823392,963,2373,59.6,2026-06-25,-2.05,35.3,False
2771,301439,泓淋电力,16.43,-1.38,1.4,28.97,16.664828873945,0.241928,58.93077687,-705,2433,70.4,2026-06-25,-1.41,41.5,False
2772,301446,福事特,38.85,-2.39,0.92,43.22,40.366727271671,0.15631,64.8841286,-745,1099,63.6,2026-06-25,-3.76,41.3,False
2773,301448,开创电气,50.87,-3.01,1.44,-1067.48,51.20321685238,0.2918884,64.02009789,401,1250,70.8,2026-06-25,-0.65,45.3,False
2774,301449,天溯计量,38.08,-3.33,1.6,229.59,39.408786032999,0.1335252,62.85025608,112,1484,58.8,2026-06-25,-3.37,37.0,False
2775,301456,盘古智能,23.05,-1.87,0.86,49.46,23.637792096596,0.1108856,57.91039738,-903,2703,60.8,2026-06-25,-2.49,35.2,False
2776,301458,钧崴电子,64.25,-3.79,5.01,115.91,66.090065350835,0.4022688,75.31582654,423,162,80.0,2026-06-25,-2.78,60.3,False
2777,301459,丰茂股份,31.76,-2.34,0.65,38.11,32.79651319983,0.1038628,52.50442515,-1380,4093,60.4,2026-06-25,-3.16,31.7,False
2778,301468,博盈特焊,51.32,2.13,5.22,276.97,50.598033364553,0.3507332,69.34170116,230,554,70.0,2026-06-25,1.43,48.5,False
2779,301469,恒达新材,28.39,-1.08,0.59,25.38,28.906046348247,0.1041616,57.30924858,321,2876,58.8,2026-06-25,-1.79,33.7,False
2780,301479,弘景光电,58.22,-3.39,1.18,71.06,61.296870430636,0.2506148,61.85389806,-189,1698,59.2,2026-06-25,-5.02,36.6,False
2781,301486,致尚科技,224.02,-3.19,2.22,-1186.91,234.041223131018,0.4628868,57.96073928,-1512,2691,76.8,2026-06-25,-4.28,44.5,False
2782,301487,盟固利,19.24,-3.8,1.55,111.29,20.28685118921,0.207946,53.43609305,223,3882,69.6,2026-06-25,-5.16,37.2,False
2783,301488,豪恩汽电,124.06,-2.73,1.72,201.25,127.088512018602,0.284608,51.02836279,-54,4405,68.4,2026-06-25,-2.38,34.9,False
2784,301489,思泉新材,179.45,1.59,3.56,191.22,178.370913048745,0.5120972,76.27623435,-27,112,80.8,2026-06-25,0.6,61.6,False
2785,301491,汉桑科技,40.06,-2.53,0.65,44.31,41.517281155961,0.1509572,64.81783739,1107,1112,63.2,2026-06-25,-3.51,41.0,False
2786,301498,乖宝宠物,38.85,-1.65,0.6,31.49,39.403408019141,0.2183932,60.69734935,172,1992,65.6,2026-06-25,-1.4,39.8,False
2787,301499,维科精密,30.07,-11.82,7.68,79.78,34.58089928666,0.1933192,66.74790913,-205,830,67.6,2026-06-25,-13.04,45.1,False
2788,301500,飞南资源,27.52,0.07,2.78,9.54,27.707811311335,0.2989908,69.46699732,544,537,72.8,2026-06-25,-0.68,50.6,False
2789,301501,恒鑫生活,26.37,-2.69,0.75,30.19,27.032489071711,0.1861032,60.90102953,601,1936,64.0,2026-06-25,-2.45,39.0,False
2790,301502,华阳智能,86.53,0.79,2.75,134.18,83.948636363636,0.1914832,55.42080622,-902,3396,62.8,2026-06-25,3.07,34.8,False
2791,301503,智迪科技,27.24,-2.26,0.55,119.59,28.022713567946,0.0976944,58.95918288,-1006,2427,63.6,2026-06-25,-2.79,37.5,False
2792,301505,苏州规划,16.13,-2.0,0.76,194.82,16.512979407809,0.1523072,48.92312135,-107,4741,60.0,2026-06-25,-2.32,29.4,False
2793,301507,民生健康,12.2,-2.87,1.0,17.32,12.428442157205,0.1769552,65.25662501,997,1043,62.4,2026-06-25,-1.84,40.7,False
2794,301508,中机认检,23.23,-1.98,0.67,42.06,23.724005907748,0.1524232,56.60683106,-272,3072,63.6,2026-06-25,-2.08,36.0,False
2795,301509,金凯生科,28.36,0.35,1.78,51.31,27.241958884907,0.1970804,62.1837831,-19,1604,63.2,2026-06-25,4.1,39.3,False
2796,301510,固高科技,32.25,-1.86,0.79,146.18,33.224703458342,0.2135412,60.33544228,-1388,2075,67.6,2026-06-25,-2.93,40.8,False
2797,301511,德福科技,146.37,-4.05,2.32,156.66,148.475764213597,0.47034,72.49424168,737,308,90.8,2026-06-25,-1.42,65.8,False
2798,301512,智信精密,46.8,-5.34,6.45,-24.16,53.095605888014,0.2063728,58.78670949,-1781,2467,70.0,2026-06-25,-11.86,41.2,False
2799,301515,港通医疗,17.51,-2.18,0.68,-660.38,18.043935289027,0.1197392,48.3025203,-267,4835,60.4,2026-06-25,-2.96,29.2,False
2800,301516,中远通,14.17,-2.14,1.87,-121.47,14.585560366162,0.1281308,51.86239616,-1294,4236,59.2,2026-06-25,-2.85,30.7,False
2801,301517,陕西华达,47.01,-3.49,0.89,-111.14,49.162663179609,0.1966276,47.69379708,-305,4917,63.2,2026-06-25,-4.38,30.1,False
2802,301518,长华化学,27.44,-2.66,0.91,79.08,28.565930870274,0.1595632,53.65416315,-1417,3837,60.8,2026-06-25,-3.94,32.6,False
2803,301519,舜禹股份,10.96,-2.75,1.31,-29.43,11.296463512125,0.072336,51.73627696,-812,4266,62.0,2026-06-25,-2.98,32.1,False
2804,301520,万邦医药,24.15,-0.29,0.67,-2148.82,24.135954862809,0.1111152,55.91596681,-72,3261,61.2,2026-06-25,0.06,34.2,False
2805,301522,上大股份,26.1,-1.95,0.51,100.73,26.684934773012,0.2020304,53.37046288,179,3899,65.6,2026-06-25,-2.19,35.0,False
2806,301525,儒竞科技,45.6,-4.3,0.8,143.7,48.314644220402,0.2822016,55.0094685,-1610,3499,64.8,2026-06-25,-5.62,35.6,False
2807,301526,国际复材,51.47,7.5,4.88,179.58,47.273338952274,0.4304968,75.44341903,111,156,94.0,2026-06-25,8.88,70.9,False
2808,301528,多浦乐,60.61,-5.19,2.02,-3663.21,64.037221631581,0.2391384,52.69858111,-478,4058,68.0,2026-06-25,-5.35,35.8,False
2809,301529,福赛科技,90.32,-2.04,0.68,87.0,93.248973259642,0.2630064,59.33060228,-879,2333,60.8,2026-06-25,-3.14,36.1,False
2810,301533,威马农机,23.63,-2.76,1.09,71.71,24.355963268347,0.1296432,56.93093072,923,2977,62.0,2026-06-25,-2.98,35.3,False
2811,301535,浙江华远,13.27,-2.14,0.78,51.65,13.701511511623,0.0749088,55.93826705,578,3255,60.0,2026-06-25,-3.15,33.6,False
2812,301536,星宸科技,126.29,-1.22,2.4,60.46,124.388000296292,0.3707572,71.98121178,195,345,83.6,2026-06-25,1.53,60.2,False
2813,301538,骏鼎达,50.6,-2.47,1.65,38.86,53.897431889994,0.2336004,60.31939343,-1254,2084,61.6,2026-06-25,-6.12,37.2,False
2814,301539,宏鑫科技,13.17,-2.3,0.63,-33.13,13.480346887844,0.131932,49.61262964,72,4636,61.2,2026-06-25,-2.3,30.4,False
2815,301548,崇德科技,91.31,-3.2,3.7,50.81,94.312495917743,0.2509552,76.38815899,439,110,72.0,2026-06-25,-3.18,55.0,False
2816,301550,斯菱智驱,90.71,-1.1,0.78,193.84,92.76796587335,0.25334,52.1787295,-1039,4173,68.8,2026-06-25,-2.22,35.9,False
2817,301551,无线传媒,19.96,-2.35,0.91,28.81,21.061962440509,0.1841592,58.48177777,-26,2562,63.6,2026-06-25,-5.23,37.2,False
2818,301552,科力装备,23.03,-1.58,1.59,28.24,23.443387446949,0.1809212,55.98456805,214,3241,58.0,2026-06-25,-1.76,32.5,False
2819,301555,惠柏新材,43.18,-3.96,3.21,73.46,45.115059456766,0.2930332,71.79936572,255,358,69.2,2026-06-25,-4.29,49.7,False
2820,301556,托普云农,57.61,-3.58,1.61,200.57,59.987071123183,0.182648,54.28888211,-141,3678,61.2,2026-06-25,-3.96,33.2,False
2821,301557,常友科技,87.33,-1.92,0.98,-266.34,88.647384609583,0.36187,70.05487343,776,485,65.6,2026-06-25,-1.49,46.0,False
2822,301558,三态股份,6.12,-2.55,0.73,84.73,6.288479287011,0.1782928,60.20626025,182,2117,62.0,2026-06-25,-2.68,37.3,False
2823,301559,中集环科,12.45,-1.81,0.85,82.05,12.827285782048,0.1468868,54.39808867,-494,3654,60.8,2026-06-25,-2.94,33.1,False
2824,301560,众捷汽车,27.26,-4.35,0.95,-197.01,28.796191350924,0.1942748,49.81648628,-371,4598,58.0,2026-06-25,-5.33,28.9,False
2825,301563,云汉芯城,179.76,-5.08,6.32,73.69,186.440621436405,0.36994,70.69952156,1202,437,76.0,2026-06-25,-3.58,53.7,False
2826,301565,中仑新材,24.66,-10.85,5.26,77.57,28.121141838419,0.2600496,63.14058257,-844,1427,78.0,2026-06-25,-12.31,49.2,False
2827,301566,达利凯普,38.02,-5.75,5.53,70.48,39.199197409587,0.3955904,70.81001247,587,430,79.6,2026-06-25,-3.01,56.4,False
2828,301567,贝隆精密,35.59,-2.87,1.54,156.41,36.83814091995,0.1549116,50.35115611,-143,4530,60.4,2026-06-25,-3.39,30.4,False
2829,301568,思泰克,118.71,-2.87,1.8,115.93,121.975270284402,0.3404452,71.06362866,98,407,78.0,2026-06-25,-2.68,55.4,False
2830,301571,国科天成,65.78,-1.08,0.72,118.4,65.650109867182,0.2435092,60.42098928,-242,2056,64.8,2026-06-25,0.2,39.2,False
2831,301575,艾芬达,27.33,-1.9,0.71,28.51,27.93056521916,0.1462256,64.03742972,1295,1244,62.0,2026-06-25,-2.15,39.7,False
2832,301577,美信科技,82.01,-3.77,1.87,-71.58,85.310386258176,0.1811952,47.81195148,52,4894,66.8,2026-06-25,-3.87,31.9,False
2833,301578,辰奕智能,20.61,-2.37,0.92,-124.44,21.298425118135,0.1150924,56.6332661,240,3062,62.0,2026-06-25,-3.23,35.1,False
2834,301580,爱迪特,69.3,-4.41,5.11,67.57,75.160704480564,0.3933276,66.33940871,-558,894,77.6,2026-06-25,-7.8,51.5,False
2835,301581,黄山谷捷,46.83,-4.37,1.43,114.54,48.754018907201,0.2168988,68.27512754,1165,643,66.8,2026-06-25,-3.95,45.6,False
2836,301584,建发致新,20.5,-3.12,1.87,33.13,21.193370887639,0.2175712,65.24723414,-393,1045,64.0,2026-06-25,-3.27,41.8,False
2837,301585,蓝宇股份,26.77,4.98,2.35,50.85,25.805546747444,0.18179,61.74457942,-646,1720,64.4,2026-06-25,3.74,39.8,False
2838,301586,佳力奇,32.53,-3.04,0.56,179.96,33.721955810078,0.146684,52.89844052,-246,4011,62.0,2026-06-25,-3.53,32.8,False
2839,301587,中瑞股份,22.2,-2.16,0.94,54.26,22.826752733302,0.1730792,52.59558317,120,4078,56.4,2026-06-25,-2.75,29.7,False
2840,301588,美新科技,37.31,-2.28,0.93,102.96,39.062080513475,0.355868,59.43479043,175,2313,58.0,2026-06-25,-4.49,34.5,False
2841,301589,诺瓦星云,143.33,-0.81,0.43,34.75,144.61062253056,0.2587796,62.51611331,-702,1542,64.4,2026-06-25,-0.89,40.3,False
2842,301590,优优绿能,146.31,-5.18,1.41,-329.85,155.982473458874,0.2889172,55.3707486,34,3403,60.4,2026-06-25,-6.2,33.4,False
2843,301591,肯特股份,54.17,-2.03,3.28,88.05,55.09653354806,0.3202304,64.00357906,2443,1251,74.4,2026-06-25,-1.68,47.6,False
2844,301592,六九一二,116.19,-7.79,4.92,-150.7,127.579167470697,0.378028,57.67425369,-1847,2768,73.2,2026-06-25,-8.93,42.2,False
2845,301595,太力科技,38.95,-3.4,0.9,96.3,40.802102758119,0.2660292,57.77577224,-36,2746,58.8,2026-06-25,-4.54,34.0,False
2846,301596,瑞迪智驱,49.78,-3.47,2.3,66.31,52.229055585686,0.2343584,58.12706463,-675,2653,66.0,2026-06-25,-4.69,38.4,False
2847,301598,博科测试,49.69,-2.42,0.79,41.39,51.038009143807,0.1348676,58.83359507,713,2455,60.0,2026-06-25,-2.64,35.3,False
2848,301600,慧翰股份,86.12,-2.45,0.98,54.88,88.638117475902,0.2264736,62.06814652,-882,1636,66.8,2026-06-25,-2.84,41.5,False
2849,301601,惠通科技,15.79,-1.62,0.62,-315.26,16.152660999983,0.1635876,48.96183799,-240,4737,62.8,2026-06-25,-2.25,30.7,False
2850,301602,超研股份,14.06,-1.88,0.32,165.18,14.402880271497,0.0888908,55.00828068,-985,3500,63.6,2026-06-25,-2.38,35.0,False
2851,301603,乔锋智能,130.59,-3.42,1.2,37.24,133.646968886402,0.2877696,64.8433231,-758,1108,64.4,2026-06-25,-2.29,41.8,False
2852,301606,绿联科技,59.11,-4.71,0.65,25.8,62.292054454491,0.1987088,72.58247216,70,301,61.6,2026-06-25,-5.11,44.7,False
2853,301607,富特科技,43.62,-1.62,1.8,33.18,44.612965959674,0.3629916,73.32149545,-121,256,75.2,2026-06-25,-2.23,55.1,False
2854,301608,博实结,51.34,-0.79,0.91,30.88,51.96251413083,0.185698,66.72579278,602,833,61.6,2026-06-25,-1.2,41.1,False
2855,301609,山大电力,33.68,-2.69,2.05,94.46,34.995448080019,0.2090028,50.61092165,-311,4489,59.6,2026-06-25,-3.76,30.2,False
2856,301611,珂玛科技,155.17,3.16,3.71,368.59,153.038592259879,0.4126772,68.17585878,-535,652,85.6,2026-06-25,1.39,58.4,False
2857,301613,新铝时代,36.6,-1.93,0.47,22.79,38.012988482122,0.2183064,54.88923397,-486,3529,62.0,2026-06-25,-3.72,34.0,False
2858,301616,浙江华业,34.34,-2.05,0.73,46.56,35.234505200594,0.13351,58.39854128,-120,2582,61.6,2026-06-25,-2.54,36.0,False
2859,301617,博苑新材,56.92,0.57,1.73,48.44,59.911779858818,0.3433364,67.91428149,-579,675,72.0,2026-06-25,-4.99,48.9,False
2860,301618,长联科技,46.04,0.59,2.72,232.14,45.230788476516,0.30776,73.29269578,84,258,72.0,2026-06-25,1.79,52.8,False
2861,301622,英思特,49.84,-3.37,0.69,-114.42,50.63188396278,0.1749452,56.42754708,404,3132,62.8,2026-06-25,-1.56,35.4,False
2862,301626,苏州天脉,345.88,-4.79,1.84,802.86,360.742203583139,0.5737844,73.04411759,419,276,70.0,2026-06-25,-4.12,51.1,False
2863,301628,强达电路,109.98,-3.4,2.42,91.59,115.116208862443,0.3040076,60.93885671,-649,1924,65.6,2026-06-25,-4.46,40.0,False
2864,301629,矽电股份,410.29,2.47,4.62,-411.59,406.510504735921,0.3981072,61.99628598,-727,1659,75.2,2026-06-25,0.93,46.6,False
2865,301630,同宇新材,272.0,-2.85,5.91,84.54,280.877985014202,0.4475312,69.12897956,-496,571,77.6,2026-06-25,-3.16,53.6,False
2866,301631,壹连科技,74.59,-2.79,1.31,33.78,78.264386366948,0.1829736,63.76575302,-335,1300,60.0,2026-06-25,-4.69,38.3,False
2867,301632,广东建科,15.09,-2.14,0.8,452.1,15.554627867683,0.1226404,57.16583012,-152,2918,62.0,2026-06-25,-2.99,35.4,False
2868,301633,港迪技术,44.34,-3.36,1.07,-51.61,45.80854876575,0.1477412,61.28199577,446,1837,63.6,2026-06-25,-3.21,39.0,False
2869,301636,泽润新能,42.46,-1.78,0.93,2456.86,43.197813434865,0.1400464,53.49913878,163,3868,56.8,2026-06-25,-1.71,30.4,False
2870,301638,南网数字,24.27,-0.82,1.26,249.93,24.55068935154,0.284722,62.17713314,-490,1608,70.4,2026-06-25,-1.14,43.8,False
2871,301656,联合动力,17.32,-0.97,0.8,214.54,17.651367191946,0.2654984,57.95636295,476,2694,67.2,2026-06-25,-1.88,38.9,False
2872,301658,首航新能,26.54,-0.97,1.3,-78.42,26.935601296774,0.1365516,47.05932129,64,4974,58.0,2026-06-25,-1.47,27.3,False
2873,301662,宏工科技,102.2,-3.77,1.29,38.97,106.632963693512,0.2693212,61.11130136,459,1885,67.6,2026-06-25,-4.16,41.3,False
2874,301665,泰禾股份,21.71,-3.08,0.76,18.22,22.448036706901,0.1417912,63.829937,-250,1289,62.0,2026-06-25,-3.29,39.6,False
2875,301667,纳百川,73.15,-3.37,1.85,281.77,75.815274821707,0.2456312,56.80952051,-66,3013,55.2,2026-06-25,-3.52,31.4,False
2876,301668,昊创瑞通,33.75,-2.65,1.29,115.61,34.500233376316,0.2324336,56.91018965,-89,2984,60.4,2026-06-25,-2.17,34.4,False
2877,301678,新恒汇,64.46,-4.33,2.89,390.22,66.249063697882,0.3642748,70.81930603,253,428,70.4,2026-06-25,-2.7,49.9,False
2878,301680,固德电材,107.51,-4.84,3.47,45.33,113.717785633889,0.3312272,60.04677752,-24,2168,66.0,2026-06-25,-5.46,39.6,False
2879,301682,宏明电子,178.85,-5.31,5.22,38.98,184.699152500206,0.4249824,76.03780156,109,126,73.2,2026-06-25,-3.17,55.7,False
2880,301687,新广益,87.02,-2.94,7.61,121.23,91.287296224331,0.335468,69.40009076,-270,547,75.6,2026-06-25,-4.67,52.5,False
2881,302132,中航成飞,56.5,-2.42,0.3,195.83,57.514547405185,0.2927316,62.48058338,125,1550,74.0,2026-06-25,-1.76,46.2,False
2882,600000,浦发银行,8.83,-0.23,0.05,4.12,8.859980204677,0.394504,65.62397497,1155,994,88.8,2026-06-25,-0.34,58.3,False
2883,600004,白云机场,7.57,-0.79,0.16,29.09,7.558833035029,0.2639008,67.19888535,1078,770,73.6,2026-06-25,0.15,49.5,False
2884,600006,东风股份,5.25,-1.87,0.18,12.77,5.364212360434,0.20046,52.80932463,344,4026,74.0,2026-06-25,-2.13,39.1,False
2885,600007,中国国贸,18.06,0.06,0.11,14.89,19.168662774899,0.1548952,68.30002513,726,639,71.2,2026-06-25,-5.78,48.6,False
2886,600008,首创环保,2.83,-0.35,0.19,12.09,2.852237066505,0.4108512,61.76204075,131,1718,76.0,2026-06-25,-0.78,46.9,False
2887,600009,上海机场,23.2,-0.43,0.16,24.98,23.072780042273,0.3501424,69.69549882,526,518,78.0,2026-06-25,0.55,54.4,False
2888,600010,包钢股份,2.25,-1.75,0.56,-54.98,2.299462761271,0.4635988,57.63918236,532,2775,71.2,2026-06-25,-2.15,41.0,False
2889,600011,华能国际,7.53,1.76,0.38,6.59,7.374745171479,0.39095,62.16795463,591,1610,84.8,2026-06-25,2.11,52.7,False
2890,600012,皖通高速,15.72,1.75,0.07,12.52,15.434126748156,0.045654,61.50484231,-63,1771,68.0,2026-06-25,1.85,41.8,False
2891,600015,华夏银行,6.66,0.15,0.11,5.31,6.650985828847,0.4199824,65.52343145,894,1007,80.4,2026-06-25,0.14,52.7,False
2892,600016,民生银行,3.34,-0.6,0.28,3.18,3.387360127317,0.5346128,63.44437101,801,1360,83.6,2026-06-25,-1.4,53.0,False
2893,600017,日照港,2.56,-0.39,0.19,20.64,2.569625074484,0.3434544,51.61696101,124,4296,68.8,2026-06-25,-0.37,35.5,False
2894,600018,上港集团,4.81,-0.41,0.04,6.98,4.837447973866,0.3778996,64.31816198,177,1197,78.4,2026-06-25,-0.57,50.4,False
2895,600019,XD宝钢股,5.47,-0.36,0.06,13.39,5.517020169971,0.3987324,65.59234413,-367,997,81.2,2026-06-25,-0.85,53.3,False
2896,600020,中原高速,3.84,-0.52,0.06,5.88,3.836543996882,0.1876484,57.66411317,332,2771,68.8,2026-06-25,0.09,39.7,False
2897,600021,上海电力,15.73,0.0,0.54,19.57,16.08051945352,0.303582,56.25381548,302,3166,84.4,2026-06-25,-2.18,47.5,False
2898,600022,山东钢铁,1.25,0.0,0.12,-15.34,1.256392290992,0.5358312,51.02648579,-215,4407,71.2,2026-06-25,-0.51,36.3,False
2899,600023,浙能电力,5.34,0.75,0.09,18.9,5.335983416094,0.2992884,61.82417241,202,1703,80.4,2026-06-25,0.08,49.7,False
2900,600025,华能水电,8.96,0.79,0.04,27.04,8.994776388481,0.281978,64.7194532,-561,1130,81.2,2026-06-25,-0.39,52.6,False
2901,600026,中远海能,20.07,-7.85,1.13,12.63,22.077262758277,0.4225124,71.89077184,-316,352,91.6,2026-06-25,-9.09,65.9,False
2902,600027,华电国际,4.61,2.22,0.31,7.48,4.652263338959,0.3822832,60.31964714,226,2083,82.8,2026-06-25,-0.91,49.9,False
2903,600028,中国石化,4.55,0.0,0.06,8.09,4.572978664475,0.366358,64.02447325,-101,1249,81.2,2026-06-25,-0.5,52.0,False
2904,600029,南方航空,5.5,-1.43,0.25,16.82,5.512027610368,0.4346556,70.66174177,244,441,82.4,2026-06-25,-0.22,58.2,False
2905,600030,中信证券,28.85,-0.45,0.51,10.46,28.600764059438,0.57573,80.99929551,404,24,90.0,2026-06-25,0.87,72.9,False
2906,600031,三一重工,18.02,1.52,0.26,16.7,18.030072991403,0.3521628,67.68552312,1081,705,79.6,2026-06-25,-0.06,53.9,False
2907,600032,浙江新能,7.32,3.39,0.75,154.96,7.119021468428,0.2384128,48.66864139,20,4785,67.2,2026-06-25,2.82,32.7,False
2908,600033,福建高速,3.34,-0.6,0.14,8.96,3.36691187584,0.3496668,61.4510975,-510,1781,65.2,2026-06-25,-0.8,40.1,False
2909,600035,楚天高速,3.47,0.29,0.14,5.84,3.62037383525,0.3062532,58.9978231,296,2412,66.4,2026-06-25,-4.15,39.2,False
2910,600036,招商银行,36.4,0.47,0.12,6.06,36.480853564783,0.4251572,66.86963626,231,809,89.6,2026-06-25,-0.22,59.9,False
2911,600037,歌华有线,6.3,-2.02,0.27,32.44,6.410683058699,0.2206624,57.47461569,394,2821,70.0,2026-06-25,-1.73,40.2,False
2912,600038,中直股份,24.94,-2.5,0.3,135.05,25.577073785633,0.2686452,55.4209733,276,3395,76.4,2026-06-25,-2.49,42.3,False
2913,600039,四川路桥,8.02,0.25,0.02,11.66,8.032064080759,0.1958,65.37640647,-364,1026,75.2,2026-06-25,-0.15,49.2,False
2914,600048,保利发展,4.8,0.63,0.19,15.69,4.77531358965,0.3853408,57.67958747,715,2766,76.4,2026-06-25,0.52,44.1,False
2915,600050,中国联通,4.07,-0.25,0.1,14.89,4.149193796924,0.3896996,65.11656767,166,1062,77.6,2026-06-25,-1.91,50.5,False
2916,600051,宁波联合,5.75,-1.03,0.37,82.9,5.826576483133,0.1423848,58.8901557,172,2443,64.8,2026-06-25,-1.31,38.2,False
2917,600052,东望时代,3.55,-1.93,0.75,-38.43,3.556918264656,0.2934904,56.02603777,1668,3225,60.0,2026-06-25,-0.19,33.6,False
2918,600053,*ST九鼎,7.93,-0.13,0.08,-25.13,7.848337408313,0.14456254902,45.11988973,33,5098,65.2,2026-06-25,1.04,29.4,False
2919,600054,黄山旅游,10.72,-0.92,0.26,56.45,10.79931928967,0.19915,58.52429871,-989,2544,70.8,2026-06-25,-0.73,41.4,False
2920,600055,万东医疗,10.3,-2.09,0.29,-113.62,10.565649082051,0.2468112,48.02701853,-848,4868,69.6,2026-06-25,-2.51,33.4,False
2921,600056,中国医药,8.73,-0.68,0.21,17.92,8.909212644837,0.2730616,55.95901813,-1233,3249,73.6,2026-06-25,-2.01,41.2,False
2922,600057,厦门象屿,5.54,-1.77,0.12,7.54,5.65088844912,0.1486052,60.3319214,391,2077,68.8,2026-06-25,-1.96,41.5,False
2923,600058,五矿发展,12.15,3.23,1.95,191.53,11.368938583517,0.425644,72.09025573,860,333,82.4,2026-06-25,6.87,59.4,False
2924,600059,古越龙山,7.45,-0.8,0.17,27.37,7.489903691814,0.1437072,61.53735159,531,1765,70.0,2026-06-25,-0.53,43.1,False
2925,600060,海信视像,25.67,1.54,0.2,14.18,25.509228036988,0.2920788,77.50444925,399,84,78.0,2026-06-25,0.63,60.5,False
2926,600061,国投资本,6.75,-0.44,0.32,14.09,6.712586403324,0.3986096,70.3927635,1623,461,78.0,2026-06-25,0.56,54.9,False
2927,600062,华润双鹤,15.9,-1.24,0.15,8.51,16.103229412217,0.2575616,60.76293635,-197,1975,76.8,2026-06-25,-1.26,46.7,False
2928,600063,皖维高新,8.22,-0.72,2.5,31.23,8.197055248118,0.3796056,64.64917793,1896,1145,86.4,2026-06-25,0.28,55.9,False
2929,600064,南京高科,7.3,0.27,0.16,5.04,7.317595135163,0.2167628,62.48454928,555,1548,70.8,2026-06-25,-0.24,44.2,False
2930,600066,宇通客车,26.79,0.83,0.15,22.49,26.324194999683,0.2195276,67.38017234,-285,747,75.6,2026-06-25,1.77,50.9,False
2931,600067,冠城新材,3.03,-1.94,0.46,-51.21,3.08747341814,0.2482444,53.37158046,273,3898,75.6,2026-06-25,-1.86,40.3,False
2932,600071,凤凰光学,16.85,-1.0,0.46,-665.56,17.122377134623,0.1451876,57.60481167,397,2784,73.2,2026-06-25,-1.59,42.2,False
2933,600072,中船科技,8.67,-1.03,0.54,-16.46,8.770980869526,0.2266852,46.02505442,-33,5051,70.4,2026-06-25,-1.15,32.4,False
2934,600073,光明肉业,4.65,-1.27,0.2,21.97,4.714900662113,0.2128864,55.22250642,1274,3441,70.4,2026-06-25,-1.38,38.9,False
2935,600075,新疆天业,4.08,0.25,0.56,-29.41,4.11317299483,0.1892624,50.17250069,-944,4550,67.2,2026-06-25,-0.81,33.7,False
2936,600076,康欣新材,3.18,-0.31,0.82,-20.6,3.284724846772,0.2388672,46.43794714,-870,5022,76.0,2026-06-25,-3.19,35.3,False
2937,600078,澄星股份,15.4,0.72,4.61,94.47,14.79538812115,0.3831676,74.96197482,64,186,87.2,2026-06-25,4.09,65.4,False
2938,600079,ST人福,16.41,-1.26,0.14,11.38,16.66007714405,0.4369,62.02911584,-779,1648,76.0,2026-06-25,-1.5,47.1,False
2939,600080,ST金花,4.39,-1.57,0.16,104.83,4.50858935961,0.222222352941,54.09010589,996,3740,64.4,2026-06-25,-2.63,34.8,False
2940,600081,东风科技,9.22,-1.81,0.12,31.95,9.49554851691,0.1323116,51.00215962,-3,4414,70.8,2026-06-25,-2.9,36.1,False
2941,600082,ST海泰,2.67,-2.55,0.41,-31.88,2.757311801319,0.289097647059,50.9769809,-1167,4420,65.2,2026-06-25,-3.17,33.2,False
2942,600084,*ST尼雅,3.69,-3.15,0.16,190.64,3.872451111186,0.388105686275,47.78699329,-113,4899,62.8,2026-06-25,-4.71,30.0,False
2943,600085,同仁堂,22.69,-0.83,0.14,16.51,22.769706680523,0.2890184,60.52904786,483,2030,80.4,2026-06-25,-0.35,48.7,False
2944,600088,中视传媒,10.92,-2.41,0.77,1604.17,11.19202723033,0.153044,52.17628297,-212,4174,73.6,2026-06-25,-2.43,38.4,False
2945,600089,特变电工,23.2,0.0,0.68,16.15,23.153764798727,0.3769684,60.49009104,486,2043,73.2,2026-06-25,0.2,44.3,False
2946,600094,大名城,3.67,-2.13,0.21,456.58,3.743057011404,0.225676,56.54793611,369,3088,64.8,2026-06-25,-1.95,36.6,False
2947,600095,湘财股份,7.87,-2.96,0.36,233.42,8.067562783655,0.3022456,63.25807626,2353,1400,73.2,2026-06-25,-2.45,46.3,False
2948,600096,云天化,32.66,-2.51,0.92,10.45,33.521309571452,0.4289764,77.00424393,-39,92,92.4,2026-06-25,-2.57,71.2,False
2949,600097,开创国际,7.86,-2.84,0.31,-13.46,8.055608329946,0.11531,55.59999762,-1104,3360,63.6,2026-06-25,-2.43,35.4,False
2950,600098,广州发展,6.22,0.65,0.2,10.18,6.420128120844,0.3068952,62.86071644,1114,1481,74.0,2026-06-25,-3.12,46.5,False
2951,600099,林海股份,8.08,-2.18,0.49,106.35,8.284099347147,0.0908408,57.33709092,1198,2864,64.0,2026-06-25,-2.46,36.7,False
2952,600100,XD同方股,6.66,-2.92,0.26,-30.4,6.891950795417,0.2842316,55.29673908,523,3427,72.4,2026-06-25,-3.37,40.0,False
2953,600101,明星电力,8.17,0.99,0.75,15.35,8.139373704687,0.2375164,53.24410668,-15,3932,77.6,2026-06-25,0.38,41.3,False
2954,600103,青山纸业,3.13,-3.99,1.44,115.64,3.284331428469,0.2858152,48.43162756,207,4820,68.0,2026-06-25,-4.7,32.9,False
2955,600104,上汽集团,9.92,-1.39,0.12,9.42,10.071314633698,0.326524,63.16459241,371,1421,77.2,2026-06-25,-1.5,48.8,False
2956,600105,永鼎股份,69.46,-4.8,2.35,159.84,71.643931594135,0.4703944,67.12246291,-518,775,95.2,2026-06-25,-3.05,63.9,False
2957,600106,重庆路桥,4.73,-2.27,0.25,59.2,4.808820742757,0.2500756,54.12857595,124,3726,66.0,2026-06-25,-1.64,35.7,False
2958,600107,*ST尔雅,5.53,-1.25,0.17,133.19,5.628447807528,0.213822156863,44.57605126,4,5118,63.2,2026-06-25,-1.75,28.2,False
2959,600108,亚盛集团,3.2,-2.44,1.72,74.03,3.369438749297,0.2690036,54.67421553,306,3591,79.6,2026-06-25,-5.03,43.5,False
2960,600109,国金证券,9.03,-0.22,0.36,12.08,8.979300310974,0.3496616,71.72220594,1595,363,82.8,2026-06-25,0.56,59.4,False
2961,600110,诺德股份,15.77,0.0,4.23,170.64,15.61953141364,0.3728584,58.191939,982,2642,85.6,2026-06-25,0.96,49.8,False
2962,600111,北方稀土,48.16,-2.11,0.71,47.43,49.473945682055,0.3992208,64.53937006,-51,1163,90.0,2026-06-25,-2.66,58.1,False
2963,600113,浙江东日,28.42,0.92,1.25,137.81,28.994330985767,0.2347988,48.23422592,-276,4842,68.4,2026-06-25,-1.98,33.0,False
2964,600114,东睦股份,41.6,0.07,1.41,52.17,42.103299436456,0.4114156,66.04552321,-121,936,85.6,2026-06-25,-1.2,56.5,False
2965,600115,中国东航,4.1,-1.2,0.43,13.86,4.134161514214,0.4692756,71.20290394,744,395,79.2,2026-06-25,-0.83,56.4,False
2966,600116,三峡水利,5.72,0.7,0.22,84.59,5.701690174516,0.23368,54.96971775,21,3508,78.0,2026-06-25,0.32,42.9,False
2967,600117,西宁特钢,2.08,-1.89,0.11,-6.7,2.093544806307,0.2655452,54.77005568,1002,3562,68.8,2026-06-25,-0.65,37.7,False
2968,600118,中国卫星,68.83,-2.64,0.64,-476.64,71.122876592222,0.2982752,52.38427183,-41,4127,70.8,2026-06-25,-3.22,37.1,False
2969,600119,*ST长投,4.18,-2.79,0.37,-140.89,4.326115225902,0.223562156863,43.62591388,-219,5151,66.4,2026-06-25,-3.38,29.0,False
2970,600120,浙江东方,4.44,-2.42,0.28,24.81,4.532576419939,0.3293996,58.97733826,1390,2423,71.6,2026-06-25,-2.04,42.2,False
2971,600121,郑州煤电,3.69,-1.34,0.88,-5.75,3.74355636186,0.2811704,51.98362234,874,4215,82.8,2026-06-25,-1.43,43.0,False
2972,600123,兰花科创,5.59,-0.71,0.35,-74.98,5.674072134257,0.2382168,49.27466557,-567,4693,73.6,2026-06-25,-1.48,36.3,False
2973,600125,铁龙物流,5.24,-0.76,0.17,7.9,5.28652539346,0.2941836,60.05140987,-838,2165,68.8,2026-06-25,-0.88,41.3,False
2974,600126,杭钢股份,6.15,-3.15,0.46,540.45,6.389819031337,0.282282,56.75143674,-268,3035,69.2,2026-06-25,-3.75,39.3,False
2975,600127,金健米业,5.15,-0.96,0.37,4721.03,5.224917996256,0.23062,43.38066415,-7,5159,71.2,2026-06-25,-1.43,30.9,False
2976,600128,苏豪弘业,7.78,-1.77,0.35,37.3,8.025907794581,0.1086188,57.64305275,1033,2773,66.4,2026-06-25,-3.06,38.3,False
2977,600129,太极集团,12.08,-1.95,0.42,25.38,12.33308179175,0.162312,49.56016541,84,4643,74.0,2026-06-25,-2.05,36.7,False
2978,600130,波导股份,4.48,-2.61,0.94,328.53,4.677125960139,0.233937058824,55.80493897,-1668,3289,72.4,2026-06-25,-4.21,40.4,False
2979,600131,国网信通,15.16,-2.63,0.2,1060.63,15.215770239827,0.3388588,70.00942021,965,491,71.6,2026-06-25,-0.37,50.1,False
2980,600132,重庆啤酒,41.85,-0.66,0.19,11.57,42.24031860706,0.2031544,60.11722104,373,2151,77.6,2026-06-25,-0.92,46.7,False
2981,600133,东湖高新,8.4,5.0,1.12,-1268.15,8.059840809359,0.3189324,51.79550246,-22,4251,73.2,2026-06-25,4.22,37.9,False
2982,600135,乐凯胶片,7.83,-1.39,0.42,-45.66,7.989334285995,0.1949044,45.94925097,-23,5057,61.2,2026-06-25,-1.99,28.1,False
2983,600136,ST明诚,1.26,-0.79,0.45,-304.97,1.285608745685,0.3981552,46.61086126,-38,5009,63.6,2026-06-25,-1.99,29.6,False
2984,600137,浪莎股份,16.38,-2.09,0.33,50.84,16.894333363628,0.1033296,55.85968394,-965,3277,63.2,2026-06-25,-3.04,35.3,False
2985,600138,中青旅,6.64,-2.21,0.38,-32.56,6.834361637555,0.2567204,52.93151047,-129,4002,70.8,2026-06-25,-2.84,37.5,False
2986,600141,兴发集团,48.04,1.18,4.03,56.24,45.408232900362,0.5234376,75.84810159,-8,134,94.8,2026-06-25,5.8,71.9,False
2987,600143,金发科技,15.83,-2.04,0.39,34.67,16.075117109559,0.3307444,67.7217193,-270,697,75.2,2026-06-25,-1.52,50.9,False
2988,600148,长春一东,14.68,-1.48,0.33,111.57,14.958309568197,0.0877248,55.16212585,115,3457,68.0,2026-06-25,-1.86,37.5,False
2989,600149,廊坊发展,4.51,-1.74,0.83,55.34,4.589818269751,0.1016924,51.55943547,-867,4306,65.2,2026-06-25,-1.74,33.6,False
2990,600150,中国船舶,34.14,-3.37,0.36,13.29,35.343207934119,0.4176256,66.20259905,-74,913,81.6,2026-06-25,-3.4,54.0,False
2991,600151,航天机电,10.71,-3.86,0.79,-230.19,11.401706573845,0.3297756,58.88740957,1435,2444,70.0,2026-06-25,-6.07,41.2,False
2992,600152,维科技术,11.17,-5.42,4.2,-58.64,11.411173841875,0.4484036,61.7253429,3354,1724,68.4,2026-06-25,-2.11,42.2,False
2993,600153,建发股份,8.2,-1.68,0.2,8.48,8.481047293383,0.2403896,56.42719526,205,3133,75.2,2026-06-25,-3.31,42.4,False
2994,600155,华创云信,5.61,-2.09,0.56,99.98,5.640226659743,0.3126488,64.29715792,2519,1201,76.8,2026-06-25,-0.54,49.4,False
2995,600156,华升股份,8.34,-3.36,1.12,-144.79,8.713916384188,0.1766048,46.83000681,44,4991,68.8,2026-06-25,-4.29,32.2,False
2996,600157,永泰能源,1.57,0.64,0.59,138.48,1.567303687002,0.6055716,52.26935154,147,4155,72.8,2026-06-25,0.17,38.1,False
2997,600158,中体产业,6.86,-2.56,1.27,-287.04,7.061403837573,0.2597008,52.18695289,401,4171,73.6,2026-06-25,-2.85,38.4,False
2998,600159,大龙地产,2.27,-2.16,0.5,-29.95,2.305858885051,0.2344936,56.49734225,255,3110,66.0,2026-06-25,-1.56,37.3,False
2999,600160,巨化股份,51.25,0.89,1.12,29.49,51.027542199201,0.4779564,75.14117097,-168,176,94.8,2026-06-25,0.44,71.2,False
3000,600161,天坛生物,11.59,-1.86,0.16,45.52,11.753998427306,0.2305156,59.90754195,-779,2191,74.8,2026-06-25,-1.4,44.8,False
3001,600162,香江控股,3.47,-0.86,2.43,-128.82,3.715022134472,0.339272,60.38649815,1803,2064,86.4,2026-06-25,-6.6,52.2,False
3002,600163,中闽能源,5.2,1.17,0.67,12.6,5.155260870443,0.2728972,53.05987467,467,3972,70.4,2026-06-25,0.87,37.4,False
3003,600165,ST宁科,2.62,-1.5,0.12,-16.46,2.672719533823,0.243218,48.35793518,-81,4827,67.6,2026-06-25,-1.97,32.7,False
3004,600166,福田汽车,3.08,-0.96,0.27,12.16,3.099845292709,0.3516724,63.33567541,787,1384,70.0,2026-06-25,-0.64,44.3,False
3005,600167,联美控股,5.44,0.0,0.06,5.78,5.455786812024,0.1709152,55.69353202,383,3326,66.4,2026-06-25,-0.29,37.0,False
3006,600168,武汉控股,4.12,-0.48,0.08,24.78,4.162762156197,0.1995412,54.93132347,-748,3520,64.4,2026-06-25,-1.03,35.4,False
3007,600169,ST太重,1.93,1.05,0.2,62.78,1.933470830243,0.2951428,49.39898857,-26,4669,67.6,2026-06-25,-0.18,33.4,False
3008,600170,上海建工,2.27,-0.44,0.25,5075.64,2.287813589152,0.4473464,64.63915055,1170,1147,72.4,2026-06-25,-0.78,46.8,False
3009,600171,上海贝岭,30.53,-4.44,2.49,241.36,31.477278300888,0.3941868,76.95044358,448,95,93.2,2026-06-25,-3.01,71.7,False
3010,600172,黄河旋风,17.5,-4.21,6.73,-65.37,16.968401813765,0.407606,63.42694614,1028,1364,95.6,2026-06-25,3.13,60.6,False
3011,600173,卧龙新能,6.04,-1.31,0.22,88.72,6.130604203443,0.2015216,52.35919479,-635,4135,70.0,2026-06-25,-1.48,36.7,False
3012,600176,中国巨石,74.17,4.76,1.85,58.58,69.242456440929,0.5427156,75.97730042,-116,128,96.0,2026-06-25,7.12,72.9,False
3013,600177,雅戈尔,7.45,0.13,0.1,9.34,7.467517387247,0.1799292,67.93839003,-290,671,77.6,2026-06-25,-0.23,52.7,False
3014,600178,东安动力,9.82,0.31,0.85,-57.54,9.712241321804,0.1991176,59.672802,1160,2249,84.4,2026-06-25,1.11,50.4,False
3015,600179,安通控股,4.72,2.39,0.54,19.67,4.479014322334,0.3289028,66.22488295,1538,912,72.4,2026-06-25,5.38,47.9,False
3016,600180,*ST瑞茂,1.13,4.63,0.28,-1.02,1.08,0.357944117647,40.95078192,6,5194,67.2,2026-06-25,4.63,27.5,False
3017,600182,S佳通,12.89,-2.5,0.39,23.1,13.313161689445,0.1556816,57.00885987,-988,2957,64.4,2026-06-25,-3.18,36.7,False
3018,600183,生益科技,176.63,-5.65,0.84,92.62,184.210865257618,0.4921224,77.08168904,-7,91,95.6,2026-06-25,-4.12,73.7,False
3019,600184,光电股份,28.57,-2.06,3.98,3710.78,28.416705157719,0.5861684,78.05782398,829,69,84.4,2026-06-25,0.54,65.9,False
3020,600185,珠免集团,4.6,-0.86,0.24,55.55,4.647712616113,0.1796212,61.31493973,-577,1822,71.2,2026-06-25,-1.03,43.7,False
3021,600186,莲花控股,14.42,-7.56,6.66,45.04,15.381682350886,0.5657584,72.64206733,1073,299,85.6,2026-06-25,-6.25,62.2,False
3022,600187,*ST国中,1.31,0.77,0.78,30.18,1.319580904429,0.34563627451,44.43994165,-118,5121,72.4,2026-06-25,-0.73,32.2,False
3023,600188,兖矿能源,18.33,0.88,0.14,11.63,18.333194984298,0.2557472,58.85602253,85,2450,82.4,2026-06-25,-0.02,48.5,False
3024,600189,泉阳泉,7.36,0.55,0.4,131.04,7.326068733292,0.2027992,50.21661759,153,4545,68.4,2026-06-25,0.46,34.3,False
3025,600191,华资实业,9.6,-4.29,0.83,56.76,10.26018205487,0.441012,50.95121529,-1832,4425,65.6,2026-06-25,-6.43,33.4,False
3026,600192,长城电工,6.86,-2.0,0.86,-13.36,6.94984334762,0.1492664,46.52124788,40,5018,79.2,2026-06-25,-1.29,36.8,False
3027,600193,退市创兴,0.15,0.0,2.63,6.42,0.147310583853,0.625808684211,55.15786969,260,3459,62.8,2026-06-25,1.83,34.6,False
3028,600195,中牧股份,5.92,-1.66,0.2,62.51,6.025115119356,0.1870788,56.51509782,20,3103,65.2,2026-06-25,-1.74,36.8,False
3029,600196,复星医药,22.18,0.0,0.27,17.0,21.99643522175,0.3318368,63.21348445,-679,1408,83.6,2026-06-25,0.83,52.8,False
3030,600197,伊力特,9.75,-0.71,0.34,11.0,9.819378077699,0.146136,57.55430826,462,2799,74.0,2026-06-25,-0.71,42.6,False
3031,600198,大唐电信,9.59,0.21,1.75,-47.77,9.448857593167,0.2892764,63.88478384,2556,1274,83.2,2026-06-25,1.49,53.2,False
3032,600199,金种子酒,6.56,-0.61,0.69,-70.78,6.605659920811,0.2105048,56.61001987,1712,3070,74.4,2026-06-25,-0.69,42.1,False
3033,600201,生物股份,11.87,-1.74,0.31,40.91,12.12215108099,0.279206,57.63177007,-1339,2780,74.8,2026-06-25,-2.08,43.1,False
3034,600202,哈空调,4.54,-2.37,0.48,-14.25,4.635509867459,0.1280204,55.72397006,191,3314,68.4,2026-06-25,-2.06,38.1,False
3035,600203,福日电子,12.32,-2.38,2.09,39.35,12.644930794349,0.302372,73.35051392,528,255,74.4,2026-06-25,-2.57,54.6,False
3036,600206,有研新材,56.16,0.0,6.21,134.65,53.249727937936,0.38669,61.25582549,-317,1846,96.0,2026-06-25,5.47,58.8,False
3037,600207,安彩高科,5.8,2.65,1.25,-10.68,5.750982881075,0.3022724,53.38863264,-140,3894,74.4,2026-06-25,0.85,39.7,False
3038,600208,衢州发展,2.93,-2.66,0.31,19.82,2.997211358074,0.3235936,56.7848417,-147,3022,68.4,2026-06-25,-2.24,38.8,False
3039,600210,紫江企业,6.38,-1.24,0.24,11.08,6.461371897291,0.20579,61.08508607,233,1892,70.8,2026-06-25,-1.26,43.2,False
3040,600211,西藏药业,36.81,-0.81,0.22,9.93,36.831332865034,0.2200892,63.8395715,-28,1285,75.6,2026-06-25,-0.06,48.3,False
3041,600212,绿能慧充,5.21,-2.98,0.6,-42.66,5.379159257958,0.209498,53.50866506,-174,3866,67.6,2026-06-25,-3.14,36.2,False
3042,600215,派斯林,5.81,-3.65,0.65,-29.52,5.941510989097,0.2778772,56.01239328,532,3230,68.0,2026-06-25,-2.21,38.1,False
3043,600216,浙江医药,11.6,-0.17,0.4,9.72,11.547269356974,0.2557264,60.16431654,-26,2131,73.2,2026-06-25,0.46,44.0,False
3044,600217,中再资环,2.88,-1.71,0.22,-46.07,2.937793778865,0.233124,49.09998271,48,4710,66.4,2026-06-25,-1.97,32.6,False
3045,600218,全柴动力,7.47,-2.23,0.44,26.09,7.697741291875,0.2130084,57.35166932,1832,2859,70.0,2026-06-25,-2.96,40.1,False
3046,600219,南山铝业,4.18,-2.56,0.38,10.9,4.277690396169,0.3130812,58.8301993,-4,2458,76.8,2026-06-25,-2.28,45.2,False
3047,600221,海航控股,1.41,-1.4,0.24,8.83,1.4299297564,0.6324016,70.59360932,897,447,74.8,2026-06-25,-1.39,52.8,False
3048,600222,太龙药业,6.73,-3.17,0.64,371.2,6.914589582915,0.3110776,52.77539083,713,4036,70.8,2026-06-25,-2.67,37.4,False
3049,600223,福瑞达,4.96,-2.94,0.24,39.52,5.078386744831,0.1900696,56.77206994,-660,3029,70.0,2026-06-25,-2.33,39.7,False
3050,600226,亨通股份,10.67,-4.73,4.27,110.48,11.363069559963,0.4269508,55.70728059,-1577,3321,92.8,2026-06-25,-6.1,51.7,False
3051,600227,赤天化,2.47,-2.76,0.98,-36.63,2.539463745758,0.25635,47.89931196,290,4883,66.8,2026-06-25,-2.74,32.0,False
3052,600228,返利科技,10.79,9.99,0.1,-80.16,9.81,0.457304464286,62.27911565,843,1587,74.8,2026-06-25,9.99,46.6,False
3053,600229,城市传媒,4.76,-1.86,0.37,29.37,4.8420147853,0.1464076,50.92708188,85,4431,70.4,2026-06-25,-1.69,35.9,False
3054,600230,沧州大化,14.02,-1.27,0.81,25.09,14.350231781008,0.176648,62.97296018,-197,1457,70.8,2026-06-25,-2.3,44.6,False
3055,600231,凌钢股份,1.66,-1.19,0.13,-2.49,1.671110129099,0.2745044,52.42176587,387,4118,64.8,2026-06-25,-0.66,34.0,False
3056,600232,金鹰股份,6.6,-2.37,0.5,51.76,6.794103371058,0.15877,58.68201773,-542,2506,63.6,2026-06-25,-2.86,37.3,False
3057,600233,圆通速递,15.53,-0.13,0.07,9.65,15.601988682663,0.1949144,66.88752684,85,804,71.6,2026-06-25,-0.46,47.9,False
3058,600234,科新发展,30.3,6.88,1.22,-1283.23,28.379306750286,0.2503412,58.00678716,66,2681,64.8,2026-06-25,6.77,37.6,False
3059,600235,民丰特纸,5.07,-1.17,0.4,-364.2,5.1330670086,0.11432,47.77241326,-516,4902,64.4,2026-06-25,-1.23,30.8,False
3060,600236,桂冠电力,9.08,1.57,0.04,20.83,9.057014681662,0.1991144,61.7405355,-429,1722,72.8,2026-06-25,0.25,44.9,False
3061,600237,铜峰电子,13.0,0.08,7.38,83.43,12.484500820118,0.4282228,75.37956688,654,158,82.4,2026-06-25,4.13,62.1,False
3062,600238,*ST椰岛,4.57,-1.72,0.24,555.26,4.649150673954,0.3430096,55.94470186,497,3253,71.6,2026-06-25,-1.7,40.1,False
3063,600239,ST云城,1.24,0.0,0.39,-21.55,1.250161129931,0.383310980392,49.57169689,-4,4642,67.6,2026-06-25,-0.81,33.5,False
3064,600241,时代万恒,6.58,-2.08,0.49,-41.12,6.706365348974,0.1232928,48.87270273,-456,4749,62.4,2026-06-25,-1.88,30.5,False
3065,600243,*ST海华,3.44,-3.1,0.67,-52.09,3.581852833775,0.358458,45.84878105,-74,5063,67.6,2026-06-25,-3.96,31.0,False
3066,600246,万通发展,19.93,1.12,2.19,-86.22,19.504429657893,0.4743028,63.29351703,-878,1390,91.6,2026-06-25,2.18,58.0,False
3067,600248,陕建股份,2.76,-1.78,0.14,14.46,2.81503375222,0.2186292,54.39783149,320,3655,69.6,2026-06-25,-1.95,37.9,False
3068,600249,两面针,4.58,-1.93,0.46,-16.45,4.713908841042,0.2046712,50.55202046,-148,4496,65.2,2026-06-25,-2.84,33.0,False
3069,600250,南京商旅,7.87,-1.63,0.61,133.37,7.982633472611,0.1280684,52.73847627,184,4049,66.4,2026-06-25,-1.41,35.0,False
3070,600251,冠农股份,8.68,-1.03,0.35,5.79,8.805596977113,0.1699376,56.5344144,-436,3095,67.2,2026-06-25,-1.43,38.0,False
3071,600252,中恒集团,1.8,-2.17,0.45,-42.73,1.844198498373,0.3099156,44.87267193,-325,5108,70.0,2026-06-25,-2.4,31.4,False
3072,600255,鑫科材料,3.86,-4.46,3.46,105.89,4.088711142178,0.3093868,58.43859423,-696,2570,83.6,2026-06-25,-5.59,48.9,False
3073,600256,广汇能源,4.79,-1.24,0.41,32.38,4.84710479778,0.4076148,53.89893831,1027,3781,71.2,2026-06-25,-1.18,38.4,False
3074,600257,大湖股份,4.4,-2.44,0.6,-180.24,4.485866325496,0.1719172,56.27650748,-585,3160,71.6,2026-06-25,-1.91,40.3,False
3075,600258,首旅酒店,11.25,-0.79,0.24,18.57,11.44423444892,0.186778,62.82974931,1210,1488,70.4,2026-06-25,-1.7,44.2,False
3076,600259,中稀有色,102.98,-1.82,1.44,50.68,104.881244966395,0.4090972,60.19069112,-409,2122,89.2,2026-06-25,-1.81,53.7,False
3077,600261,阳光照明,3.15,-1.56,0.26,145.19,3.187125358677,0.3484516,63.46410684,1307,1357,62.0,2026-06-25,-1.16,39.3,False
3078,600262,北方股份,19.95,-2.44,0.72,11.27,20.57989449207,0.1689976,56.92995567,-195,2978,64.8,2026-06-25,-3.06,36.9,False
3079,600265,*ST景谷,21.13,1.05,0.17,-653.95,20.855732110234,0.200181176471,63.25402935,125,1403,64.8,2026-06-25,1.32,41.0,False
3080,600266,城建发展,3.96,-0.75,0.26,12.53,3.973494111102,0.2631544,55.6087254,250,3357,68.4,2026-06-25,-0.34,38.0,False
3081,600267,海正药业,10.33,-1.15,0.59,8.57,10.198759304324,0.3421672,69.93890595,104,498,73.6,2026-06-25,1.29,51.5,False
3082,600268,国电南自,12.01,-0.5,0.38,72.53,12.086607581282,0.2318448,59.9439761,26,2184,69.6,2026-06-25,-0.63,41.7,False
3083,600269,赣粤高速,4.07,0.0,0.11,8.64,4.043898801704,0.2429152,60.04766189,-544,2167,66.0,2026-06-25,0.65,39.6,False
3084,600271,航天信息,6.54,-3.4,0.28,-11.54,6.73536702028,0.2336332,53.17177578,307,3951,70.8,2026-06-25,-2.9,37.6,False
3085,600272,开开实业,10.16,-2.21,0.37,36.96,10.34578511749,0.0718688,55.44929672,-711,3387,70.0,2026-06-25,-1.8,38.8,False
3086,600273,嘉化能源,6.74,-1.17,0.24,21.37,6.816859466035,0.2830608,65.06897156,1005,1068,70.4,2026-06-25,-1.13,45.8,False
3087,600276,恒瑞医药,50.11,0.14,0.32,36.43,49.640086492017,0.433728,69.73646501,-402,513,92.4,2026-06-25,0.95,64.4,False
3088,600278,东方创业,6.23,-0.8,0.23,37.63,6.392378254741,0.2049656,57.27818079,-1422,2882,70.4,2026-06-25,-2.54,40.3,False
3089,600279,重庆港,3.71,-1.33,0.21,1183.9,3.770824708006,0.2029236,51.40682804,-2,4329,70.8,2026-06-25,-1.61,36.4,False
3090,600280,中央商场,2.65,-1.49,1.07,-106.91,2.729945062287,0.2017916,47.83177145,230,4890,80.0,2026-06-25,-2.93,38.3,False
3091,600281,华阳新材,4.21,-3.22,0.59,5997.1,4.33264625328,0.1369488,54.14698169,243,3717,70.4,2026-06-25,-2.83,38.1,False
3092,600282,南钢股份,4.71,-0.21,0.08,12.16,4.714792605171,0.2980276,61.51171424,-769,1769,74.4,2026-06-25,-0.1,45.8,False
3093,600283,钱江水利,7.96,0.25,0.09,29.51,7.966197617577,0.1673904,55.67550575,354,3334,70.0,2026-06-25,-0.08,39.0,False
3094,600284,浦东建设,4.86,-3.57,0.81,24.58,5.051861707593,0.267774,57.32992343,-1086,2868,67.2,2026-06-25,-3.8,38.5,False
3095,600285,羚锐制药,19.29,-0.41,0.35,11.1,19.389782572584,0.2651752,64.86954484,-81,1103,74.8,2026-06-25,-0.51,48.5,False
3096,600287,苏豪时尚,4.41,-2.22,0.3,80.17,4.519048736413,0.1274732,59.05310177,685,2397,65.2,2026-06-25,-2.41,38.5,False
3097,600288,大恒科技,12.47,-2.5,0.41,26.62,12.857263539392,0.2577452,63.39533354,-727,1371,76.8,2026-06-25,-3.01,48.7,False
3098,600289,ST信通,5.17,-0.19,0.08,-16.36,5.234527156198,0.2665256,48.46760057,-1077,4815,67.6,2026-06-25,-1.23,32.8,False
3099,600292,电投水电,13.28,-2.14,0.8,37.0,13.743794650547,0.2628756,63.82582224,-578,1291,77.6,2026-06-25,-3.37,49.5,False
3100,600293,三峡新材,3.08,-2.53,2.83,-35.78,3.214532564965,0.2288556,52.31700763,39,4146,77.6,2026-06-25,-4.19,40.6,False
3101,600295,鄂尔多斯,10.79,-1.37,0.23,11.52,10.960925005637,0.1690376,64.87699423,1358,1100,70.8,2026-06-25,-1.56,45.9,False
3102,600298,安琪酵母,35.33,-2.11,0.21,18.0,36.165772000993,0.2526476,65.76961726,53,971,81.2,2026-06-25,-2.31,53.4,False
3103,600299,安迪苏,8.93,-1.22,0.09,22.51,9.039004935329,0.1390908,61.25697632,104,1845,62.8,2026-06-25,-1.21,38.5,False
3104,600300,维维股份,2.84,-1.73,0.32,13.64,2.875709525933,0.3423492,59.44135833,452,2309,72.0,2026-06-25,-1.24,42.8,False
3105,600301,华锡有色,60.4,1.17,2.43,52.51,60.077433951821,0.3074464,65.34370514,-299,1030,86.8,2026-06-25,0.54,56.7,False
3106,600302,ST标准,8.3,0.24,0.49,-34.82,8.247426469232,0.227709019608,42.54729455,-8,5176,61.6,2026-06-25,0.64,26.2,False
3107,600303,曙光股份,2.51,-2.71,0.98,-7.12,2.562384337316,0.2107968,55.11556199,265,3475,68.4,2026-06-25,-2.04,37.7,False
3108,600305,恒顺醋业,6.54,-1.36,0.13,27.1,6.649333121756,0.2066564,59.04265481,-861,2399,79.2,2026-06-25,-1.64,46.8,False
3109,600307,酒钢宏兴,1.43,-0.69,0.15,-12.31,1.436090585648,0.4411424,53.35552649,962,3905,68.0,2026-06-25,-0.42,36.3,False
3110,600308,华泰股份,3.06,-0.97,0.16,50.72,3.090851788971,0.2396244,51.18061608,348,4375,64.0,2026-06-25,-1.0,32.8,False
3111,600309,万华化学,73.41,-0.27,0.3,15.45,73.353464737968,0.3723024,67.61604202,-447,719,91.6,2026-06-25,0.08,61.9,False
3112,600310,广西能源,4.19,1.95,2.0,-44.6,4.11303898692,0.2801164,48.10772123,-366,4861,78.4,2026-06-25,1.87,37.7,False
3113,600312,XD平高电,17.9,-1.0,0.35,14.64,18.07409791856,0.3110836,60.7577981,213,1977,76.4,2026-06-25,-0.96,46.4,False
3114,600313,农发种业,5.31,-1.12,0.4,81.26,5.370282774809,0.2020132,52.46468867,287,4105,70.4,2026-06-25,-1.12,36.9,False
3115,600315,上海家化,16.67,-1.19,0.14,12.61,16.888917581384,0.2339912,58.10640862,-61,2661,72.8,2026-06-25,-1.3,42.3,False
3116,600316,洪都航空,25.53,-3.26,0.35,791.41,26.794897249747,0.2812896,53.05539455,55,3973,73.6,2026-06-25,-4.72,39.0,False
3117,600318,新力金融,6.2,-3.28,1.08,39.18,6.371132707809,0.2302004,59.47942759,1614,2297,72.4,2026-06-25,-2.69,43.1,False
3118,600319,亚星化学,6.37,-3.78,0.46,-11.63,6.52851787959,0.1596472,54.12205972,287,3728,62.8,2026-06-25,-2.43,34.0,False
3119,600320,振华重工,4.29,0.23,0.35,14.98,4.310785756399,0.3432884,60.42821536,450,2053,74.0,2026-06-25,-0.48,44.7,False
3120,600322,津投城开,2.72,-0.73,1.44,6577.21,2.762318472219,0.3538932,64.42442039,1506,1182,79.6,2026-06-25,-1.53,51.3,False
3121,600323,瀚蓝环境,27.73,1.43,0.16,9.76,27.188720255386,0.170564615385,67.72088904,123,698,71.2,2026-06-25,1.99,48.2,False
3122,600325,华发股份,2.35,-0.42,0.4,-1.71,2.359935129451,0.2939696,50.99486867,282,4417,69.6,2026-06-25,-0.42,35.5,False
3123,600326,西藏天路,6.57,-1.79,0.42,-60.24,6.723286552163,0.22295,50.42729416,80,4516,71.2,2026-06-25,-2.28,35.9,False
3124,600327,大东方,3.19,-1.24,0.31,38.9,3.236683467922,0.1479824,52.09852971,-557,4189,70.4,2026-06-25,-1.44,36.7,False
3125,600328,中盐化工,6.25,-1.73,0.29,-14.84,6.382493443198,0.3117888,53.44525168,-1345,3878,70.8,2026-06-25,-2.08,37.8,False
3126,600329,达仁堂,36.41,-1.46,0.22,16.54,36.872581155885,0.2505596,59.31267256,-1025,2339,79.6,2026-06-25,-1.25,47.2,False
3127,600330,天通股份,34.87,-2.05,8.24,-256.96,35.124258310378,0.592476,69.79444942,2215,507,90.8,2026-06-25,-0.72,63.4,False
3128,600331,宏达股份,11.37,-3.4,0.64,-222.78,11.568724464599,0.3543244,59.18235517,519,2361,71.2,2026-06-25,-1.72,42.1,False
3129,600332,白云山,20.12,-0.74,0.14,4.58,20.290015724429,0.2856888,60.88589729,-110,1941,80.4,2026-06-25,-0.84,49.0,False
3130,600333,长春燃气,5.06,-1.75,0.49,40.15,5.141770890988,0.2000484,61.43033931,554,1788,68.4,2026-06-25,-1.59,42.0,False
3131,600335,国机汽车,4.85,-1.62,0.26,14.32,4.947809155141,0.2676892,59.53082951,-826,2285,73.6,2026-06-25,-1.98,43.8,False
3132,600336,澳柯玛,6.06,-1.94,0.23,32.26,6.21021157647,0.2031524,51.25893145,-34,4358,68.4,2026-06-25,-2.42,35.1,False
3133,600337,ST美克,3.02,-1.63,0.2,-5.13,3.062150769941,0.299158627451,48.00328233,-957,4872,63.6,2026-06-25,-1.38,30.5,False
3134,600338,西藏珠峰,15.63,-4.05,2.65,19.87,16.770600355817,0.2875924,55.69368284,-2252,3325,77.6,2026-06-25,-6.8,43.2,False
3135,600339,中油工程,3.13,-1.26,0.18,20.75,3.165627927289,0.3347792,60.91209101,583,1931,67.2,2026-06-25,-1.13,40.9,False
3136,600340,*ST华幸,1.16,0.0,0.45,-0.66,1.175840804635,0.418861568627,49.78424346,-187,4601,70.0,2026-06-25,-1.35,34.8,False
3137,600343,航天动力,23.14,-3.1,0.89,-166.06,24.374620205065,0.2690796,48.83073931,-1163,4756,72.4,2026-06-25,-5.07,35.4,False
3138,600345,长江通信,68.88,-5.15,2.45,316.33,71.602970835639,0.3811524,73.10703661,994,271,87.2,2026-06-25,-3.8,63.7,False
3139,600346,恒力石化,18.42,1.15,0.39,8.29,18.165376655359,0.2510296,65.76484149,-386,972,84.0,2026-06-25,1.4,55.2,False
3140,600348,华阳股份,7.94,-0.5,0.19,14.81,8.015461445892,0.272082,52.96414743,106,3997,72.4,2026-06-25,-0.94,38.3,False
3141,600350,山东高速,10.84,1.88,0.02,15.69,10.661797509271,0.11946,63.85175518,522,1283,70.8,2026-06-25,1.67,45.2,False
3142,600351,亚宝药业,5.83,-1.85,0.34,9.46,5.902045625241,0.1918248,59.83386564,412,2206,70.4,2026-06-25,-1.22,42.1,False
3143,600352,浙江龙盛,12.77,-2.67,0.71,19.34,13.031173426338,0.41069,70.89221509,123,421,90.4,2026-06-25,-2.0,64.1,False
3144,600353,旭光电子,46.74,-4.12,2.59,290.21,48.762378934191,0.469562,66.03943766,308,938,94.4,2026-06-25,-4.15,62.3,False
3145,600354,敦煌种业,4.8,-2.04,0.44,13.4,4.89176531918,0.1719188,54.41011721,262,3651,70.0,2026-06-25,-1.88,38.1,False
3146,600356,恒丰纸业,7.62,-0.91,0.4,11.03,7.885474048735,0.1493536,65.81407183,1020,964,61.2,2026-06-25,-3.37,40.3,False
3147,600358,国旅联合,5.21,-1.88,0.4,-103.88,5.395480633803,0.19825,51.88755361,-1378,4234,67.6,2026-06-25,-3.44,35.1,False
3148,600359,新农开发,5.56,-1.59,0.33,23.72,5.642773996602,0.1437032,47.74592888,5,4908,68.4,2026-06-25,-1.47,32.7,False
3149,600360,华微电子,13.48,-3.23,2.84,55.89,13.662886928897,0.387466078431,63.39839269,397,1369,93.6,2026-06-25,-1.34,59.3,False
3150,600361,创新新材,3.66,-2.92,0.46,12.82,3.799953898929,0.2420696,60.59842968,-1052,2016,74.0,2026-06-25,-3.68,44.8,False
3151,600362,江西铜业,44.96,-1.03,0.94,13.81,45.635339863287,0.3808928,67.29475563,-173,755,90.4,2026-06-25,-1.48,60.8,False
3152,600363,联创光电,30.52,-3.45,1.06,41.61,31.260662882866,0.2688544,56.83736294,323,3004,74.8,2026-06-25,-2.37,42.5,False
3153,600365,ST通葡,2.38,0.42,0.57,-23.45,2.39192650816,0.2570176,51.75804019,675,4258,67.2,2026-06-25,-0.5,34.8,False
3154,600366,宁波韵升,14.9,-5.87,2.89,35.13,15.584543277304,0.3416012,78.38994496,12,57,92.4,2026-06-25,-4.39,72.4,False
3155,600367,红星发展,58.28,10.0,11.09,173.48,51.887183924831,0.3618032,67.19909876,2092,769,89.2,2026-06-25,12.32,59.9,False
3156,600368,五洲交通,3.5,-0.28,0.17,7.14,3.515856528748,0.2903776,59.93412485,362,2188,70.4,2026-06-25,-0.45,42.2,False
3157,600369,西南证券,4.17,0.0,0.26,22.32,4.136843503066,0.3279016,65.47263879,2173,1014,77.2,2026-06-25,0.8,50.5,False
3158,600370,*ST三房,1.54,2.67,0.31,47.3,1.515405576446,0.352374313725,47.01028818,-868,4977,63.6,2026-06-25,1.62,29.9,False
3159,600371,万向德农,6.36,-1.85,0.33,445.08,6.475241015264,0.1200856,51.82702952,294,4243,68.8,2026-06-25,-1.78,35.7,False
3160,600372,中航机载,10.66,-2.29,0.17,71.62,10.995573656734,0.3332096,63.31944782,349,1386,74.0,2026-06-25,-3.05,46.9,True
3161,600373,中文传媒,6.75,-1.75,0.13,20.92,6.855449216366,0.1809248,46.66962353,-133,5003,71.2,2026-06-25,-1.54,33.2,False
3162,600375,汉马科技,3.64,-2.41,0.31,53.74,3.7167627628,0.28077,58.13095754,1446,2652,72.0,2026-06-25,-2.07,41.9,False
3163,600376,首开股份,3.2,-1.54,0.42,-2.73,3.27662553608,0.2660352,53.43847855,869,3879,69.2,2026-06-25,-2.34,37.0,False
3164,600377,宁沪高速,11.78,-0.42,0.04,10.86,11.825323170003,0.1662072,62.1345167,48,1619,74.0,2026-06-25,-0.38,46.0,False
3165,600378,昊华科技,65.3,-4.53,2.21,68.37,67.413046008513,0.4369264,65.37561821,-150,1027,94.0,2026-06-25,-3.13,61.5,False
3166,600379,宝光股份,14.48,-4.55,3.93,129.61,15.11316082226,0.3139888,67.15840113,-257,774,88.8,2026-06-25,-4.19,59.6,False
3167,600380,健康元,9.61,-0.21,0.18,10.59,9.773108489012,0.2536244,61.94970002,-689,1678,76.4,2026-06-25,-1.67,47.3,False
3168,600381,*ST春天,5.04,-2.7,0.23,-45.45,5.268900484458,0.2508444,50.07775186,-519,4563,73.2,2026-06-25,-4.34,36.7,False
3169,600382,广东明珠,6.52,-6.05,1.29,19.28,6.950749442025,0.3221208,51.74390842,154,4262,70.8,2026-06-25,-6.2,36.6,False
3170,600383,金地集团,2.2,-0.45,0.32,-3.65,2.197192178776,0.4202892,49.8555588,280,4592,73.2,2026-06-25,0.13,36.5,False
3171,600386,北巴传媒,3.15,-2.17,0.24,-67.87,3.214496128657,0.184896,61.00668834,17,1912,65.2,2026-06-25,-2.01,39.8,False
3172,600388,龙净环保,14.91,-1.06,0.26,19.39,15.211615997603,0.2574852,56.80215268,-93,3015,70.4,2026-06-25,-1.98,40.0,False
3173,600389,江山股份,19.85,0.86,0.65,11.7,20.094124319292,0.2048252,53.12853275,-1708,3958,67.6,2026-06-25,-1.21,35.9,False
3174,600390,五矿资本,4.72,-2.07,0.29,18.67,4.779920418811,0.3819664,63.31056567,2379,1388,75.2,2026-06-25,-1.25,47.6,False
3175,600391,航发科技,30.84,-3.26,0.55,-224.3,32.337653434153,0.1927844,50.65521503,-150,4483,72.8,2026-06-25,-4.63,36.9,False
3176,600392,盛和资源,31.34,-2.67,2.57,41.95,32.173410150833,0.4124936,73.79543609,406,229,92.4,2026-06-25,-2.59,68.2,False
3177,600395,盘江股份,4.71,-0.84,0.35,55.77,4.758766599537,0.2528672,56.27581201,-1155,3161,70.0,2026-06-25,-1.02,39.4,False
3178,600396,华电辽能,16.6,8.92,8.24,38.76,15.325457192524,0.2817488,48.64746897,-1147,4788,84.4,2026-06-25,8.32,41.1,False
3179,600397,江钨装备,26.27,2.3,3.25,4877.13,25.266250854746,0.3958644,55.1228737,-32,3472,93.6,2026-06-25,3.97,51.6,False
3180,600398,海澜之家,5.4,-0.92,0.12,6.83,5.46247084869,0.175146,63.90802212,200,1270,74.0,2026-06-25,-1.14,47.3,False
3181,600399,抚顺特钢,4.22,-1.17,0.59,-14.21,4.287895863492,0.272328,53.14781019,-1150,3955,82.0,2026-06-25,-1.58,43.6,False
3182,600400,红豆股份,3.33,-0.6,1.59,340.6,3.276512906433,0.3442076,65.13569414,-143,1061,84.0,2026-06-25,1.63,54.7,False
3183,600403,大有能源,5.65,-0.18,0.61,-9.15,5.679105557359,0.2097348,44.69598767,26,5114,82.8,2026-06-25,-0.51,37.0,False
3184,600405,动力源,4.3,-2.27,1.39,-18.72,4.500942891433,0.233224,49.43605046,-2239,4661,87.6,2026-06-25,-4.46,43.3,False
3185,600406,国电南瑞,22.9,0.31,0.25,63.75,22.822825112406,0.3768512,67.65532836,92,708,82.4,2026-06-25,0.34,55.7,False
3186,600408,安泰集团,2.37,-1.66,0.83,-11.95,2.401722936544,0.2276232,60.52375263,2044,2033,74.4,2026-06-25,-1.32,45.0,False
3187,600409,三友化工,6.89,1.03,0.56,-38.85,6.940824083464,0.3029068,64.06421889,364,1239,73.2,2026-06-25,-0.73,46.9,False
3188,600410,华胜天成,16.03,-5.04,1.94,-47.61,17.078093271065,0.2099892,49.19473888,-790,4700,70.0,2026-06-25,-6.14,34.4,False
3189,600415,小商品城,9.95,-1.49,0.27,13.77,10.142247714232,0.3494536,67.03960871,1149,790,74.4,2026-06-25,-1.9,49.9,False
3190,600416,湘电股份,10.0,-2.06,0.39,72.55,10.226003795054,0.2607856,49.8261871,-451,4597,70.8,2026-06-25,-2.21,35.3,False
3191,600418,江淮汽车,28.62,-0.63,0.98,-26.62,28.671198867557,0.4102896,52.59027866,-1,4080,74.8,2026-06-25,-0.18,39.3,False
3192,600419,天润乳业,7.52,-3.22,0.77,19.94,7.738388607549,0.122108,60.06793934,1816,2162,68.8,2026-06-25,-2.82,41.3,False
3193,600420,国药现代,8.01,-0.87,0.12,19.41,8.120316622081,0.273618,58.51309969,469,2549,71.2,2026-06-25,-1.36,41.7,False
3194,600422,昆药集团,7.81,-1.88,0.18,-10.42,7.866531181,0.1324248,50.27671747,-505,4541,72.4,2026-06-25,-0.72,36.4,False
3195,600423,*ST柳化,2.19,-1.35,0.14,117.65,2.221068994723,0.293766666667,55.02395042,125,3495,62.0,2026-06-25,-1.4,34.1,False
3196,600425,青松建化,3.33,0.0,0.21,-49.94,3.328642031063,0.2890216,59.18206813,-745,2362,69.6,2026-06-25,0.04,41.2,False
3197,600426,华鲁恒升,25.54,-0.58,0.49,12.1,25.735688554194,0.2570748,62.71857396,-410,1512,75.6,2026-06-25,-0.76,47.4,False
3198,600428,中远海特,8.22,0.49,0.35,13.89,8.2506452501,0.3318188,63.14706167,145,1425,76.8,2026-06-25,-0.37,48.5,False
3199,600429,三元股份,4.13,-1.67,0.23,15.45,4.184938037746,0.1609264,50.94837517,-185,4426,64.0,2026-06-25,-1.31,32.6,False
3200,600433,冠豪高新,3.17,-0.94,0.47,7.7,3.200995584395,0.3203528,51.13860517,234,4382,68.4,2026-06-25,-0.97,35.0,False
3201,600435,北方导航,10.92,-3.19,0.42,-262.58,11.267914224211,0.2238004,57.83876707,227,2726,70.4,2026-06-25,-3.09,40.7,False
3202,600436,片仔癀,109.87,-0.82,0.21,22.29,109.180031537997,0.2938924,64.67105684,1442,1142,83.6,2026-06-25,0.63,54.1,False
3203,600438,通威股份,12.4,1.22,0.75,-5.71,12.233764855485,0.2858004,58.69300198,1386,2501,71.6,2026-06-25,1.36,42.0,False
3204,600439,瑞贝卡,2.06,-3.29,0.81,152.09,2.164751911771,0.2643824,57.37940395,2056,2850,76.4,2026-06-25,-4.84,43.8,False
3205,600444,国机通用,13.02,-2.18,0.57,50.43,13.334174430129,0.2619508,59.23349787,48,2352,65.2,2026-06-25,-2.36,38.6,False
3206,600446,金证股份,10.74,-3.59,0.67,-51.63,11.177032540838,0.2796204,53.65651701,535,3836,69.6,2026-06-25,-3.91,37.3,False
3207,600448,华纺股份,2.58,-1.9,0.81,-14.43,2.632341373388,0.155684,56.88428418,412,2994,67.2,2026-06-25,-1.99,38.2,False
3208,600449,宁夏建材,11.77,-1.92,0.41,-310.89,12.250582838897,0.2246136,58.04017046,-348,2674,69.2,2026-06-25,-3.92,40.2,False
3209,600452,XD涪陵电,9.64,0.21,0.65,28.86,9.600994022045,0.2693548,53.37023084,425,3900,70.0,2026-06-25,0.41,37.4,False
3210,600455,博通股份,21.53,-2.84,0.83,19.75,22.171286250223,0.10061,56.67345946,-1152,3051,66.0,2026-06-25,-2.89,37.4,False
3211,600456,宝钛股份,27.1,-0.59,0.67,54.94,27.559315492481,0.2834312,54.48640273,-126,3632,82.8,2026-06-25,-1.67,45.1,False
3212,600458,时代新材,16.42,-2.96,3.38,24.15,16.65370336632,0.4361176,70.32151534,1230,469,78.8,2026-06-25,-1.4,55.4,False
3213,600459,贵研铂业,26.13,-1.8,1.78,24.21,26.839232233026,0.415122,67.38278557,428,746,87.2,2026-06-25,-2.64,58.8,False
3214,600460,士兰微,52.27,4.83,3.47,104.13,49.552177135383,0.4171568,72.47404724,-7,310,95.2,2026-06-25,5.48,69.0,False
3215,600461,洪城环境,9.14,0.55,0.12,9.28,9.121953315139,0.1801416,64.16688892,142,1219,65.2,2026-06-25,0.2,41.8,False
3216,600463,空港股份,7.68,-2.54,0.53,88.98,7.933294257028,0.093932,52.61903694,361,4074,69.2,2026-06-25,-3.19,36.4,False
3217,600467,好当家,2.04,-1.45,0.53,95.06,2.076599409397,0.3959516,61.81791688,319,1705,68.0,2026-06-25,-1.76,42.0,False
3218,600468,百利电气,5.39,-1.28,0.54,57.41,5.46117853972,0.172928,50.76821794,86,4464,68.8,2026-06-25,-1.3,34.9,False
3219,600469,风神股份,5.23,-0.76,0.22,22.86,5.330190945634,0.1672084,59.27438615,-1261,2343,62.0,2026-06-25,-1.88,36.8,False
3220,600470,六国化工,6.12,-5.56,3.63,-8.83,6.389134106013,0.2620108,65.99927926,619,941,86.8,2026-06-25,-4.21,57.3,False
3221,600475,华光环能,15.0,2.04,0.44,30.86,14.692569875402,0.2734864,56.02722345,484,3224,68.4,2026-06-25,2.09,38.3,False
3222,600476,*ST湘邮,8.63,-3.03,0.83,132.26,8.956408362292,0.401238039216,50.54762646,27,4499,66.0,2026-06-25,-3.64,33.4,False
3223,600477,杭萧钢构,2.37,0.0,0.3,63.82,2.383132045937,0.21088,48.67758605,143,4783,67.2,2026-06-25,-0.55,32.7,False
3224,600478,科力远,5.18,-2.81,0.61,55.66,5.402664738426,0.2189648,56.51585921,-126,3102,70.0,2026-06-25,-4.12,39.6,False
3225,600479,千金药业,9.46,-1.15,0.19,15.52,9.548431263069,0.2068756,56.74159001,-880,3038,74.0,2026-06-25,-0.93,42.0,False
3226,600480,凌云股份,8.33,-3.7,0.57,16.6,8.786033401741,0.2356744,55.12720689,-402,3471,71.2,2026-06-25,-5.19,39.3,False
3227,600481,双良节能,4.84,10.0,4.93,-6.33,4.449133505612,0.27165,49.90052093,594,4586,74.8,2026-06-25,8.79,37.3,False
3228,600482,中国动力,31.11,-4.57,0.37,30.0,33.029196384901,0.2788736,60.90520581,-57,1933,74.8,2026-06-25,-5.81,45.6,False
3229,600483,福能股份,10.75,-1.65,0.23,11.5,11.054578245046,0.3540304,70.30467875,-195,473,80.4,2026-06-25,-2.76,56.5,False
3230,600486,XD扬农化,52.64,-2.16,0.43,13.07,54.234361332665,0.2422924,61.36555972,-988,1808,73.2,2026-06-25,-2.94,44.9,False
3231,600487,亨通光电,116.05,-5.65,2.24,64.74,121.440239815973,0.5327868,71.60110357,108,369,95.6,2026-06-25,-4.44,68.5,False
3232,600488,津药药业,4.64,-1.07,2.56,91.18,4.65857848883,0.259712,54.70541145,-449,3582,79.2,2026-06-25,-0.4,43.3,False
3233,600489,中金黄金,18.58,-1.64,0.4,9.46,19.052257304708,0.3596212,60.55599493,-946,2024,76.4,2026-06-25,-2.48,46.3,False
3234,600490,鹏欣资源,6.16,-1.6,0.61,30.9,6.327741930801,0.3096788,54.0533137,-1225,3745,70.4,2026-06-25,-2.65,38.1,False
3235,600491,ST龙元,1.01,-4.72,3.77,-2.99,1.060994393038,0.343289411765,47.23920847,93,4951,68.0,2026-06-25,-4.81,32.1,False
3236,600493,凤竹纺织,5.29,-1.86,0.81,-53.26,5.413369355597,0.11926,52.56056961,-30,4085,62.8,2026-06-25,-2.28,33.0,False
3237,600495,晋西车轴,3.48,-0.29,0.24,2355.62,3.526500346054,0.2268524,49.69176796,68,4615,67.6,2026-06-25,-1.32,33.6,False
3238,600496,精工钢构,3.19,0.0,0.23,10.48,3.191147970573,0.2809036,55.77735006,726,3300,69.6,2026-06-25,-0.04,38.8,False
3239,600497,驰宏锌锗,12.94,5.12,3.42,24.64,12.375185987063,0.4342868,71.94326488,-308,349,94.8,2026-06-25,4.56,68.2,False
3240,600498,烽火通信,77.65,-8.31,3.43,686.73,84.812454127105,0.494042,71.06673964,870,404,91.6,2026-06-25,-8.45,65.1,False
3241,600499,科达制造,14.04,-2.7,0.31,11.48,14.519460443055,0.1683996,67.45638335,-468,736,69.2,2026-06-25,-3.3,46.7,False
3242,600500,中化国际,9.11,5.44,5.4,-37.87,8.235309331561,0.491872,62.59368053,934,1530,81.2,2026-06-25,10.62,50.8,False
3243,600501,航天晨光,15.0,-3.47,0.61,-25.89,15.693504739598,0.1939732,46.18585355,-20,5040,70.8,2026-06-25,-4.42,32.7,False
3244,600502,安徽建工,4.48,-0.22,0.24,5.77,4.519857542159,0.1812108,62.14551871,-575,1617,69.2,2026-06-25,-0.88,43.0,False
3245,600503,华丽家族,2.03,-2.4,0.5,-157.5,2.07330718233,0.2441972,50.6052632,-466,4490,72.4,2026-06-25,-2.09,36.6,False
3246,600505,西昌电力,11.25,3.59,1.88,329.39,11.038844196204,0.2199492,46.05866792,-53,5050,80.4,2026-06-25,1.91,37.0,False
3247,600506,统一股份,14.49,-3.14,1.24,14.34,15.220863717786,0.2571056,58.20427288,-1455,2637,80.0,2026-06-25,-4.8,46.6,False
3248,600507,方大特钢,3.97,-0.5,0.17,21.27,3.987687357374,0.2038448,62.89369314,999,1470,70.0,2026-06-25,-0.44,44.0,False
3249,600508,上海能源,7.58,-1.56,0.21,25.92,7.692080944163,0.2154928,51.44670808,294,4319,73.6,2026-06-25,-1.46,37.9,False
3250,600509,XD天富能,8.63,3.6,1.24,16.93,8.375375508516,0.278678,58.09457232,-380,2664,75.6,2026-06-25,3.04,43.9,False
3251,600510,黑牡丹,7.14,-0.97,0.19,32.9,7.259752861252,0.2146056,55.36466557,-112,3407,64.8,2026-06-25,-1.65,35.9,False
3252,600511,国药股份,26.38,-0.64,0.11,10.49,26.333958255638,0.2718284,68.00041027,905,662,78.8,2026-06-25,0.17,53.6,False
3253,600512,腾达建设,1.94,-0.51,0.32,19.37,1.943771833274,0.2066776,54.50971383,214,3624,66.8,2026-06-25,-0.19,36.4,False
3254,600513,联环药业,14.72,-2.39,0.77,163.51,14.97051961126,0.1928264,48.5333645,-174,4811,67.6,2026-06-25,-1.67,32.8,False
3255,600515,海南机场,2.79,-1.06,0.27,70.86,2.804014372038,0.3838964,58.77410963,826,2474,69.6,2026-06-25,-0.5,40.9,False
3256,600516,方大炭素,6.46,-4.44,2.67,733.93,6.598479551685,0.5289304,78.07834696,1352,68,88.4,2026-06-25,-2.1,69.0,False
3257,600517,国网英大,4.85,-1.42,0.12,17.79,4.92567896039,0.3073104,60.4607491,-184,2046,79.2,2026-06-25,-1.54,47.9,False
3258,600518,康美药业,1.23,-2.38,0.84,-256.73,1.272201962332,0.5396564,50.74939895,-429,4467,78.0,2026-06-25,-3.32,39.6,False
3259,600519,贵州茅台,1196.0,1.01,0.11,13.72,1209.68139388633,0.5565776,71.06580842,3,405,94.4,2026-06-25,-1.13,67.1,False
3260,600520,三佳科技,36.83,10.01,9.49,977.61,33.355749137648,0.287112,73.81288774,1240,228,87.2,2026-06-25,10.42,64.4,False
3261,600521,华海药业,14.52,-0.48,0.25,13.45,14.432831488214,0.297034,54.37982488,-1187,3661,76.0,2026-06-25,0.6,41.3,False
3262,600522,中天科技,62.99,-7.5,4.41,58.49,66.012823198783,0.5135592,74.72046575,544,195,95.2,2026-06-25,-4.58,71.1,False
3263,600523,贵航股份,10.45,-2.79,0.28,25.03,10.774615464576,0.2150928,55.35705631,-1245,3412,66.8,2026-06-25,-3.01,37.0,False
3264,600525,ST长园,4.64,-1.9,0.33,139.07,4.776831537278,0.3542024,47.85477134,-48,4888,68.0,2026-06-25,-2.86,32.5,False
3265,600526,菲达环保,4.15,-1.89,0.25,17.76,4.242965560617,0.1608252,55.59304606,-1072,3363,70.0,2026-06-25,-2.19,38.9,False
3266,600527,XD江南高,2.21,0.0,0.79,121.98,2.226984378727,0.2707044,51.55918665,-411,4307,66.4,2026-06-25,-0.76,34.2,False
3267,600528,中铁工业,6.76,-0.44,0.08,11.77,6.807930299875,0.2547996,60.15209125,381,2138,70.0,2026-06-25,-0.7,42.1,False
3268,600529,山东药玻,18.08,-0.82,0.28,14.91,18.104302137829,0.245736,66.45458969,-285,877,77.2,2026-06-25,-0.13,51.3,False
3269,600530,交大昂立,5.41,-3.05,1.4,-166.18,5.58984443322,0.2259368,47.71926647,170,4912,67.6,2026-06-25,-3.22,32.3,False
3270,600531,豫光金铅,16.5,-3.06,6.5,18.15,16.988461592143,0.4826336,78.21734522,-16,62,93.6,2026-06-25,-2.88,73.2,False
3271,600533,栖霞建设,1.95,-1.02,0.6,-9.26,1.9741916854,0.2316512,55.1528099,17,3462,66.8,2026-06-25,-1.23,36.8,False
3272,600535,天士力,13.37,-1.55,0.18,13.49,13.531915677295,0.2176596,62.14846941,-788,1615,74.8,2026-06-25,-1.2,46.5,False
3273,600536,中国软件,28.11,-3.17,0.53,-89.02,29.165903723977,0.2794032,53.85764847,-319,3794,77.2,2026-06-25,-3.62,41.6,False
3274,600537,*ST亿晶,2.53,1.2,0.83,-11.43,2.51433544315,0.28070745098,46.37878461,79,5029,68.0,2026-06-25,0.62,31.5,False
3275,600538,国发股份,6.07,2.36,1.01,-105.36,5.787296057651,0.422254,54.94025345,1335,3517,64.0,2026-06-25,4.88,35.2,False
3276,600539,狮头股份,13.56,4.15,3.57,1481.57,13.17317216233,0.2500284,49.03518789,-194,4729,63.6,2026-06-25,2.94,31.2,False
3277,600540,新赛股份,3.36,-3.72,1.23,11.68,3.507107380018,0.148634,53.50760778,-1326,3867,72.4,2026-06-25,-4.19,38.7,False
3278,600543,*ST莫高,3.71,-1.07,0.2,-33.22,3.773265603397,0.15934254902,50.54901111,1,4498,65.6,2026-06-25,-1.68,33.2,False
3279,600545,卓郎智能,7.1,10.08,2.75,-105.46,6.426351972072,0.284172,56.66785331,1701,3052,85.6,2026-06-25,10.48,48.5,False
3280,600546,山煤国际,11.64,-1.02,0.2,13.46,11.876869148558,0.1402156,58.70437844,-162,2494,78.8,2026-06-25,-1.99,46.3,False
3281,600547,山东黄金,23.46,-1.96,0.36,18.7,23.875863177513,0.3339316,58.99658845,-384,2414,81.2,2026-06-25,-1.74,47.9,False
3282,600548,深高速,8.25,-0.12,0.02,10.28,8.246577204392,0.2211484,61.71723558,1125,1725,66.0,2026-06-25,0.04,40.7,False
3283,600549,厦门钨业,86.81,1.11,2.06,31.13,85.466675707413,0.4699696,75.58132291,506,145,91.6,2026-06-25,1.57,69.2,False
3284,600550,保变电气,11.98,-1.32,0.53,92.6,12.146724128944,0.2448208,58.86763621,140,2449,70.8,2026-06-25,-1.37,41.7,False
3285,600551,时代出版,6.93,-0.72,0.21,23.21,6.8914394443,0.204424,57.93616394,566,2699,64.8,2026-06-25,0.56,37.5,False
3286,600552,凯盛科技,29.6,10.0,9.34,250.38,27.722412639137,0.4128288,68.40501188,-489,627,94.8,2026-06-25,6.77,64.8,False
3287,600556,天下秀,4.41,-3.29,0.7,618.21,4.571960699975,0.2231776,54.49428264,-364,3628,70.0,2026-06-25,-3.54,38.1,False
3288,600557,康缘药业,11.07,-2.12,0.23,19.76,11.319629064058,0.169436,54.612355,-1344,3602,71.2,2026-06-25,-2.21,38.9,False
3289,600558,大西洋,4.9,-2.78,0.53,19.73,5.047935463066,0.2292704,65.76367741,752,973,67.6,2026-06-25,-2.93,44.5,False
3290,600559,老白干酒,11.78,1.03,0.53,16.28,11.824918837903,0.2097016,65.67465925,1988,985,74.8,2026-06-25,-0.38,49.1,False
3291,600560,金自天正,11.0,-2.4,0.27,96.96,11.299850328026,0.1213728,53.71128373,131,3821,66.8,2026-06-25,-2.65,35.9,False
3292,600561,江西长运,5.06,-1.17,0.47,-12.84,5.11865008881,0.0431684,52.76035342,-933,4041,63.6,2026-06-25,-1.15,33.6,False
3293,600562,国睿科技,20.02,-3.84,0.23,80.52,20.98947813274,0.2107884,63.62194822,-632,1325,70.0,2026-06-25,-4.62,44.5,False
3294,600563,法拉电子,186.22,-2.01,1.9,39.12,186.596028502893,0.4813912,79.91747105,6,36,88.8,2026-06-25,-0.2,71.0,False
3295,600566,济川药业,25.64,-0.08,0.16,14.77,25.797587421416,0.1860564,61.08569717,-1084,1891,77.2,2026-06-25,-0.61,47.2,False
3296,600567,山鹰国际,1.38,1.47,0.54,-4.37,1.360035711032,0.6008172,52.75000795,855,4046,78.0,2026-06-25,1.47,41.1,False
3297,600568,ST中珠,2.08,1.96,0.58,-51.69,2.077550684002,0.39722,46.31400621,-110,5032,64.4,2026-06-25,0.12,29.8,False
3298,600569,安阳钢铁,1.68,-1.18,0.09,-1.75,1.688688475461,0.3334808,52.07056649,772,4195,66.4,2026-06-25,-0.51,34.6,False
3299,600570,恒生电子,21.84,-3.15,0.49,74.51,22.626289043493,0.3112908,64.32023843,379,1196,74.0,2026-06-25,-3.48,47.6,False
3300,600571,信雅达,9.81,-3.16,0.66,-14.04,10.179750959085,0.199524,54.70798583,-63,3580,71.2,2026-06-25,-3.63,39.0,False
3301,600572,康恩贝,3.95,-0.25,0.28,12.63,3.941446797973,0.3069428,59.68917631,-20,2247,69.6,2026-06-25,0.22,41.5,False
3302,600573,惠泉啤酒,9.2,-2.02,1.23,69.91,9.537003118431,0.21203,50.86542195,20,4444,71.6,2026-06-25,-3.53,36.4,False
3303,600575,淮河能源,3.44,0.88,0.32,19.03,3.387985284962,0.371118,64.19735395,1352,1215,74.0,2026-06-25,1.54,47.5,False
3304,600576,祥源文旅,5.34,-0.74,0.3,77.81,5.329167730292,0.2465656,56.91072174,41,2983,72.8,2026-06-25,0.2,41.4,False
3305,600577,精达股份,9.73,-2.6,1.06,38.3,10.051242791641,0.3376068,53.92804974,-446,3771,72.8,2026-06-25,-3.2,39.3,False
3306,600578,京能电力,7.09,2.6,0.85,10.77,6.936642136132,0.2718904,62.51151595,600,1543,81.6,2026-06-25,2.21,51.0,False
3307,600579,中化装备,7.69,-2.53,2.2,-26.9,7.771186712892,0.4407684,63.57596709,3017,1338,76.4,2026-06-25,-1.04,48.6,False
3308,600580,卧龙电驱,32.55,-3.01,0.77,46.06,33.896762817214,0.2669624,54.28517155,-436,3679,77.2,2026-06-25,-3.97,41.9,False
3309,600581,*ST八钢,2.04,-5.12,0.81,-2.39,2.155891664519,0.311236,46.4079564,40,5027,69.2,2026-06-25,-5.38,32.1,False
3310,600582,天地科技,4.41,-1.12,0.28,10.54,4.508010097807,0.29918,56.741996,-258,3037,72.4,2026-06-25,-2.17,41.1,False
3311,600583,海油工程,5.07,-1.36,0.15,12.78,5.122361287692,0.2903336,56.62436947,82,3065,68.8,2026-06-25,-1.02,39.0,False
3312,600584,长电科技,104.14,-0.03,6.86,160.5,102.910809812506,0.6292152,79.97209741,-17,35,95.2,2026-06-25,1.19,76.1,False
3313,600585,海螺水泥,17.61,-0.79,0.32,15.89,17.304416005595,0.3618708,64.48174296,1842,1174,77.6,2026-06-25,1.77,50.0,False
3314,600586,金晶科技,4.33,2.85,0.85,-9.83,4.244134687205,0.2706796,50.81220834,-30,4453,74.8,2026-06-25,2.02,38.0,False
3315,600587,新华医疗,11.74,-1.59,0.17,14.35,11.870410862842,0.148854,58.11830065,-1044,2656,71.6,2026-06-25,-1.1,41.6,False
3316,600588,用友网络,8.94,-3.35,0.42,-10.57,9.261444273757,0.2342708,50.89299772,23,4437,78.0,2026-06-25,-3.47,39.7,False
3317,600589,大位科技,9.52,-5.74,2.05,-110.9,10.122773092322,0.3262404,48.32597554,-1805,4834,78.4,2026-06-25,-5.95,37.9,False
3318,600590,XD泰豪科,10.44,-3.42,0.96,45.12,10.841435180012,0.1956848,50.94590996,-384,4427,68.4,2026-06-25,-3.7,34.8,False
3319,600592,龙溪股份,13.87,-1.98,0.49,-5712.04,14.170513435774,0.1558084,52.22031914,39,4167,68.8,2026-06-25,-2.12,35.9,False
3320,600593,大连圣亚,37.49,1.0,0.81,77.85,37.155167771971,0.181976,60.75020404,1221,1982,77.6,2026-06-25,0.9,47.1,False
3321,600594,益佰制药,3.02,-1.63,0.72,-20.25,3.062666773016,0.2151608,52.00749175,-100,4208,64.8,2026-06-25,-1.39,33.7,False
3322,600595,中孚实业,5.65,-2.08,0.51,6.89,5.796615292389,0.2276264,60.18333878,-73,2123,73.2,2026-06-25,-2.53,44.1,False
3323,600596,新安股份,17.5,2.04,2.89,61.33,17.288522496708,0.3629972,66.5823369,-552,854,92.8,2026-06-25,1.22,61.8,False
3324,600597,光明乳业,6.17,-1.28,0.2,31.9,6.274090963883,0.16781,50.84433659,-55,4449,73.6,2026-06-25,-1.66,37.4,False
3325,600598,北大荒,10.9,1.96,1.25,8.34,10.631109893206,0.2789896,58.26763844,-9,2620,80.8,2026-06-25,2.53,47.1,False
3326,600600,青岛啤酒,52.32,-0.3,0.24,9.91,52.264909358231,0.2794452,64.00213876,482,1252,83.6,2026-06-25,0.11,53.5,False
3327,600601,方正科技,13.49,-4.73,1.61,62.22,13.964959792082,0.3967496,72.40214391,1082,316,84.8,2026-06-25,-3.4,61.4,False
3328,600602,云赛智联,16.24,-4.58,0.73,124.64,17.114868067224,0.2148588,60.25477976,-702,2101,70.8,2026-06-25,-5.11,42.7,False
3329,600603,广汇物流,4.21,0.0,0.3,84.12,4.212328465381,0.2657076,50.38151331,-815,4525,64.8,2026-06-25,-0.06,32.6,False
3330,600604,市北高新,3.97,-1.0,0.11,-24.32,4.010139856483,0.2674008,55.03828152,1082,3492,72.0,2026-06-25,-1.0,39.6,False
3331,600605,汇通能源,29.69,-4.69,0.84,176.28,30.447746366406,0.4427552,67.62297428,1244,716,60.0,2026-06-25,-2.49,40.6,False
3332,600606,绿地控股,1.25,0.0,0.17,21.51,1.257411510294,0.438424,49.68993776,6,4616,76.8,2026-06-25,-0.59,38.2,False
3333,600608,退市沪科,0.17,0.0,0.24,-8.38,0.161150968842,0.643136486486,52.65322368,812,4067,61.2,2026-06-25,5.49,32.2,False
3334,600609,金杯汽车,3.17,-1.86,0.25,19.94,3.20423584602,0.2292852,55.68037858,416,3333,66.8,2026-06-25,-1.07,37.2,False
3335,600610,中毅达,6.61,-1.93,0.64,95.71,6.779996476871,0.194458,54.27453499,-78,3687,69.6,2026-06-25,-2.51,37.8,False
3336,600611,大众交通,3.83,-1.79,0.72,-13.62,3.957809703829,0.2079212,45.07211739,-123,5100,74.8,2026-06-25,-3.23,33.7,False
3337,600612,老凤祥,32.38,-1.58,0.1,7.74,32.945854750456,0.115036,61.99807499,-120,1657,70.0,2026-06-25,-1.72,43.4,False
3338,600613,神奇制药,4.53,-2.16,0.33,46.94,4.610113234434,0.0993528,52.9986612,-1048,3988,69.6,2026-06-25,-1.74,36.9,False
3339,600615,鑫源智造,9.51,3.37,1.36,-128.33,9.274752922773,0.1868232,54.10619877,-300,3735,67.6,2026-06-25,2.54,36.6,False
3340,600616,金枫酒业,3.91,-1.51,0.24,539.87,3.95122871522,0.1126004,51.67693734,338,4279,68.8,2026-06-25,-1.04,35.6,False
3341,600617,国新能源,2.69,-1.47,0.37,10.32,2.738383015491,0.2832588,56.27406104,142,3162,66.4,2026-06-25,-1.77,37.4,False
3342,600618,氯碱化工,10.41,-1.89,0.29,14.62,10.586291285055,0.192478,62.46838184,359,1554,69.6,2026-06-25,-1.67,43.5,False
3343,600619,海立股份,14.39,1.98,1.15,53.31,14.273044955443,0.222974,56.29386914,-666,3157,70.8,2026-06-25,0.82,39.9,False
3344,600620,天宸股份,3.98,-2.21,0.3,-71.44,4.051800030653,0.0991396,55.56016021,524,3366,64.0,2026-06-25,-1.77,35.6,False
3345,600621,华鑫股份,13.3,-0.82,0.41,22.72,13.336858529104,0.3224076,60.11727786,1960,2150,74.8,2026-06-25,-0.28,45.0,False
3346,600622,光大嘉宝,2.03,-2.4,0.46,-6.82,2.067308130699,0.2562024,49.09639948,-568,4713,76.0,2026-06-25,-1.8,37.3,False
3347,600623,华谊集团,7.85,-1.75,0.27,24.82,8.125287974715,0.2638648,60.06573619,-273,2163,70.0,2026-06-25,-3.39,42.0,False
3348,600624,ST复华,3.34,-4.3,0.52,-51.87,3.541679956437,0.1916144,46.75097362,-39,4997,70.4,2026-06-25,-5.69,32.9,False
3349,600626,申达股份,3.24,-2.11,0.3,-89.79,3.341492507692,0.172936,59.1149799,1215,2383,66.8,2026-06-25,-3.04,39.5,False
3350,600628,新世界,5.68,-1.39,0.37,40.98,5.766369304187,0.1188744,57.75819276,306,2752,67.2,2026-06-25,-1.5,38.8,False
3351,600629,华建集团,12.38,-1.28,0.36,866.72,12.619569661138,0.3278784,48.86593763,-221,4751,68.4,2026-06-25,-1.9,33.4,False
3352,600630,龙头股份,9.54,0.74,2.63,40.95,9.589505502289,0.307002,70.87045839,-107,425,86.0,2026-06-25,-0.52,60.9,False
3353,600633,浙数文化,10.05,-3.83,0.5,19.91,10.482251389678,0.2685504,53.23532878,317,3934,69.6,2026-06-25,-4.12,37.1,False
3354,600635,大众公用,4.29,-1.15,0.3,62.3,4.345977220307,0.2367648,53.54959359,392,3855,73.2,2026-06-25,-1.29,39.2,False
3355,600636,退市国化,,,0.0,-8.64,1.725635943465,0.101019565217,49.62016244,42,4632,63.2,2026-06-25,,31.4,False
3356,600637,东方明珠,8.29,-3.15,0.46,113.03,8.520879224674,0.3299532,58.8478083,446,2452,74.8,2026-06-25,-2.71,44.0,False
3357,600638,新黄浦,4.54,-1.73,0.38,5.53,4.650286164793,0.1671888,53.93830322,-275,3769,63.6,2026-06-25,-2.37,34.3,False
3358,600639,浦东金桥,9.45,0.53,0.04,36.69,9.412604489124,0.1324728,59.80697321,-102,2215,68.8,2026-06-25,0.4,41.1,False
3359,600640,国脉文化,9.82,-2.48,0.23,246.93,10.09356590461,0.2038752,54.05245017,-72,3746,70.4,2026-06-25,-2.71,38.1,False
3360,600641,先导基电,37.43,0.62,2.22,-524.21,37.586240644173,0.4552032,63.00372397,-93,1452,92.4,2026-06-25,-0.42,58.2,False
3361,600642,申能股份,8.91,-0.67,0.08,13.84,8.957371054201,0.2025932,62.55251702,123,1538,75.6,2026-06-25,-0.53,47.3,False
3362,600643,爱建集团,3.95,-1.25,0.26,199.27,3.966281398325,0.252876,52.46223501,942,4106,64.4,2026-06-25,-0.41,33.8,False
3363,600644,乐山电力,8.1,0.12,0.81,-662.11,8.194363066905,0.2149432,43.788902,7,5147,68.8,2026-06-25,-1.15,30.1,False
3364,600645,中源协和,17.16,-2.11,0.56,82.8,17.432563042255,0.218636,52.75421622,-1112,4045,69.2,2026-06-25,-1.56,36.5,False
3365,600648,外高桥,8.13,-1.09,0.03,186.47,8.229208080353,0.1432144,57.50178522,-632,2815,66.8,2026-06-25,-1.21,38.4,False
3366,600649,城投控股,3.5,0.0,0.19,301.58,3.487980526832,0.2574336,58.8499226,345,2451,65.6,2026-06-25,0.34,38.6,False
3367,600650,锦江在线,9.72,-2.31,0.2,97.04,9.94945491621,0.1218012,54.95118262,-590,3515,69.6,2026-06-25,-2.31,38.2,False
3368,600651,飞乐音响,5.6,-1.58,0.26,556.28,5.742320436148,0.3107516,57.55361283,1677,2801,67.2,2026-06-25,-2.48,38.7,False
3369,600653,申华控股,1.55,-0.64,0.26,-33.89,1.557526458335,0.3079464,54.63247423,-679,3599,70.4,2026-06-25,-0.48,38.5,False
3370,600654,中安科,2.65,-2.21,0.72,67.2,2.724196335144,0.1904468,54.15727233,-114,3714,66.8,2026-06-25,-2.72,36.2,False
3371,600655,豫园股份,4.16,-1.89,0.09,25.78,4.222823183968,0.1829976,56.06625863,361,3216,72.8,2026-06-25,-1.49,40.8,False
3372,600657,信达地产,2.42,-2.02,0.26,-3.65,2.434303334082,0.2575728,54.70895752,1166,3579,69.2,2026-06-25,-0.59,37.9,False
3373,600658,电子城,3.85,-2.04,0.29,-9.19,3.940091029658,0.246794,47.49573384,-612,4929,67.6,2026-06-25,-2.29,32.1,False
3374,600660,福耀玻璃,49.47,3.04,0.35,18.86,47.879461822286,0.250994,67.36673342,-271,749,82.8,2026-06-25,3.32,55.8,False
3375,600661,昂立教育,7.01,-1.68,0.47,20.41,7.140306356719,0.1033672,62.15591754,41,1612,68.8,2026-06-25,-1.82,42.8,False
3376,600662,外服控股,4.02,-1.23,0.14,9.7,4.073214509113,0.196306,59.78381791,-901,2220,66.4,2026-06-25,-1.31,39.7,False
3377,600663,陆家嘴,6.32,-0.47,0.05,39.93,6.329522612512,0.1248716,61.77937928,624,1713,71.2,2026-06-25,-0.15,44.0,False
3378,600664,哈药股份,2.97,-1.33,0.41,11.61,3.015792794249,0.2906384,59.99966692,-32,2177,68.0,2026-06-25,-1.52,40.8,False
3379,600665,天地源,3.32,-1.48,0.55,-4.57,3.388119279584,0.2929596,53.33038402,-1259,3911,70.8,2026-06-25,-2.01,37.8,False
3380,600666,奥瑞德,4.16,-7.14,2.61,-295.17,4.595670319072,0.2756444,53.91850712,-534,3772,69.6,2026-06-25,-9.48,37.5,False
3381,600667,太极实业,27.45,8.46,10.12,111.16,25.31,0.5610104,72.86920633,74,289,96.0,2026-06-25,8.46,70.0,False
3382,600668,尖峰集团,7.49,-2.47,2.7,-42.2,7.417856801102,0.34653,58.69905968,2050,2499,66.8,2026-06-25,0.97,39.2,False
3383,600671,天目药业,16.35,-2.45,0.47,130.44,16.792962600713,0.1440472,57.76796979,1190,2750,70.8,2026-06-25,-2.64,40.9,False
3384,600673,东阳光,35.36,-2.75,0.47,223.05,36.641329746454,0.414976,67.1121384,-619,777,92.0,2026-06-25,-3.5,61.7,False
3385,600674,川投能源,14.08,1.44,0.13,11.81,14.02804810842,0.3956296,64.14912402,-546,1222,79.6,2026-06-25,0.37,51.1,False
3386,600675,中华企业,2.13,0.47,0.11,-34.74,2.121120596969,0.2565916,52.5977159,282,4077,66.4,2026-06-25,0.42,34.9,False
3387,600676,交运股份,6.61,-3.5,0.33,-27.55,6.808367936315,0.3088068,62.34132522,61,1575,70.0,2026-06-25,-2.91,43.6,False
3388,600678,ST金顶,6.92,0.29,2.73,325.93,6.789570813438,0.393691568627,63.50609751,746,1347,70.0,2026-06-25,1.92,44.5,False
3389,600679,上海凤凰,8.58,-1.94,0.19,87.83,8.73693958331,0.1525644,54.07555302,339,3741,74.4,2026-06-25,-1.8,40.2,False
3390,600681,百川能源,3.25,-0.91,0.2,9.71,3.286778831775,0.169214,55.77853148,139,3299,64.0,2026-06-25,-1.12,35.7,False
3391,600682,南京新百,5.3,-4.16,0.6,58.03,5.574443786535,0.230574,49.5212552,20,4651,70.0,2026-06-25,-4.92,34.7,False
3392,600683,京投发展,11.64,-4.35,0.8,-16.8,12.371416776305,0.2382636,53.12449525,75,3959,66.4,2026-06-25,-5.91,35.3,False
3393,600684,珠江股份,3.01,-1.95,0.7,-128.21,3.057122718109,0.164852,56.54441836,-939,3089,68.0,2026-06-25,-1.54,38.5,False
3394,600685,中船防务,25.15,-2.44,0.25,22.43,25.914889578844,0.2365612,61.36320653,-145,1810,72.0,2026-06-25,-2.95,44.2,False
3395,600686,金龙汽车,11.62,-1.94,0.36,13.89,11.871727863023,0.2297304,58.40043634,-1097,2581,71.2,2026-06-25,-2.12,41.6,False
3396,600688,上海石化,3.04,-0.33,0.33,19.3,3.062685015609,0.3166764,61.43619013,-1065,1784,80.8,2026-06-25,-0.74,49.6,False
3397,600689,上海三毛,9.94,-2.36,0.46,125.67,10.332237834209,0.1874468,59.96837265,-54,2180,67.2,2026-06-25,-3.8,40.3,False
3398,600690,海尔智家,19.82,-0.2,0.1,9.99,19.844730645117,0.3263324,72.50441685,635,306,84.8,2026-06-25,-0.12,61.5,False
3399,600691,潞化科技,2.31,-1.7,0.31,-28.17,2.357392076071,0.2430128,48.70327609,-436,4777,65.6,2026-06-25,-2.01,31.9,False
3400,600692,亚通股份,5.46,-2.33,0.68,274.35,5.582218712656,0.1335312,55.94560611,221,3251,67.2,2026-06-25,-2.19,37.6,False
3401,600693,东百集团,8.0,-0.87,1.08,38.65,8.145619866573,0.2134852,59.38391043,1654,2322,76.0,2026-06-25,-1.79,45.1,False
3402,600694,大商股份,13.36,-2.05,0.29,4.61,13.690416534931,0.1890552,59.22179294,-808,2354,66.4,2026-06-25,-2.41,39.3,False
3403,600696,退市岩石,,,0.0,-1.86,0.740653412541,0.092040289855,50.39523367,59,4524,63.6,2026-06-25,,32.1,False
3404,600697,欧亚集团,9.73,-1.62,0.49,107.61,9.89361979677,0.0571128,52.6291841,100,4072,65.2,2026-06-25,-1.65,34.3,False
3405,600698,湖南天雁,5.88,-2.0,0.37,849.39,6.071491395341,0.2137636,48.42840515,-85,4822,73.2,2026-06-25,-3.15,35.4,False
3406,600699,均胜电子,21.83,-4.13,0.92,21.05,22.520323326745,0.3319536,56.59998471,242,3074,72.0,2026-06-25,-3.07,40.8,False
3407,600702,舍得酒业,37.51,0.29,1.09,13.45,37.103890455307,0.32173,61.20567842,2148,1860,78.0,2026-06-25,1.09,47.7,False
3408,600703,三安光电,22.62,4.38,3.83,418.02,21.911990554391,0.4832896,62.45814772,-804,1556,95.6,2026-06-25,3.23,59.7,False
3409,600704,物产中大,4.89,-1.01,0.16,6.51,4.899646117299,0.4662448,65.0938865,-520,1065,78.0,2026-06-25,-0.2,50.8,False
3410,600706,曲江文旅,6.86,-2.42,0.66,-30.33,7.027339201237,0.1448476,46.1367897,-507,5043,69.6,2026-06-25,-2.38,32.1,False
3411,600707,XD彩虹股,14.59,7.04,3.61,2366.51,13.740428058515,0.3941684,64.9426774,1227,1087,95.6,2026-06-25,6.18,62.1,False
3412,600708,光明地产,3.45,-5.22,0.77,-8.21,3.535523390474,0.371484,61.58190435,85,1756,76.4,2026-06-25,-2.42,47.0,False
3413,600710,苏美达,9.74,-1.52,0.24,10.23,9.939297901816,0.27084,62.7607113,-301,1502,67.2,2026-06-25,-2.01,42.2,False
3414,600711,盛屯矿业,11.13,-2.2,1.0,8.43,11.553190168709,0.3257176,62.27941492,-295,1585,77.6,2026-06-25,-3.66,48.3,False
3415,600712,南宁百货,4.62,-2.12,0.44,229.32,4.742977784576,0.1942944,49.36183463,119,4675,69.2,2026-06-25,-2.59,34.2,False
3416,600713,南京医药,5.1,-1.54,0.18,9.55,5.050284225813,0.3502496,64.22827033,1938,1212,66.8,2026-06-25,0.98,42.9,False
3417,600714,金瑞矿业,21.54,-1.96,1.54,-1433.62,22.177782314226,0.2693304,51.64223902,177,4289,70.4,2026-06-25,-2.88,36.4,False
3418,600715,文投控股,1.52,-2.56,0.39,-476.37,1.5564867137,0.3907064,44.008046,-97,5139,66.0,2026-06-25,-2.34,29.0,False
3419,600716,凤凰股份,3.36,-3.17,0.25,-27.95,3.480583289772,0.187228,54.67582518,106,3590,66.0,2026-06-25,-3.46,36.1,False
3420,600717,天津港,4.05,-2.41,0.25,8.3,4.081909406786,0.325051016949,64.67218286,872,1141,73.6,2026-06-25,-0.78,47.6,False
3421,600718,东软集团,7.3,-2.67,0.29,-14.8,7.507886233503,0.1997172,54.74721868,71,3569,71.6,2026-06-25,-2.77,39.2,False
3422,600719,大连热电,8.67,2.36,4.49,9.25,8.660394600393,0.2858136,53.83667005,-668,3803,84.8,2026-06-25,0.11,45.7,False
3423,600720,中交设计,4.92,-0.81,0.23,39.51,4.985902931148,0.167458,55.68241325,-176,3330,71.6,2026-06-25,-1.32,39.9,False
3424,600721,百花医药,6.55,-3.25,0.7,94.79,6.726264271181,0.2073072,50.00324718,-1354,4570,70.8,2026-06-25,-2.62,35.4,False
3425,600722,金牛化工,8.26,-2.71,0.84,107.67,8.487251178272,0.1630004,50.4747847,114,4507,68.0,2026-06-25,-2.68,34.3,False
3426,600724,宁波富达,5.78,-5.4,0.72,34.78,6.002883818573,0.287256,64.43752373,2521,1179,62.0,2026-06-25,-3.71,40.0,False
3427,600725,云维股份,3.08,-0.65,0.45,-589.44,3.120530319924,0.2527356,47.80799976,58,4896,64.0,2026-06-25,-1.3,30.6,False
3428,600726,华电能源,7.96,4.87,1.25,26.15,7.672689413887,0.2380184,61.33874903,-222,1814,84.8,2026-06-25,3.74,52.0,False
3429,600727,XD鲁北化,7.19,-0.42,1.23,16.8,7.323587382644,0.246574,58.48343833,-1212,2560,74.0,2026-06-25,-1.82,43.3,False
3430,600728,佳都科技,4.24,-3.42,0.4,183.41,4.392344504789,0.2555096,58.278577,-171,2616,71.2,2026-06-25,-3.47,41.5,False
3431,600729,重百集团,18.73,-1.21,0.45,7.4,19.004332671489,0.1436764,61.52188387,391,1768,69.6,2026-06-25,-1.44,42.8,False
3432,600730,*ST高科,11.31,5.01,1.44,-860.83,10.381945533695,0.445890588235,55.19348906,1511,3451,69.6,2026-06-25,8.94,38.4,False
3433,600731,湖南海利,5.22,-1.69,0.29,16.19,5.34559201004,0.1993672,55.64975216,-1368,3347,65.2,2026-06-25,-2.35,36.3,False
3434,600732,爱旭股份,13.21,0.38,0.83,-15.9,13.194732434916,0.3968612,64.08341064,409,1232,83.6,2026-06-25,0.12,53.6,False
3435,600733,北汽蓝谷,5.09,-2.3,0.32,-9.31,5.228475216248,0.3685192,60.81844669,251,1961,71.6,2026-06-25,-2.65,43.5,False
3436,600734,*ST实达,1.59,-4.79,0.6,-72.45,1.679481130166,0.308656666667,41.87117168,10,5183,67.6,2026-06-25,-5.33,28.3,False
3437,600735,ST新华锦,5.61,0.54,0.39,160.7,5.610896053031,0.32104967033,47.80945888,60,4895,67.6,2026-06-25,-0.02,32.3,False
3438,600736,苏州高新,6.79,-1.59,0.73,9.08,6.984574667317,0.3231184,51.28076244,-1557,4354,68.4,2026-06-25,-2.79,35.1,False
3439,600737,中粮糖业,10.73,-1.56,0.58,26.57,11.078642503342,0.3253784,56.55946034,-1428,3084,80.4,2026-06-25,-3.15,45.5,False
3440,600738,丽尚国潮,3.67,-1.61,0.29,11.38,3.735007686033,0.120002,60.36229102,1237,2068,66.0,2026-06-25,-1.74,39.8,False
3441,600739,辽宁成大,10.4,-1.23,0.21,7.18,10.479960384849,0.3265296,64.88728523,429,1098,73.2,2026-06-25,-0.76,47.5,False
3442,600740,山西焦化,3.25,-2.11,0.33,-114.35,3.30971145292,0.3048804,65.74548531,1034,975,70.8,2026-06-25,-1.8,46.5,False
3443,600741,华域汽车,16.26,-1.81,0.1,10.3,16.604531000629,0.3566872,71.61958412,130,368,76.4,2026-06-25,-2.07,54.7,False
3444,600742,富维股份,7.26,-1.76,0.14,16.45,7.410701422764,0.1516424,56.97578794,311,2964,68.8,2026-06-25,-2.03,39.2,False
3445,600743,华远控股,2.26,-2.16,0.53,-136.84,2.281790193822,0.3104308,54.75478638,992,3566,71.6,2026-06-25,-0.95,39.2,False
3446,600744,华银电力,6.65,1.53,1.39,24.39,6.594891190361,0.302066,47.26657633,60,4949,79.6,2026-06-25,0.84,37.6,False
3447,600745,*ST闻泰,16.47,2.49,1.46,-27.08,16.106159909037,0.336168823529,47.87672497,208,4887,77.2,2026-06-25,2.26,37.0,False
3448,600746,江苏索普,5.29,-2.94,0.26,45.3,5.436922762663,0.0653016,59.70540072,99,2242,65.6,2026-06-25,-2.7,39.2,False
3449,600748,上实发展,3.77,-1.82,0.16,-14.87,3.828190328381,0.210208,53.03654289,-727,3982,65.6,2026-06-25,-1.52,34.8,False
3450,600749,西藏旅游,13.31,-4.24,1.27,-37.76,14.12758877466,0.237556,46.12087822,-8,5044,69.2,2026-06-25,-5.79,31.9,False
3451,600750,华润江中,22.72,0.49,0.07,12.53,22.758193956947,0.1264784,63.72130222,180,1310,76.4,2026-06-25,-0.17,48.7,False
3452,600751,海航科技,2.96,-3.58,0.4,164.5,3.105222571037,0.2797964,58.68495529,612,2505,69.6,2026-06-25,-4.68,40.8,False
3453,600753,ST海钦,10.59,-3.73,0.37,27.25,11.116483100351,0.28052372549,54.14082924,-307,3719,64.8,2026-06-25,-4.74,35.1,False
3454,600754,锦江酒店,18.62,-0.69,0.23,36.26,18.901010833628,0.2047288,59.74420169,-608,2234,70.8,2026-06-25,-1.49,42.3,False
3455,600755,厦门国贸,5.55,-1.6,0.12,11.65,5.60017127286,0.19872,58.05109947,387,2672,70.8,2026-06-25,-0.9,41.1,False
3456,600756,浪潮软件,12.3,-2.38,0.67,-12.46,12.669998124432,0.1963252,49.63388739,42,4628,70.4,2026-06-25,-2.92,34.9,False
3457,600757,长江传媒,7.36,-0.54,0.1,6.67,7.413246796577,0.1229204,58.50036534,96,2551,69.6,2026-06-25,-0.72,40.7,False
3458,600758,辽宁能源,3.28,-0.3,0.92,-9.38,3.288697582335,0.2845448,48.72264817,407,4771,72.8,2026-06-25,-0.26,35.5,False
3459,600759,ST洲际,2.01,0.5,1.35,18.81,2.017646541427,0.274801568627,52.91796375,455,4006,69.6,2026-06-25,-0.38,36.8,False
3460,600760,中航沈飞,38.8,-2.85,0.2,166.71,40.171535852927,0.3195048,64.40952386,-483,1186,74.4,2026-06-25,-3.41,47.9,False
3461,600761,安徽合力,16.61,1.47,0.27,11.36,16.495210037078,0.207064,60.63771524,-755,2006,72.4,2026-06-25,0.7,43.9,False
3462,600763,通策医疗,34.07,-0.73,0.36,20.39,33.766074821047,0.2376104,65.43424296,76,1018,77.6,2026-06-25,0.9,50.8,False
3463,600764,中国海防,17.35,-3.4,0.21,119.1,17.983420873274,0.1402888,56.57511644,480,3078,70.4,2026-06-25,-3.52,39.8,False
3464,600765,中航重机,12.89,-3.16,0.41,31.67,13.352524813931,0.2724052,54.85720817,262,3542,73.2,2026-06-25,-3.46,40.2,False
3465,600768,宁波富邦,15.36,-3.03,1.23,18.35,15.671026476925,0.1692864,65.73982899,910,976,64.0,2026-06-25,-1.98,42.1,False
3466,600769,祥龙电业,21.75,1.16,2.93,429.21,21.396844852513,0.405168,62.58073571,1230,1532,80.0,2026-06-25,1.65,50.1,False
3467,600770,综艺股份,6.72,3.86,3.52,144.52,6.355251855691,0.3414464,67.85671484,290,683,75.6,2026-06-25,5.74,51.3,False
3468,600771,广誉远,12.93,-1.75,0.37,23.71,13.159742474687,0.1461396,53.83718206,14,3802,73.6,2026-06-25,-1.75,39.6,False
3469,600773,西藏城投,13.58,-2.16,0.49,-60.91,14.09680317534,0.2291088,48.55692228,-1870,4807,70.0,2026-06-25,-3.67,34.0,False
3470,600774,汉商集团,6.37,-2.15,0.39,-86.05,6.511178955596,0.0469336,50.09795728,342,4560,64.8,2026-06-25,-2.17,32.5,False
3471,600775,南京熊猫,9.61,-4.09,1.42,-164.64,10.091025707577,0.2502796,51.53040983,-2178,4312,73.2,2026-06-25,-4.77,37.7,False
3472,600776,东方通信,13.5,-9.34,1.79,98.24,14.913181831469,0.2287132,57.82501709,780,2732,80.8,2026-06-25,-9.48,46.7,False
3473,600777,新潮能源,4.76,-4.23,0.23,56.69,5.084031332495,0.39124,60.63106943,-299,2008,85.2,2026-06-25,-6.37,51.7,False
3474,600778,友好集团,4.84,-1.22,0.81,17.84,4.965055441002,0.0968696,47.68662961,-238,4918,66.4,2026-06-25,-2.52,31.7,False
3475,600779,水井坊,29.36,-0.84,0.39,20.92,29.338102144463,0.2646012,59.00156606,1142,2411,82.0,2026-06-25,0.07,48.4,False
3476,600780,通宝能源,6.02,0.84,0.32,10.03,5.98486612131,0.3260452,58.71472462,130,2489,70.4,2026-06-25,0.59,41.3,False
3477,600782,新钢股份,2.5,-1.57,0.37,-2.72,2.503054182728,0.407458,55.82672156,369,3283,69.6,2026-06-25,-0.12,38.9,False
3478,600783,鲁信创投,18.51,-1.65,0.82,-221.56,19.147104530083,0.2865484,53.13033959,-546,3957,72.8,2026-06-25,-3.33,38.7,False
3479,600784,鲁银投资,6.52,-2.25,0.27,19.8,6.713005604915,0.2656136,54.31002209,-125,3674,63.2,2026-06-25,-2.88,34.3,False
3480,600785,DR新华百,10.07,-2.33,0.89,12.23,10.455401286693,0.1759744,58.18561962,-1215,2643,67.6,2026-06-25,-3.69,39.3,False
3481,600787,中储股份,4.2,-1.87,0.24,31.11,4.28648265857,0.2276396,57.18313668,310,2907,71.6,2026-06-25,-2.02,40.9,False
3482,600789,鲁抗医药,6.99,-1.69,0.33,34.3,7.068285075286,0.2216396,55.78666249,-985,3295,74.4,2026-06-25,-1.11,41.5,False
3483,600790,轻纺城,3.38,-2.87,0.42,3.55,3.506123887937,0.2309032,59.59563403,146,2269,63.6,2026-06-25,-3.6,37.9,False
3484,600791,京能置业,10.8,0.56,1.02,-16.43,10.5140277615,0.3121436,56.10380883,1061,3204,71.6,2026-06-25,2.72,40.2,False
3485,600792,云煤能源,3.23,-3.29,0.6,-9.21,3.309454683148,0.1797892,57.96853777,189,2689,68.4,2026-06-25,-2.4,39.7,False
3486,600793,宜宾纸业,11.95,-2.13,1.05,-20.42,12.485384327205,0.1806924,49.31563228,-890,4686,78.0,2026-06-25,-4.29,38.5,False
3487,600794,保税科技,2.91,-1.69,0.22,37.7,2.957628407858,0.1680292,51.74287023,314,4263,68.0,2026-06-25,-1.61,35.2,False
3488,600795,国电电力,4.73,1.5,0.15,15.09,4.672121864085,0.434568,61.26425272,-15,1842,84.8,2026-06-25,1.24,52.0,False
3489,600796,钱江生化,4.65,-2.92,1.89,27.55,4.932582691776,0.2058704,63.47204962,1048,1355,62.8,2026-06-25,-5.73,39.9,False
3490,600797,浙大网新,6.35,-4.22,0.67,-34.28,6.641448164776,0.2212776,50.77257054,-189,4463,76.8,2026-06-25,-4.39,39.0,False
3491,600798,宁波海运,3.24,-2.11,0.64,-118.05,3.34407985715,0.2887556,57.34103857,-230,2863,76.4,2026-06-25,-3.11,43.8,False
3492,600800,渤海化学,3.26,-2.98,0.58,-6.33,3.388680092517,0.300328,48.58101854,-714,4803,65.6,2026-06-25,-3.8,31.9,False
3493,600801,华新建材,17.32,0.17,0.22,14.29,17.405923438172,0.1900332,66.60475124,-335,850,73.2,2026-06-25,-0.49,48.8,False
3494,600802,福建水泥,4.17,-2.8,0.39,-11.32,4.257401400341,0.0707356,45.86652458,-163,5062,65.6,2026-06-25,-2.05,30.1,False
3495,600803,新奥股份,15.9,-0.75,0.05,18.79,16.113102176429,0.1332064,69.73127967,-30,514,68.8,2026-06-25,-1.32,48.0,False
3496,600805,悦达投资,4.11,-2.14,0.27,59.28,4.237457599388,0.2786884,53.65089467,-250,3841,66.0,2026-06-25,-3.01,35.4,False
3497,600807,济高发展,2.35,-1.26,0.36,-22.74,2.367623411847,0.2213844,47.65564787,-14,4922,68.4,2026-06-25,-0.74,32.6,False
3498,600808,马钢股份,2.53,-1.94,0.23,114.97,2.568790671345,0.292536,55.63377352,130,3350,70.4,2026-06-25,-1.51,39.2,False
3499,600809,山西汾酒,112.16,1.85,0.36,6.36,108.514161822807,0.3894828,72.13734425,1118,329,82.8,2026-06-25,3.36,59.7,False
3500,600810,神马股份,6.87,1.78,1.44,-59.79,6.874102949127,0.2420096,51.54674021,-973,4310,72.8,2026-06-25,-0.06,37.5,False
3501,600812,华北制药,4.31,-1.15,0.23,52.12,4.345011270089,0.2080916,53.51228619,-1499,3865,75.2,2026-06-25,-0.81,40.2,False
3502,600814,杭州解百,6.22,-1.27,0.13,12.64,6.349889093023,0.18039,57.84423934,-46,2723,66.4,2026-06-25,-2.05,38.4,False
3503,600815,厦工股份,2.66,1.53,0.92,-161.22,2.653909170448,0.2234136,47.77925087,296,4901,64.4,2026-06-25,0.23,30.8,False
3504,600816,建元信托,2.59,-0.77,0.3,6.26,2.603845780184,0.3208992,61.99363727,303,1663,70.0,2026-06-25,-0.53,43.4,False
3505,600817,宇通重工,8.95,-0.56,0.11,26.8,8.981431832382,0.1126772,63.27560466,271,1397,64.4,2026-06-25,-0.35,40.7,False
3506,600818,ST中路,5.47,-1.97,0.64,-24.16,5.695441422551,0.29647745098,51.27524312,-952,4356,68.8,2026-06-25,-3.96,35.3,False
3507,600819,耀皮玻璃,5.74,0.53,0.37,57.94,5.698672206605,0.1453716,61.76899038,288,1716,70.4,2026-06-25,0.73,43.5,False
3508,600820,隧道股份,5.26,0.19,0.13,13.91,5.28577881817,0.2199112,60.02882198,20,2171,72.0,2026-06-25,-0.49,43.2,False
3509,600821,金开新能,6.89,4.08,2.93,-176.5,6.532260828099,0.3438292,55.49140966,753,3381,68.8,2026-06-25,5.48,38.2,False
3510,600822,上海物贸,7.77,-1.65,0.26,163.89,7.889044948712,0.2228048,56.01751406,-165,3227,69.6,2026-06-25,-1.51,39.0,False
3511,600824,益民集团,3.37,-0.59,0.21,47.09,3.409714743643,0.152264,57.83747975,352,2727,67.2,2026-06-25,-1.16,38.9,False
3512,600825,新华传媒,4.51,-3.22,0.31,893.7,4.683785821893,0.2032744,50.59703446,165,4491,74.4,2026-06-25,-3.71,37.6,False
3513,600826,兰生股份,8.96,-1.75,0.2,-124.4,9.13019496182,0.1558112,61.71270228,332,1726,65.6,2026-06-25,-1.86,40.5,False
3514,600827,百联股份,7.69,-0.9,0.15,4.33,7.791424180415,0.2185492,58.49258197,-757,2555,74.4,2026-06-25,-1.3,43.5,False
3515,600828,茂业商业,3.55,-1.93,0.32,-83.4,3.614095827633,0.2159692,51.79960145,472,4250,72.8,2026-06-25,-1.77,37.7,False
3516,600829,人民同泰,7.85,-2.48,0.26,23.48,8.005649497641,0.1020172,56.82310211,-868,3007,67.2,2026-06-25,-1.94,38.2,False
3517,600830,香溢融通,7.89,-2.11,0.24,35.47,8.022967297562,0.2545644,51.99007443,-701,4211,68.4,2026-06-25,-1.66,35.6,False
3518,600831,广电网络,2.99,-2.61,0.41,-2.83,3.070589187749,0.1719096,53.6198375,219,3844,68.8,2026-06-25,-2.62,36.9,False
3519,600833,第一医药,9.21,-1.29,0.38,22.08,9.429063891423,0.093668,54.44921864,-1086,3644,68.4,2026-06-25,-2.32,37.2,False
3520,600834,申通地铁,6.68,-1.33,0.14,195.28,6.7974386805,0.1645424,54.27666676,-964,3684,66.8,2026-06-25,-1.73,36.3,False
3521,600835,上海机电,20.07,-2.15,0.2,28.32,20.668733622318,0.3314648,56.19690876,178,3179,78.8,2026-06-25,-2.9,44.3,False
3522,600838,上海九百,7.16,-2.59,0.5,72.75,7.305389838011,0.1636272,58.14441445,-921,2648,67.2,2026-06-25,-1.99,39.1,False
3523,600839,四川长虹,6.54,-2.68,0.4,76.64,6.748989897211,0.3119616,63.96889788,1499,1259,70.8,2026-06-25,-3.1,45.3,False
3524,600841,动力新科,6.21,-2.66,0.25,59.52,6.429000658396,0.1586452,55.49967229,-1112,3376,68.8,2026-06-25,-3.41,38.2,False
3525,600843,上工申贝,8.58,-2.83,1.29,1350.1,8.811648197928,0.2168508,60.73831288,-1352,1986,88.4,2026-06-25,-2.63,53.7,False
3526,600844,金煤科技,2.47,-1.2,0.82,-55.38,2.487545230598,0.1702332,51.72380853,316,4269,64.8,2026-06-25,-0.71,33.5,False
3527,600845,宝信软件,16.58,-2.93,0.18,31.07,17.103827858034,0.2028112,61.01713269,204,1910,78.0,2026-06-25,-3.06,47.6,False
3528,600846,同济科技,9.27,-6.17,0.35,25.22,9.494859993671,0.20988,63.81896584,-124,1293,72.4,2026-06-25,-2.37,46.2,False
3529,600847,万里股份,14.05,-0.78,0.44,-37.38,14.240481870375,0.2132652,60.12813465,1613,2143,63.2,2026-06-25,-1.34,38.0,False
3530,600848,上海临港,7.55,-0.92,0.07,56.77,7.593967620862,0.204902,61.08871857,12,1890,69.6,2026-06-25,-0.58,42.5,False
3531,600850,电科数字,15.26,-0.39,0.36,123.39,18.676963406479,0.2197848,57.56627074,-166,2796,73.6,2026-06-25,-18.3,42.4,False
3532,600851,海欣股份,8.8,-10.02,3.73,91.76,9.73312080183,0.3119416,61.16758687,614,1875,86.8,2026-06-25,-9.59,53.1,False
3533,600853,龙建股份,3.1,-0.96,0.16,100.44,3.142769578483,0.1412964,59.07069298,-38,2393,69.6,2026-06-25,-1.36,41.1,False
3534,600854,春兰股份,4.09,-1.92,0.36,361.94,4.154968515495,0.2373944,62.91798836,34,1466,64.8,2026-06-25,-1.56,40.8,False
3535,600855,航天长峰,13.45,-3.24,0.6,-42.27,14.040104200415,0.253564,47.88230855,-793,4885,69.6,2026-06-25,-4.2,33.3,False
3536,600857,宁波中百,18.33,5.59,5.12,53.96,17.031041322479,0.5510616,73.38950853,265,254,74.4,2026-06-25,7.63,54.6,False
3537,600858,银座股份,4.43,-1.99,0.39,8.11,4.523517585171,0.1441544,60.01001943,1421,2175,65.6,2026-06-25,-2.07,39.4,False
3538,600859,王府井,9.42,-1.15,0.37,51.25,9.539293111905,0.2906856,52.98626232,443,3990,73.6,2026-06-25,-1.25,39.0,False
3539,600860,京城股份,8.17,-0.73,0.46,-34.71,8.249700265705,0.1859068,50.68256521,64,4477,70.0,2026-06-25,-0.97,35.5,False
3540,600861,北京人力,12.24,-2.16,0.13,6.6,12.520012151591,0.1569088,62.0492871,1139,1641,66.0,2026-06-25,-2.24,41.0,False
3541,600862,中航高科,17.31,-2.86,0.35,24.02,17.95185964319,0.2637,61.96355596,-30,1674,82.8,2026-06-25,-3.58,51.3,False
3542,600863,华能蒙电,5.05,2.64,0.87,14.25,4.926917228536,0.343332,56.47845147,441,3116,83.2,2026-06-25,2.5,47.0,False
3543,600864,哈投股份,5.38,-2.0,0.42,35.21,5.439660746049,0.3553312,60.53909659,2411,2027,69.2,2026-06-25,-1.1,41.9,False
3544,600865,百大集团,8.37,-1.65,0.45,28.47,8.538398898721,0.1125908,52.45140354,74,4110,72.8,2026-06-25,-1.97,38.2,False
3545,600866,星湖科技,4.46,-1.33,0.25,-39.51,4.546176351998,0.2558324,55.32237651,-1366,3418,69.6,2026-06-25,-1.9,38.5,False
3546,600867,通化东宝,7.55,-1.95,0.47,29.15,7.646862170397,0.2300784,63.59325765,-974,1334,78.4,2026-06-25,-1.27,49.9,False
3547,600868,梅雁吉祥,2.7,0.37,0.87,-87.17,2.698530656925,0.3107664,44.84307753,47,5109,75.6,2026-06-25,0.05,33.9,False
3548,600869,远东股份,36.18,-3.03,1.04,207.74,37.162400777783,0.3700272,65.38741157,-489,1023,95.2,2026-06-25,-2.64,62.2,False
3549,600871,石化油服,2.06,-0.48,0.26,47.68,2.072728885532,0.3500284,55.89766674,367,3268,68.0,2026-06-25,-0.61,38.0,False
3550,600872,中炬高新,17.25,-1.82,0.34,12.71,17.660321712071,0.3114504,63.77406561,-189,1297,72.0,2026-06-25,-2.32,45.9,False
3551,600873,梅花生物,7.46,-1.06,0.22,44.35,7.663167884347,0.2340384,53.11247352,-526,3962,70.8,2026-06-25,-2.65,37.6,False
3552,600874,创业环保,5.49,0.0,0.13,7.8,5.510423247866,0.2274416,61.64743039,-43,1740,69.6,2026-06-25,-0.37,42.9,False
3553,600875,东方电气,29.35,-2.59,0.66,16.01,30.251299559239,0.3417272,64.20901986,10,1214,73.2,2026-06-25,-2.98,47.0,False
3554,600876,凯盛新能,7.51,2.46,1.38,-3.43,7.465856487994,0.153044,50.71310365,76,4471,78.0,2026-06-25,0.59,39.6,False
3555,600877,电科芯片,16.47,-1.02,1.22,-4034.21,16.504750610286,0.3142296,62.73420701,-691,1510,89.6,2026-06-25,-0.21,56.2,False
3556,600879,航天电子,18.13,-4.33,1.09,478.1,19.257134184298,0.3019328,53.32535339,-801,3915,72.8,2026-06-25,-5.85,38.8,False
3557,600880,博瑞传播,3.7,-2.63,0.42,144.72,3.806733428232,0.1999468,53.36076228,-226,3901,68.8,2026-06-25,-2.8,36.7,False
3558,600881,亚泰集团,1.58,-0.63,0.46,-5.68,1.575619254988,0.403564,53.10359473,285,3965,83.2,2026-06-25,0.28,44.2,False
3559,600882,妙可蓝多,16.31,-3.38,0.45,27.53,16.852092677312,0.201116,54.92329564,358,3523,74.0,2026-06-25,-3.22,40.6,False
3560,600883,博闻科技,7.15,-2.59,0.73,41.15,7.454116067671,0.1612716,65.27512483,807,1039,63.6,2026-06-25,-4.08,41.5,False
3561,600884,杉杉股份,13.9,-1.14,0.87,23.61,14.167404147188,0.3161772,57.87817417,-1620,2715,80.8,2026-06-25,-1.89,46.8,False
3562,600885,宏发股份,33.81,-3.54,0.22,27.01,34.68539827049,0.2742468,74.59211082,-7,198,82.4,2026-06-25,-2.52,61.5,False
3563,600886,国投电力,13.1,0.85,0.1,12.38,13.032451863121,0.3203024,66.17213829,-276,916,82.0,2026-06-25,0.52,54.3,False
3564,600887,伊利股份,24.62,0.04,0.18,7.22,24.618810525394,0.4386536,69.54517655,69,529,88.0,2026-06-25,0.0,61.2,False
3565,600888,新疆众和,15.95,-1.05,5.32,23.4,16.069071773371,0.6464316,76.41080511,-15,109,89.2,2026-06-25,-0.74,68.2,False
3566,600889,*ST京化,15.04,0.0,0.13,181.52,15.172150522198,0.315705294118,50.94100085,75,4428,67.6,2026-06-25,-0.87,34.4,False
3567,600892,*ST大晟,3.35,-2.9,0.35,-27.47,3.440147008598,0.2478508,49.05503213,-5,4725,66.0,2026-06-25,-2.62,32.4,False
3568,600893,航发动力,36.98,-3.9,0.33,9629.07,38.625638088961,0.2842316,58.74665176,-46,2478,72.8,2026-06-25,-4.26,42.8,False
3569,600894,广日股份,7.75,-1.65,0.22,181.97,8.253310770654,0.2928552,69.75729649,90,511,65.2,2026-06-25,-6.1,45.5,False
3570,600895,张江高科,33.4,2.11,0.8,154.84,32.873172450793,0.3274032,62.0947016,-1098,1629,78.4,2026-06-25,1.6,48.7,False
3571,600897,厦门空港,14.7,-1.74,0.14,13.05,14.865690193629,0.1469112,65.74731851,1470,974,65.2,2026-06-25,-1.11,42.9,False
3572,600900,长江电力,26.52,1.14,0.11,23.99,26.347172332023,0.429764,69.07742995,8,576,89.6,2026-06-25,0.66,61.9,False
3573,600901,江苏金租,5.92,-0.17,0.11,10.43,6.000861449669,0.2058552,60.23589486,527,2110,67.2,2026-06-25,-1.35,40.5,False
3574,600903,贵州燃气,7.28,-8.89,2.07,20.9,7.548064415442,0.3052772,63.56309878,2777,1339,70.8,2026-06-25,-3.55,45.0,False
3575,600905,三峡能源,3.79,1.07,0.16,26.04,3.783912890587,0.3190636,58.6120295,-37,2527,83.2,2026-06-25,0.16,48.8,False
3576,600906,财达证券,7.88,-1.5,2.15,25.23,7.838626276706,0.3871392,73.98374123,1775,221,84.0,2026-06-25,0.53,62.1,False
3577,600908,无锡银行,5.27,-0.19,0.1,4.56,5.266075760093,0.257098,61.11390259,320,1884,69.6,2026-06-25,0.07,42.5,False
3578,600909,华安证券,12.71,5.48,3.5,36.84,11.722705199633,0.4770084,65.6432747,-301,989,92.0,2026-06-25,8.42,60.4,False
3579,600916,XD中国黄,6.95,-1.84,0.29,17.83,7.049106530696,0.221718,58.49351823,74,2554,72.8,2026-06-25,-1.41,42.6,False
3580,600917,重庆燃气,4.65,-0.43,0.04,-46.1,4.710086768606,0.2619404,61.38522872,543,1800,64.8,2026-06-25,-1.28,39.8,False
3581,600918,中泰证券,5.52,0.0,0.45,23.3,5.44755162092,0.3559012,65.56372225,2344,1001,77.2,2026-06-25,1.33,50.6,False
3582,600919,江苏银行,11.22,0.72,0.14,4.86,11.251522938687,0.4178696,64.71665705,105,1131,80.4,2026-06-25,-0.28,52.0,False
3583,600925,苏能股份,4.11,-0.48,0.1,36.2,4.128032256831,0.1833852,53.96433134,295,3766,66.0,2026-06-25,-0.44,35.6,False
3584,600926,杭州银行,15.03,0.0,0.09,4.11,15.118581770734,0.4219104,65.03295127,309,1073,75.6,2026-06-25,-0.59,49.2,False
3585,600927,永安期货,13.03,-2.83,0.2,24.44,13.252955262066,0.1997928,64.90776299,1578,1095,67.2,2026-06-25,-1.68,43.6,False
3586,600928,西安银行,3.45,0.58,0.16,5.07,3.428769241758,0.3357628,61.99077484,1222,1665,69.2,2026-06-25,0.62,42.9,False
3587,600929,雪天盐业,4.69,-2.29,0.23,129.34,4.777312073307,0.1981444,57.43225085,314,2835,64.0,2026-06-25,-1.83,36.8,False
3588,600930,华电新能,4.94,1.65,1.21,24.99,4.918075290962,0.2955156,50.1499639,110,4552,74.4,2026-06-25,0.45,37.3,False
3589,600933,爱柯迪,14.3,-2.39,0.23,16.82,14.646039988889,0.3024932,60.92226476,-98,1927,72.8,2026-06-25,-2.36,44.4,False
3590,600935,华塑股份,2.2,-0.9,0.2,-127.05,2.259933977711,0.2514188,52.31359864,-1868,4147,68.0,2026-06-25,-2.65,35.6,False
3591,600936,北投科技,4.43,1.61,0.87,74.14,4.37966886493,0.272142,50.33569037,-61,4533,70.0,2026-06-25,1.15,35.2,False
3592,600938,中国海油,27.74,0.04,0.68,8.42,28.058728256872,0.3566644,58.76505643,-737,2476,72.0,2026-06-25,-1.14,42.3,False
3593,600939,重庆建工,2.38,-1.24,0.1,-30.14,2.403953974614,0.230108,57.88827384,1166,2712,67.2,2026-06-25,-1.0,38.9,False
3594,600941,中国移动,86.83,-0.99,0.33,16.04,87.771648133898,0.28514,69.94104808,93,497,86.4,2026-06-25,-1.07,60.4,False
3595,600955,维远股份,15.77,-1.56,0.57,30.4,16.525447673232,0.2129024,57.03793325,-1489,2946,66.0,2026-06-25,-4.57,37.6,False
3596,600956,新天绿能,7.15,1.27,0.21,11.27,7.066434940255,0.2081308,55.15786276,196,3460,71.2,2026-06-25,1.18,39.3,False
3597,600958,东方证券,9.78,0.2,0.3,13.09,9.7068733994,0.405026666667,69.69051174,1788,519,82.0,2026-06-25,0.75,57.1,False
3598,600959,江苏有线,2.92,-2.34,0.25,57.65,2.989603108372,0.3487604,53.91813907,209,3773,66.0,2026-06-25,-2.33,35.6,False
3599,600960,渤海汽车,3.85,-6.33,1.78,-135.43,4.10579744398,0.248574,60.6824913,1901,1997,66.4,2026-06-25,-6.23,40.3,False
3600,600961,株冶集团,36.02,2.91,4.05,8.45,35.625137241924,0.3976852,72.70502449,-264,297,92.8,2026-06-25,1.11,67.5,False
3601,600962,国投中鲁,29.0,10.02,3.3,446.35,25.89373142024,0.4917328,64.68440265,2365,1137,64.8,2026-06-25,12.0,41.9,False
3602,600963,岳阳林纸,3.07,-0.65,0.52,104.42,3.113899320723,0.1896088,43.02855949,0,5169,69.6,2026-06-25,-1.41,29.9,False
3603,600965,*ST福成,2.52,-1.95,0.15,23.98,2.591317773335,0.174689803922,53.29051808,6,3920,65.2,2026-06-25,-2.75,34.7,False
3604,600966,博汇纸业,4.96,-0.8,0.11,29.94,5.008367341684,0.1922756,56.61109221,272,3069,66.0,2026-06-25,-0.97,37.4,False
3605,600967,内蒙一机,10.85,-2.86,0.23,33.38,11.174799456077,0.1650028,57.44485542,254,2833,70.0,2026-06-25,-2.91,40.2,False
3606,600968,XD海油发,3.47,-1.7,0.1,13.83,3.558420321253,0.3206192,62.10553365,-806,1623,67.2,2026-06-25,-2.48,41.7,False
3607,600969,郴电国际,7.79,-0.13,0.57,63.69,7.834080866153,0.221306,48.93764675,3,4738,65.6,2026-06-25,-0.56,32.1,False
3608,600970,中材国际,7.57,-0.92,0.08,10.91,7.649745467853,0.3058236,63.65305757,57,1323,74.8,2026-06-25,-1.04,47.6,False
3609,600971,恒源煤电,7.08,-0.98,0.29,69.59,7.194685486095,0.10777,54.88360139,-779,3532,73.6,2026-06-25,-1.59,40.4,False
3610,600973,宝胜股份,7.03,3.38,5.32,48.54,6.735503616745,0.3249728,66.30998951,1109,899,77.2,2026-06-25,4.37,51.2,False
3611,600975,新五丰,4.25,0.24,0.22,-3.52,4.240740203187,0.1395636,49.52982725,171,4649,72.4,2026-06-25,0.22,35.9,False
3612,600976,健民集团,27.39,1.71,0.42,11.97,27.218304450157,0.2002028,60.4509172,-741,2047,70.8,2026-06-25,0.63,42.8,False
3613,600977,中国电影,13.0,-4.06,1.25,-53.23,13.468622549541,0.3175276,68.63911198,776,613,78.4,2026-06-25,-3.48,53.8,False
3614,600979,广安爱众,4.02,1.77,1.23,51.6,4.028643896786,0.2573028,48.73414558,-277,4770,72.8,2026-06-25,-0.21,35.5,False
3615,600980,北矿科技,19.27,-3.41,0.55,40.57,19.841750002991,0.1896028,60.88874812,251,1938,69.2,2026-06-25,-2.88,42.1,False
3616,600981,苏豪汇鸿,2.38,4.39,0.62,-40.49,2.322077002214,0.2677156,55.2788259,-412,3434,72.4,2026-06-25,2.49,40.0,False
3617,600982,宁波能源,5.07,1.81,0.94,19.53,4.97010486448,0.2594768,51.74283421,102,4264,72.8,2026-06-25,2.01,37.7,False
3618,600983,惠而浦,6.9,-1.0,0.09,13.89,7.013620406707,0.1163716,60.15793449,449,2134,62.8,2026-06-25,-1.62,37.8,False
3619,600984,建设机械,4.12,0.24,0.45,-4.64,4.018690082592,0.3965712,57.3664958,879,2856,65.6,2026-06-25,2.52,37.6,False
3620,600985,淮北矿业,15.08,-0.26,0.18,20.68,15.024986985639,0.2571528,57.2761861,156,2883,74.0,2026-06-25,0.37,42.4,False
3621,600986,浙文互联,7.1,-4.05,1.22,-116.27,7.462643117582,0.242116,51.9618492,-679,4217,69.2,2026-06-25,-4.86,36.0,False
3622,600987,航民股份,6.19,-0.64,0.09,11.37,6.286677239255,0.2608788,65.39015251,-9,1021,63.2,2026-06-25,-1.54,41.3,False
3623,600988,赤峰黄金,25.93,-2.59,0.74,12.47,26.824597192935,0.3286056,58.63759356,-486,2518,72.4,2026-06-25,-3.33,42.5,False
3624,600989,宝丰能源,21.2,0.14,0.37,10.62,21.253586919727,0.3939732,66.33318398,-669,896,74.0,2026-06-25,-0.25,49.1,False
3625,600990,四创电子,17.25,-2.98,0.43,-20.39,17.711870753484,0.1638252,49.18794565,109,4701,70.0,2026-06-25,-2.61,34.4,False
3626,600992,贵绳股份,8.79,-2.12,0.43,-9.86,8.969567202458,0.1556756,43.61798027,-5,5152,68.4,2026-06-25,-2.0,29.8,False
3627,600993,马应龙,21.86,-0.59,0.24,11.08,22.092070113367,0.2165032,58.60028525,-20,2531,73.6,2026-06-25,-1.05,43.1,False
3628,600995,南网储能,12.5,2.04,0.26,22.01,12.263439096144,0.275364,58.61943885,421,2523,80.4,2026-06-25,1.93,47.1,False
3629,600996,贵广网络,8.59,-2.61,0.6,-10.08,8.61545529051,0.3502432,56.81345127,578,3010,72.0,2026-06-25,-0.3,40.9,False
3630,600997,开滦股份,4.82,-1.03,0.12,-17.51,4.87956473096,0.1343828,58.53575631,206,2539,66.8,2026-06-25,-1.22,39.1,False
3631,600998,九州通,4.74,-1.86,0.09,8.15,4.736234201218,0.2433884,63.5260359,143,1345,72.8,2026-06-25,0.08,46.2,False
3632,600999,招商证券,21.28,2.46,0.65,14.15,20.673694254161,0.4943256,81.27100541,166,21,91.2,2026-06-25,2.93,74.1,False
3633,601000,唐山港,4.11,-0.24,0.1,12.93,4.134555962374,0.1834864,60.71908411,194,1987,71.2,2026-06-25,-0.59,43.2,False
3634,601001,晋控煤业,18.25,-0.82,0.27,22.55,18.670682002409,0.2357512,63.48022025,33,1350,79.6,2026-06-25,-2.25,50.5,False
3635,601002,晋亿实业,4.37,-1.8,0.33,14.48,4.470480837159,0.2287288,58.61595071,327,2525,63.2,2026-06-25,-2.25,37.0,False
3636,601003,柳钢股份,3.41,-2.01,0.15,95.24,3.457765027679,0.198337586207,62.00629511,856,1654,68.0,2026-06-25,-1.38,42.2,False
3637,601005,重庆钢铁,1.15,-0.86,0.12,-13.87,1.167983267148,0.6241276,49.1743474,88,4703,73.6,2026-06-25,-1.54,36.2,False
3638,601006,大秦铁路,4.66,-0.85,0.27,9.71,4.758141424782,0.3278108,60.56404149,-123,2021,78.8,2026-06-25,-2.06,47.7,False
3639,601007,金陵饭店,6.19,-1.12,0.33,72.47,6.271664341807,0.1783612,58.51685964,-685,2548,65.2,2026-06-25,-1.3,38.2,False
3640,601008,连云港,4.07,-1.21,0.13,40.96,4.14617969936,0.1742108,54.66837933,-1327,3592,71.6,2026-06-25,-1.84,39.1,False
3641,601009,南京银行,10.47,0.58,0.08,4.9,10.531088454054,0.3336484,60.82550093,366,1959,78.0,2026-06-25,-0.58,47.4,False
3642,601010,ST文峰,1.38,-2.13,0.4,13.94,1.432288914367,0.363960754717,47.77033318,-293,4903,65.2,2026-06-25,-3.65,31.1,False
3643,601011,宝泰隆,2.8,-3.45,0.85,-24.7,2.886936296929,0.321574,67.01130537,1015,791,82.8,2026-06-25,-3.01,55.5,False
3644,601012,隆基绿能,13.11,3.97,1.38,-12.94,12.580445062479,0.3618896,62.32331846,1678,1579,72.8,2026-06-25,4.21,45.4,False
3645,601015,陕西黑猫,2.91,-1.69,0.34,-4.74,2.94052473679,0.2637076,56.39243742,1467,3139,69.6,2026-06-25,-1.04,39.2,False
3646,601016,节能风电,3.94,10.06,3.24,31.6,3.573525426829,0.32165,55.03562671,458,3493,75.6,2026-06-25,10.26,41.6,False
3647,601018,宁波港,3.18,-0.63,0.05,13.22,3.199397973848,0.352014,62.48487125,456,1547,74.8,2026-06-25,-0.61,46.7,False
3648,601019,山东出版,6.52,-0.46,0.07,10.36,6.779082506026,0.1348584,58.33361516,210,2601,63.6,2026-06-25,-3.82,37.1,False
3649,601020,华钰矿业,24.02,-2.95,1.68,161.13,24.97302638801,0.372208,66.16751817,-575,918,88.4,2026-06-25,-3.82,58.5,False
3650,601021,春秋航空,47.35,-0.32,0.26,11.78,47.46613041495,0.317738,72.04436024,463,339,74.4,2026-06-25,-0.24,53.6,False
3651,601022,宁波远洋,7.66,-1.16,0.17,17.95,7.85364208269,0.199006,56.98876753,-1727,2962,74.8,2026-06-25,-2.47,42.6,False
3652,601026,道生天合,14.65,2.09,1.46,78.12,14.46178521729,0.1652756,54.11475677,-69,3730,62.4,2026-06-25,1.3,33.8,False
3653,601033,永兴股份,13.75,0.0,0.19,13.03,13.742068964773,0.078716,59.59410506,-102,2270,66.8,2026-06-25,0.06,39.8,False
3654,601038,一拖股份,10.63,-0.93,0.12,5.31,10.76682200206,0.1182416,60.28521778,153,2095,69.6,2026-06-25,-1.27,42.0,False
3655,601058,赛轮轮胎,11.59,-2.69,0.19,9.02,11.894770866943,0.3616776,70.42200189,-122,459,76.0,2026-06-25,-2.56,53.5,False
3656,601059,信达证券,16.33,0.25,0.1,29.27,16.118608468366,0.3327364,67.99450923,660,663,72.8,2026-06-25,1.31,49.5,False
3657,601061,中信金属,11.04,-1.78,0.09,9.82,11.346751338575,0.2453616,67.04843326,84,788,69.2,2026-06-25,-2.7,46.4,False
3658,601065,江盐集团,6.73,-0.74,0.17,41.13,6.816194475841,0.2151968,54.39963843,144,3653,64.8,2026-06-25,-1.26,35.3,False
3659,601066,中信建投,31.17,5.45,0.95,16.48,29.301134862505,0.4934184,81.01620508,438,23,90.0,2026-06-25,6.38,72.9,False
3660,601068,中铝国际,4.54,-0.87,0.12,44.79,4.571915352568,0.179754,54.54397682,225,3616,68.8,2026-06-25,-0.7,37.5,False
3661,601069,西部黄金,22.89,-2.05,0.39,9.98,23.396108503806,0.2218404,59.30476032,-910,2340,72.0,2026-06-25,-2.16,42.7,False
3662,601077,渝农商行,6.32,-0.16,0.1,4.56,6.382388329564,0.2830516,59.43104078,-613,2315,69.6,2026-06-25,-0.98,41.4,False
3663,601083,XD锦江航,10.12,-0.59,0.93,9.77,10.353524597891,0.1857376,61.90771181,-639,1686,63.2,2026-06-25,-2.26,39.1,False
3664,601086,国芳集团,6.68,-1.91,0.37,26.75,6.857000691269,0.118952,59.04697038,250,2398,74.4,2026-06-25,-2.58,43.9,False
3665,601088,中国神华,39.51,0.28,0.06,20.08,39.642318616931,0.3491624,61.80585826,-128,1706,86.8,2026-06-25,-0.33,53.6,False
3666,601089,福元医药,15.91,-1.18,0.17,20.01,16.041706837667,0.1237952,58.36821571,-104,2587,64.4,2026-06-25,-0.82,37.6,False
3667,601096,宏盛华源,4.53,2.03,0.83,29.79,4.473164184014,0.2764724,58.6195726,180,2522,65.2,2026-06-25,1.27,38.2,False
3668,601098,中南传媒,9.84,-0.81,0.06,11.64,9.915476862711,0.1214076,58.23089071,305,2630,69.6,2026-06-25,-0.76,40.5,False
3669,601099,太平洋,3.44,-2.55,0.85,240.43,3.461726880155,0.413,63.3683006,2688,1378,78.0,2026-06-25,-0.63,49.4,False
3670,601100,恒立液压,109.55,-1.84,0.13,56.31,111.120084725677,0.3372848,75.07819011,263,179,82.8,2026-06-25,-1.41,62.2,False
3671,601101,昊华能源,11.4,-0.96,0.59,12.83,11.462428653727,0.2768428,69.67511393,1398,522,78.4,2026-06-25,-0.54,54.6,False
3672,601106,中国一重,3.3,-1.49,0.21,2913.74,3.356929175541,0.2832296,56.28174221,1290,3159,70.4,2026-06-25,-1.7,39.6,False
3673,601107,四川成渝,5.08,0.2,0.09,8.5,5.116637297328,0.170316,60.75062593,1102,1981,68.0,2026-06-25,-0.72,41.3,False
3674,601108,财通证券,8.64,0.23,0.7,16.25,8.541590310455,0.4300768,76.13769205,620,122,84.4,2026-06-25,1.15,64.3,False
3675,601111,中国国航,6.44,-1.53,0.27,19.25,6.44278704067,0.4310184,70.39144295,1081,462,80.4,2026-06-25,-0.04,56.6,False
3676,601112,振石股份,17.51,1.27,1.8,38.06,17.40946933283,0.2169768,64.12522335,-670,1226,68.8,2026-06-25,0.58,44.1,False
3677,601113,华鼎股份,3.42,-2.29,0.42,132.97,3.510516880851,0.2871208,47.64548989,-9,4923,62.8,2026-06-25,-2.58,29.9,False
3678,601116,三江购物,10.12,-1.75,0.44,23.04,10.396057020893,0.1891076,54.56898374,234,3612,72.4,2026-06-25,-2.66,39.5,False
3679,601117,中国化学,7.75,-3.13,0.6,7.55,7.977998522737,0.4230144,66.26417535,-516,909,88.0,2026-06-25,-2.86,58.3,False
3680,601118,海南橡胶,4.89,-2.4,0.52,-39.47,5.075233296392,0.3576616,50.42487589,-300,4517,76.4,2026-06-25,-3.65,38.5,False
3681,601121,宝地矿业,5.83,-1.35,0.31,38.81,5.93607459547,0.2018412,60.12795443,-860,2144,62.0,2026-06-25,-1.79,37.3,False
3682,601126,四方股份,66.32,-7.53,1.35,51.03,70.704040838573,0.4547668,72.07601647,711,335,86.8,2026-06-25,-6.2,62.6,False
3683,601127,赛力斯,61.52,-1.88,0.45,35.51,62.413463586963,0.3617568,69.79187283,664,508,76.0,2026-06-25,-1.43,53.0,False
3684,601128,常熟银行,5.93,0.34,0.21,4.49,5.933587447283,0.3524964,66.36836936,1021,889,71.2,2026-06-25,-0.06,47.3,False
3685,601133,柏诚股份,36.8,5.75,2.5,155.76,34.224127010232,0.3080264,67.90820457,-265,678,82.0,2026-06-25,7.53,55.7,False
3686,601136,首创证券,14.43,-0.76,0.14,50.14,14.447304539713,0.2421468,61.46018142,1464,1778,74.0,2026-06-25,-0.12,45.5,False
3687,601137,博威合金,22.83,-4.48,1.52,-57.38,24.361105375612,0.3804016,61.1601289,-770,1877,81.6,2026-06-25,-6.29,49.9,False
3688,601138,工业富联,72.88,-5.34,0.35,34.13,76.211673984031,0.476858,74.5675155,-188,199,94.8,2026-06-25,-4.37,70.7,False
3689,601139,深圳燃气,5.69,-0.52,0.11,15.33,5.733254394094,0.2555012,61.31707665,-683,1820,67.2,2026-06-25,-0.75,41.2,False
3690,601155,新城控股,10.67,0.19,0.19,19.31,10.678363522429,0.311334,64.42810179,159,1181,72.4,2026-06-25,-0.08,46.6,False
3691,601156,东航物流,16.43,-0.42,0.36,11.28,16.493778731457,0.2419068,66.89330353,-165,802,69.6,2026-06-25,-0.39,46.6,False
3692,601158,重庆水务,3.95,0.25,0.02,17.59,3.949737601945,0.2441684,61.99203176,-494,1664,68.0,2026-06-25,0.01,42.2,False
3693,601162,天风证券,3.55,-1.11,1.19,39993.32,3.549079581917,0.3996176,66.45372205,3120,878,81.6,2026-06-25,0.03,54.2,False
3694,601163,三角轮胎,12.75,-0.55,0.06,11.71,12.801040305723,0.1440036,61.01096248,226,1911,66.4,2026-06-25,-0.4,40.5,False
3695,601166,兴业银行,17.02,0.47,0.11,3.78,17.030795947358,0.4064812,63.11906564,233,1431,88.4,2026-06-25,-0.06,55.8,False
3696,601168,西部矿业,27.17,-0.95,0.7,10.21,27.592293903494,0.394492,67.91100313,-233,676,85.6,2026-06-25,-1.53,58.1,False
3697,601169,北京银行,4.99,0.0,0.15,3.26,4.996403571576,0.4830948,57.70521956,273,2764,80.8,2026-06-25,-0.13,46.6,False
3698,601177,杭齿前进,12.43,-1.58,0.39,20.19,12.789509542007,0.2126984,54.71786799,27,3576,72.4,2026-06-25,-2.81,39.6,False
3699,601179,XD中国西,15.57,-3.23,1.65,57.57,15.964952245883,0.3362276,58.59455331,75,2532,89.6,2026-06-25,-2.47,52.5,False
3700,601186,中国铁建,6.12,-0.33,0.07,4.73,6.166170970612,0.3623748,65.15359794,-398,1056,79.2,2026-06-25,-0.75,51.6,False
3701,601187,厦门银行,7.32,1.53,0.18,6.97,7.319237422132,0.1871952,58.6744215,1224,2508,70.0,2026-06-25,0.01,41.1,False
3702,601188,龙江交通,2.84,-0.35,0.15,17.28,2.857177804145,0.2494256,55.61595662,129,3356,66.8,2026-06-25,-0.6,37.2,False
3703,601198,东兴证券,13.69,0.22,0.24,31.33,13.528359765259,0.4193976,69.65323354,610,523,76.0,2026-06-25,1.19,52.9,False
3704,601199,江南水务,5.66,-0.7,0.11,15.34,5.693474077695,0.303766,67.85203675,37,685,69.2,2026-06-25,-0.59,47.0,False
3705,601200,上海环境,6.7,0.3,0.14,14.36,6.727714949133,0.268124,55.0596773,312,3486,66.0,2026-06-25,-0.41,36.3,False
3706,601208,东材科技,72.47,-6.59,2.52,97.96,76.426831098188,0.4480852,71.48659194,808,377,94.8,2026-06-25,-5.18,67.8,False
3707,601211,国泰海通,17.89,0.68,0.25,12.34,17.91143461904,0.479912,73.55779421,413,243,85.6,2026-06-25,-0.12,63.0,False
3708,601212,白银有色,5.15,-3.38,0.39,63.57,5.352582466093,0.2347388,53.84976254,-1133,3798,70.8,2026-06-25,-3.78,38.1,False
3709,601216,君正集团,4.67,-2.71,0.27,13.73,4.809552935363,0.32257,63.48653244,-643,1349,72.8,2026-06-25,-2.9,46.2,False
3710,601218,吉鑫科技,4.44,0.23,0.93,16.5,4.444367984449,0.2063788,50.95818898,152,4424,67.6,2026-06-25,-0.1,34.4,False
3711,601222,林洋能源,5.53,0.55,0.36,46.87,5.486856864129,0.2792168,54.85724051,325,3541,72.4,2026-06-25,0.79,39.7,False
3712,601225,陕西煤业,21.13,2.08,0.11,12.16,21.64480910479,0.3552468,69.61890811,35,526,82.0,2026-06-25,-2.38,57.1,False
3713,601226,华电科工,7.35,10.03,0.95,-40.9,6.696300775878,0.169644,57.05173862,469,2939,66.4,2026-06-25,9.76,37.9,False
3714,601228,广州港,2.9,-0.68,0.08,23.46,2.912978204761,0.3141472,57.25392408,-950,2890,67.2,2026-06-25,-0.45,38.5,False
3715,601229,上海银行,8.9,0.11,0.05,4.99,8.886486380874,0.3984044,64.34805102,256,1193,76.8,2026-06-25,0.15,49.4,False
3716,601231,环旭电子,34.06,-5.89,0.64,48.75,36.407039742603,0.345134,65.85966481,-195,959,86.0,2026-06-25,-6.45,56.6,False
3717,601233,桐昆股份,24.39,-0.85,0.89,7.64,24.371697743889,0.3128012,75.74476898,133,138,87.6,2026-06-25,0.08,66.4,False
3718,601236,红塔证券,6.98,-0.85,0.18,42.0,6.986801262119,0.2987536,64.5750156,2390,1156,76.0,2026-06-25,-0.1,49.1,False
3719,601238,广汽集团,5.17,-2.08,0.1,-20.08,5.277814424642,0.2312392,65.48388901,1196,1011,76.4,2026-06-25,-2.04,50.0,False
3720,601279,英利汽车,3.05,-2.87,0.19,-44.19,3.137143311292,0.136466,50.1472296,181,4554,64.8,2026-06-25,-2.78,32.5,False
3721,601288,农业银行,6.29,0.64,0.02,7.32,6.272303871174,0.4223852,64.15753406,-44,1221,87.2,2026-06-25,0.28,55.9,False
3722,601298,青岛港,8.11,-0.73,0.03,9.58,8.178895695145,0.1741484,61.83670951,88,1701,70.4,2026-06-25,-0.84,43.5,False
3723,601311,骆驼股份,7.69,-1.66,0.33,14.16,7.873163579444,0.2140128,60.32622444,-59,2080,69.6,2026-06-25,-2.33,42.0,False
3724,601318,中国平安,48.65,-1.32,0.27,8.8,49.370291093431,0.4691744,69.49214448,527,536,88.8,2026-06-25,-1.46,61.7,False
3725,601319,中国人保,7.18,-0.55,0.07,9.01,7.183026006483,0.4110908,73.9600796,432,223,83.6,2026-06-25,-0.04,61.8,False
3726,601326,秦港股份,3.18,-1.55,0.12,10.39,3.239730706368,0.2289156,58.04466711,376,2673,63.2,2026-06-25,-1.84,36.7,False
3727,601328,交通银行,6.61,0.3,0.17,5.58,6.607864304537,0.4458384,62.09896121,148,1627,85.2,2026-06-25,0.03,52.9,False
3728,601330,绿色动力,7.23,-0.28,0.28,12.52,7.210401938329,0.192734,55.22756013,409,3439,65.6,2026-06-25,0.27,36.2,False
3729,601333,广深铁路,2.84,0.0,0.19,8.68,2.920113908128,0.3795456,62.71493531,95,1513,72.8,2026-06-25,-2.74,45.7,False
3730,601336,新华保险,62.4,-1.64,0.41,7.49,63.326798955492,0.4642688,77.67760244,96,77,86.8,2026-06-25,-1.46,67.4,False
3731,601339,百隆东方,7.13,0.0,0.13,11.02,7.13093311127,0.1326736,69.49997804,317,534,65.2,2026-06-25,-0.01,45.3,False
3732,601360,三六零,8.58,-4.13,0.44,137.41,8.954546918878,0.2947968,59.83737826,292,2204,70.8,2026-06-25,-4.18,42.4,False
3733,601366,利群股份,3.28,-1.8,0.21,117.2,3.309394004463,0.1926908,58.20121315,1475,2638,62.8,2026-06-25,-0.89,36.6,False
3734,601368,绿城水务,4.19,-0.71,0.1,36.59,4.219728014506,0.1499788,56.79106732,-899,3018,66.0,2026-06-25,-0.7,37.5,False
3735,601369,陕鼓动力,8.68,5.47,0.38,19.51,8.211563129857,0.2832132,62.69692754,1417,1517,71.6,2026-06-25,5.7,44.9,False
3736,601375,中原证券,4.12,-1.2,0.56,28.36,4.126624781908,0.3737964,64.55380509,2407,1160,78.0,2026-06-25,-0.16,50.4,False
3737,601377,兴业证券,6.21,-0.32,0.4,17.06,6.206960764183,0.4225656,70.59691176,720,446,84.0,2026-06-25,0.05,59.3,False
3738,601388,怡球资源,2.93,-2.66,0.49,26.89,3.014874941372,0.2593352,55.86086569,149,3276,68.0,2026-06-25,-2.82,38.0,False
3739,601390,中国中铁,4.31,-0.92,0.15,6.06,4.374674931829,0.4105228,59.55025408,-87,2280,76.4,2026-06-25,-1.48,45.5,False
3740,601398,工商银行,7.24,0.7,0.03,7.42,7.214422090739,0.4872208,63.43129004,-54,1363,89.2,2026-06-25,0.35,56.6,False
3741,601399,国机重装,3.45,-1.71,0.26,48.99,3.506033735354,0.3399292,57.47675878,236,2820,68.0,2026-06-25,-1.6,39.1,False
3742,601456,国联民生,9.21,-0.22,0.26,26.33,9.136712198286,0.3258876,67.84342421,2044,686,76.4,2026-06-25,0.8,51.8,False
3743,601500,通用股份,3.69,-1.6,0.15,11.59,3.754275788549,0.1743444,55.14672142,72,3463,66.8,2026-06-25,-1.71,36.8,False
3744,601512,中新集团,7.86,-1.5,0.05,24.81,7.978824830866,0.1291796,58.92380293,168,2435,58.8,2026-06-25,-1.49,34.6,False
3745,601515,衢州东峰,3.35,-3.46,0.41,-152.32,3.493837728316,0.3394072,45.97835506,-595,5054,64.0,2026-06-25,-4.12,29.4,False
3746,601518,吉林高速,2.9,0.35,0.17,11.9,2.888848040705,0.2397212,65.49837692,90,1009,66.4,2026-06-25,0.39,43.5,False
3747,601519,大智慧,9.21,-2.54,1.07,-154.81,9.454071333414,0.29022,64.59909844,2439,1150,84.0,2026-06-25,-2.58,54.3,False
3748,601528,瑞丰银行,4.55,0.22,0.14,5.29,4.543051971174,0.2175136,62.15203268,1362,1613,66.0,2026-06-25,0.15,41.0,False
3749,601555,东吴证券,8.07,-0.74,0.27,12.51,8.05623892014,0.3646,63.93234556,1608,1268,77.6,2026-06-25,0.17,49.6,False
3750,601566,九牧王,8.04,-2.19,0.33,16.64,8.256880614754,0.1769868,53.20827049,554,3942,69.6,2026-06-25,-2.63,37.0,False
3751,601567,三星电气,14.67,0.2,0.39,30.8,14.654831410493,0.2155548,60.88048172,176,1945,72.0,2026-06-25,0.1,43.8,False
3752,601568,北元化工,3.52,-0.85,0.06,170.64,3.534350685832,0.3192104,60.3135712,1104,2086,64.8,2026-06-25,-0.41,39.1,False
3753,601577,长沙银行,9.05,-0.22,0.1,3.96,9.064857433381,0.2750632,65.04788043,171,1071,68.4,2026-06-25,-0.16,44.5,False
3754,601579,会稽山,14.59,-0.61,0.26,14.58,14.526824703944,0.1582376,59.45831833,-601,2306,68.4,2026-06-25,0.43,40.7,False
3755,601588,北辰实业,1.68,-1.75,0.35,-9.37,1.693146628909,0.3894792,57.96330294,1247,2690,72.0,2026-06-25,-0.78,41.7,False
3756,601595,上海电影,16.46,-2.83,0.31,141.81,16.908951781246,0.1149024,59.4763134,490,2298,68.8,2026-06-25,-2.66,40.9,False
3757,601598,中国外运,5.34,-1.84,0.05,14.05,5.444929319591,0.1027688,64.65042306,-348,1144,69.6,2026-06-25,-1.93,45.0,False
3758,601599,浙文影业,2.84,-2.07,0.33,46.06,2.898752368235,0.26799,55.20137668,318,3450,64.4,2026-06-25,-2.03,35.5,False
3759,601600,中国铝业,8.6,-2.27,0.48,6.67,8.795828533875,0.3749712,59.77701196,-986,2224,83.2,2026-06-25,-2.23,49.7,False
3760,601601,中国太保,29.37,-2.43,0.29,7.03,30.159899358259,0.3748708,69.09239443,45,574,82.0,2026-06-25,-2.62,56.7,False
3761,601606,长城军工,27.81,-2.76,0.4,-90.44,28.695711330344,0.1718528,51.13888697,-39,4381,71.2,2026-06-25,-3.09,36.4,False
3762,601607,上海医药,15.69,-0.57,0.09,10.26,15.739985679369,0.1604608,67.06503286,232,786,77.6,2026-06-25,-0.32,52.0,False
3763,601608,中信重工,4.82,-1.83,0.2,58.04,4.950360799195,0.2061268,57.50924302,119,2812,70.4,2026-06-25,-2.63,40.5,False
3764,601609,金田股份,10.8,-1.82,1.01,27.41,11.176079455456,0.3067788,61.27630508,-666,1839,85.2,2026-06-25,-3.37,52.2,False
3765,601611,中国核建,10.37,-0.58,0.57,19.39,10.539457214255,0.2631352,56.30701685,85,3151,70.8,2026-06-25,-1.61,39.9,False
3766,601615,明阳智能,11.85,0.94,1.11,271.7,11.768068566796,0.3061964,54.84033173,-691,3544,73.6,2026-06-25,0.7,40.4,False
3767,601616,广电电气,3.5,-2.51,0.51,-31.75,3.625924805468,0.2102584,50.19393084,-56,4547,66.0,2026-06-25,-3.47,33.1,False
3768,601618,中国中冶,2.54,0.79,0.14,8.05,2.539006217805,0.4282976,58.48548625,265,2557,76.4,2026-06-25,0.04,44.7,False
3769,601619,嘉泽新能,4.23,0.48,0.32,23.45,4.242819881506,0.2825036,53.97852183,-111,3764,67.2,2026-06-25,-0.3,36.3,False
3770,601628,中国人寿,36.56,-0.89,0.04,13.24,36.857034377818,0.4154504,78.6884055,259,48,86.4,2026-06-25,-0.81,68.0,False
3771,601633,长城汽车,15.4,-1.72,0.07,34.83,15.777799529743,0.2121136,64.30594906,-268,1199,80.8,2026-06-25,-2.39,52.0,False
3772,601636,旗滨集团,9.19,10.06,3.81,518.32,8.130894996905,0.3967284,75.27099351,810,166,82.4,2026-06-25,13.03,62.0,False
3773,601658,邮储银行,4.91,0.2,0.03,5.73,4.922345398338,0.4491944,62.54320541,-61,1540,82.0,2026-06-25,-0.25,51.3,False
3774,601665,齐鲁银行,5.89,0.0,0.13,5.79,5.93640381903,0.355142,61.27588258,-665,1840,69.2,2026-06-25,-0.78,42.4,False
3775,601666,平煤股份,8.02,-0.87,0.23,41.22,8.104353422774,0.1802804,53.28693302,259,3922,77.6,2026-06-25,-1.04,41.4,False
3776,601668,中国建筑,4.46,0.45,0.11,3.32,4.463489877347,0.4696348,66.44597001,180,879,83.6,2026-06-25,-0.08,55.5,False
3777,601669,中国电建,4.86,1.04,0.4,10.73,4.833987097286,0.359058,61.25021399,19,1847,70.4,2026-06-25,0.54,43.1,False
3778,601677,明泰铝业,16.52,-0.78,0.73,7.32,16.740563250977,0.3436524,65.95103032,-628,950,77.2,2026-06-25,-1.32,50.9,False
3779,601678,滨化股份,6.35,-2.46,2.2,22.3,6.424320232944,0.3848808,75.47338485,602,153,82.0,2026-06-25,-1.16,61.9,False
3780,601686,友发集团,4.89,-0.61,0.08,13.93,4.928918288247,0.1646968,59.62576167,222,2259,70.0,2026-06-25,-0.79,41.7,False
3781,601688,华泰证券,21.34,-0.28,0.41,10.03,21.185142897453,0.4942628,78.91324981,619,45,89.6,2026-06-25,0.73,70.7,False
3782,601689,拓普集团,54.22,-3.71,0.72,42.69,57.145790430342,0.356056,61.53559282,-1052,1766,88.4,2026-06-25,-5.12,54.4,False
3783,601696,中银证券,13.08,-0.76,1.27,25.12,13.111837991129,0.4153784,66.09217805,2697,928,82.0,2026-06-25,-0.24,54.2,False
3784,601698,XD中国卫,27.1,-3.15,0.24,1066.27,28.263753163172,0.2547324,55.31183757,-67,3422,70.4,2026-06-25,-4.12,38.9,False
3785,601699,潞安环能,15.51,-1.21,0.3,16.13,15.826283571821,0.1892156,60.35866125,311,2069,79.6,2026-06-25,-2.0,48.0,False
3786,601700,风范股份,4.37,-1.13,0.33,43.8,4.453383126643,0.2229108,49.85658906,-22,4591,67.2,2026-06-25,-1.87,33.5,False
3787,601702,华峰铝业,14.53,-0.55,0.27,14.93,14.685137940174,0.26089,58.98471874,-225,2419,74.4,2026-06-25,-1.06,43.9,False
3788,601717,中创智领,14.48,-1.5,0.28,7.24,14.835840087507,0.3224476,61.79891345,116,1707,71.6,2026-06-25,-2.4,44.2,False
3789,601718,ST际华,1.45,-3.97,0.56,-13.01,1.523288397126,0.323420196078,43.67439341,-5,5149,68.8,2026-06-25,-4.81,30.0,False
3790,601727,上海电气,6.92,-1.84,0.25,70.67,7.058102521009,0.3107108,60.74594971,230,1984,72.4,2026-06-25,-1.96,44.0,False
3791,601728,中国电信,5.29,-1.31,0.04,16.46,5.357756895927,0.3190636,64.09608681,94,1230,79.6,2026-06-25,-1.26,51.0,False
3792,601766,中国中车,5.29,-0.38,0.13,11.23,5.323884974947,0.4809292,67.41624072,221,741,82.0,2026-06-25,-0.64,55.3,False
3793,601777,千里科技,8.65,-3.35,0.2,202.13,8.888440036815,0.332328,54.6621533,-1056,3594,73.6,2026-06-25,-2.68,40.2,False
3794,601778,晶科科技,4.54,-0.66,1.11,-32.8,4.563312875957,0.2799544,47.11955888,158,4963,68.4,2026-06-25,-0.51,32.2,False
3795,601788,光大证券,15.09,0.13,0.31,14.92,14.962773957,0.3801088,67.82138566,2195,688,81.6,2026-06-25,0.85,55.3,False
3796,601789,宁波建工,4.14,-1.9,0.7,8.52,4.227789552277,0.2803656,57.43095772,-5,2836,68.8,2026-06-25,-2.08,39.5,False
3797,601798,蓝科高新,7.94,1.4,3.35,57.21,7.644944273101,0.3365252,67.41635858,3148,740,76.0,2026-06-25,3.86,51.2,False
3798,601799,星宇股份,103.22,-5.12,0.66,20.76,109.530917759682,0.2946388,64.73838507,1109,1126,68.0,2026-06-25,-5.76,44.0,False
3799,601800,中国交建,5.85,-0.85,0.06,5.78,5.885942559491,0.3279664,62.75433853,-4,1505,78.4,2026-06-25,-0.61,49.2,False
3800,601801,皖新传媒,4.95,-1.79,0.14,7.24,5.050735683653,0.1885768,54.77879467,-686,3555,67.6,2026-06-25,-1.99,37.0,True
3801,601808,中海油服,10.96,-1.17,0.09,15.28,11.078257695805,0.2182228,62.188853,150,1603,69.6,2026-06-25,-1.07,43.3,False
3802,601811,新华文轩,11.05,-1.16,0.04,13.25,11.180685139288,0.115318,58.2461426,-604,2623,63.6,2026-06-25,-1.17,37.0,False
3803,601816,京沪高铁,4.6,0.44,0.07,17.9,4.563709814288,0.499898,69.38600829,105,548,80.0,2026-06-25,0.8,55.5,False
3804,601818,光大银行,3.0,-0.33,0.14,3.87,3.015068282232,0.523722,59.47110748,279,2300,81.2,2026-06-25,-0.5,48.3,False
3805,601825,沪农商行,8.13,0.49,0.03,5.46,8.060733491929,0.3133664,62.86219015,399,1480,69.2,2026-06-25,0.86,43.5,False
3806,601827,三峰环境,7.28,0.14,0.05,7.08,7.265994896391,0.1921068,60.71789141,152,1988,66.8,2026-06-25,0.19,40.6,False
3807,601828,美凯龙,2.23,0.0,0.21,50.91,2.23038772081,0.3613176,56.80778461,1340,3014,69.2,2026-06-25,-0.02,39.3,False
3808,601838,成都银行,17.97,0.22,0.07,6.03,18.058212539709,0.327938,66.71497902,55,835,75.6,2026-06-25,-0.49,50.4,False
3809,601857,中国石油,8.92,1.25,0.02,8.44,9.115788922814,0.3897592,62.26908064,-138,1591,71.6,2026-06-25,-2.15,44.6,False
3810,601858,中国科传,18.0,-4.0,0.29,94.84,18.827300267323,0.1701188,56.69706143,376,3042,68.4,2026-06-25,-4.39,38.8,False
3811,601860,紫金银行,2.51,0.0,0.22,5.36,2.513758654831,0.3776212,53.5183692,-650,3862,70.4,2026-06-25,-0.15,37.7,False
3812,601865,福莱特,10.62,1.63,0.54,163.06,10.334723222381,0.2513468,63.28100421,2008,1395,70.8,2026-06-25,2.76,44.8,False
3813,601866,中远海发,2.29,-1.29,0.16,18.29,2.314711659715,0.39929,58.81040228,-806,2461,70.8,2026-06-25,-1.07,41.6,False
3814,601868,中国能建,2.69,1.89,0.58,20.45,2.656311759349,0.3446288,58.60613337,134,2528,76.8,2026-06-25,1.27,45.0,False
3815,601869,长飞光纤,550.3,-4.3,1.18,230.04,579.983218646215,0.5005644,72.81866084,19,292,96.0,2026-06-25,-5.12,69.9,False
3816,601872,招商轮船,19.74,-8.61,1.07,14.42,21.532465759491,0.4771472,73.64716954,-200,234,92.4,2026-06-25,-8.32,68.0,False
3817,601877,正泰电器,25.57,-1.04,0.19,10.84,25.783340526756,0.3072352,61.95225842,461,1677,71.2,2026-06-25,-0.83,44.1,False
3818,601878,浙商证券,9.82,-0.81,0.43,14.95,9.751843364393,0.3773056,71.5193992,1275,374,81.2,2026-06-25,0.7,58.1,False
3819,601880,辽港股份,1.41,-1.4,0.16,23.13,1.442324378408,0.5510312,63.13251984,-92,1428,72.4,2026-06-25,-2.24,45.7,False
3820,601881,中国银河,13.0,-0.38,0.3,10.7,12.928077667333,0.4179492,73.28003912,565,259,82.8,2026-06-25,0.56,60.7,False
3821,601882,海天精工,18.85,-1.87,0.23,22.09,19.358703607425,0.160588,60.17573039,-917,2127,74.0,2026-06-25,-2.63,44.5,False
3822,601886,江河集团,8.34,-0.71,0.07,15.47,8.392336269837,0.1395832,64.99918554,977,1079,65.6,2026-06-25,-0.62,42.6,False
3823,601888,中国中免,55.25,-0.74,0.57,12.22,55.651015273665,0.3954936,71.57106511,744,371,83.6,2026-06-25,-0.72,59.8,False
3824,601890,亚星锚链,8.24,-2.37,0.48,23.42,8.482470166106,0.1981312,59.51339511,-53,2287,70.4,2026-06-25,-2.86,41.9,False
3825,601898,中煤能源,12.85,0.0,0.09,11.08,12.870570958081,0.225964,63.61502846,551,1327,73.6,2026-06-25,-0.16,46.8,False
3826,601899,紫金矿业,25.59,0.2,0.46,8.47,26.103076219808,0.4852428,66.1612121,-169,920,85.6,2026-06-25,-1.97,56.6,False
3827,601900,南方传媒,10.85,-1.36,0.13,7.97,11.06588497657,0.1708448,55.25864304,-173,3435,68.4,2026-06-25,-1.95,37.8,False
3828,601901,方正证券,7.4,-1.6,0.68,10.25,7.481709924622,0.501444,75.01952725,787,183,85.2,2026-06-25,-1.09,63.9,False
3829,601908,京运通,3.0,1.35,0.86,-12.09,2.958304897874,0.2530392,43.91783687,46,5142,68.8,2026-06-25,1.41,30.2,False
3830,601916,浙商银行,2.88,0.7,0.24,3.3,2.992189867796,0.481232,63.78731805,1245,1295,76.4,2026-06-25,-3.75,48.7,False
3831,601918,新集能源,8.93,2.06,0.54,10.55,8.630214379664,0.3005948,69.40201562,1232,545,78.8,2026-06-25,3.47,54.7,False
3832,601919,中远海控,13.45,0.52,0.21,8.76,13.86587727418,0.3810184,60.66301154,-791,2002,79.2,2026-06-25,-3.0,48.0,False
3833,601921,浙版传媒,6.95,1.02,0.09,29.62,6.886415992644,0.1778616,53.71461435,-35,3820,67.2,2026-06-25,0.92,36.1,False
3834,601928,凤凰传媒,8.81,-0.23,0.04,13.25,8.852628290617,0.0767684,56.49625507,403,3111,71.2,2026-06-25,-0.48,40.2,False
3835,601929,吉视传媒,2.25,-0.44,0.54,-19.62,2.261745990029,0.2716432,56.02724356,1495,3223,70.0,2026-06-25,-0.52,39.2,False
3836,601933,永辉超市,3.03,0.33,0.36,23.57,3.001607392373,0.3813068,57.63660492,2072,2776,71.2,2026-06-25,0.95,41.0,False
3837,601939,建设银行,9.9,0.92,0.22,7.5,9.84022143938,0.44553,70.90858147,348,419,87.2,2026-06-25,0.61,61.8,False
3838,601949,中国出版,4.73,-1.46,0.15,-22.43,4.846568866624,0.2295536,55.7807795,228,3298,69.6,2026-06-25,-2.41,38.8,False
3839,601952,苏垦农发,7.64,0.0,0.18,53.58,7.622649821177,0.1928648,55.56271034,169,3365,69.2,2026-06-25,0.23,38.4,False
3840,601956,东贝集团,4.59,-2.13,0.21,-42.48,4.692886929756,0.1184668,50.35691793,-543,4528,64.4,2026-06-25,-2.19,32.4,False
3841,601958,金钼股份,27.61,2.6,1.61,24.7,27.278012672975,0.3507564,72.25779507,38,324,91.2,2026-06-25,1.22,65.9,False
3842,601963,重庆银行,10.69,0.19,0.1,5.4,10.712566342593,0.1846584,57.99244864,452,2684,69.6,2026-06-25,-0.21,40.4,False
3843,601965,中国汽研,11.86,-1.25,0.15,18.06,12.043633641198,0.175954,59.80661691,-822,2216,67.2,2026-06-25,-1.52,40.2,False
3844,601966,玲珑轮胎,10.3,-0.96,0.18,223.08,10.403566106186,0.230634,56.14934488,801,3190,74.8,2026-06-25,-1.0,42.0,False
3845,601968,宝钢包装,3.97,-1.73,0.17,19.36,4.037201658391,0.1723908,56.46274933,373,3120,63.6,2026-06-25,-1.66,35.9,False
3846,601969,海南矿业,8.2,-1.56,0.2,20.28,8.365205614499,0.2120808,62.076518,-435,1633,68.8,2026-06-25,-1.97,42.7,False
3847,601975,招商南油,4.26,-6.37,2.28,11.54,4.637456703131,0.4179996,61.25909552,-1544,1843,83.2,2026-06-25,-8.14,51.0,False
3848,601985,中国核电,9.08,1.11,0.14,22.62,8.939278615626,0.4240352,69.40144336,1044,546,82.4,2026-06-25,1.57,57.2,False
3849,601988,中国银行,5.88,1.55,0.04,8.36,5.880297609414,0.4705432,67.86993085,-385,682,90.8,2026-06-25,-0.01,61.6,False
3850,601990,南京证券,6.8,-1.16,0.27,25.53,6.79437929067,0.3240552,64.26644503,2370,1206,77.2,2026-06-25,0.08,49.6,False
3851,601991,大唐发电,7.73,3.48,1.99,12.36,7.727587404039,0.3479084,57.47234281,-345,2822,85.2,2026-06-25,0.03,49.0,False
3852,601992,金隅集团,1.38,-0.72,0.13,-2.2,1.37640841229,0.550832,57.50514013,1550,2813,67.6,2026-06-25,0.26,38.9,False
3853,601995,中金公司,36.87,1.99,0.48,12.44,36.007395285609,0.4315332,74.1624058,1028,211,86.0,2026-06-25,2.4,63.8,False
3854,601996,丰林集团,2.16,-2.26,0.55,-21.91,2.229973946789,0.3186276,58.4760522,1378,2563,62.4,2026-06-25,-3.14,36.5,False
3855,601997,贵阳银行,5.33,-0.37,0.23,3.3,5.352627933745,0.3641764,58.10011053,-825,2663,68.8,2026-06-25,-0.42,40.0,False
3856,601998,中信银行,7.25,0.42,0.03,5.02,7.19410786693,0.3441292,62.45083109,-504,1559,80.0,2026-06-25,0.78,50.0,False
3857,601999,出版传媒,5.47,-2.15,0.25,113.51,5.582227280866,0.1864144,57.76792722,-540,2751,61.6,2026-06-25,-2.01,35.6,False
3858,603000,人民网,14.81,-3.46,0.45,-123.09,15.347229977228,0.2191636,56.29555066,352,3156,71.6,2026-06-25,-3.5,40.3,False
3859,603001,奥康国际,,,0.0,55.83,13.907756763894,0.186964,62.7503661,-305,1508,80.8,2026-06-25,,50.7,False
3860,603002,宏昌电子,26.22,5.09,5.51,15866.35,24.099094765062,0.3641212,66.08042175,1785,931,90.0,2026-06-25,8.8,59.5,False
3861,603004,鼎龙科技,23.03,2.13,3.45,47.21,22.603421506559,0.218816,67.68944943,47,703,77.6,2026-06-25,1.89,52.5,False
3862,603005,晶方科技,50.17,0.34,4.89,125.0,50.345556392916,0.4133964,68.84804011,-436,590,94.8,2026-06-25,-0.35,65.3,False
3863,603006,联明股份,13.86,-2.94,0.65,39.93,14.310998294733,0.148162,59.48826235,-322,2294,76.8,2026-06-25,-3.15,45.7,False
3864,603007,顺景科技,5.98,-1.97,2.33,-217.33,6.312049000509,0.292964705882,48.93683941,-399,4739,80.4,2026-06-25,-5.26,39.3,False
3865,603008,ST喜临门,8.06,-2.77,0.64,-20.69,8.294613732933,0.24967,53.54167093,182,3857,62.8,2026-06-25,-2.83,33.6,False
3866,603009,北特科技,44.65,-2.3,0.85,142.27,45.705289778131,0.3756164,65.65264658,401,987,76.0,2026-06-25,-2.31,49.9,False
3867,603010,万盛股份,15.97,2.83,3.32,166.23,15.0594988392,0.4417428,66.30803552,2586,900,69.2,2026-06-25,6.05,45.9,False
3868,603011,合锻智能,32.0,-9.88,4.72,-137.89,34.883355564795,0.3757468,61.57910347,1868,1758,88.4,2026-06-25,-8.27,54.4,False
3869,603012,创力集团,7.76,-0.13,0.57,53.91,7.753032878554,0.3088236,52.83208024,-1343,4024,72.0,2026-06-25,0.09,38.0,False
3870,603013,亚普股份,16.1,-1.59,0.11,12.63,16.457127617011,0.1244664,61.19537491,250,1866,66.4,2026-06-25,-2.17,40.6,False
3871,603014,威高血净,32.28,-1.71,0.47,28.5,33.05982826019,0.1711856,60.25179524,-941,2103,66.4,2026-06-25,-2.36,40.0,False
3872,603015,弘讯科技,12.57,-0.24,1.49,187.75,12.800686014962,0.2530512,59.65212472,-373,2254,84.8,2026-06-25,-1.8,50.6,False
3873,603016,新宏泰,33.76,-2.99,0.72,188.98,35.491499295386,0.243284,57.71797277,-1334,2763,60.0,2026-06-25,-4.88,34.6,False
3874,603017,中衡设计,9.85,-2.09,0.55,32.46,10.089511384861,0.1584592,46.6025236,1,5011,64.4,2026-06-25,-2.37,30.0,False
3875,603018,华设集团,6.52,0.15,0.19,16.37,6.503129237002,0.172026,58.97858287,327,2422,67.2,2026-06-25,0.26,39.6,False
3876,603019,中科曙光,98.08,0.27,3.71,157.46,95.159094157132,0.5442768,82.7419775,193,11,91.6,2026-06-25,3.07,75.8,False
3877,603020,爱普股份,14.8,-1.4,0.64,41.44,14.80336267203,0.239636,68.15635725,63,654,75.2,2026-06-25,-0.02,51.3,False
3878,603021,*ST华鹏,6.72,2.91,0.67,-13.7,6.508987166465,0.328190980392,49.67698455,-1214,4619,68.4,2026-06-25,3.24,34.0,False
3879,603022,新通联,8.13,-2.17,0.56,32.88,8.380739379513,0.1037572,55.44126228,-602,3388,63.2,2026-06-25,-2.99,35.0,False
3880,603023,威帝股份,3.6,-1.91,0.54,-159.06,3.731382768317,0.1695304,50.46647507,-135,4509,64.4,2026-06-25,-3.52,32.5,False
3881,603025,大豪科技,13.7,-2.07,0.18,16.08,14.068495867793,0.2071544,62.39708252,-172,1569,71.6,2026-06-25,-2.62,44.7,False
3882,603026,石大胜华,94.2,0.45,1.56,19.46,95.482233798045,0.3340388,63.44082349,-305,1361,87.6,2026-06-25,-1.34,55.6,False
3883,603027,千禾味业,7.22,-1.63,0.3,16.24,7.346308585036,0.2339148,57.03621435,283,2947,73.6,2026-06-25,-1.72,42.0,False
3884,603028,赛福天,6.7,-2.05,0.41,-99.26,6.85410479765,0.148936,52.32973853,1,4142,63.6,2026-06-25,-2.25,33.3,False
3885,603029,天鹅股份,14.35,-1.85,0.43,58.79,14.814750225175,0.0773012,61.07719764,53,1893,68.0,2026-06-25,-3.14,41.5,False
3886,603030,全筑股份,2.03,-2.4,0.7,297.38,2.076192622012,0.2257416,52.91099788,878,4007,65.6,2026-06-25,-2.22,34.7,False
3887,603031,安孚科技,52.86,-8.58,3.11,36.97,57.20259499735,0.4288264,75.04438415,209,181,80.0,2026-06-25,-7.59,60.0,False
3888,603032,德新科技,24.92,-1.5,1.7,57.87,25.835431509059,0.2737868,61.78272694,-1249,1712,84.0,2026-06-25,-3.54,51.9,False
3889,603033,三维股份,8.6,-1.94,0.2,-18.94,8.799415849279,0.2793928,45.27308027,-290,5087,60.0,2026-06-25,-2.27,27.2,False
3890,603035,常熟汽饰,10.61,-1.49,0.24,13.58,10.728697371032,0.1727344,56.90068472,-675,2986,67.6,2026-06-25,-1.11,38.5,False
3891,603036,如通股份,14.68,-2.72,0.68,34.19,15.190505963292,0.2801136,60.32824725,-615,2078,69.6,2026-06-25,-3.36,42.0,False
3892,603037,凯众股份,10.29,-2.28,0.36,71.99,10.606529671547,0.1674968,50.48139907,59,4506,66.8,2026-06-25,-2.98,33.7,False
3893,603038,华立股份,14.65,-2.66,0.27,14.3,14.88787575276,0.1619736,63.38889671,495,1374,68.0,2026-06-25,-1.6,43.1,False
3894,603039,泛微网络,33.56,-0.59,1.63,41.54,34.049953338593,0.2579264,56.69572511,-60,3043,75.6,2026-06-25,-1.44,42.9,False
3895,603040,DR新坐标,61.66,-2.78,0.35,46.0,64.372361812837,0.2959416,67.41075716,642,742,66.8,2026-06-25,-4.21,45.0,False
3896,603041,美思德,10.41,-1.61,0.31,33.45,10.646765501469,0.1160068,58.8871937,225,2445,62.4,2026-06-25,-2.22,36.7,False
3897,603042,华脉科技,15.28,-5.09,1.97,-363.91,16.150340324331,0.1656664,54.3708564,-412,3662,74.4,2026-06-25,-5.39,40.5,False
3898,603043,广州酒家,12.84,-1.23,0.1,34.52,12.956869726175,0.0727612,59.96171173,-708,2181,67.6,2026-06-25,-0.9,40.5,False
3899,603045,福达合金,81.5,-5.18,2.82,15.24,88.662407730686,0.3881652,64.57573115,-840,1155,88.4,2026-06-25,-8.08,57.1,False
3900,603048,浙江黎明,17.79,-2.57,0.35,41.22,18.351684783135,0.0931692,52.71550216,-965,4051,67.6,2026-06-25,-3.06,35.6,False
3901,603049,中策橡胶,43.91,-1.5,0.08,7.87,44.52811658311,0.2788612,67.6915784,-136,701,67.2,2026-06-25,-1.39,45.5,False
3902,603050,科林电气,19.13,-1.7,0.31,45.5,19.218619005343,0.2757012,64.49336474,141,1171,73.2,2026-06-25,-0.46,47.2,False
3903,603051,鹿山新材,18.98,-1.15,0.86,38.36,19.424834869091,0.1554164,50.81126027,-395,4454,65.2,2026-06-25,-2.29,33.1,False
3904,603052,可川科技,86.88,-3.47,0.76,-352.16,88.937412521058,0.2924564,59.75016212,339,2233,70.8,2026-06-25,-2.31,42.3,False
3905,603053,成都燃气,8.39,-0.83,0.06,11.17,8.448906716086,0.0765672,57.45943789,250,2827,62.4,2026-06-25,-0.7,35.9,False
3906,603055,台华新材,8.12,-2.17,0.12,13.72,8.276892508703,0.178916,62.36837808,-113,1571,66.4,2026-06-25,-1.9,41.4,False
3907,603057,紫燕食品,21.91,-0.77,0.1,27.3,22.152856514803,0.0945836,55.18467494,-1570,3453,58.8,2026-06-25,-1.1,32.4,False
3908,603058,永吉股份,9.1,-1.52,0.31,-69.92,9.327815774404,0.1552588,54.12988478,96,3725,63.2,2026-06-25,-2.44,34.2,False
3909,603059,倍加洁,24.38,-2.56,0.22,31.29,25.017024854549,0.0732652,57.66630609,-227,2770,61.2,2026-06-25,-2.55,35.3,False
3910,603060,国检集团,6.11,-0.33,0.34,-46.2,6.171586610551,0.2108308,54.04480164,-280,3749,63.6,2026-06-25,-1.0,34.4,False
3911,603061,金海通,417.0,4.24,1.41,109.93,402.506115797962,0.3961388,71.40602983,-264,384,83.2,2026-06-25,3.6,59.4,False
3912,603062,麦加芯彩,38.62,-1.98,0.45,103.58,39.702558030351,0.2432268,55.88918608,-796,3272,58.8,2026-06-25,-2.73,32.9,False
3913,603063,禾望电气,53.11,-3.73,2.97,120.53,53.640816497514,0.5056312,70.84869545,348,427,72.0,2026-06-25,-0.99,51.0,False
3914,603065,宿迁联盛,21.46,6.61,5.99,413.27,19.504977343769,0.4152308,61.56591114,541,1761,86.4,2026-06-25,10.02,53.2,False
3915,603066,音飞储存,9.8,-1.8,0.4,5.78,10.04333688658,0.1029836,53.35341711,-743,3907,64.8,2026-06-25,-2.42,34.6,False
3916,603067,振华股份,44.06,-5.0,1.88,68.43,45.638467736145,0.5874624,76.63478122,-17,104,82.0,2026-06-25,-3.46,62.8,False
3917,603068,博通集成,37.57,-3.54,1.52,87.82,38.645741792821,0.1884536,70.9904537,742,416,83.2,2026-06-25,-2.78,59.1,False
3918,603069,海汽集团,12.74,-2.08,0.39,-48.33,13.032382182491,0.1086752,48.54371536,160,4809,67.2,2026-06-25,-2.24,32.6,False
3919,603070,万控智造,13.28,0.84,0.56,-69.67,13.465558254872,0.2595572,50.87468843,-285,4441,67.2,2026-06-25,-1.38,34.2,False
3920,603071,物产环能,11.42,-0.95,0.07,9.22,11.56339243137,0.1518928,61.30246964,101,1827,64.8,2026-06-25,-1.24,39.7,False
3921,603072,天和磁材,38.9,-2.6,1.31,53.69,39.123335979841,0.24483,72.88864011,702,286,79.2,2026-06-25,-0.57,57.7,False
3922,603073,XD彩蝶实,14.98,-2.85,0.85,32.82,15.494000280753,0.0759024,55.21515393,801,3444,61.6,2026-06-25,-3.32,34.0,False
3923,603075,热威股份,21.8,-1.67,0.91,30.68,22.114971068863,0.1152016,63.87581712,-535,1279,64.8,2026-06-25,-1.42,41.4,False
3924,603076,乐惠国际,19.93,-3.16,0.69,73.29,20.56132881601,0.162868,54.20953332,13,3700,58.8,2026-06-25,-3.07,31.9,False
3925,603077,和邦生物,2.4,0.42,0.64,30.53,2.390729725521,0.3768704,60.65102199,248,2004,72.0,2026-06-25,0.39,43.7,False
3926,603078,江化微,46.02,0.28,2.77,154.18,45.157708556615,0.3326896,62.09771928,845,1628,89.2,2026-06-25,1.91,55.4,False
3927,603079,圣达生物,11.57,-2.12,0.64,41.5,11.800479473191,0.0857072,52.46924356,1,4103,64.8,2026-06-25,-1.95,34.0,False
3928,603080,新疆火炬,19.0,-2.11,0.28,14.9,19.30766052025,0.1601468,61.20420314,-643,1862,67.2,2026-06-25,-1.59,41.1,False
3929,603081,XD大丰实,8.7,-2.36,0.21,242.21,8.911913271819,0.1101328,50.683786,-771,4476,65.2,2026-06-25,-2.38,33.0,False
3930,603082,北自科技,47.42,6.78,10.97,103.33,44.919404425779,0.2681484,59.31431001,-353,2338,78.0,2026-06-25,5.57,46.3,False
3931,603083,剑桥科技,252.0,-3.23,2.16,196.06,258.060266772016,0.5597752,77.42672562,-69,85,94.4,2026-06-25,-2.35,73.1,False
3932,603085,天成自控,10.67,-2.2,0.47,42.18,11.00558147282,0.202186,58.31894584,-673,2605,71.6,2026-06-25,-3.05,41.8,False
3933,603086,先达股份,5.26,-2.05,0.36,26.03,5.381101166715,0.126448,52.31893833,-75,4145,65.2,2026-06-25,-2.25,34.1,False
3934,603087,甘李药业,56.36,-0.58,0.22,43.72,55.856567783661,0.3227404,61.21099956,-78,1859,78.0,2026-06-25,0.9,47.7,False
3935,603088,宁波精达,9.8,-3.26,1.05,153.4,10.329574438905,0.2698012,64.42339444,352,1183,67.2,2026-06-25,-5.13,43.3,False
3936,603089,正裕工业,8.5,-2.97,0.32,-32.77,8.853908693216,0.120116,49.26253584,-13,4694,62.8,2026-06-25,-4.0,30.9,False
3937,603090,宏盛股份,52.85,-4.15,0.91,76.66,56.050360038198,0.246212,55.78827173,-123,3294,66.0,2026-06-25,-5.71,36.8,False
3938,603091,DR众鑫股,47.48,3.33,1.32,18.11,47.165843066306,0.1824164,59.66637031,-1242,2250,62.4,2026-06-25,0.67,37.2,False
3939,603092,XD德力佳,53.83,0.43,1.78,25.33,54.222736599955,0.2180708,61.36944287,-1185,1807,59.2,2026-06-25,-0.72,36.3,False
3940,603093,南华期货,19.69,-3.43,0.76,17.25,20.489034991375,0.2519972,66.76545215,1192,826,71.2,2026-06-25,-3.9,47.5,False
3941,603095,越剑智能,14.55,-3.06,0.68,66.08,15.127858787375,0.1925848,47.71525615,-26,4913,63.6,2026-06-25,-3.82,30.3,False
3942,603096,新经典,13.49,-1.68,0.32,25.2,13.698752850506,0.0624096,48.69519835,73,4781,63.2,2026-06-25,-1.52,30.8,False
3943,603097,江苏华辰,27.28,-1.2,0.3,8587.05,27.281237110171,0.2422712,55.10094172,-808,3482,64.4,2026-06-25,-0.0,35.5,False
3944,603098,森特股份,10.59,-1.03,0.18,66.41,10.68146136878,0.1869744,51.43150346,-52,4323,65.6,2026-06-25,-0.86,33.7,False
3945,603099,长白山,35.44,-0.73,0.4,298.04,35.380911992672,0.2452396,62.33125482,503,1576,75.2,2026-06-25,0.17,46.9,False
3946,603100,川仪股份,16.76,1.09,0.31,19.13,16.643427610317,0.2134068,61.48782894,642,1772,66.0,2026-06-25,0.7,40.6,False
3947,603101,汇嘉时代,6.25,-1.88,0.51,11.41,6.392824091709,0.108716,58.5414996,351,2538,63.6,2026-06-25,-2.23,37.2,False
3948,603102,百合股份,31.9,-0.99,0.22,17.66,32.347809591983,0.0853272,59.71862054,1184,2238,62.8,2026-06-25,-1.38,37.5,False
3949,603103,横店影视,14.42,-3.22,0.36,56.98,14.898330649679,0.183156,50.36613558,118,4527,71.2,2026-06-25,-3.21,35.9,False
3950,603105,芯能科技,7.03,0.29,0.54,383.97,7.003842180861,0.1464176,52.48369873,75,4101,67.2,2026-06-25,0.37,35.3,False
3951,603106,恒银科技,7.39,-4.03,0.98,337.88,7.745605879571,0.207928,58.3132516,-472,2608,84.8,2026-06-25,-4.59,49.4,False
3952,603107,上海汽配,11.41,-1.81,0.3,21.49,11.686716250996,0.10917,54.48360426,-410,3633,62.8,2026-06-25,-2.37,34.2,False
3953,603108,润达医疗,9.32,-2.31,0.76,-26.3,9.595696815494,0.195244,45.94747294,-115,5058,68.4,2026-06-25,-2.87,31.4,False
3954,603109,神驰机电,16.7,-2.22,0.18,37.55,17.233828029155,0.166828,54.9308548,-80,3521,68.0,2026-06-25,-3.1,37.4,False
3955,603110,东方材料,23.79,-1.94,1.26,114.78,24.750771373886,0.235492,62.68118926,-541,1519,80.8,2026-06-25,-3.88,50.6,False
3956,603111,康尼机电,5.67,-0.7,0.17,21.9,5.711589772203,0.1443596,60.25113538,-831,2104,66.0,2026-06-25,-0.73,39.8,False
3957,603112,华翔股份,16.95,-2.42,0.34,15.58,17.502755462899,0.2094432,60.17916938,-233,2125,64.8,2026-06-25,-3.16,39.0,False
3958,603113,金能科技,4.34,-1.59,0.2,-1.56,4.390974394923,0.173464,51.00604567,237,4413,64.8,2026-06-25,-1.16,33.1,False
3959,603115,海星股份,123.12,-6.25,1.56,187.76,127.88548488134,0.5119412,75.57082793,162,147,77.6,2026-06-25,-3.73,58.6,False
3960,603116,红蜻蜓,5.86,-4.4,0.94,91.47,6.206312325305,0.2234564,59.06546624,-347,2394,73.2,2026-06-25,-5.58,43.2,False
3961,603117,万林物流,3.39,-2.87,0.42,-83.58,3.496185110131,0.158168,50.97671974,174,4421,62.8,2026-06-25,-3.04,32.0,False
3962,603118,共进股份,11.89,-3.8,0.96,95.71,12.416193998594,0.2306128,51.02198516,-540,4409,68.0,2026-06-25,-4.24,34.7,False
3963,603119,浙江荣泰,65.13,-2.37,1.22,107.24,67.153058286234,0.294242,61.68335174,123,1731,74.8,2026-06-25,-3.01,46.1,False
3964,603120,肯特催化,48.23,-3.77,3.42,56.29,49.056634964033,0.2937792,70.79663678,197,431,67.2,2026-06-25,-1.69,47.6,False
3965,603121,华培动力,12.5,-2.42,0.71,-303.29,13.072395573969,0.146082,44.65851379,-296,5117,64.8,2026-06-25,-4.38,28.9,False
3966,603122,合富中国,11.14,-2.71,1.07,-133.8,11.510566351103,0.1987928,48.60338913,-746,4797,73.6,2026-06-25,-3.22,35.8,False
3967,603123,翠微股份,8.16,-2.86,0.6,-53.64,8.453616889547,0.196824,47.30871731,22,4944,69.6,2026-06-25,-3.47,32.9,False
3968,603124,江南新材,179.32,-4.92,2.0,83.59,189.38797660148,0.3566312,71.7438226,526,361,80.4,2026-06-25,-5.32,57.7,False
3969,603125,常青科技,31.28,1.82,0.65,38.94,30.293246999364,0.2057824,68.72010349,-98,600,77.6,2026-06-25,3.26,53.3,False
3970,603126,中材节能,6.83,-0.44,0.39,97.53,6.864062874401,0.1759368,61.60741634,304,1751,73.2,2026-06-25,-0.5,45.1,False
3971,603127,昭衍新药,38.77,0.41,1.19,30.47,38.187698166317,0.2978592,67.63787331,-491,713,83.6,2026-06-25,1.52,56.5,True
3972,603128,华贸物流,5.03,-0.98,0.12,17.89,5.111922087972,0.219734,57.26048794,122,2889,70.4,2026-06-25,-1.6,40.3,False
3973,603129,春风动力,237.83,-0.18,0.11,21.59,240.18265185106,0.2370128,65.15131821,-248,1057,74.0,2026-06-25,-0.98,48.2,False
3974,603130,云中马,40.58,-2.85,0.33,97.09,42.39207199692,0.2400696,59.81786996,-180,2211,60.4,2026-06-25,-4.27,36.1,False
3975,603131,上海沪工,16.22,-3.68,0.51,116.08,16.859139063014,0.1399096,46.7750315,-130,4994,74.0,2026-06-25,-3.79,34.6,False
3976,603132,金徽股份,16.3,-1.75,0.15,19.45,16.40421701305,0.1859204,66.32565017,280,898,63.2,2026-06-25,-0.64,41.9,False
3977,603135,中重科技,12.2,0.83,0.95,104.55,12.290526946836,0.2047776,54.40214135,-1635,3652,74.8,2026-06-25,-0.74,40.7,False
3978,603136,天目湖,8.3,-1.19,0.29,53.6,8.400184956977,0.1143912,52.16134907,42,4176,64.8,2026-06-25,-1.19,33.8,False
3979,603137,恒尚节能,,,0.0,16.35,12.876070256921,0.1349424,58.7879917,183,2466,65.6,2026-06-25,,38.6,False
3980,603138,海量数据,14.1,-4.21,0.68,-24.8,14.83889363932,0.2048176,52.45172717,-229,4109,68.0,2026-06-25,-4.98,35.7,False
3981,603139,康惠股份,42.2,6.16,7.26,50.47,40.655726012973,0.3987864,53.6171343,-486,3845,68.0,2026-06-25,3.8,36.5,False
3982,603150,万朗磁塑,75.82,-2.94,0.81,60.32,79.173309209,0.2900384,60.67718311,-209,2000,68.0,2026-06-25,-4.24,41.3,False
3983,603151,邦基科技,11.09,-1.95,0.4,117.36,11.35269139876,0.0743536,61.5398616,389,1763,60.8,2026-06-25,-2.31,37.4,False
3984,603153,上海建科,12.72,-1.85,0.08,97.9,12.999031059031,0.1248924,60.52796946,22,2031,65.2,2026-06-25,-2.15,39.5,False
3985,603155,新亚强,23.74,3.04,1.91,55.19,22.981289616435,0.24234,65.02382435,-363,1074,79.6,2026-06-25,3.3,51.8,False
3986,603156,养元饮品,46.17,0.9,0.26,18.01,46.011766229973,0.3653676,64.651776,-8,1143,76.8,2026-06-25,0.34,49.7,False
3987,603158,腾龙股份,11.75,-3.13,1.11,27.15,12.17810370157,0.2195252,54.52852212,18,3621,66.8,2026-06-25,-3.52,36.4,False
3988,603159,上海亚虹,18.43,-2.8,1.79,-142.99,19.243726591149,0.270520727273,49.06286078,-144,4723,66.4,2026-06-25,-4.23,32.6,False
3989,603160,汇顶科技,58.4,-2.36,0.36,58.04,59.681070028479,0.2966512,64.61778134,67,1148,85.2,2026-06-25,-2.15,55.1,False
3990,603161,XD科华控,14.11,-0.91,0.4,43.69,14.337476718279,0.2535588,57.77867858,-395,2745,72.4,2026-06-25,-1.59,41.8,False
3991,603162,海通发展,9.45,2.49,3.11,15.44,9.284489063756,0.1456912,64.04859331,-220,1241,65.2,2026-06-25,1.78,41.8,False
3992,603163,圣晖集成,135.58,10.0,2.72,87.59,124.334343958483,0.3293648,77.31795217,24,86,78.4,2026-06-25,9.04,60.6,False
3993,603165,荣晟环保,12.96,0.15,0.52,13.36,12.965099998842,0.2482048,47.75548528,-41,4907,62.8,2026-06-25,-0.04,30.0,False
3994,603166,福达股份,14.36,-1.1,0.8,30.86,14.856621047158,0.2135652,59.47613463,-1433,2299,83.2,2026-06-25,-3.34,49.5,False
3995,603167,渤海轮渡,8.73,-1.13,0.18,21.52,8.838585057582,0.1488544,56.44018,15,3126,70.0,2026-06-25,-1.23,39.5,False
3996,603168,莎普爱思,4.76,-2.66,0.51,-17.06,4.880325446905,0.1048596,52.56035476,46,4086,66.0,2026-06-25,-2.47,34.7,False
3997,603169,兰石重装,7.07,0.57,0.39,-58.25,7.151949486826,0.227856,49.27472977,51,4692,73.6,2026-06-25,-1.15,36.3,False
3998,603170,宝立食品,11.57,-1.53,0.12,17.64,11.713664322046,0.1288872,61.9953354,-573,1660,65.6,2026-06-25,-1.23,40.7,False
3999,603171,税友股份,38.91,-3.59,0.36,126.38,40.658600607744,0.1844616,58.43941107,-383,2569,67.6,2026-06-25,-4.3,39.5,False
4000,603172,万丰股份,16.85,-3.33,0.59,40.27,17.657576572364,0.1511312,54.7124573,-1032,3577,60.8,2026-06-25,-4.57,33.3,False
4001,603173,福斯达,34.18,-2.06,0.16,14.79,34.88640079337,0.1617648,62.86268034,86,1478,66.0,2026-06-25,-2.02,41.5,False
4002,603175,超颖电子,90.29,-2.78,2.78,-103.13,91.89668974442,0.3151892,68.56608073,1193,619,66.8,2026-06-25,-1.75,45.8,False
4003,603176,汇通集团,4.33,-1.81,0.19,-8.48,4.396584354089,0.0902636,51.80640494,-602,4248,64.8,2026-06-25,-1.51,33.6,False
4004,603177,德创环保,7.94,-9.57,1.99,-35.04,9.034436999943,0.2678812,47.07930215,-2364,4970,72.0,2026-06-25,-12.11,33.9,False
4005,603178,圣龙股份,14.68,-2.39,0.71,45.96,15.174307577144,0.1460292,53.82554061,32,3807,67.2,2026-06-25,-3.26,36.2,False
4006,603179,新泉股份,46.54,-0.49,0.76,40.83,47.44104859404,0.3671288,58.82227512,-1525,2459,71.2,2026-06-25,-1.9,41.9,False
4007,603180,金牌家居,14.02,-0.78,0.15,-38.16,14.286202393692,0.0814196,52.13349473,7,4184,66.8,2026-06-25,-1.86,34.8,False
4008,603181,皇马科技,16.54,-2.01,0.39,21.65,16.779210126772,0.2651028,68.22832738,183,648,73.6,2026-06-25,-1.43,50.2,False
4009,603182,嘉华股份,11.66,-1.85,0.31,17.56,11.965723635423,0.0836444,57.82931184,1205,2730,62.0,2026-06-25,-2.55,35.9,False
4010,603183,建研院,3.53,-0.84,0.65,-101.75,3.574973890412,0.1878736,58.40154625,71,2580,65.2,2026-06-25,-1.26,38.1,False
4011,603185,弘元绿能,16.55,0.36,0.85,-9.72,16.547561680235,0.2060732,50.55158051,-863,4497,70.4,2026-06-25,0.01,35.6,False
4012,603186,华正新材,252.78,-3.81,2.03,320.44,258.902926671724,0.5293236,70.64637107,389,445,92.4,2026-06-25,-2.36,65.3,False
4013,603187,海容冷链,11.46,-1.88,0.18,10.59,11.71198117094,0.1247216,59.57783358,-10,2272,64.8,2026-06-25,-2.15,38.6,False
4014,603188,亚邦股份,4.0,-2.2,0.57,40.77,4.124545797719,0.1821,58.02227989,265,2678,62.4,2026-06-25,-3.02,36.2,False
4015,603189,*ST网达,9.73,-3.85,0.45,-129.89,10.205460815224,0.327096078431,48.03526275,98,4867,66.0,2026-06-25,-4.66,31.7,True
4016,603190,亚通精工,23.22,-1.94,1.18,14.48,23.927353221556,0.10533,55.17478428,-359,3454,64.0,2026-06-25,-2.96,35.3,False
4017,603191,望变电气,16.06,-2.37,0.64,107.82,16.541340267652,0.2025528,51.30216246,132,4350,70.0,2026-06-25,-2.91,35.9,False
4018,603192,汇得科技,16.85,-2.94,0.21,46.49,17.439667072323,0.04688,55.2243401,162,3440,62.0,2026-06-25,-3.38,34.2,False
4019,603193,润本股份,18.37,-2.13,0.56,35.3,18.811491937968,0.1742076,59.01537383,0,2405,61.6,2026-06-25,-2.35,36.4,False
4020,603194,中力股份,34.25,2.12,0.48,18.85,33.919964594797,0.195714,64.25678212,856,1207,65.6,2026-06-25,0.97,42.2,False
4021,603195,公牛集团,38.54,-0.62,0.05,16.42,38.61636925528,0.2112532,68.38523835,-467,630,79.6,2026-06-25,-0.2,54.4,False
4022,603196,璞源材料,23.9,-3.51,0.33,105.68,25.052393622193,0.2112948,56.78324403,229,3023,66.8,2026-06-25,-4.6,37.9,False
4023,603197,保隆科技,27.36,-2.04,0.24,20.47,28.042877779968,0.219208,56.45353436,-152,3123,72.0,2026-06-25,-2.44,40.6,False
4024,603198,迎驾贡酒,30.41,-0.26,0.21,7.29,30.772931519349,0.1953184,62.19471594,806,1601,70.0,2026-06-25,-1.18,43.5,False
4025,603199,九华旅游,30.63,-1.51,0.17,12.18,31.016452950173,0.1583908,58.8689976,-757,2447,66.0,2026-06-25,-1.25,38.9,False
4026,603200,XD上海洗,41.63,-4.06,0.66,982.05,43.625532744645,0.2117148,53.35684473,-1063,3904,68.0,2026-06-25,-4.57,36.3,False
4027,603201,常润股份,15.57,-10.0,3.11,22.42,17.446568577907,0.2607936,63.20566946,-529,1411,73.2,2026-06-25,-10.76,46.3,False
4028,603202,天有为,50.37,-2.44,0.77,15.87,51.809464861746,0.14741,49.34742303,272,4680,64.0,2026-06-25,-2.78,31.6,False
4029,603203,快克智能,70.99,-3.02,1.34,76.0,71.813399102507,0.3510916,70.7043706,-336,436,90.0,2026-06-25,-1.15,63.6,False
4030,603205,健尔康,20.74,-1.71,0.46,29.44,21.036328460269,0.1035732,54.50043679,36,3627,61.6,2026-06-25,-1.41,33.6,False
4031,603206,嘉环科技,16.73,-6.8,2.34,87.92,18.135285391616,0.2743528,66.82728253,2950,816,66.8,2026-06-25,-7.75,44.6,False
4032,603207,小方制药,22.05,-1.74,0.61,15.81,22.437234111373,0.1290844,57.87548086,-1195,2717,66.8,2026-06-25,-1.73,38.7,False
4033,603208,江山欧派,10.62,-2.93,0.47,-12.84,10.846781765117,0.1637696,52.4981664,891,4095,65.6,2026-06-25,-2.09,34.4,False
4034,603209,兴通股份,12.93,-2.19,0.28,9.42,13.056319059504,0.1339564,63.89039353,53,1273,63.2,2026-06-25,-0.97,40.4,False
4035,603210,泰鸿万立,13.91,0.29,0.47,21.09,13.837861019936,0.1920464,59.68066179,-768,2248,70.8,2026-06-25,0.52,42.3,False
4036,603211,晋拓股份,35.31,1.47,1.09,211.79,35.245592567175,0.2771332,60.1248287,-591,2147,83.2,2026-06-25,0.18,50.0,False
4037,603212,赛伍技术,12.24,3.47,2.27,-116.08,11.926288298719,0.255894,48.55869824,94,4806,78.0,2026-06-25,2.63,37.9,False
4038,603213,镇洋发展,13.65,-0.58,0.11,46.16,13.730427510798,0.2464792,59.16131301,366,2371,68.8,2026-06-25,-0.59,40.7,False
4039,603214,爱婴室,12.19,-2.09,0.52,49.31,12.496948721544,0.0654256,62.98924941,70,1455,66.4,2026-06-25,-2.46,41.8,False
4040,603215,比依股份,14.27,-1.04,0.3,-46.37,14.563861455091,0.1805928,54.83329493,1215,3545,64.4,2026-06-25,-2.02,35.3,False
4041,603216,梦天家居,21.0,-3.93,0.53,138.22,22.031735232912,0.1152772,63.69468549,1923,1316,58.8,2026-06-25,-4.68,37.5,False
4042,603217,元利科技,23.25,-2.06,0.26,19.92,23.821355830427,0.1835424,61.6232472,-198,1748,60.0,2026-06-25,-2.4,37.0,False
4043,603218,日月股份,10.28,0.39,0.21,31.18,10.24639347067,0.2577016,57.74188692,282,2758,68.0,2026-06-25,0.33,39.3,False
4044,603219,富佳股份,14.35,-1.44,0.17,1920.21,14.796965704531,0.358872,53.05321598,-1528,3976,64.8,2026-06-25,-3.02,34.4,False
4045,603220,中贝通信,22.06,-5.24,1.69,-1039048.63,23.478116798738,0.2883496,55.71537926,-1610,3316,76.4,2026-06-25,-6.04,42.6,False
4046,603221,爱丽家居,10.04,-3.0,0.42,-41.4,10.544572388094,0.2018836,48.98316087,-46,4734,60.8,2026-06-25,-4.79,29.8,False
4047,603222,济民健康,7.05,-3.03,0.64,-35.7,7.311732251946,0.200604,45.11935966,-620,5099,67.2,2026-06-25,-3.58,30.3,False
4048,603223,恒通股份,12.01,0.42,1.47,22.75,12.134243409309,0.367742,69.70124177,-172,517,76.4,2026-06-25,-1.02,53.3,False
4049,603225,新凤鸣,21.38,-3.39,0.46,24.39,21.773351409463,0.2803504,76.95945331,101,94,78.0,2026-06-25,-1.81,60.0,False
4050,603226,菲林格尔,52.77,0.25,0.17,-327.99,53.390473293935,0.391744,62.77502261,1518,1499,66.4,2026-06-25,-1.16,41.7,False
4051,603227,雪峰科技,7.09,-0.98,0.16,41.58,7.255980963259,0.2059956,54.95886868,179,3512,66.4,2026-06-25,-2.29,36.5,False
4052,603228,景旺电子,74.17,-4.46,1.06,78.48,76.300553740558,0.4732716,75.56915508,762,148,86.0,2026-06-25,-2.79,65.0,False
4053,603229,奥翔药业,7.98,-0.5,0.18,17.14,7.950460502485,0.1415732,55.2488813,-210,3436,66.8,2026-06-25,0.37,36.9,False
4054,603230,内蒙新华,8.73,-1.47,0.14,12.41,8.863400616559,0.1166756,48.42229829,106,4823,62.8,2026-06-25,-1.51,30.4,False
4055,603231,索宝蛋白,14.81,-0.6,0.29,22.31,15.166394252657,0.1757032,62.85353015,1218,1482,62.0,2026-06-25,-2.35,39.0,False
4056,603232,格尔软件,14.96,-6.03,2.04,-30.66,16.296678320755,0.164196,48.70041548,-226,4778,72.4,2026-06-25,-8.2,35.3,False
4057,603233,大参林,15.22,-1.36,0.12,8.48,15.799698104088,0.1277888,69.34596258,43,553,70.4,2026-06-25,-3.67,48.8,False
4058,603235,天新药业,22.35,0.59,0.01,16.64,22.200668666952,0.1147484,61.39537795,173,1797,62.8,2026-06-25,0.67,38.6,False
4059,603236,移远通信,48.01,-3.11,0.57,34.22,48.42498625864,0.3630988,66.68157766,439,839,79.2,2026-06-25,-0.86,52.8,False
4060,603237,五芳斋,12.42,-2.51,0.3,-10.62,12.64006489937,0.104946,50.75596852,73,4466,62.8,2026-06-25,-1.74,31.9,False
4061,603238,诺邦股份,11.25,-1.49,0.42,16.08,11.499555823209,0.1344412,59.76730857,1336,2227,65.2,2026-06-25,-2.17,39.0,False
4062,603239,浙江仙通,14.5,-2.36,0.5,19.99,15.042606788906,0.1470248,53.06615004,-5,3970,60.8,2026-06-25,-3.61,32.3,False
4063,603248,锡华科技,21.7,0.18,1.7,86.54,21.835954363639,0.2222724,53.68390289,-726,3827,61.6,2026-06-25,-0.62,33.1,False
4064,603255,鼎际得,33.77,0.54,0.55,101.65,33.764956197467,0.2029836,61.65305337,405,1736,64.4,2026-06-25,0.01,39.7,False
4065,603256,宏和科技,282.88,2.21,0.54,456.19,278.74768234469,0.4159716,80.44276933,19,28,94.4,2026-06-25,1.48,75.9,False
4066,603257,中国瑞林,71.27,-2.7,2.03,41.52,72.225881177423,0.301262,76.46331952,215,108,69.2,2026-06-25,-1.32,52.9,False
4067,603258,电魂网络,11.89,-4.42,0.41,-31.98,12.392785167384,0.124424,50.83306391,412,4450,68.0,2026-06-25,-4.06,34.6,False
4068,603259,药明康德,119.94,2.32,0.8,19.23,116.303447712643,0.4932816,81.30194436,-11,20,93.6,2026-06-25,3.13,76.1,False
4069,603260,合盛硅业,48.09,-3.16,0.82,183.77,49.010240741069,0.3699244,62.73171697,1079,1511,84.4,2026-06-25,-1.88,52.9,False
4070,603261,立航科技,57.2,10.0,1.76,-91.32,51.121801079579,0.274458431373,51.67673112,-929,4280,79.2,2026-06-25,11.89,40.9,False
4071,603262,技源集团,31.2,1.43,3.09,136.08,30.305685178675,0.2967228,70.46674639,-77,456,70.0,2026-06-25,2.95,49.3,False
4072,603266,天龙股份,16.36,-1.8,0.31,27.29,16.805058894507,0.20964,60.20185209,-302,2118,71.6,2026-06-25,-2.65,43.1,False
4073,603267,鸿远电子,80.55,-3.65,3.77,48.31,81.576669254768,0.5621892,75.15713021,127,174,90.4,2026-06-25,-1.26,67.9,False
4074,603268,松发股份,141.59,-1.35,0.36,31.43,143.179843617311,0.410833921569,65.14013259,-678,1060,75.6,2026-06-25,-1.11,49.2,False
4075,603269,海鸥股份,22.16,-2.68,1.23,76.35,22.452747268437,0.2918444,65.98536887,153,945,71.2,2026-06-25,-1.3,47.0,False
4076,603270,金帝股份,30.6,6.55,5.26,40.06,28.80516166752,0.1951124,61.82212129,-971,1704,74.8,2026-06-25,6.23,46.2,False
4077,603271,永杰新材,44.0,-2.35,1.13,18.27,45.059669793533,0.2607872,63.27514701,-43,1398,67.2,2026-06-25,-2.35,42.5,False
4078,603272,*ST联翔,24.03,-4.98,1.39,-111.63,25.29,0.246719215686,51.01464243,180,4411,56.4,2026-06-25,-4.98,28.8,False
4079,603273,天元智能,12.6,-2.78,1.9,91.24,13.060822553834,0.1722696,43.78924589,-1134,5146,64.0,2026-06-25,-3.53,28.0,False
4080,603275,众辰科技,37.73,-3.01,1.05,30.96,39.071537951363,0.2271104,58.27179499,-170,2619,60.8,2026-06-25,-3.43,35.4,False
4081,603276,恒兴新材,15.26,-1.29,1.4,30.56,15.655581612048,0.1047472,58.39016824,240,2583,66.0,2026-06-25,-2.53,38.5,False
4082,603277,银都股份,10.16,-1.65,0.09,37.66,10.213932533417,0.154474,62.47893342,86,1551,65.6,2026-06-25,-0.53,41.0,False
4083,603278,大业股份,10.95,-2.06,1.23,-38.1,11.296391887767,0.1926012,44.12726585,-30,5132,72.0,2026-06-25,-3.07,31.8,False
4084,603279,景津装备,11.83,-1.74,0.33,13.81,12.16936143425,0.1797956,58.47369949,81,2564,64.4,2026-06-25,-2.79,37.7,False
4085,603280,南方路机,25.72,-2.09,0.22,62.16,26.274744794113,0.0923012,53.65261111,197,3838,63.6,2026-06-25,-2.11,34.1,False
4086,603281,江瀚新材,39.82,1.27,0.63,35.95,39.536696255882,0.2842844,69.37954221,-155,550,74.4,2026-06-25,0.72,51.6,False
4087,603282,XD亚光股,14.97,-1.32,0.65,-153.65,15.529694740644,0.18697,59.75249756,990,2231,62.8,2026-06-25,-3.6,37.5,False
4088,603283,赛腾股份,73.5,1.96,2.52,71.13,71.699000346817,0.420644,78.0164508,-4,71,90.4,2026-06-25,2.51,70.5,False
4089,603284,林平发展,36.53,-1.27,1.57,14.65,37.518131782838,0.1998708,64.29786525,1160,1200,60.0,2026-06-25,-2.63,38.6,False
4090,603285,键邦股份,52.62,-2.19,1.71,66.23,53.16061013296,0.3829864,73.48496016,-20,248,71.6,2026-06-25,-1.02,52.6,False
4091,603286,日盈电子,46.53,-3.96,0.66,-246.53,48.71694719633,0.2552068,46.27364069,-65,5037,68.4,2026-06-25,-4.49,31.7,False
4092,603288,海天味业,33.5,-1.24,0.11,20.06,33.764366167975,0.3569652,72.58195552,-204,302,92.4,2026-06-25,-0.78,67.1,False
4093,603289,泰瑞机器,8.03,-1.59,0.35,107.01,8.227473994926,0.1289868,56.74024916,1003,3039,60.4,2026-06-25,-2.4,34.3,False
4094,603290,斯达半导,138.33,0.08,1.32,311.02,138.14577866674,0.3523488,61.61577362,-332,1749,92.0,2026-06-25,0.13,56.7,False
4095,603291,联合水务,8.21,-2.26,0.38,58.37,8.46258663486,0.125748,54.7771222,-871,3557,61.6,2026-06-25,-2.98,33.7,False
4096,603296,华勤技术,71.75,-6.75,1.23,25.64,76.298087143025,0.3854856,71.96817981,-208,347,84.0,2026-06-25,-5.96,60.5,False
4097,603297,永新光学,132.96,1.26,0.6,79.93,132.13688232251,0.317256,73.42917053,-149,252,83.2,2026-06-25,0.62,61.1,False
4098,603298,杭叉集团,23.78,-0.92,0.06,16.51,24.016857969821,0.2645772,66.802854,231,818,69.2,2026-06-25,-0.99,46.2,False
4099,603299,苏盐井神,8.86,-0.45,0.19,19.35,8.97986936929,0.2807976,62.61426738,112,1528,68.4,2026-06-25,-1.33,42.8,False
4100,603300,海南华铁,4.62,-2.74,0.55,21.16,4.748988588475,0.2952544,50.13282311,15,4556,69.6,2026-06-25,-2.72,34.9,False
4101,603301,振德医疗,88.86,-0.29,0.22,107.66,87.396591641202,0.4125436,61.27664112,204,1838,69.2,2026-06-25,1.67,42.4,False
4102,603303,得邦照明,29.9,6.29,0.63,80.43,27.829830065593,0.2901024,67.24931002,1235,762,68.8,2026-06-25,7.44,46.3,False
4103,603305,旭升集团,11.93,-3.95,0.87,27.54,12.610114151837,0.285762,50.26337489,-247,4543,73.6,2026-06-25,-5.39,37.0,False
4104,603306,华懋科技,109.62,-4.12,0.98,772.02,114.875437708057,0.52234,70.65178768,254,443,83.6,2026-06-25,-4.57,59.1,False
4105,603307,扬州金泉,23.35,-3.67,0.28,17.32,24.242972027611,0.109506,54.9016718,17,3528,61.6,2026-06-25,-3.68,33.8,False
4106,603308,应流股份,62.59,-3.29,0.58,88.42,65.111555343431,0.2676016,63.37777943,5,1376,81.2,2026-06-25,-3.87,51.5,False
4107,603309,维力医疗,11.15,-1.41,0.21,13.57,11.355505359458,0.1671064,55.5558652,-186,3369,65.2,2026-06-25,-1.81,36.2,False
4108,603310,巍华新材,14.47,-2.1,0.39,30.37,14.902479213862,0.1723776,57.9462369,-1171,2695,60.8,2026-06-25,-2.9,35.2,False
4109,603311,金海高科,34.77,0.49,1.17,57.95,35.570445323109,0.314796181818,52.88905087,742,4013,71.2,2026-06-25,-2.25,37.7,False
4110,603312,西典新能,35.73,0.88,0.53,23.91,35.639778216333,0.1556972,60.81408021,-808,1964,62.0,2026-06-25,0.25,37.7,False
4111,603313,梦百合,5.92,5.9,3.88,-22.16,5.488976884598,0.4735348,63.58842482,1358,1335,75.2,2026-06-25,7.85,47.8,False
4112,603315,福鞍股份,15.31,-2.48,0.67,61.08,15.848920520035,0.2792696,63.83769416,34,1286,64.0,2026-06-25,-3.4,40.9,False
4113,603316,诚邦股份,22.08,-8.23,5.66,62.09,23.883242555134,0.3422544,66.32679474,129,897,80.4,2026-06-25,-7.55,53.3,False
4114,603317,天味食品,13.52,1.73,1.08,14.39,13.558209836898,0.2559812,70.30644032,-263,472,84.4,2026-06-25,-0.28,59.3,False
4115,603318,水发燃气,8.92,-5.81,4.73,234.78,9.5942027076,0.2648272,59.12203168,-945,2381,84.4,2026-06-25,-7.03,49.9,False
4116,603319,美湖股份,32.9,-2.61,1.29,125.86,34.383664256573,0.4432976,64.19118321,775,1217,76.0,2026-06-25,-4.32,48.8,False
4117,603320,迪贝电气,18.12,-4.13,0.69,42.23,19.206724445674,0.1691856,53.21428334,-1335,3939,61.2,2026-06-25,-5.66,32.6,False
4118,603321,梅轮电梯,5.91,-1.99,0.32,78.33,6.02119878362,0.1861176,56.52308591,455,3099,63.6,2026-06-25,-1.85,35.9,False
4119,603322,超讯科技,26.44,-3.96,1.33,25.0,28.014711658201,0.2420424,52.51167205,-1391,4092,68.4,2026-06-25,-5.62,35.9,False
4120,603323,苏农银行,4.02,-0.5,0.34,4.83,4.053732539405,0.345002,58.61269818,288,2526,67.2,2026-06-25,-0.83,39.4,False
4121,603324,盛剑科技,50.0,4.69,3.96,-70.69,48.688110942231,0.4022328,63.96130588,55,1261,87.6,2026-06-25,2.69,56.0,False
4122,603325,博隆技术,51.03,-1.07,0.43,31.04,51.829944176481,0.226036,53.49040402,-398,3871,62.0,2026-06-25,-1.54,33.2,False
4123,603326,我乐家居,6.29,-1.26,0.27,55.71,6.443885183504,0.0705492,59.48349382,81,2295,64.0,2026-06-25,-2.39,38.1,False
4124,603327,福蓉科技,9.74,-9.98,2.78,52.74,10.98527164089,0.2167756,66.72489062,-726,834,86.0,2026-06-25,-11.34,57.4,False
4125,603328,依顿电子,13.51,-2.74,0.84,89.52,13.935449444588,0.3168932,68.69518978,927,604,81.6,2026-06-25,-3.05,56.1,False
4126,603329,上海雅仕,9.08,-2.37,0.44,14.12,9.316193743627,0.0681876,53.41394151,117,3886,65.2,2026-06-25,-2.54,34.8,False
4127,603330,天洋新材,7.68,0.66,2.32,246.42,7.691665500755,0.2419256,50.44639204,-826,4513,75.6,2026-06-25,-0.15,38.1,False
4128,603331,百达精工,10.55,-1.77,0.68,879.1,10.82568704788,0.1704252,44.12349716,-42,5133,62.0,2026-06-25,-2.55,27.4,False
4129,603332,XD苏州龙,10.39,-2.53,0.35,29.06,10.689864543955,0.1023808,58.517559,-31,2547,64.4,2026-06-25,-2.81,37.7,False
4130,603333,福华尚纬,7.41,-2.11,0.55,2101.63,7.541209212923,0.2566368,51.36976946,171,4335,70.0,2026-06-25,-1.74,36.0,False
4131,603334,丰倍生物,36.05,-3.58,1.25,31.64,36.344137090105,0.3208488,59.4642643,1253,2302,58.8,2026-06-25,-0.81,35.0,False
4132,603335,迪生力,8.93,-1.87,7.26,-48.23,8.920308520322,0.4080992,65.3327282,2018,1033,82.8,2026-06-25,0.11,54.1,False
4133,603336,宏辉果蔬,7.39,-1.86,0.45,373.77,7.593855116479,0.2305812,52.15765783,-1483,4177,68.4,2026-06-25,-2.68,35.7,False
4134,603337,杰克科技,37.96,-2.04,0.16,17.61,38.872085858698,0.2145536,65.46183438,-545,1015,69.2,2026-06-25,-2.35,45.3,False
4135,603338,浙江鼎力,44.85,2.89,0.38,12.54,45.046127413444,0.249378,64.06597124,-426,1237,71.6,2026-06-25,-0.44,45.9,False
4136,603339,四方科技,14.52,-2.09,1.16,26.53,14.915043766495,0.2011936,65.6394078,-798,991,81.2,2026-06-25,-2.65,53.3,False
4137,603341,龙旗科技,44.75,6.7,4.85,379.43,41.786791965316,0.3835408,74.41421675,37,202,82.4,2026-06-25,7.09,61.3,False
4138,603344,星德胜,24.31,-2.37,0.8,35.22,24.849107014423,0.1414556,54.01140991,-175,3761,61.6,2026-06-25,-2.17,33.3,False
4139,603345,安井食品,81.41,-1.74,0.38,12.05,83.745840024939,0.2522688,68.86129591,632,589,76.0,2026-06-25,-2.79,52.3,False
4140,603348,文灿股份,13.49,-2.67,0.18,-13.29,13.885448649568,0.1504376,47.71158648,93,4914,66.8,2026-06-25,-2.85,31.9,False
4141,603350,安乃达,30.23,-0.95,0.77,32.49,30.638129952079,0.2101392,61.37185366,158,1804,65.6,2026-06-25,-1.33,40.3,False
4142,603351,威尔药业,24.24,-2.57,0.12,21.81,24.753387244862,0.2190556,62.4941401,-426,1545,68.4,2026-06-25,-2.07,42.7,False
4143,603352,至信股份,26.06,-1.99,0.57,60.99,26.693933622301,0.11075,53.8030245,1,3810,62.4,2026-06-25,-2.37,33.6,False
4144,603353,和顺石油,38.46,-2.88,0.82,74.89,38.647727725384,0.2662028,63.77264282,2608,1299,67.2,2026-06-25,-0.49,42.9,False
4145,603355,莱克电气,28.3,-2.55,0.1,233.72,29.418506938847,0.2523464,58.24540744,220,2624,70.0,2026-06-25,-3.8,40.8,False
4146,603356,华菱精工,17.33,-2.04,0.91,-27.73,18.053278242467,0.3000716,56.71985589,-1383,3040,69.6,2026-06-25,-4.01,39.5,False
4147,603357,设计总院,6.14,-0.49,0.13,43.2,6.190065955005,0.0856824,58.78509526,91,2468,67.2,2026-06-25,-0.81,39.5,False
4148,603358,XD华达科,41.6,-0.98,0.81,-63.52,41.71783289479,0.4150052,58.23648975,-670,2627,75.6,2026-06-25,-0.28,44.0,False
4149,603359,*ST东珠,2.13,-4.05,0.98,-16.88,2.237694306677,0.227533137255,44.08478977,65,5136,62.8,2026-06-25,-4.81,27.7,False
4150,603360,百傲化学,16.25,-0.06,0.74,144.69,16.60765924555,0.2640796,51.62018858,-732,4293,66.8,2026-06-25,-2.15,34.5,False
4151,603363,傲农生物,2.62,-0.38,0.38,-134.2,2.637306951639,0.2365224,47.00328707,36,4978,68.8,2026-06-25,-0.66,32.3,False
4152,603365,水星家纺,15.95,-1.66,0.17,9.96,16.220550999487,0.0736156,65.339973,-35,1032,59.2,2026-06-25,-1.67,38.7,False
4153,603366,日出东方,6.28,-1.72,0.35,-32.14,6.398668107446,0.148792,55.48466391,476,3383,70.0,2026-06-25,-1.85,38.8,False
4154,603367,辰欣药业,12.77,-1.54,0.34,11.06,12.927796610788,0.199626,57.94288428,-1356,2697,68.0,2026-06-25,-1.22,39.4,False
4155,603368,柳药集团,14.91,-1.71,0.29,6.59,15.193398930719,0.1911012,59.6419155,107,2257,71.6,2026-06-25,-1.87,42.7,False
4156,603369,今世缘,24.77,0.36,0.44,5.57,24.434155325447,0.2795732,73.30009773,214,257,80.8,2026-06-25,1.37,59.2,False
4157,603370,华新精科,36.54,-0.49,1.13,47.83,37.476977297251,0.1520308,48.19389922,-201,4850,59.6,2026-06-25,-2.5,28.7,False
4158,603373,安邦护卫,38.5,1.1,1.42,62.17,39.901082287943,0.3375904,67.88361895,-20,680,65.2,2026-06-25,-3.51,44.3,False
4159,603375,盛景微,46.61,-1.48,0.76,475.6,47.71136403142,0.2094588,54.31537387,-304,3673,66.4,2026-06-25,-2.31,36.1,False
4160,603376,大明电子,25.1,-1.1,0.81,185.51,25.517284839299,0.12091,53.84947235,194,3799,60.8,2026-06-25,-1.64,32.7,False
4161,603377,ST东时,2.97,4.58,0.63,-7.94,2.845232515102,0.2761544,44.7046053,-4,5113,64.4,2026-06-25,4.39,28.8,False
4162,603378,*ST亚士,5.16,2.99,0.81,-5.67,4.733640758639,0.393939607843,56.13592622,1839,3191,63.2,2026-06-25,9.01,35.5,False
4163,603379,三美股份,67.33,-0.04,0.63,20.32,67.915608246654,0.4071276,70.72669135,-366,434,84.0,2026-06-25,-0.86,59.4,False
4164,603380,易德龙,44.99,-0.9,0.99,59.11,45.940768720421,0.2900408,73.13345946,218,268,76.0,2026-06-25,-2.07,55.6,False
4165,603381,永臻股份,15.57,-0.89,1.02,37.9,15.72709086434,0.1511664,49.3552426,-738,4676,59.2,2026-06-25,-1.0,29.2,False
4166,603382,海阳科技,17.45,-2.08,0.34,50.51,17.839165599436,0.0964132,49.92765674,-730,4582,61.6,2026-06-25,-2.18,30.8,False
4167,603383,顶点软件,27.79,-2.59,0.58,30.72,28.638352392373,0.2350104,66.6983682,1264,837,66.8,2026-06-25,-2.96,44.6,False
4168,603385,惠达卫浴,4.9,-2.0,0.27,-15.3,5.023467178232,0.0821704,54.04930592,852,3748,64.0,2026-06-25,-2.46,34.6,False
4169,603386,骏亚科技,21.15,5.22,4.71,-84.37,19.68160784349,0.3087072,64.0245612,-162,1248,88.0,2026-06-25,7.46,56.3,False
4170,603387,基蛋生物,7.62,-2.31,0.46,12.66,7.84395835102,0.1956316,54.53853857,-1441,3618,62.4,2026-06-25,-2.86,34.0,False
4171,603389,*ST亚振,58.3,0.48,0.09,-259.02,58.123109485014,0.3843276,55.93679969,328,3257,68.4,2026-06-25,0.3,38.3,False
4172,603390,通达电气,10.85,-2.25,0.49,14.94,11.18007788836,0.1421608,56.57719731,193,3077,64.8,2026-06-25,-2.95,36.7,False
4173,603391,力聚热能,54.0,3.05,1.36,328.11,52.875786944997,0.2402096,62.18073582,1464,1607,59.2,2026-06-25,2.13,36.8,False
4174,603392,万泰生物,26.94,-1.86,0.09,-198.11,27.190924073096,0.156214,51.3926822,402,4332,75.2,2026-06-25,-0.92,38.6,False
4175,603393,新天然气,22.97,-0.35,0.39,16.77,23.390968300232,0.2536592,58.484998,-1097,2558,67.6,2026-06-25,-1.8,39.5,False
4176,603395,红四方,20.49,-1.68,0.9,64.09,20.850460648572,0.1268768,50.63965741,-42,4486,66.0,2026-06-25,-1.73,33.4,False
4177,603396,金辰股份,26.06,-0.61,0.83,41.41,26.303035886533,0.1577116,53.84743947,-149,3800,67.6,2026-06-25,-0.92,36.4,False
4178,603398,*ST沐邦,14.07,-0.85,0.23,-20.54,14.283708653653,0.364596,54.13713288,-2,3720,68.0,2026-06-25,-1.5,36.8,False
4179,603399,永杉锂业,22.04,-3.08,6.52,21.3,22.999738930341,0.3427872,65.28976783,-828,1038,94.4,2026-06-25,-4.17,61.6,False
4180,603400,华之杰,54.4,-2.07,1.07,43.67,55.759716141741,0.2440452,52.57463061,-461,4083,60.4,2026-06-25,-2.44,31.8,False
4181,603402,陕西旅游,59.85,-3.12,1.32,36.53,61.891689746526,0.2231248,55.89378067,247,3269,62.0,2026-06-25,-3.3,34.7,False
4182,603406,天富龙,26.01,-1.1,0.62,23.59,26.489446915797,0.1076544,54.81307805,-37,3548,61.6,2026-06-25,-1.81,33.8,False
4183,603408,建霖家居,9.82,-1.21,0.08,11.65,9.913852655133,0.13523,62.81515266,-479,1492,61.6,2026-06-25,-0.95,38.7,False
4184,603409,汇通控股,18.36,-2.03,1.94,20.72,18.882813116267,0.2051384,50.89740609,-717,4434,61.6,2026-06-25,-2.77,31.4,False
4185,603416,信捷电气,51.48,-3.14,0.72,37.16,54.058201074223,0.2496,62.57167021,-748,1534,69.6,2026-06-25,-4.77,43.5,False
4186,603418,友升股份,47.66,-0.25,0.72,22.29,48.753489802517,0.2584556,60.80594083,-498,1967,63.6,2026-06-25,-2.24,38.7,False
4187,603421,鼎信通讯,6.07,-2.25,0.29,-10.56,6.242836080087,0.13359,53.82921106,897,3805,64.8,2026-06-25,-2.77,34.9,False
4188,603429,*ST集友,8.85,-5.04,0.7,-262.06,9.32217352053,0.3826132,48.69450785,-399,4782,65.6,2026-06-25,-5.07,31.9,False
4189,603439,三力制药,14.26,1.93,0.85,32.83,14.261735842997,0.2143444,55.1883273,-541,3452,71.6,2026-06-25,-0.01,39.5,False
4190,603444,吉比特,335.26,-3.09,1.04,11.67,345.920473176373,0.4192448,76.62968451,60,105,74.4,2026-06-25,-3.08,57.0,False
4191,603456,九洲药业,13.18,0.3,0.67,17.03,13.002210889331,0.2689696,60.5356723,-1296,2028,80.4,2026-06-25,1.37,48.7,False
4192,603458,勘设股份,16.3,6.61,4.96,-78.19,14.704217566415,0.45091,66.09700999,505,926,71.6,2026-06-25,10.85,47.3,False
4193,603466,风语筑,10.58,-1.4,1.34,36.93,10.712841609097,0.2731376,61.23798013,-698,1849,85.2,2026-06-25,-1.24,52.2,False
4194,603477,巨星农牧,13.09,1.32,0.91,-4.8,12.902672669876,0.1960388,51.77806608,119,4253,68.4,2026-06-25,1.45,35.4,False
4195,603486,科沃斯,50.11,-2.64,0.19,17.91,51.539904661763,0.2600504,62.88514838,575,1473,75.6,2026-06-25,-2.77,47.5,False
4196,603488,展鹏科技,10.29,-3.83,1.04,-40.26,10.80510697442,0.3074408,51.34867375,-482,4339,69.2,2026-06-25,-4.77,35.5,False
4197,603489,八方股份,29.2,-2.11,0.22,38.27,30.049583578777,0.1581272,50.89511926,-98,4436,62.0,2026-06-25,-2.83,31.6,False
4198,603496,恒为科技,23.29,-5.06,1.62,320.51,24.920395306942,0.234396,61.40635214,-723,1794,77.2,2026-06-25,-6.54,47.4,False
4199,603499,翔港科技,14.38,-0.48,0.42,49.74,14.663878167841,0.3325304,62.00575607,-628,1655,69.2,2026-06-25,-1.94,42.9,False
4200,603500,祥和实业,12.96,0.0,2.98,27.42,12.575586364615,0.413236,73.71542394,1301,231,72.8,2026-06-25,3.06,53.7,False
4201,603501,豪威集团,87.54,-2.42,0.46,54.89,90.336069731032,0.3847076,68.49278238,-407,624,81.6,2026-06-25,-3.1,55.9,False
4202,603505,金石资源,19.77,0.87,0.98,67.91,19.897271037045,0.3062744,63.85458509,-1003,1282,76.8,2026-06-25,-0.64,49.0,False
4203,603506,南都物业,9.5,-2.86,0.37,9.35,9.76205262312,0.1225176,60.82938121,53,1957,62.8,2026-06-25,-2.68,38.2,False
4204,603507,振江股份,33.93,-1.57,0.8,16.06,35.115883930322,0.2409352,56.9659622,-411,2968,65.2,2026-06-25,-3.38,37.1,False
4205,603508,思维列控,20.83,-1.28,0.29,12.36,21.25613180079,0.2513496,61.97290766,50,1669,72.4,2026-06-25,-2.0,44.9,False
4206,603511,爱慕股份,11.7,-1.02,0.07,12.73,11.922594981446,0.0806964,56.96598031,-631,2967,63.2,2026-06-25,-1.87,36.0,False
4207,603515,欧普照明,16.63,-2.12,0.06,23.58,17.81262603647,0.0865972,63.12610082,-514,1430,64.0,2026-06-25,-6.64,40.4,False
4208,603516,淳中科技,127.52,-1.86,1.04,3789.94,131.28088357324,0.291676,59.87768089,0,2199,77.6,2026-06-25,-2.86,46.5,False
4209,603517,ST绝味,9.81,-1.11,0.3,20.83,9.968080792173,0.2489456,48.1435101,197,4857,68.8,2026-06-25,-1.59,33.1,False
4210,603518,锦泓集团,7.2,-1.77,0.63,5.61,7.371658909395,0.1692336,54.97803604,-353,3506,66.8,2026-06-25,-2.33,36.7,False
4211,603519,立霸股份,14.99,-2.91,0.81,29.52,15.49297163757,0.1599184,64.02995316,-885,1246,77.6,2026-06-25,-3.25,49.7,False
4212,603520,司太立,10.13,-2.22,1.69,52.99,10.208482576898,0.2673256,61.06759001,1911,1897,68.8,2026-06-25,-0.77,42.0,False
4213,603527,众源新材,13.48,-4.26,2.53,27.82,13.682884398205,0.4473448,73.53014071,1418,245,73.6,2026-06-25,-1.48,54.1,False
4214,603528,多伦科技,5.97,-2.29,0.36,-52.23,6.145979962999,0.1547408,47.76603952,-66,4904,74.4,2026-06-25,-2.86,35.5,False
4215,603529,爱玛科技,19.19,-1.03,0.09,21.23,19.348370301171,0.1954688,61.05409463,-59,1901,69.2,2026-06-25,-0.82,42.2,False
4216,603530,神马电力,52.77,-2.28,0.1,57.95,53.276252518961,0.1675456,61.11948371,-7,1882,68.0,2026-06-25,-0.95,41.6,False
4217,603533,掌阅科技,20.39,-4.0,1.02,-66.34,21.464524212666,0.2248644,58.7188701,-1122,2486,84.8,2026-06-25,-5.01,49.8,False
4218,603535,嘉诚国际,6.08,-3.03,0.5,42.16,6.270257759342,0.1454256,49.2400098,-476,4696,62.8,2026-06-25,-3.03,30.9,False
4219,603536,惠发食品,7.85,-2.61,0.5,678.65,8.07744052158,0.0735236,46.9730169,63,4980,68.4,2026-06-25,-2.82,32.1,False
4220,603538,美诺华,33.44,-2.28,1.98,65.14,34.658855579718,0.21627,48.43852461,-5,4818,67.2,2026-06-25,-3.52,32.6,False
4221,603551,奥普科技,8.74,-1.24,0.08,20.45,8.894398782225,0.11117,63.74763145,958,1303,62.8,2026-06-25,-1.74,40.0,False
4222,603556,海兴电力,21.51,0.7,0.41,28.76,21.306613014342,0.2426844,59.35395777,-776,2327,67.2,2026-06-25,0.95,39.9,False
4223,603557,*ST起步,4.21,-2.55,0.2,-22.47,4.336819320462,0.319079215686,47.40112679,-239,4935,65.2,2026-06-25,-2.92,30.9,True
4224,603558,健盛集团,11.12,-0.98,0.18,10.43,11.092974558376,0.1598572,65.84690539,1073,961,61.2,2026-06-25,0.24,40.3,False
4225,603559,ST通脉,7.64,-2.55,0.53,113.73,7.901287000767,0.3795184,50.79196763,-138,4459,67.6,2026-06-25,-3.31,34.3,False
4226,603565,中谷物流,10.32,-0.39,0.09,10.28,10.331236370182,0.139882,59.57940389,373,2271,68.0,2026-06-25,-0.11,40.5,False
4227,603566,普莱柯,9.99,-2.25,0.16,21.22,10.1195183538,0.1186796,56.62223308,-918,3066,66.4,2026-06-25,-1.28,37.6,False
4228,603567,珍宝岛,4.33,-4.63,1.55,-5.66,4.691641892539,0.2502072,43.38652635,40,5158,67.6,2026-06-25,-7.71,29.3,False
4229,603568,伟明环保,15.92,0.38,0.06,18.59,15.824350417163,0.2842712,71.20156488,-38,396,74.0,2026-06-25,0.6,52.7,False
4230,603569,长久物流,5.25,-0.94,0.17,833.59,5.240033403964,0.1598984,51.91793263,157,4228,68.8,2026-06-25,0.19,35.7,False
4231,603577,汇金通,8.58,-2.05,0.27,53.48,8.815920288886,0.1688852,52.09266333,-108,4190,64.0,2026-06-25,-2.68,33.3,False
4232,603578,三星新材,12.64,-0.94,1.48,-245.13,13.007986230794,0.2190884,55.6191928,-1572,3355,69.2,2026-06-25,-2.83,38.5,False
4233,603579,荣泰健康,16.91,-2.87,0.44,12.19,17.700824703677,0.1582868,58.46157002,-1477,2565,68.0,2026-06-25,-4.47,39.8,False
4234,603580,*ST艾艾,23.14,-2.77,0.07,270.95,23.86983681592,0.323156,60.31251715,508,2088,66.4,2026-06-25,-3.06,40.0,False
4235,603583,捷昌驱动,21.67,-2.39,0.3,41.41,22.299621518894,0.2690872,56.8453931,-73,3001,68.0,2026-06-25,-2.82,38.7,False
4236,603585,苏利股份,13.67,-2.29,0.28,31.22,13.96690016663,0.163062,53.32432301,-1431,3916,59.2,2026-06-25,-2.13,31.6,False
4237,603586,金麒麟,12.55,-2.79,0.64,72.26,13.029206411429,0.1739936,48.80634443,160,4761,66.8,2026-06-25,-3.68,32.6,False
4238,603587,地素时尚,11.2,-1.75,0.09,13.15,11.442860381422,0.1002552,59.51172885,87,2288,65.6,2026-06-25,-2.12,39.0,False
4239,603588,高能环境,19.05,-2.81,3.39,12.04,19.471081402839,0.4404852,68.8106901,72,594,88.8,2026-06-25,-2.16,61.1,False
4240,603589,口子窖,19.05,-0.31,0.24,8.67,19.056594346622,0.1612136,55.87565243,801,3273,75.6,2026-06-25,-0.03,42.2,False
4241,603590,康辰药业,28.88,-0.41,0.35,24.32,28.986379345499,0.1564016,58.4876384,-350,2556,66.0,2026-06-25,-0.37,38.6,False
4242,603595,ST东尼,36.98,5.0,1.38,90.3,35.219043067862,0.521784,65.8437432,-18,962,78.8,2026-06-25,5.0,51.9,False
4243,603596,伯特利,24.12,-3.09,0.61,20.15,25.058698931792,0.3113896,56.692733,-96,3045,72.8,2026-06-25,-3.75,41.3,False
4244,603598,引力传媒,17.2,-3.53,1.07,111.63,17.926563226402,0.2007844,55.62793323,-603,3353,75.2,2026-06-25,-4.05,41.8,False
4245,603599,广信股份,10.18,-1.07,0.27,14.72,10.315615069729,0.2871724,55.22188631,-1149,3442,63.2,2026-06-25,-1.31,34.9,False
4246,603600,永艺股份,9.21,-0.54,0.23,10.56,9.265940831676,0.100788,62.36670986,-718,1572,67.6,2026-06-25,-0.6,42.2,False
4247,603601,再升科技,12.04,-1.79,2.32,240.34,12.313474064999,0.2598548,51.28176317,-48,4353,76.8,2026-06-25,-2.22,39.4,False
4248,603602,纵横通信,11.35,-1.3,0.65,132.01,11.633619241088,0.1599576,53.86863107,-504,3789,68.8,2026-06-25,-2.44,37.1,False
4249,603605,珀莱雅,55.79,-1.13,0.28,15.06,55.921316260285,0.2635436,69.22833601,598,563,77.2,2026-06-25,-0.23,53.4,False
4250,603606,东方电缆,39.31,0.23,0.63,21.82,39.173559755761,0.2579108,63.73516475,189,1307,76.0,2026-06-25,0.35,48.4,False
4251,603607,京华激光,22.26,-2.5,0.82,37.19,22.830202116046,0.2081524,58.5636225,-55,2535,78.4,2026-06-25,-2.5,45.9,False
4252,603608,天创时尚,22.73,2.16,2.01,185.73,22.571744624089,0.3681112,52.48864559,129,4099,73.2,2026-06-25,0.7,38.4,False
4253,603609,禾丰股份,5.66,-0.88,0.08,148.39,5.670026611257,0.07517,54.95178373,-897,3514,68.0,2026-06-25,-0.18,37.4,False
4254,603610,麒盛科技,18.73,-1.83,0.43,49.02,19.167770112774,0.2495332,63.10163626,253,1433,72.8,2026-06-25,-2.28,45.9,False
4255,603611,诺力股份,16.11,-2.01,0.18,13.89,16.471935510158,0.1890768,56.56914882,23,3081,66.0,2026-06-25,-2.2,37.3,False
4256,603612,索通发展,18.9,1.39,0.72,11.4,18.615339369346,0.2738248,57.8177256,8,2734,68.4,2026-06-25,1.53,39.5,False
4257,603613,国联股份,19.07,-2.85,0.38,12.54,19.60122712557,0.2875428,60.93155039,-1078,1926,69.6,2026-06-25,-2.71,42.4,False
4258,603615,茶花股份,15.64,-3.81,0.43,188.55,16.304681668248,0.211384,55.00081794,-161,3503,62.0,2026-06-25,-4.08,34.1,False
4259,603616,韩建河山,6.12,-0.16,1.76,-60.4,6.164018555795,0.182022,48.90106985,271,4745,84.8,2026-06-25,-0.71,41.5,False
4260,603617,君禾股份,7.21,-2.3,0.78,40.16,7.233036284291,0.2616804,60.74908692,400,1983,65.6,2026-06-25,-0.32,39.9,False
4261,603618,杭电股份,53.78,-5.96,2.84,114.98,55.109591960835,0.438012,72.21652172,282,327,91.2,2026-06-25,-2.41,65.9,False
4262,603619,中曼石油,19.38,-0.67,1.1,70.76,19.78161302896,0.1904436,47.32626241,-95,4940,67.6,2026-06-25,-2.03,32.0,False
4263,603626,科森科技,18.86,-3.73,1.19,6.79,20.02577901486,0.2691884,49.76218744,47,4606,73.6,2026-06-25,-5.82,36.6,False
4264,603628,清源股份,9.41,-0.63,0.34,142.77,9.488225472429,0.1868852,57.82625433,75,2731,68.0,2026-06-25,-0.82,39.3,False
4265,603629,利通电子,189.08,-9.04,4.71,45.71,213.359573993701,0.427882,68.75293079,-500,597,95.2,2026-06-25,-11.38,65.5,False
4266,603630,拉芳家化,12.61,-3.67,1.07,33.08,13.252145072976,0.18976,59.46009098,13,2305,76.8,2026-06-25,-4.85,45.7,False
4267,603633,徕木股份,7.2,-3.36,1.15,-21.45,7.42433061211,0.2591868,54.13114326,-153,3724,73.2,2026-06-25,-3.02,39.6,False
4268,603636,南威软件,8.02,-2.31,0.81,-23.36,8.397907673746,0.233552,45.65214577,-996,5077,73.6,2026-06-25,-4.5,33.6,False
4269,603637,XD镇海股,18.87,-1.87,0.6,-598.05,19.068864447245,0.3260204,64.76634941,-22,1122,66.4,2026-06-25,-1.04,43.0,False
4270,603638,艾迪精密,22.63,-0.53,0.45,32.01,23.191173510191,0.2153512,62.93901003,-422,1463,75.6,2026-06-25,-2.42,47.6,False
4271,603639,海利尔,10.19,-0.49,0.07,11.83,10.233809447035,0.1417416,56.34104924,1070,3146,62.4,2026-06-25,-0.43,35.2,False
4272,603648,畅联股份,9.22,-1.18,0.43,25.11,9.247803485434,0.1996352,64.83081181,1660,1110,70.8,2026-06-25,-0.3,45.9,False
4273,603650,彤程新材,84.94,8.86,2.79,71.76,77.953148939152,0.3924536,72.31542619,-285,317,94.4,2026-06-25,8.96,68.3,False
4274,603655,朗博科技,28.83,-3.32,0.36,92.91,30.117554585153,0.2522888,52.62359131,-1335,4073,59.6,2026-06-25,-4.28,31.4,False
4275,603656,泰禾智能,16.97,-2.97,0.5,138.3,17.614850877193,0.2255864,54.72447519,-1114,3573,71.6,2026-06-25,-3.66,39.2,False
4276,603657,春光科技,23.8,6.34,3.45,-22.72,22.910376990122,0.2005084,57.80640348,495,2736,66.4,2026-06-25,3.88,38.4,False
4277,603658,安图生物,29.21,-1.32,0.07,17.65,29.375970601423,0.1618808,62.31619125,359,1582,72.8,2026-06-25,-0.56,45.4,False
4278,603659,璞泰来,27.82,-2.56,0.43,21.18,28.668298826804,0.294928,62.75866603,-502,1503,72.8,2026-06-25,-2.96,45.7,False
4279,603660,苏州科达,12.35,-3.89,1.26,-10.75,13.03945359575,0.3661272,57.9172708,-1226,2702,76.4,2026-06-25,-5.29,44.2,False
4280,603661,恒林股份,38.29,2.65,3.16,22.57,36.814015249288,0.495664,77.11764249,175,90,74.4,2026-06-25,4.01,57.4,False
4281,603662,柯力传感,66.91,-0.39,1.32,114.24,67.599776243338,0.3112012,63.05988519,-225,1445,88.0,2026-06-25,-1.02,55.5,False
4282,603663,三祥新材,96.36,-4.1,1.58,276.43,99.801690524263,0.417678,66.63053395,-636,847,90.4,2026-06-25,-3.45,60.2,False
4283,603665,康隆达,26.2,-0.53,0.27,65.64,26.287478550876,0.2700432,52.45716447,-199,4107,64.8,2026-06-25,-0.33,34.0,False
4284,603666,亿嘉和,27.71,2.59,1.03,-28.05,27.130633237664,0.307776,53.76906901,-871,3816,72.4,2026-06-25,2.14,38.9,False
4285,603667,五洲新春,62.12,-3.04,1.66,193.19,65.29275767243,0.3032384,52.6450153,-1917,4068,80.8,2026-06-25,-4.86,42.5,False
4286,603668,天马科技,12.67,6.2,1.34,238.92,11.655662002795,0.2762604,59.44061704,401,2311,76.4,2026-06-25,8.7,45.4,False
4287,603669,灵康药业,5.52,-1.6,1.71,332.56,5.68828592856,0.2897228,65.49500585,-341,1010,81.6,2026-06-25,-2.96,53.4,False
4288,603676,卫信康,8.34,-1.3,0.08,13.28,8.373083260368,0.0625104,61.85815596,425,1697,65.2,2026-06-25,-0.4,40.3,False
4289,603677,奇精机械,13.09,-2.68,0.25,54.0,13.543470484962,0.1107592,57.40719903,649,2843,64.8,2026-06-25,-3.35,37.2,False
4290,603678,火炬电子,79.35,5.62,5.34,237.86,74.507423269409,0.6536064,76.78869929,121,100,93.6,2026-06-25,6.5,71.9,False
4291,603679,华体科技,20.86,-1.65,1.36,-65.67,21.144124099687,0.247746,67.3431155,228,751,81.6,2026-06-25,-1.34,55.0,False
4292,603680,今创集团,9.82,-1.8,0.11,10.19,10.057512504178,0.133002,58.91000156,136,2440,58.4,2026-06-25,-2.36,34.4,False
4293,603681,永冠新材,23.24,-1.53,2.71,51.58,24.098624327783,0.3651544,65.14862624,-128,1058,75.6,2026-06-25,-3.56,49.3,False
4294,603682,锦和商管,7.48,1.63,0.59,96.96,7.513922411124,0.2347948,54.27008882,-1974,3688,64.0,2026-06-25,-0.45,34.7,False
4295,603683,晶华新材,30.65,-2.39,1.08,87.3,31.792342550928,0.3848452,63.67792013,-597,1318,76.8,2026-06-25,-3.59,48.9,False
4296,603685,晨丰科技,29.76,-0.13,0.26,188.78,29.774862978264,0.2505904,56.81168129,-803,3011,67.6,2026-06-25,-0.05,38.4,False
4297,603686,福龙马,13.18,-1.93,0.56,20.97,13.595249471588,0.1414624,51.92335968,-15,4226,68.8,2026-06-25,-3.05,35.7,False
4298,603687,大胜达,18.81,10.0,7.02,117.23,17.487294465766,0.3172496,57.76880509,-838,2749,76.0,2026-06-25,7.56,43.9,False
4299,603688,石英股份,84.44,1.05,2.31,310.98,80.819870350097,0.4278848,62.42050552,437,1563,90.0,2026-06-25,4.48,56.2,False
4300,603689,皖天然气,7.19,0.56,0.28,8.25,7.237609565781,0.2174068,57.13510729,-382,2926,63.6,2026-06-25,-0.66,36.3,False
4301,603690,至纯科技,33.86,-2.05,8.75,-41.11,32.888056896605,0.4642288,70.06658719,2440,483,91.2,2026-06-25,2.96,63.9,False
4302,603693,江苏新能,13.18,2.81,0.64,26.83,12.722045289554,0.16909,53.51259424,274,3864,71.2,2026-06-25,3.6,38.1,False
4303,603696,安记食品,11.74,-1.84,0.67,61.67,12.034700867801,0.0879888,58.31567983,142,2606,68.4,2026-06-25,-2.45,39.9,False
4304,603697,有友食品,10.14,-2.5,0.24,16.48,10.442020269786,0.1299048,60.27743439,-389,2096,66.8,2026-06-25,-2.89,40.3,False
4305,603698,航天工程,40.61,2.58,2.78,132.84,40.589343356398,0.4543508,73.00884149,95,278,82.0,2026-06-25,0.05,59.9,False
4306,603699,纽威股份,50.01,-0.6,0.15,28.08,50.489703624176,0.1400392,66.89452397,-222,799,64.0,2026-06-25,-0.95,42.8,False
4307,603700,XD宁水集,11.46,-0.43,0.62,53.08,11.374948864428,0.1647816,64.96820853,793,1084,65.6,2026-06-25,0.75,42.6,False
4308,603701,德宏股份,21.28,-0.56,0.3,166.48,21.518453549059,0.2942156,51.68391644,-449,4278,63.6,2026-06-25,-1.11,32.9,False
4309,603703,盛洋科技,10.82,-4.33,1.2,183.73,11.503708591587,0.2291304,57.07157684,-521,2937,68.8,2026-06-25,-5.94,39.3,False
4310,603706,东方环宇,18.25,-2.77,0.25,8.42,18.886576773188,0.0499252,59.1106137,51,2384,64.0,2026-06-25,-3.37,37.8,False
4311,603707,健友股份,7.04,-1.4,0.15,31.95,6.976356798864,0.2046496,59.34126564,235,2329,65.6,2026-06-25,0.91,38.9,False
4312,603708,家家悦,8.68,-0.57,0.13,9.13,8.744919529641,0.0827856,59.24656237,227,2350,65.2,2026-06-25,-0.74,38.6,False
4313,603709,中源家居,13.5,-3.02,0.36,208.82,14.047506518069,0.090706,55.50808758,1055,3373,58.8,2026-06-25,-3.9,32.6,False
4314,603711,香飘飘,11.53,-2.21,0.23,12.74,11.981202304919,0.0663488,58.83160287,501,2457,66.8,2026-06-25,-3.77,39.3,False
4315,603712,七一二,12.35,-2.22,0.34,-36.55,12.783236519378,0.1822516,47.1539793,-37,4960,70.0,2026-06-25,-3.39,33.0,False
4316,603713,密尔克卫,75.28,-0.49,1.76,16.14,74.310390203186,0.4276612,69.67558046,-364,521,79.2,2026-06-25,1.3,55.2,False
4317,603716,塞力医疗,14.9,-3.31,2.85,-48.01,15.60364671713,0.1927044,52.61376785,-2744,4075,77.6,2026-06-25,-4.51,40.8,False
4318,603717,天域生物,6.14,1.66,2.32,-42.34,6.251739650551,0.2257844,55.97828196,530,3243,74.8,2026-06-25,-1.79,41.9,False
4319,603718,*ST海利,2.81,-1.75,0.66,72.28,2.90101914723,0.278396666667,43.89123565,3,5143,66.4,2026-06-25,-3.14,29.1,False
4320,603719,良品铺子,8.86,-2.21,0.33,18.62,9.050169603574,0.093898,52.20549926,-773,4168,71.6,2026-06-25,-2.1,37.4,False
4321,603721,中广天择,17.6,-7.85,2.01,-75.86,19.413981842084,0.248304821429,57.40629634,-858,2844,76.0,2026-06-25,-9.34,43.6,False
4322,603722,阿科力,37.7,4.72,1.91,-70.87,36.301941839972,0.1800368,51.39572563,-1204,4330,66.8,2026-06-25,3.85,34.3,False
4323,603725,天安新材,11.91,-1.41,0.95,46.87,11.833245916211,0.3446444,67.98393928,-470,666,77.2,2026-06-25,0.65,52.5,False
4324,603726,朗迪集团,30.0,3.81,1.6,15.93,29.344574705058,0.2266712,63.46899967,-925,1356,73.2,2026-06-25,2.23,46.5,False
4325,603727,博迈科,17.94,-3.29,0.52,-21.45,18.339651660791,0.1849448,57.17414782,785,2912,72.0,2026-06-25,-2.18,41.2,False
4326,603728,鸣志电器,56.66,-3.69,0.68,429.43,59.992392331032,0.26863,57.47750334,696,2819,85.2,2026-06-25,-5.55,49.0,False
4327,603729,ST龙韵,10.54,-2.04,0.28,100.9,10.726105336716,0.109196078431,49.38009597,124,4671,63.2,2026-06-25,-1.74,31.2,False
4328,603730,岱美股份,10.88,-1.63,0.17,31.35,11.146406580404,0.2879628,63.70693728,-540,1312,66.4,2026-06-25,-2.39,42.3,False
4329,603733,仙鹤股份,27.0,-0.77,0.78,19.49,26.001414193745,0.3229292,70.92530985,588,418,72.8,2026-06-25,3.84,51.6,False
4330,603737,三棵树,24.81,-0.36,0.12,51.48,24.822600413572,0.142408,65.8989048,1269,956,67.2,2026-06-25,-0.05,44.3,False
4331,603738,泰晶科技,67.94,4.91,4.87,284.42,61.532700204073,0.441542,68.92197737,1513,584,88.0,2026-06-25,10.41,60.7,False
4332,603739,蔚蓝生物,11.51,-2.7,0.29,40.75,11.786497092507,0.100952,54.81621697,-1118,3547,68.0,2026-06-25,-2.35,37.3,False
4333,603755,日辰股份,23.28,-0.68,0.21,31.54,23.290863152728,0.1620016,54.93877323,404,3518,62.4,2026-06-25,-0.05,34.3,False
4334,603757,大元泵业,75.13,4.46,4.02,305.77,73.928782987473,0.40701,70.11105801,-188,481,90.4,2026-06-25,1.62,63.4,False
4335,603758,秦安股份,9.09,-1.62,0.23,42.54,9.233324915382,0.1176148,52.90900685,334,4009,63.6,2026-06-25,-1.55,33.7,False
4336,603759,海天股份,6.99,-2.1,0.33,208.59,7.192684919938,0.0969736,59.62561061,136,2260,64.0,2026-06-25,-2.82,38.2,False
4337,603766,隆鑫通用,11.96,1.96,0.36,13.03,11.663820511391,0.2122384,67.19320372,113,771,68.4,2026-06-25,2.54,46.0,False
4338,603767,中马传动,14.44,-2.5,0.53,183.54,14.957972678779,0.1285796,50.13508606,131,4555,73.2,2026-06-25,-3.46,36.7,False
4339,603768,常青股份,9.35,-1.99,0.39,80.21,9.592663479597,0.110288,54.27858636,795,3681,66.0,2026-06-25,-2.53,35.8,False
4340,603773,沃格光电,178.0,3.49,5.38,-195.72,168.067615373339,0.4400432,57.3746529,600,2851,91.6,2026-06-25,5.91,52.6,False
4341,603776,永安行,21.0,0.86,0.23,-288.76,21.107984817608,0.3025212,58.42178827,-79,2574,74.4,2026-06-25,-0.51,43.5,False
4342,603777,来伊份,15.9,-4.79,1.08,-94.69,17.119450405317,0.3057532,53.20999306,-1826,3941,69.2,2026-06-25,-7.12,36.8,False
4343,603778,国晟科技,12.8,-2.81,2.72,-60.63,13.243176219485,0.2393956,43.23349814,28,5164,69.2,2026-06-25,-3.35,29.9,False
4344,603779,威龙股份,7.45,-2.23,1.82,-82.47,7.644370326899,0.260384727273,54.3705955,802,3663,69.2,2026-06-25,-2.54,37.6,False
4345,603786,科博达,41.7,-2.71,0.2,27.84,43.129253000402,0.2129824,60.00128621,-276,2176,64.8,2026-06-25,-3.31,38.9,False
4346,603787,新日股份,9.17,-1.71,0.28,20.96,9.366139718503,0.12057,57.60480856,1207,2785,62.0,2026-06-25,-2.09,35.7,False
4347,603788,宁波高发,13.8,-1.99,0.15,16.4,14.021644067797,0.2524996,63.36983845,1383,1377,60.0,2026-06-25,-1.58,38.0,False
4348,603789,ST星农,,,0.0,-11.84,5.474446551934,0.143048431373,53.82843671,277,3806,70.8,2026-06-25,,38.1,False
4349,603790,雅运股份,22.21,-2.67,1.36,29.02,23.417841462373,0.2495392,55.43876359,-1299,3389,64.0,2026-06-25,-5.16,35.5,False
4350,603797,联泰环保,3.79,-2.07,0.27,11.32,3.868107514766,0.1040968,51.59775264,-827,4301,63.6,2026-06-25,-2.02,32.8,False
4351,603798,康普顿,14.74,-1.6,0.32,20.35,14.947073777799,0.1857524,61.00143352,427,1913,61.6,2026-06-25,-1.39,37.6,False
4352,603799,华友钴业,49.03,-2.35,0.84,9.31,50.426865458195,0.3879272,65.08534911,-843,1067,86.8,2026-06-25,-2.77,56.5,False
4353,603800,洪田股份,89.78,5.69,3.08,-291.41,83.515753831348,0.6159776,63.28644116,549,1394,76.8,2026-06-25,7.5,48.6,False
4354,603801,志邦家居,5.53,-1.78,0.25,-6.36,5.674290690988,0.0985624,52.54582218,-1025,4088,64.0,2026-06-25,-2.54,33.6,False
4355,603803,瑞斯康达,11.55,-5.33,1.38,179.31,12.309471158899,0.1702416,53.05363458,314,3975,67.6,2026-06-25,-6.17,35.9,False
4356,603806,福斯特,16.46,3.2,0.76,34.43,16.137485738694,0.2325844,60.33637281,-36,2073,74.4,2026-06-25,2.0,44.9,False
4357,603808,歌力思,7.86,-2.36,0.28,17.43,8.085847417958,0.069788,61.29266793,-225,1830,62.8,2026-06-25,-2.79,38.5,False
4358,603809,豪能股份,8.62,-2.16,0.36,19.14,8.880505308111,0.1995756,52.31045894,-334,4148,69.2,2026-06-25,-2.93,36.2,False
4359,603810,丰山集团,11.21,-1.49,0.34,34.58,11.463053237642,0.0920168,55.32500251,28,3417,64.8,2026-06-25,-2.21,35.9,False
4360,603811,诚意药业,7.48,-1.45,0.3,19.35,10.874937390886,0.1890312,60.32328914,-794,2082,68.0,2026-06-25,-31.22,41.0,False
4361,603813,原尚股份,34.72,-5.37,0.42,-45.8,37.860366492147,0.311944705882,47.92430552,-859,4877,67.2,2026-06-25,-8.29,32.2,False
4362,603815,交建股份,5.06,-1.56,0.35,13.65,5.194325486765,0.1667664,47.07802596,-55,4971,62.0,2026-06-25,-2.59,29.2,False
4363,603816,顾家家居,22.83,0.48,0.24,9.45,22.960193089746,0.259336,64.56292641,280,1159,69.2,2026-06-25,-0.57,44.7,False
4364,603817,海峡环保,5.3,-2.03,0.5,11.19,5.403962108805,0.1677368,56.12589904,-1104,3195,62.0,2026-06-25,-1.92,34.8,False
4365,603818,曲美家居,2.89,-2.69,1.28,400.0,2.947927051979,0.2525456,57.40788777,140,2842,69.6,2026-06-25,-1.97,40.0,False
4366,603819,神力股份,11.41,-2.73,0.59,90.14,11.87502385889,0.200252,58.51974893,563,2546,60.4,2026-06-25,-3.92,35.3,False
4367,603822,ST嘉澳,66.98,-4.53,0.4,-28.98,70.738466767372,0.2937908,56.0095866,16,3231,64.0,2026-06-25,-5.31,35.8,False
4368,603823,百合花,54.39,1.28,1.95,131.85,53.292919776238,0.3294228,72.00821045,358,343,88.8,2026-06-25,2.06,63.9,False
4369,603825,ST华扬,6.16,-1.91,0.31,-16.37,6.305499863097,0.144522,48.6255843,227,4792,68.0,2026-06-25,-2.31,33.1,False
4370,603826,坤彩科技,27.6,-2.4,0.29,60.85,28.718857589552,0.21187,54.59021252,-583,3608,59.6,2026-06-25,-3.9,32.5,False
4371,603828,*ST利达,4.08,-1.69,0.13,199.53,4.168819648438,0.302984117647,45.25395648,-430,5090,63.2,2026-06-25,-2.13,28.6,False
4372,603829,洛凯股份,16.73,-1.88,0.5,240.79,17.312394705164,0.1773688,46.2179945,-60,5039,59.2,2026-06-25,-3.36,27.4,False
4373,603833,XD欧派家,30.39,-1.59,0.12,29.9,31.075387533708,0.17999,57.7511186,413,2754,69.2,2026-06-25,-2.21,40.0,False
4374,603836,海程邦达,7.81,-1.39,0.26,46.36,7.943032260331,0.0594628,57.46101348,1155,2826,63.2,2026-06-25,-1.67,36.3,False
4375,603838,*ST四通,9.27,-1.7,0.05,-62.08,9.301240090991,0.188728,54.02271349,291,3755,64.4,2026-06-25,-0.34,34.8,False
4376,603839,安正时尚,5.85,-2.34,0.28,18.62,6.022059634842,0.0856044,55.4828108,1040,3384,64.0,2026-06-25,-2.86,35.5,False
4377,603843,*ST正平,8.68,-0.57,0.58,-58.13,8.249438540424,0.3000972,49.09018689,361,4714,68.4,2026-06-25,5.22,33.6,False
4378,603848,好太太,14.39,1.05,0.31,35.63,14.688274046921,0.1478968,64.69048523,-451,1135,66.8,2026-06-25,-2.03,43.2,False
4379,603855,华荣股份,16.68,0.3,0.23,14.92,16.43540996044,0.2638316,64.35638033,217,1190,63.6,2026-06-25,1.49,40.9,False
4380,603856,东宏股份,12.94,-1.52,0.36,20.45,13.05408184919,0.280138,67.8780486,231,681,72.4,2026-06-25,-0.87,49.1,False
4381,603858,步长制药,14.75,-1.6,0.1,12.14,14.808987975132,0.1525792,57.09589498,-880,2934,74.4,2026-06-25,-0.4,42.5,False
4382,603859,能科科技,47.43,-1.94,1.49,59.12,48.619641474106,0.2973948,59.55828106,-1628,2276,86.8,2026-06-25,-2.45,51.7,False
4383,603860,中公高科,24.2,-1.91,0.55,591.4,24.739133298406,0.120926,57.94100953,-775,2698,65.2,2026-06-25,-2.18,37.8,False
4384,603861,白云电器,14.25,10.04,1.27,56.56,13.03500652003,0.28317,52.22039447,240,4166,74.4,2026-06-25,9.32,38.9,False
4385,603863,松炀资源,13.5,-5.13,1.03,-135.69,14.08106684315,0.2788316,47.1817175,-479,4956,68.8,2026-06-25,-4.13,32.5,False
4386,603866,桃李面包,3.72,-1.85,0.21,28.7,3.787041955947,0.1813848,51.24487184,224,4363,71.2,2026-06-25,-1.77,36.5,False
4387,603867,新化股份,40.03,6.04,2.29,26.78,38.746741909557,0.3914724,67.32487001,-113,752,66.8,2026-06-25,3.31,45.0,False
4388,603868,飞科电器,30.72,-1.32,0.09,17.74,31.288036454382,0.265576,57.51606687,-461,2810,66.8,2026-06-25,-1.82,38.4,False
4389,603869,ST智知,8.06,-0.49,0.17,270.59,8.164823985436,0.1883672,50.14885336,-146,4553,65.6,2026-06-25,-1.28,32.9,False
4390,603871,嘉友国际,10.51,-0.76,0.13,10.97,10.762769873545,0.173718,65.52569289,134,1006,63.2,2026-06-25,-2.35,41.4,False
4391,603876,鼎胜新材,28.72,-1.44,1.06,34.43,28.762382755693,0.3877368,74.34814517,316,205,79.2,2026-06-25,-0.15,58.9,False
4392,603877,太平鸟,12.12,-2.26,0.09,10.45,12.38768632445,0.0946956,55.4997129,83,3375,68.8,2026-06-25,-2.16,38.2,False
4393,603878,武进不锈,5.3,-1.3,0.88,-42.36,5.388509739413,0.218842,47.78825893,-98,4898,60.0,2026-06-25,-1.64,28.7,False
4394,603879,永悦科技,4.25,-2.75,0.84,-60.85,4.411636204566,0.1230504,53.14072259,-641,3956,64.8,2026-06-25,-3.66,34.4,False
4395,603880,南卫股份,7.14,-5.18,1.51,-101.36,7.237411225889,0.2016456,63.08606629,959,1439,64.8,2026-06-25,-1.35,40.9,False
4396,603881,数据港,24.83,-5.01,1.31,119.5,26.506392367311,0.2501816,55.60465094,-984,3358,71.6,2026-06-25,-6.32,39.8,False
4397,603882,金域医学,22.94,-3.45,0.39,62.09,23.451369846578,0.2352744,57.04638927,102,2943,72.0,2026-06-25,-2.18,41.1,False
4398,603883,老百姓,11.18,-1.76,0.29,8.04,11.346661022452,0.165428,62.02264114,267,1650,70.8,2026-06-25,-1.47,43.9,False
4399,603885,吉祥航空,10.74,-1.83,0.39,13.31,10.923419641237,0.317148,67.92395168,-83,674,72.4,2026-06-25,-1.68,49.2,False
4400,603886,元祖股份,11.73,-4.56,0.96,-10.02,12.370475243034,0.2406096,56.6255879,1106,3064,69.6,2026-06-25,-5.18,39.4,False
4401,603887,城地香江,9.83,-3.06,0.96,-110.3,10.327438845529,0.2451176,55.54786461,-1205,3371,71.6,2026-06-25,-4.82,39.8,False
4402,603888,新华网,17.53,-3.04,0.43,75.11,18.160793682233,0.2662488,60.85018715,164,1953,78.8,2026-06-25,-3.47,47.9,False
4403,603889,新澳股份,5.49,-3.17,0.38,10.85,5.698331718344,0.1763588,62.8621928,-4,1479,62.4,2026-06-25,-3.66,39.2,False
4404,603890,春秋电子,26.7,-6.41,3.36,49.12,28.943074570317,0.3572092,66.00310906,-761,940,92.0,2026-06-25,-7.75,60.7,False
4405,603893,瑞芯微,183.5,-2.65,0.73,58.67,186.49315660847,0.4196952,74.78386608,-135,193,89.6,2026-06-25,-1.6,67.0,False
4406,603895,天永智能,28.83,-1.6,0.99,149.25,29.549230245563,0.2077576,60.61831405,-623,2010,72.8,2026-06-25,-2.43,44.1,False
4407,603896,寿仙谷,13.2,-2.58,0.42,22.61,13.671172892171,0.1868324,51.23832121,173,4365,67.2,2026-06-25,-3.45,34.4,False
4408,603897,长城科技,33.15,-4.38,1.14,38.35,35.784478609362,0.1949956,56.25068687,-1920,3167,66.0,2026-06-25,-7.36,37.1,False
4409,603898,好莱客,14.98,3.96,1.59,-52.74,14.146415894107,0.3086008,62.0041039,2340,1656,63.6,2026-06-25,5.89,39.4,False
4410,603899,晨光股份,20.62,-1.25,0.06,14.01,20.627847940742,0.3166016,69.99012213,209,493,75.2,2026-06-25,-0.04,52.6,False
4411,603900,莱绅通灵,5.63,-2.43,0.57,9.02,5.786020754755,0.0792088,60.50628076,192,2039,66.8,2026-06-25,-2.7,40.4,False
4412,603901,永创智能,9.99,-0.89,0.46,20.2,10.19356411553,0.1856236,58.0339608,-1276,2676,66.4,2026-06-25,-2.0,38.5,False
4413,603903,中持股份,12.8,9.68,3.48,47.37,11.701308952315,0.22492,50.04957314,-1501,4566,64.0,2026-06-25,9.39,32.0,False
4414,603906,龙蟠科技,27.18,-3.86,3.01,25.09,28.195900635284,0.2900028,64.52539177,-994,1165,91.6,2026-06-25,-3.6,59.1,False
4415,603908,牧高笛,17.15,-2.67,0.32,19.5,17.716408584224,0.1201484,52.3861036,128,4126,64.0,2026-06-25,-3.2,33.5,False
4416,603909,建发合诚,8.78,-1.57,0.51,22.65,8.93676152796,0.0822708,63.43291918,960,1362,60.8,2026-06-25,-1.75,38.6,False
4417,603912,佳力图,8.0,-5.33,1.83,-53.51,8.561729853906,0.2502624,58.92591127,1662,2434,70.8,2026-06-25,-6.56,41.7,False
4418,603915,国茂股份,14.28,-2.59,0.37,43.34,14.880759044122,0.2115984,59.49962853,-1135,2292,69.2,2026-06-25,-4.04,41.2,False
4419,603916,苏博特,15.45,0.26,1.94,54.55,15.120141262134,0.3502516,73.59772481,106,238,79.6,2026-06-25,2.18,58.6,False
4420,603917,合力科技,12.26,-0.57,0.47,-114.07,12.187156748084,0.2545904,58.73768839,966,2484,68.4,2026-06-25,0.6,40.2,False
4421,603918,金桥信息,9.46,-3.37,0.8,-28.35,9.82987598045,0.1486568,49.35178507,-170,4679,70.8,2026-06-25,-3.76,34.9,False
4422,603919,金徽酒,17.22,0.23,0.62,10.68,17.480737987994,0.2141748,65.5533909,627,1003,71.6,2026-06-25,-1.49,46.9,False
4423,603920,世运电路,49.17,-3.95,0.99,241.8,51.502791098281,0.3377988,55.80864517,-267,3287,74.8,2026-06-25,-4.53,41.7,False
4424,603922,ST金鸿顺,15.22,-0.85,0.21,77.95,15.239856148187,0.249037843137,55.37550032,1213,3401,58.8,2026-06-25,-0.13,32.6,False
4425,603926,铁流股份,17.52,-2.07,0.33,34.42,18.087425452961,0.1917256,51.62883935,-274,4291,58.8,2026-06-25,-3.14,30.4,False
4426,603927,中科软,12.71,-3.13,0.38,-166.68,13.171080650455,0.1635076,59.18239833,-2,2360,70.8,2026-06-25,-3.5,41.9,False
4427,603928,兴业股份,12.23,9.98,2.51,32.75,11.425390641752,0.1752992,59.75896314,-1468,2229,74.4,2026-06-25,7.04,44.5,False
4428,603929,亚翔集成,259.96,1.92,2.67,55.92,254.214264132836,0.5432424,77.28719001,-26,87,89.2,2026-06-25,2.26,68.9,False
4429,603931,格林达,54.87,-0.65,1.03,93.38,56.663185154699,0.31805,61.09307534,-1176,1888,75.2,2026-06-25,-3.16,45.9,False
4430,603933,睿能科技,22.5,-3.47,0.64,33.83,23.437983100732,0.12024,57.82934219,-72,2729,68.8,2026-06-25,-4.0,39.8,False
4431,603936,博敏电子,25.47,-3.6,3.41,-378.58,27.357137290614,0.3715408,53.67341811,-631,3833,90.0,2026-06-25,-6.9,48.3,False
4432,603937,丽岛新材,14.14,1.51,1.72,28.51,13.847472108243,0.1301984,61.17914517,262,1871,66.4,2026-06-25,2.11,40.6,False
4433,603938,三孚股份,72.28,3.73,3.81,177.96,70.590876987751,0.382918,62.99209846,-691,1454,94.4,2026-06-25,2.39,59.5,False
4434,603939,XD益丰药,18.45,-1.39,0.21,11.19,18.684031993334,0.1842396,62.41710479,458,1564,70.4,2026-06-25,-1.25,43.9,False
4435,603948,建业股份,25.04,-3.25,1.36,19.22,26.889888571728,0.2383928,66.34765955,-446,892,79.6,2026-06-25,-6.88,52.8,False
4436,603949,雪龙集团,16.96,-1.22,0.5,38.1,17.331753106065,0.2053664,64.34911475,-301,1192,72.4,2026-06-25,-2.14,46.6,False
4437,603950,长源东谷,70.11,-6.16,1.24,68.58,73.678737298908,0.5237816,75.17065771,568,173,73.2,2026-06-25,-4.84,55.0,False
4438,603955,大千生态,20.21,-4.22,0.46,-54.28,21.293795028959,0.2862496,55.98512561,1582,3240,71.6,2026-06-25,-5.09,40.1,False
4439,603956,威派格,5.83,10.0,1.17,-14.3,5.243937071209,0.466776,63.07271475,2739,1441,74.4,2026-06-25,11.18,46.9,False
4440,603958,哈森股份,17.65,-3.29,0.39,56.23,18.417922130332,0.1834188,50.27892998,-285,4540,62.8,2026-06-25,-4.17,31.6,False
4441,603959,ST百利,4.22,-3.21,0.87,-10.83,4.298372145921,0.322039215686,52.04890504,876,4200,63.2,2026-06-25,-1.82,32.9,False
4442,603960,克来机电,18.08,-2.06,0.64,419.37,18.727591627831,0.229328,51.23940698,-271,4364,68.0,2026-06-25,-3.46,34.8,False
4443,603966,法兰泰克,8.35,-1.3,0.41,20.02,8.532327506685,0.2194492,60.8370614,-290,1956,65.6,2026-06-25,-2.14,39.9,False
4444,603967,中创物流,10.91,-2.59,0.21,9.57,11.240423064765,0.0771812,61.28355137,1303,1836,60.0,2026-06-25,-2.94,36.8,False
4445,603968,醋化股份,9.48,-1.66,0.43,-26.74,9.568851981666,0.0796296,47.43404527,100,4933,64.4,2026-06-25,-0.93,30.5,False
4446,603969,银龙股份,6.75,-4.53,0.6,22.41,7.131030339226,0.3493792,60.74209874,-993,1985,70.0,2026-06-25,-5.34,42.5,False
4447,603970,中农立华,9.79,-1.21,0.25,11.98,9.924805859553,0.1135548,52.87028703,-93,4018,64.0,2026-06-25,-1.36,33.8,False
4448,603976,正川股份,28.27,4.78,3.4,156.52,26.812030064261,0.224764,61.25739804,-974,1844,81.6,2026-06-25,5.44,50.0,False
4449,603977,国泰集团,15.12,7.77,4.78,58.81,13.847573558325,0.3294928,68.6326649,1457,614,73.6,2026-06-25,9.19,50.5,False
4450,603978,深圳新星,28.94,5.39,7.28,84.66,28.176422469468,0.284692,64.41640792,-631,1185,75.6,2026-06-25,2.71,48.7,False
4451,603979,金诚信,61.25,-3.18,0.5,15.88,64.681096405544,0.35883,66.98955405,-569,792,74.8,2026-06-25,-5.3,50.1,False
4452,603980,吉华集团,6.63,-1.04,1.33,61.45,6.71969671162,0.2546096,63.96160046,-885,1260,77.6,2026-06-25,-1.33,49.6,False
4453,603982,泉峰汽车,5.62,-3.1,0.58,-4.84,5.792104308413,0.182916,51.52927954,661,4313,66.8,2026-06-25,-2.97,34.4,False
4454,603983,丸美生物,22.04,-0.59,0.12,21.87,21.695287005763,0.164568,62.48291435,983,1549,68.4,2026-06-25,1.59,42.7,False
4455,603985,恒润股份,23.09,-0.69,0.99,39.07,23.359402345486,0.3092632,62.25288325,-55,1594,67.2,2026-06-25,-1.15,41.8,False
4456,603986,兆易创新,752.01,-2.99,1.91,90.29,755.541701714419,0.6568212,82.06593607,-7,14,94.8,2026-06-25,-0.47,77.8,False
4457,603987,康德莱,6.96,-1.14,0.17,14.06,7.028276313954,0.0785444,57.92019232,-1155,2700,68.8,2026-06-25,-0.97,39.8,False
4458,603988,中电电机,16.5,-3.23,0.71,215.54,17.105071972844,0.216602,47.23147424,5,4952,67.6,2026-06-25,-3.54,31.9,False
4459,603989,艾华集团,57.2,6.42,4.33,82.86,53.331349245129,0.4833212,72.45502816,154,312,90.4,2026-06-25,7.25,65.5,False
4460,603990,麦迪科技,20.77,-0.38,1.22,412.08,21.609541806775,0.3455948,69.12647267,-413,572,78.4,2026-06-25,-3.89,54.2,False
4461,603991,领先股份,121.54,-3.04,2.34,91.05,126.385518086289,0.379982,60.12709155,-156,2146,78.8,2026-06-25,-3.83,47.4,False
4462,603992,松霖科技,30.3,-2.32,0.21,35.18,30.755651221649,0.2307576,63.93333303,27,1267,68.4,2026-06-25,-1.48,43.7,False
4463,603993,洛阳钼业,17.91,-0.89,0.49,12.34,18.103740128159,0.3770196,70.50072015,-72,455,91.2,2026-06-25,-1.07,64.3,False
4464,603995,甬金股份,23.96,-1.24,0.88,17.26,24.02913184149,0.3303124,71.0369537,221,410,78.0,2026-06-25,-0.29,55.4,False
4465,603997,继峰股份,11.88,-2.14,0.27,28.71,12.25560303383,0.2687516,59.27385321,-324,2344,70.4,2026-06-25,-3.06,41.7,False
4466,603998,方盛制药,9.06,-1.74,0.18,11.25,9.177722877051,0.1081784,58.37347711,-1211,2586,69.6,2026-06-25,-1.28,40.6,False
4467,603999,读者传媒,5.09,-2.3,0.26,77.05,5.205853229596,0.190302,49.42623564,-716,4664,65.2,2026-06-25,-2.23,32.2,False
4468,605001,威奥股份,5.47,-1.44,0.35,44.01,5.598910157632,0.120224,60.50127473,1421,2040,63.6,2026-06-25,-2.3,38.5,False
4469,605003,众望布艺,21.16,-1.49,0.25,42.5,21.646006189149,0.2661108,57.63570167,86,2777,60.8,2026-06-25,-2.25,35.0,False
4470,605005,合兴股份,15.73,-2.42,0.12,35.37,16.016059855521,0.229498,61.62609825,1373,1747,62.0,2026-06-25,-1.79,38.2,False
4471,605006,山东玻纤,24.07,1.52,5.0,375.03,23.066652737166,0.2759156,64.90807991,1755,1094,87.2,2026-06-25,4.35,56.6,False
4472,605007,五洲特纸,12.82,2.48,0.36,15.33,12.488198365852,0.1459036,63.09747439,1465,1436,60.0,2026-06-25,2.66,37.9,False
4473,605008,长鸿高科,10.97,-0.45,0.05,-61.39,10.978611258414,0.113462,56.93795532,1314,2976,64.8,2026-06-25,-0.08,36.9,False
4474,605009,豪悦护理,21.93,0.92,0.35,14.12,21.678179125948,0.1502004,56.47156726,-80,3118,68.0,2026-06-25,1.16,38.4,False
4475,605011,杭州热电,16.04,0.31,0.52,39.6,16.1691072576,0.1849784,55.74812366,-1034,3310,73.6,2026-06-25,-0.8,41.0,False
4476,605016,百龙创园,24.55,-2.42,0.13,21.38,24.912622137435,0.2448628,67.72230994,-93,696,62.8,2026-06-25,-1.46,42.5,False
4477,605018,XD长华集,12.78,-3.03,0.4,97.36,13.248228815786,0.1757944,59.28732099,175,2342,72.8,2026-06-25,-3.53,43.2,False
4478,605020,永和股份,40.47,4.09,2.84,28.67,39.407762816352,0.3771156,74.31089831,-161,206,90.0,2026-06-25,2.7,66.9,False
4479,605028,世茂能源,20.74,2.17,0.48,276.71,20.251892111134,0.1690256,53.85205879,-1265,3796,62.8,2026-06-25,2.41,33.8,False
4480,605033,美邦股份,17.02,-2.13,0.34,16.15,17.496815317805,0.0870892,52.57902661,47,4082,64.0,2026-06-25,-2.73,33.7,False
4481,605050,福然德,9.58,-2.44,0.21,13.64,9.881074201959,0.1864404,55.41540638,-875,3398,59.6,2026-06-25,-3.05,33.0,False
4482,605055,迎丰股份,10.99,-1.43,0.28,-66.1,11.073477700623,0.2570752,65.64562207,479,988,66.0,2026-06-25,-0.75,43.3,False
4483,605056,咸亨国际,16.36,-2.27,0.21,64.4,16.878673611612,0.225182,58.35913834,-1383,2589,58.4,2026-06-25,-3.07,34.1,False
4484,605058,澳弘电子,37.75,-2.73,0.82,40.75,39.089326200272,0.2072904,67.96853552,-96,669,74.4,2026-06-25,-3.43,50.6,False
4485,605060,联德股份,51.0,4.25,1.01,49.2,49.335700869254,0.1635948,61.47620995,-63,1775,64.4,2026-06-25,3.37,39.6,False
4486,605066,天正电气,6.98,-1.83,0.74,45.37,7.088235396423,0.2741248,61.31531895,1232,1821,76.0,2026-06-25,-1.53,46.6,False
4487,605068,明新旭腾,17.2,-3.37,0.24,-45.24,18.012837706959,0.21204,47.25599412,-417,4950,61.2,2026-06-25,-4.51,28.9,False
4488,605069,正和生态,14.56,-0.95,1.81,-59.72,14.636087988077,0.2511284,55.13577847,199,3469,84.0,2026-06-25,-0.52,46.3,False
4489,605077,华康股份,11.23,-1.75,0.43,38.37,11.432790936116,0.1920284,60.3078751,1214,2089,63.6,2026-06-25,-1.77,38.4,False
4490,605080,浙江自然,19.17,-2.14,0.32,9.46,19.731456132718,0.2415412,58.27320732,-402,2618,63.6,2026-06-25,-2.85,37.1,False
4491,605081,退市太和,0.35,0.0,0.51,-0.87,0.361070553145,0.578969189189,46.27642728,-15,5036,62.8,2026-06-25,-3.07,29.1,False
4492,605086,龙高股份,26.59,0.0,0.37,63.16,27.081463683409,0.2248268,59.0110707,-381,2406,73.2,2026-06-25,-1.81,43.2,False
4493,605088,冠盛股份,27.94,-2.31,0.45,18.21,28.624643593293,0.2952872,58.1525112,271,2647,64.8,2026-06-25,-2.39,37.7,False
4494,605089,味知香,22.16,-1.16,0.18,33.64,22.424340733709,0.2030696,57.02845408,-863,2950,65.6,2026-06-25,-1.18,37.4,False
4495,605090,九丰能源,33.72,-1.2,0.69,13.7,35.026230721512,0.3352376,65.42215979,-221,1019,78.4,2026-06-25,-3.73,51.3,False
4496,605098,行动教育,54.02,-0.68,0.11,41.22,54.625528866858,0.07554,62.93530747,-112,1464,60.0,2026-06-25,-1.11,37.8,False
4497,605099,共创草坪,31.5,-2.42,0.12,15.78,32.415169919773,0.1857744,62.06512938,-580,1637,66.4,2026-06-25,-2.82,41.2,False
4498,605100,华丰股份,38.91,-1.34,0.59,180.33,40.258917032817,0.3181872,60.63566712,-270,2007,78.8,2026-06-25,-3.35,47.8,False
4499,605108,同庆楼,11.5,-1.12,0.27,44.59,11.660601437853,0.0684948,55.29945119,287,3424,64.4,2026-06-25,-1.38,35.6,False
4500,605111,新洁能,84.67,4.75,2.61,92.99,79.161726215642,0.401704,73.99994304,233,219,91.6,2026-06-25,6.96,67.8,False
4501,605116,奥锐特,18.72,-1.53,0.16,29.74,18.762010980872,0.1684484,59.3006133,-1059,2341,62.0,2026-06-25,-0.22,36.8,False
4502,605117,德业股份,98.66,-0.66,0.25,26.43,98.810774936921,0.2655056,71.27764403,19,390,78.8,2026-06-25,-0.15,56.2,False
4503,605118,力鼎光电,32.34,-3.49,0.35,47.2,33.836478940101,0.1975168,70.31348455,-167,471,80.0,2026-06-25,-4.42,56.3,False
4504,605122,四方新材,10.94,-1.97,0.42,70.79,11.303106403135,0.0834376,53.91202804,89,3776,62.8,2026-06-25,-3.21,33.9,False
4505,605123,派克新材,92.23,-3.28,0.61,32.61,95.81959161921,0.252712,56.54845328,-578,3087,71.2,2026-06-25,-3.75,40.3,False
4506,605128,上海沿浦,23.2,-2.97,0.37,39.32,24.102915961874,0.3409424,64.39114483,-438,1187,68.4,2026-06-25,-3.75,44.0,False
4507,605133,嵘泰股份,34.55,-2.87,0.6,54.68,35.910165232204,0.3731568,68.66474975,35,608,70.8,2026-06-25,-3.79,48.6,False
4508,605136,丽人丽妆,7.18,-2.84,0.42,69.53,7.386918649223,0.077636,49.33402851,214,4684,66.0,2026-06-25,-2.8,32.6,False
4509,605138,盛泰集团,5.64,-3.09,0.25,4.74,5.829192899452,0.0795756,53.90407026,75,3779,63.6,2026-06-25,-3.25,34.3,False
4510,605151,西上海,18.38,-4.42,1.42,31.06,19.596563848842,0.1595708,62.5792207,-798,1533,76.4,2026-06-25,-6.21,47.8,False
4511,605155,西大门,12.32,-2.84,0.61,29.38,13.176747574639,0.3516448,63.74093124,-430,1305,62.8,2026-06-25,-6.5,40.0,False
4512,605158,XD华达新,6.96,0.14,0.32,-30.84,6.861048031715,0.2006796,59.17205972,496,2363,65.2,2026-06-25,1.44,38.6,False
4513,605162,XD新中港,7.93,-0.63,0.83,72.31,8.035861877837,0.1745964,51.06174979,274,4399,68.0,2026-06-25,-1.32,34.7,False
4514,605166,聚合顺,9.88,-1.1,0.41,22.82,9.933011927905,0.2105836,55.13595225,-560,3468,62.0,2026-06-25,-0.53,34.2,False
4515,605167,利柏特,15.78,2.8,1.52,60.05,15.675982701739,0.2562924,61.36393715,-1001,1809,77.2,2026-06-25,0.66,47.4,False
4516,605168,三人行,55.71,-1.64,0.97,266.96,58.171975055407,0.3557816,72.46541729,-96,311,75.2,2026-06-25,-4.23,54.5,False
4517,605169,洪通燃气,8.85,-2.85,0.27,142.64,9.083233524694,0.0618592,56.78191377,-190,3026,62.0,2026-06-25,-2.57,35.2,False
4518,605177,东亚药业,16.45,-1.91,0.58,-13.4,16.82170053959,0.1705504,51.30402361,-243,4349,66.4,2026-06-25,-2.21,34.1,False
4519,605178,时空科技,85.85,-0.6,3.36,-312.93,85.451573123756,0.4646956,57.3908659,-1672,2848,75.2,2026-06-25,0.47,43.2,False
4520,605179,一鸣食品,12.86,-2.8,0.16,81.51,13.148712021854,0.0905352,51.90022132,-471,4231,69.6,2026-06-25,-2.2,36.1,False
4521,605180,华生科技,12.21,-1.61,0.41,141.54,12.767030629064,0.1106348,51.19371584,77,4373,62.0,2026-06-25,-4.36,31.7,False
4522,605183,确成股份,16.15,-2.71,0.39,21.21,16.100943418837,0.2090416,70.05370105,352,486,66.4,2026-06-25,0.3,46.5,False
4523,605186,健麾信息,32.85,-3.13,2.57,327.26,34.865652041494,0.2418696,66.39886689,-273,885,76.0,2026-06-25,-5.78,50.5,False
4524,605188,国光连锁,11.89,-2.78,0.28,56.22,12.293145601336,0.1094356,59.73555595,1414,2235,67.2,2026-06-25,-3.28,40.1,False
4525,605189,富春染织,12.57,-2.41,0.49,10.21,12.958985418621,0.1787672,59.43268719,-54,2314,60.8,2026-06-25,-3.0,36.1,False
4526,605196,华通线缆,27.03,-1.67,0.93,53.5,27.838888294603,0.1983304,54.78788265,11,3551,68.4,2026-06-25,-2.91,37.5,False
4527,605198,安德利,65.71,-4.63,0.45,75.5,69.473419727831,0.3307404,63.59699022,338,1333,69.2,2026-06-25,-5.42,44.0,False
4528,605199,ST葫芦娃,5.43,-1.45,0.18,-18.76,5.486621038051,0.1016168,41.01210891,-3,5193,68.0,2026-06-25,-1.03,27.9,False
4529,605208,永茂泰,15.04,-2.27,0.52,69.47,15.350208209399,0.3089492,60.68663609,-960,1994,72.0,2026-06-25,-2.02,43.7,False
4530,605218,伟时电子,16.3,-1.45,0.41,-38.64,16.765002250182,0.1801228,55.90957429,-6,3265,66.4,2026-06-25,-2.77,37.1,False
4531,605222,XD起帆电,22.61,-2.63,0.31,24.48,23.183828262339,0.1363748,55.20471866,218,3447,59.6,2026-06-25,-2.48,32.9,False
4532,605228,神通科技,12.99,0.23,0.46,33.51,13.172167955819,0.2145836,61.14766608,-1001,1879,69.2,2026-06-25,-1.38,42.3,False
4533,605255,天普股份,79.88,-4.19,0.38,-1125.06,82.436470667163,0.304362,59.49411167,671,2293,66.8,2026-06-25,-3.1,39.7,False
4534,605258,协和电子,34.45,-2.05,0.73,148.26,34.858108225422,0.1820032,63.51534867,1001,1346,69.6,2026-06-25,-1.17,44.2,False
4535,605259,绿田机械,17.42,-1.69,0.13,16.71,17.811804080968,0.148352,61.94691273,842,1679,61.6,2026-06-25,-2.2,38.2,False
4536,605266,健之佳,15.09,-1.69,0.26,16.22,15.29445551061,0.0676496,60.2658025,1221,2099,65.6,2026-06-25,-1.34,39.5,False
4537,605268,王力安防,9.09,-1.41,0.15,34.72,9.248936916611,0.0788136,55.29778576,-301,3426,58.8,2026-06-25,-1.72,32.5,False
4538,605277,新亚电子,18.26,-3.69,1.45,39.91,19.086067791236,0.2876828,70.145562,-311,479,87.6,2026-06-25,-4.33,61.4,False
4539,605286,同力天启,26.23,-1.76,0.25,121.13,26.849621412599,0.1495576,53.68206438,6,3828,62.8,2026-06-25,-2.31,33.7,False
4540,605287,德才股份,41.97,-0.47,0.5,43.46,43.309077736992,0.3442292,58.92310441,551,2436,61.2,2026-06-25,-3.09,36.1,False
4541,605288,凯迪股份,81.63,2.23,0.66,-235.03,82.262413774213,0.1994612,66.49240627,-261,871,70.0,2026-06-25,-0.77,46.5,False
4542,605289,罗曼股份,135.91,-1.97,0.62,111.44,136.848654330132,0.3533008,68.7042169,626,603,73.2,2026-06-25,-0.69,50.3,False
4543,605296,神农集团,25.67,3.72,0.28,-5.19,24.701163377332,0.166198,53.22915174,443,3936,64.8,2026-06-25,3.92,34.5,False
4544,605298,必得科技,53.85,-2.09,0.18,327.34,55.867467975024,0.3023184,62.95247246,-170,1461,64.0,2026-06-25,-3.61,40.3,False
4545,605299,舒华体育,13.57,-2.72,0.43,56.85,13.995702095177,0.145654,53.00347492,-213,3987,63.6,2026-06-25,-3.04,33.7,False
4546,605300,佳禾食品,9.22,-2.23,1.22,58.76,9.326542616693,0.534124,60.56332967,1801,2022,70.8,2026-06-25,-1.14,42.9,False
4547,605303,园林股份,25.85,-0.08,1.5,-89.97,26.190789400765,0.2816428,56.29866819,816,3154,62.8,2026-06-25,-1.3,35.4,False
4548,605305,中际联合,42.53,0.07,0.42,17.54,43.313137510097,0.2868744,66.54143345,-373,863,74.8,2026-06-25,-1.81,49.8,False
4549,605318,法狮龙,137.59,2.53,1.12,-4397.72,130.83456378613,0.4716952,62.56594286,1630,1536,66.8,2026-06-25,5.16,41.8,False
4550,605319,无锡振华,22.93,-3.04,0.32,19.91,23.805915410291,0.2768388,65.01620386,1142,1076,65.2,2026-06-25,-3.68,42.4,False
4551,605333,沪光股份,16.75,-1.99,0.14,64.21,17.25747134447,0.1111984,56.10570379,-112,3202,66.8,2026-06-25,-2.94,37.5,False
4552,605336,*ST帅电,15.09,-4.97,1.48,-96.08,16.046395147838,0.427900392157,63.2554714,1492,1401,62.0,2026-06-25,-5.96,39.2,False
4553,605337,李子园,8.41,-2.32,0.22,15.33,8.625545048382,0.0815656,56.89257307,496,2991,67.2,2026-06-25,-2.5,38.2,False
4554,605338,巴比食品,16.76,-3.34,0.36,21.26,17.801836532048,0.1184908,53.47837946,-1904,3872,64.4,2026-06-25,-5.85,34.4,False
4555,605339,南侨食品,12.79,0.79,0.08,449.27,12.579661872967,0.0828444,50.98392998,-452,4418,60.8,2026-06-25,1.67,31.0,False
4556,605358,立昂微,72.73,3.16,5.62,1943.43,68.764605791187,0.4328876,62.66919803,1723,1523,91.2,2026-06-25,5.77,57.2,False
4557,605365,立达信,14.18,-2.34,0.19,89.52,14.588756860178,0.1393352,55.36148414,123,3409,58.8,2026-06-25,-2.8,32.6,False
4558,605366,宏柏新材,14.38,10.02,8.86,-99.14,13.07,0.5788764,62.90362471,134,1468,83.6,2026-06-25,10.02,52.6,False
4559,605368,蓝天燃气,6.17,0.16,0.12,12.85,6.202636339747,0.14307,55.65436431,115,3344,63.6,2026-06-25,-0.53,35.4,True
4560,605369,拱东医疗,17.99,-5.61,0.91,31.0,18.779138345352,0.17811,63.87853093,-422,1277,74.8,2026-06-25,-4.2,47.8,False
4561,605376,XD博迁新,265.6,7.6,3.18,242.51,239.77582069838,0.6477384,78.17756504,179,65,88.4,2026-06-25,10.77,69.1,False
4562,605377,华旺科技,8.68,-2.8,0.42,18.56,8.924199265241,0.1847816,57.17913923,-590,2909,73.6,2026-06-25,-2.74,42.1,False
4563,605378,野马电池,14.2,-5.77,0.72,-126.38,15.381893897538,0.1231108,53.40394276,-368,3889,71.2,2026-06-25,-7.68,38.0,False
4564,605388,均瑶健康,4.94,-2.56,0.35,85.59,5.038317896976,0.1637512,55.66808128,423,3338,62.8,2026-06-25,-1.95,35.0,False
4565,605389,长龄液压,94.8,-1.32,0.49,117.77,99.633825166,0.2851888,62.31693401,-1039,1581,72.4,2026-06-25,-4.85,45.1,False
4566,605398,新炬网络,19.55,-3.98,0.41,253.75,20.502031134174,0.1516524,53.47127962,-461,3874,71.2,2026-06-25,-4.64,38.1,False
4567,605399,晨光新材,13.49,3.93,1.03,-54.41,13.255276986534,0.155554,53.90501148,193,3778,66.8,2026-06-25,1.77,36.0,False
4568,605488,福莱新材,28.09,0.32,0.96,112.55,28.696115128906,0.261424,51.37296307,-1888,4334,71.2,2026-06-25,-2.11,36.6,False
4569,605499,东鹏饮料,111.62,-0.98,0.2,16.29,112.89580222118,0.2642668,68.28969546,-199,640,80.8,2026-06-25,-1.13,55.2,False
4570,605500,森林包装,6.34,-1.71,0.32,-223.23,6.449125379414,0.1371812,46.99339279,-389,4979,60.8,2026-06-25,-1.69,28.6,False
4571,605507,国邦医药,14.98,-0.13,0.1,18.24,15.030264369789,0.1773668,61.72612776,161,1723,66.4,2026-06-25,-0.33,41.0,False
4572,605555,德昌股份,11.77,-3.52,0.35,112.5,12.310481690346,0.2493396,51.62033615,-11,4292,70.4,2026-06-25,-4.39,36.3,False
4573,605566,福莱蒽特,40.05,1.57,2.54,53.29,40.532061025036,0.3644208,53.37927457,114,3897,67.6,2026-06-25,-1.19,36.1,False
4574,605567,春雪食品,8.12,-2.29,0.43,47.2,8.329105040038,0.117124,53.56329738,876,3850,64.4,2026-06-25,-2.51,34.5,False
4575,605577,龙版传媒,8.88,-2.95,0.19,8.0,9.13263625256,0.0466092,51.2200668,-505,4368,67.2,2026-06-25,-2.77,34.4,False
4576,605580,恒盛能源,29.15,-3.38,1.86,41.98,29.36781452187,0.2406376,78.38395764,-41,58,87.6,2026-06-25,-0.74,68.7,False
4577,605588,冠石科技,63.23,-0.77,1.09,-52.81,63.136994087838,0.1982528,60.94118613,-584,1922,70.0,2026-06-25,0.15,42.7,False
4578,605589,圣泉集团,68.37,-6.29,2.8,81.57,69.446846039389,0.5433508,75.97496889,717,129,90.8,2026-06-25,-1.55,69.0,False
4579,605598,上海港湾,37.79,-3.94,1.68,575.18,41.048443839068,0.3440312,66.14712578,629,923,76.8,2026-06-25,-7.94,50.8,False
4580,605599,菜百股份,14.06,0.0,0.12,6.86,14.110626821187,0.0681104,64.43661646,24,1180,65.2,2026-06-25,-0.36,42.0,False
4581,688001,华兴源创,91.19,-1.46,0.43,3682.06,90.247817070184,0.48716,71.58497246,97,370,71.2,2026-06-25,1.04,51.0,False
4582,688002,睿创微纳,144.31,-3.04,0.45,35.42,148.425119625538,0.3545292,76.25847145,66,114,76.8,2026-06-25,-2.77,58.6,False
4583,688003,天准科技,122.88,4.73,2.14,1271.54,117.610348938197,0.4542904,67.90905241,-437,677,78.8,2026-06-25,4.48,53.5,False
4584,688004,博汇科技,18.31,-2.61,0.53,-46.58,19.114367222319,0.167712,50.72825316,-1236,4468,63.2,2026-06-25,-4.21,32.1,False
4585,688005,容百科技,31.55,-3.81,1.07,485.95,32.822480117447,0.3686112,54.93686816,-129,3519,80.4,2026-06-25,-3.88,44.2,False
4586,688006,杭可科技,37.01,-3.32,0.39,43.61,38.236985430863,0.3345248,70.64687904,-363,444,76.0,2026-06-25,-3.21,53.7,False
4587,688007,光峰科技,12.39,-3.05,0.48,-38.19,12.882870090334,0.2335148,49.06543691,-43,4720,65.2,2026-06-25,-3.83,32.0,False
4588,688008,澜起科技,267.2,-4.28,1.63,96.35,277.692672645346,0.6418392,80.30576325,48,31,94.4,2026-06-25,-3.78,75.8,False
4589,688009,中国通号,4.86,-0.82,0.07,24.67,4.898933019986,0.3325452,66.08291402,1172,930,70.8,2026-06-25,-0.79,46.8,False
4590,688010,福光股份,44.83,-2.86,1.62,-99.63,45.64681781055,0.3735692,65.14431325,-231,1059,70.8,2026-06-25,-1.79,46.1,False
4591,688011,新光光电,59.2,-2.47,0.34,-96.07,61.241614472938,0.403994,54.29343139,-47,3677,64.0,2026-06-25,-3.33,34.7,False
4592,688012,中微公司,408.02,2.23,0.89,103.87,401.090635068332,0.6128876,82.83893793,3,10,92.4,2026-06-25,1.73,76.5,False
4593,688013,天臣医疗,24.9,-2.73,0.42,52.12,26.171026593205,0.1724592,61.78895938,285,1708,60.8,2026-06-25,-4.86,37.6,False
4594,688015,交控科技,15.33,-2.42,0.22,44.29,15.797183524085,0.1299552,55.65759609,-8,3343,62.0,2026-06-25,-2.96,34.5,False
4595,688016,心脉医疗,87.63,-1.05,0.29,17.44,87.07668582852,0.344856,62.19540704,-651,1600,69.2,2026-06-25,0.64,43.0,False
4596,688017,绿的谐波,382.05,-2.29,1.9,536.56,389.616963168368,0.5392568,65.47803106,719,1013,92.8,2026-06-25,-1.94,60.8,False
4597,688018,乐鑫科技,119.05,-4.17,0.82,51.43,122.802147987522,0.4131208,72.08495804,-219,334,76.4,2026-06-25,-3.06,55.1,False
4598,688019,安集科技,263.64,-1.83,1.36,72.2,265.864672179159,0.5056136,84.6603112,47,2,87.2,2026-06-25,-0.84,73.8,False
4599,688020,方邦股份,222.68,-3.79,0.77,-264.94,228.049627761539,0.4480896,61.47757358,842,1774,70.8,2026-06-25,-2.35,43.5,False
4600,688021,奥福科技,19.48,-3.99,0.68,34.05,20.284130120689,0.0835156,51.89086202,-910,4233,61.2,2026-06-25,-3.96,31.8,False
4601,688022,ST瀚川,7.96,-0.25,0.4,-259.48,8.061724081836,0.237976862745,45.26371341,52,5089,61.2,2026-06-25,-1.26,27.7,False
4602,688023,安恒信息,34.56,-2.98,0.49,-7.74,35.637677097397,0.2372432,51.35805935,-74,4337,64.8,2026-06-25,-3.02,33.3,False
4603,688025,杰普特,484.27,-2.81,1.76,117.81,451.422909312463,0.5736868,78.02599854,710,70,74.0,2026-06-25,7.28,57.7,False
4604,688026,洁特生物,15.4,-7.95,2.4,-127.96,17.015471616441,0.2117556,54.62443158,-1038,3600,68.8,2026-06-25,-9.49,37.6,False
4605,688027,国盾量子,492.86,-5.53,1.38,-666.58,524.351423411806,0.5025008,59.91766706,286,2189,81.2,2026-06-25,-6.01,48.7,False
4606,688028,沃尔德,127.01,-0.9,1.84,169.07,123.555258494229,0.5135512,73.10108013,521,273,76.0,2026-06-25,2.8,55.6,False
4607,688029,南微医学,72.54,-0.43,0.25,23.26,71.532769080075,0.1970024,67.08889664,552,781,66.0,2026-06-25,1.41,44.3,False
4608,688030,山石网科,15.59,-1.33,0.5,-20.37,15.751178200819,0.3021452,59.08753076,-50,2389,63.2,2026-06-25,-1.02,37.3,False
4609,688031,星环科技-U,107.76,-6.52,1.98,-58.28,117.327606161909,0.3353684,47.43572067,-728,4932,69.6,2026-06-25,-8.15,33.0,False
4610,688032,禾迈股份,83.2,0.48,0.3,-41.5,82.770991967785,0.266216,56.44154215,1290,3125,64.8,2026-06-25,0.52,36.6,False
4611,688033,*ST天宜,6.2,1.81,0.34,-10.23,6.175608739476,0.247132941176,44.23110691,-33,5129,60.0,2026-06-25,0.39,26.5,False
4612,688035,德邦科技,93.4,-0.74,1.36,96.51,94.721860367094,0.4363748,65.34054072,-481,1031,75.2,2026-06-25,-1.4,49.1,False
4613,688036,传音控股,55.67,0.22,0.22,22.88,54.988176835445,0.3368392,72.48781998,341,309,74.0,2026-06-25,1.24,53.6,False
4614,688037,芯源微,341.34,2.5,1.59,4903.51,332.333648754034,0.5406716,72.84648491,31,290,86.0,2026-06-25,2.71,62.6,False
4615,688038,中科通达,17.64,-3.71,0.98,-221.54,18.628551833083,0.17621,50.88756975,525,4439,62.8,2026-06-25,-5.31,32.0,False
4616,688039,当虹科技,36.88,-5.87,0.93,-67.03,40.017921784681,0.2911288,50.03560195,-199,4567,67.6,2026-06-25,-7.84,33.8,False
4617,688041,海光信息,346.01,-3.96,0.4,292.63,355.68320660473,0.6329152,82.22316875,7,13,93.2,2026-06-25,-2.72,76.6,False
4618,688045,必易微,79.6,-0.5,1.32,103.04,80.524702817437,0.2575352,68.28485519,735,641,67.2,2026-06-25,-1.15,45.9,False
4619,688046,药康生物,22.75,1.52,0.55,49.51,21.551120901462,0.2229792,67.53848515,-470,731,66.8,2026-06-25,5.56,45.1,False
4620,688047,龙芯中科,145.23,-4.57,0.8,-127.75,148.91384230703,0.42011,62.04547698,1470,1642,83.6,2026-06-25,-2.47,51.9,False
4621,688048,长光华芯,410.01,-7.2,2.4,4033.62,435.846281950911,0.6297716,64.75325217,-549,1123,88.0,2026-06-25,-5.93,57.0,False
4622,688049,炬芯科技,43.7,-3.43,0.85,39.3,44.943531069584,0.3097564,61.86502594,186,1696,70.8,2026-06-25,-2.77,43.8,False
4623,688050,爱博医疗,37.07,-0.75,0.43,20.08,37.032887657167,0.2551252,62.18195336,-113,1605,65.2,2026-06-25,0.1,40.5,False
4624,688051,佳华科技,24.34,-2.95,0.4,-23.19,25.110108757177,0.1012276,48.40386179,-547,4824,60.4,2026-06-25,-3.07,29.2,False
4625,688052,纳芯微,282.15,-0.49,0.69,-320.99,282.256724457963,0.3990488,62.16741102,-901,1611,74.8,2026-06-25,-0.04,46.5,False
4626,688053,ST思科瑞,34.87,-2.81,0.26,-251.11,35.715705075232,0.4012524,60.60979391,400,2012,61.2,2026-06-25,-2.37,37.1,False
4627,688055,龙腾光电,5.5,2.23,0.42,-65.77,5.447604317152,0.2484576,57.15737575,718,2919,65.2,2026-06-25,0.96,37.3,False
4628,688056,莱伯泰科,66.5,-3.6,1.71,169.59,71.31660475605,0.3837504,54.95730118,-781,3513,71.2,2026-06-25,-6.75,39.1,False
4629,688057,金达莱,13.67,-4.74,0.46,69.94,14.228846684941,0.182576,65.77366322,271,969,64.4,2026-06-25,-3.93,42.4,False
4630,688058,宝兰德,20.91,-2.74,0.48,-11.49,21.440805201347,0.06864,50.32421578,36,4534,62.8,2026-06-25,-2.48,31.6,False
4631,688059,华锐精密,204.13,-2.33,0.83,29.13,207.985757859977,0.4365652,68.05942618,-261,660,72.8,2026-06-25,-1.85,49.5,False
4632,688060,云涌科技,32.84,-1.97,0.14,-49.44,33.789952632993,0.0575124,52.23513718,-8,4161,61.2,2026-06-25,-2.81,32.0,False
4633,688061,灿瑞科技,49.22,1.63,0.78,-67.33,48.060703574618,0.228944,61.94173576,1171,1680,65.2,2026-06-25,2.41,40.4,False
4634,688062,迈威生物-U,26.97,-2.71,1.18,-12.45,27.072822506729,0.2918864,54.50634311,-1493,3625,64.8,2026-06-25,-0.38,35.3,False
4635,688063,派能科技,55.64,-0.5,0.66,153.13,56.124651340779,0.29426,52.71483869,-282,4052,71.2,2026-06-25,-0.86,37.5,False
4636,688065,凯赛生物,47.86,-3.97,0.35,52.08,49.750852080326,0.297226,63.02119231,-257,1449,72.0,2026-06-25,-3.8,45.4,False
4637,688066,*ST航图,9.8,-2.29,1.25,-5.91,10.420448419744,0.332550980392,45.79005964,-259,5068,64.0,2026-06-25,-5.95,29.3,False
4638,688067,爱威科技,20.11,-3.13,0.32,46.04,20.776247284315,0.1083952,58.22700695,8,2631,61.2,2026-06-25,-3.21,35.6,False
4639,688068,热景生物,77.44,-2.7,0.5,-26.38,78.738834071459,0.201728,48.32788188,-663,4832,65.6,2026-06-25,-1.65,31.7,False
4640,688069,德林海,37.06,-2.63,0.68,-203.46,38.912425588107,0.37745,57.57711193,-464,2794,60.8,2026-06-25,-4.76,35.0,False
4641,688070,纵横股份,36.86,-3.15,0.39,-44.38,37.829184272031,0.256048,59.39496568,-133,2321,65.6,2026-06-25,-2.56,39.0,False
4642,688071,华依科技,32.97,-3.51,0.76,517.36,34.924091309185,0.2819272,53.77527326,-1429,3815,64.8,2026-06-25,-5.6,34.8,False
4643,688072,拓荆科技,830.0,0.85,0.88,102.8,829.926429921378,0.6501732,75.58011919,-108,146,89.2,2026-06-25,0.01,67.4,False
4644,688073,毕得医药,50.55,3.37,1.15,24.53,48.28002313542,0.2485644,63.73623557,-886,1306,64.0,2026-06-25,4.7,40.8,False
4645,688075,安旭生物,29.92,-1.22,0.11,-91.75,29.674049741992,0.1362196,55.20780742,293,3446,62.0,2026-06-25,0.83,34.2,False
4646,688076,ST诺泰,26.35,-1.35,0.14,16.08,26.940547307877,0.4411068,57.8830063,-293,2714,65.6,2026-06-25,-2.19,38.0,False
4647,688077,大地熊,27.78,-3.98,0.66,68.3,28.746197918367,0.2303436,58.29863814,255,2612,66.0,2026-06-25,-3.36,38.5,False
4648,688078,龙软科技,20.5,0.1,0.65,-47.09,20.536323786192,0.0903308,47.50677446,-643,4928,62.0,2026-06-25,-0.18,29.5,False
4649,688079,美迪凯,30.0,4.79,4.74,-74.4,29.329850868586,0.4444208,66.49942004,145,870,73.6,2026-06-25,2.28,48.9,False
4650,688080,映翰通,38.11,-3.25,0.63,75.52,39.772884576861,0.270152,57.52402056,-117,2809,61.6,2026-06-25,-4.18,35.4,False
4651,688081,兴图新科,41.81,-4.46,0.78,-355.68,44.098268175666,0.2704436,49.04808892,-318,4727,58.8,2026-06-25,-5.19,28.8,False
4652,688082,盛美上海,399.0,-3.38,0.37,461.59,410.594963141044,0.5164504,72.87300191,-67,287,86.0,2026-06-25,-2.82,62.7,False
4653,688083,中望软件,57.42,-1.58,0.6,-63.58,58.113092747019,0.3427032,61.05199961,-5,1902,72.8,2026-06-25,-1.19,44.4,False
4654,688084,晶品特装,45.9,-3.16,0.43,-413.52,47.561032780832,0.1487676,52.97780414,-1448,3994,61.2,2026-06-25,-3.49,32.4,False
4655,688085,三友医疗,11.75,-2.0,0.21,152.7,12.025768847035,0.24222,53.78829808,-17,3812,63.2,2026-06-25,-2.29,34.0,False
4656,688087,英科再生,31.9,-2.77,0.58,30.32,33.80388204704,0.2348488,60.99625827,-437,1914,61.6,2026-06-25,-5.63,37.6,False
4657,688088,虹软科技,33.6,-3.78,0.46,62.31,35.211488439391,0.2546192,59.40375827,-252,2318,70.4,2026-06-25,-4.58,41.8,False
4658,688089,嘉必优,10.95,-0.9,0.41,-10.58,11.070082807334,0.0857756,52.92896759,-559,4003,61.6,2026-06-25,-1.08,32.6,False
4659,688090,DR瑞松科,110.09,2.56,2.11,212.61,108.154147702656,0.45619,64.32654815,-207,1194,73.2,2026-06-25,1.79,47.1,False
4660,688091,上海谊众,39.98,-2.06,0.42,113.72,40.214855107557,0.3387592,55.96043207,-915,3248,62.8,2026-06-25,-0.58,35.1,False
4661,688092,爱科科技,21.22,-2.35,0.26,74.35,21.780460455339,0.1603764,55.28114569,-104,3432,62.8,2026-06-25,-2.57,34.7,False
4662,688093,世华科技,36.11,4.0,2.37,29.65,32.876651894151,0.4641908,73.4870288,1234,247,65.2,2026-06-25,9.83,47.9,False
4663,688095,福昕软件,56.7,-4.47,0.72,114.94,59.98415495476,0.1971912,55.68124628,-123,3331,64.4,2026-06-25,-5.48,35.9,False
4664,688096,京源环保,13.54,-4.65,0.75,-171.68,14.42956213891,0.3687132,58.52554824,449,2543,64.8,2026-06-25,-6.16,37.9,False
4665,688097,博众精工,60.42,-4.87,0.62,236.9,62.994223263124,0.3892848,73.26467137,238,261,70.8,2026-06-25,-4.09,51.9,False
4666,688098,申联生物,8.84,-2.0,0.25,-524.29,9.056604755827,0.2141156,60.49233919,-476,2042,63.6,2026-06-25,-2.39,38.5,False
4667,688099,晶晨股份,97.07,-3.69,0.78,59.31,100.871731693537,0.4202204,75.88227667,-76,133,77.2,2026-06-25,-3.77,58.6,False
4668,688100,威胜信息,29.62,-1.95,0.13,24.55,29.968589578002,0.2314016,64.95828747,1137,1085,63.6,2026-06-25,-1.16,41.3,False
4669,688101,三达膜,15.98,-2.92,0.34,13.47,16.46752297494,0.1885636,60.86664458,25,1950,64.0,2026-06-25,-2.96,39.0,False
4670,688102,斯瑞新材,40.8,1.19,1.12,184.95,41.01231234495,0.4204312,62.35205556,-460,1574,80.4,2026-06-25,-0.52,50.1,False
4671,688103,国力电子,59.82,2.34,1.82,211.98,59.035866936108,0.2852504,65.86600928,601,958,64.8,2026-06-25,1.33,42.7,False
4672,688105,诺唯赞,15.83,-0.44,0.51,489.27,15.996489490242,0.2874908,55.9870447,-1747,3238,70.0,2026-06-25,-1.04,39.2,False
4673,688106,金宏气体,35.31,1.29,2.86,970.63,34.458026234759,0.4865464,66.7454516,795,832,81.6,2026-06-25,2.47,54.5,False
4674,688107,安路科技,43.35,-2.08,0.65,-106.45,44.337619973444,0.2568108,62.04518533,-574,1643,72.0,2026-06-25,-2.23,44.7,False
4675,688108,赛诺医疗,18.61,-3.72,0.72,79.49,18.84466774426,0.3233656,60.90490392,4,1934,70.0,2026-06-25,-1.25,42.6,False
4676,688109,品茗科技,73.94,-4.92,0.47,-105.4,78.517964623268,0.3014668,53.57497924,-931,3848,62.8,2026-06-25,-5.83,33.6,False
4677,688110,东芯股份,176.13,-1.85,1.64,140.86,179.457707651756,0.5429616,67.58214811,-434,724,85.6,2026-06-25,-1.85,57.9,False
4678,688111,金山办公,204.11,-4.22,0.58,10.79,213.168165165782,0.3607332,69.78630379,18,509,83.6,2026-06-25,-4.25,58.3,False
4679,688112,鼎阳科技,72.08,-2.48,0.66,75.01,73.498401286251,0.3535988,68.81555291,89,593,65.6,2026-06-25,-1.93,45.1,False
4680,688113,联测科技,35.45,-1.42,0.45,20.09,36.513949442976,0.2312772,57.04665325,-28,2942,61.2,2026-06-25,-2.91,34.9,False
4681,688114,华大智造,50.31,-0.32,0.26,-49.8,49.729111887189,0.2741828,56.58611173,666,3075,68.8,2026-06-25,1.17,38.9,False
4682,688115,思林杰,70.34,6.0,3.2,222.46,60.528351427804,0.2977256,67.98743896,123,665,63.6,2026-06-25,16.21,43.2,False
4683,688116,天奈科技,38.46,-4.09,0.88,62.49,39.483369849241,0.365944,63.17821123,2353,1418,72.4,2026-06-25,-2.59,45.7,False
4684,688117,圣诺生物,24.72,-0.64,0.39,20.52,24.759866757071,0.248226,61.58130753,-794,1757,65.2,2026-06-25,-0.16,40.2,False
4685,688118,普元信息,19.97,-3.06,0.7,-16.32,20.647099222313,0.2361604,54.17090891,-1219,3711,61.6,2026-06-25,-3.28,33.4,False
4686,688119,中钢洛耐,4.73,-1.66,0.37,466.86,4.840743041977,0.277294,56.78232675,-1324,3025,67.2,2026-06-25,-2.29,38.2,False
4687,688120,华海清科,249.96,-1.01,0.69,125.01,250.397490035327,0.4758172,77.96178243,30,72,85.6,2026-06-25,-0.17,66.7,False
4688,688121,卓然股份,,,0.0,20.72,6.313393336271,0.1109664,42.83748214,1,5173,60.8,2026-06-25,,26.0,False
4689,688122,西部超导,54.27,-2.29,0.68,201.07,55.893686916825,0.3486592,56.46267308,120,3121,78.0,2026-06-25,-2.9,44.0,False
4690,688123,聚辰股份,190.0,1.17,5.1,244.71,182.649109760594,0.5566412,76.28204718,-96,111,82.8,2026-06-25,4.02,63.2,False
4691,688125,安达智能,158.5,-2.16,0.39,-104.09,165.455428243727,0.2992004,51.23093173,-985,4366,62.0,2026-06-25,-4.2,31.8,False
4692,688126,沪硅产业,34.1,2.37,3.19,-58.32,33.160320145444,0.5034852,61.64250176,-553,1742,92.0,2026-06-25,2.83,56.7,False
4693,688127,蓝特光学,95.88,-0.08,1.21,75.1,92.895407631108,0.4634728,78.55236989,-17,52,75.6,2026-06-25,3.21,59.4,False
4694,688128,中国电研,24.06,-2.43,0.21,18.16,24.740506115734,0.222758,63.19995077,39,1412,67.2,2026-06-25,-2.75,42.5,False
4695,688129,东来技术,26.45,-0.19,0.3,34.86,27.011750269385,0.1588964,62.89076592,-654,1472,62.8,2026-06-25,-2.08,39.5,False
4696,688130,晶华微,26.25,-3.63,1.02,-179.88,27.329562389579,0.2308228,62.44087264,1461,1560,65.6,2026-06-25,-3.95,41.0,False
4697,688131,皓元医药,93.07,2.05,1.34,73.13,90.553503819919,0.4208164,68.35926724,-451,635,74.8,2026-06-25,2.78,51.1,False
4698,688132,邦彦技术,12.93,-2.78,0.22,-11.34,13.250264889562,0.2060832,51.19473442,680,4372,61.2,2026-06-25,-2.42,31.3,False
4699,688133,泰坦科技,21.05,-5.65,0.88,-26.72,22.185830274248,0.2117404,52.13477891,129,4182,63.2,2026-06-25,-5.12,32.9,False
4700,688135,利扬芯片,39.17,-2.25,1.32,667.73,40.139993960889,0.3342936,61.87787814,-56,1694,75.2,2026-06-25,-2.42,46.5,False
4701,688136,科兴制药,19.2,-7.07,2.66,-53.86,19.705538054437,0.2532416,65.24040373,1731,1046,63.2,2026-06-25,-2.57,41.2,False
4702,688137,近岸蛋白,34.17,-3.01,0.3,-56.32,34.612517852075,0.1358016,50.55215887,53,4495,61.6,2026-06-25,-1.28,31.1,False
4703,688138,清溢光电,40.08,-1.4,1.19,56.64,40.060974209544,0.4316784,70.66303777,-307,440,76.0,2026-06-25,0.05,53.7,False
4704,688139,海尔生物,25.2,-0.16,0.32,25.09,25.087737506459,0.3215424,57.54101365,147,2803,64.0,2026-06-25,0.45,36.8,False
4705,688141,杰华特,148.91,1.38,0.77,-60.7,145.259129678757,0.4520664,64.49572941,99,1170,77.2,2026-06-25,2.51,49.8,False
4706,688143,长盈通,222.27,-7.66,1.68,1213.14,242.880225897997,0.590581886792,66.43206554,-75,881,77.2,2026-06-25,-8.49,51.3,False
4707,688146,中船特气,389.0,-0.25,5.7,508.31,383.49286914209,0.2874748,72.92515373,-9,284,87.6,2026-06-25,1.44,63.9,False
4708,688147,微导纳米,125.35,0.38,0.71,692.51,125.34137495955,0.4328356,65.48222117,-156,1012,76.8,2026-06-25,0.01,50.3,False
4709,688148,芳源股份,8.54,-3.28,0.93,17.73,8.917920236372,0.2116172,55.93270159,-1504,3258,66.4,2026-06-25,-4.24,37.1,False
4710,688150,莱特光电,64.82,1.33,1.17,141.84,62.798511405919,0.5069996,75.47926469,-70,152,69.2,2026-06-25,3.22,52.2,False
4711,688151,华强科技,14.8,-2.95,0.14,198.93,15.219236640936,0.1101356,55.36828304,-1150,3405,62.4,2026-06-25,-2.75,34.5,False
4712,688152,麒麟信安,27.26,-2.99,0.32,-80.49,28.016117926283,0.1949788,52.84197766,800,4023,62.8,2026-06-25,-2.7,33.2,False
4713,688153,唯捷创芯,30.42,-1.74,0.38,-67.99,30.978855564385,0.2059428,56.74635316,126,3036,68.4,2026-06-25,-1.8,38.8,False
4714,688155,先惠技术,76.5,-2.52,0.6,15.75,79.56938536771,0.2817696,58.94364076,-433,2431,66.0,2026-06-25,-3.86,38.9,False
4715,688156,路德科技,27.27,5.01,2.11,62.17,25.975288624144,0.1591796,55.10641472,27,3477,61.6,2026-06-25,4.98,33.9,False
4716,688157,松井股份,24.45,-6.32,0.65,-139.83,26.712017246567,0.1974568,48.82750132,-133,4757,63.2,2026-06-25,-8.47,30.9,False
4717,688158,优刻得-W,34.42,-6.54,2.33,1446.46,37.339369232915,0.344966,54.21445907,-2414,3699,72.0,2026-06-25,-7.82,39.0,False
4718,688159,有方科技,42.88,-5.49,1.84,35.76,45.679635918348,0.315518,56.30419603,-359,3152,64.4,2026-06-25,-6.13,36.3,False
4719,688160,步科股份,106.52,-2.57,1.08,181.68,112.002779180233,0.3243664,60.9336906,-1163,1925,73.2,2026-06-25,-4.9,44.6,False
4720,688161,威高骨科,20.71,-1.1,0.05,46.82,21.130464119068,0.1720084,55.6929428,-220,3327,62.4,2026-06-25,-1.99,34.8,False
4721,688162,巨一科技,23.26,-1.69,0.21,38.43,23.900434106115,0.1463008,54.11712211,-1169,3729,60.8,2026-06-25,-2.68,32.9,False
4722,688163,赛伦生物,43.16,-2.35,0.25,2058.79,44.126236147563,0.3675684,58.64596117,-1110,2515,65.2,2026-06-25,-2.19,38.2,False
4723,688165,埃夫特-U,18.0,-3.38,0.63,-239.94,18.813332118028,0.22043,53.25811403,-327,3928,74.0,2026-06-25,-4.32,39.4,False
4724,688166,博瑞医药,35.84,-1.73,0.64,420.15,35.95041991691,0.2798924,51.65217121,-305,4288,65.2,2026-06-25,-0.31,33.7,False
4725,688167,炬光科技,361.01,-4.41,1.3,-889.62,376.109614087613,0.529044,68.2518063,375,645,80.8,2026-06-25,-4.01,55.1,False
4726,688168,安博通,55.01,-3.96,1.75,122.83,58.810548796482,0.41791,54.47618309,-775,3637,65.2,2026-06-25,-6.46,35.5,False
4727,688169,石头科技,93.74,-2.29,0.63,18.8,95.080845072712,0.3603704,65.8581152,2043,960,76.0,2026-06-25,-1.41,50.1,False
4728,688170,德龙激光,85.31,1.97,3.07,-86.34,83.125643466228,0.4420996,69.61973646,1429,525,74.4,2026-06-25,2.63,51.8,False
4729,688171,纬德信息,45.54,-3.09,0.71,-6400.66,47.522657750675,0.325512,57.03253436,-493,2949,60.4,2026-06-25,-4.17,34.4,False
4730,688172,燕东微,80.3,-4.39,0.44,-110.64,82.550802258155,0.4755332,64.41912713,65,1184,78.4,2026-06-25,-2.73,50.5,False
4731,688173,希荻微,17.57,-2.61,0.6,-238.59,18.009336622881,0.2082776,62.14670432,-548,1616,68.8,2026-06-25,-2.44,42.8,False
4732,688175,高凌信息,23.66,-2.67,0.29,251.86,24.50222034375,0.2371584,52.96460058,-1170,3996,60.8,2026-06-25,-3.44,32.2,False
4733,688176,亚虹医药-U,9.48,-1.86,0.59,-12.07,9.578404772284,0.203852,45.68152511,-556,5074,59.6,2026-06-25,-1.03,27.2,False
4734,688177,百奥泰,16.54,-1.43,0.16,-11.28,16.615317294708,0.1072264,49.51749469,-973,4653,62.8,2026-06-25,-0.45,31.1,False
4735,688178,万德斯,34.41,-4.94,1.15,64.36,36.366506362678,0.3587196,59.5399658,1185,2281,62.4,2026-06-25,-5.38,37.2,False
4736,688179,阿拉丁,25.71,-3.53,1.37,79.98,26.402504150973,0.3987336,73.06767712,931,274,71.6,2026-06-25,-2.62,52.3,False
4737,688180,君实生物-U,30.54,-2.52,0.65,-381.19,30.490617206954,0.3356816,59.71225954,-1406,2241,71.6,2026-06-25,0.16,42.8,False
4738,688181,八亿时空,52.48,1.9,3.73,71.29,51.699763281526,0.4163228,71.16409165,313,402,73.2,2026-06-25,1.51,52.1,False
4739,688182,XD灿勤科,43.56,-1.83,0.47,2668.4,44.352484959337,0.285078,60.44354349,-162,2050,68.8,2026-06-25,-1.79,41.6,False
4740,688183,生益电子,131.51,-4.84,0.68,61.92,137.519518244224,0.5242808,79.22030751,11,41,86.4,2026-06-25,-4.37,68.4,False
4741,688184,ST帕瓦,10.65,-3.18,0.53,20.69,10.780531133556,0.2233152,48.54243697,-738,4810,61.6,2026-06-25,-1.21,29.9,False
4742,688185,康希诺,49.71,-0.56,0.52,-75.95,49.643917308725,0.2687644,56.11017051,-103,3200,69.6,2026-06-25,0.13,39.1,False
4743,688186,广大特材,14.76,-0.07,0.76,196.53,14.891935359195,0.2438344,50.52929229,11,4500,62.4,2026-06-25,-0.89,31.5,False
4744,688187,时代电气,62.07,2.68,0.69,32.51,60.769677278552,0.3931388,69.53249277,-377,532,79.2,2026-06-25,2.14,55.1,False
4745,688188,柏楚电子,144.36,-3.28,0.27,33.04,148.348648085697,0.3047776,67.25734939,-251,760,69.2,2026-06-25,-2.69,46.5,False
4746,688189,ST南新,5.92,-2.47,0.68,-30.66,6.101969926437,0.250061960784,48.40078196,-620,4825,61.6,2026-06-25,-2.98,29.8,False
4747,688190,云路股份,96.11,-4.84,0.62,46.57,100.972368470805,0.3356216,66.36277197,-22,890,66.0,2026-06-25,-4.82,43.8,False
4748,688191,智洋创新,33.65,-4.76,0.64,-246.84,35.296848874829,0.3425604,58.10842743,-362,2660,63.6,2026-06-25,-4.67,37.0,False
4749,688192,迪哲医药-U,37.66,-3.56,0.34,-45.83,38.598873500087,0.2289796,49.92802299,-1629,4581,66.4,2026-06-25,-2.43,33.2,False
4750,688193,仁度生物,54.43,-0.07,0.28,109.15,54.714183937146,0.094369272727,55.17243617,-759,3455,62.8,2026-06-25,-0.52,34.6,False
4751,688195,腾景科技,194.58,-4.66,1.34,610.31,205.887118357939,0.4172472,67.1022644,-102,780,80.4,2026-06-25,-5.49,54.0,False
4752,688196,XD卓越新,36.0,-2.49,0.18,37.99,36.762897229371,0.090736,53.3869418,-1095,3896,61.2,2026-06-25,-2.08,32.7,False
4753,688197,首药控股-U,32.76,1.11,0.67,-80.71,32.058251966051,0.2134796,52.1823994,-1457,4172,62.8,2026-06-25,2.19,32.8,False
4754,688198,佰仁医疗,79.85,-3.62,0.19,66.46,83.047687569761,0.33253,59.36356178,-1387,2326,65.2,2026-06-25,-3.85,38.7,False
4755,688199,久日新材,33.79,0.57,1.83,133.72,33.812155733024,0.2835916,62.03756051,-529,1645,72.8,2026-06-25,-0.07,45.2,False
4756,688200,华峰测控,451.69,-0.67,0.64,240.42,449.915387967268,0.5069916,70.93126288,-296,417,80.8,2026-06-25,0.39,57.3,False
4757,688201,ST信安,6.91,-1.99,0.4,-38.2,7.106503205042,0.241504313725,56.13132763,-714,3193,61.2,2026-06-25,-2.77,34.4,False
4758,688202,美迪西,73.39,2.66,1.6,157.86,69.810602314109,0.3176472,59.75474439,-927,2230,72.4,2026-06-25,5.13,43.3,True
4759,688203,海正生材,10.15,-2.03,0.3,491.72,10.30784526998,0.1712744,58.35591168,233,2591,61.2,2026-06-25,-1.53,35.7,False
4760,688205,德科立,210.0,-4.36,1.35,425.68,221.861353289718,0.4848204,55.73648598,-607,3312,77.6,2026-06-25,-5.35,43.3,False
4761,688206,概伦电子,37.99,-2.91,0.5,-337.34,39.123226212998,0.320644,65.73633446,450,977,74.8,2026-06-25,-2.9,49.2,False
4762,688207,格灵深瞳,19.08,0.79,2.01,-30.33,19.120149886067,0.2386812,51.34262616,-559,4340,70.4,2026-06-25,-0.21,36.1,False
4763,688208,道通科技,24.92,-2.96,0.43,21.45,25.629232986247,0.3281416,66.50803779,205,867,68.0,2026-06-25,-2.77,45.2,False
4764,688209,英集芯,24.97,-3.78,1.02,60.0,26.05156153444,0.2935312,63.47685712,-42,1353,69.2,2026-06-25,-4.15,43.9,False
4765,688210,统联精密,39.33,-2.48,0.53,-80.31,40.103884344958,0.2610256,56.31708147,271,3150,62.0,2026-06-25,-1.93,34.9,False
4766,688211,中科微至,32.16,-2.19,0.25,356.79,32.967527555531,0.2066944,59.259777,79,2349,62.8,2026-06-25,-2.45,37.2,False
4767,688212,澳华内镜,29.03,-1.96,0.35,-40.0,29.452177357564,0.2043668,56.75316619,-1181,3034,64.0,2026-06-25,-1.43,36.3,False
4768,688213,思特威-W,94.33,-2.8,1.01,40.07,96.47899790872,0.3906128,73.45003219,356,251,73.6,2026-06-25,-2.23,54.1,False
4769,688215,瑞晟智能,39.04,-2.64,0.27,99.1,40.243267685997,0.1752732,57.46775108,-1104,2824,61.2,2026-06-25,-2.99,35.2,False
4770,688216,气派科技,39.42,-0.13,3.19,-303.19,39.584358653604,0.2444468,65.39747161,-373,1020,71.6,2026-06-25,-0.42,46.8,False
4771,688217,睿昂基因,19.93,-3.3,0.52,-55.85,20.662785534503,0.0758648,46.3457854,-598,5030,61.6,2026-06-25,-3.55,28.5,False
4772,688218,江苏北人,50.71,-1.91,0.76,389.07,51.682756972251,0.342994,52.91039921,199,4008,67.6,2026-06-25,-1.88,35.8,False
4773,688219,会通股份,12.1,0.41,0.79,30.18,11.921841110436,0.3474532,68.09355418,1002,658,65.6,2026-06-25,1.49,44.7,False
4774,688220,翱捷科技-U,97.9,-3.72,1.04,-365.4,99.612363403235,0.360768,67.10886115,1173,779,69.2,2026-06-25,-1.72,46.4,False
4775,688221,前沿生物-U,20.38,-2.3,1.22,8.39,20.136638080773,0.3471936,60.86333465,-1146,1951,70.0,2026-06-25,1.21,42.6,False
4776,688222,成都先导,31.43,-0.57,1.1,75.86,30.980861340152,0.3828156,66.27297277,102,908,74.4,2026-06-25,1.45,49.3,False
4777,688223,晶科能源,4.93,1.02,0.54,-9.37,4.847465946768,0.3028612,54.15608983,439,3715,69.6,2026-06-25,1.7,37.7,False
4778,688225,亚信安全,12.04,-2.82,0.23,-6.47,12.501421986134,0.143912,52.41569945,-1228,4120,62.8,2026-06-25,-3.69,32.9,False
4779,688226,威腾电气,42.9,-3.88,0.9,301.6,45.525733206177,0.4029268,56.48700473,953,3112,59.2,2026-06-25,-5.77,33.4,False
4780,688227,品高股份,99.63,-6.01,1.72,-183.74,104.256575180842,0.5136624,64.72418409,-370,1129,72.8,2026-06-25,-4.44,47.1,False
4781,688228,开普云,76.96,-4.79,0.69,-154.16,81.263877309827,0.21257,48.76474759,12,4765,62.4,2026-06-25,-5.3,30.4,False
4782,688229,博睿数据,74.8,-3.82,0.83,-71.34,77.821171346565,0.283064,50.77535501,-1131,4461,60.8,2026-06-25,-3.88,30.9,False
4783,688230,芯导科技,72.41,-2.11,0.3,71.05,73.762050057879,0.3146056,62.63201345,-961,1524,68.4,2026-06-25,-1.83,42.8,False
4784,688231,隆达股份,32.8,-0.61,0.35,55.08,33.243463695494,0.1408172,62.41534895,-808,1566,62.8,2026-06-25,-1.33,39.2,False
4785,688232,新点软件,17.37,-1.86,0.22,-58.18,17.804255400187,0.1660176,58.71755895,384,2488,62.0,2026-06-25,-2.44,36.4,False
4786,688233,神工股份,153.01,-0.42,1.73,256.63,150.865773500741,0.5132556,72.90061019,-40,285,80.4,2026-06-25,1.42,58.6,False
4787,688234,天岳先进,173.77,0.86,1.87,-347.93,174.788465822398,0.5598856,63.87255059,-832,1280,87.2,2026-06-25,-0.58,55.7,False
4788,688235,百济神州,240.55,-0.89,1.21,57.66,236.451907928114,0.4723636,75.7966081,13,136,83.6,2026-06-25,1.73,63.4,False
4789,688236,春立医疗,14.2,-1.8,0.08,22.07,14.456355017964,0.1230088,58.43669915,-853,2571,61.2,2026-06-25,-1.77,35.8,False
4790,688237,超卓航科,53.01,-1.4,0.41,321.95,53.965289058651,0.3380844,55.2994717,231,3423,63.6,2026-06-25,-1.77,35.2,False
4791,688238,和元生物,5.3,-1.12,0.33,-16.2,5.368678838039,0.1561384,48.49761982,-911,4813,64.8,2026-06-25,-1.28,31.4,False
4792,688239,航宇科技,54.41,-3.56,0.55,46.05,56.549548539877,0.3248908,59.61623449,-628,2262,70.0,2026-06-25,-3.78,41.7,False
4793,688244,永信至诚,13.82,-2.47,0.43,-22.22,14.229640904462,0.1352052,49.63253069,-41,4629,60.8,2026-06-25,-2.88,30.2,False
4794,688246,嘉和美康,21.4,-3.43,0.52,-51.42,22.375371167639,0.195258,48.9126396,-105,4744,63.2,2026-06-25,-4.36,30.9,False
4795,688247,宣泰医药,7.36,-2.26,0.11,50.36,7.469646802241,0.101794,58.07544604,203,2667,63.2,2026-06-25,-1.47,36.7,False
4796,688248,南网科技,64.76,-0.84,0.28,185.38,64.017980892355,0.4047592,69.44297015,-280,539,70.0,2026-06-25,1.16,48.6,False
4797,688249,晶合集成,59.37,1.99,0.64,588.21,57.439297367878,0.4687248,66.57093676,-421,856,82.8,2026-06-25,3.36,55.1,False
4798,688251,井松智能,26.45,-4.2,1.17,-38.09,28.12837253324,0.3535676,63.58252964,-178,1337,63.2,2026-06-25,-5.97,40.2,False
4799,688252,天德钰,22.58,-1.53,0.5,50.15,22.800582474084,0.3260892,69.49455343,114,535,65.6,2026-06-25,-0.97,45.6,False
4800,688253,英诺特,58.59,-3.63,0.4,49.38,60.114882743307,0.4325516,65.60349247,88,996,61.6,2026-06-25,-2.54,40.4,False
4801,688255,凯尔达,27.17,-2.96,0.71,67.67,28.295166969504,0.189792,56.91843751,-146,2980,64.8,2026-06-25,-3.98,36.9,False
4802,688256,寒武纪,1458.01,-3.12,0.43,226.03,1489.09930046044,0.9859176,82.00799829,-9,15,94.0,2026-06-25,-2.09,77.1,False
4803,688257,新锐股份,100.1,-4.95,1.26,28.4,103.029680910516,0.5244096,76.53658008,403,107,76.0,2026-06-25,-2.84,58.2,False
4804,688258,卓易信息,116.55,-4.05,0.77,59.35,120.081364449989,0.3193524,57.37966926,-275,2849,67.6,2026-06-25,-2.94,38.8,False
4805,688259,创耀科技,36.33,-3.71,0.65,97.68,37.928145732615,0.2348276,55.42551254,-117,3393,64.8,2026-06-25,-4.21,35.9,False
4806,688260,昀冢科技,,,0.0,-81.66,141.483805239686,0.522344,69.68447464,1111,520,78.0,2026-06-25,,54.4,False
4807,688261,东微半导,95.71,-2.34,1.72,527.7,97.05652775923,0.3901592,60.32581914,-188,2081,77.2,2026-06-25,-1.39,46.6,False
4808,688262,国芯科技,40.78,-3.46,1.02,-70.39,41.809817838201,0.3361304,57.12222033,-1133,2928,81.2,2026-06-25,-2.46,46.4,False
4809,688265,南模生物,32.03,-1.08,0.27,913.2,32.460288012145,0.1109776,58.41504814,-1727,2576,63.2,2026-06-25,-1.33,36.9,False
4810,688266,泽璟制药-U,108.14,0.6,0.82,11.31,103.917586343936,0.2954628,67.62580302,-348,715,71.6,2026-06-25,4.06,48.4,False
4811,688267,中触媒,19.61,-2.82,0.26,35.36,20.451655186464,0.327624,61.89895512,705,1689,60.4,2026-06-25,-4.12,37.4,False
4812,688268,华特气体,241.1,-4.32,2.3,227.18,243.449576882783,0.55364,67.80038776,422,689,87.6,2026-06-25,-0.97,59.4,False
4813,688269,凯立新材,32.61,-2.37,0.6,22.04,33.628348596564,0.2580516,58.99639481,-1107,2415,62.8,2026-06-25,-3.03,37.0,False
4814,688270,ST臻镭,64.96,-4.9,1.23,122.89,70.036374725657,0.443845098039,54.75198191,-755,3567,66.8,2026-06-25,-7.25,36.6,False
4815,688271,联影医疗,100.37,-1.11,0.18,51.85,101.04257752276,0.3280508,66.48969931,-325,872,77.2,2026-06-25,-0.67,51.3,False
4816,688272,富吉瑞,34.66,4.65,1.89,-48.98,33.33699499468,0.2501792,53.42887899,1122,3883,59.6,2026-06-25,3.97,31.8,False
4817,688273,麦澜德,37.85,-0.92,0.24,41.28,38.663344548871,0.2373216,56.0074132,-1494,3232,61.2,2026-06-25,-2.1,34.3,False
4818,688275,万润新能,132.25,-2.49,0.68,10.4,136.658241261158,0.387084,62.10552435,-42,1624,69.6,2026-06-25,-3.23,43.2,False
4819,688276,百克生物,14.02,-0.85,0.13,-417.33,13.97008721389,0.1838444,54.19081664,1051,3708,63.6,2026-06-25,0.36,34.5,False
4820,688277,天智航-U,16.26,-4.8,0.94,-40.82,17.680656251191,0.2872208,48.88186685,-307,4748,64.8,2026-06-25,-8.04,31.7,False
4821,688278,特宝生物,53.6,-1.0,0.14,33.25,53.77006734434,0.2705644,64.78117295,-602,1120,67.2,2026-06-25,-0.32,43.5,False
4822,688279,峰岹科技,203.01,-2.83,0.54,66.19,209.064687754551,0.2954488,68.16233041,-202,653,66.8,2026-06-25,-2.9,45.5,False
4823,688280,精进电动-W,5.62,-1.4,0.61,-9.07,5.769863841801,0.2068264,47.87736739,-430,4886,62.4,2026-06-25,-2.6,29.9,False
4824,688281,华秦科技,46.23,-3.41,0.33,55.78,47.652156116159,0.2522252,55.99535342,-480,3234,64.0,2026-06-25,-2.98,35.8,False
4825,688282,理工导航,56.99,-3.24,0.32,-90.14,58.893077697424,0.2799092,51.66759545,155,4282,59.2,2026-06-25,-3.23,30.6,False
4826,688283,坤恒顺维,32.3,-4.01,0.37,223.56,33.442835078365,0.1190632,58.11395779,59,2659,62.0,2026-06-25,-3.42,36.0,False
4827,688285,高铁电气,7.06,-3.02,0.19,54.12,7.289085523867,0.0707452,55.35175192,-1112,3413,60.8,2026-06-25,-3.14,33.7,False
4828,688286,敏芯股份,103.0,-0.46,3.27,-139.32,101.68345409141,0.4916112,70.13364799,-180,480,72.0,2026-06-25,1.29,50.5,False
4829,688288,鸿泉技术,17.81,-3.52,0.46,-57.95,18.326301101671,0.1261248,58.59118818,1421,2533,60.8,2026-06-25,-2.82,35.6,False
4830,688289,圣湘生物,14.32,3.24,0.91,41.7,13.874130197331,0.2310632,52.88012347,-1287,4015,66.4,2026-06-25,3.21,35.1,False
4831,688290,景业智能,61.29,-2.37,0.24,-202.12,63.112278886088,0.261256,59.87868211,-1,2198,66.4,2026-06-25,-2.89,39.8,False
4832,688291,金橙子,57.82,-2.0,1.21,28.01,59.732027495052,0.2998288,66.80277611,393,819,71.6,2026-06-25,-3.2,47.8,False
4833,688292,浩瀚深度,17.99,-4.16,0.56,-25.52,18.824873741582,0.199622,48.15327135,-184,4856,61.2,2026-06-25,-4.43,29.5,False
4834,688293,奥浦迈,39.13,-1.51,0.6,34.73,39.160426501144,0.1570112,59.40169834,-195,2319,64.0,2026-06-25,-0.08,38.0,False
4835,688295,中复神鹰,56.26,0.55,0.6,415.65,55.464945607917,0.3776704,61.19168444,-913,1868,75.6,2026-06-25,1.43,46.3,False
4836,688296,和达科技,11.48,-2.38,0.54,-24.43,11.868334593497,0.069978,48.80966313,-875,4760,60.8,2026-06-25,-3.27,29.7,False
4837,688297,中无人机,41.07,-3.95,0.31,410.96,43.131243149065,0.2827076,56.08320771,-1596,3212,70.4,2026-06-25,-4.78,39.5,False
4838,688298,东方生物,17.97,-1.53,0.24,-9.65,18.339000699219,0.1412204,48.22915902,-631,4844,66.8,2026-06-25,-2.01,32.2,False
4839,688299,长阳科技,16.3,-2.69,0.59,105.09,16.763149349305,0.2436588,54.72986902,746,3570,67.6,2026-06-25,-2.76,37.0,False
4840,688300,联瑞新材,260.5,-3.51,1.15,219.52,260.956446674391,0.56237,75.21310622,39,169,84.4,2026-06-25,-0.17,63.5,False
4841,688301,奕瑞科技,106.71,-5.68,1.21,44.17,111.362569962823,0.3463748,73.66766265,751,233,68.4,2026-06-25,-4.18,50.4,False
4842,688302,海创药业-U,34.05,-2.38,0.31,-28.21,34.550499649933,0.218,52.26304618,201,4156,61.6,2026-06-25,-1.45,32.2,False
4843,688303,大全能源,17.89,0.56,0.26,-11.98,17.806250298026,0.2822336,50.57546108,293,4492,73.6,2026-06-25,0.47,37.2,False
4844,688305,科德数控,62.57,-1.56,0.69,92.2,64.135986924061,0.2990184,60.46756969,-952,2045,71.6,2026-06-25,-2.44,43.3,False
4845,688306,均普智能,9.01,-3.22,0.36,-80.64,9.373459247057,0.2362056,56.8939128,-162,2990,69.6,2026-06-25,-3.88,39.6,False
4846,688307,中润光学,76.0,-5.64,1.72,158.49,78.809554362964,0.4343068,75.35372116,13,161,67.6,2026-06-25,-3.56,50.9,False
4847,688308,欧科亿,182.02,-5.44,1.77,35.44,190.440241932152,0.5188584,74.28957482,262,207,79.6,2026-06-25,-4.42,59.1,False
4848,688309,恒誉环保,56.69,-3.34,0.54,26.47,59.545795392393,0.2279196,56.20971056,-626,3175,59.2,2026-06-25,-4.8,33.3,False
4849,688310,迈得医疗,15.31,-2.92,0.41,-33.04,15.511295681445,0.2467504,61.57813932,315,1759,61.6,2026-06-25,-1.3,37.9,False
4850,688311,盟升电子,24.54,-4.59,0.66,-70.3,25.755417713807,0.228566,49.94617144,-143,4579,63.2,2026-06-25,-4.72,31.6,False
4851,688312,燕麦科技,91.5,-2.6,1.05,1359.39,94.529972361049,0.4577892,71.24147313,-25,394,68.0,2026-06-25,-3.21,48.4,False
4852,688313,仕佳光子,185.61,-7.17,2.3,180.53,199.153601169226,0.5482232,72.53656405,-256,304,88.8,2026-06-25,-6.8,64.4,False
4853,688314,康拓医疗,34.78,-3.98,0.5,53.68,36.136000160671,0.2555312,60.42150203,979,2055,60.8,2026-06-25,-3.75,36.7,False
4854,688315,诺禾致源,12.33,-1.52,0.21,43.56,12.524710068695,0.1620188,56.06555714,-149,3217,62.0,2026-06-25,-1.55,34.8,False
4855,688316,青云科技-U,53.08,-4.87,1.77,-46.33,56.377187846693,0.253408,48.32721109,-365,4833,64.4,2026-06-25,-5.85,31.1,False
4856,688317,之江生物,15.41,-1.72,0.35,-29.02,15.869561237907,0.2122676,46.41959055,-753,5025,64.0,2026-06-25,-2.9,29.7,False
4857,688318,财富趋势,78.05,-3.13,0.76,202.57,81.407590083344,0.4075556,67.56619993,467,727,70.8,2026-06-25,-4.12,47.8,False
4858,688319,欧林生物,37.7,-2.71,0.55,140.53,39.114778296181,0.4163012,62.79372691,-372,1495,66.0,2026-06-25,-3.62,41.4,False
4859,688320,禾川科技,37.51,-1.93,0.92,-251.55,38.148201029036,0.2818252,62.77162075,-355,1500,71.2,2026-06-25,-1.67,44.7,False
4860,688321,微芯生物,24.8,-1.7,0.4,97.14,24.86897880245,0.3589348,57.89159268,-123,2710,66.8,2026-06-25,-0.28,38.7,False
4861,688322,奥比中光-W,119.92,-2.5,1.42,397.76,125.730871919489,0.4604044,64.78212609,-659,1118,86.8,2026-06-25,-4.62,56.2,False
4862,688323,瑞华泰,67.18,-3.2,1.96,-133.58,67.093582350164,0.463504,62.9539533,1809,1460,76.4,2026-06-25,0.13,48.1,False
4863,688325,赛微微电,132.04,0.5,0.54,253.68,132.198650007935,0.3569172,60.03996194,51,2169,66.8,2026-06-25,-0.12,40.1,False
4864,688326,经纬恒润-W,67.77,-3.25,0.35,-11.45,70.202545672832,0.208216,54.25126019,-103,3693,64.0,2026-06-25,-3.47,34.7,False
4865,688327,云从科技-UW,12.42,-3.12,0.9,-248.09,13.014374305691,0.2943704,51.44120709,-466,4322,77.2,2026-06-25,-4.57,39.7,False
4866,688328,深科达,77.68,-1.52,1.53,67.77,79.660167860077,0.4051032,65.0018186,-340,1078,70.4,2026-06-25,-2.49,45.8,False
4867,688329,艾隆科技,19.84,-4.94,0.75,-16.57,20.737432630885,0.1958688,50.91160359,-981,4433,61.2,2026-06-25,-4.33,31.2,False
4868,688330,宏力达,34.81,-2.41,0.24,85.87,35.854858935618,0.179958,54.64489771,-88,3597,60.4,2026-06-25,-2.91,33.0,False
4869,688331,荣昌生物,118.3,-1.0,1.6,50.9,115.604756784527,0.4443208,68.89661113,-356,588,76.4,2026-06-25,2.33,52.6,False
4870,688332,中科蓝讯,151.2,-3.69,0.6,-1149.54,153.529859264021,0.4599024,70.55529494,404,453,77.2,2026-06-25,-1.52,54.5,False
4871,688333,铂力特,102.5,-2.36,1.3,419.03,100.721109854768,0.476032,75.3000935,254,163,80.4,2026-06-25,1.77,60.5,False
4872,688334,西高院,18.48,0.33,0.19,22.03,18.456335010509,0.2497476,64.71006256,1202,1132,62.4,2026-06-25,0.13,40.4,False
4873,688335,复洁科技,25.77,-7.1,0.94,-61.28,27.857425419518,0.3672932,48.26764869,-1180,4839,64.4,2026-06-25,-7.49,31.1,False
4874,688336,三生国健,44.55,0.11,0.43,56.04,42.680873345023,0.4133372,74.87374898,549,188,68.8,2026-06-25,4.38,51.5,False
4875,688337,普源精电,71.66,-1.21,1.12,150.03,72.744752515664,0.3623444,71.03402225,-180,411,69.6,2026-06-25,-1.49,49.4,False
4876,688338,赛科希德,27.2,0.63,0.8,37.36,26.899990151063,0.2987828,62.8230065,1249,1491,65.6,2026-06-25,1.12,41.2,False
4877,688339,亿华通-U,18.95,-0.32,0.53,-22.32,18.991057925579,0.1352728,46.11022995,-404,5046,65.6,2026-06-25,-0.22,30.2,False
4878,688343,云天励飞-U,72.07,-5.1,1.07,-48.35,75.202990042153,0.4264008,64.30837069,-224,1198,73.2,2026-06-25,-4.17,47.1,False
4879,688345,博力威,56.72,3.35,0.74,51.76,54.61532961526,0.26131,59.70156023,-1009,2243,61.2,2026-06-25,3.85,36.5,False
4880,688347,华虹宏力,320.0,-3.14,1.27,996.07,325.589022400322,0.6110032,77.54424744,7,82,90.8,2026-06-25,-1.72,70.4,False
4881,688348,昱能科技,34.5,-0.09,0.47,-21.87,34.536607893142,0.2094748,49.60806167,92,4637,60.8,2026-06-25,-0.11,30.2,False
4882,688349,三一重能,14.37,7.96,0.89,31.91,13.301696361115,0.2137736,63.39769112,-427,1370,65.2,2026-06-25,8.03,41.3,False
4883,688350,富淼科技,34.0,-2.63,0.39,63.84,35.17023472928,0.3247376,60.84692624,-1215,1955,63.2,2026-06-25,-3.33,38.5,False
4884,688351,微电生理,21.8,-2.24,0.2,88.18,22.181864894764,0.2698892,61.64350969,1207,1741,63.6,2026-06-25,-1.72,39.2,False
4885,688352,颀中科技,21.19,3.11,4.32,-21.49,20.619132902277,0.3389132,70.07836606,500,482,75.2,2026-06-25,2.77,52.7,False
4886,688353,华盛锂电,117.0,-1.27,1.26,48.09,119.246879074378,0.4051056,58.46112651,-220,2566,78.8,2026-06-25,-1.88,46.1,False
4887,688355,明志科技,16.44,-1.56,0.22,158.55,17.283329012945,0.1461996,55.31851285,1026,3420,59.2,2026-06-25,-4.88,32.7,False
4888,688356,键凯科技,73.26,-1.2,0.67,49.56,71.726930555175,0.2034684,61.46920457,-455,1777,64.4,2026-06-25,2.14,39.6,False
4889,688357,建龙微纳,27.49,-1.4,0.22,41.83,28.052457296304,0.1734428,54.01657813,28,3759,62.8,2026-06-25,-2.01,33.9,False
4890,688358,祥生医疗,31.07,-3.51,0.3,18.92,32.453118948571,0.1821804,63.66880956,-531,1320,62.8,2026-06-25,-4.26,40.0,False
4891,688359,三孚新科,183.6,6.51,2.89,813.81,169.762414537225,0.5457568,64.49074788,576,1173,68.0,2026-06-25,8.15,43.9,False
4892,688360,德马科技,18.2,-3.45,0.8,32.38,19.07005756158,0.2200952,52.23685065,-254,4160,61.6,2026-06-25,-4.56,32.2,False
4893,688361,中科飞测,342.07,3.03,1.02,-440.62,329.523586782234,0.4756268,68.7436472,-57,598,80.8,2026-06-25,3.81,55.5,False
4894,688362,甬矽电子,76.8,-0.4,2.48,326.9,77.506113581845,0.5293156,71.06547856,-160,406,84.4,2026-06-25,-0.91,60.0,False
4895,688363,华熙生物,35.0,-1.77,0.12,65.19,35.20807583364,0.2742572,61.28493185,344,1835,76.0,2026-06-25,-0.59,46.6,False
4896,688365,光云科技,15.45,-5.68,0.76,273.15,16.485324526153,0.2229572,49.9777373,-316,4575,68.4,2026-06-25,-6.28,34.2,False
4897,688366,昊海生科,29.1,-1.92,0.08,22.63,29.406535793358,0.1512656,55.20379417,-735,3449,65.2,2026-06-25,-1.04,36.0,False
4898,688367,工大高科,33.44,-6.59,2.06,2420.17,36.923561523462,0.4285876,51.00881938,-411,4412,66.4,2026-06-25,-9.43,33.9,False
4899,688368,晶丰明源,220.64,-2.19,0.51,305.57,220.724821231197,0.45496,69.74506761,380,512,75.6,2026-06-25,-0.04,52.7,False
4900,688369,致远互联,18.82,-3.19,0.82,-8.34,19.571231986633,0.178896,51.1125542,-1191,4390,62.0,2026-06-25,-3.84,31.7,False
4901,688370,丛麟科技,20.68,-1.8,0.13,65.96,21.310004637454,0.1510472,53.95087797,-1088,3767,62.0,2026-06-25,-2.96,33.4,False
4902,688371,菲沃泰,34.18,-1.64,0.66,-135.15,35.529657038153,0.4101588,55.86305278,-42,3275,63.6,2026-06-25,-3.8,35.5,False
4903,688372,伟测科技,173.51,1.08,2.58,102.9,169.970012679615,0.4595996,75.72772809,342,140,74.0,2026-06-25,2.08,56.0,False
4904,688373,盟科药业-U,4.32,-1.14,0.58,-33.04,4.355128920046,0.1634752,48.24982116,-1025,4840,63.6,2026-06-25,-0.81,30.7,False
4905,688375,国博电子,93.27,-2.11,0.24,16229.69,95.87279124743,0.2900688,59.85802367,-443,2202,72.8,2026-06-25,-2.71,43.6,False
4906,688376,美埃科技,104.56,2.99,2.76,111.56,97.0756957544,0.4640948,72.01464895,61,341,68.0,2026-06-25,7.71,49.0,False
4907,688377,迪威尔,22.64,-4.19,0.23,77.12,23.577481038767,0.1662956,54.19783494,-98,3702,62.0,2026-06-25,-3.98,33.6,False
4908,688378,奥来德,59.77,2.64,1.2,48.78,59.159689731774,0.3608836,68.91300996,1270,586,69.2,2026-06-25,1.03,47.7,False
4909,688379,华光新材,83.32,-2.28,1.41,53.39,86.729801166803,0.3837456,66.64963626,-404,843,71.2,2026-06-25,-3.93,47.5,False
4910,688380,中微半导,62.08,0.55,4.5,121.25,58.816657545753,0.5389844,83.02063699,350,9,78.0,2026-06-25,5.55,64.8,False
4911,688381,帝奥微,52.0,0.19,4.68,-130.52,47.998870224149,0.5623952,64.79347871,2418,1115,66.0,2026-06-25,8.34,42.8,False
4912,688382,益方生物-U,16.67,-3.25,0.68,-54.44,16.892340198296,0.2024396,52.36994435,-1457,4132,62.8,2026-06-25,-1.32,32.9,False
4913,688383,新益昌,195.82,-0.09,0.68,233.26,193.567859440274,0.42297,65.27328737,854,1040,72.0,2026-06-25,1.16,47.0,False
4914,688385,复旦微电,64.59,1.19,1.98,89.68,61.792172546839,0.3974084,71.19714979,703,398,80.4,2026-06-25,4.53,57.2,False
4915,688386,泛亚微透,90.93,-0.64,1.16,124.69,90.377391540321,0.43683,68.23364969,876,647,63.6,2026-06-25,0.61,43.4,False
4916,688387,信科移动-U,17.91,-1.21,0.91,-119.44,18.14530595005,0.44903,65.27132599,167,1041,76.0,2026-06-25,-1.3,49.6,False
4917,688388,嘉元科技,44.1,-2.41,1.61,60.37,44.859918129653,0.4188088,67.45430872,256,737,84.0,2026-06-25,-1.69,56.7,False
4918,688389,普门科技,9.79,-1.61,0.13,32.28,9.960236897726,0.1681372,55.42339149,-303,3394,62.8,2026-06-25,-1.71,34.8,False
4919,688390,固德威,110.95,0.14,1.05,66.44,110.205792175228,0.2803776,65.67100823,-207,986,74.0,2026-06-25,0.68,48.6,False
4920,688391,钜泉科技,33.76,-2.2,0.4,250.15,34.613811050251,0.2064676,58.66363463,-715,2512,66.4,2026-06-25,-2.47,39.0,False
4921,688392,骄成超声,184.59,3.13,1.58,106.17,179.410497754779,0.451518,72.27790552,64,320,70.4,2026-06-25,2.89,50.9,False
4922,688393,安必平,17.55,-3.78,0.36,-223.77,18.084927827668,0.0921608,50.72037731,-557,4469,62.0,2026-06-25,-2.96,31.4,False
4923,688395,正弦电气,21.97,-2.09,0.51,39.68,22.684473115684,0.1456176,55.10860469,-1199,3476,61.2,2026-06-25,-3.15,33.7,False
4924,688396,XD华润微,85.32,0.71,0.93,85.85,83.642601075811,0.459452,72.24187266,-239,325,91.2,2026-06-25,2.01,65.9,False
4925,688398,赛特新材,27.14,-1.17,0.22,2987.74,27.506036045956,0.2614112,57.83884092,-91,2725,62.4,2026-06-25,-1.33,36.1,False
4926,688399,硕世生物,44.35,-2.23,0.42,44.03,45.675478821872,0.2820856,48.7951029,-722,4762,64.0,2026-06-25,-2.9,31.2,False
4927,688400,凌云光,64.85,-0.23,1.15,38.89,65.674547145148,0.42426,72.95984993,-150,282,81.2,2026-06-25,-1.26,59.2,False
4928,688401,路维光电,86.67,-2.84,2.19,61.41,87.38974130916,0.454768,68.36621504,184,632,76.4,2026-06-25,-0.82,52.2,False
4929,688403,汇成股份,39.02,-5.52,3.57,-754.66,41.384714015105,0.5389536,61.76300429,-1368,1717,80.8,2026-06-25,-5.71,49.9,False
4930,688408,中信博,34.51,-2.32,1.59,-38.98,35.009788970682,0.336134,66.94866048,549,796,71.6,2026-06-25,-1.43,47.9,False
4931,688409,富创精密,241.48,5.45,1.09,319.03,227.50087395567,0.4729332,70.25688815,42,474,80.4,2026-06-25,6.14,56.5,False
4932,688410,山外山,14.06,-0.14,0.39,20.62,14.032961813639,0.1912828,61.31009328,-560,1824,61.6,2026-06-25,0.19,37.8,False
4933,688411,海博思创,272.4,-1.26,0.83,61.01,272.753590699235,0.4729092,71.00246325,330,413,74.0,2026-06-25,-0.13,52.5,False
4934,688416,恒烁股份,137.1,-0.33,3.48,76.03,135.126582790003,0.4874596,73.59208833,205,239,76.4,2026-06-25,1.46,56.2,False
4935,688418,震有科技,44.2,-0.32,0.63,-47.38,45.275827027079,0.4071084,56.2089909,-177,3176,65.6,2026-06-25,-2.38,36.9,False
4936,688419,耐科装备,70.95,-2.08,1.06,141.88,75.068692160459,0.3366844,60.52763847,-852,2032,68.8,2026-06-25,-5.49,41.6,False
4937,688420,美腾科技,20.89,-0.95,0.26,119.32,21.283058020835,0.1282712,56.01472316,-15,3228,61.6,2026-06-25,-1.85,34.5,False
4938,688425,铁建重工,4.03,-0.98,0.07,21.64,4.071359366827,0.2608468,58.72761011,495,2485,66.0,2026-06-25,-1.02,38.8,False
4939,688426,康为世纪,17.81,-1.6,0.49,-32.63,18.276838535924,0.1165824,56.08972021,-973,3209,65.6,2026-06-25,-2.55,36.8,False
4940,688428,诺诚健华,25.94,0.23,1.43,108.29,25.120124519346,0.3036388,66.54809329,-325,860,68.4,2026-06-25,3.26,45.5,False
4941,688429,时创能源,10.07,0.1,0.82,-9.48,9.980430456624,0.1104228,46.9411027,-371,4982,58.4,2026-06-25,0.9,27.4,False
4942,688432,有研硅,26.9,4.47,2.12,167.57,24.932577838099,0.408284,67.74997671,1096,692,74.0,2026-06-25,7.89,50.1,False
4943,688433,华曙高科,99.56,-2.12,0.22,-2838.92,102.819458435356,0.3660264,60.17715481,-171,2126,66.8,2026-06-25,-3.17,40.2,False
4944,688435,英方软件,30.51,-3.3,1.21,-53.21,32.020918421674,0.2542156,44.92648237,-508,5105,60.4,2026-06-25,-4.72,27.1,False
4945,688439,振华风光,43.49,-3.1,0.37,-161.93,45.032093512089,0.292138,62.04256725,1321,1644,64.4,2026-06-25,-3.42,40.0,False
4946,688443,智翔金泰-U,21.68,-2.21,0.82,-13.3,21.87085320415,0.1870936,50.64023095,10,4484,64.4,2026-06-25,-0.87,32.6,False
4947,688448,磁谷科技,58.41,8.19,1.74,-295.2,54.266386849402,0.3345904,61.17871786,-281,1872,66.0,2026-06-25,7.64,40.4,False
4948,688449,联芸科技,80.48,-3.85,1.14,1044.57,83.159206025698,0.4797724,76.16369717,48,119,73.2,2026-06-25,-3.22,55.8,False
4949,688450,光格科技,54.6,2.27,2.55,-199.25,52.333294208983,0.279554,60.79976783,-778,1968,66.0,2026-06-25,4.33,40.1,False
4950,688455,科捷智能,19.0,-4.09,0.43,-18.19,20.233082344917,0.2310816,61.82995621,-228,1702,62.8,2026-06-25,-6.09,38.8,False
4951,688456,XD有研粉,144.11,-2.75,2.39,123.29,149.822705550024,0.4079012,65.56445444,1370,1000,71.6,2026-06-25,-3.81,46.9,False
4952,688458,美芯晟,40.24,-2.97,0.72,-208.04,41.201627299194,0.2750136,58.69651068,7,2500,64.8,2026-06-25,-2.33,38.0,False
4953,688459,哈铁科技,7.8,-1.27,0.05,-54.4,7.898636543043,0.0978644,60.24574005,143,2106,62.0,2026-06-25,-1.25,37.4,False
4954,688466,金科环境,12.91,-2.12,0.24,169.81,13.256348243188,0.142694,50.08919709,41,4562,61.2,2026-06-25,-2.61,30.7,False
4955,688468,科美诊断,5.76,-1.37,0.24,64.46,5.8265467843,0.2213812,55.40465185,237,3399,62.0,2026-06-25,-1.14,34.4,False
4956,688469,芯联集成-U,10.03,0.91,1.62,-237.88,9.894968393316,0.4195096,61.64821624,-1275,1739,84.4,2026-06-25,1.36,52.0,False
4957,688472,阿特斯,11.13,1.74,0.59,19.52,10.896823109138,0.3165132,64.50028551,178,1168,69.6,2026-06-25,2.14,44.9,False
4958,688475,萤石网络,26.26,-2.88,0.15,28.31,27.072084181964,0.2839136,70.58557418,497,449,65.2,2026-06-25,-3.0,46.0,False
4959,688478,晶升股份,83.93,-3.31,1.49,-331.45,84.548656505125,0.4557108,59.34485964,-1658,2328,78.4,2026-06-25,-0.73,46.5,False
4960,688479,友车科技,36.53,-1.48,0.41,171.74,37.059785622205,0.3940064,65.3244983,154,1034,64.8,2026-06-25,-1.43,42.3,False
4961,688480,赛恩斯,90.02,-1.81,0.45,66.77,92.465480581506,0.3197304,59.1075384,-394,2385,62.0,2026-06-25,-2.64,36.6,False
4962,688484,南芯科技,51.45,-2.85,0.88,1647.79,53.43545828007,0.3599612,65.53860955,86,1004,75.6,2026-06-25,-3.72,49.5,False
4963,688485,九州一轨,64.28,-4.15,1.74,-554.86,68.740029751705,0.4904568,58.28018713,-1450,2615,68.4,2026-06-25,-6.49,39.9,False
4964,688486,龙迅股份,58.34,3.46,1.44,71.57,56.192631552831,0.278806,72.41286548,193,313,67.6,2026-06-25,3.82,49.0,False
4965,688488,艾迪药业,12.04,-0.99,0.28,166.52,12.007688624633,0.2157292,54.39245431,-1457,3657,59.6,2026-06-25,0.27,32.4,False
4966,688489,三未信安,22.63,-2.2,0.23,-42.42,23.245466245509,0.2278968,55.3172054,-1135,3421,62.4,2026-06-25,-2.65,34.5,False
4967,688496,*ST清越,0.91,-4.21,0.92,-3.15,0.966572006254,0.182084615385,49.1203391,-39,4708,66.0,2026-06-25,-5.85,32.4,False
4968,688498,源杰科技,1780.5,-5.04,0.97,308.84,1853.26860461874,0.9803276,78.5676118,-8,51,92.0,2026-06-25,-3.93,72.3,False
4969,688499,利元亨,47.3,-2.31,2.8,105.69,46.749645649271,0.329978,60.28925662,2721,2094,68.4,2026-06-25,1.18,41.2,False
4970,688500,慧辰股份,45.5,-2.17,0.65,-31.36,46.435092828144,0.3298052,56.61269065,-78,3068,64.0,2026-06-25,-2.01,36.2,False
4971,688501,青达环保,21.3,-4.27,0.47,23.41,21.323218395796,0.2630976,65.38043425,963,1024,60.4,2026-06-25,-0.11,39.5,False
4972,688502,茂莱光学,569.96,-1.94,0.77,-677.31,576.667840661077,0.5892676,71.38464168,-10,387,77.6,2026-06-25,-1.16,55.4,False
4973,688503,聚和材料,95.03,1.46,2.25,19.86,93.36153891432,0.3683984,66.8367144,-608,814,73.2,2026-06-25,1.79,48.9,False
4974,688505,复旦张江,7.14,-1.11,0.21,239.93,7.14870022359,0.1847508,53.19849731,23,3945,66.4,2026-06-25,-0.12,35.3,False
4975,688506,百利天恒,266.12,-2.52,0.18,-35.46,260.084507011661,0.4398728,68.6065958,580,616,74.4,2026-06-25,2.32,51.0,False
4976,688507,索辰科技,275.21,-0.65,5.95,-180.64,271.797549200418,0.507486,64.99000964,-613,1081,85.6,2026-06-25,1.26,55.6,False
4977,688508,芯朋微,83.21,-2.56,1.39,200.72,86.71262983958,0.3604224,67.233956,834,765,71.6,2026-06-25,-4.04,48.1,False
4978,688509,正元地信,4.47,-2.19,0.59,-26.46,4.657474123382,0.3318708,56.61577643,-196,3067,63.2,2026-06-25,-4.03,35.8,False
4979,688510,航亚科技,22.86,-4.43,0.76,74.14,24.187009590697,0.1825152,55.2040602,-234,3448,63.6,2026-06-25,-5.49,35.1,False
4980,688511,天微电子,30.28,-4.18,0.64,188.17,31.981705999427,0.266898431373,55.74474492,-138,3311,66.0,2026-06-25,-5.32,36.8,False
4981,688512,慧智微-U,14.51,-1.96,1.44,-25.49,14.8898556821,0.2819824,58.3498593,-190,2594,65.2,2026-06-25,-2.55,38.0,False
4982,688513,苑东生物,43.04,0.16,0.3,37.37,42.814412410347,0.1560372,56.33161526,-1392,3148,60.8,2026-06-25,0.53,34.2,False
4983,688515,裕太微-U,252.57,-2.37,3.01,-116.77,258.597610123879,0.4222104,62.9012447,-656,1469,78.8,2026-06-25,-2.33,49.6,False
4984,688516,奥特维,53.29,-0.97,0.91,49.36,54.118101938305,0.27745,58.96900939,18,2425,67.2,2026-06-25,-1.53,39.6,False
4985,688517,金冠电气,16.56,-3.61,0.56,39.59,17.368333169092,0.1647788,56.81570701,166,3009,60.4,2026-06-25,-4.65,34.3,False
4986,688518,联赢激光,28.3,-2.68,1.58,52.56,28.887697388486,0.3701436,70.35183987,619,466,69.6,2026-06-25,-2.03,49.0,False
4987,688519,南亚新材,370.11,-2.6,0.69,144.94,373.170695017342,0.5591636,74.1409703,79,212,83.6,2026-06-25,-0.82,62.0,False
4988,688520,神州细胞,33.96,-2.94,0.17,-22.73,34.084201219015,0.2251252,54.76558539,-1022,3564,64.4,2026-06-25,-0.36,35.3,False
4989,688521,芯原股份,323.76,-4.23,1.23,-124.89,322.180479461022,0.6416968,73.93866541,-58,224,89.2,2026-06-25,0.49,66.0,False
4990,688522,纳睿雷达,19.05,-2.46,0.68,76.45,19.552636136691,0.1879572,61.30820776,572,1825,62.8,2026-06-25,-2.57,38.5,False
4991,688523,航天环宇,47.8,-4.23,0.32,3186.48,50.483501301989,0.2264804,52.69601885,-116,4059,64.0,2026-06-25,-5.32,33.7,False
4992,688525,佰维存储,478.01,-0.48,2.51,19.44,463.726902917174,0.6781848,83.77820562,-2,4,93.6,2026-06-25,3.08,78.4,False
4993,688526,科前生物,11.97,-0.91,0.05,17.6,12.063627704509,0.1278,57.95727508,339,2692,62.4,2026-06-25,-0.78,36.2,False
4994,688528,秦川物联,9.08,-3.51,0.35,-16.2,9.381153020043,0.0652972,51.08451132,25,4397,60.8,2026-06-25,-3.21,31.1,False
4995,688529,豪森智能,15.43,-2.47,0.3,-6.89,16.035995476721,0.09174,45.95701534,-528,5055,62.0,2026-06-25,-3.78,28.5,False
4996,688530,欧莱新材,82.91,-5.35,6.27,81.54,84.373248940226,0.4808652,66.75982465,120,827,78.4,2026-06-25,-1.73,52.3,False
4997,688531,日联科技,164.04,-1.6,0.89,153.81,163.712454970343,0.341242,61.97002036,52,1671,66.4,2026-06-25,0.2,41.1,False
4998,688533,上声电子,20.88,-2.25,0.18,35.41,21.42676575246,0.159422,59.20349075,34,2357,62.0,2026-06-25,-2.55,36.7,False
4999,688535,华海诚科,150.74,1.51,3.39,395.51,151.426397811609,0.5022128,68.02259769,-461,661,83.2,2026-06-25,-0.45,56.6,False
5000,688536,思瑞浦,347.05,-1.65,0.77,113.66,351.480749153556,0.4791944,72.0082782,9,342,79.2,2026-06-25,-1.26,57.0,False
5001,688538,和辉光电-U,2.44,1.67,1.11,-17.92,2.397303635212,0.2549672,62.27206963,1853,1590,68.4,2026-06-25,1.78,42.6,False
5002,688539,XD高华科,30.09,-1.54,0.51,-384.63,30.662673194401,0.213128,53.32540836,-814,3914,62.0,2026-06-25,-1.87,33.1,False
5003,688543,国科军工,37.57,-3.12,0.49,119.21,38.876721400915,0.241038,59.97926384,27,2178,64.4,2026-06-25,-3.36,38.6,False
5004,688545,兴福电子,121.61,-3.25,4.27,170.96,119.631612387993,0.534704,70.43086556,34,458,78.4,2026-06-25,1.65,55.2,False
5005,688548,广钢气体,38.29,-4.61,1.89,137.6,39.500753234388,0.4914584,76.09797057,-24,123,78.4,2026-06-25,-3.07,59.7,False
5006,688549,中巨芯-U,32.93,-4.83,4.49,1907.2,34.304964735962,0.4839976,65.58365928,54,999,85.6,2026-06-25,-4.01,56.1,False
5007,688550,瑞联新材,48.46,1.34,1.68,48.25,47.409305016677,0.4217432,69.92953033,67,500,70.4,2026-06-25,2.22,49.2,False
5008,688551,科威尔,77.4,2.08,1.87,289.07,73.608552814801,0.3983004,73.0057086,9,279,71.6,2026-06-25,5.15,52.3,False
5009,688552,航天南湖,26.86,-3.93,0.28,-583.12,28.12354372106,0.2156512,54.22201797,-1112,3698,61.2,2026-06-25,-4.49,33.2,False
5010,688553,汇宇制药-W,10.52,-1.5,0.35,75.27,10.554129613473,0.2383292,54.41838546,-1144,3649,61.2,2026-06-25,-0.32,33.3,False
5011,688556,高测股份,12.7,2.67,3.05,-52.51,12.642901475188,0.383296,66.66987373,2513,840,74.8,2026-06-25,0.45,49.9,False
5012,688557,兰剑智能,30.2,-0.92,0.3,241.68,30.672691333236,0.1798392,57.97914562,-216,2688,63.6,2026-06-25,-1.54,36.9,False
5013,688558,国盛智科,31.28,-0.7,0.34,25.15,31.709648670504,0.1644348,60.33721446,289,2072,63.2,2026-06-25,-1.35,38.1,False
5014,688559,海目星,77.94,-4.31,1.9,191.49,79.728146440206,0.4329284,70.81264017,963,429,76.4,2026-06-25,-2.24,54.1,False
5015,688560,明冠新材,11.98,-1.72,0.81,-37.46,12.207940339745,0.1555124,48.59805835,82,4798,58.4,2026-06-25,-1.87,28.4,False
5016,688561,奇安信-U,22.85,-2.35,0.29,-10.04,23.335045068494,0.2472484,53.96503491,-767,3765,67.2,2026-06-25,-2.08,36.3,False
5017,688562,航天软件,14.33,-3.76,0.3,-24.41,14.999602184808,0.2291944,50.49611139,-215,4503,61.2,2026-06-25,-4.46,30.9,False
5018,688563,航材股份,47.68,-3.48,0.87,44.58,49.598127917272,0.2381608,59.61177972,-737,2263,63.6,2026-06-25,-3.87,37.9,False
5019,688565,力源科技,9.57,-3.24,0.38,641.32,10.102719126814,0.2773028,57.14412413,97,2922,61.6,2026-06-25,-5.27,35.2,False
5020,688566,XD吉贝尔,24.28,-2.02,0.17,29.07,24.675621279414,0.2642032,60.51904275,-1076,2034,61.6,2026-06-25,-1.6,37.3,False
5021,688567,孚能科技,10.21,-3.22,0.25,-22.24,10.457696725374,0.2528912,50.69080656,366,4473,68.8,2026-06-25,-2.37,34.9,False
5022,688568,中科星图,39.02,-5.06,0.5,-52.97,41.105454072989,0.253436,50.48244031,-365,4505,69.2,2026-06-25,-5.07,34.9,False
5023,688569,铁科轨道,16.17,-1.64,0.15,47.62,16.514881875988,0.0696332,57.29571633,35,2878,61.2,2026-06-25,-2.09,35.1,False
5024,688570,天玛智控,14.07,-0.14,0.07,123.61,14.147644528633,0.1465188,51.41952534,-23,4327,62.8,2026-06-25,-0.55,32.3,False
5025,688571,杭华股份,8.18,-2.04,0.77,31.0,8.535146579102,0.240386,59.14790053,-780,2374,64.8,2026-06-25,-4.16,38.3,False
5026,688573,信宇人,17.16,-3.76,1.41,-11.8,17.989602647842,0.1488736,46.85071289,-747,4989,61.2,2026-06-25,-4.61,28.7,False
5027,688575,亚辉龙,8.63,-1.6,0.29,68.68,8.690361880951,0.1958992,51.83354126,-832,4242,64.4,2026-06-25,-0.69,33.4,False
5028,688576,西山科技,39.57,-0.4,0.53,91.78,40.982303868792,0.187172,53.49365812,-1433,3870,62.0,2026-06-25,-3.45,33.2,False
5029,688577,浙海德曼,43.86,-1.08,0.27,103.12,45.353877665688,0.2091476,53.88278905,-141,3784,62.0,2026-06-25,-3.29,33.4,False
5030,688578,艾力斯,94.34,-0.8,0.35,16.69,93.34529453357,0.370426,70.87715631,-301,424,73.2,2026-06-25,1.07,51.9,False
5031,688579,地纬智能,7.71,-2.03,0.24,-38.74,7.931474849748,0.1421124,53.86283769,-1266,3792,61.2,2026-06-25,-2.79,33.0,False
5032,688580,伟思医疗,55.25,-1.64,0.89,21.48,55.529763932047,0.3272232,63.18482777,-801,1416,66.4,2026-06-25,-0.5,42.0,False
5033,688581,安杰思,51.61,-1.15,0.15,18.43,52.587193630156,0.2242328,62.27818024,-169,1588,61.2,2026-06-25,-1.86,38.1,False
5034,688582,芯动联科,66.92,8.64,3.36,2632.3,60.212524345716,0.4115364,69.36285588,1511,551,70.4,2026-06-25,11.14,48.8,False
5035,688583,DR思看科,90.22,-4.32,1.22,383.55,93.848752060098,0.300112,61.04186937,-1042,1903,65.6,2026-06-25,-3.87,40.0,False
5036,688584,上海合晶,33.14,13.45,5.46,441.76,29.528699072425,0.3385424,62.07933694,-116,1632,71.2,2026-06-25,12.23,44.2,False
5037,688585,上纬新材,149.5,-2.85,0.23,-367.08,154.959242774924,0.3655852,57.59053729,578,2790,76.4,2026-06-25,-3.52,44.0,False
5038,688586,江航装备,11.07,-2.64,0.28,137.47,11.640289176189,0.2070592,48.7795939,-100,4763,62.0,2026-06-25,-4.9,30.2,False
5039,688588,凌志软件,9.17,-2.86,0.3,-462.55,9.487756674893,0.152518,55.80990692,78,3286,62.0,2026-06-25,-3.35,34.6,False
5040,688589,力合微,19.63,-3.68,0.81,-193.19,20.496336532506,0.2560828,52.64353808,0,4069,65.6,2026-06-25,-4.23,34.5,False
5041,688590,新致软件,12.58,-4.19,1.29,566.55,13.294638415375,0.2917956,55.04987076,-738,3489,63.2,2026-06-25,-5.38,34.8,False
5042,688591,泰凌微,32.23,-3.01,0.91,234.84,33.472715399392,0.2607564,59.65714415,14,2252,66.8,2026-06-25,-3.71,39.9,False
5043,688592,司南导航,40.51,-5.35,2.05,-112.7,41.973951689551,0.3349512,51.91012811,-207,4229,61.6,2026-06-25,-3.49,32.0,False
5044,688593,新相微,36.87,0.71,2.09,788.96,35.872166770026,0.4281384,69.93871337,283,499,74.4,2026-06-25,2.78,52.0,False
5045,688595,芯海科技,39.43,-1.92,1.35,-36.43,39.849076409589,0.2833196,61.60209375,1533,1753,72.0,2026-06-25,-1.05,44.4,False
5046,688596,正帆科技,50.94,8.73,4.95,-146.34,47.453616119688,0.4217444,66.68457102,-112,838,74.8,2026-06-25,7.35,49.9,False
5047,688597,煜邦电力,6.56,-3.1,0.38,-24.56,6.770696067305,0.1494624,57.78180363,1491,2744,62.4,2026-06-25,-3.11,36.1,False
5048,688598,金博股份,52.3,-3.72,2.05,-34.52,54.539589245596,0.3451312,55.63313546,-2036,3351,77.6,2026-06-25,-4.11,43.2,False
5049,688599,天合光能,14.49,2.99,1.0,-29.98,13.971468177548,0.3437216,59.43619409,1855,2312,75.2,2026-06-25,3.71,44.7,False
5050,688600,皖仪科技,30.28,-0.1,0.68,83.15,30.697938595602,0.2472904,60.33353512,-292,2076,65.6,2026-06-25,-1.36,39.6,False
5051,688601,力芯微,57.86,-1.78,0.97,-1388.29,57.413930790521,0.379216,55.01780541,328,3496,66.0,2026-06-25,0.78,36.3,False
5052,688602,康鹏科技,7.1,-0.98,1.16,-73.25,7.185587619596,0.3082212,49.06385013,-519,4721,63.6,2026-06-25,-1.19,31.2,False
5053,688603,天承科技,189.06,1.47,6.13,196.91,186.79596877333,0.5051704,71.24371674,533,393,72.4,2026-06-25,1.21,51.6,False
5054,688605,先锋精科,92.43,-0.04,1.59,188.78,92.290047058103,0.3718964,75.13468526,104,177,71.2,2026-06-25,0.15,53.5,False
5055,688606,奥泰生物,41.16,-0.7,0.09,42.06,41.751408881749,0.1480452,54.44222802,-858,3647,62.4,2026-06-25,-1.42,34.0,False
5056,688607,康众医疗,47.2,-2.48,0.64,-64.17,48.577115947912,0.3282108,48.86386377,26,4753,60.0,2026-06-25,-2.83,29.3,False
5057,688608,恒玄科技,158.66,-3.82,0.73,75.37,159.483410490651,0.3853856,71.9249641,741,350,74.0,2026-06-25,-0.52,53.2,False
5058,688609,九联科技,11.05,-0.18,1.3,95.55,11.125501608705,0.2698904,57.13964625,-1693,2923,71.6,2026-06-25,-0.68,40.9,False
5059,688610,埃科光电,238.14,-3.2,1.27,174.46,235.380670961297,0.4856104,73.84315254,478,227,64.4,2026-06-25,1.17,47.6,False
5060,688611,杭州柯林,72.66,-3.09,0.47,-926.9,75.242538939905,0.3664012,60.21098491,1316,2115,63.6,2026-06-25,-3.43,38.3,False
5061,688612,威迈斯,28.19,-1.67,0.34,22.53,28.739030078819,0.2763632,61.93662943,-691,1681,61.6,2026-06-25,-1.91,38.2,False
5062,688613,奥精医疗,14.3,-2.92,0.4,347.14,14.615767125606,0.1124012,51.60968488,-89,4298,61.6,2026-06-25,-2.16,31.8,False
5063,688615,合合信息,110.59,-4.18,1.0,34.9,116.067284739373,0.3096196,60.87607723,-373,1947,66.8,2026-06-25,-4.72,40.7,False
5064,688616,西力科技,10.05,-2.71,0.36,24.16,10.389645410891,0.1280896,56.54104446,-1040,3091,60.4,2026-06-25,-3.27,34.2,False
5065,688617,惠泰医疗,183.54,-2.54,0.18,28.3,186.621829693524,0.178104,66.14101243,137,924,65.6,2026-06-25,-1.65,43.4,False
5066,688618,三旺通信,29.94,-4.31,0.97,-965.62,31.888757949815,0.2619276,52.05340644,-158,4199,60.8,2026-06-25,-6.11,31.6,False
5067,688619,罗普特,16.04,-2.2,0.55,-74.35,16.479579217425,0.1355628,59.46090715,1385,2304,61.2,2026-06-25,-2.67,36.4,False
5068,688620,安凯微,13.77,-3.37,1.74,-68.74,14.312042316125,0.193724,59.09070884,455,2387,68.0,2026-06-25,-3.79,40.2,False
5069,688621,阳光诺和,53.32,0.0,0.38,72.36,52.644910674159,0.282146,60.88431793,-832,1942,64.0,2026-06-25,1.28,39.0,False
5070,688622,*ST禾信,131.02,-2.44,0.16,-300.65,133.860871520643,0.597646078431,56.45316463,1215,3124,63.2,2026-06-25,-2.12,35.7,False
5071,688623,双元科技,99.03,-1.27,0.51,78.65,98.387008700152,0.3650484,65.31025192,1088,1035,61.6,2026-06-25,0.65,40.2,False
5072,688625,呈和科技,90.6,-4.33,0.63,65.93,92.640198437967,0.4857688,66.64471956,170,844,70.0,2026-06-25,-2.2,46.7,False
5073,688626,翔宇医疗,43.92,-2.53,0.38,69.38,44.902392452193,0.262084,56.50733286,-1774,3106,66.0,2026-06-25,-2.19,37.3,False
5074,688627,精智达,646.73,1.21,2.6,1045.93,638.800583889024,0.6584112,76.75249317,13,101,78.8,2026-06-25,1.24,60.5,False
5075,688628,优利德,102.6,-0.83,0.92,39.51,105.622484236043,0.4287212,68.56226679,-21,620,64.4,2026-06-25,-2.86,44.2,False
5076,688629,华丰科技,148.28,-3.64,2.7,165.14,151.026228495838,0.4857076,71.1784993,-162,399,82.0,2026-06-25,-1.82,58.4,False
5077,688630,芯碁微装,535.0,-3.69,1.12,162.56,543.653562611871,0.582686,78.54814064,65,53,82.4,2026-06-25,-1.59,64.7,False
5078,688631,莱斯信息,44.0,-0.23,1.18,-140.94,44.097817922433,0.2563944,52.22273702,-321,4164,64.8,2026-06-25,-0.22,33.8,False
5079,688633,星球石墨,29.62,-3.52,0.91,17.22,30.479567840269,0.2931328,63.69732501,-118,1315,64.4,2026-06-25,-2.82,41.0,False
5080,688636,智明达,33.33,-3.05,0.52,81.24,34.370903733406,0.3021268,56.8361413,-195,3005,62.4,2026-06-25,-3.03,35.5,False
5081,688638,誉辰智能,31.13,-2.81,0.53,-9.53,32.175033726003,0.0653064,50.46969049,-957,4508,60.4,2026-06-25,-3.25,30.5,False
5082,688639,华恒生物,15.45,-9.75,7.03,22.95,17.12,0.2246152,56.66081414,-1193,3054,66.4,2026-06-25,-9.75,37.6,False
5083,688646,ST逸飞,72.5,-0.3,0.34,-71.16,73.48348231784,0.463658,58.00718757,-11,2680,63.2,2026-06-25,-1.34,36.7,False
5084,688648,中邮科技,32.89,-2.29,0.51,-36.81,33.716316273703,0.1661236,49.22277406,-8,4697,59.6,2026-06-25,-2.45,29.3,False
5085,688651,盛邦安全,31.8,-4.25,1.14,-38.12,33.276592994703,0.1647712,50.91301615,-68,4432,61.2,2026-06-25,-4.44,31.2,False
5086,688652,京仪装备,167.4,2.34,2.44,151.38,163.085017856615,0.3978624,68.31722071,28,637,72.8,2026-06-25,2.65,49.7,False
5087,688653,康希通信,16.25,-2.05,1.33,353.74,16.663515819547,0.2566832,66.26023718,648,910,69.6,2026-06-25,-2.48,46.1,False
5088,688655,迅捷兴,51.58,-5.11,2.07,-321.46,55.924766927569,0.4392756,64.93855554,288,1089,69.2,2026-06-25,-7.77,44.9,False
5089,688656,浩欧博,99.32,6.66,0.38,8888.04,93.950609873674,0.288612,50.27644547,-71,4542,62.0,2026-06-25,5.72,31.2,False
5090,688657,浩辰软件,35.99,-1.02,0.59,201.76,36.28282180641,0.2091696,62.76341353,-865,1501,65.2,2026-06-25,-0.81,40.9,False
5091,688658,悦康药业,12.83,-2.28,0.46,-43.6,13.059795785848,0.2058588,49.35235222,-621,4678,62.4,2026-06-25,-1.76,30.8,False
5092,688659,元琛科技,10.49,-4.03,1.06,100.69,10.926007380222,0.2008512,60.70584869,307,1990,64.8,2026-06-25,-3.99,39.3,False
5093,688660,电气风电,8.73,-0.11,0.59,-10.78,8.740883113794,0.1943528,49.1218682,-845,4707,65.2,2026-06-25,-0.12,32.0,False
5094,688661,和林微纳,156.0,-1.5,0.74,-461.81,158.378296763139,0.4781628,67.64757813,190,710,74.0,2026-06-25,-1.5,50.1,False
5095,688662,富信科技,187.03,1.65,2.52,726.1,189.410881302054,0.5418532,63.08867475,-868,1438,80.8,2026-06-25,-1.26,51.0,False
5096,688663,新风光,82.16,-0.13,0.74,694.3,82.090103255356,0.3527324,60.31789495,-227,2085,63.6,2026-06-25,0.09,38.4,False
5097,688665,四方光电,57.9,-1.41,0.22,43.37,59.215786717196,0.3143948,67.5288736,-118,732,66.8,2026-06-25,-2.22,45.1,False
5098,688667,菱电电控,132.66,0.54,0.74,55.6,131.534678765535,0.4523476,71.17432329,157,400,60.4,2026-06-25,0.86,43.0,False
5099,688668,鼎通科技,378.0,-5.95,1.04,163.84,404.801013021451,0.4774548,73.56042632,345,242,79.6,2026-06-25,-6.62,58.6,False
5100,688669,聚石化学,96.22,8.44,2.87,-48.84,84.10242989548,0.4582768,52.14208954,-1114,4180,69.2,2026-06-25,14.41,36.1,False
5101,688670,金迪克,13.59,-2.02,0.36,-18.7,13.727627494417,0.1005868,50.4498701,587,4512,59.6,2026-06-25,-1.0,30.1,False
5102,688671,碧兴物联,34.86,4.68,3.73,-39.9,31.951577322511,0.3304916,62.10404302,-442,1625,69.2,2026-06-25,9.1,43.0,False
5103,688676,金盘科技,85.03,-2.98,0.9,86.94,87.915664430398,0.3567008,67.57268316,-438,725,80.4,2026-06-25,-3.28,54.3,False
5104,688677,海泰新光,107.12,-5.94,1.12,68.02,113.691283281975,0.3489112,65.1772866,674,1052,63.2,2026-06-25,-5.78,41.2,False
5105,688678,福立旺,20.7,-4.96,0.98,45.83,22.147238061509,0.27961,61.88633335,-248,1691,63.6,2026-06-25,-6.53,39.4,False
5106,688679,通源环境,43.11,-3.66,0.49,2651.65,45.194160136534,0.3492968,48.24280336,-70,4841,59.2,2026-06-25,-4.61,28.6,False
5107,688680,海优新材,40.7,-1.24,0.77,-26.07,41.697240096635,0.2694572,52.01231885,-1117,4205,61.6,2026-06-25,-2.39,32.0,False
5108,688681,科汇股份,14.0,-2.1,0.53,143.34,14.364284010826,0.1296788,61.95604244,5,1676,60.8,2026-06-25,-2.54,37.7,False
5109,688682,霍莱沃,36.88,-3.51,0.45,144.74,38.245819937425,0.161268,50.34420861,-140,4531,65.2,2026-06-25,-3.57,32.8,False
5110,688683,莱尔科技,35.6,-2.57,0.52,102.49,37.196393472559,0.2594856,58.64849863,-532,2514,62.0,2026-06-25,-4.29,36.4,False
5111,688685,迈信林,53.17,-0.93,1.14,744.15,53.882861020143,0.4237468,53.75462058,419,3817,67.6,2026-06-25,-1.32,36.3,False
5112,688686,奥普特,155.8,0.69,0.53,74.54,156.317834118277,0.2841288,63.27650529,-611,1396,70.8,2026-06-25,-0.33,44.8,False
5113,688687,凯因科技,15.5,-1.84,0.25,107.99,15.580058190305,0.2643264,57.25383258,327,2891,62.8,2026-06-25,-0.51,36.0,False
5114,688689,银河微电,,,0.0,82.35,45.22653512651,0.1416144,68.68318566,-12,605,68.0,2026-06-25,,46.7,False
5115,688690,纳微科技,44.49,-2.03,0.75,65.92,44.753684134227,0.3666192,67.61623164,-389,718,74.0,2026-06-25,-0.59,50.0,False
5116,688691,灿芯股份,103.6,-5.47,3.46,-108.94,107.648394231436,0.4472032,64.49153058,1785,1172,68.4,2026-06-25,-3.76,44.1,False
5117,688692,达梦数据,234.0,-4.34,0.73,43.75,245.197542398359,0.3925824,69.1410994,-70,570,68.0,2026-06-25,-4.57,47.0,False
5118,688693,锴威特,100.27,-2.46,2.24,-102.53,103.775477972889,0.37191,62.41511587,1518,1567,62.0,2026-06-25,-3.38,38.7,False
5119,688695,中创股份,18.51,-2.53,0.47,-38.08,18.952409557655,0.1670636,49.64415027,-1055,4625,62.0,2026-06-25,-2.33,30.8,False
5120,688696,极米科技,62.51,-2.59,0.28,21.77,64.011910350553,0.235756,60.71297466,1579,1989,63.6,2026-06-25,-2.35,38.6,False
5121,688697,纽威数控,13.15,-0.9,0.4,31.58,13.491047842084,0.1993384,60.31326735,-1168,2087,62.4,2026-06-25,-2.53,37.6,False
5122,688698,伟创电气,50.76,-2.85,0.8,56.22,52.794144574067,0.214872,56.42991508,-505,3131,65.6,2026-06-25,-3.85,37.0,False
5123,688699,明微电子,75.11,-2.77,1.44,87.27,76.265788765943,0.3736048,67.36732968,-130,748,73.6,2026-06-25,-1.52,49.6,False
5124,688700,东威科技,88.88,-4.43,1.34,149.62,92.110513055941,0.4332096,69.99017941,113,492,76.8,2026-06-25,-3.51,53.8,False
5125,688701,卓锦股份,7.35,-5.41,0.51,-25.23,7.729963021614,0.131204,51.98712212,285,4213,62.0,2026-06-25,-4.92,32.2,False
5126,688702,盛科通信-U,312.01,-5.98,1.09,-1877.96,320.204782868203,0.5075532,66.79785062,56,820,78.4,2026-06-25,-2.56,52.4,False
5127,688707,振华新材,13.1,-1.73,0.51,-17.43,13.475795850676,0.34827,50.41769622,-549,4518,66.4,2026-06-25,-2.79,33.5,False
5128,688708,佳驰科技,50.1,-2.17,0.39,194.66,51.752833587105,0.2862952,65.70588838,-308,981,65.6,2026-06-25,-3.19,43.1,False
5129,688709,成都华微,36.43,-3.45,1.36,-86.44,37.324711638696,0.3568692,64.06672517,1892,1236,68.8,2026-06-25,-2.4,44.1,False
5130,688710,益诺思,65.44,0.21,0.95,188.92,64.426452692775,0.2273516,64.78928463,953,1117,64.8,2026-06-25,1.57,42.0,False
5131,688711,宏微科技,40.94,-2.29,2.79,2399.07,41.183709348873,0.4397412,63.7886772,-501,1294,78.0,2026-06-25,-0.59,49.8,False
5132,688712,北芯生命,36.8,-2.67,1.88,83.93,37.927089025638,0.2734072,60.15699574,-835,2136,62.0,2026-06-25,-2.97,37.3,False
5133,688716,中研股份,30.57,-4.32,0.98,-193.19,32.194799293382,0.2351216,55.63847077,789,3348,68.0,2026-06-25,-5.05,37.8,False
5134,688717,艾罗能源,83.21,-0.67,1.05,49.94,84.003378403825,0.1943272,55.46826212,-90,3386,62.0,2026-06-25,-0.94,34.4,False
5135,688718,唯赛勃,16.21,-0.55,0.46,70.74,16.823897408749,0.1477444,59.69711153,-1343,2244,64.0,2026-06-25,-3.65,38.2,False
5136,688719,爱科赛博,80.79,-2.26,0.97,-132.66,80.296248748856,0.408962,66.75252966,100,828,65.2,2026-06-25,0.61,43.5,False
5137,688720,艾森股份,93.14,5.6,3.78,303.98,88.841517733026,0.407086,70.03709609,50,488,74.8,2026-06-25,4.84,52.4,False
5138,688721,龙图光罩,51.52,-1.72,2.19,168.33,52.613810881356,0.3305732,63.93889699,-461,1265,68.8,2026-06-25,-2.08,44.0,False
5139,688722,同益中,15.82,-1.49,0.38,24.52,15.956720024856,0.2262184,61.18804553,510,1869,64.0,2026-06-25,-0.86,39.2,False
5140,688726,拉普拉斯,51.78,-2.82,1.18,43.57,52.216599756384,0.4324824,61.19581176,2284,1865,62.0,2026-06-25,-0.84,37.9,False
5141,688727,恒坤新材,63.52,0.87,6.73,279.0,62.897644584775,0.4829468,78.34203231,111,59,70.8,2026-06-25,0.99,55.5,False
5142,688728,格科微,15.41,-1.53,0.46,7104.87,15.520552304371,0.3021024,60.81754181,-1234,1962,75.2,2026-06-25,-0.71,45.7,False
5143,688729,屹唐股份,35.66,-4.01,4.03,165.36,38.34422647002,0.3990236,63.19368472,-1155,1415,76.4,2026-06-25,-7.0,48.3,False
5144,688733,壹石通,40.66,-3.17,2.12,4843.09,41.05354336903,0.399558,68.84333014,1336,591,73.6,2026-06-25,-0.96,50.7,False
5145,688737,中自科技,20.57,-3.43,1.07,178.58,21.810566116268,0.151258,47.74108266,-356,4909,62.4,2026-06-25,-5.69,29.8,False
5146,688739,成大生物,19.44,-1.12,0.07,-1060.93,19.648477261806,0.20341,52.30232327,90,4149,63.6,2026-06-25,-1.06,33.3,False
5147,688750,金天钛业,16.34,-0.61,1.15,195.37,16.650426204932,0.2221832,51.76778605,-95,4257,68.0,2026-06-25,-1.86,35.2,False
5148,688755,汉邦科技,28.23,3.41,0.73,43.75,27.646326967175,0.2191652,58.78312193,-1567,2470,67.2,2026-06-25,2.11,39.5,False
5149,688757,胜科纳米,70.1,-3.97,1.09,953.42,73.743990403664,0.44109,63.88383425,-123,1275,71.2,2026-06-25,-4.94,45.5,False
5150,688758,赛分科技,19.46,-0.71,0.45,57.09,19.816319742946,0.226902,65.70333515,898,982,62.0,2026-06-25,-1.8,40.7,False
5151,688759,必贝特-U,30.49,-3.54,1.19,-65.05,31.989523497326,0.3022208,53.32739897,-100,3912,62.4,2026-06-25,-4.69,33.3,False
5152,688765,禾元生物-U,44.25,-2.06,0.72,-109.72,44.652969367399,0.2618204,52.13402776,-1393,4183,64.0,2026-06-25,-0.9,33.4,False
5153,688766,普冉股份,763.01,1.17,1.68,112.96,767.657563095785,0.6822664,81.16472847,-3,22,85.2,2026-06-25,-0.61,69.2,False
5154,688767,博拓生物,33.23,-2.55,0.26,-121.53,34.338726285635,0.3261084,52.4129997,-2468,4122,62.0,2026-06-25,-3.23,32.5,False
5155,688768,容知日新,53.02,-3.25,0.34,-51.09,54.454252588767,0.33233,65.21447014,-341,1048,62.8,2026-06-25,-2.63,41.0,False
5156,688772,珠海冠宇,19.93,2.21,2.4,-66.94,19.545693936306,0.3701664,61.78601143,-1317,1711,73.2,2026-06-25,1.97,45.2,False
5157,688775,影石创新,134.72,-2.39,0.19,159.6,137.5954333029,0.2823816,67.68317211,131,706,69.2,2026-06-25,-2.09,46.8,False
5158,688776,国光电气,53.63,-3.75,0.54,-36.22,56.047986477416,0.190558,44.87691305,-39,5107,64.8,2026-06-25,-4.31,29.1,False
5159,688777,中控技术,118.08,-1.35,0.54,312.73,120.240281646247,0.4971776,62.70015884,-579,1516,84.8,2026-06-25,-1.8,53.2,False
5160,688778,厦钨新能,54.39,-1.82,0.25,31.18,56.08831632916,0.2585888,59.8040785,-141,2217,70.8,2026-06-25,-3.03,42.3,False
5161,688779,五矿新能,8.24,-2.37,0.34,48.91,8.476933881985,0.2719236,56.89745629,-42,2988,68.0,2026-06-25,-2.8,38.7,False
5162,688781,视涯科技-UW,51.82,-1.58,2.0,-284.62,53.257645527329,0.3110988,59.20864823,-3,2355,66.0,2026-06-25,-2.7,39.1,False
5163,688783,西安奕材-U,52.03,0.83,7.76,-331.74,50.944019866158,0.5259776,67.21088685,1989,766,76.4,2026-06-25,2.13,51.3,False
5164,688785,恒运昌,429.99,-1.38,1.65,413.91,441.816824366436,0.519842,74.16555898,-179,210,68.0,2026-06-25,-2.68,50.4,False
5165,688786,悦安新材,45.87,-1.74,1.5,103.07,46.522214908206,0.3973556,67.17376923,-240,773,70.8,2026-06-25,-1.4,47.6,False
5166,688787,海天瑞声,132.07,-6.0,1.43,237.03,141.715046073755,0.2555192,60.43775158,169,2052,72.8,2026-06-25,-6.81,44.0,False
5167,688788,科思科技,43.55,-4.5,0.56,-32.83,44.574974994448,0.3909776,61.43163292,254,1787,66.8,2026-06-25,-2.3,41.0,False
5168,688789,宏华数科,52.58,-5.07,0.37,57.02,55.273556610052,0.3231236,68.66795345,-293,606,67.2,2026-06-25,-4.87,46.1,False
5169,688790,昂瑞微-UW,122.11,-2.98,1.06,-45.26,126.36206865816,0.2771424,57.27488394,-1538,2885,65.6,2026-06-25,-3.36,37.6,False
5170,688793,倍轻松,16.37,-3.42,0.57,-30.23,16.870875054874,0.1693508,54.77795068,1154,3556,64.0,2026-06-25,-2.97,35.1,False
5171,688795,摩尔线程-U,674.3,-3.67,1.93,2698.81,699.050121037192,0.5729656,68.09879436,-97,657,87.2,2026-06-25,-3.54,59.4,False
5172,688796,百奥赛图,96.5,1.6,1.11,103.63,95.228145631426,0.2594576,66.37258755,-783,888,65.6,2026-06-25,1.34,43.5,False
5173,688798,艾为电子,68.18,-3.37,0.91,77.83,70.394572735337,0.3174216,62.88071972,-951,1474,70.0,2026-06-25,-3.15,44.0,False
5174,688799,华纳药厂,45.14,-0.81,0.29,56.11,45.35943212534,0.3400844,59.80047906,29,2218,60.8,2026-06-25,-0.48,36.4,False
5175,688800,瑞可达,95.99,-6.35,1.39,117.16,103.058773047668,0.504806,74.86290056,8,190,72.4,2026-06-25,-6.86,54.2,False
5176,688802,沐曦股份-U,741.58,-3.76,2.05,-750.45,768.125235278475,0.6035488,70.71881008,690,435,85.2,2026-06-25,-3.46,60.3,False
5177,688805,健信超导,42.82,-2.75,1.25,77.5,44.675230092382,0.3092984,60.44537794,-1322,2049,58.0,2026-06-25,-4.15,35.1,False
5178,688807,优迅股份,413.16,-6.74,3.95,310.95,442.918614353245,0.5595056,75.45425435,707,155,68.4,2026-06-25,-6.72,51.6,False
5179,688809,强一股份,604.87,-1.2,2.19,174.91,613.928960661501,0.5860228,70.51695902,-298,454,75.2,2026-06-25,-1.48,53.0,False
5180,688816,易思维,58.66,-0.91,1.25,-48.6,60.448867249515,0.3103716,51.89386787,-645,4232,62.8,2026-06-25,-2.96,32.6,False
5181,688818,电科蓝天,62.2,-2.2,1.54,1812.29,64.298973454525,0.4262752,57.50488686,-1348,2814,68.8,2026-06-25,-3.26,39.6,False
5182,688819,天能股份,21.82,-2.59,0.07,70.63,22.352320072625,0.1805028,58.4401117,320,2568,66.0,2026-06-25,-2.38,38.6,False
5183,688981,中芯国际,150.8,-3.86,1.15,237.1,155.725358075627,0.6277656,79.36296706,14,40,93.6,2026-06-25,-3.16,74.3,False
5184,689009,九号公司-WD,36.48,2.56,1.21,32.79,34.638004597006,0.3887744,69.77663745,1362,510,72.0,2026-06-25,5.32,50.2,False
